dataset_id,exact_match_mean,exact_match_std,exact_match_min,exact_match_max,exact_match_median,exact_match_ci_lower,exact_match_ci_upper,exact_match_count,f1_score_mean,f1_score_std,f1_score_min,f1_score_max,f1_score_median,f1_score_ci_lower,f1_score_ci_upper,f1_score_count,time_mean,time_std,time_min,time_max,time_median,time_ci_lower,time_ci_upper,time_count,step_mean,step_std,step_min,step_max,step_median,step_ci_lower,step_ci_upper,step_count,hit_rate_mean,hit_rate_std,hit_rate_min,hit_rate_max,hit_rate_median,hit_rate_ci_lower,hit_rate_ci_upper,hit_rate_count,hits_mean,hits_std,hits_min,hits_max,hits_median,hits_ci_lower,hits_ci_upper,hits_count,total_retrieved_mean,total_retrieved_std,total_retrieved_min,total_retrieved_max,total_retrieved_median,total_retrieved_ci_lower,total_retrieved_ci_upper,total_retrieved_count,expected_count_mean,expected_count_std,expected_count_min,expected_count_max,expected_count_median,expected_count_ci_lower,expected_count_ci_upper,expected_count_count
0,0.0,0.0,0,0,0.0,0.0,0.0,10,0.0,0.0,0.0,0.0,0.0,0.0,0.0,10,0.7953173160552979,1.3033995774447138,0.2139818668365478,4.138332366943359,0.22649717330932612,0.2146008133888244,3.662058466672898,10,0.0,0.0,0,0,0.0,0.0,0.0,10,,,,,,,,0,,,,,,,,0,,,,,,,,0,,,,,,,,0
1,0.0,0.0,0,0,0.0,0.0,0.0,10,0.18181818181818182,2.925694557147251e-17,0.1818181818181818,0.1818181818181818,0.1818181818181818,0.1818181818181818,0.1818181818181818,10,0.24653198719024658,0.009589596357372387,0.2260913848876953,0.2582736015319824,0.24624431133270258,0.22956591844558716,0.25810483694076536,10,0.0,0.0,0,0,0.0,0.0,0.0,10,,,,,,,,0,,,,,,,,0,,,,,,,,0,,,,,,,,0
2,0.0,0.0,0,0,0.0,0.0,0.0,10,0.3888888888888889,0.0,0.3888888888888889,0.3888888888888889,0.3888888888888889,0.3888888888888889,0.3888888888888889,10,0.5914934635162353,0.009244617124510761,0.5728263854980469,0.6036243438720703,0.5908019542694092,0.5748932421207428,0.6030073285102844,10,0.0,0.0,0,0,0.0,0.0,0.0,10,,,,,,,,0,,,,,,,,0,,,,,,,,0,,,,,,,,0
3,0.0,0.0,0,0,0.0,0.0,0.0,10,0.0,0.0,0.0,0.0,0.0,0.0,0.0,10,0.13717532157897944,0.007512983195369229,0.1263151168823242,0.1475369930267334,0.1392980813980102,0.1268615365028381,0.14675620198249817,10,0.0,0.0,0,0,0.0,0.0,0.0,10,,,,,,,,0,,,,,,,,0,,,,,,,,0,,,,,,,,0
4,0.0,0.0,0,0,0.0,0.0,0.0,10,0.0,0.0,0.0,0.0,0.0,0.0,0.0,10,0.12393608093261717,0.010348901425545332,0.1039211750030517,0.1357202529907226,0.1254384517669677,0.10553066134452814,0.13541008234024043,10,0.0,0.0,0,0,0.0,0.0,0.0,10,,,,,,,,0,,,,,,,,0,,,,,,,,0,,,,,,,,0
5,0.0,0.0,0,0,0.0,0.0,0.0,10,0.0,0.0,0.0,0.0,0.0,0.0,0.0,10,0.7411499977111816,0.008317201359338514,0.7248802185058594,0.75115966796875,0.7419099807739258,0.7268807172775269,0.7505467295646667,10,0.0,0.0,0,0,0.0,0.0,0.0,10,,,,,,,,0,,,,,,,,0,,,,,,,,0,,,,,,,,0
6,0.0,0.0,0,0,0.0,0.0,0.0,10,0.0,0.0,0.0,0.0,0.0,0.0,0.0,10,0.7991568326950074,0.007201795014755969,0.7896993160247803,0.8140051364898682,0.7991523742675781,0.7902316808700561,0.8120888590812683,10,0.0,0.0,0,0,0.0,0.0,0.0,10,,,,,,,,0,,,,,,,,0,,,,,,,,0,,,,,,,,0
7,0.0,0.0,0,0,0.0,0.0,0.0,10,0.0,0.0,0.0,0.0,0.0,0.0,0.0,10,0.312226676940918,0.011301944377410124,0.2954189777374267,0.3303711414337158,0.3143281936645507,0.29651970267295835,0.32912884950637816,10,0.0,0.0,0,0,0.0,0.0,0.0,10,,,,,,,,0,,,,,,,,0,,,,,,,,0,,,,,,,,0
8,0.0,0.0,0,0,0.0,0.0,0.0,10,0.0,0.0,0.0,0.0,0.0,0.0,0.0,10,0.32989959716796874,0.007356186664257286,0.3165669441223144,0.3396801948547363,0.3294556140899658,0.3179224789142608,0.33937394022941586,10,0.0,0.0,0,0,0.0,0.0,0.0,10,,,,,,,,0,,,,,,,,0,,,,,,,,0,,,,,,,,0
9,1.0,0.0,1,1,1.0,1.0,1.0,10,1.0,0.0,1.0,1.0,1.0,1.0,1.0,10,0.15081675052642818,0.0077938164415830135,0.1378581523895263,0.1600286960601806,0.15247213840484614,0.13826418519020076,0.15986781716346735,10,0.0,0.0,0,0,0.0,0.0,0.0,10,,,,,,,,0,,,,,,,,0,,,,,,,,0,,,,,,,,0
10,0.0,0.0,0,0,0.0,0.0,0.0,10,0.0,0.0,0.0,0.0,0.0,0.0,0.0,10,0.24680166244506832,0.005917056711739134,0.2386622428894043,0.2558610439300537,0.24609017372131345,0.23907262086868286,0.2553918182849884,10,0.0,0.0,0,0,0.0,0.0,0.0,10,,,,,,,,0,,,,,,,,0,,,,,,,,0,,,,,,,,0
11,0.0,0.0,0,0,0.0,0.0,0.0,10,0.07999999999999999,1.4628472785736255e-17,0.08,0.08,0.08,0.08,0.08,10,0.38249382972717283,0.010389009599115746,0.3665206432342529,0.396113634109497,0.38501989841461176,0.3672253131866455,0.39529057145118707,10,0.0,0.0,0,0,0.0,0.0,0.0,10,,,,,,,,0,,,,,,,,0,,,,,,,,0,,,,,,,,0
12,0.0,0.0,0,0,0.0,0.0,0.0,10,0.5,0.0,0.5,0.5,0.5,0.5,0.5,10,0.14921567440032954,0.008293900381856041,0.1328399181365966,0.15830659866333,0.15150201320648188,0.13439162969589225,0.15800366997718804,10,0.0,0.0,0,0,0.0,0.0,0.0,10,,,,,,,,0,,,,,,,,0,,,,,,,,0,,,,,,,,0
13,1.0,0.0,1,1,1.0,1.0,1.0,10,1.0,0.0,1.0,1.0,1.0,1.0,1.0,10,0.14534976482391354,0.008757044778115673,0.1275138854980468,0.1559138298034668,0.14663565158843989,0.12975240349769585,0.1555616021156311,10,0.0,0.0,0,0,0.0,0.0,0.0,10,,,,,,,,0,,,,,,,,0,,,,,,,,0,,,,,,,,0
14,0.0,0.0,0,0,0.0,0.0,0.0,10,0.0,0.0,0.0,0.0,0.0,0.0,0.0,10,0.40193326473236085,0.009565427959519842,0.3902342319488525,0.420192003250122,0.4019052982330322,0.3905463337898254,0.41829428672790525,10,0.0,0.0,0,0,0.0,0.0,0.0,10,,,,,,,,0,,,,,,,,0,,,,,,,,0,,,,,,,,0
15,0.0,0.0,0,0,0.0,0.0,0.0,10,0.0,0.0,0.0,0.0,0.0,0.0,0.0,10,0.5479373693466186,0.008654959564435943,0.5336911678314209,0.5556325912475586,0.5515964031219482,0.5342270731925964,0.5556102752685547,10,0.0,0.0,0,0,0.0,0.0,0.0,10,,,,,,,,0,,,,,,,,0,,,,,,,,0,,,,,,,,0
16,0.0,0.0,0,0,0.0,0.0,0.0,10,0.0,0.0,0.0,0.0,0.0,0.0,0.0,10,0.3022290229797363,0.011662305725894512,0.2820765972137451,0.3205182552337646,0.2983142137527466,0.284701406955719,0.3195634961128234,10,0.0,0.0,0,0,0.0,0.0,0.0,10,,,,,,,,0,,,,,,,,0,,,,,,,,0,,,,,,,,0
17,0.0,0.0,0,0,0.0,0.0,0.0,10,0.0,0.0,0.0,0.0,0.0,0.0,0.0,10,0.2537316560745239,0.011824226244750827,0.2320806980133056,0.2699227333068847,0.251549482345581,0.2345323979854583,0.26986259818077085,10,0.0,0.0,0,0,0.0,0.0,0.0,10,,,,,,,,0,,,,,,,,0,,,,,,,,0,,,,,,,,0
18,0.0,0.0,0,0,0.0,0.0,0.0,10,0.0,0.0,0.0,0.0,0.0,0.0,0.0,10,0.13955600261688228,0.009897996806926124,0.1215214729309082,0.151954174041748,0.1396411657333374,0.12396754026412962,0.15194172859191887,10,0.0,0.0,0,0,0.0,0.0,0.0,10,,,,,,,,0,,,,,,,,0,,,,,,,,0,,,,,,,,0
19,0.0,0.0,0,0,0.0,0.0,0.0,10,0.0,0.0,0.0,0.0,0.0,0.0,0.0,10,0.25584452152252196,0.009257485625617328,0.2448363304138183,0.2745313644409179,0.25326216220855713,0.24546895623207085,0.27235142588615413,10,0.0,0.0,0,0,0.0,0.0,0.0,10,,,,,,,,0,,,,,,,,0,,,,,,,,0,,,,,,,,0
20,0.0,0.0,0,0,0.0,0.0,0.0,10,0.0,0.0,0.0,0.0,0.0,0.0,0.0,10,0.3814609289169312,0.011065081875472667,0.3676803112030029,0.3977196216583252,0.3799092769622803,0.36850455403327936,0.3973538219928741,10,0.0,0.0,0,0,0.0,0.0,0.0,10,,,,,,,,0,,,,,,,,0,,,,,,,,0,,,,,,,,0
21,0.0,0.0,0,0,0.0,0.0,0.0,10,0.0,0.0,0.0,0.0,0.0,0.0,0.0,10,0.2691237688064575,0.010627661561426428,0.2519426345825195,0.282846450805664,0.271728515625,0.252932584285736,0.282143497467041,10,0.0,0.0,0,0,0.0,0.0,0.0,10,,,,,,,,0,,,,,,,,0,,,,,,,,0,,,,,,,,0
22,0.0,0.0,0,0,0.0,0.0,0.0,10,0.4,0.0,0.4,0.4,0.4,0.4,0.4,10,0.1690101385116577,0.00866444108672214,0.1557157039642334,0.1848385334014892,0.17144298553466794,0.15669508576393126,0.1824466466903686,10,0.0,0.0,0,0,0.0,0.0,0.0,10,,,,,,,,0,,,,,,,,0,,,,,,,,0,,,,,,,,0
23,0.0,0.0,0,0,0.0,0.0,0.0,10,0.0,0.0,0.0,0.0,0.0,0.0,0.0,10,0.28894600868225095,0.011259612964064573,0.2638390064239502,0.3053181171417236,0.2902488708496094,0.2682350933551788,0.3039046466350555,10,0.0,0.0,0,0,0.0,0.0,0.0,10,,,,,,,,0,,,,,,,,0,,,,,,,,0,,,,,,,,0
24,0.0,0.0,0,0,0.0,0.0,0.0,10,0.0,0.0,0.0,0.0,0.0,0.0,0.0,10,0.13390908241271968,0.00735188403027824,0.1225364208221435,0.1455109119415283,0.13292980194091794,0.12366713285446163,0.14450138211250302,10,0.0,0.0,0,0,0.0,0.0,0.0,10,,,,,,,,0,,,,,,,,0,,,,,,,,0,,,,,,,,0
25,0.0,0.0,0,0,0.0,0.0,0.0,10,0.1176470588235294,0.0,0.1176470588235294,0.1176470588235294,0.1176470588235294,0.1176470588235294,0.1176470588235294,10,0.3305300235748291,0.009336538760377745,0.3129055500030517,0.3419642448425293,0.33258724212646484,0.31486012935638424,0.341869992017746,10,0.0,0.0,0,0,0.0,0.0,0.0,10,,,,,,,,0,,,,,,,,0,,,,,,,,0,,,,,,,,0
26,0.0,0.0,0,0,0.0,0.0,0.0,10,0.0,0.0,0.0,0.0,0.0,0.0,0.0,10,0.10536291599273677,0.008118341701278273,0.0921919345855712,0.1170406341552734,0.10476541519165035,0.09332570433616631,0.11697540283203121,10,0.0,0.0,0,0,0.0,0.0,0.0,10,,,,,,,,0,,,,,,,,0,,,,,,,,0,,,,,,,,0
27,0.0,0.0,0,0,0.0,0.0,0.0,10,0.0,0.0,0.0,0.0,0.0,0.0,0.0,10,0.3617208480834961,0.010275670440582089,0.3473951816558838,0.3754153251647949,0.36288630962371826,0.34754050374031065,0.37515161037445066,10,0.0,0.0,0,0,0.0,0.0,0.0,10,,,,,,,,0,,,,,,,,0,,,,,,,,0,,,,,,,,0
28,0.0,0.0,0,0,0.0,0.0,0.0,10,0.0,0.0,0.0,0.0,0.0,0.0,0.0,10,0.27993934154510497,0.013014895476150794,0.254568338394165,0.2980058193206787,0.2774980068206787,0.25845485925674433,0.29747554659843445,10,0.0,0.0,0,0,0.0,0.0,0.0,10,,,,,,,,0,,,,,,,,0,,,,,,,,0,,,,,,,,0
29,0.0,0.0,0,0,0.0,0.0,0.0,10,0.1176470588235294,0.0,0.1176470588235294,0.1176470588235294,0.1176470588235294,0.1176470588235294,0.1176470588235294,10,0.3181920051574707,0.0079518138202094,0.3063867092132568,0.335820198059082,0.3160086870193481,0.307867556810379,0.3333708584308624,10,0.0,0.0,0,0,0.0,0.0,0.0,10,,,,,,,,0,,,,,,,,0,,,,,,,,0,,,,,,,,0
30,0.0,0.0,0,0,0.0,0.0,0.0,10,0.16666666666666657,2.925694557147251e-17,0.1666666666666666,0.1666666666666666,0.1666666666666666,0.1666666666666666,0.1666666666666666,10,0.2557854175567627,0.006562296970920305,0.245157241821289,0.2667202949523926,0.2549546957015991,0.24595847129821774,0.265627509355545,10,0.0,0.0,0,0,0.0,0.0,0.0,10,,,,,,,,0,,,,,,,,0,,,,,,,,0,,,,,,,,0
31,0.0,0.0,0,0,0.0,0.0,0.0,10,0.0,0.0,0.0,0.0,0.0,0.0,0.0,10,0.1566398859024048,0.006848631199607309,0.1428587436676025,0.16717529296875,0.15611922740936274,0.14495902061462398,0.16663316488265992,10,0.0,0.0,0,0,0.0,0.0,0.0,10,,,,,,,,0,,,,,,,,0,,,,,,,,0,,,,,,,,0
32,0.0,0.0,0,0,0.0,0.0,0.0,10,0.0,0.0,0.0,0.0,0.0,0.0,0.0,10,0.404045557975769,0.010873199618870366,0.3776202201843261,0.4166066646575928,0.4058440923690796,0.3822859764099121,0.4162935435771942,10,0.0,0.0,0,0,0.0,0.0,0.0,10,,,,,,,,0,,,,,,,,0,,,,,,,,0,,,,,,,,0
33,0.0,0.0,0,0,0.0,0.0,0.0,10,0.33333333333333337,5.851389114294502e-17,0.3333333333333333,0.3333333333333333,0.3333333333333333,0.3333333333333333,0.3333333333333333,10,0.2388548851013183,0.009703933579523826,0.2202427387237548,0.2561194896697998,0.24005806446075434,0.2230418920516967,0.25412811040878297,10,0.0,0.0,0,0,0.0,0.0,0.0,10,,,,,,,,0,,,,,,,,0,,,,,,,,0,,,,,,,,0
34,0.0,0.0,0,0,0.0,0.0,0.0,10,0.4,0.0,0.4,0.4,0.4,0.4,0.4,10,0.15850901603698728,0.006212342881700502,0.1517040729522705,0.1685907840728759,0.1572996377944946,0.1518315851688385,0.1678023219108581,10,0.0,0.0,0,0,0.0,0.0,0.0,10,,,,,,,,0,,,,,,,,0,,,,,,,,0,,,,,,,,0
35,0.0,0.0,0,0,0.0,0.0,0.0,10,0.1052631578947368,0.0,0.1052631578947368,0.1052631578947368,0.1052631578947368,0.1052631578947368,0.1052631578947368,10,0.30021646022796633,0.01090073011549106,0.2828738689422607,0.3201074600219726,0.3026646375656128,0.284441190958023,0.3175098478794097,10,0.0,0.0,0,0,0.0,0.0,0.0,10,,,,,,,,0,,,,,,,,0,,,,,,,,0,,,,,,,,0
36,0.0,0.0,0,0,0.0,0.0,0.0,10,0.18181818181818182,2.925694557147251e-17,0.1818181818181818,0.1818181818181818,0.1818181818181818,0.1818181818181818,0.1818181818181818,10,0.30696988105773926,0.010378392422975826,0.288038969039917,0.3185985088348388,0.3089903593063354,0.2883666276931763,0.31833790540695184,10,0.0,0.0,0,0,0.0,0.0,0.0,10,,,,,,,,0,,,,,,,,0,,,,,,,,0,,,,,,,,0
37,0.0,0.0,0,0,0.0,0.0,0.0,10,0.0769230769230769,0.0,0.0769230769230769,0.0769230769230769,0.0769230769230769,0.0769230769230769,0.0769230769230769,10,0.5204349517822265,0.007386891528723863,0.5113229751586914,0.5326061248779297,0.5180234909057617,0.511577033996582,0.531424343585968,10,0.0,0.0,0,0,0.0,0.0,0.0,10,,,,,,,,0,,,,,,,,0,,,,,,,,0,,,,,,,,0
38,0.0,0.0,0,0,0.0,0.0,0.0,10,0.0,0.0,0.0,0.0,0.0,0.0,0.0,10,0.1987267732620239,0.005408951049789089,0.1911697387695312,0.2108561992645263,0.19771516323089594,0.1919715046882629,0.20900767445564267,10,0.0,0.0,0,0,0.0,0.0,0.0,10,,,,,,,,0,,,,,,,,0,,,,,,,,0,,,,,,,,0
39,0.0,0.0,0,0,0.0,0.0,0.0,10,0.0,0.0,0.0,0.0,0.0,0.0,0.0,10,0.19773993492126463,0.013655638670969104,0.17734956741333,0.2128214836120605,0.20253598690032953,0.1776794791221618,0.21225151419639582,10,0.0,0.0,0,0,0.0,0.0,0.0,10,,,,,,,,0,,,,,,,,0,,,,,,,,0,,,,,,,,0
40,0.0,0.0,0,0,0.0,0.0,0.0,10,0.2857142857142857,0.0,0.2857142857142857,0.2857142857142857,0.2857142857142857,0.2857142857142857,0.2857142857142857,10,0.33819167613983153,0.0065340054293061955,0.3286075592041015,0.3469283580780029,0.3398134708404541,0.3287287414073944,0.34628065824508664,10,0.0,0.0,0,0,0.0,0.0,0.0,10,,,,,,,,0,,,,,,,,0,,,,,,,,0,,,,,,,,0
41,0.0,0.0,0,0,0.0,0.0,0.0,10,0.0,0.0,0.0,0.0,0.0,0.0,0.0,10,0.1389865398406982,0.005066507243236444,0.1298718452453613,0.1440536975860595,0.14025342464447016,0.1307033836841583,0.14403218626976005,10,0.0,0.0,0,0,0.0,0.0,0.0,10,,,,,,,,0,,,,,,,,0,,,,,,,,0,,,,,,,,0
42,0.0,0.0,0,0,0.0,0.0,0.0,10,0.0,0.0,0.0,0.0,0.0,0.0,0.0,10,0.4559992790222168,0.011987772524483008,0.4415261745452881,0.4744830131530761,0.45301902294158936,0.4418026566505432,0.47414269447326657,10,0.0,0.0,0,0,0.0,0.0,0.0,10,,,,,,,,0,,,,,,,,0,,,,,,,,0,,,,,,,,0
43,0.0,0.0,0,0,0.0,0.0,0.0,10,0.0,0.0,0.0,0.0,0.0,0.0,0.0,10,0.2780752182006836,0.01131966107223388,0.2584421634674072,0.2931561470031738,0.28032219409942627,0.25977994203567506,0.29213272333145135,10,0.0,0.0,0,0,0.0,0.0,0.0,10,,,,,,,,0,,,,,,,,0,,,,,,,,0,,,,,,,,0
44,0.0,0.0,0,0,0.0,0.0,0.0,10,0.1363636363636363,0.0,0.1363636363636363,0.1363636363636363,0.1363636363636363,0.1363636363636363,0.1363636363636363,10,0.4932344913482666,0.008384120406762752,0.4842023849487304,0.5049409866333008,0.49020326137542725,0.4844001173973083,0.5048591256141662,10,0.0,0.0,0,0,0.0,0.0,0.0,10,,,,,,,,0,,,,,,,,0,,,,,,,,0,,,,,,,,0
45,0.0,0.0,0,0,0.0,0.0,0.0,10,0.0,0.0,0.0,0.0,0.0,0.0,0.0,10,0.12494390010833738,0.008882266457710017,0.1105959415435791,0.1437435150146484,0.1241641044616699,0.11226829886436462,0.14140071272850036,10,0.0,0.0,0,0,0.0,0.0,0.0,10,,,,,,,,0,,,,,,,,0,,,,,,,,0,,,,,,,,0
46,0.0,0.0,0,0,0.0,0.0,0.0,10,0.5,0.0,0.5,0.5,0.5,0.5,0.5,10,0.12423958778381343,0.0052995545877803345,0.1145343780517578,0.1329193115234375,0.1242322921752929,0.11563719511032103,0.13258430361747742,10,0.0,0.0,0,0,0.0,0.0,0.0,10,,,,,,,,0,,,,,,,,0,,,,,,,,0,,,,,,,,0
47,1.0,0.0,1,1,1.0,1.0,1.0,10,1.0,0.0,1.0,1.0,1.0,1.0,1.0,10,0.1444795131683349,0.00611799457099418,0.1352119445800781,0.1523456573486328,0.1442792415618896,0.13538977503776548,0.15216879248619078,10,0.0,0.0,0,0,0.0,0.0,0.0,10,,,,,,,,0,,,,,,,,0,,,,,,,,0,,,,,,,,0
48,0.0,0.0,0,0,0.0,0.0,0.0,10,0.0,0.0,0.0,0.0,0.0,0.0,0.0,10,0.22742733955383296,0.006029295672634179,0.217012882232666,0.2341430187225341,0.22935712337493896,0.21722365021705625,0.2341381907463073,10,0.0,0.0,0,0,0.0,0.0,0.0,10,,,,,,,,0,,,,,,,,0,,,,,,,,0,,,,,,,,0
49,0.0,0.0,0,0,0.0,0.0,0.0,10,0.0,0.0,0.0,0.0,0.0,0.0,0.0,10,0.27345006465911864,0.00617559679238091,0.2609930038452148,0.2828238010406494,0.2742711305618286,0.2626757144927978,0.2820305645465851,10,0.0,0.0,0,0,0.0,0.0,0.0,10,,,,,,,,0,,,,,,,,0,,,,,,,,0,,,,,,,,0
50,0.0,0.0,0,0,0.0,0.0,0.0,10,0.0,0.0,0.0,0.0,0.0,0.0,0.0,10,0.11138567924499507,0.007471945147944019,0.1011033058166503,0.1231956481933593,0.11020505428314206,0.10194568037986747,0.12240863442420953,10,0.0,0.0,0,0,0.0,0.0,0.0,10,,,,,,,,0,,,,,,,,0,,,,,,,,0,,,,,,,,0
51,0.0,0.0,0,0,0.0,0.0,0.0,10,0.0,0.0,0.0,0.0,0.0,0.0,0.0,10,0.3427741527557373,0.009019878991945824,0.3281126022338867,0.3557713031768799,0.34631991386413574,0.3290070652961731,0.3547646701335907,10,0.0,0.0,0,0,0.0,0.0,0.0,10,,,,,,,,0,,,,,,,,0,,,,,,,,0,,,,,,,,0
52,0.0,0.0,0,0,0.0,0.0,0.0,10,0.0,0.0,0.0,0.0,0.0,0.0,0.0,10,0.2812421560287476,0.010694193043340985,0.258587121963501,0.2957813739776611,0.28183698654174805,0.2619120955467224,0.29564206004142757,10,0.0,0.0,0,0,0.0,0.0,0.0,10,,,,,,,,0,,,,,,,,0,,,,,,,,0,,,,,,,,0
53,0.0,0.0,0,0,0.0,0.0,0.0,10,0.0869565217391304,0.0,0.0869565217391304,0.0869565217391304,0.0869565217391304,0.0869565217391304,0.0869565217391304,10,0.36394548416137695,0.006978772850368918,0.35198974609375,0.3753588199615478,0.3639343976974487,0.3525298357009888,0.3742957532405853,10,0.0,0.0,0,0,0.0,0.0,0.0,10,,,,,,,,0,,,,,,,,0,,,,,,,,0,,,,,,,,0
54,0.0,0.0,0,0,0.0,0.0,0.0,10,0.0,0.0,0.0,0.0,0.0,0.0,0.0,10,0.206110405921936,0.00805390709800783,0.1910138130187988,0.2171452045440673,0.20801484584808344,0.19277108907699583,0.2163989603519439,10,0.0,0.0,0,0,0.0,0.0,0.0,10,,,,,,,,0,,,,,,,,0,,,,,,,,0,,,,,,,,0
55,0.0,0.0,0,0,0.0,0.0,0.0,10,0.0,0.0,0.0,0.0,0.0,0.0,0.0,10,0.24658961296081539,0.009826389692210231,0.2278637886047363,0.2624475955963135,0.24675762653350825,0.23000794649124143,0.26146166920661923,10,0.0,0.0,0,0,0.0,0.0,0.0,10,,,,,,,,0,,,,,,,,0,,,,,,,,0,,,,,,,,0
56,0.0,0.0,0,0,0.0,0.0,0.0,10,0.0,0.0,0.0,0.0,0.0,0.0,0.0,10,0.148455262184143,0.009743891181707506,0.1294059753417968,0.1612691879272461,0.14728665351867676,0.132020217180252,0.16076589822769163,10,0.0,0.0,0,0,0.0,0.0,0.0,10,,,,,,,,0,,,,,,,,0,,,,,,,,0,,,,,,,,0
57,0.0,0.0,0,0,0.0,0.0,0.0,10,0.0,0.0,0.0,0.0,0.0,0.0,0.0,10,0.3378187417984009,0.009714596070401661,0.324244737625122,0.3582320213317871,0.3358132839202881,0.32568020224571226,0.3559498369693756,10,0.0,0.0,0,0,0.0,0.0,0.0,10,,,,,,,,0,,,,,,,,0,,,,,,,,0,,,,,,,,0
58,0.0,0.0,0,0,0.0,0.0,0.0,10,0.0,0.0,0.0,0.0,0.0,0.0,0.0,10,0.1307190895080566,0.010185324483855304,0.1103377342224121,0.1397593021392822,0.13480079174041745,0.11133551597595212,0.139431482553482,10,0.0,0.0,0,0,0.0,0.0,0.0,10,,,,,,,,0,,,,,,,,0,,,,,,,,0,,,,,,,,0
59,0.0,0.0,0,0,0.0,0.0,0.0,10,0.6666666666666667,1.1702778228589004e-16,0.6666666666666666,0.6666666666666666,0.6666666666666666,0.6666666666666666,0.6666666666666666,10,0.12648115158081055,0.007321427184123526,0.1134061813354492,0.1344594955444336,0.12918627262115473,0.114804470539093,0.13436374068260193,10,0.0,0.0,0,0,0.0,0.0,0.0,10,,,,,,,,0,,,,,,,,0,,,,,,,,0,,,,,,,,0
60,0.0,0.0,0,0,0.0,0.0,0.0,10,0.0,0.0,0.0,0.0,0.0,0.0,0.0,10,0.3870127201080322,0.010365205754875189,0.3697509765625,0.4044885635375976,0.38581168651580805,0.3711815595626831,0.4030206441879272,10,0.0,0.0,0,0,0.0,0.0,0.0,10,,,,,,,,0,,,,,,,,0,,,,,,,,0,,,,,,,,0
61,0.0,0.0,0,0,0.0,0.0,0.0,10,0.0,0.0,0.0,0.0,0.0,0.0,0.0,10,0.1479573249816894,0.008335686432427443,0.1348559856414795,0.1596741676330566,0.14850533008575434,0.13518155217170713,0.1590756595134735,10,0.0,0.0,0,0,0.0,0.0,0.0,10,,,,,,,,0,,,,,,,,0,,,,,,,,0,,,,,,,,0
62,0.0,0.0,0,0,0.0,0.0,0.0,10,0.3749999999999999,0.0,0.3749999999999999,0.3749999999999999,0.3749999999999999,0.3749999999999999,0.3749999999999999,10,0.2699051141738892,0.009966151580161179,0.2581315040588379,0.2845337390899658,0.2680310010910034,0.25853936076164247,0.2838958024978638,10,0.0,0.0,0,0,0.0,0.0,0.0,10,,,,,,,,0,,,,,,,,0,,,,,,,,0,,,,,,,,0
63,0.0,0.0,0,0,0.0,0.0,0.0,10,0.1538461538461538,0.0,0.1538461538461538,0.1538461538461538,0.1538461538461538,0.1538461538461538,0.1538461538461538,10,0.3171562433242798,0.007046323688562004,0.3049852848052978,0.325444221496582,0.3200157880783081,0.30530849099159235,0.32491362690925596,10,0.0,0.0,0,0,0.0,0.0,0.0,10,,,,,,,,0,,,,,,,,0,,,,,,,,0,,,,,,,,0
64,0.0,0.0,0,0,0.0,0.0,0.0,10,0.0,0.0,0.0,0.0,0.0,0.0,0.0,10,0.12586956024169918,0.00830480788344307,0.1129140853881836,0.136772871017456,0.1272858381271362,0.11324324607849119,0.13651666641235347,10,0.0,0.0,0,0,0.0,0.0,0.0,10,,,,,,,,0,,,,,,,,0,,,,,,,,0,,,,,,,,0
65,0.0,0.0,0,0,0.0,0.0,0.0,10,0.0,0.0,0.0,0.0,0.0,0.0,0.0,10,0.14771599769592286,0.010309706121841136,0.1276915073394775,0.1600415706634521,0.1507561206817627,0.1291600167751312,0.15912130475044245,10,0.0,0.0,0,0,0.0,0.0,0.0,10,,,,,,,,0,,,,,,,,0,,,,,,,,0,,,,,,,,0
66,0.0,0.0,0,0,0.0,0.0,0.0,10,0.0,0.0,0.0,0.0,0.0,0.0,0.0,10,0.1422760486602783,0.007016540874272975,0.1324167251586914,0.156980276107788,0.1411002874374389,0.1334282398223877,0.15499420762062066,10,0.0,0.0,0,0,0.0,0.0,0.0,10,,,,,,,,0,,,,,,,,0,,,,,,,,0,,,,,,,,0
67,0.0,0.0,0,0,0.0,0.0,0.0,10,0.0,0.0,0.0,0.0,0.0,0.0,0.0,10,0.14450352191925045,0.012257414469279086,0.1191854476928711,0.1600072383880615,0.1476771831512451,0.12268202900886535,0.15910242199897762,10,0.0,0.0,0,0,0.0,0.0,0.0,10,,,,,,,,0,,,,,,,,0,,,,,,,,0,,,,,,,,0
68,0.0,0.0,0,0,0.0,0.0,0.0,10,0.0,0.0,0.0,0.0,0.0,0.0,0.0,10,0.11712906360626216,0.008615100823485301,0.1034369468688964,0.1294341087341308,0.11767113208770749,0.10396228432655326,0.12842854857444758,10,0.0,0.0,0,0,0.0,0.0,0.0,10,,,,,,,,0,,,,,,,,0,,,,,,,,0,,,,,,,,0
69,0.0,0.0,0,0,0.0,0.0,0.0,10,0.25,0.0,0.25,0.25,0.25,0.25,0.25,10,0.20299544334411618,0.010090448201793768,0.1885530948638916,0.2176754474639892,0.19938480854034418,0.18911136984825133,0.2169318854808807,10,0.0,0.0,0,0,0.0,0.0,0.0,10,,,,,,,,0,,,,,,,,0,,,,,,,,0,,,,,,,,0
70,0.0,0.0,0,0,0.0,0.0,0.0,10,0.0,0.0,0.0,0.0,0.0,0.0,0.0,10,0.14570028781890865,0.010218930211963528,0.1357989311218261,0.1618902683258056,0.14246404170989985,0.13582784533500664,0.16106264591217034,10,0.0,0.0,0,0,0.0,0.0,0.0,10,,,,,,,,0,,,,,,,,0,,,,,,,,0,,,,,,,,0
71,0.0,0.0,0,0,0.0,0.0,0.0,10,0.0,0.0,0.0,0.0,0.0,0.0,0.0,10,0.17868831157684323,0.007905820609185604,0.1680121421813964,0.192828893661499,0.17965936660766596,0.1680767834186553,0.19120068550109862,10,0.0,0.0,0,0,0.0,0.0,0.0,10,,,,,,,,0,,,,,,,,0,,,,,,,,0,,,,,,,,0
72,0.0,0.0,0,0,0.0,0.0,0.0,10,0.0,0.0,0.0,0.0,0.0,0.0,0.0,10,0.15896737575531,0.011359410902844098,0.1396315097808838,0.1773653030395507,0.15843427181243896,0.1417733073234558,0.17581305503845207,10,0.0,0.0,0,0,0.0,0.0,0.0,10,,,,,,,,0,,,,,,,,0,,,,,,,,0,,,,,,,,0
73,0.0,0.0,0,0,0.0,0.0,0.0,10,0.0,0.0,0.0,0.0,0.0,0.0,0.0,10,0.25847253799438474,0.01084066460954718,0.2420406341552734,0.2736978530883789,0.2594914436340332,0.2429797828197479,0.27306994795799255,10,0.0,0.0,0,0,0.0,0.0,0.0,10,,,,,,,,0,,,,,,,,0,,,,,,,,0,,,,,,,,0
74,0.0,0.0,0,0,0.0,0.0,0.0,10,0.0,0.0,0.0,0.0,0.0,0.0,0.0,10,0.11713449954986568,0.007606339605812195,0.1065218448638916,0.1294682025909423,0.11740827560424799,0.10708945393562316,0.1284748196601867,10,0.0,0.0,0,0,0.0,0.0,0.0,10,,,,,,,,0,,,,,,,,0,,,,,,,,0,,,,,,,,0
75,0.0,0.0,0,0,0.0,0.0,0.0,10,0.0,0.0,0.0,0.0,0.0,0.0,0.0,10,0.1931288957595825,0.009226537517208078,0.1767904758453369,0.2080092430114746,0.19360041618347165,0.1785557985305786,0.20686238408088684,10,0.0,0.0,0,0,0.0,0.0,0.0,10,,,,,,,,0,,,,,,,,0,,,,,,,,0,,,,,,,,0
76,0.0,0.0,0,0,0.0,0.0,0.0,10,0.0,0.0,0.0,0.0,0.0,0.0,0.0,10,0.4168184757232666,0.009796008364370607,0.4001023769378662,0.433931827545166,0.41417574882507324,0.40279740691184995,0.432831209897995,10,0.0,0.0,0,0,0.0,0.0,0.0,10,,,,,,,,0,,,,,,,,0,,,,,,,,0,,,,,,,,0
77,0.0,0.0,0,0,0.0,0.0,0.0,10,0.2,0.0,0.2,0.2,0.2,0.2,0.2,10,0.21368212699890132,0.00600277163190748,0.2061455249786377,0.2219359874725341,0.2123533487319946,0.20623425245285032,0.22181748747825616,10,0.0,0.0,0,0,0.0,0.0,0.0,10,,,,,,,,0,,,,,,,,0,,,,,,,,0,,,,,,,,0
78,0.0,0.0,0,0,0.0,0.0,0.0,10,0.0,0.0,0.0,0.0,0.0,0.0,0.0,10,0.1557509660720825,0.007875748752416345,0.1402502059936523,0.1633656024932861,0.15927588939666745,0.1421099960803985,0.16328411698341366,10,0.0,0.0,0,0,0.0,0.0,0.0,10,,,,,,,,0,,,,,,,,0,,,,,,,,0,,,,,,,,0
79,0.0,0.0,0,0,0.0,0.0,0.0,10,0.0,0.0,0.0,0.0,0.0,0.0,0.0,10,0.1478295564651489,0.00900471298388369,0.1338002681732177,0.1608102321624755,0.14562380313873285,0.13496182560920708,0.16038912534713737,10,0.0,0.0,0,0,0.0,0.0,0.0,10,,,,,,,,0,,,,,,,,0,,,,,,,,0,,,,,,,,0
80,0.0,0.0,0,0,0.0,0.0,0.0,10,0.1428571428571428,0.0,0.1428571428571428,0.1428571428571428,0.1428571428571428,0.1428571428571428,0.1428571428571428,10,0.5132919788360596,0.0075881269411698414,0.5050771236419678,0.529033899307251,0.5110193490982056,0.5057684361934662,0.5280298948287964,10,0.0,0.0,0,0,0.0,0.0,0.0,10,,,,,,,,0,,,,,,,,0,,,,,,,,0,,,,,,,,0
81,0.0,0.0,0,0,0.0,0.0,0.0,10,0.0,0.0,0.0,0.0,0.0,0.0,0.0,10,0.21137557029724122,0.004362731393426908,0.2043976783752441,0.2200300693511963,0.2116183042526245,0.20477619171142575,0.21886443495750427,10,0.0,0.0,0,0,0.0,0.0,0.0,10,,,,,,,,0,,,,,,,,0,,,,,,,,0,,,,,,,,0
82,0.0,0.0,0,0,0.0,0.0,0.0,10,0.25,0.0,0.25,0.25,0.25,0.25,0.25,10,0.20668687820434567,0.00706730364827871,0.192889928817749,0.2168560028076172,0.20870923995971674,0.19452028274536132,0.21601716876029967,10,0.0,0.0,0,0,0.0,0.0,0.0,10,,,,,,,,0,,,,,,,,0,,,,,,,,0,,,,,,,,0
83,0.0,0.0,0,0,0.0,0.0,0.0,10,0.33333333333333337,5.851389114294502e-17,0.3333333333333333,0.3333333333333333,0.3333333333333333,0.3333333333333333,0.3333333333333333,10,0.17900979518890375,0.00921812854200073,0.1628041267395019,0.1932473182678222,0.1785500049591064,0.16449654698371882,0.19237989187240595,10,0.0,0.0,0,0,0.0,0.0,0.0,10,,,,,,,,0,,,,,,,,0,,,,,,,,0,,,,,,,,0
84,0.0,0.0,0,0,0.0,0.0,0.0,10,0.0,0.0,0.0,0.0,0.0,0.0,0.0,10,0.30905334949493407,0.010599264711591297,0.2907955646514892,0.3297767639160156,0.3077040910720825,0.2938290357589721,0.32820831537246703,10,0.0,0.0,0,0,0.0,0.0,0.0,10,,,,,,,,0,,,,,,,,0,,,,,,,,0,,,,,,,,0
85,0.0,0.0,0,0,0.0,0.0,0.0,10,0.0,0.0,0.0,0.0,0.0,0.0,0.0,10,0.46500794887542723,0.005893206529075129,0.4539113044738769,0.4731397628784179,0.46616518497467035,0.4544235527515411,0.47249286770820614,10,0.0,0.0,0,0,0.0,0.0,0.0,10,,,,,,,,0,,,,,,,,0,,,,,,,,0,,,,,,,,0
86,0.0,0.0,0,0,0.0,0.0,0.0,10,0.0,0.0,0.0,0.0,0.0,0.0,0.0,10,0.35709002017974856,0.00909229024474627,0.3430376052856445,0.3686294555664062,0.3573729991912842,0.3439550280570983,0.36810669302940363,10,0.0,0.0,0,0,0.0,0.0,0.0,10,,,,,,,,0,,,,,,,,0,,,,,,,,0,,,,,,,,0
87,0.0,0.0,0,0,0.0,0.0,0.0,10,0.0,0.0,0.0,0.0,0.0,0.0,0.0,10,0.388420844078064,0.0044869257287247855,0.380650520324707,0.3947737216949463,0.389404296875,0.3808291554450988,0.3940173387527466,10,0.0,0.0,0,0,0.0,0.0,0.0,10,,,,,,,,0,,,,,,,,0,,,,,,,,0,,,,,,,,0
88,0.0,0.0,0,0,0.0,0.0,0.0,10,0.0,0.0,0.0,0.0,0.0,0.0,0.0,10,0.1382566452026367,0.009012449253819253,0.123046875,0.1495237350463867,0.13981473445892328,0.1244924783706665,0.14938737154006954,10,0.0,0.0,0,0,0.0,0.0,0.0,10,,,,,,,,0,,,,,,,,0,,,,,,,,0,,,,,,,,0
89,0.0,0.0,0,0,0.0,0.0,0.0,10,0.07407407407407399,1.4628472785736255e-17,0.074074074074074,0.074074074074074,0.074074074074074,0.074074074074074,0.074074074074074,10,0.5208587408065796,0.010066656810336388,0.5045754909515381,0.5328402519226074,0.5214896202087402,0.5058111310005188,0.5326889216899872,10,0.0,0.0,0,0,0.0,0.0,0.0,10,,,,,,,,0,,,,,,,,0,,,,,,,,0,,,,,,,,0
90,0.0,0.0,0,0,0.0,0.0,0.0,10,0.0,0.0,0.0,0.0,0.0,0.0,0.0,10,0.6343111753463745,0.011425213205044296,0.6100935935974121,0.6469264030456543,0.6347479820251465,0.6139268994331359,0.6466345250606537,10,0.0,0.0,0,0,0.0,0.0,0.0,10,,,,,,,,0,,,,,,,,0,,,,,,,,0,,,,,,,,0
91,0.0,0.0,0,0,0.0,0.0,0.0,10,0.2857142857142857,0.0,0.2857142857142857,0.2857142857142857,0.2857142857142857,0.2857142857142857,0.2857142857142857,10,0.21527640819549557,0.013277772694641383,0.192439317703247,0.2330687046051025,0.21738696098327637,0.19325969815254204,0.23194968700408933,10,0.0,0.0,0,0,0.0,0.0,0.0,10,,,,,,,,0,,,,,,,,0,,,,,,,,0,,,,,,,,0
92,0.0,0.0,0,0,0.0,0.0,0.0,10,0.0,0.0,0.0,0.0,0.0,0.0,0.0,10,0.17765402793884272,0.01092643925050687,0.1633174419403076,0.1942195892333984,0.1735482215881347,0.1643931686878204,0.19409019947051998,10,0.0,0.0,0,0,0.0,0.0,0.0,10,,,,,,,,0,,,,,,,,0,,,,,,,,0,,,,,,,,0
93,0.0,0.0,0,0,0.0,0.0,0.0,10,0.0,0.0,0.0,0.0,0.0,0.0,0.0,10,0.20558934211730953,0.008555438916127572,0.193519115447998,0.2180991172790527,0.20416343212127686,0.19402261972427365,0.21747528910636899,10,0.0,0.0,0,0,0.0,0.0,0.0,10,,,,,,,,0,,,,,,,,0,,,,,,,,0,,,,,,,,0
94,0.0,0.0,0,0,0.0,0.0,0.0,10,0.16666666666666657,2.925694557147251e-17,0.1666666666666666,0.1666666666666666,0.1666666666666666,0.1666666666666666,0.1666666666666666,10,0.3584017276763916,0.009912506467342314,0.3418505191802978,0.3752529621124267,0.3610858917236328,0.34309747815132136,0.3731008648872375,10,0.0,0.0,0,0,0.0,0.0,0.0,10,,,,,,,,0,,,,,,,,0,,,,,,,,0,,,,,,,,0
95,0.0,0.0,0,0,0.0,0.0,0.0,10,0.0,0.0,0.0,0.0,0.0,0.0,0.0,10,2.019344663619995,0.010501117343162246,2.0059518814086914,2.0311484336853027,2.0186632871627808,2.0064030289649963,2.0310549318790434,10,0.0,0.0,0,0,0.0,0.0,0.0,10,,,,,,,,0,,,,,,,,0,,,,,,,,0,,,,,,,,0
96,0.0,0.0,0,0,0.0,0.0,0.0,10,0.0,0.0,0.0,0.0,0.0,0.0,0.0,10,0.3297820329666138,0.011360952727660242,0.3110547065734863,0.3453664779663086,0.33294594287872314,0.31245599985122674,0.3442851722240448,10,0.0,0.0,0,0,0.0,0.0,0.0,10,,,,,,,,0,,,,,,,,0,,,,,,,,0,,,,,,,,0
97,0.0,0.0,0,0,0.0,0.0,0.0,10,0.0,0.0,0.0,0.0,0.0,0.0,0.0,10,0.25151197910308837,0.006997132923980473,0.2432167530059814,0.2658226490020752,0.24953901767730707,0.2435710728168487,0.26436411738395693,10,0.0,0.0,0,0,0.0,0.0,0.0,10,,,,,,,,0,,,,,,,,0,,,,,,,,0,,,,,,,,0
98,0.0,0.0,0,0,0.0,0.0,0.0,10,0.0,0.0,0.0,0.0,0.0,0.0,0.0,10,0.579583215713501,0.008309599567374258,0.5680627822875977,0.5962600708007812,0.5784767866134644,0.5690868496894836,0.5939656555652618,10,0.0,0.0,0,0,0.0,0.0,0.0,10,,,,,,,,0,,,,,,,,0,,,,,,,,0,,,,,,,,0
99,0.0,0.0,0,0,0.0,0.0,0.0,10,0.36363636363636365,5.851389114294502e-17,0.3636363636363636,0.3636363636363636,0.3636363636363636,0.3636363636363636,0.3636363636363636,10,0.1657090902328491,0.008320435911457173,0.1568164825439453,0.1794261932373047,0.1646528244018554,0.15686057806015014,0.17808583974838255,10,0.0,0.0,0,0,0.0,0.0,0.0,10,,,,,,,,0,,,,,,,,0,,,,,,,,0,,,,,,,,0
100,0.0,0.0,0,0,0.0,0.0,0.0,10,0.0,0.0,0.0,0.0,0.0,0.0,0.0,10,0.16766352653503414,0.009632946708845657,0.1517896652221679,0.1813702583312988,0.16879665851593015,0.15282580256462092,0.18052203655242918,10,0.0,0.0,0,0,0.0,0.0,0.0,10,,,,,,,,0,,,,,,,,0,,,,,,,,0,,,,,,,,0
101,0.0,0.0,0,0,0.0,0.0,0.0,10,0.05555555555555549,7.314236392868128e-18,0.0555555555555555,0.0555555555555555,0.0555555555555555,0.0555555555555555,0.0555555555555555,10,0.7106751918792724,0.008610416672948968,0.6973528861999512,0.7241687774658203,0.713493824005127,0.6977851510047912,0.7227997243404388,10,0.0,0.0,0,0,0.0,0.0,0.0,10,,,,,,,,0,,,,,,,,0,,,,,,,,0,,,,,,,,0
102,0.0,0.0,0,0,0.0,0.0,0.0,10,0.1999999999999999,0.0,0.1999999999999999,0.1999999999999999,0.1999999999999999,0.1999999999999999,0.1999999999999999,10,0.28923602104187013,0.007313645067929402,0.2771399021148681,0.3013103008270263,0.2887413501739502,0.2783187866210937,0.3003583312034606,10,0.0,0.0,0,0,0.0,0.0,0.0,10,,,,,,,,0,,,,,,,,0,,,,,,,,0,,,,,,,,0
103,0.0,0.0,0,0,0.0,0.0,0.0,10,0.0,0.0,0.0,0.0,0.0,0.0,0.0,10,0.15002152919769285,0.008388350539191937,0.1386432647705078,0.1614162921905517,0.1490875482559204,0.13888761401176453,0.16092646718025203,10,0.0,0.0,0,0,0.0,0.0,0.0,10,,,,,,,,0,,,,,,,,0,,,,,,,,0,,,,,,,,0
104,0.0,0.0,0,0,0.0,0.0,0.0,10,0.0,0.0,0.0,0.0,0.0,0.0,0.0,10,0.14807801246643065,0.006308528059584281,0.1404407024383545,0.1614980697631836,0.1477482318878173,0.1405570566654205,0.1595055103302002,10,0.0,0.0,0,0,0.0,0.0,0.0,10,,,,,,,,0,,,,,,,,0,,,,,,,,0,,,,,,,,0
105,0.0,0.0,0,0,0.0,0.0,0.0,10,0.0,0.0,0.0,0.0,0.0,0.0,0.0,10,0.15963675975799557,0.005438504247375313,0.148447036743164,0.1692392826080322,0.1603211164474487,0.15028295516967768,0.1679955422878265,10,0.0,0.0,0,0,0.0,0.0,0.0,10,,,,,,,,0,,,,,,,,0,,,,,,,,0,,,,,,,,0
106,0.0,0.0,0,0,0.0,0.0,0.0,10,0.1538461538461538,0.0,0.1538461538461538,0.1538461538461538,0.1538461538461538,0.1538461538461538,0.1538461538461538,10,0.2958108425140381,0.008640893171963605,0.2861475944519043,0.3120155334472656,0.2947704792022705,0.28621073365211486,0.3106222331523895,10,0.0,0.0,0,0,0.0,0.0,0.0,10,,,,,,,,0,,,,,,,,0,,,,,,,,0,,,,,,,,0
107,0.0,0.0,0,0,0.0,0.0,0.0,10,0.0,0.0,0.0,0.0,0.0,0.0,0.0,10,0.3801255226135254,0.00811458386981153,0.3702132701873779,0.394425630569458,0.37840116024017334,0.3703625619411468,0.3934073030948639,10,0.0,0.0,0,0,0.0,0.0,0.0,10,,,,,,,,0,,,,,,,,0,,,,,,,,0,,,,,,,,0
108,0.0,0.0,0,0,0.0,0.0,0.0,10,0.0,0.0,0.0,0.0,0.0,0.0,0.0,10,0.5023167610168457,0.00633544275124878,0.4905593395233154,0.5112318992614746,0.503043532371521,0.49179615974426266,0.5108113288879395,10,0.0,0.0,0,0,0.0,0.0,0.0,10,,,,,,,,0,,,,,,,,0,,,,,,,,0,,,,,,,,0
109,0.0,0.0,0,0,0.0,0.0,0.0,10,0.0,0.0,0.0,0.0,0.0,0.0,0.0,10,0.1919918060302734,0.00768293201165941,0.1828577518463134,0.2070708274841308,0.18950426578521723,0.18332799673080435,0.20547287464141842,10,0.0,0.0,0,0,0.0,0.0,0.0,10,,,,,,,,0,,,,,,,,0,,,,,,,,0,,,,,,,,0
110,0.0,0.0,0,0,0.0,0.0,0.0,10,0.0,0.0,0.0,0.0,0.0,0.0,0.0,10,0.15250945091247556,0.01610063616313506,0.1250753402709961,0.1674840450286865,0.15734326839447016,0.12578966617584228,0.1672833621501922,10,0.0,0.0,0,0,0.0,0.0,0.0,10,,,,,,,,0,,,,,,,,0,,,,,,,,0,,,,,,,,0
111,0.0,0.0,0,0,0.0,0.0,0.0,10,0.25,0.0,0.25,0.25,0.25,0.25,0.25,10,0.3408637523651123,0.005460920124339051,0.3308773040771484,0.3468859195709228,0.34126174449920654,0.33205452561378473,0.3467292249202728,10,0.0,0.0,0,0,0.0,0.0,0.0,10,,,,,,,,0,,,,,,,,0,,,,,,,,0,,,,,,,,0
112,0.0,0.0,0,0,0.0,0.0,0.0,10,0.0,0.0,0.0,0.0,0.0,0.0,0.0,10,0.25555036067962644,0.004625850573439417,0.2482752799987793,0.2625854015350342,0.25592243671417236,0.24838900566101074,0.26182386875152586,10,0.0,0.0,0,0,0.0,0.0,0.0,10,,,,,,,,0,,,,,,,,0,,,,,,,,0,,,,,,,,0
113,0.0,0.0,0,0,0.0,0.0,0.0,10,0.0,0.0,0.0,0.0,0.0,0.0,0.0,10,0.18992218971252436,0.005758071916213198,0.179746389389038,0.2002785205841064,0.19061791896820066,0.18064739704132074,0.19893843531608577,10,0.0,0.0,0,0,0.0,0.0,0.0,10,,,,,,,,0,,,,,,,,0,,,,,,,,0,,,,,,,,0
114,0.0,0.0,0,0,0.0,0.0,0.0,10,0.0,0.0,0.0,0.0,0.0,0.0,0.0,10,0.33429899215698244,0.0071142053865774135,0.3188321590423584,0.3423855304718017,0.33488559722900385,0.32055896520614624,0.34221665859222405,10,0.0,0.0,0,0,0.0,0.0,0.0,10,,,,,,,,0,,,,,,,,0,,,,,,,,0,,,,,,,,0
115,0.0,0.0,0,0,0.0,0.0,0.0,10,0.0,0.0,0.0,0.0,0.0,0.0,0.0,10,0.2929896116256714,0.011065015410205298,0.2658078670501709,0.3081231117248535,0.2943068742752075,0.27078481316566466,0.30642843842506406,10,0.0,0.0,0,0,0.0,0.0,0.0,10,,,,,,,,0,,,,,,,,0,,,,,,,,0,,,,,,,,0
116,0.0,0.0,0,0,0.0,0.0,0.0,10,0.0,0.0,0.0,0.0,0.0,0.0,0.0,10,0.1492955923080444,0.009148264445502917,0.130627155303955,0.1575584411621093,0.1528435945510864,0.13199175596237175,0.15744439363479606,10,0.0,0.0,0,0,0.0,0.0,0.0,10,,,,,,,,0,,,,,,,,0,,,,,,,,0,,,,,,,,0
117,0.0,0.0,0,0,0.0,0.0,0.0,10,0.0,0.0,0.0,0.0,0.0,0.0,0.0,10,0.13932721614837643,0.007799444494353555,0.1259875297546386,0.1505231857299804,0.140041708946228,0.12648223638534536,0.1498118102550506,10,0.0,0.0,0,0,0.0,0.0,0.0,10,,,,,,,,0,,,,,,,,0,,,,,,,,0,,,,,,,,0
118,0.0,0.0,0,0,0.0,0.0,0.0,10,0.1176470588235294,0.0,0.1176470588235294,0.1176470588235294,0.1176470588235294,0.1176470588235294,0.1176470588235294,10,0.3832140684127808,0.008284278864679454,0.3706612586975097,0.3943996429443359,0.383110761642456,0.3710457265377044,0.3942344188690185,10,0.0,0.0,0,0,0.0,0.0,0.0,10,,,,,,,,0,,,,,,,,0,,,,,,,,0,,,,,,,,0
119,0.0,0.0,0,0,0.0,0.0,0.0,10,0.1333333333333333,0.0,0.1333333333333333,0.1333333333333333,0.1333333333333333,0.1333333333333333,0.1333333333333333,10,0.2781579256057739,0.011060049791129567,0.2605462074279785,0.294520616531372,0.27554261684417725,0.26282715797424316,0.29366638660430905,10,0.0,0.0,0,0,0.0,0.0,0.0,10,,,,,,,,0,,,,,,,,0,,,,,,,,0,,,,,,,,0
120,0.0,0.0,0,0,0.0,0.0,0.0,10,0.06896551724137931,1.4628472785736255e-17,0.0689655172413793,0.0689655172413793,0.0689655172413793,0.0689655172413793,0.0689655172413793,10,1.036860752105713,0.00939930239975422,1.0243654251098633,1.0523357391357422,1.0349591970443726,1.0248850762844086,1.0512776613235473,10,0.0,0.0,0,0,0.0,0.0,0.0,10,,,,,,,,0,,,,,,,,0,,,,,,,,0,,,,,,,,0
121,0.0,0.0,0,0,0.0,0.0,0.0,10,0.0,0.0,0.0,0.0,0.0,0.0,0.0,10,0.2533385753631592,0.008139550393128815,0.2395386695861816,0.2615976333618164,0.2555477619171142,0.2400735020637512,0.2613531768321991,10,0.0,0.0,0,0,0.0,0.0,0.0,10,,,,,,,,0,,,,,,,,0,,,,,,,,0,,,,,,,,0
122,0.0,0.0,0,0,0.0,0.0,0.0,10,0.125,0.0,0.125,0.125,0.125,0.125,0.125,10,0.3999069929122925,0.010665413073941874,0.3771414756774902,0.4111287593841553,0.40128791332244873,0.3805510997772216,0.4111245214939117,10,0.0,0.0,0,0,0.0,0.0,0.0,10,,,,,,,,0,,,,,,,,0,,,,,,,,0,,,,,,,,0
123,0.0,0.0,0,0,0.0,0.0,0.0,10,0.0,0.0,0.0,0.0,0.0,0.0,0.0,10,0.36770925521850584,0.012445233229773749,0.3453772068023681,0.3822295665740967,0.3689701557159424,0.34738693237304685,0.3822191596031189,10,0.0,0.0,0,0,0.0,0.0,0.0,10,,,,,,,,0,,,,,,,,0,,,,,,,,0,,,,,,,,0
124,0.0,0.0,0,0,0.0,0.0,0.0,10,0.0952380952380952,0.0,0.0952380952380952,0.0952380952380952,0.0952380952380952,0.0952380952380952,0.0952380952380952,10,0.46700282096862794,0.009778720405528426,0.45001220703125,0.4809613227844238,0.46666526794433594,0.4520877003669739,0.48054123520851133,10,0.0,0.0,0,0,0.0,0.0,0.0,10,,,,,,,,0,,,,,,,,0,,,,,,,,0,,,,,,,,0
125,0.0,0.0,0,0,0.0,0.0,0.0,10,0.1428571428571428,0.0,0.1428571428571428,0.1428571428571428,0.1428571428571428,0.1428571428571428,0.1428571428571428,10,0.3504325389862061,0.008024038423667218,0.3341078758239746,0.3587591648101806,0.3521636724472046,0.3355885088443756,0.35861078500747673,10,0.0,0.0,0,0,0.0,0.0,0.0,10,,,,,,,,0,,,,,,,,0,,,,,,,,0,,,,,,,,0
126,0.0,0.0,0,0,0.0,0.0,0.0,10,0.0,0.0,0.0,0.0,0.0,0.0,0.0,10,0.14729287624359128,0.005753330698453945,0.1407973766326904,0.1575710773468017,0.1457431316375732,0.1408473193645477,0.15674173831939692,10,0.0,0.0,0,0,0.0,0.0,0.0,10,,,,,,,,0,,,,,,,,0,,,,,,,,0,,,,,,,,0
127,0.0,0.0,0,0,0.0,0.0,0.0,10,0.0,0.0,0.0,0.0,0.0,0.0,0.0,10,0.22938287258148188,0.010327380950908181,0.2086679935455322,0.2415449619293213,0.2333494424819946,0.21035494208335873,0.24072168469429017,10,0.0,0.0,0,0,0.0,0.0,0.0,10,,,,,,,,0,,,,,,,,0,,,,,,,,0,,,,,,,,0
128,0.0,0.0,0,0,0.0,0.0,0.0,10,0.0,0.0,0.0,0.0,0.0,0.0,0.0,10,0.37950758934020995,0.010300237703475221,0.3589012622833252,0.397850751876831,0.37967109680175776,0.3619257748126984,0.3958459615707397,10,0.0,0.0,0,0,0.0,0.0,0.0,10,,,,,,,,0,,,,,,,,0,,,,,,,,0,,,,,,,,0
129,0.0,0.0,0,0,0.0,0.0,0.0,10,0.0,0.0,0.0,0.0,0.0,0.0,0.0,10,0.2692696571350098,0.005883874330367807,0.2604329586029053,0.2780606746673584,0.26840460300445557,0.2608897924423218,0.2777808129787445,10,0.0,0.0,0,0,0.0,0.0,0.0,10,,,,,,,,0,,,,,,,,0,,,,,,,,0,,,,,,,,0
130,0.0,0.0,0,0,0.0,0.0,0.0,10,0.0,0.0,0.0,0.0,0.0,0.0,0.0,10,0.2831916809082031,0.0063256006242269494,0.2717883586883545,0.2928061485290527,0.28401434421539307,0.2730872452259064,0.292041128873825,10,0.0,0.0,0,0,0.0,0.0,0.0,10,,,,,,,,0,,,,,,,,0,,,,,,,,0,,,,,,,,0
131,0.0,0.0,0,0,0.0,0.0,0.0,10,0.0,0.0,0.0,0.0,0.0,0.0,0.0,10,0.1397274732589721,0.005853272799221924,0.13029146194458,0.1497435569763183,0.14048624038696284,0.13047551512718195,0.14846113920211787,10,0.0,0.0,0,0,0.0,0.0,0.0,10,,,,,,,,0,,,,,,,,0,,,,,,,,0,,,,,,,,0
132,0.0,0.0,0,0,0.0,0.0,0.0,10,0.0,0.0,0.0,0.0,0.0,0.0,0.0,10,0.19664752483367914,0.008392579576188837,0.1865341663360595,0.2137432098388672,0.1967309713363647,0.18682786822319022,0.21140958070755006,10,0.0,0.0,0,0,0.0,0.0,0.0,10,,,,,,,,0,,,,,,,,0,,,,,,,,0,,,,,,,,0
133,0.0,0.0,0,0,0.0,0.0,0.0,10,0.0,0.0,0.0,0.0,0.0,0.0,0.0,10,0.2372308731079101,0.007190349975851602,0.2259974479675293,0.2472448348999023,0.23789644241333005,0.2266364574432373,0.24688150286674493,10,0.0,0.0,0,0,0.0,0.0,0.0,10,,,,,,,,0,,,,,,,,0,,,,,,,,0,,,,,,,,0
134,0.0,0.0,0,0,0.0,0.0,0.0,10,0.0,0.0,0.0,0.0,0.0,0.0,0.0,10,0.240678334236145,0.01080647024501518,0.2252585887908935,0.2605412006378174,0.23881661891937256,0.2263570606708526,0.25871209502220155,10,0.0,0.0,0,0,0.0,0.0,0.0,10,,,,,,,,0,,,,,,,,0,,,,,,,,0,,,,,,,,0
135,0.0,0.0,0,0,0.0,0.0,0.0,10,0.0,0.0,0.0,0.0,0.0,0.0,0.0,10,0.20152218341827388,0.010432337358903063,0.1891915798187255,0.2182648181915283,0.2008247375488281,0.18932880163192742,0.21796119213104245,10,0.0,0.0,0,0,0.0,0.0,0.0,10,,,,,,,,0,,,,,,,,0,,,,,,,,0,,,,,,,,0
136,0.0,0.0,0,0,0.0,0.0,0.0,10,0.0,0.0,0.0,0.0,0.0,0.0,0.0,10,0.36165661811828614,0.009260255974313528,0.3479723930358886,0.3772230148315429,0.3614970445632934,0.34863806366920463,0.37658518552780146,10,0.0,0.0,0,0,0.0,0.0,0.0,10,,,,,,,,0,,,,,,,,0,,,,,,,,0,,,,,,,,0
137,0.0,0.0,0,0,0.0,0.0,0.0,10,0.0,0.0,0.0,0.0,0.0,0.0,0.0,10,0.13507404327392575,0.008825000817350513,0.1236379146575927,0.1499762535095214,0.1320924758911132,0.12450169324874871,0.14917411208152764,10,0.0,0.0,0,0,0.0,0.0,0.0,10,,,,,,,,0,,,,,,,,0,,,,,,,,0,,,,,,,,0
138,1.0,0.0,1,1,1.0,1.0,1.0,10,1.0,0.0,1.0,1.0,1.0,1.0,1.0,10,0.15213625431060787,0.01133132354710614,0.1315104961395263,0.1710267066955566,0.1519144773483276,0.13339775204658502,0.16937714815139768,10,0.0,0.0,0,0,0.0,0.0,0.0,10,,,,,,,,0,,,,,,,,0,,,,,,,,0,,,,,,,,0
139,0.0,0.0,0,0,0.0,0.0,0.0,10,0.36363636363636365,5.851389114294502e-17,0.3636363636363636,0.3636363636363636,0.3636363636363636,0.3636363636363636,0.3636363636363636,10,0.2861464500427246,0.00715995071069917,0.2739410400390625,0.29414963722229,0.28644704818725586,0.2750028192996979,0.2939294815063476,10,0.0,0.0,0,0,0.0,0.0,0.0,10,,,,,,,,0,,,,,,,,0,,,,,,,,0,,,,,,,,0
140,0.0,0.0,0,0,0.0,0.0,0.0,10,0.1538461538461538,0.0,0.1538461538461538,0.1538461538461538,0.1538461538461538,0.1538461538461538,0.1538461538461538,10,0.3173278093338013,0.009323434292302686,0.296799898147583,0.3269658088684082,0.31847512722015375,0.29989967346191404,0.326680850982666,10,0.0,0.0,0,0,0.0,0.0,0.0,10,,,,,,,,0,,,,,,,,0,,,,,,,,0,,,,,,,,0
141,0.0,0.0,0,0,0.0,0.0,0.0,10,0.1538461538461538,0.0,0.1538461538461538,0.1538461538461538,0.1538461538461538,0.1538461538461538,0.1538461538461538,10,0.2444323062896728,0.006866075237204041,0.235811710357666,0.2550857067108154,0.24455380439758295,0.23604495525360106,0.2542592108249664,10,0.0,0.0,0,0,0.0,0.0,0.0,10,,,,,,,,0,,,,,,,,0,,,,,,,,0,,,,,,,,0
142,0.0,0.0,0,0,0.0,0.0,0.0,10,0.0,0.0,0.0,0.0,0.0,0.0,0.0,10,0.34398348331451417,0.012509145902785394,0.3251552581787109,0.3612916469573974,0.3445192575454712,0.32606270313262936,0.36108581423759456,10,0.0,0.0,0,0,0.0,0.0,0.0,10,,,,,,,,0,,,,,,,,0,,,,,,,,0,,,,,,,,0
143,0.0,0.0,0,0,0.0,0.0,0.0,10,0.0,0.0,0.0,0.0,0.0,0.0,0.0,10,0.36426236629486086,0.008708424800778332,0.3513317108154297,0.376042366027832,0.3655309677124023,0.35208149552345275,0.3759038031101226,10,0.0,0.0,0,0,0.0,0.0,0.0,10,,,,,,,,0,,,,,,,,0,,,,,,,,0,,,,,,,,0
144,0.0,0.0,0,0,0.0,0.0,0.0,10,0.0,0.0,0.0,0.0,0.0,0.0,0.0,10,0.37218215465545657,0.005034111862898473,0.3660099506378174,0.3795757293701172,0.3731280565261841,0.36605125665664673,0.37915531992912294,10,0.0,0.0,0,0,0.0,0.0,0.0,10,,,,,,,,0,,,,,,,,0,,,,,,,,0,,,,,,,,0
145,0.0,0.0,0,0,0.0,0.0,0.0,10,0.08333333333333329,1.4628472785736255e-17,0.0833333333333333,0.0833333333333333,0.0833333333333333,0.0833333333333333,0.0833333333333333,10,0.45953097343444826,0.008970444511664675,0.4456779956817627,0.4709486961364746,0.4627399444580078,0.4466439127922058,0.4700274646282196,10,0.0,0.0,0,0,0.0,0.0,0.0,10,,,,,,,,0,,,,,,,,0,,,,,,,,0,,,,,,,,0
146,0.0,0.0,0,0,0.0,0.0,0.0,10,0.125,0.0,0.125,0.125,0.125,0.125,0.125,10,0.41856985092163085,0.007375582364895876,0.4061014652252197,0.4293544292449951,0.4171992540359497,0.4075403094291687,0.429165118932724,10,0.0,0.0,0,0,0.0,0.0,0.0,10,,,,,,,,0,,,,,,,,0,,,,,,,,0,,,,,,,,0
147,0.0,0.0,0,0,0.0,0.0,0.0,10,0.2,0.0,0.2,0.2,0.2,0.2,0.2,10,0.27622404098510744,0.008217743176535152,0.2659814357757568,0.2903969287872314,0.27441453933715815,0.2662400007247924,0.2888575553894043,10,0.0,0.0,0,0,0.0,0.0,0.0,10,,,,,,,,0,,,,,,,,0,,,,,,,,0,,,,,,,,0
148,0.0,0.0,0,0,0.0,0.0,0.0,10,0.0,0.0,0.0,0.0,0.0,0.0,0.0,10,0.11811559200286859,0.007418221612925671,0.1097168922424316,0.1338889598846435,0.11694574356079095,0.10982734560966487,0.1315270602703094,10,0.0,0.0,0,0,0.0,0.0,0.0,10,,,,,,,,0,,,,,,,,0,,,,,,,,0,,,,,,,,0
149,0.0,0.0,0,0,0.0,0.0,0.0,10,0.16666666666666657,2.925694557147251e-17,0.1666666666666666,0.1666666666666666,0.1666666666666666,0.1666666666666666,0.1666666666666666,10,0.2509456634521484,0.003050534453494129,0.2462923526763916,0.2571253776550293,0.25055134296417236,0.24668256044387815,0.25627779960632324,10,0.0,0.0,0,0,0.0,0.0,0.0,10,,,,,,,,0,,,,,,,,0,,,,,,,,0,,,,,,,,0
150,0.0,0.0,0,0,0.0,0.0,0.0,10,0.1333333333333333,0.0,0.1333333333333333,0.1333333333333333,0.1333333333333333,0.1333333333333333,0.1333333333333333,10,0.36576175689697266,0.008311633766453795,0.3534061908721924,0.3835909366607666,0.36377573013305664,0.3550365447998047,0.38125457167625426,10,0.0,0.0,0,0,0.0,0.0,0.0,10,,,,,,,,0,,,,,,,,0,,,,,,,,0,,,,,,,,0
151,0.0,0.0,0,0,0.0,0.0,0.0,10,0.1333333333333333,0.0,0.1333333333333333,0.1333333333333333,0.1333333333333333,0.1333333333333333,0.1333333333333333,10,0.3743299961090088,0.011086834018208841,0.3547463417053222,0.3873324394226074,0.37702476978302,0.35607097744941707,0.38716109991073605,10,0.0,0.0,0,0,0.0,0.0,0.0,10,,,,,,,,0,,,,,,,,0,,,,,,,,0,,,,,,,,0
152,0.0,0.0,0,0,0.0,0.0,0.0,10,0.0,0.0,0.0,0.0,0.0,0.0,0.0,10,0.500837755203247,0.00955048463626538,0.4867897033691406,0.5205733776092529,0.4996669292449951,0.488203227519989,0.5181475341320038,10,0.0,0.0,0,0,0.0,0.0,0.0,10,,,,,,,,0,,,,,,,,0,,,,,,,,0,,,,,,,,0
153,0.0,0.0,0,0,0.0,0.0,0.0,10,0.0,0.0,0.0,0.0,0.0,0.0,0.0,10,0.34339237213134766,0.006153951467869547,0.3345181941986084,0.3555886745452881,0.3437598943710327,0.3345646500587463,0.35375951528549193,10,0.0,0.0,0,0,0.0,0.0,0.0,10,,,,,,,,0,,,,,,,,0,,,,,,,,0,,,,,,,,0
154,0.0,0.0,0,0,0.0,0.0,0.0,10,0.0,0.0,0.0,0.0,0.0,0.0,0.0,10,0.4301963567733765,0.009506940290629732,0.4125492572784424,0.4454715251922607,0.42934501171112055,0.41479646563529965,0.444136106967926,10,0.0,0.0,0,0,0.0,0.0,0.0,10,,,,,,,,0,,,,,,,,0,,,,,,,,0,,,,,,,,0
155,0.0,0.0,0,0,0.0,0.0,0.0,10,0.0,0.0,0.0,0.0,0.0,0.0,0.0,10,0.33385140895843507,0.007747345351906447,0.3208684921264648,0.3449809551239013,0.3352097272872925,0.32188344001770014,0.34455614686012265,10,0.0,0.0,0,0,0.0,0.0,0.0,10,,,,,,,,0,,,,,,,,0,,,,,,,,0,,,,,,,,0
156,0.0,0.0,0,0,0.0,0.0,0.0,10,0.0,0.0,0.0,0.0,0.0,0.0,0.0,10,0.3033205509185791,0.008283983040630737,0.2849700450897217,0.3119924068450928,0.30454015731811523,0.2876003265380859,0.311884206533432,10,0.0,0.0,0,0,0.0,0.0,0.0,10,,,,,,,,0,,,,,,,,0,,,,,,,,0,,,,,,,,0
157,0.0,0.0,0,0,0.0,0.0,0.0,10,0.0,0.0,0.0,0.0,0.0,0.0,0.0,10,0.49233098030090333,0.012429320582770437,0.4670679569244385,0.5070822238922119,0.4938312768936157,0.468929249048233,0.506752097606659,10,0.0,0.0,0,0,0.0,0.0,0.0,10,,,,,,,,0,,,,,,,,0,,,,,,,,0,,,,,,,,0
158,0.0,0.0,0,0,0.0,0.0,0.0,10,0.36363636363636365,5.851389114294502e-17,0.3636363636363636,0.3636363636363636,0.3636363636363636,0.3636363636363636,0.3636363636363636,10,0.2941683292388916,0.00982653450865501,0.2796859741210937,0.3092842102050781,0.29438650608062744,0.2797860205173492,0.30865458846092225,10,0.0,0.0,0,0,0.0,0.0,0.0,10,,,,,,,,0,,,,,,,,0,,,,,,,,0,,,,,,,,0
159,0.0,0.0,0,0,0.0,0.0,0.0,10,0.0,0.0,0.0,0.0,0.0,0.0,0.0,10,0.2664789199829102,0.008123419127644495,0.2523431777954101,0.2746303081512451,0.268490195274353,0.2534370362758636,0.27452232241630553,10,0.0,0.0,0,0,0.0,0.0,0.0,10,,,,,,,,0,,,,,,,,0,,,,,,,,0,,,,,,,,0
160,0.0,0.0,0,0,0.0,0.0,0.0,10,0.0,0.0,0.0,0.0,0.0,0.0,0.0,10,0.257134747505188,0.010577484165466545,0.2448925971984863,0.2759897708892822,0.2533105611801147,0.24539347290992733,0.2753481328487396,10,0.0,0.0,0,0,0.0,0.0,0.0,10,,,,,,,,0,,,,,,,,0,,,,,,,,0,,,,,,,,0
161,0.0,0.0,0,0,0.0,0.0,0.0,10,0.0,0.0,0.0,0.0,0.0,0.0,0.0,10,0.14604649543762202,0.006428065757520771,0.1387231349945068,0.159670352935791,0.1442053318023681,0.13893932104110715,0.1581036210060119,10,0.0,0.0,0,0,0.0,0.0,0.0,10,,,,,,,,0,,,,,,,,0,,,,,,,,0,,,,,,,,0
162,0.0,0.0,0,0,0.0,0.0,0.0,10,0.0,0.0,0.0,0.0,0.0,0.0,0.0,10,0.3464923858642578,0.010197890799396165,0.3328170776367187,0.3608074188232422,0.34581875801086426,0.3331622242927551,0.36058361530303956,10,0.0,0.0,0,0,0.0,0.0,0.0,10,,,,,,,,0,,,,,,,,0,,,,,,,,0,,,,,,,,0
163,0.0,0.0,0,0,0.0,0.0,0.0,10,0.0,0.0,0.0,0.0,0.0,0.0,0.0,10,0.5441189289093018,0.007823738305338016,0.5319478511810303,0.5546352863311768,0.5456006526947021,0.5320986449718476,0.5540766894817353,10,0.0,0.0,0,0,0.0,0.0,0.0,10,,,,,,,,0,,,,,,,,0,,,,,,,,0,,,,,,,,0
164,0.0,0.0,0,0,0.0,0.0,0.0,10,0.4,0.0,0.4,0.4,0.4,0.4,0.4,10,0.1377303123474121,0.006977889710190321,0.1290409564971923,0.14892578125,0.13840484619140625,0.12918772697448722,0.14815512895584104,10,0.0,0.0,0,0,0.0,0.0,0.0,10,,,,,,,,0,,,,,,,,0,,,,,,,,0,,,,,,,,0
165,0.0,0.0,0,0,0.0,0.0,0.0,10,0.1142857142857143,0.0,0.1142857142857143,0.1142857142857143,0.1142857142857143,0.1142857142857143,0.1142857142857143,10,0.7835241079330444,0.008695176518330294,0.7707183361053467,0.7972643375396729,0.7830044031143188,0.7715446710586548,0.7964691698551178,10,0.0,0.0,0,0,0.0,0.0,0.0,10,,,,,,,,0,,,,,,,,0,,,,,,,,0,,,,,,,,0
166,0.0,0.0,0,0,0.0,0.0,0.0,10,0.1052631578947368,0.0,0.1052631578947368,0.1052631578947368,0.1052631578947368,0.1052631578947368,0.1052631578947368,10,0.4567961931228638,0.006230063454749819,0.4461655616760254,0.4649965763092041,0.4590737819671631,0.4469646990299225,0.4642617583274841,10,0.0,0.0,0,0,0.0,0.0,0.0,10,,,,,,,,0,,,,,,,,0,,,,,,,,0,,,,,,,,0
167,0.0,0.0,0,0,0.0,0.0,0.0,10,0.0,0.0,0.0,0.0,0.0,0.0,0.0,10,0.5348090887069702,0.008464352544454812,0.5195221900939941,0.5472066402435303,0.5353463888168335,0.5202912867069245,0.5458187580108642,10,0.0,0.0,0,0,0.0,0.0,0.0,10,,,,,,,,0,,,,,,,,0,,,,,,,,0,,,,,,,,0
168,0.0,0.0,0,0,0.0,0.0,0.0,10,0.0,0.0,0.0,0.0,0.0,0.0,0.0,10,0.4638887166976929,0.00786393530811976,0.4524917602539062,0.4751496315002441,0.46646130084991455,0.45284060835838313,0.47394043803215025,10,0.0,0.0,0,0,0.0,0.0,0.0,10,,,,,,,,0,,,,,,,,0,,,,,,,,0,,,,,,,,0
169,0.0,0.0,0,0,0.0,0.0,0.0,10,0.4,0.0,0.4,0.4,0.4,0.4,0.4,10,0.23540761470794674,0.005114901325616723,0.2270197868347168,0.2466752529144287,0.23486554622650146,0.22810162901878356,0.24498133063316344,10,0.0,0.0,0,0,0.0,0.0,0.0,10,,,,,,,,0,,,,,,,,0,,,,,,,,0,,,,,,,,0
170,0.0,0.0,0,0,0.0,0.0,0.0,10,0.1333333333333333,0.0,0.1333333333333333,0.1333333333333333,0.1333333333333333,0.1333333333333333,0.1333333333333333,10,0.32838733196258546,0.00770343878021513,0.3094179630279541,0.3360106945037842,0.3288891315460205,0.31272823810577394,0.3357953667640686,10,0.0,0.0,0,0,0.0,0.0,0.0,10,,,,,,,,0,,,,,,,,0,,,,,,,,0,,,,,,,,0
171,0.0,0.0,0,0,0.0,0.0,0.0,10,0.33333333333333337,5.851389114294502e-17,0.3333333333333333,0.3333333333333333,0.3333333333333333,0.3333333333333333,0.3333333333333333,10,0.3047032833099365,0.006180285486490495,0.2973349094390869,0.3152737617492676,0.3027985095977783,0.29757475256919863,0.3145490288734436,10,0.0,0.0,0,0,0.0,0.0,0.0,10,,,,,,,,0,,,,,,,,0,,,,,,,,0,,,,,,,,0
172,0.0,0.0,0,0,0.0,0.0,0.0,10,0.1904761904761904,0.0,0.1904761904761904,0.1904761904761904,0.1904761904761904,0.1904761904761904,0.1904761904761904,10,0.5471195936203003,0.0074857103712647035,0.5357832908630371,0.5599565505981445,0.5473113059997559,0.5368917405605316,0.5588083505630493,10,0.0,0.0,0,0,0.0,0.0,0.0,10,,,,,,,,0,,,,,,,,0,,,,,,,,0,,,,,,,,0
173,0.0,0.0,0,0,0.0,0.0,0.0,10,0.0,0.0,0.0,0.0,0.0,0.0,0.0,10,0.11544032096862789,0.006633619385791798,0.1047084331512451,0.1249976158142089,0.116578459739685,0.10534384846687316,0.1242761552333831,10,0.0,0.0,0,0,0.0,0.0,0.0,10,,,,,,,,0,,,,,,,,0,,,,,,,,0,,,,,,,,0
174,0.0,0.0,0,0,0.0,0.0,0.0,10,0.0,0.0,0.0,0.0,0.0,0.0,0.0,10,0.36092615127563477,0.008772996374951075,0.3469305038452148,0.3763418197631836,0.36013078689575195,0.3482410311698913,0.3746021926403046,10,0.0,0.0,0,0,0.0,0.0,0.0,10,,,,,,,,0,,,,,,,,0,,,,,,,,0,,,,,,,,0
175,0.0,0.0,0,0,0.0,0.0,0.0,10,0.13793103448275862,2.925694557147251e-17,0.1379310344827586,0.1379310344827586,0.1379310344827586,0.1379310344827586,0.1379310344827586,10,1.6517231941223145,0.011166329579894049,1.6319544315338137,1.6712369918823242,1.6522119045257568,1.6338004887104036,1.6692927122116088,10,0.0,0.0,0,0,0.0,0.0,0.0,10,,,,,,,,0,,,,,,,,0,,,,,,,,0,,,,,,,,0
176,0.0,0.0,0,0,0.0,0.0,0.0,10,0.0714285714285714,0.0,0.0714285714285714,0.0714285714285714,0.0714285714285714,0.0714285714285714,0.0714285714285714,10,0.6086847066879273,0.009069737199858915,0.5902948379516602,0.6184744834899902,0.6089547872543335,0.5927043199539185,0.6182893574237823,10,0.0,0.0,0,0,0.0,0.0,0.0,10,,,,,,,,0,,,,,,,,0,,,,,,,,0,,,,,,,,0
177,1.0,0.0,1,1,1.0,1.0,1.0,10,1.0,0.0,1.0,1.0,1.0,1.0,1.0,10,0.13643498420715328,0.0096380197788668,0.1213941574096679,0.1499984264373779,0.13589000701904297,0.1227724909782409,0.14975976347923275,10,0.0,0.0,0,0,0.0,0.0,0.0,10,,,,,,,,0,,,,,,,,0,,,,,,,,0,,,,,,,,0
178,0.0,0.0,0,0,0.0,0.0,0.0,10,0.2857142857142857,0.0,0.2857142857142857,0.2857142857142857,0.2857142857142857,0.2857142857142857,0.2857142857142857,10,0.4437833070755005,0.010356985232225871,0.4254775047302246,0.456296443939209,0.4457656145095825,0.42697229981422424,0.45585548877716064,10,0.0,0.0,0,0,0.0,0.0,0.0,10,,,,,,,,0,,,,,,,,0,,,,,,,,0,,,,,,,,0
179,0.0,0.0,0,0,0.0,0.0,0.0,10,0.07407407407407399,1.4628472785736255e-17,0.074074074074074,0.074074074074074,0.074074074074074,0.074074074074074,0.074074074074074,10,0.5693203210830688,0.009095211549635662,0.5558192729949951,0.5818560123443604,0.5673762559890747,0.5564465880393982,0.5817422330379486,10,0.0,0.0,0,0,0.0,0.0,0.0,10,,,,,,,,0,,,,,,,,0,,,,,,,,0,,,,,,,,0
180,0.0,0.0,0,0,0.0,0.0,0.0,10,0.0,0.0,0.0,0.0,0.0,0.0,0.0,10,0.9564262151718139,0.010209485364798473,0.9431490898132324,0.974802017211914,0.9559459686279296,0.9434204220771789,0.9726486325263977,10,0.0,0.0,0,0,0.0,0.0,0.0,10,,,,,,,,0,,,,,,,,0,,,,,,,,0,,,,,,,,0
181,0.0,0.0,0,0,0.0,0.0,0.0,10,0.0,0.0,0.0,0.0,0.0,0.0,0.0,10,0.10979938507080074,0.011027916132482135,0.0896656513214111,0.1235311031341552,0.1122611761093139,0.09037691950798031,0.12271217107772822,10,0.0,0.0,0,0,0.0,0.0,0.0,10,,,,,,,,0,,,,,,,,0,,,,,,,,0,,,,,,,,0
182,0.0,0.0,0,0,0.0,0.0,0.0,10,0.2857142857142857,0.0,0.2857142857142857,0.2857142857142857,0.2857142857142857,0.2857142857142857,0.2857142857142857,10,0.36566953659057616,0.011412197679600913,0.3523664474487304,0.3847262859344482,0.36307013034820557,0.35243312716484065,0.3837966322898864,10,0.0,0.0,0,0,0.0,0.0,0.0,10,,,,,,,,0,,,,,,,,0,,,,,,,,0,,,,,,,,0
183,0.0,0.0,0,0,0.0,0.0,0.0,10,0.0,0.0,0.0,0.0,0.0,0.0,0.0,10,0.4414664268493652,0.0050465250881322875,0.4345710277557373,0.4505047798156738,0.44115781784057617,0.4351549446582794,0.4501215994358062,10,0.0,0.0,0,0,0.0,0.0,0.0,10,,,,,,,,0,,,,,,,,0,,,,,,,,0,,,,,,,,0
184,0.0,0.0,0,0,0.0,0.0,0.0,10,0.0,0.0,0.0,0.0,0.0,0.0,0.0,10,0.17612156867980952,0.012521731326484467,0.1556737422943115,0.1918578147888183,0.17781960964202875,0.15663880109786985,0.19175170660018914,10,0.0,0.0,0,0,0.0,0.0,0.0,10,,,,,,,,0,,,,,,,,0,,,,,,,,0,,,,,,,,0
185,0.0,0.0,0,0,0.0,0.0,0.0,10,0.0,0.0,0.0,0.0,0.0,0.0,0.0,10,0.20752370357513422,0.011900071226223328,0.1804697513580322,0.219491958618164,0.20941853523254395,0.1841994702816009,0.21944925785064692,10,0.0,0.0,0,0,0.0,0.0,0.0,10,,,,,,,,0,,,,,,,,0,,,,,,,,0,,,,,,,,0
186,0.0,0.0,0,0,0.0,0.0,0.0,10,0.0769230769230769,0.0,0.0769230769230769,0.0769230769230769,0.0769230769230769,0.0769230769230769,0.0769230769230769,10,0.5981785774230957,0.010356686435842354,0.5797481536865234,0.608811616897583,0.6013591289520264,0.5799210488796234,0.6085291266441345,10,0.0,0.0,0,0,0.0,0.0,0.0,10,,,,,,,,0,,,,,,,,0,,,,,,,,0,,,,,,,,0
187,0.0,0.0,0,0,0.0,0.0,0.0,10,0.0,0.0,0.0,0.0,0.0,0.0,0.0,10,0.45284583568573,0.011026552045654453,0.4363090991973877,0.4766225814819336,0.45205700397491455,0.4376442492008209,0.47258542776107787,10,0.0,0.0,0,0,0.0,0.0,0.0,10,,,,,,,,0,,,,,,,,0,,,,,,,,0,,,,,,,,0
188,0.0,0.0,0,0,0.0,0.0,0.0,10,0.0,0.0,0.0,0.0,0.0,0.0,0.0,10,0.25458714962005613,0.013606266557900207,0.2262144088745117,0.273073673248291,0.2579885721206665,0.23020070791244504,0.27185664772987367,10,0.0,0.0,0,0,0.0,0.0,0.0,10,,,,,,,,0,,,,,,,,0,,,,,,,,0,,,,,,,,0
189,0.0,0.0,0,0,0.0,0.0,0.0,10,0.0,0.0,0.0,0.0,0.0,0.0,0.0,10,0.5699404001235961,0.0076865471931851755,0.5612618923187256,0.5809803009033203,0.5655776262283325,0.5616733968257904,0.580668306350708,10,0.0,0.0,0,0,0.0,0.0,0.0,10,,,,,,,,0,,,,,,,,0,,,,,,,,0,,,,,,,,0
190,0.0,0.0,0,0,0.0,0.0,0.0,10,0.0,0.0,0.0,0.0,0.0,0.0,0.0,10,0.22918353080749507,0.005866334727926955,0.2220933437347412,0.2393369674682617,0.22729909420013425,0.2224758267402649,0.23905324339866635,10,0.0,0.0,0,0,0.0,0.0,0.0,10,,,,,,,,0,,,,,,,,0,,,,,,,,0,,,,,,,,0
191,0.0,0.0,0,0,0.0,0.0,0.0,10,0.1428571428571428,0.0,0.1428571428571428,0.1428571428571428,0.1428571428571428,0.1428571428571428,0.1428571428571428,10,0.3228288173675537,0.0036760600690622282,0.3164858818054199,0.3270614147186279,0.3242746591567993,0.3169538199901581,0.3269163072109222,10,0.0,0.0,0,0,0.0,0.0,0.0,10,,,,,,,,0,,,,,,,,0,,,,,,,,0,,,,,,,,0
192,0.0,0.0,0,0,0.0,0.0,0.0,10,0.125,0.0,0.125,0.125,0.125,0.125,0.125,10,0.4489936828613281,0.009953320152337164,0.4350545406341553,0.4628496170043945,0.4467102289199829,0.4352646112442017,0.46238838434219354,10,0.0,0.0,0,0,0.0,0.0,0.0,10,,,,,,,,0,,,,,,,,0,,,,,,,,0,,,,,,,,0
193,0.0,0.0,0,0,0.0,0.0,0.0,10,0.8571428571428571,0.0,0.8571428571428571,0.8571428571428571,0.8571428571428571,0.8571428571428571,0.8571428571428571,10,0.14492509365081782,0.008074923117929638,0.1367912292480468,0.1609542369842529,0.14239072799682612,0.13715874552726737,0.1597956299781799,10,0.0,0.0,0,0,0.0,0.0,0.0,10,,,,,,,,0,,,,,,,,0,,,,,,,,0,,,,,,,,0
194,0.0,0.0,0,0,0.0,0.0,0.0,10,0.1428571428571428,0.0,0.1428571428571428,0.1428571428571428,0.1428571428571428,0.1428571428571428,0.1428571428571428,10,0.36046395301818845,0.009253453786981935,0.341702938079834,0.3743188381195068,0.36166405677795405,0.34366867542266843,0.3732964873313903,10,0.0,0.0,0,0,0.0,0.0,0.0,10,,,,,,,,0,,,,,,,,0,,,,,,,,0,,,,,,,,0
195,0.0,0.0,0,0,0.0,0.0,0.0,10,0.0,0.0,0.0,0.0,0.0,0.0,0.0,10,0.12501130104064936,0.008215603365979169,0.112818956375122,0.1362593173980713,0.12726926803588864,0.11325513720512383,0.13562347292900084,10,0.0,0.0,0,0,0.0,0.0,0.0,10,,,,,,,,0,,,,,,,,0,,,,,,,,0,,,,,,,,0
196,0.0,0.0,0,0,0.0,0.0,0.0,10,0.6666666666666667,1.1702778228589004e-16,0.6666666666666666,0.6666666666666666,0.6666666666666666,0.6666666666666666,0.6666666666666666,10,0.13092465400695796,0.008630289041162647,0.1222312450408935,0.1472489833831787,0.1291139125823974,0.12242806553840631,0.14610400199890136,10,0.0,0.0,0,0,0.0,0.0,0.0,10,,,,,,,,0,,,,,,,,0,,,,,,,,0,,,,,,,,0
197,0.0,0.0,0,0,0.0,0.0,0.0,10,0.0,0.0,0.0,0.0,0.0,0.0,0.0,10,0.2842132568359375,0.007174542347007699,0.2724213600158691,0.2960577011108398,0.28359985351562494,0.2738476514816284,0.2956782758235931,10,0.0,0.0,0,0,0.0,0.0,0.0,10,,,,,,,,0,,,,,,,,0,,,,,,,,0,,,,,,,,0
198,0.0,0.0,0,0,0.0,0.0,0.0,10,0.0,0.0,0.0,0.0,0.0,0.0,0.0,10,0.5094304084777832,0.005971751458614146,0.5043320655822754,0.5204124450683594,0.5062506198883057,0.5043368935585022,0.5200994312763214,10,0.0,0.0,0,0,0.0,0.0,0.0,10,,,,,,,,0,,,,,,,,0,,,,,,,,0,,,,,,,,0
199,0.0,0.0,0,0,0.0,0.0,0.0,10,0.0,0.0,0.0,0.0,0.0,0.0,0.0,10,0.12137849330902095,0.008942456566048286,0.109807014465332,0.1358637809753418,0.1187975406646728,0.11065378785133359,0.13584446907043457,10,0.0,0.0,0,0,0.0,0.0,0.0,10,,,,,,,,0,,,,,,,,0,,,,,,,,0,,,,,,,,0
200,0.0,0.0,0,0,0.0,0.0,0.0,10,0.0,0.0,0.0,0.0,0.0,0.0,0.0,10,0.3751800298690796,0.014726514464375088,0.3482985496520996,0.389934778213501,0.37674272060394287,0.35198326110839845,0.38986976146698,10,0.0,0.0,0,0,0.0,0.0,0.0,10,,,,,,,,0,,,,,,,,0,,,,,,,,0,,,,,,,,0
201,0.0,0.0,0,0,0.0,0.0,0.0,10,0.16666666666666657,2.925694557147251e-17,0.1666666666666666,0.1666666666666666,0.1666666666666666,0.1666666666666666,0.1666666666666666,10,0.3416870594024658,0.011049102830392833,0.3184773921966553,0.3584482669830322,0.341030478477478,0.3222659587860107,0.35729239583015443,10,0.0,0.0,0,0,0.0,0.0,0.0,10,,,,,,,,0,,,,,,,,0,,,,,,,,0,,,,,,,,0
202,0.0,0.0,0,0,0.0,0.0,0.0,10,0.1538461538461538,0.0,0.1538461538461538,0.1538461538461538,0.1538461538461538,0.1538461538461538,0.1538461538461538,10,0.31312220096588134,0.009569134425317687,0.2969636917114258,0.3266499042510986,0.3126184940338135,0.29875170588493344,0.32639648914337155,10,0.0,0.0,0,0,0.0,0.0,0.0,10,,,,,,,,0,,,,,,,,0,,,,,,,,0,,,,,,,,0
203,0.0,0.0,0,0,0.0,0.0,0.0,10,0.0,0.0,0.0,0.0,0.0,0.0,0.0,10,0.17963793277740475,0.005173594008967642,0.1745381355285644,0.1935310363769531,0.1784071922302246,0.17509898543357844,0.1906543672084808,10,0.0,0.0,0,0,0.0,0.0,0.0,10,,,,,,,,0,,,,,,,,0,,,,,,,,0,,,,,,,,0
204,0.0,0.0,0,0,0.0,0.0,0.0,10,0.0,0.0,0.0,0.0,0.0,0.0,0.0,10,0.28707692623138426,0.008911144635079388,0.2734832763671875,0.3010494709014892,0.28818309307098383,0.27415871024131777,0.3000829637050628,10,0.0,0.0,0,0,0.0,0.0,0.0,10,,,,,,,,0,,,,,,,,0,,,,,,,,0,,,,,,,,0
205,0.0,0.0,0,0,0.0,0.0,0.0,10,0.0,0.0,0.0,0.0,0.0,0.0,0.0,10,0.2478477716445923,0.008177703977925008,0.2318437099456787,0.2555851936340332,0.25082969665527344,0.23331179022789,0.25529986023902895,10,0.0,0.0,0,0,0.0,0.0,0.0,10,,,,,,,,0,,,,,,,,0,,,,,,,,0,,,,,,,,0
206,0.0,0.0,0,0,0.0,0.0,0.0,10,0.0,0.0,0.0,0.0,0.0,0.0,0.0,10,0.5862266540527343,0.010037540322084454,0.5732719898223877,0.6034293174743652,0.5860254764556885,0.5739219963550568,0.601945948600769,10,0.0,0.0,0,0,0.0,0.0,0.0,10,,,,,,,,0,,,,,,,,0,,,,,,,,0,,,,,,,,0
207,0.0,0.0,0,0,0.0,0.0,0.0,10,0.0,0.0,0.0,0.0,0.0,0.0,0.0,10,0.33941500186920165,0.006871045851445548,0.3300685882568359,0.3499641418457031,0.3390921354293823,0.3305971443653106,0.3496679186820984,10,0.0,0.0,0,0,0.0,0.0,0.0,10,,,,,,,,0,,,,,,,,0,,,,,,,,0,,,,,,,,0
208,0.0,0.0,0,0,0.0,0.0,0.0,10,0.0,0.0,0.0,0.0,0.0,0.0,0.0,10,0.2956742286682129,0.010253246617228859,0.2750792503356933,0.3052937984466553,0.2986761331558227,0.2766342341899871,0.3050517559051514,10,0.0,0.0,0,0,0.0,0.0,0.0,10,,,,,,,,0,,,,,,,,0,,,,,,,,0,,,,,,,,0
209,0.0,0.0,0,0,0.0,0.0,0.0,10,0.0,0.0,0.0,0.0,0.0,0.0,0.0,10,0.12294723987579341,0.010906249728563617,0.102288007736206,0.1363005638122558,0.12868905067443845,0.10430679917335504,0.13498429656028743,10,0.0,0.0,0,0,0.0,0.0,0.0,10,,,,,,,,0,,,,,,,,0,,,,,,,,0,,,,,,,,0
210,0.0,0.0,0,0,0.0,0.0,0.0,10,0.0,0.0,0.0,0.0,0.0,0.0,0.0,10,0.12940788269042963,0.006971736503250281,0.1186809539794921,0.1389265060424804,0.130447506904602,0.11885958909988395,0.13851773738861078,10,0.0,0.0,0,0,0.0,0.0,0.0,10,,,,,,,,0,,,,,,,,0,,,,,,,,0,,,,,,,,0
211,0.0,0.0,0,0,0.0,0.0,0.0,10,0.0,0.0,0.0,0.0,0.0,0.0,0.0,10,0.24250493049621577,0.0055294956390192765,0.2340102195739746,0.2485954761505127,0.24393320083618159,0.2341151475906372,0.2484026253223419,10,0.0,0.0,0,0,0.0,0.0,0.0,10,,,,,,,,0,,,,,,,,0,,,,,,,,0,,,,,,,,0
212,0.0,0.0,0,0,0.0,0.0,0.0,10,0.0,0.0,0.0,0.0,0.0,0.0,0.0,10,0.6350661277770996,0.005452792221816116,0.6275379657745361,0.6422011852264404,0.6338729858398438,0.6280042409896851,0.6421969473361969,10,0.0,0.0,0,0,0.0,0.0,0.0,10,,,,,,,,0,,,,,,,,0,,,,,,,,0,,,,,,,,0
213,0.0,0.0,0,0,0.0,0.0,0.0,10,0.36363636363636365,5.851389114294502e-17,0.3636363636363636,0.3636363636363636,0.3636363636363636,0.3636363636363636,0.3636363636363636,10,0.27087252140045165,0.009901506903292893,0.2524604797363281,0.2873859405517578,0.27239966392517084,0.2538405299186707,0.2855054974555969,10,0.0,0.0,0,0,0.0,0.0,0.0,10,,,,,,,,0,,,,,,,,0,,,,,,,,0,,,,,,,,0
214,0.0,0.0,0,0,0.0,0.0,0.0,10,0.0,0.0,0.0,0.0,0.0,0.0,0.0,10,0.14893074035644527,0.007896475415991023,0.1365613937377929,0.1613016128540039,0.14900684356689445,0.1370913445949554,0.15999215841293335,10,0.0,0.0,0,0,0.0,0.0,0.0,10,,,,,,,,0,,,,,,,,0,,,,,,,,0,,,,,,,,0
215,0.0,0.0,0,0,0.0,0.0,0.0,10,0.0,0.0,0.0,0.0,0.0,0.0,0.0,10,0.11907303333282467,0.011381240206526148,0.100992202758789,0.1334812641143798,0.1231117248535156,0.10209743380546563,0.13274113535881035,10,0.0,0.0,0,0,0.0,0.0,0.0,10,,,,,,,,0,,,,,,,,0,,,,,,,,0,,,,,,,,0
216,0.0,0.0,0,0,0.0,0.0,0.0,10,0.0,0.0,0.0,0.0,0.0,0.0,0.0,10,0.3883089303970337,0.010796722535773356,0.365795373916626,0.3999993801116943,0.3878329992294311,0.36817470788955686,0.3996345996856689,10,0.0,0.0,0,0,0.0,0.0,0.0,10,,,,,,,,0,,,,,,,,0,,,,,,,,0,,,,,,,,0
217,1.0,0.0,1,1,1.0,1.0,1.0,10,1.0,0.0,1.0,1.0,1.0,1.0,1.0,10,0.1306415796279907,0.010751202508786788,0.1175909042358398,0.1473488807678222,0.1320817470550537,0.11760399341583248,0.1458737194538116,10,0.0,0.0,0,0,0.0,0.0,0.0,10,,,,,,,,0,,,,,,,,0,,,,,,,,0,,,,,,,,0
218,0.0,0.0,0,0,0.0,0.0,0.0,10,0.1428571428571428,0.0,0.1428571428571428,0.1428571428571428,0.1428571428571428,0.1428571428571428,0.1428571428571428,10,0.30868353843688967,0.009433293513158147,0.2941198348999023,0.3280937671661377,0.3091961145401001,0.2955130815505981,0.32486910820007325,10,0.0,0.0,0,0,0.0,0.0,0.0,10,,,,,,,,0,,,,,,,,0,,,,,,,,0,,,,,,,,0
219,0.0,0.0,0,0,0.0,0.0,0.0,10,0.0,0.0,0.0,0.0,0.0,0.0,0.0,10,0.2282013177871704,0.00869615354532698,0.2120795249938964,0.2419798374176025,0.22961485385894775,0.21373316049575797,0.24056368470191955,10,0.0,0.0,0,0,0.0,0.0,0.0,10,,,,,,,,0,,,,,,,,0,,,,,,,,0,,,,,,,,0
220,0.0,0.0,0,0,0.0,0.0,0.0,10,0.0,0.0,0.0,0.0,0.0,0.0,0.0,10,0.1626075506210327,0.004567591712634727,0.1575489044189453,0.1698181629180908,0.1610838174819946,0.1576763093471527,0.16958336234092708,10,0.0,0.0,0,0,0.0,0.0,0.0,10,,,,,,,,0,,,,,,,,0,,,,,,,,0,,,,,,,,0
221,0.0,0.0,0,0,0.0,0.0,0.0,10,0.5,0.0,0.5,0.5,0.5,0.5,0.5,10,0.16732060909271235,0.008933267657718293,0.1487512588500976,0.1816396713256836,0.16826140880584717,0.15171011090278622,0.18006682395935056,10,0.0,0.0,0,0,0.0,0.0,0.0,10,,,,,,,,0,,,,,,,,0,,,,,,,,0,,,,,,,,0
222,0.0,0.0,0,0,0.0,0.0,0.0,10,0.0,0.0,0.0,0.0,0.0,0.0,0.0,10,0.17693569660186764,0.009087262430071434,0.1624135971069336,0.1871035099029541,0.17772090435028076,0.16308887004852293,0.1869929492473602,10,0.0,0.0,0,0,0.0,0.0,0.0,10,,,,,,,,0,,,,,,,,0,,,,,,,,0,,,,,,,,0
223,0.0,0.0,0,0,0.0,0.0,0.0,10,0.0,0.0,0.0,0.0,0.0,0.0,0.0,10,0.17621126174926757,0.00753744544790982,0.1612887382507324,0.1862013339996338,0.1749341487884521,0.16358149051666257,0.1859716832637787,10,0.0,0.0,0,0,0.0,0.0,0.0,10,,,,,,,,0,,,,,,,,0,,,,,,,,0,,,,,,,,0
224,0.0,0.0,0,0,0.0,0.0,0.0,10,0.6666666666666667,1.1702778228589004e-16,0.6666666666666666,0.6666666666666666,0.6666666666666666,0.6666666666666666,0.6666666666666666,10,0.2139142513275146,0.006782819698551837,0.202286958694458,0.223478078842163,0.2155107259750366,0.20296121239662168,0.22285800576210016,10,0.0,0.0,0,0,0.0,0.0,0.0,10,,,,,,,,0,,,,,,,,0,,,,,,,,0,,,,,,,,0
225,0.0,0.0,0,0,0.0,0.0,0.0,10,0.0,0.0,0.0,0.0,0.0,0.0,0.0,10,0.42726147174835205,0.011645266433862747,0.4062132835388183,0.444472074508667,0.4259408712387085,0.409004658460617,0.44315838217735287,10,0.0,0.0,0,0,0.0,0.0,0.0,10,,,,,,,,0,,,,,,,,0,,,,,,,,0,,,,,,,,0
226,0.0,0.0,0,0,0.0,0.0,0.0,10,0.0,0.0,0.0,0.0,0.0,0.0,0.0,10,0.21858150959014888,0.005654238450308153,0.2102441787719726,0.2265629768371582,0.22025191783905024,0.21048257350921626,0.22575203776359556,10,0.0,0.0,0,0,0.0,0.0,0.0,10,,,,,,,,0,,,,,,,,0,,,,,,,,0,,,,,,,,0
227,0.0,0.0,0,0,0.0,0.0,0.0,10,0.1333333333333333,0.0,0.1333333333333333,0.1333333333333333,0.1333333333333333,0.1333333333333333,0.1333333333333333,10,0.22231004238128657,0.009630369805366922,0.2105939388275146,0.2360682487487793,0.2216922044754028,0.21076501011848445,0.2357585072517395,10,0.0,0.0,0,0,0.0,0.0,0.0,10,,,,,,,,0,,,,,,,,0,,,,,,,,0,,,,,,,,0
228,0.0,0.0,0,0,0.0,0.0,0.0,10,0.0,0.0,0.0,0.0,0.0,0.0,0.0,10,0.14335503578186032,0.008981270025441482,0.1250028610229492,0.1571691036224365,0.14327514171600336,0.12784337401390072,0.15626165866851804,10,0.0,0.0,0,0,0.0,0.0,0.0,10,,,,,,,,0,,,,,,,,0,,,,,,,,0,,,,,,,,0
229,0.0,0.0,0,0,0.0,0.0,0.0,10,0.0,0.0,0.0,0.0,0.0,0.0,0.0,10,0.29375813007354734,0.006190538145135462,0.2825779914855957,0.3004472255706787,0.295367956161499,0.2832596480846405,0.3001224100589752,10,0.0,0.0,0,0,0.0,0.0,0.0,10,,,,,,,,0,,,,,,,,0,,,,,,,,0,,,,,,,,0
230,0.0,0.0,0,0,0.0,0.0,0.0,10,0.0,0.0,0.0,0.0,0.0,0.0,0.0,10,0.13268127441406247,0.005617892664076173,0.1252751350402832,0.1444861888885498,0.1320888996124267,0.1259070098400116,0.1430429458618164,10,0.0,0.0,0,0,0.0,0.0,0.0,10,,,,,,,,0,,,,,,,,0,,,,,,,,0,,,,,,,,0
231,1.0,0.0,1,1,1.0,1.0,1.0,10,1.0,0.0,1.0,1.0,1.0,1.0,1.0,10,0.13406815528869626,0.010897913793182685,0.1138629913330078,0.1518950462341308,0.13680231571197504,0.11607377529144286,0.15036565065383908,10,0.0,0.0,0,0,0.0,0.0,0.0,10,,,,,,,,0,,,,,,,,0,,,,,,,,0,,,,,,,,0
232,0.0,0.0,0,0,0.0,0.0,0.0,10,0.0,0.0,0.0,0.0,0.0,0.0,0.0,10,0.11366319656372063,0.006881050035979994,0.102750539779663,0.1220691204071044,0.11541676521301265,0.1027633070945739,0.12195480465888968,10,0.0,0.0,0,0,0.0,0.0,0.0,10,,,,,,,,0,,,,,,,,0,,,,,,,,0,,,,,,,,0
233,0.0,0.0,0,0,0.0,0.0,0.0,10,0.2222222222222221,0.0,0.2222222222222221,0.2222222222222221,0.2222222222222221,0.2222222222222221,0.2222222222222221,10,0.6037294149398804,0.010350443906830058,0.5856301784515381,0.6159451007843018,0.6029030084609985,0.5878315210342407,0.6158391535282135,10,0.0,0.0,0,0,0.0,0.0,0.0,10,,,,,,,,0,,,,,,,,0,,,,,,,,0,,,,,,,,0
234,0.0,0.0,0,0,0.0,0.0,0.0,10,0.08333333333333329,1.4628472785736255e-17,0.0833333333333333,0.0833333333333333,0.0833333333333333,0.0833333333333333,0.0833333333333333,10,0.5652354717254638,0.00962429208194213,0.5485436916351318,0.5797412395477295,0.565193772315979,0.5497947812080384,0.5785270571708679,10,0.0,0.0,0,0,0.0,0.0,0.0,10,,,,,,,,0,,,,,,,,0,,,,,,,,0,,,,,,,,0
235,1.0,0.0,1,1,1.0,1.0,1.0,10,1.0,0.0,1.0,1.0,1.0,1.0,1.0,10,0.12198152542114253,0.006856667338901594,0.1105575561523437,0.1318264007568359,0.1217032670974731,0.11153715252876276,0.1314819514751434,10,0.0,0.0,0,0,0.0,0.0,0.0,10,,,,,,,,0,,,,,,,,0,,,,,,,,0,,,,,,,,0
236,0.0,0.0,0,0,0.0,0.0,0.0,10,0.07407407407407399,1.4628472785736255e-17,0.074074074074074,0.074074074074074,0.074074074074074,0.074074074074074,0.074074074074074,10,0.6311936378479004,0.007104805591151956,0.6215348243713379,0.6408042907714844,0.6311242580413818,0.6215350925922394,0.6404141902923584,10,0.0,0.0,0,0,0.0,0.0,0.0,10,,,,,,,,0,,,,,,,,0,,,,,,,,0,,,,,,,,0
237,0.0,0.0,0,0,0.0,0.0,0.0,10,0.2857142857142857,0.0,0.2857142857142857,0.2857142857142857,0.2857142857142857,0.2857142857142857,0.2857142857142857,10,0.605597710609436,0.00793809662616351,0.5972058773040771,0.6239168643951416,0.6047567129135132,0.5972612380981446,0.6206564247608185,10,0.0,0.0,0,0,0.0,0.0,0.0,10,,,,,,,,0,,,,,,,,0,,,,,,,,0,,,,,,,,0
238,0.0,0.0,0,0,0.0,0.0,0.0,10,0.0,0.0,0.0,0.0,0.0,0.0,0.0,10,0.13422148227691647,0.010470892280501118,0.1164667606353759,0.1521375179290771,0.13829183578491205,0.1179405272006988,0.14948663711547847,10,0.0,0.0,0,0,0.0,0.0,0.0,10,,,,,,,,0,,,,,,,,0,,,,,,,,0,,,,,,,,0
239,0.0,0.0,0,0,0.0,0.0,0.0,10,0.25,0.0,0.25,0.25,0.25,0.25,0.25,10,0.2370693683624267,0.009646122842819184,0.2261610031127929,0.2483296394348144,0.2354575395584106,0.22638942003250118,0.24831424355506893,10,0.0,0.0,0,0,0.0,0.0,0.0,10,,,,,,,,0,,,,,,,,0,,,,,,,,0,,,,,,,,0
240,1.0,0.0,1,1,1.0,1.0,1.0,10,1.0,0.0,1.0,1.0,1.0,1.0,1.0,10,0.15362887382507323,0.010147163626335142,0.1352901458740234,0.1668562889099121,0.155871033668518,0.13690623044967648,0.16597689986228942,10,0.0,0.0,0,0,0.0,0.0,0.0,10,,,,,,,,0,,,,,,,,0,,,,,,,,0,,,,,,,,0
241,0.0,0.0,0,0,0.0,0.0,0.0,10,0.0,0.0,0.0,0.0,0.0,0.0,0.0,10,0.1339058876037597,0.007404852022987422,0.1233313083648681,0.1446495056152343,0.13470840454101557,0.12419750094413752,0.14451303482055658,10,0.0,0.0,0,0,0.0,0.0,0.0,10,,,,,,,,0,,,,,,,,0,,,,,,,,0,,,,,,,,0
242,0.0,0.0,0,0,0.0,0.0,0.0,10,0.25,0.0,0.25,0.25,0.25,0.25,0.25,10,0.3466712474822998,0.009256581234383015,0.3304259777069092,0.3603761196136474,0.34597134590148926,0.3326652467250824,0.36033057570457455,10,0.0,0.0,0,0,0.0,0.0,0.0,10,,,,,,,,0,,,,,,,,0,,,,,,,,0,,,,,,,,0
243,0.0,0.0,0,0,0.0,0.0,0.0,10,0.0,0.0,0.0,0.0,0.0,0.0,0.0,10,0.4190139532089233,0.00851282522113042,0.4059705734252929,0.4361355304718017,0.4189732074737549,0.40676128864288325,0.4339165389537811,10,0.0,0.0,0,0,0.0,0.0,0.0,10,,,,,,,,0,,,,,,,,0,,,,,,,,0,,,,,,,,0
244,0.0,0.0,0,0,0.0,0.0,0.0,10,0.1333333333333333,0.0,0.1333333333333333,0.1333333333333333,0.1333333333333333,0.1333333333333333,0.1333333333333333,10,0.5958240270614624,0.008823733937575682,0.5788805484771729,0.6109945774078369,0.5950865745544434,0.5813743054866791,0.6093647599220275,10,0.0,0.0,0,0,0.0,0.0,0.0,10,,,,,,,,0,,,,,,,,0,,,,,,,,0,,,,,,,,0
245,0.0,0.0,0,0,0.0,0.0,0.0,10,0.0,0.0,0.0,0.0,0.0,0.0,0.0,10,0.22647635936737057,0.009763366617318109,0.2074954509735107,0.2398557662963867,0.22666537761688227,0.21018055677413935,0.2397674143314361,10,0.0,0.0,0,0,0.0,0.0,0.0,10,,,,,,,,0,,,,,,,,0,,,,,,,,0,,,,,,,,0
246,0.0,0.0,0,0,0.0,0.0,0.0,10,0.0,0.0,0.0,0.0,0.0,0.0,0.0,10,0.13796150684356684,0.005879203984617405,0.1281690597534179,0.145571231842041,0.139289379119873,0.12858061790466302,0.14545300006866452,10,0.0,0.0,0,0,0.0,0.0,0.0,10,,,,,,,,0,,,,,,,,0,,,,,,,,0,,,,,,,,0
247,0.0,0.0,0,0,0.0,0.0,0.0,10,0.0,0.0,0.0,0.0,0.0,0.0,0.0,10,0.9766775131225586,0.01140999306704887,0.9592788219451904,0.9936027526855468,0.9749804735183716,0.9601428151130676,0.9922294080257414,10,0.0,0.0,0,0,0.0,0.0,0.0,10,,,,,,,,0,,,,,,,,0,,,,,,,,0,,,,,,,,0
248,0.0,0.0,0,0,0.0,0.0,0.0,10,0.2,0.0,0.2,0.2,0.2,0.2,0.2,10,0.24024851322174073,0.009845265498052804,0.2229485511779785,0.255345344543457,0.24014365673065186,0.22520015835762022,0.2552853167057037,10,0.0,0.0,0,0,0.0,0.0,0.0,10,,,,,,,,0,,,,,,,,0,,,,,,,,0,,,,,,,,0
249,0.0,0.0,0,0,0.0,0.0,0.0,10,0.2352941176470588,0.0,0.2352941176470588,0.2352941176470588,0.2352941176470588,0.2352941176470588,0.2352941176470588,10,0.32483611106872556,0.007187856189676392,0.3106491565704345,0.3333063125610351,0.3273462057113647,0.312208217382431,0.3329384207725524,10,0.0,0.0,0,0,0.0,0.0,0.0,10,,,,,,,,0,,,,,,,,0,,,,,,,,0,,,,,,,,0
250,0.0,0.0,0,0,0.0,0.0,0.0,10,0.08333333333333329,1.4628472785736255e-17,0.0833333333333333,0.0833333333333333,0.0833333333333333,0.0833333333333333,0.0833333333333333,10,0.498466944694519,0.009220997304076457,0.4805188179016113,0.5125432014465332,0.4987022876739502,0.48235296607017514,0.5119354128837585,10,0.0,0.0,0,0,0.0,0.0,0.0,10,,,,,,,,0,,,,,,,,0,,,,,,,,0,,,,,,,,0
251,0.0,0.0,0,0,0.0,0.0,0.0,10,0.0,0.0,0.0,0.0,0.0,0.0,0.0,10,0.155223274230957,0.005263475677459291,0.1461899280548095,0.1644051074981689,0.15633726119995117,0.1468711555004119,0.1633006811141967,10,0.0,0.0,0,0,0.0,0.0,0.0,10,,,,,,,,0,,,,,,,,0,,,,,,,,0,,,,,,,,0
252,0.0,0.0,0,0,0.0,0.0,0.0,10,0.0,0.0,0.0,0.0,0.0,0.0,0.0,10,0.34995479583740235,0.01193613467364368,0.3239839076995849,0.3611578941345215,0.3550074100494385,0.3266559779644012,0.3606205940246582,10,0.0,0.0,0,0,0.0,0.0,0.0,10,,,,,,,,0,,,,,,,,0,,,,,,,,0,,,,,,,,0
253,0.0,0.0,0,0,0.0,0.0,0.0,10,0.0,0.0,0.0,0.0,0.0,0.0,0.0,10,0.3499594688415527,0.007734410541492567,0.3352253437042236,0.361870527267456,0.35132038593292236,0.3371087372303009,0.3609394252300262,10,0.0,0.0,0,0,0.0,0.0,0.0,10,,,,,,,,0,,,,,,,,0,,,,,,,,0,,,,,,,,0
254,0.0,0.0,0,0,0.0,0.0,0.0,10,0.0,0.0,0.0,0.0,0.0,0.0,0.0,10,0.30535268783569336,0.00822920230046361,0.2909820079803467,0.3171231746673584,0.30521905422210693,0.29156088232994076,0.3164373874664307,10,0.0,0.0,0,0,0.0,0.0,0.0,10,,,,,,,,0,,,,,,,,0,,,,,,,,0,,,,,,,,0
255,0.0,0.0,0,0,0.0,0.0,0.0,10,0.2857142857142857,0.0,0.2857142857142857,0.2857142857142857,0.2857142857142857,0.2857142857142857,0.2857142857142857,10,0.23424875736236572,0.011155397610916024,0.2185044288635254,0.2495961189270019,0.2304308414459228,0.21939379572868348,0.24920532107353205,10,0.0,0.0,0,0,0.0,0.0,0.0,10,,,,,,,,0,,,,,,,,0,,,,,,,,0,,,,,,,,0
256,0.0,0.0,0,0,0.0,0.0,0.0,10,0.0,0.0,0.0,0.0,0.0,0.0,0.0,10,0.12062397003173823,0.008903244602616298,0.1045722961425781,0.1348600387573242,0.12183618545532221,0.10592402219772337,0.13334040641784664,10,0.0,0.0,0,0,0.0,0.0,0.0,10,,,,,,,,0,,,,,,,,0,,,,,,,,0,,,,,,,,0
257,0.0,0.0,0,0,0.0,0.0,0.0,10,0.2,0.0,0.2,0.2,0.2,0.2,0.2,10,0.13007180690765377,0.006589563015410803,0.1223726272583007,0.1434519290924072,0.13089644908905024,0.1224201023578643,0.14160769581794738,10,0.0,0.0,0,0,0.0,0.0,0.0,10,,,,,,,,0,,,,,,,,0,,,,,,,,0,,,,,,,,0
258,0.0,0.0,0,0,0.0,0.0,0.0,10,0.0,0.0,0.0,0.0,0.0,0.0,0.0,10,0.14810574054718012,0.008527547475675091,0.1377842426300048,0.1658616065979004,0.14711534976959223,0.13833543658256522,0.16403496861457822,10,0.0,0.0,0,0,0.0,0.0,0.0,10,,,,,,,,0,,,,,,,,0,,,,,,,,0,,,,,,,,0
259,0.0,0.0,0,0,0.0,0.0,0.0,10,0.0,0.0,0.0,0.0,0.0,0.0,0.0,10,0.25433218479156494,0.006520658549234391,0.2461543083190918,0.264869213104248,0.2538738250732422,0.24617415666580197,0.2639877319335937,10,0.0,0.0,0,0,0.0,0.0,0.0,10,,,,,,,,0,,,,,,,,0,,,,,,,,0,,,,,,,,0
260,0.0,0.0,0,0,0.0,0.0,0.0,10,0.0,0.0,0.0,0.0,0.0,0.0,0.0,10,0.1445290088653564,0.008895400608020847,0.133047342300415,0.1601123809814453,0.14117765426635742,0.1337914407253265,0.1593112587928772,10,0.0,0.0,0,0,0.0,0.0,0.0,10,,,,,,,,0,,,,,,,,0,,,,,,,,0,,,,,,,,0
261,0.0,0.0,0,0,0.0,0.0,0.0,10,0.0,0.0,0.0,0.0,0.0,0.0,0.0,10,0.3278433561325073,0.01037609199597356,0.3123576641082763,0.3418688774108886,0.3276329040527344,0.31356036663055414,0.34173015356063835,10,0.0,0.0,0,0,0.0,0.0,0.0,10,,,,,,,,0,,,,,,,,0,,,,,,,,0,,,,,,,,0
262,0.0,0.0,0,0,0.0,0.0,0.0,10,0.064516129032258,0.0,0.064516129032258,0.064516129032258,0.064516129032258,0.064516129032258,0.064516129032258,10,0.674431848526001,0.008137339452161552,0.6636319160461426,0.684058666229248,0.6747584342956543,0.6640486240386962,0.6840180575847625,10,0.0,0.0,0,0,0.0,0.0,0.0,10,,,,,,,,0,,,,,,,,0,,,,,,,,0,,,,,,,,0
263,0.0,0.0,0,0,0.0,0.0,0.0,10,0.0,0.0,0.0,0.0,0.0,0.0,0.0,10,0.48425486087799074,0.008802710864745754,0.4696404933929443,0.4950363636016845,0.484897255897522,0.47053554654121393,0.4946518421173095,10,0.0,0.0,0,0,0.0,0.0,0.0,10,,,,,,,,0,,,,,,,,0,,,,,,,,0,,,,,,,,0
264,0.0,0.0,0,0,0.0,0.0,0.0,10,0.0,0.0,0.0,0.0,0.0,0.0,0.0,10,0.18730978965759273,0.01148518584530194,0.1644041538238525,0.2031576633453369,0.18807888031005854,0.16712273359298704,0.20237172245979307,10,0.0,0.0,0,0,0.0,0.0,0.0,10,,,,,,,,0,,,,,,,,0,,,,,,,,0,,,,,,,,0
265,0.0,0.0,0,0,0.0,0.0,0.0,10,0.0952380952380952,0.0,0.0952380952380952,0.0952380952380952,0.0952380952380952,0.0952380952380952,0.0952380952380952,10,0.40680484771728515,0.008657104479365713,0.3973889350891113,0.4195210933685303,0.4036784172058105,0.39780880808830255,0.4193422436714172,10,0.0,0.0,0,0,0.0,0.0,0.0,10,,,,,,,,0,,,,,,,,0,,,,,,,,0,,,,,,,,0
266,0.0,0.0,0,0,0.0,0.0,0.0,10,0.0,0.0,0.0,0.0,0.0,0.0,0.0,10,0.15581953525543207,0.011343744490677167,0.1325562000274658,0.1724913120269775,0.15658652782440186,0.13485356569290158,0.17127691507339474,10,0.0,0.0,0,0,0.0,0.0,0.0,10,,,,,,,,0,,,,,,,,0,,,,,,,,0,,,,,,,,0
267,0.0,0.0,0,0,0.0,0.0,0.0,10,0.0,0.0,0.0,0.0,0.0,0.0,0.0,10,0.13337643146514888,0.007063741547044004,0.1175205707550048,0.1411709785461425,0.13410401344299316,0.12007993459701531,0.14110698103904717,10,0.0,0.0,0,0,0.0,0.0,0.0,10,,,,,,,,0,,,,,,,,0,,,,,,,,0,,,,,,,,0
268,0.0,0.0,0,0,0.0,0.0,0.0,10,0.0,0.0,0.0,0.0,0.0,0.0,0.0,10,0.4001262426376343,0.009391757844394435,0.3887410163879394,0.4146795272827148,0.39837646484374994,0.38939660191535946,0.4145685911178588,10,0.0,0.0,0,0,0.0,0.0,0.0,10,,,,,,,,0,,,,,,,,0,,,,,,,,0,,,,,,,,0
269,0.0,0.0,0,0,0.0,0.0,0.0,10,0.0,0.0,0.0,0.0,0.0,0.0,0.0,10,0.1568233966827392,0.01067513435484823,0.1327087879180908,0.1697432994842529,0.15686106681823725,0.13649649620056148,0.16945506930351253,10,0.0,0.0,0,0,0.0,0.0,0.0,10,,,,,,,,0,,,,,,,,0,,,,,,,,0,,,,,,,,0
270,0.0,0.0,0,0,0.0,0.0,0.0,10,0.0,0.0,0.0,0.0,0.0,0.0,0.0,10,0.13151683807373044,0.009083483718147583,0.1123561859130859,0.1449091434478759,0.13427996635437012,0.11513377428054805,0.14377607107162468,10,0.0,0.0,0,0,0.0,0.0,0.0,10,,,,,,,,0,,,,,,,,0,,,,,,,,0,,,,,,,,0
271,0.0,0.0,0,0,0.0,0.0,0.0,10,0.0,0.0,0.0,0.0,0.0,0.0,0.0,10,0.22795460224151612,0.006170258627090625,0.2175960540771484,0.2370164394378662,0.22801971435546875,0.21868449449539182,0.2367091655731201,10,0.0,0.0,0,0,0.0,0.0,0.0,10,,,,,,,,0,,,,,,,,0,,,,,,,,0,,,,,,,,0
272,0.0,0.0,0,0,0.0,0.0,0.0,10,0.0,0.0,0.0,0.0,0.0,0.0,0.0,10,0.5223100185394287,0.008166362772552904,0.5095169544219971,0.5350415706634521,0.5243589878082275,0.5102995693683624,0.5337836146354675,10,0.0,0.0,0,0,0.0,0.0,0.0,10,,,,,,,,0,,,,,,,,0,,,,,,,,0,,,,,,,,0
273,0.0,0.0,0,0,0.0,0.0,0.0,10,0.33333333333333337,5.851389114294502e-17,0.3333333333333333,0.3333333333333333,0.3333333333333333,0.3333333333333333,0.3333333333333333,10,0.30887277126312257,0.008260729526770542,0.2975916862487793,0.3201231956481933,0.31033003330230713,0.2976526260375976,0.3198798656463622,10,0.0,0.0,0,0,0.0,0.0,0.0,10,,,,,,,,0,,,,,,,,0,,,,,,,,0,,,,,,,,0
274,0.0,0.0,0,0,0.0,0.0,0.0,10,0.18181818181818182,2.925694557147251e-17,0.1818181818181818,0.1818181818181818,0.1818181818181818,0.1818181818181818,0.1818181818181818,10,0.42194013595581054,0.0069352013514854625,0.4140138626098633,0.4363996982574463,0.42100036144256586,0.4143365859985352,0.4349732995033264,10,0.0,0.0,0,0,0.0,0.0,0.0,10,,,,,,,,0,,,,,,,,0,,,,,,,,0,,,,,,,,0
275,0.0,0.0,0,0,0.0,0.0,0.0,10,0.0,0.0,0.0,0.0,0.0,0.0,0.0,10,0.17863495349884032,0.008155175577853306,0.170116901397705,0.1915163993835449,0.1769956350326538,0.17021308541297905,0.19122081995010373,10,0.0,0.0,0,0,0.0,0.0,0.0,10,,,,,,,,0,,,,,,,,0,,,,,,,,0,,,,,,,,0
276,0.0,0.0,0,0,0.0,0.0,0.0,10,0.1,0.0,0.1,0.1,0.1,0.1,0.1,10,0.34278552532196044,0.008281274936164975,0.3328645229339599,0.3578486442565918,0.34195816516876215,0.3331707775592804,0.35637434124946593,10,0.0,0.0,0,0,0.0,0.0,0.0,10,,,,,,,,0,,,,,,,,0,,,,,,,,0,,,,,,,,0
277,0.0,0.0,0,0,0.0,0.0,0.0,10,0.0,0.0,0.0,0.0,0.0,0.0,0.0,10,0.13071675300598146,0.009665187431618823,0.1224362850189209,0.1467447280883789,0.1258149147033691,0.12250924110412598,0.14668936729431153,10,0.0,0.0,0,0,0.0,0.0,0.0,10,,,,,,,,0,,,,,,,,0,,,,,,,,0,,,,,,,,0
278,0.0,0.0,0,0,0.0,0.0,0.0,10,0.0,0.0,0.0,0.0,0.0,0.0,0.0,10,0.1380273818969726,0.009447716025275874,0.1236920356750488,0.1525235176086425,0.1400153636932373,0.12457877397537229,0.15204495787620537,10,0.0,0.0,0,0,0.0,0.0,0.0,10,,,,,,,,0,,,,,,,,0,,,,,,,,0,,,,,,,,0
279,0.0,0.0,0,0,0.0,0.0,0.0,10,0.0,0.0,0.0,0.0,0.0,0.0,0.0,10,0.38410656452178954,0.009782322712718564,0.3705158233642578,0.4011445045471191,0.3808326721191406,0.37185006141662597,0.40023105144500726,10,0.0,0.0,0,0,0.0,0.0,0.0,10,,,,,,,,0,,,,,,,,0,,,,,,,,0,,,,,,,,0
280,0.0,0.0,0,0,0.0,0.0,0.0,10,0.0625,0.0,0.0625,0.0625,0.0625,0.0625,0.0625,10,0.43891148567199706,0.009118928878140021,0.4217503070831299,0.4488112926483154,0.4410160779953003,0.4224889874458313,0.44818778634071343,10,0.0,0.0,0,0,0.0,0.0,0.0,10,,,,,,,,0,,,,,,,,0,,,,,,,,0,,,,,,,,0
281,0.0,0.0,0,0,0.0,0.0,0.0,10,0.1052631578947368,0.0,0.1052631578947368,0.1052631578947368,0.1052631578947368,0.1052631578947368,0.1052631578947368,10,0.3531551122665405,0.006609392242461469,0.3413276672363281,0.3616347312927246,0.3523893356323242,0.34278571605682373,0.36154777407646177,10,0.0,0.0,0,0,0.0,0.0,0.0,10,,,,,,,,0,,,,,,,,0,,,,,,,,0,,,,,,,,0
282,0.0,0.0,0,0,0.0,0.0,0.0,10,0.1428571428571428,0.0,0.1428571428571428,0.1428571428571428,0.1428571428571428,0.1428571428571428,0.1428571428571428,10,0.18857183456420895,0.006881571266847146,0.1801848411560058,0.2032408714294433,0.18811345100402826,0.18062601089477534,0.20150440931320185,10,0.0,0.0,0,0,0.0,0.0,0.0,10,,,,,,,,0,,,,,,,,0,,,,,,,,0,,,,,,,,0
283,0.0,0.0,0,0,0.0,0.0,0.0,10,0.0,0.0,0.0,0.0,0.0,0.0,0.0,10,0.10926868915557857,0.005223997676564815,0.0994489192962646,0.117542028427124,0.1085716485977172,0.10080858469009395,0.11721785664558407,10,0.0,0.0,0,0,0.0,0.0,0.0,10,,,,,,,,0,,,,,,,,0,,,,,,,,0,,,,,,,,0
284,0.0,0.0,0,0,0.0,0.0,0.0,10,0.0,0.0,0.0,0.0,0.0,0.0,0.0,10,0.26898462772369386,0.009021324258894032,0.2538449764251709,0.2800607681274414,0.269894003868103,0.2547532260417938,0.27953773736953735,10,0.0,0.0,0,0,0.0,0.0,0.0,10,,,,,,,,0,,,,,,,,0,,,,,,,,0,,,,,,,,0
285,0.0,0.0,0,0,0.0,0.0,0.0,10,0.0,0.0,0.0,0.0,0.0,0.0,0.0,10,0.31580955982208253,0.0083942974455544,0.299375057220459,0.3270950317382812,0.3159363269805908,0.30066353678703306,0.32633349895477287,10,0.0,0.0,0,0,0.0,0.0,0.0,10,,,,,,,,0,,,,,,,,0,,,,,,,,0,,,,,,,,0
286,0.0,0.0,0,0,0.0,0.0,0.0,10,0.0,0.0,0.0,0.0,0.0,0.0,0.0,10,0.1847412109375,0.010485339945508201,0.1626574993133545,0.202472448348999,0.1854215860366821,0.1654740333557129,0.20037994980812068,10,0.0,0.0,0,0,0.0,0.0,0.0,10,,,,,,,,0,,,,,,,,0,,,,,,,,0,,,,,,,,0
287,0.0,0.0,0,0,0.0,0.0,0.0,10,0.0,0.0,0.0,0.0,0.0,0.0,0.0,10,0.3406835556030273,0.01127016567771465,0.3160009384155273,0.3579249382019043,0.3424355983734131,0.3194371700286865,0.35558674931526185,10,0.0,0.0,0,0,0.0,0.0,0.0,10,,,,,,,,0,,,,,,,,0,,,,,,,,0,,,,,,,,0
288,0.0,0.0,0,0,0.0,0.0,0.0,10,0.0,0.0,0.0,0.0,0.0,0.0,0.0,10,0.4934936285018921,0.006985414612335629,0.4828362464904785,0.5032694339752197,0.4915872812271118,0.48353683948516846,0.5028807282447815,10,0.0,0.0,0,0,0.0,0.0,0.0,10,,,,,,,,0,,,,,,,,0,,,,,,,,0,,,,,,,,0
289,0.0,0.0,0,0,0.0,0.0,0.0,10,0.0,0.0,0.0,0.0,0.0,0.0,0.0,10,0.15264945030212398,0.008869089040752228,0.1410856246948242,0.1660475730895996,0.15344429016113276,0.14156064391136167,0.16567646265029906,10,0.0,0.0,0,0,0.0,0.0,0.0,10,,,,,,,,0,,,,,,,,0,,,,,,,,0,,,,,,,,0
290,1.0,0.0,1,1,1.0,1.0,1.0,10,1.0,0.0,1.0,1.0,1.0,1.0,1.0,10,0.1319141864776611,0.009499202619918363,0.1185841560363769,0.14626145362854,0.13229238986968989,0.1193255186080932,0.14575022459030149,10,0.0,0.0,0,0,0.0,0.0,0.0,10,,,,,,,,0,,,,,,,,0,,,,,,,,0,,,,,,,,0
291,0.0,0.0,0,0,0.0,0.0,0.0,10,0.0,0.0,0.0,0.0,0.0,0.0,0.0,10,0.14867334365844725,0.008446912644485147,0.1379041671752929,0.165036916732788,0.1468125581741333,0.13816326856613154,0.1628879308700561,10,0.0,0.0,0,0,0.0,0.0,0.0,10,,,,,,,,0,,,,,,,,0,,,,,,,,0,,,,,,,,0
292,0.0,0.0,0,0,0.0,0.0,0.0,10,0.0,0.0,0.0,0.0,0.0,0.0,0.0,10,0.1555709362030029,0.006178121204498843,0.1490371227264404,0.1672379970550537,0.15488421916961664,0.14907435178756712,0.16634503602981568,10,0.0,0.0,0,0,0.0,0.0,0.0,10,,,,,,,,0,,,,,,,,0,,,,,,,,0,,,,,,,,0
293,0.0,0.0,0,0,0.0,0.0,0.0,10,0.0,0.0,0.0,0.0,0.0,0.0,0.0,10,0.22339122295379638,0.0062988977383406294,0.2152595520019531,0.2330460548400879,0.221432089805603,0.21564981341361997,0.23272992968559264,10,0.0,0.0,0,0,0.0,0.0,0.0,10,,,,,,,,0,,,,,,,,0,,,,,,,,0,,,,,,,,0
294,0.0,0.0,0,0,0.0,0.0,0.0,10,0.0,0.0,0.0,0.0,0.0,0.0,0.0,10,0.1741915225982666,0.00754100860857733,0.1636826992034912,0.186471939086914,0.17254114151000977,0.16418856382369995,0.1861204624176025,10,0.0,0.0,0,0,0.0,0.0,0.0,10,,,,,,,,0,,,,,,,,0,,,,,,,,0,,,,,,,,0
295,0.0,0.0,0,0,0.0,0.0,0.0,10,0.36363636363636365,5.851389114294502e-17,0.3636363636363636,0.3636363636363636,0.3636363636363636,0.3636363636363636,0.3636363636363636,10,0.23875174522399897,0.01041176891169841,0.2211694717407226,0.2537541389465332,0.23934578895568845,0.2222107589244842,0.25345035195350646,10,0.0,0.0,0,0,0.0,0.0,0.0,10,,,,,,,,0,,,,,,,,0,,,,,,,,0,,,,,,,,0
296,0.0,0.0,0,0,0.0,0.0,0.0,10,0.0,0.0,0.0,0.0,0.0,0.0,0.0,10,0.14268116950988768,0.010951977902227615,0.1238830089569091,0.1587073802947998,0.14109516143798825,0.12623589634895319,0.15815189480781555,10,0.0,0.0,0,0,0.0,0.0,0.0,10,,,,,,,,0,,,,,,,,0,,,,,,,,0,,,,,,,,0
297,0.0,0.0,0,0,0.0,0.0,0.0,10,0.0,0.0,0.0,0.0,0.0,0.0,0.0,10,0.4227020025253296,0.005893076106474904,0.4144973754882812,0.4324910640716553,0.42314934730529785,0.41484380960464473,0.43181841969490053,10,0.0,0.0,0,0,0.0,0.0,0.0,10,,,,,,,,0,,,,,,,,0,,,,,,,,0,,,,,,,,0
298,0.0,0.0,0,0,0.0,0.0,0.0,10,0.25,0.0,0.25,0.25,0.25,0.25,0.25,10,0.15196902751922603,0.013835904703652842,0.1317391395568847,0.1722071170806884,0.15376818180084223,0.13267013430595392,0.17095436453819268,10,0.0,0.0,0,0,0.0,0.0,0.0,10,,,,,,,,0,,,,,,,,0,,,,,,,,0,,,,,,,,0
299,0.0,0.0,0,0,0.0,0.0,0.0,10,0.0,0.0,0.0,0.0,0.0,0.0,0.0,10,0.21314857006072999,0.010354514588543163,0.1957569122314453,0.2263810634613037,0.2145804166793823,0.1968255579471588,0.22601853609085082,10,0.0,0.0,0,0,0.0,0.0,0.0,10,,,,,,,,0,,,,,,,,0,,,,,,,,0,,,,,,,,0
300,0.0,0.0,0,0,0.0,0.0,0.0,10,0.0,0.0,0.0,0.0,0.0,0.0,0.0,10,0.1475672960281372,0.007798535839443082,0.1379644870758056,0.1628048419952392,0.1463937759399414,0.13855940103530878,0.1610453128814697,10,0.0,0.0,0,0,0.0,0.0,0.0,10,,,,,,,,0,,,,,,,,0,,,,,,,,0,,,,,,,,0
301,0.0,0.0,0,0,0.0,0.0,0.0,10,0.0,0.0,0.0,0.0,0.0,0.0,0.0,10,0.1930029392242431,0.0111976539457438,0.1748063564300537,0.212104320526123,0.19408226013183588,0.1757728099822998,0.21005543470382684,10,0.0,0.0,0,0,0.0,0.0,0.0,10,,,,,,,,0,,,,,,,,0,,,,,,,,0,,,,,,,,0
302,0.0,0.0,0,0,0.0,0.0,0.0,10,0.0,0.0,0.0,0.0,0.0,0.0,0.0,10,0.15104861259460445,0.007585707796339672,0.1406822204589843,0.163090705871582,0.15138745307922358,0.14082598686218253,0.16279539465904233,10,0.0,0.0,0,0,0.0,0.0,0.0,10,,,,,,,,0,,,,,,,,0,,,,,,,,0,,,,,,,,0
303,0.0,0.0,0,0,0.0,0.0,0.0,10,0.2857142857142857,0.0,0.2857142857142857,0.2857142857142857,0.2857142857142857,0.2857142857142857,0.2857142857142857,10,0.15635042190551754,0.007901069146091181,0.1461122035980224,0.1691963672637939,0.15759086608886713,0.14657241702079768,0.1681451022624969,10,0.0,0.0,0,0,0.0,0.0,0.0,10,,,,,,,,0,,,,,,,,0,,,,,,,,0,,,,,,,,0
304,0.0,0.0,0,0,0.0,0.0,0.0,10,0.0,0.0,0.0,0.0,0.0,0.0,0.0,10,0.17126317024230953,0.009519938351388172,0.1569314002990722,0.1896631717681884,0.17020189762115476,0.15820341110229488,0.18757652044296258,10,0.0,0.0,0,0,0.0,0.0,0.0,10,,,,,,,,0,,,,,,,,0,,,,,,,,0,,,,,,,,0
305,0.0,0.0,0,0,0.0,0.0,0.0,10,0.0,0.0,0.0,0.0,0.0,0.0,0.0,10,0.13414375782012936,0.00917485797574199,0.1152994632720947,0.1465895175933838,0.13444817066192624,0.11748744845390316,0.145553058385849,10,0.0,0.0,0,0,0.0,0.0,0.0,10,,,,,,,,0,,,,,,,,0,,,,,,,,0,,,,,,,,0
306,0.0,0.0,0,0,0.0,0.0,0.0,10,0.25,0.0,0.25,0.25,0.25,0.25,0.25,10,0.16096119880676268,0.007851594115773906,0.1510419845581054,0.1756722927093505,0.15924537181854245,0.15175668597221367,0.1744839668273925,10,0.0,0.0,0,0,0.0,0.0,0.0,10,,,,,,,,0,,,,,,,,0,,,,,,,,0,,,,,,,,0
307,0.0,0.0,0,0,0.0,0.0,0.0,10,0.0,0.0,0.0,0.0,0.0,0.0,0.0,10,0.13577883243560787,0.006739637361532356,0.1258697509765625,0.1463496685028076,0.13510537147521964,0.12665011286735534,0.14613809585571286,10,0.0,0.0,0,0,0.0,0.0,0.0,10,,,,,,,,0,,,,,,,,0,,,,,,,,0,,,,,,,,0
308,0.0,0.0,0,0,0.0,0.0,0.0,10,0.888888888888889,0.0,0.888888888888889,0.888888888888889,0.888888888888889,0.888888888888889,0.888888888888889,10,0.18307886123657224,0.010703372557673535,0.1633810997009277,0.1944499015808105,0.18516921997070304,0.16476318836212156,0.19435929656028744,10,0.0,0.0,0,0,0.0,0.0,0.0,10,,,,,,,,0,,,,,,,,0,,,,,,,,0,,,,,,,,0
309,0.0,0.0,0,0,0.0,0.0,0.0,10,0.0,0.0,0.0,0.0,0.0,0.0,0.0,10,0.3417879819869995,0.00840200911084676,0.3271102905273437,0.3536319732666015,0.3416163921356201,0.3288668155670166,0.3531177937984466,10,0.0,0.0,0,0,0.0,0.0,0.0,10,,,,,,,,0,,,,,,,,0,,,,,,,,0,,,,,,,,0
310,0.0,0.0,0,0,0.0,0.0,0.0,10,0.1904761904761904,0.0,0.1904761904761904,0.1904761904761904,0.1904761904761904,0.1904761904761904,0.1904761904761904,10,0.4337515354156494,0.010903556777661768,0.4153392314910888,0.452268123626709,0.434161901473999,0.41700976490974423,0.45075310468673707,10,0.0,0.0,0,0,0.0,0.0,0.0,10,,,,,,,,0,,,,,,,,0,,,,,,,,0,,,,,,,,0
311,0.0,0.0,0,0,0.0,0.0,0.0,10,0.0,0.0,0.0,0.0,0.0,0.0,0.0,10,0.17107093334197992,0.009719542699497442,0.1572492122650146,0.1858534812927246,0.171940803527832,0.15776816606521601,0.18520304560661316,10,0.0,0.0,0,0,0.0,0.0,0.0,10,,,,,,,,0,,,,,,,,0,,,,,,,,0,,,,,,,,0
312,0.0,0.0,0,0,0.0,0.0,0.0,10,0.0,0.0,0.0,0.0,0.0,0.0,0.0,10,0.29650804996490476,0.007099891638363059,0.2803068161010742,0.3046562671661377,0.2993443012237549,0.2822044789791107,0.3039261162281036,10,0.0,0.0,0,0,0.0,0.0,0.0,10,,,,,,,,0,,,,,,,,0,,,,,,,,0,,,,,,,,0
313,0.0,0.0,0,0,0.0,0.0,0.0,10,0.0,0.0,0.0,0.0,0.0,0.0,0.0,10,0.4385224342346191,0.006505758131163916,0.4294719696044922,0.4529871940612793,0.4380757808685303,0.4299942493438721,0.45098304748535156,10,0.0,0.0,0,0,0.0,0.0,0.0,10,,,,,,,,0,,,,,,,,0,,,,,,,,0,,,,,,,,0
314,0.0,0.0,0,0,0.0,0.0,0.0,10,0.18181818181818182,2.925694557147251e-17,0.1818181818181818,0.1818181818181818,0.1818181818181818,0.1818181818181818,0.1818181818181818,10,0.24668493270874023,0.007778810103049502,0.2390589714050293,0.2627644538879394,0.2446050643920898,0.23906396031379698,0.261203247308731,10,0.0,0.0,0,0,0.0,0.0,0.0,10,,,,,,,,0,,,,,,,,0,,,,,,,,0,,,,,,,,0
315,0.0,0.0,0,0,0.0,0.0,0.0,10,0.0,0.0,0.0,0.0,0.0,0.0,0.0,10,0.13752336502075196,0.008417858168465709,0.1236689090728759,0.1499004364013672,0.13748466968536377,0.12483330965042108,0.14981358647346496,10,0.0,0.0,0,0,0.0,0.0,0.0,10,,,,,,,,0,,,,,,,,0,,,,,,,,0,,,,,,,,0
316,0.0,0.0,0,0,0.0,0.0,0.0,10,0.6666666666666667,1.1702778228589004e-16,0.6666666666666666,0.6666666666666666,0.6666666666666666,0.6666666666666666,0.6666666666666666,10,0.14223291873931884,0.006092739359997949,0.1333935260772705,0.1519613265991211,0.1410272121429443,0.13377890586853028,0.15147750973701476,10,0.0,0.0,0,0,0.0,0.0,0.0,10,,,,,,,,0,,,,,,,,0,,,,,,,,0,,,,,,,,0
317,0.0,0.0,0,0,0.0,0.0,0.0,10,0.0,0.0,0.0,0.0,0.0,0.0,0.0,10,0.1252223491668701,0.009170711387377151,0.1056966781616211,0.1388895511627197,0.1243380308151245,0.10847523212432861,0.13780073523521422,10,0.0,0.0,0,0,0.0,0.0,0.0,10,,,,,,,,0,,,,,,,,0,,,,,,,,0,,,,,,,,0
318,0.0,0.0,0,0,0.0,0.0,0.0,10,0.0952380952380952,0.0,0.0952380952380952,0.0952380952380952,0.0952380952380952,0.0952380952380952,0.0952380952380952,10,0.4590168476104736,0.012432453918760966,0.4397675991058349,0.4763603210449219,0.46249377727508545,0.4402891278266906,0.47504995465278627,10,0.0,0.0,0,0,0.0,0.0,0.0,10,,,,,,,,0,,,,,,,,0,,,,,,,,0,,,,,,,,0
319,0.0,0.0,0,0,0.0,0.0,0.0,10,0.0,0.0,0.0,0.0,0.0,0.0,0.0,10,0.14548337459564203,0.008424758996784605,0.1364920139312744,0.1588757038116455,0.1437189579010009,0.13659533262252804,0.15807989239692688,10,0.0,0.0,0,0,0.0,0.0,0.0,10,,,,,,,,0,,,,,,,,0,,,,,,,,0,,,,,,,,0
320,0.0,0.0,0,0,0.0,0.0,0.0,10,0.0,0.0,0.0,0.0,0.0,0.0,0.0,10,0.2619516134262085,0.00808086796120806,0.2485628128051757,0.2759387493133545,0.26294445991516113,0.24967828989028923,0.27407901287078856,10,0.0,0.0,0,0,0.0,0.0,0.0,10,,,,,,,,0,,,,,,,,0,,,,,,,,0,,,,,,,,0
321,0.0,0.0,0,0,0.0,0.0,0.0,10,0.0,0.0,0.0,0.0,0.0,0.0,0.0,10,0.1903139591217041,0.009167465498350885,0.1771399974822998,0.2038061618804931,0.18895030021667475,0.1781663715839386,0.20377692580223078,10,0.0,0.0,0,0,0.0,0.0,0.0,10,,,,,,,,0,,,,,,,,0,,,,,,,,0,,,,,,,,0
322,0.0,0.0,0,0,0.0,0.0,0.0,10,0.0,0.0,0.0,0.0,0.0,0.0,0.0,10,0.37715346813201905,0.004800202543782303,0.3689472675323486,0.3850235939025879,0.3778660297393799,0.3694920778274536,0.38430073857307434,10,0.0,0.0,0,0,0.0,0.0,0.0,10,,,,,,,,0,,,,,,,,0,,,,,,,,0,,,,,,,,0
323,0.0,0.0,0,0,0.0,0.0,0.0,10,0.0,0.0,0.0,0.0,0.0,0.0,0.0,10,0.14945492744445796,0.007796076750198453,0.1395120620727539,0.1591329574584961,0.14850628376007075,0.14001266956329345,0.15913140177726745,10,0.0,0.0,0,0,0.0,0.0,0.0,10,,,,,,,,0,,,,,,,,0,,,,,,,,0,,,,,,,,0
324,0.0,0.0,0,0,0.0,0.0,0.0,10,0.1,0.0,0.1,0.1,0.1,0.1,0.1,10,0.4613215923309326,0.011580897502683684,0.4408769607543945,0.4807071685791015,0.46180641651153564,0.4429412961006164,0.47852824926376336,10,0.0,0.0,0,0,0.0,0.0,0.0,10,,,,,,,,0,,,,,,,,0,,,,,,,,0,,,,,,,,0
325,0.0,0.0,0,0,0.0,0.0,0.0,10,0.1428571428571428,0.0,0.1428571428571428,0.1428571428571428,0.1428571428571428,0.1428571428571428,0.1428571428571428,10,0.36417107582092284,0.009365298366896415,0.3477981090545654,0.3771331310272217,0.36694884300231934,0.34904195666313165,0.3766904592514038,10,0.0,0.0,0,0,0.0,0.0,0.0,10,,,,,,,,0,,,,,,,,0,,,,,,,,0,,,,,,,,0
326,0.0,0.0,0,0,0.0,0.0,0.0,10,0.30769230769230765,5.851389114294502e-17,0.3076923076923077,0.3076923076923077,0.3076923076923077,0.3076923076923077,0.3076923076923077,10,0.3318685293197632,0.01289166206983696,0.3089420795440674,0.3461964130401611,0.3336933851242065,0.31003170013427733,0.34595689177513117,10,0.0,0.0,0,0,0.0,0.0,0.0,10,,,,,,,,0,,,,,,,,0,,,,,,,,0,,,,,,,,0
327,0.0,0.0,0,0,0.0,0.0,0.0,10,0.0,0.0,0.0,0.0,0.0,0.0,0.0,10,0.13643727302551265,0.008868298703584236,0.1235806941986084,0.1510441303253173,0.13419914245605466,0.12487534284591675,0.15015631914138788,10,0.0,0.0,0,0,0.0,0.0,0.0,10,,,,,,,,0,,,,,,,,0,,,,,,,,0,,,,,,,,0
328,0.0,0.0,0,0,0.0,0.0,0.0,10,0.0,0.0,0.0,0.0,0.0,0.0,0.0,10,0.21398713588714596,0.00861636901451769,0.2038264274597168,0.2305212020874023,0.21051609516143793,0.20459176898002623,0.22920697331428522,10,0.0,0.0,0,0,0.0,0.0,0.0,10,,,,,,,,0,,,,,,,,0,,,,,,,,0,,,,,,,,0
329,0.0,0.0,0,0,0.0,0.0,0.0,10,0.0,0.0,0.0,0.0,0.0,0.0,0.0,10,0.29057884216308594,0.00670639065574271,0.2779674530029297,0.2997863292694092,0.2901355028152466,0.27953627705574036,0.29974448680877686,10,0.0,0.0,0,0,0.0,0.0,0.0,10,,,,,,,,0,,,,,,,,0,,,,,,,,0,,,,,,,,0
330,0.0,0.0,0,0,0.0,0.0,0.0,10,0.0,0.0,0.0,0.0,0.0,0.0,0.0,10,0.14860839843749996,0.009199381809935687,0.1362638473510742,0.1627354621887207,0.1470723152160644,0.13702886700630185,0.1620908200740814,10,0.0,0.0,0,0,0.0,0.0,0.0,10,,,,,,,,0,,,,,,,,0,,,,,,,,0,,,,,,,,0
331,0.0,0.0,0,0,0.0,0.0,0.0,10,0.0,0.0,0.0,0.0,0.0,0.0,0.0,10,0.13640749454498288,0.008506242243214933,0.1251726150512695,0.1525468826293945,0.13732254505157465,0.12559002041816708,0.15114065408706662,10,0.0,0.0,0,0,0.0,0.0,0.0,10,,,,,,,,0,,,,,,,,0,,,,,,,,0,,,,,,,,0
332,0.0,0.0,0,0,0.0,0.0,0.0,10,0.0,0.0,0.0,0.0,0.0,0.0,0.0,10,0.2524967908859253,0.008080446337239897,0.2394466400146484,0.2661244869232178,0.25175178050994873,0.24050997495651244,0.2649370193481445,10,0.0,0.0,0,0,0.0,0.0,0.0,10,,,,,,,,0,,,,,,,,0,,,,,,,,0,,,,,,,,0
333,0.0,0.0,0,0,0.0,0.0,0.0,10,0.09090909090909091,1.4628472785736255e-17,0.0909090909090909,0.0909090909090909,0.0909090909090909,0.0909090909090909,0.0909090909090909,10,0.48572664260864257,0.008709576952566233,0.4738366603851318,0.499990701675415,0.48475503921508784,0.4738563477993011,0.4997060120105743,10,0.0,0.0,0,0,0.0,0.0,0.0,10,,,,,,,,0,,,,,,,,0,,,,,,,,0,,,,,,,,0
334,0.0,0.0,0,0,0.0,0.0,0.0,10,0.0952380952380952,0.0,0.0952380952380952,0.0952380952380952,0.0952380952380952,0.0952380952380952,0.0952380952380952,10,0.3664227485656738,0.00818086323669451,0.3530941009521484,0.3778398036956787,0.36678171157836914,0.35441235303878776,0.3775226056575775,10,0.0,0.0,0,0,0.0,0.0,0.0,10,,,,,,,,0,,,,,,,,0,,,,,,,,0,,,,,,,,0
335,0.0,0.0,0,0,0.0,0.0,0.0,10,0.0,0.0,0.0,0.0,0.0,0.0,0.0,10,0.39382219314575195,0.008608612825366884,0.3772876262664795,0.4043538570404053,0.3952728509902954,0.3791077733039856,0.40404411554336545,10,0.0,0.0,0,0,0.0,0.0,0.0,10,,,,,,,,0,,,,,,,,0,,,,,,,,0,,,,,,,,0
336,0.0,0.0,0,0,0.0,0.0,0.0,10,0.0,0.0,0.0,0.0,0.0,0.0,0.0,10,0.41014058589935304,0.007458182728173233,0.4010391235351562,0.4242920875549316,0.4086393117904663,0.401221352815628,0.42299416661262507,10,0.0,0.0,0,0,0.0,0.0,0.0,10,,,,,,,,0,,,,,,,,0,,,,,,,,0,,,,,,,,0
337,0.0,0.0,0,0,0.0,0.0,0.0,10,0.0,0.0,0.0,0.0,0.0,0.0,0.0,10,0.31071445941925047,0.007079603726438283,0.300910472869873,0.3227508068084717,0.30846643447875977,0.3020430088043212,0.3226828396320343,10,0.0,0.0,0,0,0.0,0.0,0.0,10,,,,,,,,0,,,,,,,,0,,,,,,,,0,,,,,,,,0
338,0.0,0.0,0,0,0.0,0.0,0.0,10,0.0,0.0,0.0,0.0,0.0,0.0,0.0,10,0.13749554157257077,0.0077672614754007606,0.1216802597045898,0.1473627090454101,0.13901019096374512,0.12318744659423823,0.14661726951599116,10,0.0,0.0,0,0,0.0,0.0,0.0,10,,,,,,,,0,,,,,,,,0,,,,,,,,0,,,,,,,,0
339,0.0,0.0,0,0,0.0,0.0,0.0,10,0.25,0.0,0.25,0.25,0.25,0.25,0.25,10,0.2011932611465454,0.010741021954210376,0.1851122379302978,0.2212979793548584,0.19994652271270746,0.1859719395637512,0.21937327980995178,10,0.0,0.0,0,0,0.0,0.0,0.0,10,,,,,,,,0,,,,,,,,0,,,,,,,,0,,,,,,,,0
340,0.0,0.0,0,0,0.0,0.0,0.0,10,0.0,0.0,0.0,0.0,0.0,0.0,0.0,10,0.21166424751281734,0.009884073488656192,0.1972408294677734,0.2259469032287597,0.21255838871002194,0.19792216420173642,0.22523756623268124,10,0.0,0.0,0,0,0.0,0.0,0.0,10,,,,,,,,0,,,,,,,,0,,,,,,,,0,,,,,,,,0
341,0.0,0.0,0,0,0.0,0.0,0.0,10,0.0,0.0,0.0,0.0,0.0,0.0,0.0,10,0.30416135787963866,0.009274766342623,0.2922048568725586,0.3190081119537353,0.30222260951995844,0.2927643656730652,0.3185671031475067,10,0.0,0.0,0,0,0.0,0.0,0.0,10,,,,,,,,0,,,,,,,,0,,,,,,,,0,,,,,,,,0
342,0.0,0.0,0,0,0.0,0.0,0.0,10,0.0,0.0,0.0,0.0,0.0,0.0,0.0,10,0.5252066850662231,0.00994373128583472,0.5104584693908691,0.5390689373016357,0.5260238647460938,0.511162281036377,0.5379859149456024,10,0.0,0.0,0,0,0.0,0.0,0.0,10,,,,,,,,0,,,,,,,,0,,,,,,,,0,,,,,,,,0
343,0.0,0.0,0,0,0.0,0.0,0.0,10,0.0,0.0,0.0,0.0,0.0,0.0,0.0,10,0.11340653896331783,0.00936497358783442,0.0945119857788086,0.1274638175964355,0.11614203453063959,0.0964065909385681,0.12583904266357418,10,0.0,0.0,0,0,0.0,0.0,0.0,10,,,,,,,,0,,,,,,,,0,,,,,,,,0,,,,,,,,0
344,0.0,0.0,0,0,0.0,0.0,0.0,10,0.0,0.0,0.0,0.0,0.0,0.0,0.0,10,0.2134548425674438,0.0073871015193970775,0.195549726486206,0.2214231491088867,0.21363008022308344,0.1990280151367187,0.22107682228088377,10,0.0,0.0,0,0,0.0,0.0,0.0,10,,,,,,,,0,,,,,,,,0,,,,,,,,0,,,,,,,,0
345,0.0,0.0,0,0,0.0,0.0,0.0,10,0.8,0.0,0.8,0.8,0.8,0.8,0.8,10,0.14237771034240718,0.007778088726535684,0.1293096542358398,0.1519918441772461,0.14059400558471674,0.12999747991561883,0.15171879529953003,10,0.0,0.0,0,0,0.0,0.0,0.0,10,,,,,,,,0,,,,,,,,0,,,,,,,,0,,,,,,,,0
346,0.0,0.0,0,0,0.0,0.0,0.0,10,0.0,0.0,0.0,0.0,0.0,0.0,0.0,10,0.12054607868194578,0.008187445421072487,0.1079392433166503,0.1342048645019531,0.1190202236175537,0.10915229916572562,0.133210676908493,10,0.0,0.0,0,0,0.0,0.0,0.0,10,,,,,,,,0,,,,,,,,0,,,,,,,,0,,,,,,,,0
347,0.0,0.0,0,0,0.0,0.0,0.0,10,0.0952380952380952,0.0,0.0952380952380952,0.0952380952380952,0.0952380952380952,0.0952380952380952,0.0952380952380952,10,0.4144115686416626,0.010572633338040762,0.4038276672363281,0.4327366352081299,0.4117295742034912,0.40390207171440123,0.4321577072143555,10,0.0,0.0,0,0,0.0,0.0,0.0,10,,,,,,,,0,,,,,,,,0,,,,,,,,0,,,,,,,,0
348,0.0,0.0,0,0,0.0,0.0,0.0,10,0.08333333333333329,1.4628472785736255e-17,0.0833333333333333,0.0833333333333333,0.0833333333333333,0.0833333333333333,0.0833333333333333,10,0.4255766630172729,0.010650298656026286,0.4042558670043945,0.4394657611846924,0.4262484312057495,0.40645436644554134,0.4384342908859253,10,0.0,0.0,0,0,0.0,0.0,0.0,10,,,,,,,,0,,,,,,,,0,,,,,,,,0,,,,,,,,0
349,0.0,0.0,0,0,0.0,0.0,0.0,10,0.30769230769230765,5.851389114294502e-17,0.3076923076923077,0.3076923076923077,0.3076923076923077,0.3076923076923077,0.3076923076923077,10,0.2640272855758667,0.006028279163878221,0.2554748058319092,0.273543119430542,0.26407670974731445,0.25600239634513855,0.2732758641242981,10,0.0,0.0,0,0,0.0,0.0,0.0,10,,,,,,,,0,,,,,,,,0,,,,,,,,0,,,,,,,,0
350,0.0,0.0,0,0,0.0,0.0,0.0,10,0.0377358490566037,0.0,0.0377358490566037,0.0377358490566037,0.0377358490566037,0.0377358490566037,0.0377358490566037,10,1.6063435792922973,0.013215674605802743,1.5879395008087158,1.6255743503570557,1.6100867986679077,1.588592028617859,1.6244340360164642,10,0.0,0.0,0,0,0.0,0.0,0.0,10,,,,,,,,0,,,,,,,,0,,,,,,,,0,,,,,,,,0
351,1.0,0.0,1,1,1.0,1.0,1.0,10,1.0,0.0,1.0,1.0,1.0,1.0,1.0,10,0.12076418399810787,0.007145048166282478,0.10691499710083,0.1350877285003662,0.1212772130966186,0.1091098487377166,0.1329459846019745,10,0.0,0.0,0,0,0.0,0.0,0.0,10,,,,,,,,0,,,,,,,,0,,,,,,,,0,,,,,,,,0
352,0.0,0.0,0,0,0.0,0.0,0.0,10,0.5,0.0,0.5,0.5,0.5,0.5,0.5,10,0.204857587814331,0.011003031366141298,0.1948895454406738,0.2276899814605713,0.2006564140319824,0.19566497206687924,0.2265365779399872,10,0.0,0.0,0,0,0.0,0.0,0.0,10,,,,,,,,0,,,,,,,,0,,,,,,,,0,,,,,,,,0
353,0.0,0.0,0,0,0.0,0.0,0.0,10,0.0,0.0,0.0,0.0,0.0,0.0,0.0,10,0.21503243446350093,0.00803726487680693,0.1996362209320068,0.2235827445983886,0.21829056739807123,0.20090039968490597,0.22337154746055596,10,0.0,0.0,0,0,0.0,0.0,0.0,10,,,,,,,,0,,,,,,,,0,,,,,,,,0,,,,,,,,0
354,0.0,0.0,0,0,0.0,0.0,0.0,10,0.0,0.0,0.0,0.0,0.0,0.0,0.0,10,0.14829037189483638,0.009401700903207568,0.1367847919464111,0.16152024269104,0.1479638814926147,0.13701776862144469,0.1607541501522064,10,0.0,0.0,0,0,0.0,0.0,0.0,10,,,,,,,,0,,,,,,,,0,,,,,,,,0,,,,,,,,0
355,0.0,0.0,0,0,0.0,0.0,0.0,10,0.4,0.0,0.4,0.4,0.4,0.4,0.4,10,0.24091496467590331,0.004953431932953024,0.2342197895050048,0.2490129470825195,0.2411113977432251,0.23425894975662223,0.24812754988670346,10,0.0,0.0,0,0,0.0,0.0,0.0,10,,,,,,,,0,,,,,,,,0,,,,,,,,0,,,,,,,,0
356,0.0,0.0,0,0,0.0,0.0,0.0,10,0.0,0.0,0.0,0.0,0.0,0.0,0.0,10,0.20636680126190182,0.007525187957359582,0.1916525363922119,0.218052864074707,0.20587480068206787,0.19379900097846983,0.21789171695709225,10,0.0,0.0,0,0,0.0,0.0,0.0,10,,,,,,,,0,,,,,,,,0,,,,,,,,0,,,,,,,,0
357,0.0,0.0,0,0,0.0,0.0,0.0,10,0.1999999999999999,0.0,0.1999999999999999,0.1999999999999999,0.1999999999999999,0.1999999999999999,0.1999999999999999,10,0.22930290699005124,0.00614182123636207,0.2149660587310791,0.2376925945281982,0.22947740554809565,0.217419958114624,0.23683063983917232,10,0.0,0.0,0,0,0.0,0.0,0.0,10,,,,,,,,0,,,,,,,,0,,,,,,,,0,,,,,,,,0
358,0.0,0.0,0,0,0.0,0.0,0.0,10,0.5,0.0,0.5,0.5,0.5,0.5,0.5,10,0.13343517780303954,0.00784670668950312,0.1251242160797119,0.1463348865509033,0.13171970844268793,0.12526454925537106,0.1462000787258148,10,0.0,0.0,0,0,0.0,0.0,0.0,10,,,,,,,,0,,,,,,,,0,,,,,,,,0,,,,,,,,0
359,0.0,0.0,0,0,0.0,0.0,0.0,10,0.0,0.0,0.0,0.0,0.0,0.0,0.0,10,0.3300527811050415,0.007927820007496776,0.3175010681152344,0.3446662425994873,0.3289921283721924,0.318771630525589,0.34318995475769043,10,0.0,0.0,0,0,0.0,0.0,0.0,10,,,,,,,,0,,,,,,,,0,,,,,,,,0,,,,,,,,0
360,0.0,0.0,0,0,0.0,0.0,0.0,10,0.0,0.0,0.0,0.0,0.0,0.0,0.0,10,0.14482185840606684,0.006492754785585494,0.1332917213439941,0.1574337482452392,0.14483404159545896,0.1343500137329101,0.155711555480957,10,0.0,0.0,0,0,0.0,0.0,0.0,10,,,,,,,,0,,,,,,,,0,,,,,,,,0,,,,,,,,0
361,0.0,0.0,0,0,0.0,0.0,0.0,10,0.1052631578947368,0.0,0.1052631578947368,0.1052631578947368,0.1052631578947368,0.1052631578947368,0.1052631578947368,10,0.4033446073532104,0.007227168959687918,0.3884987831115722,0.4138474464416504,0.40415823459625244,0.39040272235870355,0.413369745016098,10,0.0,0.0,0,0,0.0,0.0,0.0,10,,,,,,,,0,,,,,,,,0,,,,,,,,0,,,,,,,,0
362,0.0,0.0,0,0,0.0,0.0,0.0,10,0.18181818181818182,2.925694557147251e-17,0.1818181818181818,0.1818181818181818,0.1818181818181818,0.1818181818181818,0.1818181818181818,10,0.24627351760864252,0.011128253074729692,0.2224774360656738,0.2605752944946289,0.24803209304809565,0.22604869008064266,0.2600904583930969,10,0.0,0.0,0,0,0.0,0.0,0.0,10,,,,,,,,0,,,,,,,,0,,,,,,,,0,,,,,,,,0
363,0.0,0.0,0,0,0.0,0.0,0.0,10,0.0,0.0,0.0,0.0,0.0,0.0,0.0,10,0.15280947685241697,0.007378502431346701,0.143705129623413,0.1656742095947265,0.1514257192611694,0.14427563548088068,0.1647884368896484,10,0.0,0.0,0,0,0.0,0.0,0.0,10,,,,,,,,0,,,,,,,,0,,,,,,,,0,,,,,,,,0
364,0.0,0.0,0,0,0.0,0.0,0.0,10,0.0,0.0,0.0,0.0,0.0,0.0,0.0,10,0.2656468391418457,0.007743640097343554,0.2511975765228271,0.2762651443481445,0.26581549644470215,0.2526121199131011,0.27606880664825434,10,0.0,0.0,0,0,0.0,0.0,0.0,10,,,,,,,,0,,,,,,,,0,,,,,,,,0,,,,,,,,0
365,0.0,0.0,0,0,0.0,0.0,0.0,10,0.0,0.0,0.0,0.0,0.0,0.0,0.0,10,0.2689906120300293,0.011254520208077651,0.2478795051574707,0.2828199863433838,0.26971960067749023,0.25032428503036497,0.2823871850967407,10,0.0,0.0,0,0,0.0,0.0,0.0,10,,,,,,,,0,,,,,,,,0,,,,,,,,0,,,,,,,,0
366,0.0,0.0,0,0,0.0,0.0,0.0,10,0.0,0.0,0.0,0.0,0.0,0.0,0.0,10,0.1471826314926147,0.009718860913525923,0.1329989433288574,0.1617977619171142,0.148505687713623,0.1340070784091949,0.1609018504619598,10,0.0,0.0,0,0,0.0,0.0,0.0,10,,,,,,,,0,,,,,,,,0,,,,,,,,0,,,,,,,,0
367,0.0,0.0,0,0,0.0,0.0,0.0,10,0.5,0.0,0.5,0.5,0.5,0.5,0.5,10,0.19035851955413813,0.00965382303968193,0.1680169105529785,0.2032978534698486,0.19095087051391596,0.17195509076118468,0.20285185575485226,10,0.0,0.0,0,0,0.0,0.0,0.0,10,,,,,,,,0,,,,,,,,0,,,,,,,,0,,,,,,,,0
368,0.0,0.0,0,0,0.0,0.0,0.0,10,0.0,0.0,0.0,0.0,0.0,0.0,0.0,10,0.151986289024353,0.012565078782657089,0.1244080066680908,0.1665272712707519,0.15464019775390625,0.12762510180473327,0.16544280052185054,10,0.0,0.0,0,0,0.0,0.0,0.0,10,,,,,,,,0,,,,,,,,0,,,,,,,,0,,,,,,,,0
369,0.0,0.0,0,0,0.0,0.0,0.0,10,0.4,0.0,0.4,0.4,0.4,0.4,0.4,10,0.16071722507476804,0.009043325046910088,0.1482505798339843,0.1737878322601318,0.1638263463973999,0.14839407801628104,0.17310397624969479,10,0.0,0.0,0,0,0.0,0.0,0.0,10,,,,,,,,0,,,,,,,,0,,,,,,,,0,,,,,,,,0
370,0.0,0.0,0,0,0.0,0.0,0.0,10,0.22222222222222224,2.925694557147251e-17,0.2222222222222222,0.2222222222222222,0.2222222222222222,0.2222222222222222,0.2222222222222222,10,0.29854331016540525,0.008686775507552329,0.2847604751586914,0.3098983764648437,0.3004755973815918,0.28517010211944577,0.3091584622859954,10,0.0,0.0,0,0,0.0,0.0,0.0,10,,,,,,,,0,,,,,,,,0,,,,,,,,0,,,,,,,,0
371,0.0,0.0,0,0,0.0,0.0,0.0,10,0.1739130434782608,0.0,0.1739130434782608,0.1739130434782608,0.1739130434782608,0.1739130434782608,0.1739130434782608,10,0.5565235137939453,0.01023198510520107,0.5426955223083496,0.5752320289611816,0.5553373098373413,0.5435696542263031,0.5732695102691651,10,0.0,0.0,0,0,0.0,0.0,0.0,10,,,,,,,,0,,,,,,,,0,,,,,,,,0,,,,,,,,0
372,0.0,0.0,0,0,0.0,0.0,0.0,10,0.0,0.0,0.0,0.0,0.0,0.0,0.0,10,0.12266647815704342,0.009348029748897747,0.1040031909942627,0.134913682937622,0.12365388870239255,0.10596383213996888,0.13425766825675955,10,0.0,0.0,0,0,0.0,0.0,0.0,10,,,,,,,,0,,,,,,,,0,,,,,,,,0,,,,,,,,0
373,0.0,0.0,0,0,0.0,0.0,0.0,10,0.0,0.0,0.0,0.0,0.0,0.0,0.0,10,0.12711894512176508,0.01079035892097763,0.1103854179382324,0.1402614116668701,0.1253538131713867,0.11095377802848812,0.13992125391960142,10,0.0,0.0,0,0,0.0,0.0,0.0,10,,,,,,,,0,,,,,,,,0,,,,,,,,0,,,,,,,,0
374,0.0,0.0,0,0,0.0,0.0,0.0,10,0.0,0.0,0.0,0.0,0.0,0.0,0.0,10,0.1439965963363647,0.008627245298443748,0.124626874923706,0.1543848514556884,0.1445076465606689,0.12789718508720394,0.15386402010917657,10,0.0,0.0,0,0,0.0,0.0,0.0,10,,,,,,,,0,,,,,,,,0,,,,,,,,0,,,,,,,,0
375,0.0,0.0,0,0,0.0,0.0,0.0,10,0.18181818181818182,2.925694557147251e-17,0.1818181818181818,0.1818181818181818,0.1818181818181818,0.1818181818181818,0.1818181818181818,10,0.264014744758606,0.009374532066724828,0.2481889724731445,0.2751808166503906,0.26427567005157465,0.24871667027473449,0.2749470353126526,10,0.0,0.0,0,0,0.0,0.0,0.0,10,,,,,,,,0,,,,,,,,0,,,,,,,,0,,,,,,,,0
376,0.0,0.0,0,0,0.0,0.0,0.0,10,0.4,0.0,0.4,0.4,0.4,0.4,0.4,10,0.4017585277557373,0.010431269977300895,0.3845913410186767,0.4161458015441894,0.4029808044433594,0.3859588384628295,0.4155472934246063,10,0.0,0.0,0,0,0.0,0.0,0.0,10,,,,,,,,0,,,,,,,,0,,,,,,,,0,,,,,,,,0
377,0.0,0.0,0,0,0.0,0.0,0.0,10,0.6666666666666667,1.1702778228589004e-16,0.6666666666666666,0.6666666666666666,0.6666666666666666,0.6666666666666666,0.6666666666666666,10,0.12772727012634275,0.005525671177354768,0.1204128265380859,0.138028860092163,0.1261135339736938,0.12065942883491512,0.13721668720245353,10,0.0,0.0,0,0,0.0,0.0,0.0,10,,,,,,,,0,,,,,,,,0,,,,,,,,0,,,,,,,,0
378,0.0,0.0,0,0,0.0,0.0,0.0,10,0.0,0.0,0.0,0.0,0.0,0.0,0.0,10,0.3517883539199829,0.008025059942808164,0.3396224975585937,0.3670153617858886,0.35076177120208735,0.3407234370708465,0.3650614261627197,10,0.0,0.0,0,0,0.0,0.0,0.0,10,,,,,,,,0,,,,,,,,0,,,,,,,,0,,,,,,,,0
379,0.0,0.0,0,0,0.0,0.0,0.0,10,0.2857142857142857,0.0,0.2857142857142857,0.2857142857142857,0.2857142857142857,0.2857142857142857,0.2857142857142857,10,0.19776675701141352,0.005759830110638317,0.1887309551239013,0.2063794136047363,0.19760036468505854,0.18936583399772638,0.20608555078506466,10,0.0,0.0,0,0,0.0,0.0,0.0,10,,,,,,,,0,,,,,,,,0,,,,,,,,0,,,,,,,,0
380,0.0,0.0,0,0,0.0,0.0,0.0,10,0.0,0.0,0.0,0.0,0.0,0.0,0.0,10,0.13507773876190182,0.008705703581889714,0.1219439506530761,0.1496508121490478,0.1360971927642822,0.12276341915130609,0.14800930023193354,10,0.0,0.0,0,0,0.0,0.0,0.0,10,,,,,,,,0,,,,,,,,0,,,,,,,,0,,,,,,,,0
381,0.0,0.0,0,0,0.0,0.0,0.0,10,0.0,0.0,0.0,0.0,0.0,0.0,0.0,10,0.13560338020324703,0.01104955008452707,0.1150927543640136,0.1514954566955566,0.13411533832550043,0.11787967681884759,0.15070028901100155,10,0.0,0.0,0,0,0.0,0.0,0.0,10,,,,,,,,0,,,,,,,,0,,,,,,,,0,,,,,,,,0
382,0.0,0.0,0,0,0.0,0.0,0.0,10,0.0,0.0,0.0,0.0,0.0,0.0,0.0,10,0.13048598766326905,0.009549032137834519,0.1141064167022705,0.152163028717041,0.1295405626296997,0.11650254130363463,0.14839136004447934,10,0.0,0.0,0,0,0.0,0.0,0.0,10,,,,,,,,0,,,,,,,,0,,,,,,,,0,,,,,,,,0
383,0.0,0.0,0,0,0.0,0.0,0.0,10,0.0,0.0,0.0,0.0,0.0,0.0,0.0,10,0.440673303604126,0.011785860928557951,0.4252259731292724,0.4569375514984131,0.4404182434082031,0.4257679402828216,0.45639837384223936,10,0.0,0.0,0,0,0.0,0.0,0.0,10,,,,,,,,0,,,,,,,,0,,,,,,,,0,,,,,,,,0
384,0.0,0.0,0,0,0.0,0.0,0.0,10,0.0,0.0,0.0,0.0,0.0,0.0,0.0,10,0.1921734571456909,0.008243777975088257,0.1763968467712402,0.2042310237884521,0.19337677955627441,0.17825856804847715,0.203369390964508,10,0.0,0.0,0,0,0.0,0.0,0.0,10,,,,,,,,0,,,,,,,,0,,,,,,,,0,,,,,,,,0
385,0.0,0.0,0,0,0.0,0.0,0.0,10,0.0,0.0,0.0,0.0,0.0,0.0,0.0,10,0.14365272521972652,0.006543110343400646,0.1370587348937988,0.1569862365722656,0.14128088951110834,0.13708786368370052,0.1555952429771423,10,0.0,0.0,0,0,0.0,0.0,0.0,10,,,,,,,,0,,,,,,,,0,,,,,,,,0,,,,,,,,0
386,0.0,0.0,0,0,0.0,0.0,0.0,10,0.0,0.0,0.0,0.0,0.0,0.0,0.0,10,0.12368354797363276,0.012544912218045596,0.1013600826263427,0.1404840946197509,0.1227877140045166,0.10353406667709346,0.14020782709121696,10,0.0,0.0,0,0,0.0,0.0,0.0,10,,,,,,,,0,,,,,,,,0,,,,,,,,0,,,,,,,,0
387,0.0,0.0,0,0,0.0,0.0,0.0,10,0.0,0.0,0.0,0.0,0.0,0.0,0.0,10,0.2784233093261719,0.008950021953457012,0.2644445896148681,0.2909092903137207,0.2782504558563232,0.26537290215492243,0.29066628217697144,10,0.0,0.0,0,0,0.0,0.0,0.0,10,,,,,,,,0,,,,,,,,0,,,,,,,,0,,,,,,,,0
388,0.0,0.0,0,0,0.0,0.0,0.0,10,0.0,0.0,0.0,0.0,0.0,0.0,0.0,10,0.5874152898788452,0.014130289275248672,0.5678243637084961,0.6098051071166992,0.5846076011657715,0.5680553555488587,0.6078349173069,10,0.0,0.0,0,0,0.0,0.0,0.0,10,,,,,,,,0,,,,,,,,0,,,,,,,,0,,,,,,,,0
389,0.0,0.0,0,0,0.0,0.0,0.0,10,0.0,0.0,0.0,0.0,0.0,0.0,0.0,10,0.13784620761871333,0.010795951354874938,0.1173055171966552,0.1515247821807861,0.13860797882080073,0.1201621770858764,0.1512645006179809,10,0.0,0.0,0,0,0.0,0.0,0.0,10,,,,,,,,0,,,,,,,,0,,,,,,,,0,,,,,,,,0
390,0.0,0.0,0,0,0.0,0.0,0.0,10,0.0,0.0,0.0,0.0,0.0,0.0,0.0,10,0.14008228778839107,0.009424180679714286,0.1259887218475341,0.1599745750427246,0.13832581043243405,0.1276593089103698,0.15797927975654602,10,0.0,0.0,0,0,0.0,0.0,0.0,10,,,,,,,,0,,,,,,,,0,,,,,,,,0,,,,,,,,0
391,0.0,0.0,0,0,0.0,0.0,0.0,10,0.0,0.0,0.0,0.0,0.0,0.0,0.0,10,0.3824588775634766,0.013007151401697881,0.3595762252807617,0.3990561962127685,0.38455259799957275,0.36021003127098083,0.39881232976913444,10,0.0,0.0,0,0,0.0,0.0,0.0,10,,,,,,,,0,,,,,,,,0,,,,,,,,0,,,,,,,,0
392,0.0,0.0,0,0,0.0,0.0,0.0,10,0.0,0.0,0.0,0.0,0.0,0.0,0.0,10,0.14708344936370848,0.007763424671117283,0.1334693431854248,0.1580862998962402,0.14728331565856928,0.13423683047294616,0.15770515799522397,10,0.0,0.0,0,0,0.0,0.0,0.0,10,,,,,,,,0,,,,,,,,0,,,,,,,,0,,,,,,,,0
393,0.0,0.0,0,0,0.0,0.0,0.0,10,0.0,0.0,0.0,0.0,0.0,0.0,0.0,10,0.14092848300933833,0.005982933658986128,0.129037857055664,0.1499099731445312,0.1406949758529663,0.13063532710075373,0.14936634302139276,10,0.0,0.0,0,0,0.0,0.0,0.0,10,,,,,,,,0,,,,,,,,0,,,,,,,,0,,,,,,,,0
394,0.0,0.0,0,0,0.0,0.0,0.0,10,0.0,0.0,0.0,0.0,0.0,0.0,0.0,10,0.27264986038208006,0.00935522900923148,0.2576789855957031,0.2899954319000244,0.2723528146743774,0.2588007390499115,0.28802593946456906,10,0.0,0.0,0,0,0.0,0.0,0.0,10,,,,,,,,0,,,,,,,,0,,,,,,,,0,,,,,,,,0
395,0.0,0.0,0,0,0.0,0.0,0.0,10,0.16666666666666657,2.925694557147251e-17,0.1666666666666666,0.1666666666666666,0.1666666666666666,0.1666666666666666,0.1666666666666666,10,0.2508296728134155,0.012858200036878742,0.2262496948242187,0.2707993984222412,0.24892580509185785,0.23003354072570795,0.2703971743583679,10,0.0,0.0,0,0,0.0,0.0,0.0,10,,,,,,,,0,,,,,,,,0,,,,,,,,0,,,,,,,,0
396,0.0,0.0,0,0,0.0,0.0,0.0,10,0.0,0.0,0.0,0.0,0.0,0.0,0.0,10,0.2940659761428833,0.00836769590672317,0.2802448272705078,0.309558629989624,0.29518556594848633,0.2815358817577362,0.30739296078681944,10,0.0,0.0,0,0,0.0,0.0,0.0,10,,,,,,,,0,,,,,,,,0,,,,,,,,0,,,,,,,,0
397,0.0,0.0,0,0,0.0,0.0,0.0,10,0.0,0.0,0.0,0.0,0.0,0.0,0.0,10,0.1562663078308105,0.008086366838709126,0.1436548233032226,0.1721627712249755,0.15587973594665525,0.14477266073226924,0.16996228694915766,10,0.0,0.0,0,0,0.0,0.0,0.0,10,,,,,,,,0,,,,,,,,0,,,,,,,,0,,,,,,,,0
398,0.0,0.0,0,0,0.0,0.0,0.0,10,0.0,0.0,0.0,0.0,0.0,0.0,0.0,10,0.14378468990325924,0.009373600636972746,0.1249573230743408,0.155390977859497,0.14326214790344236,0.1278358697891235,0.1552559554576873,10,0.0,0.0,0,0,0.0,0.0,0.0,10,,,,,,,,0,,,,,,,,0,,,,,,,,0,,,,,,,,0
399,0.0,0.0,0,0,0.0,0.0,0.0,10,0.0,0.0,0.0,0.0,0.0,0.0,0.0,10,0.2874484062194824,0.010764314112154455,0.2754831314086914,0.3061320781707763,0.28983747959136963,0.2756425619125366,0.3040741264820098,10,0.0,0.0,0,0,0.0,0.0,0.0,10,,,,,,,,0,,,,,,,,0,,,,,,,,0,,,,,,,,0
400,0.0,0.0,0,0,0.0,0.0,0.0,10,0.16666666666666657,2.925694557147251e-17,0.1666666666666666,0.1666666666666666,0.1666666666666666,0.1666666666666666,0.1666666666666666,10,0.2009069919586181,0.006817225287074005,0.1883561611175537,0.2110650539398193,0.20233035087585444,0.18926714658737182,0.21000831723213192,10,0.0,0.0,0,0,0.0,0.0,0.0,10,,,,,,,,0,,,,,,,,0,,,,,,,,0,,,,,,,,0
401,0.0,0.0,0,0,0.0,0.0,0.0,10,0.0,0.0,0.0,0.0,0.0,0.0,0.0,10,0.3821294069290161,0.011091795335833475,0.3670380115509033,0.3994004726409912,0.38215184211730957,0.3672179341316223,0.39799075722694394,10,0.0,0.0,0,0,0.0,0.0,0.0,10,,,,,,,,0,,,,,,,,0,,,,,,,,0,,,,,,,,0
402,0.0,0.0,0,0,0.0,0.0,0.0,10,0.1,0.0,0.1,0.1,0.1,0.1,0.1,10,0.14677474498748777,0.010553902476643603,0.1227838993072509,0.1616389751434326,0.1465785503387451,0.12734612226486197,0.16045150756835935,10,0.0,0.0,0,0,0.0,0.0,0.0,10,,,,,,,,0,,,,,,,,0,,,,,,,,0,,,,,,,,0
403,0.0,0.0,0,0,0.0,0.0,0.0,10,0.0,0.0,0.0,0.0,0.0,0.0,0.0,10,0.4300881862640381,0.008579438440460338,0.4194793701171875,0.4459161758422851,0.426347017288208,0.4203603148460388,0.44506929516792293,10,0.0,0.0,0,0,0.0,0.0,0.0,10,,,,,,,,0,,,,,,,,0,,,,,,,,0,,,,,,,,0
404,0.0,0.0,0,0,0.0,0.0,0.0,10,0.0,0.0,0.0,0.0,0.0,0.0,0.0,10,0.6480703830718995,0.006730792545973557,0.6371040344238281,0.6612722873687744,0.6478391885757446,0.6385013580322265,0.6600170135498047,10,0.0,0.0,0,0,0.0,0.0,0.0,10,,,,,,,,0,,,,,,,,0,,,,,,,,0,,,,,,,,0
405,0.0,0.0,0,0,0.0,0.0,0.0,10,0.0224719101123595,0.0,0.0224719101123595,0.0224719101123595,0.0224719101123595,0.0224719101123595,0.0224719101123595,10,1.9911651372909547,0.011083434743571721,1.9732797145843504,2.006939172744751,1.9929466247558592,1.9744682013988493,2.006106507778168,10,0.0,0.0,0,0,0.0,0.0,0.0,10,,,,,,,,0,,,,,,,,0,,,,,,,,0,,,,,,,,0
406,0.0,0.0,0,0,0.0,0.0,0.0,10,0.0,0.0,0.0,0.0,0.0,0.0,0.0,10,0.32611095905303955,0.009309212138607487,0.3094120025634765,0.3365645408630371,0.32969045639038086,0.31056186556816096,0.3361652672290802,10,0.0,0.0,0,0,0.0,0.0,0.0,10,,,,,,,,0,,,,,,,,0,,,,,,,,0,,,,,,,,0
407,0.0,0.0,0,0,0.0,0.0,0.0,10,0.0,0.0,0.0,0.0,0.0,0.0,0.0,10,0.5901645660400391,0.007972555124809015,0.5817854404449463,0.6068010330200195,0.5898360013961792,0.5819748044013977,0.6044744312763214,10,0.0,0.0,0,0,0.0,0.0,0.0,10,,,,,,,,0,,,,,,,,0,,,,,,,,0,,,,,,,,0
408,0.0,0.0,0,0,0.0,0.0,0.0,10,0.33333333333333337,5.851389114294502e-17,0.3333333333333333,0.3333333333333333,0.3333333333333333,0.3333333333333333,0.3333333333333333,10,0.1889679670333862,0.009390315428511825,0.176110029220581,0.2065768241882324,0.1873928308486938,0.17676518559455867,0.2048964202404022,10,0.0,0.0,0,0,0.0,0.0,0.0,10,,,,,,,,0,,,,,,,,0,,,,,,,,0,,,,,,,,0
409,0.0,0.0,0,0,0.0,0.0,0.0,10,0.0,0.0,0.0,0.0,0.0,0.0,0.0,10,0.27351226806640627,0.008145614498650634,0.2662780284881592,0.2889649868011474,0.2705744504928589,0.2663064062595367,0.28807449340820307,10,0.0,0.0,0,0,0.0,0.0,0.0,10,,,,,,,,0,,,,,,,,0,,,,,,,,0,,,,,,,,0
410,0.0,0.0,0,0,0.0,0.0,0.0,10,0.0,0.0,0.0,0.0,0.0,0.0,0.0,10,0.14720976352691648,0.009122451059726778,0.1257438659667968,0.1595842838287353,0.1485553979873657,0.1293168902397155,0.15850759148597712,10,0.0,0.0,0,0,0.0,0.0,0.0,10,,,,,,,,0,,,,,,,,0,,,,,,,,0,,,,,,,,0
411,0.0,0.0,0,0,0.0,0.0,0.0,10,0.0,0.0,0.0,0.0,0.0,0.0,0.0,10,0.25148279666900636,0.008679205996611502,0.2380244731903076,0.2627990245819092,0.24989664554595944,0.23938086628913877,0.2626755893230438,10,0.0,0.0,0,0,0.0,0.0,0.0,10,,,,,,,,0,,,,,,,,0,,,,,,,,0,,,,,,,,0
412,0.0,0.0,0,0,0.0,0.0,0.0,10,0.0,0.0,0.0,0.0,0.0,0.0,0.0,10,0.462062931060791,0.008290849595292133,0.4465198516845703,0.4741854667663574,0.462531566619873,0.44844090342521664,0.47372069358825686,10,0.0,0.0,0,0,0.0,0.0,0.0,10,,,,,,,,0,,,,,,,,0,,,,,,,,0,,,,,,,,0
413,0.0,0.0,0,0,0.0,0.0,0.0,10,0.0879120879120879,0.0,0.0879120879120879,0.0879120879120879,0.0879120879120879,0.0879120879120879,0.0879120879120879,10,1.9482126235961914,0.011171926941544669,1.9318194389343264,1.969444751739502,1.946947693824768,1.933749717473984,1.9684427857398987,10,0.0,0.0,0,0,0.0,0.0,0.0,10,,,,,,,,0,,,,,,,,0,,,,,,,,0,,,,,,,,0
414,0.0,0.0,0,0,0.0,0.0,0.0,10,0.16666666666666657,2.925694557147251e-17,0.1666666666666666,0.1666666666666666,0.1666666666666666,0.1666666666666666,0.1666666666666666,10,0.6071390628814697,0.00830723951316622,0.5940001010894775,0.6185097694396973,0.6097308397293091,0.5944493174552917,0.6180224657058716,10,0.0,0.0,0,0,0.0,0.0,0.0,10,,,,,,,,0,,,,,,,,0,,,,,,,,0,,,,,,,,0
415,0.0,0.0,0,0,0.0,0.0,0.0,10,0.125,0.0,0.125,0.125,0.125,0.125,0.125,10,0.2675474643707275,0.009070859378047018,0.2528629302978515,0.2827208042144775,0.2684805393218994,0.25360659956932063,0.2814196109771728,10,0.0,0.0,0,0,0.0,0.0,0.0,10,,,,,,,,0,,,,,,,,0,,,,,,,,0,,,,,,,,0
416,0.0,0.0,0,0,0.0,0.0,0.0,10,0.0,0.0,0.0,0.0,0.0,0.0,0.0,10,0.45299813747406004,0.007242383670004377,0.4441542625427246,0.4656145572662353,0.4538853168487549,0.4441574811935425,0.46437500119209285,10,0.0,0.0,0,0,0.0,0.0,0.0,10,,,,,,,,0,,,,,,,,0,,,,,,,,0,,,,,,,,0
417,0.0,0.0,0,0,0.0,0.0,0.0,10,0.0,0.0,0.0,0.0,0.0,0.0,0.0,10,0.24613616466522212,0.008860924035325825,0.23287034034729,0.2598357200622558,0.24623966217041016,0.23373352885246274,0.2594317257404327,10,0.0,0.0,0,0,0.0,0.0,0.0,10,,,,,,,,0,,,,,,,,0,,,,,,,,0,,,,,,,,0
418,0.0,0.0,0,0,0.0,0.0,0.0,10,0.0,0.0,0.0,0.0,0.0,0.0,0.0,10,0.5096302986145019,0.011256220500711126,0.4884846210479736,0.5210812091827393,0.5114116668701172,0.4898678362369537,0.5208586394786835,10,0.0,0.0,0,0,0.0,0.0,0.0,10,,,,,,,,0,,,,,,,,0,,,,,,,,0,,,,,,,,0
419,0.0,0.0,0,0,0.0,0.0,0.0,10,0.125,0.0,0.125,0.125,0.125,0.125,0.125,10,0.4088432312011719,0.010163129145536383,0.3953664302825928,0.4250450134277344,0.4085426330566406,0.39565621614456176,0.4236256957054138,10,0.0,0.0,0,0,0.0,0.0,0.0,10,,,,,,,,0,,,,,,,,0,,,,,,,,0,,,,,,,,0
420,0.0,0.0,0,0,0.0,0.0,0.0,10,0.0625,0.0,0.0625,0.0625,0.0625,0.0625,0.0625,10,0.24892230033874507,0.011949026115780149,0.2289800643920898,0.2638702392578125,0.24955081939697266,0.22980425357818599,0.26331421732902527,10,0.0,0.0,0,0,0.0,0.0,0.0,10,,,,,,,,0,,,,,,,,0,,,,,,,,0,,,,,,,,0
421,0.0,0.0,0,0,0.0,0.0,0.0,10,0.0,0.0,0.0,0.0,0.0,0.0,0.0,10,0.2259073972702026,0.008704027409465912,0.215167760848999,0.241051435470581,0.22559297084808344,0.21546591520309447,0.23999620079994197,10,0.0,0.0,0,0,0.0,0.0,0.0,10,,,,,,,,0,,,,,,,,0,,,,,,,,0,,,,,,,,0
422,0.0,0.0,0,0,0.0,0.0,0.0,10,0.0,0.0,0.0,0.0,0.0,0.0,0.0,10,0.15790863037109373,0.009965580232770957,0.1404616832733154,0.1752989292144775,0.1554855108261108,0.14315424561500545,0.17366723418235777,10,0.0,0.0,0,0,0.0,0.0,0.0,10,,,,,,,,0,,,,,,,,0,,,,,,,,0,,,,,,,,0
423,0.0,0.0,0,0,0.0,0.0,0.0,10,0.5,0.0,0.5,0.5,0.5,0.5,0.5,10,0.14001362323760982,0.008946405158120787,0.1212716102600097,0.1556220054626464,0.14038479328155515,0.12423448562622064,0.15396102070808404,10,0.0,0.0,0,0,0.0,0.0,0.0,10,,,,,,,,0,,,,,,,,0,,,,,,,,0,,,,,,,,0
424,0.0,0.0,0,0,0.0,0.0,0.0,10,0.5,0.0,0.5,0.5,0.5,0.5,0.5,10,0.1399846076965332,0.007885080558951566,0.1293349266052246,0.1519193649291992,0.14037358760833735,0.12982303500175477,0.15137664675712584,10,0.0,0.0,0,0,0.0,0.0,0.0,10,,,,,,,,0,,,,,,,,0,,,,,,,,0,,,,,,,,0
425,0.0,0.0,0,0,0.0,0.0,0.0,10,0.0,0.0,0.0,0.0,0.0,0.0,0.0,10,0.2022670984268188,0.006942054528226247,0.1919775009155273,0.2121269702911377,0.20435178279876703,0.19239141941070553,0.2117371380329132,10,0.0,0.0,0,0,0.0,0.0,0.0,10,,,,,,,,0,,,,,,,,0,,,,,,,,0,,,,,,,,0
426,0.0,0.0,0,0,0.0,0.0,0.0,10,0.0,0.0,0.0,0.0,0.0,0.0,0.0,10,0.13279345035552975,0.010199734295151676,0.1173293590545654,0.1514747142791748,0.13495159149169916,0.11749334931373594,0.1486384928226471,10,0.0,0.0,0,0,0.0,0.0,0.0,10,,,,,,,,0,,,,,,,,0,,,,,,,,0,,,,,,,,0
427,0.0,0.0,0,0,0.0,0.0,0.0,10,0.0,0.0,0.0,0.0,0.0,0.0,0.0,10,0.13181085586547847,0.00897270677287252,0.1168336868286132,0.1486456394195556,0.1314880847930908,0.11883815526962273,0.14677726626396173,10,0.0,0.0,0,0,0.0,0.0,0.0,10,,,,,,,,0,,,,,,,,0,,,,,,,,0,,,,,,,,0
428,0.0,0.0,0,0,0.0,0.0,0.0,10,0.0,0.0,0.0,0.0,0.0,0.0,0.0,10,0.14410982131958003,0.014102729185952524,0.1123187541961669,0.15749192237854,0.146875262260437,0.11695961952209463,0.15729268789291379,10,0.0,0.0,0,0,0.0,0.0,0.0,10,,,,,,,,0,,,,,,,,0,,,,,,,,0,,,,,,,,0
429,0.0,0.0,0,0,0.0,0.0,0.0,10,0.1481481481481481,0.0,0.1481481481481481,0.1481481481481481,0.1481481481481481,0.1481481481481481,0.1481481481481481,10,0.5769914627075196,0.009678212403008228,0.5644214153289795,0.5931615829467773,0.5781384706497192,0.5651409983634949,0.5918062627315521,10,0.0,0.0,0,0,0.0,0.0,0.0,10,,,,,,,,0,,,,,,,,0,,,,,,,,0,,,,,,,,0
430,0.0,0.0,0,0,0.0,0.0,0.0,10,0.0,0.0,0.0,0.0,0.0,0.0,0.0,10,0.15228605270385737,0.004714931751398289,0.1423864364624023,0.156442642211914,0.15382122993469236,0.14355856180191034,0.15640240907669062,10,0.0,0.0,0,0,0.0,0.0,0.0,10,,,,,,,,0,,,,,,,,0,,,,,,,,0,,,,,,,,0
431,0.0,0.0,0,0,0.0,0.0,0.0,10,0.0,0.0,0.0,0.0,0.0,0.0,0.0,10,0.1440591335296631,0.007897002352144316,0.1332261562347412,0.159529447555542,0.1440048217773437,0.13399439454078674,0.1574337840080261,10,0.0,0.0,0,0,0.0,0.0,0.0,10,,,,,,,,0,,,,,,,,0,,,,,,,,0,,,,,,,,0
432,0.0,0.0,0,0,0.0,0.0,0.0,10,0.1428571428571428,0.0,0.1428571428571428,0.1428571428571428,0.1428571428571428,0.1428571428571428,0.1428571428571428,10,0.2895809650421143,0.01038547584072331,0.2697803974151611,0.2982652187347412,0.294411301612854,0.270441722869873,0.29811217188835143,10,0.0,0.0,0,0,0.0,0.0,0.0,10,,,,,,,,0,,,,,,,,0,,,,,,,,0,,,,,,,,0
433,0.0,0.0,0,0,0.0,0.0,0.0,10,0.0,0.0,0.0,0.0,0.0,0.0,0.0,10,0.2598182439804077,0.013690125690651046,0.2372915744781494,0.2803690433502197,0.2555428743362427,0.2399049580097198,0.2798158645629883,10,0.0,0.0,0,0,0.0,0.0,0.0,10,,,,,,,,0,,,,,,,,0,,,,,,,,0,,,,,,,,0
434,0.0,0.0,0,0,0.0,0.0,0.0,10,0.0,0.0,0.0,0.0,0.0,0.0,0.0,10,0.2445909738540649,0.009400865269849493,0.2251973152160644,0.2615079879760742,0.24454021453857416,0.22838474512100215,0.2597629427909851,10,0.0,0.0,0,0,0.0,0.0,0.0,10,,,,,,,,0,,,,,,,,0,,,,,,,,0,,,,,,,,0
435,0.0,0.0,0,0,0.0,0.0,0.0,10,0.0,0.0,0.0,0.0,0.0,0.0,0.0,10,0.3660581588745117,0.007713363913071539,0.3544726371765136,0.3756394386291504,0.368193507194519,0.35473147034645075,0.3756043016910553,10,0.0,0.0,0,0,0.0,0.0,0.0,10,,,,,,,,0,,,,,,,,0,,,,,,,,0,,,,,,,,0
436,0.0,0.0,0,0,0.0,0.0,0.0,10,0.0,0.0,0.0,0.0,0.0,0.0,0.0,10,0.29698498249053956,0.0052912401853859765,0.2874796390533447,0.3042011260986328,0.29898905754089355,0.28845059871673584,0.3037478864192963,10,0.0,0.0,0,0,0.0,0.0,0.0,10,,,,,,,,0,,,,,,,,0,,,,,,,,0,,,,,,,,0
437,1.0,0.0,1,1,1.0,1.0,1.0,10,1.0,0.0,1.0,1.0,1.0,1.0,1.0,10,0.1392896175384521,0.012052996723485549,0.1144146919250488,0.1522741317749023,0.14411759376525876,0.1177680969238281,0.15188617706298824,10,0.0,0.0,0,0,0.0,0.0,0.0,10,,,,,,,,0,,,,,,,,0,,,,,,,,0,,,,,,,,0
438,0.0,0.0,0,0,0.0,0.0,0.0,10,0.0,0.0,0.0,0.0,0.0,0.0,0.0,10,0.12187981605529782,0.008099630725596009,0.1078078746795654,0.1337456703186035,0.1215744018554687,0.1093688130378723,0.1332710802555084,10,0.0,0.0,0,0,0.0,0.0,0.0,10,,,,,,,,0,,,,,,,,0,,,,,,,,0,,,,,,,,0
439,0.0,0.0,0,0,0.0,0.0,0.0,10,0.1538461538461538,0.0,0.1538461538461538,0.1538461538461538,0.1538461538461538,0.1538461538461538,0.1538461538461538,10,0.2816834688186646,0.007518601912363598,0.2702417373657226,0.2941679954528808,0.2801976203918457,0.2715006053447723,0.2934520602226257,10,0.0,0.0,0,0,0.0,0.0,0.0,10,,,,,,,,0,,,,,,,,0,,,,,,,,0,,,,,,,,0
440,0.0,0.0,0,0,0.0,0.0,0.0,10,0.0,0.0,0.0,0.0,0.0,0.0,0.0,10,0.25504164695739745,0.009116898756046637,0.2392992973327636,0.2657153606414795,0.256677508354187,0.24042459130287164,0.26547337174415586,10,0.0,0.0,0,0,0.0,0.0,0.0,10,,,,,,,,0,,,,,,,,0,,,,,,,,0,,,,,,,,0
441,1.0,0.0,1,1,1.0,1.0,1.0,10,1.0,0.0,1.0,1.0,1.0,1.0,1.0,10,0.15990693569183345,0.009913860945182713,0.1463007926940918,0.1773369312286377,0.15856528282165522,0.14705824851989746,0.1754306852817535,10,0.0,0.0,0,0,0.0,0.0,0.0,10,,,,,,,,0,,,,,,,,0,,,,,,,,0,,,,,,,,0
442,0.0,0.0,0,0,0.0,0.0,0.0,10,0.0952380952380952,0.0,0.0952380952380952,0.0952380952380952,0.0952380952380952,0.0952380952380952,0.0952380952380952,10,0.4089345455169678,0.009865733291004177,0.3943870067596435,0.4262778759002685,0.40872108936309814,0.3954409003257751,0.4249510943889617,10,0.0,0.0,0,0,0.0,0.0,0.0,10,,,,,,,,0,,,,,,,,0,,,,,,,,0,,,,,,,,0
443,0.0,0.0,0,0,0.0,0.0,0.0,10,0.0,0.0,0.0,0.0,0.0,0.0,0.0,10,0.1375338077545166,0.00975609164666745,0.126173734664917,0.1526951789855957,0.1337727308273315,0.12622281908988953,0.1526782274246216,10,0.0,0.0,0,0,0.0,0.0,0.0,10,,,,,,,,0,,,,,,,,0,,,,,,,,0,,,,,,,,0
444,1.0,0.0,1,1,1.0,1.0,1.0,10,1.0,0.0,1.0,1.0,1.0,1.0,1.0,10,0.11929423809051512,0.006352369754379221,0.1125802993774414,0.1338798999786377,0.1187176704406738,0.11286021471023558,0.13154879212379456,10,0.0,0.0,0,0,0.0,0.0,0.0,10,,,,,,,,0,,,,,,,,0,,,,,,,,0,,,,,,,,0
445,0.0,0.0,0,0,0.0,0.0,0.0,10,0.0,0.0,0.0,0.0,0.0,0.0,0.0,10,0.25302274227142335,0.0069306287342519104,0.2439291477203369,0.2646005153656006,0.25194263458251953,0.24435508251190183,0.2637711226940155,10,0.0,0.0,0,0,0.0,0.0,0.0,10,,,,,,,,0,,,,,,,,0,,,,,,,,0,,,,,,,,0
446,0.0,0.0,0,0,0.0,0.0,0.0,10,0.0,0.0,0.0,0.0,0.0,0.0,0.0,10,0.15368816852569575,0.0071580419444422245,0.1434247493743896,0.1643834114074707,0.15407359600067133,0.14379280209541315,0.16351834535598755,10,0.0,0.0,0,0,0.0,0.0,0.0,10,,,,,,,,0,,,,,,,,0,,,,,,,,0,,,,,,,,0
447,1.0,0.0,1,1,1.0,1.0,1.0,10,1.0,0.0,1.0,1.0,1.0,1.0,1.0,10,0.12533283233642573,0.011540174072957102,0.109391450881958,0.143017292022705,0.12416815757751459,0.1105544030666351,0.14242457747459406,10,0.0,0.0,0,0,0.0,0.0,0.0,10,,,,,,,,0,,,,,,,,0,,,,,,,,0,,,,,,,,0
448,0.0,0.0,0,0,0.0,0.0,0.0,10,0.0,0.0,0.0,0.0,0.0,0.0,0.0,10,0.3331637144088745,0.009305826192241172,0.3242378234863281,0.3522131443023681,0.33086454868316645,0.32433888912200926,0.3512168109416961,10,0.0,0.0,0,0,0.0,0.0,0.0,10,,,,,,,,0,,,,,,,,0,,,,,,,,0,,,,,,,,0
449,0.0,0.0,0,0,0.0,0.0,0.0,10,0.5,0.0,0.5,0.5,0.5,0.5,0.5,10,0.1347291231155395,0.012637278451731803,0.1129710674285888,0.1542084217071533,0.13118517398834223,0.11579092741012569,0.1531373620033264,10,0.0,0.0,0,0,0.0,0.0,0.0,10,,,,,,,,0,,,,,,,,0,,,,,,,,0,,,,,,,,0
450,0.0,0.0,0,0,0.0,0.0,0.0,10,0.0,0.0,0.0,0.0,0.0,0.0,0.0,10,0.29412662982940674,0.008338328729111659,0.2825350761413574,0.3066380023956299,0.29167485237121576,0.2834039509296417,0.30609941482543945,10,0.0,0.0,0,0,0.0,0.0,0.0,10,,,,,,,,0,,,,,,,,0,,,,,,,,0,,,,,,,,0
451,0.0,0.0,0,0,0.0,0.0,0.0,10,0.0,0.0,0.0,0.0,0.0,0.0,0.0,10,0.1839513540267944,0.007039423091994439,0.1741907596588134,0.1963951587677002,0.18267428874969482,0.1752875685691833,0.19623095393180848,10,0.0,0.0,0,0,0.0,0.0,0.0,10,,,,,,,,0,,,,,,,,0,,,,,,,,0,,,,,,,,0
452,0.0,0.0,0,0,0.0,0.0,0.0,10,0.0,0.0,0.0,0.0,0.0,0.0,0.0,10,0.6821808099746705,0.009518621699882794,0.6663424968719482,0.6950628757476807,0.6843936443328857,0.6674704194068909,0.6940382719039917,10,0.0,0.0,0,0,0.0,0.0,0.0,10,,,,,,,,0,,,,,,,,0,,,,,,,,0,,,,,,,,0
453,0.0,0.0,0,0,0.0,0.0,0.0,10,0.0,0.0,0.0,0.0,0.0,0.0,0.0,10,0.17645037174224848,0.008657361087127337,0.1665959358215332,0.1969110965728759,0.17372691631317133,0.16721402406692504,0.19348205327987664,10,0.0,0.0,0,0,0.0,0.0,0.0,10,,,,,,,,0,,,,,,,,0,,,,,,,,0,,,,,,,,0
454,0.0,0.0,0,0,0.0,0.0,0.0,10,0.0,0.0,0.0,0.0,0.0,0.0,0.0,10,0.11431348323822017,0.011049796027727847,0.0925564765930175,0.132328987121582,0.11343753337860105,0.09566327929496757,0.13153585791587827,10,0.0,0.0,0,0,0.0,0.0,0.0,10,,,,,,,,0,,,,,,,,0,,,,,,,,0,,,,,,,,0
455,0.0,0.0,0,0,0.0,0.0,0.0,10,0.0,0.0,0.0,0.0,0.0,0.0,0.0,10,0.1330774068832397,0.006231516286473827,0.1225931644439697,0.1422810554504394,0.13170301914215085,0.12383626103401181,0.1421685099601745,10,0.0,0.0,0,0,0.0,0.0,0.0,10,,,,,,,,0,,,,,,,,0,,,,,,,,0,,,,,,,,0
456,0.0,0.0,0,0,0.0,0.0,0.0,10,0.0,0.0,0.0,0.0,0.0,0.0,0.0,10,0.4411181926727295,0.009046066610051647,0.4182705879211426,0.4500718116760254,0.4431416988372803,0.42244925498962405,0.44975042939186094,10,0.0,0.0,0,0,0.0,0.0,0.0,10,,,,,,,,0,,,,,,,,0,,,,,,,,0,,,,,,,,0
457,0.0,0.0,0,0,0.0,0.0,0.0,10,0.0,0.0,0.0,0.0,0.0,0.0,0.0,10,0.14798934459686275,0.01033809086154136,0.140104055404663,0.1736993789672851,0.14388477802276606,0.14031326770782462,0.16959018111228938,10,0.0,0.0,0,0,0.0,0.0,0.0,10,,,,,,,,0,,,,,,,,0,,,,,,,,0,,,,,,,,0
458,0.0,0.0,0,0,0.0,0.0,0.0,10,0.0,0.0,0.0,0.0,0.0,0.0,0.0,10,0.4433469772338867,0.008641744474560734,0.43233323097229,0.4552550315856933,0.44253671169281,0.43234100937843317,0.4551779985427856,10,0.0,0.0,0,0,0.0,0.0,0.0,10,,,,,,,,0,,,,,,,,0,,,,,,,,0,,,,,,,,0
459,0.0,0.0,0,0,0.0,0.0,0.0,10,0.0,0.0,0.0,0.0,0.0,0.0,0.0,10,0.4365452527999878,0.007287815494535784,0.4263699054718017,0.4485867023468017,0.43734705448150635,0.42646920084953305,0.4477717936038971,10,0.0,0.0,0,0,0.0,0.0,0.0,10,,,,,,,,0,,,,,,,,0,,,,,,,,0,,,,,,,,0
460,0.0,0.0,0,0,0.0,0.0,0.0,10,0.0,0.0,0.0,0.0,0.0,0.0,0.0,10,0.4751527547836304,0.00963637822902178,0.459686279296875,0.4867563247680664,0.47952067852020264,0.4607475757598877,0.4860571801662445,10,0.0,0.0,0,0,0.0,0.0,0.0,10,,,,,,,,0,,,,,,,,0,,,,,,,,0,,,,,,,,0
461,0.0,0.0,0,0,0.0,0.0,0.0,10,0.0,0.0,0.0,0.0,0.0,0.0,0.0,10,0.3209090709686279,0.011974371829497265,0.3046374320983886,0.3413488864898681,0.3223495483398437,0.30465390086174005,0.33879102468490596,10,0.0,0.0,0,0,0.0,0.0,0.0,10,,,,,,,,0,,,,,,,,0,,,,,,,,0,,,,,,,,0
462,0.0,0.0,0,0,0.0,0.0,0.0,10,0.0,0.0,0.0,0.0,0.0,0.0,0.0,10,0.31105201244354247,0.008164710365601995,0.3027150630950928,0.3265590667724609,0.3077855110168457,0.30304454565048217,0.3253361940383911,10,0.0,0.0,0,0,0.0,0.0,0.0,10,,,,,,,,0,,,,,,,,0,,,,,,,,0,,,,,,,,0
463,0.0,0.0,0,0,0.0,0.0,0.0,10,0.0,0.0,0.0,0.0,0.0,0.0,0.0,10,0.25717504024505616,0.00949198225751895,0.2394688129425048,0.2753083705902099,0.25448083877563477,0.24237750768661492,0.2727691233158111,10,0.0,0.0,0,0,0.0,0.0,0.0,10,,,,,,,,0,,,,,,,,0,,,,,,,,0,,,,,,,,0
464,0.0,0.0,0,0,0.0,0.0,0.0,10,0.0,0.0,0.0,0.0,0.0,0.0,0.0,10,0.13855769634246823,0.00783078527987617,0.1198508739471435,0.151045560836792,0.13913464546203605,0.12317482829093927,0.14928463697433472,10,0.0,0.0,0,0,0.0,0.0,0.0,10,,,,,,,,0,,,,,,,,0,,,,,,,,0,,,,,,,,0
465,0.0,0.0,0,0,0.0,0.0,0.0,10,0.08333333333333329,1.4628472785736255e-17,0.0833333333333333,0.0833333333333333,0.0833333333333333,0.0833333333333333,0.0833333333333333,10,0.6360185146331787,0.008364626856575278,0.6188027858734131,0.645437479019165,0.6375772953033447,0.6208804249763489,0.6452918887138367,10,0.0,0.0,0,0,0.0,0.0,0.0,10,,,,,,,,0,,,,,,,,0,,,,,,,,0,,,,,,,,0
466,0.0,0.0,0,0,0.0,0.0,0.0,10,0.0,0.0,0.0,0.0,0.0,0.0,0.0,10,0.1293209791183471,0.007956523941607016,0.1159493923187255,0.1394929885864257,0.12893879413604736,0.11718460321426384,0.13916688561439505,10,0.0,0.0,0,0,0.0,0.0,0.0,10,,,,,,,,0,,,,,,,,0,,,,,,,,0,,,,,,,,0
467,0.0,0.0,0,0,0.0,0.0,0.0,10,0.0,0.0,0.0,0.0,0.0,0.0,0.0,10,0.16527271270751948,0.00963509273868261,0.145857572555542,0.1797757148742675,0.16338193416595453,0.149263334274292,0.17952283620834344,10,0.0,0.0,0,0,0.0,0.0,0.0,10,,,,,,,,0,,,,,,,,0,,,,,,,,0,,,,,,,,0
468,0.0,0.0,0,0,0.0,0.0,0.0,10,0.0,0.0,0.0,0.0,0.0,0.0,0.0,10,0.287686824798584,0.008946682661128804,0.2770402431488037,0.3031704425811767,0.284752607345581,0.2772023022174835,0.30241218209266657,10,0.0,0.0,0,0,0.0,0.0,0.0,10,,,,,,,,0,,,,,,,,0,,,,,,,,0,,,,,,,,0
469,0.0,0.0,0,0,0.0,0.0,0.0,10,0.07407407407407399,1.4628472785736255e-17,0.074074074074074,0.074074074074074,0.074074074074074,0.074074074074074,0.074074074074074,10,0.5305690050125123,0.01097008162672139,0.5091376304626465,0.5458478927612305,0.532029390335083,0.5113877892494202,0.5443395793437957,10,0.0,0.0,0,0,0.0,0.0,0.0,10,,,,,,,,0,,,,,,,,0,,,,,,,,0,,,,,,,,0
470,0.0,0.0,0,0,0.0,0.0,0.0,10,0.0,0.0,0.0,0.0,0.0,0.0,0.0,10,0.2655844211578369,0.011666533990988054,0.247342824935913,0.2833573818206787,0.26528453826904297,0.24874309897422783,0.2825813114643097,10,0.0,0.0,0,0,0.0,0.0,0.0,10,,,,,,,,0,,,,,,,,0,,,,,,,,0,,,,,,,,0
471,0.0,0.0,0,0,0.0,0.0,0.0,10,0.0,0.0,0.0,0.0,0.0,0.0,0.0,10,0.45457234382629397,0.010136521579159865,0.4418718814849853,0.4713864326477051,0.4519020318984985,0.4427790582180023,0.470553982257843,10,0.0,0.0,0,0,0.0,0.0,0.0,10,,,,,,,,0,,,,,,,,0,,,,,,,,0,,,,,,,,0
472,0.0,0.0,0,0,0.0,0.0,0.0,10,0.22222222222222224,2.925694557147251e-17,0.2222222222222222,0.2222222222222222,0.2222222222222222,0.2222222222222222,0.2222222222222222,10,0.3617314338684082,0.009157093555659841,0.3482511043548584,0.3761477470397949,0.3612736463546753,0.34909782409667967,0.3754144310951233,10,0.0,0.0,0,0,0.0,0.0,0.0,10,,,,,,,,0,,,,,,,,0,,,,,,,,0,,,,,,,,0
473,0.0,0.0,0,0,0.0,0.0,0.0,10,0.0,0.0,0.0,0.0,0.0,0.0,0.0,10,0.30922489166259765,0.005013857916254254,0.3013956546783447,0.3176069259643554,0.3097597360610962,0.3020652413368225,0.31662287712097165,10,0.0,0.0,0,0,0.0,0.0,0.0,10,,,,,,,,0,,,,,,,,0,,,,,,,,0,,,,,,,,0
474,0.0,0.0,0,0,0.0,0.0,0.0,10,0.2,0.0,0.2,0.2,0.2,0.2,0.2,10,0.2560704708099365,0.007458932729771541,0.2484297752380371,0.2699248790740967,0.25453412532806396,0.24850584268569945,0.26848163604736325,10,0.0,0.0,0,0,0.0,0.0,0.0,10,,,,,,,,0,,,,,,,,0,,,,,,,,0,,,,,,,,0
475,0.0,0.0,0,0,0.0,0.0,0.0,10,0.25,0.0,0.25,0.25,0.25,0.25,0.25,10,0.1495775699615478,0.006145413469851326,0.1380715370178222,0.1561517715454101,0.15024507045745844,0.1394898891448974,0.1560369193553924,10,0.0,0.0,0,0,0.0,0.0,0.0,10,,,,,,,,0,,,,,,,,0,,,,,,,,0,,,,,,,,0
476,0.0,0.0,0,0,0.0,0.0,0.0,10,0.0,0.0,0.0,0.0,0.0,0.0,0.0,10,0.318564772605896,0.010966613704875687,0.3021118640899658,0.3372085094451904,0.31616640090942383,0.3029553651809692,0.3357423603534698,10,0.0,0.0,0,0,0.0,0.0,0.0,10,,,,,,,,0,,,,,,,,0,,,,,,,,0,,,,,,,,0
477,0.0,0.0,0,0,0.0,0.0,0.0,10,0.0,0.0,0.0,0.0,0.0,0.0,0.0,10,0.18164148330688473,0.010935747357712342,0.1666648387908935,0.1933555603027343,0.18395781517028803,0.16709538698196408,0.1931281089782714,10,0.0,0.0,0,0,0.0,0.0,0.0,10,,,,,,,,0,,,,,,,,0,,,,,,,,0,,,,,,,,0
478,0.0,0.0,0,0,0.0,0.0,0.0,10,0.0,0.0,0.0,0.0,0.0,0.0,0.0,10,0.22964298725128168,0.0070755549317527795,0.2190485000610351,0.2407145500183105,0.22986817359924316,0.21985638141632075,0.2399555921554565,10,0.0,0.0,0,0,0.0,0.0,0.0,10,,,,,,,,0,,,,,,,,0,,,,,,,,0,,,,,,,,0
479,0.0,0.0,0,0,0.0,0.0,0.0,10,0.25,0.0,0.25,0.25,0.25,0.25,0.25,10,0.20924124717712397,0.010950272067993056,0.1897141933441162,0.227088451385498,0.2103718519210815,0.19188742637634276,0.22515157461166377,10,0.0,0.0,0,0,0.0,0.0,0.0,10,,,,,,,,0,,,,,,,,0,,,,,,,,0,,,,,,,,0
480,0.0,0.0,0,0,0.0,0.0,0.0,10,0.125,0.0,0.125,0.125,0.125,0.125,0.125,10,0.37333176136016843,0.0053874406846493,0.3659200668334961,0.3823726177215576,0.37334561347961426,0.3662939667701721,0.38162009716033934,10,0.0,0.0,0,0,0.0,0.0,0.0,10,,,,,,,,0,,,,,,,,0,,,,,,,,0,,,,,,,,0
481,0.0,0.0,0,0,0.0,0.0,0.0,10,0.2352941176470588,0.0,0.2352941176470588,0.2352941176470588,0.2352941176470588,0.2352941176470588,0.2352941176470588,10,0.2999528408050537,0.013648153498154472,0.2792966365814209,0.3205945491790771,0.2966275215148926,0.2807036697864532,0.3202844858169555,10,0.0,0.0,0,0,0.0,0.0,0.0,10,,,,,,,,0,,,,,,,,0,,,,,,,,0,,,,,,,,0
482,0.0,0.0,0,0,0.0,0.0,0.0,10,0.0,0.0,0.0,0.0,0.0,0.0,0.0,10,0.12961544990539547,0.007793523022709495,0.1156506538391113,0.140775442123413,0.1268738508224487,0.11754708290100094,0.14041323661804192,10,0.0,0.0,0,0,0.0,0.0,0.0,10,,,,,,,,0,,,,,,,,0,,,,,,,,0,,,,,,,,0
483,0.0,0.0,0,0,0.0,0.0,0.0,10,0.0,0.0,0.0,0.0,0.0,0.0,0.0,10,0.35495657920837403,0.005820664692793659,0.3434236049652099,0.3618855476379394,0.35639488697052,0.34472061395645137,0.3616548240184783,10,0.0,0.0,0,0,0.0,0.0,0.0,10,,,,,,,,0,,,,,,,,0,,,,,,,,0,,,,,,,,0
484,0.0,0.0,0,0,0.0,0.0,0.0,10,0.0,0.0,0.0,0.0,0.0,0.0,0.0,10,0.33474528789520264,0.00923344644026371,0.317408800125122,0.3508598804473877,0.33503103256225586,0.3197388350963592,0.3493141233921051,10,0.0,0.0,0,0,0.0,0.0,0.0,10,,,,,,,,0,,,,,,,,0,,,,,,,,0,,,,,,,,0
485,0.0,0.0,0,0,0.0,0.0,0.0,10,0.0,0.0,0.0,0.0,0.0,0.0,0.0,10,0.3020982265472412,0.008502545434313537,0.2886970043182373,0.3140981197357178,0.30237114429473877,0.2899714827537537,0.31408342123031613,10,0.0,0.0,0,0,0.0,0.0,0.0,10,,,,,,,,0,,,,,,,,0,,,,,,,,0,,,,,,,,0
486,0.0,0.0,0,0,0.0,0.0,0.0,10,0.0,0.0,0.0,0.0,0.0,0.0,0.0,10,0.1723565578460693,0.008663017858315497,0.1570277214050293,0.1866722106933593,0.17414402961730951,0.15814770460128783,0.1848548531532287,10,0.0,0.0,0,0,0.0,0.0,0.0,10,,,,,,,,0,,,,,,,,0,,,,,,,,0,,,,,,,,0
487,0.0,0.0,0,0,0.0,0.0,0.0,10,0.0,0.0,0.0,0.0,0.0,0.0,0.0,10,0.14723491668701166,0.01061212950558632,0.1267788410186767,0.1619861125946045,0.14882528781890864,0.12836579680442803,0.16103280186653138,10,0.0,0.0,0,0,0.0,0.0,0.0,10,,,,,,,,0,,,,,,,,0,,,,,,,,0,,,,,,,,0
488,0.0,0.0,0,0,0.0,0.0,0.0,10,0.5,0.0,0.5,0.5,0.5,0.5,0.5,10,0.13918254375457761,0.010315761896635205,0.1185040473937988,0.1516287326812744,0.1398125886917114,0.12134697437286374,0.15109304189682005,10,0.0,0.0,0,0,0.0,0.0,0.0,10,,,,,,,,0,,,,,,,,0,,,,,,,,0,,,,,,,,0
489,0.0,0.0,0,0,0.0,0.0,0.0,10,0.25,0.0,0.25,0.25,0.25,0.25,0.25,10,0.219305419921875,0.012557207356405434,0.2016768455505371,0.2393331527709961,0.2141311168670654,0.20339308381080629,0.2385286509990692,10,0.0,0.0,0,0,0.0,0.0,0.0,10,,,,,,,,0,,,,,,,,0,,,,,,,,0,,,,,,,,0
490,0.0,0.0,0,0,0.0,0.0,0.0,10,0.1333333333333333,0.0,0.1333333333333333,0.1333333333333333,0.1333333333333333,0.1333333333333333,0.1333333333333333,10,0.3063194274902344,0.01303126506584997,0.2772860527038574,0.3214802742004394,0.3092217445373535,0.28100273609161375,0.32046806216239926,10,0.0,0.0,0,0,0.0,0.0,0.0,10,,,,,,,,0,,,,,,,,0,,,,,,,,0,,,,,,,,0
491,0.0,0.0,0,0,0.0,0.0,0.0,10,0.125,0.0,0.125,0.125,0.125,0.125,0.125,10,0.39031643867492677,0.008098311322666316,0.3803877830505371,0.4048027992248535,0.3899735212326049,0.3808150589466095,0.4043139934539795,10,0.0,0.0,0,0,0.0,0.0,0.0,10,,,,,,,,0,,,,,,,,0,,,,,,,,0,,,,,,,,0
492,0.0,0.0,0,0,0.0,0.0,0.0,10,0.0,0.0,0.0,0.0,0.0,0.0,0.0,10,0.25958588123321535,0.009701858025150969,0.2491054534912109,0.2746236324310303,0.2592428922653198,0.24915448427200315,0.2745719194412231,10,0.0,0.0,0,0,0.0,0.0,0.0,10,,,,,,,,0,,,,,,,,0,,,,,,,,0,,,,,,,,0
493,0.0,0.0,0,0,0.0,0.0,0.0,10,0.0,0.0,0.0,0.0,0.0,0.0,0.0,10,0.12870740890502924,0.0063633213447834465,0.1184079647064209,0.1374127864837646,0.13056421279907227,0.11861959099769591,0.13672206401824946,10,0.0,0.0,0,0,0.0,0.0,0.0,10,,,,,,,,0,,,,,,,,0,,,,,,,,0,,,,,,,,0
494,1.0,0.0,1,1,1.0,1.0,1.0,10,1.0,0.0,1.0,1.0,1.0,1.0,1.0,10,0.13632571697235107,0.01095819266538359,0.1213672161102294,0.1584374904632568,0.13442873954772944,0.1223814129829406,0.15517501235008238,10,0.0,0.0,0,0,0.0,0.0,0.0,10,,,,,,,,0,,,,,,,,0,,,,,,,,0,,,,,,,,0
495,0.0,0.0,0,0,0.0,0.0,0.0,10,0.0,0.0,0.0,0.0,0.0,0.0,0.0,10,0.13500165939331052,0.010707319182277996,0.1122148036956787,0.1507885456085205,0.13768219947814941,0.11513943076133727,0.14877243638038634,10,0.0,0.0,0,0,0.0,0.0,0.0,10,,,,,,,,0,,,,,,,,0,,,,,,,,0,,,,,,,,0
496,0.0,0.0,0,0,0.0,0.0,0.0,10,0.0,0.0,0.0,0.0,0.0,0.0,0.0,10,0.14433028697967526,0.011770110803160792,0.1219391822814941,0.1587324142456054,0.14745831489562986,0.12413939833641048,0.15856574177742,10,0.0,0.0,0,0,0.0,0.0,0.0,10,,,,,,,,0,,,,,,,,0,,,,,,,,0,,,,,,,,0
497,0.0,0.0,0,0,0.0,0.0,0.0,10,0.4,0.0,0.4,0.4,0.4,0.4,0.4,10,0.18447098731994627,0.010993808161750246,0.1687324047088623,0.2016830444335937,0.1829546689987182,0.170042610168457,0.20103754401206964,10,0.0,0.0,0,0,0.0,0.0,0.0,10,,,,,,,,0,,,,,,,,0,,,,,,,,0,,,,,,,,0
498,0.0,0.0,0,0,0.0,0.0,0.0,10,0.0,0.0,0.0,0.0,0.0,0.0,0.0,10,0.1665037870407104,0.010776629049579132,0.1488313674926757,0.1783969402313232,0.170103907585144,0.14967814087867728,0.1778445124626159,10,0.0,0.0,0,0,0.0,0.0,0.0,10,,,,,,,,0,,,,,,,,0,,,,,,,,0,,,,,,,,0
499,0.0,0.0,0,0,0.0,0.0,0.0,10,0.0,0.0,0.0,0.0,0.0,0.0,0.0,10,0.4558297872543335,0.009033562232945104,0.4462347030639648,0.4733560085296631,0.4529203176498413,0.4464138746261596,0.4714599549770355,10,0.0,0.0,0,0,0.0,0.0,0.0,10,,,,,,,,0,,,,,,,,0,,,,,,,,0,,,,,,,,0
