exact_match,f1_score,time,step,dataset_id,hit_rate,hits,total_retrieved,expected_count
0,0.9090909090909092,0.3777499198913574,1,629HsNl5Qf3THUq_CbmFrSx28,1.0,1,3,1
1,1.0,0.2601110935211181,1,2648F832Z8D-thJnrxy_ZoZ11111,1.0,1,3,1
1,1.0,0.3636701107025146,1,2561YDPNx6Nm5o6T0F-PGw-u2466,1.0,1,3,1
0,0.0,0.497208833694458,1,1431C0_ORK0ta8pDX6H-1VOp596,0.0,0,3,1
1,1.0,0.3982956409454345,1,1234WIzl7ElikCCPk4gA-7ua3057,1.0,1,3,1
0,0.8571428571428571,0.4708547592163086,1,580J0GQq9CMPFwuNoK_eRB4169,1.0,1,3,1
0,0.0588235294117647,0.7537431716918945,1,1008cPycwBnuEuEiZLC7k7LH387,0.0,0,3,1
0,0.0,0.8714699745178223,1,2515HnCK6br3syHDxNhRpc8g1750,0.0,0,3,1
0,0.1538461538461538,0.7955102920532227,1,1423Rcv2EkrmFuIt2YeOnjUf618,1.0,1,3,1
1,1.0,0.4446258544921875,1,20485Fhf0JwIy4n0x3VB-lgO1653,1.0,1,3,1
0,0.8636363636363636,0.9921863079071044,1,845RUlmcCAkxZC2itV7MBh62763,1.0,1,3,1
1,1.0,0.3115932941436767,1,2469wKA4zFUFpbear2IzeeA21855,1.0,1,3,1
1,1.0,0.4127156734466553,1,1440qne5M3TJkKmQ8UE97H1P2132,1.0,1,3,1
1,1.0,0.2698345184326172,1,1528MgNp15Yx30rPeZDqHZi11952,1.0,1,3,1
1,1.0,0.264340877532959,1,23488dFrnyeZ5ef_I0UKSiz_3761,1.0,1,3,1
0,0.3333333333333333,0.4575777053833008,1,1972yAEf1nBlvyHW4FzECBk52251,1.0,1,3,1
0,0.25,0.3483147621154785,1,1752E5XokYRzRxCMWKU2kTp-3547,1.0,1,3,1
0,0.0,0.3720510005950928,1,2574e_nCnMlZf6mrQzmO3LZo2447,0.0,0,3,1
0,0.0,0.313514232635498,1,1235m-89f-L_U28rNQ1Twz073053,0.0,0,3,1
0,0.5925925925925926,0.752758264541626,1,924h9Ft9SWd5mJ8NvTErCl72555,1.0,1,3,1
0,0.1333333333333333,0.5091910362243652,1,1449K8ANCJR2kfhz2B8KAAgg2114,1.0,1,3,1
0,0.0869565217391304,0.342043399810791,1,2563vdW9TuW9KxwiRSmdl72r2463,0.0,0,3,1
1,1.0,0.2967822551727295,1,9171SqPvS4Y9VVB9rn93Vi-2574,1.0,1,3,1
0,0.5714285714285714,0.4886748790740967,1,27065ZHgP-paSB5ljBAmKla_949,0.0,0,3,1
0,0.0,0.3471579551696777,1,542GY7OjClDyzNlztIK-dOQ282,0.0,0,3,1
1,1.0,0.3186817169189453,1,2135JNizCTqBzs-NkJ-0GhnT1406,1.0,1,3,1
0,0.0,0.263301134109497,1,1021PPK-R-xW8kEi9x6y3ozh353,0.0,0,3,1
0,0.25,0.5305976867675781,1,2130h876xzkpp7t6b6OH4mTG1419,1.0,1,3,1
0,0.1999999999999999,0.766385555267334,1,884P0H0QPSGbW5zK2GVDAY02661,1.0,1,3,1
0,0.7000000000000001,0.5563759803771973,1,1192qu70aQV6bzoD2MwG1aT83180,1.0,1,3,1
0,0.3809523809523809,0.5661659240722656,1,604BaVh8B5igEaFS0x8dDlu99,1.0,1,3,1
0,0.3333333333333333,0.4399402141571045,1,2670fxp2HMG8cuSsty0VDUYi1051,1.0,1,3,1
0,0.7200000000000001,0.5676348209381104,1,22218q38c0YRb2JXvtSd0Nqf4044,1.0,1,3,1
1,1.0,0.2118880748748779,1,2134Bi8K76FZoKK6ZdoHexNd1407,1.0,1,3,1
1,1.0,0.2614080905914306,1,2098lWBBQeFRw7WuODbVUvic1512,1.0,1,3,1
0,0.0,0.2119166851043701,1,899il7HMq79D4iA4PWEiSgJ2628,0.0,0,3,1
0,0.0,0.3467288017272949,1,9853WfA7vCWlhKLuNowxZf-444,0.0,0,3,1
0,0.2777777777777777,0.8606181144714355,1,1940j-y1Q_I1wO0_w4xuf2jC2322,1.0,1,3,1
0,0.8,0.3424310684204101,1,2577bEPb_E8k_8MS_cadZ9ua2441,1.0,1,3,1
0,0.0,0.4738852977752685,1,29828E9PeGsXkCgpy9f0lHoG3903,1.0,1,3,1
1,1.0,0.3591806888580322,1,3022nFZbMu1Zsnj63qPWfgCv3813,1.0,1,3,1
1,1.0,0.4294488430023193,1,609MyQ372LLBdo0DkE0M__Y85,1.0,1,3,1
0,0.5,0.5049891471862793,1,1012LN56E8ShPhOCoocbJrrp377,1.0,1,3,1
0,0.0,0.5938546657562256,1,2656m6atvpn0tFeC20KuCqnA1091,0.0,0,3,1
1,1.0,0.2300043106079101,1,1837DjnvLKs92-s8s-2bK5zI3340,1.0,1,3,1
0,0.8571428571428571,0.4396064281463623,1,994Sida6rlY6gttMLbmo18H294,1.0,1,3,1
0,0.0,0.2011387348175048,1,2972anHdG1TwBtQaRXhi-WEK3930,0.0,0,3,1
0,0.0,0.364999771118164,1,2543YTHVxq-ZfUQzgqYoJgvE2501,1.0,1,3,1
1,1.0,0.2819063663482666,1,2417mVau_Gooa9D5PxRnhLKg3623,1.0,1,3,1
0,0.3846153846153846,0.6278352737426758,1,2135XIpxKCXL8wqzaiLxmU9S1404,1.0,1,3,1
0,0.7692307692307692,0.4870195388793945,1,1941vdbzlN7oVltmEKX-YLNT2321,1.0,1,3,1
1,1.0,0.3606810569763183,1,1172cnB3XirJLf2l_lj2h1NR3237,1.0,1,3,1
0,0.6666666666666666,0.4277660846710205,1,2090kIQgIF1t7Ra3IASVYGL71532,1.0,1,3,1
0,0.9090909090909092,0.3555915355682373,1,1202iIzasrTScRTbY9MqhVF43150,1.0,1,3,1
1,1.0,0.2203872203826904,1,2197JYHIBfWstcD9UKgGesaP4105,0.0,0,3,1
0,0.3225806451612903,0.6919376850128174,1,897WMI0gpuEb7GnEJyiH4Uz2633,1.0,1,3,1
0,0.3636363636363636,0.6242289543151855,1,1384F3UCzmVUDztYUe75gYZ8726,1.0,1,3,1
0,0.3636363636363636,0.393106460571289,1,1378ks8fL5T0PZyVfKqdb0iq743,1.0,1,3,1
0,0.1428571428571428,0.8455052375793457,1,1595fYgFcFNnWFaGQLEXRtcJ1248,0.0,0,3,1
1,1.0,0.2794461250305176,1,973l7OlPX7xTIwuKoPqSOF1480,1.0,1,3,1
0,0.5,0.3267228603363037,1,2059qn2LY5Rgkc_lCxZvqig_1624,1.0,1,3,1
0,0.6060606060606061,0.6858110427856445,1,1350iEyQpgS8um8egWa2LDPk820,1.0,1,3,1
0,0.4,0.9178674221038818,1,2426OrIWlCMyEkLoqANXww1O3604,1.0,1,3,1
0,0.2857142857142857,0.389676570892334,1,1567OzoMV2H8D1C1oKf9kJ7U1317,1.0,1,3,1
1,1.0,0.3184585571289062,1,1157dystjMPwLIVRr1mKQuwa3280,1.0,1,3,1
0,0.4516129032258064,0.7246339321136475,1,27136dTeCLdMVvvOL507cvEc930,1.0,1,3,1
0,0.0,0.5043983459472656,1,1365-1b52ot7eMMf3SsA9c4Y777,0.0,0,3,1
0,0.2777777777777778,0.9927914142608644,1,2236OY8HQU0L8c2zBLDDSfzl4002,1.0,1,3,1
0,0.8,0.2326853275299072,1,1173TY1U9F1eZjiUDJuXEvfX3233,1.0,1,3,1
0,0.0,0.5628330707550049,1,2475BHL2tV9VUQb2nFxwGP0p1839,0.0,0,3,1
0,0.8571428571428571,0.3444359302520752,1,2499V-2FlPo6WVsoWpisdH6C1783,1.0,1,3,1
0,0.1333333333333333,0.4749903678894043,1,3018ir8K9UU-cmqq5IQcmz7l3820,0.0,0,3,1
0,0.5263157894736842,0.4999017715454101,1,2646G7TOcWUmw6OMJGvjmnOd1116,1.0,1,3,1
0,0.5,0.3134090900421142,1,628A_ztdoD85Pm7Hd6Uv2TF31,1.0,1,3,1
1,1.0,0.297429084777832,1,2548jWUEsutIJk1cbqN2tPM12494,1.0,1,3,1
0,0.6666666666666666,0.2861113548278808,1,840n8TOnpwIHl-qkgddBBUV2778,1.0,1,3,1
0,0.5294117647058824,0.5864202976226807,1,1979k__dYe4eh0JcWo4LS3y02238,1.0,1,3,1
0,0.5454545454545454,0.4445247650146484,1,730-sg8DQC7Q6MNsKvBhO3l2801,1.0,1,3,1
1,1.0,0.2804648876190185,1,2411q8v30VrYGF_YwZ3xRDOD3629,1.0,1,3,1
1,1.0,0.3470025062561035,1,1537GkZcUo3TOHP-viuoWNt-1927,1.0,1,3,1
1,1.0,0.3584790229797363,1,2062pqfFSy4vUpvOqO0esuQx1613,1.0,1,3,1
0,0.3333333333333333,0.2915980815887451,1,717GIQkXVVB0r9TgF9XjTKs2834,1.0,1,3,1
0,0.8571428571428571,0.3109283447265625,1,2497_yB250Kp0G5hx_qYaSQz1789,1.0,1,3,1
0,0.8,0.3327212333679199,1,1532_kh1mDAMXkYl6yf_Pv1J1940,1.0,1,3,1
0,0.5,0.4089171886444092,1,2080wcuzvVTZwQpYTe_xQ8731560,1.0,1,3,1
0,0.65,0.6398918628692627,1,2562mR0gHty9fugk4dVk181r2464,1.0,1,3,1
1,1.0,0.3642826080322265,1,1208ZxTFiASsvA8kMOYqhRyK3132,1.0,1,3,1
0,0.6666666666666666,0.2195672988891601,1,904jIjVFDOK0pRjFHCWbvJn2614,1.0,1,3,1
0,0.2142857142857142,0.4867002964019775,1,2664AqK615zaJ_528hvbvtPb1071,1.0,1,3,1
1,1.0,0.4588372707366943,1,2169wN0winsrY_i_g0bAhQG-4173,1.0,1,3,1
1,1.0,0.3176507949829101,1,2972A0AdM2WI3crvQdFxrqCd3928,1.0,1,3,1
0,0.6666666666666667,0.4090454578399658,1,2173fu4XUTuowr7JXVT_qKR14162,1.0,1,3,1
1,1.0,0.274127721786499,1,1194VOJh4dS-MXoenYLMn-a13174,1.0,1,3,1
0,0.0,0.3333432674407959,1,2344eMszMywnP_KtAXxgyVLS3770,1.0,1,3,1
1,1.0,0.4453229904174804,1,2202VQfjd1RqAXVO4ucrNNUA4091,1.0,1,3,1
0,0.1538461538461538,0.5569860935211182,1,601ThCJk5zYjSXGup71iHM5105,1.0,1,3,1
0,0.6956521739130435,0.6198768615722656,1,2219TDRURokHX0rVp0aN741O4049,1.0,1,3,1
1,1.0,0.3839342594146728,1,652EU8b_0799Xp7ZExvB6D12996,1.0,1,3,1
1,1.0,0.299468994140625,1,596zM0R2OmIzgkB1SbT2GQk122,1.0,1,3,1
0,0.3043478260869565,0.8422770500183105,1,2628284lX5xJUbHwtCr3OcHt2341,1.0,1,3,1
1,1.0,0.4760713577270508,1,1464zJl2AsUmWqzyQ5UMyZIu2084,1.0,1,3,1
0,0.5454545454545454,0.5363523960113525,1,2119fyRyssk_Wje72wdKEvRB1450,1.0,1,3,1
0,0.1666666666666666,0.623725175857544,1,2011BmOhqTJO6XDvfA1PRl622189,1.0,1,3,1
0,0.8,0.2930693626403808,1,1143y4HvMRUYirASrnijdFdG3320,1.0,1,3,1
0,0.875,0.3894128799438476,1,11609Jmtcj6mL4_qZoKMrsvu3271,1.0,1,3,1
0,0.1,0.5262055397033691,1,2512lEhovFhT11eis4TwjWj61755,1.0,1,3,1
0,0.0,0.4129836559295654,1,10219JfXeEWLn2dqWpvyeBX-351,0.0,0,3,1
0,0.5,0.3950147628784179,1,591ltVD7_6Ehvx3qb3tWALB135,1.0,1,3,1
0,0.0,0.5123343467712402,1,991UJ4U1LRmAW5-f92M6LsY428,0.0,0,3,1
0,0.3529411764705882,0.4763326644897461,1,1827dyfhitJTrUGC7j5L4f793368,1.0,1,3,1
1,1.0,0.2083115577697754,1,25901E2zSJQfs-GE-OfTyHNi2415,1.0,1,3,1
0,0.2222222222222222,0.3619110584259033,1,2390BO24hCThZGRINh8VZEwX3669,1.0,1,3,1
0,0.8,0.305417537689209,1,862Cr4hD-1x_y9yIeSe1h542712,1.0,1,3,1
0,0.2264150943396226,1.0980656147003174,1,919Uw0PTYP2s2ybeSXUEbBL2567,0.0,0,3,1
1,1.0,0.3370404243469238,1,26420KhWf9GaN3cEHDl39Qxn1125,1.0,1,3,1
1,1.0,0.3215796947479248,1,2999clBojzrphxraymsqv1j23864,1.0,1,3,1
0,0.3333333333333333,0.4605181217193603,1,2153UUzYIXrndLZzzxsDO5Gh4216,1.0,1,3,1
0,0.0,0.4701318740844726,1,1603mLkIXwPW7Y21tE83oCqe1229,0.0,0,3,1
1,1.0,0.4602668285369873,1,1177mo9QxepXvRmIEbov-3wB3225,1.0,1,3,1
1,1.0,0.508824348449707,1,2163prpiVkHoWAkyQR6_xuQb4190,1.0,1,3,1
0,0.0,0.1991164684295654,1,1224ZpkYHN34yzQX3zAz1Drn3083,1.0,1,3,1
0,0.8,0.2836239337921142,1,3017aHeDCc1uLRI2rnBry2uw3823,1.0,1,3,1
1,1.0,0.2539458274841308,1,25185MAzxodWaNF6paGbye9m1739,1.0,1,3,1
1,1.0,0.3496351242065429,1,1775dGCKacaEaf4vXnKBh4Rd3489,1.0,1,3,1
1,1.0,0.2153398990631103,1,1971wAtIPOivQQGrt9-QMXKx2252,1.0,1,3,1
0,0.0,0.2137348651885986,1,1540XOXCHVXRJvkaumygGWEP1392,0.0,0,3,1
0,0.0,0.4670743942260742,1,1018RR7R37EFe6-6a8ByqX6L362,0.0,0,3,1
0,0.0,0.4873647689819336,1,1581m_4FT3wjNv2nkp7_WsVw1287,0.0,0,3,1
0,0.7999999999999999,0.3738124370574951,1,92118qkl9UIQgFwOHU-Q5hF2561,1.0,1,3,1
0,0.3076923076923076,0.3211655616760254,1,1807ETR83rfS--7HO_UVPZIY3419,0.0,0,3,1
0,0.0,0.2465410232543945,1,9022NBdayPGc6_3kCdKoIiQ2620,0.0,0,3,1
1,1.0,0.41957688331604,1,18135ObI1qm9GGBQEi88mvkH3404,1.0,1,3,1
0,0.0,0.4136607646942138,1,14135nOR58ZI6lSglpLLKJLs648,0.0,0,3,1
0,0.5555555555555556,0.6106264591217041,1,1221TiO8JJQ-vOfSQxVla7zq3093,1.0,1,3,1
0,0.4,0.5089445114135742,1,684byYz4orMrh60-Fxhgy3n2915,1.0,1,3,1
0,0.4054054054054055,0.8336975574493408,1,2586yn1AwEdGYBYrySuVMaKy2424,1.0,1,3,1
0,0.5384615384615385,0.6448750495910645,1,629HsNl5Qf3THUq_CbmFrSx29,1.0,1,3,1
0,0.0,0.4984898567199707,1,723ytGpHPbjoavIcmlhSSPx2819,0.0,0,3,1
0,0.0833333333333333,0.6239700317382812,1,2713hk0M98quNxBe6DeLFCcS931,0.0,0,3,1
0,0.2,0.3243896961212158,1,1469nqp1NXhfX10HhPcrdOO62071,0.0,0,3,1
0,0.6086956521739131,0.5322694778442383,1,2230tSU7QgNiYBltnZLJbQC34019,1.0,1,3,1
0,0.2857142857142857,0.2189640998840332,1,2595p6qxVIXlogFl1fTrX8fj2403,1.0,1,3,1
1,1.0,0.3909785747528076,1,1191W0USQS58Z6BFE4WkQ-h53184,1.0,1,3,1
0,0.0,0.2169067859649658,1,2651W9hIkNcmdRVAlG6zUyLS1104,0.0,0,3,1
0,0.2222222222222222,0.4575583934783935,1,653EYaIRqmXIngKYek45pE52994,0.0,0,3,1
1,1.0,0.3092148303985595,1,918WklZmO3jLsn_Z70OZLWg2572,1.0,1,3,1
0,0.3636363636363636,0.4928462505340576,1,614qvZZNRxxpBg3ucW1nsPI74,1.0,1,3,1
0,0.8421052631578948,0.4479174613952636,1,1968sByqQLQlZjFcJMPFrHff2258,1.0,1,3,1
1,1.0,0.3791813850402832,1,686OvLyPUvXUe5IOzEyV6ef2909,0.0,0,3,1
1,1.0,0.312906265258789,1,1461b77FDHPFXFe4yi5Nhcwr2091,1.0,1,3,1
0,0.0869565217391304,0.4623744487762451,1,27240PkmgWqz5j9_Fq0dxZCZ901,0.0,0,3,1
1,1.0,0.326185941696167,1,1586xdhd1pR6S0dzxj9ovgft1274,1.0,1,3,1
0,0.6,0.451343297958374,1,564nvWBMTyMNmhonDBcxkha218,0.0,0,3,1
0,0.4,0.3796758651733398,1,2540fNbixvF2zJt8p9UgqNRm2509,0.0,0,3,1
1,1.0,0.2932946681976318,1,19576albE3jQTwnzltPL9x4p2283,1.0,1,3,1
1,1.0,0.4368424415588379,1,844px1jLdiF9yixa41UdsW72765,1.0,1,3,1
0,0.0,0.5055949687957764,1,1438GBcsCGsIXBK4Ri5BDA7-2136,0.0,0,3,1
0,0.3,0.5917425155639648,1,1626CdTndjDZja_pRT6QKy_T1162,1.0,1,3,1
0,0.0,0.2392888069152832,1,2377P4XI1eWxdwx2SZ4FBFGz3694,0.0,0,3,1
0,0.3,0.5675115585327148,1,1237-igIa0nSFzHyYKR3NSy73049,1.0,1,3,1
0,0.5116279069767442,0.7548353672027588,1,26841mPx1AI7j2kbUYe2rpkX1009,0.0,0,3,1
0,0.7222222222222222,0.5465142726898193,1,2651TkmXlqXOnvvNj8XwRj8y1102,1.0,1,3,1
0,0.3333333333333333,0.5437796115875244,1,2515f1PtJHMiB1tlaUewaK_M1748,0.0,0,3,1
0,0.3076923076923076,0.5368263721466064,1,2074N9UKFJMXP9zlp3kGmFLm1578,0.0,0,3,1
0,0.4545454545454545,0.543724536895752,1,2737g-gZdm-sJQvvj93e0dsn862,1.0,1,3,1
0,0.1818181818181818,0.5613307952880859,1,1209gLLe3Hw31X00Jkrt9Bb-3130,1.0,1,3,1
0,0.3333333333333333,0.3457705974578857,1,20271DZtHLqghVOFTovejUu02159,0.0,0,3,1
0,0.8148148148148148,0.6758460998535156,1,1367qqQx_HJpwlvPVKeAf79c771,1.0,1,3,1
0,0.4166666666666666,0.6263787746429443,1,1180si0MHWiDkF_QSrRg3Bmr3217,0.0,0,3,1
1,1.0,0.2880673408508301,1,1755k6OhZV2tgTLoY1YA0e3q3540,1.0,1,3,1
0,0.4444444444444445,0.6529762744903564,1,29911GwDefKvNAdit4U50-4e3883,1.0,1,3,1
0,0.4000000000000001,0.3598031997680664,1,1150Z77lGncZI7Zrk-xbjId83299,1.0,1,3,1
0,0.3529411764705882,0.4951608180999756,1,2216CR-IgtZy4-rBrWwtf5Q84055,1.0,1,3,1
1,1.0,0.2554283142089844,1,3032TZQwiPvD5YTjwyIxVD573795,1.0,1,3,1
1,1.0,0.3008520603179931,1,1031ZvlfbMyu93rSJ9xhYFCe322,1.0,1,3,1
0,0.48,0.4529600143432617,1,953eF6SuRKllGSbKQ3CTK_8542,1.0,1,3,1
0,0.2,0.3739914894104004,1,1503-OeysybldRIrK-6Seqce2015,0.0,0,3,1
0,0.0833333333333333,0.432910680770874,1,1418rlNVb_RqqdBIh4q8Vz-O632,0.0,0,3,1
0,0.8,0.2875673770904541,1,2697v70pWXgc-DSg0veQwf_g972,1.0,1,3,1
0,0.888888888888889,0.4338107109069824,1,2950gZ4P4mJPFr8zvaCPmgqF3984,1.0,1,3,1
0,0.0909090909090909,0.4899508953094482,1,1015sbzrzzKt2hHlSyEz_8ol371,0.0,0,3,1
0,0.823529411764706,0.5478935241699219,1,20643waArPwERgCSx-Mi5aTq1607,1.0,1,3,1
0,0.6111111111111112,0.5408313274383545,1,25839ctSBP_9ircmR2x3MPam2429,1.0,1,3,1
0,0.0,0.4019796848297119,1,2109wDBr_5DTMGUIMawARy5V1481,0.0,0,3,1
0,0.0909090909090909,0.3001711368560791,1,667rAHXuSUPsljQVxvIq2TT2958,1.0,1,3,1
0,0.4285714285714285,0.5850174427032471,1,1614T5V_kcqugUnyUVwnMyhs1198,1.0,1,3,1
0,0.7777777777777778,0.5127272605895996,1,2654TNySW8MZLcGuEXDIeHmv1096,1.0,1,3,1
0,0.6923076923076924,0.425020694732666,1,1167rHEYHtG_H7cMU-f8Fs4k3253,1.0,1,3,1
0,0.0,0.3210597038269043,1,1802TzfzNhOqk3YbRW3ibRGt3428,1.0,1,3,1
0,0.3333333333333333,0.3926990032196045,1,1760mDs0p3IiDjSQHOt_UjsF3525,1.0,1,3,1
1,1.0,0.2426559925079345,1,587v2MlTNxLZ2PTLUM4FwNM149,1.0,1,3,1
0,0.6,0.329798936843872,1,5926oxnr604obAEPlUV9uIf132,1.0,1,3,1
1,1.0,0.3162276744842529,1,869tyTpa9rKUcCPdLKs8WYm2699,1.0,1,3,1
1,1.0,0.3603487014770508,1,1151NblPUqOQyrZMMFg2dGYZ3296,1.0,1,3,1
1,1.0,0.352060317993164,1,1403de07gs-9JpPhLkY3NXmx677,1.0,1,3,1
0,0.6666666666666666,0.4376676082611084,1,1399HAUAi3igcRp4kaiXBS34689,1.0,1,3,1
0,0.5555555555555556,0.421478271484375,1,1765lhaAmt-FyNdNGZEF0ee43508,1.0,1,3,1
0,0.2222222222222222,0.3198368549346924,1,2976EFlvgTQmMUjN_0Qwuu1-3920,0.0,0,3,1
0,0.8,0.3337612152099609,1,911iSktzCosrhYPrDiybAu12591,1.0,1,3,1
0,0.2222222222222222,0.430459976196289,1,1758C1ntGFo_J3b9Gru82Z393529,1.0,1,3,1
1,1.0,0.3448960781097412,1,25682UMH_dlMC7fYSOKwycid2456,1.0,1,3,1
1,1.0,0.2507264614105224,1,1615r-Z6NuO6cx_SWYHnunxF1194,1.0,1,3,1
1,1.0,0.2870669364929199,1,1446B3blpnHraasPEB4_1HUF2121,1.0,1,3,1
0,0.1428571428571428,0.5115759372711182,1,1139_-7833hNxUF5gGfQFr7N3334,1.0,1,3,1
1,1.0,0.369023323059082,1,1568HYHlm_FxJX3M17z-eEGK1314,1.0,1,3,1
0,0.1428571428571428,0.5533120632171631,1,994GU89OGfkUkf_KwQ-KrNe296,0.0,0,3,1
0,0.0,0.6532974243164062,1,11881tCMe4yHOSjaL320WzSI3193,0.0,0,3,1
0,0.2352941176470588,0.455857515335083,1,2056cqUJwSrh1iUBnuLscYVW1632,1.0,1,3,1
1,1.0,0.2482168674468994,1,1175f68nWVOs5WY82yUFRvj63231,1.0,1,3,1
0,0.5,0.3822922706604004,1,2500VYxWOcV0dcNe7upA2FXu1780,0.0,0,3,1
0,0.2666666666666666,0.8145565986633301,1,1401Qipsx6VOk5VqTYL6uR-s682,0.0,0,3,1
0,0.7058823529411764,0.5122354030609131,1,581eQPPkrKHcN8_8Sw_9yqc167,1.0,1,3,1
0,0.1875,0.7316787242889404,1,1412dyjyK86xUjhTPTG2x3S7651,0.0,0,3,1
1,1.0,0.4185917377471924,1,2144tPw0o0rfWHjrb2BilKfa4239,1.0,1,3,1
1,1.0,0.2809832096099853,1,17575vjW6q5vpBlTdRADa0J73534,1.0,1,3,1
0,0.0,0.6310672760009766,1,1020SC6hZKqsbIYDzkH4Cli3355,0.0,0,3,1
0,0.1081081081081081,0.7791709899902344,1,2648F832Z8D-thJnrxy_ZoZ11112,0.0,0,3,1
0,0.0,0.5671522617340088,1,1403iGcCDPPITOn08forKH9T676,1.0,1,3,1
0,0.0,0.3098423480987549,1,1800AHEt4m27Eec8QRYN8CrP3433,0.0,0,3,1
0,0.4,0.436744213104248,1,20726paThEg6FmxDxiNte-9n1586,1.0,1,3,1
1,1.0,0.4400181770324707,1,1829Io4ow-6WaOGk3uMLY2EE3363,1.0,1,3,1
0,0.25,0.3741271495819092,1,857c6PNb74Vi_KeHh7wTR9E2726,1.0,1,3,1
1,1.0,0.2949466705322265,1,1575DDvSq8Z-ZcD7dwOi7PcQ1303,1.0,1,3,1
0,0.0,0.5103371143341064,1,20751yhuHsp4GA5IYz4deJsk1576,0.0,0,3,1
1,1.0,0.3100135326385498,1,2733OPDIO_m0GnjeKLl0Pb0x873,1.0,1,3,1
0,0.5,0.2608900070190429,1,1770rj6GQbTCC5Whkc2stQVr3496,1.0,1,3,1
0,0.1538461538461538,0.3322584629058838,1,2986JvbXNLo81zp2QsLN9R-o3895,1.0,1,3,1
1,1.0,0.338761568069458,1,1586CJRbcCFLoT3hGLQI9g7U1272,1.0,1,3,1
0,0.0,0.4956960678100586,1,912P2qVUbgYW9BjbKDrE9DY2588,1.0,1,3,1
0,0.6666666666666666,0.5049939155578613,1,2071kHxLVZsdxtm6xVPXQcML1588,1.0,1,3,1
0,0.375,0.5377075672149658,1,943kajWSnLrin3THXJG_d-e571,0.0,0,3,1
0,0.25,0.4938790798187256,1,1627y16BUwp_39IprpSx206Q1161,0.0,0,3,1
0,0.923076923076923,0.4075238704681396,1,2139yDUqrN6ktYr0XYmUtrhj4252,1.0,1,3,1
1,1.0,0.2599496841430664,1,1517RRHHjHDzsegVV1oTrpCQ1979,1.0,1,3,1
1,1.0,0.3157262802124023,1,21820nOi_DCT5VotWdfluLli4138,1.0,1,3,1
0,0.6956521739130436,0.555448055267334,1,595-NWtNX9EUYMxcBWtvCsv123,1.0,1,3,1
1,1.0,0.4311633110046386,1,2116GnMpkWhh1tl84u7kz-JS1461,1.0,1,3,1
0,0.888888888888889,0.3977375030517578,1,1159_3BLEoNo6JC3PQD3lhm_3273,1.0,1,3,1
1,1.0,0.3788681030273437,1,935AXiIOoqPxpPpzzvR8YS22525,1.0,1,3,1
0,0.0,0.3595883846282959,1,1791pNJzKyWbh6wW0KOK91ow3451,1.0,1,3,1
0,0.0,0.527916431427002,1,2168J5OIY9_0JcjpUFtF-s8j4177,0.0,0,3,1
0,0.7692307692307692,0.4057893753051758,1,25281rkigYqmVnXZVKIo__6C1709,1.0,1,3,1
0,0.1739130434782608,0.4110615253448486,1,2226L8d66ouJEV1RUNRdzzwj4033,0.0,0,3,1
0,0.5714285714285715,0.3257756233215332,1,1478KTXepjZroExsv6FHaVuM2052,0.0,0,3,1
1,1.0,0.2849135398864746,1,2079-LyObLxGymHC2hBqr_KO1565,1.0,1,3,1
0,0.3333333333333333,0.4041097164154053,1,2627_Kfp2WhutNlCFnT50sG02344,1.0,1,3,1
0,0.4444444444444444,0.4934229850769043,1,2508GyO7kZECUGQ3Ln8manrq1764,1.0,1,3,1
0,0.4285714285714285,0.4227325916290283,1,1577OEbmLnj5geKIc3Ms5Gtk1299,1.0,1,3,1
0,0.5,0.3678698539733886,1,854G5_8fmgOx2wqp3G98Wbo2736,1.0,1,3,1
0,0.2857142857142857,0.6278207302093506,1,1741gH8j8vwlFA4b6EQ4n5w73579,1.0,1,3,1
0,0.0526315789473684,1.0551302433013916,1,2366jzVcXSo7q0dr6-Gz67u-3719,0.0,0,3,1
0,0.8571428571428571,0.3220396041870117,1,26727Yse7GsoM0NaNss8TBWk1046,1.0,1,3,1
0,0.1818181818181818,0.4216840267181396,1,549BWLdJQ30ytdTBb1ltl63261,1.0,1,3,1
0,0.7111111111111111,0.7328143119812012,1,1194TLkUeN2s1pmz3z-LhQdx3173,1.0,1,3,1
1,1.0,0.3549635410308838,1,24419ElQ6t4Xid93KqYjJXMT1915,1.0,1,3,1
1,1.0,0.3329939842224121,1,2723xU3JSCsI93Jmzi12bo8-905,1.0,1,3,1
1,1.0,0.3908209800720215,1,2980C0U4pvUngKDisOcpNW3q3908,1.0,1,3,1
0,0.7058823529411764,0.6365163326263428,1,1363vktTqXoQ53guY-ds-40F783,1.0,1,3,1
0,0.6153846153846153,0.6603052616119385,1,1405G7xAi6FNLYm6fgeOs5Bj672,1.0,1,3,1
0,0.8,0.3400948047637939,1,661euljLSpbfTSc_6HtuXCq2973,1.0,1,3,1
0,0.0869565217391304,0.6678204536437988,1,733ro10P8E_CfDSYgZ9bqof2793,0.0,0,3,1
0,0.2857142857142857,0.4110534191131592,1,1427BI8NYRszEev_FCnoHfQp607,1.0,1,3,1
1,1.0,0.4049820899963379,1,19697DTaaASi89oMV51KpEk02257,1.0,1,3,1
1,1.0,0.2652027606964111,1,2997uuJN0Yt55vdTFyk9kAUA3869,1.0,1,3,1
0,0.5517241379310345,0.5834591388702393,1,986iCUMSxEyOTfVrShe7r8X441,1.0,1,3,1
0,0.5714285714285715,0.5377967357635498,1,1215415v_BmzwkNXDE-6MKs73112,1.0,1,3,1
0,0.0,0.4567575454711914,1,636bdCEp-ei65RvphUV5kzu7,0.0,0,3,1
0,0.0,0.4156253337860107,1,1563xPRXXjjPfuYHto6gKMoW1328,0.0,0,3,1
0,0.8148148148148148,0.4725949764251709,1,2418I5yqyRb98QY4tLtXIn9_3620,1.0,1,3,1
0,0.2352941176470588,0.7910044193267822,1,5725iP5Tzyy4gxehcn9t4TM194,1.0,1,3,1
0,0.4,0.2740674018859863,1,2957RON0RMexHAq6R8NDth-G3967,0.0,0,3,1
0,0.6,0.3704960346221924,1,1603faGMdBUg02YqijMJnA3w1231,1.0,1,3,1
1,1.0,0.2493767738342285,1,2663WQsor3o4Lewe9Mg8roUm1072,1.0,1,3,1
0,0.2222222222222222,0.6505370140075684,1,2366D8Jn50ErgQhZUhWNbxoM3718,0.0,0,3,1
0,0.7692307692307692,0.3551573753356933,1,2362OelwhQFGW2uASOC1uIZ-3729,1.0,1,3,1
0,0.8571428571428571,0.2735023498535156,1,2378sHxPf01TWhBuenSHMJyp3692,1.0,1,3,1
0,0.16,0.7284510135650635,1,2941qGbMTO0mozvc2N-D8Ll13995,1.0,1,3,1
1,1.0,0.4720063209533691,1,1773wQV9nuZZSk8BnMoB0VXa3492,1.0,1,3,1
0,0.0,0.8525795936584473,1,2572QIeAiUrm-El8uQMnoPL52451,0.0,0,3,1
1,1.0,0.2573127746582031,1,1149B_z0nE_Bw4gpJMErDvZF3303,1.0,1,3,1
0,0.6666666666666666,0.6303725242614746,1,953rhbVAxIUmfTtDbVTDP6l540,1.0,1,3,1
0,0.8571428571428571,0.3800091743469238,1,1833mBAvNL7f3ZCmej5PwbdX3351,1.0,1,3,1
0,0.4,0.564582347869873,1,21295BHq9T-LJZqpw1jzVi4C1424,0.0,0,3,1
0,0.5,0.6359536647796631,1,2456mSRZvgWGRhYDDkRPL2f41883,1.0,1,3,1
1,1.0,0.2059743404388427,1,1429iK5AeBnwtcbLHrY4SztI602,1.0,1,3,1
1,1.0,0.3231618404388428,1,1768-UuFG072H5O8Xrou6GUN3501,1.0,1,3,1
0,0.8,0.3517920970916748,1,1613_GNhprlpdle_vZoOR-qp1201,1.0,1,3,1
0,0.0,0.2675685882568359,1,1217VUulWWjfmhhB_SRnAH2c3105,0.0,0,3,1
0,0.7692307692307693,0.4493649005889892,1,2665gofGzsBk2vSGVSEDt1Hi1067,1.0,1,3,1
1,1.0,0.227006196975708,1,2593NhMXH8FIz_rRIuHg7cJ32408,1.0,1,3,1
0,0.6,0.633824348449707,1,549rMq_bIS44jvhpB0uKShr263,1.0,1,3,1
0,0.0,0.5153303146362305,1,2114PF_Hzr-w95B50r8JycTn1467,0.0,0,3,1
0,0.5,0.3492946624755859,1,3035KzumWKyVeC8_TMoA2sVR3792,1.0,1,3,1
1,1.0,0.3407087326049804,1,3022nFZbMu1Zsnj63qPWfgCv3814,1.0,1,3,1
0,0.358974358974359,0.7382097244262695,1,2716YlsdHqDkaN4VKLmk5cAm922,1.0,1,3,1
0,0.5,0.3465747833251953,1,8917xVQ8kbdXQaSDsHSDF5C2653,0.0,0,3,1
0,0.8,0.3747551441192627,1,2060X2wuRhZlsLWO7ahOjJyR1621,1.0,1,3,1
0,0.846153846153846,0.4978172779083252,1,976pJTD9ppLr0BqWc-99UZT471,1.0,1,3,1
0,0.8333333333333333,0.3895552158355713,1,1033Dt_nnXnaknyIGfmAyPvx317,1.0,1,3,1
1,1.0,0.2762858867645263,1,1446B3blpnHraasPEB4_1HUF2120,1.0,1,3,1
0,0.0869565217391304,0.5767562389373779,1,1557tNbqGVV_I5649rcUhKBN1347,0.0,0,3,1
1,1.0,0.4024984836578369,1,2052CjMDg4rKssIF2dZJmzem1645,1.0,1,3,1
0,0.0,0.4668619632720947,1,2543Ssn0fF-rADMovcLk6Vwk2503,0.0,0,3,1
0,0.0,0.4260048866271972,1,1811paAxUvt29OX8E8chhsNQ3409,0.0,0,3,1
0,0.0,0.3408100605010986,1,1503-OeysybldRIrK-6Seqce2016,0.0,0,3,1
0,0.2222222222222222,0.6025047302246094,1,20657PQBSzcpWa-mLkUYkxUD1604,1.0,1,3,1
0,0.6666666666666666,0.2463748455047607,1,1350m8tnshnQY1-SX1xaVUVD821,0.0,0,3,1
0,0.75,0.3558661937713623,1,627l2qkb84k2Ux6pDSBPEUl33,1.0,1,3,1
0,0.4210526315789474,0.3863871097564697,1,1206-NComMUlTR08rjYYkt_A3137,1.0,1,3,1
0,0.6666666666666666,0.2121269702911377,1,1809bhj4Kq1QgmejP4IfyOPD3415,1.0,1,3,1
0,0.5333333333333333,0.7586174011230469,1,2126BGCK5LuPavsOvc_pxZVc1431,1.0,1,3,1
0,0.9090909090909092,0.4072685241699219,1,260778F0v0DAsxDp5cLyPs1O2374,1.0,1,3,1
0,0.5,0.6572697162628174,1,1437XgTDWPD8li99iYDMCw0B585,1.0,1,3,1
0,0.5454545454545454,0.4680233001708984,1,964ygH1FC7IV5sCZPqT4llq507,1.0,1,3,1
0,0.0,0.5045583248138428,1,1792pLMxkyBoluA32NPBVhWK3450,0.0,0,3,1
0,0.0,0.5105741024017334,1,2031uU00oEz5_jFnQx9-A0O82151,1.0,1,3,1
1,1.0,0.2895932197570801,1,2438_EbtTSQc5lsCpGlzo17M1925,1.0,1,3,1
0,0.3333333333333333,0.3013749122619629,1,2210Bc69tRCp2-mf6PkRz9_C4068,0.0,0,3,1
1,1.0,0.331033706665039,1,1747m5UQck6_uvx449-K2ICH3562,1.0,1,3,1
0,0.923076923076923,0.3357670307159424,1,2461qoOIYKbZjllIVQPxg4wR1867,1.0,1,3,1
1,1.0,0.2812013626098633,1,3027Cqdh_u1lGLcEm6FGsksN3803,1.0,1,3,1
0,0.6666666666666666,0.3779938220977783,1,3013qWOe5GAKobQj6VkNX1a83834,0.0,0,3,1
1,1.0,0.2155373096466064,1,26914YUvq_aYLzOyH3_GkM4E989,1.0,1,3,1
1,1.0,0.2470030784606933,1,1398G0VrF0Z8ACVX3zKFbVuB691,1.0,1,3,1
1,1.0,0.2786829471588135,1,913vnJ7FuCx73C-Vyaofcns2587,1.0,1,3,1
0,0.923076923076923,0.5215113162994385,1,24607rfeko8svDiw7ESyatwy1870,1.0,1,3,1
0,0.4444444444444445,0.2984604835510254,1,2602Qiq4iutdiApDxWf40xp42389,1.0,1,3,1
0,0.7407407407407407,0.538597822189331,1,163794mILPDzpcNzf6gK9XRU1138,1.0,1,3,1
0,0.6,0.4978425502777099,1,932jGvTQ5rqIA60r8VebV-l2534,1.0,1,3,1
0,0.1052631578947368,0.6846668720245361,1,2458nO0QxOBFA2uGin02ZUeR1878,1.0,1,3,1
0,0.5333333333333333,0.4276931285858154,1,133872Mtqyb09KyYyKdDni5N857,1.0,1,3,1
0,0.4,0.2559089660644531,1,2098D1dsKeKH0xANz6zd6LSO1513,1.0,1,3,1
0,0.25,0.5220544338226318,1,2224WT9qVEbYuJZkZlYlFqvu4038,1.0,1,3,1
1,1.0,0.2930512428283691,1,1524sFrIwH53jua7jqnLYOiU1962,1.0,1,3,1
1,1.0,0.3143420219421386,1,912n1fA7q16KhBjbKDrE9DY2589,1.0,1,3,1
1,1.0,0.3737564086914062,1,1420JOuqW5exFS-bK5y2bt55628,1.0,1,3,1
1,1.0,0.3399252891540527,1,1144Dngx4nkJVbVR8P-iE7sU3319,1.0,1,3,1
0,0.16,0.5186889171600342,1,27105B4kNatJgs2HMEX3Qbc-939,0.0,0,3,1
0,0.2857142857142857,0.584824800491333,1,2970It0bwdTOrenZMXbnev6P3933,1.0,1,3,1
0,0.4705882352941176,0.3778495788574219,1,2427o0QmxcHBetNiSbTlOqmh3603,1.0,1,3,1
0,0.375,0.4587182998657226,1,1138CmWVAsyJiAlk5YMGolJH3336,1.0,1,3,1
0,0.0,0.3195474147796631,1,2030yIcovw6j8LoFsbnLcn8Q2154,0.0,0,3,1
0,0.1333333333333333,0.5011317729949951,1,2715dw_ZC1DahbCczlDe5Yi7925,1.0,1,3,1
0,0.1666666666666666,0.5205676555633545,1,852ZSryt9TK0_Cz0XclTy282742,1.0,1,3,1
1,1.0,0.2439093589782714,1,677xmZHBoR33brul42LKfZz2935,1.0,1,3,1
0,0.8,0.313467264175415,1,870flRwQUtWIQqV7rnLfZJd2696,0.0,0,3,1
0,0.4,0.3815720081329345,1,2024omrZBF4Urqdr7C3eyKVT2168,1.0,1,3,1
1,1.0,0.2138822078704834,1,947RcyMsfmB5EqbyHMxRUMk558,1.0,1,3,1
0,0.5,0.3429019451141357,1,1754_GNEGkdOQVIVIj3t_Ce43541,1.0,1,3,1
0,0.8571428571428571,0.4216430187225342,1,5516BHaRRv6Egl03A_kDyw0256,1.0,1,3,1
0,0.6666666666666666,0.4564685821533203,1,2657Omxhm5FyXyyp4pVdXx3Z1089,1.0,1,3,1
0,0.0,0.4024147987365722,1,983A961flzSyGYxt388JvI9450,0.0,0,3,1
0,0.0,0.2182092666625976,1,7201GV7Ue0Cd9oNYVERMrHM2828,0.0,0,3,1
0,0.375,0.5743005275726318,1,2099-acnCQhCOzxPYUMuFfmt1511,1.0,1,3,1
0,0.7272727272727273,0.3769068717956543,1,2365rte00Z2XRNdvvCufE-9W3720,0.0,0,3,1
0,0.0,0.4869740009307861,1,1403de07gs-9JpPhLkY3NXmx678,0.0,0,3,1
1,1.0,0.3064415454864502,1,1012HoYF9QrGUlI-8WclyplG375,1.0,1,3,1
0,0.3333333333333333,0.3650157451629638,1,1605jMKtP3m0NMd6-E_YJmsm1225,1.0,1,3,1
1,1.0,0.3403544425964355,1,2617lIcTuHq8N8es-n39g3012366,1.0,1,3,1
0,0.0,0.7324261665344238,1,940e-OjeYG8x4-T5kU7TrIZ579,0.0,0,3,1
0,0.5714285714285715,0.2588744163513183,1,1161q6jwfFLoe3yAdsycwsj33268,0.0,0,3,1
1,1.0,0.2828214168548584,1,1237-igIa0nSFzHyYKR3NSy73048,1.0,1,3,1
1,1.0,0.2962141036987304,1,1944pItIJgcM-r7jQqPj2HMs2314,1.0,1,3,1
1,1.0,0.3420066833496094,1,1997fwZQw2OagHTAFRRNBLie2213,1.0,1,3,1
0,0.0,0.556194543838501,1,1355DqKO8ByX-dB6SOPvmL5p807,0.0,0,3,1
1,1.0,0.4212038516998291,1,2477Wk5b58ywNkmGHha3UgSX1831,1.0,1,3,1
1,1.0,0.2682170867919922,1,1967lfLDTgzkA9Gl59C3V4Dz2260,1.0,1,3,1
0,0.2352941176470588,0.5560994148254395,1,888Xb_uMPfibcJslsiGts6V2656,1.0,1,3,1
0,0.0,0.9879803657531738,1,2496IsKGXtB1XHAUH-HYoq6R1791,0.0,0,3,1
0,0.1428571428571428,0.8177387714385986,1,950DO8nI2LTiizfgJEJOjpc551,0.0,0,3,1
0,0.1999999999999999,0.4447932243347168,1,1184C_LA1pOBVN-7HWp0PVT03205,1.0,1,3,1
1,1.0,0.3615977764129638,1,9800iElAh33OivZxcm_4tCk461,1.0,1,3,1
0,0.888888888888889,0.3140616416931152,1,2170euqbnyjNM_3BjmlETtrd4170,1.0,1,3,1
0,0.6363636363636364,0.5490660667419434,1,1817Ngtonx42zKkYoB0lwkwC3392,1.0,1,3,1
0,0.2727272727272727,0.3137111663818359,1,25850Dtx8v5Mh2YjRyU4T3sp2426,1.0,1,3,1
0,0.1666666666666666,0.3176946640014648,1,1435t5gBGAM2so8S89BXRimx589,0.0,0,3,1
1,1.0,0.3103439807891845,1,2622zT1yF5wKsaK2A4uT7mDp2355,1.0,1,3,1
1,1.0,0.2264082431793213,1,2009W5TM6PRERuoWbljEo4Be2196,1.0,1,3,1
1,1.0,0.3880598545074463,1,2397i5VYVXlITz1PA_p-X_0X3653,1.0,1,3,1
1,1.0,0.2782180309295654,1,25182PdyMWkPXSFPNo4-wt5J1740,1.0,1,3,1
0,0.7499999999999999,0.4766542911529541,1,2014iXQTylPiy0Z1L1FvuIJ62183,1.0,1,3,1
1,1.0,0.2807509899139404,1,1487U3qYzmS-i3I4p64DrXQr2037,1.0,1,3,1
1,1.0,0.2194356918334961,1,2351OjCB7Jc7RLtLp2D0LO6_3755,1.0,1,3,1
0,0.0,0.4804818630218506,1,11938B6Igqu2WhcVLVswrYFh3178,0.0,0,3,1
0,0.4615384615384615,0.5110459327697754,1,1201NDB1j3x1mhteENUtx2Uf3153,1.0,1,3,1
1,1.0,0.2822926044464111,1,2425ZfkdzdzBm04_UVw5uDTZ3607,1.0,1,3,1
0,0.7058823529411764,0.4734790325164795,1,2717hIRcFjckTs_q0EnnEVyr919,1.0,1,3,1
0,0.0,0.3319652080535888,1,1589mo7D-joKXh635Vo4Jd911266,0.0,0,3,1
0,0.6666666666666666,0.4491369724273681,1,680rqH8TA5zhf68ANHAiKGW2927,0.0,0,3,1
0,0.0,0.7533090114593506,1,300888hdakH4X_s3IFSxziMa3844,0.0,0,3,1
0,0.125,0.4749722480773926,1,25011ioqTMWVMDxHE8EGAltr1778,1.0,1,3,1
0,0.1333333333333333,0.4009325504302978,1,718lHRShvhKKwv-68koIpPE2830,0.0,0,3,1
0,0.5833333333333334,0.5308895111083984,1,1167rHEYHtG_H7cMU-f8Fs4k3252,1.0,1,3,1
0,0.0,0.3321025371551513,1,713-mcsQX--u0E9HOv0wOBY2846,0.0,0,3,1
0,0.8571428571428571,0.3616559505462646,1,647GmaUXD9I5MZkvW1GqNBE3013,1.0,1,3,1
0,0.3157894736842105,0.9538679122924804,1,2527r9ku1IGBOQ1OmZhZuOtm1712,1.0,1,3,1
0,0.3333333333333333,0.3152928352355957,1,2354kkPujXID5RmnkRVl9iSj3747,1.0,1,3,1
1,1.0,0.3438982963562011,1,1797wFst44zDF00H-0mOIT9O3439,1.0,1,3,1
1,1.0,0.3470981121063232,1,2597oOL_7CB6tThxfotDFYvs2399,1.0,1,3,1
1,1.0,0.3672897815704345,1,615lwmbisxTxihwSWql1wTV71,1.0,1,3,1
0,0.3076923076923077,0.4788715839385986,1,2353oF79-Zc0tRIFC0bsyHCL3750,1.0,1,3,1
0,0.0,0.7806198596954346,1,1354evL5v3vzH55HvCkXDwJT808,0.0,0,3,1
1,1.0,0.2851200103759765,1,2576l9x6n1fNR9Eyt67rO1Sa2443,1.0,1,3,1
1,1.0,0.3192653656005859,1,2166jcvCXmlprvHV3vNw6N8Q4184,1.0,1,3,1
1,1.0,0.3991508483886719,1,2657hOs_wmY_BN0133ij4AYu1087,1.0,1,3,1
1,1.0,0.2986795902252197,1,2076zzQUlwU64C-IvPfAQ3dP1572,1.0,1,3,1
0,0.1111111111111111,0.9546818733215332,1,2707KB1tO6YYJq35qJk9l8AN946,0.0,0,3,1
0,0.0,0.3930237293243408,1,557uKN2383p384ghLRsx8AW237,0.0,0,3,1
0,0.0,0.3626666069030761,1,1944pItIJgcM-r7jQqPj2HMs2313,0.0,0,3,1
0,0.1999999999999999,0.4947235584259033,1,1985AHITudGoVRe60XPTH_s32229,1.0,1,3,1
0,0.6666666666666666,0.5368661880493164,1,2418I5yqyRb98QY4tLtXIn9_3621,1.0,1,3,1
0,0.7272727272727274,0.5696616172790527,1,24403xNlc7XEY3nh7XxknbP31918,1.0,1,3,1
0,0.7499999999999999,0.4064316749572754,1,2693xNMD-j6qs0jX-U23Wf0I985,1.0,1,3,1
0,0.1904761904761904,0.5071487426757812,1,27022m_6d9JgE_7EsYFGaMM8958,0.0,0,3,1
0,0.0,0.6632299423217773,1,1578v7s2xtga3UWShr9dGwp01295,0.0,0,3,1
0,0.8333333333333333,0.3505916595458984,1,2196AkNG1_y8EyrFRQMGcbBm4107,1.0,1,3,1
0,0.25,0.6210684776306152,1,982TPLydrP2xNnL4eYgSPrZ453,0.0,0,3,1
0,0.0,0.4398484230041504,1,2433ieX4QNZiiR5HKqVqo0kv3595,0.0,0,3,1
0,0.6666666666666666,0.4317290782928467,1,2227o9jqTZWB_ogYuEBs_sii4028,1.0,1,3,1
1,1.0,0.2830932140350342,1,26269UMEj-lV4oQGbZ0tTTK82349,1.0,1,3,1
0,0.1212121212121212,0.5967319011688232,1,2725lLg7uHCwU2triDIo3B-h898,0.0,0,3,1
1,1.0,0.2570629119873047,1,613XW7YAciAiMgfISN_tpEO77,1.0,1,3,1
0,0.4545454545454545,0.6606040000915527,1,2069QCdzCbUZyNgMproHhJws1594,1.0,1,3,1
0,0.2857142857142857,0.3467574119567871,1,11638Nq_dIQoWFn79xtu-dd53263,1.0,1,3,1
1,1.0,0.3116562366485595,1,912n1fA7q16KhBjbKDrE9DY2590,1.0,1,3,1
0,0.5263157894736842,0.4572134017944336,1,15476Ulo5UDthwWLMYPAIvDH1373,1.0,1,3,1
0,0.0,0.3126993179321289,1,2990PpCl1FO8CeALdKK62kl93886,0.0,0,3,1
0,0.0,0.7883648872375488,1,562Shx8P6CL03azbpL7QEd3224,0.0,0,3,1
0,0.5333333333333333,0.4040918350219726,1,1145CdbMPhBl1m3XpPiJVufo3316,1.0,1,3,1
1,1.0,0.2392804622650146,1,2700ouBGuI-BEf84sS7uN4t6963,1.0,1,3,1
1,1.0,0.3337140083312988,1,2211wsW8oNaSRcLGzwyfLWhi4066,1.0,1,3,1
0,0.3636363636363636,0.3479890823364258,1,12281NX5BUaKvLMrzAwIIu6k3071,1.0,1,3,1
0,0.625,0.3873422145843506,1,1373md66uV8NUYn6tLcFPoUa755,1.0,1,3,1
0,0.8,0.421499490737915,1,1025Ra_IZNvQuUI7Ec5aTeot341,1.0,1,3,1
0,0.6666666666666666,0.3222396373748779,1,1742jdkwyvzoxAod7udXGbWH3576,1.0,1,3,1
0,0.0,0.3721528053283691,1,54482QW5OfFiQVIWiIpVI2E277,0.0,0,3,1
0,0.8571428571428571,0.3379819393157959,1,1382_Yx0YcqIkER15lL0Mw_j730,0.0,0,3,1
0,0.5384615384615384,0.6314733028411865,1,9100HQlpvSt_OwVnpYpqMFu2596,1.0,1,3,1
0,0.0,0.3587651252746582,1,1175kIOD5y8d7_nFY3yGAH-q3230,0.0,0,3,1
1,1.0,0.3043510913848877,1,2615nIRZaSedAQN4xOsUpgWf2369,1.0,1,3,1
1,1.0,0.2010180950164795,1,63954swC8JcouCYEJsZyw4b3036,1.0,1,3,1
1,1.0,0.3753352165222168,1,892B8GiS_zkJfKANp04UQhD2649,1.0,1,3,1
1,1.0,0.2411324977874755,1,2595p6qxVIXlogFl1fTrX8fj2404,1.0,1,3,1
0,0.8571428571428571,0.3529629707336426,1,1435t5gBGAM2so8S89BXRimx590,1.0,1,3,1
1,1.0,0.3645687103271484,1,1963LYeJkFeQGNvt6xtitv6o2268,1.0,1,3,1
0,0.6206896551724137,0.6867105960845947,1,2716YlsdHqDkaN4VKLmk5cAm923,1.0,1,3,1
0,0.4285714285714285,0.6917712688446045,1,1031ZvlfbMyu93rSJ9xhYFCe323,1.0,1,3,1
0,0.6666666666666666,0.2491250038146972,1,11547MyYfAO2SJjFtK6lH5ci3289,1.0,1,3,1
1,1.0,0.3716671466827392,1,695M95U1ZWSZiatzYpCAxVB2886,1.0,1,3,1
1,1.0,0.2853603363037109,1,2351OjCB7Jc7RLtLp2D0LO6_3756,1.0,1,3,1
0,0.4615384615384615,0.4381775856018066,1,1580Swc8yb1vcok9FztLAWLx1290,1.0,1,3,1
0,0.6285714285714286,0.6741647720336914,1,1983DSmGEvLUNx1_qYJNeZZv2235,1.0,1,3,1
1,1.0,0.3849062919616699,1,2113j9ajPk3B-jbp1vJIl71A1468,1.0,1,3,1
0,0.4230769230769231,0.8469264507293701,1,2463j88tc1ZRrsqGuky-lBg71866,1.0,1,3,1
0,0.1999999999999999,0.3937034606933594,1,652LiD_APWuMXugNPF6gw3S2997,0.0,0,3,1
0,0.3414634146341463,0.7763323783874512,1,1822rHcCQAy-f_rt_yufMqKb3383,1.0,1,3,1
1,1.0,0.4033212661743164,1,844wRITrjdtv1BhdX6qAgxD2767,1.0,1,3,1
1,1.0,0.3624348640441894,1,1345JzmbSlEwtFkj07wPh-DW836,1.0,1,3,1
0,0.0,0.5069990158081055,1,589hVu_utDk4vFRJ8mJGyL0141,0.0,0,3,1
1,1.0,0.2238466739654541,1,2544HudU0nsQ8gvIycLuberP2498,1.0,1,3,1
1,1.0,0.3756124973297119,1,1192qu70aQV6bzoD2MwG1aT83181,1.0,1,3,1
0,0.5925925925925926,0.6091399192810059,1,1579OPjVMaCxctlZmUpiZzrp1292,1.0,1,3,1
0,0.25,0.708803653717041,1,1779lcPuO1NFS50gJD6T-Zo73478,1.0,1,3,1
0,0.1333333333333333,0.5283575057983398,1,2062VZLt42f5YfL_F5YiZJ9_1614,0.0,0,3,1
0,0.0,0.3306028842926025,1,3004X8M9tRmpFDo7C4yTa_nC3854,0.0,0,3,1
1,1.0,0.3586916923522949,1,2565CoSVkWMIiJBlke0DSSt82458,1.0,1,3,1
1,1.0,0.5221831798553467,1,2399Y49nXZDPa9G-815VEhlQ3649,1.0,1,3,1
0,0.0,0.2651238441467285,1,671tmMHr0OIhb3ulvq5ranP2949,0.0,0,3,1
0,0.2424242424242424,0.6791281700134277,1,1417CvbtpTdNieUFK8V6Ekov637,1.0,1,3,1
0,0.2222222222222222,0.4556491374969482,1,1398tbxE6rw4tRvgrp1PnRa7692,1.0,1,3,1
1,1.0,0.2787404060363769,1,894ARwgTOyFrfBbcEBpNyXo2644,1.0,1,3,1
1,1.0,0.2098042964935302,1,19562G4XhcAWDDltouKXoTDE2285,1.0,1,3,1
0,0.8292682926829268,0.7934989929199219,1,1463FoB-_-oeUnsS3sDglbN52087,1.0,1,3,1
0,0.5454545454545454,0.3405265808105469,1,2455Z_NA0qrNdsEcFeJPnpVS1885,1.0,1,3,1
0,0.0,0.4322540760040283,1,1024EAnLzPugg_3Icp64grI8344,0.0,0,3,1
1,1.0,0.3229250907897949,1,25544Iwj6p8ZpT8Nege2BaSS2480,1.0,1,3,1
0,0.4347826086956522,0.6268966197967529,1,6378qDCOgKH25DqwcZO1mKf3,1.0,1,3,1
0,0.8,0.2716460227966308,1,1580w-I93H4qmLDCZ7pKh9bk1288,1.0,1,3,1
1,1.0,0.421750545501709,1,2994z92F6tuanrTZ7p_1PiGz3877,1.0,1,3,1
1,1.0,0.2536628246307373,1,683aqqwKP1KduPxIkVF7N9F2917,0.0,0,3,1
1,1.0,0.335350751876831,1,2564PEd_NYQVsw7TwigJZu1b2460,1.0,1,3,1
1,1.0,0.3163328170776367,1,13946HYMoyH_5YN47EsUiywo705,1.0,1,3,1
0,0.5714285714285715,0.4185988903045654,1,1960TyZYSsqghmtoz6azHmRc2276,1.0,1,3,1
0,0.3076923076923076,0.4462072849273681,1,689RfOgas4kQddfMQXny3cR2902,0.0,0,3,1
0,0.0,0.4984359741210937,1,874kqKcdnSqPr2kHFDtCs872688,1.0,1,3,1
0,0.0,0.4978063106536865,1,2125Vbp22wSh0VwBbUKAfI0y1435,0.0,0,3,1
0,0.3636363636363636,0.5029504299163818,1,101195_WiJNTm5lUVJPBEQsu380,1.0,1,3,1
1,1.0,0.2820768356323242,1,881sSYAcH--BN-pqbR9hFYL2670,1.0,1,3,1
0,0.0,0.3829019069671631,1,1210_s24nmmMlgNl60QCA3_m3126,0.0,0,3,1
1,1.0,0.2460238933563232,1,1772BxXxPMha90GNn-cr0CdA3493,1.0,1,3,1
0,0.0,0.2768762111663818,1,564nvWBMTyMNmhonDBcxkha217,0.0,0,3,1
0,0.6153846153846153,0.380626916885376,1,1626tcaoo5Rh3rYif96ePl8T1163,1.0,1,3,1
0,0.4285714285714285,0.3806014060974121,1,2227njumpoFaBCvHN5gK9Hmj4030,1.0,1,3,1
0,0.0,0.6813514232635498,1,2117usIbqKfvGfEciX6sxfMh1458,0.0,0,3,1
1,1.0,0.3088619709014892,1,574T3IVyhdGf2qyfbl0GBBS187,1.0,1,3,1
0,0.8571428571428571,0.6336064338684082,1,983lsArLcvfSEq21Yv9hyIq451,1.0,1,3,1
0,0.5945945945945945,0.7438082695007324,1,1447-lsa5GMde2CPKwJUa0h52117,1.0,1,3,1
1,1.0,0.2266876697540283,1,2047k8-fX-AM7Tv4kEIBJCC81657,1.0,1,3,1
1,1.0,0.3088057041168213,1,2573Yesh6cIYKXGOxrwMiFam2449,1.0,1,3,1
1,1.0,0.2008571624755859,1,2344TQZdhbkqw-jvF5b_mO0e3768,1.0,1,3,1
1,1.0,0.2358310222625732,1,2644fKUBosjdYiAeduy2FQVF1120,0.0,0,3,1
0,0.4615384615384615,0.4718697071075439,1,2467fzJ6d5_K_QRe9CU--BXT1860,0.0,0,3,1
1,1.0,0.2698049545288086,1,977HIIAwnIqxPwgBrCLE7De468,1.0,1,3,1
0,0.8571428571428571,0.4276795387268066,1,2995FYU3dbcdZ2Om_eXNrFz43874,1.0,1,3,1
1,1.0,0.3544144630432129,1,1438pakrvpuzI9RRVwHckRIx2137,1.0,1,3,1
0,0.0,0.1375408172607422,1,642cj_9TM2LY8uspNPdM55l3026,0.0,0,0,1
0,0.4444444444444445,0.3960368633270263,1,2589xXJabxuTAbaSikLKRb-g2417,1.0,1,3,1
0,0.1428571428571428,0.4559888839721679,1,2420ljk2de81UhSRuKQX3a_J3616,1.0,1,3,1
1,1.0,0.2968223094940185,1,215150kaVnc71Yqt1mSUj_mU4220,1.0,1,3,1
1,1.0,0.2548248767852783,1,1956vw_p35LNB6CkbnIkyRY-2284,1.0,1,3,1
0,0.5714285714285714,0.4799320697784424,1,2650L8Wg3JCMUv2NtSViky2F1105,1.0,1,3,1
1,1.0,0.388042688369751,1,1786I5qlkjh5HPU7gv2S4fXA3460,1.0,1,3,1
1,1.0,0.4625551700592041,1,178729fWseJtFCuTr6qSCsEp3456,1.0,1,3,1
0,0.4375,0.9038279056549072,1,586KitV3SprRbS0Gf9jJzYW151,1.0,1,3,1
0,0.2105263157894736,0.5767912864685059,1,2428yXwf4M0pblVsR9721lQa3600,1.0,1,3,1
1,1.0,0.2519729137420654,1,1795SmUM72qvYEGcEDAoWbE73442,1.0,1,3,1
0,0.5,0.2689239978790283,1,15476Ulo5UDthwWLMYPAIvDH1372,1.0,1,3,1
0,0.4,0.4788084030151367,1,938YP3H8bkzV6_3rYyEJr_w300,1.0,1,3,1
0,0.8,0.3185560703277588,1,3006iqQtMuDDJjWerBzm_Me73850,1.0,1,3,1
0,0.1481481481481481,0.6007630825042725,1,1631qwKfG1vTrv4q_GaRhDXj1153,0.0,0,3,1
1,1.0,0.2445926666259765,1,1770UjdM67frvAA3cqjwF3333494,1.0,1,3,1
0,0.0,0.3426625728607178,1,1761O3JjMUze6fafyiPISXbp3520,0.0,0,3,1
0,0.2285714285714286,0.8409073352813721,1,2223FJEauLUlxzo8dn725XKK4040,0.0,0,3,1
1,1.0,0.3616786003112793,1,17770UIuay1RFuPABhV0c8OJ3482,1.0,1,3,1
0,0.6666666666666666,0.2446115016937255,1,25261kHHM3xmrKGTFC2m-3jz1717,1.0,1,3,1
0,0.0909090909090909,0.9881093502044678,1,2408ZcniF4-_aNVJzLlDje0y3633,1.0,1,3,1
0,0.0,0.7100174427032471,1,2187B0sWPT98eVpnAmdk_adu4127,0.0,0,3,1
0,0.0,0.3755426406860351,1,2620OCzi6sRLt3mGvqENj2_f2358,1.0,1,3,1
0,0.5,0.273015022277832,1,14184ScD3kP338oXI7mRSkqg634,0.0,0,3,1
1,1.0,0.3434610366821289,1,545m8hikbi_76zd990QYmmK275,1.0,1,3,1
0,0.2666666666666667,0.5474965572357178,1,17502DSDScCdCbid-xPukm5G3554,1.0,1,3,1
0,0.9333333333333332,0.4419605731964111,1,1380eJea603GtPQMYCinujki736,1.0,1,3,1
1,1.0,0.4288961887359619,1,2176_V6iXioszwPbfdPjMwxq4154,1.0,1,3,1
0,0.6,0.419008731842041,1,2521zNHb6afBjfIeBZ-paiLV1732,1.0,1,3,1
0,0.4285714285714285,0.5320248603820801,1,2172mjXN9cse5myRvOdHKPXb4165,1.0,1,3,1
0,0.8656716417910448,1.0834975242614746,1,714aKiFAE7PyMxPGjvvXxuT2843,1.0,1,3,1
0,0.0,0.4353010654449463,1,2059qn2LY5Rgkc_lCxZvqig_1623,0.0,0,3,1
0,0.6666666666666666,0.2226035594940185,1,585CaB0jXHyJe3pUKSAX9bo155,0.0,0,3,1
1,1.0,0.3162317276000976,1,2520AJw6yorsA0GUmWlSBDMa1735,1.0,1,3,1
1,1.0,0.3351767063140869,1,2968uPxSrxVpmS14fG-ZA4Ao3939,1.0,1,3,1
0,0.631578947368421,0.4188497066497803,1,2229yWQdKMBVLO9a2dROyNJM4023,1.0,1,3,1
0,0.3333333333333333,0.4356203079223633,1,2731RLyhdlj0BcmAmC4xntvl881,1.0,1,3,1
0,0.0,0.3469693660736084,1,2608ntJl4AFAduDIt0AYknjI2371,0.0,0,3,1
0,0.5405405405405405,0.8133590221405029,1,2067_XJIXN5KQHYCN7DkmQwO1600,1.0,1,3,1
1,1.0,0.2814092636108398,1,1533QCzr5BjBIkY0Ic8bG-GH1937,1.0,1,3,1
0,0.5,0.483119249343872,1,2110Ltc2qd2K0ntqhOxVLf_A1477,1.0,1,3,1
0,0.3636363636363636,0.4933087825775146,1,2441iHjaCHbBrRtNVI1F4dLI1917,1.0,1,3,1
0,0.1999999999999999,0.9743638038635254,1,2466lC31cH6baEqjSIz-P2Z51863,1.0,1,3,1
0,0.6153846153846153,0.3712530136108398,1,1601x8Z8HcPY9jNpZ_sO3-QS1232,1.0,1,3,1
0,0.2424242424242424,0.6706266403198242,1,2478p3DH7qkwbYJIQjszTbcE1828,1.0,1,3,1
1,1.0,0.2676870822906494,1,2389R07UIy-md3maCacU-Hv63671,0.0,0,3,1
0,0.0,0.2962510585784912,1,682I2vidJcfbbqgpGrTK1XG2921,0.0,0,3,1
0,0.1290322580645161,0.7170701026916504,1,2643UpH1vcnmDtWFzogLQYIY1123,0.0,0,3,1
1,1.0,0.3777096271514892,1,883NFsTbNvaXPN7nA5vibGt2664,1.0,1,3,1
0,0.0,0.556084394454956,1,2030yIcovw6j8LoFsbnLcn8Q2153,0.0,0,3,1
1,1.0,0.2472429275512695,1,898Q-3kYtPG_vXcdvoFxJxW2631,1.0,1,3,1
0,0.4444444444444445,0.3096981048583984,1,1024b_zBEsoqAnEtMtzSj7XD342,1.0,1,3,1
0,0.5714285714285714,0.5482134819030762,1,2950j5cEVzFR9tlrOy98K8cj3982,1.0,1,3,1
0,0.1538461538461538,0.5283522605895996,1,2474aB357FAulw_H4WRn_Ime1842,1.0,1,3,1
1,1.0,0.3295011520385742,1,2221KJ9_NrlgdFscJr8G23sK4043,1.0,1,3,1
0,0.5454545454545454,0.4905827045440674,1,15387Blg_wJjcZbkwAdg3ihT1400,1.0,1,3,1
0,0.5882352941176471,0.5384142398834229,1,931vejmr38S6tswRYCaqosz2538,1.0,1,3,1
0,0.5333333333333333,0.6717832088470459,1,2688HW0oYt08dER6A8d66xBp998,1.0,1,3,1
0,0.8,0.3716962337493896,1,23386xE0NbvZWVPZakM8re8C3783,1.0,1,3,1
0,0.0,0.5234053134918213,1,2131ThABbwh5RS-HlVdmLPDZ1418,0.0,0,3,1
0,0.8888888888888888,0.4875328540802002,1,970ykwG5UACigqQF0ueujZT489,1.0,1,3,1
1,1.0,0.3001751899719238,1,2011Y6hmmr1d2jBM4AO7b6VL2190,1.0,1,3,1
0,0.5,0.2841603755950928,1,176272iLN20O-jOavSbCNQan3517,1.0,1,3,1
0,0.7586206896551724,0.6385362148284912,1,935UD7iycK3BrOizCyeWBg22526,1.0,1,3,1
0,0.3333333333333333,0.5493519306182861,1,1366z_TtwYTXRVHrRgzO6hv7772,1.0,1,3,1
1,1.0,0.258756160736084,1,705nABbOAzpYWFGNrPSDwL22868,1.0,1,3,1
0,0.5,0.3947441577911377,1,1037LvCdYeAKroXxUJeycQww304,0.0,0,3,1
0,0.0,0.3598487377166748,1,2644fKUBosjdYiAeduy2FQVF1121,0.0,0,3,1
0,0.1818181818181818,0.5572645664215088,1,2073z-IROD_SxTTIHVa0x2-Q1583,0.0,0,3,1
0,0.2,0.5089290142059326,1,2193Xc8QMOrUJWgYE6YwVXyI4116,0.0,0,3,1
1,1.0,0.2849669456481933,1,1455F83kQULcWfbQs3NcBq_w2104,1.0,1,3,1
1,1.0,0.3276333808898926,1,842ErNGDuqVhjG7ZUyiwsjd2772,1.0,1,3,1
0,0.0,0.4663975238800049,1,1785Yd2T_X6Og_obivSYFDDm3463,0.0,0,3,1
0,0.8333333333333333,0.569983720779419,1,2176_V6iXioszwPbfdPjMwxq4153,1.0,1,3,1
0,0.888888888888889,0.3910853862762451,1,1994OHXyl5b_H0ye904RAGwf2215,1.0,1,3,1
1,1.0,0.2986023426055908,1,2369_xfvbok_zAL_Rv81FtdX3712,1.0,1,3,1
1,1.0,0.3851644992828369,1,2052RvSs680PHPtZuennk4-w1643,1.0,1,3,1
0,0.8888888888888888,0.3794455528259277,1,2051Kxj17zphNy4PvJVu6Lkg1647,1.0,1,3,1
0,0.08,0.6949727535247803,1,3038eqq4CM3lWy40y14f8S143785,1.0,1,3,1
0,0.5806451612903226,0.5863587856292725,1,1763xIpOj62D71kP707OrPOL3516,1.0,1,3,1
0,0.1568627450980392,1.272111415863037,1,584OsnQDPEfdT3D-biv4Yg2158,0.0,0,3,1
0,0.0,0.4309651851654053,1,21208xkL7JG9a1slm1tkqySv1448,0.0,0,3,1
0,0.7272727272727273,0.3176014423370361,1,2551pxDvmDEe_JDrvTqX24D22488,1.0,1,3,1
0,0.4761904761904761,0.4250619411468506,1,1600ywzg9ULBGI5IAxrJ6foM1236,1.0,1,3,1
0,0.5333333333333333,0.4307396411895752,1,596Q82NOv6jfyrM6AZU0rOO120,1.0,1,3,1
0,0.0,0.4219822883605957,1,2548jWUEsutIJk1cbqN2tPM12495,0.0,0,3,1
0,0.5714285714285714,0.4239716529846191,1,2395gaoIJm8RJNk2Sl5xvuDq3658,1.0,1,3,1
0,0.6666666666666666,0.425424575805664,1,20199YPeHSgfEFESo0NsKNKZ2176,1.0,1,3,1
0,0.5,0.2867915630340576,1,1785-_093vWZJxwqV0Mwx6bG3462,1.0,1,3,1
0,0.0,0.4834523200988769,1,1169Pw8TMA7C0o4DfohkFyls3245,0.0,0,3,1
0,0.64,0.5961649417877197,1,886LRP2H2vQHems49GkFtqW2659,1.0,1,3,1
0,0.8,0.2423019409179687,1,1369djsyqLYuxpeSrFzUMmCE765,1.0,1,3,1
1,1.0,0.313117504119873,1,2206I8Vkp53Zdu1cUBnnuvdS4081,0.0,0,3,1
0,0.7499999999999999,0.3509681224822998,1,1166mDE1LWP75imlcmsDPZ4x3256,1.0,1,3,1
0,0.7999999999999999,0.349879503250122,1,2439Q3dwt5i21LkosQln5aU01922,1.0,1,3,1
0,0.5,0.4196622371673584,1,1549OXzotDTvVSxA1XYg3Qdn1368,1.0,1,3,1
1,1.0,0.3188343048095703,1,1461ZfZbXtvbUZA2_jR_fhkR2090,1.0,1,3,1
0,0.0,0.3834185600280761,1,2999g-R1b7cOXrVxRNQJEeu63865,0.0,0,3,1
0,0.5,0.4624574184417724,1,2962KhT-P_YhV9i-0r4AXnNV3953,1.0,1,3,1
0,0.5714285714285715,0.4397294521331787,1,2493Wl0nyJ_0srCt24KRwauj1800,1.0,1,3,1
1,1.0,0.2828495502471924,1,2102z4y9nEpbATY8I78HaePk1502,0.0,0,3,1
1,1.0,0.3824057579040527,1,1556RL1OU4mcoPPe2rTqDdxN1349,1.0,1,3,1
1,1.0,0.315842866897583,1,1740bfOMnm2FzOi__s2X3YUd3584,1.0,1,3,1
0,0.4827586206896552,0.6380817890167236,1,2507uSi5SuFnCHRYJSdsCOTN1766,1.0,1,3,1
1,1.0,0.2271649837493896,1,1825MtNCYtNGCoORkHQFRAhq3374,1.0,1,3,1
1,1.0,0.2314512729644775,1,1517RRHHjHDzsegVV1oTrpCQ1978,1.0,1,3,1
1,1.0,0.3012232780456543,1,1830MpIhGxEOYndLD4ltPTIl3360,1.0,1,3,1
0,0.0869565217391304,0.7499294281005859,1,1032DagEj13ZJnkBdXH3dlsw319,0.0,0,3,1
0,0.7058823529411764,0.3998475074768066,1,913vnJ7FuCx73C-Vyaofcns2586,1.0,1,3,1
0,0.7586206896551724,0.6085906028747559,1,21895ri-SgzvCYbZU84umbJD4124,1.0,1,3,1
0,0.4,0.2762587070465088,1,20711Hl0tPbCWQ2GM-nT-TSe1587,0.0,0,3,1
0,0.1481481481481481,0.6429905891418457,1,1003mJcD4m-odKlTcjmfnWpG402,0.0,0,3,1
0,0.2608695652173913,0.5395116806030273,1,2228Ft7w8DJ9Q6WqnZI87gg34025,0.0,0,3,1
0,0.8,0.3722805976867676,1,699mwyBz83siw0vstjV-vDu2880,1.0,1,3,1
0,0.6153846153846153,0.4358863830566406,1,20641EP682eRhx2QWgjzDM9I1609,1.0,1,3,1
1,1.0,0.7182724475860596,1,2018nWjHAk4XaPTFuNjnMEQn2178,1.0,1,3,1
0,0.4444444444444445,0.4129412174224853,1,662FSjJPutAhsBA5hh--LCF2971,1.0,1,3,1
1,1.0,0.4352080821990967,1,622nOqPRd2vnPs-z_NW5VoY48,1.0,1,3,1
0,0.4,0.6302869319915771,1,2719wUxhpIiVwxBLr4itkaGv912,1.0,1,3,1
0,0.8,0.3034672737121582,1,703rIf-aXXra-sCqmgKHUxK2873,1.0,1,3,1
0,0.3333333333333333,0.573624849319458,1,17877jymQtwntyWZpIqtv6ZT3458,1.0,1,3,1
0,0.72,0.5659165382385254,1,2449Gc-t93zVR6Bjza9-brVc1898,1.0,1,3,1
0,0.5,0.6086323261260986,1,2721w4sXZ7mV6j4Zl36hHUHd910,1.0,1,3,1
0,0.7499999999999999,0.3914337158203125,1,602HXVJQ-EmvT3_fAAZT-iH102,1.0,1,3,1
0,0.3809523809523809,0.5545134544372559,1,2986JvbXNLo81zp2QsLN9R-o3896,1.0,1,3,1
0,0.25,0.4865391254425049,1,2651W9hIkNcmdRVAlG6zUyLS1103,0.0,0,3,1
1,1.0,0.2851307392120361,1,949_fWOuLXk2h3DJ9NWsIjn552,1.0,1,3,1
1,1.0,0.3714687824249267,1,2232EHYoqgOShRapE72ALRJ44015,0.0,0,3,1
1,1.0,0.4127748012542724,1,1410DLyemZEmSq5UCIdY2yjC657,1.0,1,3,1
0,0.5,0.4034404754638672,1,2422G-GiBC-3LUz-jnAzT2Mq3609,1.0,1,3,1
0,0.3333333333333333,0.7093813419342041,1,2958PFJS1dK5nJyCBmSCZBqp3963,1.0,1,3,1
1,1.0,0.2182741165161132,1,717GIQkXVVB0r9TgF9XjTKs2833,1.0,1,3,1
0,0.2857142857142857,0.4073822498321533,1,1633DdbmGFX3Fap5yGmYewEs1149,1.0,1,2,1
0,0.4,0.2904558181762695,1,843zyenQsDbdyEDKorOOEer2769,1.0,1,3,1
0,0.0,0.2135846614837646,1,542XLmdPu_Re7m8EKEBlNHO283,0.0,0,3,1
1,1.0,0.3234193325042724,1,29802gx0lFYy6rgIUS6ZhDD83909,1.0,1,3,1
0,0.4761904761904761,0.6202588081359863,1,2107a4gQhq9F4QB4GLnMXPaW1487,1.0,1,3,1
0,0.4390243902439024,0.9686672687530518,1,1374yoc9nWJdr9ATgDMv2vDw752,1.0,1,3,1
0,0.1025641025641025,1.0677449703216553,1,2396H9jCvuDLczQcUQlEZGud3657,0.0,0,3,1
0,0.3529411764705882,0.4103949069976806,1,26748vEm6_JIFNnvzYBeYPv81040,1.0,1,3,1
0,0.4,0.5264973640441895,1,3017iTDKpmlMaBIVXHiLiYZ73822,1.0,1,3,1
0,0.1777777777777777,1.0479953289031982,1,2710l98nPxuBNtPvCvgG3ZAV938,1.0,1,3,1
1,1.0,0.4280757904052734,1,940fL86HY7bK7-T5kU7TrIZ581,1.0,1,3,1
0,0.0,0.3717691898345947,1,926_pz3jhhCLKnSf1RRHRGd2547,0.0,0,3,1
0,0.2608695652173913,0.5866856575012207,1,1492M31dOPpyF5MFUXJiJfx52030,1.0,1,2,1
0,0.0606060606060606,0.7135796546936035,1,1560RmR7yEVWFqhgUfFWyb3J1336,0.0,0,3,1
0,0.3478260869565218,0.606400728225708,1,1808OvbxP0FbCDbzWY3jMW_e3416,1.0,1,3,1
0,0.45,0.8923208713531494,1,2711wNn5GeHqOfTsTyQ56zpG937,1.0,1,3,1
0,0.2857142857142857,0.4340119361877441,1,5753KHX9NUZ-uCbV_zi_V4J183,1.0,1,3,1
0,0.8421052631578948,0.5292327404022217,1,2722B2Q7xCqKAJysuUWecphg908,1.0,1,3,1
0,0.2857142857142856,0.5413978099822998,1,2074kJ6tj7m3dUealDR0iSOG1579,1.0,1,3,1
0,0.0,0.398792028427124,1,9012HUd6aulh_Yu4SRtV4Ju2622,0.0,0,3,1
1,1.0,0.4107158184051513,1,2730mL2oE6m4D8Od_UQ6wMXf883,1.0,1,3,1
1,1.0,0.3014225959777832,1,1453eTocKdHUvXr67uYm59TP2106,1.0,1,3,1
1,1.0,0.4362773895263672,1,641M4LSzcBNf0p8MuWs4Li43030,1.0,1,3,1
0,0.1333333333333333,0.4951722621917724,1,937wMFiXffRIE3NG_K_PJuV2519,0.0,0,3,1
0,0.6666666666666666,0.2498176097869873,1,556fLKlHwoGAKGwwcRMBDwh240,0.0,0,3,1
1,1.0,0.3930068016052246,1,2640x6nNIaOGwyi0gBPzvykU1131,1.0,1,3,1
0,0.1428571428571428,0.3962011337280273,1,1812VV7iwFJbaygIgu6vzb9F3406,1.0,1,3,1
0,0.0,0.5850975513458252,1,2560nGtG9OY7-88aqDalhuYv2470,1.0,1,3,1
0,0.4705882352941176,0.61419677734375,1,1594lISY-Dfis872k6M3Utdc1251,1.0,1,3,1
0,0.0,0.443744421005249,1,2115o-NOQilKM9cMoL7EeDR01462,0.0,0,3,1
1,1.0,0.2067301273345947,1,1502t95YZwb3DBEc50kzbs112018,1.0,1,3,1
1,1.0,0.2537047863006592,1,643hOw7cSZHnFDg9xSl_9rX3025,1.0,1,3,1
0,0.1764705882352941,0.5694634914398193,1,2707gSiUHQVzCZqq8wFY2gvz944,0.0,0,3,1
1,1.0,0.339672327041626,1,2114PF_Hzr-w95B50r8JycTn1466,1.0,1,3,1
1,1.0,0.2492134571075439,1,1387YoNwFgU_hCV3WDkM6HFk720,1.0,1,3,1
0,0.0,0.3875608444213867,1,25567DWWtABHgq600h7hP6972477,0.0,0,3,1
0,0.1666666666666666,0.5552246570587158,1,2438_EbtTSQc5lsCpGlzo17M1926,1.0,1,3,1
1,1.0,0.3362464904785156,1,625s5iuUhzcOucr1cjzlQTe39,0.0,0,3,1
0,0.7499999999999999,0.3178315162658691,1,2150mk9STtYfvVPdRfNOdnih4223,1.0,1,3,1
0,0.1818181818181818,0.375406265258789,1,606ydc6r27eppB2SC3CIOZ594,1.0,1,3,1
0,0.0,0.4194395542144775,1,2703tHS1apl2j5UgPSEuvXw2955,0.0,0,3,1
1,1.0,0.4674272537231445,1,30239qJxzKpT4gziPvpN4Rqd3811,1.0,1,3,1
1,1.0,0.2150740623474121,1,2472J9OcrMuEU-NMunTzS_UI1846,1.0,1,3,1
1,1.0,0.1914036273956298,1,1527UKGoQiYuIWZfUOoYgAYF1954,1.0,1,3,1
0,0.2857142857142857,0.4571766853332519,1,1950b8OIQ8bzZrEdme_QFejW2297,1.0,1,3,1
0,0.8,0.3431267738342285,1,1439FueGAYIvwKpcGr1leJJu2135,1.0,1,3,1
0,0.4210526315789474,0.7136514186859131,1,3014pcTrhA69GQHkNXpHvhmZ3831,1.0,1,3,1
0,0.7142857142857143,0.3981759548187256,1,2958RqWdfJdoUOuFb0joLgV93964,1.0,1,3,1
1,1.0,0.2672526836395263,1,239409bAojLcBv-vX19Ipsyy3660,1.0,1,3,1
0,0.4444444444444445,0.3545606136322021,1,1627Ewd39gIbO48nfIpKd3jZ1160,1.0,1,3,1
0,0.3333333333333333,0.5363578796386719,1,692dt6AYZva7v7XYgvIDEbY2893,0.0,0,3,1
0,0.375,0.5262970924377441,1,608IiEQrTFEeXGLAfAOvOOp88,1.0,1,3,1
1,1.0,0.3036060333251953,1,1162WEg_WPImiRPmAPvN_wnE3045,1.0,1,3,1
0,0.0,0.4443464279174804,1,899il7HMq79D4iA4PWEiSgJ2629,0.0,0,3,1
0,0.3636363636363636,0.3568401336669922,1,864AJ9w8gUeeT5ui2mjV-482708,1.0,1,3,1
1,1.0,0.3662564754486084,1,1177mo9QxepXvRmIEbov-3wB3226,1.0,1,3,1
0,0.8461538461538461,0.5898115634918213,1,2734MmqzZtp-AZWpm2ZfsFhO871,1.0,1,3,1
0,0.4347826086956521,0.5890176296234131,1,2410IRpfau2-Ltn2-LoMkPNf3631,1.0,1,3,1
0,0.7692307692307693,0.4383721351623535,1,1217VUulWWjfmhhB_SRnAH2c3106,1.0,1,3,1
1,1.0,0.2547204494476318,1,1618DNm6lX3wftxfj2fnuyVr1185,1.0,1,3,1
1,1.0,0.2931296825408935,1,2579V8DiOeUpZ5xJHz_B22Nw2436,1.0,1,3,1
0,0.0,0.4909687042236328,1,1760mDs0p3IiDjSQHOt_UjsF3524,0.0,0,3,1
0,0.5882352941176471,0.4842021465301513,1,2507s9ZR3iJP0z5Z6_djlvFa1765,1.0,1,3,1
0,0.7499999999999999,0.4026346206665039,1,927fFROY82WGNQwzbZYqAZl2545,1.0,1,3,1
1,1.0,0.3483750820159912,1,27105B4kNatJgs2HMEX3Qbc-940,1.0,1,3,1
0,0.1666666666666666,0.4243626594543457,1,2078dQ_JXY4ymZQeFE0Q6gMo1566,0.0,0,3,1
0,0.6666666666666666,0.2115745544433593,1,2134c3GwJ25P4vGSVnWFZ8d31408,1.0,1,3,1
1,1.0,0.338836669921875,1,901d0BwILQTPPl4oiAkiW0N2621,1.0,1,3,1
0,0.3529411764705882,0.8240113258361816,1,1032DagEj13ZJnkBdXH3dlsw320,1.0,1,3,1
0,0.7499999999999999,0.2717330455780029,1,567dxrWSjH-3GSoMgKPevyt207,1.0,1,3,1
1,1.0,0.4558489322662353,1,1987kuJ62sHMo5LRL0V1zWv52223,1.0,1,3,1
0,0.0,0.5050835609436035,1,590XWeIE_Ub3P9D0x7jiKmg139,1.0,1,3,1
0,0.1818181818181818,1.223372220993042,1,1419bJn9E_UUgrwZGzmllbaR629,1.0,1,3,1
1,1.0,0.3594377040863037,1,8478WHZms7MdB1ce7kHygtH2757,1.0,1,3,1
0,0.8,0.2996296882629394,1,15075jeWJyHrflW280qJuH1b2008,1.0,1,3,1
0,0.4,0.6801853179931641,1,1361J6GUEFw0eUjZYJ4tiHvB788,1.0,1,3,1
0,0.2857142857142857,0.4266247749328613,1,1962Nznt7PwFe6mdz6hcXnVa2271,1.0,1,3,1
0,0.1538461538461538,0.6220703125,1,2939FAcUTmMYAGquuzkjAN1d3997,1.0,1,3,1
0,0.4444444444444445,0.5310475826263428,1,2147SEz1hmjhUpcGuddz5WUk4230,1.0,1,3,1
0,0.0,0.5722019672393799,1,2968uPxSrxVpmS14fG-ZA4Ao3938,1.0,1,3,1
0,0.0,0.3402621746063232,1,1945_7jADD_G_gdbFReCrUtY2310,0.0,0,3,1
0,0.7000000000000001,0.4246001243591308,1,1382vpjR9ETfO4vE8tz6BI31731,1.0,1,3,1
0,0.3333333333333333,0.5367529392242432,1,1604z6EFDlKj1Ika8RT3XTEm1228,1.0,1,3,1
0,0.888888888888889,0.5427711009979248,1,1592ZON_5a2-NF9DppBASPuf1255,1.0,1,3,1
0,0.4705882352941176,0.5257821083068848,1,2987jq09CSEi-lBZSSYtX9tj3893,1.0,1,3,1
0,0.6829268292682927,0.7754926681518555,1,942M7M9hNpAspJcsRQKTuJQ573,1.0,1,3,1
1,1.0,0.3783187866210937,1,2718CJJlT43vSkiBp7_LGjcB917,1.0,1,3,1
0,0.4444444444444445,0.5598864555358887,1,25813tM3oQb5_kWZVY_CdOzs2431,1.0,1,3,1
1,1.0,0.3930737972259521,1,679vpo5VTNOuK7oFLdslg8e2929,1.0,1,3,1
1,1.0,0.2277693748474121,1,616OWtj6d8Wd_SHB_8cDpHD67,1.0,1,3,1
0,0.5714285714285715,0.3161845207214355,1,1751kG4ZgRcpVW2reI1_s3123550,1.0,1,3,1
0,0.4285714285714285,0.5980043411254883,1,24434z3j5gm_bj0nuQ8LfJIw1910,1.0,1,3,1
1,1.0,0.2366895675659179,1,25959RxG-G9wyRUK62zPUPq52402,1.0,1,3,1
0,0.0,0.3405501842498779,1,2120iYmdxQBWrRTb5lLxyQx11447,0.0,0,3,1
0,0.4827586206896552,0.5529131889343262,1,2673FDf451ZmX7vXALugyB1a1044,1.0,1,3,1
1,1.0,0.2178161144256591,1,1196pKofKEiQ1ZBZSetE64_G3169,1.0,1,3,1
0,0.4444444444444444,0.4862258434295654,1,2093euyG67o3cVGqrsSPrCbI1525,0.0,0,3,1
0,0.8235294117647058,0.4234609603881836,1,1022odDZeLWqHwQdk0LQ3Ji5348,1.0,1,3,1
1,1.0,0.3318307399749756,1,1804uzeMzyojontOD0RrTKB-3427,1.0,1,3,1
0,0.1666666666666666,0.4600093364715576,1,1182HI-17dsw8VRu8AKL-nGo3209,1.0,1,3,1
0,0.4615384615384615,0.4343564510345459,1,2117usIbqKfvGfEciX6sxfMh1457,1.0,1,3,1
0,0.4444444444444444,0.8821897506713867,1,2950gZ4P4mJPFr8zvaCPmgqF3983,1.0,1,3,1
0,0.761904761904762,0.4435744285583496,1,2233Y-YKfqTQmrCwlcADWe1n4010,1.0,1,3,1
0,0.3333333333333333,0.4915614128112793,1,25182PdyMWkPXSFPNo4-wt5J1741,1.0,1,3,1
1,1.0,0.369293212890625,1,7102gW4oVzoXhOyiAji75BJ2854,1.0,1,3,1
0,0.8,0.2483570575714111,1,838RE46J5MX4D49kRweDkzw2516,1.0,1,3,1
0,0.0,0.4834222793579101,1,1636U9fgDPC8e9WhnQASL0AZ1142,0.0,0,3,1
0,0.3333333333333333,0.5015361309051514,1,2966QzGzVpOocUqZIf0qxqAI3942,1.0,1,3,1
0,0.7719298245614035,0.8264267444610596,1,24469YIw5bTHJgIQYHoHuYLz1905,1.0,1,3,1
0,0.375,0.538135290145874,1,1780LA22drSP8A8UyH6kh_Zg3475,1.0,1,3,1
1,1.0,0.2687289714813232,1,838BwSb1yX6r8PmHfFQ_-Dk2517,1.0,1,3,1
0,0.5,0.4661250114440918,1,910WJniQOWQeZ-7hez_wycY2594,1.0,1,3,1
0,0.6666666666666666,0.6143105030059814,1,2132yLDutcv3-EyuSrPEe_qP1414,1.0,1,3,1
1,1.0,0.3243598937988281,1,1834IF4cgFJT0qrx6LbC8_z03347,1.0,1,3,1
0,0.7741935483870968,0.5509078502655029,1,10225FLoQxnwSkdi_B5KomYG349,1.0,1,3,1
1,1.0,0.241046667098999,1,1515gM9MF9FMUE__r5E1YQRi1983,1.0,1,3,1
0,0.5,0.7157611846923828,1,2130hnFIfjAqoSjF4izSr4Sg1420,1.0,1,3,1
0,0.6666666666666665,0.4263153076171875,1,2495cQqgzzooS13bDr8Ph6Gf1796,1.0,1,3,1
1,1.0,0.3186707496643066,1,722Zb3Sw31D8-m69waDslkm2822,1.0,1,3,1
0,0.0,0.3856406211853027,1,731-qietcbXc2nDy-pU2z8A2796,0.0,0,3,1
0,0.3076923076923077,0.4764478206634521,1,2357bg7FTfVebD7QxLK_W3qG3738,1.0,1,3,1
1,1.0,0.2521321773529053,1,2358jqFEmp4cxrm3AWKZILMj3737,1.0,1,3,1
0,0.7333333333333334,0.6300313472747803,1,2704SYrBfH1tUHa-vFcWOrAs952,1.0,1,3,1
1,1.0,0.2591514587402344,1,635Jf_-DqbwtcPrT7rU-Jws10,1.0,1,3,1
0,0.5714285714285715,0.3454501628875732,1,2736DC0e2KjXgGVcPZ2WLIxz866,1.0,1,3,1
0,0.0,0.5774292945861816,1,1540m7KtQ8W37yFZzUzVcX5F1393,0.0,0,3,1
0,0.8,0.3269071578979492,1,1025ZadbOp7BrFP2karwsuNA339,1.0,1,3,1
0,0.5714285714285715,0.3177006244659424,1,610cgbbYUhEHZ0pSu_hj0IX83,1.0,1,3,1
0,0.5,0.3539953231811523,1,2133l3pjWfCkZZOCX5jvmzSB1412,1.0,1,3,1
0,0.0,0.3340272903442383,1,708039C_1LOgHzr9Hb6yAEm2860,0.0,0,3,1
1,1.0,0.2724232673645019,1,898Q-3kYtPG_vXcdvoFxJxW2632,1.0,1,3,1
0,0.25,0.6078686714172363,1,2076slcCeUs4SSiwZVjyC4u81573,1.0,1,3,1
0,0.3636363636363636,0.5122864246368408,1,2992gMiCk1Qhs-vDl8gSC9lR3880,1.0,1,3,1
0,0.5,0.3215970993041992,1,571i8l4_77Uat7tpf7uzj1X195,1.0,1,3,1
0,0.6666666666666666,0.2669985294342041,1,1575ppfrAxMc-4L7Tua7RW2i1304,1.0,1,3,1
0,0.25,0.3208966255187988,1,540gS6PWvy11E_WySWDzeHa288,0.0,0,3,1
0,0.9090909090909092,0.3743634223937988,1,877wqSp0Rkg0hf-ytTtfQ252682,1.0,1,3,1
0,0.3749999999999999,0.4628472328186035,1,11609Jmtcj6mL4_qZoKMrsvu3270,1.0,1,3,1
1,1.0,0.2161052227020263,1,1502t95YZwb3DBEc50kzbs112019,1.0,1,3,1
1,1.0,0.2761144638061523,1,25923M2ou7gOwnwBwtqHq_Ei2411,1.0,1,3,1
0,0.0,0.2252340316772461,1,210122hc2gtQAt4eeAx88Upu1503,0.0,0,3,1
0,0.7499999999999999,0.3070380687713623,1,875rKE1xYgnsy1BcrIiDIQI2686,1.0,1,3,1
1,1.0,0.2340164184570312,1,15234HN9qI_Z1BT9PU4i4eXx1965,1.0,1,3,1
0,0.2857142857142857,0.3349232673645019,1,896q9fkwlNTB-uLIhW50gpL2638,1.0,1,3,1
0,0.2222222222222222,0.3547379970550537,1,628oWPCunaZPZ7dsBtbV11P30,1.0,1,3,1
0,0.6666666666666666,0.3993170261383056,1,1998tYHxV4GeHjIVsXiSo8Hr2211,1.0,1,3,1
0,0.5555555555555556,0.6766886711120605,1,2692_fbTsXXpwP0opcAgOaVe986,1.0,1,3,1
1,1.0,0.2989943027496338,1,1426bEr-N4c6lQoKgO9HYKbw611,1.0,1,3,1
0,0.6,0.346099853515625,1,642t90xpp6PDsZFZ-bpxEez3028,0.0,0,3,1
0,0.3,0.4420180320739746,1,2395o2IF67yRoSD5xGlszZGz3659,1.0,1,3,1
0,0.3333333333333333,0.4418697357177734,1,2375wXJbyJnkzdso878KLwWJ3699,0.0,0,3,1
0,0.0,1.0790677070617676,1,2037xYCP17QpdbpzHpni7UrG2140,0.0,0,3,1
0,0.5714285714285715,0.654848575592041,1,1362BPgQJxJaOhV-CP2tGeBk786,1.0,1,3,1
0,0.75,0.3255112171173095,1,2045T8nQX2uFT71OR7C-6Sjj1661,1.0,1,3,1
0,0.3333333333333333,0.2389187812805175,1,538gLSK6-g0JoLk6sK3uauP2,1.0,1,3,1
0,0.6666666666666666,0.2159280776977539,1,2427_8TqCgsX9NP5483T0_Hi3601,1.0,1,3,1
0,0.3448275862068966,0.6028881072998047,1,1630NLRyBDonlo1Mtz-Tmltq1157,1.0,1,3,1
1,1.0,0.2848548889160156,1,619ettAV35JO9WyPjBmVuTZ57,0.0,0,3,1
1,1.0,0.3860161304473877,1,601rUHFULW3zIx3841qHZyq107,1.0,1,3,1
0,0.064516129032258,0.7306687831878662,1,1350m8tnshnQY1-SX1xaVUVD822,0.0,0,3,1
0,0.0,0.4800500869750976,1,1419tOWt7I089hJ4HUoPR6EI630,0.0,0,3,1
0,0.4285714285714285,0.4901857376098633,1,2096OjLZieUfMFEgNMVotx4Z1517,1.0,1,3,1
1,1.0,0.3575654029846191,1,2483xn8QuuA6OqhzaYPTxh7I1820,1.0,1,3,1
1,1.0,0.3831453323364258,1,9414p2IRYym1X7K4lS0j_Q5578,1.0,1,3,1
1,1.0,0.2718274593353271,1,981M9FKIWHSyh9UYiLsHR3E456,1.0,1,3,1
0,0.6666666666666666,0.4240918159484863,1,2578Ix0kGXjoeJXUfAshA75j2438,1.0,1,3,1
1,1.0,0.3380627632141113,1,1967cSyL4AQ5Xz3yJ6hC4cWu2259,1.0,1,3,1
0,0.48,0.579878568649292,1,895GTgHWgOsJfWGzfuk0cBw2641,1.0,1,3,1
1,1.0,0.2899491786956787,1,21282Cr-35xm2wBqUSJkqXMj1426,1.0,1,3,1
0,0.4761904761904762,0.605262041091919,1,1781v4O_2XdfE6Nu9HHNiBxe3470,1.0,1,3,1
0,0.6666666666666666,0.2185604572296142,1,2455Z_NA0qrNdsEcFeJPnpVS1886,1.0,1,3,1
0,0.2650602409638554,1.7487919330596924,1,1975vLuOp8gEBc7-d27D_PJt2244,1.0,1,3,1
1,1.0,0.3577659130096435,1,1020shbJqszE6Dwd0s9ufDFH354,1.0,1,3,1
0,0.3684210526315789,0.6727957725524902,1,15611Xd1lIWLRyaQ6bXEMZ0W1333,1.0,1,3,1
0,0.3333333333333333,0.4266417026519775,1,2124hG4KLqALJOOHr-3PHVOG1436,1.0,1,3,1
1,1.0,0.306455135345459,1,1826l7UVGsNPZHXbgRIPoIUx3372,1.0,1,3,1
0,0.0,0.3774540424346924,1,695h31kCvASR0Z5l5aivqQt2887,0.0,0,3,1
1,1.0,0.363490343093872,1,2442Qnq15H_ylz9SkgCBZcsE1914,1.0,1,3,1
0,0.8421052631578948,0.3863701820373535,1,667rAHXuSUPsljQVxvIq2TT2957,1.0,1,3,1
0,0.4,0.4127979278564453,1,25604fSMJJe0iDDONhUpmjzE2469,1.0,1,3,1
0,0.8125000000000001,0.5578904151916504,1,2565Fka6oc0BTYJ567R8eShz2459,1.0,1,3,1
0,0.6666666666666666,0.228602647781372,1,2670Y-kuxlKLxN5SPIlGPfw91052,0.0,0,3,1
0,0.6666666666666666,0.2746715545654297,1,2102F8JjzM2uHi5C1tuhbTZe1501,1.0,1,3,1
1,1.0,0.2449190616607666,1,90097rrJhPCLDwMjGcQ2QA22626,1.0,1,3,1
1,1.0,0.3574507236480713,1,2722im-NxxsEP4XILd22CljL906,1.0,1,3,1
1,1.0,0.440136194229126,1,2945mpQYcMGssA5i-bw5sX4T3986,1.0,1,3,1
0,0.0,0.5645139217376709,1,25220uEQpWctQitEMppCz0oB1729,1.0,1,3,1
0,0.1025641025641025,0.4857945442199707,1,2450fAZnmnJBsF5ajCmgyFSm1894,0.0,0,3,1
1,1.0,0.2854347229003906,1,2521zNHb6afBjfIeBZ-paiLV1731,1.0,1,3,1
1,1.0,0.2832951545715332,1,1029D_VXSqeEcmujQynOF_FN329,1.0,1,3,1
1,1.0,0.385331392288208,1,21895ri-SgzvCYbZU84umbJD4125,1.0,1,3,1
1,1.0,0.2979226112365722,1,2653htyng3Z_tsonlTCkn_QC1100,1.0,1,3,1
0,0.25,0.3754174709320068,1,1521m0vIxCtc6C0q4fZ4bmW21970,1.0,1,3,1
1,1.0,0.2469465732574463,1,1616tJD99SBv5x6A67wD89lO1190,1.0,1,3,1
0,0.9375,0.5221445560455322,1,957C6c8UBXNxelvZ_YavK28530,1.0,1,3,1
0,0.25,0.4872422218322754,1,541b8Dh-FxM3PgziNCUUuUq285,1.0,1,3,1
1,1.0,0.2252798080444336,1,2393t0babHd-BI0al0kqRL4Z3662,1.0,1,3,1
0,0.7826086956521738,0.4432473182678222,1,951QRsnzHPzlTm1kJw2YlVa548,1.0,1,3,1
0,0.8,0.3485660552978515,1,1400uU3CM_7LdMUuWkvkQxxM687,1.0,1,3,1
0,0.0,0.2830665111541748,1,2593NhMXH8FIz_rRIuHg7cJ32407,0.0,0,3,1
1,1.0,0.4429991245269775,1,2124d8CiYUpjOQQmj4tL4X0v1437,1.0,1,3,1
0,0.6,0.3878092765808105,1,15886mL2IQG8B6jETUgnOHZc1268,0.0,0,3,1
0,0.3703703703703703,0.6883902549743652,1,2969xxQHUKBzQcM9DNUcN--Q3934,1.0,1,3,1
0,0.7692307692307693,0.3248465061187744,1,646OD5224k55Wh4kR-RsWPl3016,1.0,1,3,1
1,1.0,0.3630979061126709,1,1835xWOwAfgrbHJnPbJjkinW3346,1.0,1,3,1
0,0.8571428571428571,0.4338071346282959,1,909gtca-lnTfb7i_Tj-phi82597,1.0,1,3,1
0,0.3125,0.8157613277435303,1,998p1ztLXm5gKJajkvwEEjf414,1.0,1,3,1
1,1.0,0.3314769268035888,1,10361heR9e1kTvvo1NiiW5Ae307,1.0,1,3,1
0,0.3999999999999999,0.5794334411621094,1,2154hgnNDJMyC_N1LGBLoIru4213,1.0,1,3,1
1,1.0,0.3657784461975097,1,1190LpUYusZ3T7nqZ3kXM3uR3185,1.0,1,3,1
0,0.0,0.7742509841918945,1,1387oQz4cxlHhwF5gpvX_8s_718,0.0,0,3,1
1,1.0,0.4096376895904541,1,2123JgqxRVRAg0ZSNs3_HwHe1439,1.0,1,3,1
0,0.064516129032258,0.5600142478942871,1,600dYBRrC6h4LjypO5PySt6109,0.0,0,3,1
0,0.4615384615384615,0.6005549430847168,1,916dKMXGoacskOpfFfF3fl32576,1.0,1,3,1
0,0.6666666666666666,0.3878180980682373,1,2523rTR1vV07WZ0GNJ4Wu_DS1724,0.0,0,3,1
0,0.4444444444444444,0.3474044799804687,1,1027ZkSa0ea9HAzRy_8T4y3g334,1.0,1,3,1
1,1.0,0.3905518054962158,1,96007jxuZq6dQmJdVZtpl44519,1.0,1,3,1
1,1.0,0.2231988906860351,1,2356NFxPDl9UkBBLyPHbKrvJ3742,1.0,1,3,1
0,0.8,0.3092894554138183,1,547tG9ZeRqXvJLYthNWsLap269,1.0,1,3,1
1,1.0,0.2049124240875244,1,2701_eTSfG0kbk-njomBcNgv960,1.0,1,3,1
0,0.2727272727272727,0.4279069900512695,1,934hLc2W0dI5ExU1xikzEH42530,0.0,0,3,1
0,0.0,0.3319597244262695,1,2575f4mugcu2JQoWTywMsU6P2446,1.0,1,3,1
0,0.1428571428571428,0.4271552562713623,1,604mQQLLhcNi8N9nxflPiAk100,0.0,0,3,1
0,0.56,0.4749147891998291,1,23807v22XvrUQTol7Th3lJWE3686,1.0,1,3,1
0,0.3333333333333332,0.4146339893341064,1,2458nO0QxOBFA2uGin02ZUeR1877,1.0,1,3,1
0,0.0,0.43349289894104,1,725fIuqkG2FAMAMrRV2o_q72815,0.0,0,3,1
0,0.0689655172413793,0.623211145401001,1,6907GyyauVbz0gBDeg6Ql0l2899,0.0,0,3,1
0,0.8,0.2514982223510742,1,25163F-nTR5MBd30RtLg31GT1746,1.0,1,3,1
1,1.0,0.2853586673736572,1,2959dC6Am4UskyZMHV9xE3WU3961,1.0,1,3,1
0,0.4615384615384615,0.9854774475097656,1,2093f84OlebSpPLq7CIoCbc51523,1.0,1,3,1
1,1.0,0.3025505542755127,1,1958hcGziYoVonuuIdReU0Lj2279,1.0,1,3,1
0,0.8,0.3059093952178955,1,2604w8Y2Cl6uiR5M0-ejmWMM2384,0.0,0,3,1
1,1.0,0.5226271152496338,1,614qvZZNRxxpBg3ucW1nsPI73,1.0,1,3,1
0,0.5714285714285715,0.7135248184204102,1,2402MAhKxnMmLtfOdk-08LTn3642,1.0,1,3,1
0,0.5263157894736842,0.5527474880218506,1,2694ltreEVbPipuuO8jQ7qct982,1.0,1,3,1
0,0.2857142857142857,0.5956180095672607,1,2961bLOhNS6f8RK3mV6jOtYf3955,1.0,1,3,1
1,1.0,0.3020987510681152,1,1389Ypbz0yiTxHj8sdg8Dd-O714,1.0,1,3,1
0,0.6666666666666666,0.6005353927612305,1,2168J5OIY9_0JcjpUFtF-s8j4178,1.0,1,3,1
0,0.631578947368421,0.5087811946868896,1,1415PPveKUVTi5av3Jj0lvQX641,1.0,1,3,1
1,1.0,0.2515289783477783,1,1235ppKKbTr1utemwebxmtLB3054,1.0,1,3,1
0,0.0,0.2847287654876709,1,1144QjbX5t9wSPKKpoQzUqIM3317,0.0,0,3,1
0,0.3703703703703703,0.6018829345703125,1,663-xYs0_yfqwh5e1vCCBW72968,1.0,1,3,1
1,1.0,0.324617862701416,1,3019slRZYA_GgPxTKTEzhFb_3818,1.0,1,3,1
0,0.4285714285714285,0.4686594009399414,1,1634rEU-bIULINidGaTwrGNb1146,1.0,1,3,1
0,0.6666666666666666,0.3378562927246094,1,2100nzSjCMDd--9Fj7a4NWfz1507,1.0,1,3,1
0,0.3333333333333333,0.3581209182739258,1,631qBhc6tNC5x4jMUP590HD21,1.0,1,3,1
0,0.2352941176470588,0.5804989337921143,1,1542SShgTHmccjRMIaq5sxCR1387,1.0,1,3,1
0,0.0392156862745098,1.1815762519836426,1,622nAKi4as7dtc8Z9eTpkdT49,0.0,0,3,1
1,1.0,0.281503677368164,1,973wD6IGiEh8Dy46Roludyx481,1.0,1,3,1
0,0.0,0.3157870769500732,1,623AhTszwVETU0JVBzClsCl45,0.0,0,3,1
0,0.6666666666666666,0.3626506328582763,1,2122TwBF08fbVn83IOLPGXJ51444,1.0,1,3,1
1,1.0,0.3364691734313965,1,2569SVBHC-JT-ZpiERWOXHiR2453,1.0,1,3,1
0,0.7272727272727274,0.4723436832427978,1,2198b7QHTaEci9ZiP8Jgg9Gb4101,1.0,1,3,1
0,0.7142857142857143,0.3336355686187744,1,1402m18_1bIWy0g2aRhM2xVK679,1.0,1,3,1
1,1.0,0.3004434108734131,1,729ocp-SA5gFg2mOHOi_9bT2803,1.0,1,3,1
0,0.5333333333333333,0.3763823509216308,1,1424eyzMoP7NlT7lLHg-CSKt615,0.0,0,3,1
0,0.3529411764705882,0.491023302078247,1,2680JFom2C2m5B61Zmr5e-xw1022,1.0,1,3,1
0,0.125,0.4260957241058349,1,930cjgSy21jAxSRsOSjGC6K2540,0.0,0,3,1
0,0.6046511627906976,0.5485939979553223,1,1604rg80oUsGty1ShrvBvuRN1226,1.0,1,3,1
0,0.0,0.673614501953125,1,1009Uk9DWEoZIQcw717YJKbT385,0.0,0,3,1
0,0.0,0.3853261470794678,1,2060JRIdb6Jd39yNN2K3FzKd1619,0.0,0,3,1
1,1.0,0.4191093444824219,1,1164S0n8sFxAjOhrJykde65c3260,1.0,1,3,1
0,0.6666666666666665,0.4590816497802734,1,1207HLvv2F6G--J1iG2Sr0GT3135,1.0,1,3,1
1,1.0,0.280670166015625,1,621rUA-y24a2TlBAhZxV8H853,1.0,1,3,1
0,0.0999999999999999,0.4288058280944824,1,974EqHGKum7PKcQ6aiSmCQ1477,0.0,0,3,1
1,1.0,0.2693958282470703,1,2969gQlMvd6FhSZMcTlnE-C13935,1.0,1,3,1
0,0.8,0.2657477855682373,1,905EurUqDl4s2krYgolDdmX2609,1.0,1,3,1
0,0.1176470588235294,0.779477596282959,1,2226GKXgfMEXDLjamZ5nzPFh4031,0.0,0,3,1
0,0.7000000000000001,0.4913783073425293,1,11609irFw-wvr48-kAG66MW13269,1.0,1,3,1
0,0.2857142857142857,0.6187911033630371,1,2107cMmJ6oXMn_tX8EiA1_Qh1486,1.0,1,3,1
1,1.0,0.3976449966430664,1,2685B8bjO_bSgF7yP_RE9FZq1006,1.0,1,3,1
0,0.6666666666666666,0.2160167694091797,1,2972anHdG1TwBtQaRXhi-WEK3929,1.0,1,3,1
0,0.4444444444444445,0.5558743476867676,1,1426bEr-N4c6lQoKgO9HYKbw610,1.0,1,3,1
0,0.5555555555555556,0.4862987995147705,1,2471B8agFup8-O0sKzC9wV521850,1.0,1,3,1
0,0.5454545454545454,0.4978716373443603,1,2132y4UclYrIoM9EfY6q0cLU1413,1.0,1,3,1
0,0.0,0.5111289024353027,1,24900ppOWI96tjRkMOIpDwu01807,0.0,0,3,1
1,1.0,0.289109468460083,1,2721Lisb2VI4t962p0mF1ytc909,1.0,1,3,1
0,0.7272727272727273,0.454949140548706,1,1526rfIPgkgJxKRdDsBSn4dn1957,1.0,1,3,1
0,0.5714285714285714,0.6187453269958496,1,1365-1b52ot7eMMf3SsA9c4Y776,1.0,1,3,1
1,1.0,0.276543378829956,1,1236uLGJLEnlgvBpRt41BaBc3052,1.0,1,3,1
1,1.0,0.2722747325897217,1,720KTE_TQ-QFGgw12_NY6_52826,1.0,1,3,1
1,1.0,0.2148003578186035,1,706AosvIWS6eJlQTL0dwYt92864,1.0,1,3,1
0,0.4444444444444444,0.3460383415222168,1,1422TMMS8B78H0eLNKZ9OcN2620,0.0,0,3,1
1,1.0,0.4669573307037353,1,1422Mg4SCjSUB1ipbjJhHLQV621,1.0,1,3,1
0,0.2962962962962963,0.7208480834960938,1,17779GFc1mSj52FnFT87uHXQ3483,1.0,1,3,1
0,0.7272727272727273,0.3227560520172119,1,11746LEaHokgyCbOjGtlxB_P3041,1.0,1,3,1
0,0.5,0.604250431060791,1,1818O8BoyzdI3tIZTlZQX7MJ3390,1.0,1,3,1
0,0.25,0.3470203876495361,1,1558USBzQpgdUWBcaUu8vmKq1344,0.0,0,3,1
0,0.8275862068965517,0.6157140731811523,1,1000oBQNQPnj4fxpXtFV1g0J409,1.0,1,3,1
0,0.0,0.4787354469299316,1,99301Zg9cGHX9Gf1_cI5mfK421,0.0,0,3,1
1,1.0,0.2225821018218994,1,538gLSK6-g0JoLk6sK3uauP1,0.0,0,3,1
1,1.0,0.2747218608856201,1,2444VM3M-Xnaa4T5rEXxP45X1908,1.0,1,3,1
0,0.0,0.4400854110717773,1,859Wx92OGcZsIZiYdTGB0c42720,0.0,0,3,1
0,0.6250000000000001,0.4373619556427002,1,560MF12O77E_fY17pny7AZ4228,1.0,1,3,1
0,0.3636363636363636,0.3625836372375488,1,26213tScNqi5jq-dNNpY17aB2357,1.0,1,3,1
0,0.5333333333333333,0.5328280925750732,1,2737RMEUrJ3xYCVvFcnOOJEr864,1.0,1,3,1
1,1.0,0.3657259941101074,1,2103yuSnngKYn9n8F_U1xOr51499,1.0,1,3,1
0,0.3999999999999999,0.6008257865905762,1,2231MtCQ0XFs-HZtPZNxWWWA4016,1.0,1,3,1
0,0.9523809523809524,0.5428404808044434,1,999ChWxJrv-Gaq3aLTh_nDS411,1.0,1,3,1
1,1.0,0.2810850143432617,1,1984InJu5XFguodK1Khic6FC2233,1.0,1,3,1
0,0.4444444444444445,0.4524323940277099,1,21208xkL7JG9a1slm1tkqySv1449,1.0,1,3,1
0,0.0,0.3762686252593994,1,13478wbUw8r6jR2KkJ83tRNT831,1.0,1,3,1
0,0.0,0.541034460067749,1,2377URm8qpovSm3ZcmknWYzr3693,0.0,0,3,1
0,0.5,0.5100650787353516,1,6939iIjtQY3HqIf5Qu5LXfF2892,0.0,0,3,1
0,0.2142857142857142,0.6282715797424316,1,1399HAUAi3igcRp4kaiXBS34690,1.0,1,3,1
1,1.0,0.2231917381286621,1,1026WzEnlc2VTVNnEnERoTej338,1.0,1,3,1
0,0.0,0.3168449401855469,1,255102VMp0rT3lE5qKZReHI62486,0.0,0,3,1
0,0.5,0.2987611293792724,1,17388L0pXFkN6Wb2CQAgtWsF3590,1.0,1,3,1
1,1.0,0.2202117443084716,1,2631M_1rjE6k2YLouvowQoHJ2333,1.0,1,3,1
0,0.3265306122448979,1.0561912059783936,1,2658kpZ5jhLWnxu93y4HPmEB1085,1.0,1,3,1
1,1.0,0.2456910610198974,1,959BpQsgOmBWm76KB_O0Xj6522,1.0,1,3,1
0,0.1568627450980392,1.2042958736419678,1,2671UDFIl4lCabvUQRbVginc1048,1.0,1,3,1
1,1.0,0.2556819915771484,1,1620Y8fkMMEFeacdhhiKGcCu1180,1.0,1,3,1
1,1.0,0.323594331741333,1,2066O6hlUGaIYvZETBnkVTKJ1601,1.0,1,3,1
0,0.2068965517241379,0.7746403217315674,1,595rx4ZMYA14adC3NekLAhW124,1.0,1,3,1
0,0.5882352941176471,0.4824497699737549,1,1433yR4Rdyzq9ZDjN6qZOB3K593,1.0,1,3,1
1,1.0,0.2578837871551513,1,1828sgAztXiBXjB8fDJEJjCn3365,1.0,1,3,1
1,1.0,0.4115777015686035,1,2189nmSYagbAhBJHMcqwdIko4123,1.0,1,3,1
0,0.0,0.6933050155639648,1,1550GzjCBajsuSw_Bnhtl8WB1367,0.0,0,3,1
1,1.0,0.2327768802642822,1,1138ZNoiRj9WSt8xu5xKiclJ3335,1.0,1,3,1
1,1.0,0.2836627960205078,1,6595tSoej6eNamN_ekXU3W-2979,1.0,1,3,1
0,0.6666666666666666,0.2857623100280761,1,2012U7knoAxwFk_Ns1NGidQE2188,1.0,1,3,1
0,0.6666666666666666,0.4438707828521728,1,2608ntJl4AFAduDIt0AYknjI2372,1.0,1,3,1
0,0.6,0.3657670021057129,1,2587WZtb-G91TcjATusTTjeN2422,1.0,1,3,1
1,1.0,0.2726423740386963,1,1757EM0iCe2_7c-3VFdC07DP3532,1.0,1,3,1
0,0.2608695652173912,0.633324384689331,1,943d0SQ0AVbboY5BqJgbsaF570,0.0,0,3,1
0,0.1999999999999999,0.5750043392181396,1,2088g4bX7vmX1hWfKvtOIJDZ1539,1.0,1,3,1
0,0.0,0.315176248550415,1,861-dKB_3BSzYCaSTRw8Av_2716,1.0,1,3,1
0,0.8333333333333333,0.6748099327087402,1,13633aQsS5iKERyNB367GWVH781,1.0,1,3,1
0,0.0,0.390740156173706,1,2517lXXoQUIKbal6xfNNtVAn1743,0.0,0,3,1
0,0.375,0.7856383323669434,1,24900ppOWI96tjRkMOIpDwu01808,1.0,1,3,1
0,0.25,0.3894615173339844,1,2407RuK1Iv95cime4WWdGNoB3634,1.0,1,3,1
0,0.2222222222222222,0.5414080619812012,1,13441C2N2xP14JB_ucyRSeEL839,1.0,1,3,1
0,0.2857142857142857,0.5648539066314697,1,2477JtT30EyGVCGC3ayc5fzB1832,1.0,1,3,1
0,0.0,0.3563990592956543,1,27369KmtE4DmLS1oS6IXm0CV865,0.0,0,3,1
0,0.7200000000000001,0.4914593696594238,1,2341RZKrT1tVXnFFp5DSNowl3778,1.0,1,3,1
1,1.0,0.2907578945159912,1,982n1tOmLbrP0Rw2f7q4phE454,1.0,1,3,1
0,0.3529411764705882,0.7947366237640381,1,1591ek7O19h74ATqsHjdtFUz1259,1.0,1,3,1
1,1.0,0.2189013957977295,1,599uREx6nun3gOEAd8YzR5s113,1.0,1,3,1
0,0.6666666666666666,0.5726354122161865,1,2699X1S6-twcNf9a_nUx5WE-965,1.0,1,3,1
0,0.0,0.3505861759185791,1,1976MfIZ7mAEpNhCSa8Y04ek2241,0.0,0,3,1
0,0.6,0.5018312931060791,1,2093euyG67o3cVGqrsSPrCbI1524,1.0,1,3,1
1,1.0,0.2178122997283935,1,2699Ur-0JL1NVhl8H0B2lH-a966,1.0,1,3,1
0,0.0,0.810126543045044,1,628A_ztdoD85Pm7Hd6Uv2TF32,0.0,0,3,1
1,1.0,0.2575564384460449,1,892B8GiS_zkJfKANp04UQhD2650,0.0,0,3,1
1,1.0,0.2711172103881836,1,1576P214oupErvTP6090GMli1302,1.0,1,3,1
0,0.0,0.4724247455596924,1,1589Jf5bV_UCDf13dAps7IiI1264,0.0,0,3,1
0,0.0,0.3481233119964599,1,19396Yot6utxeGieo9MuRrBB2323,0.0,0,3,1
0,0.0,0.5418856143951416,1,1509gKJxAthX1pquVrt7KPXD2003,0.0,0,3,1
1,1.0,0.339771032333374,1,16127RJnwPcCuQ2L6JWAn7Rd1203,1.0,1,3,1
0,0.7692307692307693,0.4275305271148681,1,20893J7zds0fTmdwGScrXxYe1537,1.0,1,3,1
0,0.1538461538461538,0.5998611450195312,1,1226lhx09f1Jk4OiDQlGU8Bp3077,0.0,0,3,1
0,0.32,0.6132857799530029,1,1380vA5P1fp-1XlZm7dLip3Q737,1.0,1,3,1
0,0.2222222222222222,0.2761464118957519,1,1600ywzg9ULBGI5IAxrJ6foM1237,0.0,0,3,1
0,0.0,0.4618558883666992,1,25486Lhd5Z1MU0Q4sN3I3mAT2493,0.0,0,3,1
1,1.0,0.3418605327606201,1,1961WznZwsht9W-Z6W6_FmvR2272,1.0,1,3,1
0,0.4444444444444445,0.3375272750854492,1,1459UR8_3lYqpJzzqkoNN5si2093,1.0,1,3,1
0,0.9090909090909092,0.3719708919525146,1,846dI6s8NANbI0cXEx7WJXa2760,1.0,1,3,1
0,0.8571428571428572,0.617631196975708,1,25839ctSBP_9ircmR2x3MPam2428,1.0,1,3,1
0,0.35,0.7388787269592285,1,1500Z1H9hCVclLHKdcfBz5gq2021,1.0,1,2,1
1,1.0,0.2812693119049072,1,878Tp76n2ZpjK1LVAz5F3Mg2679,1.0,1,3,1
0,0.9090909090909092,0.443187952041626,1,61542RmhOWwUxAJySFjDV7169,1.0,1,3,1
0,0.6896551724137931,0.6614539623260498,1,25316jqKhJvYVlP1H8PWC21S1701,1.0,1,3,1
0,0.0,0.7990918159484863,1,160035MUpGMSLbaV6XDg1y7j1235,0.0,0,3,1
0,0.125,0.9254567623138428,1,1198tKDggSEgfewI5IGaBL7o3163,1.0,1,3,1
0,0.5714285714285715,0.3069982528686523,1,1767ntexZ4EBPQrmdM1oWDDE3503,0.0,0,3,1
0,0.5217391304347826,0.4185307025909424,1,2957RON0RMexHAq6R8NDth-G3968,1.0,1,3,1
0,0.8333333333333333,0.3926401138305664,1,574T3IVyhdGf2qyfbl0GBBS188,1.0,1,3,1
0,0.3076923076923077,0.5084612369537354,1,1210NBV6o_IHthJvbrF9UTR43125,1.0,1,3,1
0,0.0,0.475006103515625,1,541Cbn85P-zf8lq0QHtgjf9286,0.0,0,3,1
0,0.0408163265306122,0.9934985637664796,1,1413DwMlffwkzBlmmDWhZmvt647,0.0,0,3,1
1,1.0,0.2649056911468506,1,1451JJuYQ7gSCXBvwOXzxUO72112,1.0,1,3,1
0,0.9090909090909092,0.3659653663635254,1,995Mjg3IZGW2wc7ddFCk8vg418,1.0,1,3,1
0,0.1333333333333333,0.479053258895874,1,1606ixCVPmgAtLujhTmR7TkV1221,1.0,1,3,1
1,1.0,0.385157823562622,1,2561RPearP2qJJF5nNBvVQ1L2468,1.0,1,3,1
0,0.5,0.246826171875,1,1768Z2ygW_eEOpHjb3kiiamC3500,0.0,0,3,1
0,0.4,0.4937536716461181,1,2177s_UTFrhmrwcK9Ti7MMiR4149,1.0,1,3,1
0,0.2666666666666667,0.514836311340332,1,2049EiSr8AWG9INgthccDLTD1651,1.0,1,3,1
1,1.0,0.3074660301208496,1,1811paAxUvt29OX8E8chhsNQ3408,1.0,1,3,1
0,0.3636363636363636,0.4792447090148926,1,848WrFnYlhM_1QL8XRIK-nh2753,1.0,1,3,1
0,0.5,0.2754716873168945,1,30233J2ge9fEFX4YilpwWlsN3810,1.0,1,3,1
0,0.0689655172413793,0.7129948139190674,1,1402lC19R9T2_nXZynvxL_uJ680,0.0,0,3,1
0,0.8,0.2946822643280029,1,2724NPCyZgqx0x1F1XrTUaPC900,0.0,0,3,1
1,1.0,0.2802076339721679,1,1395li3pr9py0l2amb_zMeDF702,1.0,1,3,1
1,1.0,0.4249894618988037,1,2071kHxLVZsdxtm6xVPXQcML1589,1.0,1,3,1
0,0.1818181818181818,0.3045506477355957,1,1430c-EOOP47sw8eHQFzvYMg599,0.0,0,3,1
0,0.6666666666666666,0.3023996353149414,1,555vNOKr31rXFMkfzB62TYz244,1.0,1,3,1
0,0.8,0.3458161354064941,1,1433yR4Rdyzq9ZDjN6qZOB3K592,1.0,1,3,1
0,0.2285714285714285,0.8059961795806885,1,2646TB5mc-c2hplG5koqTh501117,0.0,0,3,1
0,0.4615384615384615,0.5451197624206543,1,5601RlVQQ13ZMVNw8QCNW6F230,0.0,0,3,1
0,0.75,0.388981819152832,1,974vUVNFZZhK9Vx9yosXwyz479,1.0,1,3,1
1,1.0,0.2881143093109131,1,1564Kq9tsrgH8Jhl4M51Udxu1326,1.0,1,3,1
0,0.0,0.9138531684875488,1,1744p6ivEreYdqU2OaXpqwiv3570,0.0,0,3,1
0,0.3,0.5172502994537354,1,2723xU3JSCsI93Jmzi12bo8-904,1.0,1,3,1
0,0.2758620689655173,0.6323518753051758,1,884Pnp87xexk_HDsVBlYF5I2663,1.0,1,3,1
1,1.0,0.2985479831695556,1,947IWARdGEJfenHq_CeVA2F560,1.0,1,3,1
0,0.25,0.3807344436645508,1,2648m9dA7rTQjYDXrTlBjn3C1110,0.0,0,3,1
1,1.0,0.403278112411499,1,642t90xpp6PDsZFZ-bpxEez3027,1.0,1,3,1
0,0.2857142857142857,0.5664064884185791,1,643hOw7cSZHnFDg9xSl_9rX3024,1.0,1,3,1
1,1.0,0.2676100730895996,1,15208OmvhIK608dqFRGSSOAV1973,1.0,1,3,1
1,1.0,0.2121863365173339,1,646uZynkMYdhv1JIw-EffYb3014,1.0,1,3,1
0,0.0,0.3708958625793457,1,1590-CJsFDfqrQDqYkRsJ56N1263,0.0,0,3,1
1,1.0,0.2646689414978027,1,2482zF1QFZ7wKsNuHZ2WclJt1822,1.0,1,3,1
1,1.0,0.2680604457855224,1,725i6Izvs08W85ROtPNlm8D2813,1.0,1,3,1
0,0.8571428571428571,0.2863647937774658,1,1827xEul6GY6VzOmjE6YoZOI3370,1.0,1,3,1
0,0.4800000000000001,0.5034744739532471,1,2633pAGBUWzG9zIDRrNR6L1c2329,1.0,1,3,1
1,1.0,0.3247244358062744,1,19488Pr6RoX5NaT1BWOrfb8b2303,1.0,1,3,1
0,0.3636363636363636,0.3615844249725342,1,1195HMcObf-c2jk9nuqNKiuu3172,1.0,1,3,1
0,0.3333333333333333,0.4894182682037353,1,12200qHzxeIvvsd2YVZemdY03095,1.0,1,3,1
0,0.5185185185185186,0.5539596080780029,1,2661cQb_J106ssSoX5Fgydo71078,1.0,1,3,1
0,0.0833333333333333,0.5254111289978027,1,979XmKqsJdLFW1bLDI7o-pE462,1.0,1,3,1
1,1.0,0.2750060558319092,1,1802qwccQwTwwKaDVreksqJf3429,1.0,1,3,1
0,0.1818181818181818,0.3358609676361084,1,1491cxn7v5v-T_iOJDwW9EYs2031,0.0,0,3,1
0,0.2857142857142857,0.5186481475830078,1,728rJ1xbwc5Igz_rb47z10k2805,0.0,0,3,1
0,0.6153846153846153,0.423363447189331,1,1755HI8OTnHY7Nm5CeIuPLTN3538,1.0,1,3,1
1,1.0,0.3060653209686279,1,2714-Q-L_ocw1wqi2vTyKgJx927,1.0,1,3,1
0,0.6666666666666667,0.4507567882537842,1,2196RcteK2m9GTjJgXROQiPI4108,1.0,1,3,1
1,1.0,0.2694594860076904,1,2198RDJBzVmoid4rc0bik_oO4103,1.0,1,3,1
0,0.8,0.4089818000793457,1,2706YR-uI3zypKwmJN4tmzOG947,0.0,0,3,1
0,0.0,0.2836432456970215,1,660LK3Me9by6QtGlAhc9ZgG2978,0.0,0,3,1
0,0.1176470588235294,0.8213684558868408,1,3010uRwouEtYjEBKkqRcq7rz3839,1.0,1,3,1
0,0.7499999999999999,0.2983672618865967,1,2152-7ZSgzVAfI8TDcdpWpW94219,1.0,1,3,1
0,0.2,0.2984862327575683,1,538JJQ5E24giegHnAwK6q8U0,1.0,1,3,1
1,1.0,0.2457447052001953,1,2495cQqgzzooS13bDr8Ph6Gf1795,1.0,1,3,1
0,0.4444444444444444,0.4998865127563476,1,1425TtGxf2tlcnPvhwxputXV614,0.0,0,3,1
0,0.4285714285714285,0.6540102958679199,1,121369XOrczL-kMaDwwgO02A3116,1.0,1,3,1
0,0.1111111111111111,0.4257311820983886,1,2375ik4L_hJmM72qf0e1dYMH3698,0.0,0,3,1
0,0.4,0.3297388553619385,1,1808axaZNmCFiRMbaxN7F0Eh3418,0.0,0,3,1
1,1.0,0.298433780670166,1,2678-vJB_o0WGULsRqF2El1t1029,1.0,1,3,1
0,0.4615384615384615,0.4713373184204101,1,841hinfHVUUAR8bWXtEBCsQ2776,1.0,1,3,1
0,0.1666666666666666,0.4217293262481689,1,2048CtOjaqKkCnfN40uLcP5L1652,1.0,1,3,1
0,0.5925925925925927,0.729691743850708,1,2171AVNXiBd6GfXxQ8eqM1vd4168,1.0,1,3,1
0,0.0,0.7426121234893799,1,2096f8W6RON65FxesZktnJ621515,0.0,0,3,1
0,0.0,0.319896936416626,1,724vcyS179ODvzR7GgFuf342817,0.0,0,3,1
0,0.4666666666666666,0.748460054397583,1,577J1_2EkXjvWVxk6PCwOXP178,1.0,1,3,1
0,0.0,0.4961891174316406,1,2186ULHrp_lvPj5LDBoeTtdH4131,0.0,0,3,1
0,0.1428571428571428,0.4047224521636963,1,262821L4N7qZnsAQ8yXausca2342,1.0,1,3,1
0,0.846153846153846,0.5596678256988525,1,2687wsGAHxfopUhAw18YbVRI1000,1.0,1,3,1
0,0.8333333333333334,0.5263383388519287,1,2646TB5mc-c2hplG5koqTh501118,1.0,1,3,1
1,1.0,0.2833418846130371,1,1951HRAy-63r-iYmzz_OIMwm2295,1.0,1,3,1
1,1.0,0.3258013725280761,1,1532jmPrtawUKEP8PbFN0KA51942,1.0,1,3,1
1,1.0,0.4368481636047363,1,1440tJiNSRh2yn6L1Bpe-Z2O2134,1.0,1,3,1
1,1.0,0.2672452926635742,1,575_whZmLvyvEEXouWkoc8Q185,1.0,1,3,1
0,0.2352941176470588,0.7798388004302979,1,2512lEhovFhT11eis4TwjWj61754,1.0,1,3,1
1,1.0,0.3349411487579345,1,2604w8Y2Cl6uiR5M0-ejmWMM2383,1.0,1,3,1
0,0.25,0.5449633598327637,1,25219t08QQEFWvS8eYsekPUS1730,0.0,0,3,1
1,1.0,0.2578868865966797,1,1751kG4ZgRcpVW2reI1_s3123551,1.0,1,3,1
0,0.3636363636363636,0.6377279758453369,1,960o6-E-_ISeh5lV6FHiD34520,1.0,1,3,1
0,0.0,0.2587826251983642,1,1616QzaVp9mutwg1uh2jzwdO1192,1.0,1,3,1
0,0.2857142857142857,0.7856783866882324,1,2187B0sWPT98eVpnAmdk_adu4128,0.0,0,3,1
0,0.0,0.5757694244384766,1,1536mI_d8jtM2jw9hUxzP9iL1929,0.0,0,3,1
0,0.6666666666666666,0.3496932983398437,1,1947A5MF0NJR55TokdQfbhca2307,1.0,1,3,1
0,0.4,0.3936009407043457,1,2485wQdQwDnk4yk5FdBXXmhj1815,1.0,1,3,1
0,0.0,0.5408957004547119,1,2070ak7o05iYQKrCn9M9TwT31592,0.0,0,3,1
1,1.0,0.3604309558868408,1,2106VMTbOKIT8LUZtIXhHKmi1490,1.0,1,3,1
0,0.0,0.4123132228851318,1,66120RRLn0zmV3MwnNHl6_h2974,0.0,0,3,1
0,0.6666666666666666,0.3530805110931396,1,882RL4zKg1IQbdwrUdiW2uc2668,1.0,1,3,1
1,1.0,0.3095071315765381,1,1579OPjVMaCxctlZmUpiZzrp1293,1.0,1,3,1
1,1.0,0.4060828685760498,1,1159_3BLEoNo6JC3PQD3lhm_3274,1.0,1,3,1
1,1.0,0.3357884883880615,1,2131ThABbwh5RS-HlVdmLPDZ1417,1.0,1,3,1
1,1.0,0.415135383605957,1,2021CWT7r6wMcqbzHWF5IBs12171,1.0,1,3,1
0,0.5517241379310345,0.6158475875854492,1,1823Eoxuy7YeAaFwIKLgSxRm3381,1.0,1,3,1
0,0.1538461538461538,0.5767638683319092,1,1569FwzJ_LvmO5rW73WzT8541311,0.0,0,3,1
1,1.0,0.3550355434417724,1,2172mjXN9cse5myRvOdHKPXb4166,1.0,1,3,1
0,0.0909090909090909,0.5683131217956543,1,3016XnYJU0PvEDVmTUPXywfh3826,1.0,1,3,1
0,0.0,0.2453043460845947,1,15387Blg_wJjcZbkwAdg3ihT1399,0.0,0,3,1
0,0.4,0.2726678848266601,1,2965ZcSt1DSsDVrBS8zreyMW3946,1.0,1,3,1
1,1.0,0.5219290256500244,1,1183jSSsRsBAdPZ3YbN6lTA63206,1.0,1,3,1
1,1.0,0.3105204105377197,1,24325JvjgPXosVnug4HXcsdC3598,1.0,1,3,1
0,0.5,0.6318662166595459,1,2588tXgAWa0hfqLa7dv034Sk2420,1.0,1,3,1
0,0.0,0.3066346645355224,1,545m8hikbi_76zd990QYmmK274,0.0,0,3,1
0,0.761904761904762,0.6123688220977783,1,2133l3pjWfCkZZOCX5jvmzSB1411,1.0,1,3,1
1,1.0,0.4623887538909912,1,1030cFCd9o4jSm3pwYZj572K326,1.0,1,3,1
1,1.0,0.3877193927764892,1,1471q7bJiZQDI20zdeWOjTxp2066,1.0,1,3,1
0,0.6666666666666666,0.2787888050079345,1,1220telOq3nKQ9I7IlLmxhq53097,1.0,1,3,1
0,0.888888888888889,0.2739100456237793,1,1158byH939tSa-y6piPB33qI3275,1.0,1,3,1
0,0.6153846153846153,0.4672970771789551,1,2143rWgXIxnPTtsFFOBT0X5t4243,1.0,1,3,1
0,0.2666666666666666,0.4881043434143066,1,1010HNqYCv68G7N_CQVNh43m382,1.0,1,3,1
0,0.5,0.3616070747375488,1,588NyHE4CBeocNT0p36WOjf144,1.0,1,3,1
0,0.0,0.2885637283325195,1,2353LXtRRUsp_KUtkJvbyF5G3749,0.0,0,3,1
0,0.0,0.4145591259002685,1,2606wggZxTDXC27kXBM1nOHp2377,0.0,0,3,1
0,0.0,0.3542909622192383,1,2125V8N_l5QntOTnTrzc20WM1434,0.0,0,3,1
0,0.7999999999999999,0.721818208694458,1,2185kJh_nrTH_U4b39Vcv8ax4132,1.0,1,3,1
0,0.5,0.2753148078918457,1,2376URQldjysl6l8eVv3nAMJ3695,1.0,1,3,1
0,0.3333333333333333,0.4216673374176025,1,1384pGKRecF-Gb_z9zzAv2JJ724,0.0,0,3,1
0,0.8750000000000001,0.4284446239471435,1,2148ORbgn9xAFsNQtzXY__rj4227,1.0,1,3,1
0,0.0,0.7074019908905029,1,621rUA-y24a2TlBAhZxV8H852,1.0,1,3,1
0,0.1428571428571428,0.4006161689758301,1,597Erm8rlfIbk1-dOAX1x_d117,0.0,0,3,1
0,0.3888888888888889,0.7362236976623535,1,2439wUboO5ra35vEgdGIev-11921,1.0,1,3,1
0,0.1111111111111111,0.405353307723999,1,2229yjbOaiHjJ3l8FpptH4HW4022,0.0,0,3,1
1,1.0,0.2880697250366211,1,644VW80Ih4W_8lT57dCnHAu3021,1.0,1,3,1
0,0.2941176470588235,0.8609395027160645,1,888N5fO999xna1Xo8EzSka72654,1.0,1,3,1
0,0.4615384615384615,0.488828182220459,1,2588DwrxR7iNWl5O2r3FLLSK2419,1.0,1,3,1
0,0.5555555555555556,0.4297380447387695,1,1206pt-2ozhsCeZeJuJZ11Ii3139,1.0,1,3,1
0,0.0,0.2477777004241943,1,2173oSldYZR3JLWnzYW3O77H4161,0.0,0,3,1
1,1.0,0.2741668224334717,1,2960UnXl4G14Yymd8PXaR5Uk3960,1.0,1,3,1
0,0.6857142857142857,0.6330623626708984,1,266732gpl8X-FjP8gjcwzw2z1061,1.0,1,3,1
0,0.1818181818181818,0.6676571369171143,1,29552yyd0Gev5Q7THSvvmMm23972,1.0,1,3,1
1,1.0,0.3137991428375244,1,1023GZ3dln2t0HzaDV2xwSoN346,1.0,1,3,1
0,0.064516129032258,0.820115327835083,1,2675-gwBiwWZVyjWDUu4p4cd1038,0.0,0,3,1
1,1.0,0.2304577827453613,1,860q2h_WxoUUCbtkWt_rIm62718,1.0,1,3,1
1,1.0,0.3638017177581787,1,19734HA-piKOQCj9cOheHeMR2249,1.0,1,3,1
0,0.5,0.8401036262512207,1,3020ZTgHQCHhDPV1YzPtr7cD3816,1.0,1,3,1
1,1.0,0.3968231678009033,1,2483B0xaJU5Jx1Cz2l8ywdGS1818,1.0,1,3,1
1,1.0,0.4023888111114502,1,2237eotzWAE9no45Pa9ifZYj3999,0.0,0,3,1
0,0.6,0.3925886154174804,1,1489IFn4GWsL1jHdBDB-a94E2035,0.0,0,3,1
0,0.0,0.3172857761383056,1,2167979S1AzMJxecio9-6zel4180,0.0,0,3,1
1,1.0,0.3479909896850586,1,933f51SxFqN5EEdYugeQFhF2532,1.0,1,3,1
1,1.0,0.3310058116912842,1,2147SEz1hmjhUpcGuddz5WUk4231,1.0,1,3,1
0,0.5454545454545454,0.4450466632843017,1,2195QSRuAqfW7wcL0yDgHAqi4112,1.0,1,3,1
0,0.0,0.4519491195678711,1,2127j4vlim-EJ7C9hksd0XEG1429,0.0,0,3,1
1,1.0,0.3477902412414551,1,2678lDTDQx4d-wy7YI9o8k621027,1.0,1,3,1
0,0.0,0.8711521625518799,1,21855lm1aeumxPgLxhAZ4rsM4133,0.0,0,3,1
0,0.5454545454545454,0.3913116455078125,1,2654A6DJuqUHYjllfqY66FZQ1097,0.0,0,3,1
0,0.2857142857142857,0.5756402015686035,1,2116zZq6HMYtTo0CQinn_k-41459,1.0,1,3,1
0,0.3809523809523809,0.6384031772613525,1,134108m1Km6HBkINwlourrYc849,1.0,1,3,1
0,0.1111111111111111,1.0987119674682615,1,620K1_aZyohd-7lRb7mTttb56,0.0,0,3,1
0,0.2105263157894736,0.5931766033172607,1,2474wQkjUyyx7GnHZpL3Deaq1840,0.0,0,3,1
0,0.48,0.5816268920898438,1,11737vcT3qwp_gJxVFslucFe3235,1.0,1,3,1
0,0.8,0.3329133987426758,1,10361heR9e1kTvvo1NiiW5Ae308,1.0,1,3,1
0,0.0,0.2695515155792236,1,2606wggZxTDXC27kXBM1nOHp2378,0.0,0,3,1
0,0.4571428571428571,0.686748743057251,1,2232C9tE6pI8bHZ63YEfofZm4013,1.0,1,3,1
0,0.0,0.15761399269104,1,730-sg8DQC7Q6MNsKvBhO3l2800,0.0,0,3,1
1,1.0,0.2966694831848144,1,2498Ntl0yuQwIc1zcFl2LEt61786,1.0,1,3,1
0,0.5,0.2350859642028808,1,1509gKJxAthX1pquVrt7KPXD2002,0.0,0,3,1
0,0.6,0.3863749504089355,1,1603faGMdBUg02YqijMJnA3w1230,1.0,1,3,1
1,1.0,0.2617135047912597,1,657VFHiQ4-7Kz6tz_vms0Uo2985,1.0,1,3,1
0,0.5,0.301609992980957,1,2063xkIouWNgoRjOGLoCZ1bE1612,1.0,1,3,1
0,0.3529411764705882,0.5219089984893799,1,134108m1Km6HBkINwlourrYc848,1.0,1,3,1
0,0.5,0.3766825199127197,1,651fsZ9lTWd449M33QOudtw3001,1.0,1,3,1
0,0.0,0.2990438938140869,1,2977bAR1UUAdut5SZn4bYC9-3917,0.0,0,3,1
1,1.0,0.3735451698303222,1,30097-Lb9tKHWA_8Z-1p8-LH3842,1.0,1,3,1
0,0.5,0.6339981555938721,1,2979WuXci60uJEdQnVCd4Xjn3912,1.0,1,3,1
0,0.1428571428571428,0.508929967880249,1,2941qGbMTO0mozvc2N-D8Ll13996,0.0,0,3,1
0,0.5,0.2309553623199463,1,705nABbOAzpYWFGNrPSDwL22867,0.0,0,3,1
0,0.4285714285714285,0.63728928565979,1,850EvvWq5cM1pQg86O2yHNg2749,1.0,1,3,1
1,1.0,0.3546051979064941,1,2052CjMDg4rKssIF2dZJmzem1644,1.0,1,3,1
1,1.0,0.3390414714813232,1,1345ag1pnM8TapsP64bzpQa0835,1.0,1,3,1
0,0.0,0.5374224185943604,1,8800eSsNgilzH8vuQNt4Jml2674,0.0,0,3,1
0,0.25,0.3042740821838379,1,1001W57bXvzsU7BsCan0XmdL407,0.0,0,3,1
0,0.0625,0.802513837814331,1,2456mSRZvgWGRhYDDkRPL2f41882,1.0,1,3,1
0,0.7000000000000001,0.4504027366638183,1,2391ePMyIq2X1JLq1967u6CY3667,1.0,1,3,1
0,0.5263157894736842,0.48653244972229,1,2718prFY56JKafzui1OKyt46915,1.0,1,3,1
0,0.380952380952381,0.4504082202911377,1,2470-I0Ycn3m1ADgtmf8Qlse1851,1.0,1,3,1
0,0.5,0.5154294967651367,1,2369Df519g_V8jVHWQoP3PG93711,1.0,1,3,1
0,0.0,0.3595945835113525,1,20388Up5mLcWdYU-WNmLJdtF1684,1.0,1,3,1
1,1.0,0.4097409248352051,1,1781sbFFllrurUSJ_Gr41cCI3471,1.0,1,3,1
0,0.8750000000000001,0.3939669132232666,1,11810pNzis8O7iMe4D0TXLLB3214,1.0,1,3,1
0,0.0,0.2008163928985595,1,1443QN39Ck2EQtKHwrv95Fdo2123,0.0,0,3,1
0,0.0,0.4049437046051025,1,8800eSsNgilzH8vuQNt4Jml2673,0.0,0,3,1
0,0.923076923076923,0.3356037139892578,1,1561CHAGkVck74VVUABuSAwY1334,1.0,1,3,1
1,1.0,0.2974879741668701,1,2387-M6jRmAUm0dwueCkUyJl3674,1.0,1,3,1
0,0.6666666666666665,0.3481860160827636,1,2503mD8qIsdD1SDE74Qh-IaF1772,1.0,1,3,1
0,0.7272727272727273,0.356304407119751,1,1795SmUM72qvYEGcEDAoWbE73443,1.0,1,3,1
1,1.0,0.3113784790039062,1,1470cJbPNG5jp6U76xnNSz1N2069,1.0,1,3,1
0,0.0,0.4373364448547363,1,683qZh2hIeeIAW7sEw3xRoe2916,0.0,0,3,1
1,1.0,0.2777965068817138,1,1037pwf13W4KYglfjZucyzMr303,1.0,1,3,1
0,0.8,0.270003080368042,1,2697v70pWXgc-DSg0veQwf_g973,0.0,0,3,1
1,1.0,0.3475580215454101,1,1565GCwUFVbdCdhcZ_GOztSL1323,1.0,1,3,1
1,1.0,0.2187175750732422,1,676GKGz4YMI2p0rgqxkFts72937,1.0,1,3,1
1,1.0,0.3387537002563476,1,2554mt4e_yJYeBYxqGIR5ybl2481,1.0,1,3,1
1,1.0,0.3789780139923095,1,1591ek7O19h74ATqsHjdtFUz1260,1.0,1,3,1
0,0.5454545454545454,0.4186506271362304,1,19743Coi1jS_QPbxu2FRk8LC2246,1.0,1,3,1
0,0.0,0.3649046421051025,1,954ewPFqe0IjyBJN77y7QiK538,0.0,0,3,1
0,0.1904761904761905,0.7814626693725586,1,2602Qiq4iutdiApDxWf40xp42390,0.0,0,3,1
0,0.6666666666666666,0.3730783462524414,1,2968C7LlqUnuO2Rpg_LoWMAj3937,1.0,1,3,1
1,1.0,0.2788717746734619,1,1225RCrAx9wJxpkVXOhgrIVp3081,1.0,1,3,1
0,0.5,0.2937409877777099,1,596zM0R2OmIzgkB1SbT2GQk121,1.0,1,3,1
0,0.16,0.5298647880554199,1,988FErcpJAvfdvuXzhk1d2j435,0.0,0,3,1
0,0.3333333333333333,0.3456969261169433,1,1230GUOhXat97Yr3ZBs4FTgR3066,1.0,1,3,1
0,0.0,0.2025036811828613,1,945tBlPoKsnHp4m96z6_5la565,0.0,0,3,1
1,1.0,0.4466872215270996,1,27385FnxYBX7geCrqoYaZeLD859,1.0,1,3,1
0,0.5517241379310345,0.5187416076660156,1,1216KGsfCkgqupDitvDzZvvn3109,1.0,1,3,1
0,0.8275862068965518,0.4861283302307129,1,2449MJsvA7muVLQFQ3PIvYxW1896,1.0,1,3,1
0,0.4,0.3989400863647461,1,655zEoksqfcq2EVZ02Mbw7P2989,1.0,1,3,1
0,0.5454545454545454,0.3360366821289062,1,2665gofGzsBk2vSGVSEDt1Hi1068,0.0,0,3,1
0,0.5,0.5081660747528076,1,2109VHtyjetCFyDgKOq5r_WJ1480,1.0,1,3,1
0,0.4,0.4256525039672851,1,1581PSxQIYeCh0A36EuqcNFg1285,1.0,1,3,1
0,0.8571428571428571,0.3449456691741943,1,6863QwKQmripDGXlTBA_dd22910,1.0,1,3,1
1,1.0,0.3208820819854736,1,1943rxwpWMHzuLw1uSqBn62Q2315,1.0,1,3,1
0,0.8,0.4027106761932373,1,21505TOXvyl0OGGpW7CAQlAq4225,1.0,1,3,1
1,1.0,0.3001866340637207,1,26242_7PGIerv2Q0zGtONaPz2353,1.0,1,3,1
0,0.8,0.2363152503967285,1,21505TOXvyl0OGGpW7CAQlAq4224,1.0,1,3,1
1,1.0,0.2372488975524902,1,677xmZHBoR33brul42LKfZz2936,1.0,1,3,1
0,0.1666666666666666,0.6826732158660889,1,2233nOCdB2RiiWVTHevF1XQv4011,1.0,1,3,1
0,0.5454545454545454,0.4106118679046631,1,2617kBjHv2oN0nUKO23LlFJL2364,1.0,1,3,1
0,0.5,0.2195577621459961,1,1175f68nWVOs5WY82yUFRvj63232,0.0,0,3,1
0,0.1599999999999999,0.6259148120880127,1,2973V3Yh88dWwEdfJb_tftSD3927,1.0,1,3,1
1,1.0,0.3636844158172607,1,683aqqwKP1KduPxIkVF7N9F2918,1.0,1,3,1
1,1.0,0.3017210960388183,1,26201BkXMvVLir4JL_20wfV12359,1.0,1,3,1
0,0.6,0.4389464855194092,1,2118jdsykE0McP5cAZxVpo2d1454,1.0,1,3,1
0,0.1999999999999999,0.4582412242889404,1,2517lXXoQUIKbal6xfNNtVAn1744,1.0,1,3,1
0,0.4,0.3449068069458008,1,908jl25A_Iov80feqJ4evmm2601,0.0,0,3,1
0,0.6666666666666666,0.277001142501831,1,1373md66uV8NUYn6tLcFPoUa754,0.0,0,3,1
0,0.4,0.4602062702178955,1,24911q_50dkgYzY3pVZJL3Sc1805,1.0,1,3,1
1,1.0,0.418034553527832,1,2013gpksQIp23gepFksmpqXj2186,1.0,1,3,1
0,0.761904761904762,0.8602426052093506,1,2208KPJx__8bPSCeN9p1Fi0X4073,1.0,1,3,1
0,0.064516129032258,0.928337335586548,1,2211Cy7Oahng9F7-H0Oc3e544064,0.0,0,3,1
0,0.2857142857142857,0.32997727394104,1,2647wx3YQTfZqS0kaThBNcMd1114,0.0,0,3,1
0,0.0,0.3809988498687744,1,15075jeWJyHrflW280qJuH1b2009,1.0,1,3,1
0,0.1052631578947368,0.5063762664794922,1,998Con_q4MLI1RfJuY2bKbI416,0.0,0,3,1
0,0.0,0.309199571609497,1,579arqEgmuOnA4zj2j7weJ4173,1.0,1,3,1
0,0.1081081081081081,1.027971267700195,1,1798KfLl6KS7V9XT4gra5ItO3437,1.0,1,3,1
0,0.5,0.3393707275390625,1,1776In5nDr6EiD2h4i0Hjv4f3485,1.0,1,3,1
1,1.0,0.287834882736206,1,1944Ec6XPqU4Xy4eSPu6R32j2312,1.0,1,3,1
0,0.0769230769230769,0.7340106964111328,1,857_7Nv3vFr25l0dhIhFy_82728,1.0,1,3,1
1,1.0,0.4524674415588379,1,2519KkZmS0x5ulGXiZTw1wKR1737,1.0,1,3,1
1,1.0,0.3965034484863281,1,2095TnNWtDkF3d8sfPpoIY4z1518,1.0,1,3,1
0,0.3225806451612903,0.6206791400909424,1,992iTR1IjxbLP4VmHcDDPOa424,1.0,1,3,1
1,1.0,0.3060727119445801,1,1541-Tc1l_CQDW9x1chtv8Gl1391,1.0,1,3,1
0,0.2608695652173913,1.1996870040893557,1,1582AZl0hrMFq0o_sdc6NePo1284,1.0,1,3,1
1,1.0,0.2806994915008545,1,11714vchzsnda6_BXJcN4y-b3241,1.0,1,3,1
1,1.0,0.3792755603790283,1,708Hy1_nMQxQpRgTmBhJ1IB2858,1.0,1,3,1
0,0.3636363636363636,0.7746167182922363,1,17502DSDScCdCbid-xPukm5G3553,1.0,1,3,1
0,0.25,0.3304708003997803,1,15552yE_F-OkWgqqtdUwPtGF1351,1.0,1,3,1
0,0.1999999999999999,0.7168409824371338,1,2231oKXyKiZUC2dpEO9h9RY-4018,1.0,1,3,1
0,0.6428571428571428,0.6288986206054688,1,2731HqkZcXQ2ghjXCopBDyf4879,1.0,1,3,1
0,0.5,0.3770420551300049,1,2508GyO7kZECUGQ3Ln8manrq1763,1.0,1,3,1
1,1.0,0.2709560394287109,1,11714vchzsnda6_BXJcN4y-b3240,1.0,1,3,1
0,0.7692307692307693,0.6752109527587891,1,1472rUZfzrrFBRkQ2V9Nom352063,1.0,1,3,1
0,0.5,0.5725226402282715,1,1362BPgQJxJaOhV-CP2tGeBk785,1.0,1,3,1
0,0.7843137254901961,0.7925403118133545,1,2594UqcL6N9Bq7ENoFzW00092405,1.0,1,3,1
1,1.0,0.2629032135009765,1,2341Q2GfH2MypqPucUYoE69T3776,1.0,1,3,1
0,0.0,0.2785594463348388,1,2361c-8SrBx2PZDYVGvo5ybn3731,0.0,0,3,1
0,0.2857142857142857,0.5357937812805176,1,636bdCEp-ei65RvphUV5kzu8,1.0,1,3,1
0,0.4444444444444444,0.6413142681121826,1,1353cuJ2B12zDs0aTs65HC-5813,1.0,1,3,1
0,0.888888888888889,0.3348152637481689,1,9628yTL0M_7Lj--HbvNAKMl514,1.0,1,3,1
0,0.2307692307692307,0.7522783279418945,1,26765i_aQSNS1WuOSbksxa7p1034,1.0,1,3,1
1,1.0,0.2859888076782226,1,1615r-Z6NuO6cx_SWYHnunxF1195,1.0,1,3,1
0,0.2222222222222222,0.6247332096099854,1,1168kp5b9nrZxT84IBjU96zK3248,1.0,1,3,1
0,0.2962962962962963,0.5583739280700684,1,2186_FLLcoz_UzJCVTV21EaN4129,1.0,1,3,1
1,1.0,0.2316477298736572,1,729mxVBV4LVflnVcZxNyg-P2802,1.0,1,3,1
0,0.0,0.3611762523651123,1,1565GCwUFVbdCdhcZ_GOztSL1322,0.0,0,3,1
0,0.4375,0.8248400688171387,1,2715dw_ZC1DahbCczlDe5Yi7926,1.0,1,3,1
1,1.0,0.3123245239257812,1,14704QRXB2pWMRJUNrhyXKDZ2068,1.0,1,3,1
0,0.4,0.322495698928833,1,2983UePrdFo_KyuxMZVfMyOL3902,1.0,1,3,1
0,0.5333333333333333,0.6518270969390869,1,1354mCWTp9JbO_9CEDgtcsqF809,1.0,1,3,1
0,0.0606060606060606,0.5028715133666992,1,66808P9Oq5Ku-ZS0_3Jlrau2955,0.0,0,3,1
0,0.6,0.3421623706817627,1,15314QMC--BggOkyoE34_Rfc1943,1.0,1,3,1
0,0.6666666666666666,0.3921966552734375,1,1998tYHxV4GeHjIVsXiSo8Hr2212,1.0,1,3,1
0,0.0,0.5456209182739258,1,25102SwtlRVEiwDcKTiJMvjz1760,0.0,0,3,1
0,0.5,0.2888805866241455,1,5527xlxOUT-22yChZ-JdcpK252,0.0,0,3,1
0,0.7499999999999999,0.63922119140625,1,1597nEqmtOHPo0XoNSnISrKk1244,1.0,1,3,1
0,0.4444444444444445,0.6001570224761963,1,957C6c8UBXNxelvZ_YavK28529,1.0,1,3,1
0,0.0,0.5035359859466553,1,2123OTmL8FamXbZSNs3_HwHe1441,1.0,1,3,1
0,0.1818181818181818,0.3557527065277099,1,1739w6-1RejjBE98uefpWvmD3585,1.0,1,3,1
1,1.0,0.2643864154815674,1,2985dy6AZ8KVp-M-A7SQvT8F3898,1.0,1,3,1
1,1.0,0.2969450950622558,1,1550GzjCBajsuSw_Bnhtl8WB1366,1.0,1,3,1
0,0.0,0.3529303073883056,1,1343QtMvat2gfyOpKcj4hGQk842,0.0,0,3,1
0,0.3636363636363636,0.5124866962432861,1,2421v8dCeaZg9Ymh8vP7GbpI3612,1.0,1,3,1
0,0.5641025641025641,0.7917613983154297,1,9171SqPvS4Y9VVB9rn93Vi-2575,1.0,1,3,1
0,0.0,0.3558614253997803,1,984xM8OB5gvxHsdQmn1r-8F447,1.0,1,3,1
0,0.1818181818181818,0.611774206161499,1,962NqL5Nn7k-2hfELK_z0pe513,0.0,0,3,1
0,0.5263157894736842,0.5261778831481934,1,1361l3EW8F-mTJt_YdXPsqHd787,1.0,1,3,1
0,0.1904761904761904,0.8545386791229248,1,1754c4L39ZzzXq71ZehR_uoC3542,1.0,1,3,1
0,0.5,0.4626686573028564,1,2101NmIr2aqU_7v2eE_aidH61505,1.0,1,3,1
1,1.0,0.3329119682312011,1,584OsnQDPEfdT3D-biv4Yg2157,0.0,0,3,1
0,0.6666666666666666,0.2961089611053467,1,3010SprKLAHdowqTjGRQOf4i3838,1.0,1,3,1
0,0.2857142857142857,0.2284305095672607,1,665rw55Ie4DPe0sqY77puig2964,1.0,1,3,1
0,0.5,0.209244966506958,1,1835FSurGzklPJM4MCko7da83344,1.0,1,3,1
0,0.1764705882352941,0.5941827297210693,1,2443eTrLtv9UbuEE_nR7dCeV1909,0.0,0,3,1
0,0.5454545454545454,0.3779735565185547,1,2536UpX9Bg_Y08DDNzXdFiU_1689,1.0,1,3,1
0,0.0,0.235607624053955,1,2186ULHrp_lvPj5LDBoeTtdH4130,0.0,0,3,1
0,0.7272727272727273,0.3738636970520019,1,578M9mlC9utfrcwX6F1l7Jn174,0.0,0,3,1
0,0.3076923076923077,0.5572993755340576,1,2070ak7o05iYQKrCn9M9TwT31591,0.0,0,3,1
1,1.0,0.3014342784881592,1,2476jZQD7x5reworgE-JOi2N1834,1.0,1,3,1
0,0.6666666666666666,0.2708380222320556,1,992iTR1IjxbLP4VmHcDDPOa425,1.0,1,3,1
0,0.4,0.2850239276885986,1,1617DSC5R_p9RerIchibaVxE1187,0.0,0,3,1
1,1.0,0.2421467304229736,1,1621kehREtB2jwFxfLSb5njd1177,1.0,1,3,1
1,1.0,0.3614256381988525,1,2961ZnbcPJCiADt4D4VSwFvF3956,1.0,1,3,1
1,1.0,0.2617948055267334,1,2714bDI6fIAZBhgsB3LbtItA929,1.0,1,3,1
1,1.0,0.2516517639160156,1,3018kZFSgaadxi0PtYR3mhFH3819,1.0,1,3,1
0,0.7272727272727274,0.5001599788665771,1,694HnOVoSnpyv6ljVHWDfeS2889,1.0,1,3,1
0,0.9090909090909092,0.3563127517700195,1,102860x28lgIYl08vHuvaK5q331,1.0,1,3,1
0,0.4615384615384615,0.6824960708618164,1,2204OywqClhMtfHv_617FgzA4087,1.0,1,3,1
1,1.0,0.2600672245025635,1,1801GMGqWYEBcwKtk36fM4SD3431,1.0,1,3,1
0,0.5714285714285714,0.6345851421356201,1,2639Y4u-Qqri_Ci3GGBQDl9U1134,1.0,1,3,1
0,0.5714285714285715,0.3175420761108398,1,2686JOWKciP4s6sWuWPuyo-d1005,1.0,1,3,1
0,0.2142857142857142,0.6757371425628662,1,1447OPmuJcT_JIwnw1TrzHrh2118,1.0,1,3,1
0,0.0,0.4864790439605713,1,1539fARKnR7H8s-gfUpW2rn21395,1.0,1,3,1
0,0.5,0.3146102428436279,1,907CG6Y0hTOIf2iMApGkPO72605,1.0,1,3,1
0,0.8,0.3551149368286133,1,2208FuW7GAKFmCyvVin50esl4074,1.0,1,3,1
0,0.6666666666666666,0.5208232402801514,1,570lPdM0wYkCW3--bgqWmPv199,1.0,1,3,1
1,1.0,0.2628211975097656,1,2072z7yPHGlbkEuIidU7ws1C1584,1.0,1,3,1
0,0.5882352941176471,0.429788589477539,1,26276wka1rfL0BiynIYM718e2345,1.0,1,3,1
0,0.5714285714285715,0.5423417091369629,1,1426fuexC-Dh-eLxD0l5Qoty609,1.0,1,3,1
0,0.2307692307692307,0.6067643165588379,1,2695ZPNMDXJVWkSpBsIvWP2e979,0.0,0,3,1
0,0.4444444444444445,0.3665027618408203,1,2505FyMeBIza_lW5D_Zn1Sgx1769,1.0,1,3,1
0,0.2,0.4193363189697265,1,1741XjQ2QM-7GtyfQYYY_fET3580,1.0,1,3,1
0,0.0,0.4786305427551269,1,561RShlPGzCfUPZQrUdWiIe227,0.0,0,3,1
0,0.6666666666666666,0.2616715431213379,1,1034epoawfzg9BJTz2Ca4vrd314,1.0,1,3,1
0,0.1538461538461538,0.4481794834136963,1,17796ulGE45jPxE9l8aLA4HP3476,1.0,1,3,1
0,0.1666666666666666,0.3271658420562744,1,1412q4IJJSwEUFoUq8DN4pFZ650,0.0,0,3,1
0,0.0,0.40118408203125,1,1390o9_Ny0o9guZOaXj0sbu7710,0.0,0,3,1
0,0.0,0.2342114448547363,1,543zehgCplVJZaqw9cOuxgf279,0.0,0,3,1
0,0.6666666666666666,0.2861146926879883,1,1141-c26SVoXDsoOKAlJ_rik3328,1.0,1,3,1
0,0.4444444444444445,0.4180459976196289,1,1983xyRNnTqnmKy_BKrNn_4L2234,1.0,1,3,1
1,1.0,0.4342319965362549,1,20135j_uI6Pa4xYoAfhT5RFW2185,1.0,1,3,1
0,0.4285714285714285,0.4878573417663574,1,1435rs_1B10Z6zpwn_c2KbLB588,1.0,1,3,1
0,0.6451612903225806,0.5668580532073975,1,2653pTmwhjVfxT1gFxGr49qQ1099,1.0,1,3,1
0,0.0,0.3350312709808349,1,2608eLuQvx4PuZ3GmN9QGr8z2370,0.0,0,3,1
1,1.0,0.2907378673553467,1,9567FV5fK_9tjWGUSOCiJM4532,1.0,1,3,1
0,0.3999999999999999,0.3781085014343261,1,1823OCTxsYW2VwXgoqBEFKRB3380,1.0,1,3,1
0,0.25,0.371910810470581,1,1482g7oHtVvZqKuuTZk40k9M2045,0.0,0,3,1
0,0.5,0.5204372406005859,1,23400fYXPU8hPMma1dgBlkCK3779,1.0,1,3,1
0,0.1428571428571428,0.4448542594909668,1,2356xnurKXc7ANXfRPTMqta_3741,0.0,0,3,1
0,0.0,0.4452552795410156,1,989BVy7A3ta2RwmPxZ1Xrzc433,0.0,0,3,1
0,0.6666666666666666,0.5432982444763184,1,21855lm1aeumxPgLxhAZ4rsM4134,1.0,1,3,1
0,0.25,0.2865769863128662,1,2640qGTRBDkuytVF7DgH9rac1132,0.0,0,3,1
0,0.6666666666666666,0.3627619743347168,1,2220XTBfWE1kd1k80pKd_SFk4046,1.0,1,3,1
1,1.0,0.2876594066619873,1,1484LBCjE9GGNK0dm10EyT1L2042,1.0,1,3,1
0,0.3157894736842105,0.608206033706665,1,2166esJlNv4Wy062Kf9ux_964182,1.0,1,3,1
1,1.0,0.3762497901916504,1,1165vJ-Wr8WinYRSX1Q9stZi3257,1.0,1,3,1
0,0.2,0.8886809349060059,1,2654A6DJuqUHYjllfqY66FZQ1098,0.0,0,3,1
1,1.0,0.304448127746582,1,2993JuZ1oPVxXbMKQ5CDMb_03879,1.0,1,3,1
0,0.1,0.4633777141571045,1,2671C6-T0tPIF_eRNZCOcYji1050,0.0,0,3,1
0,0.0,0.2946515083312988,1,14796ofVvIsqSw1T0yJIXV-e2051,0.0,0,3,1
0,0.6153846153846153,0.4408056735992431,1,30373EtKFN1zd5WPODueptSp3787,0.0,0,3,1
0,0.4761904761904761,0.5881712436676025,1,2544eSHJS5zzqCGOgk7Ye0SF2500,1.0,1,3,1
1,1.0,0.260880708694458,1,2587B35iCZ4McbnvBlBd7adK2421,1.0,1,3,1
1,1.0,0.216219425201416,1,9213Z63XI7LzEYgX3C6x0dw2562,1.0,1,3,1
0,0.5714285714285715,0.3815796375274658,1,2530fo_aPuaSJ-EY05R9trs51703,1.0,1,3,1
1,1.0,0.2283570766448974,1,23650GFefFLGJfbuvjWASh6g3721,1.0,1,3,1
0,0.24,0.708132266998291,1,9060M-eUQVT4tdQgPtZ-brd2607,1.0,1,3,1
0,0.2758620689655173,0.8360233306884766,1,3038uk1Q8NYktJIx4u5Dtq-43786,1.0,1,3,1
0,0.3333333333333333,0.6317682266235352,1,887_9o_cHqtY2M45BDABDVl2657,1.0,1,3,1
0,0.2857142857142857,0.7179219722747803,1,1344XccXLOM5JOB3u2zXEXnU838,1.0,1,3,1
0,0.8571428571428571,0.3159184455871582,1,2151FyvnA441-0KcveL6NhEg4222,1.0,1,3,1
1,1.0,0.2640340328216553,1,2374SSI1oS9XmyEgbmaPIMGm3700,0.0,0,3,1
0,0.6250000000000001,0.3846116065979004,1,1580Swc8yb1vcok9FztLAWLx1289,1.0,1,3,1
1,1.0,0.2617290019989013,1,1227KkNbIayUtdm3fDCsgi_R3074,1.0,1,3,1
0,0.4444444444444445,0.3253517150878906,1,2487r0FlOaT0cxfdf86hPkP-1812,1.0,1,3,1
0,0.7142857142857142,0.6182346343994141,1,2578y9zD7QdiguEv3Qrdgam-2439,1.0,1,3,1
0,0.0,0.574150800704956,1,2522E6U2hOb5WtI8vVLyVfMP1727,1.0,1,3,1
0,0.1052631578947368,0.4712624549865722,1,1605V68g1ARg__hMabvQP1me1223,0.0,0,3,1
0,0.4,0.20916748046875,1,1138CmWVAsyJiAlk5YMGolJH3337,1.0,1,3,1
1,1.0,0.2958829402923584,1,1546DCalUExqBzLjIbfKVwJ-1374,1.0,1,3,1
1,1.0,0.3386142253875732,1,1551RTdCvKw-4XSQDEMwDw8W1364,1.0,1,3,1
1,1.0,0.322028636932373,1,1596hz1gsYK5o6xA9WxD8x5Q1247,1.0,1,3,1
1,1.0,0.2491509914398193,1,2141Z5HcTv8ZIc2Hpqm-HQoq4249,1.0,1,3,1
1,1.0,0.267737865447998,1,1512f5HEXhPfS3cf7nh-tboG1992,1.0,1,3,1
1,1.0,0.367516279220581,1,8486FcfpGKVx1trsy0PGkDp2754,1.0,1,3,1
0,0.5,0.2939925193786621,1,2353oF79-Zc0tRIFC0bsyHCL3751,1.0,1,3,1
1,1.0,0.2356829643249511,1,1398tbxE6rw4tRvgrp1PnRa7693,1.0,1,3,1
1,1.0,0.3697283267974853,1,14953SpgE208tpp7exNPc2yN2028,1.0,1,3,1
1,1.0,0.3990848064422607,1,2716pyHs3Lb2MevKvsruRxpf921,1.0,1,3,1
0,0.3478260869565217,0.6264960765838623,1,2527_1gwPfkH0sI_fNYkRULn1714,0.0,0,3,1
1,1.0,0.3444082736968994,1,1953bg5H8M8IKcos6Zpr7rJ82289,1.0,1,3,1
0,0.2352941176470588,0.4953100681304931,1,2674p_1et1WpagnOWpkhuCFF1039,0.0,0,3,1
0,0.3076923076923077,0.5661687850952148,1,1775dGCKacaEaf4vXnKBh4Rd3488,1.0,1,3,1
0,0.6363636363636365,0.3936364650726318,1,879e8JaFZiS1bIPJKfr-NO82676,1.0,1,3,1
1,1.0,0.2952098846435547,1,2054dYaTbGXvuHEu9KAgglUa1639,1.0,1,3,1
1,1.0,0.4084393978118896,1,939UKiLhBxA_KgLZ3hrXrJ0584,1.0,1,3,1
0,0.6666666666666666,0.3032851219177246,1,575_whZmLvyvEEXouWkoc8Q184,1.0,1,3,1
0,0.8333333333333334,0.3456451892852783,1,1833mBAvNL7f3ZCmej5PwbdX3352,1.0,1,3,1
0,0.0,0.3728749752044678,1,260778F0v0DAsxDp5cLyPs1O2375,0.0,0,3,1
0,0.2222222222222221,0.6345183849334717,1,5727w28zIiNblkHmyplKA2z192,0.0,0,3,1
0,0.1428571428571428,0.6750614643096924,1,2641luCyIUQH3LALHIuyhbkM1128,1.0,1,3,1
0,0.0,0.4507143497467041,1,2605EHUeu9PLnQV7xV85uEAC2379,0.0,0,3,1
0,0.6666666666666666,0.3512814044952392,1,1001W57bXvzsU7BsCan0XmdL406,1.0,1,3,1
1,1.0,0.3931615352630615,1,2074kJ6tj7m3dUealDR0iSOG1580,1.0,1,3,1
0,0.2857142857142857,0.5772366523742676,1,580nH6LvFdvuQbuzorAxkmf168,0.0,0,3,1
0,0.4,0.3420925140380859,1,638byj_HJNZPUDnv8F8TRia3039,0.0,0,3,1
0,0.0,0.7551758289337158,1,2589xXJabxuTAbaSikLKRb-g2418,0.0,0,3,1
0,0.0,0.3455135822296142,1,839nusntKDajSx2255RhZPf2780,0.0,0,3,1
1,1.0,0.2701609134674072,1,689K_UtF9KosnX3zeO2E8S92903,1.0,1,3,1
0,0.0,0.4173471927642822,1,582uj-O_p2agIMaKLfVvt9q164,0.0,0,3,1
1,1.0,0.4209816455841064,1,1781sbFFllrurUSJ_Gr41cCI3472,1.0,1,3,1
0,0.5384615384615384,0.5340030193328857,1,1227qM25lwDT1HffYX7Q27LJ3075,1.0,1,3,1
0,0.4444444444444445,0.3083350658416748,1,593JhF3rLLX0PCam0j2bU_P129,1.0,1,3,1
0,0.0571428571428571,0.7285382747650146,1,1977SlMmmlMBkQchcn7LpKOP2240,0.0,0,3,1
0,0.0,0.4337882995605469,1,1770rj6GQbTCC5Whkc2stQVr3495,0.0,0,3,1
0,0.5882352941176471,0.590186357498169,1,2228Tic033jedplc8b6Uf0fN4027,1.0,1,3,1
1,1.0,0.3234097957611084,1,1177fONE_RDqWcxNV6IGBc0e3224,1.0,1,3,1
0,0.0,0.3289544582366943,1,2086nxujZtZ3z2hM1YJJosdX1544,0.0,0,3,1
0,0.3999999999999999,0.4230513572692871,1,1745gouL95j9WGSnTgRSoegw3568,0.0,0,3,1
0,0.5384615384615385,0.628535270690918,1,1513e32PRGagyhaNmp__k3W51990,1.0,1,3,1
0,0.6666666666666666,0.3607931137084961,1,2394bND9migU-q64-anVISkT3661,1.0,1,3,1
1,1.0,0.3477921485900879,1,1156df4-3lXjk7sDVJcyLHlO3282,0.0,0,3,1
0,0.6956521739130436,0.4234764575958252,1,15230_0x3zw-YpnxYNbwt3Hc1964,1.0,1,3,1
0,0.3529411764705882,0.5092110633850098,1,1153qNeYaWgsWaP4fPq6Tjjm3290,1.0,1,3,1
0,0.5714285714285715,0.4340369701385498,1,2130hnFIfjAqoSjF4izSr4Sg1421,1.0,1,3,1
0,0.4615384615384615,0.5343594551086426,1,850EvvWq5cM1pQg86O2yHNg2748,1.0,1,3,1
1,1.0,0.2527081966400146,1,209479ecAuID6IOsgZlZzFI71521,1.0,1,3,1
0,0.3636363636363636,0.3423175811767578,1,24874ZExUiMVxjjNDRJVHXGS1813,0.0,0,3,1
0,0.4705882352941176,0.4683711528778076,1,597fEYgqbkB93zL9E-hqzfg118,1.0,1,3,1
0,0.0,0.7174530029296875,1,2421aPJOo5UynG4APVgasKa53614,0.0,0,3,1
1,1.0,0.2299225330352783,1,18252TF4EJnWkvDxaV45VI1B3375,1.0,1,3,1
0,0.0,0.7410919666290283,1,2205ENHOPLj9Z8oxm2fYD6lB4084,0.0,0,3,1
0,0.0,0.2500882148742676,1,1615MK6ZFfIs7IFCYW4172gB1193,0.0,0,3,1
1,1.0,0.3099613189697265,1,1453zJFuwlSehscZJwrQDmDL2108,1.0,1,3,1
0,0.7857142857142858,0.6246345043182373,1,2351DjvHEkUCiDFMzqJ9zMhH3754,1.0,1,3,1
0,0.0,0.3573074340820312,1,2605xGWRPmjAX3zTTpbG5G9l2381,0.0,0,3,1
0,0.5,0.6255176067352295,1,1768-UuFG072H5O8Xrou6GUN3502,1.0,1,3,1
0,0.24,0.512570858001709,1,2231oKXyKiZUC2dpEO9h9RY-4017,1.0,1,3,1
1,1.0,0.345947265625,1,727txM-u642lp8qZYKtzIpe2807,1.0,1,3,1
0,0.0,0.6090085506439209,1,2081wGIIBL_5uHYg2-zjVmIl1558,0.0,0,3,1
0,0.1666666666666666,0.54166579246521,1,548Bj6ddRdZ8SW-Zzx6iTxc266,1.0,1,3,1
1,1.0,0.3053522109985351,1,145680wJT2OEc4U1fHPyTYZE2102,1.0,1,3,1
0,0.6666666666666666,0.3004469871520996,1,1016CUBKrFMJ-UTMJxunATzk367,1.0,1,3,1
0,0.2857142857142857,0.5414724349975586,1,586KitV3SprRbS0Gf9jJzYW152,1.0,1,3,1
0,0.3,0.5863497257232666,1,2735DkgI5gkdGxPwuyGQ7JAD869,1.0,1,3,1
0,0.6,0.4736700057983398,1,1430c-EOOP47sw8eHQFzvYMg598,1.0,1,3,1
0,0.5384615384615385,0.5394167900085449,1,846dI6s8NANbI0cXEx7WJXa2761,1.0,1,3,1
1,1.0,0.2675154209136963,1,2085feZV_pGZO7tqB0IDQrNw1547,1.0,1,3,1
0,0.1818181818181818,0.4466128349304199,1,1541LwNBuKx3059aO01FudyY1389,1.0,1,3,1
1,1.0,0.3904280662536621,1,11547MyYfAO2SJjFtK6lH5ci3288,1.0,1,3,1
1,1.0,0.2324562072753906,1,2203MPjw7wTHX4rxoiofFaQy4090,1.0,1,3,1
0,0.8,0.2080194950103759,1,2988TQKy1nIs2XH8-mdMN3js3889,1.0,1,3,1
0,0.823529411764706,0.3906030654907226,1,952q3wHt8L32hYlTJgOO2ea543,1.0,1,3,1
0,0.6666666666666666,0.3147244453430176,1,1942fMXkD48PYS9_snttkRcW2318,1.0,1,3,1
0,0.0909090909090909,0.6632022857666016,1,1745gouL95j9WGSnTgRSoegw3569,0.0,0,3,1
0,0.0,0.7608139514923096,1,3009H9M_TNpQCxuXCdfB9kCI3841,1.0,1,3,1
1,1.0,0.3878638744354248,1,1200iD_TbPSqREfeM3ey59wU3155,1.0,1,3,1
0,0.8571428571428571,0.4844980239868164,1,554G0DwZ6uy9_I1JG9mFLZL246,1.0,1,3,1
0,0.4516129032258064,0.5415744781494141,1,939UKiLhBxA_KgLZ3hrXrJ0583,1.0,1,3,1
0,0.5555555555555556,0.483649730682373,1,839Rfna-iwatxiFQqrCYY0U2781,1.0,1,3,1
1,1.0,0.1926276683807373,1,5657UgoubyECldzVKmY9qmK214,1.0,1,3,1
0,0.1176470588235294,0.5500686168670654,1,29814YmrvhgM84gEBT0lVxvw3907,1.0,1,3,1
0,0.6666666666666665,0.4125921726226806,1,1632HqbVUHPq0ZhZ1rZNsIer1152,1.0,1,3,1
1,1.0,0.3401472568511963,1,2978hzn_PZEX4hqXSKHGaNOE3915,1.0,1,3,1
0,0.7999999999999999,0.4190564155578613,1,2211wsW8oNaSRcLGzwyfLWhi4065,1.0,1,3,1
0,0.4,0.3605320453643799,1,908xdqRRkv-zVIZg3ud9_Ve2600,0.0,0,3,1
1,1.0,0.4218573570251465,1,2688HW0oYt08dER6A8d66xBp999,1.0,1,3,1
0,0.6956521739130436,0.5292348861694336,1,1378ks8fL5T0PZyVfKqdb0iq744,1.0,1,3,1
1,1.0,0.2639191150665283,1,29642huIUFSLiW4Z-VzxmaQN3948,1.0,1,3,1
0,0.2307692307692307,0.7884116172790527,1,1017eL2V6EaaC3mujb7yaHfb365,1.0,1,3,1
0,0.5,0.5234494209289551,1,2128s7UxQvwrQLv520cobspK1425,1.0,1,3,1
1,1.0,0.3171224594116211,1,1568HYHlm_FxJX3M17z-eEGK1313,1.0,1,3,1
1,1.0,0.2679626941680908,1,1000oBQNQPnj4fxpXtFV1g0J410,1.0,1,3,1
0,0.5,0.4194288253784179,1,1567MCg4A4v6mUllF_u88ECY1315,1.0,1,3,1
0,0.3,0.318662166595459,1,1170ckd0uh4YAd-bKWZ_EFml3244,1.0,1,3,1
0,0.6666666666666666,0.3609731197357178,1,2623shbw3gotPnV5E6lvICWY2354,1.0,1,3,1
1,1.0,0.3349153995513916,1,1033Dt_nnXnaknyIGfmAyPvx316,1.0,1,3,1
0,0.0799999999999999,0.9843854904174804,1,2491D5tYpL-3yfqE2nj5QqpY1803,1.0,1,3,1
0,0.0,0.4593391418457031,1,2542R6iFUQ8O7GJYAaso2x7o2505,0.0,0,3,1
1,1.0,0.2718729972839355,1,2943AMenEB3qMlqiQp1qO1LL3990,1.0,1,3,1
0,0.1666666666666666,0.4257407188415527,1,2089F_XURZ9rHNynDA6Fk8kX1535,0.0,0,3,1
1,1.0,0.2290635108947754,1,644XSfdx_-UeEKT5wI-qFNi3020,1.0,1,3,1
0,0.0,0.3866622447967529,1,1363vktTqXoQ53guY-ds-40F782,1.0,1,3,1
0,0.4615384615384615,0.4207167625427246,1,1566GrfvtQHA0o-4EBsVEj541320,1.0,1,3,1
0,0.6666666666666666,0.323087215423584,1,619TPd5jEymGsYMQLGFu97J59,1.0,1,3,1
0,0.6363636363636364,0.6202259063720703,1,2952PxQzPl1weI5LywNnDB1I3978,1.0,1,3,1
1,1.0,0.4024925231933594,1,2442Qnq15H_ylz9SkgCBZcsE1913,1.0,1,3,1
1,1.0,0.2616963386535644,1,654kwApE8QgqJ8tbK-mNN-_2992,1.0,1,3,1
0,0.8837209302325583,0.6465234756469727,1,1002KIt7Nu7ZfjA3Xcxpj97S297,1.0,1,3,1
1,1.0,0.4226388931274414,1,1378FVemXRFOIu42MyzpJqK-742,1.0,1,3,1
1,1.0,0.3222229480743408,1,11978_NZ80-7iblXNygjG5Mj3166,0.0,0,3,1
0,0.1428571428571428,0.9434106349945068,1,950XV0yV8Nv3fzrlN4Kqx8l549,0.0,0,3,1
0,0.0,0.3353643417358398,1,2210pb1OBuEFnf38HXMK9cDk4067,0.0,0,3,1
0,0.0,0.3097236156463623,1,988aqEFeThHG5fa_FOI-9nu436,0.0,0,3,1
0,0.5714285714285715,0.4273643493652344,1,2091kDMDjhUS9p5SR35iSJSB1530,1.0,1,3,1
0,0.2222222222222222,0.4564859867095947,1,1546qtYa8CJzD3uH6TiJXvze1376,1.0,1,3,1
1,1.0,0.2224996089935302,1,24726EVZOTD_h6siRGcBY7421847,1.0,1,3,1
1,1.0,0.2236840724945068,1,675_FqvNQZTBsCZpYPH5nqZ2940,1.0,1,3,1
0,0.0,0.2610869407653808,1,1481lRxKJ4SCFwVtDawsQTQ52050,1.0,1,3,1
0,0.1818181818181818,0.3560836315155029,1,895k7Ew0cYqIMSeug0izAue2639,0.0,0,3,1
0,0.6,0.373028039932251,1,1589mo7D-joKXh635Vo4Jd911265,0.0,0,3,1
0,0.5,0.3288338184356689,1,2368ntygnzFhoyFjtl0dQR5j3714,0.0,0,3,1
1,1.0,0.3494575023651123,1,1387YoNwFgU_hCV3WDkM6HFk719,1.0,1,3,1
1,1.0,0.37734055519104,1,2107a4gQhq9F4QB4GLnMXPaW1488,1.0,1,3,1
0,0.5,0.3252646923065185,1,933qJ_cJ76FwsBPiiLu0Xrq2531,1.0,1,3,1
0,0.5263157894736842,0.4008409976959228,1,1963LYeJkFeQGNvt6xtitv6o2269,1.0,1,3,1
1,1.0,0.3319611549377441,1,849q68W7IxX8-DQe5gM8Mee2751,1.0,1,3,1
0,0.5714285714285715,0.3445267677307129,1,2478ulEtsZsxkcgly7IxV7jm1829,1.0,1,3,1
0,0.2962962962962963,0.7202351093292236,1,981F93-pjjKms7jx4e2JVzV457,1.0,1,3,1
0,0.6666666666666666,0.2325150966644287,1,1211dK689o_XIpcycpxIDkq73123,1.0,1,3,1
0,0.4,0.3143143653869629,1,2349W1NLUpl_WH7i4VoPLqnU3760,1.0,1,3,1
1,1.0,0.2383604049682617,1,1184IFWR2g9AMga2310WLeh-3203,1.0,1,3,1
0,0.0,0.3208737373352051,1,544X_IXXl6r0vsnj8_6w-DC276,0.0,0,3,1
0,0.4615384615384615,0.406719446182251,1,25102SwtlRVEiwDcKTiJMvjz1759,1.0,1,3,1
1,1.0,0.301936388015747,1,976KjGSHiXVJquk0v7AoM1M472,1.0,1,3,1
0,0.7499999999999999,0.6685774326324463,1,1969B-l4yMGmpCrAYhYnUn2f2256,1.0,1,3,1
0,0.6153846153846153,0.724860668182373,1,609MyQ372LLBdo0DkE0M__Y86,1.0,1,3,1
1,1.0,0.237485647201538,1,25344_c4EKxXkhoNEuEogKpb1694,1.0,1,3,1
0,0.4615384615384615,0.5485608577728271,1,2643UpH1vcnmDtWFzogLQYIY1124,0.0,0,3,1
0,0.0,0.5161938667297363,1,721VypFcthFDdl_lwMk-Dld2825,0.0,0,3,1
0,0.4285714285714285,0.5024592876434326,1,630KO8LeHoKQQj6c-87zNrm25,1.0,1,3,1
0,0.6666666666666666,0.2537708282470703,1,2942BxApb_UbjTvQ96MuGzKL3992,1.0,1,3,1
0,0.5,0.2997260093688965,1,1212hhFWBwzJe1lv_Eg5jMV43121,1.0,1,3,1
0,0.1333333333333333,0.495525598526001,1,5460SSbREtZ85AA4OPt7HWf271,0.0,0,3,1
1,1.0,0.3264172077178955,1,1478tvkHc8K4YOVkppLRsZg02053,1.0,1,3,1
0,0.7,0.4351294040679931,1,26881eBzp0z_d9DKF9jbPHdz997,1.0,1,3,1
0,0.6666666666666666,0.309492826461792,1,2966PxwWVFmyQuTm3V_AixtQ3941,1.0,1,3,1
0,0.5,0.2850675582885742,1,3024vebeD9iQI76TQyghore-3809,1.0,1,3,1
0,0.5,0.3210668563842773,1,156057Z3OOwBTdwP-hDQ9L4U1338,1.0,1,3,1
0,0.5,0.2941088676452636,1,1183U1zI1TbGdaZR1adOMYQM3208,1.0,1,3,1
0,0.5,0.348649263381958,1,1002OYjKgvY_WrTVyv0BBUq7299,1.0,1,3,1
0,0.3448275862068965,0.6886677742004395,1,606roVNp96vZ78RGlrTQ53w93,1.0,1,3,1
0,0.0,0.4689531326293945,1,6431yy3yc3FNPTLXLaeEuNd3023,0.0,0,3,1
0,0.380952380952381,0.5461471080780029,1,11881tCMe4yHOSjaL320WzSI3192,1.0,1,3,1
1,1.0,0.2861266136169433,1,1438pakrvpuzI9RRVwHckRIx2138,1.0,1,3,1
0,0.7777777777777778,0.473879337310791,1,3017aHeDCc1uLRI2rnBry2uw3824,1.0,1,3,1
1,1.0,0.2670862674713135,1,654kwApE8QgqJ8tbK-mNN-_2991,1.0,1,3,1
0,0.625,0.401646614074707,1,1988Igeg6-NlxrBYydVdXS7P2222,1.0,1,3,1
0,0.0769230769230769,0.7950563430786133,1,1425TtGxf2tlcnPvhwxputXV613,0.0,0,3,1
0,0.7777777777777777,0.4273569583892822,1,2376Yb5AiC3i4WBM8VzRNZY73697,1.0,1,3,1
0,0.888888888888889,0.3950278759002685,1,1397uK17KbqMDLHfC2NAWiR6695,1.0,1,3,1
0,0.6666666666666666,0.4062228202819824,1,25892BdyogDeDaH4qKuHuejD2416,1.0,1,3,1
0,0.0,0.6138217449188232,1,617Cr5Di8JK77DxoWqJstg063,0.0,0,3,1
0,0.0869565217391304,0.6604020595550537,1,1030cFCd9o4jSm3pwYZj572K325,0.0,0,3,1
0,0.4761904761904762,0.4850711822509765,1,1023T61MYdUxsFVCRfnKl5B0345,1.0,1,3,1
0,0.0769230769230769,0.6018774509429932,1,2026zJrmduCm9hHKpRPQmbO92161,0.0,0,3,1
1,1.0,0.2561964988708496,1,700tmK8lIDPegKV5YWqGaiF2879,1.0,1,3,1
1,1.0,0.2458076477050781,1,2551pxDvmDEe_JDrvTqX24D22487,1.0,1,3,1
1,1.0,0.2329456806182861,1,2444VM3M-Xnaa4T5rEXxP45X1907,1.0,1,3,1
1,1.0,0.4087381362915039,1,2154XCCxKaIJfCwnJBnIB3GZ4212,1.0,1,3,1
1,1.0,0.3718154430389404,1,9901bDIlgQKtM_dfl7Uf_OW430,1.0,1,3,1
1,1.0,0.3770136833190918,1,17985Atzpv_Cl5kZaV6I1DDD3435,1.0,1,3,1
0,0.2222222222222222,0.4268953800201416,1,2459yGIZYbTkrltaJKti9_A91874,1.0,1,3,1
0,0.0,0.4700708389282226,1,2954-VZXI9P-GsKgXpM-SeBu3974,0.0,0,3,1
1,1.0,0.2901391983032226,1,1368uHWjPP6hjmEyI0Uea54f767,1.0,1,3,1
1,1.0,0.321697473526001,1,733LbQvJbQviVsKR9L4LKL42794,1.0,1,3,1
1,1.0,0.3488767147064209,1,1965XlnqIGyuwSvdQjdZBJ8t2263,1.0,1,3,1
0,0.6,0.4381542205810547,1,915d8Oia461zr-zFU7YlBFP2579,1.0,1,3,1
1,1.0,0.2090721130371093,1,873MgMnuCFZMazeJj3xQgmP2691,1.0,1,3,1
0,0.6222222222222223,0.8598213195800781,1,2399XuEIJxgcgTMpsR30h5fe3650,1.0,1,3,1
0,0.4285714285714285,0.5521612167358398,1,2068uWPVT6KFb2RlmGRQ3Gd11596,1.0,1,3,1
1,1.0,0.2766721248626709,1,2053DCa4BLCC5EEQ8l7BVnnp1642,1.0,1,3,1
0,0.3448275862068966,0.7170546054840088,1,2372wmeJzVxcbD7y5WKCYxFf3706,1.0,1,3,1
0,0.5454545454545454,0.5319156646728516,1,1343aQ-H4pOOQAkzk_nGqXjS841,1.0,1,3,1
1,1.0,0.315967321395874,1,608gV4102XR4M0gHYWcFHGa87,1.0,1,3,1
0,0.8,0.2927746772766113,1,1938GA7QJ14ul7rDZvw7Nb9o2325,1.0,1,3,1
1,1.0,0.2402033805847168,1,2386OzyZ6cB3KyNaABd4tv5Q3677,1.0,1,3,1
0,0.8125,0.666907548904419,1,682I2vidJcfbbqgpGrTK1XG2920,1.0,1,3,1
0,0.6666666666666667,0.618098258972168,1,1163WM0PVD9qbxkmDaQOIW7Y3264,1.0,1,3,1
1,1.0,0.3233113288879394,1,1952E_c11l4SYGwOptcc2H_t2293,1.0,1,3,1
0,0.6428571428571429,0.5299739837646484,1,20197usgJIJQ8MWVNmERwalT2177,1.0,1,3,1
1,1.0,0.3628246784210205,1,2073z-IROD_SxTTIHVa0x2-Q1582,1.0,1,3,1
0,0.0869565217391304,0.5850844383239746,1,555nDtJus6avaCXIDI-gkXA243,1.0,1,3,1
0,0.0,0.2487285137176513,1,1431LwnZzI0C2DsQ2UrzmNgf594,0.0,0,3,1
0,0.3636363636363636,0.4067726135253906,1,895GTgHWgOsJfWGzfuk0cBw2640,0.0,0,3,1
0,0.5,0.4265406131744385,1,2046GP7dC5MYUxEjhVaMxjWJ1659,1.0,1,3,1
0,0.3404255319148936,0.9460034370422364,1,2499V-2FlPo6WVsoWpisdH6C1784,1.0,1,3,1
0,0.6666666666666666,0.3304309844970703,1,23386xE0NbvZWVPZakM8re8C3784,1.0,1,3,1
0,0.8000000000000002,0.3347988128662109,1,2391ePMyIq2X1JLq1967u6CY3666,1.0,1,3,1
0,0.5454545454545455,0.6322221755981445,1,979hdglxJn8R-0hBhG7P5nM464,1.0,1,3,1
0,0.5263157894736842,0.5977020263671875,1,2067uWqaniNc-8EtEG0cv8d01599,0.0,0,3,1
1,1.0,0.4273030757904053,1,1208ZxTFiASsvA8kMOYqhRyK3133,1.0,1,3,1
0,0.3448275862068965,0.82743239402771,1,2405YFMjEJVJ19AfwfKdE_bL3638,1.0,1,3,1
1,1.0,0.4969055652618408,1,588FFiBS7n4Z9PvHg-vk3Ri145,1.0,1,3,1
0,0.0,0.399113655090332,1,2673FDf451ZmX7vXALugyB1a1043,1.0,1,3,1
0,0.0,0.6754589080810547,1,2108xKVGNBGadZC0TWhSQviQ1483,0.0,0,3,1
1,1.0,0.4750556945800781,1,156057Z3OOwBTdwP-hDQ9L4U1337,1.0,1,3,1
1,1.0,0.2941443920135498,1,1153iDMvxLm4_lq7OZxrcPwi3291,1.0,1,3,1
1,1.0,0.5438315868377686,1,1941vdbzlN7oVltmEKX-YLNT2320,1.0,1,3,1
1,1.0,0.2046377658843994,1,22353xyc8AR6WxpoF2OKgYnG4006,0.0,0,3,1
0,0.6666666666666666,0.319892406463623,1,1532jmPrtawUKEP8PbFN0KA51941,1.0,1,3,1
0,0.8,0.3005506992340088,1,2364oU8m6CS05FyyuZgf1_IG3724,0.0,0,3,1
0,0.0,0.4287793636322021,1,20834ruTF1RWWFPVpeiVYmwK1553,0.0,0,3,1
1,1.0,0.368619441986084,1,2998eOTOpuoi6pcPY7lXKHLZ3868,1.0,1,3,1
0,0.972972972972973,0.6225149631500244,1,613XW7YAciAiMgfISN_tpEO76,1.0,1,3,1
0,0.8,0.341754674911499,1,1169sLy1F9DsgmSEU3gCb28W3246,1.0,1,3,1
0,0.8421052631578948,0.3824589252471924,1,2649du0NVM86G2VsbeYMwrgl1109,1.0,1,3,1
0,0.2857142857142857,0.2666223049163818,1,15715bk_bkzCsTkEKHc-4BgP1308,0.0,0,3,1
0,0.0,0.4945924282073974,1,709ZYekPZmIHVZUS0oAXArM2856,0.0,0,3,1
1,1.0,0.2817912101745605,1,2031SeyVh-govknTHJdzCd5x2149,1.0,1,3,1
0,0.7499999999999999,0.3468801975250244,1,984CNpDqalkISFG_gY2XwD_449,1.0,1,3,1
0,0.6666666666666666,0.3335440158843994,1,2727JkYnxxl8d_jUsjzpRwXm893,1.0,1,3,1
1,1.0,0.3877758979797363,1,15573dHdiCo9iVvktQEFAE5h1345,1.0,1,3,1
0,0.5,0.4392931461334228,1,659fIQxckVQ8kQLQWyiAcB82980,1.0,1,3,1
0,0.7692307692307693,0.4145114421844482,1,2630aXuhB9uY_8J6EHtO6-Mr2337,1.0,1,3,1
0,0.5,0.2639851570129394,1,2473I_8F1yJw7g41cfbvdciy1844,1.0,1,3,1
0,0.8000000000000002,0.3181447982788086,1,2420arevHpIfCSerP3MdIRta3615,1.0,1,3,1
0,0.25,0.410832405090332,1,843WSwRhwEu22UV7c_-UxnD2768,0.0,0,3,1
1,1.0,0.4158716201782226,1,1219odhtmia1JdsfFwCJXe5O3098,1.0,1,3,1
0,0.5185185185185185,0.7469842433929443,1,1152CwAbYMM50m_imGCtX8jF3293,1.0,1,3,1
0,0.4,0.2845914363861084,1,15886mL2IQG8B6jETUgnOHZc1269,0.0,0,3,1
1,1.0,0.3680918216705322,1,1234WIzl7ElikCCPk4gA-7ua3058,1.0,1,3,1
1,1.0,0.2992637157440185,1,25135YWzIpnXIrhMAoH0h6tB1752,1.0,1,3,1
0,0.5,0.2767095565795898,1,2473I_8F1yJw7g41cfbvdciy1845,1.0,1,3,1
0,0.1538461538461538,0.529911994934082,1,13562fQ6wZGlmwHe0KMgKqQ4802,0.0,0,3,1
0,0.8333333333333334,0.416907787322998,1,2145sC266Uf0RNluKT7FLFAv4236,1.0,1,3,1
1,1.0,0.3021595478057861,1,2709l9BXzPyNws7gAw46g8eL943,1.0,1,3,1
0,0.4482758620689655,0.6921632289886475,1,2448cpYalEhOyaX7nVOEWjj31900,1.0,1,3,1
0,0.4,0.3049519062042236,1,857_7Nv3vFr25l0dhIhFy_82727,1.0,1,3,1
0,0.6666666666666666,0.435619592666626,1,658XMVOSc2EDbG6L6Fxkc3G2984,1.0,1,3,1
0,0.5405405405405405,0.9025156497955322,1,24057YiGguOU4QpG_Wn3OHra3639,1.0,1,3,1
0,0.1666666666666666,0.5575888156890869,1,3014BDldoLr7qRhv_7TSXE6q3832,0.0,0,3,1
1,1.0,0.4047348499298095,1,989l-L43EQr9gwIj8urs_ta432,1.0,1,3,1
0,0.5263157894736842,0.5492794513702393,1,945US4EY2sSosbMTVy_bzAD564,1.0,1,3,1
0,0.5714285714285715,0.3741903305053711,1,1484LBCjE9GGNK0dm10EyT1L2043,1.0,1,3,1
0,0.4,0.2767171859741211,1,1176A_9vaJNosqGkXRVsziub3227,1.0,1,3,1
1,1.0,0.309647798538208,1,1534DljtGtyMC7VBZ7LOjAQY1936,1.0,1,3,1
1,1.0,0.5114481449127197,1,941qAh1ZQv3LHBcrNhFMIpF576,1.0,1,3,1
0,0.4,0.5464701652526855,1,2963SvvO1TYX7ABi60_kmjOW3951,1.0,1,3,1
0,0.5217391304347827,0.5139639377593994,1,25369eavZOrMspyuwUfYt25g1688,1.0,1,3,1
0,0.2105263157894736,0.5124554634094238,1,1361J6GUEFw0eUjZYJ4tiHvB789,1.0,1,3,1
0,0.0,0.3237028121948242,1,539W46MSJwTdnqptRMTDZ5i291,1.0,1,3,1
0,0.4,0.2678802013397217,1,2733NKE9l-FIURwp5kMM_ty2874,1.0,1,3,1
1,1.0,0.2679579257965088,1,1599HSzSTRtnTI56md6V7-t-1239,1.0,1,3,1
0,0.1999999999999999,0.7288658618927002,1,1441MCBHwz4mlshCsnGFlkHe2130,1.0,1,3,1
0,0.8,0.2775826454162597,1,3028tKME3xmEIFzACt6fT95u3800,1.0,1,3,1
0,0.5,0.4755151271820068,1,2649du0NVM86G2VsbeYMwrgl1108,1.0,1,3,1
0,0.4848484848484848,0.6722221374511719,1,133872Mtqyb09KyYyKdDni5N858,1.0,1,3,1
0,0.3333333333333333,0.6218724250793457,1,1743g-gnR1iSF9jlsKTC_sPk3573,1.0,1,3,1
1,1.0,0.2527952194213867,1,67563V9Jr6L6R2D0ymJM0Y-2939,1.0,1,3,1
0,0.4615384615384615,0.5847244262695312,1,1966vorrM41EahptwctgnTjv2262,1.0,1,3,1
1,1.0,0.3172266483306885,1,2442O-F2YezfPTPaci1R28vY1912,1.0,1,3,1
0,0.5,0.4043338298797607,1,22235lwUx01x9_1JlfE_OedT4042,0.0,0,3,1
0,0.6,0.4189662933349609,1,1558nZ4e9hyDysgIXtjrdr1k1342,1.0,1,3,1
1,1.0,0.2760481834411621,1,1143GfNyvAU7ymTE77VLNZnG3321,1.0,1,3,1
0,0.8000000000000002,0.4009068012237549,1,1377MSN5P9oksYJneDnSmHM3747,1.0,1,3,1
0,0.6666666666666666,0.3115363121032715,1,2629GQD7koFMwyiUTeUEaCv82340,1.0,1,3,1
0,0.8181818181818181,0.5254988670349121,1,2398cHxKpmXAoKYK97Ln3GA23652,1.0,1,3,1
0,0.0,0.3772516250610351,1,2639bkXWs91YZSHduhAO93vu1135,0.0,0,3,1
0,0.4615384615384615,0.401839017868042,1,1569Ht4xo6nEjNKzw9OyGAql1309,0.0,0,3,1
0,0.48,0.6196720600128174,1,2994mHjER7-9C4dmnyiiHwVD3876,1.0,1,3,1
1,1.0,0.3620259761810303,1,1197ycLPMsis4jTkwSPiz6RD3164,1.0,1,3,1
0,0.0,0.3469076156616211,1,654LwM3OC8BHTl_TVgTJuoF2990,0.0,0,3,1
1,1.0,0.4386603832244873,1,91489gYi_bXEz_5f9xGfB8j2583,1.0,1,3,1
1,1.0,0.254460334777832,1,15208OmvhIK608dqFRGSSOAV1972,1.0,1,3,1
0,0.6666666666666666,0.5779438018798828,1,1819Mz9_et-ab6SF7qwOOuB33386,1.0,1,3,1
1,1.0,0.337040901184082,1,1461b77FDHPFXFe4yi5Nhcwr2092,1.0,1,3,1
1,1.0,0.2858824729919433,1,13946HYMoyH_5YN47EsUiywo704,1.0,1,3,1
0,0.3333333333333333,0.3809330463409424,1,2988o2Tx-xSKGXrXuofncBnZ3888,1.0,1,3,1
0,0.9090909090909092,0.298699140548706,1,2433XfYtnZCXUsAMbQw-Qmvr3596,1.0,1,3,1
0,0.25,0.5411512851715088,1,1817S4YdUgIpGi5YXH0jwLkQ3391,1.0,1,3,1
1,1.0,0.3328628540039062,1,1805f28kB0QsdrrJaSbyx3nC3424,1.0,1,3,1
1,1.0,0.2847700119018554,1,1505bna2sA0Za87BSd9REwkK2010,1.0,1,3,1
0,0.2857142857142857,0.7433879375457764,1,2475OSfljvtxbxq6XRCvWHgr1837,0.0,0,3,1
0,0.0,0.5706737041473389,1,903d3S0iJZYbioutIfyZx9E2615,0.0,0,3,1
1,1.0,0.2926409244537353,1,1529gQToGseAQ0_-DRta9yac1949,1.0,1,3,1
0,0.9333333333333332,0.6273410320281982,1,2163prpiVkHoWAkyQR6_xuQb4191,1.0,1,3,1
1,1.0,0.2978918552398681,1,1453zJFuwlSehscZJwrQDmDL2107,1.0,1,3,1
0,0.9411764705882352,0.5518863201141357,1,6051HWp8diqm_U2xVdalV6U97,1.0,1,3,1
1,1.0,0.3164770603179931,1,925n35w1SDxy9hu-BoGzQhT2552,1.0,1,3,1
0,0.5,0.3756313323974609,1,624IMVlhXqEDrP4UTYdjFBl44,1.0,1,3,1
1,1.0,0.2398226261138916,1,1381nh2SdDr2eWku393B09QY735,1.0,1,3,1
1,1.0,0.3269984722137451,1,918QqxhdE7q7zGH9LNONh2w2570,1.0,1,3,1
0,0.8,0.4001171588897705,1,2209BDzn0SpuYmXdWVg9Z1Hy4072,0.0,0,3,1
1,1.0,0.2853631973266601,1,2969gQlMvd6FhSZMcTlnE-C13936,1.0,1,3,1
1,1.0,0.2459115982055664,1,1826-5gZY7Lc4gn0qD-o6_To3371,1.0,1,3,1
1,1.0,0.3497562408447265,1,1155buq6aWlaQuO1-Win_xed3286,1.0,1,3,1
0,0.9523809523809524,0.4627189636230469,1,2015WJQ6AfHutHfsyi2M-HtJ2182,1.0,1,3,1
0,0.0,0.5278794765472412,1,20814-Xp7gQ0gpoeNufV1CCM1557,0.0,0,3,1
1,1.0,0.3415651321411133,1,691pqnhMyJfTBtJrs_4z71s2897,1.0,1,3,1
0,0.5185185185185185,0.63700270652771,1,2155ZEIUMmffTYNXBH3uiR8c4209,1.0,1,3,1
0,0.0,0.3704345226287842,1,1542RhDswvJFqP2Jq9iUFinr1386,0.0,0,3,1
0,0.3157894736842105,0.4430203437805176,1,1471q7bJiZQDI20zdeWOjTxp2067,1.0,1,3,1
0,0.5,0.3863503932952881,1,1504hlqci9hC_wlnWXFEJjtG2012,0.0,0,3,1
0,0.2,0.7010018825531006,1,1034wHnCBpfrzubpIdoRKWKA312,0.0,0,3,1
1,1.0,0.3001065254211426,1,1151R3T8HOlw_qdMmdrBoT543297,1.0,1,3,1
0,0.0,0.2277545928955078,1,948uYfQaDqdMCAYnSxY-SL1557,0.0,0,3,1
0,0.0,0.5053534507751465,1,568riF6WKYPtmQvPRer2HKt205,0.0,0,3,1
0,0.6857142857142856,0.775935173034668,1,602gS9orzSbPkJ3cqNbO8j_104,1.0,1,3,1
1,1.0,0.2975499629974365,1,1153iDMvxLm4_lq7OZxrcPwi3292,1.0,1,3,1
0,0.1052631578947368,0.4210853576660156,1,2180sY_3Ea7lN3cAxecHCD0Z4144,0.0,0,3,1
1,1.0,0.2461650371551513,1,17575vjW6q5vpBlTdRADa0J73533,1.0,1,3,1
1,1.0,0.2838530540466308,1,2624iiqNCKQgjCP_ToRoxVcp2351,1.0,1,3,1
0,0.1739130434782608,0.5514709949493408,1,1009Uk9DWEoZIQcw717YJKbT386,0.0,0,3,1
1,1.0,0.4022800922393799,1,916HouNf3Zihi-QrcktYOJO2578,1.0,1,3,1
0,0.4615384615384615,0.431795597076416,1,559ldmP2ngc1Q7BVHfHwYZC233,1.0,1,3,1
0,0.888888888888889,0.3939735889434814,1,1199nIbUtObyZOiLZVUYMs653158,1.0,1,3,1
1,1.0,0.2726681232452392,1,2057JTrMpRMQ_nlV6rjSFX2Z1629,1.0,1,3,1
0,0.5714285714285715,0.5339920520782471,1,1374yoc9nWJdr9ATgDMv2vDw751,1.0,1,3,1
0,0.7999999999999999,0.3857865333557129,1,1837DjnvLKs92-s8s-2bK5zI3339,1.0,1,3,1
1,1.0,0.2535088062286377,1,23807v22XvrUQTol7Th3lJWE3687,1.0,1,3,1
0,0.3888888888888889,0.4916441440582275,1,14983XjeUEukDaw3K-IUo4aw2024,1.0,1,3,1
0,0.1538461538461538,0.7424860000610352,1,1017yXOYCLYZzxUNNXCwSOw5363,0.0,0,3,1
0,0.3636363636363636,0.437929630279541,1,3025_iaJPF1EGsooMPEGZwvG3806,0.0,0,3,1
0,0.5,0.3201847076416015,1,987bTlOLptWnZwVJGOtDfda438,0.0,0,3,1
1,1.0,0.3931522369384765,1,2397ngYUHwjsIyhb2KRudMVS3654,1.0,1,3,1
0,0.6666666666666666,0.3870210647583008,1,2629GQD7koFMwyiUTeUEaCv82339,1.0,1,3,1
0,0.25,0.4361276626586914,1,2118jdsykE0McP5cAZxVpo2d1455,1.0,1,3,1
1,1.0,0.2302606105804443,1,2363jyeSrDuTiJf_bqAPDD473726,1.0,1,3,1
0,0.0869565217391304,0.6309759616851807,1,2183w23owTHpXeij1zV_FDX74135,0.0,0,3,1
0,0.0,0.3513789176940918,1,665QURdf6UuEnoJsKOV4YtB2962,0.0,0,3,1
0,0.0,0.5612986087799072,1,1545g1Tb818_JNDAuQjE--ZZ1378,0.0,0,3,1
1,1.0,0.3304226398468017,1,2733NKE9l-FIURwp5kMM_ty2875,1.0,1,3,1
0,0.4166666666666667,0.7098066806793213,1,914b0zdkdwAh3xlbhnY8du72582,1.0,1,3,1
0,0.2,0.7487168312072754,1,2425oi8tztQpIN1A44b1j3AL3606,1.0,1,3,1
1,1.0,0.3008708953857422,1,1814rsETf2eToNtZrivLqKSE3400,1.0,1,3,1
0,0.6666666666666666,0.3497273921966553,1,1476m9DFMcKpET2GRr7cT4FS2057,1.0,1,3,1
0,0.2857142857142857,0.5227408409118652,1,23683s2xe5bz2so10XGK2qBO3713,0.0,0,3,1
0,0.3157894736842105,0.4499852657318115,1,951QRsnzHPzlTm1kJw2YlVa547,1.0,1,3,1
0,0.1333333333333333,0.4934201240539551,1,11560sYYJxTrE--1-2sMNJ953281,0.0,0,3,1
0,0.8,0.3187294006347656,1,3015gokJ7rr6uB6YTy3Khm0u3828,1.0,1,3,1
0,0.6666666666666666,0.5910706520080566,1,2139x2uHOpf3opRosVHKHI5y4250,1.0,1,3,1
0,0.1176470588235294,0.5870039463043213,1,1348pryWv6mij3utlHnSurED826,0.0,0,3,1
0,0.6874999999999999,0.656496524810791,1,1950b8OIQ8bzZrEdme_QFejW2298,1.0,1,3,1
0,0.6666666666666666,0.4285037517547607,1,1237yuti7VE1972UnCfqAN7V3047,1.0,1,3,1
0,0.3333333333333333,0.2572312355041504,1,2053ydHY-RsjDaaTRo5IttrE1640,1.0,1,3,1
0,0.3333333333333333,0.3911399841308594,1,1759y5yGptDhTmoTR_wEuxlL3528,1.0,1,3,1
0,0.5,0.7064487934112549,1,2655YDVlTu5g8XP-s_xoiAGt1094,1.0,1,3,1
0,0.0,0.3281428813934326,1,1226VvNg35i87Jc0HRevhBIp3078,0.0,0,3,1
0,0.0,0.3329195976257324,1,1172cnB3XirJLf2l_lj2h1NR3238,0.0,0,3,1
0,0.1818181818181818,0.3920955657958984,1,1513e32PRGagyhaNmp__k3W51991,0.0,0,3,1
1,1.0,0.3042178153991699,1,646OD5224k55Wh4kR-RsWPl3015,0.0,0,3,1
0,0.6666666666666666,0.7288341522216797,1,2080DF2p6ax3v1-aUbtGWT4O1562,1.0,1,3,1
1,1.0,0.3770413398742676,1,2502zG6K8It4JMfa8UrkdPdw1775,1.0,1,3,1
0,0.0,0.530325174331665,1,25018IwgMznLBiuCDIKcy_yK1777,1.0,1,3,1
0,0.2857142857142857,0.7771854400634766,1,1214Ok_4GK2IaQBQ79ypkNPy3114,1.0,1,3,1
0,0.8333333333333334,0.3934195041656494,1,2187gvsT7evQEJ8hMJqK5EHQ4126,1.0,1,3,1
1,1.0,0.2933962345123291,1,2393dPWkz_403rASrRrq7O713664,0.0,0,3,1
0,0.4444444444444443,0.6786465644836426,1,1610lit-PZD9j4XnYX8iyzdL1208,1.0,1,3,1
0,0.25,0.3590009212493896,1,1458iv0WdN_NvJkFoTdqCZ_Q2098,1.0,1,3,1
0,0.3333333333333333,0.3199658393859863,1,234909hrgzPVzcKNSXWO1ok-3759,1.0,1,3,1
1,1.0,0.4483819007873535,1,1371VdM9y71lHCPan3KXr3WS759,1.0,1,3,1
1,1.0,0.3030693531036377,1,25586lylI6AjP0zEVdJqgXCx2474,1.0,1,3,1
1,1.0,0.3433330059051513,1,2155b4lPV6COMDxcEuBc4bUB4211,1.0,1,3,1
0,0.1818181818181818,0.4361829757690429,1,640UbntiFko68p3ukz6iGpI3034,0.0,0,3,1
0,0.4,0.3365986347198486,1,3036vybNVfi22WAmwyXaCyoP3790,1.0,1,3,1
1,1.0,0.2527735233306885,1,735vGzQ3nCx9nbWxB-Wes4C2789,1.0,1,3,1
0,0.8,0.242340087890625,1,5401-KQtKiJkYnkPCmw8hgz289,1.0,1,3,1
1,1.0,0.2894823551177978,1,861-dKB_3BSzYCaSTRw8Av_2715,1.0,1,3,1
0,0.7826086956521738,0.6808626651763916,1,8486FcfpGKVx1trsy0PGkDp2755,1.0,1,3,1
0,0.0,0.4985203742980957,1,1229AbP35CEyoMV2CzyjH6_q3070,0.0,0,3,1
1,1.0,0.2206213474273681,1,1148Ml3yo3KDCBBSJoQQlyFc3305,1.0,1,3,1
0,0.2666666666666667,0.5553290843963623,1,842c07Yh3NdidKu-h5mkQl02771,1.0,1,3,1
1,1.0,0.3066275119781494,1,1400uU3CM_7LdMUuWkvkQxxM686,1.0,1,3,1
0,0.2,0.4072566032409668,1,1567OzoMV2H8D1C1oKf9kJ7U1316,0.0,0,3,1
0,0.888888888888889,0.353900671005249,1,27282z0c8x28uAuDYrTlxOP-890,1.0,1,3,1
1,1.0,0.1974155902862548,1,1792pLMxkyBoluA32NPBVhWK3449,0.0,0,3,1
1,1.0,0.3680059909820556,1,634_wgzPKlx4nIMyi-kCnjn12,0.0,0,3,1
1,1.0,0.2916557788848877,1,1554GyUQ981YKusehk4Cl7Te1354,1.0,1,3,1
0,0.0,0.3036115169525146,1,2729ECSyBaYVZZbDBNyaHu4J887,0.0,0,3,1
1,1.0,0.494598388671875,1,2065EHsPdSp_5DrQeLr1ttuL1606,1.0,1,3,1
0,0.1904761904761904,0.5186727046966553,1,140037nUS1rT0UQNsaFa9Rwl685,1.0,1,3,1
0,0.0,0.3023295402526855,1,566fv5aDvtV7-Bv4hgl9TCy212,1.0,1,3,1
0,0.7586206896551724,0.6099448204040527,1,2061TwbS9naBRQ2tozfnle021616,1.0,1,3,1
1,1.0,0.2314722537994384,1,54482QW5OfFiQVIWiIpVI2E278,1.0,1,3,1
1,1.0,0.4519295692443847,1,2707KB1tO6YYJq35qJk9l8AN945,0.0,0,3,1
1,1.0,0.3238859176635742,1,1530v9JIqRhesvlWwvstOwUR1948,1.0,1,3,1
0,0.0,0.3151178359985351,1,1949jEKqGQclC11Cc2b7IDqv2299,0.0,0,3,1
1,1.0,0.2644839286804199,1,1012LN56E8ShPhOCoocbJrrp376,1.0,1,3,1
0,0.1739130434782608,0.6391396522521973,1,1587GKW8NX3dkLWoOc6aJ86v1270,1.0,1,3,1
0,0.6666666666666666,0.2527925968170166,1,677F23ky2ysRzZ_9ea_iceg2934,1.0,1,3,1
1,1.0,0.2717616558074951,1,1409SROjOQ9iV118JePvaz45660,1.0,1,3,1
1,1.0,0.3308875560760498,1,2701_eTSfG0kbk-njomBcNgv961,1.0,1,3,1
1,1.0,0.4240806102752685,1,2209HnLyE3YKg6twl_Q-g1Ec4070,1.0,1,3,1
1,1.0,0.3253016471862793,1,2230L8455dET7-fRoIdsUivX4021,1.0,1,3,1
1,1.0,0.2915859222412109,1,1446OxQzkmFxIj-VPbEUcz7j2119,1.0,1,3,1
1,1.0,0.3929705619812011,1,2177rTzU3iHejo6wHiCUUGgR4150,1.0,1,3,1
0,0.6,0.4072177410125732,1,1482vLr96JPpOOrUo1CAJV2o2046,0.0,0,3,1
1,1.0,0.299182653427124,1,2541Xqfe9NPWsDPd0IRvHv882507,1.0,1,3,1
0,0.64,0.6471972465515137,1,2374k50_RHXB5GThYKzc39DZ3702,1.0,1,3,1
0,0.4,0.4458973407745361,1,875H9HPG7IDtm8eYpP2uh2I2684,1.0,1,3,1
0,0.7692307692307692,0.3660590648651123,1,2669v67locIF9ThvWJ8mcmqm1056,1.0,1,3,1
0,0.0,0.4299719333648681,1,20893J7zds0fTmdwGScrXxYe1536,0.0,0,3,1
1,1.0,0.322624921798706,1,2024uEKyOIRbOWRGqSX25wAv2167,1.0,1,3,1
1,1.0,0.3753290176391601,1,2032h_xc2uXEe2J9hKtwBMZw2148,1.0,1,3,1
0,0.6,0.3449718952178955,1,2039WNZPsx3z2vJcCCCoGkpW1681,1.0,1,3,1
0,0.0,0.337282657623291,1,1971QdtwinuI-Pt-gRGhMumc2254,0.0,0,3,1
0,0.0,0.3241879940032959,1,2497wmCVXc__4_q7aCFHvax81788,1.0,1,3,1
0,0.0,0.3376710414886474,1,2367wI6YJctGx_TrLePW0zFT3716,0.0,0,3,1
0,0.4285714285714285,0.5193016529083252,1,1748emZrqreIzMIm0XWLL7Rn3560,1.0,1,3,1
1,1.0,0.23103928565979,1,2170uR1FxS5nUGkssv426mqU4172,1.0,1,3,1
1,1.0,0.2832458019256592,1,1227qM25lwDT1HffYX7Q27LJ3076,1.0,1,3,1
0,0.1739130434782608,0.6216981410980225,1,65691nmDsNoy6GHCZUYjINN2986,1.0,1,3,1
0,0.8333333333333333,0.3974878787994385,1,302251nQ3cmNluA1AUr3iMk63812,1.0,1,3,1
1,1.0,0.376150369644165,1,1816M49IXoDpU__17vFIazVS3395,1.0,1,3,1
0,0.2857142857142857,0.5871546268463135,1,2406S8qt5kYqLYszOCu0lYmZ3636,1.0,1,3,1
1,1.0,0.2348747253417968,1,566bnXrhcjKEaxVTc-LeHzY210,1.0,1,3,1
0,0.5161290322580646,0.7187182903289795,1,22018wPqrmJcGuWfE5hB9sO74095,1.0,1,3,1
0,0.4444444444444445,0.3050527572631836,1,2043FtfsfjPEPMp72mimJA1r1669,1.0,1,3,1
0,0.8,0.2427558898925781,1,955e36D7g1kt9C0gus4wfH8535,1.0,1,3,1
0,0.4705882352941176,0.5022938251495361,1,2973JDgkSnGitYck_HX9Ne233926,1.0,1,3,1
0,0.4444444444444444,0.6516830921173096,1,24187-nhPhxI7dZV22pltvqB3619,1.0,1,3,1
1,1.0,0.2354896068572998,1,1778w_0Pgt92UHRoeIwEqNNr3481,1.0,1,3,1
0,0.625,0.5304720401763916,1,1192NtMV2nW3J5X78M_fz_jM3179,1.0,1,3,1
0,0.0,0.5155413150787354,1,2237FYTudBkYGOD7oCKDGYv44000,0.0,0,3,1
1,1.0,0.327512264251709,1,1430BuwokBjmVg7AdzOoLBQQ597,1.0,1,3,1
1,1.0,0.2125856876373291,1,1164efJ2bD2I51tG9DDDy2263262,1.0,1,3,1
0,0.8571428571428572,0.4081265926361084,1,987JCMK8qp1XiHG6fmq_sqJ439,1.0,1,3,1
0,0.5714285714285715,0.3494167327880859,1,1612PKGAkMM3MocoHgcn3Vg61202,1.0,1,3,1
0,0.0,0.2534945011138916,1,707eQxJt9Y35aEN6MtyrclZ2862,0.0,0,3,1
0,0.5714285714285715,0.3575320243835449,1,1196b9cuPeUxYC3Lp7LVQMAF3167,1.0,1,3,1
1,1.0,0.3670802116394043,1,545gbwwHQNYWNJmwx_zhGUS273,1.0,1,3,1
0,0.5,0.5068874359130859,1,2422AkNZxKVfPVF92vs5qzLX3610,1.0,1,3,1
0,0.2962962962962963,0.7108902931213379,1,1437oSS908LBdCS-R1lhS_zZ587,1.0,1,3,1
1,1.0,0.2665808200836181,1,1562tZVF0c_Hwu_jpQkNLPxj1330,1.0,1,3,1
0,0.3636363636363636,0.516667366027832,1,2556v9wSIrA-gKUGDFK65QmW2475,1.0,1,3,1
0,0.2857142857142857,0.3896670341491699,1,1742Qn8cd--IGplBaIA5QEpU3578,1.0,1,3,1
0,0.0999999999999999,0.6013960838317871,1,8808MIOqs91bcamJY7BKpKK2672,0.0,0,3,1
1,1.0,0.2764837741851806,1,2417Txi9GL74fxs5Z2asL3203622,1.0,1,3,1
0,0.3333333333333333,0.5958716869354248,1,1544BBli6lvsM3ocK55YaTtb1381,1.0,1,3,1
0,0.5,0.3920912742614746,1,1753kpSTtywObsOC3dzGk8kX3543,1.0,1,3,1
1,1.0,0.237973928451538,1,7150BJ0glnjGlTFTJ4cTdiF2840,1.0,1,3,1
0,0.7499999999999999,0.520042896270752,1,1746XQjTLVhuW5-HmTtxqxuv3564,1.0,1,3,1
1,1.0,0.3759074211120605,1,651fsZ9lTWd449M33QOudtw3000,1.0,1,3,1
0,0.5454545454545454,0.4192180633544922,1,599uREx6nun3gOEAd8YzR5s112,1.0,1,3,1
0,0.8888888888888888,0.4153525829315185,1,1218OExrGg3DDUqQ_BBB10Tn3102,1.0,1,3,1
0,0.7777777777777778,0.4646904468536377,1,1635w_Q9eBE8d4QJlCSJBFiT1143,1.0,1,3,1
0,0.5,0.289191722869873,1,2148ORbgn9xAFsNQtzXY__rj4228,1.0,1,3,1
1,1.0,0.3573944568634033,1,1963usWUHwJqt8eDD2dj9VZ-2267,1.0,1,3,1
1,1.0,0.2951586246490478,1,2146tqPHx6tj2s94He2JdG_i4232,1.0,1,3,1
1,1.0,0.3231186866760254,1,577YsCJ2FO7dV054McSxQvM177,1.0,1,3,1
1,1.0,0.3595097064971924,1,2679ULojnjXzA_nUbY_9FqSx1025,1.0,1,3,1
0,0.4444444444444445,0.3399233818054199,1,2029WPXur9oP38dHkMIPUsem2155,1.0,1,3,1
0,0.2857142857142857,0.4748804569244385,1,2360wqBrcNsj4JFKMf-J5jFI3733,1.0,1,3,1
0,0.0,0.2981553077697754,1,2527_1gwPfkH0sI_fNYkRULn1713,0.0,0,3,1
0,0.2962962962962963,0.7886369228363037,1,2523I4nlHreDk5vBkSCH8RHq1726,1.0,1,3,1
1,1.0,0.2781534194946289,1,2002a_R1XmwMDmL5wyPZDS2t2203,1.0,1,3,1
0,0.5,0.3913953304290771,1,2478ulEtsZsxkcgly7IxV7jm1830,1.0,1,3,1
0,0.2745098039215686,0.9016706943511964,1,2426FvIaTEpxUSzdWjZW6ctB3605,1.0,1,3,1
1,1.0,0.343346357345581,1,19540qz1hFiTRNqKyYUyx4Y82288,1.0,1,3,1
0,0.88,0.5960507392883301,1,589s50VvGuiEMsAcZpOIrdE142,1.0,1,3,1
1,1.0,0.2870275974273681,1,8616U9DJ4emRPwsHZTqmdGu2714,1.0,1,3,1
0,0.0,0.33319091796875,1,964RapMeSY8FyWlaMkFUNk8508,0.0,0,3,1
0,0.125,0.4841482639312744,1,1464jHZlsBjVv-8xARfsJrXa2086,0.0,0,3,1
0,0.1999999999999999,0.3884844779968261,1,2427o0QmxcHBetNiSbTlOqmh3602,1.0,1,3,1
0,0.6666666666666666,0.2974472045898437,1,1429iK5AeBnwtcbLHrY4SztI601,0.0,0,3,1
0,0.6,0.3477249145507812,1,2345xzNHwuJ_9-no_amFWS4A3767,1.0,1,3,1
0,0.5161290322580645,0.6416640281677246,1,2943rfsS5qs59QlXyCYYjei03989,1.0,1,3,1
0,0.0,0.1952652931213379,1,1467oCR_WpQCRef2iR_N2NhR2077,1.0,1,3,1
0,0.7878787878787878,0.5500223636627197,1,11583AIKJFgE0UrBCHocpd653277,1.0,1,3,1
0,0.0,0.54549241065979,1,578C_O7pYNiyLAUSE5J66xB176,0.0,0,3,1
0,0.0,0.3335094451904297,1,26062Jzbzm2Iew5_dSx6LCM12376,0.0,0,3,1
0,0.0,0.4829549789428711,1,2517saKKvHaEWnw2pvl75Xuf1742,0.0,0,3,1
1,1.0,0.2706820964813232,1,17839rNVzte3BRZvP4qWRMqo3467,1.0,1,3,1
0,0.0,0.3641045093536377,1,2111jmqUVcM8RCxkrmjvb0hZ1476,0.0,0,3,1
1,1.0,0.2872352600097656,1,2514EGWk59PbC7MjrXE6AlVn1751,1.0,1,3,1
0,0.8,0.3019678592681885,1,1517p5p7fblRKtBb8l9_uGtZ1977,1.0,1,3,1
0,0.1428571428571428,0.9132368564605712,1,2727bEO69UF_-G1jUOIEpXYj891,0.0,0,3,1
0,0.8,0.3584046363830566,1,858nySH6AfeIgauM40DaAIr2725,1.0,1,3,1
0,0.7096774193548387,0.6227054595947266,1,685-r-l6EtOMeFTYAMUFp2R2913,1.0,1,3,1
0,0.3333333333333333,0.9103846549987792,1,2383_zZGxCRJzjykFJNk3Fql3681,1.0,1,3,1
0,0.2,0.3451404571533203,1,24874ZExUiMVxjjNDRJVHXGS1814,1.0,1,3,1
0,0.5,0.482776403427124,1,2468bI5nQWQ8Og-_9QlLKU8v1859,1.0,1,3,1
0,0.0,0.6122622489929199,1,19734HA-piKOQCj9cOheHeMR2250,0.0,0,3,1
1,1.0,0.3739717006683349,1,942YwxEcLEOCAotnSzvxJj-575,1.0,1,3,1
0,0.0,0.6569631099700928,1,2026yIVtrJbiaYcqiJLKF7l92162,0.0,0,3,1
1,1.0,0.3423850536346435,1,2180GzU3fBZQ6NFjdA3mnHhk4143,1.0,1,3,1
0,0.5,0.3189752101898193,1,1942fMXkD48PYS9_snttkRcW2317,1.0,1,3,1
1,1.0,0.2372846603393554,1,2629-52k9W9kCEdUZtJCllTb2338,1.0,1,3,1
0,0.5454545454545454,0.5686407089233398,1,2110ziYcZhTz_BC1MPXgUtC31479,1.0,1,3,1
0,0.4,0.3699033260345459,1,731bdFMw_WBEsLLGgw0OqIo2798,0.0,0,3,1
1,1.0,0.3011064529418945,1,1450f9K9T1lv3UmdhS-rbS-p2113,1.0,1,3,1
0,0.888888888888889,0.3139533996582031,1,737t5Q6W-ejkvhnx8fhmjhP2784,1.0,1,3,1
0,0.2,0.6423294544219971,1,2421aPJOo5UynG4APVgasKa53613,0.0,0,3,1
0,0.1666666666666666,0.6169919967651367,1,1342n57h5KFhZrmo2TPiuwv5845,1.0,1,3,1
0,0.6666666666666666,0.2493250370025634,1,573-_AYG-xxnzzEd1LZiGf8191,1.0,1,3,1
0,0.5555555555555556,0.4110798835754394,1,972xR4_uxpnlIN8NrBztoj1483,1.0,1,3,1
1,1.0,0.3043832778930664,1,1176w-tnctiph48cguCP6TLh3228,1.0,1,3,1
0,0.6363636363636365,0.5271167755126953,1,2020ubB0JZzHv_29zd0WpIjn2174,1.0,1,3,1
0,0.8,0.3524882793426513,1,1443Nxfx0xTNPIR7XHCONrlL2124,1.0,1,3,1
0,0.6206896551724138,0.74444580078125,1,1359ZuJdS_tCrQFa5IcePruQ794,1.0,1,3,1
0,0.0,0.6008327007293701,1,2161ve-pKOVFfnwct9-ZGtow4196,1.0,1,3,1
0,0.5999999999999999,0.5260725021362305,1,1163WM0PVD9qbxkmDaQOIW7Y3265,1.0,1,3,1
1,1.0,0.2973697185516357,1,1415xOKyGuKnDwYbWfqm8DyH643,1.0,1,3,1
0,0.0,0.758594274520874,1,539g1HipZa4q8coORPOMHwj293,0.0,0,3,1
0,0.8,0.5329039096832275,1,22165cE4SIrSj4XGK-I-cUmM4057,1.0,1,3,1
1,1.0,0.3187212944030761,1,907CG6Y0hTOIf2iMApGkPO72604,1.0,1,3,1
0,0.0,0.6827244758605957,1,20865AJD7uSijZkNu3lQlJ481546,0.0,0,3,1
0,0.32,0.4532139301300049,1,27282z0c8x28uAuDYrTlxOP-889,1.0,1,3,1
0,0.0,0.3232283592224121,1,2979WuXci60uJEdQnVCd4Xjn3913,0.0,0,3,1
0,0.0,0.6871609687805176,1,1372T0eDMjnAIUtMFQHcIZWS757,0.0,0,3,1
0,0.375,0.6538009643554688,1,16200K9t6uefE0HN9Xb3n6aS1179,1.0,1,3,1
0,0.5333333333333332,0.6930761337280273,1,2729ECSyBaYVZZbDBNyaHu4J886,1.0,1,3,1
0,0.6666666666666667,0.4000027179718017,1,569DSGp7NYhekO9pVIHrI21203,1.0,1,3,1
0,0.5384615384615385,0.448047399520874,1,1466QWMZl6lBSpMlxHibwqSn2079,1.0,1,3,1
1,1.0,0.2774794101715088,1,1028r9dv8iRRQSL7Ihwkp7tz330,1.0,1,3,1
0,0.6666666666666666,0.314464807510376,1,2119SJEcYcuuQpuvuba_KlGl1451,0.0,0,3,1
1,1.0,0.2485380172729492,1,2044egsXeT6Z85kZYfUih06a1666,0.0,0,3,1
1,1.0,0.2273354530334472,1,855ENEaLZEfgqfGiXz23p4l2732,1.0,1,3,1
1,1.0,0.318983793258667,1,18328gCMjbpzCLFnoMXN6srf3355,1.0,1,3,1
0,0.0,0.3544657230377197,1,20641EP682eRhx2QWgjzDM9I1608,0.0,0,3,1
1,1.0,0.321254014968872,1,2664AqK615zaJ_528hvbvtPb1070,1.0,1,3,1
0,0.3,0.5232980251312256,1,641QPygyAWeJTz2UqZLxPPB3029,0.0,0,3,1
0,0.6666666666666666,0.3190398216247558,1,1814rsETf2eToNtZrivLqKSE3401,1.0,1,3,1
0,0.1428571428571428,0.5464847087860107,1,8521sw4TcnPagCQEoFKD9fN2741,1.0,1,3,1
0,0.3571428571428571,0.7370772361755371,1,606ydc6r27eppB2SC3CIOZ595,0.0,0,3,1
0,0.4186046511627908,0.8545305728912354,1,2373iZm5h4f5Vzcv3z363qPA3704,1.0,1,3,1
1,1.0,0.4221565723419189,1,1190K-vBrGKzVvJ8j8oue-N63186,1.0,1,3,1
0,0.0952380952380952,0.3993070125579834,1,671tmMHr0OIhb3ulvq5ranP2948,0.0,0,3,1
0,0.3076923076923077,0.5217065811157227,1,2993pJ4MhlqvNdq3HP6O5MsP3878,1.0,1,3,1
0,0.6666666666666666,0.4976401329040527,1,2985h8b9cr8x87sGlc8_zLvd3897,1.0,1,3,1
1,1.0,0.2542545795440674,1,1957eVvVnYRmwC4qKHak6Ffq2281,1.0,1,3,1
0,0.3529411764705882,0.9837353229522704,1,2712gqTOsON2hU4puCu5hGNj932,1.0,1,3,1
1,1.0,0.3364646434783935,1,2605xGWRPmjAX3zTTpbG5G9l2380,1.0,1,3,1
0,0.7999999999999999,0.385643720626831,1,15437IrG_pxUZHW4l3vkQWeG1385,1.0,1,3,1
1,1.0,0.3191862106323242,1,2736DC0e2KjXgGVcPZ2WLIxz867,1.0,1,3,1
1,1.0,0.3260807991027832,1,735vGzQ3nCx9nbWxB-Wes4C2788,1.0,1,3,1
1,1.0,0.2661294937133789,1,868zHuIutIEJT12F-70883W2702,1.0,1,3,1
1,1.0,0.3300065994262695,1,1405rcqGslh1c27GRanvx433670,1.0,1,3,1
0,0.6111111111111112,0.6083593368530273,1,2466TSVQzmiW-hXcxaEULw6K1865,1.0,1,3,1
0,0.8571428571428571,0.2659602165222168,1,3002ZnCAiqYIoMCUF-7Op9gv3858,1.0,1,3,1
0,0.5714285714285715,0.3220598697662353,1,896q9fkwlNTB-uLIhW50gpL2637,1.0,1,3,1
0,0.625,0.5198366641998291,1,2082_Dh7f4W3xlRk5gN1uWO_1556,1.0,1,3,1
1,1.0,0.273749828338623,1,567COo6mlEhcowdZdaMt4w3209,1.0,1,3,1
1,1.0,0.2769279479980469,1,1411rDFl1-2KKRZG_zvEhPJb654,1.0,1,3,1
0,0.3636363636363636,0.3461537361145019,1,2619jg4HxmXkfW55mTET__tk2360,0.0,0,3,1
1,1.0,0.2292864322662353,1,151099HNGPaLvlMftND5z0oJ1999,1.0,1,3,1
1,1.0,0.2252752780914306,1,905uMGe3kos3fBWBJRcu64_2611,1.0,1,3,1
0,0.0714285714285714,0.6775527000427246,1,2360xl9Xtx2fW4L4xa2bqWt43734,0.0,0,3,1
0,0.3076923076923077,0.5031771659851074,1,2578y9zD7QdiguEv3Qrdgam-2440,1.0,1,3,1
0,0.0,0.2898693084716797,1,2996CdNLqVyCF_oDaGCdvP6v3872,1.0,1,3,1
0,0.1052631578947368,0.5103638172149658,1,2364oU8m6CS05FyyuZgf1_IG3725,1.0,1,3,1
0,0.3157894736842105,0.6726334095001221,1,1591dOdM4uX7gsb6h9hiAaa_1258,0.0,0,3,1
0,0.5,0.2607676982879638,1,2041vmx_DG5RRvLGNwO62TW31673,1.0,1,3,1
0,0.2,0.4177806377410888,1,2615GCUYxQ_Kg8yTnaAtYYpJ2367,0.0,0,3,1
0,0.0,0.2186832427978515,1,19886xZ3QL22JgKPuzBHbhPo2221,0.0,0,3,1
0,0.888888888888889,0.275597333908081,1,29746uLZOTxxVUkngoUfAtI03924,1.0,1,3,1
0,0.4,0.463428258895874,1,24911q_50dkgYzY3pVZJL3Sc1804,1.0,1,3,1
0,0.3333333333333333,0.1934728622436523,1,665rw55Ie4DPe0sqY77puig2963,1.0,1,3,1
1,1.0,0.2581586837768554,1,900Uh49Da025Lfl-NKMic6l2624,1.0,1,3,1
0,0.9047619047619048,0.7045485973358154,1,19755a5nBZxiYhO8aWU2MbW-2243,1.0,1,3,1
0,0.8571428571428571,0.3015251159667969,1,3004GygMUfp60E04HQswkbY53853,1.0,1,3,1
0,0.0,0.2521102428436279,1,592UDCpvvji8D0o4tbyHcVk134,1.0,1,3,1
0,0.2222222222222222,0.481597900390625,1,550jo6NqKN88LJy5XivwHWi259,0.0,0,3,1
0,0.1,0.6846363544464111,1,2108cT1EpZ4KVx-gQkxVCsU81485,0.0,0,3,1
1,1.0,0.2262732982635498,1,1489_LmzgmYgdCJhBmnZ8hvL2034,0.0,0,3,1
1,1.0,0.210646390914917,1,2057ITnDGLVg5S2wqKJ__VIR1628,1.0,1,3,1
0,0.9,0.414818525314331,1,558WnzWtR_n-6_l7FCPRBSg236,1.0,1,3,1
0,0.3225806451612903,0.8166022300720215,1,2204OiV3FwpDb5okA_ERACO-4085,1.0,1,3,1
0,0.3902439024390244,0.8324184417724609,1,1789NObn0laTBstP0EhadjV63454,1.0,1,3,1
1,1.0,0.2655200958251953,1,1533z2Yfjif7NuyxeBQgP_HF1939,1.0,1,3,1
1,1.0,0.3563923835754394,1,2068VZFhrfoQaF6_QqHBU8iB1598,1.0,1,3,1
1,1.0,0.2534379959106445,1,899hXr2vSRxP3sXDcstnm7f2627,0.0,0,3,1
1,1.0,0.2381472587585449,1,2173fu4XUTuowr7JXVT_qKR14163,1.0,1,3,1
0,0.16,0.5774850845336914,1,2669bH2ksxtOtDv46cPVBE6i1054,0.0,0,3,1
1,1.0,0.3495995998382568,1,987JCMK8qp1XiHG6fmq_sqJ440,1.0,1,3,1
0,0.3333333333333333,0.523216724395752,1,1473IwZwglReS87tV2cQBA732060,1.0,1,3,1
0,0.5714285714285715,0.2814056873321533,1,2974B_C3BlFiCXVCIZTJwilo3925,1.0,1,3,1
0,0.2499999999999999,0.6092517375946045,1,13382oqMvOQePhgGm47Ig4iy856,1.0,1,3,1
0,0.4285714285714285,0.4693853855133056,1,1366vMaTN6bH1mlTrIsQvDrD774,1.0,1,3,1
1,1.0,0.3171730041503906,1,2532QPzqtcjnJeRC9NxubnOq1697,1.0,1,3,1
0,0.5000000000000001,0.8461010456085205,1,13510pFXx2vFby05X2rDRJDH818,1.0,1,3,1
1,1.0,0.3638806343078613,1,2488UeDf5D4M1cp6aiddpWg11811,1.0,1,3,1
1,1.0,0.2657186985015869,1,1214Ok_4GK2IaQBQ79ypkNPy3115,1.0,1,3,1
0,0.4166666666666667,0.5571422576904297,1,1014qxjC6hnOZ4bPaoSmBsdF374,1.0,1,3,1
0,0.1111111111111111,0.4864768981933594,1,1179Ij6ixmYImDvTIyylli083218,0.0,0,3,1
0,0.25,0.3530569076538086,1,1577Tx9C-i93906ZHG2xsANm1297,0.0,0,3,1
0,0.0,0.420637845993042,1,640Qn7zKz3a0K2CPVQ8ePuQ3032,0.0,0,3,1
0,0.6666666666666667,0.8226993083953857,1,19876rRq7_YjGKc8EGqs5MHC2225,1.0,1,3,1
1,1.0,0.2738640308380127,1,2569CxCo2aX4KFjjA2hi_lMj2452,1.0,1,3,1
0,0.2857142857142857,0.4575376510620117,1,2529V89h3rXsLL-Bn_hU6PlI1708,1.0,1,3,1
0,0.6666666666666667,0.7048642635345459,1,2435ycikQl9rkmIjh9_GR_8D3592,1.0,1,3,1
0,0.1666666666666666,0.4003584384918213,1,1176w-tnctiph48cguCP6TLh3229,1.0,1,3,1
0,0.409090909090909,0.8397464752197266,1,1946W3OXI0TdbwpADVOL3aMn2309,1.0,1,3,1
0,0.962962962962963,0.7033059597015381,1,943kajWSnLrin3THXJG_d-e572,1.0,1,3,1
0,0.6666666666666666,0.2230815887451172,1,1383YetDIx4cL2q9GHdVBJD-729,0.0,0,3,1
0,0.96,0.6759545803070068,1,609XnbMzpiEKTX90WRPpJOt84,1.0,1,3,1
0,0.6,0.583958625793457,1,1193C2qmrHktioGE48fbbu-L3176,1.0,1,3,1
1,1.0,0.3661768436431885,1,2956Otjt30tSP4HL0iirPKga3970,1.0,1,3,1
0,0.8571428571428571,0.4916596412658691,1,2111jmqUVcM8RCxkrmjvb0hZ1475,1.0,1,3,1
0,0.3333333333333333,0.4729325771331787,1,2053DCa4BLCC5EEQ8l7BVnnp1641,1.0,1,3,1
1,1.0,0.2954094409942627,1,1831tcPzTf490y--20TmCWYb3357,1.0,1,3,1
0,0.0,0.2625761032104492,1,2078W30r7PMtchtgZT05P_0F1567,0.0,0,3,1
0,0.4285714285714285,0.474034309387207,1,2668AHxJtYWTzyrukwP1xRqK1058,0.0,0,3,1
0,0.6,0.42193603515625,1,2235T3dDg5JzleG0wsFMwsrI4004,1.0,1,3,1
1,1.0,0.2627062797546386,1,1162WEg_WPImiRPmAPvN_wnE3046,1.0,1,3,1
1,1.0,0.3353903293609619,1,1530v9JIqRhesvlWwvstOwUR1947,1.0,1,3,1
1,1.0,0.2893595695495605,1,21282Cr-35xm2wBqUSJkqXMj1427,1.0,1,3,1
0,0.4285714285714285,0.4951057434082031,1,2133ia1657jfSMNoNsdF-A8e1410,1.0,1,3,1
0,0.3333333333333333,0.2404334545135498,1,2114KZNekbM38CclfRRE-ywL1465,0.0,0,3,1
1,1.0,0.199805736541748,1,649GcmdYL3Emps2uVuhx-H43007,1.0,1,3,1
0,0.5,0.3655421733856201,1,1503af8K_zL5CtKNHAHXkLFb2014,0.0,0,3,1
0,0.7368421052631579,0.3885517120361328,1,2631M_1rjE6k2YLouvowQoHJ2334,1.0,1,3,1
0,0.0,0.4953005313873291,1,13571OZrZVDhI2J41tg7Luts799,1.0,1,3,1
1,1.0,0.3271095752716064,1,1948sF2A90axDwVcHIOfnQu02302,1.0,1,3,1
0,0.25,0.5422568321228027,1,1397uK17KbqMDLHfC2NAWiR6696,1.0,1,3,1
0,0.56,0.7213449478149414,1,2162sIzRzzGNPsYc1OfiUIPo4194,1.0,1,3,1
0,0.48,0.7450852394104004,1,2519QxDbu-BKdCqq5I8jKsxd1736,1.0,1,3,1
0,0.8,0.3549442291259765,1,1140_G-tYCpmdE-Vgax33wA53329,1.0,1,3,1
0,0.5833333333333334,0.4303405284881592,1,1376fXJB349zgjyv_w4X0bXI749,1.0,1,3,1
0,0.4444444444444445,0.3879923820495605,1,2539EoMAwcPqzS7vEDYb36052512,1.0,1,3,1
0,0.3636363636363636,0.4770283699035644,1,1415xOKyGuKnDwYbWfqm8DyH642,1.0,1,3,1
0,0.6666666666666666,0.5882503986358643,1,2657Omxhm5FyXyyp4pVdXx3Z1088,1.0,1,3,1
1,1.0,0.3589789867401123,1,1559OCcb7F7icUkYfeTFgLDJ1339,1.0,1,3,1
0,0.923076923076923,0.4934253692626953,1,2340-UH-PIG4sGreW8w-HZcs3781,1.0,1,3,1
0,0.125,0.5440652370452881,1,600suii1SM_U9v151qZEv7q108,1.0,1,3,1
0,0.6666666666666666,0.3631947040557861,1,2224WT9qVEbYuJZkZlYlFqvu4039,1.0,1,3,1
0,0.8,0.3130762577056885,1,15115M-53_v3IHPgxyCKm4AQ1997,1.0,1,3,1
0,0.0,0.4049181938171386,1,20610DTWrltcqPvIP7325vbT1618,0.0,0,3,1
0,0.0,0.5034973621368408,1,2712b_7wo5wra85_-rQQk4ow934,0.0,0,3,1
0,0.9,0.4989891052246094,1,719PmQpieO8CYor-psBwccz2829,1.0,1,3,1
1,1.0,0.3102562427520752,1,956Prvd8MNNxoAkjTza4l1I531,1.0,1,3,1
0,0.2857142857142857,0.3941657543182373,1,991M6WF9u6tZAMeisG6gK8G426,1.0,1,3,1
1,1.0,0.3751833438873291,1,2531wAQb5TOSCuVTwZGjz1rT1700,1.0,1,3,1
0,0.3529411764705882,0.4810495376586914,1,26276wka1rfL0BiynIYM718e2346,1.0,1,3,1
0,0.3225806451612903,0.8824772834777832,1,1357dHKRJVVa-pcJ70XOotOx801,1.0,1,3,1
1,1.0,0.3154256343841553,1,701k_RQvhmFwArZx0ORLSmx2876,1.0,1,3,1
0,0.4516129032258064,0.6416168212890625,1,963hj2Qz6EQ6THhVWXKuc_U511,1.0,1,3,1
1,1.0,0.2749254703521728,1,17839rNVzte3BRZvP4qWRMqo3466,1.0,1,3,1
0,0.0,0.2710506916046142,1,978MffUzw1E-fEffOOZYYot467,0.0,0,3,1
0,0.8571428571428571,0.2664794921875,1,2386qMf0MKowAfp8GBBNMPlr3678,1.0,1,3,1
0,0.2352941176470588,0.4302792549133301,1,929dPT0tABWxMMojg5QUiX02541,0.0,0,3,1
0,0.3333333333333333,0.3083753585815429,1,869yPJxiVsQSnIU0zG1C_9m2700,1.0,1,3,1
1,1.0,0.3205206394195556,1,2142esGir_4_h9voaRtDNIdz4245,1.0,1,3,1
0,0.1904761904761905,0.5083606243133545,1,2987jq09CSEi-lBZSSYtX9tj3892,1.0,1,3,1
0,0.0,0.4695625305175781,1,2126DJgUbSL5sAmvrHK4b6i71432,0.0,0,3,1
0,0.7272727272727272,0.4247615337371826,1,2684Tsl9g-K98ihJB9COTF6d1010,1.0,1,3,1
0,0.4,0.3561940193176269,1,841hinfHVUUAR8bWXtEBCsQ2775,1.0,1,3,1
0,0.6666666666666666,0.4305377006530761,1,2666vJpSGujkwt27p7tp6O901063,1.0,1,3,1
0,0.2580645161290322,0.7752089500427246,1,625ZwZR45NRbfMFQ0oVKYjz41,0.0,0,3,1
1,1.0,0.3737056255340576,1,1156df4-3lXjk7sDVJcyLHlO3283,1.0,1,3,1
0,0.0,0.3189435005187988,1,843zyenQsDbdyEDKorOOEer2770,1.0,1,3,1
0,0.8235294117647058,0.6235160827636719,1,1035LFxawmqTFdvZQiUCxQ31310,1.0,1,3,1
0,0.6666666666666666,0.3408982753753662,1,2355g1DEdj6BajInIdfN43xp3744,1.0,1,3,1
0,0.5,0.3477547168731689,1,2496BbugoKX7EuTf6XE9o7do1793,1.0,1,3,1
0,0.6,0.520056962966919,1,1614cyIrQoaHS01cQ4YtB4rN1196,1.0,1,3,1
0,0.7096774193548386,0.5460634231567383,1,2460wLS6NYxz86-N9QN0fiAS1872,1.0,1,3,1
1,1.0,0.4000015258789062,1,2013gpksQIp23gepFksmpqXj2187,1.0,1,3,1
0,0.4444444444444445,0.3512294292449951,1,566fv5aDvtV7-Bv4hgl9TCy211,1.0,1,3,1
0,0.7142857142857143,0.3351695537567138,1,1006wNOvBdYdfzaE5bKwHMrj394,1.0,1,3,1
0,0.5,0.3885767459869385,1,2175Be6E_9waJICTPdXhoGc74157,1.0,1,3,1
0,0.2857142857142857,0.4512796401977539,1,1555fIGxkCCrk6ibrb-al9xh1352,1.0,1,3,1
1,1.0,0.4188899993896484,1,2469md_5PBJjoEzHnxLNfP-31854,1.0,1,3,1
0,0.2857142857142857,0.5266404151916504,1,1594vbwJIaYnRKU4MTrVcD4P1249,1.0,1,3,1
0,0.896551724137931,0.6610603332519531,1,2449Gc-t93zVR6Bjza9-brVc1897,1.0,1,3,1
0,0.0,0.358323335647583,1,543NpNSndtBz1uxC9CuhODm281,0.0,0,3,1
0,0.6956521739130435,0.5151443481445312,1,1025Ra_IZNvQuUI7Ec5aTeot340,1.0,1,3,1
1,1.0,0.3794426918029785,1,2523I4nlHreDk5vBkSCH8RHq1725,1.0,1,3,1
0,0.8,0.2393701076507568,1,1549ke6ypccQP3h0ZB6b7GCG1370,1.0,1,3,1
0,0.6153846153846154,0.4603371620178222,1,2690j2wOUpSsJgKU08FvIZEg993,1.0,1,3,1
0,0.6875,0.5567092895507812,1,2080DF2p6ax3v1-aUbtGWT4O1561,1.0,1,3,1
0,0.8571428571428571,0.4427051544189453,1,2209BDzn0SpuYmXdWVg9Z1Hy4071,1.0,1,3,1
0,0.0,0.2283146381378173,1,1419tOWt7I089hJ4HUoPR6EI631,0.0,0,3,1
1,1.0,0.287905216217041,1,1628lnBbfe3Htrze2ai84nZb1159,1.0,1,3,1
0,0.6,0.3885812759399414,1,1576P214oupErvTP6090GMli1301,1.0,1,3,1
1,1.0,0.2535061836242676,1,1621kehREtB2jwFxfLSb5njd1178,1.0,1,3,1
0,0.8,0.4372351169586181,1,5532TWtKb03tsQH8Wep0CiY251,0.0,0,3,1
0,0.0,0.4124817848205566,1,1801zUHKaLWfFrE-EA8M3DOI3430,1.0,1,3,1
0,0.6,0.3571128845214844,1,1578BMhD9BqceYI3i9rcq5zi1294,1.0,1,3,1
0,0.6,0.2972621917724609,1,948uYfQaDqdMCAYnSxY-SL1556,0.0,0,3,1
0,0.8,0.2560503482818603,1,1216-uAt0pBo8VUzVu7fmS2y3107,1.0,1,3,1
0,0.3076923076923077,0.7629344463348389,1,949-8BF6fDFHRAnfe-2RE-l554,1.0,1,3,1
0,0.7142857142857143,0.4340031147003174,1,2084KAYAsRFlZ71FWVieGtVO1551,1.0,1,3,1
0,0.0,0.3552582263946533,1,11409iwBcdcK7cw_g6zqHGJJ3331,0.0,0,3,1
0,0.8571428571428571,0.3487105369567871,1,2054dYaTbGXvuHEu9KAgglUa1638,1.0,1,3,1
0,0.8,0.2768535614013672,1,633AbrSc7FQvB59-3tSuvrL17,1.0,1,3,1
1,1.0,0.3305761814117431,1,1448zBLLz7KDRP88dG5hhHYA2115,1.0,1,3,1
0,0.4,0.3381361961364746,1,1767VEuCAyUVu8RWl4oT_E163504,1.0,1,3,1
1,1.0,0.4191923141479492,1,2564AaK20GeV0Vbt9hLoucnT2462,1.0,1,3,1
0,0.7272727272727272,0.3410499095916748,1,986wotq83gPK5H9RJCPZcUa442,1.0,1,3,1
0,0.2857142857142857,0.5867919921875,1,22173K97KOlZYwLPP2yAPHFs4052,1.0,1,3,1
0,0.3333333333333333,0.2941470146179199,1,1491oI4TAF4mItNmtq538iaG2032,0.0,0,3,1
0,0.2222222222222222,0.4551572799682617,1,26929qhEFKe0I4Mglt2Q49vv987,1.0,1,3,1
1,1.0,0.3490092754364013,1,2153vtkEwqa70V_8uUMng2Jv4215,1.0,1,3,1
0,0.1333333333333333,0.669823169708252,1,1355DqKO8ByX-dB6SOPvmL5p806,0.0,0,3,1
0,0.3157894736842105,0.4690616130828857,1,1396fc8ojkJs9ZgQtwEceZFu697,1.0,1,3,1
0,0.8095238095238095,0.8514199256896973,1,2021myUwxcaJpraoFdHEJ6jp2172,1.0,1,3,1
0,0.7777777777777778,0.7963764667510986,1,1964IYccs9F9IcK39eAWE_OV2266,1.0,1,3,1
0,0.6363636363636364,0.6261224746704102,1,1760NxofyqAwNCoWrjcNMQrs3523,1.0,1,3,1
1,1.0,0.2049932479858398,1,182447yf5Kxgmkoq18WzZ-kB3378,1.0,1,3,1
1,1.0,0.3436684608459472,1,1756rsPxqBmo2fmiaq4y7pBo3537,1.0,1,3,1
0,0.5555555555555556,0.5566997528076172,1,26929qhEFKe0I4Mglt2Q49vv988,1.0,1,3,1
1,1.0,0.3412177562713623,1,1408oW7JLFkBO33d8TQf4N0l661,0.0,0,3,1
0,0.7200000000000001,0.4623346328735351,1,726kYOF7b8VZTpJYpYpEvr-2810,1.0,1,3,1
0,0.8,0.2722904682159424,1,2600QfJIRcuIUzI4QlhhMFbN2394,1.0,1,3,1
0,0.2857142857142857,0.3241171836853027,1,2727JkYnxxl8d_jUsjzpRwXm892,1.0,1,3,1
0,0.3,0.4653534889221191,1,1752E5XokYRzRxCMWKU2kTp-3548,1.0,1,3,1
0,0.0,0.6399896144866943,1,9100HQlpvSt_OwVnpYpqMFu2595,0.0,0,3,1
0,0.5925925925925927,0.5629112720489502,1,24146Uu3KI3elnXv3Pgy3-sY3625,1.0,1,3,1
0,0.0526315789473684,1.0203981399536133,1,1763gJg7xSGSXczCwSQDvwfc3514,0.0,0,3,1
0,0.8,0.2734959125518799,1,1459Gtt57D0AV39kKJE2bz4b2095,1.0,1,3,1
0,0.0999999999999999,0.548785924911499,1,1811pukiof6PWRYXCXAxaVhv3407,1.0,1,3,1
0,0.6666666666666666,0.2901473045349121,1,1234GFGbCJaowYOFWcFznuUN3056,1.0,1,3,1
0,0.4444444444444445,0.4247329235076904,1,662vdy4KyRsfU9fUc7gxaki2970,1.0,1,3,1
0,0.2068965517241379,0.5635828971862793,1,2195U05jz4berWp0PFCFx8lG4110,1.0,1,3,1
1,1.0,0.227715253829956,1,1528gtejhc_4xiAJRnNQX5fY1950,1.0,1,3,1
0,0.0,0.2837965488433838,1,1152Rg3AUei-9moPZLj_2J3Y3295,0.0,0,3,1
0,0.2222222222222222,0.4996325969696045,1,1180D8Sheg2RzZqhe6O4YQOs3215,0.0,0,3,1
1,1.0,0.2546038627624511,1,944L6KXmQVd7mhz2JgtDbJU567,1.0,1,3,1
0,0.888888888888889,0.3170115947723388,1,9567FV5fK_9tjWGUSOCiJM4533,1.0,1,3,1
0,0.6666666666666666,0.2470312118530273,1,557jlOGQ8cWQ5Q_as3HFgdb238,0.0,0,3,1
0,0.0,0.4430947303771972,1,2681RVH7HXkHR05ejdYsqsI41018,1.0,1,3,1
1,1.0,0.4364240169525146,1,961cuP3rfqgKJmh5Lu0AzVJ516,1.0,1,3,1
0,0.6046511627906976,0.8946144580841064,1,2383_zZGxCRJzjykFJNk3Fql3682,1.0,1,3,1
0,0.0,0.4735276699066162,1,9933_mUxqp74zyG7yfPAiEX420,0.0,0,3,1
1,1.0,0.3931350708007812,1,177554ovP1_0ekekHhCRWFeh3487,1.0,1,3,1
0,0.8,0.4398186206817627,1,2014_XSPnuBYuAskzekdUW9_2184,1.0,1,3,1
0,0.1176470588235294,0.6606330871582031,1,22218q38c0YRb2JXvtSd0Nqf4045,0.0,0,3,1
0,0.5217391304347826,0.4970688819885254,1,1425XcsU_HbBgv8By-D6Z3Ra612,1.0,1,3,1
1,1.0,0.2804243564605713,1,1942N1BOxjfwa6jWGDsgWHG22316,1.0,1,3,1
1,1.0,0.2099857330322265,1,216056mnlRJWqGhoIzF9wyxO4200,1.0,1,3,1
1,1.0,0.2726750373840332,1,26748vEm6_JIFNnvzYBeYPv81041,1.0,1,3,1
0,0.2857142857142857,0.3627398014068603,1,561RShlPGzCfUPZQrUdWiIe226,0.0,0,3,1
0,0.2857142857142857,0.5301079750061035,1,1999pCsU6o7Al1PsagdDjDms2208,1.0,1,3,1
1,1.0,0.2961258888244629,1,1360LxZ_Vrj1sZ5dYHaRGOd6792,1.0,1,3,1
0,0.4705882352941176,0.5286180973052979,1,693O9x_DHPjJvDEqDaL5z3P2891,1.0,1,3,1
0,0.0,0.4995903968811035,1,2162Pp7-3-5tDfWWUPh7kkoP4192,0.0,0,3,1
0,0.0,0.4295053482055664,1,1406r0ltJ0ogZOEySbpwaMW3668,0.0,0,3,1
1,1.0,0.2360720634460449,1,2454DywEFUk_89WopSOIo62c1889,1.0,1,3,1
0,0.6666666666666665,0.5955426692962646,1,2597oOL_7CB6tThxfotDFYvs2400,1.0,1,3,1
0,0.0,0.490551233291626,1,23795KyPYBugQHXet6Mhcn6k3688,1.0,1,3,1
1,1.0,0.3309955596923828,1,550wrp-mp9TMdH2CqA5WYOK258,1.0,1,3,1
0,0.5,0.3876018524169922,1,680SoWSzZf-Vj7dvc7zwoPn2925,1.0,1,3,1
0,0.0,0.2938811779022217,1,631gfVFI_1P9ON_SQmft4dC23,0.0,0,3,1
0,0.3636363636363636,0.5272650718688965,1,1485zXrCfbHH-0tedwW1xWx02040,1.0,1,3,1
1,1.0,0.2688593864440918,1,2508lmmHXbx9CbrIhCEGTMgz1762,1.0,1,3,1
0,0.4,0.3470447063446045,1,29445EWHlsJVMIRKwumbCiCS3988,0.0,0,3,1
1,1.0,0.388282299041748,1,2355g1DEdj6BajInIdfN43xp3745,1.0,1,3,1
1,1.0,0.3042631149291992,1,2342uOJtHG5g2JYNe5z81tda3775,1.0,1,3,1
1,1.0,0.2805733680725097,1,1404ZQwoPjfIlqZtLexyMKrY674,1.0,1,3,1
0,0.8,0.3443427085876465,1,2100wZS8Veo6hc9TL1NaJSaL1506,1.0,1,3,1
0,0.5714285714285714,0.7065920829772949,1,598sQDpQ6KKddxnTnAMlHjr115,1.0,1,3,1
1,1.0,0.3161921501159668,1,897zxAZ4U3r-Zh1DtjSiIVV2634,1.0,1,3,1
0,0.3333333333333333,0.3683178424835205,1,1976nFbvQGItJWwdL8HbiMOH2242,1.0,1,3,1
1,1.0,0.1807429790496826,1,878tqshp6q6ko3DcqZ6tS6C2678,1.0,1,3,1
0,0.1176470588235294,0.6449794769287109,1,563-2Ot_VAy9WLUHbhZEXOM219,0.0,0,3,1
1,1.0,0.2894728183746338,1,1189K35XQ01jiETvv7rYOo0U3188,1.0,1,3,1
0,0.0,0.2691230773925781,1,1224Jb1mPpUJDQXOAhjg5Vzo3084,0.0,0,3,1
1,1.0,0.249140977859497,1,2146CMsypO-GlkGAyST9v2a-4234,1.0,1,3,1
0,0.0,0.3001959323883056,1,707rbJ8T66FV5pGZGyETeS02861,0.0,0,3,1
0,0.0,0.4275317192077636,1,648xsH7lylyZmqHM5Ja6ZG03010,1.0,1,3,1
0,0.3529411764705882,0.4308423995971679,1,2042iP4Erd5NWbbUyNtHBaEc1672,1.0,1,3,1
0,0.25,0.5285422801971436,1,1543fk6_ZyKd7tjxsbc5mIjL1383,1.0,1,3,1
1,1.0,0.3651309013366699,1,2338Lzhex2xkJZC3CWbYyT8B3782,1.0,1,3,1
0,0.1333333333333333,0.333566665649414,1,668cWm_2tZEF2k08oPyz6iV2954,0.0,0,3,1
0,0.0,0.4325547218322754,1,2434KMUI0qQbxWvYC1q1ZqFT3594,0.0,0,3,1
0,0.8571428571428571,0.2198827266693115,1,15278rOHAAwxs4q7s-hbQurx1953,1.0,1,3,1
0,0.8,0.2587165832519531,1,1448svVuYFDg3snhISg21wg52116,1.0,1,3,1
0,0.608695652173913,0.953489065170288,1,2208FuW7GAKFmCyvVin50esl4075,1.0,1,3,1
0,0.0,0.5025570392608643,1,2213gQhJ4zM5EYENYcGQHGTa4060,0.0,0,3,1
1,1.0,0.3136179447174072,1,2680JFom2C2m5B61Zmr5e-xw1023,1.0,1,3,1
0,0.3428571428571428,0.5966484546661377,1,99301Zg9cGHX9Gf1_cI5mfK422,0.0,0,3,1
0,0.2857142857142857,0.5140459537506104,1,1813DaTooZTJtMNx4CNYD2p73402,1.0,1,3,1
1,1.0,0.3316650390625,1,1423PX6sAYWhpQtqDkPXlwvJ619,1.0,1,3,1
0,0.074074074074074,0.5306241512298584,1,1608Cjwz1f5MVloyXDrYtYD11216,0.0,0,3,1
1,1.0,0.3866493701934814,1,1469FeepfYJGM-RcHVUumiAM2073,1.0,1,3,1
0,0.5,0.3939766883850097,1,1417CvbtpTdNieUFK8V6Ekov636,1.0,1,3,1
1,1.0,0.3400616645812988,1,2649-t0VK97BxI7xwcKTZLgQ1107,1.0,1,3,1
0,0.3333333333333333,1.045975923538208,1,2037vvaVvs2-z2aR3schUPE52139,0.0,0,3,1
0,0.0833333333333333,0.729109525680542,1,2956c4WpDuj0SNG4mcpScOq33969,0.0,0,3,1
1,1.0,0.3819513320922851,1,2217SJQhtYv5R5TRR96GIUDz4054,1.0,1,3,1
0,0.7567567567567568,0.7528808116912842,1,9901bDIlgQKtM_dfl7Uf_OW431,1.0,1,3,1
1,1.0,0.3030049800872803,1,1531MPYKMgh40o6Ahyhf_CTe1945,1.0,1,3,1
1,1.0,0.2996103763580322,1,2721w4sXZ7mV6j4Zl36hHUHd911,1.0,1,3,1
0,0.125,0.6238391399383545,1,554Juv49GDSnjvb85QJzKnH247,0.0,0,3,1
1,1.0,0.3383581638336181,1,2103yGieEHPDGAmeuapsFKsj1498,1.0,1,3,1
0,0.2222222222222222,0.5628905296325684,1,1184C_LA1pOBVN-7HWp0PVT03204,1.0,1,3,1
0,0.4444444444444445,0.6447789669036865,1,1617-HTq6axozTF-eMfISD1Y1189,1.0,1,3,1
0,0.7142857142857143,0.4523482322692871,1,1623v44E7fmDk54O42TCHeFJ1171,1.0,1,3,1
0,0.5,0.2502498626708984,1,1554YNq8lJaLBlAPjkvuXlSf1355,1.0,1,3,1
1,1.0,0.2466375827789306,1,1368uHWjPP6hjmEyI0Uea54f768,1.0,1,3,1
0,0.5,0.3737657070159912,1,19488Pr6RoX5NaT1BWOrfb8b2304,1.0,1,3,1
0,0.0909090909090909,0.6648757457733154,1,915hNLqOaPgMDH13MsuVSK52580,0.0,0,3,1
1,1.0,0.364192247390747,1,1569FwzJ_LvmO5rW73WzT8541310,1.0,1,3,1
0,0.4210526315789474,0.4345476627349853,1,2352sATjKyGbbi4RfrwE-QmQ3752,1.0,1,3,1
0,0.4,0.4483485221862793,1,2146CMsypO-GlkGAyST9v2a-4233,1.0,1,3,1
0,0.888888888888889,0.2841529846191406,1,2558zZ0LNdBHfD9mCPPPKIms2473,1.0,1,3,1
0,0.4,0.405529260635376,1,852ZSryt9TK0_Cz0XclTy282743,1.0,1,3,1
0,0.3636363636363636,0.4307236671447754,1,1466QWMZl6lBSpMlxHibwqSn2080,1.0,1,3,1
0,0.4848484848484848,0.842595100402832,1,8478WHZms7MdB1ce7kHygtH2758,1.0,1,3,1
0,0.4761904761904761,0.6922814846038818,1,2981ylD4oznDeHfkfO4lmbTY3905,1.0,1,3,1
0,0.0,0.4141645431518554,1,1748onKgABfsH9Ey9B-K6T2n3558,0.0,0,3,1
0,0.5,0.4303009510040283,1,973wD6IGiEh8Dy46Roludyx482,1.0,1,3,1
1,1.0,0.2419838905334472,1,1504eudKQjh2Zcev4hK4oHI82011,1.0,1,3,1
0,0.0,0.3423595428466797,1,968MjFCclVS0d1D0f2qQj3H495,0.0,0,3,1
0,0.1333333333333333,0.5149128437042236,1,2156pBjZFStWsSSBpKEqULmP4208,1.0,1,3,1
1,1.0,0.2970936298370361,1,25008jyl_fvzpJnsuFBgdiMe1779,1.0,1,3,1
1,1.0,0.2051177024841308,1,1552mGG1NYRbYx9aZFFqni5G1359,1.0,1,3,1
0,0.7499999999999999,0.3836708068847656,1,1019zB6iUQ1EHfq_dimcfomU358,1.0,1,3,1
0,0.3333333333333333,0.2890431880950928,1,2516JbmLE4fDSyfphT4zqf3R1745,1.0,1,3,1
1,1.0,0.3835358619689941,1,699OiEXRKj_U0b0vWMEpACW2882,1.0,1,3,1
1,1.0,0.2899868488311767,1,1524sFrIwH53jua7jqnLYOiU1963,1.0,1,3,1
0,0.75,0.4270322322845459,1,2099-acnCQhCOzxPYUMuFfmt1510,1.0,1,3,1
0,0.0,0.2902276515960693,1,2047k8-fX-AM7Tv4kEIBJCC81656,0.0,0,3,1
0,0.0,0.5521323680877686,1,21295BHq9T-LJZqpw1jzVi4C1423,0.0,0,3,1
0,0.1538461538461538,0.5804567337036133,1,2062VZLt42f5YfL_F5YiZJ9_1615,0.0,0,3,1
0,0.1538461538461538,0.8187026977539062,1,26862KtqVf6aUK3bcskyPun21003,1.0,1,3,1
0,0.5714285714285715,0.5019290447235107,1,2156cAAwtbnblT7bk5Q4OXmn4206,1.0,1,3,1
0,0.0909090909090909,0.4734933376312256,1,673iXJr6OQEiXTiLOSzfmZ82945,1.0,1,3,1
0,0.7272727272727273,0.3364295959472656,1,2662NwX5LGUVKuX9e_SZ5Ydk1075,1.0,1,3,1
1,1.0,0.2948112487792969,1,656YB8T90k-pyOHOCeclaxG2987,1.0,1,3,1
0,0.3636363636363636,0.4091701507568359,1,1822OZ0KdTZtweXH-nkWRos13384,1.0,1,3,1
0,0.7741935483870968,0.7231030464172363,1,13565ziQq0QewrGcH_w9CYT3803,1.0,1,3,1
1,1.0,0.2957432270050049,1,2989RyZlwTdDD2jGMDbsteBr3887,1.0,1,3,1
0,0.6666666666666666,0.4398331642150879,1,2226L8d66ouJEV1RUNRdzzwj4032,1.0,1,3,1
1,1.0,0.2750618457794189,1,548Bj6ddRdZ8SW-Zzx6iTxc265,1.0,1,3,1
1,1.0,0.3486340045928955,1,1753F2-F3aTBMQahcdDwW-XL3544,1.0,1,3,1
0,0.074074074074074,0.798213005065918,1,9060M-eUQVT4tdQgPtZ-brd2608,0.0,0,3,1
0,0.3703703703703703,0.4110612869262695,1,1621o42smlJhfXvPseS5MLZK1176,1.0,1,3,1
0,0.3333333333333333,0.5979690551757812,1,1035Kj_n7x68Qn7yayqGqlkg309,1.0,1,3,1
0,0.7272727272727273,0.3750033378601074,1,2411yhLiRr_JQnLEj9IucyWG3630,1.0,1,3,1
0,0.0,0.3641703128814697,1,674NvGR-HjzwjtJCn0CRWAa2943,0.0,0,3,1
1,1.0,0.2869315147399902,1,3004X8M9tRmpFDo7C4yTa_nC3855,1.0,1,3,1
0,0.5263157894736842,0.5528759956359863,1,1339m1CLGfwJuUYwzo2OLZKV855,1.0,1,3,1
0,0.0,0.2762632369995117,1,1525U71OzY7b_K_zUbJ4Wn5-1960,0.0,0,3,1
0,0.3529411764705882,0.5486795902252197,1,1231cJjNwm3bfsTH7qWJy5MR3064,1.0,1,3,1
0,0.4444444444444444,0.4192450046539306,1,1408azjEHKBnVfAY-oT13G79662,0.0,0,3,1
1,1.0,0.431650161743164,1,916HouNf3Zihi-QrcktYOJO2577,1.0,1,3,1
0,0.0,0.3973033428192138,1,2203MPjw7wTHX4rxoiofFaQy4089,0.0,0,3,1
1,1.0,0.2605588436126709,1,2538uT9UzILgVbv20p7KxXWQ2515,1.0,1,3,1
1,1.0,0.4137451648712158,1,2519KkZmS0x5ulGXiZTw1wKR1738,1.0,1,3,1
1,1.0,0.2373714447021484,1,1508P6G-ZISxFyD5_KJ3IUXw2005,1.0,1,3,1
0,0.8571428571428571,0.3500683307647705,1,2617lIcTuHq8N8es-n39g3012365,1.0,1,3,1
0,0.5454545454545454,0.7844843864440918,1,1225RCrAx9wJxpkVXOhgrIVp3082,1.0,1,3,1
1,1.0,0.3523838520050049,1,1955QD7fJQoA5kgOX2s2B5yE2287,1.0,1,3,1
0,0.5714285714285715,0.7019996643066406,1,1358Ru5uz8DUOjyO0Xc4TIeb798,1.0,1,3,1
0,0.0,0.6386475563049316,1,2960ks0WgzObT5mMe7JvUcdZ3958,0.0,0,3,1
1,1.0,0.2855656147003174,1,2587WZtb-G91TcjATusTTjeN2423,1.0,1,3,1
1,1.0,0.2894001007080078,1,584nEQ5EoREN-G1n2xXlQ6W156,0.0,0,3,1
0,0.0909090909090909,0.6572544574737549,1,1032MkCHpM6OpA6PnwVJTqDR318,0.0,0,3,1
0,0.0,0.4494729042053222,1,18101KP3McThNf4JrT7MhYDK3411,0.0,0,3,1
0,0.5,0.3767139911651611,1,1528MgNp15Yx30rPeZDqHZi11951,1.0,1,3,1
1,1.0,0.311847448348999,1,2199K4y-1LqwxyvhvEKrLYlM4100,1.0,1,3,1
0,0.5,0.9982457160949708,1,2585Y2N2cI4AQIUUjwHj-pWh2425,1.0,1,3,1
1,1.0,0.228240966796875,1,565rvmkktoSoI8TnbBAfOcj213,1.0,1,3,1
0,0.4117647058823529,0.7446324825286865,1,2191KGSRpNKqbnOuXgkR_GXG4120,1.0,1,3,1
0,0.4848484848484849,0.7166259288787842,1,932xbC9_ugIV02dO2WeOtf32536,1.0,1,3,1
0,0.888888888888889,0.3136186599731445,1,1174cqJct9Y7Xjuewm_koPVH3043,1.0,1,3,1
0,0.3333333333333333,0.3701345920562744,1,10310kDF1gSDdbFSECHjcQ-n321,0.0,0,3,1
0,0.3636363636363636,0.5395941734313965,1,2175S4MitjCgK9hknprHvclr4155,1.0,1,3,1
1,1.0,0.2564947605133056,1,1540m7KtQ8W37yFZzUzVcX5F1394,1.0,1,3,1
1,1.0,0.3083314895629883,1,939Nc5hGTneUEWAXybnpuTl582,1.0,1,3,1
1,1.0,0.3704297542572021,1,27096q2XztnsFkYKERTVO36v941,1.0,1,3,1
1,1.0,0.2948594093322754,1,1975vLuOp8gEBc7-d27D_PJt2245,1.0,1,3,1
0,0.8,0.2768857479095459,1,1154QF4krayqpB8xT4ck4ghA3287,1.0,1,3,1
0,0.5,0.4337880611419678,1,24760bnRp2NFdgHXH8zJ23TS1835,1.0,1,3,1
1,1.0,0.4380202293395996,1,1353cuJ2B12zDs0aTs65HC-5812,1.0,1,3,1
0,0.2222222222222222,0.422922134399414,1,1029D_VXSqeEcmujQynOF_FN328,1.0,1,3,1
0,0.0,0.4868512153625488,1,636DB3YzGx_xI3HQDZa-h7l6,0.0,0,3,1
1,1.0,0.2543540000915527,1,2043GupahRuMXnAkmy18E6L_1667,1.0,1,3,1
1,1.0,0.5546813011169434,1,1535JT_lXL_OClCIRi_Kf0od1933,0.0,0,3,1
0,0.8,0.4059252738952636,1,1186P7uxLqgOAlAmYWkWs7Z_3199,1.0,1,3,1
1,1.0,0.2276184558868408,1,2593zX92VD8oSNjdJEyoOd_R2406,1.0,1,3,1
0,0.5,0.1936829090118408,1,2361c-8SrBx2PZDYVGvo5ybn3732,0.0,0,3,1
0,0.3870967741935484,0.5659334659576416,1,24434z3j5gm_bj0nuQ8LfJIw1911,1.0,1,3,1
1,1.0,0.2786145210266113,1,1755k6OhZV2tgTLoY1YA0e3q3539,1.0,1,3,1
0,0.5714285714285715,0.2968835830688476,1,5460SSbREtZ85AA4OPt7HWf272,1.0,1,3,1
1,1.0,0.2897350788116455,1,2963HjFPYoq9gOmFLNgG-zm13950,1.0,1,3,1
0,0.4666666666666666,0.6289620399475098,1,1411rDFl1-2KKRZG_zvEhPJb653,1.0,1,3,1
0,0.2857142857142857,0.448606014251709,1,6697jIYtcKSoYakHzaLUALm2953,0.0,0,3,1
0,0.8571428571428571,0.5093514919281006,1,1953_7jguMvfhNu8DiK9_PGm2290,1.0,1,3,1
0,0.4285714285714285,0.4400138854980469,1,924pjumaMwKOEdZ-UotwyI92553,0.0,0,3,1
0,0.4444444444444445,0.3347141742706299,1,2630sxHawjQEFB6dK2XvhQG62335,1.0,1,3,1
0,0.1999999999999999,0.26173996925354,1,2515HnCK6br3syHDxNhRpc8g1749,0.0,0,3,1
1,1.0,0.3870782852172851,1,2174jnPDST2ssGQAHmj94OFQ4159,1.0,1,3,1
0,0.1538461538461538,0.4628787040710449,1,2437c2sYHX7dZAN7RcxrJekm3591,1.0,1,3,1
0,0.5,0.1978871822357177,1,5657UgoubyECldzVKmY9qmK215,1.0,1,3,1
1,1.0,0.3904719352722168,1,17827DnV3Cg-Nfu1fRrg_AZd3469,1.0,1,3,1
0,0.6,0.4477345943450928,1,30010MAQ7KJ-aW0Z2L6ThUUL3861,1.0,1,3,1
0,0.6666666666666666,0.3569574356079101,1,634_5Ke_8xaAo_UsybwdiB114,0.0,0,3,1
0,0.2857142857142857,0.3491694927215576,1,604mQQLLhcNi8N9nxflPiAk101,1.0,1,3,1
0,0.25,0.3259298801422119,1,2467UnCsY0GjqwvnMQVa1CFT1861,0.0,0,3,1
1,1.0,0.314039945602417,1,594XaCVJIa20ZfOj0hFJ7HN126,1.0,1,3,1
1,1.0,0.2569084167480469,1,1984InJu5XFguodK1Khic6FC2232,0.0,0,3,1
1,1.0,0.3818457126617431,1,2194GC95ntf1sDidYwRyemAc4114,1.0,1,3,1
1,1.0,0.3867101669311523,1,2106VMTbOKIT8LUZtIXhHKmi1491,1.0,1,3,1
0,0.8,0.3051671981811523,1,2063CNHDBJueyaE4leS4xnyJ1610,1.0,1,3,1
0,0.8695652173913043,0.5171840190887451,1,1027GtA7cv0YAAASkTdOQJj_333,1.0,1,3,1
0,0.588235294117647,0.4580693244934082,1,874kqKcdnSqPr2kHFDtCs872689,1.0,1,3,1
0,0.5,0.4228670597076416,1,11810pNzis8O7iMe4D0TXLLB3213,1.0,1,3,1
0,0.4,0.3376657962799072,1,1801GMGqWYEBcwKtk36fM4SD3432,1.0,1,3,1
0,0.0,0.4013736248016357,1,29552yyd0Gev5Q7THSvvmMm23973,0.0,0,3,1
0,0.0,0.4613268375396728,1,9229vCEiyj7IT-qcEDEXgvZ2560,0.0,0,3,1
0,0.1333333333333333,0.4890685081481933,1,2360xl9Xtx2fW4L4xa2bqWt43735,0.0,0,3,1
0,0.2857142857142857,0.3751981258392334,1,1533z2Yfjif7NuyxeBQgP_HF1938,0.0,0,3,1
1,1.0,0.299321174621582,1,1986Z84KJqkab5YckaHCqppB2226,1.0,1,3,1
0,0.625,0.473499059677124,1,1010HNqYCv68G7N_CQVNh43m383,1.0,1,3,1
0,0.6666666666666666,0.3674678802490234,1,1462MplDIpHfHip3TdPLnQAs2089,1.0,1,3,1
0,0.4761904761904761,0.50111985206604,1,1823Eoxuy7YeAaFwIKLgSxRm3382,1.0,1,3,1
0,0.3157894736842105,0.5734920501708984,1,5760zdXs4a1j3W7Ec0Pt00y181,1.0,1,3,1
0,0.0,0.5726039409637451,1,6303tv6IL3KzvNs_iehOLAO24,0.0,0,3,1
0,0.8,0.2909591197967529,1,1181VylIAjhzHKEbTHOk7pUQ3212,1.0,1,3,1
0,0.0,0.4620418548583984,1,2060X2wuRhZlsLWO7ahOjJyR1620,0.0,0,3,1
0,0.4516129032258065,0.4797539710998535,1,2675-gwBiwWZVyjWDUu4p4cd1037,1.0,1,3,1
0,0.8571428571428571,0.2611122131347656,1,975dedQPvGmPQcw3ASwBaEQ476,1.0,1,3,1
0,0.4,0.2673854827880859,1,5692z3V0IN830k8XsO-Od4W201,1.0,1,3,1
0,0.7499999999999999,0.3530080318450928,1,681ZSY2R55eJuqPvMg2YLu32922,1.0,1,3,1
0,0.5333333333333333,0.5184624195098877,1,1998cWl-TBhBN_jwx9-RUmIk2210,1.0,1,3,1
0,0.1666666666666666,0.5718376636505127,1,577J1_2EkXjvWVxk6PCwOXP179,0.0,0,3,1
0,0.6666666666666666,0.648611307144165,1,1351ZgXI9kMkbXJxIICf4en4817,1.0,1,3,1
1,1.0,0.2837228775024414,1,1189xoCo3EiFLfneuFibLahf3189,1.0,1,3,1
1,1.0,0.4004292488098144,1,2212AiYgOTwS6-B2X1GvWcOv4061,1.0,1,3,1
0,0.0,0.3707616329193115,1,5401-KQtKiJkYnkPCmw8hgz290,0.0,0,3,1
0,0.0,0.4619905948638916,1,1500rtEwkj5Ab48-qvZJG-TC2020,0.0,0,3,1
0,0.6538461538461537,0.5900769233703613,1,1985TCdOsXGEqgnh_b69BgBa2230,1.0,1,3,1
0,0.631578947368421,0.4887020587921142,1,893yr9lRN4Av6ZBi_1BuAEs2645,1.0,1,3,1
0,0.6451612903225806,0.7312679290771484,1,2457EK954cnx1sbiMZvNQ97c1880,1.0,1,3,1
0,0.2941176470588235,0.8451118469238281,1,1354mCWTp9JbO_9CEDgtcsqF810,1.0,1,3,1
0,0.0,0.5525527000427246,1,5760zdXs4a1j3W7Ec0Pt00y182,1.0,1,3,1
1,1.0,0.2402372360229492,1,675_FqvNQZTBsCZpYPH5nqZ2941,1.0,1,3,1
1,1.0,0.3044378757476806,1,660LK3Me9by6QtGlAhc9ZgG2977,1.0,1,3,1
0,0.24,0.5002660751342773,1,1761xqf8AkX7fyG-P96OIUWX3521,1.0,1,3,1
0,0.6666666666666666,0.3155405521392822,1,1625pGkBzA7glpTmDaW3hVRT1164,1.0,1,3,1
0,0.6666666666666666,0.5824885368347168,1,2403lDHCVZKpIfdlK_DXX6453641,1.0,1,3,1
0,0.4,0.5502669811248779,1,2144yrUQFOf2xZpRnCxV07q-4238,1.0,1,3,1
0,0.0,0.4859416484832763,1,2105j8lJG7NIdPNa-ZKAQAFY1494,0.0,0,3,1
0,0.5714285714285715,0.4472043514251709,1,2367wI6YJctGx_TrLePW0zFT3717,1.0,1,3,1
0,0.7499999999999999,0.3533031940460205,1,1147WFziH2m07QrmUbmsVu0h3310,1.0,1,3,1
1,1.0,0.2290146350860595,1,648p8TjJdUhvz1kzwnKAbO63008,1.0,1,3,1
1,1.0,0.2903997898101806,1,2641T6RBdJb2XLZN38m4tLnQ1130,1.0,1,3,1
0,0.3999999999999999,0.4859035015106201,1,957jTOUmKitegWSXhSu5HBC528,1.0,1,3,1
1,1.0,0.3805198669433594,1,294512JZuY3wtRUnM7xV5Lvx3985,1.0,1,3,1
0,0.0,0.3225650787353515,1,2168vUp0MK_q-eM7E3DRDsyT4176,0.0,0,3,1
0,0.3636363636363636,0.3765697479248047,1,10225FLoQxnwSkdi_B5KomYG350,0.0,0,3,1
0,0.6896551724137931,0.5353124141693115,1,24523V3YtR5qM3Ry32HOl9YL1891,1.0,1,3,1
0,0.5,0.7452738285064697,1,924h9Ft9SWd5mJ8NvTErCl72554,1.0,1,3,1
0,0.5714285714285715,0.3815155029296875,1,1606Veghij1A-QwW6GVlGuCZ1220,0.0,0,3,1
1,1.0,0.3604147434234619,1,1536Vt7y8jm3lM_hxL8HrDZ31928,1.0,1,3,1
0,0.45,0.67710280418396,1,945tBlPoKsnHp4m96z6_5la566,1.0,1,3,1
0,0.5714285714285714,0.6574172973632812,1,2725wuIIBvm6m_bXwQlOlPpe897,1.0,1,3,1
0,0.8,0.3255355358123779,1,932xbC9_ugIV02dO2WeOtf32535,1.0,1,3,1
1,1.0,0.3093202114105224,1,571cpox6B770TVdihACJYmK196,1.0,1,3,1
0,0.6666666666666666,0.4093923568725586,1,1424tcuici39BiIRCrEsLBdb617,0.0,0,3,1
0,0.1538461538461538,0.303626537322998,1,612j9e8x-SX2twmRLrzLrA_80,1.0,1,3,1
0,0.6153846153846153,0.3997037410736084,1,888Xb_uMPfibcJslsiGts6V2655,1.0,1,3,1
0,0.8333333333333333,0.4873838424682617,1,1558USBzQpgdUWBcaUu8vmKq1343,1.0,1,3,1
0,0.0,0.6341066360473633,1,2010WZCaJ4UATWnu47fC8x_q2194,0.0,0,3,1
0,0.2,0.5631418228149414,1,2136GTNtg5ii_ljvTYd0c3zb1403,1.0,1,3,1
1,1.0,0.3015756607055664,1,2025x_2hg-9mZ-EGi6p0a3jI2164,1.0,1,3,1
0,0.1739130434782609,0.5163655281066895,1,27240PkmgWqz5j9_Fq0dxZCZ902,1.0,1,3,1
0,0.5454545454545454,0.4383552074432373,1,1222uS4El57Q2wzu8IrO8jXC3091,1.0,1,3,1
0,0.5,0.3854010105133056,1,1407v19CEpuYZwkqnTa-q-b7664,1.0,1,3,1
0,0.3448275862068966,0.4999961853027344,1,2042miR6jt7vY_V7syKyFwGL1670,1.0,1,3,1
0,0.7368421052631579,0.5494058132171631,1,2177rTzU3iHejo6wHiCUUGgR4151,1.0,1,3,1
0,0.4,0.3144714832305908,1,1565Ydie_dkDFB5ITs4J5bt91321,1.0,1,3,1
1,1.0,0.2498798370361328,1,102860x28lgIYl08vHuvaK5q332,1.0,1,3,1
0,0.1333333333333333,0.5444576740264893,1,1597nEqmtOHPo0XoNSnISrKk1245,1.0,1,3,1
1,1.0,0.2208781242370605,1,1828fptyhwuU_NFzQJA1Xi3E3367,1.0,1,3,1
0,0.5,0.3806259632110595,1,1553HtIHHM40j_HGKzQ8UC-Q1357,1.0,1,3,1
1,1.0,0.3309156894683838,1,2410AFq_qQ8y8JGQ7JFgVY783632,1.0,1,3,1
1,1.0,0.4739587306976318,1,2143rWgXIxnPTtsFFOBT0X5t4242,1.0,1,3,1
0,0.1428571428571428,0.34810471534729,1,22165cE4SIrSj4XGK-I-cUmM4056,0.0,0,3,1
0,0.0,0.2810146808624267,1,1991TmQZ4tOI7nwuybQ4yHxb2218,1.0,1,3,1
0,0.5,0.3570234775543213,1,626sqIdy_-8ySZOwFGfvHa-37,1.0,1,3,1
1,1.0,0.268568754196167,1,2002a_R1XmwMDmL5wyPZDS2t2204,1.0,1,3,1
0,0.6956521739130436,0.6995584964752197,1,91489gYi_bXEz_5f9xGfB8j2584,1.0,1,3,1
0,0.8,0.3842041492462158,1,699OiEXRKj_U0b0vWMEpACW2881,1.0,1,3,1
0,0.2222222222222222,0.4985723495483398,1,845RUlmcCAkxZC2itV7MBh62764,1.0,1,3,1
0,0.8571428571428571,0.3522765636444092,1,2118pxZoSka6gwQShv5gCvh11453,1.0,1,3,1
0,0.16,0.6151478290557861,1,10048BfgjG4enz3988-bMTQR401,0.0,0,3,1
0,0.6363636363636364,0.6942043304443359,1,2145sC266Uf0RNluKT7FLFAv4237,1.0,1,3,1
1,1.0,0.2560403347015381,1,1233BIh1MjWe8V_gvfBvkEMh3061,0.0,0,3,1
1,1.0,0.2754406929016113,1,2954jqY3V8dMNBIkxfLtHeUy3975,1.0,1,3,1
0,0.3333333333333333,0.2186219692230224,1,874TgJ6pjm1tIjGOz4RQM6P2687,0.0,0,3,1
0,0.5,0.3152637481689453,1,2683ZWKumnsegnDtGeIxL8lV1014,1.0,1,3,1
0,0.4827586206896551,0.7355594635009766,1,1372lJrQ_uzmwv3HIDERdt8q756,1.0,1,3,1
0,0.6666666666666666,0.2407376766204834,1,846pjUcdsDwdYxx6e-kSkqz2759,1.0,1,3,1
0,0.0,0.270439863204956,1,902WTqrcVsS44_3kCdKoIiQ2618,0.0,0,3,1
0,0.7368421052631579,0.4332234859466553,1,928Hu3KA-x6oU_y3HrI-1_W2543,1.0,1,3,1
0,0.0,1.194978952407837,1,2675d-90_uKGpaHgp3SdT5rO1036,0.0,0,3,1
0,0.5217391304347826,0.566931962966919,1,1566GrfvtQHA0o-4EBsVEj541319,1.0,1,3,1
1,1.0,0.3077816963195801,1,1973ZkDmgLcfAz_KK8nK3nfI2248,1.0,1,3,1
0,0.3636363636363636,0.4238932132720947,1,870SoygQGV4uQaIki71P9Rb2697,0.0,0,3,1
0,0.7692307692307693,0.5137619972229004,1,2079-LyObLxGymHC2hBqr_KO1564,1.0,1,3,1
0,0.0,0.4520370960235595,1,20584mhCkIhYtM4En0z3MQYe1626,0.0,0,3,1
1,1.0,0.4226255416870117,1,2561RPearP2qJJF5nNBvVQ1L2467,1.0,1,3,1
0,0.4705882352941176,0.5716953277587891,1,21437zdRayffhAEAXkARmi9b4241,1.0,1,3,1
0,0.0,0.321099042892456,1,1485zXrCfbHH-0tedwW1xWx02039,0.0,0,3,1
0,0.0,1.0122158527374268,1,2525dJ4EWXcRDVXIeNXmusu41718,0.0,0,3,1
1,1.0,0.4214115142822265,1,1343QtMvat2gfyOpKcj4hGQk843,1.0,1,3,1
0,0.3333333333333333,0.7349467277526855,1,1611MZZJtpt_K7BKLoHaLOLz1206,1.0,1,3,1
0,0.4615384615384615,0.4751954078674316,1,16098VmMKHS5S-zIoi9Lnexu1213,1.0,1,3,1
0,0.5,0.3624377250671386,1,632js9QOyeh51lieyyYEk4e20,0.0,0,3,1
0,0.7826086956521738,0.396996259689331,1,2603-H9t6TlkjtGBNIL8Vb1I2387,1.0,1,3,1
1,1.0,0.3391263484954834,1,659fIQxckVQ8kQLQWyiAcB82981,1.0,1,3,1
0,0.5454545454545454,0.4130926132202148,1,640UbntiFko68p3ukz6iGpI3033,1.0,1,3,1
0,0.6666666666666666,0.5543379783630371,1,2054QGdD7x1dFKrhbc4zQqkz1637,1.0,1,3,1
0,0.25,1.095344066619873,1,2458dUd4YKaHBPU_GMLLWI0i1876,1.0,1,3,1
0,0.888888888888889,0.4432535171508789,1,1208_hsVPm9rZYhHcK-M-aqb3131,1.0,1,3,1
1,1.0,0.4117507934570312,1,2676Sh1pbKjbPEdIZU4GMc-I1033,1.0,1,3,1
0,0.6666666666666666,0.360940933227539,1,1535JT_lXL_OClCIRi_Kf0od1932,1.0,1,3,1
0,0.0,0.4486672878265381,1,2466TSVQzmiW-hXcxaEULw6K1864,1.0,1,3,1
0,0.0,0.3599777221679687,1,709ZYekPZmIHVZUS0oAXArM2857,0.0,0,3,1
0,0.4827586206896551,0.5993068218231201,1,599vA9baHhr2B12VCaQyfug111,1.0,1,3,1
1,1.0,0.318796157836914,1,30010MAQ7KJ-aW0Z2L6ThUUL3860,1.0,1,3,1
1,1.0,0.2111721038818359,1,15234HN9qI_Z1BT9PU4i4eXx1966,1.0,1,3,1
0,0.1818181818181818,0.5807602405548096,1,2207Mhu0k4bRW9NfkPd9T-8G4076,0.0,0,3,1
0,0.7407407407407407,0.6425926685333252,1,9674guoihWvbbOOb4MxV9OO500,1.0,1,3,1
0,0.1176470588235294,0.5521743297576904,1,2532Ivi3Ohs9yg4eP9GRF8Og1698,0.0,0,3,1
0,0.4,0.4501738548278808,1,650c9GCkujN5yX2Hq3ptgvj3004,1.0,1,3,1
0,0.1999999999999999,0.5141324996948242,1,1210_s24nmmMlgNl60QCA3_m3127,1.0,1,3,1
0,0.0,0.2257406711578369,1,692bmuZ27AI6NVxsz0KR_vt2894,0.0,0,3,1
0,0.4210526315789474,0.5272805690765381,1,991UJ4U1LRmAW5-f92M6LsY427,1.0,1,3,1
0,0.0,0.3771488666534424,1,1758f6XRTOs9blC5Tid8Svkp3530,0.0,0,3,1
0,0.4,0.307103157043457,1,711G4Jg_FtYtXkHFYHcl93A2850,0.0,0,3,1
0,0.3076923076923077,0.486440896987915,1,881k4icJUV-D69snt3YwNkN2669,1.0,1,3,1
1,1.0,0.3955576419830322,1,1360LxZ_Vrj1sZ5dYHaRGOd6791,1.0,1,3,1
1,1.0,0.3211143016815185,1,2370c3Q74fBiYG2zw9ZSejzb3708,1.0,1,3,1
0,0.0952380952380952,0.7254507541656494,1,20865AJD7uSijZkNu3lQlJ481545,0.0,0,3,1
0,0.717948717948718,0.5990750789642334,1,952immu55E33w37RJlOAkR0544,1.0,1,3,1
1,1.0,0.3921434879302978,1,1185gqKvDplW4LckBGIE71n43200,1.0,1,3,1
0,0.8571428571428571,0.3220486640930176,1,1007UIE-H0wbpcNQZ4pjpJnS390,1.0,1,3,1
1,1.0,0.2312312126159668,1,2167979S1AzMJxecio9-6zel4181,1.0,1,3,1
0,0.25,0.4704368114471435,1,2044egsXeT6Z85kZYfUih06a1665,1.0,1,3,1
0,0.6153846153846154,0.4032967090606689,1,877wqSp0Rkg0hf-ytTtfQ252683,1.0,1,3,1
0,0.1333333333333333,0.5253555774688721,1,1380vA5P1fp-1XlZm7dLip3Q738,0.0,0,3,1
1,1.0,0.2869329452514648,1,1764vbHFXwP80fm-jdwvjuuX3511,1.0,1,3,1
0,0.8,0.3696019649505615,1,2982l1HVy2DPPpYq8WtirtxS3904,1.0,1,3,1
0,0.8571428571428571,0.2898333072662353,1,1231cJjNwm3bfsTH7qWJy5MR3063,1.0,1,3,1
0,0.6666666666666666,0.2398309707641601,1,952immu55E33w37RJlOAkR0545,1.0,1,3,1
0,0.1111111111111111,0.8014266490936279,1,2461f8qQbH49itp6TCfAxJMw1869,0.0,0,3,1
0,0.9090909090909092,0.4477899074554443,1,1389NIt7VpLR3rFxLFr6lrvJ712,1.0,1,3,1
0,0.5,0.5116279125213623,1,2965gY_fu8R7HgvXWZ2YZhQn3944,1.0,1,3,1
0,0.5,0.6586470603942871,1,2682o1_7d0Xjs0Bd9ZV891gv1017,1.0,1,3,1
0,0.3636363636363636,0.3356444835662842,1,2690j2wOUpSsJgKU08FvIZEg994,1.0,1,3,1
1,1.0,0.2615222930908203,1,1034epoawfzg9BJTz2Ca4vrd313,1.0,1,3,1
1,1.0,0.2686316967010498,1,716L1l3pKy-zugpO_a6ilSo2836,1.0,1,3,1
0,0.2857142857142857,0.5083746910095215,1,2228Tic033jedplc8b6Uf0fN4026,1.0,1,3,1
0,0.8695652173913043,0.5472097396850586,1,619TPd5jEymGsYMQLGFu97J58,1.0,1,3,1
0,0.054054054054054,0.8313684463500977,1,15964GBbwb3RvaHJ4qtXl4Wq1246,1.0,1,3,1
1,1.0,0.2936053276062011,1,722euX_8p0vNdY_kluqzWx42823,1.0,1,3,1
0,0.75,0.2914612293243408,1,590ro0nE5d3ot52_gvAC8T9138,1.0,1,3,1
0,0.5555555555555555,0.7008702754974365,1,2220FiinFvsU7-YyZ30zv8jY4048,1.0,1,3,1
0,0.5714285714285715,0.3593301773071289,1,979hdglxJn8R-0hBhG7P5nM463,1.0,1,3,1
1,1.0,0.4335780143737793,1,2694ltreEVbPipuuO8jQ7qct981,1.0,1,3,1
0,0.1111111111111111,0.5779361724853516,1,7201GV7Ue0Cd9oNYVERMrHM2827,0.0,0,3,1
0,0.1176470588235294,0.7327604293823242,1,13441C2N2xP14JB_ucyRSeEL840,0.0,0,3,1
1,1.0,0.3843426704406738,1,1593wQ03VrIWqHihtyDIzkll1253,1.0,1,3,1
1,1.0,0.3139071464538574,1,1830MpIhGxEOYndLD4ltPTIl3361,1.0,1,3,1
0,0.0,0.3454148769378662,1,624IMVlhXqEDrP4UTYdjFBl43,0.0,0,3,1
1,1.0,0.2996091842651367,1,2626MQV0T7h5MJ3KG7hHErhC2347,1.0,1,3,1
1,1.0,0.3792104721069336,1,201676gIfT7jAO-6h0fecgJk2181,1.0,1,3,1
0,0.0,0.4180340766906738,1,1622VzIGjCK9OcMrN2AGi78L1173,0.0,0,3,1
0,0.8571428571428571,0.4682917594909668,1,2129Ps1jQaY1CwoiNj8jmkkP1422,1.0,1,3,1
0,0.2222222222222222,0.5316531658172607,1,1779lcPuO1NFS50gJD6T-Zo73477,0.0,0,3,1
0,0.1999999999999999,0.506115198135376,1,2095lK7AE7QBvvimiBGlAhCP1520,1.0,1,3,1
1,1.0,0.2522351741790771,1,1566OYiRrAn9nhAe8krxhhlH1318,1.0,1,3,1
0,0.6956521739130436,0.5181758403778076,1,2562xhuuQrOL772giwHAFNN12465,1.0,1,3,1
0,0.4545454545454546,0.5011913776397705,1,1762sINPubHhOJZ7JGLvqpn33519,1.0,1,3,1
0,0.4,0.3840618133544922,1,981F93-pjjKms7jx4e2JVzV458,1.0,1,3,1
1,1.0,0.3088252544403076,1,985ZjvvC0gTx6zRqASlgtzC445,1.0,1,3,1
1,1.0,0.2541844844818115,1,1622tBSu7soksT-AzmIOuApI1175,1.0,1,3,1
0,0.625,0.4922723770141601,1,2597bEEmj9EqyhIvOn9lakux2398,1.0,1,3,1
0,0.8,0.348027229309082,1,2111pGUGejfL5WACso3SLJbt1474,0.0,0,3,1
0,0.3448275862068966,0.7479751110076904,1,1187yN2Y5xluovzwpRCb1U-23195,1.0,1,3,1
0,0.4444444444444445,0.2656033039093017,1,607K-braHAQ3mBasRzaqi7I91,1.0,1,3,1
0,0.0,0.3022108078002929,1,2524HPFjghxlMH26LswuLr121721,0.0,0,3,1
0,0.0,0.4518406391143799,1,2112Ka84DXM_2O-I9bb2Bh1H1471,0.0,0,3,1
1,1.0,0.2158610820770263,1,2009yUPItY6TQRe6eMeSQjOO2195,1.0,1,3,1
0,0.1999999999999999,0.4512825012207031,1,3032cpPfK3yN5DpsFVbesgis3794,1.0,1,3,1
0,0.0,0.402578592300415,1,674fc9KLiMj1S_6ZgcjWErn2942,0.0,0,3,1
0,0.625,0.4602675437927246,1,216056mnlRJWqGhoIzF9wyxO4199,1.0,1,3,1
1,1.0,0.3506026268005371,1,709nCI7ZXWYPT_VsxwhCSWp2855,1.0,1,3,1
0,0.0,0.2770590782165527,1,14135nOR58ZI6lSglpLLKJLs649,0.0,0,3,1
0,0.8421052631578948,0.3587653636932373,1,21523ahtzE44hJmj4vLleIFL4217,1.0,1,3,1
0,0.0,0.5504088401794434,1,2406B4Z7N9AspBfhkFExbXtA3637,1.0,1,3,1
1,1.0,0.345644474029541,1,2677ervM-KMjq6rGhqtWXlXw1032,1.0,1,3,1
0,0.372093023255814,0.8232889175415039,1,1388YAP57D0SapGUbpiJRE9a715,1.0,1,3,1
1,1.0,0.2850949764251709,1,971YiMBm82cMuE-VjwzggoC486,1.0,1,3,1
0,0.4210526315789474,0.5150444507598877,1,617iyLwPnEkb8aandhPxiQ265,1.0,1,3,1
0,0.5,0.3574542999267578,1,13429RfxQrh56mayQixQkhbs844,1.0,1,3,1
1,1.0,0.3003020286560058,1,647k5bR1qBlBkeACsN2IIMD3011,1.0,1,3,1
1,1.0,0.3649568557739258,1,961rHLHYK3rKYFAjaPXxUWS518,1.0,1,3,1
0,0.25,0.5199406147003174,1,3000dqwXFQm9XMFpQ0HwdmuB3862,0.0,0,3,1
1,1.0,0.2754199504852295,1,2719WfPBP5JMsTcRPHcHpNOM914,0.0,0,3,1
0,0.6666666666666666,0.2758612632751465,1,2040HhSymgf1wKjnAVm1XtFr1677,1.0,1,3,1
1,1.0,0.3146734237670898,1,2541rje6l6smnNf496Mfo2ZK2506,1.0,1,3,1
0,0.1481481481481481,0.6644306182861328,1,1202iIzasrTScRTbY9MqhVF43151,1.0,1,3,1
0,0.1333333333333333,0.7478446960449219,1,2384aVhKH9_EVqT5P4uiN6BD3679,0.0,0,3,1
0,0.0,0.5067815780639648,1,2524gNYm9nwLrGjKr29PkOaJ1723,0.0,0,3,1
1,1.0,0.3217854499816894,1,1458N6uaL3BJbFx0zaaW_fWm2096,1.0,1,3,1
1,1.0,0.2847886085510254,1,1218FmLMT0y2IKk9ZtWcCy973101,1.0,1,3,1
1,1.0,0.4323205947875976,1,1466HA3s7uyQytzf1DGQ7ak82078,1.0,1,3,1
0,0.7777777777777778,0.5562834739685059,1,2163CPpJfPXi8a-ve64R5YUK4189,1.0,1,3,1
0,0.4000000000000001,0.3737862110137939,1,2119SJEcYcuuQpuvuba_KlGl1452,0.0,0,3,1
0,0.0,0.3868212699890136,1,2529megpj8CeZE8YmFG-ONB81706,0.0,0,3,1
0,0.5,0.3681504726409912,1,2099_g4dFIknl3fT9dwR3u1P1509,1.0,1,3,1
0,0.7499999999999999,0.3628737926483154,1,2217SJQhtYv5R5TRR96GIUDz4053,0.0,0,3,1
0,0.3157894736842105,0.577042818069458,1,2669v67locIF9ThvWJ8mcmqm1055,1.0,1,3,1
0,0.4,0.5065121650695801,1,866LtsA6S3dXyfEn4lwSbj-2706,1.0,1,3,1
0,0.7777777777777778,0.4344353675842285,1,1011MjRtXOyGZ4-GuFtMmFil378,1.0,1,3,1
1,1.0,0.3423824310302734,1,11978_NZ80-7iblXNygjG5Mj3165,1.0,1,3,1
0,0.9333333333333332,0.4043118953704834,1,2166jcvCXmlprvHV3vNw6N8Q4183,1.0,1,3,1
1,1.0,0.1771993637084961,1,1462oZf7cRHuZfp2BDkDYtEC2088,1.0,1,3,1
1,1.0,0.3446996212005615,1,2032h_xc2uXEe2J9hKtwBMZw2147,1.0,1,3,1
0,0.2222222222222222,0.3207745552062988,1,905uMGe3kos3fBWBJRcu64_2610,1.0,1,3,1
0,0.1538461538461538,0.6269545555114746,1,1401DngdKRka9HWtSFdUlGtf683,1.0,1,3,1
0,0.846153846153846,0.5560331344604492,1,2234WunkhYpA1H7nKvUqH4fU4009,1.0,1,3,1
0,0.5714285714285715,0.2721061706542969,1,6697jIYtcKSoYakHzaLUALm2952,1.0,1,3,1
0,0.0,0.4836339950561523,1,2728nFa2ldCrvtEJDng_XYxW888,0.0,0,3,1
0,0.2068965517241379,0.6240739822387695,1,1370QNUfD2WiHA7tvyK8d5Dc761,1.0,1,3,1
1,1.0,0.3321261405944824,1,2049EiSr8AWG9INgthccDLTD1650,1.0,1,3,1
0,0.5,0.3029427528381347,1,2604e0fmEL2GWz6b8e3UT2SE2382,0.0,0,3,1
0,0.6666666666666666,0.3441939353942871,1,1477MEOUCxX-xvP9dW6zynAa2054,1.0,1,3,1
0,0.0,0.2084536552429199,1,893CM-JFvTvcT8bMPws6w-12646,1.0,1,3,1
1,1.0,0.2957284450531006,1,2112z5T54aGAg6qkaOS_CEpU1472,1.0,1,3,1
0,0.0555555555555555,0.9438133239746094,1,1379RrT3A_PqlFKQNYvghi-j741,0.0,0,3,1
0,0.8,0.2742350101470947,1,1773wG_suR5FqE-mF5fGOZf_3490,0.0,0,3,1
0,0.0,0.5709888935089111,1,25220uEQpWctQitEMppCz0oB1728,1.0,1,3,1
0,0.4,0.5908980369567871,1,1346yh2OMAtmfNpcRNt1SLy0832,1.0,1,3,1
1,1.0,0.2973988056182861,1,1764sM214smx3pexNt7ihmYZ3512,1.0,1,3,1
0,0.7777777777777778,0.4169697761535644,1,29900qLcvUk1IANwUoRUksL83885,1.0,1,3,1
0,0.0,0.4957063198089599,1,2126DJgUbSL5sAmvrHK4b6i71433,0.0,0,3,1
0,0.6666666666666666,0.5182509422302246,1,2373NRKFusfQc_zLqjvXUBsn3703,1.0,1,3,1
1,1.0,0.2287275791168213,1,1146avA58X9cjk_DPeXmAxoa3312,1.0,1,3,1
0,0.8421052631578948,0.4311952590942383,1,25035fhaQNvL0WXgoeoS66lU1771,1.0,1,3,1
0,0.0,0.325911283493042,1,1782pNwPTa1BHnMqErVHNgVn3468,0.0,0,3,1
0,0.8750000000000001,0.6487646102905273,1,2695ZPNMDXJVWkSpBsIvWP2e978,1.0,1,3,1
0,0.4285714285714285,0.4637954235076904,1,734OaSkZy1tFRAsQhwXZpw72791,1.0,1,3,1
0,0.761904761904762,0.4429757595062256,1,966sGFsmeXRVmn5uld87Uqx501,1.0,1,3,1
1,1.0,0.3238275051116943,1,1219M-HK-GzSUL0_YTpEyAal3100,1.0,1,3,1
0,0.25,0.212029218673706,1,688c3WuYR4MMHLmhRv-gN0x2905,1.0,1,3,1
0,0.3333333333333333,0.4198944568634033,1,2700ouBGuI-BEf84sS7uN4t6964,0.0,0,3,1
0,0.2727272727272727,0.6105115413665771,1,1002OYjKgvY_WrTVyv0BBUq7298,1.0,1,3,1
0,0.8,0.3049671649932861,1,15263OLWSlkXpClkcExQ-34k1956,1.0,1,3,1
0,0.0,0.241929292678833,1,2047gFZId1qs9iPQOZC-ctZk1655,0.0,0,3,1
0,0.0,0.421743631362915,1,632uvTxu-d7cMie_IsRhHir18,0.0,0,3,1
1,1.0,0.3975999355316162,1,2018YW2syleEWhsiOiqtl1bM2179,1.0,1,3,1
0,0.6250000000000001,0.6664996147155762,1,13557O5UDcwm79Dbe5mMKkyP805,1.0,1,3,1
0,0.1333333333333333,0.4733939170837402,1,610Wlu96o5AFYgV3XRdxvUD81,0.0,0,3,1
0,0.3076923076923077,0.5910956859588623,1,1222CcGGwOypuVs066m0-Ti03089,1.0,1,3,1
1,1.0,0.2857730388641357,1,920_3eA9G_QtBFRfHPqbpXD2564,1.0,1,3,1
1,1.0,0.2951302528381347,1,582uj-O_p2agIMaKLfVvt9q163,1.0,1,3,1
0,0.0,0.3174607753753662,1,11874ivUPRxetEbIs17W3yI23194,1.0,1,3,1
0,0.5,0.3919575214385986,1,663-JJ9KuxO4ce29ftc42bp2969,1.0,1,3,1
0,0.2857142857142857,0.7086844444274902,1,1586xdhd1pR6S0dzxj9ovgft1273,1.0,1,3,1
0,0.0,0.3211894035339355,1,1609EOhGYwBpZppwqq_NILl01211,0.0,0,3,1
0,0.3333333333333333,0.3856701850891113,1,728o5nPELHgiol01noXmKOs2804,0.0,0,3,1
0,0.4,0.4777379035949707,1,26216Z83wTl882xhoh0wbJyW2356,1.0,1,3,1
1,1.0,0.3903000354766845,1,2738DAMkWYr6P41qkaUL03WS861,1.0,1,3,1
0,0.5217391304347826,0.5941507816314697,1,2685GABqKAQvYffOXnzpYe7d1007,1.0,1,3,1
0,0.8,0.4026994705200195,1,2497_yB250Kp0G5hx_qYaSQz1790,0.0,0,3,1
0,0.3999999999999999,1.1279199123382568,1,2655gxZrOskmjOA-TW3Ehnd31093,1.0,1,3,1
0,0.4999999999999999,0.6244275569915771,1,5638rNPpZlKveews0Jur10f220,1.0,1,3,1
0,0.8,0.4389667510986328,1,1610uoqONpVWq8hbfW0IWTp01210,1.0,1,3,1
0,0.5714285714285715,0.3410680294036865,1,1619WNMGVblYkoUK6xqbFIWj1181,1.0,1,3,1
0,0.7058823529411764,0.5409672260284424,1,2488DTQyWJtFzqpMo0G83Z141809,1.0,1,3,1
0,0.5,0.2432184219360351,1,1148PSyI-r3aKN8Fs-txzeP-3307,1.0,1,3,1
1,1.0,0.2349505424499511,1,620bIM9wpBXt4X64dKqTAlI54,1.0,1,3,1
0,0.2666666666666666,0.5105628967285156,1,697hxPp_DRdUO5M8Mhc9Foe2883,1.0,1,3,1
0,0.1714285714285714,0.5912232398986816,1,2596mAI-2gOF5YyGddhRQY7J2401,0.0,0,3,1
0,0.8,0.6670835018157959,1,1353w0JPzybqaK7D7IgLKUAQ811,1.0,1,3,1
0,0.0,0.2769675254821777,1,2002fbBFgunu-KJFrVTfeKi42202,1.0,1,3,1
1,1.0,0.2740192413330078,1,19576albE3jQTwnzltPL9x4p2282,1.0,1,3,1
1,1.0,0.2394311428070068,1,2029zM0iFxiByEjdcqWytGF82157,1.0,1,3,1
0,0.0,0.2561128139495849,1,705qdVGES6XsgQsP_yvGu_I2866,0.0,0,3,1
0,0.6153846153846153,0.6092913150787354,1,5638rNPpZlKveews0Jur10f221,1.0,1,3,1
0,0.6666666666666666,0.2927265167236328,1,3025ztWv0J68PeStGtNqdd7e3807,1.0,1,3,1
0,0.5454545454545454,0.3828926086425781,1,992-81dbeU4j2z_OL117yjt423,1.0,1,3,1
1,1.0,0.5379910469055176,1,908jl25A_Iov80feqJ4evmm2602,1.0,1,3,1
0,0.6153846153846154,0.409959077835083,1,1215415v_BmzwkNXDE-6MKs73111,1.0,1,3,1
0,0.8571428571428571,0.2401714324951172,1,1520uD9FiUqcbSpNYsUopFjY1971,1.0,1,3,1
0,0.7000000000000001,0.4781482219696045,1,2389fMXDCf-L0WzUcKd1VeHg3670,1.0,1,3,1
1,1.0,0.3396337032318115,1,1428xPneXxp8WCid2OQ6y0ie605,1.0,1,3,1
0,0.5217391304347825,0.5431807041168213,1,1762sINPubHhOJZ7JGLvqpn33518,1.0,1,3,1
0,0.8181818181818182,0.7849771976470947,1,2165UFxDkTAvPqvH4KxZyH3w4185,1.0,1,3,1
0,0.7692307692307693,0.5117921829223633,1,1385LTJsjSVpJOBIcpvswpuK721,1.0,1,3,1
0,0.5882352941176471,0.5388758182525635,1,633PNkXpWrT5V7t9B3iNQ9z15,1.0,1,3,1
0,0.5,0.3256986141204834,1,2552VNiXxsau_A7kc3Tvf3p22484,1.0,1,3,1
1,1.0,0.3026835918426513,1,145680wJT2OEc4U1fHPyTYZE2103,1.0,1,3,1
0,0.7272727272727272,0.5427234172821045,1,14141HXL5FAh9vdVXc_7zkwN645,1.0,1,3,1
0,0.7692307692307693,0.3493328094482422,1,1509CUIy9Rlec04CLHTvttMQ2001,0.0,0,3,1
0,0.074074074074074,0.7090787887573242,1,1016CUBKrFMJ-UTMJxunATzk368,0.0,0,3,1
1,1.0,0.3008542060852051,1,1553LH4jQ8Gyh4swkDp_mTRB1356,1.0,1,3,1
1,1.0,0.268317699432373,1,1146WndGbCRXWQdZIkeho7Gc3311,1.0,1,3,1
0,0.064516129032258,0.7954175472259521,1,578C_O7pYNiyLAUSE5J66xB175,0.0,0,3,1
1,1.0,0.2790296077728271,1,1005kUSQjnYNjRyPCjiXwSaB398,1.0,1,3,1
0,0.0,0.6450939178466797,1,998Con_q4MLI1RfJuY2bKbI415,1.0,1,3,1
1,1.0,0.358027696609497,1,1226VvNg35i87Jc0HRevhBIp3079,1.0,1,3,1
1,1.0,0.3340954780578613,1,1961NgbrYCa8qLoT8bwQvWyP2273,1.0,1,3,1
0,0.0,0.3186557292938232,1,958UDYY0qFH9pDU9YSVA8Vc526,0.0,0,3,1
0,0.0,0.217881441116333,1,16127RJnwPcCuQ2L6JWAn7Rd1204,0.0,0,3,1
0,0.0,0.2099087238311767,1,2345L8lcdJOyUpQRQBcnRzDK3766,1.0,1,3,1
0,0.4,0.2384483814239502,1,2379GN9mys5ZoyDzMrBRliJf3689,0.0,0,3,1
0,0.2857142857142857,0.6168415546417236,1,1497JQ4ZHRsRX7evdsz7Cnxn2026,1.0,1,3,1
0,0.1333333333333333,0.4520273208618164,1,1587uaVpzNlVFOvm2d9R858J1271,0.0,0,3,1
1,1.0,0.2986159324645996,1,691pqnhMyJfTBtJrs_4z71s2898,0.0,0,3,1
0,0.8,0.2627108097076416,1,2550LYN4iIl7yI_G3sifQnSg2490,1.0,1,3,1
0,0.3333333333333333,0.3363521099090576,1,1804uzeMzyojontOD0RrTKB-3426,1.0,1,3,1
0,0.8750000000000001,0.3818025588989258,1,875rKE1xYgnsy1BcrIiDIQI2685,1.0,1,3,1
0,0.0,0.5093646049499512,1,2977yupMSQn-HI-bXvQfc1K33916,0.0,0,3,1
1,1.0,0.2143149375915527,1,2698bgG-pSvhH1uH5WECCZ_3970,1.0,1,3,1
0,0.0,0.8516719341278076,1,2081wGIIBL_5uHYg2-zjVmIl1559,0.0,0,3,1
0,0.2352941176470588,0.5312256813049316,1,562PdLKBSdwFoIYHY2sfoIe222,1.0,1,3,1
0,0.8333333333333333,0.3275308609008789,1,1545g1Tb818_JNDAuQjE--ZZ1379,1.0,1,3,1
0,0.0,0.3920347690582275,1,1544BBli6lvsM3ocK55YaTtb1382,0.0,0,3,1
0,0.761904761904762,0.5589377880096436,1,1000i5ZESzidE5hb6hdUdea2408,1.0,1,3,1
0,0.5833333333333334,0.5867633819580078,1,2693xNMD-j6qs0jX-U23Wf0I984,1.0,1,3,1
1,1.0,0.3224427700042724,1,14925BpcZux1svJlrAtyoMai2029,1.0,1,3,1
0,0.125,0.4985597133636474,1,556P8pjHZyb4ejA9BA5GDtx242,0.0,0,3,1
0,0.0,0.4597725868225097,1,1590DQgHfimikqgwh-c_JwUe1261,0.0,0,3,1
0,0.4285714285714285,0.4914491176605224,1,2687GNgTIwftLmhQl-ULlyIq1002,1.0,1,3,1
0,0.4375,0.6554591655731201,1,252513Fb0l8m0GRRu_iLUCVp1720,1.0,1,3,1
0,0.3076923076923077,0.418118953704834,1,664f37D7JhEzRWzT7PSpfeq2965,1.0,1,3,1
0,0.5714285714285714,0.5038855075836182,1,2148NJIHZymeZVgHJqfku_T-4226,1.0,1,3,1
0,0.2857142857142857,0.8800218105316162,1,22353xyc8AR6WxpoF2OKgYnG4005,1.0,1,3,1
1,1.0,0.3609926700592041,1,925n35w1SDxy9hu-BoGzQhT2551,1.0,1,3,1
1,1.0,0.3160030841827392,1,25929jtoxzmRvrCghJK2Yr5n2409,1.0,1,3,1
1,1.0,0.2303457260131836,1,22035zMP91kTdK0D670Gm9DE4088,1.0,1,3,1
0,0.608695652173913,0.6597495079040527,1,1584nXcMXJnDRIJAimgA99Zv1279,1.0,1,3,1
0,0.0,0.4294726848602295,1,656YB8T90k-pyOHOCeclaxG2988,0.0,0,3,1
0,0.5454545454545454,0.5687751770019531,1,2693jy7ZRqHH6YP_cNnIYq_h983,1.0,1,3,1
1,1.0,0.3502187728881836,1,726Zqrdy5MxEOzGUtfFmSDk2812,1.0,1,3,1
0,0.6666666666666666,0.296619176864624,1,974vUVNFZZhK9Vx9yosXwyz478,1.0,1,3,1
1,1.0,0.3037984371185303,1,1451JJuYQ7gSCXBvwOXzxUO72111,1.0,1,3,1
1,1.0,0.2724196910858154,1,1797bKcsOYWjujXqmm-PqvRx3438,1.0,1,3,1
1,1.0,0.4851686954498291,1,3011HiShQ8Sh1h9w8aYM2bSM3837,1.0,1,3,1
1,1.0,0.3536183834075928,1,2083X6CobqyKBWlVB2erFdr91552,1.0,1,3,1
0,0.0,0.3646469116210937,1,2059u7LeYW8QJT4FuRBunnc71622,0.0,0,3,1
0,0.7500000000000001,0.5796494483947754,1,2446m66Tw_4sOTHwmDMR5WHc1904,1.0,1,3,1
0,0.4705882352941177,0.4279990196228027,1,913p95ynskZDtXb0qOC6dwA2585,1.0,1,3,1
0,0.0909090909090909,0.4424123764038086,1,1483yi8ag0RBlDyqbW4LauBq2044,1.0,1,3,1
1,1.0,0.2789862155914306,1,1428xPneXxp8WCid2OQ6y0ie604,1.0,1,3,1
0,0.0,0.3517735004425049,1,2127j4vlim-EJ7C9hksd0XEG1430,0.0,0,3,1
0,0.0,0.5153601169586182,1,3016UHntd5AXw8O8ujuIuzC03825,0.0,0,3,1
0,0.7692307692307693,0.4318726062774658,1,262821L4N7qZnsAQ8yXausca2343,1.0,1,3,1
1,1.0,0.2458462715148925,1,1739zS5d5K2nGI2VG3-3pbM_3586,1.0,1,3,1
1,1.0,0.4547224044799804,1,1407o89xvqZTutf5eFwNUiRW665,1.0,1,3,1
0,0.2105263157894737,0.4571282863616943,1,892NlSY0o_jjuvHCLz66OUl2648,0.0,0,3,1
1,1.0,0.4133031368255615,1,1198n_07s62TLlmlj1bGHEMh3161,1.0,1,3,1
0,0.7499999999999999,0.4411940574645996,1,1145CdbMPhBl1m3XpPiJVufo3315,1.0,1,3,1
0,0.6666666666666666,0.4354283809661865,1,300300XBB2enm-sjUC1pecfx3857,1.0,1,3,1
0,0.0,0.2355742454528808,1,2025tOS4Snu9-CzxWSTOYU392166,0.0,0,3,1
0,0.8,0.2916152477264404,1,1185QUMqAkrbMIjcG5gvt2YM3201,1.0,1,3,1
0,0.7692307692307692,0.5387225151062012,1,934hLc2W0dI5ExU1xikzEH42529,1.0,1,3,1
0,0.7368421052631579,0.4578988552093506,1,2635-GCLdPLMrmMD4qnPKG-_2328,1.0,1,3,1
1,1.0,0.2664132118225097,1,1577OEbmLnj5geKIc3Ms5Gtk1298,1.0,1,3,1
0,0.8,0.2783551216125488,1,26727Yse7GsoM0NaNss8TBWk1047,1.0,1,3,1
0,0.5714285714285714,0.4807803630828857,1,269641MnNGSIX-ZmkeYfsnXq976,1.0,1,3,1
1,1.0,0.3950400352478027,1,936Yj1HaPjTlXv6Hgo8Cae92522,1.0,1,3,1
0,0.0,0.5935318470001221,1,27065ZHgP-paSB5ljBAmKla_948,0.0,0,3,1
1,1.0,0.3171355724334717,1,2581ppi0j1b9BNl9BapOdicC2430,1.0,1,3,1
0,0.4390243902439024,0.5242736339569092,1,2601GgSIDEnk6OnshxTFVGk-2392,1.0,1,3,1
0,0.7499999999999999,0.5326142311096191,1,2729LQr51_aLqEDD75sH-mQa885,1.0,1,3,1
0,0.2758620689655173,0.7136199474334717,1,2711IiarGLddFLTH1FRe4yTe935,0.0,0,3,1
0,0.5454545454545454,0.5750226974487305,1,964RapMeSY8FyWlaMkFUNk8509,1.0,1,3,1
1,1.0,0.2860534191131592,1,1214OL0S8M01IQnF-7GOuJJn3113,1.0,1,3,1
1,1.0,0.260324478149414,1,1946Nnxnp68NuZXwOGDihqLA2308,1.0,1,3,1
0,0.2380952380952381,0.938546895980835,1,612ky8baY-v_Ae9A0ILjO9a78,1.0,1,3,1
1,1.0,0.3081083297729492,1,2492ldlNHGz1Ln-OVphSGeie1801,1.0,1,3,1
0,0.5263157894736842,0.5622231960296631,1,986wotq83gPK5H9RJCPZcUa443,1.0,1,3,1
1,1.0,0.3722810745239258,1,1999xtjeBxtA7VH_gw9Nh6zf2209,1.0,1,3,1
0,0.25,0.3895339965820312,1,6397bAfLk75E5KWRPhdSxoO3035,0.0,0,3,1
0,0.8,0.2859342098236084,1,593kmxrhCum30V8LO3FwczX131,1.0,1,3,1
0,0.4827586206896552,0.6126484870910645,1,1476v2PUFlQQdpTZSxONJoJN2058,0.0,0,3,1
0,0.5882352941176471,0.4756290912628174,1,933f51SxFqN5EEdYugeQFhF2533,1.0,1,3,1
1,1.0,0.307356595993042,1,1837P7XMSHwyeqg5w6sgNooL3338,1.0,1,3,1
0,0.4864864864864864,0.7885191440582275,1,1155buq6aWlaQuO1-Win_xed3285,1.0,1,3,1
0,0.125,0.8270516395568848,1,2400vNrdJburJUbyqPL1jKf-3646,1.0,1,3,1
0,0.3333333333333333,0.733313798904419,1,634_5Ke_8xaAo_UsybwdiB113,0.0,0,3,1
1,1.0,0.4137029647827148,1,15928E8pxEJmfNp4i0dvTpic1257,1.0,1,3,1
1,1.0,0.2478482723236084,1,2046Y3tesPObf1eU4k2Ieg_q1658,0.0,0,3,1
0,0.6666666666666666,0.2681429386138916,1,1805jD6pXVUKWTExN0qvvGu63423,1.0,1,3,1
1,1.0,0.334669828414917,1,1816M49IXoDpU__17vFIazVS3396,1.0,1,3,1
0,0.6666666666666666,0.4033563137054443,1,859dpErN7YnpSc62U8feJVS2722,1.0,1,3,1
0,0.0,0.7307064533233643,1,1016iZHfARlbR17vRBgOG7AS366,0.0,0,3,1
0,0.0,0.2959496974945068,1,2121tJVu3NPeLooSCowp2KBZ1446,0.0,0,3,1
0,0.8,0.3812935352325439,1,3008p0idCpuhxmLUgt3xPUiv3845,1.0,1,3,1
1,1.0,0.2638475894927978,1,1023GZ3dln2t0HzaDV2xwSoN347,1.0,1,3,1
1,1.0,0.1930153369903564,1,672fdvBLQoGo5ntM5w4YRi_2946,1.0,1,3,1
0,0.75,0.4157207012176513,1,1617-HTq6axozTF-eMfISD1Y1188,1.0,1,3,1
0,0.625,0.5691747665405273,1,1829Io4ow-6WaOGk3uMLY2EE3364,1.0,1,3,1
1,1.0,0.3499801158905029,1,662FSjJPutAhsBA5hh--LCF2972,1.0,1,3,1
0,0.0,0.2554957866668701,1,999gah7KDso3MxqZMK24KwL413,0.0,0,3,1
0,0.5,0.3518714904785156,1,882doeTQayJlOLXdbcJEWxe2666,1.0,1,3,1
0,0.0,0.6566553115844727,1,2346lpAFRW5wMh0QbCkt1J153765,0.0,0,3,1
0,0.6666666666666666,0.4630734920501709,1,570b8sPdCNrCb2fqPau5nlt198,1.0,1,3,1
0,0.0,0.4801392555236816,1,1364rzJ0x_lGbilmxlREm3-p780,0.0,0,3,1
0,0.8421052631578948,0.5131256580352783,1,1352KmQBu98vzork4gBBSRO7816,1.0,1,3,1
0,0.3846153846153846,0.5397286415100098,1,967mE-YQ6GKIOciQhgemIuu498,1.0,1,3,1
0,0.08,0.5152759552001953,1,853rlvzrZk-fZ0MJGXIDsKK2740,0.0,0,3,1
0,0.0,0.4904787540435791,1,1420r8hCUL3cJbDlZaKhMA1w626,0.0,0,3,1
0,0.0,0.3926115036010742,1,9663riGhItsb_5EG0X5d0GP503,1.0,1,3,1
1,1.0,0.3011248111724853,1,2632BRHiLLVNas_DcfbmC3c-2330,1.0,1,3,1
0,0.4680851063829787,0.6816425323486328,1,25775PQIxbBRzGch8_9ktspn2442,1.0,1,3,1
0,0.7692307692307692,0.4296741485595703,1,2686JOWKciP4s6sWuWPuyo-d1004,1.0,1,3,1
0,0.8,0.29486083984375,1,1390o9_Ny0o9guZOaXj0sbu7711,1.0,1,3,1
1,1.0,0.3619310855865478,1,9686ZR7i7IlPRKYMLz1gLVE497,1.0,1,3,1
0,0.5333333333333333,0.4746201038360595,1,1747m5UQck6_uvx449-K2ICH3563,1.0,1,3,1
0,0.4615384615384615,0.7438039779663086,1,960o6-E-_ISeh5lV6FHiD34521,1.0,1,3,1
0,0.8181818181818181,0.5088183879852295,1,26584ooM2Zw_eA4brG7DDLRH1084,1.0,1,3,1
0,0.5882352941176471,0.4754819869995117,1,2139yDUqrN6ktYr0XYmUtrhj4251,1.0,1,3,1
0,0.896551724137931,0.5156216621398926,1,2658kpZ5jhLWnxu93y4HPmEB1086,1.0,1,3,1
1,1.0,0.2479333877563476,1,1982gXuf8xxJfqlXCJ0lBbBx2236,1.0,1,3,1
0,0.7916666666666666,0.8747735023498535,1,1442E-iDHqJgmhXgGgUnsT6U2127,1.0,1,3,1
1,1.0,0.468118667602539,1,1835xWOwAfgrbHJnPbJjkinW3345,1.0,1,3,1
0,0.0,0.8547811508178711,1,21819xbRjmQqZsl8GNgU4sNW4141,0.0,0,3,1
1,1.0,0.2223625183105468,1,2535aSLMIE3ai-2WCJ4pqVYs1691,1.0,1,3,1
1,1.0,0.2289185523986816,1,735yFZGdJWVMnSb6dYaQkiG2787,1.0,1,3,1
1,1.0,0.4572532176971435,1,1457upHRYV54bxzXrLiZtg6L2099,1.0,1,3,1
1,1.0,0.3200395107269287,1,1183U1zI1TbGdaZR1adOMYQM3207,1.0,1,3,1
0,0.0,0.1923882961273193,1,1369djsyqLYuxpeSrFzUMmCE764,0.0,0,3,1
1,1.0,0.2471003532409668,1,2977bAR1UUAdut5SZn4bYC9-3918,1.0,1,3,1
1,1.0,0.3367173671722412,1,2536UpX9Bg_Y08DDNzXdFiU_1690,1.0,1,3,1
0,0.0,0.3425745964050293,1,581eQPPkrKHcN8_8Sw_9yqc166,0.0,0,3,1
1,1.0,0.2236385345458984,1,182447yf5Kxgmkoq18WzZ-kB3379,1.0,1,3,1
1,1.0,0.3352134227752685,1,2599s6M3aZhTKLbo_uqhfouF2396,1.0,1,3,1
0,0.0,0.2509632110595703,1,2607OKKx_-TxJyP4xHwMylUE2373,0.0,0,3,1
0,0.6666666666666666,0.267383337020874,1,1235ppKKbTr1utemwebxmtLB3055,1.0,1,3,1
0,0.2307692307692307,0.5760846138000488,1,2480x9e2-ZMs1EKt6D0tRsQi1826,1.0,1,3,1
0,0.3,0.6381158828735352,1,2159ddV_uhwSKY-ivPDLPBYe4202,1.0,1,3,1
0,0.64,0.6082260608673096,1,1613_GNhprlpdle_vZoOR-qp1200,1.0,1,3,1
0,0.2285714285714285,0.720099925994873,1,23527XII60w5C9XqiZx6OCLt3753,0.0,0,3,1
1,1.0,0.3665945529937744,1,1472rUZfzrrFBRkQ2V9Nom352064,1.0,1,3,1
1,1.0,0.3580763339996338,1,1952VkcVXDZByWM4BEkloo3g2292,1.0,1,3,1
0,0.4347826086956522,0.5569469928741455,1,1346nIMk4YFeJtxqsv7zKctl834,1.0,1,3,1
0,0.1428571428571428,0.8039157390594482,1,1021PPK-R-xW8kEi9x6y3ozh352,1.0,1,3,1
1,1.0,0.4064781665802002,1,2722B2Q7xCqKAJysuUWecphg907,1.0,1,3,1
1,1.0,0.3918037414550781,1,1007US_OGKNW9-UY27_fbDjW392,1.0,1,3,1
0,0.3333333333333333,0.5847582817077637,1,2959FnHyjmyIGupp1N26K34X3962,1.0,1,3,1
1,1.0,0.5421347618103027,1,1441MCBHwz4mlshCsnGFlkHe2131,1.0,1,3,1
0,0.0,0.3115866184234619,1,1144Dngx4nkJVbVR8P-iE7sU3318,0.0,0,3,1
0,0.0,0.5493087768554688,1,29814YmrvhgM84gEBT0lVxvw3906,0.0,0,3,1
0,0.0,0.6650593280792236,1,2971KWjWQ_4RCyuE49PD1BRC3931,0.0,0,3,1
0,0.2857142857142857,0.4027845859527588,1,1759y5yGptDhTmoTR_wEuxlL3527,1.0,1,3,1
0,0.6666666666666666,0.2568225860595703,1,2357Td0_4YYUSAljF5vBv_0h3739,1.0,1,3,1
1,1.0,0.2887592315673828,1,1150dinob9vqgTZrk-xbjId83300,1.0,1,3,1
0,0.1052631578947368,0.521946907043457,1,1206pt-2ozhsCeZeJuJZ11Ii3138,0.0,0,3,1
0,0.7272727272727272,0.3872277736663818,1,920oP3ZWGsXlXtshho5kLW02566,1.0,1,3,1
0,0.0,0.2982966899871826,1,5790Fok9pJKiiI6Y-n3yb5i171,0.0,0,3,1
1,1.0,0.286510705947876,1,1746xFkEmAdD0clAPlBABufm3565,1.0,1,3,1
0,0.625,0.7249999046325684,1,1766ZRZ8EEGBsuCXUDeVU6AL3507,1.0,1,3,1
0,0.6428571428571428,0.6907219886779785,1,859dpErN7YnpSc62U8feJVS2721,1.0,1,3,1
0,0.0,0.2442319393157959,1,2534kfzrkiF6qPoNEuEogKpb1695,1.0,1,3,1
1,1.0,0.2116827964782714,1,878Tp76n2ZpjK1LVAz5F3Mg2680,1.0,1,3,1
0,0.5,0.3656558990478515,1,1611MZZJtpt_K7BKLoHaLOLz1207,1.0,1,3,1
1,1.0,0.4124646186828613,1,687a3A4RhuOTcthCNUiIrgc2907,1.0,1,3,1
0,0.4545454545454545,0.5345211029052734,1,2506tnNa34B-P_N92wRxsBoH1767,1.0,1,3,1
0,0.5714285714285715,0.4449608325958252,1,580J0GQq9CMPFwuNoK_eRB4170,1.0,1,3,1
0,0.4074074074074074,1.0451862812042236,1,8868thLYr46u8EShTLKweit2658,1.0,1,3,1
0,0.5555555555555556,0.6261887550354004,1,1357dHKRJVVa-pcJ70XOotOx800,1.0,1,3,1
1,1.0,0.2795960903167724,1,8982jMja-0mYqXcdvoFxJxW2630,1.0,1,3,1
0,0.7368421052631577,0.6422457695007324,1,2655YDVlTu5g8XP-s_xoiAGt1095,1.0,1,3,1
0,0.4545454545454545,0.506798505783081,1,2196RcteK2m9GTjJgXROQiPI4109,1.0,1,3,1
1,1.0,0.2594430446624756,1,9800iElAh33OivZxcm_4tCk460,0.0,0,3,1
0,0.761904761904762,0.5900039672851562,1,24057YiGguOU4QpG_Wn3OHra3640,1.0,1,3,1
1,1.0,0.2681288719177246,1,2579V8DiOeUpZ5xJHz_B22Nw2437,1.0,1,3,1
0,0.0,0.7169315814971924,1,2087IjAfgbVGOizyI4eZPItW1543,0.0,0,3,1
0,0.7826086956521738,0.550896406173706,1,2447UihYYfUXE3z2K7OG-aL91902,1.0,1,3,1
0,0.5128205128205129,0.4721312522888183,1,2631s34D4pZl8TjOOyGiit1L2332,1.0,1,3,1
1,1.0,0.3829760551452636,1,2115wjzLCrPzhF-VpxKRqJFP1463,1.0,1,3,1
1,1.0,0.3060088157653808,1,1818-F59qEXWD7zf-tifA6Fz3388,1.0,1,3,1
0,0.6666666666666666,0.3956525325775146,1,3003dQUE5hLbknhc6gAE1TOI3856,1.0,1,3,1
1,1.0,0.3008568286895752,1,647GmaUXD9I5MZkvW1GqNBE3012,1.0,1,3,1
0,0.0,0.6128106117248535,1,2673R6wJljC4R8_gzHYO3Plt1042,0.0,0,3,1
1,1.0,0.2480037212371826,1,1196pKofKEiQ1ZBZSetE64_G3168,1.0,1,3,1
0,0.5,0.3235349655151367,1,1524Nfm7mS8r69gMUDH3Iml01961,1.0,1,3,1
0,0.15,1.100517749786377,1,883RFNtuFISrJk8_Rt0CI6B2665,1.0,1,3,1
0,0.6666666666666666,0.4410543441772461,1,26682MjSxvP6AiBNgCeojDJb1057,1.0,1,3,1
0,0.625,0.4794938564300537,1,2160pB7t95SaGUm4CzQhgmjJ4198,1.0,1,3,1
1,1.0,0.3249931335449219,1,716hek6-tGWv6OjWX6V9K692835,1.0,1,3,1
1,1.0,0.218118667602539,1,25163F-nTR5MBd30RtLg31GT1747,1.0,1,3,1
0,0.0,0.2721884250640869,1,2041iPCDoSwc6-SSEDCFNNzL1675,0.0,0,3,1
0,0.0,0.2498750686645507,1,7008WqVcdO5NHeeSxJ_rN-I2877,0.0,0,3,1
0,0.3333333333333333,0.683175802230835,1,25316jqKhJvYVlP1H8PWC21S1702,1.0,1,3,1
0,0.2666666666666666,0.510265588760376,1,1750NmMTJzJEm36yjIov9B9h3552,1.0,1,3,1
0,0.5333333333333333,0.6923949718475342,1,614Bxg8ByFfN9DYmXPdt9mG72,1.0,1,3,1
1,1.0,0.3149440288543701,1,918WklZmO3jLsn_Z70OZLWg2571,1.0,1,3,1
0,0.3333333333333333,0.3342101573944092,1,2454DywEFUk_89WopSOIo62c1888,1.0,1,3,1
0,0.4800000000000001,0.7631492614746094,1,2951jT6DhbJBxVHu10Bg2oXX3980,0.0,0,3,1
1,1.0,0.3901028633117676,1,1559TG0OMQDF0IiIQ-iWWlLf1341,1.0,1,3,1
0,0.2222222222222222,0.350325345993042,1,1508H4qju9CSQupQaGqERdUH2004,0.0,0,3,1
1,1.0,0.3123288154602051,1,1534EqrG2U5ZwhVnfonLjR3v1934,1.0,1,3,1
0,0.0,0.5973272323608398,1,1637oAol1FhKHhQdYFj8rM9_1137,0.0,0,3,1
1,1.0,0.2375688552856445,1,590XWeIE_Ub3P9D0x7jiKmg140,1.0,1,3,1
0,0.2727272727272727,0.5439050197601318,1,1385ik6Ip2I4xXAHzd2hJNiR722,0.0,0,3,1
1,1.0,0.3092403411865234,1,550jo6NqKN88LJy5XivwHWi260,1.0,1,3,1
0,0.6153846153846153,0.4470477104187011,1,1148PSyI-r3aKN8Fs-txzeP-3306,1.0,1,3,1
0,0.3076923076923076,0.5405702590942383,1,2070UnqvM1-fIev38f4GM7OM1590,0.0,0,3,1
1,1.0,0.302379846572876,1,6810pXzj6X5cQY4449WyWI52924,1.0,1,3,1
0,0.2,0.546762228012085,1,1745NUZ2j8Ha1NL9ReBuDZX-3567,0.0,0,3,1
0,0.64,0.4626169204711914,1,2459esAepNixSA0AcF8zNoUb1873,1.0,1,3,1
0,0.1176470588235294,0.6709918975830078,1,26250nxthp2POkkPu-sWPuc42350,1.0,1,3,1
1,1.0,0.3163316249847412,1,1613uVGIU9rbTfPHxhpCKPHB1199,1.0,1,3,1
0,0.5454545454545454,0.3887820243835449,1,1491oI4TAF4mItNmtq538iaG2033,1.0,1,3,1
0,0.56,0.5286600589752197,1,5829IqfH0v_SCRjimDfqJQV162,1.0,1,3,1
1,1.0,0.3134012222290039,1,1974I-pVnxUHEcoxxhc26Hf32247,1.0,1,3,1
0,0.25,0.6718473434448242,1,2224RcPD7El8ag0rMhsUVbtJ4037,0.0,0,3,1
0,0.6666666666666666,0.629288911819458,1,1360D7Hgd9qw5bZMvmEITupU790,1.0,1,3,1
0,0.8000000000000002,0.3704166412353515,1,2986MO21v7OjEXp1PFMGy7zb3894,1.0,1,3,1
1,1.0,0.3063068389892578,1,1769rga8DFTYurVZ6xGRlZ-k3499,1.0,1,3,1
0,0.6666666666666665,0.5533242225646973,1,1359atcV3Ym9xm3K3Feuwic1793,1.0,1,3,1
0,0.5217391304347826,0.6945867538452148,1,1199A2SWcBf7AXJV9GygzZFM3159,1.0,1,3,1
0,0.0833333333333333,0.6541581153869629,1,17388L0pXFkN6Wb2CQAgtWsF3589,1.0,1,3,1
0,0.5,0.4725420475006103,1,697bJxNrY0oHPPOp9A6H2w-2884,1.0,1,3,1
0,0.1666666666666666,0.875067949295044,1,2423B6sbACqoj9ruotjUHd4V3608,1.0,1,3,1
0,0.0,0.2644155025482178,1,893CM-JFvTvcT8bMPws6w-12647,1.0,1,3,1
0,0.2307692307692307,0.6567046642303467,1,1037LvCdYeAKroXxUJeycQww305,1.0,1,3,1
0,0.6666666666666667,0.4546542167663574,1,1397d2BPGtIDfQjgBBeI1gfi694,1.0,1,3,1
0,0.5333333333333333,0.5081617832183838,1,2197JYHIBfWstcD9UKgGesaP4106,1.0,1,3,1
0,0.4,0.349982738494873,1,567COo6mlEhcowdZdaMt4w3208,1.0,1,3,1
1,1.0,0.3113539218902588,1,22028XpMKQjngZ6oNkc2mHhg4092,1.0,1,3,1
1,1.0,0.3062429428100586,1,1947A5MF0NJR55TokdQfbhca2306,1.0,1,3,1
0,0.7142857142857143,0.4180653095245361,1,2511yeDda16x6E0RLYCDi9mP1756,1.0,1,3,1
0,0.7499999999999999,0.3633313179016113,1,2415XgbOPioSGAgijio17bAF3624,1.0,1,3,1
0,0.2,0.3784596920013428,1,1165doXH6LWPr1l3iKFqXoxi3258,0.0,0,3,1
0,0.8888888888888888,0.4679646492004394,1,2997pY-cnb_SN-LcFfS41l9P3870,1.0,1,3,1
0,0.1818181818181818,0.4233651161193847,1,587v2MlTNxLZ2PTLUM4FwNM148,1.0,1,3,1
0,0.0952380952380952,0.5317893028259277,1,2528UEldJWc8DP0tiLD8vndW1710,0.0,0,3,1
0,0.0689655172413793,0.5953450202941895,1,3026pQ1wZ8FbWxBkRxg2TO-q3804,0.0,0,3,1
1,1.0,0.3637142181396484,1,1767VEuCAyUVu8RWl4oT_E163505,1.0,1,3,1
0,0.4444444444444444,0.5217373371124268,1,1024EAnLzPugg_3Icp64grI8343,1.0,1,3,1
0,0.0,0.5584712028503418,1,678otpfB47oYxNuzn83DpRo2932,0.0,0,3,1
0,0.3636363636363636,0.4042229652404785,1,2461f8qQbH49itp6TCfAxJMw1868,1.0,1,3,1
0,0.2051282051282051,0.8889641761779785,1,1347Qw23uphuVkPM2_Dx4UdQ829,1.0,1,3,1
1,1.0,0.2710745334625244,1,1601UkDAFw-P2w4uKKY2rozv1233,1.0,1,3,1
0,0.1379310344827586,0.7087695598602295,1,25261kHHM3xmrKGTFC2m-3jz1716,1.0,1,3,1
0,0.2222222222222222,0.2838597297668457,1,637XN1jH-kFjaRz4RsZeYq15,1.0,1,3,1
1,1.0,0.2349958419799804,1,2535_pSTmM_bPcfnFUozn-RN1692,1.0,1,3,1
0,0.8,0.3662073612213135,1,925ONi8DqJgbZBM5TjeIADZ2550,1.0,1,3,1
1,1.0,0.297473669052124,1,2022QX2eDjcZ4dsu7lONZu112170,1.0,1,3,1
0,0.5714285714285715,0.371934175491333,1,17764Wvvzaj-yaDcpnjXfpOs3484,1.0,1,3,1
0,0.0,0.4289259910583496,1,965GQDApWgsLm2Q6M9oCXXz505,0.0,0,3,1
0,0.0952380952380952,0.6026558876037598,1,1545nS51eGeqSTj9s6LSmRoa1377,0.0,0,3,1
1,1.0,0.2912769317626953,1,2000gGAiEI4MU8XJEWYhWtMT2206,1.0,1,3,1
0,0.0,0.4180645942687988,1,1230q6biePiNfKKRI6X0oFun3065,0.0,0,3,1
0,0.0869565217391304,0.4236562252044678,1,1584P45h89PG1NmLba_I6GT41278,0.0,0,3,1
0,0.3333333333333333,0.3530318737030029,1,2026yIVtrJbiaYcqiJLKF7l92163,1.0,1,3,1
0,0.0,0.6399345397949219,1,906MvzKtaiX283ibJ29qi6M2606,0.0,0,3,1
0,0.2352941176470588,0.7669517993927002,1,2165HuZLp-RpujYD_LZRSJQC4186,0.0,0,3,1
1,1.0,0.2628331184387207,1,1504hlqci9hC_wlnWXFEJjtG2013,1.0,1,3,1
0,0.5714285714285715,0.3319549560546875,1,1349kgWBQhOLlY3E9pWS8AbU824,1.0,1,3,1
1,1.0,0.3339807987213135,1,1203Ol4QUojB9cRergcdvn903148,1.0,1,3,1
1,1.0,0.2242045402526855,1,19410cAiVIRRgASbt7wWgZD-2319,1.0,1,3,1
0,0.0,0.4965159893035888,1,5516BHaRRv6Egl03A_kDyw0257,0.0,0,3,1
1,1.0,0.3474583625793457,1,2718CJJlT43vSkiBp7_LGjcB916,1.0,1,3,1
0,0.5714285714285715,0.3920719623565674,1,1190K-vBrGKzVvJ8j8oue-N63187,1.0,1,3,1
1,1.0,0.2940754890441894,1,12230qQBc604SKoNhbZmzs-G3088,1.0,1,3,1
0,0.0,0.8564400672912598,1,2670Y-kuxlKLxN5SPIlGPfw91053,0.0,0,3,1
1,1.0,0.2630872726440429,1,1564Kq9tsrgH8Jhl4M51Udxu1325,1.0,1,3,1
0,0.0,0.2880141735076904,1,2481DMq2-F1erOLzkMNHhSK-1825,1.0,1,3,1
1,1.0,0.266387939453125,1,605xKa5pDZq3ri35vcSMZD_96,1.0,1,3,1
1,1.0,0.3961398601531982,1,2580MTsBR8_rce6kiKLMzPcF2432,1.0,1,3,1
0,0.0,0.3757400512695312,1,2117vQSAQ0G-Q-u-Bsbb62o91456,0.0,0,3,1
0,0.4571428571428572,0.6641132831573486,1,1990jh2GtyFtQ71QD9ruIdP_2219,1.0,1,3,1
0,0.0,0.5647039413452148,1,9281L0ojvJ8_Y1OZ8Y5E-2U2542,0.0,0,3,1
0,0.0,0.6977057456970215,1,2656Yp2ruMu098-NHmfDpEnc1090,0.0,0,3,1
0,0.5142857142857142,0.6557614803314209,1,2154hgnNDJMyC_N1LGBLoIru4214,1.0,1,3,1
0,0.0,0.4564335346221924,1,18101KP3McThNf4JrT7MhYDK3412,0.0,0,3,1
0,0.3225806451612903,0.6589856147766113,1,3036Bam4sHa-kzaCOT3bw4IT3789,1.0,1,3,1
0,0.0,0.7026872634887695,1,2591f3d7XC4L0cvP4kCC70_a2413,0.0,0,3,1
0,0.3076923076923076,0.5047159194946289,1,1465BJRKQjBzp7FtVHgDIy5n2083,1.0,1,3,1
0,0.5185185185185185,0.5847029685974121,1,896R0sD8mqKYbLGYqqk-r7j2636,1.0,1,3,1
0,0.1111111111111111,0.4487538337707519,1,1364_8Kr3q32CIpMR0kiqSJZ778,0.0,0,3,1
0,0.5714285714285715,0.3697681427001953,1,12070-1QsjSqBKe6exv2Y63Q3134,1.0,1,3,1
1,1.0,0.3587572574615478,1,1789Q_uXiC023fjzRTDdQFGb3452,1.0,1,3,1
1,1.0,0.3459887504577636,1,2468bI5nQWQ8Og-_9QlLKU8v1858,1.0,1,3,1
1,1.0,0.3757739067077636,1,849q68W7IxX8-DQe5gM8Mee2752,1.0,1,3,1
0,0.0,0.4103848934173584,1,20341Pq0AyTYhP8IIzfXyUF82144,0.0,0,3,1
1,1.0,0.3635103702545166,1,685mD5vd-eQOOqkkqDXeo0t2912,1.0,1,3,1
0,0.8,0.3196959495544433,1,1182meUHVvr0MSNbaF6y6cu83211,1.0,1,3,1
1,1.0,0.3050413131713867,1,1598QzeCBWXgq443IBJvDmm61242,1.0,1,3,1
1,1.0,0.3406767845153808,1,1786P9IXKcQP8OkEN66opvpF3459,1.0,1,3,1
0,0.5714285714285715,0.4583351612091064,1,2122fC9S5wJCD5HNfg2ppqf71442,1.0,1,3,1
0,0.5555555555555556,0.6019577980041504,1,15715bk_bkzCsTkEKHc-4BgP1307,1.0,1,3,1
0,0.8,0.2531397342681885,1,2136oFgVPp4a2aBSRi_E2Wfp1401,1.0,1,3,1
0,0.3076923076923076,0.3944730758666992,1,862DJJ2OtaoUpLFANoF4A6z2711,0.0,0,3,1
0,0.1176470588235294,0.4651939868927002,1,2696OeCQ2eGPeeqcJWvnia2b974,0.0,0,3,1
0,0.1,0.5402441024780273,1,1544URXllxvZje97Y6Ow4nWo1380,0.0,0,3,1
0,0.6666666666666666,0.5163352489471436,1,1006TpLBx3Al5o1DiQaM37oi393,1.0,1,3,1
0,0.6666666666666666,0.2823843955993652,1,15629LVg0fMbpcV7lJ9LKY9C1332,1.0,1,3,1
0,0.9454545454545454,0.8492794036865234,1,1498TzP8gn0jdkp7FZzfjhoQ2025,1.0,1,3,1
0,0.4615384615384615,0.515268087387085,1,734OaSkZy1tFRAsQhwXZpw72792,1.0,1,3,1
1,1.0,0.2815499305725097,1,2485bDk97nBPZwJrs1HTqUYW1817,1.0,1,3,1
0,0.1481481481481481,0.6181299686431885,1,3011U-7Tp-DNh4zvlgXG0HpU3836,1.0,1,3,1
0,0.1818181818181818,0.4592444896697998,1,2441iHjaCHbBrRtNVI1F4dLI1916,1.0,1,3,1
0,0.8000000000000002,0.3318839073181152,1,944zb5DA9PSwaSOFs8Ixpfj568,1.0,1,3,1
1,1.0,0.3419649600982666,1,1191B_3IBBp4kfqy7lOAgEnj3182,1.0,1,3,1
1,1.0,0.3196852207183838,1,994GU89OGfkUkf_KwQ-KrNe295,0.0,0,3,1
0,0.4,0.3660743236541748,1,15830sap0GkxnTMOv3sqw8nN1281,1.0,1,3,1
0,0.2857142857142857,0.3402912616729736,1,557jlOGQ8cWQ5Q_as3HFgdb239,1.0,1,3,1
1,1.0,0.1993584632873535,1,1522fhyaWeuJ9Z_qFlrlcyWV1967,1.0,1,3,1
0,0.5833333333333334,0.5293781757354736,1,2142M0Z1hvthYBIQDwlfmDoc4244,1.0,1,3,1
0,0.4444444444444445,0.3203058242797851,1,1381nh2SdDr2eWku393B09QY734,1.0,1,3,1
0,0.875,0.3923676013946533,1,972wepQM0WfoPr49Ged8v0v485,1.0,1,3,1
0,0.4444444444444445,0.3140404224395752,1,1585D6y_4Zn5mH0JozDs766v1277,1.0,1,3,1
0,0.0,0.504185676574707,1,2477JtT30EyGVCGC3ayc5fzB1833,1.0,1,3,1
0,0.3076923076923076,0.4796142578125,1,2978f-wthVzOQ894PpZPNG4v3914,1.0,1,3,1
1,1.0,0.2270784378051757,1,2630aXuhB9uY_8J6EHtO6-Mr2336,1.0,1,3,1
0,0.0,0.288116455078125,1,1199A2SWcBf7AXJV9GygzZFM3160,0.0,0,3,1
0,0.1333333333333333,0.3198516368865967,1,2700a4RLmE2cp5zGGWocgMnk962,0.0,0,3,1
0,0.0,0.2729425430297851,1,926tAEnfqtEDknSf1RRHRGd2548,1.0,1,3,1
0,0.0,0.3421430587768554,1,2640qGTRBDkuytVF7DgH9rac1133,0.0,0,3,1
0,0.3529411764705882,0.5385007858276367,1,1749wiiGSfeFQ3yPQ1BOc1U43557,1.0,1,3,1
0,0.2,0.3411684036254883,1,2152-7ZSgzVAfI8TDcdpWpW94218,1.0,1,3,1
0,0.6842105263157894,0.7125375270843506,1,25382aH87vyrbRDKXNCHaLeh2513,1.0,1,3,1
0,0.0,0.2201786041259765,1,2046GP7dC5MYUxEjhVaMxjWJ1660,0.0,0,3,1
0,0.8,0.292487621307373,1,2206I8Vkp53Zdu1cUBnnuvdS4080,1.0,1,3,1
1,1.0,0.3637285232543945,1,2104i0gKzSVXucEKM9-yEEk01497,1.0,1,3,1
0,0.3076923076923077,0.7174491882324219,1,1393pxXY3fzob8XiUnQnNutp706,1.0,1,3,1
0,0.6153846153846153,0.3256833553314209,1,1174cqJct9Y7Xjuewm_koPVH3042,1.0,1,3,1
0,0.0,0.5422224998474121,1,949-8BF6fDFHRAnfe-2RE-l553,0.0,0,3,1
0,0.0769230769230769,0.6276524066925049,1,583YdasD1ECY7CN_ngeQRce159,0.0,0,3,1
0,0.5,0.3576192855834961,1,1139S6XoLf7-b7jTGWo4rNqh3332,1.0,1,3,1
0,0.6666666666666666,0.4637725353240967,1,2666Q6dqeeEHLjgAoEK1_TO_1064,1.0,1,3,1
0,0.8,0.4559948444366455,1,713mkI94VIQA0I6wS3HJPcM2844,0.0,0,3,1
0,0.2608695652173913,0.5763823986053467,1,2555p5yiAg3i-K6fEVfg79C_2478,1.0,1,3,1
0,0.5882352941176471,0.4982919692993164,1,2983ybkX29nSM9c_5Wec7ZEw3901,1.0,1,3,1
0,0.5,0.4673857688903808,1,2429paTz8WarKJwpiUdXVhCP3599,1.0,1,3,1
1,1.0,0.313615083694458,1,1986ywsnzXO8mfN71y1-tg7v2227,1.0,1,3,1
0,0.5925925925925926,0.7491931915283203,1,845JLaU-l5c2oYwpqbyvci22762,1.0,1,3,1
0,0.0,0.423915147781372,1,1986ywsnzXO8mfN71y1-tg7v2228,0.0,0,3,1
0,0.75,0.3629629611968994,1,868WKfLdQ9oFbCof7_ffWel2704,1.0,1,3,1
1,1.0,0.2974178791046142,1,1828fptyhwuU_NFzQJA1Xi3E3366,1.0,1,3,1
0,0.4444444444444445,0.7144341468811035,1,2723yCKqbYMLP3--tgThAnBf903,1.0,1,3,1
1,1.0,0.3952095508575439,1,710GPosYad0qKlTplL9V2RU2852,1.0,1,3,1
0,0.25,0.4945135116577148,1,20584mhCkIhYtM4En0z3MQYe1627,0.0,0,3,1
1,1.0,0.2535998821258545,1,1619NaRhUfzIpMj5mmPmc7Ht1182,1.0,1,3,1
1,1.0,0.2956175804138183,1,1789NObn0laTBstP0EhadjV63453,1.0,1,3,1
0,0.4444444444444445,0.7008557319641113,1,2172h7FsXA80Z3ao1yhCMsre4164,1.0,1,3,1
0,0.5,0.2722053527832031,1,546nNnwuSPlfllI6CKnHjv2270,1.0,1,3,1
0,0.4615384615384615,0.5540933609008789,1,2109wDBr_5DTMGUIMawARy5V1482,1.0,1,3,1
1,1.0,0.3629679679870605,1,652LiD_APWuMXugNPF6gw3S2998,1.0,1,3,1
0,0.8235294117647058,0.4915604591369629,1,2200LNmoAD2ZOW48t6lvPwZ84096,1.0,1,3,1
0,0.4444444444444445,0.3618526458740234,1,2591f3d7XC4L0cvP4kCC70_a2414,1.0,1,3,1
0,0.4150943396226415,0.6408822536468506,1,1499owxpLi-93XDGBsIRGW_z2023,1.0,1,3,1
0,0.3333333333333333,0.5051414966583252,1,856o8vBShmxO_WE6sEatSZ02730,1.0,1,3,1
0,0.1538461538461538,0.5070042610168457,1,1814TWex7U8WXxRjr7AWQorc3399,1.0,1,3,1
0,0.8571428571428571,0.3613641262054443,1,1018RR7R37EFe6-6a8ByqX6L361,1.0,1,3,1
0,0.8421052631578948,0.4608082771301269,1,2467UnCsY0GjqwvnMQVa1CFT1862,1.0,1,3,1
0,0.5,0.3732905387878418,1,5725iP5Tzyy4gxehcn9t4TM193,1.0,1,3,1
0,0.6666666666666666,0.3412446975708008,1,2340-UH-PIG4sGreW8w-HZcs3780,1.0,1,3,1
0,0.0,0.3272440433502197,1,5601RlVQQ13ZMVNw8QCNW6F229,0.0,0,3,1
1,1.0,0.272036075592041,1,2182v2AhcAAWzK6nwKjDRuNc4139,1.0,1,3,1
1,1.0,0.3250818252563476,1,26269UMEj-lV4oQGbZ0tTTK82348,1.0,1,3,1
0,0.8000000000000002,0.3096432685852051,1,1406r0ltJ0ogZOEySbpwaMW3669,1.0,1,3,1
0,0.631578947368421,0.5353584289550781,1,1433yPh9I7R8PyoFeMqoUqc8591,1.0,1,3,1
1,1.0,0.3526782989501953,1,15121jIRMuOfWOF20zi63R281993,1.0,1,3,1
0,0.6666666666666666,0.360020637512207,1,849f2Ie-QkeVovZ0nf-TVFF2750,1.0,1,3,1
0,0.7499999999999999,0.345313549041748,1,995Mjg3IZGW2wc7ddFCk8vg419,1.0,1,3,1
0,0.4,0.4047081470489502,1,631gfVFI_1P9ON_SQmft4dC22,1.0,1,3,1
0,0.0,0.3441948890686035,1,1971QdtwinuI-Pt-gRGhMumc2253,0.0,0,3,1
1,1.0,0.2950551509857178,1,1451Zli7xoESf_zR5GqQOib_2110,1.0,1,3,1
0,0.0,0.2906248569488525,1,1623vavJV5LaIjQVPGNVcAhw1170,0.0,0,3,1
1,1.0,0.297616958618164,1,2343h3FGIUg470As6-K4QCSj3773,1.0,1,3,1
1,1.0,0.2465875148773193,1,948f1NIXhJ2bT8M8R981m-t555,1.0,1,3,1
0,0.3333333333333333,0.4108538627624511,1,2961ZnbcPJCiADt4D4VSwFvF3957,1.0,1,3,1
0,0.4615384615384615,0.4432270526885986,1,23650GFefFLGJfbuvjWASh6g3722,1.0,1,3,1
0,0.1428571428571428,0.3317897319793701,1,1165doXH6LWPr1l3iKFqXoxi3259,0.0,0,3,1
0,0.5,0.5606935024261475,1,2684Tsl9g-K98ihJB9COTF6d1011,1.0,1,3,1
0,0.0,0.2625248432159424,1,21672ce9BryNGpGNYVzVNhGZ4179,1.0,1,3,1
1,1.0,0.4258909225463867,1,2191kaPnb2RqX3BD80ehFVLC4122,1.0,1,3,1
0,0.7272727272727273,0.3882007598876953,1,1212dbfx54ZtFkSuZ70MXWTY3119,1.0,1,3,1
1,1.0,0.3294637203216553,1,15145mxan8eGuHJZNjBPMXai1988,1.0,1,3,1
1,1.0,0.3246920108795166,1,2082HDhMzvPbIcqJnIxlWaR01554,0.0,0,3,1
0,0.6666666666666666,0.2962892055511474,1,303107UoTeL4eaT8LTnwXqyK3796,1.0,1,3,1
0,0.9090909090909092,0.4062106609344482,1,1551V9DltVWBD9ZXJKTbK0dJ1362,1.0,1,3,1
0,0.7333333333333334,0.8590984344482422,1,2077VquGxxOX89cyl9gmMgHT1569,1.0,1,3,1
0,0.5263157894736842,0.494140625,1,2683ZWKumnsegnDtGeIxL8lV1013,1.0,1,3,1
0,0.5714285714285715,0.3903651237487793,1,1182meUHVvr0MSNbaF6y6cu83210,1.0,1,3,1
0,0.631578947368421,0.567835807800293,1,24948M9Avyh-_nfyJDXBHc4r1797,1.0,1,3,1
0,0.8,0.2320141792297363,1,955wTJvupBdyRjDvnaEc3uT534,1.0,1,3,1
1,1.0,0.3091585636138916,1,870SoygQGV4uQaIki71P9Rb2698,0.0,0,3,1
0,0.5,0.4902031421661377,1,24717_VLiElLGOdxkUg2VNOa1849,0.0,0,3,1
0,0.4,0.3510468006134033,1,6383rnN_w8RmRaZ4XqAC_bl3038,0.0,0,3,1
0,0.5517241379310345,0.6310689449310303,1,2704DWhswcTfuhcGd6nLvkOf950,1.0,1,3,1
0,0.6666666666666666,0.2852635383605957,1,1808axaZNmCFiRMbaxN7F0Eh3417,1.0,1,3,1
0,0.1666666666666666,0.5971720218658447,1,5532TWtKb03tsQH8Wep0CiY250,0.0,0,3,1
0,0.5714285714285715,0.3881371021270752,1,1201NDB1j3x1mhteENUtx2Uf3154,1.0,1,3,1
0,0.1176470588235294,0.787276029586792,1,21819xbRjmQqZsl8GNgU4sNW4142,1.0,1,3,1
0,0.896551724137931,0.5523455142974854,1,2205YOUb5TKf_CiFcqPaRzGg4082,1.0,1,3,1
0,0.1904761904761904,0.529611349105835,1,14991jeDOWPYZr3oduic0r6t2022,0.0,0,3,1
0,0.6666666666666666,0.4343163967132568,1,1179Yl7_X9Wt3s18NELb2VVn3220,1.0,1,3,1
1,1.0,0.289888858795166,1,1556RL1OU4mcoPPe2rTqDdxN1350,1.0,1,3,1
0,0.6666666666666666,0.3592250347137451,1,2642Y-shkE7TvvsDno5omjMf1127,1.0,1,3,1
0,0.0909090909090909,0.5181136131286621,1,1601UkDAFw-P2w4uKKY2rozv1234,1.0,1,3,1
0,0.5833333333333334,0.603123664855957,1,2234wLjOR7Un_noOJuVXvsz_4007,1.0,1,3,1
0,0.7692307692307692,0.4227743148803711,1,2100nzSjCMDd--9Fj7a4NWfz1508,1.0,1,3,1
0,0.8571428571428571,0.4860162734985351,1,5918CIG-j-Z17AOK4yE-cPc136,1.0,1,3,1
1,1.0,0.326357364654541,1,29642huIUFSLiW4Z-VzxmaQN3949,1.0,1,3,1
1,1.0,0.2756404876708984,1,2045Qb5KQP9dbOqGOReTvV3e1662,1.0,1,3,1
1,1.0,0.2466614246368408,1,935UD7iycK3BrOizCyeWBg22527,1.0,1,3,1
0,0.8333333333333334,0.3418080806732178,1,2170uR1FxS5nUGkssv426mqU4171,1.0,1,3,1
0,0.6046511627906976,0.7148559093475342,1,2457qMd_7xMNbxrlnUuIsOCX1879,1.0,1,3,1
0,0.0,0.3295719623565674,1,2390E0CHAPiA5irDHQbYbUX_3668,0.0,0,3,1
0,0.7368421052631579,0.4493153095245361,1,1441IAkHzhDzjxgpL0XC_YEZ2129,1.0,1,3,1
1,1.0,0.2836666107177734,1,2544eSHJS5zzqCGOgk7Ye0SF2499,1.0,1,3,1
1,1.0,0.1983499526977539,1,15158DXonYdFg-0-7RHaX8Hj1985,1.0,1,3,1
0,0.7499999999999999,0.368718147277832,1,19606GKhPGetHHrvllnd0-WP2274,1.0,1,3,1
0,0.8,0.5464344024658203,1,2145dz1bx4gWcdvg-_cFIX214235,1.0,1,3,1
1,1.0,0.2458288669586181,1,2413145FP-v3VkdJMuD368AQ3626,1.0,1,3,1
0,0.4615384615384615,0.4464876651763916,1,3037_hiSeA6NsDqwYw0yXMUj3788,0.0,0,3,1
0,0.4242424242424242,0.7626495361328125,1,884Pnp87xexk_HDsVBlYF5I2662,1.0,1,3,1
0,0.8,0.2709462642669678,1,969vrqLNLa3TXxxj0tGgTvq493,1.0,1,3,1
0,0.2857142857142857,0.5159697532653809,1,894ARwgTOyFrfBbcEBpNyXo2643,1.0,1,3,1
0,0.0714285714285714,0.7823801040649414,1,29802gx0lFYy6rgIUS6ZhDD83910,0.0,0,3,1
0,0.6666666666666665,0.4426357746124267,1,1029YtqaRd4h1BYfuLHoU9YR327,1.0,1,3,1
0,0.2666666666666666,0.4335381984710693,1,2079ifmZRepM8njrTCh8SwKT1563,1.0,1,3,1
1,1.0,0.3257241249084472,1,866LtsA6S3dXyfEn4lwSbj-2707,1.0,1,3,1
0,0.7777777777777778,0.6919746398925781,1,2440WmCUht7A3EiDJl-C62Ih1920,1.0,1,3,1
0,0.7058823529411765,0.424830675125122,1,2213XuiHzp9XEpbzWVF0KvYP4058,1.0,1,3,1
0,0.5185185185185185,0.6089186668395996,1,9708OuWanhVP-hqUoh93Luk490,1.0,1,3,1
0,0.0,0.4355826377868652,1,2210Bc69tRCp2-mf6PkRz9_C4069,0.0,0,3,1
0,0.8571428571428571,0.4472184181213379,1,541Cbn85P-zf8lq0QHtgjf9287,1.0,1,3,1
1,1.0,0.3402378559112549,1,958UDYY0qFH9pDU9YSVA8Vc527,1.0,1,3,1
1,1.0,0.3062295913696289,1,2709l9BXzPyNws7gAw46g8eL942,1.0,1,3,1
0,0.3703703703703703,0.7019758224487305,1,2955a9SrctOobLmoQ6ooGhac3971,1.0,1,3,1
0,0.0526315789473684,0.8236956596374512,1,2397ngYUHwjsIyhb2KRudMVS3655,0.0,0,3,1
1,1.0,0.3356266021728515,1,2434Enwt_BpOKFDe86uHET3W3593,1.0,1,3,1
1,1.0,0.2980701923370361,1,70661PK3DXmYlFEFr0qjuSB2865,1.0,1,3,1
0,0.8333333333333334,0.4249770641326904,1,13510pFXx2vFby05X2rDRJDH819,1.0,1,3,1
0,0.0,0.288353681564331,1,2378CpxWEhm9XQDMTUWPL6Gj3690,0.0,0,3,1
0,0.875,0.3261349201202392,1,2042iP4Erd5NWbbUyNtHBaEc1671,1.0,1,3,1
0,0.2424242424242424,0.6492636203765869,1,1376s1hUgvT52mRy1sgn8oEJ748,1.0,1,3,1
0,0.4285714285714285,0.5735018253326416,1,2115wjzLCrPzhF-VpxKRqJFP1464,1.0,1,3,1
0,0.0,0.5228991508483887,1,552u6iTkQp7-Upz70482xTM254,1.0,1,3,1
1,1.0,0.3049600124359131,1,559Gc5T32327tuZtR-qGbvH231,1.0,1,3,1
0,0.4166666666666667,0.5718526840209961,1,1171djG8ts4fgH31Xh8M8gZK3239,1.0,1,3,1
0,0.3870967741935484,0.8107736110687256,1,2024omrZBF4Urqdr7C3eyKVT2169,1.0,1,3,1
0,0.6296296296296297,0.7967541217803955,1,25567DWWtABHgq600h7hP6972476,1.0,1,3,1
0,0.5454545454545454,0.4049384593963623,1,594fAMQ4ZSX8-in2SA6rQT0128,1.0,1,3,1
0,0.7692307692307693,0.4408960342407226,1,2679bDEhJB5SATMKB1QM00ej1024,1.0,1,3,1
0,0.0909090909090909,0.7707943916320801,1,2069HyPki8X6KB4Slz4xeov61593,1.0,1,3,1
0,0.5,0.377570629119873,1,679poYmZAy9xntsCp9YX4vp2928,1.0,1,3,1
0,0.5,0.4828886985778808,1,2663ayztHU9rA3Qc2s7ndAID1073,1.0,1,3,1
0,0.4571428571428571,0.7913525104522705,1,990fpTdZ-ulHdJ3gm87kEl3429,1.0,1,3,1
0,0.4615384615384615,0.6107962131500244,1,2135JNizCTqBzs-NkJ-0GhnT1405,1.0,1,3,1
1,1.0,0.2479877471923828,1,2207G7fY90tz0IlYJOMAOQxR4078,1.0,1,3,1
0,0.5714285714285714,0.7972190380096436,1,2564AaK20GeV0Vbt9hLoucnT2461,1.0,1,3,1
0,0.8,0.2436983585357666,1,1342n57h5KFhZrmo2TPiuwv5846,1.0,1,3,1
1,1.0,0.2198226451873779,1,2591VM1WvqHMmqcfSzWKUU0V2412,1.0,1,3,1
0,0.2399999999999999,0.7242052555084229,1,2687GNgTIwftLmhQl-ULlyIq1001,1.0,1,3,1
0,0.6666666666666666,0.3307600021362304,1,19924zYxXoH78NXhTDcDUqZ32216,1.0,1,3,1
0,0.1428571428571428,0.446084976196289,1,2976zJOE2rNKDPX9dM80QEq03919,1.0,1,3,1
1,1.0,0.6276347637176514,1,1001SKiu6z7i8BnJk6y4pMq2405,1.0,1,3,1
0,0.7777777777777777,0.3715958595275879,1,1812jg8YLyuOp3yNSeoSgGds3405,1.0,1,3,1
0,0.25,0.4713964462280273,1,2159hY9kg_KDRh-iY7eVmWPR4201,1.0,1,3,1
0,0.2857142857142857,0.4430692195892334,1,2084KAYAsRFlZ71FWVieGtVO1550,1.0,1,3,1
1,1.0,0.3777496814727783,1,9012HUd6aulh_Yu4SRtV4Ju2623,1.0,1,3,1
0,0.4705882352941176,0.43752121925354,1,1546qtYa8CJzD3uH6TiJXvze1375,1.0,1,3,1
0,0.3478260869565217,0.6940505504608154,1,965GQDApWgsLm2Q6M9oCXXz506,1.0,1,3,1
0,0.1666666666666666,0.5084192752838135,1,2075fH8z53xWhNLFvwtEBqjo1575,1.0,1,3,1
0,0.0952380952380952,0.6252152919769287,1,2496BbugoKX7EuTf6XE9o7do1792,0.0,0,3,1
1,1.0,0.2202398777008056,1,2965ZcSt1DSsDVrBS8zreyMW3945,1.0,1,3,1
0,0.1666666666666666,0.4556248188018799,1,712fJINMnstL62jjlN87VmJ2847,0.0,0,3,1
0,0.5185185185185185,0.7707266807556152,1,10304f6wkHCc194YTbHdQ2AA324,1.0,1,3,1
0,1.0,0.3547325134277344,1,2468gzw0TqblC0pMtjMtvjM_1857,1.0,1,3,1
0,0.3870967741935483,0.7940919399261475,1,11681N3h2EdimO-bHyAXIg3U3250,1.0,1,3,1
0,0.3571428571428571,0.7044830322265625,1,21697kyUOdQlV523IP56oa9J4174,1.0,1,3,1
0,0.7272727272727273,0.4237747192382812,1,2180sY_3Ea7lN3cAxecHCD0Z4145,1.0,1,3,1
1,1.0,0.2722344398498535,1,1187yN2Y5xluovzwpRCb1U-23196,1.0,1,3,1
1,1.0,0.3893308639526367,1,615lwmbisxTxihwSWql1wTV70,1.0,1,3,1
0,0.8571428571428572,0.4366836547851562,1,917H85feKu7mH3ttN3VtfQZ2573,1.0,1,3,1
0,0.0952380952380952,0.5986452102661133,1,1341R-WNzKCJf9fEtyXxpaLn847,0.0,0,3,1
0,0.1818181818181818,0.6258561611175537,1,2136GTNtg5ii_ljvTYd0c3zb1402,1.0,1,3,1
0,0.2857142857142857,0.3055226802825928,1,2719WfPBP5JMsTcRPHcHpNOM913,0.0,0,3,1
1,1.0,0.2774672508239746,1,1205TavQDdqmoy64BUfZ8tJ13142,1.0,1,3,1
1,1.0,0.3167014122009277,1,723OdNPs-YvxDCGXTe4EPQi2821,1.0,1,3,1
1,1.0,0.1710398197174072,1,1552zqZDXvKbR7jYgLwOhCO41361,1.0,1,3,1
1,1.0,0.2178716659545898,1,25455IQtG99FiCeeFOTa2qBu2496,1.0,1,3,1
1,1.0,0.2006747722625732,1,2098D1dsKeKH0xANz6zd6LSO1514,1.0,1,3,1
1,1.0,0.3231892585754394,1,723OdNPs-YvxDCGXTe4EPQi2820,1.0,1,3,1
0,0.2068965517241379,0.761561393737793,1,2650KGtkLjbqFCyJZlDKuL0k1106,0.0,0,3,1
1,1.0,0.3659203052520752,1,20751yhuHsp4GA5IYz4deJsk1577,1.0,1,3,1
0,0.2222222222222222,0.4504547119140625,1,2233nOCdB2RiiWVTHevF1XQv4012,0.0,0,3,1
1,1.0,0.2651600837707519,1,872Oe-4sF5fqKoau07GVCSX2694,1.0,1,3,1
0,0.4210526315789474,0.445749282836914,1,15145mxan8eGuHJZNjBPMXai1987,0.0,0,3,1
0,0.3703703703703703,0.5695219039916992,1,621MMAr6iBLqWufltcvq0IU51,1.0,1,3,1
0,0.2222222222222221,0.5961792469024658,1,1218OExrGg3DDUqQ_BBB10Tn3103,0.0,0,3,1
1,1.0,0.6203150749206543,1,909SCLEENZWk57i_Tj-phi82599,1.0,1,3,1
0,0.3,0.7556674480438232,1,2639bkXWs91YZSHduhAO93vu1136,1.0,1,3,1
1,1.0,0.3010210990905761,1,978yJKqB4_NA2La4xU05Yv_465,1.0,1,3,1
0,0.8750000000000001,0.4545485973358154,1,2460wLS6NYxz86-N9QN0fiAS1871,1.0,1,3,1
0,0.4444444444444445,0.339191198348999,1,153875Yqnu19JAhYETGEm0Ih1398,0.0,0,3,1
0,0.3333333333333333,0.6052556037902832,1,2502zG6K8It4JMfa8UrkdPdw1776,1.0,1,3,1
0,0.6666666666666667,0.680706262588501,1,2995FYU3dbcdZ2Om_eXNrFz43875,1.0,1,3,1
1,1.0,0.2621188163757324,1,860-CKdaHI0ZY3IdOUENI-52717,1.0,1,3,1
0,0.5454545454545454,0.5542099475860596,1,1377lHU7WTseO73sB1x-x_B0745,1.0,1,3,1
1,1.0,0.2190794944763183,1,1224Jb1mPpUJDQXOAhjg5Vzo3085,1.0,1,3,1
0,0.6956521739130435,0.5745220184326172,1,1381mBjsSozQHKIhNMxaYlwy733,1.0,1,3,1
0,0.4,0.2659759521484375,1,2207G7fY90tz0IlYJOMAOQxR4077,1.0,1,3,1
0,0.3809523809523809,0.5283899307250977,1,2528UEldJWc8DP0tiLD8vndW1711,1.0,1,3,1
0,0.2272727272727272,0.8258571624755859,1,1764sM214smx3pexNt7ihmYZ3513,0.0,0,3,1
0,0.1111111111111111,0.5920658111572266,1,2987HzRDeUn85sV9-rmGUsA53891,0.0,0,3,1
1,1.0,0.20396089553833,1,2681GQbrHMk66IRSgo7mZvVv1020,1.0,1,3,1
1,1.0,0.2577235698699951,1,1795AVJ8Ru2GLyRyIYxjznuC3441,1.0,1,3,1
1,1.0,0.2708876132965088,1,1010sxwdiUhnx5zZTCrZW5lg381,1.0,1,3,1
0,0.5,0.3260841369628906,1,630KO8LeHoKQQj6c-87zNrm26,1.0,1,3,1
0,0.0,0.2816956043243408,1,1018P3s9oN-Ko5HsWQADxTsv360,0.0,0,3,1
0,0.5333333333333333,0.3984501361846924,1,1622tBSu7soksT-AzmIOuApI1174,1.0,1,3,1
0,0.6666666666666666,0.2560408115386963,1,1507du7IfR1G-CLcbaey_Ckb2007,0.0,0,3,1
1,1.0,0.2571954727172851,1,2422AkNZxKVfPVF92vs5qzLX3611,1.0,1,3,1
0,0.4390243902439024,0.6955647468566895,1,1178K7FADelb0uwGhLD-SWqk3223,1.0,1,3,1
1,1.0,0.3262026309967041,1,1516pPjUBF00cd02Zv6ASq9m1980,1.0,1,3,1
0,0.8,0.3161554336547851,1,1744GKV2sNvxBFRpfQ5OdYMb3571,1.0,1,3,1
0,0.0,0.465254545211792,1,539g1HipZa4q8coORPOMHwj292,1.0,1,3,1
0,0.4242424242424242,0.7032532691955566,1,2967gpRSNp7TViZ3Mhiufj7O3940,1.0,1,3,1
0,0.1,0.5390098094940186,1,1395RhOKXfGuA9Dz7cn0eC5e700,0.0,0,3,1
1,1.0,0.3012559413909912,1,907kbEPfz0htgTE9BXkFBZ02603,1.0,1,3,1
1,1.0,0.2545709609985351,1,882RL4zKg1IQbdwrUdiW2uc2667,1.0,1,3,1
0,0.0,0.9928302764892578,1,1364rzJ0x_lGbilmxlREm3-p779,0.0,0,3,1
0,0.2222222222222222,0.3871355056762695,1,29518uqYYNpuxSl_Dm5Ls_Jm3979,0.0,0,3,1
1,1.0,0.2485663890838623,1,644VW80Ih4W_8lT57dCnHAu3022,1.0,1,3,1
0,0.3,0.5700209140777588,1,1632HqbVUHPq0ZhZ1rZNsIer1151,1.0,1,3,1
0,0.25,0.6922774314880371,1,1015sbzrzzKt2hHlSyEz_8ol370,0.0,0,3,1
0,0.8,0.2185044288635254,1,1552zqZDXvKbR7jYgLwOhCO41360,1.0,1,3,1
1,1.0,0.2171721458435058,1,618kZkbA7HSiZWpF9MwGv4B61,1.0,1,3,1
0,0.6666666666666666,0.5536196231842041,1,2194PPDpRt3XMclL8zL0qoaa4113,1.0,1,3,1
1,1.0,0.2221834659576416,1,23460E1ccJXbT5GAyp6xliNY3764,1.0,1,3,1
0,0.2857142857142857,0.3421194553375244,1,1458iv0WdN_NvJkFoTdqCZ_Q2097,1.0,1,3,1
0,0.1538461538461538,0.4985153675079345,1,9708OuWanhVP-hqUoh93Luk491,1.0,1,3,1
0,0.5333333333333333,0.6458735466003418,1,1751i1LapeZZHcs9AVF_4X7c3549,1.0,1,3,1
1,1.0,0.338447093963623,1,25596TL4dwRP7xb65StkuvWw2471,1.0,1,3,1
1,1.0,0.274907112121582,1,2347PC55kHfkoiRxULLG8kIZ3762,1.0,1,3,1
0,0.35,1.0816609859466553,1,1209gLLe3Hw31X00Jkrt9Bb-3129,1.0,1,3,1
0,0.1333333333333333,0.3946192264556885,1,934GMRKI6FRKAdrrOzLI9OB2528,0.0,0,3,1
0,0.3157894736842105,0.4745931625366211,1,9022NBdayPGc6_3kCdKoIiQ2619,1.0,1,3,1
0,0.5,0.4930331707000732,1,911BOwWs3HqQbnlUS7IJNS92592,1.0,1,3,1
1,1.0,0.2886962890625,1,1962hjp1HrSPLvnI5JvgHjXk2270,1.0,1,3,1
1,1.0,0.2945480346679687,1,946vx136i7MuQFGnOLt3hDn561,1.0,1,3,1
1,1.0,0.2964630126953125,1,879e8JaFZiS1bIPJKfr-NO82677,1.0,1,3,1
0,0.8,0.3647425174713135,1,1539KqJCW6Fb0u-gfUpW2rn21397,1.0,1,3,1
0,0.0,0.6779978275299072,1,1395li3pr9py0l2amb_zMeDF701,0.0,0,3,1
0,0.9,0.4047625064849853,1,1475f3__mr6HOl60yEXYvb4i2059,1.0,1,3,1
0,0.5263157894736842,0.5587489604949951,1,2362g_EnliFm-a0eYF-GHE3g3728,1.0,1,3,1
0,0.8,0.2547905445098877,1,11781qfx77ROC14PVtyhjgRH3221,1.0,1,3,1
0,0.5,0.3450376987457275,1,891UGjxexhEMfZyXUZMcclW2651,0.0,0,3,1
0,0.3333333333333333,0.2658863067626953,1,1511pmY9lPTH0brXmFZO6mhX1995,0.0,0,3,1
0,0.0,0.4713325500488281,1,2439Q3dwt5i21LkosQln5aU01923,1.0,1,3,1
1,1.0,0.2330515384674072,1,2041iPCDoSwc6-SSEDCFNNzL1674,1.0,1,3,1
1,1.0,0.2406809329986572,1,2020ubB0JZzHv_29zd0WpIjn2175,1.0,1,3,1
0,0.6666666666666666,0.4864349365234375,1,2691tnK0hsWnOO-qgZ9oNTDt990,1.0,1,3,1
0,0.5454545454545454,0.3575317859649658,1,2493qAop2T9Z0LeYeYrtHX2p1798,1.0,1,3,1
0,0.25,0.4559383392333984,1,1209bE3iRm9XLCq2bxVSfD9A3128,0.0,0,3,1
0,0.3,0.453775405883789,1,1186P7uxLqgOAlAmYWkWs7Z_3198,1.0,1,3,1
1,1.0,0.3351831436157226,1,2698Lndd-Lpk21VCym-Ysamk968,1.0,1,3,1
0,0.1818181818181818,0.6058058738708496,1,1383ifp_Kw40B-eHL0kKvrZH727,0.0,0,3,1
0,0.4444444444444444,0.5468297004699707,1,1743deCGeVjOAbPrXoFwg2ra3575,1.0,1,3,1
0,0.6,0.3420417308807373,1,586FyS4ZNoDr1aP3HZyVHPo150,0.0,0,3,1
0,0.5945945945945945,0.7220439910888672,1,1198tKDggSEgfewI5IGaBL7o3162,1.0,1,3,1
0,0.6666666666666666,0.3343448638916015,1,1953_7jguMvfhNu8DiK9_PGm2291,1.0,1,3,1
0,0.6666666666666666,0.4338278770446777,1,1033e5HoBHETSus16NBlm9ei315,1.0,1,3,1
1,1.0,0.300513744354248,1,2660eWA1cLoqpqMGliZrJkOH1083,1.0,1,3,1
0,0.3076923076923077,0.4335079193115234,1,2438toIyC-xtMN2nOkliXxkG1924,1.0,1,3,1
1,1.0,0.3077049255371094,1,2066pepSCyuXjD_tji0coLR91602,1.0,1,3,1
0,0.0,0.3618602752685547,1,2090u5tJGb46Bj0PrJdQU5uD1533,0.0,0,3,1
0,0.1538461538461538,0.4151151180267334,1,669yw8zqEs2wIOWRmgxa0fB2951,0.0,0,3,1
0,0.4285714285714285,0.5175113677978516,1,15825J7GwbF-H9d32ahjcKpK1283,1.0,1,3,1
1,1.0,0.2683541774749756,1,11583AIKJFgE0UrBCHocpd653276,1.0,1,3,1
0,0.8571428571428571,0.3518815040588379,1,3007CZ5OjOJJ4NQkfCwsWudn3848,1.0,1,3,1
1,1.0,0.3314011096954345,1,3024oWqx7fEgnI85l7vJrQMv3808,1.0,1,3,1
0,0.8571428571428571,0.3452737331390381,1,969vrqLNLa3TXxxj0tGgTvq494,1.0,1,3,1
0,0.6666666666666666,0.3373749256134033,1,2088JK43LFzYUw1btqpa9PzL1538,1.0,1,3,1
0,0.6666666666666666,0.2687239646911621,1,1818O8BoyzdI3tIZTlZQX7MJ3389,1.0,1,3,1
0,0.0833333333333333,0.5558860301971436,1,1414IcyvJ5L7DijQ15cyTXJ6644,0.0,0,3,1
0,0.631578947368421,0.5295383930206299,1,2178TVFbQMRPXT9-DSGkWLDj4148,1.0,1,3,1
0,0.2,0.3668227195739746,1,1035LFxawmqTFdvZQiUCxQ31311,0.0,0,3,1
0,0.6666666666666665,0.3442702293395996,1,7035C6KSFRLF6aaoOt3S1hD2872,0.0,0,3,1
0,0.1935483870967742,0.6171715259552002,1,3014BDldoLr7qRhv_7TSXE6q3833,0.0,0,3,1
0,0.3333333333333333,0.3976879119873047,1,1581m_4FT3wjNv2nkp7_WsVw1286,0.0,0,3,1
0,0.8,0.3784401416778564,1,18135ObI1qm9GGBQEi88mvkH3403,1.0,1,3,1
1,1.0,0.3757343292236328,1,25682UMH_dlMC7fYSOKwycid2457,0.0,0,3,1
1,1.0,0.3804512023925781,1,650c9GCkujN5yX2Hq3ptgvj3003,1.0,1,3,1
0,0.4,0.3012237548828125,1,1606ixCVPmgAtLujhTmR7TkV1222,1.0,1,3,1
0,0.5714285714285714,0.4193041324615478,1,2094HOx0ow29dujvrq6G5bhb1522,1.0,1,3,1
1,1.0,0.3472397327423095,1,1618DNm6lX3wftxfj2fnuyVr1186,1.0,1,3,1
0,0.1666666666666666,0.4887795448303222,1,2063xkIouWNgoRjOGLoCZ1bE1611,1.0,1,3,1
0,0.4444444444444445,0.4424269199371338,1,587CoEbG36s3G8XderpZ9FV147,1.0,1,3,1
0,0.7692307692307693,0.3570113182067871,1,21746ntzdoLVGjBife3gHWRY4158,1.0,1,3,1
1,1.0,0.494736909866333,1,14107ccx8je7uhuc_ZNy_Evl655,1.0,1,3,1
0,0.9523809523809524,0.4802734851837158,1,1598QzeCBWXgq443IBJvDmm61241,1.0,1,3,1
0,0.6666666666666666,0.3875045776367187,1,2663ayztHU9rA3Qc2s7ndAID1074,1.0,1,3,1
1,1.0,0.4839053153991699,1,1442sMpJJXkhNLF4TDZAbCx62126,1.0,1,3,1
0,0.1481481481481481,0.5277235507965088,1,1377MSN5P9oksYJneDnSmHM3746,0.0,0,3,1
0,0.56,0.5275113582611084,1,2704SYrBfH1tUHa-vFcWOrAs951,1.0,1,3,1
0,0.5454545454545454,0.440030574798584,1,1147WFziH2m07QrmUbmsVu0h3309,1.0,1,3,1
0,0.2399999999999999,0.3212196826934814,1,2540AN6ZYtBeG5pfPlBiUeCC2510,0.0,0,3,1
0,0.3749999999999999,0.6529817581176758,1,17995vhBrqZO2J0Im6CrKWdd3434,1.0,1,3,1
0,0.6666666666666665,0.6342577934265137,1,2711wNn5GeHqOfTsTyQ56zpG936,1.0,1,3,1
0,0.25,0.364588975906372,1,2647F_ps9oYp8mtadvP5Zn0h1113,0.0,0,3,1
0,0.0,0.5417447090148926,1,1348eAWGkoqC9ef6-Py2LKwI827,0.0,0,3,1
0,0.2,0.2471249103546142,1,2698bgG-pSvhH1uH5WECCZ_3969,1.0,1,3,1
0,0.5185185185185185,0.649299144744873,1,1385ik6Ip2I4xXAHzd2hJNiR723,0.0,0,3,1
0,0.5,0.3658223152160644,1,1756rsPxqBmo2fmiaq4y7pBo3536,1.0,1,3,1
0,0.8333333333333333,0.5051531791687012,1,1036R2bOVHSdxxka78n0CWIF306,1.0,1,3,1
1,1.0,0.3344063758850097,1,1393SvMSe9cbsj1MOfkv-ajg707,1.0,1,3,1
1,1.0,0.3185572624206543,1,1834NW74vQRAIeg4u9-lyrFw3349,1.0,1,3,1
0,0.0,0.2727179527282715,1,1625USrRzFeM9xahwCJbR9sR1165,1.0,1,3,1
0,0.0,0.5219941139221191,1,2505FyMeBIza_lW5D_Zn1Sgx1770,0.0,0,3,1
0,0.7777777777777778,0.4618110656738281,1,2538uT9UzILgVbv20p7KxXWQ2514,1.0,1,3,1
0,0.0689655172413793,0.7148499488830566,1,2158_3RZBuLXPIO5koP0W1QD4205,0.0,0,3,1
0,0.7142857142857143,0.4572937488555908,1,1359ZuJdS_tCrQFa5IcePruQ795,1.0,1,3,1
0,0.1538461538461538,0.4724533557891845,1,1559TG0OMQDF0IiIQ-iWWlLf1340,0.0,0,3,1
1,1.0,0.2903304100036621,1,2553rgsFqv862eNLs2TOpqys2483,1.0,1,3,1
0,0.6153846153846153,0.3079214096069336,1,2661_JPvfH311PNXpTCTHuTd1080,1.0,1,3,1
0,0.1818181818181818,0.3836610317230224,1,627343cba73d42d49f9ab2152ac7ee73,1.0,1,3,1
0,0.1333333333333333,0.5641558170318604,1,13bca793e8f34ef3b6a00babb827b240,1.0,1,3,1
0,0.2222222222222222,0.3586421012878418,1,cc4d8bbc8f4642c6aea193e668afd57c,1.0,1,3,1
0,0.1538461538461538,0.6094486713409424,1,7f44873088fe48a2895c094b9536371f,1.0,1,3,1
0,0.1999999999999999,0.3982937335968017,1,577ee7142b1342d99784987541cbd5a4,1.0,1,3,1
0,0.2222222222222222,0.4236013889312744,1,8675014a5cf2443ca2e3a0a7f9edd915,1.0,1,3,1
0,0.0,0.490004301071167,1,5fe90365c57d4d86812c235aadce9261,0.0,0,3,1
0,0.2857142857142857,0.2857527732849121,1,c06d584fa73d49c8b8277354ec563cba,1.0,1,3,1
0,0.1111111111111111,0.4841437339782715,1,ad31333ef743449d9ea5c71138e11642,1.0,1,3,1
0,0.074074074074074,0.7523517608642578,1,d4a20e5831a74c2db85b77c202c9b353,1.0,1,3,1
0,0.1999999999999999,0.528609037399292,1,af225317e0344e869f51f816a901bfe2,0.0,0,3,1
0,0.5,0.4311790466308594,1,b23b329d50524e0f97384027067ffa4b,1.0,1,3,1
0,0.1333333333333333,0.6678998470306396,1,54362eadce8542248a27a5446872bf75,1.0,1,3,1
0,0.2222222222222222,0.2917225360870361,1,dae56260e1a14b2c8145251778fb673a,0.0,0,3,1
0,0.1333333333333333,0.6187710762023926,1,e63e8868f5184f54957d8162b5163d8d,1.0,1,3,1
0,0.0,0.4630062580108642,1,70b92157bc0245b0bb28e29a51efa75b,1.0,1,3,1
0,0.0,0.572115421295166,1,d899d84fcb4740c0a15a3beb2b36dbef,0.0,0,3,1
0,0.1999999999999999,0.5264997482299805,1,db50e1a39c684911974d11089aac3b8f,1.0,1,3,1
0,0.1666666666666666,0.3871614933013916,1,c744d9c42ac147e4b6aa2100fee15c60,1.0,1,3,1
0,0.25,0.4408035278320312,1,4cba4b140f94427bb0f62c4a02363f25,1.0,1,3,1
0,0.2857142857142857,0.4242584705352783,1,d92504c61c914b269b177e6e1c665703,1.0,1,3,1
0,0.2222222222222222,0.4553463459014892,1,25534aa9c2db4c029dac36e0b86cc9e9,1.0,1,3,1
0,0.2222222222222222,0.5265421867370605,1,73512a0d242c474aa4bc1a4a545ce8e9,1.0,1,3,1
0,0.0,0.4459903240203857,1,02ccd577201b495c8fd30a8134ee899f,0.0,0,3,1
0,0.1333333333333333,0.4775843620300293,1,3753577ecc2e4d6c876ab556c7129e91,1.0,1,3,1
0,0.25,0.4616444110870361,1,ced58e5bda7e4c3280fe9aea708665ee,1.0,1,3,1
0,0.0,0.4480848312377929,1,1dc06cecad4a46ef9c3f69132e7c8ec4,1.0,1,3,1
0,0.0,0.3196358680725097,1,89d7aa79c10a4e2ca2d8cc29f2461ae7,1.0,1,3,1
0,0.1428571428571428,0.4286277294158935,1,189618aaac6749a3b85d85b3f4149728,1.0,1,3,1
0,0.1818181818181818,0.5453026294708252,1,ee659535aa5b4df0b9f9e9220d1c29ae,1.0,1,3,1
1,1.0,0.2464268207550048,1,4593f14942df4650914b5eedae898cef,1.0,1,3,1
0,0.1428571428571428,0.4409408569335937,1,c68c551858d14d02851f6ee0ae58cf84,1.0,1,3,1
0,0.25,0.4593136310577392,1,008ebd5a8db245de983cca3b54793356,1.0,1,3,1
0,0.1999999999999999,0.3730864524841308,1,b4b01a8abc8e4777ad427ae35c7eb4c8,1.0,1,3,1
0,0.1333333333333333,0.5099430084228516,1,3c1d7575d77c485494bc1c14e682722e,1.0,1,3,1
0,0.1176470588235294,0.4661691188812256,1,8388cb2033e74f3c92428875d532e68c,1.0,1,3,1
0,0.1428571428571428,0.4877443313598633,1,d05a7c5ffa234a0492682d98344839ed,0.0,0,3,1
1,1.0,0.1980202198028564,1,0c20dda358fd4ba189540b04d05259a4,0.0,0,3,1
0,0.1428571428571428,0.5214595794677734,1,67ed77e8e8eb4c43b0ee3f476547976d,1.0,1,3,1
0,0.1538461538461538,0.591489315032959,1,5f8292eaf4f94d329c966d56cc866421,1.0,1,3,1
0,0.125,0.5716462135314941,1,caf84e8f275547508dee4708755c3968,1.0,1,3,1
0,0.1818181818181818,0.4006297588348388,1,6aa88f5f5ea64475aeffce66ca536f25,1.0,1,3,1
0,0.0833333333333333,0.8106327056884766,1,679153888adc42469fa2924686e1e5fe,1.0,1,3,1
0,0.0,0.7386088371276855,1,dfa04009717747708fd122c1b60eea80,1.0,1,3,1
0,0.0,0.7205665111541748,1,3c4b71cf4cf54a5d94e57f4468f19835,1.0,1,3,1
0,0.2222222222222222,0.338602066040039,1,0cf3c64085764868bbf73bed4dedb71b,1.0,1,3,1
0,0.1538461538461538,0.492887020111084,1,f9e31eaa38c14c9ba1e788b917f8ea65,1.0,1,3,1
0,0.1818181818181818,0.4551527500152588,1,79335fdeedb94bd2af2eaf5d32d5d97d,1.0,1,3,1
0,0.0,0.4686925411224365,1,3593e1d4b90b4e8495eccbe36ad09a6b,1.0,1,3,1
0,0.25,0.3942737579345703,1,32ac5e97ccfa4776b23094d08261a178,1.0,1,3,1
0,0.1818181818181818,0.4765591621398926,1,4c4288d5694d427abc4540e7d6e27ef9,1.0,1,3,1
0,0.1666666666666666,0.4664416313171386,1,2852c90c493d4d3f9d27a7e8406c90b5,1.0,1,3,1
0,0.1333333333333333,0.5775871276855469,1,b59fbcf889e3428eb40b842c37e8f77c,1.0,1,3,1
0,0.1999999999999999,0.5258450508117676,1,d98585694efc4385bbf137bd879b88fc,1.0,1,3,1
0,0.1333333333333333,0.5697174072265625,1,2105604c81ee44feba1cf54a52baa51f,1.0,1,3,1
0,0.2857142857142857,0.4935545921325683,1,9d463c564677468596fa737e4184d396,1.0,1,3,1
0,0.2222222222222222,0.4623415470123291,1,427785e75b94494b8539235667f77de0,1.0,1,3,1
0,0.1999999999999999,0.4482979774475097,1,93a6ab1347564abbb266947927c8c0c4,1.0,1,3,1
0,0.0952380952380952,0.7409751415252686,1,42dbe45ca7744fdf9b31e919a0f7154e,1.0,1,3,1
0,0.3333333333333333,0.4308784008026123,1,8d81880a51974eeb81e08471be36f387,1.0,1,3,1
