exact_match,f1_score,time,step,dataset_id,hit_rate,hits,total_retrieved,expected_count,error
0,0.5,4.4388720989227295,0,629HsNl5Qf3THUq_CbmFrSx28,1.0,1,3,1,
0,0.15384615384615383,4.295837640762329,0,2648F832Z8D-thJnrxy_ZoZ11111,0.0,0,3,1,
0,0.5,4.421688079833984,0,2561YDPNx6Nm5o6T0F-PGw-u2466,0.0,0,3,1,
0,0.3902439024390244,9.84745454788208,1,1431C0_ORK0ta8pDX6H-1VOp596,0.0,0,6,1,
0,0.42857142857142855,4.557158708572388,0,1234WIzl7ElikCCPk4gA-7ua3057,1.0,1,3,1,
0,0.14285714285714288,4.489691257476807,0,580J0GQq9CMPFwuNoK_eRB4169,0.0,0,3,1,
0,0,30.8940908908844,5,1008cPycwBnuEuEiZLC7k7LH387,0.0,0,18,1,
0,0.5,4.406231164932251,0,2515HnCK6br3syHDxNhRpc8g1750,1.0,1,3,1,
0,0,32.6020085811615,5,1423Rcv2EkrmFuIt2YeOnjUf618,1.0,1,18,1,
0,0.5833333333333334,4.839139938354492,0,20485Fhf0JwIy4n0x3VB-lgO1653,1.0,1,3,1,
0,0.8372093023255814,5.335146188735962,0,845RUlmcCAkxZC2itV7MBh62763,1.0,1,3,1,
0,0.1791044776119403,6.021972179412842,0,2469wKA4zFUFpbear2IzeeA21855,1.0,1,3,1,
0,0.10344827586206895,5.656458377838135,0,1440qne5M3TJkKmQ8UE97H1P2132,0.0,0,3,1,
0,0.2,9.50606894493103,1,1528MgNp15Yx30rPeZDqHZi11952,2.0,2,6,1,
0,0,6.040852069854736,0,23488dFrnyeZ5ef_I0UKSiz_3761,0.0,0,3,1,
0,0.16666666666666669,4.753555536270142,0,1972yAEf1nBlvyHW4FzECBk52251,1.0,1,3,1,
0,0.04166666666666667,5.423110723495483,0,1752E5XokYRzRxCMWKU2kTp-3547,0.0,0,3,1,
0,0,33.35183668136597,5,2574e_nCnMlZf6mrQzmO3LZo2447,0.0,0,18,1,
0,0,4.891123056411743,0,1235m-89f-L_U28rNQ1Twz073053,0.0,0,3,1,
0,0.20408163265306123,5.927710294723511,0,924h9Ft9SWd5mJ8NvTErCl72555,0.0,0,3,1,
0,0,33.83175301551819,5,1449K8ANCJR2kfhz2B8KAAgg2114,1.0,1,18,1,
0,0.1276595744680851,39.1887321472168,5,2563vdW9TuW9KxwiRSmdl72r2463,0.0,0,18,1,
1,1.0,5.310420274734497,0,9171SqPvS4Y9VVB9rn93Vi-2574,1.0,1,3,1,
0,0.034482758620689655,6.553171873092651,0,27065ZHgP-paSB5ljBAmKla_949,0.0,0,3,1,
0,0,42.85042977333069,5,542GY7OjClDyzNlztIK-dOQ282,0.0,0,18,1,
0,0,19.40173578262329,2,2135JNizCTqBzs-NkJ-0GhnT1406,1.0,1,9,1,
0,0,28.861128568649292,3,1021PPK-R-xW8kEi9x6y3ozh353,0.0,0,12,1,
0,0,5.853748321533203,0,2130h876xzkpp7t6b6OH4mTG1419,1.0,1,3,1,
0,0.06666666666666667,5.916031122207642,0,884P0H0QPSGbW5zK2GVDAY02661,1.0,1,3,1,
0,0,5.822901964187622,0,1192qu70aQV6bzoD2MwG1aT83180,1.0,1,3,1,
0,0,5.941867113113403,0,604BaVh8B5igEaFS0x8dDlu99,1.0,1,3,1,
0,0.06896551724137932,5.884124755859375,0,2670fxp2HMG8cuSsty0VDUYi1051,1.0,1,3,1,
0,0.05714285714285714,5.867816925048828,0,22218q38c0YRb2JXvtSd0Nqf4044,1.0,1,3,1,
0,0,6.021044015884399,0,2134Bi8K76FZoKK6ZdoHexNd1407,1.0,1,3,1,
0,0,5.839094161987305,0,2098lWBBQeFRw7WuODbVUvic1512,1.0,1,3,1,
0,0,7.607153654098511,0,899il7HMq79D4iA4PWEiSgJ2628,1.0,1,3,1,
0,0,5.723634481430054,0,9853WfA7vCWlhKLuNowxZf-444,0.0,0,3,1,
0,0.10526315789473685,5.839294195175171,0,1940j-y1Q_I1wO0_w4xuf2jC2322,1.0,1,3,1,
0,0,5.8506760597229,0,2577bEPb_E8k_8MS_cadZ9ua2441,1.0,1,3,1,
0,0,5.649243116378784,0,29828E9PeGsXkCgpy9f0lHoG3903,1.0,1,3,1,
0,0,5.9978039264678955,0,3022nFZbMu1Zsnj63qPWfgCv3813,1.0,1,3,1,
0,0,5.810171842575073,0,609MyQ372LLBdo0DkE0M__Y85,1.0,1,3,1,
0,0.12121212121212122,6.022721767425537,0,1012LN56E8ShPhOCoocbJrrp377,1.0,1,3,1,
0,0,5.796628713607788,0,2656m6atvpn0tFeC20KuCqnA1091,0.0,0,3,1,
0,0,5.897830963134766,0,1837DjnvLKs92-s8s-2bK5zI3340,1.0,1,3,1,
0,0,5.9274773597717285,0,994Sida6rlY6gttMLbmo18H294,1.0,1,3,1,
0,0,6.247890472412109,0,2972anHdG1TwBtQaRXhi-WEK3930,0.0,0,3,1,
0,0,6.039949417114258,0,2543YTHVxq-ZfUQzgqYoJgvE2501,1.0,1,3,1,
0,0,6.031747579574585,0,2417mVau_Gooa9D5PxRnhLKg3623,0.0,0,3,1,
0,0,5.953094244003296,0,2135XIpxKCXL8wqzaiLxmU9S1404,1.0,1,3,1,
0,0,7.4487409591674805,0,1941vdbzlN7oVltmEKX-YLNT2321,0.0,0,3,1,
0,0,5.870330333709717,0,1172cnB3XirJLf2l_lj2h1NR3237,1.0,1,3,1,
0,0,5.9505088329315186,0,2090kIQgIF1t7Ra3IASVYGL71532,1.0,1,3,1,
0,0.06666666666666667,5.9261415004730225,0,1202iIzasrTScRTbY9MqhVF43150,1.0,1,3,1,
0,0,8.08527660369873,0,2197JYHIBfWstcD9UKgGesaP4105,0.0,0,3,1,
,,,,897WMI0gpuEb7GnEJyiH4Uz2633,,,,,Ollama request exceeded timeout limit for model stable-qwen with error: timed out
0,0,5.844438552856445,0,1384F3UCzmVUDztYUe75gYZ8726,0.0,0,3,1,
0,0,12.293647050857544,1,1378ks8fL5T0PZyVfKqdb0iq743,0.0,0,6,1,
0,0,5.985607385635376,0,1595fYgFcFNnWFaGQLEXRtcJ1248,1.0,1,3,1,
,,,,973l7OlPX7xTIwuKoPqSOF1480,,,,,Ollama request exceeded timeout limit for model stable-qwen with error: timed out
0,0,6.447516679763794,0,2059qn2LY5Rgkc_lCxZvqig_1624,0.0,0,3,1,
0,0.05405405405405406,5.786623954772949,0,1350iEyQpgS8um8egWa2LDPk820,0.0,0,3,1,
,,,,2426OrIWlCMyEkLoqANXww1O3604,,,,,Ollama request exceeded timeout limit for model stable-qwen with error: timed out
0,0.06666666666666667,5.973104476928711,0,1567OzoMV2H8D1C1oKf9kJ7U1317,1.0,1,3,1,
0,0,5.989333629608154,0,1157dystjMPwLIVRr1mKQuwa3280,0.0,0,3,1,
0,0,6.15523362159729,0,27136dTeCLdMVvvOL507cvEc930,1.0,1,3,1,
0,0,5.924354553222656,0,1365-1b52ot7eMMf3SsA9c4Y777,0.0,0,3,1,
,,,,2236OY8HQU0L8c2zBLDDSfzl4002,,,,,Ollama request exceeded timeout limit for model stable-qwen with error: timed out
0,0,6.038827419281006,0,1173TY1U9F1eZjiUDJuXEvfX3233,1.0,1,3,1,
0,0,5.900951385498047,0,2475BHL2tV9VUQb2nFxwGP0p1839,0.0,0,3,1,
0,0.08695652173913043,6.283048391342163,0,2499V-2FlPo6WVsoWpisdH6C1783,0.0,0,3,1,
0,0,5.895815134048462,0,3018ir8K9UU-cmqq5IQcmz7l3820,0.0,0,3,1,
0,0,16.46411967277527,1,2646G7TOcWUmw6OMJGvjmnOd1116,0.0,0,6,1,
0,0,11.7634756565094,1,628A_ztdoD85Pm7Hd6Uv2TF31,2.0,2,6,1,
0,0,5.908567190170288,0,2548jWUEsutIJk1cbqN2tPM12494,1.0,1,3,1,
0,0,6.41699481010437,0,840n8TOnpwIHl-qkgddBBUV2778,1.0,1,3,1,
0,0.1702127659574468,5.956575632095337,0,1979k__dYe4eh0JcWo4LS3y02238,0.0,0,3,1,
0,0.05405405405405406,6.1504597663879395,0,730-sg8DQC7Q6MNsKvBhO3l2801,0.0,0,3,1,
0,0,5.99475884437561,0,2411q8v30VrYGF_YwZ3xRDOD3629,1.0,1,3,1,
0,0,5.882562875747681,0,1537GkZcUo3TOHP-viuoWNt-1927,1.0,1,3,1,
0,0,12.50185513496399,1,2062pqfFSy4vUpvOqO0esuQx1613,1.0,1,6,1,
0,0,5.830437421798706,0,717GIQkXVVB0r9TgF9XjTKs2834,1.0,1,3,1,
0,0.09523809523809525,5.706495761871338,0,2497_yB250Kp0G5hx_qYaSQz1789,1.0,1,3,1,
0,0,5.759871006011963,0,1532_kh1mDAMXkYl6yf_Pv1J1940,1.0,1,3,1,
0,0,5.8308141231536865,0,2080wcuzvVTZwQpYTe_xQ8731560,0.0,0,3,1,
0,0.2105263157894737,5.661487817764282,0,2562mR0gHty9fugk4dVk181r2464,1.0,1,3,1,
0,0,7.067245960235596,0,1208ZxTFiASsvA8kMOYqhRyK3132,1.0,1,3,1,
0,0,5.714183807373047,0,904jIjVFDOK0pRjFHCWbvJn2614,0.0,0,3,1,
0,0.058823529411764705,7.580517292022705,0,2664AqK615zaJ_528hvbvtPb1071,0.0,0,3,1,
0,0.07692307692307691,5.737985610961914,0,2169wN0winsrY_i_g0bAhQG-4173,0.0,0,3,1,
0,0.08695652173913045,5.652108907699585,0,2972A0AdM2WI3crvQdFxrqCd3928,1.0,1,3,1,
0,0,5.842366933822632,0,2173fu4XUTuowr7JXVT_qKR14162,0.0,0,3,1,
0,0,5.688345432281494,0,1194VOJh4dS-MXoenYLMn-a13174,1.0,1,3,1,
0,0,5.836941242218018,0,2344eMszMywnP_KtAXxgyVLS3770,1.0,1,3,1,
0,0.08,5.764155149459839,0,2202VQfjd1RqAXVO4ucrNNUA4091,1.0,1,3,1,
,,,,601ThCJk5zYjSXGup71iHM5105,,,,,Ollama request exceeded timeout limit for model stable-qwen with error: timed out
,,,,2219TDRURokHX0rVp0aN741O4049,,,,,Ollama request exceeded timeout limit for model stable-qwen with error: timed out
0,0,5.945318698883057,0,652EU8b_0799Xp7ZExvB6D12996,1.0,1,3,1,
0,0,6.186871528625488,0,596zM0R2OmIzgkB1SbT2GQk122,1.0,1,3,1,
0,0,6.080126047134399,0,2628284lX5xJUbHwtCr3OcHt2341,1.0,1,3,1,
0,0.08,6.031794309616089,0,1464zJl2AsUmWqzyQ5UMyZIu2084,0.0,0,3,1,
0,0,6.244899749755859,0,2119fyRyssk_Wje72wdKEvRB1450,0.0,0,3,1,
0,0,6.103587627410889,0,2011BmOhqTJO6XDvfA1PRl622189,1.0,1,3,1,
0,0,6.2626402378082275,0,1143y4HvMRUYirASrnijdFdG3320,0.0,0,3,1,
0,0.07692307692307691,6.017285346984863,0,11609Jmtcj6mL4_qZoKMrsvu3271,1.0,1,3,1,
0,0,6.211756229400635,0,2512lEhovFhT11eis4TwjWj61755,0.0,0,3,1,
0,0.08333333333333333,7.697047710418701,0,10219JfXeEWLn2dqWpvyeBX-351,0.0,0,3,1,
0,0,5.857176780700684,0,591ltVD7_6Ehvx3qb3tWALB135,0.0,0,3,1,
0,0.08333333333333333,13.744024753570557,1,991UJ4U1LRmAW5-f92M6LsY428,0.0,0,6,1,
0,0.09523809523809525,7.2111496925354,0,1827dyfhitJTrUGC7j5L4f793368,1.0,1,3,1,
0,0,6.0116236209869385,0,25901E2zSJQfs-GE-OfTyHNi2415,1.0,1,3,1,
0,0,5.799413204193115,0,2390BO24hCThZGRINh8VZEwX3669,1.0,1,3,1,
0,0,6.235411643981934,0,862Cr4hD-1x_y9yIeSe1h542712,1.0,1,3,1,
0,0.052631578947368425,12.020163536071777,1,919Uw0PTYP2s2ybeSXUEbBL2567,0.0,0,6,1,
,,,,26420KhWf9GaN3cEHDl39Qxn1125,,,,,Ollama request exceeded timeout limit for model stable-qwen with error: timed out
0,0,6.113888502120972,0,2999clBojzrphxraymsqv1j23864,1.0,1,3,1,
0,0,6.11008882522583,0,2153UUzYIXrndLZzzxsDO5Gh4216,1.0,1,3,1,
0,0.09523809523809525,6.201251745223999,0,1603mLkIXwPW7Y21tE83oCqe1229,0.0,0,3,1,
0,0.021978021978021973,49.0504264831543,5,1177mo9QxepXvRmIEbov-3wB3225,1.0,1,18,1,
0,0,41.35981369018555,5,2163prpiVkHoWAkyQR6_xuQb4190,1.0,1,18,1,
0,0,43.1574866771698,5,1224ZpkYHN34yzQX3zAz1Drn3083,1.0,1,18,1,
0,0,43.11789631843567,5,3017aHeDCc1uLRI2rnBry2uw3823,1.0,1,18,1,
0,0,44.20836329460144,5,25185MAzxodWaNF6paGbye9m1739,1.0,1,18,1,
0,0,28.052955150604248,3,1775dGCKacaEaf4vXnKBh4Rd3489,1.0,1,12,1,
0,0,6.2626283168792725,0,1971wAtIPOivQQGrt9-QMXKx2252,1.0,1,3,1,
0,0,6.132704734802246,0,1540XOXCHVXRJvkaumygGWEP1392,0.0,0,3,1,
0,0,6.4032251834869385,0,1018RR7R37EFe6-6a8ByqX6L362,0.0,0,3,1,
0,0,6.232074499130249,0,1581m_4FT3wjNv2nkp7_WsVw1287,0.0,0,3,1,
0,0.0425531914893617,6.37831974029541,0,92118qkl9UIQgFwOHU-Q5hF2561,1.0,1,3,1,
0,0,13.280850172042847,1,1807ETR83rfS--7HO_UVPZIY3419,1.0,1,6,1,
0,0,6.299544811248779,0,9022NBdayPGc6_3kCdKoIiQ2620,0.0,0,3,1,
0,0,6.2012012004852295,0,18135ObI1qm9GGBQEi88mvkH3404,1.0,1,3,1,
0,0.04651162790697674,8.011091947555542,0,14135nOR58ZI6lSglpLLKJLs648,0.0,0,3,1,
0,0,6.130461692810059,0,1221TiO8JJQ-vOfSQxVla7zq3093,1.0,1,3,1,
0,0.043478260869565216,6.198408842086792,0,684byYz4orMrh60-Fxhgy3n2915,1.0,1,3,1,
0,0.08602150537634408,6.391690492630005,0,2586yn1AwEdGYBYrySuVMaKy2424,1.0,1,3,1,
0,0.0425531914893617,6.551954030990601,0,629HsNl5Qf3THUq_CbmFrSx29,1.0,1,3,1,
0,0.07272727272727274,6.252533912658691,0,723ytGpHPbjoavIcmlhSSPx2819,0.0,0,3,1,
0,0.12000000000000001,6.162638187408447,0,2713hk0M98quNxBe6DeLFCcS931,1.0,1,3,1,
0,0,6.989245653152466,0,1469nqp1NXhfX10HhPcrdOO62071,0.0,0,3,1,
0,0.08695652173913043,6.281272888183594,0,2230tSU7QgNiYBltnZLJbQC34019,1.0,1,3,1,
0,0.039215686274509796,6.291842460632324,0,2595p6qxVIXlogFl1fTrX8fj2403,1.0,1,3,1,
0,0.04651162790697674,6.340093612670898,0,1191W0USQS58Z6BFE4WkQ-h53184,0.0,0,3,1,
0,0.028169014084507043,99.12483596801758,5,2651W9hIkNcmdRVAlG6zUyLS1104,1.0,1,18,1,
0,0,44.4338800907135,5,653EYaIRqmXIngKYek45pE52994,0.0,0,18,1,
0,0,43.38536596298218,5,918WklZmO3jLsn_Z70OZLWg2572,1.0,1,18,1,
0,0,42.62699890136719,5,614qvZZNRxxpBg3ucW1nsPI74,1.0,1,18,1,
0,0.041666666666666664,13.440346479415894,1,1968sByqQLQlZjFcJMPFrHff2258,1.0,1,6,1,
0,0,43.10056114196777,5,686OvLyPUvXUe5IOzEyV6ef2909,0.0,0,18,1,
0,0,6.345273733139038,0,1461b77FDHPFXFe4yi5Nhcwr2091,1.0,1,3,1,
0,0.041666666666666664,6.2229015827178955,0,27240PkmgWqz5j9_Fq0dxZCZ901,0.0,0,3,1,
0,0,6.292165279388428,0,1586xdhd1pR6S0dzxj9ovgft1274,1.0,1,3,1,
0,0,6.425799369812012,0,564nvWBMTyMNmhonDBcxkha218,0.0,0,3,1,
0,0,6.233854055404663,0,2540fNbixvF2zJt8p9UgqNRm2509,0.0,0,3,1,
0,0,6.413852214813232,0,19576albE3jQTwnzltPL9x4p2283,0.0,0,3,1,
0,0,6.283717393875122,0,844px1jLdiF9yixa41UdsW72765,1.0,1,3,1,
0,0.043478260869565216,6.368011951446533,0,1438GBcsCGsIXBK4Ri5BDA7-2136,1.0,1,3,1,
0,0,6.243586540222168,0,1626CdTndjDZja_pRT6QKy_T1162,1.0,1,3,1,
0,0,6.2974348068237305,0,2377P4XI1eWxdwx2SZ4FBFGz3694,0.0,0,3,1,
0,0,6.415385723114014,0,1237-igIa0nSFzHyYKR3NSy73049,1.0,1,3,1,
0,0.03571428571428571,6.8158440589904785,0,26841mPx1AI7j2kbUYe2rpkX1009,1.0,1,3,1,
0,0.10714285714285714,6.684490442276001,0,2651TkmXlqXOnvvNj8XwRj8y1102,1.0,1,3,1,
0,0.04444444444444444,35.01099681854248,4,2515f1PtJHMiB1tlaUewaK_M1748,0.0,0,15,1,
0,0,6.269500732421875,0,2074N9UKFJMXP9zlp3kGmFLm1578,0.0,0,3,1,
0,0.0851063829787234,6.387328147888184,0,2737g-gZdm-sJQvvj93e0dsn862,1.0,1,3,1,
0,0,6.296999216079712,0,1209gLLe3Hw31X00Jkrt9Bb-3130,0.0,0,3,1,
0,0,6.203485012054443,0,20271DZtHLqghVOFTovejUu02159,0.0,0,3,1,
0,0.043478260869565216,6.400846242904663,0,1367qqQx_HJpwlvPVKeAf79c771,0.0,0,3,1,
0,0.043478260869565216,6.314192056655884,0,1180si0MHWiDkF_QSrRg3Bmr3217,0.0,0,3,1,
0,0,6.502619743347168,0,1755k6OhZV2tgTLoY1YA0e3q3540,1.0,1,3,1,
0,0,6.273780345916748,0,29911GwDefKvNAdit4U50-4e3883,1.0,1,3,1,
0,0.049999999999999996,6.305305242538452,0,1150Z77lGncZI7Zrk-xbjId83299,0.0,0,3,1,
0,0.05128205128205128,6.431304693222046,0,2216CR-IgtZy4-rBrWwtf5Q84055,1.0,1,3,1,
0,0,6.340999126434326,0,3032TZQwiPvD5YTjwyIxVD573795,1.0,1,3,1,
0,0.05263157894736842,6.326847553253174,0,1031ZvlfbMyu93rSJ9xhYFCe322,1.0,1,3,1,
0,0,6.501609563827515,0,953eF6SuRKllGSbKQ3CTK_8542,1.0,1,3,1,
0,0,6.375646114349365,0,1503-OeysybldRIrK-6Seqce2015,1.0,1,3,1,
0,0,7.942955493927002,0,1418rlNVb_RqqdBIh4q8Vz-O632,0.0,0,3,1,
0,0,6.227359294891357,0,2697v70pWXgc-DSg0veQwf_g972,0.0,0,3,1,
0,0.05128205128205128,6.349060773849487,0,2950gZ4P4mJPFr8zvaCPmgqF3984,1.0,1,3,1,
0,0.043478260869565216,6.175342559814453,0,1015sbzrzzKt2hHlSyEz_8ol371,0.0,0,3,1,
0,0,6.303440809249878,0,20643waArPwERgCSx-Mi5aTq1607,1.0,1,3,1,
0,0.034482758620689655,6.192456245422363,0,25839ctSBP_9ircmR2x3MPam2429,1.0,1,3,1,
0,0,6.2604451179504395,0,2109wDBr_5DTMGUIMawARy5V1481,0.0,0,3,1,
0,0.0784313725490196,6.353309631347656,0,667rAHXuSUPsljQVxvIq2TT2958,1.0,1,3,1,
0,0,6.5310258865356445,0,1614T5V_kcqugUnyUVwnMyhs1198,1.0,1,3,1,
0,0.04761904761904761,6.3551185131073,0,2654TNySW8MZLcGuEXDIeHmv1096,0.0,0,3,1,
0,0.0425531914893617,6.310597896575928,0,1167rHEYHtG_H7cMU-f8Fs4k3253,1.0,1,3,1,
0,0,6.389922618865967,0,1802TzfzNhOqk3YbRW3ibRGt3428,1.0,1,3,1,
0,0,6.250741243362427,0,1760mDs0p3IiDjSQHOt_UjsF3525,1.0,1,3,1,
0,0,6.253479957580566,0,587v2MlTNxLZ2PTLUM4FwNM149,1.0,1,3,1,
0,0.05263157894736842,6.4164369106292725,0,5926oxnr604obAEPlUV9uIf132,1.0,1,3,1,
0,0,6.2650673389434814,0,869tyTpa9rKUcCPdLKs8WYm2699,1.0,1,3,1,
0,0.04651162790697674,6.384520530700684,0,1151NblPUqOQyrZMMFg2dGYZ3296,0.0,0,3,1,
0,0,6.231431245803833,0,1403de07gs-9JpPhLkY3NXmx677,1.0,1,3,1,
0,0.0425531914893617,6.380719184875488,0,1399HAUAi3igcRp4kaiXBS34689,0.0,0,3,1,
0,0,8.075318574905396,0,1765lhaAmt-FyNdNGZEF0ee43508,1.0,1,3,1,
0,0.049999999999999996,6.195868253707886,0,2976EFlvgTQmMUjN_0Qwuu1-3920,0.0,0,3,1,
0,0,6.364250898361206,0,911iSktzCosrhYPrDiybAu12591,1.0,1,3,1,
0,0,6.33137321472168,0,1758C1ntGFo_J3b9Gru82Z393529,1.0,1,3,1,
0,0,6.255585670471191,0,25682UMH_dlMC7fYSOKwycid2456,1.0,1,3,1,
0,0,6.333011150360107,0,1615r-Z6NuO6cx_SWYHnunxF1194,0.0,0,3,1,
0,0,6.310826539993286,0,1446B3blpnHraasPEB4_1HUF2121,1.0,1,3,1,
0,0,6.348743915557861,0,1139_-7833hNxUF5gGfQFr7N3334,0.0,0,3,1,
0,0,6.396517992019653,0,1568HYHlm_FxJX3M17z-eEGK1314,1.0,1,3,1,
0,0,6.601562261581421,0,994GU89OGfkUkf_KwQ-KrNe296,0.0,0,3,1,
0,0,6.21125340461731,0,11881tCMe4yHOSjaL320WzSI3193,0.0,0,3,1,
0,0,6.259897708892822,0,2056cqUJwSrh1iUBnuLscYVW1632,1.0,1,3,1,
0,0,6.323235750198364,0,1175f68nWVOs5WY82yUFRvj63231,1.0,1,3,1,
0,0,6.294401168823242,0,2500VYxWOcV0dcNe7upA2FXu1780,0.0,0,3,1,
0,0,6.372936725616455,0,1401Qipsx6VOk5VqTYL6uR-s682,0.0,0,3,1,
0,0,6.2753777503967285,0,581eQPPkrKHcN8_8Sw_9yqc167,1.0,1,3,1,
0,0.09302325581395347,6.2722556591033936,0,1412dyjyK86xUjhTPTG2x3S7651,0.0,0,3,1,
0,0.048780487804878044,6.253771543502808,0,2144tPw0o0rfWHjrb2BilKfa4239,0.0,0,3,1,
0,0,6.2273054122924805,0,17575vjW6q5vpBlTdRADa0J73534,1.0,1,3,1,
0,0,8.102692365646362,0,1020SC6hZKqsbIYDzkH4Cli3355,0.0,0,3,1,
0,0.08888888888888888,6.099473476409912,0,2648F832Z8D-thJnrxy_ZoZ11112,1.0,1,3,1,
0,0.04651162790697674,6.4043333530426025,0,1403iGcCDPPITOn08forKH9T676,1.0,1,3,1,
0,0.05128205128205128,6.162997722625732,0,1800AHEt4m27Eec8QRYN8CrP3433,0.0,0,3,1,
0,0,6.235212802886963,0,20726paThEg6FmxDxiNte-9n1586,1.0,1,3,1,
0,0.04545454545454545,6.322039604187012,0,1829Io4ow-6WaOGk3uMLY2EE3363,1.0,1,3,1,
0,0,6.241273641586304,0,857c6PNb74Vi_KeHh7wTR9E2726,1.0,1,3,1,
0,0,6.3261964321136475,0,1575DDvSq8Z-ZcD7dwOi7PcQ1303,1.0,1,3,1,
0,0.06896551724137931,6.250938892364502,0,20751yhuHsp4GA5IYz4deJsk1576,0.0,0,3,1,
0,0,6.495368003845215,0,2733OPDIO_m0GnjeKLl0Pb0x873,0.0,0,3,1,
0,0,6.214342832565308,0,1770rj6GQbTCC5Whkc2stQVr3496,1.0,1,3,1,
0,0.04651162790697674,6.241281270980835,0,2986JvbXNLo81zp2QsLN9R-o3895,1.0,1,3,1,
0,0,6.411656379699707,0,1586CJRbcCFLoT3hGLQI9g7U1272,0.0,0,3,1,
0,0,6.162363290786743,0,912P2qVUbgYW9BjbKDrE9DY2588,1.0,1,3,1,
0,0.05128205128205128,6.457933664321899,0,2071kHxLVZsdxtm6xVPXQcML1588,1.0,1,3,1,
0,0,6.18129825592041,0,943kajWSnLrin3THXJG_d-e571,0.0,0,3,1,
0,0.04761904761904761,6.194296360015869,0,1627y16BUwp_39IprpSx206Q1161,0.0,0,3,1,
0,0,6.392504692077637,0,2139yDUqrN6ktYr0XYmUtrhj4252,1.0,1,3,1,
0,0,6.505767107009888,0,1517RRHHjHDzsegVV1oTrpCQ1979,1.0,1,3,1,
0,0,8.069303274154663,0,21820nOi_DCT5VotWdfluLli4138,1.0,1,3,1,
0,0,6.171140909194946,0,595-NWtNX9EUYMxcBWtvCsv123,1.0,1,3,1,
0,0,6.280931711196899,0,2116GnMpkWhh1tl84u7kz-JS1461,0.0,0,3,1,
0,0,6.206732273101807,0,1159_3BLEoNo6JC3PQD3lhm_3273,0.0,0,3,1,
0,0,6.040924310684204,0,935AXiIOoqPxpPpzzvR8YS22525,1.0,1,3,1,
0,0.05263157894736842,6.408694267272949,0,1791pNJzKyWbh6wW0KOK91ow3451,1.0,1,3,1,
0,0,6.142422437667847,0,2168J5OIY9_0JcjpUFtF-s8j4177,1.0,1,3,1,
0,0,6.353052616119385,0,25281rkigYqmVnXZVKIo__6C1709,0.0,0,3,1,
0,0.0851063829787234,6.187490224838257,0,2226L8d66ouJEV1RUNRdzzwj4033,0.0,0,3,1,
0,0,6.281329870223999,0,1478KTXepjZroExsv6FHaVuM2052,0.0,0,3,1,
0,0.049999999999999996,6.30190372467041,0,2079-LyObLxGymHC2hBqr_KO1565,1.0,1,3,1,
0,0,6.237357139587402,0,2627_Kfp2WhutNlCFnT50sG02344,1.0,1,3,1,
0,0.049999999999999996,6.35383415222168,0,2508GyO7kZECUGQ3Ln8manrq1764,1.0,1,3,1,
0,0,6.232762098312378,0,1577OEbmLnj5geKIc3Ms5Gtk1299,0.0,0,3,1,
0,0.05128205128205128,6.3811914920806885,0,854G5_8fmgOx2wqp3G98Wbo2736,0.0,0,3,1,
0,0.1276595744680851,6.309919357299805,0,1741gH8j8vwlFA4b6EQ4n5w73579,1.0,1,3,1,
0,0,6.216061115264893,0,2366jzVcXSo7q0dr6-Gz67u-3719,0.0,0,3,1,
0,0,6.44417405128479,0,26727Yse7GsoM0NaNss8TBWk1046,0.0,0,3,1,
0,0,6.246615648269653,0,549BWLdJQ30ytdTBb1ltl63261,1.0,1,3,1,
0,0.1568627450980392,8.104033946990967,0,1194TLkUeN2s1pmz3z-LhQdx3173,0.0,0,3,1,
0,0,6.1458728313446045,0,24419ElQ6t4Xid93KqYjJXMT1915,1.0,1,3,1,
0,0,6.195601463317871,0,2723xU3JSCsI93Jmzi12bo8-905,1.0,1,3,1,
0,0.05128205128205128,6.289302825927734,0,2980C0U4pvUngKDisOcpNW3q3908,1.0,1,3,1,
0,0.048780487804878044,6.266650438308716,0,1363vktTqXoQ53guY-ds-40F783,0.0,0,3,1,
0,0.04651162790697674,6.324516773223877,0,1405G7xAi6FNLYm6fgeOs5Bj672,1.0,1,3,1,
0,0,6.248805046081543,0,661euljLSpbfTSc_6HtuXCq2973,1.0,1,3,1,
0,0,6.332047700881958,0,733ro10P8E_CfDSYgZ9bqof2793,0.0,0,3,1,
0,0,6.328085899353027,0,1427BI8NYRszEev_FCnoHfQp607,0.0,0,3,1,
0,0,6.218485355377197,0,19697DTaaASi89oMV51KpEk02257,1.0,1,3,1,
0,0,6.3862693309783936,0,2997uuJN0Yt55vdTFyk9kAUA3869,0.0,0,3,1,
0,0,6.465901136398315,0,986iCUMSxEyOTfVrShe7r8X441,0.0,0,3,1,
0,0,6.395467758178711,0,1215415v_BmzwkNXDE-6MKs73112,0.0,0,3,1,
0,0,6.215522289276123,0,636bdCEp-ei65RvphUV5kzu7,0.0,0,3,1,
0,0,6.260321855545044,0,1563xPRXXjjPfuYHto6gKMoW1328,0.0,0,3,1,
0,0.08163265306122448,6.36167311668396,0,2418I5yqyRb98QY4tLtXIn9_3620,1.0,1,3,1,
0,0.09302325581395347,6.253222227096558,0,5725iP5Tzyy4gxehcn9t4TM194,1.0,1,3,1,
0,0,6.3549041748046875,0,2957RON0RMexHAq6R8NDth-G3967,0.0,0,3,1,
0,0,6.361716270446777,0,1603faGMdBUg02YqijMJnA3w1231,1.0,1,3,1,
0,0,8.01189923286438,0,2663WQsor3o4Lewe9Mg8roUm1072,0.0,0,3,1,
0,0,6.196332693099976,0,2366D8Jn50ErgQhZUhWNbxoM3718,0.0,0,3,1,
0,0.09756097560975609,6.1740288734436035,0,2362OelwhQFGW2uASOC1uIZ-3729,1.0,1,3,1,
0,0,6.354584693908691,0,2378sHxPf01TWhBuenSHMJyp3692,1.0,1,3,1,
0,0,6.17633318901062,0,2941qGbMTO0mozvc2N-D8Ll13995,1.0,1,3,1,
0,0.04651162790697674,6.349756717681885,0,1773wQV9nuZZSk8BnMoB0VXa3492,1.0,1,3,1,
0,0,6.214879512786865,0,2572QIeAiUrm-El8uQMnoPL52451,0.0,0,3,1,
0,0,6.211512088775635,0,1149B_z0nE_Bw4gpJMErDvZF3303,1.0,1,3,1,
0,0.03773584905660377,6.331183195114136,0,953rhbVAxIUmfTtDbVTDP6l540,1.0,1,3,1,
0,0,6.306230545043945,0,1833mBAvNL7f3ZCmej5PwbdX3351,1.0,1,3,1,
0,0,6.4070823192596436,0,21295BHq9T-LJZqpw1jzVi4C1424,0.0,0,3,1,
0,0.1016949152542373,6.267153978347778,0,2456mSRZvgWGRhYDDkRPL2f41883,1.0,1,3,1,
0,0,6.539798259735107,0,1429iK5AeBnwtcbLHrY4SztI602,0.0,0,3,1,
0,0,6.265490531921387,0,1768-UuFG072H5O8Xrou6GUN3501,1.0,1,3,1,
0,0,6.1988139152526855,0,1613_GNhprlpdle_vZoOR-qp1201,0.0,0,3,1,
0,0,6.374756336212158,0,1217VUulWWjfmhhB_SRnAH2c3105,0.0,0,3,1,
0,0.049999999999999996,6.218822240829468,0,2665gofGzsBk2vSGVSEDt1Hi1067,1.0,1,3,1,
0,0,6.5820136070251465,0,2593NhMXH8FIz_rRIuHg7cJ32408,1.0,1,3,1,
0,0.0425531914893617,6.2746758460998535,0,549rMq_bIS44jvhpB0uKShr263,0.0,0,3,1,
0,0.0909090909090909,8.12557601928711,0,2114PF_Hzr-w95B50r8JycTn1467,0.0,0,3,1,
0,0,6.1154890060424805,0,3035KzumWKyVeC8_TMoA2sVR3792,1.0,1,3,1,
0,0,6.130739212036133,0,3022nFZbMu1Zsnj63qPWfgCv3814,1.0,1,3,1,
0,0.07407407407407407,6.366790056228638,0,2716YlsdHqDkaN4VKLmk5cAm922,1.0,1,3,1,
0,0,6.176884651184082,0,8917xVQ8kbdXQaSDsHSDF5C2653,1.0,1,3,1,
0,0,6.3014936447143555,0,2060X2wuRhZlsLWO7ahOjJyR1621,0.0,0,3,1,
0,0.08695652173913043,6.262158155441284,0,976pJTD9ppLr0BqWc-99UZT471,0.0,0,3,1,
0,0,6.2384092807769775,0,1033Dt_nnXnaknyIGfmAyPvx317,0.0,0,3,1,
0,0,6.360702991485596,0,1446B3blpnHraasPEB4_1HUF2120,0.0,0,3,1,
0,0.048780487804878044,6.1919965744018555,0,1557tNbqGVV_I5649rcUhKBN1347,0.0,0,3,1,
0,0,6.441222667694092,0,2052CjMDg4rKssIF2dZJmzem1645,1.0,1,3,1,
0,0,6.254328012466431,0,2543Ssn0fF-rADMovcLk6Vwk2503,0.0,0,3,1,
0,0,6.212239980697632,0,1811paAxUvt29OX8E8chhsNQ3409,1.0,1,3,1,
0,0,6.295553922653198,0,1503-OeysybldRIrK-6Seqce2016,0.0,0,3,1,
0,0,6.280003309249878,0,20657PQBSzcpWa-mLkUYkxUD1604,1.0,1,3,1,
0,0,6.370534896850586,0,1350m8tnshnQY1-SX1xaVUVD821,1.0,1,3,1,
0,0,6.3550474643707275,0,627l2qkb84k2Ux6pDSBPEUl33,0.0,0,3,1,
0,0.04444444444444444,6.342516660690308,0,1206-NComMUlTR08rjYYkt_A3137,1.0,1,3,1,
0,0,8.074399948120117,0,1809bhj4Kq1QgmejP4IfyOPD3415,1.0,1,3,1,
0,0,6.169419288635254,0,2126BGCK5LuPavsOvc_pxZVc1431,0.0,0,3,1,
0,0,6.3631768226623535,0,260778F0v0DAsxDp5cLyPs1O2374,0.0,0,3,1,
0,0.04761904761904761,6.137103319168091,0,1437XgTDWPD8li99iYDMCw0B585,0.0,0,3,1,
0,0,6.35938024520874,0,964ygH1FC7IV5sCZPqT4llq507,0.0,0,3,1,
0,0,6.217959403991699,0,1792pLMxkyBoluA32NPBVhWK3450,0.0,0,3,1,
0,0,6.23841404914856,0,2031uU00oEz5_jFnQx9-A0O82151,0.0,0,3,1,
0,0,6.723143100738525,0,2438_EbtTSQc5lsCpGlzo17M1925,1.0,1,3,1,
0,0,6.2800843715667725,0,2210Bc69tRCp2-mf6PkRz9_C4068,0.0,0,3,1,
0,0,6.3562538623809814,0,1747m5UQck6_uvx449-K2ICH3562,0.0,0,3,1,
0,0.04761904761904761,6.492132902145386,0,2461qoOIYKbZjllIVQPxg4wR1867,1.0,1,3,1,
0,0,6.346150875091553,0,3027Cqdh_u1lGLcEm6FGsksN3803,1.0,1,3,1,
0,0,6.357006311416626,0,3013qWOe5GAKobQj6VkNX1a83834,0.0,0,3,1,
0,0,6.218468189239502,0,26914YUvq_aYLzOyH3_GkM4E989,1.0,1,3,1,
0,0,6.327729225158691,0,1398G0VrF0Z8ACVX3zKFbVuB691,1.0,1,3,1,
0,0,6.215463638305664,0,913vnJ7FuCx73C-Vyaofcns2587,1.0,1,3,1,
0,0,6.405072212219238,0,24607rfeko8svDiw7ESyatwy1870,1.0,1,3,1,
0,0,6.335477828979492,0,2602Qiq4iutdiApDxWf40xp42389,0.0,0,3,1,
0,0.04444444444444444,6.236886024475098,0,163794mILPDzpcNzf6gK9XRU1138,0.0,0,3,1,
0,0,8.208466053009033,0,932jGvTQ5rqIA60r8VebV-l2534,0.0,0,3,1,
0,0,6.185749292373657,0,2458nO0QxOBFA2uGin02ZUeR1878,0.0,0,3,1,
0,0.04761904761904761,6.2643280029296875,0,133872Mtqyb09KyYyKdDni5N857,0.0,0,3,1,
0,0,6.160377264022827,0,2098D1dsKeKH0xANz6zd6LSO1513,1.0,1,3,1,
0,0,6.2524940967559814,0,2224WT9qVEbYuJZkZlYlFqvu4038,0.0,0,3,1,
0,0,6.229075193405151,0,1524sFrIwH53jua7jqnLYOiU1962,1.0,1,3,1,
0,0,6.1860527992248535,0,912n1fA7q16KhBjbKDrE9DY2589,1.0,1,3,1,
0,0,6.338872671127319,0,1420JOuqW5exFS-bK5y2bt55628,0.0,0,3,1,
0,0,6.193940162658691,0,1144Dngx4nkJVbVR8P-iE7sU3319,0.0,0,3,1,
0,0.04545454545454545,6.411882162094116,0,27105B4kNatJgs2HMEX3Qbc-939,1.0,1,3,1,
0,0,6.216665744781494,0,2970It0bwdTOrenZMXbnev6P3933,1.0,1,3,1,
0,0,6.308619737625122,0,2427o0QmxcHBetNiSbTlOqmh3603,1.0,1,3,1,
0,0,6.45672607421875,0,1138CmWVAsyJiAlk5YMGolJH3336,1.0,1,3,1,
0,0,6.278263807296753,0,2030yIcovw6j8LoFsbnLcn8Q2154,0.0,0,3,1,
0,0,6.327107906341553,0,2715dw_ZC1DahbCczlDe5Yi7925,0.0,0,3,1,
0,0,6.312489748001099,0,852ZSryt9TK0_Cz0XclTy282742,1.0,1,3,1,
0,0,6.386286973953247,0,677xmZHBoR33brul42LKfZz2935,0.0,0,3,1,
0,0,6.16283655166626,0,870flRwQUtWIQqV7rnLfZJd2696,0.0,0,3,1,
0,0,6.1963441371917725,0,2024omrZBF4Urqdr7C3eyKVT2168,1.0,1,3,1,
0,0,8.515774250030518,0,947RcyMsfmB5EqbyHMxRUMk558,0.0,0,3,1,
0,0,6.113095045089722,0,1754_GNEGkdOQVIVIj3t_Ce43541,1.0,1,3,1,
0,0,87.94774889945984,5,5516BHaRRv6Egl03A_kDyw0256,0.0,0,18,1,
0,0,47.18914008140564,5,2657Omxhm5FyXyyp4pVdXx3Z1089,1.0,1,18,1,
0,0,44.45139837265015,5,983A961flzSyGYxt388JvI9450,0.0,0,18,1,
0,0,41.475077629089355,5,7201GV7Ue0Cd9oNYVERMrHM2828,0.0,0,18,1,
0,0,42.57304406166077,5,2099-acnCQhCOzxPYUMuFfmt1511,0.0,0,18,1,
0,0.04081632653061225,35.54754447937012,4,2365rte00Z2XRNdvvCufE-9W3720,0.0,0,15,1,
0,0,120.57807493209839,5,1403de07gs-9JpPhLkY3NXmx678,0.0,0,18,1,
0,0,44.9852089881897,5,1012HoYF9QrGUlI-8WclyplG375,1.0,1,18,1,
0,0,55.714394092559814,4,1605jMKtP3m0NMd6-E_YJmsm1225,1.0,1,15,1,
0,0,53.246161460876465,4,2617lIcTuHq8N8es-n39g3012366,0.0,0,15,1,
0,0.023809523809523808,7.49621844291687,0,940e-OjeYG8x4-T5kU7TrIZ579,0.0,0,3,1,
0,0.023809523809523808,7.597957611083984,0,1161q6jwfFLoe3yAdsycwsj33268,0.0,0,3,1,
0,0,7.509817600250244,0,1237-igIa0nSFzHyYKR3NSy73048,1.0,1,3,1,
0,0,7.9419450759887695,0,1944pItIJgcM-r7jQqPj2HMs2314,1.0,1,3,1,
0,0.07692307692307693,7.305294513702393,0,1997fwZQw2OagHTAFRRNBLie2213,0.0,0,3,1,
0,0,7.5190749168396,0,1355DqKO8ByX-dB6SOPvmL5p807,0.0,0,3,1,
0,0,39.97912955284119,4,2477Wk5b58ywNkmGHha3UgSX1831,1.0,1,15,1,
0,0,46.933018922805786,5,1967lfLDTgzkA9Gl59C3V4Dz2260,1.0,1,18,1,
0,0,47.5355019569397,5,888Xb_uMPfibcJslsiGts6V2656,0.0,0,18,1,
0,0.019999999999999997,46.55061864852905,5,2496IsKGXtB1XHAUH-HYoq6R1791,0.0,0,18,1,
0,0.06779661016949153,48.67002034187317,5,950DO8nI2LTiizfgJEJOjpc551,0.0,0,18,1,
0,0,48.66043210029602,5,1184C_LA1pOBVN-7HWp0PVT03205,1.0,1,18,1,
0,0,46.36482381820679,5,9800iElAh33OivZxcm_4tCk461,0.0,0,18,1,
0,0.019999999999999997,44.80759835243225,5,2170euqbnyjNM_3BjmlETtrd4170,0.0,0,18,1,
0,0.037383177570093455,47.81886124610901,5,1817Ngtonx42zKkYoB0lwkwC3392,0.0,0,18,1,
0,0.04597701149425288,45.19039702415466,5,25850Dtx8v5Mh2YjRyU4T3sp2426,0.0,0,18,1,
0,0.02531645569620253,43.09399676322937,5,1435t5gBGAM2so8S89BXRimx589,0.0,0,18,1,
0,0,43.60606622695923,5,2622zT1yF5wKsaK2A4uT7mDp2355,1.0,1,18,1,
0,0,42.25228667259216,5,2009W5TM6PRERuoWbljEo4Be2196,0.0,0,18,1,
0,0,41.697754859924316,5,2397i5VYVXlITz1PA_p-X_0X3653,0.0,0,18,1,
0,0,43.62364959716797,5,25182PdyMWkPXSFPNo4-wt5J1740,1.0,1,18,1,
0,0.027777777777777776,41.131526947021484,5,2014iXQTylPiy0Z1L1FvuIJ62183,1.0,1,18,1,
0,0,36.4431574344635,4,1487U3qYzmS-i3I4p64DrXQr2037,2.0,2,15,1,
0,0,43.447144746780396,5,2351OjCB7Jc7RLtLp2D0LO6_3755,1.0,1,18,1,
0,0.0759493670886076,41.02198910713196,5,11938B6Igqu2WhcVLVswrYFh3178,0.0,0,18,1,
0,0,44.768221616744995,5,1201NDB1j3x1mhteENUtx2Uf3153,1.0,1,18,1,
0,0,48.18885159492493,5,2425ZfkdzdzBm04_UVw5uDTZ3607,1.0,1,18,1,
0,0.01941747572815534,130.45509839057922,5,2717hIRcFjckTs_q0EnnEVyr919,1.0,1,18,1,
0,0,46.23143196105957,5,1589mo7D-joKXh635Vo4Jd911266,0.0,0,18,1,
0,0,130.66884398460388,5,680rqH8TA5zhf68ANHAiKGW2927,0.0,0,18,1,
0,0,43.502755880355835,5,300888hdakH4X_s3IFSxziMa3844,0.0,0,18,1,
0,0,41.876527070999146,5,25011ioqTMWVMDxHE8EGAltr1778,0.0,0,18,1,
0,0,41.73787069320679,5,718lHRShvhKKwv-68koIpPE2830,0.0,0,18,1,
0,0.06557377049180327,42.398141622543335,5,1167rHEYHtG_H7cMU-f8Fs4k3252,0.0,0,18,1,
0,0,41.16782855987549,5,713-mcsQX--u0E9HOv0wOBY2846,0.0,0,18,1,
0,0,39.55148482322693,5,647GmaUXD9I5MZkvW1GqNBE3013,0.0,0,18,1,
0,0,43.08716869354248,5,2527r9ku1IGBOQ1OmZhZuOtm1712,0.0,0,18,1,
0,0,41.70318841934204,5,2354kkPujXID5RmnkRVl9iSj3747,1.0,1,18,1,
0,0,42.19424891471863,5,1797wFst44zDF00H-0mOIT9O3439,1.0,1,18,1,
0,0,43.540952920913696,5,2597oOL_7CB6tThxfotDFYvs2399,1.0,1,18,1,
0,0,40.94828510284424,5,615lwmbisxTxihwSWql1wTV71,0.0,0,18,1,
0,0,44.69824290275574,5,2353oF79-Zc0tRIFC0bsyHCL3750,0.0,0,18,1,
,,,,1354evL5v3vzH55HvCkXDwJT808,,,,,Ollama request exceeded timeout limit for model stable-qwen with error: timed out
0,0,50.542701721191406,5,2576l9x6n1fNR9Eyt67rO1Sa2443,1.0,1,18,1,
0,0,48.80550694465637,5,2166jcvCXmlprvHV3vNw6N8Q4184,0.0,0,18,1,
0,0,49.56464076042175,5,2657hOs_wmY_BN0133ij4AYu1087,1.0,1,18,1,
0,0,49.386247873306274,5,2076zzQUlwU64C-IvPfAQ3dP1572,1.0,1,18,1,
0,0,47.98476266860962,5,2707KB1tO6YYJq35qJk9l8AN946,0.0,0,18,1,
0,0.02702702702702703,22.81164526939392,2,557uKN2383p384ghLRsx8AW237,0.0,0,9,1,
0,0,7.028812646865845,0,1944pItIJgcM-r7jQqPj2HMs2313,0.0,0,3,1,
0,0,7.155258417129517,0,1985AHITudGoVRe60XPTH_s32229,1.0,1,3,1,
0,0.01923076923076923,48.4018452167511,5,2418I5yqyRb98QY4tLtXIn9_3621,1.0,1,18,1,
0,0.016949152542372885,24.68747878074646,2,24403xNlc7XEY3nh7XxknbP31918,1.0,1,9,1,
0,0,7.613215684890747,0,2693xNMD-j6qs0jX-U23Wf0I985,1.0,1,3,1,
0,0,14.268425226211548,1,27022m_6d9JgE_7EsYFGaMM8958,0.0,0,6,1,
0,0,15.400843143463135,1,1578v7s2xtga3UWShr9dGwp01295,1.0,1,6,1,
0,0,22.044770002365112,2,2196AkNG1_y8EyrFRQMGcbBm4107,1.0,1,9,1,
0,0.027397260273972605,6.731014728546143,0,982TPLydrP2xNnL4eYgSPrZ453,0.0,0,3,1,
0,0,6.852449417114258,0,2433ieX4QNZiiR5HKqVqo0kv3595,0.0,0,3,1,
0,0,6.725856304168701,0,2227o9jqTZWB_ogYuEBs_sii4028,1.0,1,3,1,
0,0,6.892205238342285,0,26269UMEj-lV4oQGbZ0tTTK82349,1.0,1,3,1,
0,0.05479452054794521,6.739684104919434,0,2725lLg7uHCwU2triDIo3B-h898,0.0,0,3,1,
0,0.03278688524590164,8.58577561378479,0,613XW7YAciAiMgfISN_tpEO77,1.0,1,3,1,
0,0,6.643204927444458,0,2069QCdzCbUZyNgMproHhJws1594,1.0,1,3,1,
0,0,7.1231019496917725,0,11638Nq_dIQoWFn79xtu-dd53263,1.0,1,3,1,
0,0,6.8008012771606445,0,912n1fA7q16KhBjbKDrE9DY2590,0.0,0,3,1,
0,0,6.722192287445068,0,15476Ulo5UDthwWLMYPAIvDH1373,1.0,1,3,1,
0,0,6.955859661102295,0,2990PpCl1FO8CeALdKK62kl93886,0.0,0,3,1,
0,0,6.644286394119263,0,562Shx8P6CL03azbpL7QEd3224,0.0,0,3,1,
0,0,6.767252683639526,0,1145CdbMPhBl1m3XpPiJVufo3316,1.0,1,3,1,
0,0,14.11856198310852,1,2700ouBGuI-BEf84sS7uN4t6963,0.0,0,6,1,
0,0,22.550690174102783,2,2211wsW8oNaSRcLGzwyfLWhi4066,0.0,0,9,1,
0,0.028169014084507043,7.108156681060791,0,12281NX5BUaKvLMrzAwIIu6k3071,1.0,1,3,1,
0,0,20.107168436050415,1,1373md66uV8NUYn6tLcFPoUa755,1.0,1,6,1,
0,0.028571428571428574,14.729276180267334,1,1025Ra_IZNvQuUI7Ec5aTeot341,1.0,1,6,1,
0,0,8.60244631767273,0,1742jdkwyvzoxAod7udXGbWH3576,1.0,1,3,1,
0,0,6.834552049636841,0,54482QW5OfFiQVIWiIpVI2E277,0.0,0,3,1,
0,0,7.193428039550781,0,1382_Yx0YcqIkER15lL0Mw_j730,0.0,0,3,1,
0,0.027397260273972608,6.8553643226623535,0,9100HQlpvSt_OwVnpYpqMFu2596,1.0,1,3,1,
0,0,6.965839147567749,0,1175kIOD5y8d7_nFY3yGAH-q3230,0.0,0,3,1,
0,0,6.931473016738892,0,2615nIRZaSedAQN4xOsUpgWf2369,0.0,0,3,1,
0,0,6.934657335281372,0,63954swC8JcouCYEJsZyw4b3036,1.0,1,3,1,
0,0,7.0287322998046875,0,892B8GiS_zkJfKANp04UQhD2649,0.0,0,3,1,
0,0.057971014492753624,6.930039882659912,0,2595p6qxVIXlogFl1fTrX8fj2404,1.0,1,3,1,
0,0,7.065112829208374,0,1435t5gBGAM2so8S89BXRimx590,0.0,0,3,1,
0,0,6.867255210876465,0,1963LYeJkFeQGNvt6xtitv6o2268,0.0,0,3,1,
0,0.05194805194805195,7.465388059616089,0,2716YlsdHqDkaN4VKLmk5cAm923,1.0,1,3,1,
0,0.027397260273972608,6.923080205917358,0,1031ZvlfbMyu93rSJ9xhYFCe323,1.0,1,3,1,
0,0.028571428571428574,7.028969764709473,0,11547MyYfAO2SJjFtK6lH5ci3289,0.0,0,3,1,
0,0,7.001394271850586,0,695M95U1ZWSZiatzYpCAxVB2886,1.0,1,3,1,
0,0,13.141715049743652,1,2351OjCB7Jc7RLtLp2D0LO6_3756,2.0,2,6,1,
0,0,6.949154615402222,0,1580Swc8yb1vcok9FztLAWLx1290,1.0,1,3,1,
0,0.02531645569620253,6.906365156173706,0,1983DSmGEvLUNx1_qYJNeZZv2235,1.0,1,3,1,
0,0,8.744501829147339,0,2113j9ajPk3B-jbp1vJIl71A1468,1.0,1,3,1,
0,0.0851063829787234,14.515556335449219,1,2463j88tc1ZRrsqGuky-lBg71866,1.0,1,6,1,
0,0,6.802309274673462,0,652LiD_APWuMXugNPF6gw3S2997,0.0,0,3,1,
0,0,13.655184745788574,1,1822rHcCQAy-f_rt_yufMqKb3383,1.0,1,6,1,
0,0,6.936652183532715,0,844wRITrjdtv1BhdX6qAgxD2767,0.0,0,3,1,
0,0,7.01582145690918,0,1345JzmbSlEwtFkj07wPh-DW836,0.0,0,3,1,
0,0,7.04637598991394,0,589hVu_utDk4vFRJ8mJGyL0141,1.0,1,3,1,
0,0,7.1311047077178955,0,2544HudU0nsQ8gvIycLuberP2498,0.0,0,3,1,
0,0,7.0452964305877686,0,1192qu70aQV6bzoD2MwG1aT83181,0.0,0,3,1,
0,0,6.933497190475464,0,1579OPjVMaCxctlZmUpiZzrp1292,1.0,1,3,1,
0,0,7.141748905181885,0,1779lcPuO1NFS50gJD6T-Zo73478,1.0,1,3,1,
0,0,6.9791083335876465,0,2062VZLt42f5YfL_F5YiZJ9_1614,0.0,0,3,1,
0,0,7.177670478820801,0,3004X8M9tRmpFDo7C4yTa_nC3854,0.0,0,3,1,
0,0.028985507246376812,6.954285144805908,0,2565CoSVkWMIiJBlke0DSSt82458,1.0,1,3,1,
0,0,7.099811315536499,0,2399Y49nXZDPa9G-815VEhlQ3649,1.0,1,3,1,
0,0,7.059784889221191,0,671tmMHr0OIhb3ulvq5ranP2949,0.0,0,3,1,
0,0,6.996249437332153,0,1417CvbtpTdNieUFK8V6Ekov637,1.0,1,3,1,
0,0,8.979276180267334,0,1398tbxE6rw4tRvgrp1PnRa7692,0.0,0,3,1,
0,0,6.950919151306152,0,894ARwgTOyFrfBbcEBpNyXo2644,1.0,1,3,1,
0,0,7.110375642776489,0,19562G4XhcAWDDltouKXoTDE2285,1.0,1,3,1,
0,0,7.012906551361084,0,1463FoB-_-oeUnsS3sDglbN52087,1.0,1,3,1,
0,0.028571428571428574,6.896874904632568,0,2455Z_NA0qrNdsEcFeJPnpVS1885,1.0,1,3,1,
0,0,7.053085803985596,0,1024EAnLzPugg_3Icp64grI8344,0.0,0,3,1,
0,0,7.006954908370972,0,25544Iwj6p8ZpT8Nege2BaSS2480,1.0,1,3,1,
0,0.028169014084507046,6.98574161529541,0,6378qDCOgKH25DqwcZO1mKf3,1.0,1,3,1,
0,0,7.0285115242004395,0,1580w-I93H4qmLDCZ7pKh9bk1288,0.0,0,3,1,
0,0,14.844193458557129,1,2994z92F6tuanrTZ7p_1PiGz3877,1.0,1,6,1,
0,0,6.881989479064941,0,683aqqwKP1KduPxIkVF7N9F2917,0.0,0,3,1,
0,0.029411764705882356,6.992160320281982,0,2564PEd_NYQVsw7TwigJZu1b2460,1.0,1,3,1,
0,0,6.8340373039245605,0,13946HYMoyH_5YN47EsUiywo705,1.0,1,3,1,
0,0,7.039214849472046,0,1960TyZYSsqghmtoz6azHmRc2276,0.0,0,3,1,
0,0,6.8943517208099365,0,689RfOgas4kQddfMQXny3cR2902,0.0,0,3,1,
0,0,6.967480182647705,0,874kqKcdnSqPr2kHFDtCs872688,1.0,1,3,1,
0,0,7.025115966796875,0,2125Vbp22wSh0VwBbUKAfI0y1435,0.0,0,3,1,
0,0,6.8774425983428955,0,101195_WiJNTm5lUVJPBEQsu380,0.0,0,3,1,
0,0,8.67996597290039,0,881sSYAcH--BN-pqbR9hFYL2670,1.0,1,3,1,
0,0,6.789102077484131,0,1210_s24nmmMlgNl60QCA3_m3126,0.0,0,3,1,
0,0,6.927380561828613,0,1772BxXxPMha90GNn-cr0CdA3493,1.0,1,3,1,
0,0,6.791473150253296,0,564nvWBMTyMNmhonDBcxkha217,0.0,0,3,1,
0,0,6.87377405166626,0,1626tcaoo5Rh3rYif96ePl8T1163,1.0,1,3,1,
0,0.028169014084507046,6.972009658813477,0,2227njumpoFaBCvHN5gK9Hmj4030,0.0,0,3,1,
0,0,6.867856740951538,0,2117usIbqKfvGfEciX6sxfMh1458,0.0,0,3,1,
0,0,7.026692152023315,0,574T3IVyhdGf2qyfbl0GBBS187,0.0,0,3,1,
0,0,6.846698999404907,0,983lsArLcvfSEq21Yv9hyIq451,0.0,0,3,1,
0,0,6.8866987228393555,0,1447-lsa5GMde2CPKwJUa0h52117,1.0,1,3,1,
0,0,6.999274730682373,0,2047k8-fX-AM7Tv4kEIBJCC81657,0.0,0,3,1,
0,0,6.853549957275391,0,2573Yesh6cIYKXGOxrwMiFam2449,1.0,1,3,1,
0,0,7.058408737182617,0,2344TQZdhbkqw-jvF5b_mO0e3768,1.0,1,3,1,
0,0,6.922562599182129,0,2644fKUBosjdYiAeduy2FQVF1120,0.0,0,3,1,
0,0,6.9659202098846436,0,2467fzJ6d5_K_QRe9CU--BXT1860,0.0,0,3,1,
0,0,6.878641366958618,0,977HIIAwnIqxPwgBrCLE7De468,1.0,1,3,1,
0,0,6.938302040100098,0,2995FYU3dbcdZ2Om_eXNrFz43874,1.0,1,3,1,
0,0,7.06485390663147,0,1438pakrvpuzI9RRVwHckRIx2137,1.0,1,3,1,
0,0,6.973047971725464,0,642cj_9TM2LY8uspNPdM55l3026,0.0,0,3,1,
0,0,8.706451416015625,0,2589xXJabxuTAbaSikLKRb-g2417,1.0,1,3,1,
0,0,6.855299234390259,0,2420ljk2de81UhSRuKQX3a_J3616,0.0,0,3,1,
0,0,6.844357013702393,0,215150kaVnc71Yqt1mSUj_mU4220,1.0,1,3,1,
0,0,6.998028993606567,0,1956vw_p35LNB6CkbnIkyRY-2284,1.0,1,3,1,
0,0.027027027027027032,6.880504846572876,0,2650L8Wg3JCMUv2NtSViky2F1105,1.0,1,3,1,
0,0,7.113205194473267,0,1786I5qlkjh5HPU7gv2S4fXA3460,1.0,1,3,1,
0,0,6.870204925537109,0,178729fWseJtFCuTr6qSCsEp3456,1.0,1,3,1,
0,0.02666666666666667,7.010554552078247,0,586KitV3SprRbS0Gf9jJzYW151,1.0,1,3,1,
0,0.028985507246376812,6.890965700149536,0,2428yXwf4M0pblVsR9721lQa3600,1.0,1,3,1,
0,0,6.95477032661438,0,1795SmUM72qvYEGcEDAoWbE73442,1.0,1,3,1,
0,0,7.108494758605957,0,15476Ulo5UDthwWLMYPAIvDH1372,0.0,0,3,1,
0,0.02777777777777778,15.137399911880493,1,938YP3H8bkzV6_3rYyEJr_w300,0.0,0,6,1,
0,0,6.961541652679443,0,3006iqQtMuDDJjWerBzm_Me73850,0.0,0,3,1,
0,0.05194805194805195,6.918759346008301,0,1631qwKfG1vTrv4q_GaRhDXj1153,0.0,0,3,1,
0,0,7.03516960144043,0,1770UjdM67frvAA3cqjwF3333494,1.0,1,3,1,
0,0,6.868642807006836,0,1761O3JjMUze6fafyiPISXbp3520,0.0,0,3,1,
0,0.05194805194805195,7.0752434730529785,0,2223FJEauLUlxzo8dn725XKK4040,1.0,1,3,1,
0,0,6.957335472106934,0,17770UIuay1RFuPABhV0c8OJ3482,1.0,1,3,1,
0,0,8.66931414604187,0,25261kHHM3xmrKGTFC2m-3jz1717,1.0,1,3,1,
0,0.05633802816901409,6.8668529987335205,0,2408ZcniF4-_aNVJzLlDje0y3633,1.0,1,3,1,
0,0,6.814172983169556,0,2187B0sWPT98eVpnAmdk_adu4127,1.0,1,3,1,
0,0.027027027027027032,6.94434928894043,0,2620OCzi6sRLt3mGvqENj2_f2358,0.0,0,3,1,
0,0,13.639649629592896,1,14184ScD3kP338oXI7mRSkqg634,0.0,0,6,1,
0,0,6.980962753295898,0,545m8hikbi_76zd990QYmmK275,0.0,0,3,1,
0,0,7.011268377304077,0,17502DSDScCdCbid-xPukm5G3554,0.0,0,3,1,
0,0.027397260273972608,7.226263523101807,0,1380eJea603GtPQMYCinujki736,0.0,0,3,1,
0,0,7.007060766220093,0,2176_V6iXioszwPbfdPjMwxq4154,1.0,1,3,1,
0,0.028571428571428574,7.184553384780884,0,2521zNHb6afBjfIeBZ-paiLV1732,1.0,1,3,1,
0,0,7.105690956115723,0,2172mjXN9cse5myRvOdHKPXb4165,0.0,0,3,1,
0,0,7.183820724487305,0,714aKiFAE7PyMxPGjvvXxuT2843,0.0,0,3,1,
0,0,12.691004514694214,1,2059qn2LY5Rgkc_lCxZvqig_1623,0.0,0,6,1,
0,0,7.2393388748168945,0,585CaB0jXHyJe3pUKSAX9bo155,0.0,0,3,1,
0,0.028571428571428574,7.293890714645386,0,2520AJw6yorsA0GUmWlSBDMa1735,0.0,0,3,1,
0,0,7.245316505432129,0,2968uPxSrxVpmS14fG-ZA4Ao3939,1.0,1,3,1,
0,0,7.126916408538818,0,2229yWQdKMBVLO9a2dROyNJM4023,1.0,1,3,1,
0,0,9.099918842315674,0,2731RLyhdlj0BcmAmC4xntvl881,1.0,1,3,1,
0,0,6.967388868331909,0,2608ntJl4AFAduDIt0AYknjI2371,0.0,0,3,1,
0,0.07407407407407407,6.97422194480896,0,2067_XJIXN5KQHYCN7DkmQwO1600,1.0,1,3,1,
0,0,7.095644235610962,0,1533QCzr5BjBIkY0Ic8bG-GH1937,1.0,1,3,1,
0,0,6.939515590667725,0,2110Ltc2qd2K0ntqhOxVLf_A1477,1.0,1,3,1,
0,0,7.165565490722656,0,2441iHjaCHbBrRtNVI1F4dLI1917,1.0,1,3,1,
0,0,6.979161977767944,0,2466lC31cH6baEqjSIz-P2Z51863,1.0,1,3,1,
0,0.028169014084507043,7.000322341918945,0,1601x8Z8HcPY9jNpZ_sO3-QS1232,0.0,0,3,1,
0,0,7.016982078552246,0,2478p3DH7qkwbYJIQjszTbcE1828,1.0,1,3,1,
0,0,7.042599678039551,0,2389R07UIy-md3maCacU-Hv63671,1.0,1,3,1,
0,0,7.204542398452759,0,682I2vidJcfbbqgpGrTK1XG2921,1.0,1,3,1,
0,0.028169014084507043,7.070343017578125,0,2643UpH1vcnmDtWFzogLQYIY1123,0.0,0,3,1,
0,0,7.081310272216797,0,883NFsTbNvaXPN7nA5vibGt2664,1.0,1,3,1,
0,0,7.189282417297363,0,2030yIcovw6j8LoFsbnLcn8Q2153,0.0,0,3,1,
0,0,7.065597772598267,0,898Q-3kYtPG_vXcdvoFxJxW2631,1.0,1,3,1,
0,0.05405405405405406,7.134754419326782,0,1024b_zBEsoqAnEtMtzSj7XD342,1.0,1,3,1,
0,0,7.0452399253845215,0,2950j5cEVzFR9tlrOy98K8cj3982,1.0,1,3,1,
,,,,2474aB357FAulw_H4WRn_Ime1842,,,,,Ollama request exceeded timeout limit for model stable-qwen with error: timed out
0,0,8.776138305664062,0,2221KJ9_NrlgdFscJr8G23sK4043,0.0,0,3,1,
0,0,7.03171968460083,0,15387Blg_wJjcZbkwAdg3ihT1400,1.0,1,3,1,
0,0,7.122019529342651,0,931vejmr38S6tswRYCaqosz2538,1.0,1,3,1,
0,0,7.224072456359863,0,2688HW0oYt08dER6A8d66xBp998,1.0,1,3,1,
0,0,7.124540090560913,0,23386xE0NbvZWVPZakM8re8C3783,1.0,1,3,1,
0,0,7.1501524448394775,0,2131ThABbwh5RS-HlVdmLPDZ1418,0.0,0,3,1,
0,0,7.052272796630859,0,970ykwG5UACigqQF0ueujZT489,0.0,0,3,1,
0,0,7.150105953216553,0,2011Y6hmmr1d2jBM4AO7b6VL2190,0.0,0,3,1,
0,0,13.337443590164185,1,176272iLN20O-jOavSbCNQan3517,2.0,2,6,1,
0,0,7.074800252914429,0,935UD7iycK3BrOizCyeWBg22526,1.0,1,3,1,
0,0.028571428571428574,7.195917129516602,0,1366z_TtwYTXRVHrRgzO6hv7772,1.0,1,3,1,
0,0,7.100892543792725,0,705nABbOAzpYWFGNrPSDwL22868,0.0,0,3,1,
0,0,7.031861305236816,0,1037LvCdYeAKroXxUJeycQww304,0.0,0,3,1,
0,0,7.247407913208008,0,2644fKUBosjdYiAeduy2FQVF1121,0.0,0,3,1,
0,0.02898550724637681,7.108556270599365,0,2073z-IROD_SxTTIHVa0x2-Q1583,0.0,0,3,1,
0,0,7.1722495555877686,0,2193Xc8QMOrUJWgYE6YwVXyI4116,0.0,0,3,1,
0,0,7.088875770568848,0,1455F83kQULcWfbQs3NcBq_w2104,1.0,1,3,1,
0,0,6.860481262207031,0,842ErNGDuqVhjG7ZUyiwsjd2772,1.0,1,3,1,
0,0.028985507246376812,8.678977727890015,0,1785Yd2T_X6Og_obivSYFDDm3463,0.0,0,3,1,
0,0,6.957226991653442,0,2176_V6iXioszwPbfdPjMwxq4153,1.0,1,3,1,
0,0,7.085145711898804,0,1994OHXyl5b_H0ye904RAGwf2215,1.0,1,3,1,
0,0.02702702702702703,6.9524085521698,0,2369_xfvbok_zAL_Rv81FtdX3712,1.0,1,3,1,
0,0,7.105117321014404,0,2052RvSs680PHPtZuennk4-w1643,1.0,1,3,1,
0,0.05333333333333334,18.25521731376648,2,2051Kxj17zphNy4PvJVu6Lkg1647,2.0,2,9,1,
0,0,6.848009347915649,0,3038eqq4CM3lWy40y14f8S143785,0.0,0,3,1,
0,0,7.009294033050537,0,1763xIpOj62D71kP707OrPOL3516,1.0,1,3,1,
0,0,14.546967506408691,1,584OsnQDPEfdT3D-biv4Yg2158,0.0,0,6,1,
0,0.05555555555555556,6.990324020385742,0,21208xkL7JG9a1slm1tkqySv1448,0.0,0,3,1,
0,0.02702702702702703,6.934963226318359,0,2551pxDvmDEe_JDrvTqX24D22488,1.0,1,3,1,
0,0.0779220779220779,7.0158069133758545,0,1600ywzg9ULBGI5IAxrJ6foM1236,1.0,1,3,1,
0,0.056338028169014086,6.883202791213989,0,596Q82NOv6jfyrM6AZU0rOO120,1.0,1,3,1,
0,0,7.100475072860718,0,2548jWUEsutIJk1cbqN2tPM12495,0.0,0,3,1,
,,,,1425958Af5TnMLwD04387,,,,,"Skipped: answer is not string, got float"
0,0.05333333333333334,6.879970073699951,0,2395gaoIJm8RJNk2Sl5xvuDq3658,1.0,1,3,1,
0,0,6.951128721237183,0,20199YPeHSgfEFESo0NsKNKZ2176,1.0,1,3,1,
0,0,8.70096230506897,0,1785-_093vWZJxwqV0Mwx6bG3462,1.0,1,3,1,
0,0.024999999999999998,6.845526456832886,0,1169Pw8TMA7C0o4DfohkFyls3245,0.0,0,3,1,
0,0.05194805194805195,6.960714101791382,0,886LRP2H2vQHems49GkFtqW2659,0.0,0,3,1,
0,0,6.796993017196655,0,1369djsyqLYuxpeSrFzUMmCE765,0.0,0,3,1,
0,0,23.586847066879272,2,2206I8Vkp53Zdu1cUBnnuvdS4081,0.0,0,9,1,
0,0,7.033276796340942,0,1166mDE1LWP75imlcmsDPZ4x3256,0.0,0,3,1,
0,0.02702702702702703,7.6733458042144775,0,2439Q3dwt5i21LkosQln5aU01922,1.0,1,3,1,
0,0,7.067099571228027,0,1549OXzotDTvVSxA1XYg3Qdn1368,1.0,1,3,1,
,,,,1461ZfZbXtvbUZA2_jR_fhkR2090,,,,,Ollama request exceeded timeout limit for model stable-qwen with error: timed out
0,0.052631578947368425,6.892161130905151,0,2999g-R1b7cOXrVxRNQJEeu63865,1.0,1,3,1,
0,0,7.536938667297363,0,2962KhT-P_YhV9i-0r4AXnNV3953,1.0,1,3,1,
0,0,6.926148414611816,0,2493Wl0nyJ_0srCt24KRwauj1800,0.0,0,3,1,
0,0,7.040477991104126,0,2102z4y9nEpbATY8I78HaePk1502,0.0,0,3,1,
0,0,6.944121599197388,0,1556RL1OU4mcoPPe2rTqDdxN1349,0.0,0,3,1,
0,0,6.905328989028931,0,1740bfOMnm2FzOi__s2X3YUd3584,0.0,0,3,1,
0,0,7.075312376022339,0,2507uSi5SuFnCHRYJSdsCOTN1766,1.0,1,3,1,
0,0,6.947814702987671,0,1825MtNCYtNGCoORkHQFRAhq3374,1.0,1,3,1,
0,0,8.720162391662598,0,1517RRHHjHDzsegVV1oTrpCQ1978,1.0,1,3,1,
0,0,6.8835694789886475,0,1830MpIhGxEOYndLD4ltPTIl3360,0.0,0,3,1,
0,0,6.995910167694092,0,1032DagEj13ZJnkBdXH3dlsw319,0.0,0,3,1,
,,,,913vnJ7FuCx73C-Vyaofcns2586,,,,,Ollama request exceeded timeout limit for model stable-qwen with error: timed out
0,0.02531645569620253,6.9581458568573,0,21895ri-SgzvCYbZU84umbJD4124,1.0,1,3,1,
0,0,7.056243658065796,0,20711Hl0tPbCWQ2GM-nT-TSe1587,0.0,0,3,1,
0,0,6.93468165397644,0,1003mJcD4m-odKlTcjmfnWpG402,1.0,1,3,1,
0,0.025974025974025972,7.30959677696228,0,2228Ft7w8DJ9Q6WqnZI87gg34025,1.0,1,3,1,
0,0,6.91887354850769,0,699mwyBz83siw0vstjV-vDu2880,1.0,1,3,1,
0,0.028169014084507043,6.907262086868286,0,20641EP682eRhx2QWgjzDM9I1609,1.0,1,3,1,
0,0,7.103997468948364,0,2018nWjHAk4XaPTFuNjnMEQn2178,1.0,1,3,1,
0,0,6.905303478240967,0,662FSjJPutAhsBA5hh--LCF2971,1.0,1,3,1,
0,0,7.0429840087890625,0,622nOqPRd2vnPs-z_NW5VoY48,1.0,1,3,1,
0,0.024691358024691357,6.989871263504028,0,2719wUxhpIiVwxBLr4itkaGv912,1.0,1,3,1,
0,0,6.990813493728638,0,703rIf-aXXra-sCqmgKHUxK2873,1.0,1,3,1,
0,0,6.9338977336883545,0,17877jymQtwntyWZpIqtv6ZT3458,0.0,0,3,1,
0,0,6.9396796226501465,0,2449Gc-t93zVR6Bjza9-brVc1898,1.0,1,3,1,
0,0.027397260273972605,7.043150424957275,0,2721w4sXZ7mV6j4Zl36hHUHd910,0.0,0,3,1,
0,0,6.917160987854004,0,602HXVJQ-EmvT3_fAAZT-iH102,0.0,0,3,1,
0,0,8.832138776779175,0,2986JvbXNLo81zp2QsLN9R-o3896,1.0,1,3,1,
0,0,6.860575437545776,0,2651W9hIkNcmdRVAlG6zUyLS1103,0.0,0,3,1,
0,0,6.878387689590454,0,949_fWOuLXk2h3DJ9NWsIjn552,1.0,1,3,1,
0,0,6.970092058181763,0,2232EHYoqgOShRapE72ALRJ44015,0.0,0,3,1,
0,0,6.913652181625366,0,1410DLyemZEmSq5UCIdY2yjC657,1.0,1,3,1,
0,0.028571428571428574,7.023673057556152,0,2422G-GiBC-3LUz-jnAzT2Mq3609,0.0,0,3,1,
0,0,6.9654786586761475,0,2958PFJS1dK5nJyCBmSCZBqp3963,1.0,1,3,1,
0,0,6.99289870262146,0,717GIQkXVVB0r9TgF9XjTKs2833,0.0,0,3,1,
0,0,6.917529821395874,0,1633DdbmGFX3Fap5yGmYewEs1149,1.0,1,3,1,
0,0,6.894860744476318,0,843zyenQsDbdyEDKorOOEer2769,1.0,1,3,1,
0,0,7.034557819366455,0,542XLmdPu_Re7m8EKEBlNHO283,0.0,0,3,1,
0,0,6.870984077453613,0,29802gx0lFYy6rgIUS6ZhDD83909,0.0,0,3,1,
0,0.02777777777777778,7.087867021560669,0,2107a4gQhq9F4QB4GLnMXPaW1487,1.0,1,3,1,
0,0,6.964612007141113,0,1374yoc9nWJdr9ATgDMv2vDw752,1.0,1,3,1,
0,0.02777777777777778,6.968984365463257,0,2396H9jCvuDLczQcUQlEZGud3657,0.0,0,3,1,
0,0,7.023382663726807,0,26748vEm6_JIFNnvzYBeYPv81040,0.0,0,3,1,
0,0,6.886348724365234,0,3017iTDKpmlMaBIVXHiLiYZ73822,1.0,1,3,1,
0,0.025641025641025644,7.070850849151611,0,2710l98nPxuBNtPvCvgG3ZAV938,1.0,1,3,1,
0,0,7.000385522842407,0,940fL86HY7bK7-T5kU7TrIZ581,0.0,0,3,1,
0,0,8.706352949142456,0,926_pz3jhhCLKnSf1RRHRGd2547,1.0,1,3,1,
0,0.028169014084507043,6.8739173412323,0,1492M31dOPpyF5MFUXJiJfx52030,1.0,1,3,1,
0,0,6.953284502029419,0,1560RmR7yEVWFqhgUfFWyb3J1336,0.0,0,3,1,
0,0,6.928837299346924,0,1808OvbxP0FbCDbzWY3jMW_e3416,1.0,1,3,1,
0,0.07228915662650603,6.877326726913452,0,2711wNn5GeHqOfTsTyQ56zpG937,1.0,1,3,1,
0,0,7.026688814163208,0,5753KHX9NUZ-uCbV_zi_V4J183,1.0,1,3,1,
0,0.05333333333333334,6.901331901550293,0,2722B2Q7xCqKAJysuUWecphg908,1.0,1,3,1,
0,0,6.8965253829956055,0,2074kJ6tj7m3dUealDR0iSOG1579,1.0,1,3,1,
,,,,9012HUd6aulh_Yu4SRtV4Ju2622,,,,,Ollama request exceeded timeout limit for model stable-qwen with error: timed out
0,0,19.5288348197937,1,2730mL2oE6m4D8Od_UQ6wMXf883,0.0,0,6,1,
0,0,6.975099563598633,0,1453eTocKdHUvXr67uYm59TP2106,1.0,1,3,1,
0,0,7.482273817062378,0,641M4LSzcBNf0p8MuWs4Li43030,0.0,0,3,1,
0,0,7.184518337249756,0,937wMFiXffRIE3NG_K_PJuV2519,0.0,0,3,1,
0,0.028571428571428574,6.900889873504639,0,556fLKlHwoGAKGwwcRMBDwh240,0.0,0,3,1,
0,0,7.076116323471069,0,2640x6nNIaOGwyi0gBPzvykU1131,0.0,0,3,1,
0,0,6.974956274032593,0,1812VV7iwFJbaygIgu6vzb9F3406,1.0,1,3,1,
0,0,7.057891368865967,0,2560nGtG9OY7-88aqDalhuYv2470,1.0,1,3,1,
0,0.024096385542168672,18.076921224594116,1,1594lISY-Dfis872k6M3Utdc1251,1.0,1,6,1,
0,0,6.8089470863342285,0,2115o-NOQilKM9cMoL7EeDR01462,0.0,0,3,1,
0,0,6.843360424041748,0,1502t95YZwb3DBEc50kzbs112018,1.0,1,3,1,
0,0,7.228614091873169,0,643hOw7cSZHnFDg9xSl_9rX3025,1.0,1,3,1,
0,0.023809523809523808,6.9109110832214355,0,2707gSiUHQVzCZqq8wFY2gvz944,1.0,1,3,1,
0,0,15.116342067718506,1,2114PF_Hzr-w95B50r8JycTn1466,0.0,0,6,1,
0,0,6.884318828582764,0,1387YoNwFgU_hCV3WDkM6HFk720,1.0,1,3,1,
0,0,7.047234535217285,0,25567DWWtABHgq600h7hP6972477,1.0,1,3,1,
0,0.027027027027027032,7.003103256225586,0,2438_EbtTSQc5lsCpGlzo17M1926,0.0,0,3,1,
0,0,7.062206983566284,0,625s5iuUhzcOucr1cjzlQTe39,0.0,0,3,1,
0,0,14.562457084655762,1,2150mk9STtYfvVPdRfNOdnih4223,0.0,0,6,1,
0,0,7.113442420959473,0,606ydc6r27eppB2SC3CIOZ594,1.0,1,3,1,
0,0,6.957507848739624,0,2703tHS1apl2j5UgPSEuvXw2955,0.0,0,3,1,
0,0,7.020174503326416,0,30239qJxzKpT4gziPvpN4Rqd3811,0.0,0,3,1,
0,0,6.874486923217773,0,2472J9OcrMuEU-NMunTzS_UI1846,0.0,0,3,1,
0,0,7.056511878967285,0,1527UKGoQiYuIWZfUOoYgAYF1954,1.0,1,3,1,
0,0,8.6143479347229,0,1950b8OIQ8bzZrEdme_QFejW2297,0.0,0,3,1,
0,0,6.833191156387329,0,1439FueGAYIvwKpcGr1leJJu2135,1.0,1,3,1,
0,0,6.9715964794158936,0,3014pcTrhA69GQHkNXpHvhmZ3831,1.0,1,3,1,
0,0,6.804977178573608,0,2958RqWdfJdoUOuFb0joLgV93964,1.0,1,3,1,
0,0,7.044142961502075,0,239409bAojLcBv-vX19Ipsyy3660,1.0,1,3,1,
0,0,6.948374271392822,0,1627Ewd39gIbO48nfIpKd3jZ1160,1.0,1,3,1,
0,0,6.911161661148071,0,692dt6AYZva7v7XYgvIDEbY2893,0.0,0,3,1,
0,0,7.149697542190552,0,608IiEQrTFEeXGLAfAOvOOp88,0.0,0,3,1,
0,0,6.9230687618255615,0,1162WEg_WPImiRPmAPvN_wnE3045,1.0,1,3,1,
0,0,7.05349063873291,0,899il7HMq79D4iA4PWEiSgJ2629,0.0,0,3,1,
0,0,14.147508144378662,1,864AJ9w8gUeeT5ui2mjV-482708,1.0,1,6,1,
0,0,6.9370436668396,0,1177mo9QxepXvRmIEbov-3wB3226,0.0,0,3,1,
0,0.05063291139240506,6.914749383926392,0,2734MmqzZtp-AZWpm2ZfsFhO871,1.0,1,3,1,
0,0,7.026500701904297,0,2410IRpfau2-Ltn2-LoMkPNf3631,1.0,1,3,1,
0,0.028169014084507046,6.897951126098633,0,1217VUulWWjfmhhB_SRnAH2c3106,0.0,0,3,1,
0,0,7.029835939407349,0,1618DNm6lX3wftxfj2fnuyVr1185,1.0,1,3,1,
0,0,7.623880386352539,0,2579V8DiOeUpZ5xJHz_B22Nw2436,1.0,1,3,1,
0,0,6.970326900482178,0,1760mDs0p3IiDjSQHOt_UjsF3524,0.0,0,3,1,
0,0,8.739999055862427,0,2507s9ZR3iJP0z5Z6_djlvFa1765,1.0,1,3,1,
0,0,6.859704256057739,0,927fFROY82WGNQwzbZYqAZl2545,1.0,1,3,1,
0,0,6.937731981277466,0,27105B4kNatJgs2HMEX3Qbc-940,1.0,1,3,1,
0,0.028169014084507046,6.819609880447388,0,2078dQ_JXY4ymZQeFE0Q6gMo1566,0.0,0,3,1,
0,0,7.019632577896118,0,2134c3GwJ25P4vGSVnWFZ8d31408,1.0,1,3,1,
0,0,6.906040191650391,0,901d0BwILQTPPl4oiAkiW0N2621,1.0,1,3,1,
0,0,6.85599422454834,0,1032DagEj13ZJnkBdXH3dlsw320,0.0,0,3,1,
0,0,15.28663158416748,1,567dxrWSjH-3GSoMgKPevyt207,0.0,0,6,1,
0,0,7.03139591217041,0,1987kuJ62sHMo5LRL0V1zWv52223,1.0,1,3,1,
0,0,18.25260901451111,1,590XWeIE_Ub3P9D0x7jiKmg139,0.0,0,6,1,
0,0,7.1042091846466064,0,1419bJn9E_UUgrwZGzmllbaR629,1.0,1,3,1,
0,0.028571428571428574,6.943713665008545,0,8478WHZms7MdB1ce7kHygtH2757,0.0,0,3,1,
0,0,7.011520624160767,0,15075jeWJyHrflW280qJuH1b2008,1.0,1,3,1,
0,0,6.9298179149627686,0,1361J6GUEFw0eUjZYJ4tiHvB788,0.0,0,3,1,
0,0,7.277862310409546,0,1962Nznt7PwFe6mdz6hcXnVa2271,1.0,1,3,1,
0,0.028571428571428574,6.921240329742432,0,2939FAcUTmMYAGquuzkjAN1d3997,1.0,1,3,1,
0,0,6.933882713317871,0,2147SEz1hmjhUpcGuddz5WUk4230,0.0,0,3,1,
0,0,8.737444400787354,0,2968uPxSrxVpmS14fG-ZA4Ao3938,1.0,1,3,1,
0,0,6.829559803009033,0,1945_7jADD_G_gdbFReCrUtY2310,0.0,0,3,1,
0,0.054794520547945216,7.005268096923828,0,1382vpjR9ETfO4vE8tz6BI31731,0.0,0,3,1,
0,0,6.888945579528809,0,1604z6EFDlKj1Ika8RT3XTEm1228,0.0,0,3,1,
0,0.027027027027027032,6.928498029708862,0,1592ZON_5a2-NF9DppBASPuf1255,1.0,1,3,1,
,,,,2987jq09CSEi-lBZSSYtX9tj3893,,,,,Ollama request exceeded timeout limit for model stable-qwen with error: timed out
0,0,7.022429466247559,0,942M7M9hNpAspJcsRQKTuJQ573,1.0,1,3,1,
0,0,7.035277366638184,0,2718CJJlT43vSkiBp7_LGjcB917,0.0,0,3,1,
0,0,6.8985595703125,0,25813tM3oQb5_kWZVY_CdOzs2431,1.0,1,3,1,
0,0,7.482168674468994,0,679vpo5VTNOuK7oFLdslg8e2929,1.0,1,3,1,
0,0,13.897627115249634,1,616OWtj6d8Wd_SHB_8cDpHD67,0.0,0,6,1,
0,0,7.13277268409729,0,1751kG4ZgRcpVW2reI1_s3123550,1.0,1,3,1,
0,0.05333333333333334,7.022034645080566,0,24434z3j5gm_bj0nuQ8LfJIw1910,1.0,1,3,1,
0,0,7.093391180038452,0,25959RxG-G9wyRUK62zPUPq52402,0.0,0,3,1,
0,0,7.003453254699707,0,2120iYmdxQBWrRTb5lLxyQx11447,0.0,0,3,1,
0,0,6.863521575927734,0,2673FDf451ZmX7vXALugyB1a1044,1.0,1,3,1,
0,0,7.038146257400513,0,1196pKofKEiQ1ZBZSetE64_G3169,1.0,1,3,1,
0,0,6.936233043670654,0,2093euyG67o3cVGqrsSPrCbI1525,0.0,0,3,1,
0,0,8.760791778564453,0,1022odDZeLWqHwQdk0LQ3Ji5348,1.0,1,3,1,
0,0,6.860705852508545,0,1804uzeMzyojontOD0RrTKB-3427,1.0,1,3,1,
0,0.028169014084507043,7.064070463180542,0,1182HI-17dsw8VRu8AKL-nGo3209,1.0,1,3,1,
0,0,6.914133071899414,0,2117usIbqKfvGfEciX6sxfMh1457,1.0,1,3,1,
0,0,6.962982416152954,0,2950gZ4P4mJPFr8zvaCPmgqF3983,1.0,1,3,1,
0,0.02666666666666667,7.038363456726074,0,2233Y-YKfqTQmrCwlcADWe1n4010,0.0,0,3,1,
0,0,6.935922622680664,0,25182PdyMWkPXSFPNo4-wt5J1741,1.0,1,3,1,
0,0,7.0790746212005615,0,7102gW4oVzoXhOyiAji75BJ2854,0.0,0,3,1,
0,0,7.272085189819336,0,838RE46J5MX4D49kRweDkzw2516,1.0,1,3,1,
0,0,6.8772876262664795,0,1636U9fgDPC8e9WhnQASL0AZ1142,0.0,0,3,1,
0,0,7.075050354003906,0,2966QzGzVpOocUqZIf0qxqAI3942,0.0,0,3,1,
,,,,24469YIw5bTHJgIQYHoHuYLz1905,,,,,Ollama request exceeded timeout limit for model stable-qwen with error: timed out
0,0.028571428571428574,7.073927640914917,0,1780LA22drSP8A8UyH6kh_Zg3475,1.0,1,3,1,
0,0,6.94501256942749,0,838BwSb1yX6r8PmHfFQ_-Dk2517,1.0,1,3,1,
0,0,7.098412036895752,0,910WJniQOWQeZ-7hez_wycY2594,0.0,0,3,1,
0,0,6.941447734832764,0,2132yLDutcv3-EyuSrPEe_qP1414,1.0,1,3,1,
0,0,6.948884725570679,0,1834IF4cgFJT0qrx6LbC8_z03347,1.0,1,3,1,
0,0,7.10292649269104,0,10225FLoQxnwSkdi_B5KomYG349,1.0,1,3,1,
0,0,6.991400957107544,0,1515gM9MF9FMUE__r5E1YQRi1983,0.0,0,3,1,
0,0,8.76556658744812,0,2130hnFIfjAqoSjF4izSr4Sg1420,0.0,0,3,1,
0,0,6.865743637084961,0,2495cQqgzzooS13bDr8Ph6Gf1796,0.0,0,3,1,
0,0,6.886793851852417,0,722Zb3Sw31D8-m69waDslkm2822,0.0,0,3,1,
0,0,7.006308555603027,0,731-qietcbXc2nDy-pU2z8A2796,0.0,0,3,1,
,,,,2357bg7FTfVebD7QxLK_W3qG3738,,,,,Ollama request exceeded timeout limit for model stable-qwen with error: timed out
0,0,14.775928497314453,1,2358jqFEmp4cxrm3AWKZILMj3737,1.0,1,6,1,
0,0,14.804828405380249,1,2704SYrBfH1tUHa-vFcWOrAs952,0.0,0,6,1,
0,0,7.111456394195557,0,635Jf_-DqbwtcPrT7rU-Jws10,1.0,1,3,1,
0,0,6.993602514266968,0,2736DC0e2KjXgGVcPZ2WLIxz866,0.0,0,3,1,
0,0,6.946394205093384,0,1540m7KtQ8W37yFZzUzVcX5F1393,0.0,0,3,1,
0,0,7.100395202636719,0,1025ZadbOp7BrFP2karwsuNA339,0.0,0,3,1,
0,0,31.59207057952881,3,610cgbbYUhEHZ0pSu_hj0IX83,1.0,1,12,1,
0,0,40.975940465927124,4,2133l3pjWfCkZZOCX5jvmzSB1412,1.0,1,15,1,
0,0,15.07412838935852,1,708039C_1LOgHzr9Hb6yAEm2860,0.0,0,6,1,
0,0.025974025974025976,7.29408073425293,0,898Q-3kYtPG_vXcdvoFxJxW2632,1.0,1,3,1,
0,0,7.150745630264282,0,2076slcCeUs4SSiwZVjyC4u81573,0.0,0,3,1,
0,0.07058823529411766,7.241013288497925,0,2992gMiCk1Qhs-vDl8gSC9lR3880,1.0,1,3,1,
0,0,7.1245341300964355,0,571i8l4_77Uat7tpf7uzj1X195,1.0,1,3,1,
0,0,7.2490763664245605,0,1575ppfrAxMc-4L7Tua7RW2i1304,1.0,1,3,1,
0,0.025641025641025644,7.098055601119995,0,540gS6PWvy11E_WySWDzeHa288,0.0,0,3,1,
0,0.04938271604938272,7.154280424118042,0,877wqSp0Rkg0hf-ytTtfQ252682,1.0,1,3,1,
0,0,7.283765077590942,0,11609Jmtcj6mL4_qZoKMrsvu3270,1.0,1,3,1,
0,0,7.230293035507202,0,1502t95YZwb3DBEc50kzbs112019,0.0,0,3,1,
0,0,7.27985405921936,0,25923M2ou7gOwnwBwtqHq_Ei2411,0.0,0,3,1,
0,0.025316455696202535,7.3593831062316895,0,210122hc2gtQAt4eeAx88Upu1503,1.0,1,3,1,
0,0.025641025641025644,8.996376037597656,0,875rKE1xYgnsy1BcrIiDIQI2686,1.0,1,3,1,
0,0,7.286583423614502,0,15234HN9qI_Z1BT9PU4i4eXx1965,1.0,1,3,1,
0,0,7.116708755493164,0,896q9fkwlNTB-uLIhW50gpL2638,1.0,1,3,1,
0,0,7.242949962615967,0,628oWPCunaZPZ7dsBtbV11P30,1.0,1,3,1,
0,0,7.229949951171875,0,1998tYHxV4GeHjIVsXiSo8Hr2211,1.0,1,3,1,
0,0,36.599331855773926,4,2692_fbTsXXpwP0opcAgOaVe986,1.0,1,15,1,
0,0,15.128929138183594,1,1426bEr-N4c6lQoKgO9HYKbw611,1.0,1,6,1,
0,0,6.986036539077759,0,642t90xpp6PDsZFZ-bpxEez3028,0.0,0,3,1,
0,0.024390243902439025,72.35056400299072,1,2395o2IF67yRoSD5xGlszZGz3659,1.0,1,6,1,
0,0,7.3393330574035645,0,2375wXJbyJnkzdso878KLwWJ3699,0.0,0,3,1,
0,0,7.1360862255096436,0,2037xYCP17QpdbpzHpni7UrG2140,0.0,0,3,1,
0,0,7.278986930847168,0,1362BPgQJxJaOhV-CP2tGeBk786,1.0,1,3,1,
0,0,8.855256080627441,0,2045T8nQX2uFT71OR7C-6Sjj1661,1.0,1,3,1,
0,0,7.049393892288208,0,538gLSK6-g0JoLk6sK3uauP2,1.0,1,3,1,
0,0,47.47098922729492,5,2427_8TqCgsX9NP5483T0_Hi3601,1.0,1,18,1,
0,0,47.46529531478882,5,1630NLRyBDonlo1Mtz-Tmltq1157,1.0,1,18,1,
,,,,619ettAV35JO9WyPjBmVuTZ57,,,,,Ollama request exceeded timeout limit for model stable-qwen with error: timed out
0,0,46.12270426750183,5,601rUHFULW3zIx3841qHZyq107,1.0,1,18,1,
0,0,46.17985510826111,5,1350m8tnshnQY1-SX1xaVUVD822,0.0,0,18,1,
0,0,21.890119314193726,2,1419tOWt7I089hJ4HUoPR6EI630,0.0,0,9,1,
0,0,47.977118492126465,5,2096OjLZieUfMFEgNMVotx4Z1517,1.0,1,18,1,
0,0,46.50322604179382,5,2483xn8QuuA6OqhzaYPTxh7I1820,1.0,1,18,1,
0,0,13.31963849067688,1,9414p2IRYym1X7K4lS0j_Q5578,0.0,0,6,1,
0,0,7.297558546066284,0,981M9FKIWHSyh9UYiLsHR3E456,0.0,0,3,1,
0,0,7.696061611175537,0,2578Ix0kGXjoeJXUfAshA75j2438,0.0,0,3,1,
0,0,14.300619125366211,1,1967cSyL4AQ5Xz3yJ6hC4cWu2259,1.0,1,6,1,
0,0.02469135802469136,7.219542503356934,0,895GTgHWgOsJfWGzfuk0cBw2641,0.0,0,3,1,
0,0,6.970594167709351,0,21282Cr-35xm2wBqUSJkqXMj1426,0.0,0,3,1,
0,0,7.120141267776489,0,1781v4O_2XdfE6Nu9HHNiBxe3470,1.0,1,3,1,
0,0,16.736320734024048,1,2455Z_NA0qrNdsEcFeJPnpVS1886,1.0,1,6,1,
0,0.04395604395604395,7.054666757583618,0,1975vLuOp8gEBc7-d27D_PJt2244,0.0,0,3,1,
0,0,7.160778999328613,0,1020shbJqszE6Dwd0s9ufDFH354,0.0,0,3,1,
0,0.021978021978021976,7.076215744018555,0,15611Xd1lIWLRyaQ6bXEMZ0W1333,1.0,1,3,1,
0,0,46.11326193809509,5,2124hG4KLqALJOOHr-3PHVOG1436,1.0,1,18,1,
0,0.04123711340206186,45.74822378158569,5,1826l7UVGsNPZHXbgRIPoIUx3372,1.0,1,18,1,
0,0,22.221044540405273,2,695h31kCvASR0Z5l5aivqQt2887,0.0,0,9,1,
0,0,8.877578973770142,0,2442Qnq15H_ylz9SkgCBZcsE1914,0.0,0,3,1,
0,0.047058823529411764,6.951371192932129,0,667rAHXuSUPsljQVxvIq2TT2957,1.0,1,3,1,
0,0.022727272727272728,7.025095701217651,0,25604fSMJJe0iDDONhUpmjzE2469,1.0,1,3,1,
0,0,7.158902645111084,0,2565Fka6oc0BTYJ567R8eShz2459,0.0,0,3,1,
0,0,7.0738911628723145,0,2670Y-kuxlKLxN5SPIlGPfw91052,0.0,0,3,1,
0,0,7.299314260482788,0,2102F8JjzM2uHi5C1tuhbTZe1501,1.0,1,3,1,
0,0,7.046030521392822,0,90097rrJhPCLDwMjGcQ2QA22626,1.0,1,3,1,
0,0,7.2118730545043945,0,2722im-NxxsEP4XILd22CljL906,1.0,1,3,1,
0,0,7.0621018409729,0,2945mpQYcMGssA5i-bw5sX4T3986,1.0,1,3,1,
0,0,7.082486629486084,0,25220uEQpWctQitEMppCz0oB1729,0.0,0,3,1,
0,0.0980392156862745,7.202369213104248,0,2450fAZnmnJBsF5ajCmgyFSm1894,0.0,0,3,1,
0,0,7.073750019073486,0,2521zNHb6afBjfIeBZ-paiLV1731,1.0,1,3,1,
0,0,7.234571933746338,0,1029D_VXSqeEcmujQynOF_FN329,0.0,0,3,1,
0,0,7.187888145446777,0,21895ri-SgzvCYbZU84umbJD4125,0.0,0,3,1,
0,0,7.07846736907959,0,2653htyng3Z_tsonlTCkn_QC1100,1.0,1,3,1,
0,0,7.23833966255188,0,1521m0vIxCtc6C0q4fZ4bmW21970,1.0,1,3,1,
0,0,7.123003244400024,0,1616tJD99SBv5x6A67wD89lO1190,1.0,1,3,1,
0,0,7.353645324707031,0,957C6c8UBXNxelvZ_YavK28530,0.0,0,3,1,
0,0,7.1236491203308105,0,541b8Dh-FxM3PgziNCUUuUq285,0.0,0,3,1,
0,0,8.909801006317139,0,2393t0babHd-BI0al0kqRL4Z3662,1.0,1,3,1,
0,0.023255813953488372,6.978023290634155,0,951QRsnzHPzlTm1kJw2YlVa548,0.0,0,3,1,
0,0.025,7.089450120925903,0,1400uU3CM_7LdMUuWkvkQxxM687,0.0,0,3,1,
0,0,7.144829034805298,0,2593NhMXH8FIz_rRIuHg7cJ32407,1.0,1,3,1,
0,0,7.07359766960144,0,2124d8CiYUpjOQQmj4tL4X0v1437,0.0,0,3,1,
0,0,47.043214559555054,5,15886mL2IQG8B6jETUgnOHZc1268,0.0,0,18,1,
0,0.05128205128205128,37.302268743515015,4,2969xxQHUKBzQcM9DNUcN--Q3934,1.0,1,15,1,
0,0,7.063029766082764,0,646OD5224k55Wh4kR-RsWPl3016,0.0,0,3,1,
0,0.024999999999999998,7.2999701499938965,0,1835xWOwAfgrbHJnPbJjkinW3346,1.0,1,3,1,
0,0.02150537634408602,46.99359369277954,5,909gtca-lnTfb7i_Tj-phi82597,1.0,1,18,1,
0,0.02247191011235955,46.25540614128113,5,998p1ztLXm5gKJajkvwEEjf414,0.0,0,18,1,
0,0.02222222222222222,46.6778347492218,5,10361heR9e1kTvvo1NiiW5Ae307,1.0,1,18,1,
0,0,16.500678062438965,1,2154hgnNDJMyC_N1LGBLoIru4213,0.0,0,6,1,
0,0,6.893688917160034,0,1190LpUYusZ3T7nqZ3kXM3uR3185,1.0,1,3,1,
0,0.02857142857142857,6.900170087814331,0,1387oQz4cxlHhwF5gpvX_8s_718,0.0,0,3,1,
0,0,6.90238094329834,0,2123JgqxRVRAg0ZSNs3_HwHe1439,0.0,0,3,1,
0,0.05555555555555555,7.015239953994751,0,600dYBRrC6h4LjypO5PySt6109,0.0,0,3,1,
0,0,6.926315069198608,0,916dKMXGoacskOpfFfF3fl32576,1.0,1,3,1,
0,0,6.922764539718628,0,2523rTR1vV07WZ0GNJ4Wu_DS1724,0.0,0,3,1,
0,0,46.412745237350464,5,1027ZkSa0ea9HAzRy_8T4y3g334,0.0,0,18,1,
0,0,6.814927339553833,0,96007jxuZq6dQmJdVZtpl44519,0.0,0,3,1,
0,0,6.950055837631226,0,2356NFxPDl9UkBBLyPHbKrvJ3742,1.0,1,3,1,
0,0,6.784183740615845,0,547tG9ZeRqXvJLYthNWsLap269,0.0,0,3,1,
0,0,6.961260080337524,0,2701_eTSfG0kbk-njomBcNgv960,0.0,0,3,1,
0,0.019801980198019802,87.15799117088318,5,934hLc2W0dI5ExU1xikzEH42530,0.0,0,18,1,
0,0,47.4869019985199,5,2575f4mugcu2JQoWTywMsU6P2446,1.0,1,18,1,
0,0.021052631578947368,48.74440121650696,5,604mQQLLhcNi8N9nxflPiAk100,0.0,0,18,1,
0,0.041666666666666664,16.905357122421265,1,23807v22XvrUQTol7Th3lJWE3686,0.0,0,6,1,
0,0.020618556701030927,8.054173946380615,0,2458nO0QxOBFA2uGin02ZUeR1877,1.0,1,3,1,
0,0,9.925324440002441,0,725fIuqkG2FAMAMrRV2o_q72815,0.0,0,3,1,
0,0.041666666666666664,7.957434177398682,0,6907GyyauVbz0gBDeg6Ql0l2899,0.0,0,3,1,
0,0,8.047233581542969,0,25163F-nTR5MBd30RtLg31GT1746,1.0,1,3,1,
0,0,7.943493127822876,0,2959dC6Am4UskyZMHV9xE3WU3961,1.0,1,3,1,
0,0.05825242718446602,8.011039018630981,0,2093f84OlebSpPLq7CIoCbc51523,1.0,1,3,1,
0,0,10.988683223724365,0,1958hcGziYoVonuuIdReU0Lj2279,1.0,1,3,1,
0,0,7.9811389446258545,0,2604w8Y2Cl6uiR5M0-ejmWMM2384,0.0,0,3,1,
0,0,8.195752143859863,0,614qvZZNRxxpBg3ucW1nsPI73,0.0,0,3,1,
0,0,8.034322261810303,0,2402MAhKxnMmLtfOdk-08LTn3642,1.0,1,3,1,
0,0,8.182353973388672,0,2694ltreEVbPipuuO8jQ7qct982,0.0,0,3,1,
0,0,8.030754804611206,0,2961bLOhNS6f8RK3mV6jOtYf3955,1.0,1,3,1,
0,0,8.097068309783936,0,1389Ypbz0yiTxHj8sdg8Dd-O714,0.0,0,3,1,
0,0,8.224371433258057,0,2168J5OIY9_0JcjpUFtF-s8j4178,0.0,0,3,1,
0,0,8.105342388153076,0,1415PPveKUVTi5av3Jj0lvQX641,1.0,1,3,1,
0,0,8.126123189926147,0,1235ppKKbTr1utemwebxmtLB3054,1.0,1,3,1,
0,0.020408163265306128,8.108899116516113,0,1144QjbX5t9wSPKKpoQzUqIM3317,0.0,0,3,1,
0,0.04210526315789474,8.033553838729858,0,663-xYs0_yfqwh5e1vCCBW72968,1.0,1,3,1,
0,0,8.211976289749146,0,3019slRZYA_GgPxTKTEzhFb_3818,0.0,0,3,1,
0,0,8.038379192352295,0,1634rEU-bIULINidGaTwrGNb1146,1.0,1,3,1,
0,0,9.86118459701538,0,2100nzSjCMDd--9Fj7a4NWfz1507,1.0,1,3,1,
0,0,7.867604970932007,0,631qBhc6tNC5x4jMUP590HD21,0.0,0,3,1,
0,0,8.137483358383179,0,1542SShgTHmccjRMIaq5sxCR1387,1.0,1,3,1,
0,0,7.969052791595459,0,622nAKi4as7dtc8Z9eTpkdT49,0.0,0,3,1,
0,0,8.0650634765625,0,973wD6IGiEh8Dy46Roludyx481,0.0,0,3,1,
0,0,8.170931339263916,0,623AhTszwVETU0JVBzClsCl45,0.0,0,3,1,
0,0,8.04847240447998,0,2122TwBF08fbVn83IOLPGXJ51444,1.0,1,3,1,
0,0,8.202134132385254,0,2569SVBHC-JT-ZpiERWOXHiR2453,1.0,1,3,1,
0,0.02,8.05466628074646,0,2198b7QHTaEci9ZiP8Jgg9Gb4101,0.0,0,3,1,
0,0,7.982744932174683,0,1402m18_1bIWy0g2aRhM2xVK679,1.0,1,3,1,
0,0,8.25749659538269,0,729ocp-SA5gFg2mOHOi_9bT2803,1.0,1,3,1,
0,0.041666666666666664,8.063934803009033,0,1424eyzMoP7NlT7lLHg-CSKt615,1.0,1,3,1,
0,0.040816326530612256,8.225916147232056,0,2680JFom2C2m5B61Zmr5e-xw1022,0.0,0,3,1,
0,0,8.123494148254395,0,930cjgSy21jAxSRsOSjGC6K2540,0.0,0,3,1,
0,0.05172413793103449,8.211349487304688,0,1604rg80oUsGty1ShrvBvuRN1226,0.0,0,3,1,
0,0,7.966123819351196,0,1009Uk9DWEoZIQcw717YJKbT385,0.0,0,3,1,
0,0,8.03725266456604,0,2060JRIdb6Jd39yNN2K3FzKd1619,0.0,0,3,1,
0,0.020202020202020204,8.383063554763794,0,1164S0n8sFxAjOhrJykde65c3260,1.0,1,3,1,
0,0,8.029321432113647,0,1207HLvv2F6G--J1iG2Sr0GT3135,1.0,1,3,1,
0,0,9.829614877700806,0,621rUA-y24a2TlBAhZxV8H853,0.0,0,3,1,
0,0.04,7.982065916061401,0,974EqHGKum7PKcQ6aiSmCQ1477,0.0,0,3,1,
0,0,8.008082628250122,0,2969gQlMvd6FhSZMcTlnE-C13935,0.0,0,3,1,
0,0,8.209384441375732,0,905EurUqDl4s2krYgolDdmX2609,0.0,0,3,1,
0,0,8.473776578903198,0,2226GKXgfMEXDLjamZ5nzPFh4031,0.0,0,3,1,
0,0,8.221611499786377,0,11609irFw-wvr48-kAG66MW13269,0.0,0,3,1,
0,0,8.0979745388031,0,2107cMmJ6oXMn_tX8EiA1_Qh1486,1.0,1,3,1,
0,0,8.252920866012573,0,2685B8bjO_bSgF7yP_RE9FZq1006,1.0,1,3,1,
0,0,8.084985733032227,0,2972anHdG1TwBtQaRXhi-WEK3929,0.0,0,3,1,
0,0.057692307692307696,8.16650104522705,0,1426bEr-N4c6lQoKgO9HYKbw610,1.0,1,3,1,
0,0,8.14849328994751,0,2471B8agFup8-O0sKzC9wV521850,0.0,0,3,1,
0,0.02127659574468085,8.130604267120361,0,2132y4UclYrIoM9EfY6q0cLU1413,0.0,0,3,1,
0,0.020833333333333332,8.248553276062012,0,24900ppOWI96tjRkMOIpDwu01807,0.0,0,3,1,
0,0,8.12204623222351,0,2721Lisb2VI4t962p0mF1ytc909,0.0,0,3,1,
0,0.041237113402061855,8.106908559799194,0,1526rfIPgkgJxKRdDsBSn4dn1957,1.0,1,3,1,
0,0,8.21980333328247,0,1365-1b52ot7eMMf3SsA9c4Y776,0.0,0,3,1,
0,0,8.115317106246948,0,1236uLGJLEnlgvBpRt41BaBc3052,1.0,1,3,1,
0,0,8.20061707496643,0,720KTE_TQ-QFGgw12_NY6_52826,1.0,1,3,1,
0,0,8.123022556304932,0,706AosvIWS6eJlQTL0dwYt92864,1.0,1,3,1,
0,0,9.894067287445068,0,1422TMMS8B78H0eLNKZ9OcN2620,0.0,0,3,1,
0,0,7.9961020946502686,0,1422Mg4SCjSUB1ipbjJhHLQV621,1.0,1,3,1,
0,0.021052631578947368,7.938657760620117,0,17779GFc1mSj52FnFT87uHXQ3483,1.0,1,3,1,
0,0,8.095192432403564,0,11746LEaHokgyCbOjGtlxB_P3041,1.0,1,3,1,
0,0.02083333333333334,8.107733488082886,0,1818O8BoyzdI3tIZTlZQX7MJ3390,1.0,1,3,1,
0,0,8.134508609771729,0,1558USBzQpgdUWBcaUu8vmKq1344,0.0,0,3,1,
0,0.05825242718446602,8.035322427749634,0,1000oBQNQPnj4fxpXtFV1g0J409,1.0,1,3,1,
0,0,8.013105869293213,0,99301Zg9cGHX9Gf1_cI5mfK421,0.0,0,3,1,
0,0,8.240861654281616,0,538gLSK6-g0JoLk6sK3uauP1,0.0,0,3,1,
0,0,8.128919839859009,0,2444VM3M-Xnaa4T5rEXxP45X1908,0.0,0,3,1,
0,0,8.228310346603394,0,859Wx92OGcZsIZiYdTGB0c42720,1.0,1,3,1,
0,0.041666666666666664,8.0482816696167,0,560MF12O77E_fY17pny7AZ4228,0.0,0,3,1,
0,0,8.38936161994934,0,26213tScNqi5jq-dNNpY17aB2357,1.0,1,3,1,
0,0,8.056802034378052,0,2737RMEUrJ3xYCVvFcnOOJEr864,0.0,0,3,1,
0,0,8.058735847473145,0,2103yuSnngKYn9n8F_U1xOr51499,0.0,0,3,1,
0,0.021052631578947368,8.168938875198364,0,2231MtCQ0XFs-HZtPZNxWWWA4016,1.0,1,3,1,
0,0,8.070757389068604,0,999ChWxJrv-Gaq3aLTh_nDS411,1.0,1,3,1,
0,0,8.163615465164185,0,1984InJu5XFguodK1Khic6FC2233,0.0,0,3,1,
0,0,8.057597398757935,0,21208xkL7JG9a1slm1tkqySv1449,0.0,0,3,1,
0,0,9.860694885253906,0,13478wbUw8r6jR2KkJ83tRNT831,1.0,1,3,1,
0,0,8.02535104751587,0,2377URm8qpovSm3ZcmknWYzr3693,1.0,1,3,1,
0,0,7.961064338684082,0,6939iIjtQY3HqIf5Qu5LXfF2892,0.0,0,3,1,
0,0,8.211299896240234,0,1399HAUAi3igcRp4kaiXBS34690,0.0,0,3,1,
0,0,8.114939212799072,0,1026WzEnlc2VTVNnEnERoTej338,1.0,1,3,1,
0,0,8.230659484863281,0,255102VMp0rT3lE5qKZReHI62486,0.0,0,3,1,
0,0,8.038191080093384,0,17388L0pXFkN6Wb2CQAgtWsF3590,0.0,0,3,1,
0,0,8.087173223495483,0,2631M_1rjE6k2YLouvowQoHJ2333,1.0,1,3,1,
0,0.02,8.181326866149902,0,2658kpZ5jhLWnxu93y4HPmEB1085,0.0,0,3,1,
0,0,8.091216325759888,0,959BpQsgOmBWm76KB_O0Xj6522,0.0,0,3,1,
0,0.04,8.249837398529053,0,2671UDFIl4lCabvUQRbVginc1048,1.0,1,3,1,
0,0,8.073702096939087,0,1620Y8fkMMEFeacdhhiKGcCu1180,1.0,1,3,1,
0,0,7.96479058265686,0,2066O6hlUGaIYvZETBnkVTKJ1601,1.0,1,3,1,
0,0,8.296128273010254,0,595rx4ZMYA14adC3NekLAhW124,1.0,1,3,1,
0,0.020618556701030927,8.078996658325195,0,1433yR4Rdyzq9ZDjN6qZOB3K593,1.0,1,3,1,
0,0,8.33365249633789,0,1828sgAztXiBXjB8fDJEJjCn3365,1.0,1,3,1,
0,0.041666666666666664,8.09739089012146,0,2189nmSYagbAhBJHMcqwdIko4123,1.0,1,3,1,
0,0.020202020202020204,8.171523332595825,0,1550GzjCBajsuSw_Bnhtl8WB1367,0.0,0,3,1,
0,0,9.707780838012695,0,1138ZNoiRj9WSt8xu5xKiclJ3335,1.0,1,3,1,
0,0,8.013458490371704,0,6595tSoej6eNamN_ekXU3W-2979,1.0,1,3,1,
0,0,8.070810794830322,0,2012U7knoAxwFk_Ns1NGidQE2188,1.0,1,3,1,
0,0,8.025318622589111,0,2608ntJl4AFAduDIt0AYknjI2372,1.0,1,3,1,
0,0,8.175526857376099,0,2587WZtb-G91TcjATusTTjeN2422,1.0,1,3,1,
0,0,8.028679609298706,0,1757EM0iCe2_7c-3VFdC07DP3532,1.0,1,3,1,
0,0,8.084110975265503,0,943d0SQ0AVbboY5BqJgbsaF570,0.0,0,3,1,
0,0,8.186408281326294,0,2088g4bX7vmX1hWfKvtOIJDZ1539,0.0,0,3,1,
0,0,7.963721036911011,0,861-dKB_3BSzYCaSTRw8Av_2716,1.0,1,3,1,
0,0.0196078431372549,8.179661512374878,0,13633aQsS5iKERyNB367GWVH781,1.0,1,3,1,
0,0,8.044647455215454,0,2517lXXoQUIKbal6xfNNtVAn1743,1.0,1,3,1,
0,0,8.20366358757019,0,24900ppOWI96tjRkMOIpDwu01808,1.0,1,3,1,
0,0,8.02509331703186,0,2407RuK1Iv95cime4WWdGNoB3634,0.0,0,3,1,
0,0,8.01940369606018,0,13441C2N2xP14JB_ucyRSeEL839,1.0,1,3,1,
0,0,8.211017608642578,0,2477JtT30EyGVCGC3ayc5fzB1832,1.0,1,3,1,
0,0.020202020202020204,8.077489614486694,0,27369KmtE4DmLS1oS6IXm0CV865,0.0,0,3,1,
0,0.04040404040404041,8.177748441696167,0,2341RZKrT1tVXnFFp5DSNowl3778,1.0,1,3,1,
0,0,8.034379720687866,0,982n1tOmLbrP0Rw2f7q4phE454,1.0,1,3,1,
0,0.019417475728155338,8.013720750808716,0,1591ek7O19h74ATqsHjdtFUz1259,1.0,1,3,1,
0,0,9.875399589538574,0,599uREx6nun3gOEAd8YzR5s113,1.0,1,3,1,
0,0,7.986939907073975,0,2699X1S6-twcNf9a_nUx5WE-965,1.0,1,3,1,
0,0,8.149528741836548,0,1976MfIZ7mAEpNhCSa8Y04ek2241,0.0,0,3,1,
0,0,7.974498748779297,0,2093euyG67o3cVGqrsSPrCbI1524,0.0,0,3,1,
0,0,8.168147563934326,0,2699Ur-0JL1NVhl8H0B2lH-a966,1.0,1,3,1,
0,0.020618556701030927,8.040446281433105,0,628A_ztdoD85Pm7Hd6Uv2TF32,0.0,0,3,1,
0,0,8.056864500045776,0,892B8GiS_zkJfKANp04UQhD2650,0.0,0,3,1,
0,0,8.118765354156494,0,1576P214oupErvTP6090GMli1302,1.0,1,3,1,
0,0.02061855670103093,8.076886892318726,0,1589Jf5bV_UCDf13dAps7IiI1264,0.0,0,3,1,
0,0.041237113402061855,8.208691358566284,0,19396Yot6utxeGieo9MuRrBB2323,0.0,0,3,1,
0,0,8.121176958084106,0,1509gKJxAthX1pquVrt7KPXD2003,0.0,0,3,1,
0,0,8.459814071655273,0,16127RJnwPcCuQ2L6JWAn7Rd1203,1.0,1,3,1,
0,0.02083333333333334,8.162654876708984,0,20893J7zds0fTmdwGScrXxYe1537,1.0,1,3,1,
0,0.04081632653061224,8.058408737182617,0,1226lhx09f1Jk4OiDQlGU8Bp3077,0.0,0,3,1,
0,0,8.240979433059692,0,1380vA5P1fp-1XlZm7dLip3Q737,1.0,1,3,1,
0,0,8.033220529556274,0,1600ywzg9ULBGI5IAxrJ6foM1237,1.0,1,3,1,
0,0,8.303302764892578,0,25486Lhd5Z1MU0Q4sN3I3mAT2493,0.0,0,3,1,
0,0,8.082891941070557,0,1961WznZwsht9W-Z6W6_FmvR2272,1.0,1,3,1,
0,0,8.11288571357727,0,1459UR8_3lYqpJzzqkoNN5si2093,1.0,1,3,1,
0,0,9.85002613067627,0,846dI6s8NANbI0cXEx7WJXa2760,1.0,1,3,1,
0,0.01869158878504673,7.9735753536224365,0,25839ctSBP_9ircmR2x3MPam2428,1.0,1,3,1,
0,0.03773584905660377,8.10068416595459,0,1500Z1H9hCVclLHKdcfBz5gq2021,1.0,1,3,1,
0,0.02083333333333334,7.998862266540527,0,878Tp76n2ZpjK1LVAz5F3Mg2679,1.0,1,3,1,
0,0,8.048896074295044,0,61542RmhOWwUxAJySFjDV7169,1.0,1,3,1,
0,0.019801980198019802,20.249481201171875,1,25316jqKhJvYVlP1H8PWC21S1701,2.0,2,6,1,
0,0,8.334954023361206,0,160035MUpGMSLbaV6XDg1y7j1235,0.0,0,3,1,
0,0.02127659574468085,7.986788511276245,0,1198tKDggSEgfewI5IGaBL7o3163,0.0,0,3,1,
0,0.028169014084507043,10.889110088348389,0,1767ntexZ4EBPQrmdM1oWDDE3503,0.0,0,3,1,
0,0.0784313725490196,8.050609350204468,0,2957RON0RMexHAq6R8NDth-G3968,1.0,1,3,1,
0,0,8.031659126281738,0,574T3IVyhdGf2qyfbl0GBBS188,1.0,1,3,1,
0,0.02127659574468085,8.173580408096313,0,1210NBV6o_IHthJvbrF9UTR43125,1.0,1,3,1,
0,0,8.133593082427979,0,541Cbn85P-zf8lq0QHtgjf9286,0.0,0,3,1,
0,0.037037037037037035,8.20406985282898,0,1413DwMlffwkzBlmmDWhZmvt647,0.0,0,3,1,
0,0,8.058110237121582,0,1451JJuYQ7gSCXBvwOXzxUO72112,1.0,1,3,1,
0,0,8.012073993682861,0,995Mjg3IZGW2wc7ddFCk8vg418,1.0,1,3,1,
0,0,8.681385517120361,0,1606ixCVPmgAtLujhTmR7TkV1221,1.0,1,3,1,
0,0,8.057976245880127,0,2561RPearP2qJJF5nNBvVQ1L2468,1.0,1,3,1,
0,0,9.93983244895935,0,1768Z2ygW_eEOpHjb3kiiamC3500,1.0,1,3,1,
0,0,7.936344146728516,0,2177s_UTFrhmrwcK9Ti7MMiR4149,1.0,1,3,1,
0,0,8.099486351013184,0,2049EiSr8AWG9INgthccDLTD1651,1.0,1,3,1,
0,0,8.03551173210144,0,1811paAxUvt29OX8E8chhsNQ3408,1.0,1,3,1,
0,0,8.035027027130127,0,848WrFnYlhM_1QL8XRIK-nh2753,0.0,0,3,1,
0,0,8.175914287567139,0,30233J2ge9fEFX4YilpwWlsN3810,1.0,1,3,1,
0,0.0392156862745098,8.05888295173645,0,1402lC19R9T2_nXZynvxL_uJ680,1.0,1,3,1,
0,0,8.166769742965698,0,2724NPCyZgqx0x1F1XrTUaPC900,0.0,0,3,1,
0,0,8.024272203445435,0,1395li3pr9py0l2amb_zMeDF702,0.0,0,3,1,
0,0.02150537634408602,8.079076051712036,0,2071kHxLVZsdxtm6xVPXQcML1589,1.0,1,3,1,
0,0.020833333333333332,8.254035472869873,0,1430c-EOOP47sw8eHQFzvYMg599,0.0,0,3,1,
0,0,8.086660385131836,0,555vNOKr31rXFMkfzB62TYz244,1.0,1,3,1,
0,0,8.233639001846313,0,1433yR4Rdyzq9ZDjN6qZOB3K592,1.0,1,3,1,
0,0.058252427184466014,8.042150974273682,0,2646TB5mc-c2hplG5koqTh501117,0.0,0,3,1,
0,0,8.237353563308716,0,5601RlVQQ13ZMVNw8QCNW6F230,0.0,0,3,1,
0,0.020833333333333332,8.086488723754883,0,974vUVNFZZhK9Vx9yosXwyz479,1.0,1,3,1,
0,0.021739130434782608,8.075307369232178,0,1564Kq9tsrgH8Jhl4M51Udxu1326,0.0,0,3,1,
0,0,8.196075677871704,0,1744p6ivEreYdqU2OaXpqwiv3570,0.0,0,3,1,
0,0.02,8.159933090209961,0,2723xU3JSCsI93Jmzi12bo8-904,1.0,1,3,1,
0,0,9.767927169799805,0,884Pnp87xexk_HDsVBlYF5I2663,1.0,1,3,1,
0,0,7.997781038284302,0,947IWARdGEJfenHq_CeVA2F560,1.0,1,3,1,
0,0.021978021978021976,8.04639458656311,0,2648m9dA7rTQjYDXrTlBjn3C1110,0.0,0,3,1,
0,0,8.187817096710205,0,642t90xpp6PDsZFZ-bpxEez3027,0.0,0,3,1,
0,0.0606060606060606,7.962793350219727,0,643hOw7cSZHnFDg9xSl_9rX3024,1.0,1,3,1,
0,0,8.156274318695068,0,15208OmvhIK608dqFRGSSOAV1973,1.0,1,3,1,
0,0,8.124185562133789,0,646uZynkMYdhv1JIw-EffYb3014,1.0,1,3,1,
0,0,8.17787790298462,0,1590-CJsFDfqrQDqYkRsJ56N1263,0.0,0,3,1,
0,0,8.272400140762329,0,2482zF1QFZ7wKsNuHZ2WclJt1822,1.0,1,3,1,
0,0,8.171062707901001,0,725i6Izvs08W85ROtPNlm8D2813,1.0,1,3,1,
0,0.043478260869565216,8.21001410484314,0,1827xEul6GY6VzOmjE6YoZOI3370,1.0,1,3,1,
0,0.02040816326530612,8.109985113143921,0,2633pAGBUWzG9zIDRrNR6L1c2329,1.0,1,3,1,
0,0,8.165954828262329,0,19488Pr6RoX5NaT1BWOrfb8b2303,1.0,1,3,1,
0,0.02150537634408602,8.034634351730347,0,1195HMcObf-c2jk9nuqNKiuu3172,1.0,1,3,1,
0,0,8.14372181892395,0,12200qHzxeIvvsd2YVZemdY03095,1.0,1,3,1,
0,0.039603960396039604,8.189450740814209,0,2661cQb_J106ssSoX5Fgydo71078,1.0,1,3,1,
0,0.0392156862745098,8.03893256187439,0,979XmKqsJdLFW1bLDI7o-pE462,1.0,1,3,1,
0,0,8.22341537475586,0,1802qwccQwTwwKaDVreksqJf3429,1.0,1,3,1,
0,0,8.073569774627686,0,1491cxn7v5v-T_iOJDwW9EYs2031,0.0,0,3,1,
0,0,9.854694604873657,0,728rJ1xbwc5Igz_rb47z10k2805,0.0,0,3,1,
0,0.02150537634408602,7.9740660190582275,0,1755HI8OTnHY7Nm5CeIuPLTN3538,1.0,1,3,1,
0,0,8.01891279220581,0,2714-Q-L_ocw1wqi2vTyKgJx927,1.0,1,3,1,
0,0.041237113402061855,8.138200998306274,0,2196RcteK2m9GTjJgXROQiPI4108,1.0,1,3,1,
0,0,8.051460266113281,0,2198RDJBzVmoid4rc0bik_oO4103,1.0,1,3,1,
0,0,8.148886442184448,0,2706YR-uI3zypKwmJN4tmzOG947,1.0,1,3,1,
0,0,49.18848419189453,5,660LK3Me9by6QtGlAhc9ZgG2978,1.0,1,18,1,
0,0,48.00639247894287,5,3010uRwouEtYjEBKkqRcq7rz3839,1.0,1,18,1,
0,0,47.47793364524841,5,2152-7ZSgzVAfI8TDcdpWpW94219,1.0,1,18,1,
,,,,538JJQ5E24giegHnAwK6q8U0,,,,,Ollama request exceeded timeout limit for model stable-qwen with error: timed out
0,0,46.98650288581848,5,2495cQqgzzooS13bDr8Ph6Gf1795,1.0,1,18,1,
0,0,47.96836304664612,5,1425TtGxf2tlcnPvhwxputXV614,0.0,0,18,1,
0,0,46.19733905792236,5,121369XOrczL-kMaDwwgO02A3116,1.0,1,18,1,
0,0.02631578947368421,22.673330307006836,2,2375ik4L_hJmM72qf0e1dYMH3698,0.0,0,9,1,
0,0,14.657739877700806,1,1808axaZNmCFiRMbaxN7F0Eh3418,0.0,0,6,1,
0,0,7.03113865852356,0,2678-vJB_o0WGULsRqF2El1t1029,1.0,1,3,1,
0,0,7.031973838806152,0,841hinfHVUUAR8bWXtEBCsQ2776,1.0,1,3,1,
0,0,7.0534348487854,0,2048CtOjaqKkCnfN40uLcP5L1652,1.0,1,3,1,
0,0.02666666666666667,6.919788122177124,0,2171AVNXiBd6GfXxQ8eqM1vd4168,1.0,1,3,1,
0,0,6.879188299179077,0,2096f8W6RON65FxesZktnJ621515,0.0,0,3,1,
0,0,8.729358911514282,0,724vcyS179ODvzR7GgFuf342817,0.0,0,3,1,
0,0,6.922762155532837,0,577J1_2EkXjvWVxk6PCwOXP178,1.0,1,3,1,
0,0,6.920950412750244,0,2186ULHrp_lvPj5LDBoeTtdH4131,1.0,1,3,1,
0,0,6.798759937286377,0,262821L4N7qZnsAQ8yXausca2342,1.0,1,3,1,
0,0.025,7.214232921600342,0,2687wsGAHxfopUhAw18YbVRI1000,0.0,0,3,1,
0,0.05194805194805195,7.294318675994873,0,2646TB5mc-c2hplG5koqTh501118,1.0,1,3,1,
0,0,8.05580472946167,0,1951HRAy-63r-iYmzz_OIMwm2295,1.0,1,3,1,
0,0,6.978947401046753,0,1532jmPrtawUKEP8PbFN0KA51942,1.0,1,3,1,
0,0,7.0417845249176025,0,1440tJiNSRh2yn6L1Bpe-Z2O2134,1.0,1,3,1,
0,0,6.96127724647522,0,575_whZmLvyvEEXouWkoc8Q185,1.0,1,3,1,
0,0.025974025974025976,6.891028881072998,0,2512lEhovFhT11eis4TwjWj61754,1.0,1,3,1,
0,0,6.858707427978516,0,2604w8Y2Cl6uiR5M0-ejmWMM2383,0.0,0,3,1,
0,0,7.0149595737457275,0,25219t08QQEFWvS8eYsekPUS1730,1.0,1,3,1,
0,0,7.046627998352051,0,1751kG4ZgRcpVW2reI1_s3123551,1.0,1,3,1,
0,0.024096385542168676,7.027660608291626,0,960o6-E-_ISeh5lV6FHiD34520,1.0,1,3,1,
0,0,6.991749286651611,0,1616QzaVp9mutwg1uh2jzwdO1192,1.0,1,3,1,
0,0.028571428571428574,6.972567319869995,0,2187B0sWPT98eVpnAmdk_adu4128,0.0,0,3,1,
0,0,6.897423267364502,0,1536mI_d8jtM2jw9hUxzP9iL1929,1.0,1,3,1,
0,0,6.882965803146362,0,1947A5MF0NJR55TokdQfbhca2307,1.0,1,3,1,
0,0,8.685582637786865,0,2485wQdQwDnk4yk5FdBXXmhj1815,1.0,1,3,1,
0,0,7.298314332962036,0,2070ak7o05iYQKrCn9M9TwT31592,0.0,0,3,1,
0,0,6.9771058559417725,0,2106VMTbOKIT8LUZtIXhHKmi1490,1.0,1,3,1,
0,0,6.971570253372192,0,66120RRLn0zmV3MwnNHl6_h2974,0.0,0,3,1,
0,0.029850746268656723,6.912535667419434,0,882RL4zKg1IQbdwrUdiW2uc2668,0.0,0,3,1,
0,0,7.045703649520874,0,1579OPjVMaCxctlZmUpiZzrp1293,1.0,1,3,1,
0,0,6.921332120895386,0,1159_3BLEoNo6JC3PQD3lhm_3274,0.0,0,3,1,
0,0,7.007892370223999,0,2131ThABbwh5RS-HlVdmLPDZ1417,1.0,1,3,1,
0,0,6.964149475097656,0,2021CWT7r6wMcqbzHWF5IBs12171,1.0,1,3,1,
0,0,7.11039662361145,0,1823Eoxuy7YeAaFwIKLgSxRm3381,1.0,1,3,1,
0,0.026315789473684206,13.600273370742798,1,1569FwzJ_LvmO5rW73WzT8541311,2.0,2,6,1,
0,0,14.588947534561157,1,2172mjXN9cse5myRvOdHKPXb4166,1.0,1,6,1,
0,0.08108108108108109,7.193448305130005,0,3016XnYJU0PvEDVmTUPXywfh3826,1.0,1,3,1,
0,0,7.1097657680511475,0,15387Blg_wJjcZbkwAdg3ihT1399,1.0,1,3,1,
0,0,7.097337245941162,0,2965ZcSt1DSsDVrBS8zreyMW3946,1.0,1,3,1,
0,0.02564102564102564,7.7514872550964355,0,1183jSSsRsBAdPZ3YbN6lTA63206,1.0,1,3,1,
0,0,15.63293981552124,1,24325JvjgPXosVnug4HXcsdC3598,2.0,2,6,1,
0,0.02531645569620253,6.865012168884277,0,2588tXgAWa0hfqLa7dv034Sk2420,1.0,1,3,1,
0,0,14.620020389556885,1,545m8hikbi_76zd990QYmmK274,0.0,0,6,1,
0,0.0273972602739726,7.007433652877808,0,2133l3pjWfCkZZOCX5jvmzSB1411,1.0,1,3,1,
0,0,7.136793851852417,0,1030cFCd9o4jSm3pwYZj572K326,1.0,1,3,1,
0,0,7.029022693634033,0,1471q7bJiZQDI20zdeWOjTxp2066,0.0,0,3,1,
0,0,7.084033489227295,0,1220telOq3nKQ9I7IlLmxhq53097,1.0,1,3,1,
0,0,7.008016347885132,0,1158byH939tSa-y6piPB33qI3275,1.0,1,3,1,
0,0.029411764705882353,6.98874831199646,0,2143rWgXIxnPTtsFFOBT0X5t4243,1.0,1,3,1,
0,0.029411764705882353,7.150339365005493,0,1010HNqYCv68G7N_CQVNh43m382,1.0,1,3,1,
0,0,7.096212148666382,0,588NyHE4CBeocNT0p36WOjf144,1.0,1,3,1,
0,0,7.222131967544556,0,2353LXtRRUsp_KUtkJvbyF5G3749,0.0,0,3,1,
0,0,7.060378789901733,0,2606wggZxTDXC27kXBM1nOHp2377,0.0,0,3,1,
0,0,7.220180988311768,0,2125V8N_l5QntOTnTrzc20WM1434,0.0,0,3,1,
0,0.07407407407407407,7.075331687927246,0,2185kJh_nrTH_U4b39Vcv8ax4132,1.0,1,3,1,
,,,,2376URQldjysl6l8eVv3nAMJ3695,,,,,Ollama request exceeded timeout limit for model stable-qwen with error: timed out
0,0.057971014492753624,7.276198387145996,0,1384pGKRecF-Gb_z9zzAv2JJ724,0.0,0,3,1,
0,0,7.113383769989014,0,2148ORbgn9xAFsNQtzXY__rj4227,0.0,0,3,1,
0,0,8.903592586517334,0,621rUA-y24a2TlBAhZxV8H852,1.0,1,3,1,
0,0.029411764705882353,6.9737467765808105,0,597Erm8rlfIbk1-dOAX1x_d117,0.0,0,3,1,
0,0,6.985944032669067,0,2439wUboO5ra35vEgdGIev-11921,1.0,1,3,1,
0,0,7.2366979122161865,0,2229yjbOaiHjJ3l8FpptH4HW4022,0.0,0,3,1,
0,0,7.112636566162109,0,644VW80Ih4W_8lT57dCnHAu3021,1.0,1,3,1,
0,0.028985507246376812,7.120213270187378,0,888N5fO999xna1Xo8EzSka72654,1.0,1,3,1,
0,0,7.078382968902588,0,2588DwrxR7iNWl5O2r3FLLSK2419,1.0,1,3,1,
0,0.02857142857142857,7.143316268920898,0,1206pt-2ozhsCeZeJuJZ11Ii3139,1.0,1,3,1,
,,,,2173oSldYZR3JLWnzYW3O77H4161,,,,,Ollama request exceeded timeout limit for model stable-qwen with error: timed out
0,0,7.100203037261963,0,2960UnXl4G14Yymd8PXaR5Uk3960,0.0,0,3,1,
0,0.024390243902439022,7.2431864738464355,0,266732gpl8X-FjP8gjcwzw2z1061,1.0,1,3,1,
0,0,7.024706125259399,0,29552yyd0Gev5Q7THSvvmMm23972,1.0,1,3,1,
0,0.05714285714285714,7.174559116363525,0,1023GZ3dln2t0HzaDV2xwSoN346,1.0,1,3,1,
0,0,7.025447130203247,0,2675-gwBiwWZVyjWDUu4p4cd1038,0.0,0,3,1,
0,0,7.019038677215576,0,860q2h_WxoUUCbtkWt_rIm62718,1.0,1,3,1,
0,0,7.114948034286499,0,19734HA-piKOQCj9cOheHeMR2249,1.0,1,3,1,
0,0.02702702702702703,7.321676015853882,0,3020ZTgHQCHhDPV1YzPtr7cD3816,1.0,1,3,1,
0,0,7.1830315589904785,0,2483B0xaJU5Jx1Cz2l8ywdGS1818,1.0,1,3,1,
0,0,7.363245487213135,0,2237eotzWAE9no45Pa9ifZYj3999,0.0,0,3,1,
0,0,8.723568201065063,0,1489IFn4GWsL1jHdBDB-a94E2035,0.0,0,3,1,
0,0,7.014879941940308,0,2167979S1AzMJxecio9-6zel4180,0.0,0,3,1,
0,0,6.977069616317749,0,933f51SxFqN5EEdYugeQFhF2532,1.0,1,3,1,
0,0,7.092545509338379,0,2147SEz1hmjhUpcGuddz5WUk4231,1.0,1,3,1,
0,0,7.0200512409210205,0,2195QSRuAqfW7wcL0yDgHAqi4112,1.0,1,3,1,
0,0,7.152000427246094,0,2127j4vlim-EJ7C9hksd0XEG1429,0.0,0,3,1,
0,0,7.05665135383606,0,2678lDTDQx4d-wy7YI9o8k621027,0.0,0,3,1,
,,,,21855lm1aeumxPgLxhAZ4rsM4133,,,,,Ollama request exceeded timeout limit for model stable-qwen with error: timed out
0,0,31.00417995452881,3,2654A6DJuqUHYjllfqY66FZQ1097,0.0,0,12,1,
0,0,7.103766441345215,0,2116zZq6HMYtTo0CQinn_k-41459,0.0,0,3,1,
0,0.02857142857142857,7.296438932418823,0,134108m1Km6HBkINwlourrYc849,1.0,1,3,1,
0,0,7.0622076988220215,0,620K1_aZyohd-7lRb7mTttb56,0.0,0,3,1,
0,0.043478260869565216,7.151648998260498,0,2474wQkjUyyx7GnHZpL3Deaq1840,0.0,0,3,1,
0,0.08108108108108107,7.0687055587768555,0,11737vcT3qwp_gJxVFslucFe3235,1.0,1,3,1,
0,0,7.195854425430298,0,10361heR9e1kTvvo1NiiW5Ae308,1.0,1,3,1,
0,0,7.76299262046814,0,2606wggZxTDXC27kXBM1nOHp2378,0.0,0,3,1,
0,0.07894736842105263,8.815266132354736,0,2232C9tE6pI8bHZ63YEfofZm4013,1.0,1,3,1,
0,0,6.878126859664917,0,730-sg8DQC7Q6MNsKvBhO3l2800,0.0,0,3,1,
0,0,6.96104097366333,0,2498Ntl0yuQwIc1zcFl2LEt61786,0.0,0,3,1,
0,0,7.080562591552734,0,1509gKJxAthX1pquVrt7KPXD2002,0.0,0,3,1,
0,0,6.977726697921753,0,1603faGMdBUg02YqijMJnA3w1230,1.0,1,3,1,
0,0,7.103638410568237,0,657VFHiQ4-7Kz6tz_vms0Uo2985,1.0,1,3,1,
0,0,7.078927516937256,0,2063xkIouWNgoRjOGLoCZ1bE1612,1.0,1,3,1,
0,0.029850746268656716,6.95517635345459,0,134108m1Km6HBkINwlourrYc848,1.0,1,3,1,
0,0,7.15820837020874,0,651fsZ9lTWd449M33QOudtw3001,1.0,1,3,1,
0,0.029850746268656716,7.052206516265869,0,2977bAR1UUAdut5SZn4bYC9-3917,0.0,0,3,1,
0,0,7.147049427032471,0,30097-Lb9tKHWA_8Z-1p8-LH3842,1.0,1,3,1,
0,0.028169014084507043,7.09297776222229,0,2979WuXci60uJEdQnVCd4Xjn3912,1.0,1,3,1,
0,0,14.81687307357788,1,2941qGbMTO0mozvc2N-D8Ll13996,0.0,0,6,1,
0,0,6.9576780796051025,0,705nABbOAzpYWFGNrPSDwL22867,1.0,1,3,1,
0,0,7.096087217330933,0,850EvvWq5cM1pQg86O2yHNg2749,1.0,1,3,1,
0,0,7.047810316085815,0,2052CjMDg4rKssIF2dZJmzem1644,1.0,1,3,1,
0,0,7.243105411529541,0,1345ag1pnM8TapsP64bzpQa0835,1.0,1,3,1,
0,0,8.702564001083374,0,8800eSsNgilzH8vuQNt4Jml2674,1.0,1,3,1,
0,0,6.933141469955444,0,1001W57bXvzsU7BsCan0XmdL407,0.0,0,3,1,
0,0,7.184234380722046,0,2456mSRZvgWGRhYDDkRPL2f41882,1.0,1,3,1,
0,0.05333333333333334,6.942955493927002,0,2391ePMyIq2X1JLq1967u6CY3667,1.0,1,3,1,
0,0,7.0862977504730225,0,2718prFY56JKafzui1OKyt46915,1.0,1,3,1,
0,0,6.925158739089966,0,2470-I0Ycn3m1ADgtmf8Qlse1851,0.0,0,3,1,
0,0,6.885921955108643,0,2369Df519g_V8jVHWQoP3PG93711,0.0,0,3,1,
0,0,7.068390369415283,0,20388Up5mLcWdYU-WNmLJdtF1684,1.0,1,3,1,
,,,,1781sbFFllrurUSJ_Gr41cCI3471,,,,,Ollama request exceeded timeout limit for model stable-qwen with error: timed out
0,0.028169014084507043,7.1454081535339355,0,11810pNzis8O7iMe4D0TXLLB3214,1.0,1,3,1,
0,0,6.956093788146973,0,1443QN39Ck2EQtKHwrv95Fdo2123,0.0,0,3,1,
0,0,180.04977464675903,5,8800eSsNgilzH8vuQNt4Jml2673,0.0,0,18,1,
0,0.022222222222222223,47.87087035179138,5,1561CHAGkVck74VVUABuSAwY1334,1.0,1,18,1,
0,0,46.418914556503296,5,2387-M6jRmAUm0dwueCkUyJl3674,0.0,0,18,1,
0,0.02222222222222222,193.1733090877533,5,2503mD8qIsdD1SDE74Qh-IaF1772,1.0,1,18,1,
0,0.027586206896551724,61.568869829177856,5,1795SmUM72qvYEGcEDAoWbE73443,1.0,1,18,1,
0,0,52.923832654953,5,1470cJbPNG5jp6U76xnNSz1N2069,1.0,1,18,1,
0,0,50.223862409591675,5,683qZh2hIeeIAW7sEw3xRoe2916,0.0,0,18,1,
0,0,48.7290403842926,5,1037pwf13W4KYglfjZucyzMr303,1.0,1,18,1,
0,0,12.49274468421936,0,2697v70pWXgc-DSg0veQwf_g973,0.0,0,3,1,
0,0,48.919228076934814,5,1565GCwUFVbdCdhcZ_GOztSL1323,1.0,1,18,1,
0,0,48.70267152786255,5,676GKGz4YMI2p0rgqxkFts72937,1.0,1,18,1,
0,0,48.321521520614624,5,2554mt4e_yJYeBYxqGIR5ybl2481,1.0,1,18,1,
0,0,43.43664908409119,5,1591ek7O19h74ATqsHjdtFUz1260,1.0,1,18,1,
0,0,41.97255301475525,5,19743Coi1jS_QPbxu2FRk8LC2246,1.0,1,18,1,
0,0,43.28941869735718,5,954ewPFqe0IjyBJN77y7QiK538,0.0,0,18,1,
0,0.03389830508474576,6.246352910995483,0,2602Qiq4iutdiApDxWf40xp42390,1.0,1,3,1,
0,0,13.168824911117554,1,2968C7LlqUnuO2Rpg_LoWMAj3937,1.0,1,6,1,
0,0.031746031746031744,41.69408893585205,5,1225RCrAx9wJxpkVXOhgrIVp3081,1.0,1,18,1,
0,0.03333333333333333,8.287701606750488,0,596zM0R2OmIzgkB1SbT2GQk121,1.0,1,3,1,
0,0.0588235294117647,42.209924936294556,5,988FErcpJAvfdvuXzhk1d2j435,0.0,0,18,1,
0,0,43.61654615402222,5,1230GUOhXat97Yr3ZBs4FTgR3066,0.0,0,18,1,
0,0,43.55903673171997,5,945tBlPoKsnHp4m96z6_5la565,0.0,0,18,1,
0,0.028571428571428574,42.76497292518616,5,27385FnxYBX7geCrqoYaZeLD859,0.0,0,18,1,
0,0.07999999999999999,43.86758875846863,5,1216KGsfCkgqupDitvDzZvvn3109,1.0,1,18,1,
0,0.058823529411764705,35.34232211112976,4,2449MJsvA7muVLQFQ3PIvYxW1896,1.0,1,15,1,
0,0,6.660580396652222,0,655zEoksqfcq2EVZ02Mbw7P2989,1.0,1,3,1,
0,0,6.515342473983765,0,2665gofGzsBk2vSGVSEDt1Hi1068,0.0,0,3,1,
0,0.03225806451612903,45.051955461502075,5,2109VHtyjetCFyDgKOq5r_WJ1480,1.0,1,18,1,
0,0,44.666907787323,5,1581PSxQIYeCh0A36EuqcNFg1285,1.0,1,18,1,
0,0,42.329411029815674,5,6863QwKQmripDGXlTBA_dd22910,1.0,1,18,1,
0,0,42.53723120689392,5,1943rxwpWMHzuLw1uSqBn62Q2315,1.0,1,18,1,
0,0.02941176470588235,44.88390755653381,5,21505TOXvyl0OGGpW7CAQlAq4225,1.0,1,18,1,
0,0,46.24513483047485,5,26242_7PGIerv2Q0zGtONaPz2353,2.0,2,18,1,
0,0,43.838332176208496,5,21505TOXvyl0OGGpW7CAQlAq4224,1.0,1,18,1,
0,0,47.45440053939819,5,677xmZHBoR33brul42LKfZz2936,1.0,1,18,1,
0,0.10256410256410257,42.38441443443298,5,2233nOCdB2RiiWVTHevF1XQv4011,2.0,2,18,1,
0,0,43.008514165878296,5,2617kBjHv2oN0nUKO23LlFJL2364,1.0,1,18,1,
0,0,20.94034242630005,2,1175f68nWVOs5WY82yUFRvj63232,0.0,0,9,1,
0,0.07272727272727272,6.829126596450806,0,2973V3Yh88dWwEdfJb_tftSD3927,1.0,1,3,1,
0,0,46.73198652267456,5,683aqqwKP1KduPxIkVF7N9F2918,1.0,1,18,1,
0,0,46.206958532333374,5,26201BkXMvVLir4JL_20wfV12359,1.0,1,18,1,
0,0,44.01978015899658,5,2118jdsykE0McP5cAZxVpo2d1454,1.0,1,18,1,
0,0,45.84119176864624,5,2517lXXoQUIKbal6xfNNtVAn1744,1.0,1,18,1,
0,0,43.43255829811096,5,908jl25A_Iov80feqJ4evmm2601,0.0,0,18,1,
0,0,44.33588266372681,5,1373md66uV8NUYn6tLcFPoUa754,0.0,0,18,1,
0,0,39.61659216880798,4,24911q_50dkgYzY3pVZJL3Sc1805,1.0,1,15,1,
0,0,6.91402006149292,0,2013gpksQIp23gepFksmpqXj2186,1.0,1,3,1,
0,0.023529411764705885,7.106656789779663,0,2208KPJx__8bPSCeN9p1Fi0X4073,1.0,1,3,1,
0,0.05263157894736841,6.902568817138672,0,2211Cy7Oahng9F7-H0Oc3e544064,0.0,0,3,1,
0,0.027777777777777776,23.19260549545288,2,2647wx3YQTfZqS0kaThBNcMd1114,1.0,1,9,1,
0,0,7.092122554779053,0,15075jeWJyHrflW280qJuH1b2009,0.0,0,3,1,
0,0.026315789473684206,7.027423620223999,0,998Con_q4MLI1RfJuY2bKbI416,0.0,0,3,1,
0,0,14.946268796920776,1,579arqEgmuOnA4zj2j7weJ4173,0.0,0,6,1,
0,0.026666666666666665,20.48717713356018,2,1798KfLl6KS7V9XT4gra5ItO3437,2.0,2,9,1,
0,0,7.245100021362305,0,1776In5nDr6EiD2h4i0Hjv4f3485,1.0,1,3,1,
0,0,7.071485280990601,0,1944Ec6XPqU4Xy4eSPu6R32j2312,1.0,1,3,1,
0,0,16.705991744995117,1,857_7Nv3vFr25l0dhIhFy_82728,1.0,1,6,1,
0,0,7.0539727210998535,0,2519KkZmS0x5ulGXiZTw1wKR1737,1.0,1,3,1,
0,0,7.08349084854126,0,2095TnNWtDkF3d8sfPpoIY4z1518,1.0,1,3,1,
0,0.05128205128205128,6.9453184604644775,0,992iTR1IjxbLP4VmHcDDPOa424,1.0,1,3,1,
0,0,7.208088636398315,0,1541-Tc1l_CQDW9x1chtv8Gl1391,1.0,1,3,1,
0,0.026315789473684206,7.024435758590698,0,1582AZl0hrMFq0o_sdc6NePo1284,1.0,1,3,1,
0,0,7.0169501304626465,0,11714vchzsnda6_BXJcN4y-b3241,1.0,1,3,1,
0,0,7.0699896812438965,0,708Hy1_nMQxQpRgTmBhJ1IB2858,1.0,1,3,1,
0,0.051948051948051945,7.024033784866333,0,17502DSDScCdCbid-xPukm5G3553,1.0,1,3,1,
0,0,7.115369081497192,0,15552yE_F-OkWgqqtdUwPtGF1351,1.0,1,3,1,
0,0.025974025974025972,7.011029958724976,0,2231oKXyKiZUC2dpEO9h9RY-4018,1.0,1,3,1,
0,0.05,7.244340181350708,0,2731HqkZcXQ2ghjXCopBDyf4879,1.0,1,3,1,
0,0,7.08876633644104,0,2508GyO7kZECUGQ3Ln8manrq1763,1.0,1,3,1,
0,0.028169014084507046,7.099071025848389,0,11714vchzsnda6_BXJcN4y-b3240,1.0,1,3,1,
0,0.04761904761904762,7.252037286758423,0,1472rUZfzrrFBRkQ2V9Nom352063,1.0,1,3,1,
0,0.026315789473684206,7.136907577514648,0,1362BPgQJxJaOhV-CP2tGeBk785,1.0,1,3,1,
0,0.06593406593406594,7.223376512527466,0,2594UqcL6N9Bq7ENoFzW00092405,1.0,1,3,1,
0,0.027777777777777776,7.163458585739136,0,2341Q2GfH2MypqPucUYoE69T3776,1.0,1,3,1,
0,0,7.05579686164856,0,2361c-8SrBx2PZDYVGvo5ybn3731,0.0,0,3,1,
0,0,8.995367050170898,0,636bdCEp-ei65RvphUV5kzu8,1.0,1,3,1,
0,0.026666666666666665,6.955831289291382,0,1353cuJ2B12zDs0aTs65HC-5813,1.0,1,3,1,
0,0.027027027027027025,7.130869388580322,0,9628yTL0M_7Lj--HbvNAKMl514,0.0,0,3,1,
0,0,6.978235721588135,0,26765i_aQSNS1WuOSbksxa7p1034,1.0,1,3,1,
0,0.027027027027027025,7.219811677932739,0,1615r-Z6NuO6cx_SWYHnunxF1195,1.0,1,3,1,
0,0,6.98701286315918,0,1168kp5b9nrZxT84IBjU96zK3248,1.0,1,3,1,
0,0.026315789473684206,7.059499502182007,0,2186_FLLcoz_UzJCVTV21EaN4129,0.0,0,3,1,
0,0,7.214036226272583,0,729mxVBV4LVflnVcZxNyg-P2802,1.0,1,3,1,
0,0,6.9963538646698,0,1565GCwUFVbdCdhcZ_GOztSL1322,0.0,0,3,1,
0,0.026315789473684206,7.1704723834991455,0,2715dw_ZC1DahbCczlDe5Yi7926,0.0,0,3,1,
0,0,22.498080253601074,2,14704QRXB2pWMRJUNrhyXKDZ2068,0.0,0,9,1,
0,0,7.065583944320679,0,2983UePrdFo_KyuxMZVfMyOL3902,1.0,1,3,1,
0,0.05063291139240506,7.188228130340576,0,1354mCWTp9JbO_9CEDgtcsqF809,1.0,1,3,1,
0,0.11111111111111112,7.016773223876953,0,66808P9Oq5Ku-ZS0_3Jlrau2955,1.0,1,3,1,
0,0,7.222950220108032,0,15314QMC--BggOkyoE34_Rfc1943,1.0,1,3,1,
0,0,7.020330190658569,0,1998tYHxV4GeHjIVsXiSo8Hr2212,1.0,1,3,1,
0,0,7.074283838272095,0,25102SwtlRVEiwDcKTiJMvjz1760,0.0,0,3,1,
0,0,8.859609842300415,0,5527xlxOUT-22yChZ-JdcpK252,0.0,0,3,1,
0,0.06896551724137931,7.058589220046997,0,1597nEqmtOHPo0XoNSnISrKk1244,1.0,1,3,1,
0,0,15.260254621505737,1,957C6c8UBXNxelvZ_YavK28529,1.0,1,6,1,
0,0,7.022449016571045,0,2123OTmL8FamXbZSNs3_HwHe1441,1.0,1,3,1,
0,0,7.236741065979004,0,1739w6-1RejjBE98uefpWvmD3585,1.0,1,3,1,
0,0,7.129672050476074,0,2985dy6AZ8KVp-M-A7SQvT8F3898,1.0,1,3,1,
0,0,10.316219806671143,0,1550GzjCBajsuSw_Bnhtl8WB1366,1.0,1,3,1,
0,0,7.138509035110474,0,1343QtMvat2gfyOpKcj4hGQk842,0.0,0,3,1,
0,0,7.225440740585327,0,2421v8dCeaZg9Ymh8vP7GbpI3612,1.0,1,3,1,
0,0.024390243902439025,7.000110864639282,0,9171SqPvS4Y9VVB9rn93Vi-2575,1.0,1,3,1,
0,0,7.128409147262573,0,984xM8OB5gvxHsdQmn1r-8F447,1.0,1,3,1,
0,0,7.2178051471710205,0,962NqL5Nn7k-2hfELK_z0pe513,0.0,0,3,1,
0,0.027027027027027025,7.117156028747559,0,1361l3EW8F-mTJt_YdXPsqHd787,1.0,1,3,1,
0,0.09876543209876544,7.243391752243042,0,1754c4L39ZzzXq71ZehR_uoC3542,1.0,1,3,1,
0,0,23.033827304840088,2,2101NmIr2aqU_7v2eE_aidH61505,1.0,1,9,1,
0,0,7.083257675170898,0,584OsnQDPEfdT3D-biv4Yg2157,0.0,0,3,1,
0,0,49.163715839385986,5,3010SprKLAHdowqTjGRQOf4i3838,0.0,0,18,1,
0,0,28.497028827667236,2,665rw55Ie4DPe0sqY77puig2964,1.0,1,9,1,
0,0.024691358024691357,49.48985314369202,5,1835FSurGzklPJM4MCko7da83344,1.0,1,18,1,
0,0.10101010101010101,47.18938159942627,5,2443eTrLtv9UbuEE_nR7dCeV1909,1.0,1,18,1,
0,0,46.61353302001953,5,2536UpX9Bg_Y08DDNzXdFiU_1689,1.0,1,18,1,
0,0.02247191011235955,45.8220636844635,5,2186ULHrp_lvPj5LDBoeTtdH4130,0.0,0,18,1,
0,0.026666666666666665,47.067716121673584,5,578M9mlC9utfrcwX6F1l7Jn174,0.0,0,18,1,
0,0,31.67251491546631,3,2070ak7o05iYQKrCn9M9TwT31591,1.0,1,12,1,
0,0,6.669986963272095,0,2476jZQD7x5reworgE-JOi2N1834,1.0,1,3,1,
0,0,6.585885763168335,0,992iTR1IjxbLP4VmHcDDPOa425,0.0,0,3,1,
0,0,6.625629186630249,0,1617DSC5R_p9RerIchibaVxE1187,0.0,0,3,1,
0,0,6.725225210189819,0,1621kehREtB2jwFxfLSb5njd1177,1.0,1,3,1,
0,0,6.796525478363037,0,2961ZnbcPJCiADt4D4VSwFvF3956,1.0,1,3,1,
0,0.03773584905660377,21.25287961959839,2,2714bDI6fIAZBhgsB3LbtItA929,0.0,0,9,1,
0,0,6.604861259460449,0,3018kZFSgaadxi0PtYR3mhFH3819,1.0,1,3,1,
0,0.03333333333333333,6.683039665222168,0,694HnOVoSnpyv6ljVHWDfeS2889,1.0,1,3,1,
0,0.03508771929824561,6.789787292480469,0,102860x28lgIYl08vHuvaK5q331,1.0,1,3,1,
0,0,6.654584884643555,0,2204OywqClhMtfHv_617FgzA4087,1.0,1,3,1,
0,0,6.816930055618286,0,1801GMGqWYEBcwKtk36fM4SD3431,1.0,1,3,1,
0,0.03389830508474576,6.57812762260437,0,2639Y4u-Qqri_Ci3GGBQDl9U1134,1.0,1,3,1,
0,0,8.39714789390564,0,2686JOWKciP4s6sWuWPuyo-d1005,1.0,1,3,1,
0,0,6.472987413406372,0,1447OPmuJcT_JIwnw1TrzHrh2118,1.0,1,3,1,
0,0,6.5667195320129395,0,1539fARKnR7H8s-gfUpW2rn21395,1.0,1,3,1,
0,0,6.738770961761475,0,907CG6Y0hTOIf2iMApGkPO72605,0.0,0,3,1,
0,0,6.4980480670928955,0,2208FuW7GAKFmCyvVin50esl4074,1.0,1,3,1,
0,0.03571428571428571,6.648028135299683,0,570lPdM0wYkCW3--bgqWmPv199,0.0,0,3,1,
0,0,6.572301149368286,0,2072z7yPHGlbkEuIidU7ws1C1584,1.0,1,3,1,
0,0.03571428571428571,6.54824423789978,0,26276wka1rfL0BiynIYM718e2345,1.0,1,3,1,
0,0.03636363636363636,6.659282684326172,0,1426fuexC-Dh-eLxD0l5Qoty609,1.0,1,3,1,
0,0.025,44.10842418670654,5,2695ZPNMDXJVWkSpBsIvWP2e979,0.0,0,18,1,
0,0,44.938034772872925,5,2505FyMeBIza_lW5D_Zn1Sgx1769,1.0,1,18,1,
0,0,43.24864339828491,5,1741XjQ2QM-7GtyfQYYY_fET3580,1.0,1,18,1,
0,0,42.53114867210388,4,561RShlPGzCfUPZQrUdWiIe227,0.0,0,15,1,
0,0,10.425832748413086,0,1034epoawfzg9BJTz2Ca4vrd314,1.0,1,3,1,
0,0,10.53761100769043,0,17796ulGE45jPxE9l8aLA4HP3476,1.0,1,3,1,
0,0.028985507246376815,45.08292555809021,5,1412q4IJJSwEUFoUq8DN4pFZ650,0.0,0,18,1,
0,0,42.901043176651,5,1390o9_Ny0o9guZOaXj0sbu7710,0.0,0,18,1,
0,0,43.10468530654907,5,543zehgCplVJZaqw9cOuxgf279,0.0,0,18,1,
0,0,207.23872542381287,5,1141-c26SVoXDsoOKAlJ_rik3328,0.0,0,18,1,
0,0,6.655436277389526,0,1983xyRNnTqnmKy_BKrNn_4L2234,1.0,1,3,1,
0,0,6.615505933761597,0,20135j_uI6Pa4xYoAfhT5RFW2185,1.0,1,3,1,
0,0.04081632653061225,6.647715330123901,0,1435rs_1B10Z6zpwn_c2KbLB588,1.0,1,3,1,
0,0.03636363636363636,6.812139511108398,0,2653pTmwhjVfxT1gFxGr49qQ1099,1.0,1,3,1,
0,0,6.563269853591919,0,2608eLuQvx4PuZ3GmN9QGr8z2370,0.0,0,3,1,
0,0,6.730709791183472,0,9567FV5fK_9tjWGUSOCiJM4532,1.0,1,3,1,
0,0,6.57610297203064,0,1823OCTxsYW2VwXgoqBEFKRB3380,1.0,1,3,1,
0,0,42.948107957839966,5,1482g7oHtVvZqKuuTZk40k9M2045,1.0,1,18,1,
0,0.030303030303030304,44.669769525527954,5,23400fYXPU8hPMma1dgBlkCK3779,1.0,1,18,1,
0,0.04166666666666667,42.21547818183899,5,2356xnurKXc7ANXfRPTMqta_3741,1.0,1,18,1,
0,0,6.609168291091919,0,989BVy7A3ta2RwmPxZ1Xrzc433,0.0,0,3,1,
0,0.07547169811320754,6.601981163024902,0,21855lm1aeumxPgLxhAZ4rsM4134,1.0,1,3,1,
0,0.07272727272727272,6.746162414550781,0,2640qGTRBDkuytVF7DgH9rac1132,0.0,0,3,1,
0,0,6.70354151725769,0,2220XTBfWE1kd1k80pKd_SFk4046,1.0,1,3,1,
0,0,6.78502345085144,0,1484LBCjE9GGNK0dm10EyT1L2042,1.0,1,3,1,
0,0,6.600527763366699,0,2166esJlNv4Wy062Kf9ux_964182,1.0,1,3,1,
0,0.0392156862745098,6.7359092235565186,0,1165vJ-Wr8WinYRSX1Q9stZi3257,0.0,0,3,1,
0,0.06896551724137931,6.6465983390808105,0,2654A6DJuqUHYjllfqY66FZQ1098,0.0,0,3,1,
0,0,6.6814844608306885,0,2993JuZ1oPVxXbMKQ5CDMb_03879,0.0,0,3,1,
0,0.04081632653061225,6.73962926864624,0,2671C6-T0tPIF_eRNZCOcYji1050,0.0,0,3,1,
0,0.04081632653061225,6.796251535415649,0,14796ofVvIsqSw1T0yJIXV-e2051,1.0,1,3,1,
0,0.038461538461538464,8.376280784606934,0,30373EtKFN1zd5WPODueptSp3787,0.0,0,3,1,
0,0,6.461844444274902,0,2544eSHJS5zzqCGOgk7Ye0SF2500,1.0,1,3,1,
0,0,13.673872947692871,1,2587B35iCZ4McbnvBlBd7adK2421,1.0,1,6,1,
,,,,9213Z63XI7LzEYgX3C6x0dw2562,,,,,Ollama request exceeded timeout limit for model stable-qwen with error: timed out
0,0,6.552249431610107,0,2530fo_aPuaSJ-EY05R9trs51703,1.0,1,3,1,
0,0,6.460091590881348,0,23650GFefFLGJfbuvjWASh6g3721,1.0,1,3,1,
0,0,6.640810251235962,0,9060M-eUQVT4tdQgPtZ-brd2607,1.0,1,3,1,
0,0,6.429176330566406,0,3038uk1Q8NYktJIx4u5Dtq-43786,1.0,1,3,1,
0,0.04166666666666667,6.435455799102783,0,887_9o_cHqtY2M45BDABDVl2657,0.0,0,3,1,
0,0,6.601305961608887,0,1344XccXLOM5JOB3u2zXEXnU838,1.0,1,3,1,
0,0,6.526825666427612,0,2151FyvnA441-0KcveL6NhEg4222,1.0,1,3,1,
0,0,6.642829418182373,0,2374SSI1oS9XmyEgbmaPIMGm3700,0.0,0,3,1,
0,0.056338028169014086,43.88424015045166,5,1580Swc8yb1vcok9FztLAWLx1289,1.0,1,18,1,
0,0,44.65961503982544,5,1227KkNbIayUtdm3fDCsgi_R3074,1.0,1,18,1,
0,0,42.93663835525513,5,2487r0FlOaT0cxfdf86hPkP-1812,2.0,2,18,1,
0,0.05063291139240506,43.42085909843445,5,2578y9zD7QdiguEv3Qrdgam-2439,1.0,1,18,1,
,,,,2522E6U2hOb5WtI8vVLyVfMP1727,,,,,Ollama request exceeded timeout limit for model stable-qwen with error: timed out
0,0,43.634891986846924,5,1605V68g1ARg__hMabvQP1me1223,0.0,0,18,1,
0,0,43.55573630332947,5,1138CmWVAsyJiAlk5YMGolJH3337,1.0,1,18,1,
0,0,45.20811223983765,5,1546DCalUExqBzLjIbfKVwJ-1374,1.0,1,18,1,
0,0,42.9507360458374,5,1551RTdCvKw-4XSQDEMwDw8W1364,0.0,0,18,1,
0,0,44.11482262611389,5,1596hz1gsYK5o6xA9WxD8x5Q1247,1.0,1,18,1,
0,0,44.23653841018677,5,2141Z5HcTv8ZIc2Hpqm-HQoq4249,0.0,0,18,1,
0,0,21.500415802001953,2,1512f5HEXhPfS3cf7nh-tboG1992,1.0,1,9,1,
0,0,13.980600833892822,1,8486FcfpGKVx1trsy0PGkDp2754,1.0,1,6,1,
0,0,6.6747705936431885,0,2353oF79-Zc0tRIFC0bsyHCL3751,1.0,1,3,1,
0,0,6.766396522521973,0,1398tbxE6rw4tRvgrp1PnRa7693,1.0,1,3,1,
0,0,6.702333927154541,0,14953SpgE208tpp7exNPc2yN2028,1.0,1,3,1,
0,0,6.720133543014526,0,2716pyHs3Lb2MevKvsruRxpf921,1.0,1,3,1,
0,0.033898305084745756,6.573170900344849,0,2527_1gwPfkH0sI_fNYkRULn1714,0.0,0,3,1,
0,0,6.695172071456909,0,1953bg5H8M8IKcos6Zpr7rJ82289,1.0,1,3,1,
0,0.037735849056603765,6.6835010051727295,0,2674p_1et1WpagnOWpkhuCFF1039,0.0,0,3,1,
0,0,6.707012176513672,0,1775dGCKacaEaf4vXnKBh4Rd3488,1.0,1,3,1,
0,0.06779661016949151,6.547558307647705,0,879e8JaFZiS1bIPJKfr-NO82676,1.0,1,3,1,
0,0,6.593033313751221,0,2054dYaTbGXvuHEu9KAgglUa1639,1.0,1,3,1,
0,0,8.306065320968628,0,939UKiLhBxA_KgLZ3hrXrJ0584,0.0,0,3,1,
0,0,6.477566719055176,0,575_whZmLvyvEEXouWkoc8Q184,1.0,1,3,1,
0,0,6.625561714172363,0,1833mBAvNL7f3ZCmej5PwbdX3352,1.0,1,3,1,
0,0,6.547968626022339,0,260778F0v0DAsxDp5cLyPs1O2375,0.0,0,3,1,
0,0,6.577486991882324,0,5727w28zIiNblkHmyplKA2z192,0.0,0,3,1,
0,0.1,6.677687883377075,0,2641luCyIUQH3LALHIuyhbkM1128,0.0,0,3,1,
0,0,6.5325469970703125,0,2605EHUeu9PLnQV7xV85uEAC2379,0.0,0,3,1,
0,0,6.729276180267334,0,1001W57bXvzsU7BsCan0XmdL406,1.0,1,3,1,
0,0,6.539562463760376,0,2074kJ6tj7m3dUealDR0iSOG1580,1.0,1,3,1,
0,0.037735849056603765,6.672478914260864,0,580nH6LvFdvuQbuzorAxkmf168,0.0,0,3,1,
0,0,6.575344562530518,0,638byj_HJNZPUDnv8F8TRia3039,0.0,0,3,1,
0,0.03571428571428571,6.579122304916382,0,2589xXJabxuTAbaSikLKRb-g2418,0.0,0,3,1,
0,0,6.6933205127716064,0,839nusntKDajSx2255RhZPf2780,0.0,0,3,1,
0,0,6.556350231170654,0,689K_UtF9KosnX3zeO2E8S92903,1.0,1,3,1,
0,0.037735849056603765,6.691165208816528,0,582uj-O_p2agIMaKLfVvt9q164,0.0,0,3,1,
0,0.039215686274509796,6.591692686080933,0,1781sbFFllrurUSJ_Gr41cCI3472,1.0,1,3,1,
0,0.10169491525423728,6.6414854526519775,0,1227qM25lwDT1HffYX7Q27LJ3075,1.0,1,3,1,
0,0,6.734607934951782,0,593JhF3rLLX0PCam0j2bU_P129,1.0,1,3,1,
0,0.0967741935483871,6.567798614501953,0,1977SlMmmlMBkQchcn7LpKOP2240,0.0,0,3,1,
0,0,8.657994985580444,0,1770rj6GQbTCC5Whkc2stQVr3495,0.0,0,3,1,
0,0,6.5001444816589355,0,2228Tic033jedplc8b6Uf0fN4027,1.0,1,3,1,
0,0,6.632335424423218,0,1177fONE_RDqWcxNV6IGBc0e3224,1.0,1,3,1,
0,0.03846153846153846,6.527041673660278,0,2086nxujZtZ3z2hM1YJJosdX1544,0.0,0,3,1,
0,0.03508771929824561,6.567169189453125,0,1745gouL95j9WGSnTgRSoegw3568,0.0,0,3,1,
0,0.03508771929824561,6.726018667221069,0,1513e32PRGagyhaNmp__k3W51990,1.0,1,3,1,
0,0,6.5952136516571045,0,2394bND9migU-q64-anVISkT3661,1.0,1,3,1,
0,0,6.670154809951782,0,1156df4-3lXjk7sDVJcyLHlO3282,0.0,0,3,1,
0,0.03508771929824561,6.581764221191406,0,15230_0x3zw-YpnxYNbwt3Hc1964,1.0,1,3,1,
0,0,6.699045658111572,0,1153qNeYaWgsWaP4fPq6Tjjm3290,1.0,1,3,1,
0,0,6.781016826629639,0,2130hnFIfjAqoSjF4izSr4Sg1421,1.0,1,3,1,
0,0,6.872522592544556,0,850EvvWq5cM1pQg86O2yHNg2748,1.0,1,3,1,
0,0,6.6503005027771,0,209479ecAuID6IOsgZlZzFI71521,1.0,1,3,1,
0,0.03703703703703703,6.7464165687561035,0,24874ZExUiMVxjjNDRJVHXGS1813,0.0,0,3,1,
0,0.03703703703703703,6.831631183624268,0,597fEYgqbkB93zL9E-hqzfg118,0.0,0,3,1,
0,0,6.626389026641846,0,2421aPJOo5UynG4APVgasKa53614,0.0,0,3,1,
0,0,20.64576506614685,2,18252TF4EJnWkvDxaV45VI1B3375,2.0,2,9,1,
0,0.10169491525423728,8.585330724716187,0,2205ENHOPLj9Z8oxm2fYD6lB4084,0.0,0,3,1,
0,0,6.4666454792022705,0,1615MK6ZFfIs7IFCYW4172gB1193,0.0,0,3,1,
0,0,6.696102857589722,0,1453zJFuwlSehscZJwrQDmDL2108,1.0,1,3,1,
0,0.03333333333333333,6.697028160095215,0,2351DjvHEkUCiDFMzqJ9zMhH3754,1.0,1,3,1,
0,0,6.621449947357178,0,2605xGWRPmjAX3zTTpbG5G9l2381,1.0,1,3,1,
0,0,6.797902584075928,0,1768-UuFG072H5O8Xrou6GUN3502,1.0,1,3,1,
0,0.03508771929824561,6.673135280609131,0,2231oKXyKiZUC2dpEO9h9RY-4017,1.0,1,3,1,
0,0,6.79119086265564,0,727txM-u642lp8qZYKtzIpe2807,0.0,0,3,1,
0,0,6.519203186035156,0,2081wGIIBL_5uHYg2-zjVmIl1558,0.0,0,3,1,
0,0.03571428571428571,6.5254199504852295,0,548Bj6ddRdZ8SW-Zzx6iTxc266,1.0,1,3,1,
0,0,6.880067825317383,0,145680wJT2OEc4U1fHPyTYZE2102,1.0,1,3,1,
0,0,6.621880054473877,0,1016CUBKrFMJ-UTMJxunATzk367,1.0,1,3,1,
0,0,6.79401707649231,0,586KitV3SprRbS0Gf9jJzYW152,1.0,1,3,1,
0,0,6.627064228057861,0,2735DkgI5gkdGxPwuyGQ7JAD869,1.0,1,3,1,
0,0,6.593723773956299,0,1430c-EOOP47sw8eHQFzvYMg598,1.0,1,3,1,
0,0.06557377049180328,14.21933627128601,1,846dI6s8NANbI0cXEx7WJXa2761,1.0,1,6,1,
0,0,7.180147409439087,0,2085feZV_pGZO7tqB0IDQrNw1547,1.0,1,3,1,
0,0.03636363636363636,7.116551876068115,0,1541LwNBuKx3059aO01FudyY1389,1.0,1,3,1,
0,0,8.88336730003357,0,11547MyYfAO2SJjFtK6lH5ci3288,1.0,1,3,1,
0,0,16.63440227508545,1,2203MPjw7wTHX4rxoiofFaQy4090,1.0,1,6,1,
0,0,42.23596906661987,5,2988TQKy1nIs2XH8-mdMN3js3889,1.0,1,18,1,
0,0.0625,33.21346354484558,4,952q3wHt8L32hYlTJgOO2ea543,1.0,1,15,1,
0,0,6.197477102279663,0,1942fMXkD48PYS9_snttkRcW2318,1.0,1,3,1,
0,0,6.216375112533569,0,1745gouL95j9WGSnTgRSoegw3569,0.0,0,3,1,
0,0,6.161538362503052,0,3009H9M_TNpQCxuXCdfB9kCI3841,0.0,0,3,1,
0,0.06060606060606061,6.226650953292847,0,1200iD_TbPSqREfeM3ey59wU3155,0.0,0,3,1,
0,0.07407407407407407,6.109241724014282,0,554G0DwZ6uy9_I1JG9mFLZL246,1.0,1,3,1,
0,0.052631578947368425,7.9610559940338135,0,939UKiLhBxA_KgLZ3hrXrJ0583,1.0,1,3,1,
0,0.06896551724137931,6.075048208236694,0,839Rfna-iwatxiFQqrCYY0U2781,0.0,0,3,1,
0,0,6.039280891418457,0,5657UgoubyECldzVKmY9qmK214,1.0,1,3,1,
0,0.06896551724137931,15.518203496932983,1,29814YmrvhgM84gEBT0lVxvw3907,1.0,1,6,1,
0,0,6.263384819030762,0,1632HqbVUHPq0ZhZ1rZNsIer1152,0.0,0,3,1,
0,0,6.0524070262908936,0,2978hzn_PZEX4hqXSKHGaNOE3915,1.0,1,3,1,
0,0,6.254803419113159,0,2211wsW8oNaSRcLGzwyfLWhi4065,1.0,1,3,1,
0,0,6.201909065246582,0,908xdqRRkv-zVIZg3ud9_Ve2600,0.0,0,3,1,
0,0.058823529411764705,6.464560031890869,0,2688HW0oYt08dER6A8d66xBp999,1.0,1,3,1,
0,0.0625,33.43724513053894,4,1378ks8fL5T0PZyVfKqdb0iq744,1.0,1,15,1,
0,0,6.229385614395142,0,29642huIUFSLiW4Z-VzxmaQN3948,1.0,1,3,1,
0,0.07407407407407407,6.0976643562316895,0,1017eL2V6EaaC3mujb7yaHfb365,1.0,1,3,1,
0,0,6.251554489135742,0,2128s7UxQvwrQLv520cobspK1425,1.0,1,3,1,
0,0,7.6832263469696045,0,1568HYHlm_FxJX3M17z-eEGK1313,1.0,1,3,1,
0,0,40.70936179161072,5,1000oBQNQPnj4fxpXtFV1g0J410,1.0,1,18,1,
0,0,19.83074927330017,2,1567MCg4A4v6mUllF_u88ECY1315,1.0,1,9,1,
0,0.048780487804878044,6.103580951690674,0,1170ckd0uh4YAd-bKWZ_EFml3244,0.0,0,3,1,
0,0,33.50001406669617,4,2623shbw3gotPnV5E6lvICWY2354,1.0,1,15,1,
0,0,6.188171148300171,0,1033Dt_nnXnaknyIGfmAyPvx316,1.0,1,3,1,
0,0,6.035674095153809,0,2491D5tYpL-3yfqE2nj5QqpY1803,1.0,1,3,1,
0,0,6.04974102973938,0,2542R6iFUQ8O7GJYAaso2x7o2505,0.0,0,3,1,
0,0,7.866515398025513,0,2943AMenEB3qMlqiQp1qO1LL3990,1.0,1,3,1,
0,0.13793103448275862,5.954960107803345,0,2089F_XURZ9rHNynDA6Fk8kX1535,0.0,0,3,1,
0,0,6.120460748672485,0,644XSfdx_-UeEKT5wI-qFNi3020,0.0,0,3,1,
,,,,1363vktTqXoQ53guY-ds-40F782,,,,,Ollama request exceeded timeout limit for model stable-qwen with error: timed out
0,0,6.194915771484375,0,1566GrfvtQHA0o-4EBsVEj541320,1.0,1,3,1,
0,0,6.031255006790161,0,619TPd5jEymGsYMQLGFu97J59,1.0,1,3,1,
0,0,6.100223541259766,0,2952PxQzPl1weI5LywNnDB1I3978,1.0,1,3,1,
0,0.058823529411764705,6.155636310577393,0,2442Qnq15H_ylz9SkgCBZcsE1913,1.0,1,3,1,
0,0,6.093686580657959,0,654kwApE8QgqJ8tbK-mNN-_2992,1.0,1,3,1,
0,0.13636363636363635,11.803388357162476,1,1002KIt7Nu7ZfjA3Xcxpj97S297,2.0,2,6,1,
0,0,6.06795334815979,0,1378FVemXRFOIu42MyzpJqK-742,1.0,1,3,1,
0,0,6.23359489440918,0,11978_NZ80-7iblXNygjG5Mj3166,0.0,0,3,1,
0,0.05405405405405406,6.22048544883728,0,950XV0yV8Nv3fzrlN4Kqx8l549,0.0,0,3,1,
0,0.10256410256410255,6.240552663803101,0,2210pb1OBuEFnf38HXMK9cDk4067,0.0,0,3,1,
0,0,6.176692724227905,0,988aqEFeThHG5fa_FOI-9nu436,0.0,0,3,1,
0,0.07142857142857142,6.217897891998291,0,2091kDMDjhUS9p5SR35iSJSB1530,1.0,1,3,1,
0,0.1,6.068196773529053,0,1546qtYa8CJzD3uH6TiJXvze1376,1.0,1,3,1,
0,0,6.0221452713012695,0,24726EVZOTD_h6siRGcBY7421847,1.0,1,3,1,
0,0,7.906000137329102,0,675_FqvNQZTBsCZpYPH5nqZ2940,1.0,1,3,1,
0,0,5.980627059936523,0,1481lRxKJ4SCFwVtDawsQTQ52050,1.0,1,3,1,
0,0,6.098058700561523,0,895k7Ew0cYqIMSeug0izAue2639,1.0,1,3,1,
0,0,11.642926931381226,1,1589mo7D-joKXh635Vo4Jd911265,0.0,0,6,1,
0,0,6.105718374252319,0,2368ntygnzFhoyFjtl0dQR5j3714,0.0,0,3,1,
0,0,6.047822713851929,0,1387YoNwFgU_hCV3WDkM6HFk719,1.0,1,3,1,
0,0,6.173858165740967,0,2107a4gQhq9F4QB4GLnMXPaW1488,1.0,1,3,1,
0,0,5.99237847328186,0,933qJ_cJ76FwsBPiiLu0Xrq2531,1.0,1,3,1,
0,0.052631578947368425,6.151373624801636,0,1963LYeJkFeQGNvt6xtitv6o2269,1.0,1,3,1,
0,0,6.08697772026062,0,849q68W7IxX8-DQe5gM8Mee2751,1.0,1,3,1,
0,0,6.078111171722412,0,2478ulEtsZsxkcgly7IxV7jm1829,1.0,1,3,1,
0,0,6.161265850067139,0,981F93-pjjKms7jx4e2JVzV457,1.0,1,3,1,
0,0,6.052139520645142,0,1211dK689o_XIpcycpxIDkq73123,0.0,0,3,1,
0,0,6.253918170928955,0,2349W1NLUpl_WH7i4VoPLqnU3760,1.0,1,3,1,
0,0,6.016497373580933,0,1184IFWR2g9AMga2310WLeh-3203,1.0,1,3,1,
0,0,6.288051605224609,0,544X_IXXl6r0vsnj8_6w-DC276,0.0,0,3,1,
0,0,6.311092853546143,0,25102SwtlRVEiwDcKTiJMvjz1759,0.0,0,3,1,
0,0,6.021008014678955,0,976KjGSHiXVJquk0v7AoM1M472,1.0,1,3,1,
0,0,7.908986568450928,0,1969B-l4yMGmpCrAYhYnUn2f2256,1.0,1,3,1,
0,0.0625,5.947940111160278,0,609MyQ372LLBdo0DkE0M__Y86,1.0,1,3,1,
0,0,6.134531736373901,0,25344_c4EKxXkhoNEuEogKpb1694,0.0,0,3,1,
0,0.052631578947368425,6.114665985107422,0,2643UpH1vcnmDtWFzogLQYIY1124,0.0,0,3,1,
0,0,6.017611503601074,0,721VypFcthFDdl_lwMk-Dld2825,0.0,0,3,1,
0,0,6.175769805908203,0,630KO8LeHoKQQj6c-87zNrm25,1.0,1,3,1,
0,0,6.085948467254639,0,2942BxApb_UbjTvQ96MuGzKL3992,1.0,1,3,1,
0,0,6.267267227172852,0,1212hhFWBwzJe1lv_Eg5jMV43121,0.0,0,3,1,
0,0,6.074066877365112,0,5460SSbREtZ85AA4OPt7HWf271,0.0,0,3,1,
0,0,6.052268028259277,0,1478tvkHc8K4YOVkppLRsZg02053,0.0,0,3,1,
0,0,6.230999708175659,0,26881eBzp0z_d9DKF9jbPHdz997,1.0,1,3,1,
0,0,6.467440366744995,0,2966PxwWVFmyQuTm3V_AixtQ3941,1.0,1,3,1,
0,0,6.178956985473633,0,3024vebeD9iQI76TQyghore-3809,1.0,1,3,1,
0,0,6.1691882610321045,0,156057Z3OOwBTdwP-hDQ9L4U1338,0.0,0,3,1,
0,0,6.225492000579834,0,1183U1zI1TbGdaZR1adOMYQM3208,0.0,0,3,1,
0,0,6.153956890106201,0,1002OYjKgvY_WrTVyv0BBUq7299,0.0,0,3,1,
0,0.0625,6.195727825164795,0,606roVNp96vZ78RGlrTQ53w93,1.0,1,3,1,
0,0,9.102703332901001,0,6431yy3yc3FNPTLXLaeEuNd3023,0.0,0,3,1,
0,0.058823529411764705,9.735299110412598,0,11881tCMe4yHOSjaL320WzSI3192,1.0,1,3,1,
0,0,11.30133843421936,0,1438pakrvpuzI9RRVwHckRIx2138,1.0,1,3,1,
0,0.06451612903225806,9.334624528884888,0,3017aHeDCc1uLRI2rnBry2uw3824,1.0,1,3,1,
0,0,9.40299129486084,0,654kwApE8QgqJ8tbK-mNN-_2991,1.0,1,3,1,
0,0.06666666666666667,9.653013229370117,0,1988Igeg6-NlxrBYydVdXS7P2222,1.0,1,3,1,
0,0.12903225806451613,9.455645084381104,0,1425TtGxf2tlcnPvhwxputXV613,0.0,0,3,1,
0,0,29.97023367881775,2,2376Yb5AiC3i4WBM8VzRNZY73697,0.0,0,9,1,
0,0.07142857142857142,9.4063401222229,0,1397uK17KbqMDLHfC2NAWiR6695,1.0,1,3,1,
0,0,9.322430849075317,0,25892BdyogDeDaH4qKuHuejD2416,1.0,1,3,1,
0,0,9.484951496124268,0,617Cr5Di8JK77DxoWqJstg063,0.0,0,3,1,
0,0.06666666666666667,9.452288389205933,0,1030cFCd9o4jSm3pwYZj572K325,0.0,0,3,1,
0,0.06060606060606061,9.929775476455688,0,1023T61MYdUxsFVCRfnKl5B0345,1.0,1,3,1,
0,0.1142857142857143,9.488185405731201,0,2026zJrmduCm9hHKpRPQmbO92161,0.0,0,3,1,
0,0,9.464824676513672,0,700tmK8lIDPegKV5YWqGaiF2879,0.0,0,3,1,
0,0,9.798421382904053,0,2551pxDvmDEe_JDrvTqX24D22487,0.0,0,3,1,
0,0,9.455150365829468,0,2444VM3M-Xnaa4T5rEXxP45X1907,0.0,0,3,1,
0,0.06451612903225806,9.559909105300903,0,2154XCCxKaIJfCwnJBnIB3GZ4212,1.0,1,3,1,
0,0,9.507321834564209,0,9901bDIlgQKtM_dfl7Uf_OW430,1.0,1,3,1,
0,0,11.37565803527832,0,17985Atzpv_Cl5kZaV6I1DDD3435,1.0,1,3,1,
0,0,9.317923307418823,0,2459yGIZYbTkrltaJKti9_A91874,1.0,1,3,1,
0,0,9.345371961593628,0,2954-VZXI9P-GsKgXpM-SeBu3974,0.0,0,3,1,
0,0,9.590085983276367,0,1368uHWjPP6hjmEyI0Uea54f767,1.0,1,3,1,
0,0,9.400306940078735,0,733LbQvJbQviVsKR9L4LKL42794,1.0,1,3,1,
0,0.13333333333333333,9.524174928665161,0,1965XlnqIGyuwSvdQjdZBJ8t2263,1.0,1,3,1,
0,0,9.365047693252563,0,915d8Oia461zr-zFU7YlBFP2579,1.0,1,3,1,
0,0,9.430215835571289,0,873MgMnuCFZMazeJj3xQgmP2691,1.0,1,3,1,
0,0.05128205128205127,9.491668939590454,0,2399XuEIJxgcgTMpsR30h5fe3650,1.0,1,3,1,
0,0.07407407407407407,9.284501314163208,0,2068uWPVT6KFb2RlmGRQ3Gd11596,1.0,1,3,1,
0,0.07407407407407407,9.494458675384521,0,2053DCa4BLCC5EEQ8l7BVnnp1642,1.0,1,3,1,
0,0.06666666666666667,9.346166610717773,0,2372wmeJzVxcbD7y5WKCYxFf3706,1.0,1,3,1,
0,0,9.537024974822998,0,1343aQ-H4pOOQAkzk_nGqXjS841,1.0,1,3,1,
0,0,9.438841581344604,0,608gV4102XR4M0gHYWcFHGa87,1.0,1,3,1,
0,0,9.361567497253418,0,1938GA7QJ14ul7rDZvw7Nb9o2325,0.0,0,3,1,
0,0,9.560391664505005,0,2386OzyZ6cB3KyNaABd4tv5Q3677,1.0,1,3,1,
0,0.10256410256410255,9.450891733169556,0,682I2vidJcfbbqgpGrTK1XG2920,1.0,1,3,1,
0,0,9.536506175994873,0,1163WM0PVD9qbxkmDaQOIW7Y3264,0.0,0,3,1,
0,0,30.633875131607056,2,1952E_c11l4SYGwOptcc2H_t2293,0.0,0,9,1,
0,0.15789473684210525,9.349231719970703,0,20197usgJIJQ8MWVNmERwalT2177,1.0,1,3,1,
0,0,9.483773708343506,0,2073z-IROD_SxTTIHVa0x2-Q1582,1.0,1,3,1,
0,0.07142857142857142,9.378555297851562,0,555nDtJus6avaCXIDI-gkXA243,1.0,1,3,1,
0,0.07407407407407407,9.558879375457764,0,1431LwnZzI0C2DsQ2UrzmNgf594,0.0,0,3,1,
0,0,40.99216437339783,3,895GTgHWgOsJfWGzfuk0cBw2640,1.0,1,12,1,
0,0,18.978302001953125,1,2046GP7dC5MYUxEjhVaMxjWJ1659,1.0,1,6,1,
,,,,2499V-2FlPo6WVsoWpisdH6C1784,,,,,Ollama request exceeded timeout limit for model stable-qwen with error: timed out
0,0,9.563591480255127,0,23386xE0NbvZWVPZakM8re8C3784,1.0,1,3,1,
0,0.06896551724137931,9.480574369430542,0,2391ePMyIq2X1JLq1967u6CY3666,1.0,1,3,1,
0,0,9.525339126586914,0,979hdglxJn8R-0hBhG7P5nM464,1.0,1,3,1,
0,0.06896551724137931,9.422831535339355,0,2067uWqaniNc-8EtEG0cv8d01599,0.0,0,3,1,
0,0.07142857142857142,9.559546709060669,0,1208ZxTFiASsvA8kMOYqhRyK3133,1.0,1,3,1,
0,0,11.058347463607788,0,2405YFMjEJVJ19AfwfKdE_bL3638,1.0,1,3,1,
0,0.0625,9.334277153015137,0,588FFiBS7n4Z9PvHg-vk3Ri145,1.0,1,3,1,
0,0,9.484704971313477,0,2673FDf451ZmX7vXALugyB1a1043,0.0,0,3,1,
0,0,9.456425905227661,0,2108xKVGNBGadZC0TWhSQviQ1483,0.0,0,3,1,
0,0,9.41768765449524,0,156057Z3OOwBTdwP-hDQ9L4U1337,0.0,0,3,1,
0,0,9.400096654891968,0,1153iDMvxLm4_lq7OZxrcPwi3291,1.0,1,3,1,
0,0.05128205128205127,9.426556587219238,0,1941vdbzlN7oVltmEKX-YLNT2320,1.0,1,3,1,
0,0,9.517641305923462,0,22353xyc8AR6WxpoF2OKgYnG4006,1.0,1,3,1,
0,0,9.407835006713867,0,1532jmPrtawUKEP8PbFN0KA51941,1.0,1,3,1,
0,0,9.537473201751709,0,2364oU8m6CS05FyyuZgf1_IG3724,0.0,0,3,1,
0,0,9.421305418014526,0,20834ruTF1RWWFPVpeiVYmwK1553,1.0,1,3,1,
0,0.06896551724137931,9.658282995223999,0,2998eOTOpuoi6pcPY7lXKHLZ3868,1.0,1,3,1,
0,0.04651162790697675,9.419422626495361,0,613XW7YAciAiMgfISN_tpEO76,1.0,1,3,1,
0,0,9.419677495956421,0,1169sLy1F9DsgmSEU3gCb28W3246,1.0,1,3,1,
0,0.125,9.651211738586426,0,2649du0NVM86G2VsbeYMwrgl1109,1.0,1,3,1,
0,0,9.586647272109985,0,15715bk_bkzCsTkEKHc-4BgP1308,0.0,0,3,1,
0,0,9.511797428131104,0,709ZYekPZmIHVZUS0oAXArM2856,0.0,0,3,1,
0,0,9.793887853622437,0,2031SeyVh-govknTHJdzCd5x2149,1.0,1,3,1,
0,0,9.350002527236938,0,984CNpDqalkISFG_gY2XwD_449,1.0,1,3,1,
0,0.07142857142857142,11.215241193771362,0,2727JkYnxxl8d_jUsjzpRwXm893,1.0,1,3,1,
0,0,9.395703554153442,0,15573dHdiCo9iVvktQEFAE5h1345,1.0,1,3,1,
0,0,9.458103656768799,0,659fIQxckVQ8kQLQWyiAcB82980,1.0,1,3,1,
0,0.06896551724137931,9.384992599487305,0,2630aXuhB9uY_8J6EHtO6-Mr2337,1.0,1,3,1,
0,0,9.486871480941772,0,2473I_8F1yJw7g41cfbvdciy1844,1.0,1,3,1,
0,0,9.337849855422974,0,2420arevHpIfCSerP3MdIRta3615,1.0,1,3,1,
0,0,9.411600351333618,0,843WSwRhwEu22UV7c_-UxnD2768,0.0,0,3,1,
0,0,9.663799524307251,0,1219odhtmia1JdsfFwCJXe5O3098,1.0,1,3,1,
0,0,9.487344741821289,0,1152CwAbYMM50m_imGCtX8jF3293,1.0,1,3,1,
0,0,9.561842441558838,0,15886mL2IQG8B6jETUgnOHZc1269,1.0,1,3,1,
0,0,9.436890840530396,0,1234WIzl7ElikCCPk4gA-7ua3058,1.0,1,3,1,
0,0,9.355448722839355,0,25135YWzIpnXIrhMAoH0h6tB1752,1.0,1,3,1,
0,0,9.515295267105103,0,2473I_8F1yJw7g41cfbvdciy1845,1.0,1,3,1,
0,0,9.405258655548096,0,13562fQ6wZGlmwHe0KMgKqQ4802,0.0,0,3,1,
0,0,9.506233215332031,0,2145sC266Uf0RNluKT7FLFAv4236,1.0,1,3,1,
0,0,9.435194492340088,0,2709l9BXzPyNws7gAw46g8eL943,1.0,1,3,1,
0,0.16129032258064516,9.60135793685913,0,2448cpYalEhOyaX7nVOEWjj31900,1.0,1,3,1,
0,0,9.453943490982056,0,857_7Nv3vFr25l0dhIhFy_82727,1.0,1,3,1,
0,0,9.401490211486816,0,658XMVOSc2EDbG6L6Fxkc3G2984,0.0,0,3,1,
0,0.05128205128205127,21.32851767539978,1,24057YiGguOU4QpG_Wn3OHra3639,1.0,1,6,1,
0,0.06666666666666667,9.44533395767212,0,3014BDldoLr7qRhv_7TSXE6q3832,0.0,0,3,1,
0,0,9.295001029968262,0,989l-L43EQr9gwIj8urs_ta432,0.0,0,3,1,
0,0.06896551724137931,9.377481937408447,0,945US4EY2sSosbMTVy_bzAD564,1.0,1,3,1,
0,0,9.586863279342651,0,1484LBCjE9GGNK0dm10EyT1L2043,0.0,0,3,1,
0,0,9.425647020339966,0,1176A_9vaJNosqGkXRVsziub3227,1.0,1,3,1,
0,0,9.496244668960571,0,1534DljtGtyMC7VBZ7LOjAQY1936,0.0,0,3,1,
0,0.06896551724137931,9.441020727157593,0,941qAh1ZQv3LHBcrNhFMIpF576,0.0,0,3,1,
0,0,9.500385761260986,0,2963SvvO1TYX7ABi60_kmjOW3951,1.0,1,3,1,
0,0.0625,18.372546672821045,1,25369eavZOrMspyuwUfYt25g1688,2.0,2,6,1,
0,0,9.556793451309204,0,1361J6GUEFw0eUjZYJ4tiHvB789,1.0,1,3,1,
0,0,9.515631198883057,0,539W46MSJwTdnqptRMTDZ5i291,1.0,1,3,1,
0,0,9.596999883651733,0,2733NKE9l-FIURwp5kMM_ty2874,1.0,1,3,1,
0,0,9.457122087478638,0,1599HSzSTRtnTI56md6V7-t-1239,1.0,1,3,1,
0,0.09756097560975609,9.42173957824707,0,1441MCBHwz4mlshCsnGFlkHe2130,0.0,0,3,1,
0,0,9.599642038345337,0,3028tKME3xmEIFzACt6fT95u3800,1.0,1,3,1,
0,0,9.459632635116577,0,2649du0NVM86G2VsbeYMwrgl1108,1.0,1,3,1,
0,0.0625,11.222566843032837,0,133872Mtqyb09KyYyKdDni5N858,1.0,1,3,1,
0,0.06896551724137931,9.376349925994873,0,1743g-gnR1iSF9jlsKTC_sPk3573,0.0,0,3,1,
0,0,9.42018175125122,0,67563V9Jr6L6R2D0ymJM0Y-2939,1.0,1,3,1,
0,0.07407407407407407,9.253227233886719,0,1966vorrM41EahptwctgnTjv2262,1.0,1,3,1,
0,0.0625,19.60745406150818,1,2442O-F2YezfPTPaci1R28vY1912,1.0,1,6,1,
0,0.10526315789473685,9.403431177139282,0,22235lwUx01x9_1JlfE_OedT4042,1.0,1,3,1,
0,0,9.546302556991577,0,1558nZ4e9hyDysgIXtjrdr1k1342,1.0,1,3,1,
0,0,9.466240644454956,0,1143GfNyvAU7ymTE77VLNZnG3321,1.0,1,3,1,
0,0.15384615384615385,9.374778270721436,0,1377MSN5P9oksYJneDnSmHM3747,1.0,1,3,1,
0,0,9.56234884262085,0,2629GQD7koFMwyiUTeUEaCv82340,1.0,1,3,1,
0,0,9.429079294204712,0,2398cHxKpmXAoKYK97Ln3GA23652,1.0,1,3,1,
0,0,9.598420143127441,0,2639bkXWs91YZSHduhAO93vu1135,0.0,0,3,1,
0,0,9.446639060974121,0,1569Ht4xo6nEjNKzw9OyGAql1309,0.0,0,3,1,
0,0,9.496896982192993,0,2994mHjER7-9C4dmnyiiHwVD3876,1.0,1,3,1,
0,0,9.389371395111084,0,1197ycLPMsis4jTkwSPiz6RD3164,0.0,0,3,1,
0,0,9.506246328353882,0,654LwM3OC8BHTl_TVgTJuoF2990,0.0,0,3,1,
0,0,9.796681642532349,0,91489gYi_bXEz_5f9xGfB8j2583,1.0,1,3,1,
0,0,9.446645736694336,0,15208OmvhIK608dqFRGSSOAV1972,0.0,0,3,1,
0,0.06060606060606061,11.293183326721191,0,1819Mz9_et-ab6SF7qwOOuB33386,1.0,1,3,1,
0,0,9.370246887207031,0,1461b77FDHPFXFe4yi5Nhcwr2092,1.0,1,3,1,
0,0,9.348636388778687,0,13946HYMoyH_5YN47EsUiywo704,1.0,1,3,1,
0,0,9.546786069869995,0,2988o2Tx-xSKGXrXuofncBnZ3888,0.0,0,3,1,
0,0,9.802021980285645,0,2433XfYtnZCXUsAMbQw-Qmvr3596,1.0,1,3,1,
0,0,9.515500783920288,0,1817S4YdUgIpGi5YXH0jwLkQ3391,1.0,1,3,1,
0,0.0625,9.375611305236816,0,1805f28kB0QsdrrJaSbyx3nC3424,1.0,1,3,1,
0,0.06666666666666667,9.553517580032349,0,1505bna2sA0Za87BSd9REwkK2010,1.0,1,3,1,
0,0.05714285714285715,9.402020931243896,0,2475OSfljvtxbxq6XRCvWHgr1837,0.0,0,3,1,
0,0,9.433261156082153,0,903d3S0iJZYbioutIfyZx9E2615,1.0,1,3,1,
0,0,9.569667100906372,0,1529gQToGseAQ0_-DRta9yac1949,1.0,1,3,1,
0,0.06451612903225806,9.427806615829468,0,2163prpiVkHoWAkyQR6_xuQb4191,1.0,1,3,1,
0,0,9.556740045547485,0,1453zJFuwlSehscZJwrQDmDL2107,1.0,1,3,1,
0,0.12121212121212122,9.718938827514648,0,6051HWp8diqm_U2xVdalV6U97,0.0,0,3,1,
0,0,9.835444927215576,0,925n35w1SDxy9hu-BoGzQhT2552,1.0,1,3,1,
0,0,9.508493661880493,0,624IMVlhXqEDrP4UTYdjFBl44,1.0,1,3,1,
0,0,9.436684846878052,0,1381nh2SdDr2eWku393B09QY735,0.0,0,3,1,
0,0,9.577903032302856,0,918QqxhdE7q7zGH9LNONh2w2570,1.0,1,3,1,
0,0,9.474463701248169,0,2209BDzn0SpuYmXdWVg9Z1Hy4072,0.0,0,3,1,
0,0,11.225212335586548,0,2969gQlMvd6FhSZMcTlnE-C13936,1.0,1,3,1,
0,0,9.421040534973145,0,1826-5gZY7Lc4gn0qD-o6_To3371,1.0,1,3,1,
0,0,9.911966800689697,0,1155buq6aWlaQuO1-Win_xed3286,1.0,1,3,1,
0,0.058823529411764705,9.520093441009521,0,2015WJQ6AfHutHfsyi2M-HtJ2182,1.0,1,3,1,
0,0,9.291991233825684,0,20814-Xp7gQ0gpoeNufV1CCM1557,0.0,0,3,1,
0,0,9.528041362762451,0,691pqnhMyJfTBtJrs_4z71s2897,0.0,0,3,1,
0,0,9.433840274810791,0,2155ZEIUMmffTYNXBH3uiR8c4209,1.0,1,3,1,
0,0,9.391303300857544,0,1542RhDswvJFqP2Jq9iUFinr1386,1.0,1,3,1,
0,0,9.522920608520508,0,1471q7bJiZQDI20zdeWOjTxp2067,1.0,1,3,1,
0,0.06896551724137931,29.72042417526245,2,1504hlqci9hC_wlnWXFEJjtG2012,0.0,0,9,1,
0,0.16216216216216217,18.923178911209106,1,1034wHnCBpfrzubpIdoRKWKA312,0.0,0,6,1,
0,0,9.391529321670532,0,1151R3T8HOlw_qdMmdrBoT543297,1.0,1,3,1,
0,0.0625,19.81360387802124,1,948uYfQaDqdMCAYnSxY-SL1557,0.0,0,6,1,
0,0,9.499307632446289,0,568riF6WKYPtmQvPRer2HKt205,0.0,0,3,1,
0,0.16666666666666666,9.425421237945557,0,602gS9orzSbPkJ3cqNbO8j_104,0.0,0,3,1,
0,0,11.260678052902222,0,1153iDMvxLm4_lq7OZxrcPwi3292,1.0,1,3,1,
0,0.125,9.317042350769043,0,2180sY_3Ea7lN3cAxecHCD0Z4144,0.0,0,3,1,
0,0,9.31707239151001,0,17575vjW6q5vpBlTdRADa0J73533,1.0,1,3,1,
0,0,9.676083087921143,0,2624iiqNCKQgjCP_ToRoxVcp2351,1.0,1,3,1,
0,0.05405405405405406,9.479821920394897,0,1009Uk9DWEoZIQcw717YJKbT386,0.0,0,3,1,
0,0,9.546742916107178,0,916HouNf3Zihi-QrcktYOJO2578,1.0,1,3,1,
0,0,9.415823459625244,0,559ldmP2ngc1Q7BVHfHwYZC233,0.0,0,3,1,
0,0,9.422663927078247,0,1199nIbUtObyZOiLZVUYMs653158,0.0,0,3,1,
0,0,9.569566249847412,0,2057JTrMpRMQ_nlV6rjSFX2Z1629,1.0,1,3,1,
0,0.06666666666666667,9.413180351257324,0,1374yoc9nWJdr9ATgDMv2vDw751,1.0,1,3,1,
0,0,9.537328481674194,0,1837DjnvLKs92-s8s-2bK5zI3339,1.0,1,3,1,
0,0.07407407407407407,9.455121755599976,0,23807v22XvrUQTol7Th3lJWE3687,1.0,1,3,1,
0,0.08163265306122448,9.466967582702637,0,14983XjeUEukDaw3K-IUo4aw2024,1.0,1,3,1,
0,0.12903225806451613,9.618306636810303,0,1017yXOYCLYZzxUNNXCwSOw5363,0.0,0,3,1,
0,0.07142857142857142,9.420317649841309,0,3025_iaJPF1EGsooMPEGZwvG3806,0.0,0,3,1,
0,0,9.534673929214478,0,987bTlOLptWnZwVJGOtDfda438,0.0,0,3,1,
0,0,9.405717134475708,0,2397ngYUHwjsIyhb2KRudMVS3654,1.0,1,3,1,
0,0,9.584239482879639,0,2629GQD7koFMwyiUTeUEaCv82339,1.0,1,3,1,
0,0,11.150386571884155,0,2118jdsykE0McP5cAZxVpo2d1455,1.0,1,3,1,
0,0,9.398243427276611,0,2363jyeSrDuTiJf_bqAPDD473726,1.0,1,3,1,
0,0.05555555555555555,9.530673742294312,0,2183w23owTHpXeij1zV_FDX74135,0.0,0,3,1,
0,0,9.376221418380737,0,665QURdf6UuEnoJsKOV4YtB2962,0.0,0,3,1,
0,0,9.508681535720825,0,1545g1Tb818_JNDAuQjE--ZZ1378,0.0,0,3,1,
0,0,9.409539699554443,0,2733NKE9l-FIURwp5kMM_ty2875,1.0,1,3,1,
0,0.06060606060606061,9.449316263198853,0,914b0zdkdwAh3xlbhnY8du72582,1.0,1,3,1,
0,0,9.53661036491394,0,2425oi8tztQpIN1A44b1j3AL3606,1.0,1,3,1,
0,0,9.502383708953857,0,1814rsETf2eToNtZrivLqKSE3400,1.0,1,3,1,
0,0,9.499138832092285,0,1476m9DFMcKpET2GRr7cT4FS2057,1.0,1,3,1,
0,0,9.399967193603516,0,23683s2xe5bz2so10XGK2qBO3713,0.0,0,3,1,
0,0,9.59686279296875,0,951QRsnzHPzlTm1kJw2YlVa547,1.0,1,3,1,
0,0,9.445223808288574,0,11560sYYJxTrE--1-2sMNJ953281,0.0,0,3,1,
0,0,9.45521330833435,0,3015gokJ7rr6uB6YTy3Khm0u3828,0.0,0,3,1,
0,0.0625,9.579073905944824,0,2139x2uHOpf3opRosVHKHI5y4250,1.0,1,3,1,
0,0,9.771457433700562,0,1348pryWv6mij3utlHnSurED826,1.0,1,3,1,
0,0.1111111111111111,9.570341110229492,0,1950b8OIQ8bzZrEdme_QFejW2298,1.0,1,3,1,
0,0,9.460258483886719,0,1237yuti7VE1972UnCfqAN7V3047,1.0,1,3,1,
0,0,9.41862964630127,0,2053ydHY-RsjDaaTRo5IttrE1640,1.0,1,3,1,
0,0,11.255500078201294,0,1759y5yGptDhTmoTR_wEuxlL3528,1.0,1,3,1,
0,0.09523809523809525,9.280551195144653,0,2655YDVlTu5g8XP-s_xoiAGt1094,0.0,0,3,1,
0,0,9.458883047103882,0,1226VvNg35i87Jc0HRevhBIp3078,0.0,0,3,1,
0,0,9.355102062225342,0,1172cnB3XirJLf2l_lj2h1NR3238,0.0,0,3,1,
0,0.07142857142857142,9.48904824256897,0,1513e32PRGagyhaNmp__k3W51991,0.0,0,3,1,
0,0,183.465350151062,5,646OD5224k55Wh4kR-RsWPl3015,0.0,0,18,1,
0,0.02380952380952381,65.00936007499695,5,2080DF2p6ax3v1-aUbtGWT4O1562,1.0,1,18,1,
0,0.026666666666666665,66.07075428962708,5,2502zG6K8It4JMfa8UrkdPdw1775,1.0,1,18,1,
0,0,66.33893156051636,5,25018IwgMznLBiuCDIKcy_yK1777,1.0,1,18,1,
,,,,1214Ok_4GK2IaQBQ79ypkNPy3114,,,,,Ollama request exceeded timeout limit for model stable-qwen with error: timed out
0,0.02061855670103093,68.23725318908691,5,2187gvsT7evQEJ8hMJqK5EHQ4126,1.0,1,18,1,
0,0,72.24019432067871,5,2393dPWkz_403rASrRrq7O713664,0.0,0,18,1,
0,0,72.86070394515991,5,1610lit-PZD9j4XnYX8iyzdL1208,1.0,1,18,1,
0,0,37.17981672286987,2,1458iv0WdN_NvJkFoTdqCZ_Q2098,0.0,0,9,1,
0,0,83.59728074073792,5,234909hrgzPVzcKNSXWO1ok-3759,1.0,1,18,1,
0,0,80.16425848007202,5,1371VdM9y71lHCPan3KXr3WS759,1.0,1,18,1,
0,0.024096385542168672,78.38255333900452,5,25586lylI6AjP0zEVdJqgXCx2474,1.0,1,18,1,
0,0,76.57380795478821,5,2155b4lPV6COMDxcEuBc4bUB4211,0.0,0,18,1,
0,0,15.412471294403076,0,640UbntiFko68p3ukz6iGpI3034,1.0,1,3,1,
0,0,79.30485010147095,5,3036vybNVfi22WAmwyXaCyoP3790,1.0,1,18,1,
0,0,79.04536819458008,5,735vGzQ3nCx9nbWxB-Wes4C2789,0.0,0,18,1,
0,0,81.26055002212524,5,5401-KQtKiJkYnkPCmw8hgz289,1.0,1,18,1,
0,0,79.35604476928711,5,861-dKB_3BSzYCaSTRw8Av_2715,1.0,1,18,1,
0,0.011976047904191617,75.97288846969604,5,8486FcfpGKVx1trsy0PGkDp2755,0.0,0,18,1,
0,0,75.22184538841248,5,1229AbP35CEyoMV2CzyjH6_q3070,1.0,1,18,1,
0,0,77.32579350471497,5,1148Ml3yo3KDCBBSJoQQlyFc3305,0.0,0,18,1,
0,0,78.5603301525116,5,842c07Yh3NdidKu-h5mkQl02771,1.0,1,18,1,
0,0,25.156933307647705,1,1400uU3CM_7LdMUuWkvkQxxM686,0.0,0,6,1,
0,0,77.39292645454407,5,1567OzoMV2H8D1C1oKf9kJ7U1316,0.0,0,18,1,
,,,,27282z0c8x28uAuDYrTlxOP-890,,,,,Ollama request exceeded timeout limit for model stable-qwen with error: timed out
0,0,57.15859293937683,5,1792pLMxkyBoluA32NPBVhWK3449,0.0,0,18,1,
0,0,54.938005685806274,5,634_wgzPKlx4nIMyi-kCnjn12,0.0,0,18,1,
0,0.031007751937984492,55.02996587753296,5,1554GyUQ981YKusehk4Cl7Te1354,2.0,2,18,1,
0,0,55.92338418960571,5,2729ECSyBaYVZZbDBNyaHu4J887,0.0,0,18,1,
0,0,54.98201894760132,5,2065EHsPdSp_5DrQeLr1ttuL1606,0.0,0,18,1,
0,0.019047619047619042,50.31213426589966,5,140037nUS1rT0UQNsaFa9Rwl685,1.0,1,18,1,
0,0,48.52513647079468,5,566fv5aDvtV7-Bv4hgl9TCy212,1.0,1,18,1,
0,0.03669724770642201,49.16012787818909,5,2061TwbS9naBRQ2tozfnle021616,1.0,1,18,1,
0,0,50.47626447677612,5,54482QW5OfFiQVIWiIpVI2E278,1.0,1,18,1,
0,0.014184397163120567,193.9272427558899,5,2707KB1tO6YYJq35qJk9l8AN945,1.0,1,18,1,
0,0,53.058979749679565,4,1530v9JIqRhesvlWwvstOwUR1948,0.0,0,15,1,
0,0,10.982516527175903,0,1949jEKqGQclC11Cc2b7IDqv2299,0.0,0,3,1,
0,0,10.896585464477539,0,1012LN56E8ShPhOCoocbJrrp376,1.0,1,3,1,
0,0,10.97264814376831,0,1587GKW8NX3dkLWoOc6aJ86v1270,1.0,1,3,1,
0,0,11.00903606414795,0,677F23ky2ysRzZ_9ea_iceg2934,1.0,1,3,1,
0,0,10.872693300247192,0,1409SROjOQ9iV118JePvaz45660,1.0,1,3,1,
0,0,11.06465458869934,0,2701_eTSfG0kbk-njomBcNgv961,1.0,1,3,1,
0,0,10.989630460739136,0,2209HnLyE3YKg6twl_Q-g1Ec4070,1.0,1,3,1,
0,0,12.9163076877594,0,2230L8455dET7-fRoIdsUivX4021,1.0,1,3,1,
0,0,10.930143117904663,0,1446OxQzkmFxIj-VPbEUcz7j2119,1.0,1,3,1,
0,0,11.053242206573486,0,2177rTzU3iHejo6wHiCUUGgR4150,1.0,1,3,1,
0,0,11.032950162887573,0,1482vLr96JPpOOrUo1CAJV2o2046,0.0,0,3,1,
0,0,10.973745107650757,0,2541Xqfe9NPWsDPd0IRvHv882507,0.0,0,3,1,
0,0.02247191011235955,11.431900024414062,0,2374k50_RHXB5GThYKzc39DZ3702,1.0,1,3,1,
0,0,10.867178201675415,0,875H9HPG7IDtm8eYpP2uh2I2684,1.0,1,3,1,
0,0.022988505747126436,10.950056076049805,0,2669v67locIF9ThvWJ8mcmqm1056,1.0,1,3,1,
0,0.011627906976744186,11.081614255905151,0,20893J7zds0fTmdwGScrXxYe1536,0.0,0,3,1,
0,0,10.833765506744385,0,2024uEKyOIRbOWRGqSX25wAv2167,0.0,0,3,1,
0,0,11.147618293762207,0,2032h_xc2uXEe2J9hKtwBMZw2148,1.0,1,3,1,
0,0,10.92223834991455,0,2039WNZPsx3z2vJcCCCoGkpW1681,1.0,1,3,1,
0,0,11.099506378173828,0,1971QdtwinuI-Pt-gRGhMumc2254,0.0,0,3,1,
0,0.03314917127071823,10.847922563552856,0,2497wmCVXc__4_q7aCFHvax81788,1.0,1,3,1,
0,0,10.851248741149902,0,2367wI6YJctGx_TrLePW0zFT3716,0.0,0,3,1,
0,0.01149425287356322,11.17733097076416,0,1748emZrqreIzMIm0XWLL7Rn3560,1.0,1,3,1,
0,0,10.934975862503052,0,2170uR1FxS5nUGkssv426mqU4172,1.0,1,3,1,
0,0,11.026454210281372,0,1227qM25lwDT1HffYX7Q27LJ3076,0.0,0,3,1,
0,0,10.886545419692993,0,65691nmDsNoy6GHCZUYjINN2986,1.0,1,3,1,
0,0.011428571428571427,12.810229063034058,0,302251nQ3cmNluA1AUr3iMk63812,1.0,1,3,1,
0,0,10.843404531478882,0,1816M49IXoDpU__17vFIazVS3395,1.0,1,3,1,
0,0.011363636363636364,10.915630340576172,0,2406S8qt5kYqLYszOCu0lYmZ3636,1.0,1,3,1,
0,0,28.98490571975708,2,566bnXrhcjKEaxVTc-LeHzY210,1.0,1,9,1,
0,0,211.90783977508545,5,22018wPqrmJcGuWfE5hB9sO74095,0.0,0,18,1,
0,0,6.239570140838623,0,2043FtfsfjPEPMp72mimJA1r1669,1.0,1,3,1,
0,0,14.693150997161865,1,955e36D7g1kt9C0gus4wfH8535,0.0,0,6,1,
0,0,6.381587982177734,0,2973JDgkSnGitYck_HX9Ne233926,1.0,1,3,1,
0,0.07407407407407408,14.843203783035278,1,24187-nhPhxI7dZV22pltvqB3619,1.0,1,6,1,
0,0,48.065805435180664,5,1778w_0Pgt92UHRoeIwEqNNr3481,1.0,1,18,1,
0,0,30.373408317565918,3,1192NtMV2nW3J5X78M_fz_jM3179,1.0,1,12,1,
0,0,6.768243074417114,0,2237FYTudBkYGOD7oCKDGYv44000,0.0,0,3,1,
0,0,44.528130531311035,5,1430BuwokBjmVg7AdzOoLBQQ597,0.0,0,18,1,
0,0,46.02762818336487,5,1164efJ2bD2I51tG9DDDy2263262,1.0,1,18,1,
0,0,47.883047103881836,5,987JCMK8qp1XiHG6fmq_sqJ439,1.0,1,18,1,
0,0,53.37778973579407,5,1612PKGAkMM3MocoHgcn3Vg61202,1.0,1,18,1,
0,0,53.07294011116028,5,707eQxJt9Y35aEN6MtyrclZ2862,0.0,0,18,1,
0,0,51.285451889038086,5,1196b9cuPeUxYC3Lp7LVQMAF3167,1.0,1,18,1,
0,0,51.3391273021698,5,545gbwwHQNYWNJmwx_zhGUS273,1.0,1,18,1,
0,0,58.53792595863342,5,2422AkNZxKVfPVF92vs5qzLX3610,1.0,1,18,1,
0,0,51.07065415382385,5,1437oSS908LBdCS-R1lhS_zZ587,1.0,1,18,1,
0,0,50.829769134521484,5,1562tZVF0c_Hwu_jpQkNLPxj1330,0.0,0,18,1,
0,0,51.13008952140808,5,2556v9wSIrA-gKUGDFK65QmW2475,1.0,1,18,1,
0,0,50.858644247055054,5,1742Qn8cd--IGplBaIA5QEpU3578,1.0,1,18,1,
0,0.021276595744680847,52.11518979072571,5,8808MIOqs91bcamJY7BKpKK2672,0.0,0,18,1,
0,0,52.18826770782471,5,2417Txi9GL74fxs5Z2asL3203622,1.0,1,18,1,
0,0.08547008547008546,53.00708341598511,5,1544BBli6lvsM3ocK55YaTtb1381,1.0,1,18,1,
0,0,45.09459352493286,5,1753kpSTtywObsOC3dzGk8kX3543,0.0,0,18,1,
0,0,25.716135501861572,3,7150BJ0glnjGlTFTJ4cTdiF2840,1.0,1,12,1,
0,0,6.056899309158325,0,1746XQjTLVhuW5-HmTtxqxuv3564,1.0,1,3,1,
0,0,6.1594860553741455,0,651fsZ9lTWd449M33QOudtw3000,0.0,0,3,1,
0,0,6.117897987365723,0,599uREx6nun3gOEAd8YzR5s112,1.0,1,3,1,
0,0,7.998974323272705,0,1218OExrGg3DDUqQ_BBB10Tn3102,1.0,1,3,1,
0,0,6.0176842212677,0,1635w_Q9eBE8d4QJlCSJBFiT1143,0.0,0,3,1,
0,0,5.960220098495483,0,2148ORbgn9xAFsNQtzXY__rj4228,1.0,1,3,1,
0,0,19.05758285522461,2,1963usWUHwJqt8eDD2dj9VZ-2267,1.0,1,9,1,
0,0,38.100173473358154,5,2146tqPHx6tj2s94He2JdG_i4232,1.0,1,18,1,
0,0,38.289210081100464,5,577YsCJ2FO7dV054McSxQvM177,1.0,1,18,1,
0,0,39.83866357803345,5,2679ULojnjXzA_nUbY_9FqSx1025,1.0,1,18,1,
0,0,41.62349891662598,5,2029WPXur9oP38dHkMIPUsem2155,2.0,2,18,1,
0,0,25.843230485916138,3,2360wqBrcNsj4JFKMf-J5jFI3733,1.0,1,12,1,
0,0,40.451683044433594,5,2527_1gwPfkH0sI_fNYkRULn1713,0.0,0,18,1,
0,0.08,38.43919324874878,5,2523I4nlHreDk5vBkSCH8RHq1726,1.0,1,18,1,
0,0,38.82621908187866,5,2002a_R1XmwMDmL5wyPZDS2t2203,1.0,1,18,1,
0,0,40.26844310760498,5,2478ulEtsZsxkcgly7IxV7jm1830,2.0,2,18,1,
0,0.05263157894736842,38.324612855911255,5,2426FvIaTEpxUSzdWjZW6ctB3605,1.0,1,18,1,
0,0,38.95555377006531,5,19540qz1hFiTRNqKyYUyx4Y82288,1.0,1,18,1,
0,0,39.751508712768555,5,589s50VvGuiEMsAcZpOIrdE142,1.0,1,18,1,
0,0,37.2948739528656,5,8616U9DJ4emRPwsHZTqmdGu2714,1.0,1,18,1,
0,0,39.743022441864014,5,964RapMeSY8FyWlaMkFUNk8508,2.0,2,18,1,
0,0,48.91067385673523,5,1464jHZlsBjVv-8xARfsJrXa2086,0.0,0,18,1,
0,0,48.4525146484375,5,2427o0QmxcHBetNiSbTlOqmh3602,1.0,1,18,1,
0,0,55.73357129096985,5,1429iK5AeBnwtcbLHrY4SztI601,0.0,0,18,1,
0,0,8.542598247528076,0,2345xzNHwuJ_9-no_amFWS4A3767,1.0,1,3,1,
0,0.01680672268907563,8.40874695777893,0,2943rfsS5qs59QlXyCYYjei03989,0.0,0,3,1,
0,0,8.359907865524292,0,1467oCR_WpQCRef2iR_N2NhR2077,1.0,1,3,1,
0,0.016260162601626018,8.544082164764404,0,11583AIKJFgE0UrBCHocpd653277,0.0,0,3,1,
0,0,8.531741857528687,0,578C_O7pYNiyLAUSE5J66xB176,0.0,0,3,1,
0,0,30.077330827713013,2,26062Jzbzm2Iew5_dSx6LCM12376,0.0,0,9,1,
0,0,8.336489915847778,0,2517saKKvHaEWnw2pvl75Xuf1742,0.0,0,3,1,
0,0.01801801801801802,8.46702241897583,0,17839rNVzte3BRZvP4qWRMqo3467,1.0,1,3,1,
0,0,8.978776931762695,0,2111jmqUVcM8RCxkrmjvb0hZ1476,1.0,1,3,1,
0,0,8.400459051132202,0,2514EGWk59PbC7MjrXE6AlVn1751,1.0,1,3,1,
0,0,8.556142807006836,0,1517p5p7fblRKtBb8l9_uGtZ1977,1.0,1,3,1,
0,0.032520325203252036,8.444847583770752,0,2727bEO69UF_-G1jUOIEpXYj891,0.0,0,3,1,
0,0,8.430561304092407,0,858nySH6AfeIgauM40DaAIr2725,1.0,1,3,1,
0,0.049586776859504134,9.012563943862915,0,685-r-l6EtOMeFTYAMUFp2R2913,1.0,1,3,1,
0,0.03389830508474577,8.463136911392212,0,2383_zZGxCRJzjykFJNk3Fql3681,1.0,1,3,1,
0,0.017543859649122806,8.610239028930664,0,24874ZExUiMVxjjNDRJVHXGS1814,1.0,1,3,1,
0,0,8.443981885910034,0,2468bI5nQWQ8Og-_9QlLKU8v1859,1.0,1,3,1,
0,0,8.57351303100586,0,19734HA-piKOQCj9cOheHeMR2250,0.0,0,3,1,
0,0,8.450583934783936,0,942YwxEcLEOCAotnSzvxJj-575,1.0,1,3,1,
0,0,8.45120096206665,0,2026yIVtrJbiaYcqiJLKF7l92162,0.0,0,3,1,
0,0,8.773949146270752,0,2180GzU3fBZQ6NFjdA3mnHhk4143,1.0,1,3,1,
0,0,8.44657278060913,0,1942fMXkD48PYS9_snttkRcW2317,1.0,1,3,1,
0,0,8.5932137966156,0,2629-52k9W9kCEdUZtJCllTb2338,0.0,0,3,1,
0,0,19.538005352020264,1,2110ziYcZhTz_BC1MPXgUtC31479,1.0,1,6,1,
0,0,8.4803786277771,0,731bdFMw_WBEsLLGgw0OqIo2798,0.0,0,3,1,
0,0,8.535399913787842,0,1450f9K9T1lv3UmdhS-rbS-p2113,1.0,1,3,1,
0,0.034782608695652174,8.753340005874634,0,737t5Q6W-ejkvhnx8fhmjhP2784,1.0,1,3,1,
0,0.04878048780487805,8.51241683959961,0,2421aPJOo5UynG4APVgasKa53613,0.0,0,3,1,
0,0,8.608004808425903,0,1342n57h5KFhZrmo2TPiuwv5845,0.0,0,3,1,
0,0,8.980209589004517,0,573-_AYG-xxnzzEd1LZiGf8191,1.0,1,3,1,
0,0.01694915254237288,8.510011434555054,0,972xR4_uxpnlIN8NrBztoj1483,1.0,1,3,1,
0,0.017543859649122806,8.576406240463257,0,1176w-tnctiph48cguCP6TLh3228,1.0,1,3,1,
0,0.016528925619834708,8.519054889678955,0,2020ubB0JZzHv_29zd0WpIjn2174,0.0,0,3,1,
0,0,8.622457027435303,0,1443Nxfx0xTNPIR7XHCONrlL2124,1.0,1,3,1,
0,0.05,8.56191086769104,0,1359ZuJdS_tCrQFa5IcePruQ794,0.0,0,3,1,
0,0,8.422847270965576,0,2161ve-pKOVFfnwct9-ZGtow4196,0.0,0,3,1,
0,0.06451612903225806,8.654181241989136,0,1163WM0PVD9qbxkmDaQOIW7Y3265,1.0,1,3,1,
0,0.017699115044247787,8.938706398010254,0,1415xOKyGuKnDwYbWfqm8DyH643,1.0,1,3,1,
0,0.017094017094017096,8.664861679077148,0,539g1HipZa4q8coORPOMHwj293,1.0,1,3,1,
0,0.03361344537815126,8.563120603561401,0,22165cE4SIrSj4XGK-I-cUmM4057,1.0,1,3,1,
0,0,8.636474609375,0,907CG6Y0hTOIf2iMApGkPO72604,0.0,0,3,1,
0,0,10.22360634803772,0,20865AJD7uSijZkNu3lQlJ481546,0.0,0,3,1,
0,0.048,8.524996519088745,0,27282z0c8x28uAuDYrTlxOP-889,1.0,1,3,1,
0,0,8.561063289642334,0,2979WuXci60uJEdQnVCd4Xjn3913,0.0,0,3,1,
0,0.017391304347826087,8.546335935592651,0,1372T0eDMjnAIUtMFQHcIZWS757,0.0,0,3,1,
0,0.031746031746031744,8.640325546264648,0,16200K9t6uefE0HN9Xb3n6aS1179,1.0,1,3,1,
0,0.09022556390977444,8.683703184127808,0,2729ECSyBaYVZZbDBNyaHu4J886,1.0,1,3,1,
0,0,8.510976552963257,0,569DSGp7NYhekO9pVIHrI21203,0.0,0,3,1,
0,0.06557377049180328,8.742446660995483,0,1466QWMZl6lBSpMlxHibwqSn2079,1.0,1,3,1,
0,0,8.574391603469849,0,1028r9dv8iRRQSL7Ihwkp7tz330,1.0,1,3,1,
0,0,8.624052286148071,0,2119SJEcYcuuQpuvuba_KlGl1451,1.0,1,3,1,
0,0,25.7336483001709,2,2044egsXeT6Z85kZYfUih06a1666,3.0,3,9,1,
0,0,8.496628046035767,0,855ENEaLZEfgqfGiXz23p4l2732,1.0,1,3,1,
0,0,8.76310420036316,0,18328gCMjbpzCLFnoMXN6srf3355,1.0,1,3,1,
0,0,8.511213302612305,0,20641EP682eRhx2QWgjzDM9I1608,0.0,0,3,1,
0,0.017543859649122806,17.866946697235107,1,2664AqK615zaJ_528hvbvtPb1070,2.0,2,6,1,
0,0.017094017094017096,8.496901035308838,0,641QPygyAWeJTz2UqZLxPPB3029,0.0,0,3,1,
0,0,10.328206062316895,0,1814rsETf2eToNtZrivLqKSE3401,1.0,1,3,1,
0,0,8.946632862091064,0,8521sw4TcnPagCQEoFKD9fN2741,1.0,1,3,1,
0,0.017241379310344827,9.07896900177002,0,606ydc6r27eppB2SC3CIOZ595,1.0,1,3,1,
0,0.04878048780487805,8.539376497268677,0,2373iZm5h4f5Vzcv3z363qPA3704,0.0,0,3,1,
0,0,8.559893608093262,0,1190K-vBrGKzVvJ8j8oue-N63186,1.0,1,3,1,
0,0.04878048780487805,8.487107753753662,0,671tmMHr0OIhb3ulvq5ranP2948,1.0,1,3,1,
0,0,8.879442691802979,0,2993pJ4MhlqvNdq3HP6O5MsP3878,1.0,1,3,1,
0,0.01680672268907563,8.641645669937134,0,2985h8b9cr8x87sGlc8_zLvd3897,1.0,1,3,1,
0,0,8.546809196472168,0,1957eVvVnYRmwC4qKHak6Ffq2281,1.0,1,3,1,
0,0.03389830508474576,8.679161548614502,0,2712gqTOsON2hU4puCu5hGNj932,1.0,1,3,1,
0,0,8.905163288116455,0,2605xGWRPmjAX3zTTpbG5G9l2380,0.0,0,3,1,
0,0.049180327868852465,8.51131796836853,0,15437IrG_pxUZHW4l3vkQWeG1385,1.0,1,3,1,
0,0,8.651905298233032,0,2736DC0e2KjXgGVcPZ2WLIxz867,1.0,1,3,1,
0,0.017241379310344827,8.57839298248291,0,735vGzQ3nCx9nbWxB-Wes4C2788,0.0,0,3,1,
0,0,25.296104431152344,1,868zHuIutIEJT12F-70883W2702,2.0,2,6,1,
0,0.017391304347826087,8.720484256744385,0,1405rcqGslh1c27GRanvx433670,1.0,1,3,1,
0,0.061068702290076333,8.598670721054077,0,2466TSVQzmiW-hXcxaEULw6K1865,1.0,1,3,1,
0,0,8.503791332244873,0,3002ZnCAiqYIoMCUF-7Op9gv3858,1.0,1,3,1,
0,0,10.389416217803955,0,896q9fkwlNTB-uLIhW50gpL2637,1.0,1,3,1,
0,0,8.462485074996948,0,2082_Dh7f4W3xlRk5gN1uWO_1556,1.0,1,3,1,
0,0,8.521181106567383,0,567COo6mlEhcowdZdaMt4w3209,1.0,1,3,1,
0,0,8.454990148544312,0,1411rDFl1-2KKRZG_zvEhPJb654,1.0,1,3,1,
0,0,8.453872919082642,0,2619jg4HxmXkfW55mTET__tk2360,0.0,0,3,1,
0,0,8.611737728118896,0,151099HNGPaLvlMftND5z0oJ1999,1.0,1,3,1,
0,0,8.504473686218262,0,905uMGe3kos3fBWBJRcu64_2611,1.0,1,3,1,
0,0,9.044329166412354,0,2360xl9Xtx2fW4L4xa2bqWt43734,0.0,0,3,1,
0,0,8.489576578140259,0,2578y9zD7QdiguEv3Qrdgam-2440,1.0,1,3,1,
0,0,8.653699398040771,0,2996CdNLqVyCF_oDaGCdvP6v3872,1.0,1,3,1,
0,0,8.518966674804688,0,2364oU8m6CS05FyyuZgf1_IG3725,1.0,1,3,1,
0,0.017241379310344827,8.517066240310669,0,1591dOdM4uX7gsb6h9hiAaa_1258,0.0,0,3,1,
0,0,8.68187689781189,0,2041vmx_DG5RRvLGNwO62TW31673,1.0,1,3,1,
0,0,8.54751706123352,0,2615GCUYxQ_Kg8yTnaAtYYpJ2367,0.0,0,3,1,
0,0,8.679321765899658,0,19886xZ3QL22JgKPuzBHbhPo2221,0.0,0,3,1,
0,0.017241379310344827,8.591023683547974,0,29746uLZOTxxVUkngoUfAtI03924,0.0,0,3,1,
0,0,8.478006601333618,0,24911q_50dkgYzY3pVZJL3Sc1804,1.0,1,3,1,
,,,,665rw55Ie4DPe0sqY77puig2963,,,,,Ollama request exceeded timeout limit for model stable-qwen with error: timed out
0,0,8.527445793151855,0,900Uh49Da025Lfl-NKMic6l2624,1.0,1,3,1,
0,0.07575757575757576,10.291010856628418,0,19755a5nBZxiYhO8aWU2MbW-2243,1.0,1,3,1,
0,0,8.46830701828003,0,3004GygMUfp60E04HQswkbY53853,1.0,1,3,1,
0,0,17.162875175476074,1,592UDCpvvji8D0o4tbyHcVk134,2.0,2,6,1,
0,0,8.492971897125244,0,550jo6NqKN88LJy5XivwHWi259,0.0,0,3,1,
0,0.017391304347826087,8.535377979278564,0,2108cT1EpZ4KVx-gQkxVCsU81485,0.0,0,3,1,
0,0,8.519225835800171,0,1489_LmzgmYgdCJhBmnZ8hvL2034,0.0,0,3,1,
0,0,8.7750825881958,0,2057ITnDGLVg5S2wqKJ__VIR1628,1.0,1,3,1,
0,0.016528925619834708,8.484062433242798,0,558WnzWtR_n-6_l7FCPRBSg236,0.0,0,3,1,
0,0.017391304347826087,49.25501251220703,4,2204OiV3FwpDb5okA_ERACO-4085,0.0,0,15,1,
0,0.017094017094017096,8.609720468521118,0,1789NObn0laTBstP0EhadjV63454,1.0,1,3,1,
0,0,8.503934621810913,0,1533z2Yfjif7NuyxeBQgP_HF1939,1.0,1,3,1,
0,0,8.503923654556274,0,2068VZFhrfoQaF6_QqHBU8iB1598,1.0,1,3,1,
0,0,8.710553407669067,0,899hXr2vSRxP3sXDcstnm7f2627,1.0,1,3,1,
0,0,8.551487922668457,0,2173fu4XUTuowr7JXVT_qKR14163,1.0,1,3,1,
0,0.034482758620689655,10.30365514755249,0,2669bH2ksxtOtDv46cPVBE6i1054,0.0,0,3,1,
0,0,8.388092756271362,0,987JCMK8qp1XiHG6fmq_sqJ440,1.0,1,3,1,
0,0.017391304347826087,8.384846210479736,0,1473IwZwglReS87tV2cQBA732060,1.0,1,3,1,
0,0.017543859649122806,8.750810623168945,0,2974B_C3BlFiCXVCIZTJwilo3925,0.0,0,3,1,
0,0.017699115044247787,8.492546558380127,0,13382oqMvOQePhgGm47Ig4iy856,1.0,1,3,1,
0,0.034482758620689655,8.630966186523438,0,1366vMaTN6bH1mlTrIsQvDrD774,1.0,1,3,1,
0,0,8.481606721878052,0,2532QPzqtcjnJeRC9NxubnOq1697,1.0,1,3,1,
0,0.06722689075630252,8.646953821182251,0,13510pFXx2vFby05X2rDRJDH818,1.0,1,3,1,
0,0.017699115044247787,8.522819519042969,0,2488UeDf5D4M1cp6aiddpWg11811,0.0,0,3,1,
0,0,8.528702735900879,0,1214Ok_4GK2IaQBQ79ypkNPy3115,1.0,1,3,1,
0,0.05084745762711865,8.65294075012207,0,1014qxjC6hnOZ4bPaoSmBsdF374,0.0,0,3,1,
0,0.017543859649122806,8.641072750091553,0,1179Ij6ixmYImDvTIyylli083218,0.0,0,3,1,
0,0,8.695990562438965,0,1577Tx9C-i93906ZHG2xsANm1297,0.0,0,3,1,
0,0,8.71477460861206,0,640Qn7zKz3a0K2CPVQ8ePuQ3032,0.0,0,3,1,
0,0.03278688524590164,8.511396646499634,0,19876rRq7_YjGKc8EGqs5MHC2225,1.0,1,3,1,
0,0,8.716129302978516,0,2569CxCo2aX4KFjjA2hi_lMj2452,1.0,1,3,1,
0,0,8.43795919418335,0,2529V89h3rXsLL-Bn_hU6PlI1708,0.0,0,3,1,
0,0.03278688524590164,8.786135911941528,0,2435ycikQl9rkmIjh9_GR_8D3592,1.0,1,3,1,
0,0,8.508542537689209,0,1176w-tnctiph48cguCP6TLh3229,0.0,0,3,1,
0,0.03149606299212599,10.30899953842163,0,1946W3OXI0TdbwpADVOL3aMn2309,0.0,0,3,1,
0,0.072992700729927,36.0714111328125,3,943kajWSnLrin3THXJG_d-e572,1.0,1,12,1,
0,0,8.59440302848816,0,1383YetDIx4cL2q9GHdVBJD-729,0.0,0,3,1,
0,0.03305785123966942,8.482459783554077,0,609XnbMzpiEKTX90WRPpJOt84,1.0,1,3,1,
0,0.017391304347826087,8.420738220214844,0,1193C2qmrHktioGE48fbbu-L3176,1.0,1,3,1,
,,,,2956Otjt30tSP4HL0iirPKga3970,,,,,Ollama request exceeded timeout limit for model stable-qwen with error: timed out
0,0.05,26.636067628860474,2,2111jmqUVcM8RCxkrmjvb0hZ1475,1.0,1,9,1,
0,0,60.00579309463501,5,2053DCa4BLCC5EEQ8l7BVnnp1641,1.0,1,18,1,
0,0,42.7818808555603,5,1831tcPzTf490y--20TmCWYb3357,2.0,2,18,1,
0,0,42.6058132648468,5,2078W30r7PMtchtgZT05P_0F1567,0.0,0,18,1,
0,0.041666666666666664,42.46482300758362,5,2668AHxJtYWTzyrukwP1xRqK1058,0.0,0,18,1,
0,0,40.43157148361206,5,2235T3dDg5JzleG0wsFMwsrI4004,0.0,0,18,1,
0,0,20.499473333358765,2,1162WEg_WPImiRPmAPvN_wnE3046,1.0,1,9,1,
0,0,6.988453388214111,0,1530v9JIqRhesvlWwvstOwUR1947,0.0,0,3,1,
0,0,7.24057149887085,0,21282Cr-35xm2wBqUSJkqXMj1427,1.0,1,3,1,
0,0,6.809274435043335,0,2133ia1657jfSMNoNsdF-A8e1410,1.0,1,3,1,
0,0,6.939162969589233,0,2114KZNekbM38CclfRRE-ywL1465,0.0,0,3,1,
0,0,6.817292213439941,0,649GcmdYL3Emps2uVuhx-H43007,1.0,1,3,1,
0,0,6.441888809204102,0,1503af8K_zL5CtKNHAHXkLFb2014,0.0,0,3,1,
0,0.08695652173913043,13.55585765838623,1,2631M_1rjE6k2YLouvowQoHJ2334,0.0,0,6,1,
0,0.041666666666666664,8.64258623123169,0,13571OZrZVDhI2J41tg7Luts799,1.0,1,3,1,
0,0,6.702763319015503,0,1948sF2A90axDwVcHIOfnQu02302,1.0,1,3,1,
0,0,6.937194108963013,0,1397uK17KbqMDLHfC2NAWiR6696,1.0,1,3,1,
0,0.043478260869565216,6.7271342277526855,0,2162sIzRzzGNPsYc1OfiUIPo4194,1.0,1,3,1,
0,0,6.974994659423828,0,2519QxDbu-BKdCqq5I8jKsxd1736,1.0,1,3,1,
0,0,6.810545206069946,0,1140_G-tYCpmdE-Vgax33wA53329,1.0,1,3,1,
0,0,7.035046815872192,0,1376fXJB349zgjyv_w4X0bXI749,1.0,1,3,1,
0,0,6.881211519241333,0,2539EoMAwcPqzS7vEDYb36052512,1.0,1,3,1,
0,0.08695652173913043,6.870090007781982,0,1415xOKyGuKnDwYbWfqm8DyH642,0.0,0,3,1,
0,0.0784313725490196,6.937187433242798,0,2657Omxhm5FyXyyp4pVdXx3Z1088,1.0,1,3,1,
0,0,6.750334739685059,0,1559OCcb7F7icUkYfeTFgLDJ1339,0.0,0,3,1,
0,0.032258064516129024,45.99261260032654,5,2340-UH-PIG4sGreW8w-HZcs3781,0.0,0,18,1,
0,0,47.22230625152588,5,600suii1SM_U9v151qZEv7q108,0.0,0,18,1,
0,0,45.181219816207886,5,2224WT9qVEbYuJZkZlYlFqvu4039,1.0,1,18,1,
0,0,47.167166233062744,5,15115M-53_v3IHPgxyCKm4AQ1997,1.0,1,18,1,
0,0,47.18418335914612,5,20610DTWrltcqPvIP7325vbT1618,0.0,0,18,1,
0,0.045454545454545456,44.727500438690186,5,2712b_7wo5wra85_-rQQk4ow934,0.0,0,18,1,
0,0.12,6.885091304779053,0,719PmQpieO8CYor-psBwccz2829,1.0,1,3,1,
0,0.045454545454545456,7.060161113739014,0,956Prvd8MNNxoAkjTza4l1I531,0.0,0,3,1,
0,0,6.925463438034058,0,991M6WF9u6tZAMeisG6gK8G426,1.0,1,3,1,
0,0,7.16178822517395,0,2531wAQb5TOSCuVTwZGjz1rT1700,1.0,1,3,1,
0,0,6.865510940551758,0,26276wka1rfL0BiynIYM718e2346,1.0,1,3,1,
0,0,7.088577032089233,0,1357dHKRJVVa-pcJ70XOotOx801,0.0,0,3,1,
0,0,6.95865535736084,0,701k_RQvhmFwArZx0ORLSmx2876,1.0,1,3,1,
0,0.03773584905660378,6.893970251083374,0,963hj2Qz6EQ6THhVWXKuc_U511,0.0,0,3,1,
0,0,13.803109884262085,1,17839rNVzte3BRZvP4qWRMqo3466,0.0,0,6,1,
0,0,28.741135120391846,2,978MffUzw1E-fEffOOZYYot467,0.0,0,9,1,
0,0,6.886257648468018,0,2386qMf0MKowAfp8GBBNMPlr3678,1.0,1,3,1,
0,0,6.7919697761535645,0,929dPT0tABWxMMojg5QUiX02541,0.0,0,3,1,
0,0,6.970834255218506,0,869yPJxiVsQSnIU0zG1C_9m2700,0.0,0,3,1,
0,0,6.826629877090454,0,2142esGir_4_h9voaRtDNIdz4245,0.0,0,3,1,
0,0.0816326530612245,7.000863075256348,0,2987jq09CSEi-lBZSSYtX9tj3892,0.0,0,3,1,
0,0,6.865413665771484,0,2126DJgUbSL5sAmvrHK4b6i71432,0.0,0,3,1,
0,0,6.79657506942749,0,2684Tsl9g-K98ihJB9COTF6d1010,1.0,1,3,1,
0,0,6.974063396453857,0,841hinfHVUUAR8bWXtEBCsQ2775,1.0,1,3,1,
0,0.04347826086956522,6.835602045059204,0,2666vJpSGujkwt27p7tp6O901063,1.0,1,3,1,
0,0,6.966954469680786,0,625ZwZR45NRbfMFQ0oVKYjz41,0.0,0,3,1,
0,0,15.061889886856079,1,1156df4-3lXjk7sDVJcyLHlO3283,0.0,0,6,1,
0,0,6.980831146240234,0,843zyenQsDbdyEDKorOOEer2770,1.0,1,3,1,
0,0.11764705882352942,32.02832770347595,3,1035LFxawmqTFdvZQiUCxQ31310,1.0,1,12,1,
0,0,6.8526527881622314,0,2355g1DEdj6BajInIdfN43xp3744,1.0,1,3,1,
0,0,6.836921453475952,0,2496BbugoKX7EuTf6XE9o7do1793,1.0,1,3,1,
0,0,6.9482550621032715,0,1614cyIrQoaHS01cQ4YtB4rN1196,1.0,1,3,1,
0,0.03773584905660377,6.855923414230347,0,2460wLS6NYxz86-N9QN0fiAS1872,0.0,0,3,1,
0,0,6.9633800983428955,0,2013gpksQIp23gepFksmpqXj2187,0.0,0,3,1,
0,0,6.887134790420532,0,566fv5aDvtV7-Bv4hgl9TCy211,1.0,1,3,1,
0,0.047619047619047616,6.937856912612915,0,1006wNOvBdYdfzaE5bKwHMrj394,0.0,0,3,1,
0,0,7.00847864151001,0,2175Be6E_9waJICTPdXhoGc74157,1.0,1,3,1,
0,0,6.897592544555664,0,1555fIGxkCCrk6ibrb-al9xh1352,1.0,1,3,1,
0,0.044444444444444446,7.03144383430481,0,2469md_5PBJjoEzHnxLNfP-31854,1.0,1,3,1,
0,0,6.846581697463989,0,1594vbwJIaYnRKU4MTrVcD4P1249,1.0,1,3,1,
0,0.04,7.078011751174927,0,2449Gc-t93zVR6Bjza9-brVc1897,1.0,1,3,1,
0,0,6.912999629974365,0,543NpNSndtBz1uxC9CuhODm281,0.0,0,3,1,
0,0,6.939791679382324,0,1025Ra_IZNvQuUI7Ec5aTeot340,1.0,1,3,1,
0,0,7.052968263626099,0,2523I4nlHreDk5vBkSCH8RHq1725,1.0,1,3,1,
0,0,6.93226432800293,0,1549ke6ypccQP3h0ZB6b7GCG1370,1.0,1,3,1,
0,0.0425531914893617,7.091008901596069,0,2690j2wOUpSsJgKU08FvIZEg993,1.0,1,3,1,
0,0.06666666666666667,16.880940437316895,1,2080DF2p6ax3v1-aUbtGWT4O1561,1.0,1,6,1,
0,0,6.705609083175659,0,2209BDzn0SpuYmXdWVg9Z1Hy4071,1.0,1,3,1,
0,0.04545454545454545,6.770546197891235,0,1419tOWt7I089hJ4HUoPR6EI631,0.0,0,3,1,
0,0.028985507246376812,46.65492367744446,5,1628lnBbfe3Htrze2ai84nZb1159,1.0,1,18,1,
0,0,45.6308536529541,5,1576P214oupErvTP6090GMli1301,1.0,1,18,1,
0,0,6.957597732543945,0,1621kehREtB2jwFxfLSb5njd1178,1.0,1,3,1,
0,0,6.959259033203125,0,5532TWtKb03tsQH8Wep0CiY251,1.0,1,3,1,
0,0.029411764705882353,48.580406665802,5,1801zUHKaLWfFrE-EA8M3DOI3430,1.0,1,18,1,
,,,,1578BMhD9BqceYI3i9rcq5zi1294,,,,,Ollama request exceeded timeout limit for model stable-qwen with error: timed out
0,0.028985507246376812,47.65904784202576,5,948uYfQaDqdMCAYnSxY-SL1556,1.0,1,18,1,
0,0,48.460591077804565,5,1216-uAt0pBo8VUzVu7fmS2y3107,1.0,1,18,1,
0,0,37.79894542694092,4,949-8BF6fDFHRAnfe-2RE-l554,1.0,1,15,1,
0,0,30.583361625671387,3,2084KAYAsRFlZ71FWVieGtVO1551,1.0,1,12,1,
0,0,6.848549127578735,0,11409iwBcdcK7cw_g6zqHGJJ3331,1.0,1,3,1,
0,0,13.819792985916138,1,2054dYaTbGXvuHEu9KAgglUa1638,2.0,2,6,1,
0,0,7.005632162094116,0,633AbrSc7FQvB59-3tSuvrL17,1.0,1,3,1,
0,0,6.887196063995361,0,1448zBLLz7KDRP88dG5hhHYA2115,1.0,1,3,1,
0,0,7.026391267776489,0,1767VEuCAyUVu8RWl4oT_E163504,1.0,1,3,1,
0,0,6.873943328857422,0,2564AaK20GeV0Vbt9hLoucnT2462,1.0,1,3,1,
0,0,6.889906644821167,0,986wotq83gPK5H9RJCPZcUa442,1.0,1,3,1,
0,0,8.691995859146118,0,22173K97KOlZYwLPP2yAPHFs4052,1.0,1,3,1,
0,0,6.779658079147339,0,1491oI4TAF4mItNmtq538iaG2032,0.0,0,3,1,
0,0,6.933502674102783,0,26929qhEFKe0I4Mglt2Q49vv987,1.0,1,3,1,
0,0,6.778427839279175,0,2153vtkEwqa70V_8uUMng2Jv4215,1.0,1,3,1,
0,0.0816326530612245,6.844316720962524,0,1355DqKO8ByX-dB6SOPvmL5p806,0.0,0,3,1,
0,0,14.67793893814087,1,1396fc8ojkJs9ZgQtwEceZFu697,0.0,0,6,1,
0,0.035714285714285705,12.733122825622559,1,2021myUwxcaJpraoFdHEJ6jp2172,2.0,2,6,1,
0,0.1111111111111111,6.877511739730835,0,1964IYccs9F9IcK39eAWE_OV2266,1.0,1,3,1,
0,0.0851063829787234,6.841085433959961,0,1760NxofyqAwNCoWrjcNMQrs3523,1.0,1,3,1,
0,0,6.844497442245483,0,182447yf5Kxgmkoq18WzZ-kB3378,1.0,1,3,1,
0,0.125,6.926697731018066,0,1756rsPxqBmo2fmiaq4y7pBo3537,1.0,1,3,1,
0,0.045454545454545456,6.900776386260986,0,26929qhEFKe0I4Mglt2Q49vv988,1.0,1,3,1,
0,0,6.949691295623779,0,1408oW7JLFkBO33d8TQf4N0l661,0.0,0,3,1,
0,0.04,6.8784098625183105,0,726kYOF7b8VZTpJYpYpEvr-2810,0.0,0,3,1,
0,0,6.752668142318726,0,2600QfJIRcuIUzI4QlhhMFbN2394,1.0,1,3,1,
0,0.07407407407407407,6.974317312240601,0,2727JkYnxxl8d_jUsjzpRwXm892,0.0,0,3,1,
0,0,6.875272750854492,0,1752E5XokYRzRxCMWKU2kTp-3548,0.0,0,3,1,
0,0,8.716624736785889,0,9100HQlpvSt_OwVnpYpqMFu2595,0.0,0,3,1,
0,0.04081632653061225,6.762404203414917,0,24146Uu3KI3elnXv3Pgy3-sY3625,1.0,1,3,1,
0,0,6.8742992877960205,0,1763gJg7xSGSXczCwSQDvwfc3514,1.0,1,3,1,
0,0,6.779927492141724,0,1459Gtt57D0AV39kKJE2bz4b2095,1.0,1,3,1,
0,0,6.777657747268677,0,1811pukiof6PWRYXCXAxaVhv3407,1.0,1,3,1,
0,0,7.278480768203735,0,1234GFGbCJaowYOFWcFznuUN3056,1.0,1,3,1,
0,0,6.832583665847778,0,662vdy4KyRsfU9fUc7gxaki2970,1.0,1,3,1,
0,0.037037037037037035,7.038337230682373,0,2195U05jz4berWp0PFCFx8lG4110,0.0,0,3,1,
0,0,6.811877965927124,0,1528gtejhc_4xiAJRnNQX5fY1950,1.0,1,3,1,
0,0,6.8650736808776855,0,1152Rg3AUei-9moPZLj_2J3Y3295,0.0,0,3,1,
0,0,6.954470634460449,0,1180D8Sheg2RzZqhe6O4YQOs3215,0.0,0,3,1,
0,0,6.806060791015625,0,944L6KXmQVd7mhz2JgtDbJU567,1.0,1,3,1,
0,0,6.937604188919067,0,9567FV5fK_9tjWGUSOCiJM4533,0.0,0,3,1,
0,0,6.723116397857666,0,557jlOGQ8cWQ5Q_as3HFgdb238,0.0,0,3,1,
0,0,7.13719367980957,0,2681RVH7HXkHR05ejdYsqsI41018,1.0,1,3,1,
0,0.043478260869565216,6.852461338043213,0,961cuP3rfqgKJmh5Lu0AzVJ516,1.0,1,3,1,
0,0.07142857142857141,7.254985809326172,0,2383_zZGxCRJzjykFJNk3Fql3682,0.0,0,3,1,
0,0,6.999323129653931,0,9933_mUxqp74zyG7yfPAiEX420,0.0,0,3,1,
0,0,6.855851888656616,0,177554ovP1_0ekekHhCRWFeh3487,0.0,0,3,1,
0,0,8.595519542694092,0,2014_XSPnuBYuAskzekdUW9_2184,1.0,1,3,1,
0,0,6.767403602600098,0,22218q38c0YRb2JXvtSd0Nqf4045,0.0,0,3,1,
0,0.07843137254901959,6.787946939468384,0,1425XcsU_HbBgv8By-D6Z3Ra612,1.0,1,3,1,
0,0,6.872791290283203,0,1942N1BOxjfwa6jWGDsgWHG22316,1.0,1,3,1,
0,0,6.819442987442017,0,216056mnlRJWqGhoIzF9wyxO4200,1.0,1,3,1,
0,0,6.957575798034668,0,26748vEm6_JIFNnvzYBeYPv81041,1.0,1,3,1,
0,0,6.79045295715332,0,561RShlPGzCfUPZQrUdWiIe226,0.0,0,3,1,
0,0,6.975903511047363,0,1999pCsU6o7Al1PsagdDjDms2208,1.0,1,3,1,
0,0,6.853975296020508,0,1360LxZ_Vrj1sZ5dYHaRGOd6792,1.0,1,3,1,
0,0,6.7790398597717285,0,693O9x_DHPjJvDEqDaL5z3P2891,1.0,1,3,1,
0,0,6.959091663360596,0,2162Pp7-3-5tDfWWUPh7kkoP4192,0.0,0,3,1,
0,0,6.877501726150513,0,1406r0ltJ0ogZOEySbpwaMW3668,0.0,0,3,1,
0,0,6.981352090835571,0,2454DywEFUk_89WopSOIo62c1889,0.0,0,3,1,
0,0.039215686274509796,6.962068319320679,0,2597oOL_7CB6tThxfotDFYvs2400,1.0,1,3,1,
0,0,6.861841201782227,0,23795KyPYBugQHXet6Mhcn6k3688,1.0,1,3,1,
0,0,7.0200183391571045,0,550wrp-mp9TMdH2CqA5WYOK258,0.0,0,3,1,
0,0,6.8418800830841064,0,680SoWSzZf-Vj7dvc7zwoPn2925,0.0,0,3,1,
0,0,39.029144287109375,4,631gfVFI_1P9ON_SQmft4dC23,0.0,0,15,1,
0,0,6.941832065582275,0,1485zXrCfbHH-0tedwW1xWx02040,1.0,1,3,1,
0,0,6.789137840270996,0,2508lmmHXbx9CbrIhCEGTMgz1762,1.0,1,3,1,
0,0,6.926287412643433,0,29445EWHlsJVMIRKwumbCiCS3988,0.0,0,3,1,
0,0,6.964644193649292,0,2355g1DEdj6BajInIdfN43xp3745,0.0,0,3,1,
0,0,47.14823770523071,5,2342uOJtHG5g2JYNe5z81tda3775,1.0,1,18,1,
,,,,1404ZQwoPjfIlqZtLexyMKrY674,,,,,Ollama request exceeded timeout limit for model stable-qwen with error: timed out
0,0,48.44180607795715,5,2100wZS8Veo6hc9TL1NaJSaL1506,1.0,1,18,1,
0,0.07843137254901959,6.885875701904297,0,598sQDpQ6KKddxnTnAMlHjr115,1.0,1,3,1,
0,0,6.780285358428955,0,897zxAZ4U3r-Zh1DtjSiIVV2634,1.0,1,3,1,
0,0,7.080303430557251,0,1976nFbvQGItJWwdL8HbiMOH2242,1.0,1,3,1,
0,0,6.872035026550293,0,878tqshp6q6ko3DcqZ6tS6C2678,1.0,1,3,1,
0,0.1090909090909091,6.950336456298828,0,563-2Ot_VAy9WLUHbhZEXOM219,0.0,0,3,1,
0,0,6.87823748588562,0,1189K35XQ01jiETvv7rYOo0U3188,1.0,1,3,1,
0,0.04651162790697674,6.773539781570435,0,1224Jb1mPpUJDQXOAhjg5Vzo3084,0.0,0,3,1,
0,0,6.9644434452056885,0,2146CMsypO-GlkGAyST9v2a-4234,1.0,1,3,1,
0,0,7.013706207275391,0,707rbJ8T66FV5pGZGyETeS02861,0.0,0,3,1,
0,0,13.987327814102173,1,648xsH7lylyZmqHM5Ja6ZG03010,2.0,2,6,1,
0,0,7.007211208343506,0,2042iP4Erd5NWbbUyNtHBaEc1672,1.0,1,3,1,
0,0,8.568801164627075,0,1543fk6_ZyKd7tjxsbc5mIjL1383,0.0,0,3,1,
0,0,6.7206807136535645,0,2338Lzhex2xkJZC3CWbYyT8B3782,1.0,1,3,1,
0,0,6.874473333358765,0,668cWm_2tZEF2k08oPyz6iV2954,0.0,0,3,1,
0,0,6.699744462966919,0,2434KMUI0qQbxWvYC1q1ZqFT3594,1.0,1,3,1,
0,0,6.87226128578186,0,15278rOHAAwxs4q7s-hbQurx1953,1.0,1,3,1,
0,0,6.887587547302246,0,1448svVuYFDg3snhISg21wg52116,1.0,1,3,1,
0,0.07272727272727274,6.878225803375244,0,2208FuW7GAKFmCyvVin50esl4075,1.0,1,3,1,
0,0,6.9306745529174805,0,2213gQhJ4zM5EYENYcGQHGTa4060,1.0,1,3,1,
0,0,6.828237056732178,0,2680JFom2C2m5B61Zmr5e-xw1023,1.0,1,3,1,
0,0.03508771929824561,6.994784832000732,0,99301Zg9cGHX9Gf1_cI5mfK422,0.0,0,3,1,
0,0,7.008330583572388,0,1813DaTooZTJtMNx4CNYD2p73402,1.0,1,3,1,
0,0,6.92313814163208,0,1423PX6sAYWhpQtqDkPXlwvJ619,1.0,1,3,1,
0,0,6.934105396270752,0,1608Cjwz1f5MVloyXDrYtYD11216,0.0,0,3,1,
0,0.043478260869565216,6.872450590133667,0,1469FeepfYJGM-RcHVUumiAM2073,1.0,1,3,1,
0,0,7.00006628036499,0,1417CvbtpTdNieUFK8V6Ekov636,1.0,1,3,1,
0,0.0425531914893617,6.835658311843872,0,2649-t0VK97BxI7xwcKTZLgQ1107,0.0,0,3,1,
0,0.041666666666666664,6.952939748764038,0,2037vvaVvs2-z2aR3schUPE52139,1.0,1,3,1,
0,0,6.846048355102539,0,2956c4WpDuj0SNG4mcpScOq33969,0.0,0,3,1,
0,0,6.842637300491333,0,2217SJQhtYv5R5TRR96GIUDz4054,0.0,0,3,1,
0,0.03773584905660377,8.63884162902832,0,9901bDIlgQKtM_dfl7Uf_OW431,1.0,1,3,1,
0,0,6.784773111343384,0,1531MPYKMgh40o6Ahyhf_CTe1945,1.0,1,3,1,
0,0,6.922008514404297,0,2721w4sXZ7mV6j4Zl36hHUHd911,1.0,1,3,1,
0,0,6.8956639766693115,0,554Juv49GDSnjvb85QJzKnH247,0.0,0,3,1,
0,0,6.949663162231445,0,2103yGieEHPDGAmeuapsFKsj1498,1.0,1,3,1,
0,0,7.553640365600586,0,1184C_LA1pOBVN-7HWp0PVT03204,1.0,1,3,1,
0,0,6.810365676879883,0,1617-HTq6axozTF-eMfISD1Y1189,0.0,0,3,1,
0,0,6.946672677993774,0,1623v44E7fmDk54O42TCHeFJ1171,1.0,1,3,1,
0,0,6.838046312332153,0,1554YNq8lJaLBlAPjkvuXlSf1355,1.0,1,3,1,
0,0,6.960935592651367,0,1368uHWjPP6hjmEyI0Uea54f768,1.0,1,3,1,
0,0,6.859692573547363,0,19488Pr6RoX5NaT1BWOrfb8b2304,0.0,0,3,1,
0,0.08333333333333333,6.879735469818115,0,915hNLqOaPgMDH13MsuVSK52580,0.0,0,3,1,
0,0,6.944644212722778,0,1569FwzJ_LvmO5rW73WzT8541310,1.0,1,3,1,
0,0.04651162790697674,6.859795093536377,0,2352sATjKyGbbi4RfrwE-QmQ3752,1.0,1,3,1,
0,0,6.934126138687134,0,2146CMsypO-GlkGAyST9v2a-4233,0.0,0,3,1,
0,0.09302325581395347,6.765662431716919,0,2558zZ0LNdBHfD9mCPPPKIms2473,1.0,1,3,1,
0,0,7.0098958015441895,0,852ZSryt9TK0_Cz0XclTy282743,1.0,1,3,1,
0,0,14.582209825515747,1,1466QWMZl6lBSpMlxHibwqSn2080,1.0,1,6,1,
0,0.08333333333333333,16.249757528305054,1,8478WHZms7MdB1ce7kHygtH2758,1.0,1,6,1,
0,0.045454545454545456,6.862452745437622,0,2981ylD4oznDeHfkfO4lmbTY3905,0.0,0,3,1,
0,0,6.8217854499816895,0,1748onKgABfsH9Ey9B-K6T2n3558,0.0,0,3,1,
0,0,6.800145387649536,0,973wD6IGiEh8Dy46Roludyx482,1.0,1,3,1,
0,0,6.8603596687316895,0,1504eudKQjh2Zcev4hK4oHI82011,0.0,0,3,1,
0,0,6.749559164047241,0,968MjFCclVS0d1D0f2qQj3H495,0.0,0,3,1,
0,0.04651162790697674,6.968605279922485,0,2156pBjZFStWsSSBpKEqULmP4208,1.0,1,3,1,
0,0,6.792868614196777,0,25008jyl_fvzpJnsuFBgdiMe1779,1.0,1,3,1,
0,0,14.678534269332886,1,1552mGG1NYRbYx9aZFFqni5G1359,0.0,0,6,1,
0,0,6.812115430831909,0,1019zB6iUQ1EHfq_dimcfomU358,0.0,0,3,1,
0,0,6.982456207275391,0,2516JbmLE4fDSyfphT4zqf3R1745,1.0,1,3,1,
0,0,19.76532006263733,1,699OiEXRKj_U0b0vWMEpACW2882,2.0,2,6,1,
0,0,6.888862609863281,0,1524sFrIwH53jua7jqnLYOiU1963,1.0,1,3,1,
0,0,6.808554649353027,0,2099-acnCQhCOzxPYUMuFfmt1510,1.0,1,3,1,
0,0,7.004884958267212,0,2047k8-fX-AM7Tv4kEIBJCC81656,0.0,0,3,1,
0,0,6.799002170562744,0,21295BHq9T-LJZqpw1jzVi4C1423,0.0,0,3,1,
0,0,8.598944187164307,0,2062VZLt42f5YfL_F5YiZJ9_1615,0.0,0,3,1,
0,0,6.804584264755249,0,26862KtqVf6aUK3bcskyPun21003,1.0,1,3,1,
0,0.08333333333333333,6.903973340988159,0,2156cAAwtbnblT7bk5Q4OXmn4206,1.0,1,3,1,
0,0,6.837645769119263,0,673iXJr6OQEiXTiLOSzfmZ82945,1.0,1,3,1,
0,0,7.036742925643921,0,2662NwX5LGUVKuX9e_SZ5Ydk1075,1.0,1,3,1,
0,0,6.953848123550415,0,656YB8T90k-pyOHOCeclaxG2987,1.0,1,3,1,
0,0,6.816359281539917,0,1822OZ0KdTZtweXH-nkWRos13384,1.0,1,3,1,
0,0.07547169811320754,6.9338767528533936,0,13565ziQq0QewrGcH_w9CYT3803,1.0,1,3,1,
0,0,6.863868713378906,0,2989RyZlwTdDD2jGMDbsteBr3887,1.0,1,3,1,
0,0,6.864230394363403,0,2226L8d66ouJEV1RUNRdzzwj4032,0.0,0,3,1,
0,0,6.95048975944519,0,548Bj6ddRdZ8SW-Zzx6iTxc265,1.0,1,3,1,
0,0,6.849192142486572,0,1753F2-F3aTBMQahcdDwW-XL3544,0.0,0,3,1,
0,0,6.975207805633545,0,9060M-eUQVT4tdQgPtZ-brd2608,0.0,0,3,1,
0,0.07142857142857141,6.857304811477661,0,1621o42smlJhfXvPseS5MLZK1176,1.0,1,3,1,
0,0.043478260869565216,6.945353746414185,0,1035Kj_n7x68Qn7yayqGqlkg309,1.0,1,3,1,
0,0,6.831689119338989,0,2411yhLiRr_JQnLEj9IucyWG3630,1.0,1,3,1,
0,0,6.827554941177368,0,674NvGR-HjzwjtJCn0CRWAa2943,0.0,0,3,1,
0,0.047619047619047616,6.995190382003784,0,3004X8M9tRmpFDo7C4yTa_nC3855,1.0,1,3,1,
0,0,47.87920594215393,5,1339m1CLGfwJuUYwzo2OLZKV855,0.0,0,18,1,
0,0,46.57277178764343,5,1525U71OzY7b_K_zUbJ4Wn5-1960,0.0,0,18,1,
0,0,46.31164598464966,5,1231cJjNwm3bfsTH7qWJy5MR3064,1.0,1,18,1,
0,0,48.31261229515076,5,1408azjEHKBnVfAY-oT13G79662,0.0,0,18,1,
0,0,46.83745455741882,5,916HouNf3Zihi-QrcktYOJO2577,2.0,2,18,1,
0,0,47.54144358634949,5,2203MPjw7wTHX4rxoiofFaQy4089,0.0,0,18,1,
0,0,47.766823530197144,5,2538uT9UzILgVbv20p7KxXWQ2515,1.0,1,18,1,
0,0,46.57464861869812,5,2519KkZmS0x5ulGXiZTw1wKR1738,1.0,1,18,1,
0,0,45.88801431655884,5,1508P6G-ZISxFyD5_KJ3IUXw2005,1.0,1,18,1,
0,0,47.42892575263977,5,2617lIcTuHq8N8es-n39g3012365,1.0,1,18,1,
0,0.030303030303030304,44.17318558692932,5,1225RCrAx9wJxpkVXOhgrIVp3082,1.0,1,18,1,
0,0,44.81893444061279,5,1955QD7fJQoA5kgOX2s2B5yE2287,1.0,1,18,1,
0,0.03225806451612903,46.496054887771606,5,1358Ru5uz8DUOjyO0Xc4TIeb798,1.0,1,18,1,
0,0,44.34289741516113,5,2960ks0WgzObT5mMe7JvUcdZ3958,1.0,1,18,1,
0,0,45.86990261077881,5,2587WZtb-G91TcjATusTTjeN2423,1.0,1,18,1,
0,0,49.29165506362915,5,584nEQ5EoREN-G1n2xXlQ6W156,0.0,0,18,1,
0,0,22.391660451889038,2,1032MkCHpM6OpA6PnwVJTqDR318,1.0,1,9,1,
0,0,6.917829751968384,0,18101KP3McThNf4JrT7MhYDK3411,0.0,0,3,1,
0,0,6.933888673782349,0,1528MgNp15Yx30rPeZDqHZi11951,1.0,1,3,1,
0,0,6.797064542770386,0,2199K4y-1LqwxyvhvEKrLYlM4100,0.0,0,3,1,
0,0.07142857142857141,6.938541889190674,0,2585Y2N2cI4AQIUUjwHj-pWh2425,1.0,1,3,1,
0,0,6.997523069381714,0,565rvmkktoSoI8TnbBAfOcj213,1.0,1,3,1,
0,0.11320754716981134,6.8934855461120605,0,2191KGSRpNKqbnOuXgkR_GXG4120,1.0,1,3,1,
0,0.07692307692307693,6.74650764465332,0,932xbC9_ugIV02dO2WeOtf32536,1.0,1,3,1,
0,0,6.7523252964019775,0,1174cqJct9Y7Xjuewm_koPVH3043,1.0,1,3,1,
0,0,6.949078559875488,0,10310kDF1gSDdbFSECHjcQ-n321,1.0,1,3,1,
0,0,6.773911952972412,0,2175S4MitjCgK9hknprHvclr4155,1.0,1,3,1,
0,0,6.940034866333008,0,1540m7KtQ8W37yFZzUzVcX5F1394,1.0,1,3,1,
0,0,6.86049747467041,0,939Nc5hGTneUEWAXybnpuTl582,1.0,1,3,1,
0,0,6.7948455810546875,0,27096q2XztnsFkYKERTVO36v941,0.0,0,3,1,
0,0,7.174095153808594,0,1975vLuOp8gEBc7-d27D_PJt2245,1.0,1,3,1,
0,0,6.783876419067383,0,1154QF4krayqpB8xT4ck4ghA3287,1.0,1,3,1,
0,0,8.601509809494019,0,24760bnRp2NFdgHXH8zJ23TS1835,1.0,1,3,1,
0,0,6.641300439834595,0,1353cuJ2B12zDs0aTs65HC-5812,1.0,1,3,1,
0,0,6.784689903259277,0,1029D_VXSqeEcmujQynOF_FN328,0.0,0,3,1,
0,0,43.34373354911804,5,636DB3YzGx_xI3HQDZa-h7l6,2.0,2,18,1,
0,0,45.514058351516724,5,2043GupahRuMXnAkmy18E6L_1667,1.0,1,18,1,
0,0.037037037037037035,22.43731188774109,2,1535JT_lXL_OClCIRi_Kf0od1933,0.0,0,9,1,
0,0,6.778019905090332,0,1186P7uxLqgOAlAmYWkWs7Z_3199,1.0,1,3,1,
,,,,2593zX92VD8oSNjdJEyoOd_R2406,,,,,Ollama request exceeded timeout limit for model stable-qwen with error: timed out
0,0,6.745909690856934,0,2361c-8SrBx2PZDYVGvo5ybn3732,0.0,0,3,1,
0,0.07547169811320754,6.989948511123657,0,24434z3j5gm_bj0nuQ8LfJIw1911,1.0,1,3,1,
0,0,6.839462041854858,0,1755k6OhZV2tgTLoY1YA0e3q3539,1.0,1,3,1,
0,0,6.774247884750366,0,5460SSbREtZ85AA4OPt7HWf272,0.0,0,3,1,
0,0,6.872675657272339,0,2963HjFPYoq9gOmFLNgG-zm13950,0.0,0,3,1,
0,0.041666666666666664,6.836954355239868,0,1411rDFl1-2KKRZG_zvEhPJb653,0.0,0,3,1,
0,0.043478260869565216,6.9437806606292725,0,6697jIYtcKSoYakHzaLUALm2953,0.0,0,3,1,
0,0.044444444444444446,6.94355845451355,0,1953_7jguMvfhNu8DiK9_PGm2290,1.0,1,3,1,
0,0.045454545454545456,6.837686061859131,0,924pjumaMwKOEdZ-UotwyI92553,1.0,1,3,1,
0,0,7.171189069747925,0,2630sxHawjQEFB6dK2XvhQG62335,1.0,1,3,1,
0,0.041666666666666664,6.786916494369507,0,2515HnCK6br3syHDxNhRpc8g1749,0.0,0,3,1,
0,0.043478260869565216,6.849485397338867,0,2174jnPDST2ssGQAHmj94OFQ4159,0.0,0,3,1,
0,0,7.25792384147644,0,2437c2sYHX7dZAN7RcxrJekm3591,1.0,1,3,1,
0,0,6.815948963165283,0,5657UgoubyECldzVKmY9qmK215,1.0,1,3,1,
0,0,6.896073341369629,0,17827DnV3Cg-Nfu1fRrg_AZd3469,1.0,1,3,1,
0,0,6.777918100357056,0,30010MAQ7KJ-aW0Z2L6ThUUL3861,1.0,1,3,1,
0,0,7.354729413986206,0,634_5Ke_8xaAo_UsybwdiB114,0.0,0,3,1,
0,0,6.822120189666748,0,604mQQLLhcNi8N9nxflPiAk101,1.0,1,3,1,
0,0,8.63297414779663,0,2467UnCsY0GjqwvnMQVa1CFT1861,0.0,0,3,1,
0,0,45.74880647659302,5,594XaCVJIa20ZfOj0hFJ7HN126,1.0,1,18,1,
0,0,47.80948805809021,5,1984InJu5XFguodK1Khic6FC2232,0.0,0,18,1,
0,0.0303030303030303,45.947681188583374,5,2194GC95ntf1sDidYwRyemAc4114,1.0,1,18,1,
0,0,46.28120970726013,5,2106VMTbOKIT8LUZtIXhHKmi1491,1.0,1,18,1,
0,0,48.91988396644592,5,2063CNHDBJueyaE4leS4xnyJ1610,0.0,0,18,1,
0,0.05555555555555555,46.17581129074097,5,1027GtA7cv0YAAASkTdOQJj_333,1.0,1,18,1,
0,0,46.78036284446716,5,874kqKcdnSqPr2kHFDtCs872689,1.0,1,18,1,
0,0,46.869420766830444,5,11810pNzis8O7iMe4D0TXLLB3213,1.0,1,18,1,
0,0.028571428571428574,48.0460889339447,5,1801GMGqWYEBcwKtk36fM4SD3432,1.0,1,18,1,
0,0,48.09479641914368,5,29552yyd0Gev5Q7THSvvmMm23973,0.0,0,18,1,
0,0,46.882572412490845,5,9229vCEiyj7IT-qcEDEXgvZ2560,0.0,0,18,1,
0,0,15.37014365196228,1,2360xl9Xtx2fW4L4xa2bqWt43735,1.0,1,6,1,
0,0,13.653859615325928,1,1533z2Yfjif7NuyxeBQgP_HF1938,0.0,0,6,1,
0,0,6.910885334014893,0,1986Z84KJqkab5YckaHCqppB2226,0.0,0,3,1,
0,0.03846153846153846,7.079650163650513,0,1010HNqYCv68G7N_CQVNh43m383,1.0,1,3,1,
0,0.06666666666666667,6.94445276260376,0,1462MplDIpHfHip3TdPLnQAs2089,1.0,1,3,1,
0,0,8.949320793151855,0,1823Eoxuy7YeAaFwIKLgSxRm3382,1.0,1,3,1,
0,0.04081632653061224,8.73376178741455,0,5760zdXs4a1j3W7Ec0Pt00y181,1.0,1,3,1,
0,0,6.940890312194824,0,6303tv6IL3KzvNs_iehOLAO24,0.0,0,3,1,
0,0,7.0098254680633545,0,1181VylIAjhzHKEbTHOk7pUQ3212,1.0,1,3,1,
0,0.034482758620689655,6.799000024795532,0,2060X2wuRhZlsLWO7ahOjJyR1620,0.0,0,3,1,
0,0.03076923076923077,6.9242072105407715,0,2675-gwBiwWZVyjWDUu4p4cd1037,1.0,1,3,1,
0,0,9.028859615325928,0,975dedQPvGmPQcw3ASwBaEQ476,1.0,1,3,1,
0,0,6.958085536956787,0,5692z3V0IN830k8XsO-Od4W201,1.0,1,3,1,
0,0,7.032254219055176,0,681ZSY2R55eJuqPvMg2YLu32922,1.0,1,3,1,
0,0.08,6.95934271812439,0,1998cWl-TBhBN_jwx9-RUmIk2210,1.0,1,3,1,
0,0.03703703703703704,7.115924835205078,0,577J1_2EkXjvWVxk6PCwOXP179,0.0,0,3,1,
0,0.038461538461538464,6.981292963027954,0,1351ZgXI9kMkbXJxIICf4en4817,0.0,0,3,1,
0,0,7.701148509979248,0,1189xoCo3EiFLfneuFibLahf3189,1.0,1,3,1,
0,0.03773584905660378,7.109029769897461,0,2212AiYgOTwS6-B2X1GvWcOv4061,1.0,1,3,1,
0,0,6.94058084487915,0,5401-KQtKiJkYnkPCmw8hgz290,0.0,0,3,1,
0,0.03846153846153846,7.1502485275268555,0,1500rtEwkj5Ab48-qvZJG-TC2020,0.0,0,3,1,
0,0.10256410256410256,7.041022300720215,0,1985TCdOsXGEqgnh_b69BgBa2230,1.0,1,3,1,
0,0.03846153846153846,6.90757942199707,0,893yr9lRN4Av6ZBi_1BuAEs2645,1.0,1,3,1,
0,0.048192771084337345,7.07989239692688,0,2457EK954cnx1sbiMZvNQ97c1880,1.0,1,3,1,
0,0.0392156862745098,6.925002336502075,0,1354mCWTp9JbO_9CEDgtcsqF810,1.0,1,3,1,
0,0,8.7400643825531,0,5760zdXs4a1j3W7Ec0Pt00y182,1.0,1,3,1,
0,0.04,6.907933473587036,0,675_FqvNQZTBsCZpYPH5nqZ2941,0.0,0,3,1,
0,0,15.800607681274414,1,660LK3Me9by6QtGlAhc9ZgG2977,2.0,2,6,1,
0,0.03571428571428571,6.916362047195435,0,1761xqf8AkX7fyG-P96OIUWX3521,0.0,0,3,1,
0,0,7.10807728767395,0,1625pGkBzA7glpTmDaW3hVRT1164,1.0,1,3,1,
0,0.09375000000000001,7.0584118366241455,0,2403lDHCVZKpIfdlK_DXX6453641,1.0,1,3,1,
0,0,7.095025300979614,0,2144yrUQFOf2xZpRnCxV07q-4238,0.0,0,3,1,
0,0,6.978119373321533,0,2105j8lJG7NIdPNa-ZKAQAFY1494,0.0,0,3,1,
0,0.04,7.2043681144714355,0,2367wI6YJctGx_TrLePW0zFT3717,1.0,1,3,1,
0,0,7.084979772567749,0,1147WFziH2m07QrmUbmsVu0h3310,0.0,0,3,1,
0,0.04081632653061224,6.991904258728027,0,648p8TjJdUhvz1kzwnKAbO63008,0.0,0,3,1,
0,0,7.053471565246582,0,2641T6RBdJb2XLZN38m4tLnQ1130,0.0,0,3,1,
0,0,7.009691953659058,0,957jTOUmKitegWSXhSu5HBC528,1.0,1,3,1,
0,0,7.04358172416687,0,294512JZuY3wtRUnM7xV5Lvx3985,1.0,1,3,1,
0,0,7.033472061157227,0,2168vUp0MK_q-eM7E3DRDsyT4176,0.0,0,3,1,
0,0,6.985040664672852,0,10225FLoQxnwSkdi_B5KomYG350,1.0,1,3,1,
0,0.10169491525423728,7.087744235992432,0,24523V3YtR5qM3Ry32HOl9YL1891,1.0,1,3,1,
0,0,17.68394684791565,1,924h9Ft9SWd5mJ8NvTErCl72554,2.0,2,6,1,
0,0,6.875376224517822,0,1606Veghij1A-QwW6GVlGuCZ1220,0.0,0,3,1,
0,0,6.979188919067383,0,1536Vt7y8jm3lM_hxL8HrDZ31928,1.0,1,3,1,
0,0.046511627906976744,47.780694246292114,5,945tBlPoKsnHp4m96z6_5la566,0.0,0,18,1,
0,0,47.252509117126465,5,2725wuIIBvm6m_bXwQlOlPpe897,1.0,1,18,1,
0,0,57.79967188835144,5,932xbC9_ugIV02dO2WeOtf32535,0.0,0,18,1,
0,0.020618556701030927,63.498640060424805,5,571cpox6B770TVdihACJYmK196,2.0,2,18,1,
0,0,54.424256324768066,5,1424tcuici39BiIRCrEsLBdb617,1.0,1,18,1,
0,0,6.419183015823364,0,612j9e8x-SX2twmRLrzLrA_80,1.0,1,3,1,
0,0,42.2131724357605,5,888Xb_uMPfibcJslsiGts6V2655,1.0,1,18,1,
0,0.05,40.35074853897095,5,1558USBzQpgdUWBcaUu8vmKq1343,1.0,1,18,1,
0,0.0606060606060606,40.30957078933716,5,2010WZCaJ4UATWnu47fC8x_q2194,0.0,0,18,1,
0,0,6.354878664016724,0,2136GTNtg5ii_ljvTYd0c3zb1403,1.0,1,3,1,
0,0,29.75596594810486,3,2025x_2hg-9mZ-EGi6p0a3jI2164,0.0,0,12,1,
0,0.016260162601626018,10.813992977142334,0,27240PkmgWqz5j9_Fq0dxZCZ902,1.0,1,3,1,
0,0,26.827544927597046,3,1222uS4El57Q2wzu8IrO8jXC3091,0.0,0,12,1,
0,0,13.129777193069458,1,1407v19CEpuYZwkqnTa-q-b7664,0.0,0,6,1,
0,0,6.391075611114502,0,2042miR6jt7vY_V7syKyFwGL1670,1.0,1,3,1,
0,0,6.433234930038452,0,2177rTzU3iHejo6wHiCUUGgR4151,0.0,0,3,1,
0,0,6.285762071609497,0,1565Ydie_dkDFB5ITs4J5bt91321,0.0,0,3,1,
0,0,6.523914098739624,0,102860x28lgIYl08vHuvaK5q332,0.0,0,3,1,
0,0,6.397864580154419,0,1597nEqmtOHPo0XoNSnISrKk1245,0.0,0,3,1,
0,0,6.35526967048645,0,1828fptyhwuU_NFzQJA1Xi3E3367,0.0,0,3,1,
0,0,6.3978517055511475,0,1553HtIHHM40j_HGKzQ8UC-Q1357,1.0,1,3,1,
0,0.05714285714285715,49.32600116729736,5,2410AFq_qQ8y8JGQ7JFgVY783632,1.0,1,18,1,
0,0,42.13319182395935,5,2143rWgXIxnPTtsFFOBT0X5t4242,1.0,1,18,1,
0,0.0392156862745098,44.22470307350159,5,22165cE4SIrSj4XGK-I-cUmM4056,0.0,0,18,1,
0,0,45.83256220817566,5,1991TmQZ4tOI7nwuybQ4yHxb2218,1.0,1,18,1,
0,0,44.00967884063721,5,626sqIdy_-8ySZOwFGfvHa-37,0.0,0,18,1,
0,0,44.59577465057373,5,2002a_R1XmwMDmL5wyPZDS2t2204,1.0,1,18,1,
0,0,45.99238634109497,5,91489gYi_bXEz_5f9xGfB8j2584,1.0,1,18,1,
,,,,699OiEXRKj_U0b0vWMEpACW2881,,,,,Ollama request exceeded timeout limit for model stable-qwen with error: timed out
0,0,44.47351956367493,5,845RUlmcCAkxZC2itV7MBh62764,1.0,1,18,1,
,,,,2118pxZoSka6gwQShv5gCvh11453,,,,,Ollama request exceeded timeout limit for model stable-qwen with error: timed out
0,0.038461538461538464,44.363306522369385,5,10048BfgjG4enz3988-bMTQR401,0.0,0,18,1,
0,0.018691588785046728,55.93255639076233,5,2145sC266Uf0RNluKT7FLFAv4237,0.0,0,18,1,
0,0,69.62631583213806,5,1233BIh1MjWe8V_gvfBvkEMh3061,0.0,0,18,1,
0,0,65.05184578895569,5,2954jqY3V8dMNBIkxfLtHeUy3975,1.0,1,18,1,
0,0,42.25673770904541,2,874TgJ6pjm1tIjGOz4RQM6P2687,0.0,0,9,1,
0,0,9.910141229629517,0,2683ZWKumnsegnDtGeIxL8lV1014,1.0,1,3,1,
0,0.025974025974025972,24.457712173461914,1,1372lJrQ_uzmwv3HIDERdt8q756,1.0,1,6,1,
0,0,10.125349283218384,0,846pjUcdsDwdYxx6e-kSkqz2759,0.0,0,3,1,
0,0,9.870152950286865,0,902WTqrcVsS44_3kCdKoIiQ2618,0.0,0,3,1,
0,0.012987012987012986,9.91599440574646,0,928Hu3KA-x6oU_y3HrI-1_W2543,1.0,1,3,1,
0,0.02684563758389262,10.074727535247803,0,2675d-90_uKGpaHgp3SdT5rO1036,1.0,1,3,1,
0,0.012820512820512822,10.030791282653809,0,1566GrfvtQHA0o-4EBsVEj541319,1.0,1,3,1,
0,0,10.123073101043701,0,1973ZkDmgLcfAz_KK8nK3nfI2248,1.0,1,3,1,
0,0.01333333333333333,9.90563702583313,0,870SoygQGV4uQaIki71P9Rb2697,0.0,0,3,1,
0,0.07100591715976332,10.080940008163452,0,2079-LyObLxGymHC2hBqr_KO1564,1.0,1,3,1,
0,0,10.041335821151733,0,20584mhCkIhYtM4En0z3MQYe1626,0.0,0,3,1,
0,0.013157894736842105,9.9197359085083,0,2561RPearP2qJJF5nNBvVQ1L2467,1.0,1,3,1,
0,0,10.049614906311035,0,21437zdRayffhAEAXkARmi9b4241,0.0,0,3,1,
0,0,9.932078838348389,0,1485zXrCfbHH-0tedwW1xWx02039,0.0,0,3,1,
0,0,10.103325128555298,0,2525dJ4EWXcRDVXIeNXmusu41718,1.0,1,3,1,
0,0,10.009500741958618,0,1343QtMvat2gfyOpKcj4hGQk843,1.0,1,3,1,
0,0.02985074626865672,17.561914682388306,1,1611MZZJtpt_K7BKLoHaLOLz1206,1.0,1,6,1,
0,0.057142857142857134,9.441473245620728,0,16098VmMKHS5S-zIoi9Lnexu1213,1.0,1,3,1,
0,0,9.32797646522522,0,632js9QOyeh51lieyyYEk4e20,0.0,0,3,1,
0,0.02962962962962963,9.24265742301941,0,2603-H9t6TlkjtGBNIL8Vb1I2387,1.0,1,3,1,
0,0,19.643714904785156,1,659fIQxckVQ8kQLQWyiAcB82981,2.0,2,6,1,
0,0,9.277163743972778,0,640UbntiFko68p3ukz6iGpI3033,1.0,1,3,1,
0,0.01550387596899225,9.404169797897339,0,2054QGdD7x1dFKrhbc4zQqkz1637,1.0,1,3,1,
0,0.015037593984962407,9.282841682434082,0,2458dUd4YKaHBPU_GMLLWI0i1876,1.0,1,3,1,
0,0.015625000000000003,9.398488998413086,0,1208_hsVPm9rZYhHcK-M-aqb3131,1.0,1,3,1,
0,0.037037037037037035,8.784190893173218,0,2676Sh1pbKjbPEdIZU4GMc-I1033,1.0,1,3,1,
0,0,9.316688776016235,0,1535JT_lXL_OClCIRi_Kf0od1932,0.0,0,3,1,
0,0,9.934683322906494,0,2466TSVQzmiW-hXcxaEULw6K1864,1.0,1,3,1,
0,0,9.332772731781006,0,709ZYekPZmIHVZUS0oAXArM2857,0.0,0,3,1,
0,0.030075187969924814,9.487661838531494,0,599vA9baHhr2B12VCaQyfug111,1.0,1,3,1,
0,0,9.832947969436646,0,30010MAQ7KJ-aW0Z2L6ThUUL3860,0.0,0,3,1,
0,0,9.470838069915771,0,15234HN9qI_Z1BT9PU4i4eXx1966,1.0,1,3,1,
0,0.04545454545454545,11.170043706893921,0,2207Mhu0k4bRW9NfkPd9T-8G4076,0.0,0,3,1,
0,0.023255813953488372,10.567509889602661,0,9674guoihWvbbOOb4MxV9OO500,0.0,0,3,1,
0,0.015625000000000003,9.328908205032349,0,2532Ivi3Ohs9yg4eP9GRF8Og1698,0.0,0,3,1,
0,0,9.237054824829102,0,650c9GCkujN5yX2Hq3ptgvj3004,1.0,1,3,1,
0,0,9.373492002487183,0,1210_s24nmmMlgNl60QCA3_m3127,1.0,1,3,1,
0,0,9.968055486679077,0,692bmuZ27AI6NVxsz0KR_vt2894,0.0,0,3,1,
0,0.013986013986013986,58.91733241081238,5,991UJ4U1LRmAW5-f92M6LsY427,1.0,1,18,1,
0,0.016,58.015843868255615,5,1758f6XRTOs9blC5Tid8Svkp3530,1.0,1,18,1,
0,0,47.68690323829651,4,711G4Jg_FtYtXkHFYHcl93A2850,0.0,0,15,1,
0,0,56.55470108985901,5,881k4icJUV-D69snt3YwNkN2669,1.0,1,18,1,
0,0,18.08487057685852,1,1360LxZ_Vrj1sZ5dYHaRGOd6791,1.0,1,6,1,
0,0,8.77247953414917,0,2370c3Q74fBiYG2zw9ZSejzb3708,1.0,1,3,1,
0,0.019417475728155338,8.657540082931519,0,20865AJD7uSijZkNu3lQlJ481545,0.0,0,3,1,
,,,,952immu55E33w37RJlOAkR0544,,,,,"BadRequestError(400, 'search_phase_execution_exception', 'failed to create query: maxClauseCount is set to 2674')"
0,0,5.906116008758545,0,1185gqKvDplW4LckBGIE71n43200,0.0,0,3,1,
0,0,6.08894681930542,0,1007UIE-H0wbpcNQZ4pjpJnS390,0.0,0,3,1,
0,0,5.990995407104492,0,2167979S1AzMJxecio9-6zel4181,0.0,0,3,1,
0,0,6.123315334320068,0,2044egsXeT6Z85kZYfUih06a1665,1.0,1,3,1,
0,0,7.788336753845215,0,877wqSp0Rkg0hf-ytTtfQ252683,1.0,1,3,1,
0,0,5.957879066467285,0,1380vA5P1fp-1XlZm7dLip3Q738,0.0,0,3,1,
0,0,6.473401308059692,0,1764vbHFXwP80fm-jdwvjuuX3511,1.0,1,3,1,
0,0,5.957732200622559,0,2982l1HVy2DPPpYq8WtirtxS3904,1.0,1,3,1,
0,0,6.0573999881744385,0,1231cJjNwm3bfsTH7qWJy5MR3063,1.0,1,3,1,
0,0,6.011492967605591,0,952immu55E33w37RJlOAkR0545,0.0,0,3,1,
0,0,5.960939168930054,0,2461f8qQbH49itp6TCfAxJMw1869,0.0,0,3,1,
0,0,6.479254961013794,0,1389NIt7VpLR3rFxLFr6lrvJ712,1.0,1,3,1,
0,0,5.943159103393555,0,2965gY_fu8R7HgvXWZ2YZhQn3944,0.0,0,3,1,
0,0,5.983177661895752,0,2682o1_7d0Xjs0Bd9ZV891gv1017,1.0,1,3,1,
0,0,5.84968376159668,0,2690j2wOUpSsJgKU08FvIZEg994,0.0,0,3,1,
0,0,5.896207571029663,0,1034epoawfzg9BJTz2Ca4vrd313,1.0,1,3,1,
0,0,6.0311408042907715,0,716L1l3pKy-zugpO_a6ilSo2836,1.0,1,3,1,
0,0,6.0809485912323,0,2228Tic033jedplc8b6Uf0fN4026,0.0,0,3,1,
0,0,5.946609258651733,0,619TPd5jEymGsYMQLGFu97J58,1.0,1,3,1,
0,0,5.880746841430664,0,15964GBbwb3RvaHJ4qtXl4Wq1246,1.0,1,3,1,
0,0,5.802857398986816,0,722euX_8p0vNdY_kluqzWx42823,0.0,0,3,1,
0,0,6.0547332763671875,0,590ro0nE5d3ot52_gvAC8T9138,1.0,1,3,1,
0,0,5.891265392303467,0,2220FiinFvsU7-YyZ30zv8jY4048,0.0,0,3,1,
0,0,7.64650297164917,0,979hdglxJn8R-0hBhG7P5nM463,0.0,0,3,1,
0,0,5.799660682678223,0,2694ltreEVbPipuuO8jQ7qct981,1.0,1,3,1,
0,0,6.038537502288818,0,7201GV7Ue0Cd9oNYVERMrHM2827,1.0,1,3,1,
0,0,5.828051567077637,0,13441C2N2xP14JB_ucyRSeEL840,0.0,0,3,1,
0,0,5.830118656158447,0,1593wQ03VrIWqHihtyDIzkll1253,0.0,0,3,1,
0,0,5.99214768409729,0,1830MpIhGxEOYndLD4ltPTIl3361,1.0,1,3,1,
0,0,5.930261135101318,0,624IMVlhXqEDrP4UTYdjFBl43,0.0,0,3,1,
0,0,6.052261590957642,0,2626MQV0T7h5MJ3KG7hHErhC2347,1.0,1,3,1,
0,0,5.803869247436523,0,201676gIfT7jAO-6h0fecgJk2181,1.0,1,3,1,
0,0,5.860435247421265,0,1622VzIGjCK9OcMrN2AGi78L1173,0.0,0,3,1,
0,0,5.9670422077178955,0,2129Ps1jQaY1CwoiNj8jmkkP1422,1.0,1,3,1,
0,0,5.859939336776733,0,1779lcPuO1NFS50gJD6T-Zo73477,1.0,1,3,1,
0,0,6.046510457992554,0,2095lK7AE7QBvvimiBGlAhCP1520,0.0,0,3,1,
0,0,5.855119228363037,0,1566OYiRrAn9nhAe8krxhhlH1318,0.0,0,3,1,
0,0,5.976034641265869,0,2562xhuuQrOL772giwHAFNN12465,0.0,0,3,1,
0,0,5.926570653915405,0,1762sINPubHhOJZ7JGLvqpn33519,1.0,1,3,1,
0,0,5.889992713928223,0,981F93-pjjKms7jx4e2JVzV458,1.0,1,3,1,
0,0,5.994928359985352,0,985ZjvvC0gTx6zRqASlgtzC445,0.0,0,3,1,
0,0,5.877103567123413,0,1622tBSu7soksT-AzmIOuApI1175,1.0,1,3,1,
0,0,7.648529291152954,0,2597bEEmj9EqyhIvOn9lakux2398,1.0,1,3,1,
0,0,5.837560415267944,0,2111pGUGejfL5WACso3SLJbt1474,0.0,0,3,1,
0,0,5.795677900314331,0,1187yN2Y5xluovzwpRCb1U-23195,0.0,0,3,1,
0,0,5.885259628295898,0,607K-braHAQ3mBasRzaqi7I91,1.0,1,3,1,
0,0,5.820170164108276,0,2524HPFjghxlMH26LswuLr121721,0.0,0,3,1,
0,0,6.098312854766846,0,2112Ka84DXM_2O-I9bb2Bh1H1471,0.0,0,3,1,
0,0,5.856736898422241,0,2009yUPItY6TQRe6eMeSQjOO2195,1.0,1,3,1,
0,0,6.00191330909729,0,3032cpPfK3yN5DpsFVbesgis3794,1.0,1,3,1,
0,0,5.835169553756714,0,674fc9KLiMj1S_6ZgcjWErn2942,1.0,1,3,1,
0,0,5.8884501457214355,0,216056mnlRJWqGhoIzF9wyxO4199,0.0,0,3,1,
0,0,5.996650218963623,0,709nCI7ZXWYPT_VsxwhCSWp2855,1.0,1,3,1,
0,0,5.93686056137085,0,14135nOR58ZI6lSglpLLKJLs649,0.0,0,3,1,
0,0,5.984877824783325,0,21523ahtzE44hJmj4vLleIFL4217,1.0,1,3,1,
0,0,5.8855626583099365,0,2406B4Z7N9AspBfhkFExbXtA3637,1.0,1,3,1,
0,0,5.834140062332153,0,2677ervM-KMjq6rGhqtWXlXw1032,1.0,1,3,1,
0,0,12.632285833358765,1,1388YAP57D0SapGUbpiJRE9a715,2.0,2,6,1,
0,0,6.098904132843018,0,971YiMBm82cMuE-VjwzggoC486,1.0,1,3,1,
0,0,5.953623294830322,0,617iyLwPnEkb8aandhPxiQ265,1.0,1,3,1,
0,0,7.74044132232666,0,13429RfxQrh56mayQixQkhbs844,1.0,1,3,1,
0,0,5.786290407180786,0,647k5bR1qBlBkeACsN2IIMD3011,0.0,0,3,1,
0,0,5.787742853164673,0,961rHLHYK3rKYFAjaPXxUWS518,1.0,1,3,1,
0,0,5.990180969238281,0,3000dqwXFQm9XMFpQ0HwdmuB3862,1.0,1,3,1,
0,0,5.884181261062622,0,2719WfPBP5JMsTcRPHcHpNOM914,1.0,1,3,1,
0,0,6.036431789398193,0,2040HhSymgf1wKjnAVm1XtFr1677,1.0,1,3,1,
0,0,5.878790378570557,0,2541rje6l6smnNf496Mfo2ZK2506,0.0,0,3,1,
0,0,5.857637166976929,0,1202iIzasrTScRTbY9MqhVF43151,1.0,1,3,1,
0,0,6.075069904327393,0,2384aVhKH9_EVqT5P4uiN6BD3679,1.0,1,3,1,
0,0,5.939328193664551,0,2524gNYm9nwLrGjKr29PkOaJ1723,0.0,0,3,1,
0,0,6.001176357269287,0,1458N6uaL3BJbFx0zaaW_fWm2096,1.0,1,3,1,
0,0,5.916970729827881,0,1218FmLMT0y2IKk9ZtWcCy973101,1.0,1,3,1,
0,0,6.044871807098389,0,1466HA3s7uyQytzf1DGQ7ak82078,1.0,1,3,1,
0,0,5.8816704750061035,0,2163CPpJfPXi8a-ve64R5YUK4189,1.0,1,3,1,
0,0,5.900838375091553,0,2119SJEcYcuuQpuvuba_KlGl1452,1.0,1,3,1,
0,0,5.999549150466919,0,2529megpj8CeZE8YmFG-ONB81706,1.0,1,3,1,
0,0,5.910131931304932,0,2099_g4dFIknl3fT9dwR3u1P1509,1.0,1,3,1,
0,0,5.997221231460571,0,2217SJQhtYv5R5TRR96GIUDz4053,0.0,0,3,1,
0,0,5.97454833984375,0,2669v67locIF9ThvWJ8mcmqm1055,1.0,1,3,1,
0,0,7.747677803039551,0,866LtsA6S3dXyfEn4lwSbj-2706,1.0,1,3,1,
0,0,5.799358606338501,0,1011MjRtXOyGZ4-GuFtMmFil378,1.0,1,3,1,
0,0,5.7935285568237305,0,11978_NZ80-7iblXNygjG5Mj3165,1.0,1,3,1,
0,0,5.948828935623169,0,2166jcvCXmlprvHV3vNw6N8Q4183,1.0,1,3,1,
0,0,5.859939336776733,0,1462oZf7cRHuZfp2BDkDYtEC2088,1.0,1,3,1,
0,0,12.904680013656616,1,2032h_xc2uXEe2J9hKtwBMZw2147,0.0,0,6,1,
0,0,5.888205289840698,0,905uMGe3kos3fBWBJRcu64_2610,1.0,1,3,1,
0,0,6.097629070281982,0,1401DngdKRka9HWtSFdUlGtf683,1.0,1,3,1,
0,0,5.957393646240234,0,2234WunkhYpA1H7nKvUqH4fU4009,1.0,1,3,1,
0,0,5.986981391906738,0,6697jIYtcKSoYakHzaLUALm2952,1.0,1,3,1,
0,0,5.893937826156616,0,2728nFa2ldCrvtEJDng_XYxW888,1.0,1,3,1,
0,0,5.908695697784424,0,1370QNUfD2WiHA7tvyK8d5Dc761,1.0,1,3,1,
0,0,6.1029534339904785,0,2049EiSr8AWG9INgthccDLTD1650,1.0,1,3,1,
0,0,5.880657911300659,0,2604e0fmEL2GWz6b8e3UT2SE2382,0.0,0,3,1,
0,0,13.13478970527649,1,1477MEOUCxX-xvP9dW6zynAa2054,2.0,2,6,1,
0,0,6.1086506843566895,0,893CM-JFvTvcT8bMPws6w-12646,1.0,1,3,1,
0,0,7.679768800735474,0,2112z5T54aGAg6qkaOS_CEpU1472,1.0,1,3,1,
0,0,5.814037084579468,0,1379RrT3A_PqlFKQNYvghi-j741,0.0,0,3,1,
0,0,5.920146703720093,0,1773wG_suR5FqE-mF5fGOZf_3490,1.0,1,3,1,
0,0,5.863826274871826,0,25220uEQpWctQitEMppCz0oB1728,1.0,1,3,1,
0,0,5.954442739486694,0,1346yh2OMAtmfNpcRNt1SLy0832,1.0,1,3,1,
0,0,5.926259994506836,0,1764sM214smx3pexNt7ihmYZ3512,0.0,0,3,1,
0,0,5.799182176589966,0,29900qLcvUk1IANwUoRUksL83885,1.0,1,3,1,
0,0,6.022042512893677,0,2126DJgUbSL5sAmvrHK4b6i71433,1.0,1,3,1,
0,0,5.9157140254974365,0,2373NRKFusfQc_zLqjvXUBsn3703,1.0,1,3,1,
0,0,6.025456666946411,0,1146avA58X9cjk_DPeXmAxoa3312,1.0,1,3,1,
0,0,5.8948073387146,0,25035fhaQNvL0WXgoeoS66lU1771,1.0,1,3,1,
0,0,6.152315139770508,0,1782pNwPTa1BHnMqErVHNgVn3468,0.0,0,3,1,
0,0,5.94493556022644,0,2695ZPNMDXJVWkSpBsIvWP2e978,1.0,1,3,1,
0,0,6.176537752151489,0,734OaSkZy1tFRAsQhwXZpw72791,0.0,0,3,1,
0,0,6.1171369552612305,0,966sGFsmeXRVmn5uld87Uqx501,1.0,1,3,1,
0,0,5.877730369567871,0,1219M-HK-GzSUL0_YTpEyAal3100,1.0,1,3,1,
0,0,6.049847841262817,0,688c3WuYR4MMHLmhRv-gN0x2905,1.0,1,3,1,
0,0,5.961737632751465,0,2700ouBGuI-BEf84sS7uN4t6964,0.0,0,3,1,
0,0,5.88356876373291,0,1002OYjKgvY_WrTVyv0BBUq7298,1.0,1,3,1,
0,0,7.8013832569122314,0,15263OLWSlkXpClkcExQ-34k1956,1.0,1,3,1,
0,0,5.861988544464111,0,2047gFZId1qs9iPQOZC-ctZk1655,1.0,1,3,1,
0,0,6.049832344055176,0,632uvTxu-d7cMie_IsRhHir18,0.0,0,3,1,
0,0,5.93922758102417,0,2018YW2syleEWhsiOiqtl1bM2179,1.0,1,3,1,
0,0,6.1169750690460205,0,13557O5UDcwm79Dbe5mMKkyP805,1.0,1,3,1,
0,0,5.929473400115967,0,610Wlu96o5AFYgV3XRdxvUD81,0.0,0,3,1,
0,0,5.934699058532715,0,1222CcGGwOypuVs066m0-Ti03089,1.0,1,3,1,
0,0,6.016767978668213,0,920_3eA9G_QtBFRfHPqbpXD2564,1.0,1,3,1,
0,0,5.947672367095947,0,582uj-O_p2agIMaKLfVvt9q163,1.0,1,3,1,
0,0,6.008293390274048,0,11874ivUPRxetEbIs17W3yI23194,1.0,1,3,1,
0,0,5.938658237457275,0,663-JJ9KuxO4ce29ftc42bp2969,1.0,1,3,1,
0,0,6.134400129318237,0,1586xdhd1pR6S0dzxj9ovgft1273,1.0,1,3,1,
0,0,6.052656412124634,0,1609EOhGYwBpZppwqq_NILl01211,0.0,0,3,1,
0,0,5.8913490772247314,0,728o5nPELHgiol01noXmKOs2804,1.0,1,3,1,
0,0,6.080512523651123,0,26216Z83wTl882xhoh0wbJyW2356,1.0,1,3,1,
0,0,6.134250164031982,0,2738DAMkWYr6P41qkaUL03WS861,0.0,0,3,1,
0,0,6.077952861785889,0,2685GABqKAQvYffOXnzpYe7d1007,0.0,0,3,1,
0,0,5.8916637897491455,0,2497_yB250Kp0G5hx_qYaSQz1790,0.0,0,3,1,
0,0,5.960065841674805,0,2655gxZrOskmjOA-TW3Ehnd31093,1.0,1,3,1,
0,0,7.639316082000732,0,5638rNPpZlKveews0Jur10f220,1.0,1,3,1,
0,0,5.925182104110718,0,1610uoqONpVWq8hbfW0IWTp01210,0.0,0,3,1,
0,0,5.9504075050354,0,1619WNMGVblYkoUK6xqbFIWj1181,1.0,1,3,1,
0,0,5.855055570602417,0,2488DTQyWJtFzqpMo0G83Z141809,1.0,1,3,1,
0,0,5.861701250076294,0,1148PSyI-r3aKN8Fs-txzeP-3307,1.0,1,3,1,
0,0,6.0790417194366455,0,620bIM9wpBXt4X64dKqTAlI54,0.0,0,3,1,
0,0,5.846914291381836,0,697hxPp_DRdUO5M8Mhc9Foe2883,1.0,1,3,1,
0,0,6.061190366744995,0,2596mAI-2gOF5YyGddhRQY7J2401,0.0,0,3,1,
0,0,5.932196378707886,0,1353w0JPzybqaK7D7IgLKUAQ811,0.0,0,3,1,
0,0,6.477548122406006,0,2002fbBFgunu-KJFrVTfeKi42202,1.0,1,3,1,
0,0,5.907941818237305,0,19576albE3jQTwnzltPL9x4p2282,1.0,1,3,1,
0,0,5.839635610580444,0,2029zM0iFxiByEjdcqWytGF82157,0.0,0,3,1,
0,0,6.040174722671509,0,705qdVGES6XsgQsP_yvGu_I2866,0.0,0,3,1,
0,0,5.889650583267212,0,5638rNPpZlKveews0Jur10f221,1.0,1,3,1,
0,0,6.007424831390381,0,3025ztWv0J68PeStGtNqdd7e3807,1.0,1,3,1,
0,0,5.936594247817993,0,992-81dbeU4j2z_OL117yjt423,1.0,1,3,1,
0,0,5.820471525192261,0,908jl25A_Iov80feqJ4evmm2602,1.0,1,3,1,
0,0,6.138002395629883,0,1215415v_BmzwkNXDE-6MKs73111,1.0,1,3,1,
0,0,5.961838960647583,0,1520uD9FiUqcbSpNYsUopFjY1971,1.0,1,3,1,
0,0,7.691114664077759,0,2389fMXDCf-L0WzUcKd1VeHg3670,1.0,1,3,1,
0,0,5.794981956481934,0,1428xPneXxp8WCid2OQ6y0ie605,0.0,0,3,1,
0,0,5.967451572418213,0,1762sINPubHhOJZ7JGLvqpn33518,1.0,1,3,1,
0,0,5.812156438827515,0,2165UFxDkTAvPqvH4KxZyH3w4185,1.0,1,3,1,
0,0,5.913207530975342,0,1385LTJsjSVpJOBIcpvswpuK721,1.0,1,3,1,
0,0,5.9908366203308105,0,633PNkXpWrT5V7t9B3iNQ9z15,1.0,1,3,1,
0,0,5.922073125839233,0,2552VNiXxsau_A7kc3Tvf3p22484,1.0,1,3,1,
0,0,6.011537075042725,0,145680wJT2OEc4U1fHPyTYZE2103,1.0,1,3,1,
0,0,5.910981178283691,0,14141HXL5FAh9vdVXc_7zkwN645,0.0,0,3,1,
0,0,5.892594814300537,0,1509CUIy9Rlec04CLHTvttMQ2001,0.0,0,3,1,
0,0,6.076906204223633,0,1016CUBKrFMJ-UTMJxunATzk368,0.0,0,3,1,
0,0,5.897540807723999,0,1553LH4jQ8Gyh4swkDp_mTRB1356,1.0,1,3,1,
0,0,6.014233827590942,0,1146WndGbCRXWQdZIkeho7Gc3311,1.0,1,3,1,
0,0,5.925698280334473,0,578C_O7pYNiyLAUSE5J66xB175,0.0,0,3,1,
0,0,6.003453016281128,0,1005kUSQjnYNjRyPCjiXwSaB398,1.0,1,3,1,
0,0,5.933264255523682,0,998Con_q4MLI1RfJuY2bKbI415,1.0,1,3,1,
0,0,5.939418077468872,0,1226VvNg35i87Jc0HRevhBIp3079,1.0,1,3,1,
0,0,5.997976779937744,0,1961NgbrYCa8qLoT8bwQvWyP2273,1.0,1,3,1,
0,0,5.889682769775391,0,958UDYY0qFH9pDU9YSVA8Vc526,1.0,1,3,1,
0,0,7.741715908050537,0,16127RJnwPcCuQ2L6JWAn7Rd1204,0.0,0,3,1,
0,0,5.87018895149231,0,2345L8lcdJOyUpQRQBcnRzDK3766,1.0,1,3,1,
0,0,5.84257698059082,0,2379GN9mys5ZoyDzMrBRliJf3689,0.0,0,3,1,
0,0,5.986509561538696,0,1497JQ4ZHRsRX7evdsz7Cnxn2026,1.0,1,3,1,
0,0,5.874371290206909,0,1587uaVpzNlVFOvm2d9R858J1271,1.0,1,3,1,
0,0,5.958613157272339,0,691pqnhMyJfTBtJrs_4z71s2898,0.0,0,3,1,
0,0,5.836578130722046,0,2550LYN4iIl7yI_G3sifQnSg2490,1.0,1,3,1,
0,0,6.094006538391113,0,1804uzeMzyojontOD0RrTKB-3426,1.0,1,3,1,
0,0,5.8864357471466064,0,875rKE1xYgnsy1BcrIiDIQI2685,1.0,1,3,1,
0,0,5.888413667678833,0,2977yupMSQn-HI-bXvQfc1K33916,1.0,1,3,1,
0,0,6.003854274749756,0,2698bgG-pSvhH1uH5WECCZ_3970,1.0,1,3,1,
0,0,5.984395503997803,0,2081wGIIBL_5uHYg2-zjVmIl1559,0.0,0,3,1,
0,0,6.011154890060425,0,562PdLKBSdwFoIYHY2sfoIe222,1.0,1,3,1,
0,0,5.918332815170288,0,1545g1Tb818_JNDAuQjE--ZZ1379,1.0,1,3,1,
0,0,5.85163688659668,0,1544BBli6lvsM3ocK55YaTtb1382,1.0,1,3,1,
0,0,6.071989059448242,0,1000i5ZESzidE5hb6hdUdea2408,1.0,1,3,1,
0,0,5.825848579406738,0,2693xNMD-j6qs0jX-U23Wf0I984,1.0,1,3,1,
0,0,6.079956293106079,0,14925BpcZux1svJlrAtyoMai2029,1.0,1,3,1,
0,0,5.926441431045532,0,556P8pjHZyb4ejA9BA5GDtx242,1.0,1,3,1,
0,0,7.779569864273071,0,1590DQgHfimikqgwh-c_JwUe1261,1.0,1,3,1,
0,0,5.7376415729522705,0,2687GNgTIwftLmhQl-ULlyIq1002,1.0,1,3,1,
0,0,5.897570848464966,0,252513Fb0l8m0GRRu_iLUCVp1720,1.0,1,3,1,
0,0,5.927895784378052,0,664f37D7JhEzRWzT7PSpfeq2965,1.0,1,3,1,
0,0,5.905948162078857,0,2148NJIHZymeZVgHJqfku_T-4226,1.0,1,3,1,
0,0,6.010669946670532,0,22353xyc8AR6WxpoF2OKgYnG4005,1.0,1,3,1,
0,0,5.9222235679626465,0,925n35w1SDxy9hu-BoGzQhT2551,1.0,1,3,1,
0,0,5.831482648849487,0,25929jtoxzmRvrCghJK2Yr5n2409,1.0,1,3,1,
0,0,6.07927942276001,0,22035zMP91kTdK0D670Gm9DE4088,1.0,1,3,1,
0,0,5.863369464874268,0,1584nXcMXJnDRIJAimgA99Zv1279,1.0,1,3,1,
0,0,12.766788959503174,1,656YB8T90k-pyOHOCeclaxG2988,1.0,1,6,1,
0,0,6.097101926803589,0,2693jy7ZRqHH6YP_cNnIYq_h983,1.0,1,3,1,
0,0,5.961689710617065,0,726Zqrdy5MxEOzGUtfFmSDk2812,1.0,1,3,1,
0,0,5.914633750915527,0,974vUVNFZZhK9Vx9yosXwyz478,1.0,1,3,1,
0,0,6.025733232498169,0,1451JJuYQ7gSCXBvwOXzxUO72111,1.0,1,3,1,
0,0,5.909416675567627,0,1797bKcsOYWjujXqmm-PqvRx3438,1.0,1,3,1,
0,0,6.473398208618164,0,3011HiShQ8Sh1h9w8aYM2bSM3837,1.0,1,3,1,
0,0,5.965601921081543,0,2083X6CobqyKBWlVB2erFdr91552,1.0,1,3,1,
0,0,7.677404403686523,0,2059u7LeYW8QJT4FuRBunnc71622,0.0,0,3,1,
0,0,5.870130300521851,0,2446m66Tw_4sOTHwmDMR5WHc1904,1.0,1,3,1,
0,0,5.80243992805481,0,913p95ynskZDtXb0qOC6dwA2585,1.0,1,3,1,
0,0,5.93189263343811,0,1483yi8ag0RBlDyqbW4LauBq2044,1.0,1,3,1,
0,0,5.830527305603027,0,1428xPneXxp8WCid2OQ6y0ie604,1.0,1,3,1,
0,0,6.080613136291504,0,2127j4vlim-EJ7C9hksd0XEG1430,0.0,0,3,1,
0,0,5.851753234863281,0,3016UHntd5AXw8O8ujuIuzC03825,1.0,1,3,1,
0,0,5.915430545806885,0,262821L4N7qZnsAQ8yXausca2343,1.0,1,3,1,
0,0,6.060531854629517,0,1739zS5d5K2nGI2VG3-3pbM_3586,1.0,1,3,1,
0,0,5.937056064605713,0,1407o89xvqZTutf5eFwNUiRW665,1.0,1,3,1,
0,0,5.997648000717163,0,892NlSY0o_jjuvHCLz66OUl2648,0.0,0,3,1,
0,0,5.919957399368286,0,1198n_07s62TLlmlj1bGHEMh3161,1.0,1,3,1,
0,0,5.870129108428955,0,1145CdbMPhBl1m3XpPiJVufo3315,1.0,1,3,1,
0,0,6.037048578262329,0,300300XBB2enm-sjUC1pecfx3857,1.0,1,3,1,
0,0,5.850833892822266,0,2025tOS4Snu9-CzxWSTOYU392166,0.0,0,3,1,
0,0,6.0285820960998535,0,1185QUMqAkrbMIjcG5gvt2YM3201,1.0,1,3,1,
0,0,5.904181718826294,0,934hLc2W0dI5ExU1xikzEH42529,1.0,1,3,1,
0,0,9.649640321731567,0,2635-GCLdPLMrmMD4qnPKG-_2328,1.0,1,3,1,
0,0,10.95232343673706,0,1577OEbmLnj5geKIc3Ms5Gtk1298,1.0,1,3,1,
0,0,9.227491617202759,0,26727Yse7GsoM0NaNss8TBWk1047,1.0,1,3,1,
0,0,9.171876430511475,0,269641MnNGSIX-ZmkeYfsnXq976,1.0,1,3,1,
0,0,9.158109426498413,0,936Yj1HaPjTlXv6Hgo8Cae92522,1.0,1,3,1,
0,0,9.31028699874878,0,27065ZHgP-paSB5ljBAmKla_948,1.0,1,3,1,
0,0,9.190281867980957,0,2581ppi0j1b9BNl9BapOdicC2430,1.0,1,3,1,
0,0,9.163390636444092,0,2601GgSIDEnk6OnshxTFVGk-2392,1.0,1,3,1,
0,0,9.356551885604858,0,2729LQr51_aLqEDD75sH-mQa885,1.0,1,3,1,
0,0,9.185220003128052,0,2711IiarGLddFLTH1FRe4yTe935,1.0,1,3,1,
0,0,9.299806356430054,0,964RapMeSY8FyWlaMkFUNk8509,1.0,1,3,1,
0,0,9.268237352371216,0,1214OL0S8M01IQnF-7GOuJJn3113,1.0,1,3,1,
0,0,9.378848552703857,0,1946Nnxnp68NuZXwOGDihqLA2308,1.0,1,3,1,
0,0,9.139715909957886,0,612ky8baY-v_Ae9A0ILjO9a78,1.0,1,3,1,
0,0,9.191800832748413,0,2492ldlNHGz1Ln-OVphSGeie1801,1.0,1,3,1,
0,0,9.339285135269165,0,986wotq83gPK5H9RJCPZcUa443,1.0,1,3,1,
0,0,9.305006504058838,0,1999xtjeBxtA7VH_gw9Nh6zf2209,1.0,1,3,1,
0,0,9.417442560195923,0,6397bAfLk75E5KWRPhdSxoO3035,0.0,0,3,1,
0,0,9.187372922897339,0,593kmxrhCum30V8LO3FwczX131,1.0,1,3,1,
0,0,9.321330547332764,0,1476v2PUFlQQdpTZSxONJoJN2058,0.0,0,3,1,
0,0,11.072144031524658,0,933f51SxFqN5EEdYugeQFhF2533,1.0,1,3,1,
0,0,9.077992916107178,0,1837P7XMSHwyeqg5w6sgNooL3338,1.0,1,3,1,
0,0,9.371695518493652,0,1155buq6aWlaQuO1-Win_xed3285,1.0,1,3,1,
0,0,9.096055746078491,0,2400vNrdJburJUbyqPL1jKf-3646,1.0,1,3,1,
0,0,9.317111730575562,0,634_5Ke_8xaAo_UsybwdiB113,0.0,0,3,1,
0,0,10.123594284057617,0,15928E8pxEJmfNp4i0dvTpic1257,1.0,1,3,1,
0,0,9.294231176376343,0,2046Y3tesPObf1eU4k2Ieg_q1658,0.0,0,3,1,
0,0,9.321414470672607,0,1805jD6pXVUKWTExN0qvvGu63423,1.0,1,3,1,
0,0,19.99236798286438,1,1816M49IXoDpU__17vFIazVS3396,2.0,2,6,1,
0,0,9.214383602142334,0,859dpErN7YnpSc62U8feJVS2722,1.0,1,3,1,
0,0,9.267985820770264,0,1016iZHfARlbR17vRBgOG7AS366,0.0,0,3,1,
0,0,9.52121615409851,0,2121tJVu3NPeLooSCowp2KBZ1446,0.0,0,3,1,
0,0,9.198611736297607,0,3008p0idCpuhxmLUgt3xPUiv3845,1.0,1,3,1,
0,0,9.38423776626587,0,1023GZ3dln2t0HzaDV2xwSoN347,0.0,0,3,1,
0,0,9.262728691101074,0,672fdvBLQoGo5ntM5w4YRi_2946,0.0,0,3,1,
0,0,9.464022636413574,0,1617-HTq6axozTF-eMfISD1Y1188,0.0,0,3,1,
0,0,9.243021965026855,0,1829Io4ow-6WaOGk3uMLY2EE3364,1.0,1,3,1,
0,0,9.31427001953125,0,662FSjJPutAhsBA5hh--LCF2972,1.0,1,3,1,
0,0,11.060224294662476,0,999gah7KDso3MxqZMK24KwL413,0.0,0,3,1,
0,0,9.248318195343018,0,882doeTQayJlOLXdbcJEWxe2666,1.0,1,3,1,
0,0,9.294941663742065,0,2346lpAFRW5wMh0QbCkt1J153765,0.0,0,3,1,
0,0,9.16666030883789,0,570b8sPdCNrCb2fqPau5nlt198,1.0,1,3,1,
0,0,9.17529821395874,0,1364rzJ0x_lGbilmxlREm3-p780,1.0,1,3,1,
0,0,9.33464527130127,0,1352KmQBu98vzork4gBBSRO7816,1.0,1,3,1,
0,0,9.166529178619385,0,967mE-YQ6GKIOciQhgemIuu498,1.0,1,3,1,
0,0,9.36912751197815,0,853rlvzrZk-fZ0MJGXIDsKK2740,1.0,1,3,1,
0,0,9.406674861907959,0,1420r8hCUL3cJbDlZaKhMA1w626,1.0,1,3,1,
0,0,9.404715776443481,0,9663riGhItsb_5EG0X5d0GP503,1.0,1,3,1,
0,0,9.350742816925049,0,2632BRHiLLVNas_DcfbmC3c-2330,1.0,1,3,1,
0,0,9.210917234420776,0,25775PQIxbBRzGch8_9ktspn2442,1.0,1,3,1,
0,0,9.429006576538086,0,2686JOWKciP4s6sWuWPuyo-d1004,1.0,1,3,1,
0,0,9.233511924743652,0,1390o9_Ny0o9guZOaXj0sbu7711,1.0,1,3,1,
0,0,9.426451444625854,0,9686ZR7i7IlPRKYMLz1gLVE497,1.0,1,3,1,
0,0,9.233615636825562,0,1747m5UQck6_uvx449-K2ICH3563,1.0,1,3,1,
0,0,9.211753606796265,0,960o6-E-_ISeh5lV6FHiD34521,1.0,1,3,1,
0,0,9.427836894989014,0,26584ooM2Zw_eA4brG7DDLRH1084,1.0,1,3,1,
0,0,9.24928069114685,0,2139yDUqrN6ktYr0XYmUtrhj4251,1.0,1,3,1,
0,0,11.081293821334839,0,2658kpZ5jhLWnxu93y4HPmEB1086,1.0,1,3,1,
0,0,9.18679404258728,0,1982gXuf8xxJfqlXCJ0lBbBx2236,1.0,1,3,1,
0,0,9.6082603931427,0,1442E-iDHqJgmhXgGgUnsT6U2127,1.0,1,3,1,
0,0,9.197928667068481,0,1835xWOwAfgrbHJnPbJjkinW3345,1.0,1,3,1,
0,0,9.26227331161499,0,21819xbRjmQqZsl8GNgU4sNW4141,0.0,0,3,1,
0,0,9.278382539749146,0,2535aSLMIE3ai-2WCJ4pqVYs1691,1.0,1,3,1,
0,0,18.90593695640564,1,735yFZGdJWVMnSb6dYaQkiG2787,2.0,2,6,1,
0,0,9.302863597869873,0,1457upHRYV54bxzXrLiZtg6L2099,1.0,1,3,1,
0,0,9.177223920822144,0,1183U1zI1TbGdaZR1adOMYQM3207,1.0,1,3,1,
0,0,9.44819688796997,0,1369djsyqLYuxpeSrFzUMmCE764,0.0,0,3,1,
0,0,9.239188194274902,0,2977bAR1UUAdut5SZn4bYC9-3918,1.0,1,3,1,
0,0,9.333017826080322,0,2536UpX9Bg_Y08DDNzXdFiU_1690,1.0,1,3,1,
0,0,9.196492910385132,0,581eQPPkrKHcN8_8Sw_9yqc166,0.0,0,3,1,
0,0,9.3908371925354,0,182447yf5Kxgmkoq18WzZ-kB3379,1.0,1,3,1,
0,0,9.299200773239136,0,2599s6M3aZhTKLbo_uqhfouF2396,1.0,1,3,1,
0,0,9.305129289627075,0,2607OKKx_-TxJyP4xHwMylUE2373,0.0,0,3,1,
0,0,9.348633289337158,0,1235ppKKbTr1utemwebxmtLB3055,1.0,1,3,1,
0,0,20.97916316986084,1,2480x9e2-ZMs1EKt6D0tRsQi1826,1.0,1,6,1,
0,0,9.452709674835205,0,2159ddV_uhwSKY-ivPDLPBYe4202,1.0,1,3,1,
0,0,9.206655979156494,0,1613_GNhprlpdle_vZoOR-qp1200,1.0,1,3,1,
0,0,9.734843730926514,0,23527XII60w5C9XqiZx6OCLt3753,1.0,1,3,1,
0,0,9.251444578170776,0,1472rUZfzrrFBRkQ2V9Nom352064,1.0,1,3,1,
0,0,9.328547954559326,0,1952VkcVXDZByWM4BEkloo3g2292,1.0,1,3,1,
0,0,9.220993757247925,0,1346nIMk4YFeJtxqsv7zKctl834,1.0,1,3,1,
0,0,9.381783962249756,0,1021PPK-R-xW8kEi9x6y3ozh352,0.0,0,3,1,
0,0,9.399775743484497,0,2722B2Q7xCqKAJysuUWecphg907,0.0,0,3,1,
0,0,9.237430572509766,0,1007US_OGKNW9-UY27_fbDjW392,1.0,1,3,1,
0,0,9.346041202545166,0,2959FnHyjmyIGupp1N26K34X3962,1.0,1,3,1,
0,0,9.242250919342041,0,1441MCBHwz4mlshCsnGFlkHe2131,1.0,1,3,1,
0,0,9.392853736877441,0,1144Dngx4nkJVbVR8P-iE7sU3318,0.0,0,3,1,
0,0,9.299814701080322,0,29814YmrvhgM84gEBT0lVxvw3906,1.0,1,3,1,
0,0,9.244588851928711,0,2971KWjWQ_4RCyuE49PD1BRC3931,0.0,0,3,1,
0,0,9.367770671844482,0,1759y5yGptDhTmoTR_wEuxlL3527,1.0,1,3,1,
0,0,9.168853521347046,0,2357Td0_4YYUSAljF5vBv_0h3739,1.0,1,3,1,
0,0,9.390563249588013,0,1150dinob9vqgTZrk-xbjId83300,1.0,1,3,1,
0,0,9.223680257797241,0,1206pt-2ozhsCeZeJuJZ11Ii3138,1.0,1,3,1,
0,0,11.23711609840393,0,920oP3ZWGsXlXtshho5kLW02566,1.0,1,3,1,
0,0,9.107130289077759,0,5790Fok9pJKiiI6Y-n3yb5i171,0.0,0,3,1,
0,0,9.197672367095947,0,1746xFkEmAdD0clAPlBABufm3565,1.0,1,3,1,
0,0,9.33312201499939,0,1766ZRZ8EEGBsuCXUDeVU6AL3507,1.0,1,3,1,
0,0,9.186635971069336,0,859dpErN7YnpSc62U8feJVS2721,1.0,1,3,1,
0,0,9.294439792633057,0,2534kfzrkiF6qPoNEuEogKpb1695,0.0,0,3,1,
0,0,9.259122371673584,0,878Tp76n2ZpjK1LVAz5F3Mg2680,1.0,1,3,1,
0,0,9.247203350067139,0,1611MZZJtpt_K7BKLoHaLOLz1207,1.0,1,3,1,
0,0,9.378117084503174,0,687a3A4RhuOTcthCNUiIrgc2907,1.0,1,3,1,
0,0,9.24244475364685,0,2506tnNa34B-P_N92wRxsBoH1767,1.0,1,3,1,
0,0,9.811481475830078,0,580J0GQq9CMPFwuNoK_eRB4170,1.0,1,3,1,
0,0,9.176888704299927,0,8868thLYr46u8EShTLKweit2658,1.0,1,3,1,
0,0,9.426793813705444,0,1357dHKRJVVa-pcJ70XOotOx800,1.0,1,3,1,
0,0,9.16112494468689,0,8982jMja-0mYqXcdvoFxJxW2630,1.0,1,3,1,
0,0,9.26302456855774,0,2655YDVlTu5g8XP-s_xoiAGt1095,1.0,1,3,1,
0,0,9.290244102478027,0,2196RcteK2m9GTjJgXROQiPI4109,0.0,0,3,1,
0,0,9.263025760650635,0,9800iElAh33OivZxcm_4tCk460,0.0,0,3,1,
0,0,9.410703659057617,0,24057YiGguOU4QpG_Wn3OHra3640,1.0,1,3,1,
0,0,9.197953701019287,0,2579V8DiOeUpZ5xJHz_B22Nw2437,1.0,1,3,1,
0,0,11.067909002304077,0,2087IjAfgbVGOizyI4eZPItW1543,1.0,1,3,1,
0,0,9.13074779510498,0,2447UihYYfUXE3z2K7OG-aL91902,1.0,1,3,1,
0,0,9.106860160827637,0,2631s34D4pZl8TjOOyGiit1L2332,1.0,1,3,1,
0,0,9.356665849685669,0,2115wjzLCrPzhF-VpxKRqJFP1463,1.0,1,3,1,
0,0,9.150623798370361,0,1818-F59qEXWD7zf-tifA6Fz3388,1.0,1,3,1,
0,0,9.246592283248901,0,3003dQUE5hLbknhc6gAE1TOI3856,1.0,1,3,1,
0,0,9.197712182998657,0,647GmaUXD9I5MZkvW1GqNBE3012,1.0,1,3,1,
0,0,9.245074033737183,0,2673R6wJljC4R8_gzHYO3Plt1042,0.0,0,3,1,
0,0,9.266066789627075,0,1196pKofKEiQ1ZBZSetE64_G3168,1.0,1,3,1,
0,0,9.321309804916382,0,1524Nfm7mS8r69gMUDH3Iml01961,1.0,1,3,1,
0,0,9.38537049293518,0,883RFNtuFISrJk8_Rt0CI6B2665,1.0,1,3,1,
0,0,9.237966775894165,0,26682MjSxvP6AiBNgCeojDJb1057,1.0,1,3,1,
0,0,9.293289184570312,0,2160pB7t95SaGUm4CzQhgmjJ4198,1.0,1,3,1,
0,0,9.384905576705933,0,716hek6-tGWv6OjWX6V9K692835,1.0,1,3,1,
0,0,9.19789171218872,0,25163F-nTR5MBd30RtLg31GT1747,1.0,1,3,1,
0,0,9.395337581634521,0,2041iPCDoSwc6-SSEDCFNNzL1675,1.0,1,3,1,
0,0,9.26703929901123,0,7008WqVcdO5NHeeSxJ_rN-I2877,1.0,1,3,1,
0,0,9.350820302963257,0,25316jqKhJvYVlP1H8PWC21S1702,1.0,1,3,1,
0,0,10.945608615875244,0,1750NmMTJzJEm36yjIov9B9h3552,1.0,1,3,1,
0,0,9.295530080795288,0,614Bxg8ByFfN9DYmXPdt9mG72,1.0,1,3,1,
0,0,9.472697019577026,0,918WklZmO3jLsn_Z70OZLWg2571,1.0,1,3,1,
0,0,9.128577470779419,0,2454DywEFUk_89WopSOIo62c1888,1.0,1,3,1,
0,0,9.279305934906006,0,2951jT6DhbJBxVHu10Bg2oXX3980,0.0,0,3,1,
0,0,9.253204107284546,0,1559TG0OMQDF0IiIQ-iWWlLf1341,1.0,1,3,1,
0,0,9.305250883102417,0,1508H4qju9CSQupQaGqERdUH2004,1.0,1,3,1,
0,0,9.4114511013031,0,1534EqrG2U5ZwhVnfonLjR3v1934,1.0,1,3,1,
0,0,9.200356245040894,0,1637oAol1FhKHhQdYFj8rM9_1137,1.0,1,3,1,
0,0,9.33617639541626,0,590XWeIE_Ub3P9D0x7jiKmg140,0.0,0,3,1,
0,0,9.201180219650269,0,1385ik6Ip2I4xXAHzd2hJNiR722,0.0,0,3,1,
0,0,9.438090562820435,0,550jo6NqKN88LJy5XivwHWi260,1.0,1,3,1,
0,0,9.243412256240845,0,1148PSyI-r3aKN8Fs-txzeP-3306,1.0,1,3,1,
0,0,9.23943829536438,0,2070UnqvM1-fIev38f4GM7OM1590,0.0,0,3,1,
0,0,9.291828155517578,0,6810pXzj6X5cQY4449WyWI52924,1.0,1,3,1,
0,0,9.342495679855347,0,1745NUZ2j8Ha1NL9ReBuDZX-3567,1.0,1,3,1,
0,0,9.38010311126709,0,2459esAepNixSA0AcF8zNoUb1873,1.0,1,3,1,
0,0,9.315282821655273,0,26250nxthp2POkkPu-sWPuc42350,1.0,1,3,1,
0,0,9.29466724395752,0,1613uVGIU9rbTfPHxhpCKPHB1199,1.0,1,3,1,
0,0,64.77482533454895,5,1491oI4TAF4mItNmtq538iaG2033,1.0,1,18,1,
0,0.1111111111111111,12.491935968399048,0,5829IqfH0v_SCRjimDfqJQV162,1.0,1,3,1,
0,0,20.558656215667725,1,1974I-pVnxUHEcoxxhc26Hf32247,1.0,1,6,1,
0,0,10.639061689376831,0,2224RcPD7El8ag0rMhsUVbtJ4037,0.0,0,3,1,
0,0.043478260869565216,61.584949254989624,5,1360D7Hgd9qw5bZMvmEITupU790,1.0,1,18,1,
0,0.045454545454545456,62.112194538116455,5,2986MO21v7OjEXp1PFMGy7zb3894,1.0,1,18,1,
0,0,61.59030222892761,5,1769rga8DFTYurVZ6xGRlZ-k3499,2.0,2,18,1,
0,0,61.553274631500244,5,1359atcV3Ym9xm3K3Feuwic1793,1.0,1,18,1,
0,0,30.06753396987915,2,1199A2SWcBf7AXJV9GygzZFM3159,1.0,1,9,1,
0,0,62.55982804298401,5,17388L0pXFkN6Wb2CQAgtWsF3589,1.0,1,18,1,
0,0,20.23633074760437,1,697bJxNrY0oHPPOp9A6H2w-2884,1.0,1,6,1,
0,0,10.3080735206604,0,2423B6sbACqoj9ruotjUHd4V3608,1.0,1,3,1,
0,0,10.526551723480225,0,893CM-JFvTvcT8bMPws6w-12647,1.0,1,3,1,
0,0,10.089242696762085,0,1037LvCdYeAKroXxUJeycQww305,1.0,1,3,1,
0,0,10.306807518005371,0,1397d2BPGtIDfQjgBBeI1gfi694,1.0,1,3,1,
0,0,10.1649010181427,0,2197JYHIBfWstcD9UKgGesaP4106,1.0,1,3,1,
0,0,10.303090333938599,0,567COo6mlEhcowdZdaMt4w3208,1.0,1,3,1,
,,,,22028XpMKQjngZ6oNkc2mHhg4092,,,,,Ollama request exceeded timeout limit for model stable-qwen with error: timed out
0,0,20.94821310043335,1,1947A5MF0NJR55TokdQfbhca2306,1.0,1,6,1,
0,0.045454545454545456,63.94239258766174,5,2511yeDda16x6E0RLYCDi9mP1756,2.0,2,18,1,
0,0.05,10.44730281829834,0,2415XgbOPioSGAgijio17bAF3624,1.0,1,3,1,
0,0,59.47957515716553,5,1165doXH6LWPr1l3iKFqXoxi3258,0.0,0,18,1,
0,0.043478260869565216,60.59551239013672,5,2997pY-cnb_SN-LcFfS41l9P3870,1.0,1,18,1,
,,,,587v2MlTNxLZ2PTLUM4FwNM148,,,,,Ollama request exceeded timeout limit for model stable-qwen with error: timed out
0,0,9.405502557754517,0,2528UEldJWc8DP0tiLD8vndW1710,0.0,0,3,1,
0,0,56.31761360168457,4,3026pQ1wZ8FbWxBkRxg2TO-q3804,1.0,1,15,1,
0,0.028571428571428574,62.751073360443115,5,1767VEuCAyUVu8RWl4oT_E163505,1.0,1,18,1,
0,0.0273972602739726,65.00501775741577,5,1024EAnLzPugg_3Icp64grI8343,1.0,1,18,1,
0,0,64.42697858810425,5,678otpfB47oYxNuzn83DpRo2932,2.0,2,18,1,
0,0,65.82274460792542,5,2461f8qQbH49itp6TCfAxJMw1868,1.0,1,18,1,
0,0,64.14335036277771,5,1347Qw23uphuVkPM2_Dx4UdQ829,0.0,0,18,1,
0,0,67.1834146976471,5,1601UkDAFw-P2w4uKKY2rozv1233,2.0,2,18,1,
0,0.024096385542168672,67.65466523170471,5,25261kHHM3xmrKGTFC2m-3jz1716,1.0,1,18,1,
0,0.02941176470588235,49.45517158508301,5,637XN1jH-kFjaRz4RsZeYq15,1.0,1,18,1,
0,0,48.39608669281006,5,2535_pSTmM_bPcfnFUozn-RN1692,1.0,1,18,1,
0,0,45.2885684967041,5,925ONi8DqJgbZBM5TjeIADZ2550,1.0,1,18,1,
0,0,44.23390436172485,5,2022QX2eDjcZ4dsu7lONZu112170,1.0,1,18,1,
0,0,45.92158913612366,5,17764Wvvzaj-yaDcpnjXfpOs3484,2.0,2,18,1,
0,0.02,47.543123960494995,5,965GQDApWgsLm2Q6M9oCXXz505,0.0,0,18,1,
0,0,47.6552312374115,5,1545nS51eGeqSTj9s6LSmRoa1377,0.0,0,18,1,
0,0,31.941439867019653,3,2000gGAiEI4MU8XJEWYhWtMT2206,1.0,1,12,1,
0,0,55.66699004173279,5,1230q6biePiNfKKRI6X0oFun3065,1.0,1,18,1,
0,0.05333333333333333,45.64330554008484,5,1584P45h89PG1NmLba_I6GT41278,0.0,0,18,1,
0,0,108.33355975151062,5,2026yIVtrJbiaYcqiJLKF7l92163,1.0,1,18,1,
0,0,51.96955466270447,5,906MvzKtaiX283ibJ29qi6M2606,0.0,0,18,1,
0,0,49.685348987579346,5,2165HuZLp-RpujYD_LZRSJQC4186,0.0,0,18,1,
0,0,51.3051221370697,5,1504hlqci9hC_wlnWXFEJjtG2013,2.0,2,18,1,
0,0,46.83094930648804,5,1349kgWBQhOLlY3E9pWS8AbU824,1.0,1,18,1,
0,0,47.59670090675354,5,1203Ol4QUojB9cRergcdvn903148,2.0,2,18,1,
0,0,47.811365365982056,5,19410cAiVIRRgASbt7wWgZD-2319,1.0,1,18,1,
0,0,52.22947978973389,5,5516BHaRRv6Egl03A_kDyw0257,0.0,0,18,1,
0,0,26.567802667617798,2,2718CJJlT43vSkiBp7_LGjcB916,1.0,1,9,1,
0,0,43.9479455947876,4,1190K-vBrGKzVvJ8j8oue-N63187,1.0,1,15,1,
0,0,8.313416719436646,0,12230qQBc604SKoNhbZmzs-G3088,1.0,1,3,1,
0,0,8.466597080230713,0,2670Y-kuxlKLxN5SPIlGPfw91053,0.0,0,3,1,
0,0,8.417603969573975,0,1564Kq9tsrgH8Jhl4M51Udxu1325,1.0,1,3,1,
0,0,8.319883346557617,0,2481DMq2-F1erOLzkMNHhSK-1825,1.0,1,3,1,
0,0,8.552293062210083,0,605xKa5pDZq3ri35vcSMZD_96,1.0,1,3,1,
0,0,8.333577156066895,0,2580MTsBR8_rce6kiKLMzPcF2432,1.0,1,3,1,
0,0,8.46213960647583,0,2117vQSAQ0G-Q-u-Bsbb62o91456,1.0,1,3,1,
0,0,8.339786052703857,0,1990jh2GtyFtQ71QD9ruIdP_2219,1.0,1,3,1,
0,0,8.447788715362549,0,9281L0ojvJ8_Y1OZ8Y5E-2U2542,0.0,0,3,1,
0,0,19.66256332397461,1,2656Yp2ruMu098-NHmfDpEnc1090,0.0,0,6,1,
0,0,9.470348358154297,0,2154hgnNDJMyC_N1LGBLoIru4214,1.0,1,3,1,
0,0,9.427103042602539,0,18101KP3McThNf4JrT7MhYDK3412,1.0,1,3,1,
0,0.10810810810810811,9.473808288574219,0,3036Bam4sHa-kzaCOT3bw4IT3789,1.0,1,3,1,
0,0,9.3957839012146,0,2591f3d7XC4L0cvP4kCC70_a2413,0.0,0,3,1,
0,0,9.369330644607544,0,1465BJRKQjBzp7FtVHgDIy5n2083,1.0,1,3,1,
0,0.05128205128205127,9.58290958404541,0,896R0sD8mqKYbLGYqqk-r7j2636,1.0,1,3,1,
0,0.05,9.513888120651245,0,1364_8Kr3q32CIpMR0kiqSJZ778,0.0,0,3,1,
0,0,9.537688732147217,0,12070-1QsjSqBKe6exv2Y63Q3134,1.0,1,3,1,
0,0.07407407407407407,49.061726808547974,4,1789Q_uXiC023fjzRTDdQFGb3452,1.0,1,15,1,
0,0,8.077771663665771,0,2468bI5nQWQ8Og-_9QlLKU8v1858,1.0,1,3,1,
0,0,8.206680059432983,0,849q68W7IxX8-DQe5gM8Mee2752,1.0,1,3,1,
0,0.052631578947368425,8.044923543930054,0,20341Pq0AyTYhP8IIzfXyUF82144,0.0,0,3,1,
0,0,8.047471046447754,0,685mD5vd-eQOOqkkqDXeo0t2912,1.0,1,3,1,
0,0,46.38782715797424,4,1182meUHVvr0MSNbaF6y6cu83211,0.0,0,15,1,
0,0,5.980144262313843,0,1598QzeCBWXgq443IBJvDmm61242,1.0,1,3,1,
0,0,6.0290093421936035,0,1786P9IXKcQP8OkEN66opvpF3459,1.0,1,3,1,
0,0,43.85270595550537,5,2122fC9S5wJCD5HNfg2ppqf71442,1.0,1,18,1,
0,0.05633802816901408,44.56090426445007,5,15715bk_bkzCsTkEKHc-4BgP1307,1.0,1,18,1,
0,0,48.73037886619568,5,2136oFgVPp4a2aBSRi_E2Wfp1401,1.0,1,18,1,
0,0,65.35953688621521,5,862DJJ2OtaoUpLFANoF4A6z2711,0.0,0,18,1,
0,0,11.44786787033081,0,2696OeCQ2eGPeeqcJWvnia2b974,0.0,0,3,1,
0,0,11.355607748031616,0,1544URXllxvZje97Y6Ow4nWo1380,0.0,0,3,1,
0,0,11.419060230255127,0,1006TpLBx3Al5o1DiQaM37oi393,1.0,1,3,1,
0,0,11.302364110946655,0,15629LVg0fMbpcV7lJ9LKY9C1332,1.0,1,3,1,
0,0,11.314053058624268,0,1498TzP8gn0jdkp7FZzfjhoQ2025,1.0,1,3,1,
0,0,11.423473596572876,0,734OaSkZy1tFRAsQhwXZpw72792,1.0,1,3,1,
0,0,10.843534231185913,0,2485bDk97nBPZwJrs1HTqUYW1817,1.0,1,3,1,
0,0.031746031746031744,12.620124340057373,0,3011U-7Tp-DNh4zvlgXG0HpU3836,1.0,1,3,1,
0,0,11.211138248443604,0,2441iHjaCHbBrRtNVI1F4dLI1916,1.0,1,3,1,
0,0,10.006163597106934,0,944zb5DA9PSwaSOFs8Ixpfj568,1.0,1,3,1,
0,0,11.221974611282349,0,1191B_3IBBp4kfqy7lOAgEnj3182,1.0,1,3,1,
0,0,10.416799068450928,0,994GU89OGfkUkf_KwQ-KrNe295,0.0,0,3,1,
0,0,11.38523530960083,0,15830sap0GkxnTMOv3sqw8nN1281,1.0,1,3,1,
0,0,11.291385412216187,0,557jlOGQ8cWQ5Q_as3HFgdb239,1.0,1,3,1,
0,0,11.394453525543213,0,1522fhyaWeuJ9Z_qFlrlcyWV1967,1.0,1,3,1,
0,0.028985507246376815,10.819005489349365,0,2142M0Z1hvthYBIQDwlfmDoc4244,1.0,1,3,1,
0,0,11.2733793258667,0,1381nh2SdDr2eWku393B09QY734,0.0,0,3,1,
0,0,11.357349634170532,0,972wepQM0WfoPr49Ged8v0v485,1.0,1,3,1,
0,0,10.780732870101929,0,1585D6y_4Zn5mH0JozDs766v1277,0.0,0,3,1,
0,0,23.394243240356445,1,2477JtT30EyGVCGC3ayc5fzB1833,1.0,1,6,1,
0,0,22.622803211212158,1,2978f-wthVzOQ894PpZPNG4v3914,1.0,1,6,1,
0,0,10.961550951004028,0,2630aXuhB9uY_8J6EHtO6-Mr2336,1.0,1,3,1,
0,0,23.504891872406006,1,1199A2SWcBf7AXJV9GygzZFM3160,0.0,0,6,1,
0,0,13.3892080783844,0,2700a4RLmE2cp5zGGWocgMnk962,1.0,1,3,1,
0,0,23.62329864501953,1,926tAEnfqtEDknSf1RRHRGd2548,1.0,1,6,1,
0,0,12.581567287445068,0,2640qGTRBDkuytVF7DgH9rac1133,1.0,1,3,1,
0,0,12.054582357406616,0,1749wiiGSfeFQ3yPQ1BOc1U43557,0.0,0,3,1,
0,0,12.20551609992981,0,2152-7ZSgzVAfI8TDcdpWpW94218,1.0,1,3,1,
0,0,11.972333908081055,0,25382aH87vyrbRDKXNCHaLeh2513,1.0,1,3,1,
0,0,23.766874313354492,1,2046GP7dC5MYUxEjhVaMxjWJ1660,1.0,1,6,1,
0,0,30.48861837387085,1,2206I8Vkp53Zdu1cUBnnuvdS4080,1.0,1,6,1,
0,0.0909090909090909,34.99665856361389,2,2104i0gKzSVXucEKM9-yEEk01497,1.0,1,9,1,
0,0,11.727505683898926,0,1393pxXY3fzob8XiUnQnNutp706,1.0,1,3,1,
0,0,11.783987522125244,0,1174cqJct9Y7Xjuewm_koPVH3042,1.0,1,3,1,
0,0,11.630860805511475,0,949-8BF6fDFHRAnfe-2RE-l553,0.0,0,3,1,
0,0,11.673639059066772,0,583YdasD1ECY7CN_ngeQRce159,0.0,0,3,1,
0,0,73.19419956207275,5,1139S6XoLf7-b7jTGWo4rNqh3332,1.0,1,18,1,
0,0.03333333333333333,10.910371541976929,0,2666Q6dqeeEHLjgAoEK1_TO_1064,1.0,1,3,1,
0,0,9.366821527481079,0,713mkI94VIQA0I6wS3HJPcM2844,0.0,0,3,1,
0,0.0392156862745098,68.91415524482727,5,2555p5yiAg3i-K6fEVfg79C_2478,0.0,0,18,1,
0,0,66.6732931137085,5,2983ybkX29nSM9c_5Wec7ZEw3901,1.0,1,18,1,
0,0.03846153846153846,67.24589562416077,5,2429paTz8WarKJwpiUdXVhCP3599,1.0,1,18,1,
0,0,65.49768328666687,5,1986ywsnzXO8mfN71y1-tg7v2227,1.0,1,18,1,
0,0.0425531914893617,129.67799592018127,5,845JLaU-l5c2oYwpqbyvci22762,1.0,1,18,1,
0,0,63.445520877838135,5,1986ywsnzXO8mfN71y1-tg7v2228,0.0,0,18,1,
0,0,62.068275690078735,5,868WKfLdQ9oFbCof7_ffWel2704,1.0,1,18,1,
0,0,61.570234537124634,5,1828fptyhwuU_NFzQJA1Xi3E3366,1.0,1,18,1,
0,0.0784313725490196,63.32319521903992,5,2723yCKqbYMLP3--tgThAnBf903,1.0,1,18,1,
0,0,62.498762369155884,5,710GPosYad0qKlTplL9V2RU2852,1.0,1,18,1,
0,0,32.621943950653076,2,20584mhCkIhYtM4En0z3MQYe1627,1.0,1,9,1,
0,0,67.3783221244812,5,1619NaRhUfzIpMj5mmPmc7Ht1182,1.0,1,18,1,
,,,,1789NObn0laTBstP0EhadjV63453,,,,,Ollama request exceeded timeout limit for model stable-qwen with error: timed out
0,0,72.93414855003357,5,2172h7FsXA80Z3ao1yhCMsre4164,1.0,1,18,1,
0,0,22.339671850204468,1,546nNnwuSPlfllI6CKnHjv2270,1.0,1,6,1,
0,0,74.02940654754639,5,2109wDBr_5DTMGUIMawARy5V1482,1.0,1,18,1,
0,0,63.2312114238739,5,652LiD_APWuMXugNPF6gw3S2998,1.0,1,18,1,
0,0.029411764705882356,49.14704871177673,5,2200LNmoAD2ZOW48t6lvPwZ84096,1.0,1,18,1,
0,0.028169014084507043,50.40737462043762,5,2591f3d7XC4L0cvP4kCC70_a2414,1.0,1,18,1,
0,0.04,51.44447898864746,5,1499owxpLi-93XDGBsIRGW_z2023,1.0,1,18,1,
0,0,48.5447096824646,5,856o8vBShmxO_WE6sEatSZ02730,1.0,1,18,1,
0,0,48.2283878326416,5,1814TWex7U8WXxRjr7AWQorc3399,1.0,1,18,1,
0,0,47.55388140678406,5,1018RR7R37EFe6-6a8ByqX6L361,1.0,1,18,1,
0,0,45.44772243499756,5,2467UnCsY0GjqwvnMQVa1CFT1862,2.0,2,18,1,
0,0,46.33645987510681,5,5725iP5Tzyy4gxehcn9t4TM193,1.0,1,18,1,
0,0,49.61757254600525,5,2340-UH-PIG4sGreW8w-HZcs3780,1.0,1,18,1,
0,0,46.67454147338867,5,5601RlVQQ13ZMVNw8QCNW6F229,0.0,0,18,1,
0,0,45.06551551818848,5,2182v2AhcAAWzK6nwKjDRuNc4139,2.0,2,18,1,
0,0,46.741445541381836,5,26269UMEj-lV4oQGbZ0tTTK82348,1.0,1,18,1,
0,0,45.583235025405884,5,1406r0ltJ0ogZOEySbpwaMW3669,1.0,1,18,1,
0,0,44.513603925704956,5,1433yPh9I7R8PyoFeMqoUqc8591,1.0,1,18,1,
,,,,15121jIRMuOfWOF20zi63R281993,,,,,Ollama request exceeded timeout limit for model stable-qwen with error: timed out
0,0,14.662009954452515,1,849f2Ie-QkeVovZ0nf-TVFF2750,1.0,1,6,1,
0,0,52.394246339797974,5,995Mjg3IZGW2wc7ddFCk8vg419,2.0,2,18,1,
0,0,45.938549757003784,5,631gfVFI_1P9ON_SQmft4dC22,1.0,1,18,1,
0,0,48.048574686050415,5,1971QdtwinuI-Pt-gRGhMumc2253,1.0,1,18,1,
0,0,46.11195230484009,5,1451Zli7xoESf_zR5GqQOib_2110,1.0,1,18,1,
0,0,46.35099267959595,5,1623vavJV5LaIjQVPGNVcAhw1170,0.0,0,18,1,
0,0,47.324495792388916,5,2343h3FGIUg470As6-K4QCSj3773,1.0,1,18,1,
0,0,15.051697731018066,1,948f1NIXhJ2bT8M8R981m-t555,1.0,1,6,1,
0,0,7.31889796257019,0,2961ZnbcPJCiADt4D4VSwFvF3957,0.0,0,3,1,
0,0.04444444444444444,9.046396493911743,0,23650GFefFLGJfbuvjWASh6g3722,1.0,1,3,1,
0,0,32.3833863735199,2,1165doXH6LWPr1l3iKFqXoxi3259,0.0,0,9,1,
0,0,7.434194326400757,0,2684Tsl9g-K98ihJB9COTF6d1011,1.0,1,3,1,
0,0.045454545454545456,16.049925327301025,1,21672ce9BryNGpGNYVzVNhGZ4179,2.0,2,6,1,
0,0,14.935985326766968,1,2191kaPnb2RqX3BD80ehFVLC4122,1.0,1,6,1,
0,0,14.148889780044556,1,1212dbfx54ZtFkSuZ70MXWTY3119,0.0,0,6,1,
0,0,7.901193618774414,0,15145mxan8eGuHJZNjBPMXai1988,1.0,1,3,1,
0,0.037037037037037035,8.060524940490723,0,2082HDhMzvPbIcqJnIxlWaR01554,0.0,0,3,1,
0,0,7.968334197998047,0,303107UoTeL4eaT8LTnwXqyK3796,0.0,0,3,1,
0,0,7.253378868103027,0,1551V9DltVWBD9ZXJKTbK0dJ1362,1.0,1,3,1,
0,0.125,7.854081869125366,0,2077VquGxxOX89cyl9gmMgHT1569,1.0,1,3,1,
0,0,17.154366970062256,1,2683ZWKumnsegnDtGeIxL8lV1013,1.0,1,6,1,
0,0,7.2300262451171875,0,1182meUHVvr0MSNbaF6y6cu83210,1.0,1,3,1,
0,0,8.986119985580444,0,24948M9Avyh-_nfyJDXBHc4r1797,1.0,1,3,1,
0,0,7.16773247718811,0,955wTJvupBdyRjDvnaEc3uT534,1.0,1,3,1,
0,0,7.259975433349609,0,870SoygQGV4uQaIki71P9Rb2698,0.0,0,3,1,
0,0,7.301158905029297,0,24717_VLiElLGOdxkUg2VNOa1849,0.0,0,3,1,
0,0,16.13580584526062,1,6383rnN_w8RmRaZ4XqAC_bl3038,0.0,0,6,1,
0,0.0816326530612245,7.1847217082977295,0,2704DWhswcTfuhcGd6nLvkOf950,0.0,0,3,1,
0,0,54.897268295288086,5,1808axaZNmCFiRMbaxN7F0Eh3417,1.0,1,18,1,
0,0,52.59285116195679,5,5532TWtKb03tsQH8Wep0CiY250,0.0,0,18,1,
0,0,51.28565311431885,5,1201NDB1j3x1mhteENUtx2Uf3154,0.0,0,18,1,
0,0.03508771929824561,48.73497700691223,5,21819xbRjmQqZsl8GNgU4sNW4142,0.0,0,18,1,
0,0.03508771929824562,46.047935962677,5,2205YOUb5TKf_CiFcqPaRzGg4082,1.0,1,18,1,
0,0,47.78480625152588,5,14991jeDOWPYZr3oduic0r6t2022,0.0,0,18,1,
0,0,44.47015976905823,5,1179Yl7_X9Wt3s18NELb2VVn3220,1.0,1,18,1,
0,0,46.84709095954895,5,1556RL1OU4mcoPPe2rTqDdxN1350,0.0,0,18,1,
0,0,45.67472791671753,5,2642Y-shkE7TvvsDno5omjMf1127,1.0,1,18,1,
0,0,44.91172647476196,5,1601UkDAFw-P2w4uKKY2rozv1234,1.0,1,18,1,
0,0,44.43630886077881,5,2234wLjOR7Un_noOJuVXvsz_4007,1.0,1,18,1,
0,0,51.1704580783844,5,2100nzSjCMDd--9Fj7a4NWfz1508,2.0,2,18,1,
0,0.044444444444444446,44.23745059967041,5,5918CIG-j-Z17AOK4yE-cPc136,0.0,0,18,1,
0,0,43.25931930541992,5,29642huIUFSLiW4Z-VzxmaQN3949,1.0,1,18,1,
0,0,43.846872329711914,5,2045Qb5KQP9dbOqGOReTvV3e1662,1.0,1,18,1,
,,,,935UD7iycK3BrOizCyeWBg22527,,,,,Ollama request exceeded timeout limit for model stable-qwen with error: timed out
,,,,2170uR1FxS5nUGkssv426mqU4171,,,,,Ollama request exceeded timeout limit for model stable-qwen with error: timed out
0,0,43.58624196052551,5,2457qMd_7xMNbxrlnUuIsOCX1879,1.0,1,18,1,
0,0,44.75938105583191,5,2390E0CHAPiA5irDHQbYbUX_3668,0.0,0,18,1,
0,0,44.39749240875244,5,1441IAkHzhDzjxgpL0XC_YEZ2129,1.0,1,18,1,
0,0,42.729581356048584,5,2544eSHJS5zzqCGOgk7Ye0SF2499,1.0,1,18,1,
0,0,44.670772314071655,5,15158DXonYdFg-0-7RHaX8Hj1985,1.0,1,18,1,
0,0,153.68942189216614,5,19606GKhPGetHHrvllnd0-WP2274,1.0,1,18,1,
0,0,44.75324249267578,5,2145dz1bx4gWcdvg-_cFIX214235,1.0,1,18,1,
,,,,2413145FP-v3VkdJMuD368AQ3626,,,,,Ollama request exceeded timeout limit for model stable-qwen with error: timed out
0,0,45.05431938171387,5,3037_hiSeA6NsDqwYw0yXMUj3788,0.0,0,18,1,
0,0.025316455696202528,117.74587059020996,5,884Pnp87xexk_HDsVBlYF5I2662,1.0,1,18,1,
0,0,47.91474747657776,5,969vrqLNLa3TXxxj0tGgTvq493,1.0,1,18,1,
0,0,44.02275538444519,5,894ARwgTOyFrfBbcEBpNyXo2643,3.0,3,18,1,
0,0,46.58087110519409,5,29802gx0lFYy6rgIUS6ZhDD83910,1.0,1,18,1,
0,0.060606060606060594,48.93438363075256,5,1029YtqaRd4h1BYfuLHoU9YR327,1.0,1,18,1,
0,0.04347826086956521,44.73554587364197,5,2079ifmZRepM8njrTCh8SwKT1563,2.0,2,18,1,
0,0.04347826086956521,44.490824937820435,5,866LtsA6S3dXyfEn4lwSbj-2707,1.0,1,18,1,
0,0.021505376344086023,52.84485077857971,5,2440WmCUht7A3EiDJl-C62Ih1920,2.0,2,18,1,
0,0.05555555555555555,43.41946768760681,5,2213XuiHzp9XEpbzWVF0KvYP4058,0.0,0,18,1,
0,0,41.582436323165894,5,9708OuWanhVP-hqUoh93Luk490,1.0,1,18,1,
0,0,41.3321750164032,5,2210Bc69tRCp2-mf6PkRz9_C4069,0.0,0,18,1,
0,0,52.41812467575073,5,541Cbn85P-zf8lq0QHtgjf9287,2.0,2,18,1,
0,0,44.27477955818176,5,958UDYY0qFH9pDU9YSVA8Vc527,0.0,0,18,1,
0,0,43.369213342666626,5,2709l9BXzPyNws7gAw46g8eL942,1.0,1,18,1,
0,0.03508771929824561,50.08913540840149,5,2955a9SrctOobLmoQ6ooGhac3971,1.0,1,18,1,
0,0.026315789473684213,32.185423851013184,3,2397ngYUHwjsIyhb2KRudMVS3655,0.0,0,12,1,
0,0.029850746268656716,45.71408748626709,5,2434Enwt_BpOKFDe86uHET3W3593,1.0,1,18,1,
0,0,47.5993537902832,5,70661PK3DXmYlFEFr0qjuSB2865,1.0,1,18,1,
0,0,45.88065791130066,5,13510pFXx2vFby05X2rDRJDH819,1.0,1,18,1,
0,0,45.95224142074585,5,2378CpxWEhm9XQDMTUWPL6Gj3690,1.0,1,18,1,
0,0,45.44370222091675,5,2042iP4Erd5NWbbUyNtHBaEc1671,1.0,1,18,1,
0,0.04081632653061225,46.05408787727356,5,1376s1hUgvT52mRy1sgn8oEJ748,1.0,1,18,1,
0,0,44.20806884765625,5,2115wjzLCrPzhF-VpxKRqJFP1464,1.0,1,18,1,
0,0,44.52107214927673,5,552u6iTkQp7-Upz70482xTM254,1.0,1,18,1,
0,0,48.99334359169006,5,559Gc5T32327tuZtR-qGbvH231,1.0,1,18,1,
0,0,44.05784559249878,5,1171djG8ts4fgH31Xh8M8gZK3239,1.0,1,18,1,
0,0,45.18286085128784,5,2024omrZBF4Urqdr7C3eyKVT2169,1.0,1,18,1,
0,0,43.06233477592468,5,25567DWWtABHgq600h7hP6972476,1.0,1,18,1,
0,0,41.451536417007446,5,594fAMQ4ZSX8-in2SA6rQT0128,1.0,1,18,1,
0,0,41.62062168121338,5,2679bDEhJB5SATMKB1QM00ej1024,1.0,1,18,1,
0,0,42.68354105949402,5,2069HyPki8X6KB4Slz4xeov61593,1.0,1,18,1,
0,0,41.105934381484985,5,679poYmZAy9xntsCp9YX4vp2928,1.0,1,18,1,
,,,,2663ayztHU9rA3Qc2s7ndAID1073,,,,,Ollama request exceeded timeout limit for model stable-qwen with error: timed out
0,0,41.700578689575195,5,990fpTdZ-ulHdJ3gm87kEl3429,1.0,1,18,1,
0,0,45.900630712509155,5,2135JNizCTqBzs-NkJ-0GhnT1405,1.0,1,18,1,
0,0,44.40167570114136,5,2207G7fY90tz0IlYJOMAOQxR4078,2.0,2,18,1,
0,0,43.03376340866089,5,2564AaK20GeV0Vbt9hLoucnT2461,1.0,1,18,1,
0,0,44.608946800231934,5,1342n57h5KFhZrmo2TPiuwv5846,1.0,1,18,1,
0,0,49.918235063552856,5,2591VM1WvqHMmqcfSzWKUU0V2412,1.0,1,18,1,
0,0.05128205128205128,24.841248989105225,2,2687GNgTIwftLmhQl-ULlyIq1001,0.0,0,9,1,
0,0,8.2638680934906,0,19924zYxXoH78NXhTDcDUqZ32216,1.0,1,3,1,
0,0,7.898733139038086,0,2976zJOE2rNKDPX9dM80QEq03919,1.0,1,3,1,
0,0.041666666666666664,7.850436210632324,0,1001SKiu6z7i8BnJk6y4pMq2405,1.0,1,3,1,
0,0.04878048780487805,8.041033267974854,0,1812jg8YLyuOp3yNSeoSgGds3405,1.0,1,3,1,
0,0,7.9065093994140625,0,2159hY9kg_KDRh-iY7eVmWPR4201,1.0,1,3,1,
0,0,9.591553449630737,0,2084KAYAsRFlZ71FWVieGtVO1550,1.0,1,3,1,
0,0,7.833987236022949,0,9012HUd6aulh_Yu4SRtV4Ju2623,1.0,1,3,1,
0,0,50.242302656173706,5,1546qtYa8CJzD3uH6TiJXvze1375,1.0,1,18,1,
0,0.03125,50.54290795326233,5,965GQDApWgsLm2Q6M9oCXXz506,1.0,1,18,1,
0,0,51.39476704597473,5,2075fH8z53xWhNLFvwtEBqjo1575,1.0,1,18,1,
0,0,45.36950993537903,5,2496BbugoKX7EuTf6XE9o7do1792,1.0,1,18,1,
0,0,44.67915368080139,5,2965ZcSt1DSsDVrBS8zreyMW3945,1.0,1,18,1,
0,0,45.24764704704285,5,712fJINMnstL62jjlN87VmJ2847,0.0,0,18,1,
0,0,39.72613215446472,4,10304f6wkHCc194YTbHdQ2AA324,1.0,1,15,1,
0,0,41.67998003959656,5,2468gzw0TqblC0pMtjMtvjM_1857,0.0,0,18,1,
0,0.03636363636363636,35.958388805389404,4,11681N3h2EdimO-bHyAXIg3U3250,1.0,1,15,1,
0,0.03636363636363636,7.533071756362915,0,21697kyUOdQlV523IP56oa9J4174,1.0,1,3,1,
0,0,16.105241298675537,1,2180sY_3Ea7lN3cAxecHCD0Z4145,1.0,1,6,1,
0,0,50.294759035110474,5,1187yN2Y5xluovzwpRCb1U-23196,1.0,1,18,1,
0,0,50.41655087471008,5,615lwmbisxTxihwSWql1wTV70,1.0,1,18,1,
0,0.06779661016949153,16.991641998291016,1,917H85feKu7mH3ttN3VtfQZ2573,1.0,1,6,1,
0,0,7.581457138061523,0,1341R-WNzKCJf9fEtyXxpaLn847,0.0,0,3,1,
0,0,6.2681920528411865,0,2136GTNtg5ii_ljvTYd0c3zb1402,0.0,0,3,1,
0,0.03773584905660377,7.687505006790161,0,2719WfPBP5JMsTcRPHcHpNOM913,0.0,0,3,1,
0,0,7.669673919677734,0,1205TavQDdqmoy64BUfZ8tJ13142,1.0,1,3,1,
0,0,9.518309354782104,0,723OdNPs-YvxDCGXTe4EPQi2821,0.0,0,3,1,
0,0,7.580455303192139,0,1552zqZDXvKbR7jYgLwOhCO41361,0.0,0,3,1,
0,0,7.8604416847229,0,25455IQtG99FiCeeFOTa2qBu2496,1.0,1,3,1,
0,0,49.60746383666992,5,2098D1dsKeKH0xANz6zd6LSO1514,1.0,1,18,1,
0,0,7.977674722671509,0,723OdNPs-YvxDCGXTe4EPQi2820,1.0,1,3,1,
0,0,32.80394458770752,3,2650KGtkLjbqFCyJZlDKuL0k1106,1.0,1,12,1,
0,0.037735849056603765,7.627845525741577,0,20751yhuHsp4GA5IYz4deJsk1577,1.0,1,3,1,
0,0,7.473125219345093,0,2233nOCdB2RiiWVTHevF1XQv4012,0.0,0,3,1,
0,0,7.712310552597046,0,872Oe-4sF5fqKoau07GVCSX2694,1.0,1,3,1,
0,0,14.033905982971191,1,15145mxan8eGuHJZNjBPMXai1987,0.0,0,6,1,
0,0,7.8684234619140625,0,621MMAr6iBLqWufltcvq0IU51,0.0,0,3,1,
0,0,52.86088442802429,5,1218OExrGg3DDUqQ_BBB10Tn3103,0.0,0,18,1,
0,0,31.379719257354736,3,909SCLEENZWk57i_Tj-phi82599,0.0,0,12,1,
0,0,6.155824661254883,0,2639bkXWs91YZSHduhAO93vu1136,1.0,1,3,1,
0,0,6.289445161819458,0,978yJKqB4_NA2La4xU05Yv_465,0.0,0,3,1,
0,0,53.03771185874939,5,2460wLS6NYxz86-N9QN0fiAS1871,1.0,1,18,1,
0,0.03636363636363636,65.58669257164001,5,153875Yqnu19JAhYETGEm0Ih1398,2.0,2,18,1,
,,,,2502zG6K8It4JMfa8UrkdPdw1776,,,,,Ollama request exceeded timeout limit for model stable-qwen with error: timed out
0,0,22.631537675857544,2,2995FYU3dbcdZ2Om_eXNrFz43875,1.0,1,9,1,
0,0,6.076117038726807,0,860-CKdaHI0ZY3IdOUENI-52717,1.0,1,3,1,
0,0,6.162633657455444,0,1377lHU7WTseO73sB1x-x_B0745,1.0,1,3,1,
0,0,6.206263542175293,0,1224Jb1mPpUJDQXOAhjg5Vzo3085,1.0,1,3,1,
0,0,6.127179384231567,0,1381mBjsSozQHKIhNMxaYlwy733,1.0,1,3,1,
0,0,17.944493532180786,1,2207G7fY90tz0IlYJOMAOQxR4077,1.0,1,6,1,
0,0,6.042839765548706,0,2528UEldJWc8DP0tiLD8vndW1711,1.0,1,3,1,
0,0,6.090124845504761,0,1764sM214smx3pexNt7ihmYZ3513,0.0,0,3,1,
0,0,6.146169900894165,0,2987HzRDeUn85sV9-rmGUsA53891,1.0,1,3,1,
0,0,6.1460490226745605,0,2681GQbrHMk66IRSgo7mZvVv1020,1.0,1,3,1,
0,0,7.512258529663086,0,1795AVJ8Ru2GLyRyIYxjznuC3441,1.0,1,3,1,
0,0,6.257261514663696,0,1010sxwdiUhnx5zZTCrZW5lg381,1.0,1,3,1,
0,0,6.36948823928833,0,630KO8LeHoKQQj6c-87zNrm26,1.0,1,3,1,
0,0.041666666666666664,7.356324911117554,0,1018P3s9oN-Ko5HsWQADxTsv360,0.0,0,3,1,
0,0.0425531914893617,7.385711193084717,0,1622tBSu7soksT-AzmIOuApI1174,1.0,1,3,1,
0,0,6.094156742095947,0,1507du7IfR1G-CLcbaey_Ckb2007,0.0,0,3,1,
0,0,6.208898067474365,0,2422AkNZxKVfPVF92vs5qzLX3611,1.0,1,3,1,
0,0,6.061213254928589,0,1178K7FADelb0uwGhLD-SWqk3223,1.0,1,3,1,
0,0,6.232738018035889,0,1516pPjUBF00cd02Zv6ASq9m1980,1.0,1,3,1,
0,0,50.99233961105347,5,1744GKV2sNvxBFRpfQ5OdYMb3571,1.0,1,18,1,
0,0,49.236469745635986,5,539g1HipZa4q8coORPOMHwj292,1.0,1,18,1,
0,0.03125,52.50960350036621,5,2967gpRSNp7TViZ3Mhiufj7O3940,1.0,1,18,1,
0,0,50.67583227157593,5,1395RhOKXfGuA9Dz7cn0eC5e700,1.0,1,18,1,
0,0,51.23293662071228,5,907kbEPfz0htgTE9BXkFBZ02603,0.0,0,18,1,
0,0.03125,47.62651991844177,5,882RL4zKg1IQbdwrUdiW2uc2667,1.0,1,18,1,
0,0.029850746268656716,50.36623239517212,5,1364rzJ0x_lGbilmxlREm3-p779,0.0,0,18,1,
0,0.0547945205479452,48.12049126625061,5,29518uqYYNpuxSl_Dm5Ls_Jm3979,0.0,0,18,1,
0,0,46.66906547546387,5,644VW80Ih4W_8lT57dCnHAu3022,1.0,1,18,1,
0,0,40.03566074371338,5,1632HqbVUHPq0ZhZ1rZNsIer1151,1.0,1,18,1,
0,0.07692307692307693,41.762083768844604,5,1015sbzrzzKt2hHlSyEz_8ol370,1.0,1,18,1,
0,0,39.3376886844635,5,1552zqZDXvKbR7jYgLwOhCO41360,0.0,0,18,1,
0,0,44.1863477230072,5,618kZkbA7HSiZWpF9MwGv4B61,1.0,1,18,1,
0,0,43.734917879104614,5,2194PPDpRt3XMclL8zL0qoaa4113,1.0,1,18,1,
0,0,46.9644250869751,5,23460E1ccJXbT5GAyp6xliNY3764,1.0,1,18,1,
0,0,45.79364514350891,5,1458iv0WdN_NvJkFoTdqCZ_Q2097,2.0,2,18,1,
0,0,48.17634558677673,5,9708OuWanhVP-hqUoh93Luk491,1.0,1,18,1,
0,0,47.31203293800354,5,1751i1LapeZZHcs9AVF_4X7c3549,1.0,1,18,1,
0,0,17.276670694351196,1,25596TL4dwRP7xb65StkuvWw2471,0.0,0,6,1,
0,0,47.65954804420471,5,2347PC55kHfkoiRxULLG8kIZ3762,1.0,1,18,1,
0,0.032786885245901634,48.16292715072632,5,1209gLLe3Hw31X00Jkrt9Bb-3129,1.0,1,18,1,
0,0,45.497584104537964,5,934GMRKI6FRKAdrrOzLI9OB2528,0.0,0,18,1,
0,0,43.655511140823364,5,9022NBdayPGc6_3kCdKoIiQ2619,1.0,1,18,1,
0,0,46.3217408657074,5,911BOwWs3HqQbnlUS7IJNS92592,1.0,1,18,1,
0,0,46.64666128158569,5,1962hjp1HrSPLvnI5JvgHjXk2270,1.0,1,18,1,
0,0.03389830508474576,47.01175284385681,5,946vx136i7MuQFGnOLt3hDn561,1.0,1,18,1,
0,0,48.62268352508545,5,879e8JaFZiS1bIPJKfr-NO82677,1.0,1,18,1,
0,0,45.364288330078125,5,1539KqJCW6Fb0u-gfUpW2rn21397,1.0,1,18,1,
0,0,45.38795065879822,5,1395li3pr9py0l2amb_zMeDF701,1.0,1,18,1,
,,,,1475f3__mr6HOl60yEXYvb4i2059,,,,,Ollama request exceeded timeout limit for model stable-qwen with error: timed out
0,0.041666666666666664,46.188671827316284,5,2362g_EnliFm-a0eYF-GHE3g3728,1.0,1,18,1,
0,0,43.45899271965027,5,11781qfx77ROC14PVtyhjgRH3221,1.0,1,18,1,
0,0,43.780195474624634,5,891UGjxexhEMfZyXUZMcclW2651,0.0,0,18,1,
0,0,43.61967992782593,5,1511pmY9lPTH0brXmFZO6mhX1995,0.0,0,18,1,
0,0,42.34643912315369,5,2439Q3dwt5i21LkosQln5aU01923,1.0,1,18,1,
0,0,42.74595904350281,5,2041iPCDoSwc6-SSEDCFNNzL1674,1.0,1,18,1,
0,0,44.53874206542969,5,2020ubB0JZzHv_29zd0WpIjn2175,1.0,1,18,1,
0,0,41.91031622886658,5,2691tnK0hsWnOO-qgZ9oNTDt990,1.0,1,18,1,
0,0,42.41776180267334,5,2493qAop2T9Z0LeYeYrtHX2p1798,1.0,1,18,1,
,,,,1209bE3iRm9XLCq2bxVSfD9A3128,,,,,Ollama request exceeded timeout limit for model stable-qwen with error: timed out
0,0.05970149253731343,45.858444690704346,5,1186P7uxLqgOAlAmYWkWs7Z_3198,1.0,1,18,1,
0,0.031746031746031744,46.85801148414612,5,2698Lndd-Lpk21VCym-Ysamk968,1.0,1,18,1,
0,0,213.47639751434326,5,1383ifp_Kw40B-eHL0kKvrZH727,2.0,2,18,1,
0,0,47.93949246406555,5,1743deCGeVjOAbPrXoFwg2ra3575,1.0,1,18,1,
0,0,45.22563052177429,5,586FyS4ZNoDr1aP3HZyVHPo150,0.0,0,18,1,
0,0.031746031746031744,7.7240118980407715,0,1198tKDggSEgfewI5IGaBL7o3162,1.0,1,3,1,
0,0,30.588929414749146,3,1953_7jguMvfhNu8DiK9_PGm2291,1.0,1,12,1,
0,0.07142857142857142,7.719366073608398,0,1033e5HoBHETSus16NBlm9ei315,1.0,1,3,1,
0,0.038461538461538464,17.152557134628296,1,2660eWA1cLoqpqMGliZrJkOH1083,1.0,1,6,1,
0,0,7.492197036743164,0,2438toIyC-xtMN2nOkliXxkG1924,1.0,1,3,1,
,,,,2066pepSCyuXjD_tji0coLR91602,,,,,Ollama request exceeded timeout limit for model stable-qwen with error: timed out
0,0.02985074626865672,7.6883156299591064,0,2090u5tJGb46Bj0PrJdQU5uD1533,1.0,1,3,1,
0,0,7.428754568099976,0,669yw8zqEs2wIOWRmgxa0fB2951,0.0,0,3,1,
0,0,7.650701999664307,0,15825J7GwbF-H9d32ahjcKpK1283,1.0,1,3,1,
0,0.038461538461538464,7.513004541397095,0,11583AIKJFgE0UrBCHocpd653276,0.0,0,3,1,
0,0,7.572653293609619,0,3007CZ5OjOJJ4NQkfCwsWudn3848,1.0,1,3,1,
0,0,7.656160354614258,0,3024oWqx7fEgnI85l7vJrQMv3808,1.0,1,3,1,
0,0,7.632970333099365,0,969vrqLNLa3TXxxj0tGgTvq494,0.0,0,3,1,
0,0,7.693021774291992,0,2088JK43LFzYUw1btqpa9PzL1538,1.0,1,3,1,
0,0,7.997663736343384,0,1818O8BoyzdI3tIZTlZQX7MJ3389,1.0,1,3,1,
0,0,7.701256513595581,0,1414IcyvJ5L7DijQ15cyTXJ6644,0.0,0,3,1,
0,0.037037037037037035,7.528899669647217,0,2178TVFbQMRPXT9-DSGkWLDj4148,1.0,1,3,1,
0,0.0392156862745098,7.739595890045166,0,1035LFxawmqTFdvZQiUCxQ31311,0.0,0,3,1,
0,0,7.714045524597168,0,7035C6KSFRLF6aaoOt3S1hD2872,1.0,1,3,1,
0,0.06666666666666667,7.609466075897217,0,3014BDldoLr7qRhv_7TSXE6q3833,0.0,0,3,1,
0,0,7.65117883682251,0,1581m_4FT3wjNv2nkp7_WsVw1286,0.0,0,3,1,
0,0,7.6075828075408936,0,18135ObI1qm9GGBQEi88mvkH3403,1.0,1,3,1,
0,0,48.38414263725281,5,25682UMH_dlMC7fYSOKwycid2457,1.0,1,18,1,
0,0,46.89471626281738,5,650c9GCkujN5yX2Hq3ptgvj3003,1.0,1,18,1,
0,0,47.19409251213074,5,1606ixCVPmgAtLujhTmR7TkV1222,1.0,1,18,1,
0,0.019801980198019802,49.24665975570679,5,2094HOx0ow29dujvrq6G5bhb1522,1.0,1,18,1,
0,0,51.09797787666321,5,1618DNm6lX3wftxfj2fnuyVr1186,1.0,1,18,1,
0,0,48.368781328201294,5,2063xkIouWNgoRjOGLoCZ1bE1611,1.0,1,18,1,
0,0,47.8950879573822,5,587CoEbG36s3G8XderpZ9FV147,1.0,1,18,1,
0,0.06896551724137931,15.64684271812439,1,21746ntzdoLVGjBife3gHWRY4158,1.0,1,6,1,
0,0,48.26297402381897,5,14107ccx8je7uhuc_ZNy_Evl655,1.0,1,18,1,
0,0,48.40378546714783,5,1598QzeCBWXgq443IBJvDmm61241,1.0,1,18,1,
0,0,50.61148810386658,5,2663ayztHU9rA3Qc2s7ndAID1074,1.0,1,18,1,
0,0,48.65552234649658,5,1442sMpJJXkhNLF4TDZAbCx62126,1.0,1,18,1,
0,0.05714285714285715,48.85537624359131,5,1377MSN5P9oksYJneDnSmHM3746,1.0,1,18,1,
0,0,49.20798134803772,5,2704SYrBfH1tUHa-vFcWOrAs951,2.0,2,18,1,
0,0,48.08722496032715,5,1147WFziH2m07QrmUbmsVu0h3309,0.0,0,18,1,
0,0.022988505747126436,57.64585757255554,5,2540AN6ZYtBeG5pfPlBiUeCC2510,0.0,0,18,1,
0,0,46.13615012168884,5,17995vhBrqZO2J0Im6CrKWdd3434,1.0,1,18,1,
0,0,43.84930062294006,5,2711wNn5GeHqOfTsTyQ56zpG936,1.0,1,18,1,
0,0,8.605291366577148,0,2647F_ps9oYp8mtadvP5Zn0h1113,1.0,1,3,1,
0,0,43.91702938079834,5,1348eAWGkoqC9ef6-Py2LKwI827,1.0,1,18,1,
0,0,45.58044075965881,5,2698bgG-pSvhH1uH5WECCZ_3969,0.0,0,18,1,
0,0.04,44.13603210449219,5,1385ik6Ip2I4xXAHzd2hJNiR723,0.0,0,18,1,
0,0,204.60013103485107,5,1756rsPxqBmo2fmiaq4y7pBo3536,1.0,1,18,1,
0,0.056338028169014086,47.85662078857422,5,1036R2bOVHSdxxka78n0CWIF306,1.0,1,18,1,
0,0,45.5220673084259,5,1393SvMSe9cbsj1MOfkv-ajg707,1.0,1,18,1,
0,0,50.54526972770691,5,1834NW74vQRAIeg4u9-lyrFw3349,0.0,0,18,1,
0,0,48.94403076171875,5,1625USrRzFeM9xahwCJbR9sR1165,1.0,1,18,1,
0,0,46.95661187171936,5,2505FyMeBIza_lW5D_Zn1Sgx1770,1.0,1,18,1,
0,0,49.85853385925293,5,2538uT9UzILgVbv20p7KxXWQ2514,2.0,2,18,1,
0,0.03278688524590164,48.22723460197449,5,2158_3RZBuLXPIO5koP0W1QD4205,0.0,0,18,1,
0,0.0392156862745098,39.44337511062622,4,1359ZuJdS_tCrQFa5IcePruQ795,1.0,1,15,1,
0,0.03389830508474576,7.620234966278076,0,1559TG0OMQDF0IiIQ-iWWlLf1340,0.0,0,3,1,
0,0,7.53062105178833,0,2553rgsFqv862eNLs2TOpqys2483,1.0,1,3,1,
0,0.03571428571428571,7.726799249649048,0,2661_JPvfH311PNXpTCTHuTd1080,1.0,1,3,1,
0,0,7.598950386047363,0,627343cba73d42d49f9ab2152ac7ee73,1.0,1,3,1,
0,0,7.545140027999878,0,13bca793e8f34ef3b6a00babb827b240,1.0,1,3,1,
0,0,7.759798765182495,0,cc4d8bbc8f4642c6aea193e668afd57c,1.0,1,3,1,
0,0,7.567935466766357,0,7f44873088fe48a2895c094b9536371f,0.0,0,3,1,
0,0,7.6677024364471436,0,577ee7142b1342d99784987541cbd5a4,1.0,1,3,1,
0,0,7.571395397186279,0,8675014a5cf2443ca2e3a0a7f9edd915,1.0,1,3,1,
0,0,7.615522861480713,0,5fe90365c57d4d86812c235aadce9261,0.0,0,3,1,
0,0,7.60417366027832,0,c06d584fa73d49c8b8277354ec563cba,1.0,1,3,1,
0,0,7.548048496246338,0,ad31333ef743449d9ea5c71138e11642,1.0,1,3,1,
0,0,9.30895185470581,0,d4a20e5831a74c2db85b77c202c9b353,1.0,1,3,1,
0,0,7.492755889892578,0,af225317e0344e869f51f816a901bfe2,0.0,0,3,1,
0,0,7.618829965591431,0,b23b329d50524e0f97384027067ffa4b,1.0,1,3,1,
0,0,7.526357650756836,0,54362eadce8542248a27a5446872bf75,1.0,1,3,1,
0,0,83.78596544265747,1,dae56260e1a14b2c8145251778fb673a,0.0,0,6,1,
0,0,7.653851747512817,0,e63e8868f5184f54957d8162b5163d8d,1.0,1,3,1,
0,0,7.697401523590088,0,70b92157bc0245b0bb28e29a51efa75b,1.0,1,3,1,
0,0,7.550604581832886,0,d899d84fcb4740c0a15a3beb2b36dbef,0.0,0,3,1,
0,0,7.564085960388184,0,db50e1a39c684911974d11089aac3b8f,1.0,1,3,1,
0,0,49.99495553970337,5,c744d9c42ac147e4b6aa2100fee15c60,1.0,1,18,1,
0,0,7.569629430770874,0,4cba4b140f94427bb0f62c4a02363f25,1.0,1,3,1,
0,0,7.6486077308654785,0,d92504c61c914b269b177e6e1c665703,1.0,1,3,1,
0,0,7.549405336380005,0,25534aa9c2db4c029dac36e0b86cc9e9,1.0,1,3,1,
0,0,9.3508141040802,0,73512a0d242c474aa4bc1a4a545ce8e9,1.0,1,3,1,
0,0,7.4707982540130615,0,02ccd577201b495c8fd30a8134ee899f,0.0,0,3,1,
0,0,7.576590299606323,0,3753577ecc2e4d6c876ab556c7129e91,1.0,1,3,1,
0,0,7.448620080947876,0,ced58e5bda7e4c3280fe9aea708665ee,1.0,1,3,1,
0,0,7.4708099365234375,0,1dc06cecad4a46ef9c3f69132e7c8ec4,1.0,1,3,1,
0,0,32.814878940582275,3,89d7aa79c10a4e2ca2d8cc29f2461ae7,1.0,1,12,1,
0,0,7.465398788452148,0,189618aaac6749a3b85d85b3f4149728,1.0,1,3,1,
0,0,7.784402370452881,0,ee659535aa5b4df0b9f9e9220d1c29ae,1.0,1,3,1,
0,0,7.554392576217651,0,4593f14942df4650914b5eedae898cef,1.0,1,3,1,
0,0,7.663970947265625,0,c68c551858d14d02851f6ee0ae58cf84,1.0,1,3,1,
0,0,7.640048980712891,0,008ebd5a8db245de983cca3b54793356,1.0,1,3,1,
0,0,7.63151216506958,0,b4b01a8abc8e4777ad427ae35c7eb4c8,1.0,1,3,1,
0,0,7.574746370315552,0,3c1d7575d77c485494bc1c14e682722e,1.0,1,3,1,
0,0,7.530324220657349,0,8388cb2033e74f3c92428875d532e68c,1.0,1,3,1,
0,0,26.556773900985718,2,d05a7c5ffa234a0492682d98344839ed,0.0,0,9,1,
0,0,7.4238927364349365,0,0c20dda358fd4ba189540b04d05259a4,0.0,0,3,1,
0,0,7.449234247207642,0,67ed77e8e8eb4c43b0ee3f476547976d,1.0,1,3,1,
0,0,7.562676429748535,0,5f8292eaf4f94d329c966d56cc866421,1.0,1,3,1,
0,0,7.541842699050903,0,caf84e8f275547508dee4708755c3968,1.0,1,3,1,
0,0,7.687143325805664,0,6aa88f5f5ea64475aeffce66ca536f25,1.0,1,3,1,
0,0,7.593032598495483,0,679153888adc42469fa2924686e1e5fe,1.0,1,3,1,
0,0,7.654277086257935,0,dfa04009717747708fd122c1b60eea80,1.0,1,3,1,
0,0,7.464099407196045,0,3c4b71cf4cf54a5d94e57f4468f19835,1.0,1,3,1,
0,0,7.546292304992676,0,0cf3c64085764868bbf73bed4dedb71b,1.0,1,3,1,
0,0,7.620295763015747,0,f9e31eaa38c14c9ba1e788b917f8ea65,1.0,1,3,1,
0,0,7.587233543395996,0,79335fdeedb94bd2af2eaf5d32d5d97d,1.0,1,3,1,
0,0,46.06892490386963,4,3593e1d4b90b4e8495eccbe36ad09a6b,1.0,1,15,1,
0,0,7.621479511260986,0,32ac5e97ccfa4776b23094d08261a178,1.0,1,3,1,
0,0,7.8697943687438965,0,4c4288d5694d427abc4540e7d6e27ef9,1.0,1,3,1,
0,0,9.373334169387817,0,2852c90c493d4d3f9d27a7e8406c90b5,0.0,0,3,1,
,,,,b59fbcf889e3428eb40b842c37e8f77c,,,,,Ollama request exceeded timeout limit for model stable-qwen with error: timed out
0,0,50.32618451118469,5,d98585694efc4385bbf137bd879b88fc,1.0,1,18,1,
,,,,2105604c81ee44feba1cf54a52baa51f,,,,,Ollama request exceeded timeout limit for model stable-qwen with error: timed out
0,0,40.06809139251709,4,9d463c564677468596fa737e4184d396,1.0,1,15,1,
0,0,50.56420040130615,5,427785e75b94494b8539235667f77de0,1.0,1,18,1,
0,0,28.236923456192017,2,93a6ab1347564abbb266947927c8c0c4,1.0,1,9,1,
0,0,50.4180588722229,5,42dbe45ca7744fdf9b31e919a0f7154e,1.0,1,18,1,
0,0,49.06260824203491,5,8d81880a51974eeb81e08471be36f387,1.0,1,18,1,
