exact_match,f1_score,time,step,dataset_id,hit_rate,hits,total_retrieved,expected_count,error
0,0.9090909090909091,4.99496054649353,1,629HsNl5Qf3THUq_CbmFrSx28,1.0,1,3,1,
0,0.3333333333333333,4.331952095031738,1,2648F832Z8D-thJnrxy_ZoZ11111,0.0,0,3,1,
0,0.15384615384615383,4.990979194641113,1,2561YDPNx6Nm5o6T0F-PGw-u2466,0.0,0,3,1,
0,0,4.490973711013794,1,1431C0_ORK0ta8pDX6H-1VOp596,0.0,0,3,1,
1,1.0,5.194510221481323,1,1234WIzl7ElikCCPk4gA-7ua3057,1.0,1,3,1,
0,0.28571428571428575,4.240225076675415,1,580J0GQq9CMPFwuNoK_eRB4169,0.0,0,3,1,
0,0.0588235294117647,4.693109750747681,1,1008cPycwBnuEuEiZLC7k7LH387,0.0,0,3,1,
0,0.6666666666666666,4.138229131698608,1,2515HnCK6br3syHDxNhRpc8g1750,1.0,1,3,1,
0,0,0.643749475479126,0,1423Rcv2EkrmFuIt2YeOnjUf618,,,,,
1,1.0,4.277991533279419,1,20485Fhf0JwIy4n0x3VB-lgO1653,1.0,1,3,1,
0,0.1818181818181818,1.5846643447875977,0,845RUlmcCAkxZC2itV7MBh62763,,,,,
0,0.12121212121212122,4.859664678573608,1,2469wKA4zFUFpbear2IzeeA21855,0.0,0,3,1,
0,0.28571428571428575,4.090955018997192,1,1440qne5M3TJkKmQ8UE97H1P2132,0.0,0,3,1,
1,1.0,4.310188055038452,1,1528MgNp15Yx30rPeZDqHZi11952,1.0,1,3,1,
0,0.2857142857142857,4.30153226852417,1,23488dFrnyeZ5ef_I0UKSiz_3761,1.0,1,3,1,
0,0.33333333333333337,4.353455066680908,1,1972yAEf1nBlvyHW4FzECBk52251,1.0,1,3,1,
0,0.11764705882352941,4.634948015213013,1,1752E5XokYRzRxCMWKU2kTp-3547,0.0,0,3,1,
0,0,4.415764331817627,1,2574e_nCnMlZf6mrQzmO3LZo2447,0.0,0,3,1,
0,0,4.376741409301758,1,1235m-89f-L_U28rNQ1Twz073053,0.0,0,3,1,
0,0,4.815335988998413,1,924h9Ft9SWd5mJ8NvTErCl72555,0.0,0,3,1,
0,0,4.631591796875,1,1449K8ANCJR2kfhz2B8KAAgg2114,0.0,0,3,1,
0,0.16666666666666669,4.684248685836792,1,2563vdW9TuW9KxwiRSmdl72r2463,0.0,0,3,1,
1,1.0,4.2504518032073975,1,9171SqPvS4Y9VVB9rn93Vi-2574,1.0,1,3,1,
0,0.30303030303030304,4.8089025020599365,1,27065ZHgP-paSB5ljBAmKla_949,0.0,0,3,1,
1,1.0,0.22820210456848145,0,542GY7OjClDyzNlztIK-dOQ282,,,,,
1,1.0,4.210355997085571,1,2135JNizCTqBzs-NkJ-0GhnT1406,0.0,0,3,1,
0,0,6.351412773132324,1,1021PPK-R-xW8kEi9x6y3ozh353,0.0,0,3,1,
0,0.25,4.371170282363892,1,2130h876xzkpp7t6b6OH4mTG1419,1.0,1,3,1,
0,0.19999999999999998,5.470961093902588,1,884P0H0QPSGbW5zK2GVDAY02661,1.0,1,3,1,
0,0.07692307692307693,4.5546441078186035,1,1192qu70aQV6bzoD2MwG1aT83180,0.0,0,3,1,
0,0.4,4.504098415374756,1,604BaVh8B5igEaFS0x8dDlu99,0.0,0,3,1,
0,0,4.3676674365997314,1,2670fxp2HMG8cuSsty0VDUYi1051,0.0,0,3,1,
0,0.2857142857142857,4.50957727432251,1,22218q38c0YRb2JXvtSd0Nqf4044,0.0,0,3,1,
0,0.2222222222222222,4.58034086227417,1,2134Bi8K76FZoKK6ZdoHexNd1407,0.0,0,3,1,
1,1.0,4.158497333526611,1,2098lWBBQeFRw7WuODbVUvic1512,1.0,1,3,1,
0,0,4.332268238067627,1,899il7HMq79D4iA4PWEiSgJ2628,0.0,0,3,1,
0,0,4.393457889556885,1,9853WfA7vCWlhKLuNowxZf-444,0.0,0,3,1,
0,0.27777777777777773,4.794583559036255,1,1940j-y1Q_I1wO0_w4xuf2jC2322,1.0,1,3,1,
0,0,4.522523880004883,1,2577bEPb_E8k_8MS_cadZ9ua2441,0.0,0,3,1,
0,0,4.321943759918213,1,29828E9PeGsXkCgpy9f0lHoG3903,1.0,1,3,1,
1,1.0,4.290127754211426,1,3022nFZbMu1Zsnj63qPWfgCv3813,1.0,1,3,1,
0,0,5.874484539031982,1,609MyQ372LLBdo0DkE0M__Y85,0.0,0,3,1,
0,0.23529411764705882,4.720793008804321,1,1012LN56E8ShPhOCoocbJrrp377,0.0,0,3,1,
0,0,4.7946388721466064,1,2656m6atvpn0tFeC20KuCqnA1091,0.0,0,3,1,
1,1.0,4.138066530227661,1,1837DjnvLKs92-s8s-2bK5zI3340,1.0,1,3,1,
0,0.8333333333333334,6.1223835945129395,1,994Sida6rlY6gttMLbmo18H294,0.0,0,3,1,
0,0,4.141994953155518,1,2972anHdG1TwBtQaRXhi-WEK3930,0.0,0,3,1,
0,0,4.105782985687256,1,2543YTHVxq-ZfUQzgqYoJgvE2501,1.0,1,3,1,
0,0.5454545454545454,0.3248310089111328,0,2417mVau_Gooa9D5PxRnhLKg3623,,,,,
0,0.3846153846153846,4.590156555175781,1,2135XIpxKCXL8wqzaiLxmU9S1404,1.0,1,3,1,
0,0.12903225806451613,4.457457542419434,1,1941vdbzlN7oVltmEKX-YLNT2321,0.0,0,3,1,
1,1.0,4.324699878692627,1,1172cnB3XirJLf2l_lj2h1NR3237,1.0,1,3,1,
0,0,4.320881605148315,1,2090kIQgIF1t7Ra3IASVYGL71532,0.0,0,3,1,
0,0.9090909090909091,4.641014575958252,1,1202iIzasrTScRTbY9MqhVF43150,1.0,1,3,1,
0,0,4.241601228713989,1,2197JYHIBfWstcD9UKgGesaP4105,0.0,0,3,1,
0,0.3225806451612903,4.529721975326538,1,897WMI0gpuEb7GnEJyiH4Uz2633,1.0,1,3,1,
0,0.14285714285714288,4.414262771606445,1,1384F3UCzmVUDztYUe75gYZ8726,0.0,0,3,1,
0,0,4.444737195968628,1,1378ks8fL5T0PZyVfKqdb0iq743,0.0,0,3,1,
0,0.25000000000000006,5.289581060409546,1,1595fYgFcFNnWFaGQLEXRtcJ1248,1.0,1,3,1,
1,1.0,4.134310722351074,1,973l7OlPX7xTIwuKoPqSOF1480,1.0,1,3,1,
0,0.5,4.259977340698242,1,2059qn2LY5Rgkc_lCxZvqig_1624,0.0,0,3,1,
0,0.08695652173913043,4.436785697937012,1,1350iEyQpgS8um8egWa2LDPk820,0.0,0,3,1,
0,0.07547169811320754,4.855522155761719,1,2426OrIWlCMyEkLoqANXww1O3604,0.0,0,3,1,
0,0.2857142857142857,4.603407859802246,1,1567OzoMV2H8D1C1oKf9kJ7U1317,1.0,1,3,1,
1,1.0,4.2515952587127686,1,1157dystjMPwLIVRr1mKQuwa3280,1.0,1,3,1,
0,0,9.35122299194336,0,27136dTeCLdMVvvOL507cvEc930,1.0,1,3,1,
0,0,4.200400352478027,1,1365-1b52ot7eMMf3SsA9c4Y777,0.0,0,3,1,
0,0.3125,4.971507549285889,1,2236OY8HQU0L8c2zBLDDSfzl4002,1.0,1,3,1,
0,0.8,4.180699586868286,1,1173TY1U9F1eZjiUDJuXEvfX3233,1.0,1,3,1,
0,0,4.43393349647522,1,2475BHL2tV9VUQb2nFxwGP0p1839,0.0,0,3,1,
0,0.25,4.343727350234985,1,2499V-2FlPo6WVsoWpisdH6C1783,0.0,0,3,1,
0,0.07142857142857144,4.6707847118377686,1,3018ir8K9UU-cmqq5IQcmz7l3820,0.0,0,3,1,
0,0.3,4.349894046783447,1,2646G7TOcWUmw6OMJGvjmnOd1116,0.0,0,3,1,
0,0.5,4.330937147140503,1,628A_ztdoD85Pm7Hd6Uv2TF31,1.0,1,3,1,
0,0,4.447922229766846,1,2548jWUEsutIJk1cbqN2tPM12494,0.0,0,3,1,
0,0.6666666666666666,4.261876106262207,1,840n8TOnpwIHl-qkgddBBUV2778,1.0,1,3,1,
0,0.5294117647058824,4.561944484710693,1,1979k__dYe4eh0JcWo4LS3y02238,0.0,0,3,1,
0,0,4.531322956085205,1,730-sg8DQC7Q6MNsKvBhO3l2801,0.0,0,3,1,
0,0,4.2819318771362305,1,2411q8v30VrYGF_YwZ3xRDOD3629,0.0,0,3,1,
1,1.0,4.195073127746582,1,1537GkZcUo3TOHP-viuoWNt-1927,1.0,1,3,1,
0,0,4.835205316543579,1,2062pqfFSy4vUpvOqO0esuQx1613,0.0,0,3,1,
0,0,4.149320125579834,1,717GIQkXVVB0r9TgF9XjTKs2834,0.0,0,3,1,
1,1.0,4.321790933609009,1,2497_yB250Kp0G5hx_qYaSQz1789,1.0,1,3,1,
0,0.8,6.334074020385742,1,1532_kh1mDAMXkYl6yf_Pv1J1940,1.0,1,3,1,
0,0.4444444444444445,4.179910659790039,1,2080wcuzvVTZwQpYTe_xQ8731560,0.0,0,3,1,
0,0.65,4.543186187744141,1,2562mR0gHty9fugk4dVk181r2464,1.0,1,3,1,
0,0.16666666666666669,4.37265419960022,1,1208ZxTFiASsvA8kMOYqhRyK3132,0.0,0,3,1,
0,0.33333333333333337,4.475237131118774,1,904jIjVFDOK0pRjFHCWbvJn2614,0.0,0,3,1,
0,0.13333333333333333,4.422897577285767,1,2664AqK615zaJ_528hvbvtPb1071,0.0,0,3,1,
0,0.11764705882352941,4.5679192543029785,1,2169wN0winsrY_i_g0bAhQG-4173,0.0,0,3,1,
1,1.0,4.3327412605285645,1,2972A0AdM2WI3crvQdFxrqCd3928,1.0,1,3,1,
0,0.10526315789473684,4.478926658630371,1,2173fu4XUTuowr7JXVT_qKR14162,0.0,0,3,1,
1,1.0,4.356755018234253,1,1194VOJh4dS-MXoenYLMn-a13174,1.0,1,3,1,
0,0,4.2686357498168945,1,2344eMszMywnP_KtAXxgyVLS3770,1.0,1,3,1,
1,1.0,4.517482757568359,1,2202VQfjd1RqAXVO4ucrNNUA4091,1.0,1,3,1,
0,0.15384615384615385,4.517212152481079,1,601ThCJk5zYjSXGup71iHM5105,1.0,1,3,1,
0,0.6956521739130435,4.626102685928345,1,2219TDRURokHX0rVp0aN741O4049,1.0,1,3,1,
0,0,4.4944233894348145,1,652EU8b_0799Xp7ZExvB6D12996,0.0,0,3,1,
0,0,4.214891672134399,1,596zM0R2OmIzgkB1SbT2GQk122,0.0,0,3,1,
0,0.30434782608695654,4.905412673950195,1,2628284lX5xJUbHwtCr3OcHt2341,1.0,1,3,1,
0,0.4444444444444444,0.35698843002319336,0,1464zJl2AsUmWqzyQ5UMyZIu2084,,,,,
0,0,4.4780378341674805,1,2119fyRyssk_Wje72wdKEvRB1450,0.0,0,3,1,
0,0,4.787205457687378,1,2011BmOhqTJO6XDvfA1PRl622189,0.0,0,3,1,
0,0,6.215855836868286,1,1143y4HvMRUYirASrnijdFdG3320,0.0,0,3,1,
0,0.24,4.411006450653076,1,11609Jmtcj6mL4_qZoKMrsvu3271,0.0,0,3,1,
0,0,4.408457279205322,1,2512lEhovFhT11eis4TwjWj61755,0.0,0,3,1,
0,0.28571428571428575,4.5039756298065186,1,10219JfXeEWLn2dqWpvyeBX-351,0.0,0,3,1,
0,0,4.545573949813843,1,591ltVD7_6Ehvx3qb3tWALB135,0.0,0,3,1,
0,0,4.569763898849487,1,991UJ4U1LRmAW5-f92M6LsY428,0.0,0,3,1,
0,0.35294117647058826,4.46357274055481,1,1827dyfhitJTrUGC7j5L4f793368,1.0,1,3,1,
1,1.0,4.411889553070068,1,25901E2zSJQfs-GE-OfTyHNi2415,1.0,1,3,1,
0,0.16666666666666669,4.407577276229858,1,2390BO24hCThZGRINh8VZEwX3669,0.0,0,3,1,
0,0.8,4.384170055389404,1,862Cr4hD-1x_y9yIeSe1h542712,1.0,1,3,1,
0,0.8837209302325583,4.788529396057129,1,919Uw0PTYP2s2ybeSXUEbBL2567,1.0,1,3,1,
1,1.0,4.280575275421143,1,26420KhWf9GaN3cEHDl39Qxn1125,1.0,1,3,1,
1,1.0,4.3988037109375,1,2999clBojzrphxraymsqv1j23864,1.0,1,3,1,
0,0,4.466451644897461,1,2153UUzYIXrndLZzzxsDO5Gh4216,0.0,0,3,1,
0,0,4.840182304382324,1,1603mLkIXwPW7Y21tE83oCqe1229,0.0,0,3,1,
0,0,4.502856492996216,1,1177mo9QxepXvRmIEbov-3wB3225,0.0,0,3,1,
1,1.0,4.5135393142700195,1,2163prpiVkHoWAkyQR6_xuQb4190,0.0,0,3,1,
0,0,4.339328765869141,1,1224ZpkYHN34yzQX3zAz1Drn3083,0.0,0,3,1,
0,0,4.54726767539978,1,3017aHeDCc1uLRI2rnBry2uw3823,0.0,0,3,1,
1,1.0,5.9670538902282715,1,25185MAzxodWaNF6paGbye9m1739,1.0,1,3,1,
1,1.0,4.182708978652954,1,1775dGCKacaEaf4vXnKBh4Rd3489,1.0,1,3,1,
1,1.0,4.156919717788696,1,1971wAtIPOivQQGrt9-QMXKx2252,1.0,1,3,1,
0,0.1818181818181818,4.202324867248535,1,1540XOXCHVXRJvkaumygGWEP1392,0.0,0,3,1,
0,0,7.483855247497559,0,1018RR7R37EFe6-6a8ByqX6L362,0.0,0,3,1,
0,0,4.421006441116333,1,1581m_4FT3wjNv2nkp7_WsVw1287,0.0,0,3,1,
0,0.7999999999999999,4.351911306381226,1,92118qkl9UIQgFwOHU-Q5hF2561,1.0,1,3,1,
0,0.2105263157894737,4.510367393493652,1,1807ETR83rfS--7HO_UVPZIY3419,1.0,1,3,1,
0,0,4.230658292770386,1,9022NBdayPGc6_3kCdKoIiQ2620,0.0,0,3,1,
1,1.0,4.468726396560669,1,18135ObI1qm9GGBQEi88mvkH3404,1.0,1,3,1,
0,0,4.440499782562256,1,14135nOR58ZI6lSglpLLKJLs648,0.0,0,3,1,
0,0.1111111111111111,4.485378265380859,1,1221TiO8JJQ-vOfSQxVla7zq3093,0.0,0,3,1,
0,0.5,4.498391389846802,1,684byYz4orMrh60-Fxhgy3n2915,1.0,1,3,1,
0,0.2,4.694987058639526,1,2586yn1AwEdGYBYrySuVMaKy2424,0.0,0,3,1,
0,0.5384615384615385,4.672016620635986,1,629HsNl5Qf3THUq_CbmFrSx29,1.0,1,3,1,
0,0.05714285714285714,4.499487638473511,1,723ytGpHPbjoavIcmlhSSPx2819,0.0,0,3,1,
0,0.12903225806451613,4.60141658782959,1,2713hk0M98quNxBe6DeLFCcS931,1.0,1,3,1,
1,1.0,4.409398555755615,1,1469nqp1NXhfX10HhPcrdOO62071,1.0,1,3,1,
0,0.6086956521739131,4.449236154556274,1,2230tSU7QgNiYBltnZLJbQC34019,1.0,1,3,1,
0,0,6.260791301727295,1,2595p6qxVIXlogFl1fTrX8fj2403,0.0,0,3,1,
0,0,4.127613306045532,1,1191W0USQS58Z6BFE4WkQ-h53184,0.0,0,3,1,
0,0.2222222222222222,4.211863994598389,1,2651W9hIkNcmdRVAlG6zUyLS1104,0.0,0,3,1,
0,0.10526315789473684,4.35075044631958,1,653EYaIRqmXIngKYek45pE52994,0.0,0,3,1,
1,1.0,4.2517173290252686,1,918WklZmO3jLsn_Z70OZLWg2572,1.0,1,3,1,
0,0.3636363636363636,4.474740505218506,1,614qvZZNRxxpBg3ucW1nsPI74,1.0,1,3,1,
0,0.9473684210526316,4.2120115756988525,1,1968sByqQLQlZjFcJMPFrHff2258,1.0,1,3,1,
0,0,4.65072774887085,1,686OvLyPUvXUe5IOzEyV6ef2909,0.0,0,3,1,
0,0,4.26786994934082,1,1461b77FDHPFXFe4yi5Nhcwr2091,0.0,0,3,1,
0,0.08695652173913043,4.382725477218628,1,27240PkmgWqz5j9_Fq0dxZCZ901,0.0,0,3,1,
0,0,4.738668441772461,1,1586xdhd1pR6S0dzxj9ovgft1274,0.0,0,3,1,
1,1.0,4.175790548324585,1,564nvWBMTyMNmhonDBcxkha218,0.0,0,3,1,
0,0.3333333333333333,4.690301895141602,1,2540fNbixvF2zJt8p9UgqNRm2509,0.0,0,3,1,
0,0.28571428571428575,4.40185546875,1,19576albE3jQTwnzltPL9x4p2283,0.0,0,3,1,
0,0,4.5184385776519775,1,844px1jLdiF9yixa41UdsW72765,0.0,0,3,1,
0,0.6666666666666666,4.436296463012695,1,1438GBcsCGsIXBK4Ri5BDA7-2136,1.0,1,3,1,
0,0.23076923076923078,4.708847284317017,1,1626CdTndjDZja_pRT6QKy_T1162,1.0,1,3,1,
0,0,4.430269241333008,1,2377P4XI1eWxdwx2SZ4FBFGz3694,0.0,0,3,1,
0,0.21052631578947367,0.5276029109954834,0,1237-igIa0nSFzHyYKR3NSy73049,,,,,
0,0.8571428571428571,4.883186101913452,1,26841mPx1AI7j2kbUYe2rpkX1009,1.0,1,3,1,
0,0.7777777777777778,6.311237335205078,1,2651TkmXlqXOnvvNj8XwRj8y1102,0.0,0,3,1,
0,0.16,4.526891469955444,1,2515f1PtJHMiB1tlaUewaK_M1748,0.0,0,3,1,
1,1.0,4.220494985580444,1,2074N9UKFJMXP9zlp3kGmFLm1578,1.0,1,3,1,
0,0,4.453700542449951,1,2737g-gZdm-sJQvvj93e0dsn862,0.0,0,3,1,
0,0,4.377362012863159,1,1209gLLe3Hw31X00Jkrt9Bb-3130,0.0,0,3,1,
0,0.30769230769230765,4.4207963943481445,1,20271DZtHLqghVOFTovejUu02159,0.0,0,3,1,
0,0,4.344151973724365,1,1367qqQx_HJpwlvPVKeAf79c771,0.0,0,3,1,
0,0.23076923076923075,4.746744394302368,1,1180si0MHWiDkF_QSrRg3Bmr3217,0.0,0,3,1,
1,1.0,4.226014852523804,1,1755k6OhZV2tgTLoY1YA0e3q3540,1.0,1,3,1,
0,0,4.641753911972046,1,29911GwDefKvNAdit4U50-4e3883,0.0,0,3,1,
0,0.0909090909090909,4.5703229904174805,1,1150Z77lGncZI7Zrk-xbjId83299,0.0,0,3,1,
0,0.3529411764705882,4.354520559310913,1,2216CR-IgtZy4-rBrWwtf5Q84055,1.0,1,3,1,
0,0,7.685781240463257,0,3032TZQwiPvD5YTjwyIxVD573795,0.0,0,3,1,
0,1.0,4.232286214828491,1,1031ZvlfbMyu93rSJ9xhYFCe322,0.0,0,3,1,
0,0.17142857142857143,4.6405322551727295,1,953eF6SuRKllGSbKQ3CTK_8542,0.0,0,3,1,
0,0.2,4.387497901916504,1,1503-OeysybldRIrK-6Seqce2015,0.0,0,3,1,
0,0.08,4.437605142593384,1,1418rlNVb_RqqdBIh4q8Vz-O632,0.0,0,3,1,
0,0.22222222222222224,0.39293456077575684,0,2697v70pWXgc-DSg0veQwf_g972,,,,,
0,0.888888888888889,4.496105194091797,1,2950gZ4P4mJPFr8zvaCPmgqF3984,1.0,1,3,1,
0,0.2962962962962963,4.601289987564087,1,1015sbzrzzKt2hHlSyEz_8ol371,1.0,1,3,1,
0,0,6.17973780632019,1,20643waArPwERgCSx-Mi5aTq1607,0.0,0,3,1,
0,0.6111111111111112,4.358347654342651,1,25839ctSBP_9ircmR2x3MPam2429,1.0,1,3,1,
0,0,4.359447002410889,1,2109wDBr_5DTMGUIMawARy5V1481,0.0,0,3,1,
0,0,7.567241668701172,0,667rAHXuSUPsljQVxvIq2TT2958,1.0,1,3,1,
0,0.42857142857142855,4.602433919906616,1,1614T5V_kcqugUnyUVwnMyhs1198,1.0,1,3,1,
0,0.11764705882352941,4.367876768112183,1,2654TNySW8MZLcGuEXDIeHmv1096,0.0,0,3,1,
0,0.057142857142857134,4.663872480392456,1,1167rHEYHtG_H7cMU-f8Fs4k3253,0.0,0,3,1,
1,1.0,4.2030298709869385,1,1802TzfzNhOqk3YbRW3ibRGt3428,1.0,1,3,1,
0,0.33333333333333337,4.547258615493774,1,1760mDs0p3IiDjSQHOt_UjsF3525,1.0,1,3,1,
1,1.0,4.279978513717651,1,587v2MlTNxLZ2PTLUM4FwNM149,1.0,1,3,1,
0,0.6,4.374199867248535,1,5926oxnr604obAEPlUV9uIf132,1.0,1,3,1,
1,1.0,4.204477787017822,1,869tyTpa9rKUcCPdLKs8WYm2699,1.0,1,3,1,
0,0,4.497904539108276,1,1151NblPUqOQyrZMMFg2dGYZ3296,0.0,0,3,1,
0,0,4.181072473526001,1,1403de07gs-9JpPhLkY3NXmx677,0.0,0,3,1,
0,0.21428571428571427,4.414369106292725,1,1399HAUAi3igcRp4kaiXBS34689,0.0,0,3,1,
0,0.5555555555555556,4.566673755645752,1,1765lhaAmt-FyNdNGZEF0ee43508,1.0,1,3,1,
0,0.9090909090909091,4.256086349487305,1,2976EFlvgTQmMUjN_0Qwuu1-3920,0.0,0,3,1,
0,0.8,4.37026572227478,1,911iSktzCosrhYPrDiybAu12591,1.0,1,3,1,
0,0.2222222222222222,4.373599529266357,1,1758C1ntGFo_J3b9Gru82Z393529,1.0,1,3,1,
1,1.0,6.016963720321655,1,25682UMH_dlMC7fYSOKwycid2456,1.0,1,3,1,
1,1.0,4.071572780609131,1,1615r-Z6NuO6cx_SWYHnunxF1194,1.0,1,3,1,
1,1.0,4.151456832885742,1,1446B3blpnHraasPEB4_1HUF2121,1.0,1,3,1,
0,0,4.441866874694824,1,1139_-7833hNxUF5gGfQFr7N3334,0.0,0,3,1,
1,1.0,4.317648410797119,1,1568HYHlm_FxJX3M17z-eEGK1314,1.0,1,3,1,
0,0.1739130434782609,4.584236145019531,1,994GU89OGfkUkf_KwQ-KrNe296,0.0,0,3,1,
0,0.1,4.487518072128296,1,11881tCMe4yHOSjaL320WzSI3193,0.0,0,3,1,
0,0.23529411764705882,4.32830286026001,1,2056cqUJwSrh1iUBnuLscYVW1632,1.0,1,3,1,
0,0,4.282162427902222,1,1175f68nWVOs5WY82yUFRvj63231,0.0,0,3,1,
0,0.5,4.268654823303223,1,2500VYxWOcV0dcNe7upA2FXu1780,0.0,0,3,1,
0,0,4.487040281295776,1,1401Qipsx6VOk5VqTYL6uR-s682,0.0,0,3,1,
0,0.7058823529411764,4.540448904037476,1,581eQPPkrKHcN8_8Sw_9yqc167,1.0,1,3,1,
0,0,4.27258825302124,1,1412dyjyK86xUjhTPTG2x3S7651,0.0,0,3,1,
1,1.0,4.37054705619812,1,2144tPw0o0rfWHjrb2BilKfa4239,1.0,1,3,1,
1,1.0,4.137370824813843,1,17575vjW6q5vpBlTdRADa0J73534,1.0,1,3,1,
0,0,4.696587324142456,1,1020SC6hZKqsbIYDzkH4Cli3355,0.0,0,3,1,
0,0.17391304347826086,4.52139687538147,1,2648F832Z8D-thJnrxy_ZoZ11112,0.0,0,3,1,
0,0,4.491750240325928,1,1403iGcCDPPITOn08forKH9T676,0.0,0,3,1,
1,1.0,6.015450477600098,1,1800AHEt4m27Eec8QRYN8CrP3433,1.0,1,3,1,
0,0.4,4.340774059295654,1,20726paThEg6FmxDxiNte-9n1586,1.0,1,3,1,
0,0,4.492840766906738,1,1829Io4ow-6WaOGk3uMLY2EE3363,0.0,0,3,1,
0,0,4.5544562339782715,1,857c6PNb74Vi_KeHh7wTR9E2726,0.0,0,3,1,
0,0.4,4.321440935134888,1,1575DDvSq8Z-ZcD7dwOi7PcQ1303,0.0,0,3,1,
0,0,0.38121962547302246,0,20751yhuHsp4GA5IYz4deJsk1576,,,,,
0,0.4,4.28398060798645,1,2733OPDIO_m0GnjeKLl0Pb0x873,0.0,0,3,1,
0,0,0.4158782958984375,0,1770rj6GQbTCC5Whkc2stQVr3496,,,,,
0,0.2,4.2313525676727295,1,2986JvbXNLo81zp2QsLN9R-o3895,0.0,0,3,1,
0,0,4.6645894050598145,1,1586CJRbcCFLoT3hGLQI9g7U1272,0.0,0,3,1,
0,0,4.643715858459473,1,912P2qVUbgYW9BjbKDrE9DY2588,0.0,0,3,1,
0,0,4.509773254394531,1,2071kHxLVZsdxtm6xVPXQcML1588,0.0,0,3,1,
0,0.1,0.5271718502044678,0,943kajWSnLrin3THXJG_d-e571,,,,,
0,0.06896551724137931,4.599842309951782,1,1627y16BUwp_39IprpSx206Q1161,0.0,0,3,1,
0,0.923076923076923,4.409049034118652,1,2139yDUqrN6ktYr0XYmUtrhj4252,1.0,1,3,1,
1,1.0,4.142627716064453,1,1517RRHHjHDzsegVV1oTrpCQ1979,1.0,1,3,1,
0,0,7.523306369781494,0,21820nOi_DCT5VotWdfluLli4138,0.0,0,3,1,
0,0.6956521739130436,4.63284158706665,1,595-NWtNX9EUYMxcBWtvCsv123,1.0,1,3,1,
0,0.5,4.230319023132324,1,2116GnMpkWhh1tl84u7kz-JS1461,0.0,0,3,1,
0,0,4.429813861846924,1,1159_3BLEoNo6JC3PQD3lhm_3273,0.0,0,3,1,
1,1.0,4.516705751419067,1,935AXiIOoqPxpPpzzvR8YS22525,1.0,1,3,1,
0,0,4.567792177200317,1,1791pNJzKyWbh6wW0KOK91ow3451,0.0,0,3,1,
0,0,6.477201223373413,1,2168J5OIY9_0JcjpUFtF-s8j4177,0.0,0,3,1,
0,0.06896551724137931,4.551700592041016,1,25281rkigYqmVnXZVKIo__6C1709,0.0,0,3,1,
0,0.1111111111111111,4.703442096710205,1,2226L8d66ouJEV1RUNRdzzwj4033,0.0,0,3,1,
0,0,4.224004030227661,1,1478KTXepjZroExsv6FHaVuM2052,0.0,0,3,1,
0,0.12500000000000003,4.386189937591553,1,2079-LyObLxGymHC2hBqr_KO1565,0.0,0,3,1,
0,0.33333333333333337,4.402965307235718,1,2627_Kfp2WhutNlCFnT50sG02344,1.0,1,3,1,
0,0.4444444444444444,4.398560047149658,1,2508GyO7kZECUGQ3Ln8manrq1764,1.0,1,3,1,
0,0,4.836040735244751,1,1577OEbmLnj5geKIc3Ms5Gtk1299,0.0,0,3,1,
0,0.30769230769230765,0.3421473503112793,0,854G5_8fmgOx2wqp3G98Wbo2736,,,,,
0,0.16666666666666666,4.725443601608276,1,1741gH8j8vwlFA4b6EQ4n5w73579,1.0,1,3,1,
0,0.046511627906976744,5.0940728187561035,1,2366jzVcXSo7q0dr6-Gz67u-3719,0.0,0,3,1,
0,0.8571428571428571,4.197667598724365,1,26727Yse7GsoM0NaNss8TBWk1046,1.0,1,3,1,
0,0,4.371690273284912,1,549BWLdJQ30ytdTBb1ltl63261,0.0,0,3,1,
0,0.13043478260869568,4.851403474807739,1,1194TLkUeN2s1pmz3z-LhQdx3173,0.0,0,3,1,
1,1.0,4.246227025985718,1,24419ElQ6t4Xid93KqYjJXMT1915,1.0,1,3,1,
1,1.0,4.294885635375977,1,2723xU3JSCsI93Jmzi12bo8-905,0.0,0,3,1,
0,0,4.372075796127319,1,2980C0U4pvUngKDisOcpNW3q3908,0.0,0,3,1,
0,0.10526315789473684,4.673019886016846,1,1363vktTqXoQ53guY-ds-40F783,0.0,0,3,1,
0,0.6153846153846153,4.598778247833252,1,1405G7xAi6FNLYm6fgeOs5Bj672,1.0,1,3,1,
0,0.8,4.197726011276245,1,661euljLSpbfTSc_6HtuXCq2973,1.0,1,3,1,
0,0.125,6.128400564193726,1,733ro10P8E_CfDSYgZ9bqof2793,0.0,0,3,1,
0,0,4.377816915512085,1,1427BI8NYRszEev_FCnoHfQp607,0.0,0,3,1,
0,0,4.400242328643799,1,19697DTaaASi89oMV51KpEk02257,0.0,0,3,1,
0,0,4.147387981414795,1,2997uuJN0Yt55vdTFyk9kAUA3869,0.0,0,3,1,
0,0.06666666666666667,4.766624450683594,1,986iCUMSxEyOTfVrShe7r8X441,0.0,0,3,1,
0,0.07692307692307691,4.788574695587158,1,1215415v_BmzwkNXDE-6MKs73112,0.0,0,3,1,
0,0,4.3876566886901855,1,636bdCEp-ei65RvphUV5kzu7,0.0,0,3,1,
0,0,4.465673446655273,1,1563xPRXXjjPfuYHto6gKMoW1328,0.0,0,3,1,
0,0.8148148148148148,4.3312928676605225,1,2418I5yqyRb98QY4tLtXIn9_3620,1.0,1,3,1,
0,0.23529411764705882,4.89618992805481,1,5725iP5Tzyy4gxehcn9t4TM194,1.0,1,3,1,
0,0.13333333333333336,4.456014633178711,1,2957RON0RMexHAq6R8NDth-G3967,0.0,0,3,1,
0,0.6,4.703529119491577,1,1603faGMdBUg02YqijMJnA3w1231,1.0,1,3,1,
0,0,4.952294826507568,1,2663WQsor3o4Lewe9Mg8roUm1072,0.0,0,3,1,
0,0.7499999999999999,4.550714492797852,1,2366D8Jn50ErgQhZUhWNbxoM3718,1.0,1,3,1,
0,0.3478260869565218,5.339740753173828,1,2362OelwhQFGW2uASOC1uIZ-3729,0.0,0,3,1,
0,0.5333333333333333,4.888795852661133,1,2378sHxPf01TWhBuenSHMJyp3692,0.0,0,3,1,
0,0.16,5.17874813079834,1,2941qGbMTO0mozvc2N-D8Ll13995,1.0,1,3,1,
1,1.0,4.46455717086792,1,1773wQV9nuZZSk8BnMoB0VXa3492,1.0,1,3,1,
0,0,4.874553680419922,1,2572QIeAiUrm-El8uQMnoPL52451,0.0,0,3,1,
1,1.0,6.623872756958008,1,1149B_z0nE_Bw4gpJMErDvZF3303,1.0,1,3,1,
0,0.2181818181818182,5.096008062362671,1,953rhbVAxIUmfTtDbVTDP6l540,0.0,0,3,1,
0,0,7.5268235206604,0,1833mBAvNL7f3ZCmej5PwbdX3351,1.0,1,3,1,
0,0,4.418316841125488,1,21295BHq9T-LJZqpw1jzVi4C1424,0.0,0,3,1,
0,0.5,4.657837390899658,1,2456mSRZvgWGRhYDDkRPL2f41883,1.0,1,3,1,
1,1.0,4.371779918670654,1,1429iK5AeBnwtcbLHrY4SztI602,0.0,0,3,1,
0,0.07142857142857144,0.560086727142334,0,1768-UuFG072H5O8Xrou6GUN3501,,,,,
0,0.15384615384615385,5.00187349319458,1,1613_GNhprlpdle_vZoOR-qp1201,0.0,0,3,1,
0,0,4.673859596252441,1,1217VUulWWjfmhhB_SRnAH2c3105,0.0,0,3,1,
0,0.4210526315789473,4.54046368598938,1,2665gofGzsBk2vSGVSEDt1Hi1067,0.0,0,3,1,
0,0,4.6530749797821045,1,2593NhMXH8FIz_rRIuHg7cJ32408,0.0,0,3,1,
0,0.0975609756097561,4.846313953399658,1,549rMq_bIS44jvhpB0uKShr263,0.0,0,3,1,
0,0,4.611918926239014,1,2114PF_Hzr-w95B50r8JycTn1467,0.0,0,3,1,
0,0.5,4.434785604476929,1,3035KzumWKyVeC8_TMoA2sVR3792,1.0,1,3,1,
1,1.0,4.263067245483398,1,3022nFZbMu1Zsnj63qPWfgCv3814,1.0,1,3,1,
0,0,7.671907901763916,0,2716YlsdHqDkaN4VKLmk5cAm922,0.0,0,3,1,
0,0.5,4.253762722015381,1,8917xVQ8kbdXQaSDsHSDF5C2653,1.0,1,3,1,
0,0,4.355855941772461,1,2060X2wuRhZlsLWO7ahOjJyR1621,0.0,0,3,1,
0,0.14814814814814814,4.505345344543457,1,976pJTD9ppLr0BqWc-99UZT471,0.0,0,3,1,
0,0,4.31877589225769,1,1033Dt_nnXnaknyIGfmAyPvx317,0.0,0,3,1,
0,0,6.265850305557251,1,1446B3blpnHraasPEB4_1HUF2120,0.0,0,3,1,
0,0.8571428571428571,4.302901268005371,1,1557tNbqGVV_I5649rcUhKBN1347,1.0,1,3,1,
1,1.0,4.230137825012207,1,2052CjMDg4rKssIF2dZJmzem1645,1.0,1,3,1,
0,0,4.385316371917725,1,2543Ssn0fF-rADMovcLk6Vwk2503,0.0,0,3,1,
1,1.0,4.174299955368042,1,1811paAxUvt29OX8E8chhsNQ3409,1.0,1,3,1,
0,0,4.366856336593628,1,1503-OeysybldRIrK-6Seqce2016,0.0,0,3,1,
0,0,4.370709419250488,1,20657PQBSzcpWa-mLkUYkxUD1604,0.0,0,3,1,
1,1.0,4.367003917694092,1,1350m8tnshnQY1-SX1xaVUVD821,1.0,1,3,1,
0,0.14285714285714288,4.330212116241455,1,627l2qkb84k2Ux6pDSBPEUl33,0.0,0,3,1,
0,0.28571428571428575,4.251105070114136,1,1206-NComMUlTR08rjYYkt_A3137,0.0,0,3,1,
0,0.6666666666666666,4.2171101570129395,1,1809bhj4Kq1QgmejP4IfyOPD3415,1.0,1,3,1,
0,0,4.4731056690216064,1,2126BGCK5LuPavsOvc_pxZVc1431,0.0,0,3,1,
0,0,4.5272605419158936,1,260778F0v0DAsxDp5cLyPs1O2374,0.0,0,3,1,
0,0.07692307692307693,4.655303239822388,1,1437XgTDWPD8li99iYDMCw0B585,0.0,0,3,1,
0,0,4.65401291847229,1,964ygH1FC7IV5sCZPqT4llq507,0.0,0,3,1,
0,0,4.471342086791992,1,1792pLMxkyBoluA32NPBVhWK3450,0.0,0,3,1,
0,0.5714285714285715,0.2398526668548584,0,2031uU00oEz5_jFnQx9-A0O82151,,,,,
1,1.0,4.1818766593933105,1,2438_EbtTSQc5lsCpGlzo17M1925,1.0,1,3,1,
0,0.3333333333333333,4.4156811237335205,1,2210Bc69tRCp2-mf6PkRz9_C4068,0.0,0,3,1,
0,0,4.185239791870117,1,1747m5UQck6_uvx449-K2ICH3562,0.0,0,3,1,
0,0.08,6.355108022689819,1,2461qoOIYKbZjllIVQPxg4wR1867,0.0,0,3,1,
0,0,7.414595365524292,0,3027Cqdh_u1lGLcEm6FGsksN3803,0.0,0,3,1,
0,0,4.1750311851501465,1,3013qWOe5GAKobQj6VkNX1a83834,0.0,0,3,1,
0,0.4,4.422709941864014,1,26914YUvq_aYLzOyH3_GkM4E989,0.0,0,3,1,
0,0.13333333333333336,4.286142349243164,1,1398G0VrF0Z8ACVX3zKFbVuB691,0.0,0,3,1,
1,1.0,4.264623641967773,1,913vnJ7FuCx73C-Vyaofcns2587,1.0,1,3,1,
0,0.923076923076923,4.375975608825684,1,24607rfeko8svDiw7ESyatwy1870,1.0,1,3,1,
0,0.4444444444444445,4.1621294021606445,1,2602Qiq4iutdiApDxWf40xp42389,0.0,0,3,1,
0,0.30769230769230765,4.294150352478027,1,163794mILPDzpcNzf6gK9XRU1138,0.0,0,3,1,
0,0,4.2418718338012695,1,932jGvTQ5rqIA60r8VebV-l2534,0.0,0,3,1,
0,0,4.994219779968262,1,2458nO0QxOBFA2uGin02ZUeR1878,0.0,0,3,1,
0,0.1,4.350520610809326,1,133872Mtqyb09KyYyKdDni5N857,0.0,0,3,1,
0,0.4,4.2844743728637695,1,2098D1dsKeKH0xANz6zd6LSO1513,1.0,1,3,1,
0,0,4.289004564285278,1,2224WT9qVEbYuJZkZlYlFqvu4038,0.0,0,3,1,
1,1.0,6.256664037704468,1,1524sFrIwH53jua7jqnLYOiU1962,1.0,1,3,1,
1,1.0,4.309697389602661,1,912n1fA7q16KhBjbKDrE9DY2589,1.0,1,3,1,
1,1.0,4.284507751464844,1,1420JOuqW5exFS-bK5y2bt55628,1.0,1,3,1,
0,0,0.2064366340637207,0,1144Dngx4nkJVbVR8P-iE7sU3319,,,,,
0,0.14634146341463417,4.940030097961426,1,27105B4kNatJgs2HMEX3Qbc-939,0.0,0,3,1,
0,0.11764705882352941,4.37388014793396,1,2970It0bwdTOrenZMXbnev6P3933,0.0,0,3,1,
0,0.47058823529411764,6.040132522583008,1,2427o0QmxcHBetNiSbTlOqmh3603,1.0,1,3,1,
0,0.375,4.24835467338562,1,1138CmWVAsyJiAlk5YMGolJH3336,1.0,1,3,1,
0,0,4.06823205947876,1,2030yIcovw6j8LoFsbnLcn8Q2154,0.0,0,3,1,
0,0.09090909090909091,4.47991156578064,1,2715dw_ZC1DahbCczlDe5Yi7925,0.0,0,3,1,
0,0.16666666666666669,4.465700626373291,1,852ZSryt9TK0_Cz0XclTy282742,1.0,1,3,1,
0,0,4.412014961242676,1,677xmZHBoR33brul42LKfZz2935,0.0,0,3,1,
0,0.8,4.085582256317139,1,870flRwQUtWIQqV7rnLfZJd2696,0.0,0,3,1,
0,0,4.300320863723755,1,2024omrZBF4Urqdr7C3eyKVT2168,0.0,0,3,1,
0,0,4.521076202392578,1,947RcyMsfmB5EqbyHMxRUMk558,0.0,0,3,1,
1,1.0,0.23578619956970215,0,1754_GNEGkdOQVIVIj3t_Ce43541,,,,,
0,0,4.21441125869751,1,5516BHaRRv6Egl03A_kDyw0256,0.0,0,3,1,
0,0,4.950652122497559,1,2657Omxhm5FyXyyp4pVdXx3Z1089,0.0,0,3,1,
1,1.0,4.368947267532349,1,983A961flzSyGYxt388JvI9450,1.0,1,3,1,
0,0,4.263213396072388,1,7201GV7Ue0Cd9oNYVERMrHM2828,0.0,0,3,1,
0,0,4.706587791442871,1,2099-acnCQhCOzxPYUMuFfmt1511,0.0,0,3,1,
0,0.7272727272727273,4.264216184616089,1,2365rte00Z2XRNdvvCufE-9W3720,0.0,0,3,1,
0,0,4.266202449798584,1,1403de07gs-9JpPhLkY3NXmx678,0.0,0,3,1,
0,0.2,4.3629961013793945,1,1012HoYF9QrGUlI-8WclyplG375,0.0,0,3,1,
0,0.30769230769230765,0.31313252449035645,0,1605jMKtP3m0NMd6-E_YJmsm1225,,,,,
1,1.0,4.382595062255859,1,2617lIcTuHq8N8es-n39g3012366,1.0,1,3,1,
0,0,6.21430230140686,1,940e-OjeYG8x4-T5kU7TrIZ579,0.0,0,3,1,
0,0.5714285714285715,4.085545301437378,1,1161q6jwfFLoe3yAdsycwsj33268,0.0,0,3,1,
0,0,7.56719708442688,0,1237-igIa0nSFzHyYKR3NSy73048,1.0,1,3,1,
0,0,4.259016036987305,1,1944pItIJgcM-r7jQqPj2HMs2314,0.0,0,3,1,
0,0.10526315789473685,4.576374530792236,1,1997fwZQw2OagHTAFRRNBLie2213,0.0,0,3,1,
0,0,4.640402317047119,1,1355DqKO8ByX-dB6SOPvmL5p807,0.0,0,3,1,
1,1.0,0.25429344177246094,0,2477Wk5b58ywNkmGHha3UgSX1831,,,,,
0,0,0.22909855842590332,0,1967lfLDTgzkA9Gl59C3V4Dz2260,,,,,
0,0,4.662430763244629,1,888Xb_uMPfibcJslsiGts6V2656,0.0,0,3,1,
0,0,4.34734034538269,1,2496IsKGXtB1XHAUH-HYoq6R1791,0.0,0,3,1,
0,0.24390243902439024,4.749014854431152,1,950DO8nI2LTiizfgJEJOjpc551,0.0,0,3,1,
0,0,5.038146734237671,1,1184C_LA1pOBVN-7HWp0PVT03205,0.0,0,3,1,
0,0,4.377779245376587,1,9800iElAh33OivZxcm_4tCk461,0.0,0,3,1,
0,0.07692307692307693,0.6382012367248535,0,2170euqbnyjNM_3BjmlETtrd4170,,,,,
1,1.0,4.600789308547974,1,1817Ngtonx42zKkYoB0lwkwC3392,0.0,0,3,1,
0,0.18181818181818182,4.238686561584473,1,25850Dtx8v5Mh2YjRyU4T3sp2426,0.0,0,3,1,
0,0,4.491429328918457,1,1435t5gBGAM2so8S89BXRimx589,0.0,0,3,1,
1,1.0,4.377286195755005,1,2622zT1yF5wKsaK2A4uT7mDp2355,1.0,1,3,1,
0,0,4.3718297481536865,1,2009W5TM6PRERuoWbljEo4Be2196,0.0,0,3,1,
0,0,4.40306282043457,1,2397i5VYVXlITz1PA_p-X_0X3653,0.0,0,3,1,
1,1.0,4.232635259628296,1,25182PdyMWkPXSFPNo4-wt5J1740,1.0,1,3,1,
0,0.7499999999999999,4.385866403579712,1,2014iXQTylPiy0Z1L1FvuIJ62183,1.0,1,3,1,
1,1.0,6.022400379180908,1,1487U3qYzmS-i3I4p64DrXQr2037,1.0,1,3,1,
1,1.0,4.004223346710205,1,2351OjCB7Jc7RLtLp2D0LO6_3755,1.0,1,3,1,
0,0,4.333740949630737,1,11938B6Igqu2WhcVLVswrYFh3178,0.0,0,3,1,
0,0.4615384615384615,4.446484565734863,1,1201NDB1j3x1mhteENUtx2Uf3153,1.0,1,3,1,
1,1.0,4.236524343490601,1,2425ZfkdzdzBm04_UVw5uDTZ3607,0.0,0,3,1,
0,0.7058823529411764,4.301651477813721,1,2717hIRcFjckTs_q0EnnEVyr919,1.0,1,3,1,
0,0,4.24521017074585,1,1589mo7D-joKXh635Vo4Jd911266,0.0,0,3,1,
0,0.15384615384615383,4.5651326179504395,1,680rqH8TA5zhf68ANHAiKGW2927,0.0,0,3,1,
0,0.13333333333333333,4.408062696456909,1,300888hdakH4X_s3IFSxziMa3844,0.0,0,3,1,
0,0,4.716240167617798,1,25011ioqTMWVMDxHE8EGAltr1778,0.0,0,3,1,
0,0.13333333333333333,4.402888536453247,1,718lHRShvhKKwv-68koIpPE2830,0.0,0,3,1,
0,0,4.514244794845581,1,1167rHEYHtG_H7cMU-f8Fs4k3252,0.0,0,3,1,
0,0.18181818181818182,4.449328899383545,1,713-mcsQX--u0E9HOv0wOBY2846,0.0,0,3,1,
0,0.10526315789473685,4.366451263427734,1,647GmaUXD9I5MZkvW1GqNBE3013,0.0,0,3,1,
0,0.06451612903225805,4.8927741050720215,1,2527r9ku1IGBOQ1OmZhZuOtm1712,0.0,0,3,1,
0,0,4.208235263824463,1,2354kkPujXID5RmnkRVl9iSj3747,0.0,0,3,1,
1,1.0,4.370833396911621,1,1797wFst44zDF00H-0mOIT9O3439,1.0,1,3,1,
0,0,0.2304530143737793,0,2597oOL_7CB6tThxfotDFYvs2399,,,,,
0,0,4.31691575050354,1,615lwmbisxTxihwSWql1wTV71,0.0,0,3,1,
0,0,4.195061206817627,1,2353oF79-Zc0tRIFC0bsyHCL3750,0.0,0,3,1,
0,0.7272727272727272,6.18879508972168,1,1354evL5v3vzH55HvCkXDwJT808,1.0,1,3,1,
1,1.0,4.0779008865356445,1,2576l9x6n1fNR9Eyt67rO1Sa2443,1.0,1,3,1,
0,0,4.376423358917236,1,2166jcvCXmlprvHV3vNw6N8Q4184,0.0,0,3,1,
1,1.0,4.267288446426392,1,2657hOs_wmY_BN0133ij4AYu1087,1.0,1,3,1,
1,1.0,4.140023231506348,1,2076zzQUlwU64C-IvPfAQ3dP1572,1.0,1,3,1,
0,0.06896551724137931,4.715516567230225,1,2707KB1tO6YYJq35qJk9l8AN946,0.0,0,3,1,
0,0,0.5353317260742188,0,557uKN2383p384ghLRsx8AW237,,,,,
1,1.0,0.22113537788391113,0,1944pItIJgcM-r7jQqPj2HMs2313,,,,,
0,0.19999999999999998,4.467122316360474,1,1985AHITudGoVRe60XPTH_s32229,1.0,1,3,1,
0,0.6666666666666666,4.542099714279175,1,2418I5yqyRb98QY4tLtXIn9_3621,1.0,1,3,1,
0,0.19999999999999998,4.390869140625,1,24403xNlc7XEY3nh7XxknbP31918,0.0,0,3,1,
0,0,4.2501795291900635,1,2693xNMD-j6qs0jX-U23Wf0I985,0.0,0,3,1,
0,0.923076923076923,4.31172776222229,1,27022m_6d9JgE_7EsYFGaMM8958,1.0,1,3,1,
0,0,4.165593385696411,1,1578v7s2xtga3UWShr9dGwp01295,0.0,0,3,1,
0,0.8333333333333333,4.353522300720215,1,2196AkNG1_y8EyrFRQMGcbBm4107,1.0,1,3,1,
0,0,4.462900400161743,1,982TPLydrP2xNnL4eYgSPrZ453,0.0,0,3,1,
0,0,4.627256870269775,1,2433ieX4QNZiiR5HKqVqo0kv3595,0.0,0,3,1,
0,0.6666666666666666,4.433822870254517,1,2227o9jqTZWB_ogYuEBs_sii4028,1.0,1,3,1,
1,1.0,4.17766261100769,1,26269UMEj-lV4oQGbZ0tTTK82349,1.0,1,3,1,
0,0,4.46133017539978,1,2725lLg7uHCwU2triDIo3B-h898,0.0,0,3,1,
0,0,4.172154903411865,1,613XW7YAciAiMgfISN_tpEO77,0.0,0,3,1,
0,0.45454545454545453,6.3664422035217285,1,2069QCdzCbUZyNgMproHhJws1594,1.0,1,3,1,
0,0.2857142857142857,4.173626184463501,1,11638Nq_dIQoWFn79xtu-dd53263,1.0,1,3,1,
0,0,4.286244630813599,1,912n1fA7q16KhBjbKDrE9DY2590,0.0,0,3,1,
0,0.08333333333333334,4.314497709274292,1,15476Ulo5UDthwWLMYPAIvDH1373,0.0,0,3,1,
0,0,4.188539743423462,1,2990PpCl1FO8CeALdKK62kl93886,0.0,0,3,1,
0,0,4.685812950134277,1,562Shx8P6CL03azbpL7QEd3224,0.0,0,3,1,
0,0.5333333333333333,4.6828227043151855,1,1145CdbMPhBl1m3XpPiJVufo3316,1.0,1,3,1,
0,0.16666666666666669,4.652377367019653,1,2700ouBGuI-BEf84sS7uN4t6963,0.0,0,3,1,
0,0,4.45836329460144,1,2211wsW8oNaSRcLGzwyfLWhi4066,0.0,0,3,1,
0,0.36363636363636365,4.318019151687622,1,12281NX5BUaKvLMrzAwIIu6k3071,1.0,1,3,1,
0,0.625,4.589003324508667,1,1373md66uV8NUYn6tLcFPoUa755,1.0,1,3,1,
0,0.8,4.354050159454346,1,1025Ra_IZNvQuUI7Ec5aTeot341,1.0,1,3,1,
0,0.22222222222222224,4.358391761779785,1,1742jdkwyvzoxAod7udXGbWH3576,0.0,0,3,1,
0,0.2857142857142857,0.24056172370910645,0,54482QW5OfFiQVIWiIpVI2E277,,,,,
1,1.0,4.21707558631897,1,1382_Yx0YcqIkER15lL0Mw_j730,0.0,0,3,1,
0,0.1,4.6821205615997314,1,9100HQlpvSt_OwVnpYpqMFu2596,0.0,0,3,1,
0,0,4.214130401611328,1,1175kIOD5y8d7_nFY3yGAH-q3230,0.0,0,3,1,
0,0,4.187000274658203,1,2615nIRZaSedAQN4xOsUpgWf2369,0.0,0,3,1,
1,1.0,4.301271200180054,1,63954swC8JcouCYEJsZyw4b3036,1.0,1,3,1,
0,0.33333333333333337,4.326361179351807,1,892B8GiS_zkJfKANp04UQhD2649,0.0,0,3,1,
0,0.3333333333333333,6.047930955886841,1,2595p6qxVIXlogFl1fTrX8fj2404,0.0,0,3,1,
0,0,4.480261564254761,1,1435t5gBGAM2so8S89BXRimx590,0.0,0,3,1,
0,0,4.332110643386841,1,1963LYeJkFeQGNvt6xtitv6o2268,0.0,0,3,1,
0,0.6206896551724137,4.783125638961792,1,2716YlsdHqDkaN4VKLmk5cAm923,1.0,1,3,1,
0,0.42857142857142855,4.5226967334747314,1,1031ZvlfbMyu93rSJ9xhYFCe323,1.0,1,3,1,
0,0,4.790772199630737,1,11547MyYfAO2SJjFtK6lH5ci3289,0.0,0,3,1,
1,1.0,4.314556121826172,1,695M95U1ZWSZiatzYpCAxVB2886,1.0,1,3,1,
1,1.0,4.257126092910767,1,2351OjCB7Jc7RLtLp2D0LO6_3756,1.0,1,3,1,
0,0,4.4655396938323975,1,1580Swc8yb1vcok9FztLAWLx1290,0.0,0,3,1,
0,0.060606060606060615,4.577179908752441,1,1983DSmGEvLUNx1_qYJNeZZv2235,0.0,0,3,1,
1,1.0,4.4354424476623535,1,2113j9ajPk3B-jbp1vJIl71A1468,1.0,1,3,1,
0,0.4230769230769231,4.93620753288269,1,2463j88tc1ZRrsqGuky-lBg71866,1.0,1,3,1,
0,0.2222222222222222,4.396243333816528,1,652LiD_APWuMXugNPF6gw3S2997,0.0,0,3,1,
0,0.39999999999999997,4.703619718551636,1,1822rHcCQAy-f_rt_yufMqKb3383,0.0,0,3,1,
0,0,4.18757963180542,1,844wRITrjdtv1BhdX6qAgxD2767,0.0,0,3,1,
0,0.37499999999999994,4.733258008956909,1,1345JzmbSlEwtFkj07wPh-DW836,0.0,0,3,1,
0,0,4.312205076217651,1,589hVu_utDk4vFRJ8mJGyL0141,0.0,0,3,1,
0,0,4.502437353134155,1,2544HudU0nsQ8gvIycLuberP2498,0.0,0,3,1,
0,0,4.195010423660278,1,1192qu70aQV6bzoD2MwG1aT83181,0.0,0,3,1,
0,0.07692307692307691,6.305992126464844,1,1579OPjVMaCxctlZmUpiZzrp1292,0.0,0,3,1,
0,0.25,4.878792762756348,1,1779lcPuO1NFS50gJD6T-Zo73478,1.0,1,3,1,
0,0.3333333333333333,4.25292444229126,1,2062VZLt42f5YfL_F5YiZJ9_1614,0.0,0,3,1,
1,1.0,4.216874599456787,1,3004X8M9tRmpFDo7C4yTa_nC3854,1.0,1,3,1,
0,0.8571428571428571,4.287791728973389,1,2565CoSVkWMIiJBlke0DSSt82458,0.0,0,3,1,
1,1.0,4.544902563095093,1,2399Y49nXZDPa9G-815VEhlQ3649,1.0,1,3,1,
0,0,4.176609039306641,1,671tmMHr0OIhb3ulvq5ranP2949,0.0,0,3,1,
0,0.24242424242424243,4.624318361282349,1,1417CvbtpTdNieUFK8V6Ekov637,1.0,1,3,1,
0,0.15384615384615383,4.687960386276245,1,1398tbxE6rw4tRvgrp1PnRa7692,0.0,0,3,1,
1,1.0,0.24225068092346191,0,894ARwgTOyFrfBbcEBpNyXo2644,,,,,
0,0,4.329615116119385,1,19562G4XhcAWDDltouKXoTDE2285,0.0,0,3,1,
0,0.8292682926829268,4.901650905609131,1,1463FoB-_-oeUnsS3sDglbN52087,1.0,1,3,1,
0,0.125,4.391714096069336,1,2455Z_NA0qrNdsEcFeJPnpVS1885,0.0,0,3,1,
0,0,4.783268451690674,1,1024EAnLzPugg_3Icp64grI8344,0.0,0,3,1,
0,0.8,4.248154163360596,1,25544Iwj6p8ZpT8Nege2BaSS2480,0.0,0,3,1,
0,0.1,4.494872808456421,1,6378qDCOgKH25DqwcZO1mKf3,0.0,0,3,1,
0,0,4.5218329429626465,1,1580w-I93H4qmLDCZ7pKh9bk1288,0.0,0,3,1,
1,1.0,4.3591718673706055,1,2994z92F6tuanrTZ7p_1PiGz3877,1.0,1,3,1,
0,0,4.42663049697876,1,683aqqwKP1KduPxIkVF7N9F2917,0.0,0,3,1,
1,1.0,4.239793062210083,1,2564PEd_NYQVsw7TwigJZu1b2460,1.0,1,3,1,
0,0,5.933227062225342,1,13946HYMoyH_5YN47EsUiywo705,0.0,0,3,1,
0,0,4.256235122680664,1,1960TyZYSsqghmtoz6azHmRc2276,0.0,0,3,1,
0,0.30769230769230765,4.391257286071777,1,689RfOgas4kQddfMQXny3cR2902,0.0,0,3,1,
0,0,4.4501237869262695,1,874kqKcdnSqPr2kHFDtCs872688,1.0,1,3,1,
0,0,4.4089741706848145,1,2125Vbp22wSh0VwBbUKAfI0y1435,0.0,0,3,1,
0,0,4.535115957260132,1,101195_WiJNTm5lUVJPBEQsu380,0.0,0,3,1,
0,0,4.601349830627441,1,881sSYAcH--BN-pqbR9hFYL2670,0.0,0,3,1,
0,0,4.263671398162842,1,1210_s24nmmMlgNl60QCA3_m3126,0.0,0,3,1,
0,0,4.470205068588257,1,1772BxXxPMha90GNn-cr0CdA3493,0.0,0,3,1,
0,0.6666666666666666,4.269073724746704,1,564nvWBMTyMNmhonDBcxkha217,0.0,0,3,1,
0,0.5333333333333333,4.712504148483276,1,1626tcaoo5Rh3rYif96ePl8T1163,1.0,1,3,1,
0,0,4.697782754898071,1,2227njumpoFaBCvHN5gK9Hmj4030,0.0,0,3,1,
0,0,4.32482123374939,1,2117usIbqKfvGfEciX6sxfMh1458,0.0,0,3,1,
0,0.2,4.302677154541016,1,574T3IVyhdGf2qyfbl0GBBS187,0.0,0,3,1,
0,0,4.6579649448394775,1,983lsArLcvfSEq21Yv9hyIq451,0.0,0,3,1,
0,0.43243243243243246,4.812993288040161,1,1447-lsa5GMde2CPKwJUa0h52117,0.0,0,3,1,
0,0.2857142857142857,4.288353681564331,1,2047k8-fX-AM7Tv4kEIBJCC81657,0.0,0,3,1,
1,1.0,4.3985161781311035,1,2573Yesh6cIYKXGOxrwMiFam2449,1.0,1,3,1,
1,1.0,5.8411948680877686,1,2344TQZdhbkqw-jvF5b_mO0e3768,1.0,1,3,1,
0,0.2222222222222222,4.245332479476929,1,2644fKUBosjdYiAeduy2FQVF1120,0.0,0,3,1,
0,0.4615384615384615,4.4572672843933105,1,2467fzJ6d5_K_QRe9CU--BXT1860,0.0,0,3,1,
0,0,7.477570295333862,0,977HIIAwnIqxPwgBrCLE7De468,0.0,0,3,1,
0,0.8571428571428571,4.387876272201538,1,2995FYU3dbcdZ2Om_eXNrFz43874,1.0,1,3,1,
1,1.0,4.205256700515747,1,1438pakrvpuzI9RRVwHckRIx2137,1.0,1,3,1,
0,0,4.051446437835693,1,642cj_9TM2LY8uspNPdM55l3026,0.0,0,3,1,
0,0.4444444444444445,4.405985593795776,1,2589xXJabxuTAbaSikLKRb-g2417,1.0,1,3,1,
0,0,4.744002819061279,1,2420ljk2de81UhSRuKQX3a_J3616,0.0,0,3,1,
1,1.0,4.332126140594482,1,215150kaVnc71Yqt1mSUj_mU4220,1.0,1,3,1,
0,0,4.3260767459869385,1,1956vw_p35LNB6CkbnIkyRY-2284,0.0,0,3,1,
0,0.5714285714285714,4.55775260925293,1,2650L8Wg3JCMUv2NtSViky2F1105,1.0,1,3,1,
1,1.0,4.279336214065552,1,1786I5qlkjh5HPU7gv2S4fXA3460,1.0,1,3,1,
1,1.0,4.344200611114502,1,178729fWseJtFCuTr6qSCsEp3456,1.0,1,3,1,
0,0,4.9739227294921875,1,586KitV3SprRbS0Gf9jJzYW151,0.0,0,3,1,
0,0,4.451530933380127,1,2428yXwf4M0pblVsR9721lQa3600,0.0,0,3,1,
1,1.0,4.285792589187622,1,1795SmUM72qvYEGcEDAoWbE73442,1.0,1,3,1,
0,0,4.383197546005249,1,15476Ulo5UDthwWLMYPAIvDH1372,0.0,0,3,1,
0,0.2,4.53856348991394,1,938YP3H8bkzV6_3rYyEJr_w300,0.0,0,3,1,
0,0.15384615384615385,6.1790771484375,1,3006iqQtMuDDJjWerBzm_Me73850,0.0,0,3,1,
0,0.14814814814814814,4.4475417137146,1,1631qwKfG1vTrv4q_GaRhDXj1153,0.0,0,3,1,
1,1.0,4.241988182067871,1,1770UjdM67frvAA3cqjwF3333494,1.0,1,3,1,
0,0,4.376630783081055,1,1761O3JjMUze6fafyiPISXbp3520,0.0,0,3,1,
0,0.7200000000000001,4.631234645843506,1,2223FJEauLUlxzo8dn725XKK4040,1.0,1,3,1,
1,1.0,4.19585657119751,1,17770UIuay1RFuPABhV0c8OJ3482,1.0,1,3,1,
0,0,4.235424995422363,1,25261kHHM3xmrKGTFC2m-3jz1717,0.0,0,3,1,
0,0.1739130434782609,4.536565780639648,1,2408ZcniF4-_aNVJzLlDje0y3633,0.0,0,3,1,
0,0.72,4.530515670776367,1,2187B0sWPT98eVpnAmdk_adu4127,0.0,0,3,1,
0,0,4.486610412597656,1,2620OCzi6sRLt3mGvqENj2_f2358,0.0,0,3,1,
0,0,4.832888841629028,1,14184ScD3kP338oXI7mRSkqg634,0.0,0,3,1,
0,0,4.339289903640747,1,545m8hikbi_76zd990QYmmK275,0.0,0,3,1,
0,0.06451612903225806,4.8278748989105225,1,17502DSDScCdCbid-xPukm5G3554,0.0,0,3,1,
0,0,4.489167928695679,1,1380eJea603GtPQMYCinujki736,0.0,0,3,1,
0,0.07142857142857144,4.740899085998535,1,2176_V6iXioszwPbfdPjMwxq4154,0.0,0,3,1,
0,0.6,4.321484565734863,1,2521zNHb6afBjfIeBZ-paiLV1732,1.0,1,3,1,
0,0,4.567501783370972,1,2172mjXN9cse5myRvOdHKPXb4165,0.0,0,3,1,
0,0,4.6032726764678955,1,714aKiFAE7PyMxPGjvvXxuT2843,0.0,0,3,1,
0,0,4.285874366760254,1,2059qn2LY5Rgkc_lCxZvqig_1623,0.0,0,3,1,
0,0.6666666666666666,0.16582322120666504,0,585CaB0jXHyJe3pUKSAX9bo155,,,,,
0,0,6.187657356262207,1,2520AJw6yorsA0GUmWlSBDMa1735,0.0,0,3,1,
1,1.0,4.102541446685791,1,2968uPxSrxVpmS14fG-ZA4Ao3939,1.0,1,3,1,
0,0.631578947368421,4.377747058868408,1,2229yWQdKMBVLO9a2dROyNJM4023,1.0,1,3,1,
0,0.33333333333333337,4.196362018585205,1,2731RLyhdlj0BcmAmC4xntvl881,1.0,1,3,1,
0,0,4.2285544872283936,1,2608ntJl4AFAduDIt0AYknjI2371,0.0,0,3,1,
0,0.2162162162162162,4.797210693359375,1,2067_XJIXN5KQHYCN7DkmQwO1600,0.0,0,3,1,
1,1.0,4.215542554855347,1,1533QCzr5BjBIkY0Ic8bG-GH1937,1.0,1,3,1,
0,0.5,4.475386381149292,1,2110Ltc2qd2K0ntqhOxVLf_A1477,1.0,1,3,1,
0,0.3636363636363636,4.392804384231567,1,2441iHjaCHbBrRtNVI1F4dLI1917,1.0,1,3,1,
0,0.42857142857142855,0.48035573959350586,0,2466lC31cH6baEqjSIz-P2Z51863,,,,,
0,0,4.529467582702637,1,1601x8Z8HcPY9jNpZ_sO3-QS1232,0.0,0,3,1,
0,0.2424242424242424,4.579580783843994,1,2478p3DH7qkwbYJIQjszTbcE1828,1.0,1,3,1,
0,0,0.3968238830566406,0,2389R07UIy-md3maCacU-Hv63671,,,,,
0,0,4.14444375038147,1,682I2vidJcfbbqgpGrTK1XG2921,0.0,0,3,1,
0,0.054054054054054064,4.910529136657715,1,2643UpH1vcnmDtWFzogLQYIY1123,0.0,0,3,1,
1,1.0,4.236622095108032,1,883NFsTbNvaXPN7nA5vibGt2664,1.0,1,3,1,
0,0.3333333333333333,4.370967149734497,1,2030yIcovw6j8LoFsbnLcn8Q2153,0.0,0,3,1,
0,0.22222222222222224,4.2665863037109375,1,898Q-3kYtPG_vXcdvoFxJxW2631,0.0,0,3,1,
0,0.4444444444444445,4.174857139587402,1,1024b_zBEsoqAnEtMtzSj7XD342,1.0,1,3,1,
0,0.42857142857142855,4.475762605667114,1,2950j5cEVzFR9tlrOy98K8cj3982,0.0,0,3,1,
0,0.33333333333333337,4.293513536453247,1,2474aB357FAulw_H4WRn_Ime1842,0.0,0,3,1,
0,0.5,6.148797035217285,1,2221KJ9_NrlgdFscJr8G23sK4043,0.0,0,3,1,
0,0.5454545454545454,4.27013373374939,1,15387Blg_wJjcZbkwAdg3ihT1400,1.0,1,3,1,
0,0,4.540091514587402,1,931vejmr38S6tswRYCaqosz2538,0.0,0,3,1,
0,0.25,4.77264928817749,1,2688HW0oYt08dER6A8d66xBp998,0.0,0,3,1,
0,0,7.467923402786255,0,23386xE0NbvZWVPZakM8re8C3783,1.0,1,3,1,
0,0,4.529821872711182,1,2131ThABbwh5RS-HlVdmLPDZ1418,0.0,0,3,1,
0,0.125,4.30101752281189,1,970ykwG5UACigqQF0ueujZT489,0.0,0,3,1,
0,0,4.328047752380371,1,2011Y6hmmr1d2jBM4AO7b6VL2190,0.0,0,3,1,
0,0.5,4.164684772491455,1,176272iLN20O-jOavSbCNQan3517,1.0,1,3,1,
0,0,4.311079025268555,1,935UD7iycK3BrOizCyeWBg22526,0.0,0,3,1,
0,0,4.6966588497161865,1,1366z_TtwYTXRVHrRgzO6hv7772,0.0,0,3,1,
0,0,4.31773829460144,1,705nABbOAzpYWFGNrPSDwL22868,0.0,0,3,1,
0,0.6666666666666666,4.48248553276062,1,1037LvCdYeAKroXxUJeycQww304,0.0,0,3,1,
0,0,4.2313313484191895,1,2644fKUBosjdYiAeduy2FQVF1121,0.0,0,3,1,
0,0,4.463162899017334,1,2073z-IROD_SxTTIHVa0x2-Q1583,0.0,0,3,1,
0,0.31578947368421056,4.40709114074707,1,2193Xc8QMOrUJWgYE6YwVXyI4116,0.0,0,3,1,
1,1.0,4.155746698379517,1,1455F83kQULcWfbQs3NcBq_w2104,1.0,1,3,1,
1,1.0,4.33626127243042,1,842ErNGDuqVhjG7ZUyiwsjd2772,1.0,1,3,1,
0,0,4.529156923294067,1,1785Yd2T_X6Og_obivSYFDDm3463,0.0,0,3,1,
0,0.13333333333333333,6.164659261703491,1,2176_V6iXioszwPbfdPjMwxq4153,0.0,0,3,1,
0,0,4.759644985198975,1,1994OHXyl5b_H0ye904RAGwf2215,0.0,0,3,1,
1,1.0,4.199619293212891,1,2369_xfvbok_zAL_Rv81FtdX3712,1.0,1,3,1,
1,1.0,4.3374083042144775,1,2052RvSs680PHPtZuennk4-w1643,1.0,1,3,1,
0,0.8888888888888888,4.216196060180664,1,2051Kxj17zphNy4PvJVu6Lkg1647,1.0,1,3,1,
0,0,4.424039125442505,1,3038eqq4CM3lWy40y14f8S143785,0.0,0,3,1,
0,0.3255813953488372,4.6835057735443115,1,1763xIpOj62D71kP707OrPOL3516,0.0,0,3,1,
0,0.6,4.401383876800537,1,584OsnQDPEfdT3D-biv4Yg2158,0.0,0,3,1,
0,0,4.394762754440308,1,21208xkL7JG9a1slm1tkqySv1448,0.0,0,3,1,
0,0,4.4370176792144775,1,2551pxDvmDEe_JDrvTqX24D22488,0.0,0,3,1,
0,0.47619047619047616,4.54235053062439,1,1600ywzg9ULBGI5IAxrJ6foM1236,1.0,1,3,1,
0,0.28571428571428575,0.3823699951171875,0,596Q82NOv6jfyrM6AZU0rOO120,,,,,
0,0,4.2404465675354,1,2548jWUEsutIJk1cbqN2tPM12495,0.0,0,3,1,
,,,,1425958Af5TnMLwD04387,,,,,"Skipped: answer is not string, got float"
0,0.4,4.619125843048096,1,2395gaoIJm8RJNk2Sl5xvuDq3658,0.0,0,3,1,
1,1.0,4.208614349365234,1,20199YPeHSgfEFESo0NsKNKZ2176,1.0,1,3,1,
0,0,4.127530336380005,1,1785-_093vWZJxwqV0Mwx6bG3462,0.0,0,3,1,
0,0.0625,4.742506980895996,1,1169Pw8TMA7C0o4DfohkFyls3245,0.0,0,3,1,
0,0.64,4.563705921173096,1,886LRP2H2vQHems49GkFtqW2659,0.0,0,3,1,
0,0,4.510884523391724,1,1369djsyqLYuxpeSrFzUMmCE765,0.0,0,3,1,
0,0,0.2781393527984619,0,2206I8Vkp53Zdu1cUBnnuvdS4081,,,,,
0,0,4.340630531311035,1,1166mDE1LWP75imlcmsDPZ4x3256,0.0,0,3,1,
0,0.7999999999999999,6.067944288253784,1,2439Q3dwt5i21LkosQln5aU01922,1.0,1,3,1,
0,0,4.590105295181274,1,1549OXzotDTvVSxA1XYg3Qdn1368,0.0,0,3,1,
0,0.5,4.03831934928894,1,1461ZfZbXtvbUZA2_jR_fhkR2090,0.0,0,3,1,
0,0.7999999999999999,4.4308576583862305,1,2999g-R1b7cOXrVxRNQJEeu63865,1.0,1,3,1,
0,0.5333333333333333,4.384555101394653,1,2962KhT-P_YhV9i-0r4AXnNV3953,1.0,1,3,1,
0,0,4.237387657165527,1,2493Wl0nyJ_0srCt24KRwauj1800,0.0,0,3,1,
0,0.22222222222222224,0.28595662117004395,0,2102z4y9nEpbATY8I78HaePk1502,,,,,
0,0,4.486907005310059,1,1556RL1OU4mcoPPe2rTqDdxN1349,0.0,0,3,1,
0,0.25,0.4180269241333008,0,1740bfOMnm2FzOi__s2X3YUd3584,,,,,
0,0.6363636363636364,4.367961406707764,1,2507uSi5SuFnCHRYJSdsCOTN1766,1.0,1,3,1,
1,1.0,4.274073600769043,1,1825MtNCYtNGCoORkHQFRAhq3374,1.0,1,3,1,
1,1.0,4.1236677169799805,1,1517RRHHjHDzsegVV1oTrpCQ1978,1.0,1,3,1,
0,0.20000000000000004,4.404318571090698,1,1830MpIhGxEOYndLD4ltPTIl3360,0.0,0,3,1,
0,0,4.74311089515686,1,1032DagEj13ZJnkBdXH3dlsw319,0.0,0,3,1,
0,0.5217391304347826,4.642138957977295,1,913vnJ7FuCx73C-Vyaofcns2586,1.0,1,3,1,
0,0.04761904761904761,4.762146949768066,1,21895ri-SgzvCYbZU84umbJD4124,0.0,0,3,1,
0,0.6,4.379250764846802,1,20711Hl0tPbCWQ2GM-nT-TSe1587,1.0,1,3,1,
0,0.5714285714285714,4.41645073890686,1,1003mJcD4m-odKlTcjmfnWpG402,1.0,1,3,1,
0,0.7368421052631577,4.460668325424194,1,2228Ft7w8DJ9Q6WqnZI87gg34025,1.0,1,3,1,
0,0,4.484350681304932,1,699mwyBz83siw0vstjV-vDu2880,0.0,0,3,1,
0,0.6153846153846153,4.426476716995239,1,20641EP682eRhx2QWgjzDM9I1609,1.0,1,3,1,
1,1.0,6.437211990356445,1,2018nWjHAk4XaPTFuNjnMEQn2178,1.0,1,3,1,
0,0,4.1450514793396,1,662FSjJPutAhsBA5hh--LCF2971,0.0,0,3,1,
0,0.03846153846153846,1.4608428478240967,0,622nOqPRd2vnPs-z_NW5VoY48,,,,,
0,0.4,4.4677734375,1,2719wUxhpIiVwxBLr4itkaGv912,1.0,1,3,1,
0,0,4.49185585975647,1,703rIf-aXXra-sCqmgKHUxK2873,0.0,0,3,1,
0,0.2857142857142857,4.300089597702026,1,17877jymQtwntyWZpIqtv6ZT3458,0.0,0,3,1,
0,0.72,4.5214152336120605,1,2449Gc-t93zVR6Bjza9-brVc1898,1.0,1,3,1,
0,0,8.351451873779297,0,2721w4sXZ7mV6j4Zl36hHUHd910,0.0,0,3,1,
0,0.6,4.290170431137085,1,602HXVJQ-EmvT3_fAAZT-iH102,0.0,0,3,1,
0,0.3809523809523809,4.993095636367798,1,2986JvbXNLo81zp2QsLN9R-o3896,1.0,1,3,1,
0,0.588235294117647,4.28911566734314,1,2651W9hIkNcmdRVAlG6zUyLS1103,1.0,1,3,1,
0,0,0.3940420150756836,0,949_fWOuLXk2h3DJ9NWsIjn552,,,,,
0,0.8571428571428571,4.417824983596802,1,2232EHYoqgOShRapE72ALRJ44015,0.0,0,3,1,
1,1.0,4.692769289016724,1,1410DLyemZEmSq5UCIdY2yjC657,1.0,1,3,1,
0,0.26666666666666666,4.350269079208374,1,2422G-GiBC-3LUz-jnAzT2Mq3609,0.0,0,3,1,
0,0.33333333333333337,4.86818265914917,1,2958PFJS1dK5nJyCBmSCZBqp3963,1.0,1,3,1,
0,0,4.1275458335876465,1,717GIQkXVVB0r9TgF9XjTKs2833,0.0,0,3,1,
0,0.10526315789473684,4.942045450210571,1,1633DdbmGFX3Fap5yGmYewEs1149,0.0,0,3,1,
0,0.4,4.318613529205322,1,843zyenQsDbdyEDKorOOEer2769,1.0,1,3,1,
0,0,0.2198643684387207,0,542XLmdPu_Re7m8EKEBlNHO283,,,,,
0,0,4.3301379680633545,1,29802gx0lFYy6rgIUS6ZhDD83909,0.0,0,3,1,
0,0.47619047619047616,6.434052228927612,1,2107a4gQhq9F4QB4GLnMXPaW1487,1.0,1,3,1,
0,0.43902439024390244,4.8054914474487305,1,1374yoc9nWJdr9ATgDMv2vDw752,1.0,1,3,1,
0,0.0625,4.738784074783325,1,2396H9jCvuDLczQcUQlEZGud3657,0.0,0,3,1,
0,0.13333333333333333,4.446274042129517,1,26748vEm6_JIFNnvzYBeYPv81040,0.0,0,3,1,
0,0.4,4.473413467407227,1,3017iTDKpmlMaBIVXHiLiYZ73822,1.0,1,3,1,
0,0.17777777777777776,4.856551170349121,1,2710l98nPxuBNtPvCvgG3ZAV938,1.0,1,3,1,
0,0,4.170954942703247,1,940fL86HY7bK7-T5kU7TrIZ581,0.0,0,3,1,
0,0.30769230769230765,0.3607008457183838,0,926_pz3jhhCLKnSf1RRHRGd2547,,,,,
0,0,7.62522554397583,0,1492M31dOPpyF5MFUXJiJfx52030,0.0,0,3,1,
0,0.29629629629629634,5.271385431289673,1,1560RmR7yEVWFqhgUfFWyb3J1336,0.0,0,3,1,
0,0.3478260869565218,4.630772590637207,1,1808OvbxP0FbCDbzWY3jMW_e3416,1.0,1,3,1,
0,0.186046511627907,4.838098049163818,1,2711wNn5GeHqOfTsTyQ56zpG937,0.0,0,3,1,
0,0.6666666666666666,4.425581693649292,1,5753KHX9NUZ-uCbV_zi_V4J183,1.0,1,3,1,
0,0,7.5444276332855225,0,2722B2Q7xCqKAJysuUWecphg908,1.0,1,3,1,
0,0.08695652173913043,4.380171060562134,1,2074kJ6tj7m3dUealDR0iSOG1579,0.0,0,3,1,
0,0,4.459693431854248,1,9012HUd6aulh_Yu4SRtV4Ju2622,0.0,0,3,1,
0,0.6666666666666666,4.401581764221191,1,2730mL2oE6m4D8Od_UQ6wMXf883,0.0,0,3,1,
1,1.0,4.654020309448242,1,1453eTocKdHUvXr67uYm59TP2106,1.0,1,3,1,
1,1.0,4.787253379821777,1,641M4LSzcBNf0p8MuWs4Li43030,1.0,1,3,1,
0,0.7368421052631579,4.732769012451172,1,937wMFiXffRIE3NG_K_PJuV2519,0.0,0,3,1,
0,0.3333333333333333,6.240292549133301,1,556fLKlHwoGAKGwwcRMBDwh240,0.0,0,3,1,
0,0.2222222222222222,4.651387453079224,1,2640x6nNIaOGwyi0gBPzvykU1131,0.0,0,3,1,
0,0.4,4.3856282234191895,1,1812VV7iwFJbaygIgu6vzb9F3406,1.0,1,3,1,
0,0,4.430183172225952,1,2560nGtG9OY7-88aqDalhuYv2470,0.0,0,3,1,
0,0.47058823529411764,4.561456203460693,1,1594lISY-Dfis872k6M3Utdc1251,1.0,1,3,1,
0,0,4.865625381469727,1,2115o-NOQilKM9cMoL7EeDR01462,0.0,0,3,1,
1,1.0,5.021150827407837,1,1502t95YZwb3DBEc50kzbs112018,0.0,0,3,1,
0,0.3333333333333333,5.324911594390869,1,643hOw7cSZHnFDg9xSl_9rX3025,0.0,0,3,1,
0,0.17647058823529413,5.44571852684021,1,2707gSiUHQVzCZqq8wFY2gvz944,0.0,0,3,1,
0,0,5.253547668457031,1,2114PF_Hzr-w95B50r8JycTn1466,0.0,0,3,1,
0,0,4.780035495758057,1,1387YoNwFgU_hCV3WDkM6HFk720,0.0,0,3,1,
0,0.6666666666666666,6.105554819107056,1,25567DWWtABHgq600h7hP6972477,1.0,1,3,1,
0,0.20689655172413796,6.273239374160767,1,2438_EbtTSQc5lsCpGlzo17M1926,0.0,0,3,1,
1,1.0,4.814261198043823,1,625s5iuUhzcOucr1cjzlQTe39,0.0,0,3,1,
0,0.2222222222222222,4.828310012817383,1,2150mk9STtYfvVPdRfNOdnih4223,0.0,0,3,1,
0,0.18181818181818182,4.624558448791504,1,606ydc6r27eppB2SC3CIOZ594,1.0,1,3,1,
0,0,4.529172658920288,1,2703tHS1apl2j5UgPSEuvXw2955,0.0,0,3,1,
0,0.22222222222222224,4.474902391433716,1,30239qJxzKpT4gziPvpN4Rqd3811,0.0,0,3,1,
0,0.5,4.4524760246276855,1,2472J9OcrMuEU-NMunTzS_UI1846,0.0,0,3,1,
1,1.0,6.036969900131226,1,1527UKGoQiYuIWZfUOoYgAYF1954,1.0,1,3,1,
0,0,7.7146852016448975,0,1950b8OIQ8bzZrEdme_QFejW2297,0.0,0,3,1,
0,0,4.816543340682983,1,1439FueGAYIvwKpcGr1leJJu2135,0.0,0,3,1,
0,0.4210526315789474,4.727946519851685,1,3014pcTrhA69GQHkNXpHvhmZ3831,1.0,1,3,1,
0,0.7142857142857143,4.372059345245361,1,2958RqWdfJdoUOuFb0joLgV93964,0.0,0,3,1,
1,1.0,4.36517858505249,1,239409bAojLcBv-vX19Ipsyy3660,1.0,1,3,1,
0,0.4444444444444445,4.361557960510254,1,1627Ewd39gIbO48nfIpKd3jZ1160,1.0,1,3,1,
0,0,4.405705451965332,1,692dt6AYZva7v7XYgvIDEbY2893,0.0,0,3,1,
0,0.12903225806451613,4.5768749713897705,1,608IiEQrTFEeXGLAfAOvOOp88,0.0,0,3,1,
0,0,4.367555141448975,1,1162WEg_WPImiRPmAPvN_wnE3045,0.0,0,3,1,
0,0,4.163439035415649,1,899il7HMq79D4iA4PWEiSgJ2629,0.0,0,3,1,
0,0.3636363636363636,4.373727798461914,1,864AJ9w8gUeeT5ui2mjV-482708,1.0,1,3,1,
0,0,4.429993391036987,1,1177mo9QxepXvRmIEbov-3wB3226,0.0,0,3,1,
0,0.8461538461538461,4.688452243804932,1,2734MmqzZtp-AZWpm2ZfsFhO871,1.0,1,3,1,
0,0.16666666666666663,4.981490135192871,1,2410IRpfau2-Ltn2-LoMkPNf3631,0.0,0,3,1,
0,0.1818181818181818,4.518827438354492,1,1217VUulWWjfmhhB_SRnAH2c3106,0.0,0,3,1,
1,1.0,4.317577123641968,1,1618DNm6lX3wftxfj2fnuyVr1185,1.0,1,3,1,
1,1.0,4.500182867050171,1,2579V8DiOeUpZ5xJHz_B22Nw2436,1.0,1,3,1,
0,0,4.450161933898926,1,1760mDs0p3IiDjSQHOt_UjsF3524,0.0,0,3,1,
0,0.5882352941176471,6.2887256145477295,1,2507s9ZR3iJP0z5Z6_djlvFa1765,1.0,1,3,1,
0,0.7499999999999999,4.421086072921753,1,927fFROY82WGNQwzbZYqAZl2545,1.0,1,3,1,
1,1.0,4.328895568847656,1,27105B4kNatJgs2HMEX3Qbc-940,1.0,1,3,1,
0,0.16666666666666666,4.297514915466309,1,2078dQ_JXY4ymZQeFE0Q6gMo1566,0.0,0,3,1,
0,0.6666666666666666,4.017454624176025,1,2134c3GwJ25P4vGSVnWFZ8d31408,1.0,1,3,1,
1,1.0,4.342016220092773,1,901d0BwILQTPPl4oiAkiW0N2621,1.0,1,3,1,
0,0.2702702702702703,4.82230281829834,1,1032DagEj13ZJnkBdXH3dlsw320,0.0,0,3,1,
0,0.5,0.19076824188232422,0,567dxrWSjH-3GSoMgKPevyt207,,,,,
1,1.0,4.4335174560546875,1,1987kuJ62sHMo5LRL0V1zWv52223,1.0,1,3,1,
0,0,4.532148361206055,1,590XWeIE_Ub3P9D0x7jiKmg139,0.0,0,3,1,
0,0.13793103448275865,4.687968969345093,1,1419bJn9E_UUgrwZGzmllbaR629,0.0,0,3,1,
0,0.15384615384615383,4.459274053573608,1,8478WHZms7MdB1ce7kHygtH2757,0.0,0,3,1,
0,0.33333333333333337,4.313661336898804,1,15075jeWJyHrflW280qJuH1b2008,1.0,1,3,1,
0,0.15384615384615385,4.7088682651519775,1,1361J6GUEFw0eUjZYJ4tiHvB788,0.0,0,3,1,
0,0.25,4.40068793296814,1,1962Nznt7PwFe6mdz6hcXnVa2271,0.0,0,3,1,
0,0.14814814814814817,5.158891201019287,1,2939FAcUTmMYAGquuzkjAN1d3997,1.0,1,3,1,
0,0.14285714285714285,5.211575746536255,1,2147SEz1hmjhUpcGuddz5WUk4230,0.0,0,3,1,
0,0.38095238095238093,4.698446750640869,1,2968uPxSrxVpmS14fG-ZA4Ao3938,1.0,1,3,1,
1,1.0,4.630423545837402,1,1945_7jADD_G_gdbFReCrUtY2310,0.0,0,3,1,
0,0.3076923076923077,4.95997166633606,1,1382vpjR9ETfO4vE8tz6BI31731,0.0,0,3,1,
0,0,6.24101996421814,1,1604z6EFDlKj1Ika8RT3XTEm1228,0.0,0,3,1,
0,0.888888888888889,4.59223484992981,1,1592ZON_5a2-NF9DppBASPuf1255,1.0,1,3,1,
0,0,4.838386297225952,1,2987jq09CSEi-lBZSSYtX9tj3893,0.0,0,3,1,
0,0.358974358974359,5.021500587463379,1,942M7M9hNpAspJcsRQKTuJQ573,0.0,0,3,1,
0,0,7.706449270248413,0,2718CJJlT43vSkiBp7_LGjcB917,0.0,0,3,1,
0,0.2857142857142857,4.8865625858306885,1,25813tM3oQb5_kWZVY_CdOzs2431,1.0,1,3,1,
0,0,4.389434814453125,1,679vpo5VTNOuK7oFLdslg8e2929,0.0,0,3,1,
0,0.2222222222222222,4.559995889663696,1,616OWtj6d8Wd_SHB_8cDpHD67,0.0,0,3,1,
0,0.5714285714285715,4.461686372756958,1,1751kG4ZgRcpVW2reI1_s3123550,1.0,1,3,1,
0,0.08333333333333333,4.77692985534668,1,24434z3j5gm_bj0nuQ8LfJIw1910,0.0,0,3,1,
0,0.2,4.687227249145508,1,25959RxG-G9wyRUK62zPUPq52402,0.0,0,3,1,
0,0,4.645906686782837,1,2120iYmdxQBWrRTb5lLxyQx11447,0.0,0,3,1,
0,0.4827586206896552,4.7629477977752686,1,2673FDf451ZmX7vXALugyB1a1044,1.0,1,3,1,
0,0.6666666666666666,4.352095127105713,1,1196pKofKEiQ1ZBZSetE64_G3169,0.0,0,3,1,
0,0,4.568157196044922,1,2093euyG67o3cVGqrsSPrCbI1525,0.0,0,3,1,
0,0.8235294117647058,4.451564073562622,1,1022odDZeLWqHwQdk0LQ3Ji5348,1.0,1,3,1,
1,1.0,4.337291240692139,1,1804uzeMzyojontOD0RrTKB-3427,1.0,1,3,1,
0,0.46153846153846156,4.56396222114563,1,1182HI-17dsw8VRu8AKL-nGo3209,1.0,1,3,1,
0,0.22222222222222224,4.444432020187378,1,2117usIbqKfvGfEciX6sxfMh1457,0.0,0,3,1,
0,0.12121212121212122,6.4742395877838135,1,2950gZ4P4mJPFr8zvaCPmgqF3983,0.0,0,3,1,
0,0.15789473684210528,5.079053163528442,1,2233Y-YKfqTQmrCwlcADWe1n4010,0.0,0,3,1,
0,0.33333333333333337,5.056125640869141,1,25182PdyMWkPXSFPNo4-wt5J1741,1.0,1,3,1,
0,0,4.716795921325684,1,7102gW4oVzoXhOyiAji75BJ2854,0.0,0,3,1,
0,0.8,4.145601034164429,1,838RE46J5MX4D49kRweDkzw2516,1.0,1,3,1,
0,0,4.888715028762817,1,1636U9fgDPC8e9WhnQASL0AZ1142,0.0,0,3,1,
0,0.09090909090909091,4.8249852657318115,1,2966QzGzVpOocUqZIf0qxqAI3942,0.0,0,3,1,
0,0.04444444444444444,4.647055149078369,1,24469YIw5bTHJgIQYHoHuYLz1905,0.0,0,3,1,
0,0.8571428571428571,4.48335337638855,1,1780LA22drSP8A8UyH6kh_Zg3475,1.0,1,3,1,
1,1.0,4.25294828414917,1,838BwSb1yX6r8PmHfFQ_-Dk2517,1.0,1,3,1,
0,0.18181818181818182,4.577559471130371,1,910WJniQOWQeZ-7hez_wycY2594,0.0,0,3,1,
0,0.6666666666666666,4.712751865386963,1,2132yLDutcv3-EyuSrPEe_qP1414,1.0,1,3,1,
1,1.0,4.402307748794556,1,1834IF4cgFJT0qrx6LbC8_z03347,1.0,1,3,1,
0,0.7741935483870968,4.444583892822266,1,10225FLoQxnwSkdi_B5KomYG349,1.0,1,3,1,
0,0,4.180314540863037,1,1515gM9MF9FMUE__r5E1YQRi1983,0.0,0,3,1,
0,0,4.884341716766357,1,2130hnFIfjAqoSjF4izSr4Sg1420,0.0,0,3,1,
0,0,4.421870470046997,1,2495cQqgzzooS13bDr8Ph6Gf1796,0.0,0,3,1,
0,0,4.673793315887451,1,722Zb3Sw31D8-m69waDslkm2822,0.0,0,3,1,
0,0,4.281864404678345,1,731-qietcbXc2nDy-pU2z8A2796,0.0,0,3,1,
0,0.3076923076923077,6.506411075592041,1,2357bg7FTfVebD7QxLK_W3qG3738,1.0,1,3,1,
0,0,4.834353685379028,1,2358jqFEmp4cxrm3AWKZILMj3737,0.0,0,3,1,
0,0.3225806451612903,4.632812023162842,1,2704SYrBfH1tUHa-vFcWOrAs952,0.0,0,3,1,
0,0,4.3809099197387695,1,635Jf_-DqbwtcPrT7rU-Jws10,0.0,0,3,1,
0,0,4.142773389816284,1,2736DC0e2KjXgGVcPZ2WLIxz866,0.0,0,3,1,
1,1.0,4.363654375076294,1,1540m7KtQ8W37yFZzUzVcX5F1393,1.0,1,3,1,
0,0.4,4.511323690414429,1,1025ZadbOp7BrFP2karwsuNA339,0.0,0,3,1,
0,0.5714285714285715,4.60352897644043,1,610cgbbYUhEHZ0pSu_hj0IX83,1.0,1,3,1,
0,0,0.6208946704864502,0,2133l3pjWfCkZZOCX5jvmzSB1412,,,,,
0,0,4.319084882736206,1,708039C_1LOgHzr9Hb6yAEm2860,0.0,0,3,1,
0,0.2857142857142857,4.460595369338989,1,898Q-3kYtPG_vXcdvoFxJxW2632,0.0,0,3,1,
0,0,5.036142349243164,1,2076slcCeUs4SSiwZVjyC4u81573,0.0,0,3,1,
0,0.3636363636363636,4.393507719039917,1,2992gMiCk1Qhs-vDl8gSC9lR3880,1.0,1,3,1,
0,0.5,4.380537986755371,1,571i8l4_77Uat7tpf7uzj1X195,1.0,1,3,1,
0,0.6666666666666666,4.4187188148498535,1,1575ppfrAxMc-4L7Tua7RW2i1304,0.0,0,3,1,
0,0.6666666666666666,4.282204627990723,1,540gS6PWvy11E_WySWDzeHa288,0.0,0,3,1,
0,0.9090909090909091,4.747409343719482,1,877wqSp0Rkg0hf-ytTtfQ252682,1.0,1,3,1,
1,1.0,4.391773462295532,1,11609Jmtcj6mL4_qZoKMrsvu3270,1.0,1,3,1,
0,0.5,4.425870895385742,1,1502t95YZwb3DBEc50kzbs112019,0.0,0,3,1,
0,0,5.873558521270752,1,25923M2ou7gOwnwBwtqHq_Ei2411,0.0,0,3,1,
0,0.36363636363636365,4.168248891830444,1,210122hc2gtQAt4eeAx88Upu1503,0.0,0,3,1,
0,0.7499999999999999,4.252029895782471,1,875rKE1xYgnsy1BcrIiDIQI2686,1.0,1,3,1,
1,1.0,4.078147888183594,1,15234HN9qI_Z1BT9PU4i4eXx1965,1.0,1,3,1,
0,0,7.714572906494141,0,896q9fkwlNTB-uLIhW50gpL2638,1.0,1,3,1,
0,0.22222222222222224,4.392577171325684,1,628oWPCunaZPZ7dsBtbV11P30,1.0,1,3,1,
0,0,4.625459909439087,1,1998tYHxV4GeHjIVsXiSo8Hr2211,0.0,0,3,1,
0,0.5555555555555556,4.828694105148315,1,2692_fbTsXXpwP0opcAgOaVe986,1.0,1,3,1,
1,1.0,4.293282747268677,1,1426bEr-N4c6lQoKgO9HYKbw611,1.0,1,3,1,
0,0.2608695652173913,4.73881459236145,1,642t90xpp6PDsZFZ-bpxEez3028,0.0,0,3,1,
0,0.24,4.512283802032471,1,2395o2IF67yRoSD5xGlszZGz3659,0.0,0,3,1,
0,0.09523809523809525,4.771844148635864,1,2375wXJbyJnkzdso878KLwWJ3699,0.0,0,3,1,
0,0,5.036257266998291,1,2037xYCP17QpdbpzHpni7UrG2140,0.0,0,3,1,
0,0.5714285714285715,4.636767387390137,1,1362BPgQJxJaOhV-CP2tGeBk786,1.0,1,3,1,
0,0.75,4.398446559906006,1,2045T8nQX2uFT71OR7C-6Sjj1661,1.0,1,3,1,
0,0.33333333333333337,4.792151212692261,1,538gLSK6-g0JoLk6sK3uauP2,0.0,0,3,1,
0,0.6666666666666666,4.534444332122803,1,2427_8TqCgsX9NP5483T0_Hi3601,0.0,0,3,1,
0,0.3448275862068966,4.839675426483154,1,1630NLRyBDonlo1Mtz-Tmltq1157,1.0,1,3,1,
1,1.0,4.227928161621094,1,619ettAV35JO9WyPjBmVuTZ57,0.0,0,3,1,
1,1.0,6.110790729522705,1,601rUHFULW3zIx3841qHZyq107,1.0,1,3,1,
0,0.16666666666666666,4.869547605514526,1,1350m8tnshnQY1-SX1xaVUVD822,0.0,0,3,1,
0,0.0975609756097561,4.762175559997559,1,1419tOWt7I089hJ4HUoPR6EI630,0.0,0,3,1,
0,0.2,4.304776906967163,1,2096OjLZieUfMFEgNMVotx4Z1517,0.0,0,3,1,
1,1.0,4.327274322509766,1,2483xn8QuuA6OqhzaYPTxh7I1820,1.0,1,3,1,
0,0,4.3077638149261475,1,9414p2IRYym1X7K4lS0j_Q5578,0.0,0,3,1,
0,0,4.330919504165649,1,981M9FKIWHSyh9UYiLsHR3E456,0.0,0,3,1,
0,0.6666666666666666,4.441988468170166,1,2578Ix0kGXjoeJXUfAshA75j2438,1.0,1,3,1,
0,0,4.448975324630737,1,1967cSyL4AQ5Xz3yJ6hC4cWu2259,0.0,0,3,1,
0,0.15384615384615385,4.690922260284424,1,895GTgHWgOsJfWGzfuk0cBw2641,0.0,0,3,1,
0,0.2,4.317406415939331,1,21282Cr-35xm2wBqUSJkqXMj1426,0.0,0,3,1,
0,0.07142857142857144,4.668372631072998,1,1781v4O_2XdfE6Nu9HHNiBxe3470,0.0,0,3,1,
0,0.6666666666666666,4.339775085449219,1,2455Z_NA0qrNdsEcFeJPnpVS1886,1.0,1,3,1,
0,0.25396825396825395,1.107079029083252,0,1975vLuOp8gEBc7-d27D_PJt2244,,,,,
1,1.0,4.651045560836792,1,1020shbJqszE6Dwd0s9ufDFH354,0.0,0,3,1,
0,0.23529411764705882,4.753409385681152,1,15611Xd1lIWLRyaQ6bXEMZ0W1333,0.0,0,3,1,
0,0,4.315631628036499,1,2124hG4KLqALJOOHr-3PHVOG1436,0.0,0,3,1,
1,1.0,4.59365701675415,1,1826l7UVGsNPZHXbgRIPoIUx3372,1.0,1,3,1,
0,0,4.272082090377808,1,695h31kCvASR0Z5l5aivqQt2887,0.0,0,3,1,
0,0.11111111111111112,4.386814117431641,1,2442Qnq15H_ylz9SkgCBZcsE1914,0.0,0,3,1,
0,0.7999999999999999,6.2279205322265625,1,667rAHXuSUPsljQVxvIq2TT2957,0.0,0,3,1,
0,0.13333333333333333,4.557210683822632,1,25604fSMJJe0iDDONhUpmjzE2469,0.0,0,3,1,
0,0.12903225806451615,4.64540433883667,1,2565Fka6oc0BTYJ567R8eShz2459,0.0,0,3,1,
0,0,4.43878698348999,1,2670Y-kuxlKLxN5SPIlGPfw91052,0.0,0,3,1,
0,0,4.439216375350952,1,2102F8JjzM2uHi5C1tuhbTZe1501,0.0,0,3,1,
0,0,4.284137725830078,1,90097rrJhPCLDwMjGcQ2QA22626,0.0,0,3,1,
1,1.0,4.276941776275635,1,2722im-NxxsEP4XILd22CljL906,1.0,1,3,1,
1,1.0,4.906705617904663,1,2945mpQYcMGssA5i-bw5sX4T3986,1.0,1,3,1,
0,0,4.3135504722595215,1,25220uEQpWctQitEMppCz0oB1729,0.0,0,3,1,
0,0.3157894736842105,4.488622426986694,1,2450fAZnmnJBsF5ajCmgyFSm1894,1.0,1,3,1,
1,1.0,4.203681468963623,1,2521zNHb6afBjfIeBZ-paiLV1731,1.0,1,3,1,
1,1.0,4.224660396575928,1,1029D_VXSqeEcmujQynOF_FN329,1.0,1,3,1,
0,0,4.540812969207764,1,21895ri-SgzvCYbZU84umbJD4125,0.0,0,3,1,
0,0.47058823529411764,4.511197328567505,1,2653htyng3Z_tsonlTCkn_QC1100,0.0,0,3,1,
0,0.25,4.400987148284912,1,1521m0vIxCtc6C0q4fZ4bmW21970,1.0,1,3,1,
1,1.0,4.585169076919556,1,1616tJD99SBv5x6A67wD89lO1190,1.0,1,3,1,
0,0.21739130434782608,4.69230055809021,1,957C6c8UBXNxelvZ_YavK28530,0.0,0,3,1,
0,0,4.734429597854614,1,541b8Dh-FxM3PgziNCUUuUq285,0.0,0,3,1,
1,1.0,4.13867449760437,1,2393t0babHd-BI0al0kqRL4Z3662,1.0,1,3,1,
0,0.10526315789473685,6.136423110961914,1,951QRsnzHPzlTm1kJw2YlVa548,0.0,0,3,1,
0,0,4.111537456512451,1,1400uU3CM_7LdMUuWkvkQxxM687,0.0,0,3,1,
0,0,4.478316783905029,1,2593NhMXH8FIz_rRIuHg7cJ32407,0.0,0,3,1,
0,0,4.290461540222168,1,2124d8CiYUpjOQQmj4tL4X0v1437,0.0,0,3,1,
0,0.6,4.229107141494751,1,15886mL2IQG8B6jETUgnOHZc1268,0.0,0,3,1,
0,0,21.81606936454773,1,2969xxQHUKBzQcM9DNUcN--Q3934,1.0,1,6,1,
0,0.7692307692307693,4.365309476852417,1,646OD5224k55Wh4kR-RsWPl3016,0.0,0,3,1,
1,1.0,4.6617045402526855,1,1835xWOwAfgrbHJnPbJjkinW3346,1.0,1,3,1,
0,0.8571428571428571,4.474245309829712,1,909gtca-lnTfb7i_Tj-phi82597,1.0,1,3,1,
0,0.19999999999999998,4.8750715255737305,1,998p1ztLXm5gKJajkvwEEjf414,0.0,0,3,1,
1,1.0,4.236431121826172,1,10361heR9e1kTvvo1NiiW5Ae307,1.0,1,3,1,
0,0,4.604938507080078,1,2154hgnNDJMyC_N1LGBLoIru4213,0.0,0,3,1,
1,1.0,4.248212814331055,1,1190LpUYusZ3T7nqZ3kXM3uR3185,1.0,1,3,1,
0,0.37037037037037035,4.697107315063477,1,1387oQz4cxlHhwF5gpvX_8s_718,1.0,1,3,1,
0,0,4.5223143100738525,1,2123JgqxRVRAg0ZSNs3_HwHe1439,0.0,0,3,1,
0,0.6956521739130436,4.819977760314941,1,600dYBRrC6h4LjypO5PySt6109,1.0,1,3,1,
0,0,4.373018980026245,1,916dKMXGoacskOpfFfF3fl32576,0.0,0,3,1,
0,0.6666666666666666,0.309314489364624,0,2523rTR1vV07WZ0GNJ4Wu_DS1724,,,,,
0,0,4.535130262374878,1,1027ZkSa0ea9HAzRy_8T4y3g334,0.0,0,3,1,
0,0,5.964801549911499,1,96007jxuZq6dQmJdVZtpl44519,0.0,0,3,1,
0,0,4.0507307052612305,1,2356NFxPDl9UkBBLyPHbKrvJ3742,0.0,0,3,1,
0,0.25,0.4829418659210205,0,547tG9ZeRqXvJLYthNWsLap269,,,,,
0,0.6666666666666666,4.01454758644104,1,2701_eTSfG0kbk-njomBcNgv960,0.0,0,3,1,
0,0.2727272727272727,4.4994518756866455,1,934hLc2W0dI5ExU1xikzEH42530,0.0,0,3,1,
0,0,4.096590042114258,1,2575f4mugcu2JQoWTywMsU6P2446,0.0,0,3,1,
0,0,4.390514850616455,1,604mQQLLhcNi8N9nxflPiAk100,0.0,0,3,1,
0,0.2608695652173913,4.377440452575684,1,23807v22XvrUQTol7Th3lJWE3686,0.0,0,3,1,
0,0.33333333333333326,4.433617830276489,1,2458nO0QxOBFA2uGin02ZUeR1877,1.0,1,3,1,
0,0.4444444444444444,4.3632142543792725,1,725fIuqkG2FAMAMrRV2o_q72815,0.0,0,3,1,
0,0,4.24333930015564,1,6907GyyauVbz0gBDeg6Ql0l2899,0.0,0,3,1,
0,0.5,4.369794130325317,1,25163F-nTR5MBd30RtLg31GT1746,0.0,0,3,1,
1,1.0,4.183711290359497,1,2959dC6Am4UskyZMHV9xE3WU3961,1.0,1,3,1,
0,0.46153846153846156,5.018172025680542,1,2093f84OlebSpPLq7CIoCbc51523,1.0,1,3,1,
1,1.0,4.269551515579224,1,1958hcGziYoVonuuIdReU0Lj2279,0.0,0,3,1,
0,0.8,4.197214365005493,1,2604w8Y2Cl6uiR5M0-ejmWMM2384,0.0,0,3,1,
0,0.1818181818181818,4.372284173965454,1,614qvZZNRxxpBg3ucW1nsPI73,0.0,0,3,1,
0,0.5714285714285715,4.700625658035278,1,2402MAhKxnMmLtfOdk-08LTn3642,1.0,1,3,1,
0,0.10526315789473684,4.6138176918029785,1,2694ltreEVbPipuuO8jQ7qct982,0.0,0,3,1,
0,0.2857142857142857,4.4943530559539795,1,2961bLOhNS6f8RK3mV6jOtYf3955,1.0,1,3,1,
0,0.2857142857142857,6.0834996700286865,1,1389Ypbz0yiTxHj8sdg8Dd-O714,0.0,0,3,1,
0,0,4.4482035636901855,1,2168J5OIY9_0JcjpUFtF-s8j4178,0.0,0,3,1,
0,0.631578947368421,4.359436750411987,1,1415PPveKUVTi5av3Jj0lvQX641,1.0,1,3,1,
1,1.0,4.227330923080444,1,1235ppKKbTr1utemwebxmtLB3054,1.0,1,3,1,
0,0,4.141486167907715,1,1144QjbX5t9wSPKKpoQzUqIM3317,0.0,0,3,1,
0,0.3846153846153846,5.012730598449707,1,663-xYs0_yfqwh5e1vCCBW72968,1.0,1,3,1,
0,0.13333333333333333,4.4444756507873535,1,3019slRZYA_GgPxTKTEzhFb_3818,0.0,0,3,1,
0,0,4.375620126724243,1,1634rEU-bIULINidGaTwrGNb1146,0.0,0,3,1,
0,0.6666666666666666,0.2534027099609375,0,2100nzSjCMDd--9Fj7a4NWfz1507,,,,,
0,0.2222222222222222,4.379397630691528,1,631qBhc6tNC5x4jMUP590HD21,0.0,0,3,1,
0,0,4.576688766479492,1,1542SShgTHmccjRMIaq5sxCR1387,0.0,0,3,1,
0,0.03636363636363636,1.289215087890625,0,622nAKi4as7dtc8Z9eTpkdT49,,,,,
0,0,4.346333980560303,1,973wD6IGiEh8Dy46Roludyx481,0.0,0,3,1,
0,0,0.4289815425872803,0,623AhTszwVETU0JVBzClsCl45,,,,,
0,0.6666666666666666,4.276478052139282,1,2122TwBF08fbVn83IOLPGXJ51444,0.0,0,3,1,
1,1.0,4.355822801589966,1,2569SVBHC-JT-ZpiERWOXHiR2453,1.0,1,3,1,
0,0.1290322580645161,4.697002410888672,1,2198b7QHTaEci9ZiP8Jgg9Gb4101,0.0,0,3,1,
0,0.07407407407407407,4.63886022567749,1,1402m18_1bIWy0g2aRhM2xVK679,0.0,0,3,1,
1,1.0,4.365032196044922,1,729ocp-SA5gFg2mOHOi_9bT2803,1.0,1,3,1,
0,0.36363636363636365,4.6319944858551025,1,1424eyzMoP7NlT7lLHg-CSKt615,0.0,0,3,1,
0,0,7.600130558013916,0,2680JFom2C2m5B61Zmr5e-xw1022,0.0,0,3,1,
0,0.27586206896551724,4.641960859298706,1,930cjgSy21jAxSRsOSjGC6K2540,1.0,1,3,1,
0,0.14285714285714282,6.223421573638916,1,1604rg80oUsGty1ShrvBvuRN1226,0.0,0,3,1,
0,0.14285714285714288,4.196249961853027,1,1009Uk9DWEoZIQcw717YJKbT385,0.0,0,3,1,
0,0,4.245162487030029,1,2060JRIdb6Jd39yNN2K3FzKd1619,0.0,0,3,1,
0,0.8333333333333333,4.519173860549927,1,1164S0n8sFxAjOhrJykde65c3260,1.0,1,3,1,
0,0,4.23161506652832,1,1207HLvv2F6G--J1iG2Sr0GT3135,0.0,0,3,1,
0,0,4.576364040374756,1,621rUA-y24a2TlBAhZxV8H853,0.0,0,3,1,
0,0.09999999999999999,4.30075216293335,1,974EqHGKum7PKcQ6aiSmCQ1477,0.0,0,3,1,
0,0.8,4.275365114212036,1,2969gQlMvd6FhSZMcTlnE-C13935,0.0,0,3,1,
0,0.4,4.5115838050842285,1,905EurUqDl4s2krYgolDdmX2609,0.0,0,3,1,
0,0.23529411764705882,4.6341469287872314,1,2226GKXgfMEXDLjamZ5nzPFh4031,0.0,0,3,1,
0,0,0.2991654872894287,0,11609irFw-wvr48-kAG66MW13269,,,,,
0,0.2857142857142857,4.67286491394043,1,2107cMmJ6oXMn_tX8EiA1_Qh1486,1.0,1,3,1,
1,1.0,4.221867561340332,1,2685B8bjO_bSgF7yP_RE9FZq1006,1.0,1,3,1,
0,0,4.292627573013306,1,2972anHdG1TwBtQaRXhi-WEK3929,0.0,0,3,1,
0,0.4444444444444445,4.594752788543701,1,1426bEr-N4c6lQoKgO9HYKbw610,1.0,1,3,1,
0,0,4.4505157470703125,1,2471B8agFup8-O0sKzC9wV521850,0.0,0,3,1,
0,0.125,4.43306303024292,1,2132y4UclYrIoM9EfY6q0cLU1413,0.0,0,3,1,
0,0,4.459238052368164,1,24900ppOWI96tjRkMOIpDwu01807,0.0,0,3,1,
0,0.5,4.434451341629028,1,2721Lisb2VI4t962p0mF1ytc909,0.0,0,3,1,
0,0,6.029479503631592,1,1526rfIPgkgJxKRdDsBSn4dn1957,0.0,0,3,1,
0,0.14814814814814814,4.4798548221588135,1,1365-1b52ot7eMMf3SsA9c4Y776,0.0,0,3,1,
0,0,7.519805431365967,0,1236uLGJLEnlgvBpRt41BaBc3052,1.0,1,3,1,
0,0.26666666666666666,4.379450559616089,1,720KTE_TQ-QFGgw12_NY6_52826,0.0,0,3,1,
1,1.0,4.287431001663208,1,706AosvIWS6eJlQTL0dwYt92864,1.0,1,3,1,
0,0,4.222381114959717,1,1422TMMS8B78H0eLNKZ9OcN2620,0.0,0,3,1,
1,1.0,4.444101810455322,1,1422Mg4SCjSUB1ipbjJhHLQV621,1.0,1,3,1,
0,0.04347826086956521,5.274933338165283,1,17779GFc1mSj52FnFT87uHXQ3483,0.0,0,3,1,
0,0,4.3438286781311035,1,11746LEaHokgyCbOjGtlxB_P3041,0.0,0,3,1,
0,0.5,4.622636318206787,1,1818O8BoyzdI3tIZTlZQX7MJ3390,1.0,1,3,1,
0,0,4.330177545547485,1,1558USBzQpgdUWBcaUu8vmKq1344,0.0,0,3,1,
0,0.8275862068965517,4.717794179916382,1,1000oBQNQPnj4fxpXtFV1g0J409,1.0,1,3,1,
0,0.5,4.354746103286743,1,99301Zg9cGHX9Gf1_cI5mfK421,1.0,1,3,1,
0,0,4.204943895339966,1,538gLSK6-g0JoLk6sK3uauP1,0.0,0,3,1,
0,0,7.740828990936279,0,2444VM3M-Xnaa4T5rEXxP45X1908,0.0,0,3,1,
0,0.6666666666666666,4.357882738113403,1,859Wx92OGcZsIZiYdTGB0c42720,1.0,1,3,1,
0,0.16666666666666666,4.690366744995117,1,560MF12O77E_fY17pny7AZ4228,0.0,0,3,1,
0,0.3636363636363636,4.919977426528931,1,26213tScNqi5jq-dNNpY17aB2357,1.0,1,3,1,
0,0,7.621809959411621,0,2737RMEUrJ3xYCVvFcnOOJEr864,0.0,0,3,1,
0,0.30769230769230765,6.251351594924927,1,2103yuSnngKYn9n8F_U1xOr51499,0.0,0,3,1,
0,0.39999999999999997,4.437668323516846,1,2231MtCQ0XFs-HZtPZNxWWWA4016,1.0,1,3,1,
0,0.12903225806451613,4.827125549316406,1,999ChWxJrv-Gaq3aLTh_nDS411,0.0,0,3,1,
0,0,4.284641265869141,1,1984InJu5XFguodK1Khic6FC2233,0.0,0,3,1,
0,0,4.376575231552124,1,21208xkL7JG9a1slm1tkqySv1449,0.0,0,3,1,
0,0,4.316738605499268,1,13478wbUw8r6jR2KkJ83tRNT831,1.0,1,3,1,
0,0.5714285714285715,4.489609241485596,1,2377URm8qpovSm3ZcmknWYzr3693,1.0,1,3,1,
0,0.5,4.518875598907471,1,6939iIjtQY3HqIf5Qu5LXfF2892,0.0,0,3,1,
0,0,4.712273120880127,1,1399HAUAi3igcRp4kaiXBS34690,0.0,0,3,1,
0,0.25,4.3974525928497314,1,1026WzEnlc2VTVNnEnERoTej338,0.0,0,3,1,
0,0,4.332014560699463,1,255102VMp0rT3lE5qKZReHI62486,0.0,0,3,1,
0,0,4.485320329666138,1,17388L0pXFkN6Wb2CQAgtWsF3590,0.0,0,3,1,
1,1.0,4.237349271774292,1,2631M_1rjE6k2YLouvowQoHJ2333,1.0,1,3,1,
0,0,4.605947256088257,1,2658kpZ5jhLWnxu93y4HPmEB1085,0.0,0,3,1,
0,0,4.299213409423828,1,959BpQsgOmBWm76KB_O0Xj6522,0.0,0,3,1,
0,0.15686274509803924,5.115891456604004,1,2671UDFIl4lCabvUQRbVginc1048,1.0,1,3,1,
0,0.16666666666666669,4.482457637786865,1,1620Y8fkMMEFeacdhhiKGcCu1180,0.0,0,3,1,
1,1.0,4.297057151794434,1,2066O6hlUGaIYvZETBnkVTKJ1601,1.0,1,3,1,
0,0.09523809523809523,4.645390510559082,1,595rx4ZMYA14adC3NekLAhW124,0.0,0,3,1,
0,0.09523809523809525,6.3401288986206055,1,1433yR4Rdyzq9ZDjN6qZOB3K593,0.0,0,3,1,
1,1.0,4.167776584625244,1,1828sgAztXiBXjB8fDJEJjCn3365,1.0,1,3,1,
0,0,4.4474287033081055,1,2189nmSYagbAhBJHMcqwdIko4123,0.0,0,3,1,
0,0.4,4.327625274658203,1,1550GzjCBajsuSw_Bnhtl8WB1367,1.0,1,3,1,
0,0,4.248290061950684,1,1138ZNoiRj9WSt8xu5xKiclJ3335,0.0,0,3,1,
1,1.0,4.4542396068573,1,6595tSoej6eNamN_ekXU3W-2979,1.0,1,3,1,
0,0.6666666666666666,4.27076268196106,1,2012U7knoAxwFk_Ns1NGidQE2188,1.0,1,3,1,
0,0.6666666666666666,4.40457558631897,1,2608ntJl4AFAduDIt0AYknjI2372,1.0,1,3,1,
0,0.6,4.450975179672241,1,2587WZtb-G91TcjATusTTjeN2422,1.0,1,3,1,
1,1.0,4.356469392776489,1,1757EM0iCe2_7c-3VFdC07DP3532,1.0,1,3,1,
0,0,4.403746604919434,1,943d0SQ0AVbboY5BqJgbsaF570,0.0,0,3,1,
0,0,4.977097034454346,1,2088g4bX7vmX1hWfKvtOIJDZ1539,0.0,0,3,1,
0,0,4.806712865829468,1,861-dKB_3BSzYCaSTRw8Av_2716,0.0,0,3,1,
0,0.3157894736842105,4.331043243408203,1,13633aQsS5iKERyNB367GWVH781,0.0,0,3,1,
0,0.5,4.480140209197998,1,2517lXXoQUIKbal6xfNNtVAn1743,1.0,1,3,1,
0,0.35714285714285715,4.783069610595703,1,24900ppOWI96tjRkMOIpDwu01808,1.0,1,3,1,
0,0.25,4.291342258453369,1,2407RuK1Iv95cime4WWdGNoB3634,0.0,0,3,1,
0,0,4.789648771286011,1,13441C2N2xP14JB_ucyRSeEL839,0.0,0,3,1,
0,0.28571428571428575,4.481237411499023,1,2477JtT30EyGVCGC3ayc5fzB1832,1.0,1,3,1,
0,0.07999999999999999,6.662563800811768,1,27369KmtE4DmLS1oS6IXm0CV865,0.0,0,3,1,
0,0.2,4.4644834995269775,1,2341RZKrT1tVXnFFp5DSNowl3778,0.0,0,3,1,
0,0.6666666666666666,4.42894721031189,1,982n1tOmLbrP0Rw2f7q4phE454,0.0,0,3,1,
0,0.3529411764705882,4.803374767303467,1,1591ek7O19h74ATqsHjdtFUz1259,1.0,1,3,1,
1,1.0,4.120606184005737,1,599uREx6nun3gOEAd8YzR5s113,1.0,1,3,1,
0,0.6666666666666666,4.57199239730835,1,2699X1S6-twcNf9a_nUx5WE-965,1.0,1,3,1,
0,0,4.503275632858276,1,1976MfIZ7mAEpNhCSa8Y04ek2241,0.0,0,3,1,
0,0,4.553359031677246,1,2093euyG67o3cVGqrsSPrCbI1524,0.0,0,3,1,
0,0,4.931480884552002,1,2699Ur-0JL1NVhl8H0B2lH-a966,0.0,0,3,1,
0,0,4.713762521743774,1,628A_ztdoD85Pm7Hd6Uv2TF32,0.0,0,3,1,
0,0.5,4.416719913482666,1,892B8GiS_zkJfKANp04UQhD2650,1.0,1,3,1,
1,1.0,4.179815292358398,1,1576P214oupErvTP6090GMli1302,1.0,1,3,1,
0,0,4.793715715408325,1,1589Jf5bV_UCDf13dAps7IiI1264,0.0,0,3,1,
0,0,4.854626655578613,1,19396Yot6utxeGieo9MuRrBB2323,0.0,0,3,1,
0,0,0.5214495658874512,0,1509gKJxAthX1pquVrt7KPXD2003,,,,,
0,0,4.629531621932983,1,16127RJnwPcCuQ2L6JWAn7Rd1203,0.0,0,3,1,
0,0.7692307692307693,4.3591837882995605,1,20893J7zds0fTmdwGScrXxYe1537,1.0,1,3,1,
0,0.6956521739130435,4.531132698059082,1,1226lhx09f1Jk4OiDQlGU8Bp3077,1.0,1,3,1,
0,0.09523809523809523,4.562897205352783,1,1380vA5P1fp-1XlZm7dLip3Q737,0.0,0,3,1,
0,0,4.489208459854126,1,1600ywzg9ULBGI5IAxrJ6foM1237,0.0,0,3,1,
0,0,6.233266592025757,1,25486Lhd5Z1MU0Q4sN3I3mAT2493,0.0,0,3,1,
0,0.5,4.208755016326904,1,1961WznZwsht9W-Z6W6_FmvR2272,0.0,0,3,1,
0,0.4444444444444445,4.179595232009888,1,1459UR8_3lYqpJzzqkoNN5si2093,1.0,1,3,1,
0,0.9090909090909091,4.393285274505615,1,846dI6s8NANbI0cXEx7WJXa2760,1.0,1,3,1,
0,0.8571428571428572,4.514572620391846,1,25839ctSBP_9ircmR2x3MPam2428,1.0,1,3,1,
0,0,7.6348607540130615,0,1500Z1H9hCVclLHKdcfBz5gq2021,0.0,0,3,1,
0,0.23529411764705882,4.285388946533203,1,878Tp76n2ZpjK1LVAz5F3Mg2679,0.0,0,3,1,
0,0.9090909090909091,4.5019145011901855,1,61542RmhOWwUxAJySFjDV7169,1.0,1,3,1,
0,0,4.635035514831543,1,25316jqKhJvYVlP1H8PWC21S1701,0.0,0,3,1,
0,0,5.009876012802124,1,160035MUpGMSLbaV6XDg1y7j1235,0.0,0,3,1,
0,0.06060606060606061,4.907495975494385,1,1198tKDggSEgfewI5IGaBL7o3163,0.0,0,3,1,
0,0.5714285714285715,4.285006046295166,1,1767ntexZ4EBPQrmdM1oWDDE3503,1.0,1,3,1,
0,0.13333333333333333,4.697136878967285,1,2957RON0RMexHAq6R8NDth-G3968,0.0,0,3,1,
0,0.8333333333333333,4.5799407958984375,1,574T3IVyhdGf2qyfbl0GBBS188,1.0,1,3,1,
0,0,4.878359079360962,1,1210NBV6o_IHthJvbrF9UTR43125,0.0,0,3,1,
0,0,4.350059509277344,1,541Cbn85P-zf8lq0QHtgjf9286,0.0,0,3,1,
0,0.0923076923076923,5.22368049621582,1,1413DwMlffwkzBlmmDWhZmvt647,0.0,0,3,1,
1,1.0,4.345103740692139,1,1451JJuYQ7gSCXBvwOXzxUO72112,1.0,1,3,1,
0,0.9090909090909091,4.355058193206787,1,995Mjg3IZGW2wc7ddFCk8vg418,1.0,1,3,1,
0,0.10526315789473684,6.446706295013428,1,1606ixCVPmgAtLujhTmR7TkV1221,0.0,0,3,1,
0,0,4.391445159912109,1,2561RPearP2qJJF5nNBvVQ1L2468,0.0,0,3,1,
1,1.0,4.358888626098633,1,1768Z2ygW_eEOpHjb3kiiamC3500,1.0,1,3,1,
0,0.5454545454545454,4.434282064437866,1,2177s_UTFrhmrwcK9Ti7MMiR4149,1.0,1,3,1,
0,0.2666666666666667,4.422725677490234,1,2049EiSr8AWG9INgthccDLTD1651,1.0,1,3,1,
0,0,4.308106422424316,1,1811paAxUvt29OX8E8chhsNQ3408,0.0,0,3,1,
0,0,4.444867372512817,1,848WrFnYlhM_1QL8XRIK-nh2753,0.0,0,3,1,
0,0,4.303874254226685,1,30233J2ge9fEFX4YilpwWlsN3810,0.0,0,3,1,
0,0.23076923076923078,4.459865093231201,1,1402lC19R9T2_nXZynvxL_uJ680,0.0,0,3,1,
0,0.36363636363636365,4.392208576202393,1,2724NPCyZgqx0x1F1XrTUaPC900,0.0,0,3,1,
0,0.16666666666666666,4.351030111312866,1,1395li3pr9py0l2amb_zMeDF702,0.0,0,3,1,
1,1.0,4.2964794635772705,1,2071kHxLVZsdxtm6xVPXQcML1589,1.0,1,3,1,
0,0.16,0.506411075592041,0,1430c-EOOP47sw8eHQFzvYMg599,,,,,
0,0.6666666666666666,4.337350368499756,1,555vNOKr31rXFMkfzB62TYz244,1.0,1,3,1,
0,0,4.424941062927246,1,1433yR4Rdyzq9ZDjN6qZOB3K592,0.0,0,3,1,
0,0.23529411764705882,4.611614465713501,1,2646TB5mc-c2hplG5koqTh501117,0.0,0,3,1,
0,0,4.45671272277832,1,5601RlVQQ13ZMVNw8QCNW6F230,0.0,0,3,1,
0,0.75,4.2880425453186035,1,974vUVNFZZhK9Vx9yosXwyz479,1.0,1,3,1,
0,0.8571428571428571,4.348127841949463,1,1564Kq9tsrgH8Jhl4M51Udxu1326,0.0,0,3,1,
0,0.2222222222222222,4.294085264205933,1,1744p6ivEreYdqU2OaXpqwiv3570,0.0,0,3,1,
0,0.09523809523809525,6.1076271533966064,1,2723xU3JSCsI93Jmzi12bo8-904,0.0,0,3,1,
0,0.125,4.593042612075806,1,884Pnp87xexk_HDsVBlYF5I2663,0.0,0,3,1,
0,0,4.147666931152344,1,947IWARdGEJfenHq_CeVA2F560,0.0,0,3,1,
0,0.25,4.45540714263916,1,2648m9dA7rTQjYDXrTlBjn3C1110,0.0,0,3,1,
0,0,4.201818943023682,1,642t90xpp6PDsZFZ-bpxEez3027,0.0,0,3,1,
0,0.2,4.646674871444702,1,643hOw7cSZHnFDg9xSl_9rX3024,0.0,0,3,1,
0,0,4.3718719482421875,1,15208OmvhIK608dqFRGSSOAV1973,0.0,0,3,1,
1,1.0,4.238410234451294,1,646uZynkMYdhv1JIw-EffYb3014,1.0,1,3,1,
0,0,4.456547975540161,1,1590-CJsFDfqrQDqYkRsJ56N1263,0.0,0,3,1,
1,1.0,4.197968006134033,1,2482zF1QFZ7wKsNuHZ2WclJt1822,1.0,1,3,1,
1,1.0,4.324683427810669,1,725i6Izvs08W85ROtPNlm8D2813,1.0,1,3,1,
0,0.8571428571428571,4.216972827911377,1,1827xEul6GY6VzOmjE6YoZOI3370,1.0,1,3,1,
0,0.21428571428571427,4.510951519012451,1,2633pAGBUWzG9zIDRrNR6L1c2329,0.0,0,3,1,
0,0,0.2556946277618408,0,19488Pr6RoX5NaT1BWOrfb8b2303,,,,,
0,0.36363636363636365,4.370335817337036,1,1195HMcObf-c2jk9nuqNKiuu3172,1.0,1,3,1,
0,0.33333333333333337,4.3894171714782715,1,12200qHzxeIvvsd2YVZemdY03095,1.0,1,3,1,
0,0.5185185185185186,4.622902870178223,1,2661cQb_J106ssSoX5Fgydo71078,1.0,1,3,1,
0,0.08,4.441662311553955,1,979XmKqsJdLFW1bLDI7o-pE462,0.0,0,3,1,
0,0,4.511455297470093,1,1802qwccQwTwwKaDVreksqJf3429,0.0,0,3,1,
0,0.28571428571428575,6.111578941345215,1,1491cxn7v5v-T_iOJDwW9EYs2031,0.0,0,3,1,
0,0.22222222222222224,4.201135873794556,1,728rJ1xbwc5Igz_rb47z10k2805,0.0,0,3,1,
0,0.4285714285714285,4.3708109855651855,1,1755HI8OTnHY7Nm5CeIuPLTN3538,1.0,1,3,1,
0,0.8,4.136834144592285,1,2714-Q-L_ocw1wqi2vTyKgJx927,0.0,0,3,1,
0,0.1,4.396542072296143,1,2196RcteK2m9GTjJgXROQiPI4108,0.0,0,3,1,
0,0,4.232079982757568,1,2198RDJBzVmoid4rc0bik_oO4103,0.0,0,3,1,
1,1.0,4.2182793617248535,1,2706YR-uI3zypKwmJN4tmzOG947,1.0,1,3,1,
0,0,4.536543846130371,1,660LK3Me9by6QtGlAhc9ZgG2978,0.0,0,3,1,
0,0.0625,4.682890176773071,1,3010uRwouEtYjEBKkqRcq7rz3839,0.0,0,3,1,
0,0.7499999999999999,4.306240558624268,1,2152-7ZSgzVAfI8TDcdpWpW94219,1.0,1,3,1,
0,0.0909090909090909,4.570107936859131,1,538JJQ5E24giegHnAwK6q8U0,0.0,0,3,1,
0,0.125,4.550898790359497,1,2495cQqgzzooS13bDr8Ph6Gf1795,0.0,0,3,1,
0,0.4444444444444444,4.4289820194244385,1,1425TtGxf2tlcnPvhwxputXV614,0.0,0,3,1,
0,0.18181818181818182,4.44762921333313,1,121369XOrczL-kMaDwwgO02A3116,0.0,0,3,1,
0,0.1,4.605326414108276,1,2375ik4L_hJmM72qf0e1dYMH3698,0.0,0,3,1,
0,0.5,0.21879291534423828,0,1808axaZNmCFiRMbaxN7F0Eh3418,,,,,
0,0,4.169663667678833,1,2678-vJB_o0WGULsRqF2El1t1029,0.0,0,3,1,
0,0.11764705882352941,4.463135242462158,1,841hinfHVUUAR8bWXtEBCsQ2776,0.0,0,3,1,
0,0.16666666666666669,4.400430679321289,1,2048CtOjaqKkCnfN40uLcP5L1652,1.0,1,3,1,
0,0.5925925925925927,4.695145606994629,1,2171AVNXiBd6GfXxQ8eqM1vd4168,1.0,1,3,1,
0,0,6.640223741531372,1,2096f8W6RON65FxesZktnJ621515,0.0,0,3,1,
0,0,4.295398950576782,1,724vcyS179ODvzR7GgFuf342817,0.0,0,3,1,
0,0.4666666666666666,4.677880048751831,1,577J1_2EkXjvWVxk6PCwOXP178,1.0,1,3,1,
0,0.2857142857142857,4.119386196136475,1,2186ULHrp_lvPj5LDBoeTtdH4131,1.0,1,3,1,
0,0.14285714285714288,4.401729583740234,1,262821L4N7qZnsAQ8yXausca2342,1.0,1,3,1,
0,0.060606060606060615,4.66787576675415,1,2687wsGAHxfopUhAw18YbVRI1000,0.0,0,3,1,
0,0.07142857142857144,4.621773958206177,1,2646TB5mc-c2hplG5koqTh501118,0.0,0,3,1,
1,1.0,4.327009201049805,1,1951HRAy-63r-iYmzz_OIMwm2295,1.0,1,3,1,
0,0,4.3476951122283936,1,1532jmPrtawUKEP8PbFN0KA51942,0.0,0,3,1,
0,0,4.548475980758667,1,1440tJiNSRh2yn6L1Bpe-Z2O2134,0.0,0,3,1,
1,1.0,4.160015106201172,1,575_whZmLvyvEEXouWkoc8Q185,1.0,1,3,1,
0,0.23529411764705885,4.659929275512695,1,2512lEhovFhT11eis4TwjWj61754,1.0,1,3,1,
0,0.5,0.4246370792388916,0,2604w8Y2Cl6uiR5M0-ejmWMM2383,,,,,
0,0,4.349494695663452,1,25219t08QQEFWvS8eYsekPUS1730,0.0,0,3,1,
0,0,4.726693153381348,1,1751kG4ZgRcpVW2reI1_s3123551,0.0,0,3,1,
0,0.3636363636363636,4.789792060852051,1,960o6-E-_ISeh5lV6FHiD34520,1.0,1,3,1,
0,0,4.296596527099609,1,1616QzaVp9mutwg1uh2jzwdO1192,0.0,0,3,1,
0,0.2857142857142857,4.878011226654053,1,2187B0sWPT98eVpnAmdk_adu4128,0.0,0,3,1,
0,0,4.28150200843811,1,1536mI_d8jtM2jw9hUxzP9iL1929,0.0,0,3,1,
0,0.6666666666666666,4.251570701599121,1,1947A5MF0NJR55TokdQfbhca2307,1.0,1,3,1,
0,0.4,6.071206092834473,1,2485wQdQwDnk4yk5FdBXXmhj1815,1.0,1,3,1,
0,0.18181818181818182,4.419907569885254,1,2070ak7o05iYQKrCn9M9TwT31592,1.0,1,3,1,
1,1.0,4.297021865844727,1,2106VMTbOKIT8LUZtIXhHKmi1490,1.0,1,3,1,
1,1.0,4.148270130157471,1,66120RRLn0zmV3MwnNHl6_h2974,1.0,1,3,1,
0,0.3333333333333333,4.231135368347168,1,882RL4zKg1IQbdwrUdiW2uc2668,0.0,0,3,1,
0,0.22222222222222224,4.278459072113037,1,1579OPjVMaCxctlZmUpiZzrp1293,0.0,0,3,1,
0,0,4.383059740066528,1,1159_3BLEoNo6JC3PQD3lhm_3274,0.0,0,3,1,
1,1.0,4.361310958862305,1,2131ThABbwh5RS-HlVdmLPDZ1417,1.0,1,3,1,
1,1.0,4.321818590164185,1,2021CWT7r6wMcqbzHWF5IBs12171,1.0,1,3,1,
0,0.058823529411764705,4.7817981243133545,1,1823Eoxuy7YeAaFwIKLgSxRm3381,0.0,0,3,1,
0,0.14285714285714285,4.490230560302734,1,1569FwzJ_LvmO5rW73WzT8541311,0.0,0,3,1,
0,0,4.318740367889404,1,2172mjXN9cse5myRvOdHKPXb4166,0.0,0,3,1,
0,0.0909090909090909,4.5686469078063965,1,3016XnYJU0PvEDVmTUPXywfh3826,1.0,1,3,1,
1,1.0,4.302599906921387,1,15387Blg_wJjcZbkwAdg3ihT1399,1.0,1,3,1,
0,0.4,4.410758972167969,1,2965ZcSt1DSsDVrBS8zreyMW3946,0.0,0,3,1,
0,0,7.541435480117798,0,1183jSSsRsBAdPZ3YbN6lTA63206,1.0,1,3,1,
0,0,4.544105291366577,1,24325JvjgPXosVnug4HXcsdC3598,0.0,0,3,1,
0,0.5,4.704007148742676,1,2588tXgAWa0hfqLa7dv034Sk2420,1.0,1,3,1,
0,0,4.329134225845337,1,545m8hikbi_76zd990QYmmK274,0.0,0,3,1,
0,0.761904761904762,6.342306852340698,1,2133l3pjWfCkZZOCX5jvmzSB1411,1.0,1,3,1,
1,1.0,4.34351921081543,1,1030cFCd9o4jSm3pwYZj572K326,1.0,1,3,1,
1,1.0,4.434331655502319,1,1471q7bJiZQDI20zdeWOjTxp2066,1.0,1,3,1,
0,0,4.258232831954956,1,1220telOq3nKQ9I7IlLmxhq53097,0.0,0,3,1,
1,1.0,4.096897840499878,1,1158byH939tSa-y6piPB33qI3275,1.0,1,3,1,
0,0,4.525795936584473,1,2143rWgXIxnPTtsFFOBT0X5t4243,0.0,0,3,1,
0,0.26666666666666666,4.346508741378784,1,1010HNqYCv68G7N_CQVNh43m382,1.0,1,3,1,
0,0.5,4.453827381134033,1,588NyHE4CBeocNT0p36WOjf144,1.0,1,3,1,
0,0.4,4.221473932266235,1,2353LXtRRUsp_KUtkJvbyF5G3749,0.0,0,3,1,
1,1.0,4.171468257904053,1,2606wggZxTDXC27kXBM1nOHp2377,0.0,0,3,1,
0,0.25,4.417681694030762,1,2125V8N_l5QntOTnTrzc20WM1434,0.0,0,3,1,
0,0.8095238095238095,4.664549112319946,1,2185kJh_nrTH_U4b39Vcv8ax4132,1.0,1,3,1,
0,0.5,4.316034555435181,1,2376URQldjysl6l8eVv3nAMJ3695,1.0,1,3,1,
0,0.1111111111111111,4.375458478927612,1,1384pGKRecF-Gb_z9zzAv2JJ724,0.0,0,3,1,
0,0.8750000000000001,4.476851224899292,1,2148ORbgn9xAFsNQtzXY__rj4227,1.0,1,3,1,
0,0,4.6800384521484375,1,621rUA-y24a2TlBAhZxV8H852,0.0,0,3,1,
0,0.14285714285714288,0.3755779266357422,0,597Erm8rlfIbk1-dOAX1x_d117,,,,,
0,0,4.332325220108032,1,2439wUboO5ra35vEgdGIev-11921,0.0,0,3,1,
1,1.0,4.516069412231445,1,2229yjbOaiHjJ3l8FpptH4HW4022,1.0,1,3,1,
0,0,4.398510217666626,1,644VW80Ih4W_8lT57dCnHAu3021,0.0,0,3,1,
0,0.2857142857142857,6.563316345214844,1,888N5fO999xna1Xo8EzSka72654,1.0,1,3,1,
0,0.4615384615384615,4.810870409011841,1,2588DwrxR7iNWl5O2r3FLLSK2419,1.0,1,3,1,
0,0.5555555555555556,4.249939441680908,1,1206pt-2ozhsCeZeJuJZ11Ii3139,1.0,1,3,1,
0,0,4.411938428878784,1,2173oSldYZR3JLWnzYW3O77H4161,0.0,0,3,1,
0,0,4.433115005493164,1,2960UnXl4G14Yymd8PXaR5Uk3960,0.0,0,3,1,
0,0.6857142857142857,4.692762851715088,1,266732gpl8X-FjP8gjcwzw2z1061,1.0,1,3,1,
0,0,7.509387254714966,0,29552yyd0Gev5Q7THSvvmMm23972,0.0,0,3,1,
1,1.0,4.31101131439209,1,1023GZ3dln2t0HzaDV2xwSoN346,1.0,1,3,1,
0,0.08695652173913043,4.490105390548706,1,2675-gwBiwWZVyjWDUu4p4cd1038,0.0,0,3,1,
1,1.0,4.110546827316284,1,860q2h_WxoUUCbtkWt_rIm62718,1.0,1,3,1,
0,0,4.927002668380737,1,19734HA-piKOQCj9cOheHeMR2249,0.0,0,3,1,
0,0.21621621621621623,4.7738261222839355,1,3020ZTgHQCHhDPV1YzPtr7cD3816,0.0,0,3,1,
1,1.0,4.416079759597778,1,2483B0xaJU5Jx1Cz2l8ywdGS1818,1.0,1,3,1,
0,0.8571428571428571,4.398982286453247,1,2237eotzWAE9no45Pa9ifZYj3999,0.0,0,3,1,
0,0,4.253543853759766,1,1489IFn4GWsL1jHdBDB-a94E2035,0.0,0,3,1,
0,0,4.37681770324707,1,2167979S1AzMJxecio9-6zel4180,0.0,0,3,1,
1,1.0,4.275663375854492,1,933f51SxFqN5EEdYugeQFhF2532,1.0,1,3,1,
0,0.12500000000000003,4.549016952514648,1,2147SEz1hmjhUpcGuddz5WUk4231,0.0,0,3,1,
0,0,4.507856845855713,1,2195QSRuAqfW7wcL0yDgHAqi4112,0.0,0,3,1,
0,0.5454545454545454,6.1161394119262695,1,2127j4vlim-EJ7C9hksd0XEG1429,0.0,0,3,1,
0,0,4.235681772232056,1,2678lDTDQx4d-wy7YI9o8k621027,0.0,0,3,1,
0,0.22222222222222224,4.391057252883911,1,21855lm1aeumxPgLxhAZ4rsM4133,0.0,0,3,1,
0,0.13793103448275862,4.5917067527771,1,2654A6DJuqUHYjllfqY66FZQ1097,0.0,0,3,1,
0,0,4.321361064910889,1,2116zZq6HMYtTo0CQinn_k-41459,0.0,0,3,1,
0,0.3809523809523809,4.631633281707764,1,134108m1Km6HBkINwlourrYc849,1.0,1,3,1,
0,0.05405405405405405,4.946921110153198,1,620K1_aZyohd-7lRb7mTttb56,0.0,0,3,1,
0,0.23999999999999996,4.62563943862915,1,2474wQkjUyyx7GnHZpL3Deaq1840,0.0,0,3,1,
0,0.12500000000000003,4.731870651245117,1,11737vcT3qwp_gJxVFslucFe3235,0.0,0,3,1,
0,0,4.427045106887817,1,10361heR9e1kTvvo1NiiW5Ae308,0.0,0,3,1,
0,0,4.291710376739502,1,2606wggZxTDXC27kXBM1nOHp2378,0.0,0,3,1,
0,0.4571428571428571,4.541778564453125,1,2232C9tE6pI8bHZ63YEfofZm4013,1.0,1,3,1,
0,0,4.53193211555481,1,730-sg8DQC7Q6MNsKvBhO3l2800,0.0,0,3,1,
0,0,4.487287759780884,1,2498Ntl0yuQwIc1zcFl2LEt61786,0.0,0,3,1,
0,0.5,4.095871210098267,1,1509gKJxAthX1pquVrt7KPXD2002,0.0,0,3,1,
0,0.6,4.3926451206207275,1,1603faGMdBUg02YqijMJnA3w1230,1.0,1,3,1,
0,0.5,4.292961359024048,1,657VFHiQ4-7Kz6tz_vms0Uo2985,1.0,1,3,1,
0,0,4.756127595901489,1,2063xkIouWNgoRjOGLoCZ1bE1612,0.0,0,3,1,
0,0.35294117647058826,4.4737677574157715,1,134108m1Km6HBkINwlourrYc848,1.0,1,3,1,
0,0,6.196649074554443,1,651fsZ9lTWd449M33QOudtw3001,0.0,0,3,1,
0,0,4.2555975914001465,1,2977bAR1UUAdut5SZn4bYC9-3917,0.0,0,3,1,
1,1.0,4.182488441467285,1,30097-Lb9tKHWA_8Z-1p8-LH3842,1.0,1,3,1,
0,0.5,4.559178590774536,1,2979WuXci60uJEdQnVCd4Xjn3912,1.0,1,3,1,
0,0.3333333333333333,4.313256740570068,1,2941qGbMTO0mozvc2N-D8Ll13996,0.0,0,3,1,
0,0,4.691028594970703,1,705nABbOAzpYWFGNrPSDwL22867,0.0,0,3,1,
0,0.08333333333333333,5.172825574874878,1,850EvvWq5cM1pQg86O2yHNg2749,0.0,0,3,1,
1,1.0,4.260268211364746,1,2052CjMDg4rKssIF2dZJmzem1644,1.0,1,3,1,
1,1.0,4.316756010055542,1,1345ag1pnM8TapsP64bzpQa0835,1.0,1,3,1,
1,1.0,4.155912160873413,1,8800eSsNgilzH8vuQNt4Jml2674,1.0,1,3,1,
0,0,4.250196218490601,1,1001W57bXvzsU7BsCan0XmdL407,0.0,0,3,1,
0,0.06896551724137931,4.63979697227478,1,2456mSRZvgWGRhYDDkRPL2f41882,1.0,1,3,1,
0,0.7000000000000001,4.354161739349365,1,2391ePMyIq2X1JLq1967u6CY3667,1.0,1,3,1,
0,0.2857142857142857,4.676833152770996,1,2718prFY56JKafzui1OKyt46915,0.0,0,3,1,
0,0.09090909090909093,4.347425222396851,1,2470-I0Ycn3m1ADgtmf8Qlse1851,0.0,0,3,1,
0,0.1,4.493570327758789,1,2369Df519g_V8jVHWQoP3PG93711,0.0,0,3,1,
0,0,4.2320544719696045,1,20388Up5mLcWdYU-WNmLJdtF1684,1.0,1,3,1,
1,1.0,4.432959794998169,1,1781sbFFllrurUSJ_Gr41cCI3471,1.0,1,3,1,
0,0.07692307692307693,6.188299894332886,1,11810pNzis8O7iMe4D0TXLLB3214,0.0,0,3,1,
0,0,4.019990921020508,1,1443QN39Ck2EQtKHwrv95Fdo2123,0.0,0,3,1,
0,0,0.3622162342071533,0,8800eSsNgilzH8vuQNt4Jml2673,,,,,
0,0.13333333333333333,4.482555627822876,1,1561CHAGkVck74VVUABuSAwY1334,0.0,0,3,1,
0,0.4,4.15413236618042,1,2387-M6jRmAUm0dwueCkUyJl3674,0.0,0,3,1,
0,0.6923076923076923,4.453263521194458,1,2503mD8qIsdD1SDE74Qh-IaF1772,0.0,0,3,1,
0,0.7272727272727273,4.245026350021362,1,1795SmUM72qvYEGcEDAoWbE73443,1.0,1,3,1,
0,0,4.130998373031616,1,1470cJbPNG5jp6U76xnNSz1N2069,0.0,0,3,1,
0,0,4.344120264053345,1,683qZh2hIeeIAW7sEw3xRoe2916,0.0,0,3,1,
1,1.0,4.1560750007629395,1,1037pwf13W4KYglfjZucyzMr303,1.0,1,3,1,
0,0.5,0.31491827964782715,0,2697v70pWXgc-DSg0veQwf_g973,,,,,
0,0,4.489326000213623,1,1565GCwUFVbdCdhcZ_GOztSL1323,0.0,0,3,1,
1,1.0,4.1569602489471436,1,676GKGz4YMI2p0rgqxkFts72937,0.0,0,3,1,
1,1.0,4.3596031665802,1,2554mt4e_yJYeBYxqGIR5ybl2481,1.0,1,3,1,
0,0,4.286355018615723,1,1591ek7O19h74ATqsHjdtFUz1260,0.0,0,3,1,
1,1.0,4.2097601890563965,1,19743Coi1jS_QPbxu2FRk8LC2246,1.0,1,3,1,
0,0,4.486255168914795,1,954ewPFqe0IjyBJN77y7QiK538,0.0,0,3,1,
0,0.5128205128205129,4.5182530879974365,1,2602Qiq4iutdiApDxWf40xp42390,0.0,0,3,1,
0,0.6666666666666666,4.378013372421265,1,2968C7LlqUnuO2Rpg_LoWMAj3937,1.0,1,3,1,
1,1.0,4.25529408454895,1,1225RCrAx9wJxpkVXOhgrIVp3081,1.0,1,3,1,
0,0,4.3826377391815186,1,596zM0R2OmIzgkB1SbT2GQk121,0.0,0,3,1,
0,0.7142857142857143,6.456847190856934,1,988FErcpJAvfdvuXzhk1d2j435,1.0,1,3,1,
0,0.3333333333333333,4.186422824859619,1,1230GUOhXat97Yr3ZBs4FTgR3066,0.0,0,3,1,
1,1.0,4.290268421173096,1,945tBlPoKsnHp4m96z6_5la565,1.0,1,3,1,
0,0.16,4.428062677383423,1,27385FnxYBX7geCrqoYaZeLD859,0.0,0,3,1,
0,0.5517241379310345,4.596273183822632,1,1216KGsfCkgqupDitvDzZvvn3109,0.0,0,3,1,
0,0.4761904761904762,4.259284257888794,1,2449MJsvA7muVLQFQ3PIvYxW1896,0.0,0,3,1,
0,0.4,4.3508124351501465,1,655zEoksqfcq2EVZ02Mbw7P2989,1.0,1,3,1,
1,1.0,4.3492186069488525,1,2665gofGzsBk2vSGVSEDt1Hi1068,1.0,1,3,1,
0,0.2,4.824918031692505,1,2109VHtyjetCFyDgKOq5r_WJ1480,0.0,0,3,1,
0,0,4.559317350387573,1,1581PSxQIYeCh0A36EuqcNFg1285,0.0,0,3,1,
0,0.8571428571428571,4.229242563247681,1,6863QwKQmripDGXlTBA_dd22910,1.0,1,3,1,
0,0.2222222222222222,4.367213249206543,1,1943rxwpWMHzuLw1uSqBn62Q2315,0.0,0,3,1,
0,0.08,0.478468656539917,0,21505TOXvyl0OGGpW7CAQlAq4225,,,,,
0,0,4.392996072769165,1,26242_7PGIerv2Q0zGtONaPz2353,0.0,0,3,1,
0,0.8,4.1186439990997314,1,21505TOXvyl0OGGpW7CAQlAq4224,1.0,1,3,1,
0,0,4.491405963897705,1,677xmZHBoR33brul42LKfZz2936,0.0,0,3,1,
0,0.125,4.571252346038818,1,2233nOCdB2RiiWVTHevF1XQv4011,0.0,0,3,1,
0,0,4.411026477813721,1,2617kBjHv2oN0nUKO23LlFJL2364,0.0,0,3,1,
0,0.5,4.337664365768433,1,1175f68nWVOs5WY82yUFRvj63232,0.0,0,3,1,
0,0.23529411764705882,4.332803964614868,1,2973V3Yh88dWwEdfJb_tftSD3927,1.0,1,3,1,
0,0,7.530116081237793,1,683aqqwKP1KduPxIkVF7N9F2918,0.0,0,3,1,
1,1.0,4.077993154525757,1,26201BkXMvVLir4JL_20wfV12359,1.0,1,3,1,
0,0,4.454451084136963,1,2118jdsykE0McP5cAZxVpo2d1454,0.0,0,3,1,
0,0.19999999999999998,4.295879125595093,1,2517lXXoQUIKbal6xfNNtVAn1744,1.0,1,3,1,
0,0,4.404269456863403,1,908jl25A_Iov80feqJ4evmm2601,0.0,0,3,1,
0,0.19999999999999998,4.429107189178467,1,1373md66uV8NUYn6tLcFPoUa754,0.0,0,3,1,
0,0.4,4.409909725189209,1,24911q_50dkgYzY3pVZJL3Sc1805,1.0,1,3,1,
0,0,4.343161582946777,1,2013gpksQIp23gepFksmpqXj2186,0.0,0,3,1,
0,0.125,0.5021214485168457,0,2208KPJx__8bPSCeN9p1Fi0X4073,,,,,
0,0.15384615384615385,4.550239562988281,1,2211Cy7Oahng9F7-H0Oc3e544064,1.0,1,3,1,
0,0.125,4.67323899269104,1,2647wx3YQTfZqS0kaThBNcMd1114,0.0,0,3,1,
0,0,4.130770683288574,1,15075jeWJyHrflW280qJuH1b2009,0.0,0,3,1,
0,0.125,4.451952219009399,1,998Con_q4MLI1RfJuY2bKbI416,1.0,1,3,1,
0,0,4.328120708465576,1,579arqEgmuOnA4zj2j7weJ4173,0.0,0,3,1,
0,0.10526315789473684,4.998274326324463,1,1798KfLl6KS7V9XT4gra5ItO3437,1.0,1,3,1,
0,0.5,4.358755111694336,1,1776In5nDr6EiD2h4i0Hjv4f3485,1.0,1,3,1,
1,1.0,4.166971445083618,1,1944Ec6XPqU4Xy4eSPu6R32j2312,1.0,1,3,1,
0,0.09523809523809523,4.554775953292847,1,857_7Nv3vFr25l0dhIhFy_82728,1.0,1,3,1,
0,0,4.55123496055603,1,2519KkZmS0x5ulGXiZTw1wKR1737,0.0,0,3,1,
1,1.0,4.350862503051758,1,2095TnNWtDkF3d8sfPpoIY4z1518,1.0,1,3,1,
0,0.14814814814814814,6.294673442840576,1,992iTR1IjxbLP4VmHcDDPOa424,0.0,0,3,1,
1,1.0,4.1103386878967285,1,1541-Tc1l_CQDW9x1chtv8Gl1391,1.0,1,3,1,
0,0.2608695652173913,5.103106498718262,1,1582AZl0hrMFq0o_sdc6NePo1284,1.0,1,3,1,
1,1.0,4.114803791046143,1,11714vchzsnda6_BXJcN4y-b3241,1.0,1,3,1,
0,0,4.3653647899627686,1,708Hy1_nMQxQpRgTmBhJ1IB2858,0.0,0,3,1,
0,0.375,4.788478136062622,1,17502DSDScCdCbid-xPukm5G3553,1.0,1,3,1,
0,0,4.161174297332764,1,15552yE_F-OkWgqqtdUwPtGF1351,0.0,0,3,1,
0,0.19999999999999998,4.753462076187134,1,2231oKXyKiZUC2dpEO9h9RY-4018,1.0,1,3,1,
0,0.6428571428571428,4.468358755111694,1,2731HqkZcXQ2ghjXCopBDyf4879,1.0,1,3,1,
0,0.5,4.262495279312134,1,2508GyO7kZECUGQ3Ln8manrq1763,1.0,1,3,1,
1,1.0,4.335633039474487,1,11714vchzsnda6_BXJcN4y-b3240,1.0,1,3,1,
0,0.0975609756097561,4.837058067321777,1,1472rUZfzrrFBRkQ2V9Nom352063,0.0,0,3,1,
0,0,4.520360708236694,1,1362BPgQJxJaOhV-CP2tGeBk785,0.0,0,3,1,
0,0.7843137254901961,4.985413551330566,1,2594UqcL6N9Bq7ENoFzW00092405,1.0,1,3,1,
1,1.0,4.292784929275513,1,2341Q2GfH2MypqPucUYoE69T3776,1.0,1,3,1,
0,0.28571428571428575,4.316471099853516,1,2361c-8SrBx2PZDYVGvo5ybn3731,0.0,0,3,1,
0,0,4.439793348312378,1,636bdCEp-ei65RvphUV5kzu8,0.0,0,3,1,
0,0.11764705882352942,4.612311363220215,1,1353cuJ2B12zDs0aTs65HC-5813,0.0,0,3,1,
0,0.14285714285714285,4.319859981536865,1,9628yTL0M_7Lj--HbvNAKMl514,0.0,0,3,1,
0,0.23076923076923078,6.5159687995910645,1,26765i_aQSNS1WuOSbksxa7p1034,1.0,1,3,1,
0,0.23529411764705882,4.28618049621582,1,1615r-Z6NuO6cx_SWYHnunxF1195,0.0,0,3,1,
0,0,4.450377464294434,1,1168kp5b9nrZxT84IBjU96zK3248,0.0,0,3,1,
0,0.11764705882352941,4.389529228210449,1,2186_FLLcoz_UzJCVTV21EaN4129,0.0,0,3,1,
1,1.0,4.407246351242065,1,729mxVBV4LVflnVcZxNyg-P2802,1.0,1,3,1,
0,0,4.4973859786987305,1,1565GCwUFVbdCdhcZ_GOztSL1322,0.0,0,3,1,
0,0.08333333333333333,4.518987417221069,1,2715dw_ZC1DahbCczlDe5Yi7926,0.0,0,3,1,
0,0.2,4.327198266983032,1,14704QRXB2pWMRJUNrhyXKDZ2068,0.0,0,3,1,
0,0,4.375701427459717,1,2983UePrdFo_KyuxMZVfMyOL3902,0.0,0,3,1,
0,0.5333333333333333,4.471413612365723,1,1354mCWTp9JbO_9CEDgtcsqF809,1.0,1,3,1,
0,0.7368421052631577,4.5554585456848145,1,66808P9Oq5Ku-ZS0_3Jlrau2955,1.0,1,3,1,
0,0.6,4.214561223983765,1,15314QMC--BggOkyoE34_Rfc1943,1.0,1,3,1,
0,0,4.579492568969727,1,1998tYHxV4GeHjIVsXiSo8Hr2212,0.0,0,3,1,
0,0,4.5692713260650635,1,25102SwtlRVEiwDcKTiJMvjz1760,0.0,0,3,1,
0,0,4.161815643310547,1,5527xlxOUT-22yChZ-JdcpK252,0.0,0,3,1,
0,0.058823529411764705,4.527577638626099,1,1597nEqmtOHPo0XoNSnISrKk1244,0.0,0,3,1,
0,0,4.568735599517822,1,957C6c8UBXNxelvZ_YavK28529,0.0,0,3,1,
0,0,4.56125020980835,1,2123OTmL8FamXbZSNs3_HwHe1441,0.0,0,3,1,
0,0.1818181818181818,4.292396068572998,1,1739w6-1RejjBE98uefpWvmD3585,1.0,1,3,1,
0,0,5.889132976531982,1,2985dy6AZ8KVp-M-A7SQvT8F3898,0.0,0,3,1,
0,0,4.305514574050903,1,1550GzjCBajsuSw_Bnhtl8WB1366,0.0,0,3,1,
0,0,4.449590682983398,1,1343QtMvat2gfyOpKcj4hGQk842,0.0,0,3,1,
0,0,4.6573498249053955,1,2421v8dCeaZg9Ymh8vP7GbpI3612,0.0,0,3,1,
0,0.44000000000000006,4.821305751800537,1,9171SqPvS4Y9VVB9rn93Vi-2575,1.0,1,3,1,
0,0,4.315519571304321,1,984xM8OB5gvxHsdQmn1r-8F447,1.0,1,3,1,
0,0.15999999999999998,4.7253289222717285,1,962NqL5Nn7k-2hfELK_z0pe513,0.0,0,3,1,
0,0,4.679156064987183,1,1361l3EW8F-mTJt_YdXPsqHd787,0.0,0,3,1,
0,0.11428571428571427,4.694180488586426,1,1754c4L39ZzzXq71ZehR_uoC3542,0.0,0,3,1,
0,0.5,4.326984882354736,1,2101NmIr2aqU_7v2eE_aidH61505,1.0,1,3,1,
0,0,4.332134962081909,1,584OsnQDPEfdT3D-biv4Yg2157,0.0,0,3,1,
0,0.15384615384615385,4.415593385696411,1,3010SprKLAHdowqTjGRQOf4i3838,0.0,0,3,1,
0,0.6666666666666666,4.429951429367065,1,665rw55Ie4DPe0sqY77puig2964,0.0,0,3,1,
0,0,4.162322759628296,1,1835FSurGzklPJM4MCko7da83344,0.0,0,3,1,
0,0.7111111111111111,4.632200479507446,1,2443eTrLtv9UbuEE_nR7dCeV1909,1.0,1,3,1,
0,0.5454545454545454,4.412123203277588,1,2536UpX9Bg_Y08DDNzXdFiU_1689,1.0,1,3,1,
0,0.5333333333333333,4.402865886688232,1,2186ULHrp_lvPj5LDBoeTtdH4130,0.0,0,3,1,
0,0.7368421052631579,0.47278571128845215,0,578M9mlC9utfrcwX6F1l7Jn174,,,,,
0,0.4444444444444445,4.608616590499878,1,2070ak7o05iYQKrCn9M9TwT31591,0.0,0,3,1,
0,0.5454545454545454,0.347400426864624,0,2476jZQD7x5reworgE-JOi2N1834,,,,,
0,0,4.693262815475464,1,992iTR1IjxbLP4VmHcDDPOa425,0.0,0,3,1,
0,0.2,0.3500204086303711,0,1617DSC5R_p9RerIchibaVxE1187,,,,,
1,1.0,5.941720724105835,1,1621kehREtB2jwFxfLSb5njd1177,1.0,1,3,1,
0,0,4.7093000411987305,1,2961ZnbcPJCiADt4D4VSwFvF3956,0.0,0,3,1,
0,0,5.014326333999634,1,2714bDI6fIAZBhgsB3LbtItA929,0.0,0,3,1,
0,0,4.509111404418945,1,3018kZFSgaadxi0PtYR3mhFH3819,0.0,0,3,1,
0,0.09523809523809525,4.322205066680908,1,694HnOVoSnpyv6ljVHWDfeS2889,0.0,0,3,1,
0,0.47619047619047616,4.591991424560547,1,102860x28lgIYl08vHuvaK5q331,0.0,0,3,1,
0,0.05128205128205128,4.656514883041382,1,2204OywqClhMtfHv_617FgzA4087,0.0,0,3,1,
1,1.0,4.129052639007568,1,1801GMGqWYEBcwKtk36fM4SD3431,1.0,1,3,1,
0,0,4.632114410400391,1,2639Y4u-Qqri_Ci3GGBQDl9U1134,0.0,0,3,1,
0,0,4.692074537277222,1,2686JOWKciP4s6sWuWPuyo-d1005,0.0,0,3,1,
0,0,4.455020189285278,1,1447OPmuJcT_JIwnw1TrzHrh2118,0.0,0,3,1,
0,0,4.2777464389801025,1,1539fARKnR7H8s-gfUpW2rn21395,0.0,0,3,1,
0,0,4.484419107437134,1,907CG6Y0hTOIf2iMApGkPO72605,0.0,0,3,1,
0,0.5454545454545454,4.5208330154418945,1,2208FuW7GAKFmCyvVin50esl4074,0.0,0,3,1,
0,0.5555555555555556,0.44106173515319824,0,570lPdM0wYkCW3--bgqWmPv199,,,,,
1,1.0,4.201540946960449,1,2072z7yPHGlbkEuIidU7ws1C1584,1.0,1,3,1,
0,0.5882352941176471,4.456572532653809,1,26276wka1rfL0BiynIYM718e2345,1.0,1,3,1,
0,0.11764705882352941,4.477191686630249,1,1426fuexC-Dh-eLxD0l5Qoty609,0.0,0,3,1,
0,0.6857142857142856,4.84804630279541,1,2695ZPNMDXJVWkSpBsIvWP2e979,0.0,0,3,1,
0,0.4444444444444445,5.937441825866699,1,2505FyMeBIza_lW5D_Zn1Sgx1769,1.0,1,3,1,
0,0,4.431025743484497,1,1741XjQ2QM-7GtyfQYYY_fET3580,0.0,0,3,1,
0,0,4.225658655166626,1,561RShlPGzCfUPZQrUdWiIe227,0.0,0,3,1,
0,0.6666666666666666,4.073488473892212,1,1034epoawfzg9BJTz2Ca4vrd314,1.0,1,3,1,
0,0.15384615384615385,4.479562997817993,1,17796ulGE45jPxE9l8aLA4HP3476,1.0,1,3,1,
0,0.2857142857142857,4.392241716384888,1,1412q4IJJSwEUFoUq8DN4pFZ650,0.0,0,3,1,
0,0.2222222222222222,4.426698684692383,1,1390o9_Ny0o9guZOaXj0sbu7710,0.0,0,3,1,
0,0,0.21217727661132812,0,543zehgCplVJZaqw9cOuxgf279,,,,,
0,0,4.406693458557129,1,1141-c26SVoXDsoOKAlJ_rik3328,0.0,0,3,1,
0,0.15384615384615385,0.4624817371368408,0,1983xyRNnTqnmKy_BKrNn_4L2234,,,,,
1,1.0,4.335033655166626,1,20135j_uI6Pa4xYoAfhT5RFW2185,1.0,1,3,1,
0,0.3,4.6001667976379395,1,1435rs_1B10Z6zpwn_c2KbLB588,0.0,0,3,1,
0,0.6451612903225806,4.489657878875732,1,2653pTmwhjVfxT1gFxGr49qQ1099,1.0,1,3,1,
1,1.0,4.36140251159668,1,2608eLuQvx4PuZ3GmN9QGr8z2370,1.0,1,3,1,
0,0,4.277591705322266,1,9567FV5fK_9tjWGUSOCiJM4532,0.0,0,3,1,
0,0.1,4.596441745758057,1,1823OCTxsYW2VwXgoqBEFKRB3380,0.0,0,3,1,
0,0,4.371248960494995,1,1482g7oHtVvZqKuuTZk40k9M2045,0.0,0,3,1,
0,0.2105263157894737,4.489943504333496,1,23400fYXPU8hPMma1dgBlkCK3779,0.0,0,3,1,
0,0.5,4.5778257846832275,1,2356xnurKXc7ANXfRPTMqta_3741,1.0,1,3,1,
0,0,4.212730407714844,1,989BVy7A3ta2RwmPxZ1Xrzc433,0.0,0,3,1,
0,0.08333333333333333,4.768209934234619,1,21855lm1aeumxPgLxhAZ4rsM4134,0.0,0,3,1,
0,0.25,6.12846565246582,1,2640qGTRBDkuytVF7DgH9rac1132,0.0,0,3,1,
0,0,4.451915740966797,1,2220XTBfWE1kd1k80pKd_SFk4046,0.0,0,3,1,
1,1.0,4.282525062561035,1,1484LBCjE9GGNK0dm10EyT1L2042,1.0,1,3,1,
0,0.07142857142857142,4.609549045562744,1,2166esJlNv4Wy062Kf9ux_964182,0.0,0,3,1,
0,0,4.2099785804748535,1,1165vJ-Wr8WinYRSX1Q9stZi3257,0.0,0,3,1,
0,0.12765957446808512,0.9666047096252441,0,2654A6DJuqUHYjllfqY66FZQ1098,,,,,
0,0,4.15763783454895,1,2993JuZ1oPVxXbMKQ5CDMb_03879,0.0,0,3,1,
0,0,4.266245603561401,1,2671C6-T0tPIF_eRNZCOcYji1050,0.0,0,3,1,
0,0.13333333333333333,4.561770677566528,1,14796ofVvIsqSw1T0yJIXV-e2051,0.0,0,3,1,
0,0.47058823529411764,4.47812294960022,1,30373EtKFN1zd5WPODueptSp3787,0.0,0,3,1,
0,0,4.342794179916382,1,2544eSHJS5zzqCGOgk7Ye0SF2500,0.0,0,3,1,
1,1.0,4.180027008056641,1,2587B35iCZ4McbnvBlBd7adK2421,1.0,1,3,1,
0,0,4.260163307189941,1,9213Z63XI7LzEYgX3C6x0dw2562,0.0,0,3,1,
0,0.5714285714285715,4.434451341629028,1,2530fo_aPuaSJ-EY05R9trs51703,1.0,1,3,1,
1,1.0,4.100532293319702,1,23650GFefFLGJfbuvjWASh6g3721,1.0,1,3,1,
0,0.24,4.69408917427063,1,9060M-eUQVT4tdQgPtZ-brd2607,1.0,1,3,1,
0,0,4.638398170471191,1,3038uk1Q8NYktJIx4u5Dtq-43786,0.0,0,3,1,
0,0,5.055600643157959,1,887_9o_cHqtY2M45BDABDVl2657,0.0,0,3,1,
0,0,4.9014973640441895,1,1344XccXLOM5JOB3u2zXEXnU838,0.0,0,3,1,
0,0,4.330185651779175,1,2151FyvnA441-0KcveL6NhEg4222,0.0,0,3,1,
1,1.0,6.061363220214844,1,2374SSI1oS9XmyEgbmaPIMGm3700,1.0,1,3,1,
0,0.07407407407407407,4.516661167144775,1,1580Swc8yb1vcok9FztLAWLx1289,0.0,0,3,1,
1,1.0,4.241451263427734,1,1227KkNbIayUtdm3fDCsgi_R3074,1.0,1,3,1,
0,0,4.307128667831421,1,2487r0FlOaT0cxfdf86hPkP-1812,0.0,0,3,1,
0,0.7142857142857142,4.460850715637207,1,2578y9zD7QdiguEv3Qrdgam-2439,1.0,1,3,1,
0,0,4.549280881881714,1,2522E6U2hOb5WtI8vVLyVfMP1727,0.0,0,3,1,
0,0.16666666666666666,0.4553182125091553,0,1605V68g1ARg__hMabvQP1me1223,,,,,
0,0.4,4.134225606918335,1,1138CmWVAsyJiAlk5YMGolJH3337,1.0,1,3,1,
1,1.0,4.3303563594818115,1,1546DCalUExqBzLjIbfKVwJ-1374,1.0,1,3,1,
0,0,4.363119125366211,1,1551RTdCvKw-4XSQDEMwDw8W1364,0.0,0,3,1,
1,1.0,4.42391300201416,1,1596hz1gsYK5o6xA9WxD8x5Q1247,1.0,1,3,1,
0,0,0.1956782341003418,0,2141Z5HcTv8ZIc2Hpqm-HQoq4249,,,,,
1,1.0,4.177199125289917,1,1512f5HEXhPfS3cf7nh-tboG1992,1.0,1,3,1,
1,1.0,4.284238815307617,1,8486FcfpGKVx1trsy0PGkDp2754,0.0,0,3,1,
0,0.5,4.344787836074829,1,2353oF79-Zc0tRIFC0bsyHCL3751,0.0,0,3,1,
1,1.0,4.184042930603027,1,1398tbxE6rw4tRvgrp1PnRa7693,1.0,1,3,1,
0,0.5,4.216558933258057,1,14953SpgE208tpp7exNPc2yN2028,0.0,0,3,1,
1,1.0,4.313100576400757,1,2716pyHs3Lb2MevKvsruRxpf921,1.0,1,3,1,
0,0.6923076923076923,4.542576789855957,1,2527_1gwPfkH0sI_fNYkRULn1714,1.0,1,3,1,
0,0,4.343016624450684,1,1953bg5H8M8IKcos6Zpr7rJ82289,0.0,0,3,1,
0,0.23529411764705882,4.417120695114136,1,2674p_1et1WpagnOWpkhuCFF1039,0.0,0,3,1,
0,0,6.354053020477295,1,1775dGCKacaEaf4vXnKBh4Rd3488,0.0,0,3,1,
0,0.6363636363636365,4.181199789047241,1,879e8JaFZiS1bIPJKfr-NO82676,1.0,1,3,1,
1,1.0,4.197049617767334,1,2054dYaTbGXvuHEu9KAgglUa1639,1.0,1,3,1,
0,0.25,4.219456911087036,1,939UKiLhBxA_KgLZ3hrXrJ0584,0.0,0,3,1,
0,0.6666666666666666,4.175693511962891,1,575_whZmLvyvEEXouWkoc8Q184,1.0,1,3,1,
0,0.8333333333333334,4.355877161026001,1,1833mBAvNL7f3ZCmej5PwbdX3352,1.0,1,3,1,
0,0,4.243253946304321,1,260778F0v0DAsxDp5cLyPs1O2375,0.0,0,3,1,
0,0.3125,4.722067594528198,1,5727w28zIiNblkHmyplKA2z192,1.0,1,3,1,
0,0.0625,4.6485865116119385,1,2641luCyIUQH3LALHIuyhbkM1128,0.0,0,3,1,
1,1.0,4.078894376754761,1,2605EHUeu9PLnQV7xV85uEAC2379,0.0,0,3,1,
0,0.6666666666666666,4.3723084926605225,1,1001W57bXvzsU7BsCan0XmdL406,1.0,1,3,1,
1,1.0,4.263546943664551,1,2074kJ6tj7m3dUealDR0iSOG1580,1.0,1,3,1,
0,0.09523809523809523,5.033452272415161,1,580nH6LvFdvuQbuzorAxkmf168,0.0,0,3,1,
0,0.6,4.2729480266571045,1,638byj_HJNZPUDnv8F8TRia3039,0.0,0,3,1,
0,0,4.627168655395508,1,2589xXJabxuTAbaSikLKRb-g2418,0.0,0,3,1,
0,0.5,4.2434539794921875,1,839nusntKDajSx2255RhZPf2780,1.0,1,3,1,
0,0,4.229282379150391,1,689K_UtF9KosnX3zeO2E8S92903,0.0,0,3,1,
1,1.0,4.346895217895508,1,582uj-O_p2agIMaKLfVvt9q164,1.0,1,3,1,
1,1.0,4.340380430221558,1,1781sbFFllrurUSJ_Gr41cCI3472,1.0,1,3,1,
0,0.5384615384615384,6.2381956577301025,1,1227qM25lwDT1HffYX7Q27LJ3075,1.0,1,3,1,
0,0.5,0.23903775215148926,0,593JhF3rLLX0PCam0j2bU_P129,,,,,
0,0.08888888888888889,4.8208537101745605,1,1977SlMmmlMBkQchcn7LpKOP2240,0.0,0,3,1,
0,0,4.309880495071411,1,1770rj6GQbTCC5Whkc2stQVr3495,0.0,0,3,1,
0,0.5882352941176471,4.594937324523926,1,2228Tic033jedplc8b6Uf0fN4027,1.0,1,3,1,
0,0.125,4.388688564300537,1,1177fONE_RDqWcxNV6IGBc0e3224,0.0,0,3,1,
0,0,0.399965763092041,0,2086nxujZtZ3z2hM1YJJosdX1544,,,,,
0,0,4.446998834609985,1,1745gouL95j9WGSnTgRSoegw3568,0.0,0,3,1,
0,0,7.4373619556427,0,1513e32PRGagyhaNmp__k3W51990,1.0,1,3,1,
0,0,4.348818778991699,1,2394bND9migU-q64-anVISkT3661,1.0,1,3,1,
1,1.0,4.124687671661377,1,1156df4-3lXjk7sDVJcyLHlO3282,0.0,0,3,1,
0,0.6956521739130436,4.2534284591674805,1,15230_0x3zw-YpnxYNbwt3Hc1964,1.0,1,3,1,
0,0.35294117647058826,4.527310371398926,1,1153qNeYaWgsWaP4fPq6Tjjm3290,1.0,1,3,1,
0,0,4.521377801895142,1,2130hnFIfjAqoSjF4izSr4Sg1421,0.0,0,3,1,
0,0,4.549142360687256,1,850EvvWq5cM1pQg86O2yHNg2748,0.0,0,3,1,
0,0,4.323886394500732,1,209479ecAuID6IOsgZlZzFI71521,0.0,0,3,1,
0,0.3636363636363636,4.288532495498657,1,24874ZExUiMVxjjNDRJVHXGS1813,0.0,0,3,1,
0,0,4.602882146835327,1,597fEYgqbkB93zL9E-hqzfg118,0.0,0,3,1,
0,0,0.6743819713592529,0,2421aPJOo5UynG4APVgasKa53614,,,,,
1,1.0,4.1805195808410645,1,18252TF4EJnWkvDxaV45VI1B3375,1.0,1,3,1,
0,0.05714285714285714,4.955753803253174,1,2205ENHOPLj9Z8oxm2fYD6lB4084,0.0,0,3,1,
0,0,14.941240072250366,1,1615MK6ZFfIs7IFCYW4172gB1193,0.0,0,6,1,
1,1.0,4.205896854400635,1,1453zJFuwlSehscZJwrQDmDL2108,1.0,1,3,1,
0,0.7857142857142858,4.495000839233398,1,2351DjvHEkUCiDFMzqJ9zMhH3754,1.0,1,3,1,
0,0,4.925860404968262,1,2605xGWRPmjAX3zTTpbG5G9l2381,0.0,0,3,1,
0,0.14285714285714285,4.844871520996094,1,1768-UuFG072H5O8Xrou6GUN3502,0.0,0,3,1,
0,0,4.4470953941345215,1,2231oKXyKiZUC2dpEO9h9RY-4017,0.0,0,3,1,
0,0,4.324670314788818,1,727txM-u642lp8qZYKtzIpe2807,0.0,0,3,1,
0,0,4.464682102203369,1,2081wGIIBL_5uHYg2-zjVmIl1558,0.0,0,3,1,
0,0.08,4.704182863235474,1,548Bj6ddRdZ8SW-Zzx6iTxc266,0.0,0,3,1,
1,1.0,4.1841278076171875,1,145680wJT2OEc4U1fHPyTYZE2102,1.0,1,3,1,
0,0.6666666666666666,4.310355186462402,1,1016CUBKrFMJ-UTMJxunATzk367,1.0,1,3,1,
0,0.16666666666666669,4.668918609619141,1,586KitV3SprRbS0Gf9jJzYW152,0.0,0,3,1,
0,0.4,4.617624998092651,1,2735DkgI5gkdGxPwuyGQ7JAD869,1.0,1,3,1,
0,0,4.294229030609131,1,1430c-EOOP47sw8eHQFzvYMg598,0.0,0,3,1,
0,0.5384615384615385,4.493027687072754,1,846dI6s8NANbI0cXEx7WJXa2761,1.0,1,3,1,
1,1.0,4.342278242111206,1,2085feZV_pGZO7tqB0IDQrNw1547,1.0,1,3,1,
0,0,4.3194968700408936,1,1541LwNBuKx3059aO01FudyY1389,0.0,0,3,1,
0,0.28571428571428575,4.633224010467529,1,11547MyYfAO2SJjFtK6lH5ci3288,0.0,0,3,1,
1,1.0,4.165468454360962,1,2203MPjw7wTHX4rxoiofFaQy4090,1.0,1,3,1,
0,0.4,6.015547752380371,1,2988TQKy1nIs2XH8-mdMN3js3889,0.0,0,3,1,
0,0.4761904761904762,4.421345949172974,1,952q3wHt8L32hYlTJgOO2ea543,1.0,1,3,1,
0,0.2857142857142857,4.294383525848389,1,1942fMXkD48PYS9_snttkRcW2318,0.0,0,3,1,
0,0,4.642664670944214,1,1745gouL95j9WGSnTgRSoegw3569,0.0,0,3,1,
0,0,4.677442312240601,1,3009H9M_TNpQCxuXCdfB9kCI3841,0.0,0,3,1,
0,0,4.450055837631226,1,1200iD_TbPSqREfeM3ey59wU3155,0.0,0,3,1,
0,0.4444444444444444,0.3501322269439697,0,554G0DwZ6uy9_I1JG9mFLZL246,,,,,
0,0.09090909090909091,4.315926790237427,1,939UKiLhBxA_KgLZ3hrXrJ0583,0.0,0,3,1,
0,0.23076923076923073,4.631406307220459,1,839Rfna-iwatxiFQqrCYY0U2781,0.0,0,3,1,
0,0,0.4028279781341553,0,5657UgoubyECldzVKmY9qmK214,,,,,
0,0.07142857142857142,4.717014312744141,1,29814YmrvhgM84gEBT0lVxvw3907,0.0,0,3,1,
0,0,4.391642093658447,1,1632HqbVUHPq0ZhZ1rZNsIer1152,0.0,0,3,1,
1,1.0,4.374207973480225,1,2978hzn_PZEX4hqXSKHGaNOE3915,1.0,1,3,1,
0,0.7999999999999999,4.354501008987427,1,2211wsW8oNaSRcLGzwyfLWhi4065,1.0,1,3,1,
0,0,4.518203973770142,1,908xdqRRkv-zVIZg3ud9_Ve2600,0.0,0,3,1,
0,0.07142857142857142,4.6239333152771,1,2688HW0oYt08dER6A8d66xBp999,0.0,0,3,1,
0,0.05714285714285714,4.9122772216796875,1,1378ks8fL5T0PZyVfKqdb0iq744,0.0,0,3,1,
0,0,4.321368455886841,1,29642huIUFSLiW4Z-VzxmaQN3948,0.0,0,3,1,
0,0.09523809523809525,4.59163761138916,1,1017eL2V6EaaC3mujb7yaHfb365,0.0,0,3,1,
0,0.2222222222222222,4.472238540649414,1,2128s7UxQvwrQLv520cobspK1425,0.0,0,3,1,
1,1.0,5.887621879577637,1,1568HYHlm_FxJX3M17z-eEGK1313,1.0,1,3,1,
0,0,4.174398422241211,1,1000oBQNQPnj4fxpXtFV1g0J410,0.0,0,3,1,
0,0.11764705882352941,4.478146553039551,1,1567MCg4A4v6mUllF_u88ECY1315,0.0,0,3,1,
0,0.3,4.161232948303223,1,1170ckd0uh4YAd-bKWZ_EFml3244,1.0,1,3,1,
0,0.1818181818181818,4.464985132217407,1,2623shbw3gotPnV5E6lvICWY2354,0.0,0,3,1,
0,0,4.290137767791748,1,1033Dt_nnXnaknyIGfmAyPvx316,0.0,0,3,1,
0,0.07999999999999999,4.85066294670105,1,2491D5tYpL-3yfqE2nj5QqpY1803,1.0,1,3,1,
0,0,4.544548988342285,1,2542R6iFUQ8O7GJYAaso2x7o2505,0.0,0,3,1,
1,1.0,4.1564295291900635,1,2943AMenEB3qMlqiQp1qO1LL3990,1.0,1,3,1,
0,0.47058823529411764,4.507270097732544,1,2089F_XURZ9rHNynDA6Fk8kX1535,0.0,0,3,1,
0,0,4.411599397659302,1,644XSfdx_-UeEKT5wI-qFNi3020,0.0,0,3,1,
0,0,4.5140204429626465,1,1363vktTqXoQ53guY-ds-40F782,0.0,0,3,1,
0,0.4615384615384615,4.342512369155884,1,1566GrfvtQHA0o-4EBsVEj541320,1.0,1,3,1,
0,0,4.268208026885986,1,619TPd5jEymGsYMQLGFu97J59,0.0,0,3,1,
0,0.10526315789473685,0.41275739669799805,0,2952PxQzPl1weI5LywNnDB1I3978,,,,,
0,0,4.465969562530518,1,2442Qnq15H_ylz9SkgCBZcsE1913,0.0,0,3,1,
1,1.0,4.1560142040252686,1,654kwApE8QgqJ8tbK-mNN-_2992,1.0,1,3,1,
0,0.8837209302325583,4.644566535949707,1,1002KIt7Nu7ZfjA3Xcxpj97S297,1.0,1,3,1,
0,0,4.631569862365723,1,1378FVemXRFOIu42MyzpJqK-742,0.0,0,3,1,
1,1.0,0.2049121856689453,0,11978_NZ80-7iblXNygjG5Mj3166,,,,,
0,0.16216216216216217,4.754207134246826,1,950XV0yV8Nv3fzrlN4Kqx8l549,0.0,0,3,1,
0,0,6.713938236236572,1,2210pb1OBuEFnf38HXMK9cDk4067,0.0,0,3,1,
0,0,4.215186595916748,1,988aqEFeThHG5fa_FOI-9nu436,0.0,0,3,1,
0,0.5714285714285715,4.414408445358276,1,2091kDMDjhUS9p5SR35iSJSB1530,1.0,1,3,1,
0,0.14285714285714288,4.587395668029785,1,1546qtYa8CJzD3uH6TiJXvze1376,1.0,1,3,1,
0,0.5,4.355884075164795,1,24726EVZOTD_h6siRGcBY7421847,0.0,0,3,1,
0,0,4.1994500160217285,1,675_FqvNQZTBsCZpYPH5nqZ2940,0.0,0,3,1,
0,0,4.156633377075195,1,1481lRxKJ4SCFwVtDawsQTQ52050,1.0,1,3,1,
0,0.16,4.741034984588623,1,895k7Ew0cYqIMSeug0izAue2639,1.0,1,3,1,
0,0.6,4.250088691711426,1,1589mo7D-joKXh635Vo4Jd911265,0.0,0,3,1,
0,0.5,4.333245277404785,1,2368ntygnzFhoyFjtl0dQR5j3714,0.0,0,3,1,
1,1.0,4.270976781845093,1,1387YoNwFgU_hCV3WDkM6HFk719,1.0,1,3,1,
0,0,4.579610824584961,1,2107a4gQhq9F4QB4GLnMXPaW1488,0.0,0,3,1,
0,0.5,4.39074444770813,1,933qJ_cJ76FwsBPiiLu0Xrq2531,1.0,1,3,1,
0,0,4.185798406600952,1,1963LYeJkFeQGNvt6xtitv6o2269,0.0,0,3,1,
1,1.0,4.3965888023376465,1,849q68W7IxX8-DQe5gM8Mee2751,1.0,1,3,1,
0,0.5714285714285715,4.269795656204224,1,2478ulEtsZsxkcgly7IxV7jm1829,1.0,1,3,1,
0,0.07692307692307691,4.74054479598999,1,981F93-pjjKms7jx4e2JVzV457,0.0,0,3,1,
0,0.5,4.380662679672241,1,1211dK689o_XIpcycpxIDkq73123,0.0,0,3,1,
0,0,7.520961046218872,0,2349W1NLUpl_WH7i4VoPLqnU3760,1.0,1,3,1,
0,0.13333333333333336,6.297107458114624,1,1184IFWR2g9AMga2310WLeh-3203,0.0,0,3,1,
0,0,4.090000152587891,1,544X_IXXl6r0vsnj8_6w-DC276,0.0,0,3,1,
0,0,4.569072723388672,1,25102SwtlRVEiwDcKTiJMvjz1759,0.0,0,3,1,
0,0,8.100866079330444,0,976KjGSHiXVJquk0v7AoM1M472,0.0,0,3,1,
0,0,4.708451271057129,1,1969B-l4yMGmpCrAYhYnUn2f2256,0.0,0,3,1,
0,0.6153846153846153,4.739640474319458,1,609MyQ372LLBdo0DkE0M__Y86,1.0,1,3,1,
0,0,4.269587993621826,1,25344_c4EKxXkhoNEuEogKpb1694,0.0,0,3,1,
0,0.4615384615384615,4.522706985473633,1,2643UpH1vcnmDtWFzogLQYIY1124,0.0,0,3,1,
0,0,4.322141885757446,1,721VypFcthFDdl_lwMk-Dld2825,0.0,0,3,1,
0,0,4.6675567626953125,1,630KO8LeHoKQQj6c-87zNrm25,0.0,0,3,1,
0,0.6666666666666666,4.2691497802734375,1,2942BxApb_UbjTvQ96MuGzKL3992,1.0,1,3,1,
0,0.13333333333333336,4.661223649978638,1,1212hhFWBwzJe1lv_Eg5jMV43121,0.0,0,3,1,
0,0.5,4.750195264816284,1,5460SSbREtZ85AA4OPt7HWf271,1.0,1,3,1,
0,0,4.529615163803101,1,1478tvkHc8K4YOVkppLRsZg02053,0.0,0,3,1,
0,0.7,4.4805614948272705,1,26881eBzp0z_d9DKF9jbPHdz997,1.0,1,3,1,
0,0,4.3916990756988525,1,2966PxwWVFmyQuTm3V_AixtQ3941,0.0,0,3,1,
0,0.5,4.2985007762908936,1,3024vebeD9iQI76TQyghore-3809,1.0,1,3,1,
0,0,4.984014511108398,1,156057Z3OOwBTdwP-hDQ9L4U1338,0.0,0,3,1,
0,0,4.6094419956207275,1,1183U1zI1TbGdaZR1adOMYQM3208,0.0,0,3,1,
0,0,6.310162305831909,1,1002OYjKgvY_WrTVyv0BBUq7299,0.0,0,3,1,
0,0.3448275862068965,4.552088022232056,1,606roVNp96vZ78RGlrTQ53w93,1.0,1,3,1,
0,0,4.2722392082214355,1,6431yy3yc3FNPTLXLaeEuNd3023,0.0,0,3,1,
0,0,7.4626922607421875,0,11881tCMe4yHOSjaL320WzSI3192,0.0,0,3,1,
1,1.0,4.1809241771698,1,1438pakrvpuzI9RRVwHckRIx2138,1.0,1,3,1,
0,0,4.611065149307251,1,3017aHeDCc1uLRI2rnBry2uw3824,0.0,0,3,1,
1,1.0,4.1803834438323975,1,654kwApE8QgqJ8tbK-mNN-_2991,1.0,1,3,1,
0,0.625,4.487277984619141,1,1988Igeg6-NlxrBYydVdXS7P2222,1.0,1,3,1,
0,0.07692307692307693,4.704913377761841,1,1425TtGxf2tlcnPvhwxputXV613,0.0,0,3,1,
0,0.380952380952381,4.413049936294556,1,2376Yb5AiC3i4WBM8VzRNZY73697,0.0,0,3,1,
0,0.888888888888889,4.472917318344116,1,1397uK17KbqMDLHfC2NAWiR6695,1.0,1,3,1,
0,0.6666666666666666,4.27796196937561,1,25892BdyogDeDaH4qKuHuejD2416,1.0,1,3,1,
0,0.6666666666666666,4.281332969665527,1,617Cr5Di8JK77DxoWqJstg063,1.0,1,3,1,
0,0.25806451612903225,4.738123655319214,1,1030cFCd9o4jSm3pwYZj572K325,0.0,0,3,1,
0,0.4761904761904762,4.542141914367676,1,1023T61MYdUxsFVCRfnKl5B0345,1.0,1,3,1,
0,0.06451612903225806,4.799706220626831,1,2026zJrmduCm9hHKpRPQmbO92161,0.0,0,3,1,
0,0,4.229340076446533,1,700tmK8lIDPegKV5YWqGaiF2879,0.0,0,3,1,
0,0,0.5241165161132812,0,2551pxDvmDEe_JDrvTqX24D22487,,,,,
0,0,4.665832757949829,1,2444VM3M-Xnaa4T5rEXxP45X1907,0.0,0,3,1,
1,1.0,4.367075204849243,1,2154XCCxKaIJfCwnJBnIB3GZ4212,1.0,1,3,1,
1,1.0,6.131448030471802,1,9901bDIlgQKtM_dfl7Uf_OW430,1.0,1,3,1,
1,1.0,4.146910667419434,1,17985Atzpv_Cl5kZaV6I1DDD3435,1.0,1,3,1,
0,0.2222222222222222,4.220916509628296,1,2459yGIZYbTkrltaJKti9_A91874,1.0,1,3,1,
0,0.2857142857142857,4.504518032073975,1,2954-VZXI9P-GsKgXpM-SeBu3974,0.0,0,3,1,
0,0.3333333333333333,4.208818435668945,1,1368uHWjPP6hjmEyI0Uea54f767,0.0,0,3,1,
0,0.6666666666666666,4.446281671524048,1,733LbQvJbQviVsKR9L4LKL42794,0.0,0,3,1,
1,1.0,4.323300361633301,1,1965XlnqIGyuwSvdQjdZBJ8t2263,1.0,1,3,1,
0,0,4.449483156204224,1,915d8Oia461zr-zFU7YlBFP2579,0.0,0,3,1,
0,0.1818181818181818,0.351489782333374,0,873MgMnuCFZMazeJj3xQgmP2691,,,,,
0,0.6222222222222223,4.827854871749878,1,2399XuEIJxgcgTMpsR30h5fe3650,1.0,1,3,1,
0,0.42857142857142855,4.871698617935181,1,2068uWPVT6KFb2RlmGRQ3Gd11596,1.0,1,3,1,
0,0,4.457663059234619,1,2053DCa4BLCC5EEQ8l7BVnnp1642,0.0,0,3,1,
0,0.3448275862068966,4.622706890106201,1,2372wmeJzVxcbD7y5WKCYxFf3706,1.0,1,3,1,
0,0.5454545454545454,4.6078574657440186,1,1343aQ-H4pOOQAkzk_nGqXjS841,1.0,1,3,1,
0,0.0909090909090909,5.000104665756226,1,608gV4102XR4M0gHYWcFHGa87,0.0,0,3,1,
1,1.0,0.21586346626281738,0,1938GA7QJ14ul7rDZvw7Nb9o2325,,,,,
1,1.0,4.158414363861084,1,2386OzyZ6cB3KyNaABd4tv5Q3677,1.0,1,3,1,
0,0.4137931034482759,0.4236135482788086,0,682I2vidJcfbbqgpGrTK1XG2920,,,,,
0,0.07407407407407408,4.4760143756866455,1,1163WM0PVD9qbxkmDaQOIW7Y3264,0.0,0,3,1,
0,0,4.360497236251831,1,1952E_c11l4SYGwOptcc2H_t2293,0.0,0,3,1,
0,0.5925925925925927,4.540618658065796,1,20197usgJIJQ8MWVNmERwalT2177,1.0,1,3,1,
1,1.0,4.2420384883880615,1,2073z-IROD_SxTTIHVa0x2-Q1582,1.0,1,3,1,
0,0.08,6.3897154331207275,1,555nDtJus6avaCXIDI-gkXA243,0.0,0,3,1,
0,0,4.1752636432647705,1,1431LwnZzI0C2DsQ2UrzmNgf594,0.0,0,3,1,
1,1.0,4.07163405418396,1,895GTgHWgOsJfWGzfuk0cBw2640,1.0,1,3,1,
0,0.5,4.412546396255493,1,2046GP7dC5MYUxEjhVaMxjWJ1659,1.0,1,3,1,
0,0.12903225806451615,4.3502256870269775,1,2499V-2FlPo6WVsoWpisdH6C1784,0.0,0,3,1,
0,0,4.347829818725586,1,23386xE0NbvZWVPZakM8re8C3784,0.0,0,3,1,
0,0.8000000000000002,4.181219100952148,1,2391ePMyIq2X1JLq1967u6CY3666,1.0,1,3,1,
0,0.0625,4.719926357269287,1,979hdglxJn8R-0hBhG7P5nM464,0.0,0,3,1,
0,0.5263157894736842,4.620419502258301,1,2067uWqaniNc-8EtEG0cv8d01599,0.0,0,3,1,
1,1.0,4.3241660594940186,1,1208ZxTFiASsvA8kMOYqhRyK3133,1.0,1,3,1,
0,0.35714285714285715,4.8415303230285645,1,2405YFMjEJVJ19AfwfKdE_bL3638,1.0,1,3,1,
1,1.0,4.4233787059783936,1,588FFiBS7n4Z9PvHg-vk3Ri145,1.0,1,3,1,
0,0.06896551724137931,4.815129280090332,1,2673FDf451ZmX7vXALugyB1a1043,0.0,0,3,1,
0,0.35714285714285715,4.8023905754089355,1,2108xKVGNBGadZC0TWhSQviQ1483,1.0,1,3,1,
0,0.2105263157894737,4.3018739223480225,1,156057Z3OOwBTdwP-hDQ9L4U1337,0.0,0,3,1,
1,1.0,4.382481336593628,1,1153iDMvxLm4_lq7OZxrcPwi3291,1.0,1,3,1,
1,1.0,4.4763171672821045,1,1941vdbzlN7oVltmEKX-YLNT2320,1.0,1,3,1,
1,1.0,4.321683168411255,1,22353xyc8AR6WxpoF2OKgYnG4006,1.0,1,3,1,
0,0.6666666666666666,4.290356397628784,1,1532jmPrtawUKEP8PbFN0KA51941,1.0,1,3,1,
1,1.0,5.986371755599976,1,2364oU8m6CS05FyyuZgf1_IG3724,1.0,1,3,1,
1,1.0,4.128919839859009,1,20834ruTF1RWWFPVpeiVYmwK1553,0.0,0,3,1,
0,0.23529411764705882,4.34395694732666,1,2998eOTOpuoi6pcPY7lXKHLZ3868,0.0,0,3,1,
0,0,4.265913486480713,1,613XW7YAciAiMgfISN_tpEO76,0.0,0,3,1,
0,0.8,4.210515022277832,1,1169sLy1F9DsgmSEU3gCb28W3246,1.0,1,3,1,
0,0.8421052631578948,4.39204478263855,1,2649du0NVM86G2VsbeYMwrgl1109,1.0,1,3,1,
0,0.08695652173913043,4.5324177742004395,1,15715bk_bkzCsTkEKHc-4BgP1308,0.0,0,3,1,
0,0,4.384149789810181,1,709ZYekPZmIHVZUS0oAXArM2856,0.0,0,3,1,
0,0,4.467344284057617,1,2031SeyVh-govknTHJdzCd5x2149,0.0,0,3,1,
0,0.7499999999999999,4.222624063491821,1,984CNpDqalkISFG_gY2XwD_449,1.0,1,3,1,
0,0,4.56587815284729,1,2727JkYnxxl8d_jUsjzpRwXm893,0.0,0,3,1,
0,0,4.271804094314575,1,15573dHdiCo9iVvktQEFAE5h1345,0.0,0,3,1,
0,0.5,4.378143548965454,1,659fIQxckVQ8kQLQWyiAcB82980,1.0,1,3,1,
0,0.7692307692307693,4.57807469367981,1,2630aXuhB9uY_8J6EHtO6-Mr2337,1.0,1,3,1,
0,0.5,4.168844938278198,1,2473I_8F1yJw7g41cfbvdciy1844,1.0,1,3,1,
0,0.4000000000000001,4.367088556289673,1,2420arevHpIfCSerP3MdIRta3615,0.0,0,3,1,
0,0.25,4.279192924499512,1,843WSwRhwEu22UV7c_-UxnD2768,0.0,0,3,1,
1,1.0,4.425058841705322,1,1219odhtmia1JdsfFwCJXe5O3098,1.0,1,3,1,
0,0.08333333333333333,6.2360663414001465,1,1152CwAbYMM50m_imGCtX8jF3293,0.0,0,3,1,
0,0,0.2481238842010498,0,15886mL2IQG8B6jETUgnOHZc1269,,,,,
0,0,4.119760036468506,1,1234WIzl7ElikCCPk4gA-7ua3058,0.0,0,3,1,
1,1.0,4.241063356399536,1,25135YWzIpnXIrhMAoH0h6tB1752,1.0,1,3,1,
0,0.5,4.10538125038147,1,2473I_8F1yJw7g41cfbvdciy1845,1.0,1,3,1,
0,0.21052631578947364,4.518996477127075,1,13562fQ6wZGlmwHe0KMgKqQ4802,0.0,0,3,1,
0,0.8333333333333334,4.296434164047241,1,2145sC266Uf0RNluKT7FLFAv4236,1.0,1,3,1,
1,1.0,4.218345403671265,1,2709l9BXzPyNws7gAw46g8eL943,1.0,1,3,1,
0,0.21875,4.786845445632935,1,2448cpYalEhOyaX7nVOEWjj31900,0.0,0,3,1,
0,0,4.730737209320068,1,857_7Nv3vFr25l0dhIhFy_82727,0.0,0,3,1,
0,0,4.556934118270874,1,658XMVOSc2EDbG6L6Fxkc3G2984,0.0,0,3,1,
0,0.5405405405405405,4.902302026748657,1,24057YiGguOU4QpG_Wn3OHra3639,1.0,1,3,1,
0,0.16666666666666666,4.565481901168823,1,3014BDldoLr7qRhv_7TSXE6q3832,0.0,0,3,1,
0,0,4.220465898513794,1,989l-L43EQr9gwIj8urs_ta432,0.0,0,3,1,
0,0.5263157894736842,4.924612522125244,1,945US4EY2sSosbMTVy_bzAD564,1.0,1,3,1,
0,0,4.340813159942627,1,1484LBCjE9GGNK0dm10EyT1L2043,0.0,0,3,1,
0,0,4.169756889343262,1,1176A_9vaJNosqGkXRVsziub3227,0.0,0,3,1,
0,0,4.533108234405518,1,1534DljtGtyMC7VBZ7LOjAQY1936,0.0,0,3,1,
0,0,4.566857099533081,1,941qAh1ZQv3LHBcrNhFMIpF576,0.0,0,3,1,
0,0.5,4.403012752532959,1,2963SvvO1TYX7ABi60_kmjOW3951,1.0,1,3,1,
0,0.5217391304347827,6.286540746688843,1,25369eavZOrMspyuwUfYt25g1688,1.0,1,3,1,
0,0.21052631578947367,4.445408821105957,1,1361J6GUEFw0eUjZYJ4tiHvB789,1.0,1,3,1,
0,0,4.292357683181763,1,539W46MSJwTdnqptRMTDZ5i291,1.0,1,3,1,
0,0.4,4.12964129447937,1,2733NKE9l-FIURwp5kMM_ty2874,1.0,1,3,1,
0,0,4.481383562088013,1,1599HSzSTRtnTI56md6V7-t-1239,0.0,0,3,1,
0,0.25,4.616340637207031,1,1441MCBHwz4mlshCsnGFlkHe2130,1.0,1,3,1,
0,0.8,4.235675811767578,1,3028tKME3xmEIFzACt6fT95u3800,1.0,1,3,1,
0,0.07692307692307691,4.87698769569397,1,2649du0NVM86G2VsbeYMwrgl1108,0.0,0,3,1,
0,0.26086956521739135,4.42458438873291,1,133872Mtqyb09KyYyKdDni5N858,0.0,0,3,1,
0,0.047619047619047616,5.084860563278198,1,1743g-gnR1iSF9jlsKTC_sPk3573,0.0,0,3,1,
1,1.0,4.110903263092041,1,67563V9Jr6L6R2D0ymJM0Y-2939,1.0,1,3,1,
0,0,4.3986217975616455,1,1966vorrM41EahptwctgnTjv2262,0.0,0,3,1,
0,0,4.5495545864105225,1,2442O-F2YezfPTPaci1R28vY1912,0.0,0,3,1,
0,0.3333333333333333,4.705886602401733,1,22235lwUx01x9_1JlfE_OedT4042,1.0,1,3,1,
0,0.4615384615384615,4.654205560684204,1,1558nZ4e9hyDysgIXtjrdr1k1342,1.0,1,3,1,
0,0.5,4.247065782546997,1,1143GfNyvAU7ymTE77VLNZnG3321,0.0,0,3,1,
0,0.8000000000000002,4.515402555465698,1,1377MSN5P9oksYJneDnSmHM3747,1.0,1,3,1,
0,0,4.892388105392456,1,2629GQD7koFMwyiUTeUEaCv82340,0.0,0,3,1,
0,0.6923076923076924,4.5723066329956055,1,2398cHxKpmXAoKYK97Ln3GA23652,1.0,1,3,1,
0,0.06896551724137931,6.222674131393433,1,2639bkXWs91YZSHduhAO93vu1135,0.0,0,3,1,
0,0,4.324824094772339,1,1569Ht4xo6nEjNKzw9OyGAql1309,0.0,0,3,1,
0,0.4166666666666667,4.626545667648315,1,2994mHjER7-9C4dmnyiiHwVD3876,1.0,1,3,1,
0,0,4.120522499084473,1,1197ycLPMsis4jTkwSPiz6RD3164,0.0,0,3,1,
0,0,4.15167236328125,1,654LwM3OC8BHTl_TVgTJuoF2990,0.0,0,3,1,
0,0.6666666666666666,4.3156578540802,1,91489gYi_bXEz_5f9xGfB8j2583,0.0,0,3,1,
0,0,4.211814641952515,1,15208OmvhIK608dqFRGSSOAV1972,0.0,0,3,1,
0,0.6666666666666666,4.628068685531616,1,1819Mz9_et-ab6SF7qwOOuB33386,1.0,1,3,1,
0,0,4.270739555358887,1,1461b77FDHPFXFe4yi5Nhcwr2092,0.0,0,3,1,
1,1.0,4.3649492263793945,1,13946HYMoyH_5YN47EsUiywo704,1.0,1,3,1,
0,0,4.177799224853516,1,2988o2Tx-xSKGXrXuofncBnZ3888,0.0,0,3,1,
0,0.9090909090909091,4.282050609588623,1,2433XfYtnZCXUsAMbQw-Qmvr3596,1.0,1,3,1,
0,0.25000000000000006,4.69113826751709,1,1817S4YdUgIpGi5YXH0jwLkQ3391,1.0,1,3,1,
1,1.0,4.262065649032593,1,1805f28kB0QsdrrJaSbyx3nC3424,1.0,1,3,1,
1,1.0,4.419347763061523,1,1505bna2sA0Za87BSd9REwkK2010,1.0,1,3,1,
0,0.41860465116279066,4.837131023406982,1,2475OSfljvtxbxq6XRCvWHgr1837,1.0,1,3,1,
0,0,4.3953857421875,1,903d3S0iJZYbioutIfyZx9E2615,0.0,0,3,1,
1,1.0,4.32558536529541,1,1529gQToGseAQ0_-DRta9yac1949,1.0,1,3,1,
0,0.0625,4.713627338409424,1,2163prpiVkHoWAkyQR6_xuQb4191,0.0,0,3,1,
1,1.0,6.121980428695679,1,1453zJFuwlSehscZJwrQDmDL2107,1.0,1,3,1,
0,0.42857142857142855,0.31197571754455566,0,6051HWp8diqm_U2xVdalV6U97,,,,,
1,1.0,4.1484010219573975,1,925n35w1SDxy9hu-BoGzQhT2552,0.0,0,3,1,
0,0.5,4.341778516769409,1,624IMVlhXqEDrP4UTYdjFBl44,1.0,1,3,1,
0,0.3333333333333333,4.275678396224976,1,1381nh2SdDr2eWku393B09QY735,0.0,0,3,1,
0,0,4.323397159576416,1,918QqxhdE7q7zGH9LNONh2w2570,0.0,0,3,1,
0,0.8,4.475000858306885,1,2209BDzn0SpuYmXdWVg9Z1Hy4072,0.0,0,3,1,
0,0.4444444444444445,4.355903148651123,1,2969gQlMvd6FhSZMcTlnE-C13936,0.0,0,3,1,
1,1.0,4.323219537734985,1,1826-5gZY7Lc4gn0qD-o6_To3371,1.0,1,3,1,
0,0,4.8439319133758545,1,1155buq6aWlaQuO1-Win_xed3286,0.0,0,3,1,
0,0.9523809523809523,4.313397169113159,1,2015WJQ6AfHutHfsyi2M-HtJ2182,1.0,1,3,1,
0,0,4.723320722579956,1,20814-Xp7gQ0gpoeNufV1CCM1557,0.0,0,3,1,
0,0.14285714285714288,4.512276887893677,1,691pqnhMyJfTBtJrs_4z71s2897,0.0,0,3,1,
0,0,4.571423768997192,1,2155ZEIUMmffTYNXBH3uiR8c4209,0.0,0,3,1,
0,0.2,4.447111368179321,1,1542RhDswvJFqP2Jq9iUFinr1386,0.0,0,3,1,
0,0.3157894736842105,4.508854866027832,1,1471q7bJiZQDI20zdeWOjTxp2067,1.0,1,3,1,
0,0.5,4.365657567977905,1,1504hlqci9hC_wlnWXFEJjtG2012,0.0,0,3,1,
0,0.13333333333333333,4.69232439994812,1,1034wHnCBpfrzubpIdoRKWKA312,0.0,0,3,1,
1,1.0,4.3610310554504395,1,1151R3T8HOlw_qdMmdrBoT543297,1.0,1,3,1,
0,0,4.300718784332275,1,948uYfQaDqdMCAYnSxY-SL1557,0.0,0,3,1,
0,0,0.4598414897918701,0,568riF6WKYPtmQvPRer2HKt205,,,,,
0,0.1935483870967742,6.403586149215698,1,602gS9orzSbPkJ3cqNbO8j_104,0.0,0,3,1,
1,1.0,4.110602617263794,1,1153iDMvxLm4_lq7OZxrcPwi3292,1.0,1,3,1,
0,0.09523809523809525,4.374504327774048,1,2180sY_3Ea7lN3cAxecHCD0Z4144,0.0,0,3,1,
1,1.0,4.27703070640564,1,17575vjW6q5vpBlTdRADa0J73533,1.0,1,3,1,
1,1.0,4.1750383377075195,1,2624iiqNCKQgjCP_ToRoxVcp2351,0.0,0,3,1,
0,0.32,4.4067604541778564,1,1009Uk9DWEoZIQcw717YJKbT386,0.0,0,3,1,
0,0,4.494927406311035,1,916HouNf3Zihi-QrcktYOJO2578,0.0,0,3,1,
0,0.13333333333333333,4.5841381549835205,1,559ldmP2ngc1Q7BVHfHwYZC233,0.0,0,3,1,
0,0.22222222222222224,4.313303232192993,1,1199nIbUtObyZOiLZVUYMs653158,0.0,0,3,1,
1,1.0,4.175573348999023,1,2057JTrMpRMQ_nlV6rjSFX2Z1629,1.0,1,3,1,
0,0.5714285714285715,4.583153963088989,1,1374yoc9nWJdr9ATgDMv2vDw751,1.0,1,3,1,
0,0.7999999999999999,4.3804895877838135,1,1837DjnvLKs92-s8s-2bK5zI3339,1.0,1,3,1,
0,0.2222222222222222,4.579483985900879,1,23807v22XvrUQTol7Th3lJWE3687,0.0,0,3,1,
0,0.42424242424242425,4.394588232040405,1,14983XjeUEukDaw3K-IUo4aw2024,1.0,1,3,1,
0,0.14285714285714285,5.09074854850769,1,1017yXOYCLYZzxUNNXCwSOw5363,1.0,1,3,1,
0,0.3333333333333333,4.485714912414551,1,3025_iaJPF1EGsooMPEGZwvG3806,0.0,0,3,1,
0,0.5,4.278007984161377,1,987bTlOLptWnZwVJGOtDfda438,0.0,0,3,1,
0,0.4,4.518331289291382,1,2397ngYUHwjsIyhb2KRudMVS3654,0.0,0,3,1,
0,0,0.31270694732666016,0,2629GQD7koFMwyiUTeUEaCv82339,,,,,
0,0,4.874794006347656,1,2118jdsykE0McP5cAZxVpo2d1455,0.0,0,3,1,
1,1.0,5.948091506958008,1,2363jyeSrDuTiJf_bqAPDD473726,1.0,1,3,1,
0,0.08695652173913043,4.425960540771484,1,2183w23owTHpXeij1zV_FDX74135,0.0,0,3,1,
0,0,4.08993935585022,1,665QURdf6UuEnoJsKOV4YtB2962,1.0,1,3,1,
0,0,4.237138748168945,1,1545g1Tb818_JNDAuQjE--ZZ1378,0.0,0,3,1,
0,0,4.296709299087524,1,2733NKE9l-FIURwp5kMM_ty2875,0.0,0,3,1,
0,0.08333333333333334,4.617749452590942,1,914b0zdkdwAh3xlbhnY8du72582,0.0,0,3,1,
0,0.1951219512195122,4.660030364990234,1,2425oi8tztQpIN1A44b1j3AL3606,1.0,1,3,1,
0,0,4.480808973312378,1,1814rsETf2eToNtZrivLqKSE3400,0.0,0,3,1,
0,0,4.447707414627075,1,1476m9DFMcKpET2GRr7cT4FS2057,0.0,0,3,1,
0,0.1,4.37069845199585,1,23683s2xe5bz2so10XGK2qBO3713,0.0,0,3,1,
0,0.31578947368421056,4.52287483215332,1,951QRsnzHPzlTm1kJw2YlVa547,1.0,1,3,1,
0,0.6666666666666666,4.380861282348633,1,11560sYYJxTrE--1-2sMNJ953281,0.0,0,3,1,
0,0,4.506019353866577,1,3015gokJ7rr6uB6YTy3Khm0u3828,0.0,0,3,1,
0,0.25,4.546530723571777,1,2139x2uHOpf3opRosVHKHI5y4250,0.0,0,3,1,
0,0,4.19016695022583,1,1348pryWv6mij3utlHnSurED826,0.0,0,3,1,
0,0.17391304347826086,4.575236082077026,1,1950b8OIQ8bzZrEdme_QFejW2298,0.0,0,3,1,
0,0.16666666666666666,4.493274688720703,1,1237yuti7VE1972UnCfqAN7V3047,0.0,0,3,1,
0,0.3333333333333333,4.302576780319214,1,2053ydHY-RsjDaaTRo5IttrE1640,1.0,1,3,1,
0,0.33333333333333337,4.283101320266724,1,1759y5yGptDhTmoTR_wEuxlL3528,1.0,1,3,1,
0,0.2,6.250880241394043,1,2655YDVlTu5g8XP-s_xoiAGt1094,0.0,0,3,1,
0,0,0.2120661735534668,0,1226VvNg35i87Jc0HRevhBIp3078,,,,,
0,0.7142857142857143,4.290663242340088,1,1172cnB3XirJLf2l_lj2h1NR3238,1.0,1,3,1,
0,0.14285714285714288,4.3537585735321045,1,1513e32PRGagyhaNmp__k3W51991,0.0,0,3,1,
0,0.33333333333333337,0.2505924701690674,0,646OD5224k55Wh4kR-RsWPl3015,,,,,
0,0.08695652173913043,4.460675954818726,1,2080DF2p6ax3v1-aUbtGWT4O1562,0.0,0,3,1,
0,0.4,4.108389377593994,1,2502zG6K8It4JMfa8UrkdPdw1775,0.0,0,3,1,
0,0.4,4.333011627197266,1,25018IwgMznLBiuCDIKcy_yK1777,0.0,0,3,1,
0,0.2857142857142857,4.657063961029053,1,1214Ok_4GK2IaQBQ79ypkNPy3114,1.0,1,3,1,
0,0,4.173425197601318,1,2187gvsT7evQEJ8hMJqK5EHQ4126,0.0,0,3,1,
1,1.0,4.2902913093566895,1,2393dPWkz_403rASrRrq7O713664,0.0,0,3,1,
0,0.44444444444444436,4.5981504917144775,1,1610lit-PZD9j4XnYX8iyzdL1208,1.0,1,3,1,
0,0,4.531639575958252,1,1458iv0WdN_NvJkFoTdqCZ_Q2098,0.0,0,3,1,
0,0.3333333333333333,4.2270214557647705,1,234909hrgzPVzcKNSXWO1ok-3759,1.0,1,3,1,
1,1.0,4.349010944366455,1,1371VdM9y71lHCPan3KXr3WS759,1.0,1,3,1,
0,0,4.4549407958984375,1,25586lylI6AjP0zEVdJqgXCx2474,0.0,0,3,1,
0,0,4.227183818817139,1,2155b4lPV6COMDxcEuBc4bUB4211,0.0,0,3,1,
0,0,4.459207057952881,1,640UbntiFko68p3ukz6iGpI3034,0.0,0,3,1,
0,0.4,4.2592079639434814,1,3036vybNVfi22WAmwyXaCyoP3790,1.0,1,3,1,
0,0.6666666666666666,4.449014902114868,1,735vGzQ3nCx9nbWxB-Wes4C2789,0.0,0,3,1,
0,0.8,5.897524118423462,1,5401-KQtKiJkYnkPCmw8hgz289,1.0,1,3,1,
1,1.0,4.086646318435669,1,861-dKB_3BSzYCaSTRw8Av_2715,1.0,1,3,1,
0,0.22222222222222224,4.398433685302734,1,8486FcfpGKVx1trsy0PGkDp2755,0.0,0,3,1,
0,0.5,4.169708728790283,1,1229AbP35CEyoMV2CzyjH6_q3070,1.0,1,3,1,
0,0.8,4.416621208190918,1,1148Ml3yo3KDCBBSJoQQlyFc3305,0.0,0,3,1,
0,0.2666666666666667,4.371158123016357,1,842c07Yh3NdidKu-h5mkQl02771,1.0,1,3,1,
0,0.08333333333333334,4.363347768783569,1,1400uU3CM_7LdMUuWkvkQxxM686,0.0,0,3,1,
0,0,4.4033825397491455,1,1567OzoMV2H8D1C1oKf9kJ7U1316,0.0,0,3,1,
0,0,4.6271584033966064,1,27282z0c8x28uAuDYrTlxOP-890,0.0,0,3,1,
1,1.0,0.1801440715789795,0,1792pLMxkyBoluA32NPBVhWK3449,,,,,
0,0.4615384615384615,0.3981492519378662,0,634_wgzPKlx4nIMyi-kCnjn12,,,,,
0,0,4.655882120132446,1,1554GyUQ981YKusehk4Cl7Te1354,0.0,0,3,1,
0,0,4.354241371154785,1,2729ECSyBaYVZZbDBNyaHu4J887,0.0,0,3,1,
0,0,4.303499937057495,1,2065EHsPdSp_5DrQeLr1ttuL1606,0.0,0,3,1,
0,0.19047619047619047,4.432532787322998,1,140037nUS1rT0UQNsaFa9Rwl685,1.0,1,3,1,
0,0,4.161742448806763,1,566fv5aDvtV7-Bv4hgl9TCy212,1.0,1,3,1,
0,0,4.6431543827056885,1,2061TwbS9naBRQ2tozfnle021616,0.0,0,3,1,
0,0,4.289928674697876,1,54482QW5OfFiQVIWiIpVI2E278,0.0,0,3,1,
1,1.0,4.525530815124512,1,2707KB1tO6YYJq35qJk9l8AN945,1.0,1,3,1,
0,0,4.287280559539795,1,1530v9JIqRhesvlWwvstOwUR1948,0.0,0,3,1,
0,0,4.290537595748901,1,1949jEKqGQclC11Cc2b7IDqv2299,0.0,0,3,1,
0,0,9.534677982330322,0,1012LN56E8ShPhOCoocbJrrp376,1.0,1,3,1,
0,0.10526315789473684,4.360397577285767,1,1587GKW8NX3dkLWoOc6aJ86v1270,1.0,1,3,1,
0,0,4.286195993423462,1,677F23ky2ysRzZ_9ea_iceg2934,0.0,0,3,1,
1,1.0,4.0694286823272705,1,1409SROjOQ9iV118JePvaz45660,1.0,1,3,1,
0,0.2727272727272727,4.613455533981323,1,2701_eTSfG0kbk-njomBcNgv961,0.0,0,3,1,
0,0.8,4.223053216934204,1,2209HnLyE3YKg6twl_Q-g1Ec4070,0.0,0,3,1,
0,0.13333333333333333,4.477740287780762,1,2230L8455dET7-fRoIdsUivX4021,0.0,0,3,1,
1,1.0,4.324333190917969,1,1446OxQzkmFxIj-VPbEUcz7j2119,1.0,1,3,1,
0,0.5,4.105078220367432,1,2177rTzU3iHejo6wHiCUUGgR4150,0.0,0,3,1,
0,0,4.346479415893555,1,1482vLr96JPpOOrUo1CAJV2o2046,0.0,0,3,1,
0,0,4.269119024276733,1,2541Xqfe9NPWsDPd0IRvHv882507,0.0,0,3,1,
0,0.64,4.552475929260254,1,2374k50_RHXB5GThYKzc39DZ3702,1.0,1,3,1,
0,0.15789473684210528,4.9228315353393555,1,875H9HPG7IDtm8eYpP2uh2I2684,1.0,1,3,1,
0,0,4.5602707862854,1,2669v67locIF9ThvWJ8mcmqm1056,0.0,0,3,1,
0,0.08695652173913043,4.648680210113525,1,20893J7zds0fTmdwGScrXxYe1536,0.0,0,3,1,
0,0,4.503394842147827,1,2024uEKyOIRbOWRGqSX25wAv2167,0.0,0,3,1,
0,0,4.51511287689209,1,2032h_xc2uXEe2J9hKtwBMZw2148,0.0,0,3,1,
0,0.6,4.2719337940216064,1,2039WNZPsx3z2vJcCCCoGkpW1681,1.0,1,3,1,
0,0,4.394516706466675,1,1971QdtwinuI-Pt-gRGhMumc2254,0.0,0,3,1,
0,0,6.188149690628052,1,2497wmCVXc__4_q7aCFHvax81788,0.0,0,3,1,
0,0.3333333333333333,4.179176330566406,1,2367wI6YJctGx_TrLePW0zFT3716,0.0,0,3,1,
0,0.058823529411764705,4.744889497756958,1,1748emZrqreIzMIm0XWLL7Rn3560,0.0,0,3,1,
0,0,4.065341949462891,1,2170uR1FxS5nUGkssv426mqU4172,0.0,0,3,1,
1,1.0,4.262741804122925,1,1227qM25lwDT1HffYX7Q27LJ3076,0.0,0,3,1,
0,0.17391304347826084,4.7197089195251465,1,65691nmDsNoy6GHCZUYjINN2986,1.0,1,3,1,
0,0.8333333333333333,4.297633647918701,1,302251nQ3cmNluA1AUr3iMk63812,1.0,1,3,1,
1,1.0,4.443354606628418,1,1816M49IXoDpU__17vFIazVS3395,1.0,1,3,1,
0,0.2857142857142857,4.642348527908325,1,2406S8qt5kYqLYszOCu0lYmZ3636,1.0,1,3,1,
0,0,4.491667747497559,1,566bnXrhcjKEaxVTc-LeHzY210,0.0,0,3,1,
0,0.10526315789473685,4.68277645111084,1,22018wPqrmJcGuWfE5hB9sO74095,0.0,0,3,1,
0,0,4.345795392990112,1,2043FtfsfjPEPMp72mimJA1r1669,0.0,0,3,1,
0,0,4.397866487503052,1,955e36D7g1kt9C0gus4wfH8535,0.0,0,3,1,
0,0.47058823529411764,4.380577087402344,1,2973JDgkSnGitYck_HX9Ne233926,1.0,1,3,1,
0,0.4444444444444444,4.697712421417236,1,24187-nhPhxI7dZV22pltvqB3619,1.0,1,3,1,
1,1.0,4.524864435195923,1,1778w_0Pgt92UHRoeIwEqNNr3481,1.0,1,3,1,
0,0.625,4.455865383148193,1,1192NtMV2nW3J5X78M_fz_jM3179,1.0,1,3,1,
0,0,4.478159427642822,1,2237FYTudBkYGOD7oCKDGYv44000,0.0,0,3,1,
0,0.30769230769230765,4.39202356338501,1,1430BuwokBjmVg7AdzOoLBQQ597,0.0,0,3,1,
1,1.0,5.920676231384277,1,1164efJ2bD2I51tG9DDDy2263262,1.0,1,3,1,
0,0.8571428571428572,4.24497652053833,1,987JCMK8qp1XiHG6fmq_sqJ439,1.0,1,3,1,
0,0.5714285714285715,4.280270576477051,1,1612PKGAkMM3MocoHgcn3Vg61202,1.0,1,3,1,
0,0,4.16545844078064,1,707eQxJt9Y35aEN6MtyrclZ2862,0.0,0,3,1,
1,1.0,4.169882297515869,1,1196b9cuPeUxYC3Lp7LVQMAF3167,1.0,1,3,1,
0,0,4.290194511413574,1,545gbwwHQNYWNJmwx_zhGUS273,0.0,0,3,1,
0,0.5,4.4383838176727295,1,2422AkNZxKVfPVF92vs5qzLX3610,1.0,1,3,1,
0,0.2962962962962963,4.74997878074646,1,1437oSS908LBdCS-R1lhS_zZ587,1.0,1,3,1,
0,0,4.284773111343384,1,1562tZVF0c_Hwu_jpQkNLPxj1330,0.0,0,3,1,
0,0,4.4596264362335205,1,2556v9wSIrA-gKUGDFK65QmW2475,0.0,0,3,1,
0,0.25,4.446180820465088,1,1742Qn8cd--IGplBaIA5QEpU3578,0.0,0,3,1,
0,0.5,4.2375547885894775,1,8808MIOqs91bcamJY7BKpKK2672,0.0,0,3,1,
0,0,5.033048629760742,1,2417Txi9GL74fxs5Z2asL3203622,0.0,0,3,1,
0,0.06060606060606061,4.4139182567596436,1,1544BBli6lvsM3ocK55YaTtb1381,0.0,0,3,1,
0,0.7499999999999999,4.4551568031311035,1,1753kpSTtywObsOC3dzGk8kX3543,1.0,1,3,1,
1,1.0,4.108780860900879,1,7150BJ0glnjGlTFTJ4cTdiF2840,1.0,1,3,1,
0,0,7.560832738876343,0,1746XQjTLVhuW5-HmTtxqxuv3564,1.0,1,3,1,
1,1.0,4.260833501815796,1,651fsZ9lTWd449M33QOudtw3000,0.0,0,3,1,
0,0.5454545454545454,4.374767065048218,1,599uREx6nun3gOEAd8YzR5s112,1.0,1,3,1,
0,0.8888888888888888,6.104088068008423,1,1218OExrGg3DDUqQ_BBB10Tn3102,1.0,1,3,1,
0,0,4.258732318878174,1,1635w_Q9eBE8d4QJlCSJBFiT1143,0.0,0,3,1,
0,0.10526315789473684,4.378143787384033,1,2148ORbgn9xAFsNQtzXY__rj4228,0.0,0,3,1,
1,1.0,4.36347508430481,1,1963usWUHwJqt8eDD2dj9VZ-2267,1.0,1,3,1,
1,1.0,4.1246843338012695,1,2146tqPHx6tj2s94He2JdG_i4232,1.0,1,3,1,
1,1.0,4.302196264266968,1,577YsCJ2FO7dV054McSxQvM177,1.0,1,3,1,
1,1.0,4.2710583209991455,1,2679ULojnjXzA_nUbY_9FqSx1025,1.0,1,3,1,
1,1.0,4.20305871963501,1,2029WPXur9oP38dHkMIPUsem2155,1.0,1,3,1,
0,0.5,4.192106485366821,1,2360wqBrcNsj4JFKMf-J5jFI3733,0.0,0,3,1,
1,1.0,4.134012460708618,1,2527_1gwPfkH0sI_fNYkRULn1713,0.0,0,3,1,
0,0.2962962962962963,4.8195390701293945,1,2523I4nlHreDk5vBkSCH8RHq1726,1.0,1,3,1,
1,1.0,4.148811340332031,1,2002a_R1XmwMDmL5wyPZDS2t2203,1.0,1,3,1,
0,0.5,4.426923513412476,1,2478ulEtsZsxkcgly7IxV7jm1830,1.0,1,3,1,
0,0.16216216216216214,4.776497840881348,1,2426FvIaTEpxUSzdWjZW6ctB3605,0.0,0,3,1,
1,1.0,4.242869138717651,1,19540qz1hFiTRNqKyYUyx4Y82288,1.0,1,3,1,
0,0.2285714285714286,4.7254416942596436,1,589s50VvGuiEMsAcZpOIrdE142,0.0,0,3,1,
1,1.0,4.130650043487549,1,8616U9DJ4emRPwsHZTqmdGu2714,1.0,1,3,1,
0,0,4.886642694473267,1,964RapMeSY8FyWlaMkFUNk8508,0.0,0,3,1,
0,0.16666666666666669,4.385002136230469,1,1464jHZlsBjVv-8xARfsJrXa2086,0.0,0,3,1,
0,0,6.3349480628967285,1,2427o0QmxcHBetNiSbTlOqmh3602,0.0,0,3,1,
0,0,4.109146356582642,1,1429iK5AeBnwtcbLHrY4SztI601,0.0,0,3,1,
0,0.11764705882352941,4.438236713409424,1,2345xzNHwuJ_9-no_amFWS4A3767,0.0,0,3,1,
0,0,7.737945318222046,0,2943rfsS5qs59QlXyCYYjei03989,0.0,0,3,1,
0,0,4.098749160766602,1,1467oCR_WpQCRef2iR_N2NhR2077,1.0,1,3,1,
0,0.0425531914893617,4.874551057815552,1,11583AIKJFgE0UrBCHocpd653277,0.0,0,3,1,
0,0,4.905046701431274,1,578C_O7pYNiyLAUSE5J66xB176,0.0,0,3,1,
0,0,0.23001861572265625,0,26062Jzbzm2Iew5_dSx6LCM12376,,,,,
0,0.75,4.292731761932373,1,2517saKKvHaEWnw2pvl75Xuf1742,1.0,1,3,1,
1,1.0,4.368249893188477,1,17839rNVzte3BRZvP4qWRMqo3467,1.0,1,3,1,
0,0.18181818181818182,4.217269659042358,1,2111jmqUVcM8RCxkrmjvb0hZ1476,0.0,0,3,1,
1,1.0,4.308623313903809,1,2514EGWk59PbC7MjrXE6AlVn1751,1.0,1,3,1,
1,1.0,4.180085182189941,1,1517p5p7fblRKtBb8l9_uGtZ1977,1.0,1,3,1,
0,0.24242424242424243,4.823390245437622,1,2727bEO69UF_-G1jUOIEpXYj891,0.0,0,3,1,
0,0.8,4.2957236766815186,1,858nySH6AfeIgauM40DaAIr2725,1.0,1,3,1,
0,0.20689655172413793,4.524112224578857,1,685-r-l6EtOMeFTYAMUFp2R2913,0.0,0,3,1,
0,0.368421052631579,4.835340976715088,1,2383_zZGxCRJzjykFJNk3Fql3681,1.0,1,3,1,
0,0,7.4779438972473145,0,24874ZExUiMVxjjNDRJVHXGS1814,0.0,0,3,1,
0,0.18181818181818182,4.391723394393921,1,2468bI5nQWQ8Og-_9QlLKU8v1859,0.0,0,3,1,
0,0,4.537477254867554,1,19734HA-piKOQCj9cOheHeMR2250,0.0,0,3,1,
1,1.0,6.00042200088501,1,942YwxEcLEOCAotnSzvxJj-575,1.0,1,3,1,
0,0,4.564108848571777,1,2026yIVtrJbiaYcqiJLKF7l92162,0.0,0,3,1,
1,1.0,4.150515556335449,1,2180GzU3fBZQ6NFjdA3mnHhk4143,1.0,1,3,1,
0,0,0.25384950637817383,0,1942fMXkD48PYS9_snttkRcW2317,,,,,
0,0,4.277467727661133,1,2629-52k9W9kCEdUZtJCllTb2338,0.0,0,3,1,
0,0.5454545454545454,4.3902013301849365,1,2110ziYcZhTz_BC1MPXgUtC31479,1.0,1,3,1,
0,0.4,4.45978307723999,1,731bdFMw_WBEsLLGgw0OqIo2798,0.0,0,3,1,
1,1.0,4.368819713592529,1,1450f9K9T1lv3UmdhS-rbS-p2113,1.0,1,3,1,
0,0,4.342446565628052,1,737t5Q6W-ejkvhnx8fhmjhP2784,0.0,0,3,1,
0,0.35000000000000003,4.8813066482543945,1,2421aPJOo5UynG4APVgasKa53613,1.0,1,3,1,
0,0,4.4129319190979,1,1342n57h5KFhZrmo2TPiuwv5845,0.0,0,3,1,
0,0.6666666666666666,0.21809053421020508,0,573-_AYG-xxnzzEd1LZiGf8191,,,,,
0,0.5555555555555556,4.510387897491455,1,972xR4_uxpnlIN8NrBztoj1483,1.0,1,3,1,
0,0.28571428571428575,4.1395583152771,1,1176w-tnctiph48cguCP6TLh3228,0.0,0,3,1,
0,0,7.456623792648315,0,2020ubB0JZzHv_29zd0WpIjn2174,1.0,1,3,1,
0,0.8,4.445373058319092,1,1443Nxfx0xTNPIR7XHCONrlL2124,1.0,1,3,1,
0,0,4.731602907180786,1,1359ZuJdS_tCrQFa5IcePruQ794,0.0,0,3,1,
0,0,4.594797372817993,1,2161ve-pKOVFfnwct9-ZGtow4196,0.0,0,3,1,
0,0.5999999999999999,4.486320972442627,1,1163WM0PVD9qbxkmDaQOIW7Y3265,1.0,1,3,1,
1,1.0,4.2747297286987305,1,1415xOKyGuKnDwYbWfqm8DyH643,1.0,1,3,1,
0,0,6.013028383255005,1,539g1HipZa4q8coORPOMHwj293,0.0,0,3,1,
0,0.1904761904761905,4.504316329956055,1,22165cE4SIrSj4XGK-I-cUmM4057,0.0,0,3,1,
0,0,5.445937633514404,1,907CG6Y0hTOIf2iMApGkPO72604,0.0,0,3,1,
0,0,0.6272575855255127,0,20865AJD7uSijZkNu3lQlJ481546,,,,,
0,0.32,4.342234373092651,1,27282z0c8x28uAuDYrTlxOP-889,1.0,1,3,1,
0,0,4.256414890289307,1,2979WuXci60uJEdQnVCd4Xjn3913,0.0,0,3,1,
0,0,0.21416378021240234,0,1372T0eDMjnAIUtMFQHcIZWS757,,,,,
0,0.14285714285714288,4.556718349456787,1,16200K9t6uefE0HN9Xb3n6aS1179,0.0,0,3,1,
0,0.5531914893617023,4.713621377944946,1,2729ECSyBaYVZZbDBNyaHu4J886,1.0,1,3,1,
0,0,4.661354303359985,1,569DSGp7NYhekO9pVIHrI21203,0.0,0,3,1,
0,0.5384615384615385,4.345524072647095,1,1466QWMZl6lBSpMlxHibwqSn2079,1.0,1,3,1,
1,1.0,4.303779363632202,1,1028r9dv8iRRQSL7Ihwkp7tz330,1.0,1,3,1,
1,1.0,4.268768310546875,1,2119SJEcYcuuQpuvuba_KlGl1451,1.0,1,3,1,
0,0,4.382128000259399,1,2044egsXeT6Z85kZYfUih06a1666,0.0,0,3,1,
1,1.0,4.13608455657959,1,855ENEaLZEfgqfGiXz23p4l2732,1.0,1,3,1,
0,0,28.166449308395386,2,18328gCMjbpzCLFnoMXN6srf3355,1.0,1,9,1,
0,0,4.441796064376831,1,20641EP682eRhx2QWgjzDM9I1608,0.0,0,3,1,
1,1.0,4.247421026229858,1,2664AqK615zaJ_528hvbvtPb1070,1.0,1,3,1,
0,0.08,4.880196571350098,1,641QPygyAWeJTz2UqZLxPPB3029,0.0,0,3,1,
0,0.6666666666666666,6.341242551803589,1,1814rsETf2eToNtZrivLqKSE3401,1.0,1,3,1,
0,0.14285714285714288,4.3448381423950195,1,8521sw4TcnPagCQEoFKD9fN2741,1.0,1,3,1,
0,0.08695652173913045,4.521226167678833,1,606ydc6r27eppB2SC3CIOZ595,0.0,0,3,1,
0,0.20512820512820512,4.912337779998779,1,2373iZm5h4f5Vzcv3z363qPA3704,0.0,0,3,1,
0,0.125,4.369943618774414,1,1190K-vBrGKzVvJ8j8oue-N63186,0.0,0,3,1,
0,0.8181818181818182,4.288254976272583,1,671tmMHr0OIhb3ulvq5ranP2948,1.0,1,3,1,
0,0.3076923076923077,4.38527250289917,1,2993pJ4MhlqvNdq3HP6O5MsP3878,1.0,1,3,1,
0,0.19354838709677416,4.7082200050354,1,2985h8b9cr8x87sGlc8_zLvd3897,0.0,0,3,1,
1,1.0,0.21055054664611816,0,1957eVvVnYRmwC4qKHak6Ffq2281,,,,,
0,0.35294117647058826,4.815631866455078,1,2712gqTOsON2hU4puCu5hGNj932,1.0,1,3,1,
0,0,4.481226444244385,1,2605xGWRPmjAX3zTTpbG5G9l2380,0.0,0,3,1,
0,0.7999999999999999,4.35617995262146,1,15437IrG_pxUZHW4l3vkQWeG1385,1.0,1,3,1,
0,0,7.59873628616333,0,2736DC0e2KjXgGVcPZ2WLIxz867,1.0,1,3,1,
0,0,4.496518850326538,1,735vGzQ3nCx9nbWxB-Wes4C2788,0.0,0,3,1,
1,1.0,4.1359779834747314,1,868zHuIutIEJT12F-70883W2702,1.0,1,3,1,
1,1.0,4.388862133026123,1,1405rcqGslh1c27GRanvx433670,1.0,1,3,1,
0,0.052631578947368425,4.557739734649658,1,2466TSVQzmiW-hXcxaEULw6K1865,0.0,0,3,1,
0,0.8571428571428571,4.309791088104248,1,3002ZnCAiqYIoMCUF-7Op9gv3858,1.0,1,3,1,
0,0,7.493481397628784,0,896q9fkwlNTB-uLIhW50gpL2637,1.0,1,3,1,
0,0.625,4.408579111099243,1,2082_Dh7f4W3xlRk5gN1uWO_1556,1.0,1,3,1,
0,0.6666666666666666,0.1749424934387207,0,567COo6mlEhcowdZdaMt4w3209,,,,,
1,1.0,5.965092658996582,1,1411rDFl1-2KKRZG_zvEhPJb654,0.0,0,3,1,
0,0.36363636363636365,4.1400086879730225,1,2619jg4HxmXkfW55mTET__tk2360,0.0,0,3,1,
1,1.0,4.164108991622925,1,151099HNGPaLvlMftND5z0oJ1999,1.0,1,3,1,
0,0,4.2240211963653564,1,905uMGe3kos3fBWBJRcu64_2611,0.0,0,3,1,
0,0.06451612903225806,4.697580575942993,1,2360xl9Xtx2fW4L4xa2bqWt43734,0.0,0,3,1,
0,0.3076923076923077,5.003509998321533,1,2578y9zD7QdiguEv3Qrdgam-2440,1.0,1,3,1,
1,1.0,4.218100070953369,1,2996CdNLqVyCF_oDaGCdvP6v3872,1.0,1,3,1,
0,0.10526315789473684,4.518768787384033,1,2364oU8m6CS05FyyuZgf1_IG3725,1.0,1,3,1,
0,0.19047619047619047,4.546340227127075,1,1591dOdM4uX7gsb6h9hiAaa_1258,0.0,0,3,1,
0,0.5,4.336899518966675,1,2041vmx_DG5RRvLGNwO62TW31673,1.0,1,3,1,
0,0.18181818181818182,4.356794118881226,1,2615GCUYxQ_Kg8yTnaAtYYpJ2367,0.0,0,3,1,
0,0,4.226022243499756,1,19886xZ3QL22JgKPuzBHbhPo2221,0.0,0,3,1,
0,0.09523809523809523,4.636714458465576,1,29746uLZOTxxVUkngoUfAtI03924,0.0,0,3,1,
0,0.4,4.359494924545288,1,24911q_50dkgYzY3pVZJL3Sc1804,1.0,1,3,1,
0,0.1818181818181818,4.431961536407471,1,665rw55Ie4DPe0sqY77puig2963,0.0,0,3,1,
0,0,4.202451944351196,1,900Uh49Da025Lfl-NKMic6l2624,0.0,0,3,1,
0,0,4.405502080917358,1,19755a5nBZxiYhO8aWU2MbW-2243,0.0,0,3,1,
0,0.8571428571428571,4.331530809402466,1,3004GygMUfp60E04HQswkbY53853,1.0,1,3,1,
0,0.5,4.216429710388184,1,592UDCpvvji8D0o4tbyHcVk134,0.0,0,3,1,
0,0,6.1552088260650635,1,550jo6NqKN88LJy5XivwHWi259,0.0,0,3,1,
0,0.11764705882352941,4.511764049530029,1,2108cT1EpZ4KVx-gQkxVCsU81485,0.0,0,3,1,
1,1.0,4.230595111846924,1,1489_LmzgmYgdCJhBmnZ8hvL2034,1.0,1,3,1,
1,1.0,4.006618022918701,1,2057ITnDGLVg5S2wqKJ__VIR1628,1.0,1,3,1,
0,0.3636363636363636,4.37059473991394,1,558WnzWtR_n-6_l7FCPRBSg236,0.0,0,3,1,
0,0.05263157894736842,4.909918546676636,1,2204OiV3FwpDb5okA_ERACO-4085,0.0,0,3,1,
0,0.3902439024390244,4.800376653671265,1,1789NObn0laTBstP0EhadjV63454,1.0,1,3,1,
1,1.0,4.246163606643677,1,1533z2Yfjif7NuyxeBQgP_HF1939,1.0,1,3,1,
0,0.1818181818181818,4.2635133266448975,1,2068VZFhrfoQaF6_QqHBU8iB1598,0.0,0,3,1,
1,1.0,4.163282632827759,1,899hXr2vSRxP3sXDcstnm7f2627,1.0,1,3,1,
1,1.0,4.228701829910278,1,2173fu4XUTuowr7JXVT_qKR14163,1.0,1,3,1,
0,0.13333333333333333,4.745415925979614,1,2669bH2ksxtOtDv46cPVBE6i1054,0.0,0,3,1,
0,0.3333333333333333,4.297839879989624,1,987JCMK8qp1XiHG6fmq_sqJ440,0.0,0,3,1,
0,0.4,4.403578519821167,1,1473IwZwglReS87tV2cQBA732060,1.0,1,3,1,
0,0,4.373977184295654,1,2974B_C3BlFiCXVCIZTJwilo3925,0.0,0,3,1,
0,0.24999999999999997,4.587499141693115,1,13382oqMvOQePhgGm47Ig4iy856,1.0,1,3,1,
0,0,4.342014789581299,1,1366vMaTN6bH1mlTrIsQvDrD774,0.0,0,3,1,
1,1.0,4.329363107681274,1,2532QPzqtcjnJeRC9NxubnOq1697,1.0,1,3,1,
0,0.5000000000000001,4.774723052978516,1,13510pFXx2vFby05X2rDRJDH818,1.0,1,3,1,
0,0,6.927507400512695,1,2488UeDf5D4M1cp6aiddpWg11811,0.0,0,3,1,
0,0,4.492860555648804,1,1214Ok_4GK2IaQBQ79ypkNPy3115,0.0,0,3,1,
0,0,4.355393886566162,1,1014qxjC6hnOZ4bPaoSmBsdF374,0.0,0,3,1,
0,0.20689655172413793,0.643653154373169,0,1179Ij6ixmYImDvTIyylli083218,,,,,
0,0.25,4.347734212875366,1,1577Tx9C-i93906ZHG2xsANm1297,0.0,0,3,1,
0,0,4.267859220504761,1,640Qn7zKz3a0K2CPVQ8ePuQ3032,0.0,0,3,1,
0,0.16,4.601722478866577,1,19876rRq7_YjGKc8EGqs5MHC2225,0.0,0,3,1,
1,1.0,4.133784294128418,1,2569CxCo2aX4KFjjA2hi_lMj2452,1.0,1,3,1,
0,0,4.576329946517944,1,2529V89h3rXsLL-Bn_hU6PlI1708,0.0,0,3,1,
0,0.7741935483870968,4.713246583938599,1,2435ycikQl9rkmIjh9_GR_8D3592,1.0,1,3,1,
0,0,4.730793714523315,1,1176w-tnctiph48cguCP6TLh3229,0.0,0,3,1,
0,0,7.9311652183532715,0,1946W3OXI0TdbwpADVOL3aMn2309,0.0,0,3,1,
0,0.962962962962963,4.627930641174316,1,943kajWSnLrin3THXJG_d-e572,1.0,1,3,1,
0,0.6666666666666666,4.315371751785278,1,1383YetDIx4cL2q9GHdVBJD-729,0.0,0,3,1,
0,0.9600000000000001,4.557392597198486,1,609XnbMzpiEKTX90WRPpJOt84,1.0,1,3,1,
0,0.6,4.615191698074341,1,1193C2qmrHktioGE48fbbu-L3176,1.0,1,3,1,
1,1.0,4.431897163391113,1,2956Otjt30tSP4HL0iirPKga3970,1.0,1,3,1,
0,0.8571428571428571,4.414626359939575,1,2111jmqUVcM8RCxkrmjvb0hZ1475,1.0,1,3,1,
0,0.6666666666666666,4.4486212730407715,1,2053DCa4BLCC5EEQ8l7BVnnp1641,1.0,1,3,1,
1,1.0,4.201791048049927,1,1831tcPzTf490y--20TmCWYb3357,1.0,1,3,1,
0,0,6.118079423904419,1,2078W30r7PMtchtgZT05P_0F1567,0.0,0,3,1,
0,0.8275862068965517,4.334084510803223,1,2668AHxJtYWTzyrukwP1xRqK1058,1.0,1,3,1,
0,0.2,4.670001268386841,1,2235T3dDg5JzleG0wsFMwsrI4004,0.0,0,3,1,
1,1.0,4.29122257232666,1,1162WEg_WPImiRPmAPvN_wnE3046,1.0,1,3,1,
0,0.25,4.268607139587402,1,1530v9JIqRhesvlWwvstOwUR1947,0.0,0,3,1,
0,0,4.416301488876343,1,21282Cr-35xm2wBqUSJkqXMj1427,0.0,0,3,1,
0,0.42857142857142855,4.283850431442261,1,2133ia1657jfSMNoNsdF-A8e1410,1.0,1,3,1,
0,0.3333333333333333,4.114535093307495,1,2114KZNekbM38CclfRRE-ywL1465,0.0,0,3,1,
1,1.0,4.302886724472046,1,649GcmdYL3Emps2uVuhx-H43007,0.0,0,3,1,
0,0,4.444437265396118,1,1503af8K_zL5CtKNHAHXkLFb2014,0.0,0,3,1,
0,0.380952380952381,4.5750837326049805,1,2631M_1rjE6k2YLouvowQoHJ2334,0.0,0,3,1,
0,0,4.254346609115601,1,13571OZrZVDhI2J41tg7Luts799,0.0,0,3,1,
1,1.0,4.356814861297607,1,1948sF2A90axDwVcHIOfnQu02302,1.0,1,3,1,
0,0.25,4.443233966827393,1,1397uK17KbqMDLHfC2NAWiR6696,1.0,1,3,1,
0,0.08695652173913045,4.550424337387085,1,2162sIzRzzGNPsYc1OfiUIPo4194,0.0,0,3,1,
0,0.48,4.766730785369873,1,2519QxDbu-BKdCqq5I8jKsxd1736,1.0,1,3,1,
0,0.8,4.278880596160889,1,1140_G-tYCpmdE-Vgax33wA53329,1.0,1,3,1,
0,0.5833333333333334,4.483236312866211,1,1376fXJB349zgjyv_w4X0bXI749,1.0,1,3,1,
0,0,4.3547985553741455,1,2539EoMAwcPqzS7vEDYb36052512,0.0,0,3,1,
0,0.1904761904761905,6.138258218765259,1,1415xOKyGuKnDwYbWfqm8DyH642,0.0,0,3,1,
0,0.15384615384615385,4.388858318328857,1,2657Omxhm5FyXyyp4pVdXx3Z1088,0.0,0,3,1,
0,0,4.349818468093872,1,1559OCcb7F7icUkYfeTFgLDJ1339,0.0,0,3,1,
0,0.4615384615384615,4.4627015590667725,1,2340-UH-PIG4sGreW8w-HZcs3781,0.0,0,3,1,
0,0,1.0479185581207275,0,600suii1SM_U9v151qZEv7q108,,,,,
0,0.6666666666666666,4.416187763214111,1,2224WT9qVEbYuJZkZlYlFqvu4039,1.0,1,3,1,
0,0.8,4.335545539855957,1,15115M-53_v3IHPgxyCKm4AQ1997,1.0,1,3,1,
0,0,4.360544919967651,1,20610DTWrltcqPvIP7325vbT1618,0.0,0,3,1,
0,0,4.482258319854736,1,2712b_7wo5wra85_-rQQk4ow934,0.0,0,3,1,
0,0.37499999999999994,4.627715110778809,1,719PmQpieO8CYor-psBwccz2829,0.0,0,3,1,
0,0,4.352035999298096,1,956Prvd8MNNxoAkjTza4l1I531,0.0,0,3,1,
0,0.23529411764705882,4.670578241348267,1,991M6WF9u6tZAMeisG6gK8G426,0.0,0,3,1,
1,1.0,4.313431024551392,1,2531wAQb5TOSCuVTwZGjz1rT1700,1.0,1,3,1,
0,0.3529411764705882,4.4035563468933105,1,26276wka1rfL0BiynIYM718e2346,1.0,1,3,1,
0,0,4.631126165390015,1,1357dHKRJVVa-pcJ70XOotOx801,0.0,0,3,1,
0,0.4444444444444444,4.323385715484619,1,701k_RQvhmFwArZx0ORLSmx2876,0.0,0,3,1,
0,0.03278688524590164,5.289295434951782,1,963hj2Qz6EQ6THhVWXKuc_U511,0.0,0,3,1,
1,1.0,4.192939758300781,1,17839rNVzte3BRZvP4qWRMqo3466,1.0,1,3,1,
0,0,4.2822723388671875,1,978MffUzw1E-fEffOOZYYot467,0.0,0,3,1,
0,0.5,6.107488393783569,1,2386qMf0MKowAfp8GBBNMPlr3678,1.0,1,3,1,
0,0.23529411764705882,4.227403402328491,1,929dPT0tABWxMMojg5QUiX02541,0.0,0,3,1,
0,0.12500000000000003,4.3857786655426025,1,869yPJxiVsQSnIU0zG1C_9m2700,0.0,0,3,1,
0,0,0.19115090370178223,0,2142esGir_4_h9voaRtDNIdz4245,,,,,
0,0.10526315789473685,4.425601243972778,1,2987jq09CSEi-lBZSSYtX9tj3892,0.0,0,3,1,
0,0,4.537266492843628,1,2126DJgUbSL5sAmvrHK4b6i71432,0.0,0,3,1,
0,0.7272727272727272,4.364416599273682,1,2684Tsl9g-K98ihJB9COTF6d1010,1.0,1,3,1,
1,1.0,4.156100034713745,1,841hinfHVUUAR8bWXtEBCsQ2775,1.0,1,3,1,
0,0.6666666666666666,4.496733665466309,1,2666vJpSGujkwt27p7tp6O901063,1.0,1,3,1,
0,0,4.3476762771606445,1,625ZwZR45NRbfMFQ0oVKYjz41,0.0,0,3,1,
0,0.5,4.3069281578063965,1,1156df4-3lXjk7sDVJcyLHlO3283,0.0,0,3,1,
0,0,4.317960977554321,1,843zyenQsDbdyEDKorOOEer2770,1.0,1,3,1,
1,1.0,4.682852506637573,1,1035LFxawmqTFdvZQiUCxQ31310,0.0,0,3,1,
0,0.19999999999999998,4.5478620529174805,1,2355g1DEdj6BajInIdfN43xp3744,0.0,0,3,1,
0,0.4,4.20097541809082,1,2496BbugoKX7EuTf6XE9o7do1793,1.0,1,3,1,
0,0.14285714285714288,4.550696134567261,1,1614cyIrQoaHS01cQ4YtB4rN1196,0.0,0,3,1,
0,0.0625,4.497849702835083,1,2460wLS6NYxz86-N9QN0fiAS1872,0.0,0,3,1,
0,0,4.371989727020264,1,2013gpksQIp23gepFksmpqXj2187,0.0,0,3,1,
0,0.4,0.33842039108276367,0,566fv5aDvtV7-Bv4hgl9TCy211,,,,,
0,0.12500000000000003,4.296084880828857,1,1006wNOvBdYdfzaE5bKwHMrj394,0.0,0,3,1,
0,0,4.703201532363892,1,2175Be6E_9waJICTPdXhoGc74157,0.0,0,3,1,
0,0.2857142857142857,6.230905771255493,1,1555fIGxkCCrk6ibrb-al9xh1352,1.0,1,3,1,
0,0.15999999999999998,4.505610466003418,1,2469md_5PBJjoEzHnxLNfP-31854,0.0,0,3,1,
0,0.16666666666666666,4.444379091262817,1,1594vbwJIaYnRKU4MTrVcD4P1249,0.0,0,3,1,
0,0.896551724137931,4.485821723937988,1,2449Gc-t93zVR6Bjza9-brVc1897,1.0,1,3,1,
0,0,0.31560492515563965,0,543NpNSndtBz1uxC9CuhODm281,,,,,
0,0.6956521739130435,4.506099224090576,1,1025Ra_IZNvQuUI7Ec5aTeot340,1.0,1,3,1,
1,1.0,4.291108131408691,1,2523I4nlHreDk5vBkSCH8RHq1725,1.0,1,3,1,
0,0.8,4.106225967407227,1,1549ke6ypccQP3h0ZB6b7GCG1370,1.0,1,3,1,
0,0,4.667022943496704,1,2690j2wOUpSsJgKU08FvIZEg993,0.0,0,3,1,
0,0.3225806451612903,4.379401445388794,1,2080DF2p6ax3v1-aUbtGWT4O1561,0.0,0,3,1,
0,0.8571428571428571,4.424031972885132,1,2209BDzn0SpuYmXdWVg9Z1Hy4071,1.0,1,3,1,
0,0,4.171601057052612,1,1419tOWt7I089hJ4HUoPR6EI631,0.0,0,3,1,
1,1.0,4.102582693099976,1,1628lnBbfe3Htrze2ai84nZb1159,1.0,1,3,1,
0,0.6,4.41905403137207,1,1576P214oupErvTP6090GMli1301,1.0,1,3,1,
0,0,4.38329553604126,1,1621kehREtB2jwFxfLSb5njd1178,0.0,0,3,1,
0,0.8,4.452603101730347,1,5532TWtKb03tsQH8Wep0CiY251,1.0,1,3,1,
0,0,4.2923665046691895,1,1801zUHKaLWfFrE-EA8M3DOI3430,0.0,0,3,1,
0,0,4.313585996627808,1,1578BMhD9BqceYI3i9rcq5zi1294,0.0,0,3,1,
1,1.0,4.2341468334198,1,948uYfQaDqdMCAYnSxY-SL1556,1.0,1,3,1,
0,0,0.48908019065856934,0,1216-uAt0pBo8VUzVu7fmS2y3107,,,,,
0,0.32,0.6630971431732178,0,949-8BF6fDFHRAnfe-2RE-l554,,,,,
0,0.7142857142857143,4.459878444671631,1,2084KAYAsRFlZ71FWVieGtVO1551,1.0,1,3,1,
0,0,6.115514039993286,1,11409iwBcdcK7cw_g6zqHGJJ3331,0.0,0,3,1,
0,0.8571428571428571,4.097246408462524,1,2054dYaTbGXvuHEu9KAgglUa1638,1.0,1,3,1,
0,0.8,4.282960414886475,1,633AbrSc7FQvB59-3tSuvrL17,1.0,1,3,1,
0,0.125,4.3743860721588135,1,1448zBLLz7KDRP88dG5hhHYA2115,0.0,0,3,1,
0,0,4.612884521484375,1,1767VEuCAyUVu8RWl4oT_E163504,0.0,0,3,1,
1,1.0,4.444405794143677,1,2564AaK20GeV0Vbt9hLoucnT2462,1.0,1,3,1,
0,0,4.557774543762207,1,986wotq83gPK5H9RJCPZcUa442,0.0,0,3,1,
0,0.0606060606060606,4.939754486083984,1,22173K97KOlZYwLPP2yAPHFs4052,0.0,0,3,1,
0,0.3333333333333333,4.149346590042114,1,1491oI4TAF4mItNmtq538iaG2032,0.0,0,3,1,
0,0,4.475494146347046,1,26929qhEFKe0I4Mglt2Q49vv987,0.0,0,3,1,
0,0,4.305909156799316,1,2153vtkEwqa70V_8uUMng2Jv4215,0.0,0,3,1,
0,0.13333333333333333,4.608881950378418,1,1355DqKO8ByX-dB6SOPvmL5p806,0.0,0,3,1,
0,0.0625,4.930870294570923,1,1396fc8ojkJs9ZgQtwEceZFu697,0.0,0,3,1,
0,0,4.705115795135498,1,2021myUwxcaJpraoFdHEJ6jp2172,0.0,0,3,1,
0,0.2285714285714286,4.732853651046753,1,1964IYccs9F9IcK39eAWE_OV2266,0.0,0,3,1,
0,0.6363636363636364,4.60948920249939,1,1760NxofyqAwNCoWrjcNMQrs3523,1.0,1,3,1,
1,1.0,4.138949394226074,1,182447yf5Kxgmkoq18WzZ-kB3378,1.0,1,3,1,
1,1.0,4.3757243156433105,1,1756rsPxqBmo2fmiaq4y7pBo3537,1.0,1,3,1,
0,0.1111111111111111,4.456954717636108,1,26929qhEFKe0I4Mglt2Q49vv988,0.0,0,3,1,
1,1.0,6.013309717178345,1,1408oW7JLFkBO33d8TQf4N0l661,0.0,0,3,1,
0,0,18.852576732635498,1,726kYOF7b8VZTpJYpYpEvr-2810,0.0,0,6,1,
0,0.8,4.167318820953369,1,2600QfJIRcuIUzI4QlhhMFbN2394,1.0,1,3,1,
0,0.08695652173913045,4.278970241546631,1,2727JkYnxxl8d_jUsjzpRwXm892,0.0,0,3,1,
0,0,4.585957050323486,1,1752E5XokYRzRxCMWKU2kTp-3548,0.0,0,3,1,
0,0.5,4.20075798034668,1,9100HQlpvSt_OwVnpYpqMFu2595,0.0,0,3,1,
0,0.27586206896551724,4.84216570854187,1,24146Uu3KI3elnXv3Pgy3-sY3625,0.0,0,3,1,
0,0.06451612903225806,4.641986608505249,1,1763gJg7xSGSXczCwSQDvwfc3514,0.0,0,3,1,
0,0.8,4.178611993789673,1,1459Gtt57D0AV39kKJE2bz4b2095,1.0,1,3,1,
0,0.09090909090909091,4.562020540237427,1,1811pukiof6PWRYXCXAxaVhv3407,0.0,0,3,1,
0,0.6666666666666666,4.238715410232544,1,1234GFGbCJaowYOFWcFznuUN3056,1.0,1,3,1,
0,0.5,4.356788635253906,1,662vdy4KyRsfU9fUc7gxaki2970,0.0,0,3,1,
0,0,4.343065977096558,1,2195U05jz4berWp0PFCFx8lG4110,0.0,0,3,1,
1,1.0,4.234925270080566,1,1528gtejhc_4xiAJRnNQX5fY1950,1.0,1,3,1,
0,0,4.354559421539307,1,1152Rg3AUei-9moPZLj_2J3Y3295,0.0,0,3,1,
0,0,4.323554277420044,1,1180D8Sheg2RzZqhe6O4YQOs3215,0.0,0,3,1,
1,1.0,4.2832159996032715,1,944L6KXmQVd7mhz2JgtDbJU567,1.0,1,3,1,
0,0,4.728323459625244,1,9567FV5fK_9tjWGUSOCiJM4533,0.0,0,3,1,
0,0,6.7910144329071045,1,557jlOGQ8cWQ5Q_as3HFgdb238,0.0,0,3,1,
0,0,4.327681303024292,1,2681RVH7HXkHR05ejdYsqsI41018,1.0,1,3,1,
1,1.0,4.246397495269775,1,961cuP3rfqgKJmh5Lu0AzVJ516,1.0,1,3,1,
0,0.04761904761904763,4.714837312698364,1,2383_zZGxCRJzjykFJNk3Fql3682,0.0,0,3,1,
0,0.4210526315789474,4.548242568969727,1,9933_mUxqp74zyG7yfPAiEX420,0.0,0,3,1,
0,0.22222222222222224,4.562583684921265,1,177554ovP1_0ekekHhCRWFeh3487,0.0,0,3,1,
0,0.11764705882352942,4.422252178192139,1,2014_XSPnuBYuAskzekdUW9_2184,0.0,0,3,1,
0,0.11764705882352941,4.5875866413116455,1,22218q38c0YRb2JXvtSd0Nqf4045,0.0,0,3,1,
0,0.5217391304347826,4.359193563461304,1,1425XcsU_HbBgv8By-D6Z3Ra612,1.0,1,3,1,
1,1.0,4.131861925125122,1,1942N1BOxjfwa6jWGDsgWHG22316,1.0,1,3,1,
1,1.0,4.227805137634277,1,216056mnlRJWqGhoIzF9wyxO4200,1.0,1,3,1,
0,0.1,4.621121406555176,1,26748vEm6_JIFNnvzYBeYPv81041,0.0,0,3,1,
0,0,4.4789817333221436,1,561RShlPGzCfUPZQrUdWiIe226,0.0,0,3,1,
0,0.2857142857142857,4.502316474914551,1,1999pCsU6o7Al1PsagdDjDms2208,1.0,1,3,1,
0,0,4.215208530426025,1,1360LxZ_Vrj1sZ5dYHaRGOd6792,0.0,0,3,1,
0,0,4.579523086547852,1,693O9x_DHPjJvDEqDaL5z3P2891,0.0,0,3,1,
1,1.0,4.444427490234375,1,2162Pp7-3-5tDfWWUPh7kkoP4192,1.0,1,3,1,
0,0.08695652173913042,4.664721488952637,1,1406r0ltJ0ogZOEySbpwaMW3668,0.0,0,3,1,
0,0.33333333333333337,4.369659900665283,1,2454DywEFUk_89WopSOIo62c1889,0.0,0,3,1,
0,0.05882352941176471,6.561577558517456,1,2597oOL_7CB6tThxfotDFYvs2400,0.0,0,3,1,
0,0,4.3226478099823,1,23795KyPYBugQHXet6Mhcn6k3688,1.0,1,3,1,
0,0,0.3488154411315918,0,550wrp-mp9TMdH2CqA5WYOK258,,,,,
0,0,0.32721614837646484,0,680SoWSzZf-Vj7dvc7zwoPn2925,,,,,
0,0,4.143994569778442,1,631gfVFI_1P9ON_SQmft4dC23,0.0,0,3,1,
0,0.3636363636363636,4.4819042682647705,1,1485zXrCfbHH-0tedwW1xWx02040,1.0,1,3,1,
1,1.0,4.151195764541626,1,2508lmmHXbx9CbrIhCEGTMgz1762,1.0,1,3,1,
0,0,4.310201644897461,1,29445EWHlsJVMIRKwumbCiCS3988,0.0,0,3,1,
0,0.4,4.171716928482056,1,2355g1DEdj6BajInIdfN43xp3745,0.0,0,3,1,
0,0,7.50351881980896,0,2342uOJtHG5g2JYNe5z81tda3775,1.0,1,3,1,
1,1.0,4.490150690078735,1,1404ZQwoPjfIlqZtLexyMKrY674,1.0,1,3,1,
0,0.8,4.37164044380188,1,2100wZS8Veo6hc9TL1NaJSaL1506,1.0,1,3,1,
0,0.8275862068965517,4.696806907653809,1,598sQDpQ6KKddxnTnAMlHjr115,1.0,1,3,1,
0,0.14285714285714285,4.395582914352417,1,897zxAZ4U3r-Zh1DtjSiIVV2634,0.0,0,3,1,
0,0.2857142857142857,0.3362405300140381,0,1976nFbvQGItJWwdL8HbiMOH2242,,,,,
0,0,4.292227745056152,1,878tqshp6q6ko3DcqZ6tS6C2678,0.0,0,3,1,
0,0.058823529411764705,4.5441577434539795,1,563-2Ot_VAy9WLUHbhZEXOM219,0.0,0,3,1,
0,0.8,4.272226095199585,1,1189K35XQ01jiETvv7rYOo0U3188,0.0,0,3,1,
0,0.25,4.329951763153076,1,1224Jb1mPpUJDQXOAhjg5Vzo3084,0.0,0,3,1,
1,1.0,4.15459132194519,1,2146CMsypO-GlkGAyST9v2a-4234,1.0,1,3,1,
0,0,4.6051435470581055,1,707rbJ8T66FV5pGZGyETeS02861,0.0,0,3,1,
0,0,4.308823347091675,1,648xsH7lylyZmqHM5Ja6ZG03010,0.0,0,3,1,
0,0.3529411764705882,6.206899642944336,1,2042iP4Erd5NWbbUyNtHBaEc1672,1.0,1,3,1,
0,0,4.433360576629639,1,1543fk6_ZyKd7tjxsbc5mIjL1383,0.0,0,3,1,
1,1.0,4.911712884902954,1,2338Lzhex2xkJZC3CWbYyT8B3782,1.0,1,3,1,
0,0.13333333333333333,4.321026563644409,1,668cWm_2tZEF2k08oPyz6iV2954,0.0,0,3,1,
0,0,4.391031980514526,1,2434KMUI0qQbxWvYC1q1ZqFT3594,0.0,0,3,1,
0,0.8571428571428571,4.243334054946899,1,15278rOHAAwxs4q7s-hbQurx1953,1.0,1,3,1,
0,0.10526315789473684,4.502311706542969,1,1448svVuYFDg3snhISg21wg52116,0.0,0,3,1,
0,0.608695652173913,4.8049774169921875,1,2208FuW7GAKFmCyvVin50esl4075,1.0,1,3,1,
0,0.4444444444444445,4.431965351104736,1,2213gQhJ4zM5EYENYcGQHGTa4060,0.0,0,3,1,
0,0,4.49587345123291,1,2680JFom2C2m5B61Zmr5e-xw1023,0.0,0,3,1,
0,0.3243243243243243,4.775744676589966,1,99301Zg9cGHX9Gf1_cI5mfK422,0.0,0,3,1,
0,0.2857142857142857,4.420638799667358,1,1813DaTooZTJtMNx4CNYD2p73402,1.0,1,3,1,
0,0.36363636363636365,0.3788721561431885,0,1423PX6sAYWhpQtqDkPXlwvJ619,,,,,
0,0.33333333333333326,4.279653549194336,1,1608Cjwz1f5MVloyXDrYtYD11216,0.0,0,3,1,
1,1.0,4.405206918716431,1,1469FeepfYJGM-RcHVUumiAM2073,1.0,1,3,1,
0,0.5,4.32274317741394,1,1417CvbtpTdNieUFK8V6Ekov636,1.0,1,3,1,
0,0.07407407407407407,4.69128680229187,1,2649-t0VK97BxI7xwcKTZLgQ1107,0.0,0,3,1,
0,0.07692307692307691,4.764064311981201,1,2037vvaVvs2-z2aR3schUPE52139,0.0,0,3,1,
0,0.11111111111111112,4.637694835662842,1,2956c4WpDuj0SNG4mcpScOq33969,0.0,0,3,1,
0,0,5.928776979446411,1,2217SJQhtYv5R5TRR96GIUDz4054,0.0,0,3,1,
0,0.7567567567567568,4.5793776512146,1,9901bDIlgQKtM_dfl7Uf_OW431,1.0,1,3,1,
1,1.0,4.233579397201538,1,1531MPYKMgh40o6Ahyhf_CTe1945,1.0,1,3,1,
0,0.5,4.247236728668213,1,2721w4sXZ7mV6j4Zl36hHUHd911,0.0,0,3,1,
0,0,4.3691086769104,1,554Juv49GDSnjvb85QJzKnH247,0.0,0,3,1,
1,1.0,4.27938437461853,1,2103yGieEHPDGAmeuapsFKsj1498,1.0,1,3,1,
0,0.2222222222222222,4.445574760437012,1,1184C_LA1pOBVN-7HWp0PVT03204,1.0,1,3,1,
0,0.18181818181818182,4.482764720916748,1,1617-HTq6axozTF-eMfISD1Y1189,0.0,0,3,1,
0,0.4615384615384615,0.3993384838104248,0,1623v44E7fmDk54O42TCHeFJ1171,,,,,
0,0.5,4.154176950454712,1,1554YNq8lJaLBlAPjkvuXlSf1355,1.0,1,3,1,
1,1.0,4.767664670944214,1,1368uHWjPP6hjmEyI0Uea54f768,1.0,1,3,1,
0,0,4.476046323776245,1,19488Pr6RoX5NaT1BWOrfb8b2304,0.0,0,3,1,
0,0,4.385471343994141,1,915hNLqOaPgMDH13MsuVSK52580,0.0,0,3,1,
1,1.0,4.261640787124634,1,1569FwzJ_LvmO5rW73WzT8541310,1.0,1,3,1,
0,0.4285714285714285,0.3245406150817871,0,2352sATjKyGbbi4RfrwE-QmQ3752,,,,,
0,0,4.271597385406494,1,2146CMsypO-GlkGAyST9v2a-4233,0.0,0,3,1,
0,0,4.502296686172485,1,2558zZ0LNdBHfD9mCPPPKIms2473,0.0,0,3,1,
0,0,4.701054573059082,1,852ZSryt9TK0_Cz0XclTy282743,0.0,0,3,1,
0,0.3636363636363636,4.50735330581665,1,1466QWMZl6lBSpMlxHibwqSn2080,1.0,1,3,1,
0,0.1764705882352941,4.833881616592407,1,8478WHZms7MdB1ce7kHygtH2758,0.0,0,3,1,
0,0.06896551724137931,4.7267866134643555,1,2981ylD4oznDeHfkfO4lmbTY3905,0.0,0,3,1,
0,0.4,0.25858545303344727,0,1748onKgABfsH9Ey9B-K6T2n3558,,,,,
0,0.5,6.213820695877075,1,973wD6IGiEh8Dy46Roludyx482,1.0,1,3,1,
0,0.25,4.269070386886597,1,1504eudKQjh2Zcev4hK4oHI82011,0.0,0,3,1,
0,0,4.261846542358398,1,968MjFCclVS0d1D0f2qQj3H495,0.0,0,3,1,
0,0.07692307692307693,5.024331569671631,1,2156pBjZFStWsSSBpKEqULmP4208,0.0,0,3,1,
0,0.2,4.428380012512207,1,25008jyl_fvzpJnsuFBgdiMe1779,0.0,0,3,1,
0,0,0.20447921752929688,0,1552mGG1NYRbYx9aZFFqni5G1359,,,,,
0,0.5714285714285715,4.257339954376221,1,1019zB6iUQ1EHfq_dimcfomU358,0.0,0,3,1,
0,0.33333333333333337,4.186793804168701,1,2516JbmLE4fDSyfphT4zqf3R1745,1.0,1,3,1,
0,0,4.3290112018585205,1,699OiEXRKj_U0b0vWMEpACW2882,0.0,0,3,1,
1,1.0,4.204862594604492,1,1524sFrIwH53jua7jqnLYOiU1963,1.0,1,3,1,
0,0.6,4.519568204879761,1,2099-acnCQhCOzxPYUMuFfmt1510,1.0,1,3,1,
0,0,4.153989791870117,1,2047k8-fX-AM7Tv4kEIBJCC81656,0.0,0,3,1,
0,0,4.232210159301758,1,21295BHq9T-LJZqpw1jzVi4C1423,0.0,0,3,1,
0,0.28571428571428575,4.439112186431885,1,2062VZLt42f5YfL_F5YiZJ9_1615,0.0,0,3,1,
0,0,4.971168518066406,1,26862KtqVf6aUK3bcskyPun21003,0.0,0,3,1,
0,0.5714285714285715,4.625648498535156,1,2156cAAwtbnblT7bk5Q4OXmn4206,1.0,1,3,1,
0,0,4.288745880126953,1,673iXJr6OQEiXTiLOSzfmZ82945,1.0,1,3,1,
0,0.7272727272727273,4.321454286575317,1,2662NwX5LGUVKuX9e_SZ5Ydk1075,1.0,1,3,1,
1,1.0,4.221386432647705,1,656YB8T90k-pyOHOCeclaxG2987,1.0,1,3,1,
0,0.3636363636363636,4.334895849227905,1,1822OZ0KdTZtweXH-nkWRos13384,1.0,1,3,1,
0,0.7741935483870968,6.341823101043701,1,13565ziQq0QewrGcH_w9CYT3803,1.0,1,3,1,
1,1.0,4.131914138793945,1,2989RyZlwTdDD2jGMDbsteBr3887,1.0,1,3,1,
0,0,4.478126525878906,1,2226L8d66ouJEV1RUNRdzzwj4032,0.0,0,3,1,
1,1.0,4.139688968658447,1,548Bj6ddRdZ8SW-Zzx6iTxc265,1.0,1,3,1,
1,1.0,4.180500507354736,1,1753F2-F3aTBMQahcdDwW-XL3544,0.0,0,3,1,
0,0.07407407407407407,4.79401421546936,1,9060M-eUQVT4tdQgPtZ-brd2608,0.0,0,3,1,
0,0.08333333333333333,0.28943729400634766,0,1621o42smlJhfXvPseS5MLZK1176,,,,,
0,0.12121212121212123,4.9427525997161865,1,1035Kj_n7x68Qn7yayqGqlkg309,0.0,0,3,1,
0,0.7272727272727273,4.4833455085754395,1,2411yhLiRr_JQnLEj9IucyWG3630,1.0,1,3,1,
0,0,4.1509387493133545,1,674NvGR-HjzwjtJCn0CRWAa2943,0.0,0,3,1,
0,0.1111111111111111,4.411008834838867,1,3004X8M9tRmpFDo7C4yTa_nC3855,0.0,0,3,1,
0,0,4.5716872215271,1,1339m1CLGfwJuUYwzo2OLZKV855,0.0,0,3,1,
0,0,4.415400505065918,1,1525U71OzY7b_K_zUbJ4Wn5-1960,0.0,0,3,1,
0,0.03225806451612903,7.624481201171875,0,1231cJjNwm3bfsTH7qWJy5MR3064,0.0,0,3,1,
1,1.0,4.198379993438721,1,1408azjEHKBnVfAY-oT13G79662,1.0,1,3,1,
0,0.28571428571428575,4.338979482650757,1,916HouNf3Zihi-QrcktYOJO2577,0.0,0,3,1,
0,0,4.460797071456909,1,2203MPjw7wTHX4rxoiofFaQy4089,0.0,0,3,1,
1,1.0,4.137549638748169,1,2538uT9UzILgVbv20p7KxXWQ2515,1.0,1,3,1,
1,1.0,4.44563102722168,1,2519KkZmS0x5ulGXiZTw1wKR1738,1.0,1,3,1,
1,1.0,4.20999813079834,1,1508P6G-ZISxFyD5_KJ3IUXw2005,1.0,1,3,1,
0,0,6.264521837234497,1,2617lIcTuHq8N8es-n39g3012365,0.0,0,3,1,
0,0.4516129032258065,4.3854660987854,1,1225RCrAx9wJxpkVXOhgrIVp3082,1.0,1,3,1,
0,0.2,4.356640100479126,1,1955QD7fJQoA5kgOX2s2B5yE2287,0.0,0,3,1,
0,0.5714285714285715,4.495304107666016,1,1358Ru5uz8DUOjyO0Xc4TIeb798,1.0,1,3,1,
0,0.8571428571428571,4.361731767654419,1,2960ks0WgzObT5mMe7JvUcdZ3958,1.0,1,3,1,
0,0,4.384901762008667,1,2587WZtb-G91TcjATusTTjeN2423,0.0,0,3,1,
1,1.0,4.198721647262573,1,584nEQ5EoREN-G1n2xXlQ6W156,0.0,0,3,1,
0,0.47058823529411764,4.7294762134552,1,1032MkCHpM6OpA6PnwVJTqDR318,1.0,1,3,1,
0,0,4.4011523723602295,1,18101KP3McThNf4JrT7MhYDK3411,0.0,0,3,1,
0,0.5,4.230196475982666,1,1528MgNp15Yx30rPeZDqHZi11951,1.0,1,3,1,
0,0,4.347409963607788,1,2199K4y-1LqwxyvhvEKrLYlM4100,0.0,0,3,1,
0,0.48387096774193544,4.920694828033447,1,2585Y2N2cI4AQIUUjwHj-pWh2425,1.0,1,3,1,
0,0,0.2106492519378662,0,565rvmkktoSoI8TnbBAfOcj213,,,,,
0,0.4117647058823529,4.812363147735596,1,2191KGSRpNKqbnOuXgkR_GXG4120,1.0,1,3,1,
0,0.4848484848484849,4.725583791732788,1,932xbC9_ugIV02dO2WeOtf32536,1.0,1,3,1,
0,0.888888888888889,4.349229097366333,1,1174cqJct9Y7Xjuewm_koPVH3043,1.0,1,3,1,
0,0,4.515774726867676,1,10310kDF1gSDdbFSECHjcQ-n321,0.0,0,3,1,
0,0.1739130434782609,4.607187032699585,1,2175S4MitjCgK9hknprHvclr4155,0.0,0,3,1,
0,0.1111111111111111,4.662237644195557,1,1540m7KtQ8W37yFZzUzVcX5F1394,0.0,0,3,1,
0,0,4.312079429626465,1,939Nc5hGTneUEWAXybnpuTl582,0.0,0,3,1,
0,0,5.9226202964782715,1,27096q2XztnsFkYKERTVO36v941,0.0,0,3,1,
1,1.0,4.101092100143433,1,1975vLuOp8gEBc7-d27D_PJt2245,1.0,1,3,1,
0,0.8,4.123255968093872,1,1154QF4krayqpB8xT4ck4ghA3287,1.0,1,3,1,
0,0.5,4.4236838817596436,1,24760bnRp2NFdgHXH8zJ23TS1835,1.0,1,3,1,
0,0,4.228932619094849,1,1353cuJ2B12zDs0aTs65HC-5812,0.0,0,3,1,
0,0,4.556195259094238,1,1029D_VXSqeEcmujQynOF_FN328,0.0,0,3,1,
0,0,4.1019158363342285,1,636DB3YzGx_xI3HQDZa-h7l6,0.0,0,3,1,
1,1.0,4.463712215423584,1,2043GupahRuMXnAkmy18E6L_1667,1.0,1,3,1,
0,0,4.236476898193359,1,1535JT_lXL_OClCIRi_Kf0od1933,0.0,0,3,1,
0,0.8,4.317088603973389,1,1186P7uxLqgOAlAmYWkWs7Z_3199,1.0,1,3,1,
0,0,4.4376795291900635,1,2593zX92VD8oSNjdJEyoOd_R2406,0.0,0,3,1,
0,0.5,4.100730895996094,1,2361c-8SrBx2PZDYVGvo5ybn3732,0.0,0,3,1,
0,0.125,4.735981464385986,1,24434z3j5gm_bj0nuQ8LfJIw1911,0.0,0,3,1,
1,1.0,4.200504541397095,1,1755k6OhZV2tgTLoY1YA0e3q3539,1.0,1,3,1,
0,0,4.422534704208374,1,5460SSbREtZ85AA4OPt7HWf272,0.0,0,3,1,
1,1.0,4.394309759140015,1,2963HjFPYoq9gOmFLNgG-zm13950,0.0,0,3,1,
0,0.3846153846153846,4.42613673210144,1,1411rDFl1-2KKRZG_zvEhPJb653,0.0,0,3,1,
0,0.16,4.531780004501343,1,6697jIYtcKSoYakHzaLUALm2953,0.0,0,3,1,
0,0.125,4.253667116165161,1,1953_7jguMvfhNu8DiK9_PGm2290,0.0,0,3,1,
0,0.42857142857142855,6.222710132598877,1,924pjumaMwKOEdZ-UotwyI92553,1.0,1,3,1,
0,0.4444444444444445,4.209431886672974,1,2630sxHawjQEFB6dK2XvhQG62335,1.0,1,3,1,
0,0.43902439024390244,4.687448024749756,1,2515HnCK6br3syHDxNhRpc8g1749,1.0,1,3,1,
0,0.26666666666666666,4.484713077545166,1,2174jnPDST2ssGQAHmj94OFQ4159,0.0,0,3,1,
0,0.3076923076923077,4.32956862449646,1,2437c2sYHX7dZAN7RcxrJekm3591,1.0,1,3,1,
0,0.5,4.185417175292969,1,5657UgoubyECldzVKmY9qmK215,1.0,1,3,1,
0,0,4.203963756561279,1,17827DnV3Cg-Nfu1fRrg_AZd3469,0.0,0,3,1,
0,0,4.506752252578735,1,30010MAQ7KJ-aW0Z2L6ThUUL3861,0.0,0,3,1,
0,0.6666666666666666,0.20935606956481934,0,634_5Ke_8xaAo_UsybwdiB114,,,,,
0,0.33333333333333337,4.286330938339233,1,604mQQLLhcNi8N9nxflPiAk101,0.0,0,3,1,
0,0.07692307692307691,4.385529518127441,1,2467UnCsY0GjqwvnMQVa1CFT1861,0.0,0,3,1,
1,1.0,4.355194330215454,1,594XaCVJIa20ZfOj0hFJ7HN126,1.0,1,3,1,
1,1.0,4.224899530410767,1,1984InJu5XFguodK1Khic6FC2232,0.0,0,3,1,
0,0.18181818181818182,4.659679651260376,1,2194GC95ntf1sDidYwRyemAc4114,0.0,0,3,1,
1,1.0,4.308389186859131,1,2106VMTbOKIT8LUZtIXhHKmi1491,1.0,1,3,1,
0,0.2,4.3389222621917725,1,2063CNHDBJueyaE4leS4xnyJ1610,0.0,0,3,1,
0,0.6896551724137931,4.62184739112854,1,1027GtA7cv0YAAASkTdOQJj_333,1.0,1,3,1,
0,0.588235294117647,4.32939887046814,1,874kqKcdnSqPr2kHFDtCs872689,1.0,1,3,1,
0,0.5,4.572113513946533,1,11810pNzis8O7iMe4D0TXLLB3213,1.0,1,3,1,
0,0.4,4.2884931564331055,1,1801GMGqWYEBcwKtk36fM4SD3432,1.0,1,3,1,
0,0.11111111111111112,6.233694791793823,1,29552yyd0Gev5Q7THSvvmMm23973,0.0,0,3,1,
0,0.15384615384615385,4.328014373779297,1,9229vCEiyj7IT-qcEDEXgvZ2560,0.0,0,3,1,
0,0.11764705882352941,0.5279252529144287,0,2360xl9Xtx2fW4L4xa2bqWt43735,,,,,
0,0.4,4.064647436141968,1,1533z2Yfjif7NuyxeBQgP_HF1938,0.0,0,3,1,
0,0.25,0.33571887016296387,0,1986Z84KJqkab5YckaHCqppB2226,,,,,
0,0.8333333333333334,4.293787956237793,1,1010HNqYCv68G7N_CQVNh43m383,1.0,1,3,1,
0,0.08,4.34368634223938,1,1462MplDIpHfHip3TdPLnQAs2089,0.0,0,3,1,
0,0.47619047619047616,4.556228876113892,1,1823Eoxuy7YeAaFwIKLgSxRm3382,1.0,1,3,1,
0,0.3,4.518486976623535,1,5760zdXs4a1j3W7Ec0Pt00y181,1.0,1,3,1,
0,0,4.482516765594482,1,6303tv6IL3KzvNs_iehOLAO24,0.0,0,3,1,
0,0.2,0.31835389137268066,0,1181VylIAjhzHKEbTHOk7pUQ3212,,,,,
0,0,4.390906095504761,1,2060X2wuRhZlsLWO7ahOjJyR1620,0.0,0,3,1,
0,0.15384615384615385,4.7152721881866455,1,2675-gwBiwWZVyjWDUu4p4cd1037,0.0,0,3,1,
0,0,4.264112234115601,1,975dedQPvGmPQcw3ASwBaEQ476,0.0,0,3,1,
0,0.4,0.24048304557800293,0,5692z3V0IN830k8XsO-Od4W201,,,,,
0,0.7499999999999999,4.282370328903198,1,681ZSY2R55eJuqPvMg2YLu32922,1.0,1,3,1,
0,0.5333333333333333,4.3896164894104,1,1998cWl-TBhBN_jwx9-RUmIk2210,1.0,1,3,1,
0,0.3478260869565218,4.633700847625732,1,577J1_2EkXjvWVxk6PCwOXP179,0.0,0,3,1,
0,0,4.370595216751099,1,1351ZgXI9kMkbXJxIICf4en4817,0.0,0,3,1,
0,0.22222222222222224,4.632843017578125,1,1189xoCo3EiFLfneuFibLahf3189,0.0,0,3,1,
1,1.0,4.561903953552246,1,2212AiYgOTwS6-B2X1GvWcOv4061,1.0,1,3,1,
0,0,4.560912847518921,1,5401-KQtKiJkYnkPCmw8hgz290,0.0,0,3,1,
0,0.3333333333333333,6.189444541931152,1,1500rtEwkj5Ab48-qvZJG-TC2020,1.0,1,3,1,
0,0.04878048780487805,4.2292091846466064,1,1985TCdOsXGEqgnh_b69BgBa2230,0.0,0,3,1,
1,1.0,4.229302167892456,1,893yr9lRN4Av6ZBi_1BuAEs2645,1.0,1,3,1,
0,0.6451612903225806,4.584766864776611,1,2457EK954cnx1sbiMZvNQ97c1880,1.0,1,3,1,
0,0.125,4.8301146030426025,1,1354mCWTp9JbO_9CEDgtcsqF810,0.0,0,3,1,
0,0,4.4029295444488525,1,5760zdXs4a1j3W7Ec0Pt00y182,1.0,1,3,1,
1,1.0,4.261688709259033,1,675_FqvNQZTBsCZpYPH5nqZ2941,1.0,1,3,1,
1,1.0,4.269288539886475,1,660LK3Me9by6QtGlAhc9ZgG2977,0.0,0,3,1,
0,0.24,4.396205902099609,1,1761xqf8AkX7fyG-P96OIUWX3521,1.0,1,3,1,
0,0.6666666666666666,4.359342098236084,1,1625pGkBzA7glpTmDaW3hVRT1164,1.0,1,3,1,
0,0.15384615384615383,4.595830678939819,1,2403lDHCVZKpIfdlK_DXX6453641,0.0,0,3,1,
0,0.4,4.993978500366211,1,2144yrUQFOf2xZpRnCxV07q-4238,1.0,1,3,1,
0,0,4.505697965621948,1,2105j8lJG7NIdPNa-ZKAQAFY1494,0.0,0,3,1,
0,0.16666666666666666,4.28087043762207,1,2367wI6YJctGx_TrLePW0zFT3717,0.0,0,3,1,
0,0,4.366346836090088,1,1147WFziH2m07QrmUbmsVu0h3310,0.0,0,3,1,
0,0.4615384615384615,4.347339868545532,1,648p8TjJdUhvz1kzwnKAbO63008,0.0,0,3,1,
1,1.0,4.312013626098633,1,2641T6RBdJb2XLZN38m4tLnQ1130,0.0,0,3,1,
0,0.39999999999999997,4.622729539871216,1,957jTOUmKitegWSXhSu5HBC528,1.0,1,3,1,
0,0.22222222222222224,4.201359272003174,1,294512JZuY3wtRUnM7xV5Lvx3985,0.0,0,3,1,
0,0,6.136781215667725,1,2168vUp0MK_q-eM7E3DRDsyT4176,0.0,0,3,1,
0,0.6666666666666666,4.137012004852295,1,10225FLoQxnwSkdi_B5KomYG350,1.0,1,3,1,
0,0.6896551724137931,4.544299364089966,1,24523V3YtR5qM3Ry32HOl9YL1891,1.0,1,3,1,
0,0.08333333333333333,4.747088193893433,1,924h9Ft9SWd5mJ8NvTErCl72554,0.0,0,3,1,
0,0.25,4.2788920402526855,1,1606Veghij1A-QwW6GVlGuCZ1220,0.0,0,3,1,
1,1.0,4.679921627044678,1,1536Vt7y8jm3lM_hxL8HrDZ31928,1.0,1,3,1,
0,0.05263157894736842,7.636784553527832,0,945tBlPoKsnHp4m96z6_5la566,1.0,1,3,1,
0,0.08,4.631669282913208,1,2725wuIIBvm6m_bXwQlOlPpe897,0.0,0,3,1,
0,0,4.237446308135986,1,932xbC9_ugIV02dO2WeOtf32535,0.0,0,3,1,
0,0.22222222222222224,4.331174373626709,1,571cpox6B770TVdihACJYmK196,0.0,0,3,1,
0,0.5454545454545454,4.257406234741211,1,1424tcuici39BiIRCrEsLBdb617,0.0,0,3,1,
0,0,4.2019126415252686,1,612j9e8x-SX2twmRLrzLrA_80,0.0,0,3,1,
0,0.6153846153846153,4.560668468475342,1,888Xb_uMPfibcJslsiGts6V2655,1.0,1,3,1,
0,0.10526315789473685,4.558183908462524,1,1558USBzQpgdUWBcaUu8vmKq1343,0.0,0,3,1,
0,0,4.470910310745239,1,2010WZCaJ4UATWnu47fC8x_q2194,0.0,0,3,1,
0,0.2,4.578167200088501,1,2136GTNtg5ii_ljvTYd0c3zb1403,1.0,1,3,1,
0,0,4.482949495315552,1,2025x_2hg-9mZ-EGi6p0a3jI2164,0.0,0,3,1,
0,0.14814814814814814,4.608515024185181,1,27240PkmgWqz5j9_Fq0dxZCZ902,0.0,0,3,1,
0,0.06896551724137931,4.785502195358276,1,1222uS4El57Q2wzu8IrO8jXC3091,0.0,0,3,1,
0,0,6.290069818496704,1,1407v19CEpuYZwkqnTa-q-b7664,0.0,0,3,1,
0,0.3448275862068966,4.3323280811309814,1,2042miR6jt7vY_V7syKyFwGL1670,1.0,1,3,1,
0,0.15384615384615385,4.497148752212524,1,2177rTzU3iHejo6wHiCUUGgR4151,0.0,0,3,1,
0,0.5,4.318446397781372,1,1565Ydie_dkDFB5ITs4J5bt91321,0.0,0,3,1,
0,0,4.157761812210083,1,102860x28lgIYl08vHuvaK5q332,0.0,0,3,1,
0,0,4.613699197769165,1,1597nEqmtOHPo0XoNSnISrKk1245,0.0,0,3,1,
0,0.5714285714285715,4.204373598098755,1,1828fptyhwuU_NFzQJA1Xi3E3367,0.0,0,3,1,
0,0,4.9962968826293945,1,1553HtIHHM40j_HGKzQ8UC-Q1357,0.0,0,3,1,
0,0,4.171803712844849,1,2410AFq_qQ8y8JGQ7JFgVY783632,1.0,1,3,1,
1,1.0,4.545084238052368,1,2143rWgXIxnPTtsFFOBT0X5t4242,1.0,1,3,1,
0,0.25,4.417767524719238,1,22165cE4SIrSj4XGK-I-cUmM4056,0.0,0,3,1,
0,0,4.272650957107544,1,1991TmQZ4tOI7nwuybQ4yHxb2218,0.0,0,3,1,
0,0,4.304592847824097,1,626sqIdy_-8ySZOwFGfvHa-37,0.0,0,3,1,
1,1.0,4.149548768997192,1,2002a_R1XmwMDmL5wyPZDS2t2204,1.0,1,3,1,
0,0.3846153846153846,4.770266056060791,1,91489gYi_bXEz_5f9xGfB8j2584,0.0,0,3,1,
0,0,7.666213512420654,0,699OiEXRKj_U0b0vWMEpACW2881,1.0,1,3,1,
0,0,4.454851865768433,1,845RUlmcCAkxZC2itV7MBh62764,0.0,0,3,1,
0,0,4.461393594741821,1,2118pxZoSka6gwQShv5gCvh11453,0.0,0,3,1,
0,0.16,4.529763698577881,1,10048BfgjG4enz3988-bMTQR401,0.0,0,3,1,
0,0.13333333333333333,6.592365503311157,1,2145sC266Uf0RNluKT7FLFAv4237,0.0,0,3,1,
1,1.0,0.1964433193206787,0,1233BIh1MjWe8V_gvfBvkEMh3061,,,,,
1,1.0,4.217305660247803,1,2954jqY3V8dMNBIkxfLtHeUy3975,0.0,0,3,1,
0,0.2857142857142857,0.5342466831207275,0,874TgJ6pjm1tIjGOz4RQM6P2687,,,,,
0,0.5,4.294904708862305,1,2683ZWKumnsegnDtGeIxL8lV1014,1.0,1,3,1,
0,0.15999999999999998,4.523612976074219,1,1372lJrQ_uzmwv3HIDERdt8q756,0.0,0,3,1,
0,0.6666666666666666,4.2140092849731445,1,846pjUcdsDwdYxx6e-kSkqz2759,0.0,0,3,1,
0,0,4.311234951019287,1,902WTqrcVsS44_3kCdKoIiQ2618,0.0,0,3,1,
0,0.7368421052631579,4.331159830093384,1,928Hu3KA-x6oU_y3HrI-1_W2543,1.0,1,3,1,
0,0,4.817981243133545,1,2675d-90_uKGpaHgp3SdT5rO1036,0.0,0,3,1,
0,0.5217391304347826,4.554581880569458,1,1566GrfvtQHA0o-4EBsVEj541319,1.0,1,3,1,
0,0,4.126055479049683,1,1973ZkDmgLcfAz_KK8nK3nfI2248,0.0,0,3,1,
0,0.36363636363636365,0.3150811195373535,0,870SoygQGV4uQaIki71P9Rb2697,,,,,
0,0.6808510638297872,4.692591190338135,1,2079-LyObLxGymHC2hBqr_KO1564,1.0,1,3,1,
0,0.5263157894736842,4.403874635696411,1,20584mhCkIhYtM4En0z3MQYe1626,1.0,1,3,1,
1,1.0,4.431075096130371,1,2561RPearP2qJJF5nNBvVQ1L2467,1.0,1,3,1,
0,0,4.480001449584961,1,21437zdRayffhAEAXkARmi9b4241,0.0,0,3,1,
0,0,4.398640871047974,1,1485zXrCfbHH-0tedwW1xWx02039,0.0,0,3,1,
1,1.0,4.289696216583252,1,2525dJ4EWXcRDVXIeNXmusu41718,1.0,1,3,1,
1,1.0,4.3604819774627686,1,1343QtMvat2gfyOpKcj4hGQk843,1.0,1,3,1,
0,0.3333333333333333,4.862516403198242,1,1611MZZJtpt_K7BKLoHaLOLz1206,1.0,1,3,1,
0,0.14285714285714285,5.014800071716309,1,16098VmMKHS5S-zIoi9Lnexu1213,0.0,0,3,1,
0,0.5,6.092042446136475,1,632js9QOyeh51lieyyYEk4e20,0.0,0,3,1,
0,0.16216216216216217,4.593872308731079,1,2603-H9t6TlkjtGBNIL8Vb1I2387,0.0,0,3,1,
1,1.0,4.237458944320679,1,659fIQxckVQ8kQLQWyiAcB82981,1.0,1,3,1,
0,0,5.011056661605835,1,640UbntiFko68p3ukz6iGpI3033,0.0,0,3,1,
0,0.6666666666666666,4.501461505889893,1,2054QGdD7x1dFKrhbc4zQqkz1637,1.0,1,3,1,
0,0.2608695652173913,5.175883769989014,1,2458dUd4YKaHBPU_GMLLWI0i1876,1.0,1,3,1,
0,0.888888888888889,4.381120443344116,1,1208_hsVPm9rZYhHcK-M-aqb3131,1.0,1,3,1,
0,0,7.708254814147949,0,2676Sh1pbKjbPEdIZU4GMc-I1033,1.0,1,3,1,
0,0,4.378105163574219,1,1535JT_lXL_OClCIRi_Kf0od1932,0.0,0,3,1,
0,0,4.8152923583984375,1,2466TSVQzmiW-hXcxaEULw6K1864,0.0,0,3,1,
0,0,4.458118200302124,1,709ZYekPZmIHVZUS0oAXArM2857,0.0,0,3,1,
0,0.48275862068965514,4.640122413635254,1,599vA9baHhr2B12VCaQyfug111,1.0,1,3,1,
0,0,4.506306171417236,1,30010MAQ7KJ-aW0Z2L6ThUUL3860,0.0,0,3,1,
0,0,7.525685548782349,0,15234HN9qI_Z1BT9PU4i4eXx1966,0.0,0,3,1,
0,0.375,4.401690483093262,1,2207Mhu0k4bRW9NfkPd9T-8G4076,1.0,1,3,1,
0,0.16666666666666669,4.362347841262817,1,9674guoihWvbbOOb4MxV9OO500,0.0,0,3,1,
0,0.11764705882352941,4.510141134262085,1,2532Ivi3Ohs9yg4eP9GRF8Og1698,0.0,0,3,1,
0,0,4.37382960319519,1,650c9GCkujN5yX2Hq3ptgvj3004,0.0,0,3,1,
0,0,4.483729124069214,1,1210_s24nmmMlgNl60QCA3_m3127,0.0,0,3,1,
0,0,6.078043222427368,1,692bmuZ27AI6NVxsz0KR_vt2894,0.0,0,3,1,
0,0.15384615384615385,4.493170499801636,1,991UJ4U1LRmAW5-f92M6LsY427,0.0,0,3,1,
1,1.0,4.169774770736694,1,1758f6XRTOs9blC5Tid8Svkp3530,1.0,1,3,1,
0,0.4,4.261830568313599,1,711G4Jg_FtYtXkHFYHcl93A2850,0.0,0,3,1,
0,0.3076923076923077,4.3785247802734375,1,881k4icJUV-D69snt3YwNkN2669,1.0,1,3,1,
0,0.6,4.595543384552002,1,1360LxZ_Vrj1sZ5dYHaRGOd6791,0.0,0,3,1,
1,1.0,4.27134370803833,1,2370c3Q74fBiYG2zw9ZSejzb3708,1.0,1,3,1,
0,0.08695652173913045,0.5953044891357422,0,20865AJD7uSijZkNu3lQlJ481545,,,,,
0,0.23529411764705882,4.4510204792022705,1,952immu55E33w37RJlOAkR0544,0.0,0,3,1,
0,0,4.392014980316162,1,1185gqKvDplW4LckBGIE71n43200,0.0,0,3,1,
0,0.03333333333333333,7.538811445236206,0,1007UIE-H0wbpcNQZ4pjpJnS390,0.0,0,3,1,
0,0,4.49942421913147,1,2167979S1AzMJxecio9-6zel4181,0.0,0,3,1,
0,0.25,4.473172664642334,1,2044egsXeT6Z85kZYfUih06a1665,1.0,1,3,1,
0,0.6153846153846154,4.782837152481079,1,877wqSp0Rkg0hf-ytTtfQ252683,1.0,1,3,1,
0,0.14285714285714285,4.556869745254517,1,1380vA5P1fp-1XlZm7dLip3Q738,0.0,0,3,1,
1,1.0,4.281415224075317,1,1764vbHFXwP80fm-jdwvjuuX3511,1.0,1,3,1,
0,0,4.998186349868774,1,2982l1HVy2DPPpYq8WtirtxS3904,0.0,0,3,1,
0,0.5,4.350080251693726,1,1231cJjNwm3bfsTH7qWJy5MR3063,0.0,0,3,1,
0,0.25,4.3632752895355225,1,952immu55E33w37RJlOAkR0545,0.0,0,3,1,
0,0.3125,4.651606559753418,1,2461f8qQbH49itp6TCfAxJMw1869,1.0,1,3,1,
0,0.10526315789473682,6.311391592025757,1,1389NIt7VpLR3rFxLFr6lrvJ712,0.0,0,3,1,
0,0.125,4.412494421005249,1,2965gY_fu8R7HgvXWZ2YZhQn3944,0.0,0,3,1,
0,0.5,4.507838487625122,1,2682o1_7d0Xjs0Bd9ZV891gv1017,1.0,1,3,1,
0,0.08,5.244885683059692,1,2690j2wOUpSsJgKU08FvIZEg994,0.0,0,3,1,
1,1.0,4.157018423080444,1,1034epoawfzg9BJTz2Ca4vrd313,1.0,1,3,1,
1,1.0,4.359601974487305,1,716L1l3pKy-zugpO_a6ilSo2836,1.0,1,3,1,
0,0,4.548515796661377,1,2228Tic033jedplc8b6Uf0fN4026,0.0,0,3,1,
0,0.3703703703703703,4.439333915710449,1,619TPd5jEymGsYMQLGFu97J58,0.0,0,3,1,
0,0.07142857142857142,4.901342153549194,1,15964GBbwb3RvaHJ4qtXl4Wq1246,1.0,1,3,1,
1,1.0,4.200614929199219,1,722euX_8p0vNdY_kluqzWx42823,0.0,0,3,1,
0,0,4.5858447551727295,1,590ro0nE5d3ot52_gvAC8T9138,0.0,0,3,1,
0,0.13793103448275862,4.662055492401123,1,2220FiinFvsU7-YyZ30zv8jY4048,0.0,0,3,1,
0,0,4.263065576553345,1,979hdglxJn8R-0hBhG7P5nM463,0.0,0,3,1,
1,1.0,4.461169242858887,1,2694ltreEVbPipuuO8jQ7qct981,1.0,1,3,1,
0,0.11764705882352941,0.44877123832702637,0,7201GV7Ue0Cd9oNYVERMrHM2827,,,,,
0,0,4.6710286140441895,1,13441C2N2xP14JB_ucyRSeEL840,0.0,0,3,1,
0,0,4.5817711353302,1,1593wQ03VrIWqHihtyDIzkll1253,0.0,0,3,1,
1,1.0,4.196988105773926,1,1830MpIhGxEOYndLD4ltPTIl3361,1.0,1,3,1,
0,0,0.30301928520202637,0,624IMVlhXqEDrP4UTYdjFBl43,,,,,
1,1.0,4.360579967498779,1,2626MQV0T7h5MJ3KG7hHErhC2347,1.0,1,3,1,
1,1.0,6.03963041305542,1,201676gIfT7jAO-6h0fecgJk2181,1.0,1,3,1,
0,0,4.189954996109009,1,1622VzIGjCK9OcMrN2AGi78L1173,0.0,0,3,1,
0,0,4.275924205780029,1,2129Ps1jQaY1CwoiNj8jmkkP1422,0.0,0,3,1,
1,1.0,4.209964036941528,1,1779lcPuO1NFS50gJD6T-Zo73477,1.0,1,3,1,
0,0,4.522489070892334,1,2095lK7AE7QBvvimiBGlAhCP1520,0.0,0,3,1,
0,0,4.12636923789978,1,1566OYiRrAn9nhAe8krxhhlH1318,0.0,0,3,1,
0,0.06896551724137931,4.570351839065552,1,2562xhuuQrOL772giwHAFNN12465,0.0,0,3,1,
0,0.07142857142857142,4.753252267837524,1,1762sINPubHhOJZ7JGLvqpn33519,0.0,0,3,1,
0,0.4,4.290020227432251,1,981F93-pjjKms7jx4e2JVzV458,1.0,1,3,1,
0,0,4.581440687179565,1,985ZjvvC0gTx6zRqASlgtzC445,0.0,0,3,1,
0,0,4.470346927642822,1,1622tBSu7soksT-AzmIOuApI1175,0.0,0,3,1,
0,0.1111111111111111,4.649484872817993,1,2597bEEmj9EqyhIvOn9lakux2398,0.0,0,3,1,
0,0.4444444444444445,0.3614821434020996,0,2111pGUGejfL5WACso3SLJbt1474,,,,,
0,0.24242424242424243,4.591638803482056,1,1187yN2Y5xluovzwpRCb1U-23195,0.0,0,3,1,
0,0.4444444444444445,4.280296802520752,1,607K-braHAQ3mBasRzaqi7I91,1.0,1,3,1,
1,1.0,4.384431838989258,1,2524HPFjghxlMH26LswuLr121721,0.0,0,3,1,
0,0,4.187941074371338,1,2112Ka84DXM_2O-I9bb2Bh1H1471,0.0,0,3,1,
0,0,4.521682024002075,1,2009yUPItY6TQRe6eMeSQjOO2195,0.0,0,3,1,
0,0,4.207237482070923,1,3032cpPfK3yN5DpsFVbesgis3794,0.0,0,3,1,
1,1.0,4.0927112102508545,1,674fc9KLiMj1S_6ZgcjWErn2942,1.0,1,3,1,
0,0.1818181818181818,6.193373203277588,1,216056mnlRJWqGhoIzF9wyxO4199,0.0,0,3,1,
0,0,4.309061050415039,1,709nCI7ZXWYPT_VsxwhCSWp2855,0.0,0,3,1,
0,0,4.249340295791626,1,14135nOR58ZI6lSglpLLKJLs649,0.0,0,3,1,
0,0.12121212121212122,4.758368492126465,1,21523ahtzE44hJmj4vLleIFL4217,0.0,0,3,1,
0,0,4.59370493888855,1,2406B4Z7N9AspBfhkFExbXtA3637,0.0,0,3,1,
0,0.07407407407407407,4.595213174819946,1,2677ervM-KMjq6rGhqtWXlXw1032,0.0,0,3,1,
0,0.05405405405405406,4.444009304046631,1,1388YAP57D0SapGUbpiJRE9a715,0.0,0,3,1,
0,0.08695652173913045,4.737020254135132,1,971YiMBm82cMuE-VjwzggoC486,0.0,0,3,1,
0,0.08695652173913043,4.679003953933716,1,617iyLwPnEkb8aandhPxiQ265,0.0,0,3,1,
0,0,4.753244400024414,1,13429RfxQrh56mayQixQkhbs844,0.0,0,3,1,
0,0.4,4.2696852684021,1,647k5bR1qBlBkeACsN2IIMD3011,0.0,0,3,1,
0,0.08333333333333333,4.723031520843506,1,961rHLHYK3rKYFAjaPXxUWS518,0.0,0,3,1,
0,0.5517241379310345,4.774808645248413,1,3000dqwXFQm9XMFpQ0HwdmuB3862,1.0,1,3,1,
1,1.0,4.256078720092773,1,2719WfPBP5JMsTcRPHcHpNOM914,1.0,1,3,1,
0,0,4.574232578277588,1,2040HhSymgf1wKjnAVm1XtFr1677,0.0,0,3,1,
0,0,4.177261114120483,1,2541rje6l6smnNf496Mfo2ZK2506,0.0,0,3,1,
0,0.14814814814814814,4.749652862548828,1,1202iIzasrTScRTbY9MqhVF43151,1.0,1,3,1,
0,0.09523809523809522,4.850656270980835,1,2384aVhKH9_EVqT5P4uiN6BD3679,0.0,0,3,1,
0,0,4.380281686782837,1,2524gNYm9nwLrGjKr29PkOaJ1723,0.0,0,3,1,
0,0,6.13725209236145,1,1458N6uaL3BJbFx0zaaW_fWm2096,0.0,0,3,1,
1,1.0,4.121078014373779,1,1218FmLMT0y2IKk9ZtWcCy973101,1.0,1,3,1,
0,0.5,4.498157739639282,1,1466HA3s7uyQytzf1DGQ7ak82078,0.0,0,3,1,
0,0.7777777777777778,4.385695457458496,1,2163CPpJfPXi8a-ve64R5YUK4189,1.0,1,3,1,
0,0.7692307692307693,4.853929042816162,1,2119SJEcYcuuQpuvuba_KlGl1452,1.0,1,3,1,
0,0,4.661219120025635,1,2529megpj8CeZE8YmFG-ONB81706,0.0,0,3,1,
0,0.5,4.712741851806641,1,2099_g4dFIknl3fT9dwR3u1P1509,1.0,1,3,1,
0,0.25,4.379346132278442,1,2217SJQhtYv5R5TRR96GIUDz4053,0.0,0,3,1,
0,0.47058823529411764,4.384231805801392,1,2669v67locIF9ThvWJ8mcmqm1055,1.0,1,3,1,
0,0,4.599564790725708,1,866LtsA6S3dXyfEn4lwSbj-2706,0.0,0,3,1,
0,0.7777777777777778,4.28946328163147,1,1011MjRtXOyGZ4-GuFtMmFil378,1.0,1,3,1,
0,0.5,0.22545814514160156,0,11978_NZ80-7iblXNygjG5Mj3165,,,,,
0,0.2105263157894737,4.49764084815979,1,2166jcvCXmlprvHV3vNw6N8Q4183,0.0,0,3,1,
0,0,4.500551223754883,1,1462oZf7cRHuZfp2BDkDYtEC2088,0.0,0,3,1,
0,0,4.504865646362305,1,2032h_xc2uXEe2J9hKtwBMZw2147,0.0,0,3,1,
0,0,0.2184441089630127,0,905uMGe3kos3fBWBJRcu64_2610,,,,,
0,0.06896551724137931,4.702414512634277,1,1401DngdKRka9HWtSFdUlGtf683,0.0,0,3,1,
0,0.846153846153846,4.576467752456665,1,2234WunkhYpA1H7nKvUqH4fU4009,1.0,1,3,1,
0,0.5714285714285715,4.349890232086182,1,6697jIYtcKSoYakHzaLUALm2952,1.0,1,3,1,
0,0.8571428571428571,4.429825305938721,1,2728nFa2ldCrvtEJDng_XYxW888,1.0,1,3,1,
0,0.20689655172413793,4.565760850906372,1,1370QNUfD2WiHA7tvyK8d5Dc761,1.0,1,3,1,
0,0.10526315789473682,6.279217004776001,1,2049EiSr8AWG9INgthccDLTD1650,0.0,0,3,1,
0,0.5454545454545454,4.67647385597229,1,2604e0fmEL2GWz6b8e3UT2SE2382,0.0,0,3,1,
0,0.6666666666666666,4.3483195304870605,1,1477MEOUCxX-xvP9dW6zynAa2054,1.0,1,3,1,
0,0,4.209760427474976,1,893CM-JFvTvcT8bMPws6w-12646,1.0,1,3,1,
0,0,4.328191041946411,1,2112z5T54aGAg6qkaOS_CEpU1472,0.0,0,3,1,
0,0.14285714285714288,4.63176155090332,1,1379RrT3A_PqlFKQNYvghi-j741,0.0,0,3,1,
1,1.0,4.154449224472046,1,1773wG_suR5FqE-mF5fGOZf_3490,1.0,1,3,1,
0,0,5.127639293670654,1,25220uEQpWctQitEMppCz0oB1728,1.0,1,3,1,
0,0,4.574055910110474,1,1346yh2OMAtmfNpcRNt1SLy0832,0.0,0,3,1,
1,1.0,4.127493858337402,1,1764sM214smx3pexNt7ihmYZ3512,0.0,0,3,1,
0,0.08333333333333334,5.095105171203613,1,29900qLcvUk1IANwUoRUksL83885,0.0,0,3,1,
0,0.3333333333333333,4.844853162765503,1,2126DJgUbSL5sAmvrHK4b6i71433,0.0,0,3,1,
0,0.27586206896551724,0.7489900588989258,0,2373NRKFusfQc_zLqjvXUBsn3703,,,,,
1,1.0,4.987977504730225,1,1146avA58X9cjk_DPeXmAxoa3312,1.0,1,3,1,
0,0.8421052631578948,6.202160358428955,1,25035fhaQNvL0WXgoeoS66lU1771,1.0,1,3,1,
0,0,5.489962339401245,1,1782pNwPTa1BHnMqErVHNgVn3468,0.0,0,3,1,
0,0,5.647660255432129,1,2695ZPNMDXJVWkSpBsIvWP2e978,0.0,0,3,1,
0,0,5.126100540161133,1,734OaSkZy1tFRAsQhwXZpw72791,0.0,0,3,1,
0,0.22857142857142854,5.574941396713257,1,966sGFsmeXRVmn5uld87Uqx501,0.0,0,3,1,
1,1.0,5.0836029052734375,1,1219M-HK-GzSUL0_YTpEyAal3100,1.0,1,3,1,
0,0.8333333333333333,6.647990942001343,1,688c3WuYR4MMHLmhRv-gN0x2905,0.0,0,3,1,
0,0.8,4.376739025115967,1,2700ouBGuI-BEf84sS7uN4t6964,0.0,0,3,1,
0,0.27272727272727276,4.596382141113281,1,1002OYjKgvY_WrTVyv0BBUq7298,1.0,1,3,1,
0,0.8,4.479954719543457,1,15263OLWSlkXpClkcExQ-34k1956,1.0,1,3,1,
1,1.0,4.32789421081543,1,2047gFZId1qs9iPQOZC-ctZk1655,1.0,1,3,1,
1,1.0,4.359538316726685,1,632uvTxu-d7cMie_IsRhHir18,0.0,0,3,1,
0,0.18181818181818182,4.688793182373047,1,2018YW2syleEWhsiOiqtl1bM2179,0.0,0,3,1,
0,0.6470588235294117,4.6847639083862305,1,13557O5UDcwm79Dbe5mMKkyP805,1.0,1,3,1,
0,0.13333333333333333,4.4684834480285645,1,610Wlu96o5AFYgV3XRdxvUD81,1.0,1,3,1,
0,0.3076923076923077,4.4522035121917725,1,1222CcGGwOypuVs066m0-Ti03089,1.0,1,3,1,
0,0,4.450318336486816,1,920_3eA9G_QtBFRfHPqbpXD2564,0.0,0,3,1,
1,1.0,4.206124782562256,1,582uj-O_p2agIMaKLfVvt9q163,1.0,1,3,1,
0,0,4.474339723587036,1,11874ivUPRxetEbIs17W3yI23194,0.0,0,3,1,
0,0.5,4.394574165344238,1,663-JJ9KuxO4ce29ftc42bp2969,1.0,1,3,1,
0,0.25,4.390937566757202,1,1586xdhd1pR6S0dzxj9ovgft1273,0.0,0,3,1,
1,1.0,4.527064323425293,1,1609EOhGYwBpZppwqq_NILl01211,1.0,1,3,1,
1,1.0,4.262271165847778,1,728o5nPELHgiol01noXmKOs2804,1.0,1,3,1,
0,0.3529411764705882,4.562410831451416,1,26216Z83wTl882xhoh0wbJyW2356,1.0,1,3,1,
0,0.14285714285714288,4.529271602630615,1,2738DAMkWYr6P41qkaUL03WS861,0.0,0,3,1,
0,0,9.222695350646973,0,2685GABqKAQvYffOXnzpYe7d1007,0.0,0,3,1,
0,0,4.3363401889801025,1,2497_yB250Kp0G5hx_qYaSQz1790,0.0,0,3,1,
0,0.125,4.740582704544067,1,2655gxZrOskmjOA-TW3Ehnd31093,0.0,0,3,1,
0,0,7.641312837600708,0,5638rNPpZlKveews0Jur10f220,0.0,0,3,1,
0,0,4.354527235031128,1,1610uoqONpVWq8hbfW0IWTp01210,0.0,0,3,1,
0,0.3333333333333333,4.265345811843872,1,1619WNMGVblYkoUK6xqbFIWj1181,0.0,0,3,1,
0,0.13043478260869565,4.790419816970825,1,2488DTQyWJtFzqpMo0G83Z141809,0.0,0,3,1,
0,0,4.384903192520142,1,1148PSyI-r3aKN8Fs-txzeP-3307,0.0,0,3,1,
0,0,0.3518357276916504,0,620bIM9wpBXt4X64dKqTAlI54,,,,,
0,0.4444444444444445,4.338435411453247,1,697hxPp_DRdUO5M8Mhc9Foe2883,0.0,0,3,1,
0,0.14814814814814817,0.41483473777770996,0,2596mAI-2gOF5YyGddhRQY7J2401,,,,,
0,0.15384615384615383,4.798291206359863,1,1353w0JPzybqaK7D7IgLKUAQ811,0.0,0,3,1,
0,0,4.344699382781982,1,2002fbBFgunu-KJFrVTfeKi42202,1.0,1,3,1,
0,0,4.321307182312012,1,19576albE3jQTwnzltPL9x4p2282,0.0,0,3,1,
0,0,4.631990909576416,1,2029zM0iFxiByEjdcqWytGF82157,0.0,0,3,1,
0,0,4.381108522415161,1,705qdVGES6XsgQsP_yvGu_I2866,0.0,0,3,1,
0,0.12903225806451613,4.81882905960083,1,5638rNPpZlKveews0Jur10f221,0.0,0,3,1,
0,0.6666666666666666,4.376950979232788,1,3025ztWv0J68PeStGtNqdd7e3807,1.0,1,3,1,
0,0.5454545454545454,4.399752140045166,1,992-81dbeU4j2z_OL117yjt423,1.0,1,3,1,
1,1.0,4.661919832229614,1,908jl25A_Iov80feqJ4evmm2602,1.0,1,3,1,
0,0.10526315789473682,4.491913795471191,1,1215415v_BmzwkNXDE-6MKs73111,0.0,0,3,1,
0,0.8571428571428571,5.990771770477295,1,1520uD9FiUqcbSpNYsUopFjY1971,1.0,1,3,1,
0,0.7000000000000001,4.407955646514893,1,2389fMXDCf-L0WzUcKd1VeHg3670,1.0,1,3,1,
0,0.1,0.525618314743042,0,1428xPneXxp8WCid2OQ6y0ie605,,,,,
0,0.5217391304347825,4.374448299407959,1,1762sINPubHhOJZ7JGLvqpn33518,1.0,1,3,1,
0,0.8181818181818182,4.805862665176392,1,2165UFxDkTAvPqvH4KxZyH3w4185,1.0,1,3,1,
0,0,4.542481422424316,1,1385LTJsjSVpJOBIcpvswpuK721,0.0,0,3,1,
0,0.5882352941176471,4.650250196456909,1,633PNkXpWrT5V7t9B3iNQ9z15,1.0,1,3,1,
0,0,4.374629497528076,1,2552VNiXxsau_A7kc3Tvf3p22484,0.0,0,3,1,
0,0,4.3650617599487305,1,145680wJT2OEc4U1fHPyTYZE2103,0.0,0,3,1,
0,0,4.5771355628967285,1,14141HXL5FAh9vdVXc_7zkwN645,0.0,0,3,1,
0,0.45454545454545453,4.4701104164123535,1,1509CUIy9Rlec04CLHTvttMQ2001,0.0,0,3,1,
0,0,4.695203065872192,1,1016CUBKrFMJ-UTMJxunATzk368,0.0,0,3,1,
1,1.0,4.257076978683472,1,1553LH4jQ8Gyh4swkDp_mTRB1356,1.0,1,3,1,
0,0,4.307103633880615,1,1146WndGbCRXWQdZIkeho7Gc3311,0.0,0,3,1,
0,0.0625,4.888911008834839,1,578C_O7pYNiyLAUSE5J66xB175,0.0,0,3,1,
0,0,4.62086820602417,1,1005kUSQjnYNjRyPCjiXwSaB398,0.0,0,3,1,
0,0,4.960724115371704,1,998Con_q4MLI1RfJuY2bKbI415,1.0,1,3,1,
1,1.0,4.54719614982605,1,1226VvNg35i87Jc0HRevhBIp3079,1.0,1,3,1,
0,0,7.772742748260498,0,1961NgbrYCa8qLoT8bwQvWyP2273,0.0,0,3,1,
0,0.11764705882352941,6.262577772140503,1,958UDYY0qFH9pDU9YSVA8Vc526,0.0,0,3,1,
0,0,4.262726783752441,1,16127RJnwPcCuQ2L6JWAn7Rd1204,0.0,0,3,1,
0,0,4.4171366691589355,1,2345L8lcdJOyUpQRQBcnRzDK3766,0.0,0,3,1,
0,0,4.447998285293579,1,2379GN9mys5ZoyDzMrBRliJf3689,0.0,0,3,1,
0,0.8,4.510800838470459,1,1497JQ4ZHRsRX7evdsz7Cnxn2026,1.0,1,3,1,
0,0.4444444444444445,4.544267416000366,1,1587uaVpzNlVFOvm2d9R858J1271,1.0,1,3,1,
0,0,4.636195421218872,1,691pqnhMyJfTBtJrs_4z71s2898,0.0,0,3,1,
0,0.8,4.397929430007935,1,2550LYN4iIl7yI_G3sifQnSg2490,1.0,1,3,1,
0,0.33333333333333337,4.190463304519653,1,1804uzeMzyojontOD0RrTKB-3426,1.0,1,3,1,
0,0.8750000000000001,4.635476112365723,1,875rKE1xYgnsy1BcrIiDIQI2685,1.0,1,3,1,
0,0,4.592099666595459,1,2977yupMSQn-HI-bXvQfc1K33916,0.0,0,3,1,
0,0,4.903551340103149,1,2698bgG-pSvhH1uH5WECCZ_3970,0.0,0,3,1,
0,0,4.884838342666626,1,2081wGIIBL_5uHYg2-zjVmIl1559,0.0,0,3,1,
0,0,4.602507829666138,1,562PdLKBSdwFoIYHY2sfoIe222,0.0,0,3,1,
0,0.08695652173913045,4.638046741485596,1,1545g1Tb818_JNDAuQjE--ZZ1379,0.0,0,3,1,
0,0.4444444444444444,0.3048219680786133,0,1544BBli6lvsM3ocK55YaTtb1382,,,,,
0,0.761904761904762,4.523587942123413,1,1000i5ZESzidE5hb6hdUdea2408,1.0,1,3,1,
0,0.1142857142857143,5.01598858833313,1,2693xNMD-j6qs0jX-U23Wf0I984,0.0,0,3,1,
1,1.0,4.341589689254761,1,14925BpcZux1svJlrAtyoMai2029,1.0,1,3,1,
0,0.11764705882352941,5.179927349090576,1,556P8pjHZyb4ejA9BA5GDtx242,0.0,0,3,1,
0,0,12.457984924316406,1,1590DQgHfimikqgwh-c_JwUe1261,0.0,0,3,1,
0,0.3157894736842105,4.381646394729614,1,2687GNgTIwftLmhQl-ULlyIq1002,0.0,0,3,1,
0,0.11764705882352941,4.942468166351318,1,252513Fb0l8m0GRRu_iLUCVp1720,0.0,0,3,1,
0,0,4.316272497177124,1,664f37D7JhEzRWzT7PSpfeq2965,0.0,0,3,1,
0,0.5714285714285714,4.753378629684448,1,2148NJIHZymeZVgHJqfku_T-4226,1.0,1,3,1,
0,0.09302325581395349,0.8287186622619629,0,22353xyc8AR6WxpoF2OKgYnG4005,,,,,
0,0.888888888888889,4.298813104629517,1,925n35w1SDxy9hu-BoGzQhT2551,1.0,1,3,1,
1,1.0,4.333613872528076,1,25929jtoxzmRvrCghJK2Yr5n2409,1.0,1,3,1,
1,1.0,4.362064838409424,1,22035zMP91kTdK0D670Gm9DE4088,1.0,1,3,1,
0,0.608695652173913,5.118693590164185,1,1584nXcMXJnDRIJAimgA99Zv1279,1.0,1,3,1,
1,1.0,4.4168572425842285,1,656YB8T90k-pyOHOCeclaxG2988,1.0,1,3,1,
0,0.5454545454545454,4.778637409210205,1,2693jy7ZRqHH6YP_cNnIYq_h983,1.0,1,3,1,
0,0.8,4.600931882858276,1,726Zqrdy5MxEOzGUtfFmSDk2812,0.0,0,3,1,
0,0.6666666666666666,4.969969272613525,1,974vUVNFZZhK9Vx9yosXwyz478,1.0,1,3,1,
0,0,4.825288534164429,1,1451JJuYQ7gSCXBvwOXzxUO72111,0.0,0,3,1,
1,1.0,4.350269556045532,1,1797bKcsOYWjujXqmm-PqvRx3438,1.0,1,3,1,
0,0.18750000000000003,4.5552263259887695,1,3011HiShQ8Sh1h9w8aYM2bSM3837,0.0,0,3,1,
1,1.0,4.502343416213989,1,2083X6CobqyKBWlVB2erFdr91552,1.0,1,3,1,
0,0,4.42059063911438,1,2059u7LeYW8QJT4FuRBunnc71622,0.0,0,3,1,
0,0.7500000000000001,4.556851148605347,1,2446m66Tw_4sOTHwmDMR5WHc1904,1.0,1,3,1,
0,0.4705882352941177,6.120996952056885,1,913p95ynskZDtXb0qOC6dwA2585,1.0,1,3,1,
0,0.057142857142857134,4.859001636505127,1,1483yi8ag0RBlDyqbW4LauBq2044,0.0,0,3,1,
0,0,4.957309722900391,1,1428xPneXxp8WCid2OQ6y0ie604,0.0,0,3,1,
0,0,4.50904107093811,1,2127j4vlim-EJ7C9hksd0XEG1430,0.0,0,3,1,
0,0,4.473799705505371,1,3016UHntd5AXw8O8ujuIuzC03825,1.0,1,3,1,
0,0.7692307692307693,4.54848313331604,1,262821L4N7qZnsAQ8yXausca2343,1.0,1,3,1,
1,1.0,4.216622591018677,1,1739zS5d5K2nGI2VG3-3pbM_3586,1.0,1,3,1,
0,0,4.948509454727173,1,1407o89xvqZTutf5eFwNUiRW665,0.0,0,3,1,
0,0,4.935614585876465,1,892NlSY0o_jjuvHCLz66OUl2648,0.0,0,3,1,
1,1.0,4.399175405502319,1,1198n_07s62TLlmlj1bGHEMh3161,1.0,1,3,1,
0,0.625,4.301041841506958,1,1145CdbMPhBl1m3XpPiJVufo3315,1.0,1,3,1,
0,0.11764705882352942,4.362061262130737,1,300300XBB2enm-sjUC1pecfx3857,0.0,0,3,1,
0,0,4.31830906867981,1,2025tOS4Snu9-CzxWSTOYU392166,0.0,0,3,1,
0,0.4,0.26264166831970215,0,1185QUMqAkrbMIjcG5gvt2YM3201,,,,,
0,0.7692307692307692,4.445685625076294,1,934hLc2W0dI5ExU1xikzEH42529,1.0,1,3,1,
0,0.15384615384615385,4.467199087142944,1,2635-GCLdPLMrmMD4qnPKG-_2328,0.0,0,3,1,
0,0,4.495502710342407,1,1577OEbmLnj5geKIc3Ms5Gtk1298,0.0,0,3,1,
0,0,4.434330701828003,1,26727Yse7GsoM0NaNss8TBWk1047,0.0,0,3,1,
0,0.08695652173913045,4.518871545791626,1,269641MnNGSIX-ZmkeYfsnXq976,0.0,0,3,1,
1,1.0,4.335066080093384,1,936Yj1HaPjTlXv6Hgo8Cae92522,1.0,1,3,1,
0,0.2727272727272727,6.329730987548828,1,27065ZHgP-paSB5ljBAmKla_948,1.0,1,3,1,
0,0,4.40828275680542,1,2581ppi0j1b9BNl9BapOdicC2430,0.0,0,3,1,
0,0.4390243902439024,4.511415719985962,1,2601GgSIDEnk6OnshxTFVGk-2392,1.0,1,3,1,
0,0.7499999999999999,4.359640836715698,1,2729LQr51_aLqEDD75sH-mQa885,1.0,1,3,1,
0,0,7.518410682678223,0,2711IiarGLddFLTH1FRe4yTe935,1.0,1,3,1,
0,0.1904761904761905,4.520725727081299,1,964RapMeSY8FyWlaMkFUNk8509,0.0,0,3,1,
1,1.0,4.086456775665283,1,1214OL0S8M01IQnF-7GOuJJn3113,1.0,1,3,1,
0,0,4.384427309036255,1,1946Nnxnp68NuZXwOGDihqLA2308,0.0,0,3,1,
0,0.2380952380952381,5.070849895477295,1,612ky8baY-v_Ae9A0ILjO9a78,1.0,1,3,1,
0,0,4.1844377517700195,1,2492ldlNHGz1Ln-OVphSGeie1801,0.0,0,3,1,
0,0.08695652173913045,4.715300798416138,1,986wotq83gPK5H9RJCPZcUa443,0.0,0,3,1,
1,1.0,4.260115385055542,1,1999xtjeBxtA7VH_gw9Nh6zf2209,1.0,1,3,1,
0,0,5.290150880813599,1,6397bAfLk75E5KWRPhdSxoO3035,0.0,0,3,1,
0,0.2222222222222222,4.408436059951782,1,593kmxrhCum30V8LO3FwczX131,1.0,1,3,1,
0,0.2608695652173913,4.479810476303101,1,1476v2PUFlQQdpTZSxONJoJN2058,0.0,0,3,1,
0,0,4.6171064376831055,1,933f51SxFqN5EEdYugeQFhF2533,0.0,0,3,1,
1,1.0,4.211222410202026,1,1837P7XMSHwyeqg5w6sgNooL3338,1.0,1,3,1,
0,0.06451612903225806,5.1623289585113525,1,1155buq6aWlaQuO1-Win_xed3285,0.0,0,3,1,
0,0.125,4.74558687210083,1,2400vNrdJburJUbyqPL1jKf-3646,1.0,1,3,1,
0,0.24999999999999997,0.613823413848877,0,634_5Ke_8xaAo_UsybwdiB113,,,,,
1,1.0,6.091375827789307,1,15928E8pxEJmfNp4i0dvTpic1257,1.0,1,3,1,
0,0.18181818181818182,4.35815167427063,1,2046Y3tesPObf1eU4k2Ieg_q1658,1.0,1,3,1,
0,0,4.219326496124268,1,1805jD6pXVUKWTExN0qvvGu63423,0.0,0,3,1,
0,0,4.388998985290527,1,1816M49IXoDpU__17vFIazVS3396,0.0,0,3,1,
0,0.6666666666666666,4.3303914070129395,1,859dpErN7YnpSc62U8feJVS2722,1.0,1,3,1,
0,0,4.606780290603638,1,1016iZHfARlbR17vRBgOG7AS366,0.0,0,3,1,
0,0,4.201733589172363,1,2121tJVu3NPeLooSCowp2KBZ1446,0.0,0,3,1,
0,0,4.364243507385254,1,3008p0idCpuhxmLUgt3xPUiv3845,0.0,0,3,1,
0,0.125,4.865544080734253,1,1023GZ3dln2t0HzaDV2xwSoN347,0.0,0,3,1,
0,0,4.246767282485962,1,672fdvBLQoGo5ntM5w4YRi_2946,0.0,0,3,1,
0,0.23076923076923075,4.615327835083008,1,1617-HTq6axozTF-eMfISD1Y1188,0.0,0,3,1,
0,0.625,4.50441575050354,1,1829Io4ow-6WaOGk3uMLY2EE3364,1.0,1,3,1,
1,1.0,4.367042541503906,1,662FSjJPutAhsBA5hh--LCF2972,1.0,1,3,1,
0,0,4.219064474105835,1,999gah7KDso3MxqZMK24KwL413,0.0,0,3,1,
0,0.28571428571428575,4.189654111862183,1,882doeTQayJlOLXdbcJEWxe2666,0.0,0,3,1,
0,0.8571428571428571,4.391002178192139,1,2346lpAFRW5wMh0QbCkt1J153765,1.0,1,3,1,
0,0.28571428571428575,0.40987133979797363,0,570b8sPdCNrCb2fqPau5nlt198,,,,,
0,0,4.3717968463897705,1,1364rzJ0x_lGbilmxlREm3-p780,0.0,0,3,1,
0,0.8421052631578948,4.634748458862305,1,1352KmQBu98vzork4gBBSRO7816,1.0,1,3,1,
0,0.3846153846153846,4.43413519859314,1,967mE-YQ6GKIOciQhgemIuu498,1.0,1,3,1,
0,0.8,6.381094932556152,1,853rlvzrZk-fZ0MJGXIDsKK2740,1.0,1,3,1,
0,0,4.283121824264526,1,1420r8hCUL3cJbDlZaKhMA1w626,0.0,0,3,1,
0,0,4.234337091445923,1,9663riGhItsb_5EG0X5d0GP503,0.0,0,3,1,
1,1.0,4.3191611766815186,1,2632BRHiLLVNas_DcfbmC3c-2330,1.0,1,3,1,
0,0.18604651162790697,4.989666938781738,1,25775PQIxbBRzGch8_9ktspn2442,0.0,0,3,1,
0,0.7692307692307692,4.425397872924805,1,2686JOWKciP4s6sWuWPuyo-d1004,1.0,1,3,1,
0,0.8333333333333334,4.3597729206085205,1,1390o9_Ny0o9guZOaXj0sbu7711,1.0,1,3,1,
0,0,4.207570552825928,1,9686ZR7i7IlPRKYMLz1gLVE497,0.0,0,3,1,
0,0.5333333333333333,4.5064849853515625,1,1747m5UQck6_uvx449-K2ICH3563,1.0,1,3,1,
0,0.05714285714285715,4.763977527618408,1,960o6-E-_ISeh5lV6FHiD34521,0.0,0,3,1,
0,0.1111111111111111,4.466444969177246,1,26584ooM2Zw_eA4brG7DDLRH1084,0.0,0,3,1,
0,0.5882352941176471,4.346094131469727,1,2139yDUqrN6ktYr0XYmUtrhj4251,1.0,1,3,1,
0,0.047619047619047616,4.9412031173706055,1,2658kpZ5jhLWnxu93y4HPmEB1086,0.0,0,3,1,
1,1.0,4.2586658000946045,1,1982gXuf8xxJfqlXCJ0lBbBx2236,1.0,1,3,1,
0,0.7916666666666666,4.781895399093628,1,1442E-iDHqJgmhXgGgUnsT6U2127,1.0,1,3,1,
1,1.0,4.526724100112915,1,1835xWOwAfgrbHJnPbJjkinW3345,1.0,1,3,1,
0,0.03225806451612903,7.630325078964233,0,21819xbRjmQqZsl8GNgU4sNW4141,0.0,0,3,1,
1,1.0,4.294708967208862,1,2535aSLMIE3ai-2WCJ4pqVYs1691,1.0,1,3,1,
0,0,4.152773857116699,1,735yFZGdJWVMnSb6dYaQkiG2787,0.0,0,3,1,
0,0.13793103448275865,6.328014135360718,1,1457upHRYV54bxzXrLiZtg6L2099,0.0,0,3,1,
0,0,4.383329629898071,1,1183U1zI1TbGdaZR1adOMYQM3207,0.0,0,3,1,
0,0,4.10775351524353,1,1369djsyqLYuxpeSrFzUMmCE764,0.0,0,3,1,
0,0,4.305264234542847,1,2977bAR1UUAdut5SZn4bYC9-3918,0.0,0,3,1,
1,1.0,4.263798713684082,1,2536UpX9Bg_Y08DDNzXdFiU_1690,1.0,1,3,1,
0,0,0.3350944519042969,0,581eQPPkrKHcN8_8Sw_9yqc166,,,,,
1,1.0,4.213122129440308,1,182447yf5Kxgmkoq18WzZ-kB3379,1.0,1,3,1,
1,1.0,4.300940990447998,1,2599s6M3aZhTKLbo_uqhfouF2396,1.0,1,3,1,
1,1.0,4.221116781234741,1,2607OKKx_-TxJyP4xHwMylUE2373,1.0,1,3,1,
0,0.6666666666666666,4.292010307312012,1,1235ppKKbTr1utemwebxmtLB3055,1.0,1,3,1,
0,0.5185185185185185,4.5074474811553955,1,2480x9e2-ZMs1EKt6D0tRsQi1826,1.0,1,3,1,
0,0,4.618446350097656,1,2159ddV_uhwSKY-ivPDLPBYe4202,0.0,0,3,1,
0,0.64,4.52079439163208,1,1613_GNhprlpdle_vZoOR-qp1200,1.0,1,3,1,
0,0.3703703703703704,4.6159827709198,1,23527XII60w5C9XqiZx6OCLt3753,0.0,0,3,1,
0,0.28571428571428575,4.2591636180877686,1,1472rUZfzrrFBRkQ2V9Nom352064,0.0,0,3,1,
1,1.0,4.25925874710083,1,1952VkcVXDZByWM4BEkloo3g2292,1.0,1,3,1,
0,0,4.614298582077026,1,1346nIMk4YFeJtxqsv7zKctl834,0.0,0,3,1,
0,0,4.278149127960205,1,1021PPK-R-xW8kEi9x6y3ozh352,0.0,0,3,1,
0,0,4.3405444622039795,1,2722B2Q7xCqKAJysuUWecphg907,0.0,0,3,1,
0,0.1,6.126292705535889,1,1007US_OGKNW9-UY27_fbDjW392,0.0,0,3,1,
0,0.33333333333333337,4.40967059135437,1,2959FnHyjmyIGupp1N26K34X3962,1.0,1,3,1,
1,1.0,4.49445366859436,1,1441MCBHwz4mlshCsnGFlkHe2131,1.0,1,3,1,
0,0,4.358515024185181,1,1144Dngx4nkJVbVR8P-iE7sU3318,0.0,0,3,1,
0,0.8235294117647058,4.479922294616699,1,29814YmrvhgM84gEBT0lVxvw3906,1.0,1,3,1,
0,0,4.352114677429199,1,2971KWjWQ_4RCyuE49PD1BRC3931,0.0,0,3,1,
0,0.2857142857142857,4.349127769470215,1,1759y5yGptDhTmoTR_wEuxlL3527,1.0,1,3,1,
1,1.0,4.397592544555664,1,2357Td0_4YYUSAljF5vBv_0h3739,0.0,0,3,1,
0,0,4.549847602844238,1,1150dinob9vqgTZrk-xbjId83300,0.0,0,3,1,
0,0.14285714285714285,4.7001566886901855,1,1206pt-2ozhsCeZeJuJZ11Ii3138,1.0,1,3,1,
0,0.2857142857142857,4.155465841293335,1,920oP3ZWGsXlXtshho5kLW02566,1.0,1,3,1,
0,0.6666666666666666,4.702984571456909,1,5790Fok9pJKiiI6Y-n3yb5i171,0.0,0,3,1,
0,0.28571428571428575,0.2239220142364502,0,1746xFkEmAdD0clAPlBABufm3565,,,,,
0,0.07407407407407407,4.531128883361816,1,1766ZRZ8EEGBsuCXUDeVU6AL3507,0.0,0,3,1,
0,0.6428571428571428,4.654921054840088,1,859dpErN7YnpSc62U8feJVS2721,1.0,1,3,1,
0,0,4.3245227336883545,1,2534kfzrkiF6qPoNEuEogKpb1695,0.0,0,3,1,
1,1.0,4.1834611892700195,1,878Tp76n2ZpjK1LVAz5F3Mg2680,1.0,1,3,1,
0,0.13333333333333333,4.641374826431274,1,1611MZZJtpt_K7BKLoHaLOLz1207,0.0,0,3,1,
1,1.0,4.307618618011475,1,687a3A4RhuOTcthCNUiIrgc2907,1.0,1,3,1,
0,0.4545454545454545,4.402161121368408,1,2506tnNa34B-P_N92wRxsBoH1767,1.0,1,3,1,
0,0.3333333333333333,6.116997003555298,1,580J0GQq9CMPFwuNoK_eRB4170,1.0,1,3,1,
0,0.392156862745098,4.900430679321289,1,8868thLYr46u8EShTLKweit2658,1.0,1,3,1,
0,0,4.583333969116211,1,1357dHKRJVVa-pcJ70XOotOx800,0.0,0,3,1,
0,0.3636363636363636,4.206123113632202,1,8982jMja-0mYqXcdvoFxJxW2630,0.0,0,3,1,
0,0.08695652173913043,4.431554794311523,1,2655YDVlTu5g8XP-s_xoiAGt1095,0.0,0,3,1,
0,0,4.260467529296875,1,2196RcteK2m9GTjJgXROQiPI4109,0.0,0,3,1,
0,0,4.181823015213013,1,9800iElAh33OivZxcm_4tCk460,0.0,0,3,1,
0,0.761904761904762,4.63446307182312,1,24057YiGguOU4QpG_Wn3OHra3640,1.0,1,3,1,
0,0.28571428571428575,4.218234539031982,1,2579V8DiOeUpZ5xJHz_B22Nw2437,0.0,0,3,1,
0,0,4.78619647026062,1,2087IjAfgbVGOizyI4eZPItW1543,0.0,0,3,1,
0,0.1764705882352941,4.6129961013793945,1,2447UihYYfUXE3z2K7OG-aL91902,0.0,0,3,1,
0,0.5128205128205129,4.338247060775757,1,2631s34D4pZl8TjOOyGiit1L2332,1.0,1,3,1,
0,0,4.560885190963745,1,2115wjzLCrPzhF-VpxKRqJFP1463,0.0,0,3,1,
1,1.0,4.235257863998413,1,1818-F59qEXWD7zf-tifA6Fz3388,1.0,1,3,1,
0,0,4.472886800765991,1,3003dQUE5hLbknhc6gAE1TOI3856,0.0,0,3,1,
1,1.0,4.1805078983306885,1,647GmaUXD9I5MZkvW1GqNBE3012,1.0,1,3,1,
0,0,4.60029673576355,1,2673R6wJljC4R8_gzHYO3Plt1042,0.0,0,3,1,
1,1.0,0.24378323554992676,0,1196pKofKEiQ1ZBZSetE64_G3168,,,,,
0,0.8,4.176504135131836,1,1524Nfm7mS8r69gMUDH3Iml01961,1.0,1,3,1,
0,0.2285714285714286,4.836735963821411,1,883RFNtuFISrJk8_Rt0CI6B2665,1.0,1,3,1,
0,0.5882352941176471,6.162113904953003,1,26682MjSxvP6AiBNgCeojDJb1057,1.0,1,3,1,
0,0.625,4.303865671157837,1,2160pB7t95SaGUm4CzQhgmjJ4198,1.0,1,3,1,
0,0.6666666666666666,4.209345579147339,1,716hek6-tGWv6OjWX6V9K692835,0.0,0,3,1,
1,1.0,4.114727020263672,1,25163F-nTR5MBd30RtLg31GT1747,0.0,0,3,1,
1,1.0,4.072171688079834,1,2041iPCDoSwc6-SSEDCFNNzL1675,1.0,1,3,1,
0,0.4,4.38874363899231,1,7008WqVcdO5NHeeSxJ_rN-I2877,1.0,1,3,1,
0,0.25,4.668956279754639,1,25316jqKhJvYVlP1H8PWC21S1702,0.0,0,3,1,
0,0.26666666666666666,4.495196580886841,1,1750NmMTJzJEm36yjIov9B9h3552,1.0,1,3,1,
0,0.5333333333333333,4.583131313323975,1,614Bxg8ByFfN9DYmXPdt9mG72,1.0,1,3,1,
0,0,4.481008291244507,1,918WklZmO3jLsn_Z70OZLWg2571,0.0,0,3,1,
0,0.5454545454545454,4.416989326477051,1,2454DywEFUk_89WopSOIo62c1888,0.0,0,3,1,
0,0.5882352941176471,4.452987194061279,1,2951jT6DhbJBxVHu10Bg2oXX3980,0.0,0,3,1,
0,0.13333333333333333,4.833439826965332,1,1559TG0OMQDF0IiIQ-iWWlLf1341,0.0,0,3,1,
0,0.37499999999999994,4.167332410812378,1,1508H4qju9CSQupQaGqERdUH2004,1.0,1,3,1,
1,1.0,4.371671199798584,1,1534EqrG2U5ZwhVnfonLjR3v1934,0.0,0,3,1,
0,0,4.460022687911987,1,1637oAol1FhKHhQdYFj8rM9_1137,0.0,0,3,1,
0,0,4.283253908157349,1,590XWeIE_Ub3P9D0x7jiKmg140,0.0,0,3,1,
0,0.3333333333333333,4.443246364593506,1,1385ik6Ip2I4xXAHzd2hJNiR722,0.0,0,3,1,
0,0,4.269968509674072,1,550jo6NqKN88LJy5XivwHWi260,0.0,0,3,1,
0,0.08333333333333334,6.475767374038696,1,1148PSyI-r3aKN8Fs-txzeP-3306,0.0,0,3,1,
0,0.36363636363636365,0.3570418357849121,0,2070UnqvM1-fIev38f4GM7OM1590,,,,,
0,0,4.342147350311279,1,6810pXzj6X5cQY4449WyWI52924,0.0,0,3,1,
0,0.21621621621621623,4.743934154510498,1,1745NUZ2j8Ha1NL9ReBuDZX-3567,0.0,0,3,1,
0,0.64,4.337061882019043,1,2459esAepNixSA0AcF8zNoUb1873,1.0,1,3,1,
0,0.11764705882352941,4.5459513664245605,1,26250nxthp2POkkPu-sWPuc42350,1.0,1,3,1,
0,0,4.760287523269653,1,1613uVGIU9rbTfPHxhpCKPHB1199,0.0,0,3,1,
0,0.5454545454545454,4.281213998794556,1,1491oI4TAF4mItNmtq538iaG2033,1.0,1,3,1,
0,0.56,4.565788984298706,1,5829IqfH0v_SCRjimDfqJQV162,1.0,1,3,1,
0,0.2,0.3632974624633789,0,1974I-pVnxUHEcoxxhc26Hf32247,,,,,
0,0,4.654303312301636,1,2224RcPD7El8ag0rMhsUVbtJ4037,0.0,0,3,1,
0,0.15384615384615383,4.464975118637085,1,1360D7Hgd9qw5bZMvmEITupU790,0.0,0,3,1,
0,0.19047619047619047,4.551644802093506,1,2986MO21v7OjEXp1PFMGy7zb3894,0.0,0,3,1,
0,0.25,4.215632200241089,1,1769rga8DFTYurVZ6xGRlZ-k3499,0.0,0,3,1,
0,0.08695652173913045,4.589506149291992,1,1359atcV3Ym9xm3K3Feuwic1793,0.0,0,3,1,
0,0.05333333333333333,1.6085107326507568,0,1199A2SWcBf7AXJV9GygzZFM3159,,,,,
0,0.10526315789473684,4.554249048233032,1,17388L0pXFkN6Wb2CQAgtWsF3589,1.0,1,3,1,
0,0.5,4.565214395523071,1,697bJxNrY0oHPPOp9A6H2w-2884,1.0,1,3,1,
0,0.4444444444444444,4.686939716339111,1,2423B6sbACqoj9ruotjUHd4V3608,1.0,1,3,1,
0,0,4.325947999954224,1,893CM-JFvTvcT8bMPws6w-12647,0.0,0,3,1,
0,0.23076923076923078,4.722161769866943,1,1037LvCdYeAKroXxUJeycQww305,1.0,1,3,1,
0,0.6666666666666667,4.3489439487457275,1,1397d2BPGtIDfQjgBBeI1gfi694,1.0,1,3,1,
0,0.5333333333333333,6.231461524963379,1,2197JYHIBfWstcD9UKgGesaP4106,1.0,1,3,1,
0,0.4,4.243055105209351,1,567COo6mlEhcowdZdaMt4w3208,0.0,0,3,1,
0,0,4.312119483947754,1,22028XpMKQjngZ6oNkc2mHhg4092,0.0,0,3,1,
1,1.0,4.315177917480469,1,1947A5MF0NJR55TokdQfbhca2306,1.0,1,3,1,
0,0.09090909090909091,4.382208347320557,1,2511yeDda16x6E0RLYCDi9mP1756,0.0,0,3,1,
0,0.3,4.605772495269775,1,2415XgbOPioSGAgijio17bAF3624,1.0,1,3,1,
0,0.2,4.252415418624878,1,1165doXH6LWPr1l3iKFqXoxi3258,0.0,0,3,1,
0,0.8888888888888888,4.463526010513306,1,2997pY-cnb_SN-LcFfS41l9P3870,1.0,1,3,1,
0,0,4.532991170883179,1,587v2MlTNxLZ2PTLUM4FwNM148,0.0,0,3,1,
0,0.1111111111111111,4.490042209625244,1,2528UEldJWc8DP0tiLD8vndW1710,0.0,0,3,1,
0,0.12121212121212123,4.823429822921753,1,3026pQ1wZ8FbWxBkRxg2TO-q3804,1.0,1,3,1,
0,0.36363636363636365,4.300012111663818,1,1767VEuCAyUVu8RWl4oT_E163505,0.0,0,3,1,
0,0,4.709954261779785,1,1024EAnLzPugg_3Icp64grI8343,0.0,0,3,1,
0,0.6666666666666666,4.2617456912994385,1,678otpfB47oYxNuzn83DpRo2932,1.0,1,3,1,
0,0,4.448887825012207,1,2461f8qQbH49itp6TCfAxJMw1868,0.0,0,3,1,
0,0,4.74142050743103,1,1347Qw23uphuVkPM2_Dx4UdQ829,0.0,0,3,1,
1,1.0,4.1742165088653564,1,1601UkDAFw-P2w4uKKY2rozv1233,1.0,1,3,1,
0,0,4.836007833480835,1,25261kHHM3xmrKGTFC2m-3jz1716,1.0,1,3,1,
0,0.2222222222222222,4.202977418899536,1,637XN1jH-kFjaRz4RsZeYq15,1.0,1,3,1,
1,1.0,5.886176586151123,1,2535_pSTmM_bPcfnFUozn-RN1692,1.0,1,3,1,
1,1.0,4.170114278793335,1,925ONi8DqJgbZBM5TjeIADZ2550,0.0,0,3,1,
1,1.0,4.24053430557251,1,2022QX2eDjcZ4dsu7lONZu112170,1.0,1,3,1,
0,0,4.562946319580078,1,17764Wvvzaj-yaDcpnjXfpOs3484,0.0,0,3,1,
0,0,4.219667673110962,1,965GQDApWgsLm2Q6M9oCXXz505,0.0,0,3,1,
0,0.09090909090909091,0.5783305168151855,0,1545nS51eGeqSTj9s6LSmRoa1377,,,,,
0,0,4.399477958679199,1,2000gGAiEI4MU8XJEWYhWtMT2206,0.0,0,3,1,
0,0.15384615384615385,0.3562805652618408,0,1230q6biePiNfKKRI6X0oFun3065,,,,,
0,0,4.215198040008545,1,1584P45h89PG1NmLba_I6GT41278,1.0,1,3,1,
0,0,4.429515838623047,1,2026yIVtrJbiaYcqiJLKF7l92163,0.0,0,3,1,
0,0,4.619158983230591,1,906MvzKtaiX283ibJ29qi6M2606,0.0,0,3,1,
0,0.56,4.600457429885864,1,2165HuZLp-RpujYD_LZRSJQC4186,1.0,1,3,1,
1,1.0,4.315740585327148,1,1504hlqci9hC_wlnWXFEJjtG2013,1.0,1,3,1,
0,0.14285714285714288,4.370264291763306,1,1349kgWBQhOLlY3E9pWS8AbU824,0.0,0,3,1,
0,0.3333333333333333,4.251807451248169,1,1203Ol4QUojB9cRergcdvn903148,0.0,0,3,1,
0,0,4.473996162414551,1,19410cAiVIRRgASbt7wWgZD-2319,0.0,0,3,1,
0,0.25,0.3276965618133545,0,5516BHaRRv6Egl03A_kDyw0257,,,,,
0,0.7499999999999999,4.248074054718018,1,2718CJJlT43vSkiBp7_LGjcB916,0.0,0,3,1,
0,0.5714285714285715,4.4628942012786865,1,1190K-vBrGKzVvJ8j8oue-N63187,1.0,1,3,1,
1,1.0,4.174958229064941,1,12230qQBc604SKoNhbZmzs-G3088,1.0,1,3,1,
0,0,4.96308159828186,1,2670Y-kuxlKLxN5SPIlGPfw91053,0.0,0,3,1,
0,0.4,4.397400856018066,1,1564Kq9tsrgH8Jhl4M51Udxu1325,1.0,1,3,1,
0,0.14285714285714288,6.170607328414917,1,2481DMq2-F1erOLzkMNHhSK-1825,0.0,0,3,1,
1,1.0,4.136900424957275,1,605xKa5pDZq3ri35vcSMZD_96,0.0,0,3,1,
0,0,4.295468807220459,1,2580MTsBR8_rce6kiKLMzPcF2432,0.0,0,3,1,
1,1.0,4.364437103271484,1,2117vQSAQ0G-Q-u-Bsbb62o91456,1.0,1,3,1,
0,0.48275862068965514,4.269040584564209,1,1990jh2GtyFtQ71QD9ruIdP_2219,1.0,1,3,1,
0,0,5.091414451599121,1,9281L0ojvJ8_Y1OZ8Y5E-2U2542,0.0,0,3,1,
0,0.823529411764706,4.333315849304199,1,2656Yp2ruMu098-NHmfDpEnc1090,1.0,1,3,1,
0,0.13793103448275862,4.4479522705078125,1,2154hgnNDJMyC_N1LGBLoIru4214,0.0,0,3,1,
1,1.0,4.434143304824829,1,18101KP3McThNf4JrT7MhYDK3412,1.0,1,3,1,
0,0,4.469801664352417,1,3036Bam4sHa-kzaCOT3bw4IT3789,0.0,0,3,1,
0,0,4.32549786567688,1,2591f3d7XC4L0cvP4kCC70_a2413,0.0,0,3,1,
0,0,4.827243089675903,1,1465BJRKQjBzp7FtVHgDIy5n2083,0.0,0,3,1,
0,0.33333333333333337,4.416238307952881,1,896R0sD8mqKYbLGYqqk-r7j2636,1.0,1,3,1,
0,0.7272727272727273,4.878606796264648,1,1364_8Kr3q32CIpMR0kiqSJZ778,1.0,1,3,1,
0,0.5714285714285715,4.332429647445679,1,12070-1QsjSqBKe6exv2Y63Q3134,1.0,1,3,1,
1,1.0,4.425725936889648,1,1789Q_uXiC023fjzRTDdQFGb3452,1.0,1,3,1,
0,0.36363636363636365,4.478104829788208,1,2468bI5nQWQ8Og-_9QlLKU8v1858,0.0,0,3,1,
1,1.0,4.684869289398193,1,849q68W7IxX8-DQe5gM8Mee2752,0.0,0,3,1,
0,0.08,6.0067458152771,1,20341Pq0AyTYhP8IIzfXyUF82144,0.0,0,3,1,
0,0.3333333333333333,0.26170778274536133,0,685mD5vd-eQOOqkkqDXeo0t2912,,,,,
0,0.5,4.4934892654418945,1,1182meUHVvr0MSNbaF6y6cu83211,0.0,0,3,1,
1,1.0,4.221921920776367,1,1598QzeCBWXgq443IBJvDmm61242,1.0,1,3,1,
1,1.0,4.25899338722229,1,1786P9IXKcQP8OkEN66opvpF3459,1.0,1,3,1,
0,0.5714285714285715,4.491149663925171,1,2122fC9S5wJCD5HNfg2ppqf71442,1.0,1,3,1,
0,0.21428571428571427,4.335739850997925,1,15715bk_bkzCsTkEKHc-4BgP1307,0.0,0,3,1,
1,1.0,4.178907155990601,1,2136oFgVPp4a2aBSRi_E2Wfp1401,1.0,1,3,1,
0,0.30769230769230765,4.488752126693726,1,862DJJ2OtaoUpLFANoF4A6z2711,0.0,0,3,1,
0,0,4.242117404937744,1,2696OeCQ2eGPeeqcJWvnia2b974,0.0,0,3,1,
0,0.18181818181818182,4.444278240203857,1,1544URXllxvZje97Y6Ow4nWo1380,0.0,0,3,1,
0,0.1142857142857143,4.611893177032471,1,1006TpLBx3Al5o1DiQaM37oi393,0.0,0,3,1,
0,0,4.354127407073975,1,15629LVg0fMbpcV7lJ9LKY9C1332,0.0,0,3,1,
0,0.9454545454545454,4.7552101612091064,1,1498TzP8gn0jdkp7FZzfjhoQ2025,1.0,1,3,1,
0,0.18181818181818182,4.34749436378479,1,734OaSkZy1tFRAsQhwXZpw72792,0.0,0,3,1,
1,1.0,4.517124176025391,1,2485bDk97nBPZwJrs1HTqUYW1817,1.0,1,3,1,
0,0.14814814814814817,4.541970729827881,1,3011U-7Tp-DNh4zvlgXG0HpU3836,1.0,1,3,1,
0,0.19999999999999998,4.525195121765137,1,2441iHjaCHbBrRtNVI1F4dLI1916,1.0,1,3,1,
0,0.8000000000000002,4.2174108028411865,1,944zb5DA9PSwaSOFs8Ixpfj568,1.0,1,3,1,
1,1.0,4.33825945854187,1,1191B_3IBBp4kfqy7lOAgEnj3182,1.0,1,3,1,
0,0.5,0.40186333656311035,0,994GU89OGfkUkf_KwQ-KrNe295,,,,,
0,0.4,6.119483947753906,1,15830sap0GkxnTMOv3sqw8nN1281,1.0,1,3,1,
0,0,7.410248756408691,0,557jlOGQ8cWQ5Q_as3HFgdb239,0.0,0,3,1,
1,1.0,4.176269292831421,1,1522fhyaWeuJ9Z_qFlrlcyWV1967,1.0,1,3,1,
0,0.6666666666666667,4.771080255508423,1,2142M0Z1hvthYBIQDwlfmDoc4244,1.0,1,3,1,
0,0,4.4600138664245605,1,1381nh2SdDr2eWku393B09QY734,0.0,0,3,1,
0,0.875,4.242107391357422,1,972wepQM0WfoPr49Ged8v0v485,1.0,1,3,1,
0,0.25,4.2315757274627686,1,1585D6y_4Zn5mH0JozDs766v1277,0.0,0,3,1,
0,0,4.550783157348633,1,2477JtT30EyGVCGC3ayc5fzB1833,1.0,1,3,1,
0,0.30769230769230765,4.330193519592285,1,2978f-wthVzOQ894PpZPNG4v3914,1.0,1,3,1,
1,1.0,4.3504579067230225,1,2630aXuhB9uY_8J6EHtO6-Mr2336,1.0,1,3,1,
0,0,4.370320796966553,1,1199A2SWcBf7AXJV9GygzZFM3160,0.0,0,3,1,
0,0.13333333333333333,4.260728359222412,1,2700a4RLmE2cp5zGGWocgMnk962,0.0,0,3,1,
0,0,4.628371238708496,1,926tAEnfqtEDknSf1RRHRGd2548,0.0,0,3,1,
0,0,4.284143686294556,1,2640qGTRBDkuytVF7DgH9rac1133,0.0,0,3,1,
0,0.3,4.598951101303101,1,1749wiiGSfeFQ3yPQ1BOc1U43557,1.0,1,3,1,
0,0.2,4.389057397842407,1,2152-7ZSgzVAfI8TDcdpWpW94218,1.0,1,3,1,
0,0.6842105263157894,4.972124338150024,1,25382aH87vyrbRDKXNCHaLeh2513,1.0,1,3,1,
0,0,4.143918037414551,1,2046GP7dC5MYUxEjhVaMxjWJ1660,1.0,1,3,1,
0,0.8,0.22247910499572754,0,2206I8Vkp53Zdu1cUBnnuvdS4080,,,,,
1,1.0,4.296539545059204,1,2104i0gKzSVXucEKM9-yEEk01497,1.0,1,3,1,
0,0.23076923076923073,6.487216472625732,1,1393pxXY3fzob8XiUnQnNutp706,1.0,1,3,1,
0,0,4.551999568939209,1,1174cqJct9Y7Xjuewm_koPVH3042,0.0,0,3,1,
0,0,4.371198415756226,1,949-8BF6fDFHRAnfe-2RE-l553,0.0,0,3,1,
0,0,4.33070969581604,1,583YdasD1ECY7CN_ngeQRce159,0.0,0,3,1,
0,0,4.344403505325317,1,1139S6XoLf7-b7jTGWo4rNqh3332,0.0,0,3,1,
0,0.6666666666666666,4.449927568435669,1,2666Q6dqeeEHLjgAoEK1_TO_1064,1.0,1,3,1,
0,0,4.504848480224609,1,713mkI94VIQA0I6wS3HJPcM2844,0.0,0,3,1,
0,0.10526315789473682,4.622945547103882,1,2555p5yiAg3i-K6fEVfg79C_2478,0.0,0,3,1,
0,0.2,4.416928291320801,1,2983ybkX29nSM9c_5Wec7ZEw3901,0.0,0,3,1,
0,0,7.7708446979522705,0,2429paTz8WarKJwpiUdXVhCP3599,1.0,1,3,1,
1,1.0,4.266088247299194,1,1986ywsnzXO8mfN71y1-tg7v2227,1.0,1,3,1,
0,0.5925925925925926,4.669691562652588,1,845JLaU-l5c2oYwpqbyvci22762,1.0,1,3,1,
0,0,4.553381681442261,1,1986ywsnzXO8mfN71y1-tg7v2228,0.0,0,3,1,
0,0.75,4.219013929367065,1,868WKfLdQ9oFbCof7_ffWel2704,1.0,1,3,1,
0,0,7.71959662437439,0,1828fptyhwuU_NFzQJA1Xi3E3366,1.0,1,3,1,
0,0.2,4.662423372268677,1,2723yCKqbYMLP3--tgThAnBf903,0.0,0,3,1,
0,0,4.439901113510132,1,710GPosYad0qKlTplL9V2RU2852,0.0,0,3,1,
0,0.25,0.3533022403717041,0,20584mhCkIhYtM4En0z3MQYe1627,,,,,
0,0,4.5057432651519775,1,1619NaRhUfzIpMj5mmPmc7Ht1182,0.0,0,3,1,
1,1.0,4.301445484161377,1,1789NObn0laTBstP0EhadjV63453,1.0,1,3,1,
0,0.22222222222222224,6.5930633544921875,1,2172h7FsXA80Z3ao1yhCMsre4164,1.0,1,3,1,
0,0,4.215841054916382,1,546nNnwuSPlfllI6CKnHjv2270,0.0,0,3,1,
0,0.42857142857142855,4.50771427154541,1,2109wDBr_5DTMGUIMawARy5V1482,1.0,1,3,1,
1,1.0,4.412024259567261,1,652LiD_APWuMXugNPF6gw3S2998,1.0,1,3,1,
0,0.8235294117647058,4.426142454147339,1,2200LNmoAD2ZOW48t6lvPwZ84096,1.0,1,3,1,
0,0.3157894736842105,4.601007699966431,1,2591f3d7XC4L0cvP4kCC70_a2414,0.0,0,3,1,
0,0.5660377358490567,4.596339702606201,1,1499owxpLi-93XDGBsIRGW_z2023,1.0,1,3,1,
0,0.11764705882352941,4.606359958648682,1,856o8vBShmxO_WE6sEatSZ02730,0.0,0,3,1,
0,0.15384615384615385,4.464037895202637,1,1814TWex7U8WXxRjr7AWQorc3399,1.0,1,3,1,
0,0,7.6589508056640625,0,1018RR7R37EFe6-6a8ByqX6L361,0.0,0,3,1,
0,0,4.334399938583374,1,2467UnCsY0GjqwvnMQVa1CFT1862,0.0,0,3,1,
0,0.5,4.2823896408081055,1,5725iP5Tzyy4gxehcn9t4TM193,1.0,1,3,1,
0,0,4.6351478099823,1,2340-UH-PIG4sGreW8w-HZcs3780,0.0,0,3,1,
0,0,4.300148010253906,1,5601RlVQQ13ZMVNw8QCNW6F229,0.0,0,3,1,
0,0,4.518651247024536,1,2182v2AhcAAWzK6nwKjDRuNc4139,0.0,0,3,1,
1,1.0,4.213632583618164,1,26269UMEj-lV4oQGbZ0tTTK82348,1.0,1,3,1,
0,0.8000000000000002,4.25814962387085,1,1406r0ltJ0ogZOEySbpwaMW3669,1.0,1,3,1,
0,0.631578947368421,4.612181663513184,1,1433yPh9I7R8PyoFeMqoUqc8591,1.0,1,3,1,
0,0,4.372501850128174,1,15121jIRMuOfWOF20zi63R281993,0.0,0,3,1,
0,0,6.118501901626587,1,849f2Ie-QkeVovZ0nf-TVFF2750,0.0,0,3,1,
1,1.0,4.122000694274902,1,995Mjg3IZGW2wc7ddFCk8vg419,1.0,1,3,1,
0,0,4.1412177085876465,1,631gfVFI_1P9ON_SQmft4dC22,0.0,0,3,1,
0,0,4.217460870742798,1,1971QdtwinuI-Pt-gRGhMumc2253,0.0,0,3,1,
1,1.0,4.1171910762786865,1,1451Zli7xoESf_zR5GqQOib_2110,1.0,1,3,1,
0,0,0.24746990203857422,0,1623vavJV5LaIjQVPGNVcAhw1170,,,,,
0,0,4.276301622390747,1,2343h3FGIUg470As6-K4QCSj3773,0.0,0,3,1,
0,0,4.3382248878479,1,948f1NIXhJ2bT8M8R981m-t555,0.0,0,3,1,
0,0.2,4.437057971954346,1,2961ZnbcPJCiADt4D4VSwFvF3957,0.0,0,3,1,
0,0.16,4.5457727909088135,1,23650GFefFLGJfbuvjWASh6g3722,0.0,0,3,1,
0,0.125,4.293027877807617,1,1165doXH6LWPr1l3iKFqXoxi3259,0.0,0,3,1,
0,0.5,4.5572967529296875,1,2684Tsl9g-K98ihJB9COTF6d1011,1.0,1,3,1,
0,0,7.4735658168792725,0,21672ce9BryNGpGNYVzVNhGZ4179,0.0,0,3,1,
0,0,4.30910325050354,1,2191kaPnb2RqX3BD80ehFVLC4122,0.0,0,3,1,
0,0,4.463174819946289,1,1212dbfx54ZtFkSuZ70MXWTY3119,0.0,0,3,1,
1,1.0,4.305250644683838,1,15145mxan8eGuHJZNjBPMXai1988,1.0,1,3,1,
1,1.0,4.385430097579956,1,2082HDhMzvPbIcqJnIxlWaR01554,0.0,0,3,1,
0,0,4.348862886428833,1,303107UoTeL4eaT8LTnwXqyK3796,0.0,0,3,1,
0,0,4.3937296867370605,1,1551V9DltVWBD9ZXJKTbK0dJ1362,0.0,0,3,1,
0,0.7333333333333334,4.771308660507202,1,2077VquGxxOX89cyl9gmMgHT1569,1.0,1,3,1,
0,0.5263157894736842,6.214545011520386,1,2683ZWKumnsegnDtGeIxL8lV1013,1.0,1,3,1,
0,0.5714285714285715,4.226567268371582,1,1182meUHVvr0MSNbaF6y6cu83210,1.0,1,3,1,
0,0.125,4.517470359802246,1,24948M9Avyh-_nfyJDXBHc4r1797,0.0,0,3,1,
0,0,4.427074909210205,1,955wTJvupBdyRjDvnaEc3uT534,0.0,0,3,1,
0,0.2,0.3008882999420166,0,870SoygQGV4uQaIki71P9Rb2698,,,,,
0,0,0.41008996963500977,0,24717_VLiElLGOdxkUg2VNOa1849,,,,,
0,0.4,4.269556045532227,1,6383rnN_w8RmRaZ4XqAC_bl3038,0.0,0,3,1,
0,0,4.848119258880615,1,2704DWhswcTfuhcGd6nLvkOf950,0.0,0,3,1,
0,0.6666666666666666,4.237171411514282,1,1808axaZNmCFiRMbaxN7F0Eh3417,1.0,1,3,1,
0,0,0.302767276763916,0,5532TWtKb03tsQH8Wep0CiY250,,,,,
0,0.5714285714285715,4.177515268325806,1,1201NDB1j3x1mhteENUtx2Uf3154,0.0,0,3,1,
0,0.16,4.616901636123657,1,21819xbRjmQqZsl8GNgU4sNW4142,0.0,0,3,1,
0,0,0.29447340965270996,0,2205YOUb5TKf_CiFcqPaRzGg4082,,,,,
0,0.9333333333333333,4.2911834716796875,1,14991jeDOWPYZr3oduic0r6t2022,1.0,1,3,1,
0,0,4.505037784576416,1,1179Yl7_X9Wt3s18NELb2VVn3220,0.0,0,3,1,
0,0.4,4.150296926498413,1,1556RL1OU4mcoPPe2rTqDdxN1350,0.0,0,3,1,
0,0.6666666666666666,4.392072916030884,1,2642Y-shkE7TvvsDno5omjMf1127,1.0,1,3,1,
0,0.09523809523809525,4.410156488418579,1,1601UkDAFw-P2w4uKKY2rozv1234,1.0,1,3,1,
0,0.12121212121212123,4.794017553329468,1,2234wLjOR7Un_noOJuVXvsz_4007,0.0,0,3,1,
0,0.08695652173913045,4.712936162948608,1,2100nzSjCMDd--9Fj7a4NWfz1508,0.0,0,3,1,
0,0.4705882352941177,0.4653279781341553,0,5918CIG-j-Z17AOK4yE-cPc136,,,,,
1,1.0,4.255079984664917,1,29642huIUFSLiW4Z-VzxmaQN3949,1.0,1,3,1,
1,1.0,4.262549638748169,1,2045Qb5KQP9dbOqGOReTvV3e1662,1.0,1,3,1,
0,0,4.341693162918091,1,935UD7iycK3BrOizCyeWBg22527,0.0,0,3,1,
0,0,6.220355987548828,1,2170uR1FxS5nUGkssv426mqU4171,0.0,0,3,1,
0,0.6976744186046512,4.580167055130005,1,2457qMd_7xMNbxrlnUuIsOCX1879,1.0,1,3,1,
0,0,4.106528282165527,1,2390E0CHAPiA5irDHQbYbUX_3668,0.0,0,3,1,
0,0,4.437418222427368,1,1441IAkHzhDzjxgpL0XC_YEZ2129,0.0,0,3,1,
0,0,4.2158427238464355,1,2544eSHJS5zzqCGOgk7Ye0SF2499,0.0,0,3,1,
0,0,7.6710638999938965,0,15158DXonYdFg-0-7RHaX8Hj1985,1.0,1,3,1,
0,0,4.289486885070801,1,19606GKhPGetHHrvllnd0-WP2274,0.0,0,3,1,
0,0,4.387508869171143,1,2145dz1bx4gWcdvg-_cFIX214235,0.0,0,3,1,
1,1.0,4.279688596725464,1,2413145FP-v3VkdJMuD368AQ3626,1.0,1,3,1,
0,0.5454545454545454,4.420436382293701,1,3037_hiSeA6NsDqwYw0yXMUj3788,0.0,0,3,1,
0,0.42424242424242425,4.968076705932617,1,884Pnp87xexk_HDsVBlYF5I2662,1.0,1,3,1,
0,0,4.4003448486328125,1,969vrqLNLa3TXxxj0tGgTvq493,0.0,0,3,1,
0,0.11764705882352941,0.5085930824279785,0,894ARwgTOyFrfBbcEBpNyXo2643,,,,,
0,0.13333333333333333,4.838965177536011,1,29802gx0lFYy6rgIUS6ZhDD83910,1.0,1,3,1,
0,0.6666666666666665,4.531748533248901,1,1029YtqaRd4h1BYfuLHoU9YR327,1.0,1,3,1,
0,0,4.64080548286438,1,2079ifmZRepM8njrTCh8SwKT1563,0.0,0,3,1,
0,0.14285714285714288,4.485455513000488,1,866LtsA6S3dXyfEn4lwSbj-2707,0.0,0,3,1,
0,0.7777777777777778,4.633617162704468,1,2440WmCUht7A3EiDJl-C62Ih1920,1.0,1,3,1,
0,0.0625,4.839105129241943,1,2213XuiHzp9XEpbzWVF0KvYP4058,0.0,0,3,1,
0,0.15384615384615385,6.162170648574829,1,9708OuWanhVP-hqUoh93Luk490,0.0,0,3,1,
0,0,4.252476215362549,1,2210Bc69tRCp2-mf6PkRz9_C4069,0.0,0,3,1,
0,0.8571428571428571,4.381157875061035,1,541Cbn85P-zf8lq0QHtgjf9287,1.0,1,3,1,
0,0,4.235433578491211,1,958UDYY0qFH9pDU9YSVA8Vc527,0.0,0,3,1,
1,1.0,4.285214185714722,1,2709l9BXzPyNws7gAw46g8eL942,1.0,1,3,1,
0,0.37037037037037035,4.672163248062134,1,2955a9SrctOobLmoQ6ooGhac3971,1.0,1,3,1,
0,0.05,4.839621543884277,1,2397ngYUHwjsIyhb2KRudMVS3655,0.0,0,3,1,
0,0,4.86085844039917,1,2434Enwt_BpOKFDe86uHET3W3593,0.0,0,3,1,
1,1.0,4.203094005584717,1,70661PK3DXmYlFEFr0qjuSB2865,1.0,1,3,1,
0,0.06666666666666667,4.873929977416992,1,13510pFXx2vFby05X2rDRJDH819,0.0,0,3,1,
0,0.28571428571428575,4.211362600326538,1,2378CpxWEhm9XQDMTUWPL6Gj3690,0.0,0,3,1,
0,0.875,4.399305582046509,1,2042iP4Erd5NWbbUyNtHBaEc1671,1.0,1,3,1,
0,0.3125,4.569700479507446,1,1376s1hUgvT52mRy1sgn8oEJ748,1.0,1,3,1,
0,0,4.648925065994263,1,2115wjzLCrPzhF-VpxKRqJFP1464,0.0,0,3,1,
0,0,0.2225511074066162,0,552u6iTkQp7-Upz70482xTM254,,,,,
0,0,5.0658087730407715,1,559Gc5T32327tuZtR-qGbvH231,0.0,0,3,1,
0,0.10526315789473684,4.824404239654541,1,1171djG8ts4fgH31Xh8M8gZK3239,0.0,0,3,1,
0,0.16666666666666666,4.583935022354126,1,2024omrZBF4Urqdr7C3eyKVT2169,0.0,0,3,1,
0,0,4.488178730010986,1,25567DWWtABHgq600h7hP6972476,0.0,0,3,1,
0,0.5454545454545454,4.375473499298096,1,594fAMQ4ZSX8-in2SA6rQT0128,1.0,1,3,1,
0,0.3076923076923077,6.134298801422119,1,2679bDEhJB5SATMKB1QM00ej1024,0.0,0,3,1,
0,0.09090909090909091,4.628618478775024,1,2069HyPki8X6KB4Slz4xeov61593,1.0,1,3,1,
0,0.5,4.351089954376221,1,679poYmZAy9xntsCp9YX4vp2928,1.0,1,3,1,
0,0.5,4.410645484924316,1,2663ayztHU9rA3Qc2s7ndAID1073,1.0,1,3,1,
0,0.5000000000000001,4.754317760467529,1,990fpTdZ-ulHdJ3gm87kEl3429,1.0,1,3,1,
0,0.08333333333333333,4.46262526512146,1,2135JNizCTqBzs-NkJ-0GhnT1405,0.0,0,3,1,
0,0,4.187342405319214,1,2207G7fY90tz0IlYJOMAOQxR4078,0.0,0,3,1,
0,0,7.701568365097046,0,2564AaK20GeV0Vbt9hLoucnT2461,0.0,0,3,1,
0,0.8,4.152540445327759,1,1342n57h5KFhZrmo2TPiuwv5846,1.0,1,3,1,
0,0.5,4.304750919342041,1,2591VM1WvqHMmqcfSzWKUU0V2412,0.0,0,3,1,
0,0,4.5201942920684814,1,2687GNgTIwftLmhQl-ULlyIq1001,0.0,0,3,1,
0,0.28571428571428575,4.288290977478027,1,19924zYxXoH78NXhTDcDUqZ32216,0.0,0,3,1,
0,0.14285714285714288,4.460993766784668,1,2976zJOE2rNKDPX9dM80QEq03919,1.0,1,3,1,
1,1.0,4.49266505241394,1,1001SKiu6z7i8BnJk6y4pMq2405,1.0,1,3,1,
0,0.7777777777777777,4.774350643157959,1,1812jg8YLyuOp3yNSeoSgGds3405,1.0,1,3,1,
0,0.25,4.380638122558594,1,2159hY9kg_KDRh-iY7eVmWPR4201,1.0,1,3,1,
0,0.28571428571428575,4.520102024078369,1,2084KAYAsRFlZ71FWVieGtVO1550,1.0,1,3,1,
0,0.1818181818181818,4.4015960693359375,1,9012HUd6aulh_Yu4SRtV4Ju2623,0.0,0,3,1,
0,0.47058823529411764,4.365269899368286,1,1546qtYa8CJzD3uH6TiJXvze1375,1.0,1,3,1,
0,0.07692307692307693,6.398273944854736,1,965GQDApWgsLm2Q6M9oCXXz506,0.0,0,3,1,
0,0,4.324650526046753,1,2075fH8z53xWhNLFvwtEBqjo1575,0.0,0,3,1,
0,0.11764705882352941,4.454800367355347,1,2496BbugoKX7EuTf6XE9o7do1792,0.0,0,3,1,
1,1.0,4.043712139129639,1,2965ZcSt1DSsDVrBS8zreyMW3945,1.0,1,3,1,
0,0,4.2914204597473145,1,712fJINMnstL62jjlN87VmJ2847,0.0,0,3,1,
0,0.11428571428571428,5.387556076049805,1,10304f6wkHCc194YTbHdQ2AA324,0.0,0,3,1,
0,0,4.631250858306885,1,2468gzw0TqblC0pMtjMtvjM_1857,0.0,0,3,1,
0,0.3870967741935483,4.771335601806641,1,11681N3h2EdimO-bHyAXIg3U3250,1.0,1,3,1,
0,0.2,4.536913871765137,1,21697kyUOdQlV523IP56oa9J4174,0.0,0,3,1,
0,0,4.381836891174316,1,2180sY_3Ea7lN3cAxecHCD0Z4145,0.0,0,3,1,
0,0.13333333333333333,0.49268078804016113,0,1187yN2Y5xluovzwpRCb1U-23196,,,,,
1,1.0,4.233990669250488,1,615lwmbisxTxihwSWql1wTV70,1.0,1,3,1,
0,0.8571428571428572,4.296094655990601,1,917H85feKu7mH3ttN3VtfQZ2573,1.0,1,3,1,
0,0.16666666666666669,4.762205123901367,1,1341R-WNzKCJf9fEtyXxpaLn847,0.0,0,3,1,
0,0.08,4.631407022476196,1,2136GTNtg5ii_ljvTYd0c3zb1402,0.0,0,3,1,
1,1.0,4.436464071273804,1,2719WfPBP5JMsTcRPHcHpNOM913,1.0,1,3,1,
0,0.4,4.5281476974487305,1,1205TavQDdqmoy64BUfZ8tJ13142,0.0,0,3,1,
0,0,4.300227165222168,1,723OdNPs-YvxDCGXTe4EPQi2821,0.0,0,3,1,
0,0,0.26374101638793945,0,1552zqZDXvKbR7jYgLwOhCO41361,,,,,
0,0,4.467326402664185,1,25455IQtG99FiCeeFOTa2qBu2496,0.0,0,3,1,
1,1.0,4.28388524055481,1,2098D1dsKeKH0xANz6zd6LSO1514,1.0,1,3,1,
0,0,6.127424001693726,1,723OdNPs-YvxDCGXTe4EPQi2820,0.0,0,3,1,
0,0.31578947368421056,4.21185302734375,1,2650KGtkLjbqFCyJZlDKuL0k1106,1.0,1,3,1,
1,1.0,4.243685960769653,1,20751yhuHsp4GA5IYz4deJsk1577,1.0,1,3,1,
0,0,4.278629779815674,1,2233nOCdB2RiiWVTHevF1XQv4012,0.0,0,3,1,
0,0,4.2835142612457275,1,872Oe-4sF5fqKoau07GVCSX2694,0.0,0,3,1,
1,1.0,4.444162607192993,1,15145mxan8eGuHJZNjBPMXai1987,1.0,1,3,1,
0,0.16666666666666669,4.8419013023376465,1,621MMAr6iBLqWufltcvq0IU51,0.0,0,3,1,
0,0.22222222222222218,4.850344896316528,1,1218OExrGg3DDUqQ_BBB10Tn3103,0.0,0,3,1,
0,0.14285714285714288,4.555793285369873,1,909SCLEENZWk57i_Tj-phi82599,0.0,0,3,1,
0,0,4.708431243896484,1,2639bkXWs91YZSHduhAO93vu1136,0.0,0,3,1,
0,0,4.471682071685791,1,978yJKqB4_NA2La4xU05Yv_465,0.0,0,3,1,
0,0.125,4.7018139362335205,1,2460wLS6NYxz86-N9QN0fiAS1871,0.0,0,3,1,
0,0.625,4.499093532562256,1,153875Yqnu19JAhYETGEm0Ih1398,1.0,1,3,1,
0,0.19354838709677416,4.627769708633423,1,2502zG6K8It4JMfa8UrkdPdw1776,0.0,0,3,1,
0,0,7.67453145980835,0,2995FYU3dbcdZ2Om_eXNrFz43875,1.0,1,3,1,
1,1.0,4.210086822509766,1,860-CKdaHI0ZY3IdOUENI-52717,1.0,1,3,1,
0,0.5454545454545454,4.4397971630096436,1,1377lHU7WTseO73sB1x-x_B0745,1.0,1,3,1,
1,1.0,4.266847848892212,1,1224Jb1mPpUJDQXOAhjg5Vzo3085,1.0,1,3,1,
0,0.6956521739130435,4.456706285476685,1,1381mBjsSozQHKIhNMxaYlwy733,1.0,1,3,1,
0,0,0.18002080917358398,0,2207G7fY90tz0IlYJOMAOQxR4077,,,,,
0,0,9.419988870620728,0,2528UEldJWc8DP0tiLD8vndW1711,0.0,0,3,1,
0,0.11764705882352941,4.538963556289673,1,1764sM214smx3pexNt7ihmYZ3513,0.0,0,3,1,
0,0.4,4.256571531295776,1,2987HzRDeUn85sV9-rmGUsA53891,1.0,1,3,1,
0,0,4.297667026519775,1,2681GQbrHMk66IRSgo7mZvVv1020,0.0,0,3,1,
0,0.2222222222222222,4.1971917152404785,1,1795AVJ8Ru2GLyRyIYxjznuC3441,0.0,0,3,1,
1,1.0,4.281420469284058,1,1010sxwdiUhnx5zZTCrZW5lg381,1.0,1,3,1,
0,0,4.200088739395142,1,630KO8LeHoKQQj6c-87zNrm26,0.0,0,3,1,
0,0,4.285215377807617,1,1018P3s9oN-Ko5HsWQADxTsv360,0.0,0,3,1,
0,0.125,4.299752712249756,1,1622tBSu7soksT-AzmIOuApI1174,0.0,0,3,1,
0,0,4.281116485595703,1,1507du7IfR1G-CLcbaey_Ckb2007,0.0,0,3,1,
0,0,4.754951000213623,1,2422AkNZxKVfPVF92vs5qzLX3611,0.0,0,3,1,
0,0.12244897959183673,4.690040349960327,1,1178K7FADelb0uwGhLD-SWqk3223,0.0,0,3,1,
0,0,4.385255575180054,1,1516pPjUBF00cd02Zv6ASq9m1980,0.0,0,3,1,
0,0.125,4.527783155441284,1,1744GKV2sNvxBFRpfQ5OdYMb3571,0.0,0,3,1,
0,0,4.4453349113464355,1,539g1HipZa4q8coORPOMHwj292,0.0,0,3,1,
0,0.47058823529411764,4.794332265853882,1,2967gpRSNp7TViZ3Mhiufj7O3940,1.0,1,3,1,
0,0.1,4.424811840057373,1,1395RhOKXfGuA9Dz7cn0eC5e700,0.0,0,3,1,
0,0,4.356431007385254,1,907kbEPfz0htgTE9BXkFBZ02603,0.0,0,3,1,
0,0.28571428571428575,4.215847492218018,1,882RL4zKg1IQbdwrUdiW2uc2667,0.0,0,3,1,
0,0,6.573195695877075,1,1364rzJ0x_lGbilmxlREm3-p779,0.0,0,3,1,
0,0.14285714285714288,4.193976879119873,1,29518uqYYNpuxSl_Dm5Ls_Jm3979,0.0,0,3,1,
0,0,4.263291358947754,1,644VW80Ih4W_8lT57dCnHAu3022,0.0,0,3,1,
0,0.3,4.545130252838135,1,1632HqbVUHPq0ZhZ1rZNsIer1151,1.0,1,3,1,
0,0.3333333333333333,4.292229890823364,1,1015sbzrzzKt2hHlSyEz_8ol370,1.0,1,3,1,
0,0.8,4.2327961921691895,1,1552zqZDXvKbR7jYgLwOhCO41360,1.0,1,3,1,
0,0,4.118890762329102,1,618kZkbA7HSiZWpF9MwGv4B61,0.0,0,3,1,
0,0.1111111111111111,4.58031964302063,1,2194PPDpRt3XMclL8zL0qoaa4113,0.0,0,3,1,
0,0.6666666666666666,4.350785255432129,1,23460E1ccJXbT5GAyp6xliNY3764,0.0,0,3,1,
0,0,4.416102647781372,1,1458iv0WdN_NvJkFoTdqCZ_Q2097,0.0,0,3,1,
0,0.15384615384615383,4.509963035583496,1,9708OuWanhVP-hqUoh93Luk491,1.0,1,3,1,
0,0.23076923076923075,5.061464071273804,1,1751i1LapeZZHcs9AVF_4X7c3549,0.0,0,3,1,
0,0,4.315794229507446,1,25596TL4dwRP7xb65StkuvWw2471,0.0,0,3,1,
1,1.0,4.219729900360107,1,2347PC55kHfkoiRxULLG8kIZ3762,0.0,0,3,1,
0,0.22222222222222224,5.379757881164551,1,1209gLLe3Hw31X00Jkrt9Bb-3129,1.0,1,3,1,
0,0.13333333333333333,4.422008752822876,1,934GMRKI6FRKAdrrOzLI9OB2528,0.0,0,3,1,
0,0.3157894736842105,4.419665575027466,1,9022NBdayPGc6_3kCdKoIiQ2619,1.0,1,3,1,
0,0,4.957938194274902,1,911BOwWs3HqQbnlUS7IJNS92592,0.0,0,3,1,
0,0,7.544139623641968,0,1962hjp1HrSPLvnI5JvgHjXk2270,0.0,0,3,1,
1,1.0,5.982036590576172,1,946vx136i7MuQFGnOLt3hDn561,1.0,1,3,1,
1,1.0,4.127181053161621,1,879e8JaFZiS1bIPJKfr-NO82677,1.0,1,3,1,
0,0,4.194957733154297,1,1539KqJCW6Fb0u-gfUpW2rn21397,0.0,0,3,1,
0,0.3,4.517885446548462,1,1395li3pr9py0l2amb_zMeDF701,1.0,1,3,1,
0,0.37499999999999994,4.141329765319824,1,1475f3__mr6HOl60yEXYvb4i2059,0.0,0,3,1,
0,0.15384615384615385,4.518050193786621,1,2362g_EnliFm-a0eYF-GHE3g3728,0.0,0,3,1,
0,0,4.294199705123901,1,11781qfx77ROC14PVtyhjgRH3221,0.0,0,3,1,
0,0.5,4.067791700363159,1,891UGjxexhEMfZyXUZMcclW2651,1.0,1,3,1,
0,0.1111111111111111,0.47182536125183105,0,1511pmY9lPTH0brXmFZO6mhX1995,,,,,
0,0,4.472583055496216,1,2439Q3dwt5i21LkosQln5aU01923,1.0,1,3,1,
0,0.8,4.19055962562561,1,2041iPCDoSwc6-SSEDCFNNzL1674,0.0,0,3,1,
0,0,4.2621519565582275,1,2020ubB0JZzHv_29zd0WpIjn2175,0.0,0,3,1,
0,0.06666666666666667,4.57075047492981,1,2691tnK0hsWnOO-qgZ9oNTDt990,0.0,0,3,1,
0,0.09090909090909091,4.430027484893799,1,2493qAop2T9Z0LeYeYrtHX2p1798,0.0,0,3,1,
0,0.25,4.506211519241333,1,1209bE3iRm9XLCq2bxVSfD9A3128,0.0,0,3,1,
0,0.3,4.3297858238220215,1,1186P7uxLqgOAlAmYWkWs7Z_3198,1.0,1,3,1,
1,1.0,4.3320863246917725,1,2698Lndd-Lpk21VCym-Ysamk968,1.0,1,3,1,
0,0.15384615384615385,4.529942512512207,1,1383ifp_Kw40B-eHL0kKvrZH727,0.0,0,3,1,
0,0.5185185185185185,4.547296524047852,1,1743deCGeVjOAbPrXoFwg2ra3575,1.0,1,3,1,
0,0.6,6.037030220031738,1,586FyS4ZNoDr1aP3HZyVHPo150,0.0,0,3,1,
0,0.15789473684210528,4.619368553161621,1,1198tKDggSEgfewI5IGaBL7o3162,0.0,0,3,1,
0,0,4.501836538314819,1,1953_7jguMvfhNu8DiK9_PGm2291,0.0,0,3,1,
0,0.6666666666666666,4.278397798538208,1,1033e5HoBHETSus16NBlm9ei315,1.0,1,3,1,
0,0,4.359961032867432,1,2660eWA1cLoqpqMGliZrJkOH1083,0.0,0,3,1,
0,0,4.358354330062866,1,2438toIyC-xtMN2nOkliXxkG1924,0.0,0,3,1,
0,0,4.368311405181885,1,2066pepSCyuXjD_tji0coLR91602,0.0,0,3,1,
0,0,4.285265207290649,1,2090u5tJGb46Bj0PrJdQU5uD1533,1.0,1,3,1,
0,0.14285714285714288,4.304482936859131,1,669yw8zqEs2wIOWRmgxa0fB2951,0.0,0,3,1,
0,0.14285714285714288,4.612977027893066,1,15825J7GwbF-H9d32ahjcKpK1283,0.0,0,3,1,
1,1.0,4.151561498641968,1,11583AIKJFgE0UrBCHocpd653276,1.0,1,3,1,
0,0.2,4.583633184432983,1,3007CZ5OjOJJ4NQkfCwsWudn3848,0.0,0,3,1,
0,0,4.5079567432403564,1,3024oWqx7fEgnI85l7vJrQMv3808,0.0,0,3,1,
0,0,4.191120624542236,1,969vrqLNLa3TXxxj0tGgTvq494,0.0,0,3,1,
0,0,4.63846492767334,1,2088JK43LFzYUw1btqpa9PzL1538,0.0,0,3,1,
0,0.6666666666666666,4.208279132843018,1,1818O8BoyzdI3tIZTlZQX7MJ3389,1.0,1,3,1,
0,0.06896551724137931,4.73230504989624,1,1414IcyvJ5L7DijQ15cyTXJ6644,0.0,0,3,1,
0,0.25,4.229959964752197,1,2178TVFbQMRPXT9-DSGkWLDj4148,0.0,0,3,1,
0,0,4.365383148193359,1,1035LFxawmqTFdvZQiUCxQ31311,0.0,0,3,1,
0,0.6666666666666665,6.088069677352905,1,7035C6KSFRLF6aaoOt3S1hD2872,1.0,1,3,1,
0,0.1935483870967742,4.48771071434021,1,3014BDldoLr7qRhv_7TSXE6q3833,0.0,0,3,1,
0,0.05555555555555555,4.896834850311279,1,1581m_4FT3wjNv2nkp7_WsVw1286,0.0,0,3,1,
0,0,4.711974382400513,1,18135ObI1qm9GGBQEi88mvkH3403,0.0,0,3,1,
0,0,4.386311292648315,1,25682UMH_dlMC7fYSOKwycid2457,0.0,0,3,1,
0,0,4.191946506500244,1,650c9GCkujN5yX2Hq3ptgvj3003,0.0,0,3,1,
0,0.4,4.275528907775879,1,1606ixCVPmgAtLujhTmR7TkV1222,1.0,1,3,1,
0,0.5714285714285714,4.513368844985962,1,2094HOx0ow29dujvrq6G5bhb1522,1.0,1,3,1,
1,1.0,4.528335332870483,1,1618DNm6lX3wftxfj2fnuyVr1186,1.0,1,3,1,
0,0,4.514328956604004,1,2063xkIouWNgoRjOGLoCZ1bE1611,0.0,0,3,1,
0,0.4444444444444445,4.3671181201934814,1,587CoEbG36s3G8XderpZ9FV147,1.0,1,3,1,
0,0,4.194976329803467,1,21746ntzdoLVGjBife3gHWRY4158,0.0,0,3,1,
1,1.0,4.575461387634277,1,14107ccx8je7uhuc_ZNy_Evl655,1.0,1,3,1,
0,0.9523809523809523,4.4217071533203125,1,1598QzeCBWXgq443IBJvDmm61241,1.0,1,3,1,
0,0.0909090909090909,4.637289762496948,1,2663ayztHU9rA3Qc2s7ndAID1074,0.0,0,3,1,
1,1.0,4.404946327209473,1,1442sMpJJXkhNLF4TDZAbCx62126,1.0,1,3,1,
0,0.5454545454545455,4.496695041656494,1,1377MSN5P9oksYJneDnSmHM3746,1.0,1,3,1,
0,0.56,4.588864326477051,1,2704SYrBfH1tUHa-vFcWOrAs951,1.0,1,3,1,
0,0.5454545454545454,4.3976054191589355,1,1147WFziH2m07QrmUbmsVu0h3309,0.0,0,3,1,
0,0.23999999999999996,6.2458882331848145,1,2540AN6ZYtBeG5pfPlBiUeCC2510,0.0,0,3,1,
0,0.3636363636363636,4.567311763763428,1,17995vhBrqZO2J0Im6CrKWdd3434,1.0,1,3,1,
0,0,4.485630989074707,1,2711wNn5GeHqOfTsTyQ56zpG936,0.0,0,3,1,
0,0.11111111111111112,5.4690327644348145,1,2647F_ps9oYp8mtadvP5Zn0h1113,0.0,0,3,1,
0,0.1935483870967742,5.064997911453247,1,1348eAWGkoqC9ef6-Py2LKwI827,1.0,1,3,1,
0,0.0909090909090909,4.552173137664795,1,2698bgG-pSvhH1uH5WECCZ_3969,0.0,0,3,1,
0,0.3846153846153846,4.60166072845459,1,1385ik6Ip2I4xXAHzd2hJNiR723,0.0,0,3,1,
0,0.5,4.453824043273926,1,1756rsPxqBmo2fmiaq4y7pBo3536,1.0,1,3,1,
0,0.8333333333333333,4.41999888420105,1,1036R2bOVHSdxxka78n0CWIF306,1.0,1,3,1,
0,0.11764705882352941,4.528241395950317,1,1393SvMSe9cbsj1MOfkv-ajg707,0.0,0,3,1,
0,0,4.23785662651062,1,1834NW74vQRAIeg4u9-lyrFw3349,0.0,0,3,1,
0,0,4.1275599002838135,1,1625USrRzFeM9xahwCJbR9sR1165,1.0,1,3,1,
0,0.1,0.6388068199157715,0,2505FyMeBIza_lW5D_Zn1Sgx1770,,,,,
0,0.7777777777777778,4.446935176849365,1,2538uT9UzILgVbv20p7KxXWQ2514,1.0,1,3,1,
0,0.06896551724137931,4.60347056388855,1,2158_3RZBuLXPIO5koP0W1QD4205,0.0,0,3,1,
0,0.7142857142857143,4.539250612258911,1,1359ZuJdS_tCrQFa5IcePruQ795,0.0,0,3,1,
0,0.08333333333333334,4.380026340484619,1,1559TG0OMQDF0IiIQ-iWWlLf1340,0.0,0,3,1,
0,0,4.46574854850769,1,2553rgsFqv862eNLs2TOpqys2483,0.0,0,3,1,
0,0.16666666666666666,4.308948278427124,1,2661_JPvfH311PNXpTCTHuTd1080,0.0,0,3,1,
0,0.13333333333333333,0.4305088520050049,0,627343cba73d42d49f9ab2152ac7ee73,,,,,
0,0,0.5634932518005371,0,13bca793e8f34ef3b6a00babb827b240,,,,,
0,0,4.360738277435303,1,cc4d8bbc8f4642c6aea193e668afd57c,0.0,0,3,1,
0,0.33333333333333337,6.207352161407471,1,7f44873088fe48a2895c094b9536371f,0.0,0,3,1,
0,0,0.3412923812866211,0,577ee7142b1342d99784987541cbd5a4,,,,,
0,0.2222222222222222,0.3517909049987793,0,8675014a5cf2443ca2e3a0a7f9edd915,,,,,
0,0.16666666666666669,0.4267868995666504,0,5fe90365c57d4d86812c235aadce9261,,,,,
0,0.09523809523809523,0.4779016971588135,0,c06d584fa73d49c8b8277354ec563cba,,,,,
0,0.1111111111111111,4.29909086227417,1,ad31333ef743449d9ea5c71138e11642,1.0,1,3,1,
0,0.07692307692307693,0.695397138595581,0,d4a20e5831a74c2db85b77c202c9b353,,,,,
0,0.19999999999999998,4.4549479484558105,1,af225317e0344e869f51f816a901bfe2,0.0,0,3,1,
0,0.5,0.24515819549560547,0,b23b329d50524e0f97384027067ffa4b,,,,,
0,0,7.448115348815918,0,54362eadce8542248a27a5446872bf75,1.0,1,3,1,
0,0.2222222222222222,4.334614992141724,1,dae56260e1a14b2c8145251778fb673a,0.0,0,3,1,
0,0,7.692726373672485,0,e63e8868f5184f54957d8162b5163d8d,1.0,1,3,1,
0,0,0.39280128479003906,0,70b92157bc0245b0bb28e29a51efa75b,,,,,
0,0.11764705882352941,0.47588324546813965,0,d899d84fcb4740c0a15a3beb2b36dbef,,,,,
0,0.19999999999999998,0.40421032905578613,0,db50e1a39c684911974d11089aac3b8f,,,,,
0,0,0.35168886184692383,0,c744d9c42ac147e4b6aa2100fee15c60,,,,,
0,0.25,4.4630982875823975,1,4cba4b140f94427bb0f62c4a02363f25,1.0,1,3,1,
1,1.0,4.26101279258728,1,d92504c61c914b269b177e6e1c665703,0.0,0,3,1,
0,0.2222222222222222,0.3376743793487549,0,25534aa9c2db4c029dac36e0b86cc9e9,,,,,
0,0.19999999999999998,0.3170442581176758,0,73512a0d242c474aa4bc1a4a545ce8e9,,,,,
0,0.10526315789473684,0.5307717323303223,0,02ccd577201b495c8fd30a8134ee899f,,,,,
0,0,0.4411659240722656,0,3753577ecc2e4d6c876ab556c7129e91,,,,,
0,0.25,0.3289945125579834,0,ced58e5bda7e4c3280fe9aea708665ee,,,,,
0,0,0.4216785430908203,0,1dc06cecad4a46ef9c3f69132e7c8ec4,,,,,
0,0,0.5942823886871338,0,89d7aa79c10a4e2ca2d8cc29f2461ae7,,,,,
0,0,0.44812607765197754,0,189618aaac6749a3b85d85b3f4149728,,,,,
0,0.19999999999999998,4.283580303192139,1,ee659535aa5b4df0b9f9e9220d1c29ae,0.0,0,3,1,
1,1.0,4.082244873046875,1,4593f14942df4650914b5eedae898cef,0.0,0,3,1,
0,0.18181818181818182,4.418078899383545,1,c68c551858d14d02851f6ee0ae58cf84,1.0,1,3,1,
0,0.11764705882352941,4.589248418807983,1,008ebd5a8db245de983cca3b54793356,0.0,0,3,1,
0,0,0.2627854347229004,0,b4b01a8abc8e4777ad427ae35c7eb4c8,,,,,
0,0.18181818181818182,4.462242603302002,1,3c1d7575d77c485494bc1c14e682722e,0.0,0,3,1,
0,0,0.39287567138671875,0,8388cb2033e74f3c92428875d532e68c,,,,,
0,0.2222222222222222,4.430366039276123,1,d05a7c5ffa234a0492682d98344839ed,0.0,0,3,1,
0,0,0.3148064613342285,0,0c20dda358fd4ba189540b04d05259a4,,,,,
0,0.13333333333333333,0.4343733787536621,0,67ed77e8e8eb4c43b0ee3f476547976d,,,,,
0,0.25,0.30507636070251465,0,5f8292eaf4f94d329c966d56cc866421,,,,,
0,0,0.38302183151245117,0,caf84e8f275547508dee4708755c3968,,,,,
0,0,0.32466745376586914,0,6aa88f5f5ea64475aeffce66ca536f25,,,,,
0,0.10526315789473684,4.631317615509033,1,679153888adc42469fa2924686e1e5fe,0.0,0,3,1,
0,0,0.5192055702209473,0,dfa04009717747708fd122c1b60eea80,,,,,
0,0,0.6230719089508057,0,3c4b71cf4cf54a5d94e57f4468f19835,,,,,
0,0.2222222222222222,0.2867622375488281,0,0cf3c64085764868bbf73bed4dedb71b,,,,,
0,0.0909090909090909,0.6592822074890137,0,f9e31eaa38c14c9ba1e788b917f8ea65,,,,,
0,0,0.4855353832244873,0,79335fdeedb94bd2af2eaf5d32d5d97d,,,,,
0,0,0.3769350051879883,0,3593e1d4b90b4e8495eccbe36ad09a6b,,,,,
0,0,0.4992856979370117,0,32ac5e97ccfa4776b23094d08261a178,,,,,
0,0,7.708697080612183,0,4c4288d5694d427abc4540e7d6e27ef9,0.0,0,3,1,
0,0.16666666666666669,4.370519638061523,1,2852c90c493d4d3f9d27a7e8406c90b5,1.0,1,3,1,
0,0,0.8710811138153076,0,b59fbcf889e3428eb40b842c37e8f77c,,,,,
0,0.19999999999999998,4.566822528839111,1,d98585694efc4385bbf137bd879b88fc,0.0,0,3,1,
0,0.25,6.012093782424927,1,2105604c81ee44feba1cf54a52baa51f,0.0,0,3,1,
0,0.2857142857142857,4.295954704284668,1,9d463c564677468596fa737e4184d396,1.0,1,3,1,
0,0.25,0.3392813205718994,0,427785e75b94494b8539235667f77de0,,,,,
0,0.25,0.3269519805908203,0,93a6ab1347564abbb266947927c8c0c4,,,,,
0,0.09523809523809523,0.6481151580810547,0,42dbe45ca7744fdf9b31e919a0f7154e,,,,,
0,0.18181818181818182,4.480750322341919,1,8d81880a51974eeb81e08471be36f387,0.0,0,3,1,
