exact_match,f1_score,time,step,dataset_id,hit_rate,hits,total_retrieved,expected_count
0,0.9090909090909092,0.4985783100128174,1,629HsNl5Qf3THUq_CbmFrSx28,1.0,1.0,3.0,1.0
1,1.0,0.383495569229126,1,2648F832Z8D-thJnrxy_ZoZ11111,1.0,1.0,3.0,1.0
1,1.0,0.4537153244018554,1,2561YDPNx6Nm5o6T0F-PGw-u2466,1.0,1.0,3.0,1.0
0,0.0,0.563063383102417,1,1431C0_ORK0ta8pDX6H-1VOp596,0.0,0.0,3.0,1.0
1,1.0,0.4865124225616455,1,1234WIzl7ElikCCPk4gA-7ua3057,1.0,1.0,3.0,1.0
0,0.8571428571428571,0.5529968738555908,1,580J0GQq9CMPFwuNoK_eRB4169,1.0,1.0,3.0,1.0
0,0.0555555555555555,0.8908791542053223,1,1008cPycwBnuEuEiZLC7k7LH387,0.0,0.0,3.0,1.0
0,0.0,0.8042159080505371,1,2515HnCK6br3syHDxNhRpc8g1750,0.0,0.0,3.0,1.0
0,0.0,0.6486742496490479,0,1423Rcv2EkrmFuIt2YeOnjUf618,,,,
1,1.0,0.5176007747650146,1,20485Fhf0JwIy4n0x3VB-lgO1653,1.0,1.0,3.0,1.0
0,0.125,1.143482685089111,0,845RUlmcCAkxZC2itV7MBh62763,,,,
1,1.0,0.4309306144714355,1,2469wKA4zFUFpbear2IzeeA21855,1.0,1.0,3.0,1.0
1,1.0,0.515080451965332,1,1440qne5M3TJkKmQ8UE97H1P2132,1.0,1.0,3.0,1.0
1,1.0,0.355928897857666,1,1528MgNp15Yx30rPeZDqHZi11952,1.0,1.0,3.0,1.0
1,1.0,0.3867127895355224,1,23488dFrnyeZ5ef_I0UKSiz_3761,1.0,1.0,3.0,1.0
0,0.3333333333333333,0.5341513156890869,1,1972yAEf1nBlvyHW4FzECBk52251,1.0,1.0,3.0,1.0
0,0.25,0.4327530860900879,1,1752E5XokYRzRxCMWKU2kTp-3547,1.0,1.0,3.0,1.0
0,0.0,0.4370672702789306,1,2574e_nCnMlZf6mrQzmO3LZo2447,0.0,0.0,3.0,1.0
0,0.0,0.3859114646911621,1,1235m-89f-L_U28rNQ1Twz073053,0.0,0.0,3.0,1.0
0,0.5925925925925926,0.8419392108917236,1,924h9Ft9SWd5mJ8NvTErCl72555,1.0,1.0,3.0,1.0
0,0.1333333333333333,0.63523268699646,1,1449K8ANCJR2kfhz2B8KAAgg2114,1.0,1.0,3.0,1.0
0,0.0869565217391304,0.4440507888793945,1,2563vdW9TuW9KxwiRSmdl72r2463,0.0,0.0,3.0,1.0
1,1.0,0.3998820781707763,1,9171SqPvS4Y9VVB9rn93Vi-2574,1.0,1.0,3.0,1.0
0,0.5714285714285714,0.5864198207855225,1,27065ZHgP-paSB5ljBAmKla_949,0.0,0.0,3.0,1.0
1,1.0,0.2431755065917968,0,542GY7OjClDyzNlztIK-dOQ282,,,,
1,1.0,0.4008538722991943,1,2135JNizCTqBzs-NkJ-0GhnT1406,1.0,1.0,3.0,1.0
0,0.0,0.3430008888244629,1,1021PPK-R-xW8kEi9x6y3ozh353,0.0,0.0,3.0,1.0
0,0.25,0.6263523101806641,1,2130h876xzkpp7t6b6OH4mTG1419,1.0,1.0,3.0,1.0
0,0.2857142857142857,0.7106046676635742,1,884P0H0QPSGbW5zK2GVDAY02661,1.0,1.0,3.0,1.0
0,0.7000000000000001,0.5978758335113525,1,1192qu70aQV6bzoD2MwG1aT83180,1.0,1.0,3.0,1.0
0,0.3809523809523809,0.6714279651641846,1,604BaVh8B5igEaFS0x8dDlu99,1.0,1.0,3.0,1.0
0,0.3333333333333333,0.5450313091278076,1,2670fxp2HMG8cuSsty0VDUYi1051,1.0,1.0,3.0,1.0
0,0.7200000000000001,0.6468284130096436,1,22218q38c0YRb2JXvtSd0Nqf4044,1.0,1.0,3.0,1.0
1,1.0,0.2676475048065185,1,2134Bi8K76FZoKK6ZdoHexNd1407,1.0,1.0,3.0,1.0
1,1.0,0.3194837570190429,1,2098lWBBQeFRw7WuODbVUvic1512,1.0,1.0,3.0,1.0
0,0.0,0.3230886459350586,1,899il7HMq79D4iA4PWEiSgJ2628,0.0,0.0,3.0,1.0
0,0.0,0.4220046997070312,1,9853WfA7vCWlhKLuNowxZf-444,0.0,0.0,3.0,1.0
0,0.2162162162162162,0.9895741939544678,1,1940j-y1Q_I1wO0_w4xuf2jC2322,1.0,1.0,3.0,1.0
0,0.8,0.4110474586486816,1,2577bEPb_E8k_8MS_cadZ9ua2441,1.0,1.0,3.0,1.0
0,0.0,0.5460100173950195,1,29828E9PeGsXkCgpy9f0lHoG3903,1.0,1.0,3.0,1.0
1,1.0,0.4630050659179687,1,3022nFZbMu1Zsnj63qPWfgCv3813,1.0,1.0,3.0,1.0
1,1.0,0.4722442626953125,1,609MyQ372LLBdo0DkE0M__Y85,1.0,1.0,3.0,1.0
0,0.56,0.620969295501709,1,1012LN56E8ShPhOCoocbJrrp377,1.0,1.0,3.0,1.0
0,0.0,0.6514513492584229,1,2656m6atvpn0tFeC20KuCqnA1091,0.0,0.0,3.0,1.0
1,1.0,0.3243734836578369,1,1837DjnvLKs92-s8s-2bK5zI3340,1.0,1.0,3.0,1.0
0,0.8571428571428571,0.5070631504058838,1,994Sida6rlY6gttMLbmo18H294,1.0,1.0,3.0,1.0
0,0.0,0.2687649726867676,1,2972anHdG1TwBtQaRXhi-WEK3930,0.0,0.0,3.0,1.0
0,0.0,0.4485383033752441,1,2543YTHVxq-ZfUQzgqYoJgvE2501,1.0,1.0,3.0,1.0
0,0.5454545454545454,0.3401033878326416,0,2417mVau_Gooa9D5PxRnhLKg3623,,,,
0,0.3846153846153846,0.717090368270874,1,2135XIpxKCXL8wqzaiLxmU9S1404,1.0,1.0,3.0,1.0
0,0.7692307692307692,0.5891890525817871,1,1941vdbzlN7oVltmEKX-YLNT2321,1.0,1.0,3.0,1.0
1,1.0,0.4296097755432129,1,1172cnB3XirJLf2l_lj2h1NR3237,1.0,1.0,3.0,1.0
0,0.6666666666666666,0.4958558082580566,1,2090kIQgIF1t7Ra3IASVYGL71532,1.0,1.0,3.0,1.0
0,0.9090909090909092,0.440464973449707,1,1202iIzasrTScRTbY9MqhVF43150,1.0,1.0,3.0,1.0
1,1.0,0.2925209999084472,1,2197JYHIBfWstcD9UKgGesaP4105,0.0,0.0,3.0,1.0
0,0.2758620689655172,0.7904064655303955,1,897WMI0gpuEb7GnEJyiH4Uz2633,1.0,1.0,3.0,1.0
0,0.3636363636363636,0.7214391231536865,1,1384F3UCzmVUDztYUe75gYZ8726,1.0,1.0,3.0,1.0
0,0.3636363636363636,0.5016689300537109,1,1378ks8fL5T0PZyVfKqdb0iq743,1.0,1.0,3.0,1.0
0,0.1428571428571428,0.9538397789001464,1,1595fYgFcFNnWFaGQLEXRtcJ1248,0.0,0.0,3.0,1.0
1,1.0,0.3678560256958008,1,973l7OlPX7xTIwuKoPqSOF1480,1.0,1.0,3.0,1.0
0,0.5,0.4042408466339111,1,2059qn2LY5Rgkc_lCxZvqig_1624,1.0,1.0,3.0,1.0
0,0.6060606060606061,0.768643856048584,1,1350iEyQpgS8um8egWa2LDPk820,1.0,1.0,3.0,1.0
0,0.4,0.9835009574890136,1,2426OrIWlCMyEkLoqANXww1O3604,1.0,1.0,3.0,1.0
0,0.4,0.5250749588012695,1,1567OzoMV2H8D1C1oKf9kJ7U1317,1.0,1.0,3.0,1.0
1,1.0,0.4175143241882324,1,1157dystjMPwLIVRr1mKQuwa3280,1.0,1.0,3.0,1.0
0,0.1923076923076923,2.616467237472534,0,27136dTeCLdMVvvOL507cvEc930,1.0,1.0,3.0,1.0
0,0.0,0.7042975425720215,1,1365-1b52ot7eMMf3SsA9c4Y777,0.0,0.0,3.0,1.0
0,0.2777777777777778,1.0843870639801023,1,2236OY8HQU0L8c2zBLDDSfzl4002,1.0,1.0,3.0,1.0
0,0.8,0.338815689086914,1,1173TY1U9F1eZjiUDJuXEvfX3233,1.0,1.0,3.0,1.0
0,0.0,0.6516430377960205,1,2475BHL2tV9VUQb2nFxwGP0p1839,0.0,0.0,3.0,1.0
0,0.8571428571428571,0.4230334758758545,1,2499V-2FlPo6WVsoWpisdH6C1783,1.0,1.0,3.0,1.0
0,0.1333333333333333,0.5422799587249756,1,3018ir8K9UU-cmqq5IQcmz7l3820,0.0,0.0,3.0,1.0
0,0.5263157894736842,0.5817370414733887,1,2646G7TOcWUmw6OMJGvjmnOd1116,1.0,1.0,3.0,1.0
0,0.5,0.3782086372375488,1,628A_ztdoD85Pm7Hd6Uv2TF31,1.0,1.0,3.0,1.0
1,1.0,0.3966617584228515,1,2548jWUEsutIJk1cbqN2tPM12494,1.0,1.0,3.0,1.0
0,0.6666666666666666,0.3233675956726074,1,840n8TOnpwIHl-qkgddBBUV2778,1.0,1.0,3.0,1.0
0,0.5294117647058824,0.6772575378417969,1,1979k__dYe4eh0JcWo4LS3y02238,1.0,1.0,3.0,1.0
0,0.5217391304347826,0.5664482116699219,1,730-sg8DQC7Q6MNsKvBhO3l2801,1.0,1.0,3.0,1.0
1,1.0,0.3478889465332031,1,2411q8v30VrYGF_YwZ3xRDOD3629,1.0,1.0,3.0,1.0
1,1.0,0.4528746604919433,1,1537GkZcUo3TOHP-viuoWNt-1927,1.0,1.0,3.0,1.0
1,1.0,0.4301044940948486,1,2062pqfFSy4vUpvOqO0esuQx1613,1.0,1.0,3.0,1.0
0,0.3333333333333333,0.3534154891967773,1,717GIQkXVVB0r9TgF9XjTKs2834,1.0,1.0,3.0,1.0
0,0.8571428571428571,0.4231870174407959,1,2497_yB250Kp0G5hx_qYaSQz1789,1.0,1.0,3.0,1.0
0,0.8,0.4235415458679199,1,1532_kh1mDAMXkYl6yf_Pv1J1940,1.0,1.0,3.0,1.0
0,0.5,0.4923617839813232,1,2080wcuzvVTZwQpYTe_xQ8731560,1.0,1.0,3.0,1.0
0,0.65,0.7480030059814453,1,2562mR0gHty9fugk4dVk181r2464,1.0,1.0,3.0,1.0
1,1.0,0.4438533782958984,1,1208ZxTFiASsvA8kMOYqhRyK3132,1.0,1.0,3.0,1.0
0,0.6666666666666666,0.3047802448272705,1,904jIjVFDOK0pRjFHCWbvJn2614,1.0,1.0,3.0,1.0
0,0.2142857142857142,0.5761525630950928,1,2664AqK615zaJ_528hvbvtPb1071,1.0,1.0,3.0,1.0
1,1.0,0.5150940418243408,1,2169wN0winsrY_i_g0bAhQG-4173,1.0,1.0,3.0,1.0
1,1.0,0.4148025512695312,1,2972A0AdM2WI3crvQdFxrqCd3928,1.0,1.0,3.0,1.0
0,0.6666666666666667,0.5152909755706787,1,2173fu4XUTuowr7JXVT_qKR14162,1.0,1.0,3.0,1.0
1,1.0,0.363487958908081,1,1194VOJh4dS-MXoenYLMn-a13174,1.0,1.0,3.0,1.0
0,0.0,0.4454565048217773,1,2344eMszMywnP_KtAXxgyVLS3770,1.0,1.0,3.0,1.0
1,1.0,0.5330665111541748,1,2202VQfjd1RqAXVO4ucrNNUA4091,1.0,1.0,3.0,1.0
0,0.1052631578947368,0.8002407550811768,1,601ThCJk5zYjSXGup71iHM5105,1.0,1.0,3.0,1.0
0,0.6956521739130435,0.684370756149292,1,2219TDRURokHX0rVp0aN741O4049,1.0,1.0,3.0,1.0
1,1.0,0.4598238468170166,1,652EU8b_0799Xp7ZExvB6D12996,1.0,1.0,3.0,1.0
1,1.0,0.36391282081604,1,596zM0R2OmIzgkB1SbT2GQk122,1.0,1.0,3.0,1.0
0,0.3043478260869565,0.9331960678100586,1,2628284lX5xJUbHwtCr3OcHt2341,1.0,1.0,3.0,1.0
0,0.4444444444444444,0.3433363437652588,0,1464zJl2AsUmWqzyQ5UMyZIu2084,,,,
0,0.5454545454545454,0.6290838718414307,1,2119fyRyssk_Wje72wdKEvRB1450,1.0,1.0,3.0,1.0
0,0.0869565217391304,0.689321756362915,1,2011BmOhqTJO6XDvfA1PRl622189,1.0,1.0,3.0,1.0
0,0.8,0.3740479946136474,1,1143y4HvMRUYirASrnijdFdG3320,1.0,1.0,3.0,1.0
0,0.875,0.4962289333343506,1,11609Jmtcj6mL4_qZoKMrsvu3271,1.0,1.0,3.0,1.0
0,0.0,0.4673199653625488,1,2512lEhovFhT11eis4TwjWj61755,1.0,1.0,3.0,1.0
0,0.3749999999999999,0.4462268352508545,1,10219JfXeEWLn2dqWpvyeBX-351,0.0,0.0,3.0,1.0
0,0.5,0.4767782688140869,1,591ltVD7_6Ehvx3qb3tWALB135,1.0,1.0,3.0,1.0
0,0.0,0.6875543594360352,1,991UJ4U1LRmAW5-f92M6LsY428,0.0,0.0,3.0,1.0
0,0.3333333333333333,0.6051156520843506,1,1827dyfhitJTrUGC7j5L4f793368,1.0,1.0,3.0,1.0
1,1.0,0.2851791381835937,1,25901E2zSJQfs-GE-OfTyHNi2415,1.0,1.0,3.0,1.0
0,0.2222222222222222,0.4596743583679199,1,2390BO24hCThZGRINh8VZEwX3669,1.0,1.0,3.0,1.0
0,0.8,0.3735427856445312,1,862Cr4hD-1x_y9yIeSe1h542712,1.0,1.0,3.0,1.0
0,0.1666666666666666,1.091482400894165,1,919Uw0PTYP2s2ybeSXUEbBL2567,0.0,0.0,3.0,1.0
1,1.0,0.4408836364746094,1,26420KhWf9GaN3cEHDl39Qxn1125,1.0,1.0,3.0,1.0
1,1.0,0.4305479526519775,1,2999clBojzrphxraymsqv1j23864,1.0,1.0,3.0,1.0
0,0.3333333333333333,0.5282707214355469,1,2153UUzYIXrndLZzzxsDO5Gh4216,1.0,1.0,3.0,1.0
0,0.0,0.5617599487304688,1,1603mLkIXwPW7Y21tE83oCqe1229,0.0,0.0,3.0,1.0
1,1.0,0.5573868751525879,1,1177mo9QxepXvRmIEbov-3wB3225,1.0,1.0,3.0,1.0
1,1.0,0.5927433967590332,1,2163prpiVkHoWAkyQR6_xuQb4190,1.0,1.0,3.0,1.0
0,0.0,0.3018488883972168,1,1224ZpkYHN34yzQX3zAz1Drn3083,1.0,1.0,3.0,1.0
0,0.8,0.3814425468444824,1,3017aHeDCc1uLRI2rnBry2uw3823,1.0,1.0,3.0,1.0
1,1.0,0.339097261428833,1,25185MAzxodWaNF6paGbye9m1739,1.0,1.0,3.0,1.0
1,1.0,0.4398345947265625,1,1775dGCKacaEaf4vXnKBh4Rd3489,1.0,1.0,3.0,1.0
1,1.0,0.3047323226928711,1,1971wAtIPOivQQGrt9-QMXKx2252,1.0,1.0,3.0,1.0
0,0.0,0.2937040328979492,1,1540XOXCHVXRJvkaumygGWEP1392,0.0,0.0,3.0,1.0
0,0.0,2.6208086013793945,0,1018RR7R37EFe6-6a8ByqX6L362,0.0,0.0,3.0,1.0
0,0.0,0.8979587554931641,1,1581m_4FT3wjNv2nkp7_WsVw1287,0.0,0.0,3.0,1.0
0,0.7999999999999999,0.4606475830078125,1,92118qkl9UIQgFwOHU-Q5hF2561,1.0,1.0,3.0,1.0
0,0.3076923076923076,0.3904135227203369,1,1807ETR83rfS--7HO_UVPZIY3419,0.0,0.0,3.0,1.0
0,0.0,0.3270571231842041,1,9022NBdayPGc6_3kCdKoIiQ2620,0.0,0.0,3.0,1.0
1,1.0,0.5024352073669434,1,18135ObI1qm9GGBQEi88mvkH3404,1.0,1.0,3.0,1.0
0,0.0,0.4694976806640625,1,14135nOR58ZI6lSglpLLKJLs648,0.0,0.0,3.0,1.0
0,0.5555555555555556,0.703681230545044,1,1221TiO8JJQ-vOfSQxVla7zq3093,1.0,1.0,3.0,1.0
0,0.4,0.6209449768066406,1,684byYz4orMrh60-Fxhgy3n2915,1.0,1.0,3.0,1.0
0,0.4054054054054055,0.8963143825531006,1,2586yn1AwEdGYBYrySuVMaKy2424,1.0,1.0,3.0,1.0
0,0.4827586206896551,0.7868587970733643,1,629HsNl5Qf3THUq_CbmFrSx29,1.0,1.0,3.0,1.0
0,0.0,0.5570328235626221,1,723ytGpHPbjoavIcmlhSSPx2819,0.0,0.0,3.0,1.0
0,0.0833333333333333,0.6883597373962402,1,2713hk0M98quNxBe6DeLFCcS931,0.0,0.0,3.0,1.0
0,0.2,0.4091532230377197,1,1469nqp1NXhfX10HhPcrdOO62071,0.0,0.0,3.0,1.0
0,0.6086956521739131,0.6504383087158203,1,2230tSU7QgNiYBltnZLJbQC34019,1.0,1.0,3.0,1.0
0,0.2857142857142857,0.2789392471313476,1,2595p6qxVIXlogFl1fTrX8fj2403,1.0,1.0,3.0,1.0
1,1.0,0.4738070964813232,1,1191W0USQS58Z6BFE4WkQ-h53184,1.0,1.0,3.0,1.0
0,0.0,0.2906348705291748,1,2651W9hIkNcmdRVAlG6zUyLS1104,0.0,0.0,3.0,1.0
0,0.2222222222222222,0.5122849941253662,1,653EYaIRqmXIngKYek45pE52994,0.0,0.0,3.0,1.0
1,1.0,0.3848445415496826,1,918WklZmO3jLsn_Z70OZLWg2572,1.0,1.0,3.0,1.0
0,0.3333333333333333,0.6510441303253174,1,614qvZZNRxxpBg3ucW1nsPI74,1.0,1.0,3.0,1.0
0,0.8421052631578948,0.519324541091919,1,1968sByqQLQlZjFcJMPFrHff2258,1.0,1.0,3.0,1.0
1,1.0,0.4268724918365478,1,686OvLyPUvXUe5IOzEyV6ef2909,0.0,0.0,3.0,1.0
1,1.0,0.4028482437133789,1,1461b77FDHPFXFe4yi5Nhcwr2091,1.0,1.0,3.0,1.0
0,0.25,0.5627539157867432,1,27240PkmgWqz5j9_Fq0dxZCZ901,0.0,0.0,3.0,1.0
1,1.0,0.392742395401001,1,1586xdhd1pR6S0dzxj9ovgft1274,1.0,1.0,3.0,1.0
0,0.6,0.5043702125549316,1,564nvWBMTyMNmhonDBcxkha218,0.0,0.0,3.0,1.0
0,0.4,0.4637413024902344,1,2540fNbixvF2zJt8p9UgqNRm2509,0.0,0.0,3.0,1.0
1,1.0,0.3839614391326904,1,19576albE3jQTwnzltPL9x4p2283,1.0,1.0,3.0,1.0
1,1.0,0.5345189571380615,1,844px1jLdiF9yixa41UdsW72765,1.0,1.0,3.0,1.0
0,0.0,0.5718479156494141,1,1438GBcsCGsIXBK4Ri5BDA7-2136,0.0,0.0,3.0,1.0
0,0.3,0.695460319519043,1,1626CdTndjDZja_pRT6QKy_T1162,1.0,1.0,3.0,1.0
0,0.0,0.3998122215270996,1,2377P4XI1eWxdwx2SZ4FBFGz3694,0.0,0.0,3.0,1.0
0,0.1818181818181818,0.6170318126678467,0,1237-igIa0nSFzHyYKR3NSy73049,,,,
0,0.5116279069767442,0.8572769165039062,1,26841mPx1AI7j2kbUYe2rpkX1009,0.0,0.0,3.0,1.0
0,0.7222222222222222,0.647737979888916,1,2651TkmXlqXOnvvNj8XwRj8y1102,1.0,1.0,3.0,1.0
0,0.3333333333333333,0.5850615501403809,1,2515f1PtJHMiB1tlaUewaK_M1748,0.0,0.0,3.0,1.0
0,0.2222222222222222,0.5183401107788086,1,2074N9UKFJMXP9zlp3kGmFLm1578,0.0,0.0,3.0,1.0
0,0.4545454545454545,0.5879909992218018,1,2737g-gZdm-sJQvvj93e0dsn862,1.0,1.0,3.0,1.0
0,0.1818181818181818,0.6634464263916016,1,1209gLLe3Hw31X00Jkrt9Bb-3130,1.0,1.0,3.0,1.0
0,0.3333333333333333,0.431164026260376,1,20271DZtHLqghVOFTovejUu02159,0.0,0.0,3.0,1.0
0,0.8148148148148148,0.7520754337310791,1,1367qqQx_HJpwlvPVKeAf79c771,1.0,1.0,3.0,1.0
0,0.4166666666666666,0.7387299537658691,1,1180si0MHWiDkF_QSrRg3Bmr3217,0.0,0.0,3.0,1.0
1,1.0,0.3784189224243164,1,1755k6OhZV2tgTLoY1YA0e3q3540,1.0,1.0,3.0,1.0
0,0.4444444444444445,0.7701423168182373,1,29911GwDefKvNAdit4U50-4e3883,1.0,1.0,3.0,1.0
0,0.4000000000000001,0.4576089382171631,1,1150Z77lGncZI7Zrk-xbjId83299,1.0,1.0,3.0,1.0
0,0.3529411764705882,0.565850019454956,1,2216CR-IgtZy4-rBrWwtf5Q84055,1.0,1.0,3.0,1.0
0,0.0238095238095238,6.709147930145264,1,3032TZQwiPvD5YTjwyIxVD573795,2.0,2.0,6.0,1.0
1,1.0,0.3901002407073974,1,1031ZvlfbMyu93rSJ9xhYFCe322,1.0,1.0,3.0,1.0
0,0.48,0.544147253036499,1,953eF6SuRKllGSbKQ3CTK_8542,1.0,1.0,3.0,1.0
0,0.2,0.4674794673919678,1,1503-OeysybldRIrK-6Seqce2015,0.0,0.0,3.0,1.0
0,0.125,0.689422607421875,1,1418rlNVb_RqqdBIh4q8Vz-O632,0.0,0.0,3.0,1.0
0,0.2222222222222222,0.3676869869232178,0,2697v70pWXgc-DSg0veQwf_g972,,,,
0,0.888888888888889,0.5144262313842773,1,2950gZ4P4mJPFr8zvaCPmgqF3984,1.0,1.0,3.0,1.0
0,0.0909090909090909,0.5991151332855225,1,1015sbzrzzKt2hHlSyEz_8ol371,0.0,0.0,3.0,1.0
0,0.823529411764706,0.6543824672698975,1,20643waArPwERgCSx-Mi5aTq1607,1.0,1.0,3.0,1.0
0,0.6111111111111112,0.6490585803985596,1,25839ctSBP_9ircmR2x3MPam2429,1.0,1.0,3.0,1.0
0,0.0,0.4995050430297851,1,2109wDBr_5DTMGUIMawARy5V1481,0.0,0.0,3.0,1.0
0,0.0404040404040404,3.7444393634796143,0,667rAHXuSUPsljQVxvIq2TT2958,1.0,1.0,3.0,1.0
0,0.4285714285714285,0.680809736251831,1,1614T5V_kcqugUnyUVwnMyhs1198,1.0,1.0,3.0,1.0
1,1.0,0.5655779838562012,1,2654TNySW8MZLcGuEXDIeHmv1096,1.0,1.0,3.0,1.0
0,0.6923076923076924,0.5204479694366455,1,1167rHEYHtG_H7cMU-f8Fs4k3253,1.0,1.0,3.0,1.0
0,0.0,0.4074141979217529,1,1802TzfzNhOqk3YbRW3ibRGt3428,1.0,1.0,3.0,1.0
0,0.3333333333333333,0.4572038650512695,1,1760mDs0p3IiDjSQHOt_UjsF3525,1.0,1.0,3.0,1.0
1,1.0,0.3487541675567627,1,587v2MlTNxLZ2PTLUM4FwNM149,1.0,1.0,3.0,1.0
0,0.6,0.435795783996582,1,5926oxnr604obAEPlUV9uIf132,1.0,1.0,3.0,1.0
1,1.0,0.3986415863037109,1,869tyTpa9rKUcCPdLKs8WYm2699,1.0,1.0,3.0,1.0
1,1.0,0.4410696029663086,1,1151NblPUqOQyrZMMFg2dGYZ3296,1.0,1.0,3.0,1.0
1,1.0,0.4563641548156738,1,1403de07gs-9JpPhLkY3NXmx677,1.0,1.0,3.0,1.0
0,0.6666666666666666,0.5165677070617676,1,1399HAUAi3igcRp4kaiXBS34689,1.0,1.0,3.0,1.0
0,0.5555555555555556,0.5392675399780273,1,1765lhaAmt-FyNdNGZEF0ee43508,1.0,1.0,3.0,1.0
0,0.2222222222222222,0.3868196010589599,1,2976EFlvgTQmMUjN_0Qwuu1-3920,0.0,0.0,3.0,1.0
0,0.8,0.4394731521606445,1,911iSktzCosrhYPrDiybAu12591,1.0,1.0,3.0,1.0
1,1.0,0.4307088851928711,1,1758C1ntGFo_J3b9Gru82Z393529,1.0,1.0,3.0,1.0
1,1.0,0.455183744430542,1,25682UMH_dlMC7fYSOKwycid2456,1.0,1.0,3.0,1.0
1,1.0,0.311337947845459,1,1615r-Z6NuO6cx_SWYHnunxF1194,1.0,1.0,3.0,1.0
1,1.0,0.3733351230621338,1,1446B3blpnHraasPEB4_1HUF2121,1.0,1.0,3.0,1.0
0,0.1428571428571428,0.6110105514526367,1,1139_-7833hNxUF5gGfQFr7N3334,1.0,1.0,3.0,1.0
1,1.0,0.4709062576293945,1,1568HYHlm_FxJX3M17z-eEGK1314,1.0,1.0,3.0,1.0
0,0.4285714285714285,0.5689325332641602,1,994GU89OGfkUkf_KwQ-KrNe296,0.0,0.0,3.0,1.0
0,0.0,0.6490676403045654,1,11881tCMe4yHOSjaL320WzSI3193,0.0,0.0,3.0,1.0
0,0.2352941176470588,0.5501813888549805,1,2056cqUJwSrh1iUBnuLscYVW1632,1.0,1.0,3.0,1.0
1,1.0,0.3321084976196289,1,1175f68nWVOs5WY82yUFRvj63231,1.0,1.0,3.0,1.0
0,0.5,0.4675862789154053,1,2500VYxWOcV0dcNe7upA2FXu1780,0.0,0.0,3.0,1.0
0,0.2666666666666666,0.8828072547912598,1,1401Qipsx6VOk5VqTYL6uR-s682,0.0,0.0,3.0,1.0
0,0.7058823529411764,0.599970817565918,1,581eQPPkrKHcN8_8Sw_9yqc167,1.0,1.0,3.0,1.0
0,0.1875,0.8393046855926514,1,1412dyjyK86xUjhTPTG2x3S7651,0.0,0.0,3.0,1.0
1,1.0,0.4969100952148437,1,2144tPw0o0rfWHjrb2BilKfa4239,1.0,1.0,3.0,1.0
1,1.0,0.380338191986084,1,17575vjW6q5vpBlTdRADa0J73534,1.0,1.0,3.0,1.0
0,0.0,0.6232235431671143,1,1020SC6hZKqsbIYDzkH4Cli3355,0.0,0.0,3.0,1.0
0,0.2,0.8790016174316406,1,2648F832Z8D-thJnrxy_ZoZ11112,0.0,0.0,3.0,1.0
0,0.0,0.6187183856964111,1,1403iGcCDPPITOn08forKH9T676,1.0,1.0,3.0,1.0
0,0.0,0.3602278232574463,1,1800AHEt4m27Eec8QRYN8CrP3433,0.0,0.0,3.0,1.0
0,0.4,0.5307753086090088,1,20726paThEg6FmxDxiNte-9n1586,1.0,1.0,3.0,1.0
1,1.0,0.5376133918762207,1,1829Io4ow-6WaOGk3uMLY2EE3363,1.0,1.0,3.0,1.0
0,0.1538461538461538,0.5648305416107178,1,857c6PNb74Vi_KeHh7wTR9E2726,1.0,1.0,3.0,1.0
1,1.0,0.3526148796081543,1,1575DDvSq8Z-ZcD7dwOi7PcQ1303,1.0,1.0,3.0,1.0
0,0.0625,0.3770716190338135,0,20751yhuHsp4GA5IYz4deJsk1576,,,,
1,1.0,0.4068541526794433,1,2733OPDIO_m0GnjeKLl0Pb0x873,1.0,1.0,3.0,1.0
0,0.0,0.4318983554840088,0,1770rj6GQbTCC5Whkc2stQVr3496,,,,
0,0.9333333333333332,0.4747951030731201,1,2986JvbXNLo81zp2QsLN9R-o3895,1.0,1.0,3.0,1.0
1,1.0,0.436506986618042,1,1586CJRbcCFLoT3hGLQI9g7U1272,1.0,1.0,3.0,1.0
0,0.0,0.846705436706543,1,912P2qVUbgYW9BjbKDrE9DY2588,1.0,1.0,3.0,1.0
0,0.6666666666666666,0.5643289089202881,1,2071kHxLVZsdxtm6xVPXQcML1588,1.0,1.0,3.0,1.0
0,0.1,0.5610487461090088,0,943kajWSnLrin3THXJG_d-e571,,,,
0,0.25,0.5920794010162354,1,1627y16BUwp_39IprpSx206Q1161,0.0,0.0,3.0,1.0
0,0.923076923076923,0.4824252128601074,1,2139yDUqrN6ktYr0XYmUtrhj4252,1.0,1.0,3.0,1.0
1,1.0,0.3483650684356689,1,1517RRHHjHDzsegVV1oTrpCQ1979,1.0,1.0,3.0,1.0
0,0.0,3.8052690029144287,0,21820nOi_DCT5VotWdfluLli4138,1.0,1.0,3.0,1.0
0,0.6956521739130436,0.6263377666473389,1,595-NWtNX9EUYMxcBWtvCsv123,1.0,1.0,3.0,1.0
1,1.0,0.5407528877258301,1,2116GnMpkWhh1tl84u7kz-JS1461,1.0,1.0,3.0,1.0
0,0.888888888888889,0.4828033447265625,1,1159_3BLEoNo6JC3PQD3lhm_3273,1.0,1.0,3.0,1.0
1,1.0,0.462207555770874,1,935AXiIOoqPxpPpzzvR8YS22525,1.0,1.0,3.0,1.0
0,0.0,0.4613955020904541,1,1791pNJzKyWbh6wW0KOK91ow3451,1.0,1.0,3.0,1.0
0,0.0,0.622081995010376,1,2168J5OIY9_0JcjpUFtF-s8j4177,0.0,0.0,3.0,1.0
0,0.7692307692307692,0.5177493095397949,1,25281rkigYqmVnXZVKIo__6C1709,1.0,1.0,3.0,1.0
0,0.1739130434782608,0.4600818157196045,1,2226L8d66ouJEV1RUNRdzzwj4033,0.0,0.0,3.0,1.0
0,0.5714285714285715,0.4329383373260498,1,1478KTXepjZroExsv6FHaVuM2052,0.0,0.0,3.0,1.0
1,1.0,0.3660264015197754,1,2079-LyObLxGymHC2hBqr_KO1565,1.0,1.0,3.0,1.0
0,0.3333333333333333,0.4913430213928222,1,2627_Kfp2WhutNlCFnT50sG02344,1.0,1.0,3.0,1.0
0,0.4444444444444444,0.5595223903656006,1,2508GyO7kZECUGQ3Ln8manrq1764,1.0,1.0,3.0,1.0
0,0.4285714285714285,0.5260791778564453,1,1577OEbmLnj5geKIc3Ms5Gtk1299,1.0,1.0,3.0,1.0
0,0.3076923076923076,0.3445987701416015,0,854G5_8fmgOx2wqp3G98Wbo2736,,,,
0,0.2962962962962963,0.7082967758178711,1,1741gH8j8vwlFA4b6EQ4n5w73579,1.0,1.0,3.0,1.0
0,0.0526315789473684,1.1135101318359375,1,2366jzVcXSo7q0dr6-Gz67u-3719,0.0,0.0,3.0,1.0
0,0.8571428571428571,0.3934524059295654,1,26727Yse7GsoM0NaNss8TBWk1046,1.0,1.0,3.0,1.0
0,0.2857142857142857,0.4725794792175293,1,549BWLdJQ30ytdTBb1ltl63261,1.0,1.0,3.0,1.0
0,0.7111111111111111,0.8231172561645508,1,1194TLkUeN2s1pmz3z-LhQdx3173,1.0,1.0,3.0,1.0
1,1.0,0.4011852741241455,1,24419ElQ6t4Xid93KqYjJXMT1915,1.0,1.0,3.0,1.0
1,1.0,0.425889253616333,1,2723xU3JSCsI93Jmzi12bo8-905,1.0,1.0,3.0,1.0
1,1.0,0.4674136638641357,1,2980C0U4pvUngKDisOcpNW3q3908,1.0,1.0,3.0,1.0
0,0.7058823529411764,0.7481586933135986,1,1363vktTqXoQ53guY-ds-40F783,1.0,1.0,3.0,1.0
0,0.6153846153846153,0.7658402919769287,1,1405G7xAi6FNLYm6fgeOs5Bj672,1.0,1.0,3.0,1.0
0,0.8,0.4254295825958252,1,661euljLSpbfTSc_6HtuXCq2973,1.0,1.0,3.0,1.0
0,0.0869565217391304,0.751455545425415,1,733ro10P8E_CfDSYgZ9bqof2793,0.0,0.0,3.0,1.0
0,0.2857142857142857,0.5140597820281982,1,1427BI8NYRszEev_FCnoHfQp607,1.0,1.0,3.0,1.0
1,1.0,0.4720699787139892,1,19697DTaaASi89oMV51KpEk02257,1.0,1.0,3.0,1.0
1,1.0,0.357797622680664,1,2997uuJN0Yt55vdTFyk9kAUA3869,1.0,1.0,3.0,1.0
0,0.5517241379310345,0.6854596138000488,1,986iCUMSxEyOTfVrShe7r8X441,1.0,1.0,3.0,1.0
0,0.5714285714285715,0.6306359767913818,1,1215415v_BmzwkNXDE-6MKs73112,1.0,1.0,3.0,1.0
0,0.0,0.5522212982177734,1,636bdCEp-ei65RvphUV5kzu7,0.0,0.0,3.0,1.0
0,0.0,0.478726863861084,1,1563xPRXXjjPfuYHto6gKMoW1328,0.0,0.0,3.0,1.0
0,0.8148148148148148,0.5570852756500244,1,2418I5yqyRb98QY4tLtXIn9_3620,1.0,1.0,3.0,1.0
0,0.2352941176470588,0.8844993114471436,1,5725iP5Tzyy4gxehcn9t4TM194,1.0,1.0,3.0,1.0
0,0.4,0.3454258441925049,1,2957RON0RMexHAq6R8NDth-G3967,0.0,0.0,3.0,1.0
0,0.6,0.4347927570343017,1,1603faGMdBUg02YqijMJnA3w1231,1.0,1.0,3.0,1.0
1,1.0,0.3041930198669433,1,2663WQsor3o4Lewe9Mg8roUm1072,1.0,1.0,3.0,1.0
0,0.2222222222222222,0.7492873668670654,1,2366D8Jn50ErgQhZUhWNbxoM3718,0.0,0.0,3.0,1.0
0,0.7692307692307692,0.4272868633270263,1,2362OelwhQFGW2uASOC1uIZ-3729,1.0,1.0,3.0,1.0
0,0.8571428571428571,0.3635141849517822,1,2378sHxPf01TWhBuenSHMJyp3692,1.0,1.0,3.0,1.0
0,0.1999999999999999,0.7011237144470215,1,2941qGbMTO0mozvc2N-D8Ll13995,1.0,1.0,3.0,1.0
1,1.0,0.5285060405731201,1,1773wQV9nuZZSk8BnMoB0VXa3492,1.0,1.0,3.0,1.0
0,0.0,1.0133602619171145,1,2572QIeAiUrm-El8uQMnoPL52451,0.0,0.0,3.0,1.0
1,1.0,0.3131096363067627,1,1149B_z0nE_Bw4gpJMErDvZF3303,1.0,1.0,3.0,1.0
0,0.6666666666666666,0.7373712062835693,1,953rhbVAxIUmfTtDbVTDP6l540,1.0,1.0,3.0,1.0
0,0.0,2.620857000350952,0,1833mBAvNL7f3ZCmej5PwbdX3351,1.0,1.0,3.0,1.0
0,0.4,0.6368224620819092,1,21295BHq9T-LJZqpw1jzVi4C1424,0.0,0.0,3.0,1.0
0,0.5,0.7120532989501953,1,2456mSRZvgWGRhYDDkRPL2f41883,1.0,1.0,3.0,1.0
1,1.0,0.3077685832977295,1,1429iK5AeBnwtcbLHrY4SztI602,1.0,1.0,3.0,1.0
0,0.074074074074074,0.5019476413726807,0,1768-UuFG072H5O8Xrou6GUN3501,,,,
0,0.8,0.4558217525482178,1,1613_GNhprlpdle_vZoOR-qp1201,1.0,1.0,3.0,1.0
0,0.0,0.3449902534484863,1,1217VUulWWjfmhhB_SRnAH2c3105,0.0,0.0,3.0,1.0
0,0.7692307692307693,0.5406272411346436,1,2665gofGzsBk2vSGVSEDt1Hi1067,1.0,1.0,3.0,1.0
1,1.0,0.2670953273773193,1,2593NhMXH8FIz_rRIuHg7cJ32408,1.0,1.0,3.0,1.0
0,0.6,0.686861515045166,1,549rMq_bIS44jvhpB0uKShr263,1.0,1.0,3.0,1.0
0,0.0,0.6397902965545654,1,2114PF_Hzr-w95B50r8JycTn1467,0.0,0.0,3.0,1.0
0,0.5,0.432279109954834,1,3035KzumWKyVeC8_TMoA2sVR3792,1.0,1.0,3.0,1.0
1,1.0,0.4273290634155273,1,3022nFZbMu1Zsnj63qPWfgCv3814,1.0,1.0,3.0,1.0
0,0.0588235294117647,3.753932476043701,0,2716YlsdHqDkaN4VKLmk5cAm922,1.0,1.0,3.0,1.0
0,0.5,0.4468088150024414,1,8917xVQ8kbdXQaSDsHSDF5C2653,0.0,0.0,3.0,1.0
0,0.8,0.4372806549072265,1,2060X2wuRhZlsLWO7ahOjJyR1621,1.0,1.0,3.0,1.0
0,0.846153846153846,0.601454496383667,1,976pJTD9ppLr0BqWc-99UZT471,1.0,1.0,3.0,1.0
0,0.8333333333333333,0.4605848789215088,1,1033Dt_nnXnaknyIGfmAyPvx317,1.0,1.0,3.0,1.0
1,1.0,0.3483197689056396,1,1446B3blpnHraasPEB4_1HUF2120,1.0,1.0,3.0,1.0
0,0.0714285714285714,0.7189853191375732,1,1557tNbqGVV_I5649rcUhKBN1347,0.0,0.0,3.0,1.0
1,1.0,0.4798667430877685,1,2052CjMDg4rKssIF2dZJmzem1645,1.0,1.0,3.0,1.0
0,0.0,0.5235798358917236,1,2543Ssn0fF-rADMovcLk6Vwk2503,0.0,0.0,3.0,1.0
0,0.0,0.5136415958404541,1,1811paAxUvt29OX8E8chhsNQ3409,0.0,0.0,3.0,1.0
0,0.0,0.4085838794708252,1,1503-OeysybldRIrK-6Seqce2016,0.0,0.0,3.0,1.0
0,0.2222222222222222,0.6871242523193359,1,20657PQBSzcpWa-mLkUYkxUD1604,1.0,1.0,3.0,1.0
0,0.6666666666666666,0.3222496509552002,1,1350m8tnshnQY1-SX1xaVUVD821,0.0,0.0,3.0,1.0
0,0.75,0.4277486801147461,1,627l2qkb84k2Ux6pDSBPEUl33,1.0,1.0,3.0,1.0
0,0.4210526315789474,0.4679102897644043,1,1206-NComMUlTR08rjYYkt_A3137,1.0,1.0,3.0,1.0
0,0.6666666666666666,0.309584379196167,1,1809bhj4Kq1QgmejP4IfyOPD3415,1.0,1.0,3.0,1.0
0,0.5517241379310346,0.8202447891235352,1,2126BGCK5LuPavsOvc_pxZVc1431,1.0,1.0,3.0,1.0
0,0.9090909090909092,0.4978463649749756,1,260778F0v0DAsxDp5cLyPs1O2374,1.0,1.0,3.0,1.0
0,0.5,0.7233371734619141,1,1437XgTDWPD8li99iYDMCw0B585,1.0,1.0,3.0,1.0
0,0.5454545454545454,0.5673332214355469,1,964ygH1FC7IV5sCZPqT4llq507,1.0,1.0,3.0,1.0
0,0.0,0.5742514133453369,1,1792pLMxkyBoluA32NPBVhWK3450,0.0,0.0,3.0,1.0
0,0.5714285714285715,0.2570929527282715,0,2031uU00oEz5_jFnQx9-A0O82151,,,,
1,1.0,0.3517305850982666,1,2438_EbtTSQc5lsCpGlzo17M1925,1.0,1.0,3.0,1.0
0,0.3333333333333333,0.4275057315826416,1,2210Bc69tRCp2-mf6PkRz9_C4068,0.0,0.0,3.0,1.0
1,1.0,0.4138984680175781,1,1747m5UQck6_uvx449-K2ICH3562,1.0,1.0,3.0,1.0
0,0.923076923076923,0.4428739547729492,1,2461qoOIYKbZjllIVQPxg4wR1867,1.0,1.0,3.0,1.0
0,0.0,3.739930868148804,0,3027Cqdh_u1lGLcEm6FGsksN3803,1.0,1.0,3.0,1.0
0,0.6666666666666666,0.4747748374938965,1,3013qWOe5GAKobQj6VkNX1a83834,0.0,0.0,3.0,1.0
1,1.0,0.324235200881958,1,26914YUvq_aYLzOyH3_GkM4E989,1.0,1.0,3.0,1.0
1,1.0,0.3325295448303222,1,1398G0VrF0Z8ACVX3zKFbVuB691,1.0,1.0,3.0,1.0
1,1.0,0.3607079982757568,1,913vnJ7FuCx73C-Vyaofcns2587,1.0,1.0,3.0,1.0
0,0.923076923076923,0.588813304901123,1,24607rfeko8svDiw7ESyatwy1870,1.0,1.0,3.0,1.0
0,0.4444444444444445,0.3541984558105469,1,2602Qiq4iutdiApDxWf40xp42389,1.0,1.0,3.0,1.0
0,0.7407407407407407,0.6040687561035156,1,163794mILPDzpcNzf6gK9XRU1138,1.0,1.0,3.0,1.0
0,0.6,0.5585074424743652,1,932jGvTQ5rqIA60r8VebV-l2534,1.0,1.0,3.0,1.0
0,0.1176470588235294,0.717012882232666,1,2458nO0QxOBFA2uGin02ZUeR1878,1.0,1.0,3.0,1.0
0,0.5333333333333333,0.4906847476959228,1,133872Mtqyb09KyYyKdDni5N857,1.0,1.0,3.0,1.0
0,0.6666666666666666,0.3227682113647461,1,2098D1dsKeKH0xANz6zd6LSO1513,1.0,1.0,3.0,1.0
0,0.25,0.5981941223144531,1,2224WT9qVEbYuJZkZlYlFqvu4038,1.0,1.0,3.0,1.0
1,1.0,0.3465704917907715,1,1524sFrIwH53jua7jqnLYOiU1962,1.0,1.0,3.0,1.0
1,1.0,0.4049422740936279,1,912n1fA7q16KhBjbKDrE9DY2589,1.0,1.0,3.0,1.0
1,1.0,0.447662353515625,1,1420JOuqW5exFS-bK5y2bt55628,1.0,1.0,3.0,1.0
1,1.0,0.2102138996124267,0,1144Dngx4nkJVbVR8P-iE7sU3319,,,,
0,0.16,0.6095981597900391,1,27105B4kNatJgs2HMEX3Qbc-939,0.0,0.0,3.0,1.0
0,0.2857142857142857,0.6622974872589111,1,2970It0bwdTOrenZMXbnev6P3933,1.0,1.0,3.0,1.0
0,0.4705882352941176,0.4773397445678711,1,2427o0QmxcHBetNiSbTlOqmh3603,1.0,1.0,3.0,1.0
0,0.375,0.5110394954681396,1,1138CmWVAsyJiAlk5YMGolJH3336,1.0,1.0,3.0,1.0
0,0.0,0.406106948852539,1,2030yIcovw6j8LoFsbnLcn8Q2154,0.0,0.0,3.0,1.0
0,0.4761904761904761,0.6630027294158936,1,2715dw_ZC1DahbCczlDe5Yi7925,1.0,1.0,3.0,1.0
0,0.3333333333333333,0.4579079151153564,1,852ZSryt9TK0_Cz0XclTy282742,1.0,1.0,3.0,1.0
1,1.0,0.3419010639190674,1,677xmZHBoR33brul42LKfZz2935,1.0,1.0,3.0,1.0
0,0.8,0.3847589492797851,1,870flRwQUtWIQqV7rnLfZJd2696,0.0,0.0,3.0,1.0
0,0.4,0.4512994289398193,1,2024omrZBF4Urqdr7C3eyKVT2168,1.0,1.0,3.0,1.0
1,1.0,0.2834651470184326,1,947RcyMsfmB5EqbyHMxRUMk558,1.0,1.0,3.0,1.0
1,1.0,0.2350392341613769,0,1754_GNEGkdOQVIVIj3t_Ce43541,,,,
0,0.8571428571428571,0.5383274555206299,1,5516BHaRRv6Egl03A_kDyw0256,1.0,1.0,3.0,1.0
0,0.6666666666666666,0.5347907543182373,1,2657Omxhm5FyXyyp4pVdXx3Z1089,1.0,1.0,3.0,1.0
0,0.0,0.3945319652557373,1,983A961flzSyGYxt388JvI9450,0.0,0.0,3.0,1.0
0,0.0,0.5476627349853516,1,7201GV7Ue0Cd9oNYVERMrHM2828,0.0,0.0,3.0,1.0
0,0.375,0.6423766613006592,1,2099-acnCQhCOzxPYUMuFfmt1511,1.0,1.0,3.0,1.0
0,0.7272727272727273,0.4357490539550781,1,2365rte00Z2XRNdvvCufE-9W3720,0.0,0.0,3.0,1.0
0,0.0,0.5615684986114502,1,1403de07gs-9JpPhLkY3NXmx678,0.0,0.0,3.0,1.0
1,1.0,0.3693439960479736,1,1012HoYF9QrGUlI-8WclyplG375,1.0,1.0,3.0,1.0
0,0.3076923076923076,0.3187408447265625,0,1605jMKtP3m0NMd6-E_YJmsm1225,,,,
1,1.0,0.3935868740081787,1,2617lIcTuHq8N8es-n39g3012366,1.0,1.0,3.0,1.0
0,0.0,0.816974401473999,1,940e-OjeYG8x4-T5kU7TrIZ579,0.0,0.0,3.0,1.0
0,0.5714285714285715,0.3071191310882568,1,1161q6jwfFLoe3yAdsycwsj33268,0.0,0.0,3.0,1.0
0,0.0,3.754438877105713,0,1237-igIa0nSFzHyYKR3NSy73048,1.0,1.0,3.0,1.0
1,1.0,0.365314245223999,1,1944pItIJgcM-r7jQqPj2HMs2314,1.0,1.0,3.0,1.0
1,1.0,0.4099130630493164,1,1997fwZQw2OagHTAFRRNBLie2213,1.0,1.0,3.0,1.0
0,0.0,0.6307342052459717,1,1355DqKO8ByX-dB6SOPvmL5p807,0.0,0.0,3.0,1.0
1,1.0,0.2283413410186767,0,2477Wk5b58ywNkmGHha3UgSX1831,,,,
0,0.0,0.1929314136505127,0,1967lfLDTgzkA9Gl59C3V4Dz2260,,,,
0,0.25,0.6773185729980469,1,888Xb_uMPfibcJslsiGts6V2656,1.0,1.0,3.0,1.0
0,0.0425531914893617,1.081357479095459,1,2496IsKGXtB1XHAUH-HYoq6R1791,0.0,0.0,3.0,1.0
0,0.2790697674418604,0.7748076915740967,1,950DO8nI2LTiizfgJEJOjpc551,0.0,0.0,3.0,1.0
0,0.1999999999999999,0.5459001064300537,1,1184C_LA1pOBVN-7HWp0PVT03205,1.0,1.0,3.0,1.0
1,1.0,0.4387204647064209,1,9800iElAh33OivZxcm_4tCk461,1.0,1.0,3.0,1.0
0,0.0833333333333333,0.5586791038513184,0,2170euqbnyjNM_3BjmlETtrd4170,,,,
0,0.7272727272727273,0.6667866706848145,1,1817Ngtonx42zKkYoB0lwkwC3392,1.0,1.0,3.0,1.0
0,0.2727272727272727,0.3771421909332275,1,25850Dtx8v5Mh2YjRyU4T3sp2426,1.0,1.0,3.0,1.0
0,0.1666666666666666,0.423187255859375,1,1435t5gBGAM2so8S89BXRimx589,0.0,0.0,3.0,1.0
1,1.0,0.4163436889648437,1,2622zT1yF5wKsaK2A4uT7mDp2355,1.0,1.0,3.0,1.0
1,1.0,0.2971956729888916,1,2009W5TM6PRERuoWbljEo4Be2196,1.0,1.0,3.0,1.0
1,1.0,0.5088205337524414,1,2397i5VYVXlITz1PA_p-X_0X3653,1.0,1.0,3.0,1.0
1,1.0,0.3586549758911133,1,25182PdyMWkPXSFPNo4-wt5J1740,1.0,1.0,3.0,1.0
0,0.7499999999999999,0.5843188762664795,1,2014iXQTylPiy0Z1L1FvuIJ62183,1.0,1.0,3.0,1.0
1,1.0,0.3409712314605713,1,1487U3qYzmS-i3I4p64DrXQr2037,1.0,1.0,3.0,1.0
1,1.0,0.2931466102600097,1,2351OjCB7Jc7RLtLp2D0LO6_3755,1.0,1.0,3.0,1.0
0,0.0,0.5573480129241943,1,11938B6Igqu2WhcVLVswrYFh3178,0.0,0.0,3.0,1.0
0,0.4615384615384615,0.6160726547241211,1,1201NDB1j3x1mhteENUtx2Uf3153,1.0,1.0,3.0,1.0
1,1.0,0.3751816749572754,1,2425ZfkdzdzBm04_UVw5uDTZ3607,1.0,1.0,3.0,1.0
0,0.7058823529411764,0.5424094200134277,1,2717hIRcFjckTs_q0EnnEVyr919,1.0,1.0,3.0,1.0
0,0.0,0.3988015651702881,1,1589mo7D-joKXh635Vo4Jd911266,0.0,0.0,3.0,1.0
0,0.6666666666666666,0.515963077545166,1,680rqH8TA5zhf68ANHAiKGW2927,0.0,0.0,3.0,1.0
0,0.0,0.5287775993347168,1,300888hdakH4X_s3IFSxziMa3844,0.0,0.0,3.0,1.0
0,0.125,0.5793540477752686,1,25011ioqTMWVMDxHE8EGAltr1778,1.0,1.0,3.0,1.0
0,0.1333333333333333,0.4700188636779785,1,718lHRShvhKKwv-68koIpPE2830,0.0,0.0,3.0,1.0
0,0.5833333333333334,0.6325697898864746,1,1167rHEYHtG_H7cMU-f8Fs4k3252,1.0,1.0,3.0,1.0
0,0.0,0.4193243980407715,1,713-mcsQX--u0E9HOv0wOBY2846,0.0,0.0,3.0,1.0
0,0.8571428571428571,0.4596047401428222,1,647GmaUXD9I5MZkvW1GqNBE3013,1.0,1.0,3.0,1.0
0,0.1142857142857143,0.9524469375610352,1,2527r9ku1IGBOQ1OmZhZuOtm1712,1.0,1.0,3.0,1.0
0,0.3333333333333333,0.3907654285430908,1,2354kkPujXID5RmnkRVl9iSj3747,1.0,1.0,3.0,1.0
1,1.0,0.456810712814331,1,1797wFst44zDF00H-0mOIT9O3439,1.0,1.0,3.0,1.0
0,0.0,0.2317728996276855,0,2597oOL_7CB6tThxfotDFYvs2399,,,,
1,1.0,0.4418361186981201,1,615lwmbisxTxihwSWql1wTV71,1.0,1.0,3.0,1.0
0,0.3076923076923077,0.5494668483734131,1,2353oF79-Zc0tRIFC0bsyHCL3750,1.0,1.0,3.0,1.0
0,0.0,0.8758995532989502,1,1354evL5v3vzH55HvCkXDwJT808,0.0,0.0,3.0,1.0
1,1.0,0.3709025382995605,1,2576l9x6n1fNR9Eyt67rO1Sa2443,1.0,1.0,3.0,1.0
0,0.4444444444444445,0.4787850379943847,1,2166jcvCXmlprvHV3vNw6N8Q4184,1.0,1.0,3.0,1.0
1,1.0,0.4760875701904297,1,2657hOs_wmY_BN0133ij4AYu1087,1.0,1.0,3.0,1.0
1,1.0,0.4016199111938476,1,2076zzQUlwU64C-IvPfAQ3dP1572,1.0,1.0,3.0,1.0
0,0.1818181818181818,0.9517905712127686,1,2707KB1tO6YYJq35qJk9l8AN946,0.0,0.0,3.0,1.0
0,0.0,0.563129186630249,0,557uKN2383p384ghLRsx8AW237,,,,
1,1.0,0.2042779922485351,0,1944pItIJgcM-r7jQqPj2HMs2313,,,,
0,0.1999999999999999,0.5831286907196045,1,1985AHITudGoVRe60XPTH_s32229,1.0,1.0,3.0,1.0
0,0.56,0.6890256404876709,1,2418I5yqyRb98QY4tLtXIn9_3621,1.0,1.0,3.0,1.0
0,0.7272727272727274,0.6706647872924805,1,24403xNlc7XEY3nh7XxknbP31918,1.0,1.0,3.0,1.0
0,0.7499999999999999,0.5077409744262695,1,2693xNMD-j6qs0jX-U23Wf0I985,1.0,1.0,3.0,1.0
0,0.1904761904761904,0.6155495643615723,1,27022m_6d9JgE_7EsYFGaMM8958,0.0,0.0,3.0,1.0
0,0.0,0.7408673763275146,1,1578v7s2xtga3UWShr9dGwp01295,0.0,0.0,3.0,1.0
0,0.8333333333333333,0.4435651302337646,1,2196AkNG1_y8EyrFRQMGcbBm4107,1.0,1.0,3.0,1.0
0,0.25,0.7292945384979248,1,982TPLydrP2xNnL4eYgSPrZ453,0.0,0.0,3.0,1.0
0,0.0,0.4994773864746094,1,2433ieX4QNZiiR5HKqVqo0kv3595,0.0,0.0,3.0,1.0
0,0.6666666666666666,0.5101253986358643,1,2227o9jqTZWB_ogYuEBs_sii4028,1.0,1.0,3.0,1.0
1,1.0,0.3782672882080078,1,26269UMEj-lV4oQGbZ0tTTK82349,1.0,1.0,3.0,1.0
0,0.1212121212121212,0.6642799377441406,1,2725lLg7uHCwU2triDIo3B-h898,0.0,0.0,3.0,1.0
1,1.0,0.3269762992858886,1,613XW7YAciAiMgfISN_tpEO77,1.0,1.0,3.0,1.0
0,0.4545454545454545,0.7634673118591309,1,2069QCdzCbUZyNgMproHhJws1594,1.0,1.0,3.0,1.0
0,0.2857142857142857,0.4312810897827148,1,11638Nq_dIQoWFn79xtu-dd53263,1.0,1.0,3.0,1.0
1,1.0,0.3983125686645508,1,912n1fA7q16KhBjbKDrE9DY2590,1.0,1.0,3.0,1.0
0,0.5263157894736842,0.5440185070037842,1,15476Ulo5UDthwWLMYPAIvDH1373,1.0,1.0,3.0,1.0
0,0.0,0.4047706127166748,1,2990PpCl1FO8CeALdKK62kl93886,0.0,0.0,3.0,1.0
0,0.0,0.8776018619537354,1,562Shx8P6CL03azbpL7QEd3224,0.0,0.0,3.0,1.0
0,0.5333333333333333,0.4665048122406006,1,1145CdbMPhBl1m3XpPiJVufo3316,1.0,1.0,3.0,1.0
1,1.0,0.3066942691802978,1,2700ouBGuI-BEf84sS7uN4t6963,1.0,1.0,3.0,1.0
1,1.0,0.4223413467407226,1,2211wsW8oNaSRcLGzwyfLWhi4066,1.0,1.0,3.0,1.0
0,0.3636363636363636,0.4548523426055908,1,12281NX5BUaKvLMrzAwIIu6k3071,1.0,1.0,3.0,1.0
0,0.625,0.467679500579834,1,1373md66uV8NUYn6tLcFPoUa755,1.0,1.0,3.0,1.0
0,0.5714285714285715,0.6085860729217529,1,1025Ra_IZNvQuUI7Ec5aTeot341,1.0,1.0,3.0,1.0
0,0.6666666666666666,0.3867254257202148,1,1742jdkwyvzoxAod7udXGbWH3576,1.0,1.0,3.0,1.0
0,0.2857142857142857,0.2672226428985595,0,54482QW5OfFiQVIWiIpVI2E277,,,,
0,0.8571428571428571,0.4633045196533203,1,1382_Yx0YcqIkER15lL0Mw_j730,0.0,0.0,3.0,1.0
0,0.5384615384615384,0.7000899314880371,1,9100HQlpvSt_OwVnpYpqMFu2596,1.0,1.0,3.0,1.0
0,0.0,0.4249393939971924,1,1175kIOD5y8d7_nFY3yGAH-q3230,0.0,0.0,3.0,1.0
1,1.0,0.3779797554016113,1,2615nIRZaSedAQN4xOsUpgWf2369,1.0,1.0,3.0,1.0
1,1.0,0.2856733798980713,1,63954swC8JcouCYEJsZyw4b3036,1.0,1.0,3.0,1.0
1,1.0,0.4424095153808594,1,892B8GiS_zkJfKANp04UQhD2649,1.0,1.0,3.0,1.0
1,1.0,0.3367679119110107,1,2595p6qxVIXlogFl1fTrX8fj2404,1.0,1.0,3.0,1.0
0,0.8571428571428571,0.4586720466613769,1,1435t5gBGAM2so8S89BXRimx590,1.0,1.0,3.0,1.0
1,1.0,0.4561336040496826,1,1963LYeJkFeQGNvt6xtitv6o2268,1.0,1.0,3.0,1.0
0,0.6,0.7864871025085449,1,2716YlsdHqDkaN4VKLmk5cAm923,1.0,1.0,3.0,1.0
0,0.4285714285714285,0.7879247665405273,1,1031ZvlfbMyu93rSJ9xhYFCe323,1.0,1.0,3.0,1.0
0,0.6666666666666666,0.3358049392700195,1,11547MyYfAO2SJjFtK6lH5ci3289,1.0,1.0,3.0,1.0
1,1.0,0.4990003108978271,1,695M95U1ZWSZiatzYpCAxVB2886,1.0,1.0,3.0,1.0
1,1.0,0.3711960315704345,1,2351OjCB7Jc7RLtLp2D0LO6_3756,1.0,1.0,3.0,1.0
0,0.4615384615384615,0.5619111061096191,1,1580Swc8yb1vcok9FztLAWLx1290,1.0,1.0,3.0,1.0
0,0.588235294117647,0.7709617614746094,1,1983DSmGEvLUNx1_qYJNeZZv2235,1.0,1.0,3.0,1.0
1,1.0,0.4732639789581299,1,2113j9ajPk3B-jbp1vJIl71A1468,1.0,1.0,3.0,1.0
0,0.4230769230769231,0.92610764503479,1,2463j88tc1ZRrsqGuky-lBg71866,1.0,1.0,3.0,1.0
0,0.1999999999999999,0.4523897171020508,1,652LiD_APWuMXugNPF6gw3S2997,0.0,0.0,3.0,1.0
0,0.3414634146341463,0.8499772548675537,1,1822rHcCQAy-f_rt_yufMqKb3383,1.0,1.0,3.0,1.0
1,1.0,0.4965894222259521,1,844wRITrjdtv1BhdX6qAgxD2767,1.0,1.0,3.0,1.0
1,1.0,0.4682931900024414,1,1345JzmbSlEwtFkj07wPh-DW836,1.0,1.0,3.0,1.0
0,0.0,0.6169106960296631,1,589hVu_utDk4vFRJ8mJGyL0141,0.0,0.0,3.0,1.0
1,1.0,0.3434193134307861,1,2544HudU0nsQ8gvIycLuberP2498,1.0,1.0,3.0,1.0
1,1.0,0.45166015625,1,1192qu70aQV6bzoD2MwG1aT83181,1.0,1.0,3.0,1.0
0,0.5925925925925926,0.7017114162445068,1,1579OPjVMaCxctlZmUpiZzrp1292,1.0,1.0,3.0,1.0
0,0.25,0.8051793575286865,1,1779lcPuO1NFS50gJD6T-Zo73478,1.0,1.0,3.0,1.0
0,0.1333333333333333,0.6143007278442383,1,2062VZLt42f5YfL_F5YiZJ9_1614,0.0,0.0,3.0,1.0
0,0.0,0.4224300384521484,1,3004X8M9tRmpFDo7C4yTa_nC3854,0.0,0.0,3.0,1.0
1,1.0,0.4336874485015869,1,2565CoSVkWMIiJBlke0DSSt82458,1.0,1.0,3.0,1.0
1,1.0,0.6221415996551514,1,2399Y49nXZDPa9G-815VEhlQ3649,1.0,1.0,3.0,1.0
0,0.0,0.3536808490753174,1,671tmMHr0OIhb3ulvq5ranP2949,0.0,0.0,3.0,1.0
0,0.2424242424242424,0.7750084400177002,1,1417CvbtpTdNieUFK8V6Ekov637,1.0,1.0,3.0,1.0
0,0.2222222222222222,0.5347857475280762,1,1398tbxE6rw4tRvgrp1PnRa7692,1.0,1.0,3.0,1.0
1,1.0,0.2463891506195068,0,894ARwgTOyFrfBbcEBpNyXo2644,,,,
1,1.0,0.3214187622070312,1,19562G4XhcAWDDltouKXoTDE2285,1.0,1.0,3.0,1.0
0,0.8292682926829268,0.8843138217926025,1,1463FoB-_-oeUnsS3sDglbN52087,1.0,1.0,3.0,1.0
0,0.5454545454545454,0.4011514186859131,1,2455Z_NA0qrNdsEcFeJPnpVS1885,1.0,1.0,3.0,1.0
0,0.0,0.5329420566558838,1,1024EAnLzPugg_3Icp64grI8344,0.0,0.0,3.0,1.0
1,1.0,0.4124331474304199,1,25544Iwj6p8ZpT8Nege2BaSS2480,1.0,1.0,3.0,1.0
0,0.4347826086956522,0.7366127967834473,1,6378qDCOgKH25DqwcZO1mKf3,1.0,1.0,3.0,1.0
0,0.8,0.3572535514831543,1,1580w-I93H4qmLDCZ7pKh9bk1288,1.0,1.0,3.0,1.0
1,1.0,0.5128581523895264,1,2994z92F6tuanrTZ7p_1PiGz3877,1.0,1.0,3.0,1.0
1,1.0,0.3680028915405273,1,683aqqwKP1KduPxIkVF7N9F2917,0.0,0.0,3.0,1.0
1,1.0,0.398681640625,1,2564PEd_NYQVsw7TwigJZu1b2460,1.0,1.0,3.0,1.0
1,1.0,0.3894639015197754,1,13946HYMoyH_5YN47EsUiywo705,1.0,1.0,3.0,1.0
0,0.5714285714285715,0.489781379699707,1,1960TyZYSsqghmtoz6azHmRc2276,1.0,1.0,3.0,1.0
0,0.3076923076923076,0.530606746673584,1,689RfOgas4kQddfMQXny3cR2902,0.0,0.0,3.0,1.0
0,0.0,0.5949420928955078,1,874kqKcdnSqPr2kHFDtCs872688,1.0,1.0,3.0,1.0
0,0.0,0.5988633632659912,1,2125Vbp22wSh0VwBbUKAfI0y1435,0.0,0.0,3.0,1.0
0,0.3636363636363636,0.5778875350952148,1,101195_WiJNTm5lUVJPBEQsu380,1.0,1.0,3.0,1.0
1,1.0,0.4014313220977783,1,881sSYAcH--BN-pqbR9hFYL2670,1.0,1.0,3.0,1.0
0,0.0,0.4047715663909912,1,1210_s24nmmMlgNl60QCA3_m3126,0.0,0.0,3.0,1.0
1,1.0,0.3420417308807373,1,1772BxXxPMha90GNn-cr0CdA3493,1.0,1.0,3.0,1.0
0,0.0,0.3723428249359131,1,564nvWBMTyMNmhonDBcxkha217,0.0,0.0,3.0,1.0
0,0.6153846153846153,0.4950165748596191,1,1626tcaoo5Rh3rYif96ePl8T1163,1.0,1.0,3.0,1.0
0,0.4285714285714285,0.4678666591644287,1,2227njumpoFaBCvHN5gK9Hmj4030,1.0,1.0,3.0,1.0
0,0.0,0.7861058712005615,1,2117usIbqKfvGfEciX6sxfMh1458,0.0,0.0,3.0,1.0
1,1.0,0.3939945697784424,1,574T3IVyhdGf2qyfbl0GBBS187,1.0,1.0,3.0,1.0
0,0.8571428571428571,0.7099146842956543,1,983lsArLcvfSEq21Yv9hyIq451,1.0,1.0,3.0,1.0
0,0.5945945945945945,0.8236484527587891,1,1447-lsa5GMde2CPKwJUa0h52117,1.0,1.0,3.0,1.0
1,1.0,0.319382905960083,1,2047k8-fX-AM7Tv4kEIBJCC81657,1.0,1.0,3.0,1.0
1,1.0,0.3897809982299804,1,2573Yesh6cIYKXGOxrwMiFam2449,1.0,1.0,3.0,1.0
1,1.0,0.2909104824066162,1,2344TQZdhbkqw-jvF5b_mO0e3768,1.0,1.0,3.0,1.0
1,1.0,0.3458302021026611,1,2644fKUBosjdYiAeduy2FQVF1120,0.0,0.0,3.0,1.0
0,0.6,0.5134274959564209,1,2467fzJ6d5_K_QRe9CU--BXT1860,0.0,0.0,3.0,1.0
0,0.0,3.751942873001098,0,977HIIAwnIqxPwgBrCLE7De468,1.0,1.0,3.0,1.0
0,0.8571428571428571,0.5063848495483398,1,2995FYU3dbcdZ2Om_eXNrFz43874,1.0,1.0,3.0,1.0
1,1.0,0.4201893806457519,1,1438pakrvpuzI9RRVwHckRIx2137,1.0,1.0,3.0,1.0
0,0.0,0.2124876976013183,1,642cj_9TM2LY8uspNPdM55l3026,0.0,0.0,0.0,1.0
0,0.4444444444444445,0.4753751754760742,1,2589xXJabxuTAbaSikLKRb-g2417,1.0,1.0,3.0,1.0
0,0.1428571428571428,0.5634267330169678,1,2420ljk2de81UhSRuKQX3a_J3616,1.0,1.0,3.0,1.0
1,1.0,0.3831677436828613,1,215150kaVnc71Yqt1mSUj_mU4220,1.0,1.0,3.0,1.0
1,1.0,0.377971887588501,1,1956vw_p35LNB6CkbnIkyRY-2284,1.0,1.0,3.0,1.0
0,0.5714285714285714,0.5524239540100098,1,2650L8Wg3JCMUv2NtSViky2F1105,1.0,1.0,3.0,1.0
1,1.0,0.5016005039215088,1,1786I5qlkjh5HPU7gv2S4fXA3460,1.0,1.0,3.0,1.0
1,1.0,0.5631082057952881,1,178729fWseJtFCuTr6qSCsEp3456,1.0,1.0,3.0,1.0
0,0.4375,0.996023654937744,1,586KitV3SprRbS0Gf9jJzYW151,1.0,1.0,3.0,1.0
0,0.2105263157894736,0.6557676792144775,1,2428yXwf4M0pblVsR9721lQa3600,1.0,1.0,3.0,1.0
1,1.0,0.3524677753448486,1,1795SmUM72qvYEGcEDAoWbE73442,1.0,1.0,3.0,1.0
0,0.5,0.3370707035064697,1,15476Ulo5UDthwWLMYPAIvDH1372,1.0,1.0,3.0,1.0
0,0.4,0.5572333335876465,1,938YP3H8bkzV6_3rYyEJr_w300,1.0,1.0,3.0,1.0
0,0.8,0.3739969730377197,1,3006iqQtMuDDJjWerBzm_Me73850,1.0,1.0,3.0,1.0
0,0.1481481481481481,0.6577532291412354,1,1631qwKfG1vTrv4q_GaRhDXj1153,0.0,0.0,3.0,1.0
1,1.0,0.3103394508361816,1,1770UjdM67frvAA3cqjwF3333494,1.0,1.0,3.0,1.0
0,0.0,0.4416031837463379,1,1761O3JjMUze6fafyiPISXbp3520,0.0,0.0,3.0,1.0
0,0.2285714285714286,0.890679121017456,1,2223FJEauLUlxzo8dn725XKK4040,0.0,0.0,3.0,1.0
1,1.0,0.4490385055541992,1,17770UIuay1RFuPABhV0c8OJ3482,1.0,1.0,3.0,1.0
0,0.6666666666666666,0.3356709480285644,1,25261kHHM3xmrKGTFC2m-3jz1717,1.0,1.0,3.0,1.0
0,0.0909090909090909,1.0904223918914795,1,2408ZcniF4-_aNVJzLlDje0y3633,1.0,1.0,3.0,1.0
0,0.0,0.7920732498168945,1,2187B0sWPT98eVpnAmdk_adu4127,0.0,0.0,3.0,1.0
0,0.0,0.4622423648834228,1,2620OCzi6sRLt3mGvqENj2_f2358,1.0,1.0,3.0,1.0
0,0.5,0.3982260227203369,1,14184ScD3kP338oXI7mRSkqg634,0.0,0.0,3.0,1.0
1,1.0,0.4614210128784179,1,545m8hikbi_76zd990QYmmK275,1.0,1.0,3.0,1.0
0,0.2666666666666667,0.6407723426818848,1,17502DSDScCdCbid-xPukm5G3554,1.0,1.0,3.0,1.0
0,0.9333333333333332,0.5461611747741699,1,1380eJea603GtPQMYCinujki736,1.0,1.0,3.0,1.0
1,1.0,0.4933369159698486,1,2176_V6iXioszwPbfdPjMwxq4154,1.0,1.0,3.0,1.0
0,0.6,0.5000660419464111,1,2521zNHb6afBjfIeBZ-paiLV1732,1.0,1.0,3.0,1.0
0,0.4285714285714285,0.6202595233917236,1,2172mjXN9cse5myRvOdHKPXb4165,1.0,1.0,3.0,1.0
0,0.8656716417910448,1.133854627609253,1,714aKiFAE7PyMxPGjvvXxuT2843,1.0,1.0,3.0,1.0
0,0.0,0.493969202041626,1,2059qn2LY5Rgkc_lCxZvqig_1623,0.0,0.0,3.0,1.0
0,0.6666666666666666,0.1868517398834228,0,585CaB0jXHyJe3pUKSAX9bo155,,,,
1,1.0,0.3993582725524902,1,2520AJw6yorsA0GUmWlSBDMa1735,1.0,1.0,3.0,1.0
1,1.0,0.4263551235198974,1,2968uPxSrxVpmS14fG-ZA4Ao3939,1.0,1.0,3.0,1.0
0,0.631578947368421,0.5171101093292236,1,2229yWQdKMBVLO9a2dROyNJM4023,1.0,1.0,3.0,1.0
0,0.3333333333333333,0.5217397212982178,1,2731RLyhdlj0BcmAmC4xntvl881,1.0,1.0,3.0,1.0
0,0.0,0.435760498046875,1,2608ntJl4AFAduDIt0AYknjI2371,0.0,0.0,3.0,1.0
0,0.5405405405405405,0.8810949325561523,1,2067_XJIXN5KQHYCN7DkmQwO1600,1.0,1.0,3.0,1.0
1,1.0,0.350701093673706,1,1533QCzr5BjBIkY0Ic8bG-GH1937,1.0,1.0,3.0,1.0
0,0.5,0.5569443702697754,1,2110Ltc2qd2K0ntqhOxVLf_A1477,1.0,1.0,3.0,1.0
0,0.3636363636363636,0.5538477897644043,1,2441iHjaCHbBrRtNVI1F4dLI1917,1.0,1.0,3.0,1.0
0,0.4285714285714285,0.4726192951202392,0,2466lC31cH6baEqjSIz-P2Z51863,,,,
0,0.6153846153846153,0.4744520187377929,1,1601x8Z8HcPY9jNpZ_sO3-QS1232,1.0,1.0,3.0,1.0
0,0.2424242424242424,0.7505667209625244,1,2478p3DH7qkwbYJIQjszTbcE1828,1.0,1.0,3.0,1.0
0,0.0,0.382091760635376,0,2389R07UIy-md3maCacU-Hv63671,,,,
0,0.0,0.3938226699829101,1,682I2vidJcfbbqgpGrTK1XG2921,0.0,0.0,3.0,1.0
0,0.1290322580645161,0.8081216812133789,1,2643UpH1vcnmDtWFzogLQYIY1123,0.0,0.0,3.0,1.0
1,1.0,0.4707984924316406,1,883NFsTbNvaXPN7nA5vibGt2664,1.0,1.0,3.0,1.0
0,0.0,0.6421425342559814,1,2030yIcovw6j8LoFsbnLcn8Q2153,0.0,0.0,3.0,1.0
1,1.0,0.3611714839935303,1,898Q-3kYtPG_vXcdvoFxJxW2631,1.0,1.0,3.0,1.0
0,0.4444444444444445,0.3643965721130371,1,1024b_zBEsoqAnEtMtzSj7XD342,1.0,1.0,3.0,1.0
0,0.5714285714285714,0.6158661842346191,1,2950j5cEVzFR9tlrOy98K8cj3982,1.0,1.0,3.0,1.0
0,0.1538461538461538,0.6007905006408691,1,2474aB357FAulw_H4WRn_Ime1842,1.0,1.0,3.0,1.0
1,1.0,0.3632500171661377,1,2221KJ9_NrlgdFscJr8G23sK4043,1.0,1.0,3.0,1.0
0,0.5454545454545454,0.5314197540283203,1,15387Blg_wJjcZbkwAdg3ihT1400,1.0,1.0,3.0,1.0
0,0.5882352941176471,0.5978293418884277,1,931vejmr38S6tswRYCaqosz2538,1.0,1.0,3.0,1.0
0,0.5333333333333333,0.773287296295166,1,2688HW0oYt08dER6A8d66xBp998,1.0,1.0,3.0,1.0
0,0.0229885057471264,3.772483110427856,0,23386xE0NbvZWVPZakM8re8C3783,1.0,1.0,3.0,1.0
0,0.0,0.6368670463562012,1,2131ThABbwh5RS-HlVdmLPDZ1418,0.0,0.0,3.0,1.0
0,0.8888888888888888,0.576303243637085,1,970ykwG5UACigqQF0ueujZT489,1.0,1.0,3.0,1.0
1,1.0,0.3936822414398193,1,2011Y6hmmr1d2jBM4AO7b6VL2190,1.0,1.0,3.0,1.0
0,0.5,0.3810708522796631,1,176272iLN20O-jOavSbCNQan3517,1.0,1.0,3.0,1.0
0,0.7586206896551724,0.6970195770263672,1,935UD7iycK3BrOizCyeWBg22526,1.0,1.0,3.0,1.0
0,0.3333333333333333,0.6336097717285156,1,1366z_TtwYTXRVHrRgzO6hv7772,1.0,1.0,3.0,1.0
1,1.0,0.319561243057251,1,705nABbOAzpYWFGNrPSDwL22868,1.0,1.0,3.0,1.0
0,0.5,0.4678871631622314,1,1037LvCdYeAKroXxUJeycQww304,0.0,0.0,3.0,1.0
0,0.0,0.4313066005706787,1,2644fKUBosjdYiAeduy2FQVF1121,0.0,0.0,3.0,1.0
0,0.1818181818181818,0.6246047019958496,1,2073z-IROD_SxTTIHVa0x2-Q1583,0.0,0.0,3.0,1.0
0,0.2,0.5832936763763428,1,2193Xc8QMOrUJWgYE6YwVXyI4116,0.0,0.0,3.0,1.0
1,1.0,0.3522872924804687,1,1455F83kQULcWfbQs3NcBq_w2104,1.0,1.0,3.0,1.0
1,1.0,0.4266819953918457,1,842ErNGDuqVhjG7ZUyiwsjd2772,1.0,1.0,3.0,1.0
0,0.0,0.5765118598937988,1,1785Yd2T_X6Og_obivSYFDDm3463,0.0,0.0,3.0,1.0
0,0.8333333333333333,0.6429815292358398,1,2176_V6iXioszwPbfdPjMwxq4153,1.0,1.0,3.0,1.0
0,0.888888888888889,0.460254430770874,1,1994OHXyl5b_H0ye904RAGwf2215,1.0,1.0,3.0,1.0
1,1.0,0.406294584274292,1,2369_xfvbok_zAL_Rv81FtdX3712,1.0,1.0,3.0,1.0
1,1.0,0.4576330184936523,1,2052RvSs680PHPtZuennk4-w1643,1.0,1.0,3.0,1.0
0,0.8888888888888888,0.4657196998596191,1,2051Kxj17zphNy4PvJVu6Lkg1647,1.0,1.0,3.0,1.0
0,0.08,0.7484803199768066,1,3038eqq4CM3lWy40y14f8S143785,1.0,1.0,3.0,1.0
0,0.5806451612903226,0.6623804569244385,1,1763xIpOj62D71kP707OrPOL3516,1.0,1.0,3.0,1.0
0,0.1568627450980392,1.3495397567749023,1,584OsnQDPEfdT3D-biv4Yg2158,0.0,0.0,3.0,1.0
0,0.0,0.4957783222198486,1,21208xkL7JG9a1slm1tkqySv1448,0.0,0.0,3.0,1.0
0,0.7272727272727273,0.3998494148254394,1,2551pxDvmDEe_JDrvTqX24D22488,1.0,1.0,3.0,1.0
0,0.4761904761904761,0.5066554546356201,1,1600ywzg9ULBGI5IAxrJ6foM1236,1.0,1.0,3.0,1.0
0,0.2857142857142857,0.339508056640625,0,596Q82NOv6jfyrM6AZU0rOO120,,,,
0,0.0,0.492502212524414,1,2548jWUEsutIJk1cbqN2tPM12495,0.0,0.0,3.0,1.0
0,0.5714285714285714,0.4958119392395019,1,2395gaoIJm8RJNk2Sl5xvuDq3658,1.0,1.0,3.0,1.0
0,0.6666666666666666,0.5336780548095703,1,20199YPeHSgfEFESo0NsKNKZ2176,1.0,1.0,3.0,1.0
0,0.5,0.3686237335205078,1,1785-_093vWZJxwqV0Mwx6bG3462,1.0,1.0,3.0,1.0
0,0.0,0.5883736610412598,1,1169Pw8TMA7C0o4DfohkFyls3245,0.0,0.0,3.0,1.0
0,0.64,0.6866743564605713,1,886LRP2H2vQHems49GkFtqW2659,1.0,1.0,3.0,1.0
0,0.8,0.3171629905700683,1,1369djsyqLYuxpeSrFzUMmCE765,1.0,1.0,3.0,1.0
0,0.0,0.2792224884033203,0,2206I8Vkp53Zdu1cUBnnuvdS4081,,,,
0,0.7499999999999999,0.4279704093933105,1,1166mDE1LWP75imlcmsDPZ4x3256,1.0,1.0,3.0,1.0
0,0.7999999999999999,0.4453442096710205,1,2439Q3dwt5i21LkosQln5aU01922,1.0,1.0,3.0,1.0
0,0.5,0.5163702964782715,1,1549OXzotDTvVSxA1XYg3Qdn1368,1.0,1.0,3.0,1.0
1,1.0,0.3950638771057129,1,1461ZfZbXtvbUZA2_jR_fhkR2090,1.0,1.0,3.0,1.0
0,0.0,0.4441564083099365,1,2999g-R1b7cOXrVxRNQJEeu63865,0.0,0.0,3.0,1.0
0,0.5,0.5307333469390869,1,2962KhT-P_YhV9i-0r4AXnNV3953,1.0,1.0,3.0,1.0
0,0.5714285714285715,0.552422046661377,1,2493Wl0nyJ_0srCt24KRwauj1800,1.0,1.0,3.0,1.0
0,0.5,0.2232387065887451,0,2102z4y9nEpbATY8I78HaePk1502,,,,
1,1.0,0.477712869644165,1,1556RL1OU4mcoPPe2rTqDdxN1349,1.0,1.0,3.0,1.0
0,0.25,0.4238595962524414,0,1740bfOMnm2FzOi__s2X3YUd3584,,,,
0,0.6086956521739131,0.6186046600341797,1,2507uSi5SuFnCHRYJSdsCOTN1766,1.0,1.0,3.0,1.0
1,1.0,0.3285255432128906,1,1825MtNCYtNGCoORkHQFRAhq3374,1.0,1.0,3.0,1.0
1,1.0,0.3543365001678467,1,1517RRHHjHDzsegVV1oTrpCQ1978,1.0,1.0,3.0,1.0
1,1.0,0.3777768611907959,1,1830MpIhGxEOYndLD4ltPTIl3360,1.0,1.0,3.0,1.0
0,0.0869565217391304,0.8477609157562256,1,1032DagEj13ZJnkBdXH3dlsw319,0.0,0.0,3.0,1.0
0,0.7058823529411764,0.517827033996582,1,913vnJ7FuCx73C-Vyaofcns2586,1.0,1.0,3.0,1.0
0,0.7586206896551724,0.7147092819213867,1,21895ri-SgzvCYbZU84umbJD4124,1.0,1.0,3.0,1.0
0,0.4,0.3654029369354248,1,20711Hl0tPbCWQ2GM-nT-TSe1587,0.0,0.0,3.0,1.0
0,0.1481481481481481,0.7393786907196045,1,1003mJcD4m-odKlTcjmfnWpG402,0.0,0.0,3.0,1.0
0,0.2608695652173913,0.6138961315155029,1,2228Ft7w8DJ9Q6WqnZI87gg34025,0.0,0.0,3.0,1.0
0,0.8,0.4704768657684326,1,699mwyBz83siw0vstjV-vDu2880,1.0,1.0,3.0,1.0
0,0.6153846153846153,0.5193603038787842,1,20641EP682eRhx2QWgjzDM9I1609,1.0,1.0,3.0,1.0
1,1.0,0.8028039932250977,1,2018nWjHAk4XaPTFuNjnMEQn2178,1.0,1.0,3.0,1.0
0,0.4444444444444445,0.5162801742553711,1,662FSjJPutAhsBA5hh--LCF2971,1.0,1.0,3.0,1.0
0,0.0769230769230769,0.923367977142334,0,622nOqPRd2vnPs-z_NW5VoY48,,,,
0,0.4,0.7132353782653809,1,2719wUxhpIiVwxBLr4itkaGv912,1.0,1.0,3.0,1.0
0,0.8,0.4097113609313965,1,703rIf-aXXra-sCqmgKHUxK2873,1.0,1.0,3.0,1.0
0,0.3333333333333333,0.6477174758911133,1,17877jymQtwntyWZpIqtv6ZT3458,1.0,1.0,3.0,1.0
0,0.72,0.6667120456695557,1,2449Gc-t93zVR6Bjza9-brVc1898,1.0,1.0,3.0,1.0
0,0.0224719101123595,3.7599778175354,0,2721w4sXZ7mV6j4Zl36hHUHd910,1.0,1.0,3.0,1.0
0,0.7499999999999999,0.5020878314971924,1,602HXVJQ-EmvT3_fAAZT-iH102,1.0,1.0,3.0,1.0
0,0.3809523809523809,0.6667506694793701,1,2986JvbXNLo81zp2QsLN9R-o3896,1.0,1.0,3.0,1.0
0,0.25,0.5956614017486572,1,2651W9hIkNcmdRVAlG6zUyLS1103,0.0,0.0,3.0,1.0
0,0.0,0.386636734008789,0,949_fWOuLXk2h3DJ9NWsIjn552,,,,
1,1.0,0.4645802974700928,1,2232EHYoqgOShRapE72ALRJ44015,0.0,0.0,3.0,1.0
1,1.0,0.4697911739349365,1,1410DLyemZEmSq5UCIdY2yjC657,1.0,1.0,3.0,1.0
0,0.5,0.48964524269104,1,2422G-GiBC-3LUz-jnAzT2Mq3609,1.0,1.0,3.0,1.0
0,0.3333333333333333,0.8106083869934082,1,2958PFJS1dK5nJyCBmSCZBqp3963,1.0,1.0,3.0,1.0
1,1.0,0.2959349155426025,1,717GIQkXVVB0r9TgF9XjTKs2833,1.0,1.0,3.0,1.0
0,0.2857142857142857,0.4997332096099853,1,1633DdbmGFX3Fap5yGmYewEs1149,1.0,1.0,2.0,1.0
0,0.4,0.3744447231292724,1,843zyenQsDbdyEDKorOOEer2769,1.0,1.0,3.0,1.0
0,0.0,0.2245821952819824,0,542XLmdPu_Re7m8EKEBlNHO283,,,,
1,1.0,0.4085769653320312,1,29802gx0lFYy6rgIUS6ZhDD83909,1.0,1.0,3.0,1.0
0,0.4761904761904761,0.702836275100708,1,2107a4gQhq9F4QB4GLnMXPaW1487,1.0,1.0,3.0,1.0
0,0.4390243902439024,1.0266013145446775,1,1374yoc9nWJdr9ATgDMv2vDw752,1.0,1.0,3.0,1.0
0,0.1025641025641025,1.1633551120758057,1,2396H9jCvuDLczQcUQlEZGud3657,0.0,0.0,3.0,1.0
0,0.3529411764705882,0.4969801902770996,1,26748vEm6_JIFNnvzYBeYPv81040,1.0,1.0,3.0,1.0
0,0.4,0.6016144752502441,1,3017iTDKpmlMaBIVXHiLiYZ73822,1.0,1.0,3.0,1.0
0,0.1777777777777777,1.134835720062256,1,2710l98nPxuBNtPvCvgG3ZAV938,1.0,1.0,3.0,1.0
1,1.0,0.5089895725250244,1,940fL86HY7bK7-T5kU7TrIZ581,1.0,1.0,3.0,1.0
0,0.3076923076923076,0.3572134971618652,0,926_pz3jhhCLKnSf1RRHRGd2547,,,,
0,0.0229885057471264,3.734116792678833,0,1492M31dOPpyF5MFUXJiJfx52030,1.0,1.0,3.0,1.0
0,0.0606060606060606,0.7942554950714111,1,1560RmR7yEVWFqhgUfFWyb3J1336,0.0,0.0,3.0,1.0
0,0.3478260869565218,0.6872637271881104,1,1808OvbxP0FbCDbzWY3jMW_e3416,1.0,1.0,3.0,1.0
0,0.45,0.9747314453125,1,2711wNn5GeHqOfTsTyQ56zpG937,1.0,1.0,3.0,1.0
0,0.2857142857142857,0.5166628360748291,1,5753KHX9NUZ-uCbV_zi_V4J183,1.0,1.0,3.0,1.0
0,0.0439560439560439,3.757579326629639,0,2722B2Q7xCqKAJysuUWecphg908,1.0,1.0,3.0,1.0
0,0.2857142857142856,0.6474018096923828,1,2074kJ6tj7m3dUealDR0iSOG1579,1.0,1.0,3.0,1.0
0,0.0,0.4679124355316162,1,9012HUd6aulh_Yu4SRtV4Ju2622,0.0,0.0,3.0,1.0
1,1.0,0.4913711547851562,1,2730mL2oE6m4D8Od_UQ6wMXf883,1.0,1.0,3.0,1.0
1,1.0,0.3681206703186035,1,1453eTocKdHUvXr67uYm59TP2106,1.0,1.0,3.0,1.0
1,1.0,0.5183162689208984,1,641M4LSzcBNf0p8MuWs4Li43030,1.0,1.0,3.0,1.0
0,0.1333333333333333,0.5799093246459961,1,937wMFiXffRIE3NG_K_PJuV2519,0.0,0.0,3.0,1.0
0,0.6666666666666666,0.3525524139404297,1,556fLKlHwoGAKGwwcRMBDwh240,0.0,0.0,3.0,1.0
1,1.0,0.5020637512207031,1,2640x6nNIaOGwyi0gBPzvykU1131,1.0,1.0,3.0,1.0
0,0.1428571428571428,0.4846174716949463,1,1812VV7iwFJbaygIgu6vzb9F3406,1.0,1.0,3.0,1.0
0,0.0,0.700526237487793,1,2560nGtG9OY7-88aqDalhuYv2470,1.0,1.0,3.0,1.0
0,0.4705882352941176,0.6810579299926758,1,1594lISY-Dfis872k6M3Utdc1251,1.0,1.0,3.0,1.0
0,0.0,0.5311510562896729,1,2115o-NOQilKM9cMoL7EeDR01462,0.0,0.0,3.0,1.0
1,1.0,0.2843599319458008,1,1502t95YZwb3DBEc50kzbs112018,1.0,1.0,3.0,1.0
1,1.0,0.3499770164489746,1,643hOw7cSZHnFDg9xSl_9rX3025,1.0,1.0,3.0,1.0
0,0.1764705882352941,0.6658017635345459,1,2707gSiUHQVzCZqq8wFY2gvz944,0.0,0.0,3.0,1.0
1,1.0,0.428358793258667,1,2114PF_Hzr-w95B50r8JycTn1466,1.0,1.0,3.0,1.0
1,1.0,0.3405323028564453,1,1387YoNwFgU_hCV3WDkM6HFk720,1.0,1.0,3.0,1.0
0,0.0,0.4987924098968506,1,25567DWWtABHgq600h7hP6972477,0.0,0.0,3.0,1.0
0,0.1666666666666666,0.6552703380584717,1,2438_EbtTSQc5lsCpGlzo17M1926,1.0,1.0,3.0,1.0
1,1.0,0.4338622093200683,1,625s5iuUhzcOucr1cjzlQTe39,0.0,0.0,3.0,1.0
0,0.7499999999999999,0.3821673393249511,1,2150mk9STtYfvVPdRfNOdnih4223,1.0,1.0,3.0,1.0
0,0.1818181818181818,0.4748260974884033,1,606ydc6r27eppB2SC3CIOZ594,1.0,1.0,3.0,1.0
0,0.0,0.4888818264007568,1,2703tHS1apl2j5UgPSEuvXw2955,0.0,0.0,3.0,1.0
1,1.0,0.5826892852783203,1,30239qJxzKpT4gziPvpN4Rqd3811,1.0,1.0,3.0,1.0
1,1.0,0.3010408878326416,1,2472J9OcrMuEU-NMunTzS_UI1846,1.0,1.0,3.0,1.0
1,1.0,0.2888827323913574,1,1527UKGoQiYuIWZfUOoYgAYF1954,1.0,1.0,3.0,1.0
0,0.0204081632653061,4.104307413101196,0,1950b8OIQ8bzZrEdme_QFejW2297,1.0,1.0,3.0,1.0
0,0.8,0.4533395767211914,1,1439FueGAYIvwKpcGr1leJJu2135,1.0,1.0,3.0,1.0
0,0.4210526315789474,0.8133759498596191,1,3014pcTrhA69GQHkNXpHvhmZ3831,1.0,1.0,3.0,1.0
0,0.7142857142857143,0.4915547370910644,1,2958RqWdfJdoUOuFb0joLgV93964,1.0,1.0,3.0,1.0
1,1.0,0.3602068424224853,1,239409bAojLcBv-vX19Ipsyy3660,1.0,1.0,3.0,1.0
0,0.4444444444444445,0.4398376941680908,1,1627Ewd39gIbO48nfIpKd3jZ1160,1.0,1.0,3.0,1.0
0,0.3333333333333333,0.6328206062316895,1,692dt6AYZva7v7XYgvIDEbY2893,0.0,0.0,3.0,1.0
0,0.375,0.5897519588470459,1,608IiEQrTFEeXGLAfAOvOOp88,1.0,1.0,3.0,1.0
1,1.0,0.4092674255371094,1,1162WEg_WPImiRPmAPvN_wnE3045,1.0,1.0,3.0,1.0
0,0.0,0.5060317516326904,1,899il7HMq79D4iA4PWEiSgJ2629,0.0,0.0,3.0,1.0
0,0.3636363636363636,0.4143497943878174,1,864AJ9w8gUeeT5ui2mjV-482708,1.0,1.0,3.0,1.0
1,1.0,0.4530215263366699,1,1177mo9QxepXvRmIEbov-3wB3226,1.0,1.0,3.0,1.0
0,0.8461538461538461,0.6478662490844727,1,2734MmqzZtp-AZWpm2ZfsFhO871,1.0,1.0,3.0,1.0
0,0.4347826086956521,0.7021322250366211,1,2410IRpfau2-Ltn2-LoMkPNf3631,1.0,1.0,3.0,1.0
0,0.7692307692307693,0.5175657272338867,1,1217VUulWWjfmhhB_SRnAH2c3106,1.0,1.0,3.0,1.0
1,1.0,0.3330249786376953,1,1618DNm6lX3wftxfj2fnuyVr1185,1.0,1.0,3.0,1.0
1,1.0,0.3706164360046386,1,2579V8DiOeUpZ5xJHz_B22Nw2436,1.0,1.0,3.0,1.0
0,0.0,0.5670135021209717,1,1760mDs0p3IiDjSQHOt_UjsF3524,0.0,0.0,3.0,1.0
0,0.5882352941176471,0.5908496379852295,1,2507s9ZR3iJP0z5Z6_djlvFa1765,1.0,1.0,3.0,1.0
0,0.7499999999999999,0.4724709987640381,1,927fFROY82WGNQwzbZYqAZl2545,1.0,1.0,3.0,1.0
1,1.0,0.4702250957489013,1,27105B4kNatJgs2HMEX3Qbc-940,1.0,1.0,3.0,1.0
0,0.1666666666666666,0.5115389823913574,1,2078dQ_JXY4ymZQeFE0Q6gMo1566,0.0,0.0,3.0,1.0
0,0.6666666666666666,0.3039531707763672,1,2134c3GwJ25P4vGSVnWFZ8d31408,1.0,1.0,3.0,1.0
1,1.0,0.4531149864196777,1,901d0BwILQTPPl4oiAkiW0N2621,1.0,1.0,3.0,1.0
0,0.3529411764705882,0.9121098518371582,1,1032DagEj13ZJnkBdXH3dlsw320,1.0,1.0,3.0,1.0
0,0.5,0.2079098224639892,0,567dxrWSjH-3GSoMgKPevyt207,,,,
1,1.0,0.5096585750579834,1,1987kuJ62sHMo5LRL0V1zWv52223,1.0,1.0,3.0,1.0
0,0.0,0.6006088256835938,1,590XWeIE_Ub3P9D0x7jiKmg139,1.0,1.0,3.0,1.0
0,0.1818181818181818,1.3173828125,1,1419bJn9E_UUgrwZGzmllbaR629,1.0,1.0,3.0,1.0
1,1.0,0.4331622123718261,1,8478WHZms7MdB1ce7kHygtH2757,1.0,1.0,3.0,1.0
0,0.8,0.3760640621185303,1,15075jeWJyHrflW280qJuH1b2008,1.0,1.0,3.0,1.0
0,0.4,0.765878438949585,1,1361J6GUEFw0eUjZYJ4tiHvB788,1.0,1.0,3.0,1.0
0,0.2857142857142857,0.5029184818267822,1,1962Nznt7PwFe6mdz6hcXnVa2271,1.0,1.0,3.0,1.0
0,0.1538461538461538,0.7225315570831299,1,2939FAcUTmMYAGquuzkjAN1d3997,1.0,1.0,3.0,1.0
0,0.4444444444444445,0.6041510105133057,1,2147SEz1hmjhUpcGuddz5WUk4230,1.0,1.0,3.0,1.0
0,0.0,0.6550776958465576,1,2968uPxSrxVpmS14fG-ZA4Ao3938,1.0,1.0,3.0,1.0
0,0.0,0.4320604801177978,1,1945_7jADD_G_gdbFReCrUtY2310,0.0,0.0,3.0,1.0
0,0.7000000000000001,0.5231099128723145,1,1382vpjR9ETfO4vE8tz6BI31731,1.0,1.0,3.0,1.0
0,0.3333333333333333,0.635690450668335,1,1604z6EFDlKj1Ika8RT3XTEm1228,1.0,1.0,3.0,1.0
0,0.888888888888889,0.6212141513824463,1,1592ZON_5a2-NF9DppBASPuf1255,1.0,1.0,3.0,1.0
0,0.4705882352941176,0.5818228721618652,1,2987jq09CSEi-lBZSSYtX9tj3893,1.0,1.0,3.0,1.0
0,0.6829268292682927,0.8475708961486816,1,942M7M9hNpAspJcsRQKTuJQ573,1.0,1.0,3.0,1.0
0,0.0444444444444444,3.772731304168701,0,2718CJJlT43vSkiBp7_LGjcB917,1.0,1.0,3.0,1.0
0,0.4705882352941176,0.5813374519348145,1,25813tM3oQb5_kWZVY_CdOzs2431,1.0,1.0,3.0,1.0
1,1.0,0.4789564609527588,1,679vpo5VTNOuK7oFLdslg8e2929,1.0,1.0,3.0,1.0
1,1.0,0.3182947635650635,1,616OWtj6d8Wd_SHB_8cDpHD67,1.0,1.0,3.0,1.0
0,0.5714285714285715,0.4014744758605957,1,1751kG4ZgRcpVW2reI1_s3123550,1.0,1.0,3.0,1.0
0,0.4285714285714285,0.7109625339508057,1,24434z3j5gm_bj0nuQ8LfJIw1910,1.0,1.0,3.0,1.0
1,1.0,0.3388724327087402,1,25959RxG-G9wyRUK62zPUPq52402,1.0,1.0,3.0,1.0
0,0.0,0.4219937324523926,1,2120iYmdxQBWrRTb5lLxyQx11447,0.0,0.0,3.0,1.0
0,0.4827586206896552,0.67801833152771,1,2673FDf451ZmX7vXALugyB1a1044,1.0,1.0,3.0,1.0
1,1.0,0.3282105922698974,1,1196pKofKEiQ1ZBZSetE64_G3169,1.0,1.0,3.0,1.0
0,0.4444444444444444,0.5865278244018555,1,2093euyG67o3cVGqrsSPrCbI1525,0.0,0.0,3.0,1.0
0,0.8235294117647058,0.5056767463684082,1,1022odDZeLWqHwQdk0LQ3Ji5348,1.0,1.0,3.0,1.0
1,1.0,0.3965685367584228,1,1804uzeMzyojontOD0RrTKB-3427,1.0,1.0,3.0,1.0
0,0.1666666666666666,0.5559320449829102,1,1182HI-17dsw8VRu8AKL-nGo3209,1.0,1.0,3.0,1.0
0,0.4615384615384615,0.5517754554748535,1,2117usIbqKfvGfEciX6sxfMh1457,1.0,1.0,3.0,1.0
0,0.4444444444444444,0.9792382717132568,1,2950gZ4P4mJPFr8zvaCPmgqF3983,1.0,1.0,3.0,1.0
0,0.761904761904762,0.5550351142883301,1,2233Y-YKfqTQmrCwlcADWe1n4010,1.0,1.0,3.0,1.0
0,0.3333333333333333,0.5632882118225098,1,25182PdyMWkPXSFPNo4-wt5J1741,1.0,1.0,3.0,1.0
1,1.0,0.4860053062438965,1,7102gW4oVzoXhOyiAji75BJ2854,1.0,1.0,3.0,1.0
0,0.8,0.3597896099090576,1,838RE46J5MX4D49kRweDkzw2516,1.0,1.0,3.0,1.0
0,0.0,0.5607113838195801,1,1636U9fgDPC8e9WhnQASL0AZ1142,0.0,0.0,3.0,1.0
0,0.3333333333333333,0.6099324226379395,1,2966QzGzVpOocUqZIf0qxqAI3942,1.0,1.0,3.0,1.0
0,0.7719298245614035,0.9157204627990724,1,24469YIw5bTHJgIQYHoHuYLz1905,1.0,1.0,3.0,1.0
0,0.375,0.614818811416626,1,1780LA22drSP8A8UyH6kh_Zg3475,1.0,1.0,3.0,1.0
1,1.0,0.3255238533020019,1,838BwSb1yX6r8PmHfFQ_-Dk2517,1.0,1.0,3.0,1.0
0,0.5,0.5646286010742188,1,910WJniQOWQeZ-7hez_wycY2594,1.0,1.0,3.0,1.0
0,0.6666666666666666,0.6655428409576416,1,2132yLDutcv3-EyuSrPEe_qP1414,1.0,1.0,3.0,1.0
1,1.0,0.4252254962921142,1,1834IF4cgFJT0qrx6LbC8_z03347,1.0,1.0,3.0,1.0
0,0.7741935483870968,0.6355199813842773,1,10225FLoQxnwSkdi_B5KomYG349,1.0,1.0,3.0,1.0
1,1.0,0.3128848075866699,1,1515gM9MF9FMUE__r5E1YQRi1983,1.0,1.0,3.0,1.0
0,0.5,0.7988245487213135,1,2130hnFIfjAqoSjF4izSr4Sg1420,1.0,1.0,3.0,1.0
0,0.6666666666666665,0.5052425861358643,1,2495cQqgzzooS13bDr8Ph6Gf1796,1.0,1.0,3.0,1.0
1,1.0,0.4251172542572021,1,722Zb3Sw31D8-m69waDslkm2822,1.0,1.0,3.0,1.0
0,0.0,0.4563844203948974,1,731-qietcbXc2nDy-pU2z8A2796,0.0,0.0,3.0,1.0
0,0.3076923076923077,0.5354824066162109,1,2357bg7FTfVebD7QxLK_W3qG3738,1.0,1.0,3.0,1.0
1,1.0,0.3113331794738769,1,2358jqFEmp4cxrm3AWKZILMj3737,1.0,1.0,3.0,1.0
0,0.7333333333333334,0.7394771575927734,1,2704SYrBfH1tUHa-vFcWOrAs952,1.0,1.0,3.0,1.0
1,1.0,0.3426058292388916,1,635Jf_-DqbwtcPrT7rU-Jws10,1.0,1.0,3.0,1.0
0,0.5714285714285715,0.4093022346496582,1,2736DC0e2KjXgGVcPZ2WLIxz866,1.0,1.0,3.0,1.0
0,0.0,0.661982536315918,1,1540m7KtQ8W37yFZzUzVcX5F1393,0.0,0.0,3.0,1.0
0,0.8,0.3859028816223144,1,1025ZadbOp7BrFP2karwsuNA339,1.0,1.0,3.0,1.0
0,0.5714285714285715,0.3813304901123047,1,610cgbbYUhEHZ0pSu_hj0IX83,1.0,1.0,3.0,1.0
0,0.0,0.66650390625,0,2133l3pjWfCkZZOCX5jvmzSB1412,,,,
0,0.0,0.4012868404388428,1,708039C_1LOgHzr9Hb6yAEm2860,0.0,0.0,3.0,1.0
1,1.0,0.3807318210601806,1,898Q-3kYtPG_vXcdvoFxJxW2632,1.0,1.0,3.0,1.0
0,0.25,0.6699700355529785,1,2076slcCeUs4SSiwZVjyC4u81573,1.0,1.0,3.0,1.0
0,0.3636363636363636,0.6176314353942871,1,2992gMiCk1Qhs-vDl8gSC9lR3880,1.0,1.0,3.0,1.0
0,0.5,0.4229512214660644,1,571i8l4_77Uat7tpf7uzj1X195,1.0,1.0,3.0,1.0
0,0.6666666666666666,0.3305311203002929,1,1575ppfrAxMc-4L7Tua7RW2i1304,1.0,1.0,3.0,1.0
0,0.25,0.3990459442138672,1,540gS6PWvy11E_WySWDzeHa288,0.0,0.0,3.0,1.0
0,0.9090909090909092,0.4660778045654297,1,877wqSp0Rkg0hf-ytTtfQ252682,1.0,1.0,3.0,1.0
0,0.3749999999999999,0.5366055965423584,1,11609Jmtcj6mL4_qZoKMrsvu3270,1.0,1.0,3.0,1.0
1,1.0,0.2880811691284179,1,1502t95YZwb3DBEc50kzbs112019,1.0,1.0,3.0,1.0
1,1.0,0.3495867252349853,1,25923M2ou7gOwnwBwtqHq_Ei2411,1.0,1.0,3.0,1.0
0,0.0,0.2989165782928467,1,210122hc2gtQAt4eeAx88Upu1503,0.0,0.0,3.0,1.0
0,0.7499999999999999,0.4178824424743652,1,875rKE1xYgnsy1BcrIiDIQI2686,1.0,1.0,3.0,1.0
1,1.0,0.3276815414428711,1,15234HN9qI_Z1BT9PU4i4eXx1965,1.0,1.0,3.0,1.0
0,0.0,6.305679798126221,1,896q9fkwlNTB-uLIhW50gpL2638,1.0,1.0,6.0,1.0
0,0.2222222222222222,0.4487383365631103,1,628oWPCunaZPZ7dsBtbV11P30,1.0,1.0,3.0,1.0
0,0.6666666666666666,0.477008581161499,1,1998tYHxV4GeHjIVsXiSo8Hr2211,1.0,1.0,3.0,1.0
0,0.5555555555555556,0.7546823024749756,1,2692_fbTsXXpwP0opcAgOaVe986,1.0,1.0,3.0,1.0
1,1.0,0.3805780410766601,1,1426bEr-N4c6lQoKgO9HYKbw611,1.0,1.0,3.0,1.0
0,0.6,0.4374890327453613,1,642t90xpp6PDsZFZ-bpxEez3028,0.0,0.0,3.0,1.0
0,0.3,0.5274181365966797,1,2395o2IF67yRoSD5xGlszZGz3659,1.0,1.0,3.0,1.0
0,0.3333333333333333,0.508256196975708,1,2375wXJbyJnkzdso878KLwWJ3699,0.0,0.0,3.0,1.0
0,0.0,1.1546096801757812,1,2037xYCP17QpdbpzHpni7UrG2140,0.0,0.0,3.0,1.0
0,0.5714285714285715,0.7026300430297852,1,1362BPgQJxJaOhV-CP2tGeBk786,1.0,1.0,3.0,1.0
0,0.75,0.409630537033081,1,2045T8nQX2uFT71OR7C-6Sjj1661,1.0,1.0,3.0,1.0
0,0.3333333333333333,0.327493667602539,1,538gLSK6-g0JoLk6sK3uauP2,1.0,1.0,3.0,1.0
0,0.6666666666666666,0.2965021133422851,1,2427_8TqCgsX9NP5483T0_Hi3601,1.0,1.0,3.0,1.0
0,0.3448275862068966,0.6893479824066162,1,1630NLRyBDonlo1Mtz-Tmltq1157,1.0,1.0,3.0,1.0
1,1.0,0.3753504753112793,1,619ettAV35JO9WyPjBmVuTZ57,0.0,0.0,3.0,1.0
1,1.0,0.4692935943603515,1,601rUHFULW3zIx3841qHZyq107,1.0,1.0,3.0,1.0
0,0.064516129032258,0.8102602958679199,1,1350m8tnshnQY1-SX1xaVUVD822,0.0,0.0,3.0,1.0
0,0.0,0.5625872611999512,1,1419tOWt7I089hJ4HUoPR6EI630,0.0,0.0,3.0,1.0
0,0.4285714285714285,0.5484421253204346,1,2096OjLZieUfMFEgNMVotx4Z1517,1.0,1.0,3.0,1.0
1,1.0,0.4194402694702148,1,2483xn8QuuA6OqhzaYPTxh7I1820,1.0,1.0,3.0,1.0
1,1.0,0.4667479991912842,1,9414p2IRYym1X7K4lS0j_Q5578,1.0,1.0,3.0,1.0
1,1.0,0.3356330394744873,1,981M9FKIWHSyh9UYiLsHR3E456,1.0,1.0,3.0,1.0
0,0.6666666666666666,0.5046980381011963,1,2578Ix0kGXjoeJXUfAshA75j2438,1.0,1.0,3.0,1.0
1,1.0,0.4054193496704101,1,1967cSyL4AQ5Xz3yJ6hC4cWu2259,1.0,1.0,3.0,1.0
0,0.48,0.6836898326873779,1,895GTgHWgOsJfWGzfuk0cBw2641,1.0,1.0,3.0,1.0
1,1.0,0.3501155376434326,1,21282Cr-35xm2wBqUSJkqXMj1426,1.0,1.0,3.0,1.0
0,0.4761904761904762,0.6794817447662354,1,1781v4O_2XdfE6Nu9HHNiBxe3470,1.0,1.0,3.0,1.0
0,0.6666666666666666,0.3072235584259033,1,2455Z_NA0qrNdsEcFeJPnpVS1886,1.0,1.0,3.0,1.0
0,0.3214285714285714,0.9506971836090088,0,1975vLuOp8gEBc7-d27D_PJt2244,,,,
1,1.0,0.4429028034210205,1,1020shbJqszE6Dwd0s9ufDFH354,1.0,1.0,3.0,1.0
0,0.3684210526315789,0.7607791423797607,1,15611Xd1lIWLRyaQ6bXEMZ0W1333,1.0,1.0,3.0,1.0
0,0.3333333333333333,0.5080776214599609,1,2124hG4KLqALJOOHr-3PHVOG1436,1.0,1.0,3.0,1.0
1,1.0,0.3860456943511963,1,1826l7UVGsNPZHXbgRIPoIUx3372,1.0,1.0,3.0,1.0
0,0.0,0.4348742961883545,1,695h31kCvASR0Z5l5aivqQt2887,0.0,0.0,3.0,1.0
1,1.0,0.4607868194580078,1,2442Qnq15H_ylz9SkgCBZcsE1914,1.0,1.0,3.0,1.0
0,0.8421052631578948,0.4706180095672607,1,667rAHXuSUPsljQVxvIq2TT2957,1.0,1.0,3.0,1.0
0,0.4,0.477733850479126,1,25604fSMJJe0iDDONhUpmjzE2469,1.0,1.0,3.0,1.0
0,0.8125000000000001,0.6526072025299072,1,2565Fka6oc0BTYJ567R8eShz2459,1.0,1.0,3.0,1.0
0,0.6666666666666666,0.297435998916626,1,2670Y-kuxlKLxN5SPIlGPfw91052,0.0,0.0,3.0,1.0
0,0.6666666666666666,0.398967981338501,1,2102F8JjzM2uHi5C1tuhbTZe1501,1.0,1.0,3.0,1.0
1,1.0,0.3325958251953125,1,90097rrJhPCLDwMjGcQ2QA22626,1.0,1.0,3.0,1.0
1,1.0,0.4239826202392578,1,2722im-NxxsEP4XILd22CljL906,1.0,1.0,3.0,1.0
1,1.0,0.5260803699493408,1,2945mpQYcMGssA5i-bw5sX4T3986,1.0,1.0,3.0,1.0
0,0.0,0.6249735355377197,1,25220uEQpWctQitEMppCz0oB1729,1.0,1.0,3.0,1.0
0,0.1025641025641025,0.5597352981567383,1,2450fAZnmnJBsF5ajCmgyFSm1894,0.0,0.0,3.0,1.0
1,1.0,0.3719103336334228,1,2521zNHb6afBjfIeBZ-paiLV1731,1.0,1.0,3.0,1.0
1,1.0,0.3872952461242676,1,1029D_VXSqeEcmujQynOF_FN329,1.0,1.0,3.0,1.0
1,1.0,0.4684362411499023,1,21895ri-SgzvCYbZU84umbJD4125,1.0,1.0,3.0,1.0
1,1.0,0.4007782936096191,1,2653htyng3Z_tsonlTCkn_QC1100,1.0,1.0,3.0,1.0
0,0.25,0.4466552734375,1,1521m0vIxCtc6C0q4fZ4bmW21970,1.0,1.0,3.0,1.0
1,1.0,0.3603732585906982,1,1616tJD99SBv5x6A67wD89lO1190,1.0,1.0,3.0,1.0
0,0.9375,0.6484451293945312,1,957C6c8UBXNxelvZ_YavK28530,1.0,1.0,3.0,1.0
0,0.25,0.58441162109375,1,541b8Dh-FxM3PgziNCUUuUq285,1.0,1.0,3.0,1.0
1,1.0,0.3155770301818847,1,2393t0babHd-BI0al0kqRL4Z3662,1.0,1.0,3.0,1.0
0,0.7826086956521738,0.5060560703277588,1,951QRsnzHPzlTm1kJw2YlVa548,1.0,1.0,3.0,1.0
0,0.8,0.4314875602722168,1,1400uU3CM_7LdMUuWkvkQxxM687,1.0,1.0,3.0,1.0
0,0.0,0.361210823059082,1,2593NhMXH8FIz_rRIuHg7cJ32407,0.0,0.0,3.0,1.0
1,1.0,0.5259575843811035,1,2124d8CiYUpjOQQmj4tL4X0v1437,1.0,1.0,3.0,1.0
0,0.6,0.4333560466766357,1,15886mL2IQG8B6jETUgnOHZc1268,0.0,0.0,3.0,1.0
0,0.0888888888888888,2.5481204986572266,0,2969xxQHUKBzQcM9DNUcN--Q3934,1.0,1.0,3.0,1.0
0,0.7692307692307693,0.3860583305358886,1,646OD5224k55Wh4kR-RsWPl3016,1.0,1.0,3.0,1.0
1,1.0,0.4627463817596435,1,1835xWOwAfgrbHJnPbJjkinW3346,1.0,1.0,3.0,1.0
0,0.8571428571428571,0.5238280296325684,1,909gtca-lnTfb7i_Tj-phi82597,1.0,1.0,3.0,1.0
0,0.3125,0.9102814197540284,1,998p1ztLXm5gKJajkvwEEjf414,1.0,1.0,3.0,1.0
1,1.0,0.3919074535369873,1,10361heR9e1kTvvo1NiiW5Ae307,1.0,1.0,3.0,1.0
0,0.3999999999999999,0.6465311050415039,1,2154hgnNDJMyC_N1LGBLoIru4213,1.0,1.0,3.0,1.0
1,1.0,0.4579265117645263,1,1190LpUYusZ3T7nqZ3kXM3uR3185,1.0,1.0,3.0,1.0
0,0.0,0.8469638824462891,1,1387oQz4cxlHhwF5gpvX_8s_718,0.0,0.0,3.0,1.0
1,1.0,0.4773640632629394,1,2123JgqxRVRAg0ZSNs3_HwHe1439,1.0,1.0,3.0,1.0
0,0.064516129032258,0.6576898097991943,1,600dYBRrC6h4LjypO5PySt6109,0.0,0.0,3.0,1.0
0,0.4615384615384615,0.6740291118621826,1,916dKMXGoacskOpfFfF3fl32576,1.0,1.0,3.0,1.0
0,0.6666666666666666,0.286243200302124,0,2523rTR1vV07WZ0GNJ4Wu_DS1724,,,,
0,0.4444444444444444,0.4058477878570556,1,1027ZkSa0ea9HAzRy_8T4y3g334,1.0,1.0,3.0,1.0
1,1.0,0.4646487236022949,1,96007jxuZq6dQmJdVZtpl44519,1.0,1.0,3.0,1.0
1,1.0,0.3033044338226318,1,2356NFxPDl9UkBBLyPHbKrvJ3742,1.0,1.0,3.0,1.0
0,0.25,0.4705128669738769,0,547tG9ZeRqXvJLYthNWsLap269,,,,
1,1.0,0.309178352355957,1,2701_eTSfG0kbk-njomBcNgv960,1.0,1.0,3.0,1.0
0,0.2727272727272727,0.5142450332641602,1,934hLc2W0dI5ExU1xikzEH42530,0.0,0.0,3.0,1.0
0,0.0,0.4124031066894531,1,2575f4mugcu2JQoWTywMsU6P2446,1.0,1.0,3.0,1.0
0,0.1428571428571428,0.5148420333862305,1,604mQQLLhcNi8N9nxflPiAk100,0.0,0.0,3.0,1.0
0,0.56,0.550140380859375,1,23807v22XvrUQTol7Th3lJWE3686,1.0,1.0,3.0,1.0
0,0.3333333333333332,0.5226609706878662,1,2458nO0QxOBFA2uGin02ZUeR1877,1.0,1.0,3.0,1.0
0,0.0,0.5469000339508057,1,725fIuqkG2FAMAMrRV2o_q72815,0.0,0.0,3.0,1.0
0,0.0689655172413793,0.6624741554260254,1,6907GyyauVbz0gBDeg6Ql0l2899,0.0,0.0,3.0,1.0
0,0.8,0.3288085460662842,1,25163F-nTR5MBd30RtLg31GT1746,1.0,1.0,3.0,1.0
1,1.0,0.3730177879333496,1,2959dC6Am4UskyZMHV9xE3WU3961,1.0,1.0,3.0,1.0
0,0.4615384615384615,1.073279857635498,1,2093f84OlebSpPLq7CIoCbc51523,1.0,1.0,3.0,1.0
1,1.0,0.3829925060272217,1,1958hcGziYoVonuuIdReU0Lj2279,1.0,1.0,3.0,1.0
0,0.8,0.3738911151885986,1,2604w8Y2Cl6uiR5M0-ejmWMM2384,0.0,0.0,3.0,1.0
1,1.0,0.5842626094818115,1,614qvZZNRxxpBg3ucW1nsPI73,1.0,1.0,3.0,1.0
0,0.5714285714285715,0.8054060935974121,1,2402MAhKxnMmLtfOdk-08LTn3642,1.0,1.0,3.0,1.0
0,0.5263157894736842,0.6193370819091797,1,2694ltreEVbPipuuO8jQ7qct982,1.0,1.0,3.0,1.0
0,0.2857142857142857,0.6883516311645508,1,2961bLOhNS6f8RK3mV6jOtYf3955,1.0,1.0,3.0,1.0
1,1.0,0.3801631927490234,1,1389Ypbz0yiTxHj8sdg8Dd-O714,1.0,1.0,3.0,1.0
0,0.6666666666666666,0.6992108821868896,1,2168J5OIY9_0JcjpUFtF-s8j4178,1.0,1.0,3.0,1.0
0,0.631578947368421,0.5864393711090088,1,1415PPveKUVTi5av3Jj0lvQX641,1.0,1.0,3.0,1.0
1,1.0,0.3496222496032715,1,1235ppKKbTr1utemwebxmtLB3054,1.0,1.0,3.0,1.0
0,0.0,0.395160436630249,1,1144QjbX5t9wSPKKpoQzUqIM3317,0.0,0.0,3.0,1.0
0,0.3703703703703703,0.6606945991516113,1,663-xYs0_yfqwh5e1vCCBW72968,1.0,1.0,3.0,1.0
1,1.0,0.4154813289642334,1,3019slRZYA_GgPxTKTEzhFb_3818,1.0,1.0,3.0,1.0
0,0.4285714285714285,0.5638198852539062,1,1634rEU-bIULINidGaTwrGNb1146,1.0,1.0,3.0,1.0
0,0.6666666666666666,0.2585034370422363,0,2100nzSjCMDd--9Fj7a4NWfz1507,,,,
0,0.3333333333333333,0.4460756778717041,1,631qBhc6tNC5x4jMUP590HD21,1.0,1.0,3.0,1.0
0,0.2352941176470588,0.63584303855896,1,1542SShgTHmccjRMIaq5sxCR1387,1.0,1.0,3.0,1.0
0,0.0232558139534883,2.129709959030152,0,622nAKi4as7dtc8Z9eTpkdT49,,,,
1,1.0,0.3570215702056885,1,973wD6IGiEh8Dy46Roludyx481,1.0,1.0,3.0,1.0
0,0.0,0.4501309394836426,0,623AhTszwVETU0JVBzClsCl45,,,,
0,0.6666666666666666,0.4585747718811035,1,2122TwBF08fbVn83IOLPGXJ51444,1.0,1.0,3.0,1.0
1,1.0,0.4149980545043945,1,2569SVBHC-JT-ZpiERWOXHiR2453,1.0,1.0,3.0,1.0
0,0.7272727272727274,0.5591259002685547,1,2198b7QHTaEci9ZiP8Jgg9Gb4101,1.0,1.0,3.0,1.0
0,0.7142857142857143,0.4231321811676025,1,1402m18_1bIWy0g2aRhM2xVK679,1.0,1.0,3.0,1.0
1,1.0,0.3733656406402588,1,729ocp-SA5gFg2mOHOi_9bT2803,1.0,1.0,3.0,1.0
0,0.5333333333333333,0.4568798542022705,1,1424eyzMoP7NlT7lLHg-CSKt615,0.0,0.0,3.0,1.0
0,0.0434782608695652,2.5632524490356445,0,2680JFom2C2m5B61Zmr5e-xw1022,1.0,1.0,3.0,1.0
0,0.125,0.4956207275390625,1,930cjgSy21jAxSRsOSjGC6K2540,0.0,0.0,3.0,1.0
0,0.6046511627906976,0.6153974533081055,1,1604rg80oUsGty1ShrvBvuRN1226,1.0,1.0,3.0,1.0
0,0.0,0.7828595638275146,1,1009Uk9DWEoZIQcw717YJKbT385,0.0,0.0,3.0,1.0
0,0.0,0.4611639976501465,1,2060JRIdb6Jd39yNN2K3FzKd1619,0.0,0.0,3.0,1.0
1,1.0,0.4975461959838867,1,1164S0n8sFxAjOhrJykde65c3260,1.0,1.0,3.0,1.0
0,0.6666666666666665,0.563910722732544,1,1207HLvv2F6G--J1iG2Sr0GT3135,1.0,1.0,3.0,1.0
1,1.0,0.3722057342529297,1,621rUA-y24a2TlBAhZxV8H853,1.0,1.0,3.0,1.0
0,0.0999999999999999,0.5180020332336426,1,974EqHGKum7PKcQ6aiSmCQ1477,0.0,0.0,3.0,1.0
1,1.0,0.3221702575683594,1,2969gQlMvd6FhSZMcTlnE-C13935,1.0,1.0,3.0,1.0
0,0.8,0.3781554698944092,1,905EurUqDl4s2krYgolDdmX2609,1.0,1.0,3.0,1.0
0,0.1176470588235294,0.8543100357055664,1,2226GKXgfMEXDLjamZ5nzPFh4031,0.0,0.0,3.0,1.0
0,0.0,0.2863044738769531,0,11609irFw-wvr48-kAG66MW13269,,,,
0,0.2857142857142857,0.6848106384277344,1,2107cMmJ6oXMn_tX8EiA1_Qh1486,1.0,1.0,3.0,1.0
1,1.0,0.4595284461975097,1,2685B8bjO_bSgF7yP_RE9FZq1006,1.0,1.0,3.0,1.0
0,0.6666666666666666,0.3306372165679931,1,2972anHdG1TwBtQaRXhi-WEK3929,1.0,1.0,3.0,1.0
0,0.4444444444444445,0.6137328147888184,1,1426bEr-N4c6lQoKgO9HYKbw610,1.0,1.0,3.0,1.0
0,0.5555555555555556,0.5886545181274414,1,2471B8agFup8-O0sKzC9wV521850,1.0,1.0,3.0,1.0
0,0.5454545454545454,0.5826058387756348,1,2132y4UclYrIoM9EfY6q0cLU1413,1.0,1.0,3.0,1.0
0,0.0,0.555811882019043,1,24900ppOWI96tjRkMOIpDwu01807,0.0,0.0,3.0,1.0
1,1.0,0.3864221572875976,1,2721Lisb2VI4t962p0mF1ytc909,1.0,1.0,3.0,1.0
0,0.7272727272727273,0.5421102046966553,1,1526rfIPgkgJxKRdDsBSn4dn1957,1.0,1.0,3.0,1.0
0,0.5714285714285714,0.7249820232391357,1,1365-1b52ot7eMMf3SsA9c4Y776,1.0,1.0,3.0,1.0
0,0.0,3.996706485748291,0,1236uLGJLEnlgvBpRt41BaBc3052,1.0,1.0,3.0,1.0
1,1.0,0.3911702632904053,1,720KTE_TQ-QFGgw12_NY6_52826,1.0,1.0,3.0,1.0
1,1.0,0.3034231662750244,1,706AosvIWS6eJlQTL0dwYt92864,1.0,1.0,3.0,1.0
0,0.4444444444444444,0.4144718647003174,1,1422TMMS8B78H0eLNKZ9OcN2620,0.0,0.0,3.0,1.0
1,1.0,0.5767481327056885,1,1422Mg4SCjSUB1ipbjJhHLQV621,1.0,1.0,3.0,1.0
0,0.2962962962962963,0.8203155994415283,1,17779GFc1mSj52FnFT87uHXQ3483,1.0,1.0,3.0,1.0
0,0.7272727272727273,0.4025998115539551,1,11746LEaHokgyCbOjGtlxB_P3041,1.0,1.0,3.0,1.0
0,0.5,0.6948175430297852,1,1818O8BoyzdI3tIZTlZQX7MJ3390,1.0,1.0,3.0,1.0
0,0.25,0.4207789897918701,1,1558USBzQpgdUWBcaUu8vmKq1344,0.0,0.0,3.0,1.0
0,0.8275862068965517,0.700568437576294,1,1000oBQNQPnj4fxpXtFV1g0J409,1.0,1.0,3.0,1.0
0,0.0,0.5824189186096191,1,99301Zg9cGHX9Gf1_cI5mfK421,0.0,0.0,3.0,1.0
1,1.0,0.3263368606567383,1,538gLSK6-g0JoLk6sK3uauP1,0.0,0.0,3.0,1.0
0,0.0,2.5967934131622314,0,2444VM3M-Xnaa4T5rEXxP45X1908,1.0,1.0,3.0,1.0
0,0.0,0.5208210945129395,1,859Wx92OGcZsIZiYdTGB0c42720,0.0,0.0,3.0,1.0
0,0.6250000000000001,0.5622949600219727,1,560MF12O77E_fY17pny7AZ4228,1.0,1.0,3.0,1.0
0,0.3636363636363636,0.4890666007995605,1,26213tScNqi5jq-dNNpY17aB2357,1.0,1.0,3.0,1.0
0,0.0,2.5749568939208984,0,2737RMEUrJ3xYCVvFcnOOJEr864,1.0,1.0,3.0,1.0
0,0.6153846153846153,0.5428347587585449,1,2103yuSnngKYn9n8F_U1xOr51499,1.0,1.0,3.0,1.0
0,0.3999999999999999,0.7150216102600098,1,2231MtCQ0XFs-HZtPZNxWWWA4016,1.0,1.0,3.0,1.0
0,0.9523809523809524,0.6102347373962402,1,999ChWxJrv-Gaq3aLTh_nDS411,1.0,1.0,3.0,1.0
1,1.0,0.3889718055725097,1,1984InJu5XFguodK1Khic6FC2233,1.0,1.0,3.0,1.0
0,0.4444444444444445,0.5293445587158203,1,21208xkL7JG9a1slm1tkqySv1449,1.0,1.0,3.0,1.0
0,0.0,0.483729600906372,1,13478wbUw8r6jR2KkJ83tRNT831,1.0,1.0,3.0,1.0
0,0.0,0.6426470279693604,1,2377URm8qpovSm3ZcmknWYzr3693,0.0,0.0,3.0,1.0
0,0.5,0.5751128196716309,1,6939iIjtQY3HqIf5Qu5LXfF2892,0.0,0.0,3.0,1.0
0,0.2142857142857142,0.7495191097259521,1,1399HAUAi3igcRp4kaiXBS34690,1.0,1.0,3.0,1.0
1,1.0,0.3334348201751709,1,1026WzEnlc2VTVNnEnERoTej338,1.0,1.0,3.0,1.0
0,0.0,0.3993086814880371,1,255102VMp0rT3lE5qKZReHI62486,0.0,0.0,3.0,1.0
0,0.5,0.3664319515228271,1,17388L0pXFkN6Wb2CQAgtWsF3590,1.0,1.0,3.0,1.0
1,1.0,0.3378729820251465,1,2631M_1rjE6k2YLouvowQoHJ2333,1.0,1.0,3.0,1.0
0,0.3265306122448979,1.1719069480895996,1,2658kpZ5jhLWnxu93y4HPmEB1085,1.0,1.0,3.0,1.0
1,1.0,0.3521809577941894,1,959BpQsgOmBWm76KB_O0Xj6522,1.0,1.0,3.0,1.0
0,0.1568627450980392,1.279721736907959,1,2671UDFIl4lCabvUQRbVginc1048,1.0,1.0,3.0,1.0
1,1.0,0.3370194435119629,1,1620Y8fkMMEFeacdhhiKGcCu1180,1.0,1.0,3.0,1.0
1,1.0,0.4245104789733886,1,2066O6hlUGaIYvZETBnkVTKJ1601,1.0,1.0,3.0,1.0
0,0.2068965517241379,0.8383557796478271,1,595rx4ZMYA14adC3NekLAhW124,1.0,1.0,3.0,1.0
0,0.5882352941176471,0.5586302280426025,1,1433yR4Rdyzq9ZDjN6qZOB3K593,1.0,1.0,3.0,1.0
1,1.0,0.3721568584442138,1,1828sgAztXiBXjB8fDJEJjCn3365,1.0,1.0,3.0,1.0
1,1.0,0.5080540180206299,1,2189nmSYagbAhBJHMcqwdIko4123,1.0,1.0,3.0,1.0
0,0.0,0.754676103591919,1,1550GzjCBajsuSw_Bnhtl8WB1367,0.0,0.0,3.0,1.0
1,1.0,0.3205556869506836,1,1138ZNoiRj9WSt8xu5xKiclJ3335,1.0,1.0,3.0,1.0
1,1.0,0.3639025688171386,1,6595tSoej6eNamN_ekXU3W-2979,1.0,1.0,3.0,1.0
0,0.6666666666666666,0.3557424545288086,1,2012U7knoAxwFk_Ns1NGidQE2188,1.0,1.0,3.0,1.0
0,0.6666666666666666,0.5199387073516846,1,2608ntJl4AFAduDIt0AYknjI2372,1.0,1.0,3.0,1.0
0,0.6,0.4357948303222656,1,2587WZtb-G91TcjATusTTjeN2422,1.0,1.0,3.0,1.0
1,1.0,0.3787779808044433,1,1757EM0iCe2_7c-3VFdC07DP3532,1.0,1.0,3.0,1.0
0,0.2608695652173912,0.6901977062225342,1,943d0SQ0AVbboY5BqJgbsaF570,0.0,0.0,3.0,1.0
0,0.1999999999999999,0.6532201766967773,1,2088g4bX7vmX1hWfKvtOIJDZ1539,1.0,1.0,3.0,1.0
0,0.0,0.3891439437866211,1,861-dKB_3BSzYCaSTRw8Av_2716,1.0,1.0,3.0,1.0
0,0.8333333333333333,0.735706090927124,1,13633aQsS5iKERyNB367GWVH781,1.0,1.0,3.0,1.0
0,0.0,0.4759080410003662,1,2517lXXoQUIKbal6xfNNtVAn1743,0.0,0.0,3.0,1.0
0,0.375,0.8757045269012451,1,24900ppOWI96tjRkMOIpDwu01808,1.0,1.0,3.0,1.0
0,0.25,0.4760453701019287,1,2407RuK1Iv95cime4WWdGNoB3634,1.0,1.0,3.0,1.0
0,0.2222222222222222,0.6399567127227783,1,13441C2N2xP14JB_ucyRSeEL839,1.0,1.0,3.0,1.0
0,0.2857142857142857,0.6930620670318604,1,2477JtT30EyGVCGC3ayc5fzB1832,1.0,1.0,3.0,1.0
0,0.0,0.436744213104248,1,27369KmtE4DmLS1oS6IXm0CV865,0.0,0.0,3.0,1.0
0,0.7200000000000001,0.5931835174560547,1,2341RZKrT1tVXnFFp5DSNowl3778,1.0,1.0,3.0,1.0
1,1.0,0.396528959274292,1,982n1tOmLbrP0Rw2f7q4phE454,1.0,1.0,3.0,1.0
0,0.3529411764705882,0.8714942932128906,1,1591ek7O19h74ATqsHjdtFUz1259,1.0,1.0,3.0,1.0
1,1.0,0.3059084415435791,1,599uREx6nun3gOEAd8YzR5s113,1.0,1.0,3.0,1.0
0,0.6666666666666666,0.6613121032714844,1,2699X1S6-twcNf9a_nUx5WE-965,1.0,1.0,3.0,1.0
0,0.0,0.4306464195251465,1,1976MfIZ7mAEpNhCSa8Y04ek2241,0.0,0.0,3.0,1.0
0,0.6,0.6038415431976318,1,2093euyG67o3cVGqrsSPrCbI1524,1.0,1.0,3.0,1.0
1,1.0,0.2963225841522217,1,2699Ur-0JL1NVhl8H0B2lH-a966,1.0,1.0,3.0,1.0
0,0.0,0.8967766761779785,1,628A_ztdoD85Pm7Hd6Uv2TF32,0.0,0.0,3.0,1.0
1,1.0,0.3425281047821045,1,892B8GiS_zkJfKANp04UQhD2650,0.0,0.0,3.0,1.0
1,1.0,0.3565294742584228,1,1576P214oupErvTP6090GMli1302,1.0,1.0,3.0,1.0
0,0.0,0.5363261699676514,1,1589Jf5bV_UCDf13dAps7IiI1264,0.0,0.0,3.0,1.0
0,0.0,0.4376347064971924,1,19396Yot6utxeGieo9MuRrBB2323,0.0,0.0,3.0,1.0
0,0.0,0.8116064071655273,0,1509gKJxAthX1pquVrt7KPXD2003,,,,
1,1.0,0.4268052577972412,1,16127RJnwPcCuQ2L6JWAn7Rd1203,1.0,1.0,3.0,1.0
0,0.7692307692307693,0.5257613658905029,1,20893J7zds0fTmdwGScrXxYe1537,1.0,1.0,3.0,1.0
0,0.1538461538461538,0.6725296974182129,1,1226lhx09f1Jk4OiDQlGU8Bp3077,0.0,0.0,3.0,1.0
0,0.32,0.7027955055236816,1,1380vA5P1fp-1XlZm7dLip3Q737,1.0,1.0,3.0,1.0
0,0.2222222222222222,0.3436489105224609,1,1600ywzg9ULBGI5IAxrJ6foM1237,0.0,0.0,3.0,1.0
0,0.0,0.5611865520477295,1,25486Lhd5Z1MU0Q4sN3I3mAT2493,0.0,0.0,3.0,1.0
1,1.0,0.4273004531860351,1,1961WznZwsht9W-Z6W6_FmvR2272,1.0,1.0,3.0,1.0
0,0.4444444444444445,0.3995313644409179,1,1459UR8_3lYqpJzzqkoNN5si2093,1.0,1.0,3.0,1.0
0,0.9090909090909092,0.4485406875610351,1,846dI6s8NANbI0cXEx7WJXa2760,1.0,1.0,3.0,1.0
0,0.8571428571428572,0.7181859016418457,1,25839ctSBP_9ircmR2x3MPam2428,1.0,1.0,3.0,1.0
0,0.0,2.9307923316955566,0,1500Z1H9hCVclLHKdcfBz5gq2021,1.0,1.0,3.0,1.0
0,0.6666666666666666,0.4263644218444824,1,878Tp76n2ZpjK1LVAz5F3Mg2679,1.0,1.0,3.0,1.0
0,0.9090909090909092,0.5540564060211182,1,61542RmhOWwUxAJySFjDV7169,1.0,1.0,3.0,1.0
0,0.6896551724137931,0.7355639934539795,1,25316jqKhJvYVlP1H8PWC21S1701,1.0,1.0,3.0,1.0
0,0.0,0.8411695957183838,1,160035MUpGMSLbaV6XDg1y7j1235,0.0,0.0,3.0,1.0
0,0.0689655172413793,0.9717576503753662,1,1198tKDggSEgfewI5IGaBL7o3163,1.0,1.0,3.0,1.0
0,0.5714285714285715,0.4164080619812011,1,1767ntexZ4EBPQrmdM1oWDDE3503,0.0,0.0,3.0,1.0
0,0.3478260869565217,0.5109624862670898,1,2957RON0RMexHAq6R8NDth-G3968,1.0,1.0,3.0,1.0
0,0.8333333333333333,0.4735360145568847,1,574T3IVyhdGf2qyfbl0GBBS188,1.0,1.0,3.0,1.0
0,0.3076923076923077,0.5887644290924072,1,1210NBV6o_IHthJvbrF9UTR43125,1.0,1.0,3.0,1.0
0,0.0,0.5551924705505371,1,541Cbn85P-zf8lq0QHtgjf9286,0.0,0.0,3.0,1.0
0,0.0784313725490196,1.141120672225952,1,1413DwMlffwkzBlmmDWhZmvt647,0.0,0.0,3.0,1.0
1,1.0,0.3680298328399658,1,1451JJuYQ7gSCXBvwOXzxUO72112,1.0,1.0,3.0,1.0
0,0.9090909090909092,0.4467904567718506,1,995Mjg3IZGW2wc7ddFCk8vg418,1.0,1.0,3.0,1.0
0,0.1333333333333333,0.587881326675415,1,1606ixCVPmgAtLujhTmR7TkV1221,1.0,1.0,3.0,1.0
1,1.0,0.4489095211029053,1,2561RPearP2qJJF5nNBvVQ1L2468,1.0,1.0,3.0,1.0
0,0.5,0.355623722076416,1,1768Z2ygW_eEOpHjb3kiiamC3500,0.0,0.0,3.0,1.0
0,0.4,0.5855121612548828,1,2177s_UTFrhmrwcK9Ti7MMiR4149,1.0,1.0,3.0,1.0
0,0.2666666666666667,0.5967850685119629,1,2049EiSr8AWG9INgthccDLTD1651,1.0,1.0,3.0,1.0
1,1.0,0.3690652847290039,1,1811paAxUvt29OX8E8chhsNQ3408,1.0,1.0,3.0,1.0
0,0.3636363636363636,0.5845656394958496,1,848WrFnYlhM_1QL8XRIK-nh2753,1.0,1.0,3.0,1.0
0,0.5,0.3329734802246094,1,30233J2ge9fEFX4YilpwWlsN3810,1.0,1.0,3.0,1.0
0,0.0689655172413793,0.8288116455078125,1,1402lC19R9T2_nXZynvxL_uJ680,0.0,0.0,3.0,1.0
0,0.8,0.3798937797546386,1,2724NPCyZgqx0x1F1XrTUaPC900,0.0,0.0,3.0,1.0
1,1.0,0.356196641921997,1,1395li3pr9py0l2amb_zMeDF702,1.0,1.0,3.0,1.0
1,1.0,0.5284042358398438,1,2071kHxLVZsdxtm6xVPXQcML1589,1.0,1.0,3.0,1.0
0,0.16,0.5017504692077637,0,1430c-EOOP47sw8eHQFzvYMg599,,,,
0,0.6666666666666666,0.3807716369628906,1,555vNOKr31rXFMkfzB62TYz244,1.0,1.0,3.0,1.0
0,0.8,0.4354491233825683,1,1433yR4Rdyzq9ZDjN6qZOB3K592,1.0,1.0,3.0,1.0
0,0.2285714285714285,0.8691582679748535,1,2646TB5mc-c2hplG5koqTh501117,0.0,0.0,3.0,1.0
0,0.4615384615384615,0.6356117725372314,1,5601RlVQQ13ZMVNw8QCNW6F230,0.0,0.0,3.0,1.0
0,0.75,0.45668625831604,1,974vUVNFZZhK9Vx9yosXwyz479,1.0,1.0,3.0,1.0
0,0.8,0.3503978252410888,1,1564Kq9tsrgH8Jhl4M51Udxu1326,1.0,1.0,3.0,1.0
0,0.0,0.6826996803283691,1,1744p6ivEreYdqU2OaXpqwiv3570,0.0,0.0,3.0,1.0
0,0.3,0.6089982986450195,1,2723xU3JSCsI93Jmzi12bo8-904,1.0,1.0,3.0,1.0
0,0.2758620689655173,0.7312397956848145,1,884Pnp87xexk_HDsVBlYF5I2663,1.0,1.0,3.0,1.0
1,1.0,0.3991985321044922,1,947IWARdGEJfenHq_CeVA2F560,1.0,1.0,3.0,1.0
0,0.25,0.4904847145080566,1,2648m9dA7rTQjYDXrTlBjn3C1110,0.0,0.0,3.0,1.0
1,1.0,0.4602334499359131,1,642t90xpp6PDsZFZ-bpxEez3027,1.0,1.0,3.0,1.0
0,0.5,0.4727873802185058,1,643hOw7cSZHnFDg9xSl_9rX3024,1.0,1.0,3.0,1.0
1,1.0,0.3410346508026123,1,15208OmvhIK608dqFRGSSOAV1973,1.0,1.0,3.0,1.0
1,1.0,0.2898766994476318,1,646uZynkMYdhv1JIw-EffYb3014,1.0,1.0,3.0,1.0
0,0.0,0.4708743095397949,1,1590-CJsFDfqrQDqYkRsJ56N1263,0.0,0.0,3.0,1.0
1,1.0,0.3737080097198486,1,2482zF1QFZ7wKsNuHZ2WclJt1822,1.0,1.0,3.0,1.0
1,1.0,0.3688993453979492,1,725i6Izvs08W85ROtPNlm8D2813,1.0,1.0,3.0,1.0
0,0.8571428571428571,0.3715927600860595,1,1827xEul6GY6VzOmjE6YoZOI3370,1.0,1.0,3.0,1.0
0,0.4800000000000001,0.6001803874969482,1,2633pAGBUWzG9zIDRrNR6L1c2329,1.0,1.0,3.0,1.0
0,0.0,0.3846144676208496,0,19488Pr6RoX5NaT1BWOrfb8b2303,,,,
0,0.3636363636363636,0.4540324211120605,1,1195HMcObf-c2jk9nuqNKiuu3172,1.0,1.0,3.0,1.0
0,0.3333333333333333,0.5478026866912842,1,12200qHzxeIvvsd2YVZemdY03095,1.0,1.0,3.0,1.0
0,0.5185185185185186,0.6326885223388672,1,2661cQb_J106ssSoX5Fgydo71078,1.0,1.0,3.0,1.0
0,0.0833333333333333,0.6110398769378662,1,979XmKqsJdLFW1bLDI7o-pE462,1.0,1.0,3.0,1.0
1,1.0,0.3677709102630615,1,1802qwccQwTwwKaDVreksqJf3429,1.0,1.0,3.0,1.0
0,0.1818181818181818,0.4233262538909912,1,1491cxn7v5v-T_iOJDwW9EYs2031,0.0,0.0,3.0,1.0
0,0.2857142857142857,0.5917754173278809,1,728rJ1xbwc5Igz_rb47z10k2805,0.0,0.0,3.0,1.0
0,0.6153846153846153,0.5421974658966064,1,1755HI8OTnHY7Nm5CeIuPLTN3538,1.0,1.0,3.0,1.0
1,1.0,0.3623373508453369,1,2714-Q-L_ocw1wqi2vTyKgJx927,1.0,1.0,3.0,1.0
0,0.6666666666666667,0.5395374298095703,1,2196RcteK2m9GTjJgXROQiPI4108,1.0,1.0,3.0,1.0
1,1.0,0.3418712615966797,1,2198RDJBzVmoid4rc0bik_oO4103,1.0,1.0,3.0,1.0
0,0.8,0.4966905117034912,1,2706YR-uI3zypKwmJN4tmzOG947,0.0,0.0,3.0,1.0
0,0.0,0.3201465606689453,1,660LK3Me9by6QtGlAhc9ZgG2978,0.0,0.0,3.0,1.0
0,0.1176470588235294,0.9227089881896972,1,3010uRwouEtYjEBKkqRcq7rz3839,1.0,1.0,3.0,1.0
0,0.7499999999999999,0.4058773517608642,1,2152-7ZSgzVAfI8TDcdpWpW94219,1.0,1.0,3.0,1.0
0,0.2,0.3755431175231933,1,538JJQ5E24giegHnAwK6q8U0,1.0,1.0,3.0,1.0
1,1.0,0.3463468551635742,1,2495cQqgzzooS13bDr8Ph6Gf1795,1.0,1.0,3.0,1.0
0,0.4444444444444444,0.5913283824920654,1,1425TtGxf2tlcnPvhwxputXV614,0.0,0.0,3.0,1.0
0,0.4285714285714285,0.745525598526001,1,121369XOrczL-kMaDwwgO02A3116,1.0,1.0,3.0,1.0
0,0.1111111111111111,0.4914662837982178,1,2375ik4L_hJmM72qf0e1dYMH3698,0.0,0.0,3.0,1.0
0,0.5,0.2454786300659179,0,1808axaZNmCFiRMbaxN7F0Eh3418,,,,
1,1.0,0.3579881191253662,1,2678-vJB_o0WGULsRqF2El1t1029,1.0,1.0,3.0,1.0
0,0.4615384615384615,0.5370397567749023,1,841hinfHVUUAR8bWXtEBCsQ2776,1.0,1.0,3.0,1.0
0,0.1666666666666666,0.5263116359710693,1,2048CtOjaqKkCnfN40uLcP5L1652,1.0,1.0,3.0,1.0
0,0.5925925925925927,0.8265998363494873,1,2171AVNXiBd6GfXxQ8eqM1vd4168,1.0,1.0,3.0,1.0
0,0.0,0.8369181156158447,1,2096f8W6RON65FxesZktnJ621515,0.0,0.0,3.0,1.0
0,0.0,0.4018990993499756,1,724vcyS179ODvzR7GgFuf342817,0.0,0.0,3.0,1.0
0,0.4666666666666666,0.8223891258239746,1,577J1_2EkXjvWVxk6PCwOXP178,1.0,1.0,3.0,1.0
0,0.0,0.6001439094543457,1,2186ULHrp_lvPj5LDBoeTtdH4131,0.0,0.0,3.0,1.0
0,0.1428571428571428,0.4961526393890381,1,262821L4N7qZnsAQ8yXausca2342,1.0,1.0,3.0,1.0
0,0.846153846153846,0.629643440246582,1,2687wsGAHxfopUhAw18YbVRI1000,1.0,1.0,3.0,1.0
0,0.8333333333333334,0.6081490516662598,1,2646TB5mc-c2hplG5koqTh501118,1.0,1.0,3.0,1.0
1,1.0,0.3398082256317138,1,1951HRAy-63r-iYmzz_OIMwm2295,1.0,1.0,3.0,1.0
1,1.0,0.431504487991333,1,1532jmPrtawUKEP8PbFN0KA51942,1.0,1.0,3.0,1.0
1,1.0,0.5210657119750977,1,1440tJiNSRh2yn6L1Bpe-Z2O2134,1.0,1.0,3.0,1.0
1,1.0,0.3460662364959717,1,575_whZmLvyvEEXouWkoc8Q185,1.0,1.0,3.0,1.0
0,0.2352941176470588,0.8767728805541992,1,2512lEhovFhT11eis4TwjWj61754,1.0,1.0,3.0,1.0
0,0.5,0.4425463676452636,0,2604w8Y2Cl6uiR5M0-ejmWMM2383,,,,
0,0.25,0.6435976028442383,1,25219t08QQEFWvS8eYsekPUS1730,0.0,0.0,3.0,1.0
1,1.0,0.34975266456604,1,1751kG4ZgRcpVW2reI1_s3123551,1.0,1.0,3.0,1.0
0,0.3636363636363636,0.7064924240112305,1,960o6-E-_ISeh5lV6FHiD34520,1.0,1.0,3.0,1.0
0,0.0,0.3490674495697021,1,1616QzaVp9mutwg1uh2jzwdO1192,1.0,1.0,3.0,1.0
0,0.2857142857142857,0.8953595161437988,1,2187B0sWPT98eVpnAmdk_adu4128,0.0,0.0,3.0,1.0
0,0.0,0.6850810050964355,1,1536mI_d8jtM2jw9hUxzP9iL1929,0.0,0.0,3.0,1.0
0,0.6666666666666666,0.4436349868774414,1,1947A5MF0NJR55TokdQfbhca2307,1.0,1.0,3.0,1.0
0,0.4,0.4648976325988769,1,2485wQdQwDnk4yk5FdBXXmhj1815,1.0,1.0,3.0,1.0
0,0.0,0.6299118995666504,1,2070ak7o05iYQKrCn9M9TwT31592,0.0,0.0,3.0,1.0
1,1.0,0.4704713821411133,1,2106VMTbOKIT8LUZtIXhHKmi1490,1.0,1.0,3.0,1.0
0,0.0,0.4520902633666992,1,66120RRLn0zmV3MwnNHl6_h2974,0.0,0.0,3.0,1.0
0,0.6666666666666666,0.4659326076507568,1,882RL4zKg1IQbdwrUdiW2uc2668,1.0,1.0,3.0,1.0
1,1.0,0.3886182308197021,1,1579OPjVMaCxctlZmUpiZzrp1293,1.0,1.0,3.0,1.0
1,1.0,0.5048627853393555,1,1159_3BLEoNo6JC3PQD3lhm_3274,1.0,1.0,3.0,1.0
1,1.0,0.4274775981903076,1,2131ThABbwh5RS-HlVdmLPDZ1417,1.0,1.0,3.0,1.0
1,1.0,0.511333703994751,1,2021CWT7r6wMcqbzHWF5IBs12171,1.0,1.0,3.0,1.0
0,0.5517241379310345,0.7112352848052979,1,1823Eoxuy7YeAaFwIKLgSxRm3381,1.0,1.0,3.0,1.0
0,0.1538461538461538,0.6451377868652344,1,1569FwzJ_LvmO5rW73WzT8541311,0.0,0.0,3.0,1.0
1,1.0,0.4413321018218994,1,2172mjXN9cse5myRvOdHKPXb4166,1.0,1.0,3.0,1.0
0,0.0909090909090909,0.6567809581756592,1,3016XnYJU0PvEDVmTUPXywfh3826,1.0,1.0,3.0,1.0
0,0.0,0.3097660541534424,1,15387Blg_wJjcZbkwAdg3ihT1399,0.0,0.0,3.0,1.0
0,0.4,0.3562281131744385,1,2965ZcSt1DSsDVrBS8zreyMW3946,1.0,1.0,3.0,1.0
0,0.0408163265306122,2.602710962295532,0,1183jSSsRsBAdPZ3YbN6lTA63206,1.0,1.0,3.0,1.0
1,1.0,0.3870460987091064,1,24325JvjgPXosVnug4HXcsdC3598,1.0,1.0,3.0,1.0
0,0.5,0.7278647422790527,1,2588tXgAWa0hfqLa7dv034Sk2420,1.0,1.0,3.0,1.0
0,0.0,0.3807322978973388,1,545m8hikbi_76zd990QYmmK274,0.0,0.0,3.0,1.0
0,0.761904761904762,0.710721492767334,1,2133l3pjWfCkZZOCX5jvmzSB1411,1.0,1.0,3.0,1.0
1,1.0,0.5758421421051025,1,1030cFCd9o4jSm3pwYZj572K326,1.0,1.0,3.0,1.0
1,1.0,0.4938700199127197,1,1471q7bJiZQDI20zdeWOjTxp2066,1.0,1.0,3.0,1.0
0,0.6666666666666666,0.3430938720703125,1,1220telOq3nKQ9I7IlLmxhq53097,1.0,1.0,3.0,1.0
0,0.888888888888889,0.3633468151092529,1,1158byH939tSa-y6piPB33qI3275,1.0,1.0,3.0,1.0
0,0.6153846153846153,0.5356078147888184,1,2143rWgXIxnPTtsFFOBT0X5t4243,1.0,1.0,3.0,1.0
0,0.2666666666666666,0.5749671459197998,1,1010HNqYCv68G7N_CQVNh43m382,1.0,1.0,3.0,1.0
0,0.5,0.4636862277984619,1,588NyHE4CBeocNT0p36WOjf144,1.0,1.0,3.0,1.0
0,0.0,0.384570837020874,1,2353LXtRRUsp_KUtkJvbyF5G3749,0.0,0.0,3.0,1.0
0,0.0,0.5146067142486572,1,2606wggZxTDXC27kXBM1nOHp2377,0.0,0.0,3.0,1.0
0,0.0,0.4421539306640625,1,2125V8N_l5QntOTnTrzc20WM1434,0.0,0.0,3.0,1.0
0,0.7999999999999999,0.8112199306488037,1,2185kJh_nrTH_U4b39Vcv8ax4132,1.0,1.0,3.0,1.0
0,0.5,0.3756458759307861,1,2376URQldjysl6l8eVv3nAMJ3695,1.0,1.0,3.0,1.0
0,0.3333333333333333,0.5187251567840576,1,1384pGKRecF-Gb_z9zzAv2JJ724,0.0,0.0,3.0,1.0
0,0.8750000000000001,0.5519449710845947,1,2148ORbgn9xAFsNQtzXY__rj4227,1.0,1.0,3.0,1.0
0,0.0,0.7914962768554688,1,621rUA-y24a2TlBAhZxV8H852,1.0,1.0,3.0,1.0
0,0.1428571428571428,0.3468661308288574,0,597Erm8rlfIbk1-dOAX1x_d117,,,,
0,0.3888888888888889,0.8374624252319336,1,2439wUboO5ra35vEgdGIev-11921,1.0,1.0,3.0,1.0
0,0.1111111111111111,0.4721763134002685,1,2229yjbOaiHjJ3l8FpptH4HW4022,0.0,0.0,3.0,1.0
1,1.0,0.3751914501190185,1,644VW80Ih4W_8lT57dCnHAu3021,1.0,1.0,3.0,1.0
0,0.2941176470588235,0.949979305267334,1,888N5fO999xna1Xo8EzSka72654,1.0,1.0,3.0,1.0
0,0.4615384615384615,0.6008541584014893,1,2588DwrxR7iNWl5O2r3FLLSK2419,1.0,1.0,3.0,1.0
0,0.5555555555555556,0.5196359157562256,1,1206pt-2ozhsCeZeJuJZ11Ii3139,1.0,1.0,3.0,1.0
0,0.0,0.3009607791900635,1,2173oSldYZR3JLWnzYW3O77H4161,0.0,0.0,3.0,1.0
1,1.0,0.3542428016662597,1,2960UnXl4G14Yymd8PXaR5Uk3960,1.0,1.0,3.0,1.0
0,0.6857142857142857,0.7428135871887207,1,266732gpl8X-FjP8gjcwzw2z1061,1.0,1.0,3.0,1.0
0,0.0476190476190476,2.5853025913238525,0,29552yyd0Gev5Q7THSvvmMm23972,1.0,1.0,3.0,1.0
1,1.0,0.4049677848815918,1,1023GZ3dln2t0HzaDV2xwSoN346,1.0,1.0,3.0,1.0
0,0.064516129032258,0.887976884841919,1,2675-gwBiwWZVyjWDUu4p4cd1038,0.0,0.0,3.0,1.0
1,1.0,0.3090066909790039,1,860q2h_WxoUUCbtkWt_rIm62718,1.0,1.0,3.0,1.0
1,1.0,0.4455540180206299,1,19734HA-piKOQCj9cOheHeMR2249,1.0,1.0,3.0,1.0
0,0.5,0.9317803382873536,1,3020ZTgHQCHhDPV1YzPtr7cD3816,1.0,1.0,3.0,1.0
1,1.0,0.4948952198028564,1,2483B0xaJU5Jx1Cz2l8ywdGS1818,1.0,1.0,3.0,1.0
1,1.0,0.4970993995666504,1,2237eotzWAE9no45Pa9ifZYj3999,0.0,0.0,3.0,1.0
0,0.6,0.4830310344696045,1,1489IFn4GWsL1jHdBDB-a94E2035,0.0,0.0,3.0,1.0
0,0.0,0.3707022666931152,1,2167979S1AzMJxecio9-6zel4180,0.0,0.0,3.0,1.0
1,1.0,0.4552304744720459,1,933f51SxFqN5EEdYugeQFhF2532,1.0,1.0,3.0,1.0
1,1.0,0.4255905151367187,1,2147SEz1hmjhUpcGuddz5WUk4231,1.0,1.0,3.0,1.0
0,0.5454545454545454,0.5293047428131104,1,2195QSRuAqfW7wcL0yDgHAqi4112,1.0,1.0,3.0,1.0
0,0.0,0.5402345657348633,1,2127j4vlim-EJ7C9hksd0XEG1429,0.0,0.0,3.0,1.0
1,1.0,0.445807933807373,1,2678lDTDQx4d-wy7YI9o8k621027,1.0,1.0,3.0,1.0
0,0.0,0.9618291854858398,1,21855lm1aeumxPgLxhAZ4rsM4133,0.0,0.0,3.0,1.0
0,0.5454545454545454,0.4748330116271972,1,2654A6DJuqUHYjllfqY66FZQ1097,0.0,0.0,3.0,1.0
0,0.2857142857142857,0.6581058502197266,1,2116zZq6HMYtTo0CQinn_k-41459,1.0,1.0,3.0,1.0
0,0.3809523809523809,0.7299466133117676,1,134108m1Km6HBkINwlourrYc849,1.0,1.0,3.0,1.0
0,0.1111111111111111,1.2065324783325195,1,620K1_aZyohd-7lRb7mTttb56,0.0,0.0,3.0,1.0
0,0.2105263157894736,0.6607015132904053,1,2474wQkjUyyx7GnHZpL3Deaq1840,0.0,0.0,3.0,1.0
0,0.48,0.6471381187438965,1,11737vcT3qwp_gJxVFslucFe3235,1.0,1.0,3.0,1.0
0,0.8,0.3902609348297119,1,10361heR9e1kTvvo1NiiW5Ae308,1.0,1.0,3.0,1.0
0,0.0,0.3296582698822021,1,2606wggZxTDXC27kXBM1nOHp2378,0.0,0.0,3.0,1.0
0,0.4571428571428571,0.7676432132720947,1,2232C9tE6pI8bHZ63YEfofZm4013,1.0,1.0,3.0,1.0
0,0.0,0.2223708629608154,1,730-sg8DQC7Q6MNsKvBhO3l2800,0.0,0.0,3.0,1.0
1,1.0,0.3877322673797607,1,2498Ntl0yuQwIc1zcFl2LEt61786,1.0,1.0,3.0,1.0
0,0.5,0.3238415718078613,1,1509gKJxAthX1pquVrt7KPXD2002,0.0,0.0,3.0,1.0
0,0.6,0.4603354930877685,1,1603faGMdBUg02YqijMJnA3w1230,1.0,1.0,3.0,1.0
1,1.0,0.3382835388183594,1,657VFHiQ4-7Kz6tz_vms0Uo2985,1.0,1.0,3.0,1.0
0,0.5,0.3925428390502929,1,2063xkIouWNgoRjOGLoCZ1bE1612,1.0,1.0,3.0,1.0
0,0.3529411764705882,0.6358611583709717,1,134108m1Km6HBkINwlourrYc848,1.0,1.0,3.0,1.0
0,0.5,0.4589653015136719,1,651fsZ9lTWd449M33QOudtw3001,1.0,1.0,3.0,1.0
0,0.0,0.3956625461578369,1,2977bAR1UUAdut5SZn4bYC9-3917,0.0,0.0,3.0,1.0
1,1.0,0.4519195556640625,1,30097-Lb9tKHWA_8Z-1p8-LH3842,1.0,1.0,3.0,1.0
0,0.5,0.7121713161468506,1,2979WuXci60uJEdQnVCd4Xjn3912,1.0,1.0,3.0,1.0
0,0.1428571428571428,0.5730023384094238,1,2941qGbMTO0mozvc2N-D8Ll13996,0.0,0.0,3.0,1.0
0,0.5,0.3128817081451416,1,705nABbOAzpYWFGNrPSDwL22867,0.0,0.0,3.0,1.0
0,0.4285714285714285,0.7046456336975098,1,850EvvWq5cM1pQg86O2yHNg2749,1.0,1.0,3.0,1.0
1,1.0,0.4434151649475097,1,2052CjMDg4rKssIF2dZJmzem1644,1.0,1.0,3.0,1.0
1,1.0,0.3950128555297851,1,1345ag1pnM8TapsP64bzpQa0835,1.0,1.0,3.0,1.0
0,0.0,0.6311736106872559,1,8800eSsNgilzH8vuQNt4Jml2674,0.0,0.0,3.0,1.0
0,0.25,0.3684678077697754,1,1001W57bXvzsU7BsCan0XmdL407,0.0,0.0,3.0,1.0
0,0.0625,0.9155440330505372,1,2456mSRZvgWGRhYDDkRPL2f41882,1.0,1.0,3.0,1.0
0,0.7000000000000001,0.4881823062896728,1,2391ePMyIq2X1JLq1967u6CY3667,1.0,1.0,3.0,1.0
0,0.5263157894736842,0.5833408832550049,1,2718prFY56JKafzui1OKyt46915,1.0,1.0,3.0,1.0
0,0.380952380952381,0.5225200653076172,1,2470-I0Ycn3m1ADgtmf8Qlse1851,1.0,1.0,3.0,1.0
0,0.5,0.6083416938781738,1,2369Df519g_V8jVHWQoP3PG93711,1.0,1.0,3.0,1.0
0,0.0,0.4207150936126709,1,20388Up5mLcWdYU-WNmLJdtF1684,1.0,1.0,3.0,1.0
1,1.0,0.4905576705932617,1,1781sbFFllrurUSJ_Gr41cCI3471,1.0,1.0,3.0,1.0
0,0.8750000000000001,0.475795030593872,1,11810pNzis8O7iMe4D0TXLLB3214,1.0,1.0,3.0,1.0
0,0.0,0.2789440155029297,1,1443QN39Ck2EQtKHwrv95Fdo2123,0.0,0.0,3.0,1.0
0,0.0,0.3549013137817383,0,8800eSsNgilzH8vuQNt4Jml2673,,,,
0,0.7777777777777778,0.53926682472229,1,1561CHAGkVck74VVUABuSAwY1334,1.0,1.0,3.0,1.0
1,1.0,0.4182095527648926,1,2387-M6jRmAUm0dwueCkUyJl3674,1.0,1.0,3.0,1.0
0,0.6666666666666665,0.4331212043762207,1,2503mD8qIsdD1SDE74Qh-IaF1772,1.0,1.0,3.0,1.0
0,0.7272727272727273,0.4811329841613769,1,1795SmUM72qvYEGcEDAoWbE73443,1.0,1.0,3.0,1.0
1,1.0,0.404437780380249,1,1470cJbPNG5jp6U76xnNSz1N2069,1.0,1.0,3.0,1.0
0,0.0,0.5180091857910156,1,683qZh2hIeeIAW7sEw3xRoe2916,0.0,0.0,3.0,1.0
1,1.0,0.3410580158233642,1,1037pwf13W4KYglfjZucyzMr303,1.0,1.0,3.0,1.0
0,0.5,0.2897591590881347,0,2697v70pWXgc-DSg0veQwf_g973,,,,
0,0.6666666666666666,0.4901273250579834,1,1565GCwUFVbdCdhcZ_GOztSL1323,1.0,1.0,3.0,1.0
1,1.0,0.2705955505371094,1,676GKGz4YMI2p0rgqxkFts72937,1.0,1.0,3.0,1.0
1,1.0,0.394179105758667,1,2554mt4e_yJYeBYxqGIR5ybl2481,1.0,1.0,3.0,1.0
1,1.0,0.4584677219390869,1,1591ek7O19h74ATqsHjdtFUz1260,1.0,1.0,3.0,1.0
0,0.5454545454545454,0.5150041580200195,1,19743Coi1jS_QPbxu2FRk8LC2246,1.0,1.0,3.0,1.0
0,0.0,0.4295978546142578,1,954ewPFqe0IjyBJN77y7QiK538,0.0,0.0,3.0,1.0
0,0.1904761904761905,0.8677284717559814,1,2602Qiq4iutdiApDxWf40xp42390,0.0,0.0,3.0,1.0
0,0.6666666666666666,0.4772617816925049,1,2968C7LlqUnuO2Rpg_LoWMAj3937,1.0,1.0,3.0,1.0
1,1.0,0.4127926826477051,1,1225RCrAx9wJxpkVXOhgrIVp3081,1.0,1.0,3.0,1.0
0,0.5,0.3610668182373047,1,596zM0R2OmIzgkB1SbT2GQk121,1.0,1.0,3.0,1.0
0,0.16,0.622814416885376,1,988FErcpJAvfdvuXzhk1d2j435,0.0,0.0,3.0,1.0
0,0.3333333333333333,0.4458737373352051,1,1230GUOhXat97Yr3ZBs4FTgR3066,1.0,1.0,3.0,1.0
0,0.0,0.3203244209289551,1,945tBlPoKsnHp4m96z6_5la565,0.0,0.0,3.0,1.0
1,1.0,0.5353178977966309,1,27385FnxYBX7geCrqoYaZeLD859,1.0,1.0,3.0,1.0
0,0.5517241379310345,0.6250946521759033,1,1216KGsfCkgqupDitvDzZvvn3109,1.0,1.0,3.0,1.0
0,0.8275862068965518,0.5678231716156006,1,2449MJsvA7muVLQFQ3PIvYxW1896,1.0,1.0,3.0,1.0
0,0.4,0.4956414699554443,1,655zEoksqfcq2EVZ02Mbw7P2989,1.0,1.0,3.0,1.0
0,0.5454545454545454,0.4416940212249756,1,2665gofGzsBk2vSGVSEDt1Hi1068,0.0,0.0,3.0,1.0
0,0.5,0.5985891819000244,1,2109VHtyjetCFyDgKOq5r_WJ1480,1.0,1.0,3.0,1.0
0,0.4,0.5450329780578613,1,1581PSxQIYeCh0A36EuqcNFg1285,1.0,1.0,3.0,1.0
0,0.8571428571428571,0.3853311538696289,1,6863QwKQmripDGXlTBA_dd22910,1.0,1.0,3.0,1.0
1,1.0,0.4009373188018799,1,1943rxwpWMHzuLw1uSqBn62Q2315,1.0,1.0,3.0,1.0
0,0.08,0.5013763904571533,0,21505TOXvyl0OGGpW7CAQlAq4225,,,,
1,1.0,0.4031026363372803,1,26242_7PGIerv2Q0zGtONaPz2353,1.0,1.0,3.0,1.0
0,0.8,0.3257708549499511,1,21505TOXvyl0OGGpW7CAQlAq4224,1.0,1.0,3.0,1.0
1,1.0,0.312138557434082,1,677xmZHBoR33brul42LKfZz2936,1.0,1.0,3.0,1.0
0,0.1666666666666666,0.7670469284057617,1,2233nOCdB2RiiWVTHevF1XQv4011,1.0,1.0,3.0,1.0
0,0.5454545454545454,0.5203526020050049,1,2617kBjHv2oN0nUKO23LlFJL2364,1.0,1.0,3.0,1.0
0,0.5,0.2927489280700683,1,1175f68nWVOs5WY82yUFRvj63232,0.0,0.0,3.0,1.0
0,0.1599999999999999,0.7190356254577637,1,2973V3Yh88dWwEdfJb_tftSD3927,1.0,1.0,3.0,1.0
1,1.0,0.4582719802856445,1,683aqqwKP1KduPxIkVF7N9F2918,1.0,1.0,3.0,1.0
1,1.0,0.397442102432251,1,26201BkXMvVLir4JL_20wfV12359,1.0,1.0,3.0,1.0
0,0.6,0.5180532932281494,1,2118jdsykE0McP5cAZxVpo2d1454,1.0,1.0,3.0,1.0
0,0.1999999999999999,0.5543496608734131,1,2517lXXoQUIKbal6xfNNtVAn1744,1.0,1.0,3.0,1.0
0,0.4,0.4531326293945312,1,908jl25A_Iov80feqJ4evmm2601,0.0,0.0,3.0,1.0
0,0.6666666666666666,0.3692405223846435,1,1373md66uV8NUYn6tLcFPoUa754,0.0,0.0,3.0,1.0
0,0.4,0.5581908226013184,1,24911q_50dkgYzY3pVZJL3Sc1805,1.0,1.0,3.0,1.0
1,1.0,0.5215325355529785,1,2013gpksQIp23gepFksmpqXj2186,1.0,1.0,3.0,1.0
0,0.125,0.5127542018890381,0,2208KPJx__8bPSCeN9p1Fi0X4073,,,,
0,0.0666666666666666,0.9946274757385254,1,2211Cy7Oahng9F7-H0Oc3e544064,0.0,0.0,3.0,1.0
0,0.2857142857142857,0.4310832023620605,1,2647wx3YQTfZqS0kaThBNcMd1114,0.0,0.0,3.0,1.0
0,0.0,0.4664380550384521,1,15075jeWJyHrflW280qJuH1b2009,1.0,1.0,3.0,1.0
0,0.1052631578947368,0.5920534133911133,1,998Con_q4MLI1RfJuY2bKbI416,0.0,0.0,3.0,1.0
0,0.0,0.405543565750122,1,579arqEgmuOnA4zj2j7weJ4173,1.0,1.0,3.0,1.0
0,0.1081081081081081,1.106515884399414,1,1798KfLl6KS7V9XT4gra5ItO3437,1.0,1.0,3.0,1.0
0,0.5,0.4087164402008056,1,1776In5nDr6EiD2h4i0Hjv4f3485,1.0,1.0,3.0,1.0
1,1.0,0.3654582500457763,1,1944Ec6XPqU4Xy4eSPu6R32j2312,1.0,1.0,3.0,1.0
0,0.0769230769230769,0.8233342170715332,1,857_7Nv3vFr25l0dhIhFy_82728,1.0,1.0,3.0,1.0
1,1.0,0.5492045879364014,1,2519KkZmS0x5ulGXiZTw1wKR1737,1.0,1.0,3.0,1.0
1,1.0,0.4809293746948242,1,2095TnNWtDkF3d8sfPpoIY4z1518,1.0,1.0,3.0,1.0
0,0.3225806451612903,0.739107608795166,1,992iTR1IjxbLP4VmHcDDPOa424,1.0,1.0,3.0,1.0
1,1.0,0.3993773460388183,1,1541-Tc1l_CQDW9x1chtv8Gl1391,1.0,1.0,3.0,1.0
0,0.2608695652173913,1.2940752506256104,1,1582AZl0hrMFq0o_sdc6NePo1284,1.0,1.0,3.0,1.0
1,1.0,0.3806734085083008,1,11714vchzsnda6_BXJcN4y-b3241,1.0,1.0,3.0,1.0
1,1.0,0.4819269180297851,1,708Hy1_nMQxQpRgTmBhJ1IB2858,1.0,1.0,3.0,1.0
0,0.3636363636363636,0.8523333072662354,1,17502DSDScCdCbid-xPukm5G3553,1.0,1.0,3.0,1.0
0,0.25,0.4586966037750244,1,15552yE_F-OkWgqqtdUwPtGF1351,1.0,1.0,3.0,1.0
0,0.1999999999999999,0.7819783687591553,1,2231oKXyKiZUC2dpEO9h9RY-4018,1.0,1.0,3.0,1.0
0,0.6428571428571428,0.7387688159942627,1,2731HqkZcXQ2ghjXCopBDyf4879,1.0,1.0,3.0,1.0
0,0.5,0.4657433032989502,1,2508GyO7kZECUGQ3Ln8manrq1763,1.0,1.0,3.0,1.0
1,1.0,0.360253095626831,1,11714vchzsnda6_BXJcN4y-b3240,1.0,1.0,3.0,1.0
0,0.7692307692307693,0.775540828704834,1,1472rUZfzrrFBRkQ2V9Nom352063,1.0,1.0,3.0,1.0
0,0.5,0.6713724136352539,1,1362BPgQJxJaOhV-CP2tGeBk785,1.0,1.0,3.0,1.0
0,0.7843137254901961,0.8730223178863525,1,2594UqcL6N9Bq7ENoFzW00092405,1.0,1.0,3.0,1.0
1,1.0,0.3533556461334228,1,2341Q2GfH2MypqPucUYoE69T3776,1.0,1.0,3.0,1.0
0,0.0,0.3674569129943847,1,2361c-8SrBx2PZDYVGvo5ybn3731,0.0,0.0,3.0,1.0
0,0.2857142857142857,0.6473982334136963,1,636bdCEp-ei65RvphUV5kzu8,1.0,1.0,3.0,1.0
0,0.4444444444444444,0.6928317546844482,1,1353cuJ2B12zDs0aTs65HC-5813,1.0,1.0,3.0,1.0
0,0.888888888888889,0.3928349018096924,1,9628yTL0M_7Lj--HbvNAKMl514,1.0,1.0,3.0,1.0
0,0.2307692307692307,0.8159337043762207,1,26765i_aQSNS1WuOSbksxa7p1034,1.0,1.0,3.0,1.0
1,1.0,0.3985373973846435,1,1615r-Z6NuO6cx_SWYHnunxF1195,1.0,1.0,3.0,1.0
0,0.2222222222222222,0.6945033073425293,1,1168kp5b9nrZxT84IBjU96zK3248,1.0,1.0,3.0,1.0
0,0.2962962962962963,0.6604518890380859,1,2186_FLLcoz_UzJCVTV21EaN4129,1.0,1.0,3.0,1.0
1,1.0,0.329979658126831,1,729mxVBV4LVflnVcZxNyg-P2802,1.0,1.0,3.0,1.0
0,0.0,0.4237618446350097,1,1565GCwUFVbdCdhcZ_GOztSL1322,0.0,0.0,3.0,1.0
0,0.4375,0.9197540283203124,1,2715dw_ZC1DahbCczlDe5Yi7926,1.0,1.0,3.0,1.0
1,1.0,0.4155831336975097,1,14704QRXB2pWMRJUNrhyXKDZ2068,1.0,1.0,3.0,1.0
0,0.4,0.3837261199951172,1,2983UePrdFo_KyuxMZVfMyOL3902,1.0,1.0,3.0,1.0
0,0.5333333333333333,0.7532427310943604,1,1354mCWTp9JbO_9CEDgtcsqF809,1.0,1.0,3.0,1.0
0,0.0606060606060606,0.5535476207733154,1,66808P9Oq5Ku-ZS0_3Jlrau2955,0.0,0.0,3.0,1.0
0,0.6,0.4104585647583008,1,15314QMC--BggOkyoE34_Rfc1943,1.0,1.0,3.0,1.0
0,0.6666666666666666,0.4746503829956054,1,1998tYHxV4GeHjIVsXiSo8Hr2212,1.0,1.0,3.0,1.0
0,0.0,0.6384739875793457,1,25102SwtlRVEiwDcKTiJMvjz1760,0.0,0.0,3.0,1.0
0,0.5,0.3798727989196777,1,5527xlxOUT-22yChZ-JdcpK252,0.0,0.0,3.0,1.0
0,0.7499999999999999,0.7517988681793213,1,1597nEqmtOHPo0XoNSnISrKk1244,1.0,1.0,3.0,1.0
0,0.4444444444444445,0.6874833106994629,1,957C6c8UBXNxelvZ_YavK28529,1.0,1.0,3.0,1.0
0,0.0,0.5728116035461426,1,2123OTmL8FamXbZSNs3_HwHe1441,1.0,1.0,3.0,1.0
0,0.1818181818181818,0.4478473663330078,1,1739w6-1RejjBE98uefpWvmD3585,1.0,1.0,3.0,1.0
1,1.0,0.3500592708587646,1,2985dy6AZ8KVp-M-A7SQvT8F3898,1.0,1.0,3.0,1.0
1,1.0,0.3681185245513916,1,1550GzjCBajsuSw_Bnhtl8WB1366,1.0,1.0,3.0,1.0
0,0.0,0.4463040828704834,1,1343QtMvat2gfyOpKcj4hGQk842,0.0,0.0,3.0,1.0
0,0.3636363636363636,0.6036708354949951,1,2421v8dCeaZg9Ymh8vP7GbpI3612,1.0,1.0,3.0,1.0
0,0.5641025641025641,0.866666316986084,1,9171SqPvS4Y9VVB9rn93Vi-2575,1.0,1.0,3.0,1.0
0,0.0,0.4119014739990234,1,984xM8OB5gvxHsdQmn1r-8F447,1.0,1.0,3.0,1.0
0,0.1818181818181818,0.6993834972381592,1,962NqL5Nn7k-2hfELK_z0pe513,0.0,0.0,3.0,1.0
0,0.5263157894736842,0.568171501159668,1,1361l3EW8F-mTJt_YdXPsqHd787,1.0,1.0,3.0,1.0
0,0.1904761904761904,0.9331717491149902,1,1754c4L39ZzzXq71ZehR_uoC3542,1.0,1.0,3.0,1.0
0,0.5,0.5465981960296631,1,2101NmIr2aqU_7v2eE_aidH61505,1.0,1.0,3.0,1.0
1,1.0,0.4211268424987793,1,584OsnQDPEfdT3D-biv4Yg2157,0.0,0.0,3.0,1.0
0,0.6666666666666666,0.4064681529998779,1,3010SprKLAHdowqTjGRQOf4i3838,1.0,1.0,3.0,1.0
0,0.2857142857142857,0.2877018451690674,1,665rw55Ie4DPe0sqY77puig2964,1.0,1.0,3.0,1.0
0,0.5,0.2821328639984131,1,1835FSurGzklPJM4MCko7da83344,1.0,1.0,3.0,1.0
0,0.1764705882352941,0.6773743629455566,1,2443eTrLtv9UbuEE_nR7dCeV1909,0.0,0.0,3.0,1.0
0,0.5454545454545454,0.4668939113616943,1,2536UpX9Bg_Y08DDNzXdFiU_1689,1.0,1.0,3.0,1.0
0,0.0,0.3255615234375,1,2186ULHrp_lvPj5LDBoeTtdH4130,0.0,0.0,3.0,1.0
0,0.7368421052631579,0.4678497314453125,0,578M9mlC9utfrcwX6F1l7Jn174,,,,
0,0.3076923076923077,0.632540225982666,1,2070ak7o05iYQKrCn9M9TwT31591,0.0,0.0,3.0,1.0
0,0.3076923076923076,0.3813965320587158,0,2476jZQD7x5reworgE-JOi2N1834,,,,
0,0.6666666666666666,0.3912920951843261,1,992iTR1IjxbLP4VmHcDDPOa425,1.0,1.0,3.0,1.0
0,0.2,0.3656363487243652,0,1617DSC5R_p9RerIchibaVxE1187,,,,
1,1.0,0.3199610710144043,1,1621kehREtB2jwFxfLSb5njd1177,1.0,1.0,3.0,1.0
1,1.0,0.4616835117340088,1,2961ZnbcPJCiADt4D4VSwFvF3956,1.0,1.0,3.0,1.0
1,1.0,0.3642737865447998,1,2714bDI6fIAZBhgsB3LbtItA929,1.0,1.0,3.0,1.0
1,1.0,0.3434405326843261,1,3018kZFSgaadxi0PtYR3mhFH3819,1.0,1.0,3.0,1.0
0,0.7272727272727274,0.5865166187286377,1,694HnOVoSnpyv6ljVHWDfeS2889,1.0,1.0,3.0,1.0
0,0.9090909090909092,0.4172146320343017,1,102860x28lgIYl08vHuvaK5q331,1.0,1.0,3.0,1.0
0,0.4615384615384615,0.7587320804595947,1,2204OywqClhMtfHv_617FgzA4087,1.0,1.0,3.0,1.0
1,1.0,0.3555891513824463,1,1801GMGqWYEBcwKtk36fM4SD3431,1.0,1.0,3.0,1.0
0,0.5714285714285714,0.7142033576965332,1,2639Y4u-Qqri_Ci3GGBQDl9U1134,1.0,1.0,3.0,1.0
0,0.5714285714285715,0.4250316619873047,1,2686JOWKciP4s6sWuWPuyo-d1005,1.0,1.0,3.0,1.0
0,0.2142857142857142,0.7638068199157715,1,1447OPmuJcT_JIwnw1TrzHrh2118,1.0,1.0,3.0,1.0
0,0.0,0.5823533535003662,1,1539fARKnR7H8s-gfUpW2rn21395,1.0,1.0,3.0,1.0
0,0.5,0.3946712017059326,1,907CG6Y0hTOIf2iMApGkPO72605,1.0,1.0,3.0,1.0
0,0.8,0.4534592628479004,1,2208FuW7GAKFmCyvVin50esl4074,1.0,1.0,3.0,1.0
0,0.5,0.4861929416656494,0,570lPdM0wYkCW3--bgqWmPv199,,,,
1,1.0,0.3714003562927246,1,2072z7yPHGlbkEuIidU7ws1C1584,1.0,1.0,3.0,1.0
0,0.5882352941176471,0.5097050666809082,1,26276wka1rfL0BiynIYM718e2345,1.0,1.0,3.0,1.0
0,0.5714285714285715,0.6180543899536133,1,1426fuexC-Dh-eLxD0l5Qoty609,1.0,1.0,3.0,1.0
0,0.2307692307692307,0.6926677227020264,1,2695ZPNMDXJVWkSpBsIvWP2e979,0.0,0.0,3.0,1.0
0,0.4444444444444445,0.4159722328186035,1,2505FyMeBIza_lW5D_Zn1Sgx1769,1.0,1.0,3.0,1.0
0,0.2,0.5241544246673584,1,1741XjQ2QM-7GtyfQYYY_fET3580,1.0,1.0,3.0,1.0
0,0.0,0.5510275363922119,1,561RShlPGzCfUPZQrUdWiIe227,0.0,0.0,3.0,1.0
0,0.6666666666666666,0.3509504795074463,1,1034epoawfzg9BJTz2Ca4vrd314,1.0,1.0,3.0,1.0
0,0.1538461538461538,0.5631883144378662,1,17796ulGE45jPxE9l8aLA4HP3476,1.0,1.0,3.0,1.0
0,0.1666666666666666,0.3698720932006836,1,1412q4IJJSwEUFoUq8DN4pFZ650,0.0,0.0,3.0,1.0
0,0.0,0.4812808036804199,1,1390o9_Ny0o9guZOaXj0sbu7710,0.0,0.0,3.0,1.0
0,0.0,0.1939067840576172,0,543zehgCplVJZaqw9cOuxgf279,,,,
0,0.6666666666666666,0.3446826934814453,1,1141-c26SVoXDsoOKAlJ_rik3328,1.0,1.0,3.0,1.0
0,0.1538461538461538,0.4854159355163574,0,1983xyRNnTqnmKy_BKrNn_4L2234,,,,
1,1.0,0.4901134967803955,1,20135j_uI6Pa4xYoAfhT5RFW2185,1.0,1.0,3.0,1.0
0,0.4285714285714285,0.5622773170471191,1,1435rs_1B10Z6zpwn_c2KbLB588,1.0,1.0,3.0,1.0
0,0.6451612903225806,0.6676137447357178,1,2653pTmwhjVfxT1gFxGr49qQ1099,1.0,1.0,3.0,1.0
0,0.0,0.3957724571228027,1,2608eLuQvx4PuZ3GmN9QGr8z2370,0.0,0.0,3.0,1.0
1,1.0,0.3944206237792969,1,9567FV5fK_9tjWGUSOCiJM4532,1.0,1.0,3.0,1.0
0,0.3999999999999999,0.4749741554260254,1,1823OCTxsYW2VwXgoqBEFKRB3380,1.0,1.0,3.0,1.0
0,0.25,0.4225127696990967,1,1482g7oHtVvZqKuuTZk40k9M2045,0.0,0.0,3.0,1.0
0,0.5,0.6156563758850098,1,23400fYXPU8hPMma1dgBlkCK3779,1.0,1.0,3.0,1.0
0,0.1428571428571428,0.5224511623382568,1,2356xnurKXc7ANXfRPTMqta_3741,0.0,0.0,3.0,1.0
0,0.0,0.5107097625732422,1,989BVy7A3ta2RwmPxZ1Xrzc433,0.0,0.0,3.0,1.0
0,0.6666666666666666,0.6136202812194824,1,21855lm1aeumxPgLxhAZ4rsM4134,1.0,1.0,3.0,1.0
0,0.25,0.3517839908599853,1,2640qGTRBDkuytVF7DgH9rac1132,0.0,0.0,3.0,1.0
0,0.6666666666666666,0.4551494121551513,1,2220XTBfWE1kd1k80pKd_SFk4046,1.0,1.0,3.0,1.0
1,1.0,0.3553121089935303,1,1484LBCjE9GGNK0dm10EyT1L2042,1.0,1.0,3.0,1.0
0,0.3157894736842105,0.6668460369110107,1,2166esJlNv4Wy062Kf9ux_964182,1.0,1.0,3.0,1.0
1,1.0,0.4447357654571533,1,1165vJ-Wr8WinYRSX1Q9stZi3257,1.0,1.0,3.0,1.0
0,0.1034482758620689,1.2889235019683838,0,2654A6DJuqUHYjllfqY66FZQ1098,,,,
1,1.0,0.3641138076782226,1,2993JuZ1oPVxXbMKQ5CDMb_03879,1.0,1.0,3.0,1.0
0,0.1,0.5514562129974365,1,2671C6-T0tPIF_eRNZCOcYji1050,0.0,0.0,3.0,1.0
0,0.0,0.383547306060791,1,14796ofVvIsqSw1T0yJIXV-e2051,0.0,0.0,3.0,1.0
0,0.6153846153846153,0.5126132965087891,1,30373EtKFN1zd5WPODueptSp3787,0.0,0.0,3.0,1.0
0,0.4761904761904761,0.6394140720367432,1,2544eSHJS5zzqCGOgk7Ye0SF2500,1.0,1.0,3.0,1.0
1,1.0,0.3566668033599853,1,2587B35iCZ4McbnvBlBd7adK2421,1.0,1.0,3.0,1.0
1,1.0,0.3011178970336914,1,9213Z63XI7LzEYgX3C6x0dw2562,1.0,1.0,3.0,1.0
0,0.5714285714285715,0.4549951553344726,1,2530fo_aPuaSJ-EY05R9trs51703,1.0,1.0,3.0,1.0
1,1.0,0.2920911312103271,1,23650GFefFLGJfbuvjWASh6g3721,1.0,1.0,3.0,1.0
0,0.24,0.7975246906280518,1,9060M-eUQVT4tdQgPtZ-brd2607,1.0,1.0,3.0,1.0
0,0.2758620689655173,0.9080860614776612,1,3038uk1Q8NYktJIx4u5Dtq-43786,1.0,1.0,3.0,1.0
0,0.3333333333333333,0.7218973636627197,1,887_9o_cHqtY2M45BDABDVl2657,1.0,1.0,3.0,1.0
0,0.2857142857142857,0.7893946170806885,1,1344XccXLOM5JOB3u2zXEXnU838,1.0,1.0,3.0,1.0
0,0.8571428571428571,0.4160923957824707,1,2151FyvnA441-0KcveL6NhEg4222,1.0,1.0,3.0,1.0
1,1.0,0.335883617401123,1,2374SSI1oS9XmyEgbmaPIMGm3700,0.0,0.0,3.0,1.0
0,0.6250000000000001,0.4941029548645019,1,1580Swc8yb1vcok9FztLAWLx1289,1.0,1.0,3.0,1.0
1,1.0,0.3474466800689697,1,1227KkNbIayUtdm3fDCsgi_R3074,1.0,1.0,3.0,1.0
0,0.4444444444444445,0.4246654510498047,1,2487r0FlOaT0cxfdf86hPkP-1812,1.0,1.0,3.0,1.0
0,0.7142857142857142,0.6883254051208496,1,2578y9zD7QdiguEv3Qrdgam-2439,1.0,1.0,3.0,1.0
0,0.0,0.633796215057373,1,2522E6U2hOb5WtI8vVLyVfMP1727,1.0,1.0,3.0,1.0
0,0.1,0.3536005020141601,0,1605V68g1ARg__hMabvQP1me1223,,,,
0,0.4,0.3004839420318603,1,1138CmWVAsyJiAlk5YMGolJH3337,1.0,1.0,3.0,1.0
1,1.0,0.3903374671936035,1,1546DCalUExqBzLjIbfKVwJ-1374,1.0,1.0,3.0,1.0
1,1.0,0.4195492267608642,1,1551RTdCvKw-4XSQDEMwDw8W1364,1.0,1.0,3.0,1.0
1,1.0,0.4375593662261963,1,1596hz1gsYK5o6xA9WxD8x5Q1247,1.0,1.0,3.0,1.0
0,0.0,0.1807096004486084,0,2141Z5HcTv8ZIc2Hpqm-HQoq4249,,,,
1,1.0,0.3491361141204834,1,1512f5HEXhPfS3cf7nh-tboG1992,1.0,1.0,3.0,1.0
1,1.0,0.4496076107025146,1,8486FcfpGKVx1trsy0PGkDp2754,1.0,1.0,3.0,1.0
0,0.5,0.3873364925384521,1,2353oF79-Zc0tRIFC0bsyHCL3751,1.0,1.0,3.0,1.0
1,1.0,0.3137333393096924,1,1398tbxE6rw4tRvgrp1PnRa7693,1.0,1.0,3.0,1.0
1,1.0,0.4610435962677002,1,14953SpgE208tpp7exNPc2yN2028,1.0,1.0,3.0,1.0
1,1.0,0.4469165802001953,1,2716pyHs3Lb2MevKvsruRxpf921,1.0,1.0,3.0,1.0
0,0.3478260869565217,0.7174136638641357,1,2527_1gwPfkH0sI_fNYkRULn1714,0.0,0.0,3.0,1.0
1,1.0,0.4446089267730713,1,1953bg5H8M8IKcos6Zpr7rJ82289,1.0,1.0,3.0,1.0
0,0.2352941176470588,0.5543200969696045,1,2674p_1et1WpagnOWpkhuCFF1039,0.0,0.0,3.0,1.0
0,0.3076923076923077,0.6548030376434326,1,1775dGCKacaEaf4vXnKBh4Rd3488,1.0,1.0,3.0,1.0
0,0.6363636363636365,0.4567427635192871,1,879e8JaFZiS1bIPJKfr-NO82676,1.0,1.0,3.0,1.0
1,1.0,0.3574378490447998,1,2054dYaTbGXvuHEu9KAgglUa1639,1.0,1.0,3.0,1.0
1,1.0,0.4870533943176269,1,939UKiLhBxA_KgLZ3hrXrJ0584,1.0,1.0,3.0,1.0
0,0.6666666666666666,0.3732075691223144,1,575_whZmLvyvEEXouWkoc8Q184,1.0,1.0,3.0,1.0
0,0.8333333333333334,0.4435341358184814,1,1833mBAvNL7f3ZCmej5PwbdX3352,1.0,1.0,3.0,1.0
0,0.0,0.4429631233215332,1,260778F0v0DAsxDp5cLyPs1O2375,0.0,0.0,3.0,1.0
0,0.2222222222222221,0.7023522853851318,1,5727w28zIiNblkHmyplKA2z192,0.0,0.0,3.0,1.0
0,0.1428571428571428,0.7675402164459229,1,2641luCyIUQH3LALHIuyhbkM1128,1.0,1.0,3.0,1.0
0,0.0,0.524914026260376,1,2605EHUeu9PLnQV7xV85uEAC2379,0.0,0.0,3.0,1.0
0,0.6666666666666666,0.4479627609252929,1,1001W57bXvzsU7BsCan0XmdL406,1.0,1.0,3.0,1.0
1,1.0,0.4954371452331543,1,2074kJ6tj7m3dUealDR0iSOG1580,1.0,1.0,3.0,1.0
0,0.2857142857142857,0.6740083694458008,1,580nH6LvFdvuQbuzorAxkmf168,0.0,0.0,3.0,1.0
0,0.4,0.4664175510406494,1,638byj_HJNZPUDnv8F8TRia3039,0.0,0.0,3.0,1.0
0,0.0,0.8308446407318115,1,2589xXJabxuTAbaSikLKRb-g2418,0.0,0.0,3.0,1.0
0,0.0,0.4493372440338135,1,839nusntKDajSx2255RhZPf2780,0.0,0.0,3.0,1.0
1,1.0,0.4026756286621094,1,689K_UtF9KosnX3zeO2E8S92903,1.0,1.0,3.0,1.0
0,0.0,0.5253276824951172,1,582uj-O_p2agIMaKLfVvt9q164,0.0,0.0,3.0,1.0
1,1.0,0.5071156024932861,1,1781sbFFllrurUSJ_Gr41cCI3472,1.0,1.0,3.0,1.0
0,0.5384615384615384,0.6235692501068115,1,1227qM25lwDT1HffYX7Q27LJ3075,1.0,1.0,3.0,1.0
0,0.5,0.2594177722930908,0,593JhF3rLLX0PCam0j2bU_P129,,,,
0,0.0571428571428571,0.7933671474456787,1,1977SlMmmlMBkQchcn7LpKOP2240,0.0,0.0,3.0,1.0
0,0.0,0.5092558860778809,1,1770rj6GQbTCC5Whkc2stQVr3495,0.0,0.0,3.0,1.0
0,0.5882352941176471,0.646592378616333,1,2228Tic033jedplc8b6Uf0fN4027,1.0,1.0,3.0,1.0
1,1.0,0.4128518104553222,1,1177fONE_RDqWcxNV6IGBc0e3224,1.0,1.0,3.0,1.0
0,0.0,0.4064948558807373,0,2086nxujZtZ3z2hM1YJJosdX1544,,,,
0,0.3999999999999999,0.5178437232971191,1,1745gouL95j9WGSnTgRSoegw3568,0.0,0.0,3.0,1.0
0,0.0,2.551488161087036,0,1513e32PRGagyhaNmp__k3W51990,1.0,1.0,3.0,1.0
0,0.0,0.3857455253601074,1,2394bND9migU-q64-anVISkT3661,1.0,1.0,3.0,1.0
1,1.0,0.4459707736968994,1,1156df4-3lXjk7sDVJcyLHlO3282,0.0,0.0,3.0,1.0
0,0.6956521739130436,0.5087487697601318,1,15230_0x3zw-YpnxYNbwt3Hc1964,1.0,1.0,3.0,1.0
0,0.3529411764705882,0.5868771076202393,1,1153qNeYaWgsWaP4fPq6Tjjm3290,1.0,1.0,3.0,1.0
0,0.5714285714285715,0.5600297451019287,1,2130hnFIfjAqoSjF4izSr4Sg1421,1.0,1.0,3.0,1.0
0,0.4615384615384615,0.6253829002380371,1,850EvvWq5cM1pQg86O2yHNg2748,1.0,1.0,3.0,1.0
1,1.0,0.3364882469177246,1,209479ecAuID6IOsgZlZzFI71521,1.0,1.0,3.0,1.0
0,0.3636363636363636,0.4375836849212646,1,24874ZExUiMVxjjNDRJVHXGS1813,0.0,0.0,3.0,1.0
0,0.4705882352941176,0.5676288604736328,1,597fEYgqbkB93zL9E-hqzfg118,1.0,1.0,3.0,1.0
0,0.0,0.6181504726409912,0,2421aPJOo5UynG4APVgasKa53614,,,,
1,1.0,0.3261787891387939,1,18252TF4EJnWkvDxaV45VI1B3375,1.0,1.0,3.0,1.0
0,0.0,0.812659740447998,1,2205ENHOPLj9Z8oxm2fYD6lB4084,0.0,0.0,3.0,1.0
0,0.0219780219780219,7.397094249725342,1,1615MK6ZFfIs7IFCYW4172gB1193,0.0,0.0,6.0,1.0
1,1.0,0.3841934204101562,1,1453zJFuwlSehscZJwrQDmDL2108,1.0,1.0,3.0,1.0
0,0.7857142857142858,0.7248103618621826,1,2351DjvHEkUCiDFMzqJ9zMhH3754,1.0,1.0,3.0,1.0
0,0.0,0.4149923324584961,1,2605xGWRPmjAX3zTTpbG5G9l2381,0.0,0.0,3.0,1.0
0,0.5,0.6870887279510498,1,1768-UuFG072H5O8Xrou6GUN3502,1.0,1.0,3.0,1.0
0,0.24,0.6013071537017822,1,2231oKXyKiZUC2dpEO9h9RY-4017,1.0,1.0,3.0,1.0
1,1.0,0.4338817596435547,1,727txM-u642lp8qZYKtzIpe2807,1.0,1.0,3.0,1.0
0,0.0,0.695955753326416,1,2081wGIIBL_5uHYg2-zjVmIl1558,0.0,0.0,3.0,1.0
0,0.1666666666666666,0.6398565769195557,1,548Bj6ddRdZ8SW-Zzx6iTxc266,1.0,1.0,3.0,1.0
1,1.0,0.366227388381958,1,145680wJT2OEc4U1fHPyTYZE2102,1.0,1.0,3.0,1.0
0,0.6666666666666666,0.3820314407348633,1,1016CUBKrFMJ-UTMJxunATzk367,1.0,1.0,3.0,1.0
0,0.2857142857142857,0.590299129486084,1,586KitV3SprRbS0Gf9jJzYW152,1.0,1.0,3.0,1.0
0,0.3,0.6687045097351074,1,2735DkgI5gkdGxPwuyGQ7JAD869,1.0,1.0,3.0,1.0
0,0.6,0.5576868057250977,1,1430c-EOOP47sw8eHQFzvYMg598,1.0,1.0,3.0,1.0
0,0.5384615384615385,0.6235146522521973,1,846dI6s8NANbI0cXEx7WJXa2761,1.0,1.0,3.0,1.0
1,1.0,0.3904402256011963,1,2085feZV_pGZO7tqB0IDQrNw1547,1.0,1.0,3.0,1.0
0,0.1818181818181818,0.5187430381774902,1,1541LwNBuKx3059aO01FudyY1389,1.0,1.0,3.0,1.0
1,1.0,0.4801747798919678,1,11547MyYfAO2SJjFtK6lH5ci3288,1.0,1.0,3.0,1.0
1,1.0,0.3336765766143799,1,2203MPjw7wTHX4rxoiofFaQy4090,1.0,1.0,3.0,1.0
0,0.8,0.2956373691558838,1,2988TQKy1nIs2XH8-mdMN3js3889,1.0,1.0,3.0,1.0
0,0.823529411764706,0.4878828525543213,1,952q3wHt8L32hYlTJgOO2ea543,1.0,1.0,3.0,1.0
0,0.6666666666666666,0.4126102924346924,1,1942fMXkD48PYS9_snttkRcW2318,1.0,1.0,3.0,1.0
0,0.0909090909090909,0.7464585304260254,1,1745gouL95j9WGSnTgRSoegw3569,0.0,0.0,3.0,1.0
0,0.0,0.8427138328552246,1,3009H9M_TNpQCxuXCdfB9kCI3841,1.0,1.0,3.0,1.0
1,1.0,0.4926474094390869,1,1200iD_TbPSqREfeM3ey59wU3155,1.0,1.0,3.0,1.0
0,0.4444444444444444,0.3221831321716308,0,554G0DwZ6uy9_I1JG9mFLZL246,,,,
0,0.4516129032258064,0.6231629848480225,1,939UKiLhBxA_KgLZ3hrXrJ0583,1.0,1.0,3.0,1.0
0,0.5555555555555556,0.5419557094573975,1,839Rfna-iwatxiFQqrCYY0U2781,1.0,1.0,3.0,1.0
0,0.0,0.3849160671234131,0,5657UgoubyECldzVKmY9qmK214,,,,
0,0.1176470588235294,0.6427366733551025,1,29814YmrvhgM84gEBT0lVxvw3907,1.0,1.0,3.0,1.0
0,0.6666666666666665,0.4907686710357666,1,1632HqbVUHPq0ZhZ1rZNsIer1152,1.0,1.0,3.0,1.0
1,1.0,0.4309866428375244,1,2978hzn_PZEX4hqXSKHGaNOE3915,1.0,1.0,3.0,1.0
0,0.7999999999999999,0.5127384662628174,1,2211wsW8oNaSRcLGzwyfLWhi4065,1.0,1.0,3.0,1.0
0,0.4,0.4308209419250488,1,908xdqRRkv-zVIZg3ud9_Ve2600,0.0,0.0,3.0,1.0
1,1.0,0.463371992111206,1,2688HW0oYt08dER6A8d66xBp999,1.0,1.0,3.0,1.0
0,0.6956521739130436,0.6120762825012207,1,1378ks8fL5T0PZyVfKqdb0iq744,1.0,1.0,3.0,1.0
1,1.0,0.355034589767456,1,29642huIUFSLiW4Z-VzxmaQN3948,1.0,1.0,3.0,1.0
0,0.2307692307692307,0.8628466129302979,1,1017eL2V6EaaC3mujb7yaHfb365,1.0,1.0,3.0,1.0
0,0.5,0.5874781608581543,1,2128s7UxQvwrQLv520cobspK1425,1.0,1.0,3.0,1.0
1,1.0,0.4001734256744385,1,1568HYHlm_FxJX3M17z-eEGK1313,1.0,1.0,3.0,1.0
1,1.0,0.3174684047698974,1,1000oBQNQPnj4fxpXtFV1g0J410,1.0,1.0,3.0,1.0
0,0.5,0.4998350143432617,1,1567MCg4A4v6mUllF_u88ECY1315,1.0,1.0,3.0,1.0
0,0.3,0.425478458404541,1,1170ckd0uh4YAd-bKWZ_EFml3244,1.0,1.0,3.0,1.0
0,0.6666666666666666,0.4082136154174804,1,2623shbw3gotPnV5E6lvICWY2354,1.0,1.0,3.0,1.0
1,1.0,0.4143040180206299,1,1033Dt_nnXnaknyIGfmAyPvx316,1.0,1.0,3.0,1.0
0,0.0799999999999999,1.0611374378204346,1,2491D5tYpL-3yfqE2nj5QqpY1803,1.0,1.0,3.0,1.0
0,0.0,0.5276074409484863,1,2542R6iFUQ8O7GJYAaso2x7o2505,0.0,0.0,3.0,1.0
1,1.0,0.3349120616912842,1,2943AMenEB3qMlqiQp1qO1LL3990,1.0,1.0,3.0,1.0
0,0.1666666666666666,0.5309948921203613,1,2089F_XURZ9rHNynDA6Fk8kX1535,0.0,0.0,3.0,1.0
1,1.0,0.30220627784729,1,644XSfdx_-UeEKT5wI-qFNi3020,1.0,1.0,3.0,1.0
0,0.0,0.5070528984069824,1,1363vktTqXoQ53guY-ds-40F782,1.0,1.0,3.0,1.0
0,0.4615384615384615,0.5380988121032715,1,1566GrfvtQHA0o-4EBsVEj541320,1.0,1.0,3.0,1.0
0,0.6666666666666666,0.3970921039581299,1,619TPd5jEymGsYMQLGFu97J59,1.0,1.0,3.0,1.0
0,0.1052631578947368,0.4185326099395752,0,2952PxQzPl1weI5LywNnDB1I3978,,,,
1,1.0,0.4819622039794922,1,2442Qnq15H_ylz9SkgCBZcsE1913,1.0,1.0,3.0,1.0
1,1.0,0.3408808708190918,1,654kwApE8QgqJ8tbK-mNN-_2992,1.0,1.0,3.0,1.0
0,0.8837209302325583,0.7151503562927246,1,1002KIt7Nu7ZfjA3Xcxpj97S297,1.0,1.0,3.0,1.0
1,1.0,0.4964022636413574,1,1378FVemXRFOIu42MyzpJqK-742,1.0,1.0,3.0,1.0
1,1.0,0.1994290351867675,0,11978_NZ80-7iblXNygjG5Mj3166,,,,
0,0.1428571428571428,0.9932992458343506,1,950XV0yV8Nv3fzrlN4Kqx8l549,0.0,0.0,3.0,1.0
0,0.0,0.4172806739807129,1,2210pb1OBuEFnf38HXMK9cDk4067,0.0,0.0,3.0,1.0
0,0.0,0.3979008197784424,1,988aqEFeThHG5fa_FOI-9nu436,0.0,0.0,3.0,1.0
0,0.5714285714285715,0.5318410396575928,1,2091kDMDjhUS9p5SR35iSJSB1530,1.0,1.0,3.0,1.0
0,0.2222222222222222,0.5600519180297852,1,1546qtYa8CJzD3uH6TiJXvze1376,1.0,1.0,3.0,1.0
1,1.0,0.2829008102416992,1,24726EVZOTD_h6siRGcBY7421847,1.0,1.0,3.0,1.0
1,1.0,0.2907807826995849,1,675_FqvNQZTBsCZpYPH5nqZ2940,1.0,1.0,3.0,1.0
0,0.0,0.3745982646942138,1,1481lRxKJ4SCFwVtDawsQTQ52050,1.0,1.0,3.0,1.0
0,0.1818181818181818,0.4588181972503662,1,895k7Ew0cYqIMSeug0izAue2639,0.0,0.0,3.0,1.0
0,0.6,0.4507348537445068,1,1589mo7D-joKXh635Vo4Jd911265,0.0,0.0,3.0,1.0
0,0.5,0.4433326721191406,1,2368ntygnzFhoyFjtl0dQR5j3714,0.0,0.0,3.0,1.0
1,1.0,0.4140417575836181,1,1387YoNwFgU_hCV3WDkM6HFk719,1.0,1.0,3.0,1.0
1,1.0,0.4548459053039551,1,2107a4gQhq9F4QB4GLnMXPaW1488,1.0,1.0,3.0,1.0
0,0.5,0.3974151611328125,1,933qJ_cJ76FwsBPiiLu0Xrq2531,1.0,1.0,3.0,1.0
0,0.5263157894736842,0.503936767578125,1,1963LYeJkFeQGNvt6xtitv6o2269,1.0,1.0,3.0,1.0
1,1.0,0.4254384040832519,1,849q68W7IxX8-DQe5gM8Mee2751,1.0,1.0,3.0,1.0
0,0.5714285714285715,0.4169058799743652,1,2478ulEtsZsxkcgly7IxV7jm1829,1.0,1.0,3.0,1.0
0,0.2962962962962963,0.8099372386932373,1,981F93-pjjKms7jx4e2JVzV457,1.0,1.0,3.0,1.0
0,0.6666666666666666,0.3292558193206787,1,1211dK689o_XIpcycpxIDkq73123,1.0,1.0,3.0,1.0
0,0.0,4.40162992477417,0,2349W1NLUpl_WH7i4VoPLqnU3760,1.0,1.0,3.0,1.0
1,1.0,0.322817325592041,1,1184IFWR2g9AMga2310WLeh-3203,1.0,1.0,3.0,1.0
0,0.0,0.3815290927886963,1,544X_IXXl6r0vsnj8_6w-DC276,0.0,0.0,3.0,1.0
0,0.4615384615384615,0.4926924705505371,1,25102SwtlRVEiwDcKTiJMvjz1759,1.0,1.0,3.0,1.0
0,0.0,3.866217613220215,0,976KjGSHiXVJquk0v7AoM1M472,1.0,1.0,3.0,1.0
0,0.7499999999999999,0.7299754619598389,1,1969B-l4yMGmpCrAYhYnUn2f2256,1.0,1.0,3.0,1.0
0,0.6153846153846153,0.7998909950256348,1,609MyQ372LLBdo0DkE0M__Y86,1.0,1.0,3.0,1.0
1,1.0,0.3482329845428467,1,25344_c4EKxXkhoNEuEogKpb1694,1.0,1.0,3.0,1.0
0,0.4615384615384615,0.6435015201568604,1,2643UpH1vcnmDtWFzogLQYIY1124,0.0,0.0,3.0,1.0
0,0.0,0.6033370494842529,1,721VypFcthFDdl_lwMk-Dld2825,0.0,0.0,3.0,1.0
0,0.4285714285714285,0.6224086284637451,1,630KO8LeHoKQQj6c-87zNrm25,1.0,1.0,3.0,1.0
0,0.6666666666666666,0.3463726043701172,1,2942BxApb_UbjTvQ96MuGzKL3992,1.0,1.0,3.0,1.0
0,0.5,0.3994460105895996,1,1212hhFWBwzJe1lv_Eg5jMV43121,1.0,1.0,3.0,1.0
0,0.1333333333333333,0.5590384006500244,1,5460SSbREtZ85AA4OPt7HWf271,0.0,0.0,3.0,1.0
1,1.0,0.4014711380004883,1,1478tvkHc8K4YOVkppLRsZg02053,1.0,1.0,3.0,1.0
0,0.7,0.5189850330352783,1,26881eBzp0z_d9DKF9jbPHdz997,1.0,1.0,3.0,1.0
0,0.6666666666666666,0.3868191242218017,1,2966PxwWVFmyQuTm3V_AixtQ3941,1.0,1.0,3.0,1.0
0,0.5,0.3748679161071777,1,3024vebeD9iQI76TQyghore-3809,1.0,1.0,3.0,1.0
0,0.5,0.4155828952789306,1,156057Z3OOwBTdwP-hDQ9L4U1338,1.0,1.0,3.0,1.0
0,0.5,0.3655123710632324,1,1183U1zI1TbGdaZR1adOMYQM3208,1.0,1.0,3.0,1.0
0,0.5,0.4192819595336914,1,1002OYjKgvY_WrTVyv0BBUq7299,1.0,1.0,3.0,1.0
0,0.3448275862068965,0.7833137512207031,1,606roVNp96vZ78RGlrTQ53w93,1.0,1.0,3.0,1.0
0,0.0,0.5326824188232422,1,6431yy3yc3FNPTLXLaeEuNd3023,0.0,0.0,3.0,1.0
0,0.0618556701030927,3.857031106948853,0,11881tCMe4yHOSjaL320WzSI3192,1.0,1.0,3.0,1.0
1,1.0,0.3663327693939209,1,1438pakrvpuzI9RRVwHckRIx2138,1.0,1.0,3.0,1.0
0,0.7777777777777778,0.5705704689025879,1,3017aHeDCc1uLRI2rnBry2uw3824,1.0,1.0,3.0,1.0
1,1.0,0.3581812381744385,1,654kwApE8QgqJ8tbK-mNN-_2991,1.0,1.0,3.0,1.0
0,0.625,0.5195183753967285,1,1988Igeg6-NlxrBYydVdXS7P2222,1.0,1.0,3.0,1.0
0,0.0769230769230769,0.8792681694030762,1,1425TtGxf2tlcnPvhwxputXV613,0.0,0.0,3.0,1.0
0,0.7777777777777777,0.5632796287536621,1,2376Yb5AiC3i4WBM8VzRNZY73697,1.0,1.0,3.0,1.0
0,0.888888888888889,0.4726932048797607,1,1397uK17KbqMDLHfC2NAWiR6695,1.0,1.0,3.0,1.0
0,0.6666666666666666,0.5306754112243652,1,25892BdyogDeDaH4qKuHuejD2416,1.0,1.0,3.0,1.0
0,0.0,0.692141056060791,1,617Cr5Di8JK77DxoWqJstg063,0.0,0.0,3.0,1.0
0,0.0869565217391304,0.7700309753417969,1,1030cFCd9o4jSm3pwYZj572K325,0.0,0.0,3.0,1.0
0,0.4761904761904762,0.5791237354278564,1,1023T61MYdUxsFVCRfnKl5B0345,1.0,1.0,3.0,1.0
0,0.0769230769230769,0.6723213195800781,1,2026zJrmduCm9hHKpRPQmbO92161,0.0,0.0,3.0,1.0
1,1.0,0.3354072570800781,1,700tmK8lIDPegKV5YWqGaiF2879,1.0,1.0,3.0,1.0
0,0.0,0.537604570388794,0,2551pxDvmDEe_JDrvTqX24D22487,,,,
1,1.0,0.3424892425537109,1,2444VM3M-Xnaa4T5rEXxP45X1907,1.0,1.0,3.0,1.0
1,1.0,0.4857583045959472,1,2154XCCxKaIJfCwnJBnIB3GZ4212,1.0,1.0,3.0,1.0
1,1.0,0.4607584476470947,1,9901bDIlgQKtM_dfl7Uf_OW430,1.0,1.0,3.0,1.0
1,1.0,0.4448347091674804,1,17985Atzpv_Cl5kZaV6I1DDD3435,1.0,1.0,3.0,1.0
0,0.2222222222222222,0.5188658237457275,1,2459yGIZYbTkrltaJKti9_A91874,1.0,1.0,3.0,1.0
0,0.0,0.5624330043792725,1,2954-VZXI9P-GsKgXpM-SeBu3974,0.0,0.0,3.0,1.0
1,1.0,0.3516581058502197,1,1368uHWjPP6hjmEyI0Uea54f767,1.0,1.0,3.0,1.0
1,1.0,0.4126522541046142,1,733LbQvJbQviVsKR9L4LKL42794,1.0,1.0,3.0,1.0
1,1.0,0.4189004898071289,1,1965XlnqIGyuwSvdQjdZBJ8t2263,1.0,1.0,3.0,1.0
0,0.6,0.5146098136901855,1,915d8Oia461zr-zFU7YlBFP2579,1.0,1.0,3.0,1.0
0,0.1818181818181818,0.3533103466033935,0,873MgMnuCFZMazeJj3xQgmP2691,,,,
0,0.6222222222222223,0.9875013828277588,1,2399XuEIJxgcgTMpsR30h5fe3650,1.0,1.0,3.0,1.0
0,0.4285714285714285,0.6050879955291748,1,2068uWPVT6KFb2RlmGRQ3Gd11596,1.0,1.0,3.0,1.0
1,1.0,0.3602092266082763,1,2053DCa4BLCC5EEQ8l7BVnnp1642,1.0,1.0,3.0,1.0
0,0.3448275862068966,0.791316032409668,1,2372wmeJzVxcbD7y5WKCYxFf3706,1.0,1.0,3.0,1.0
0,0.5454545454545454,0.5909485816955566,1,1343aQ-H4pOOQAkzk_nGqXjS841,1.0,1.0,3.0,1.0
1,1.0,0.4176349639892578,1,608gV4102XR4M0gHYWcFHGa87,1.0,1.0,3.0,1.0
1,1.0,0.1980159282684326,0,1938GA7QJ14ul7rDZvw7Nb9o2325,,,,
1,1.0,0.3324365615844726,1,2386OzyZ6cB3KyNaABd4tv5Q3677,1.0,1.0,3.0,1.0
0,0.4137931034482759,0.419508695602417,0,682I2vidJcfbbqgpGrTK1XG2920,,,,
0,0.6666666666666667,0.6873483657836914,1,1163WM0PVD9qbxkmDaQOIW7Y3264,1.0,1.0,3.0,1.0
1,1.0,0.4149463176727295,1,1952E_c11l4SYGwOptcc2H_t2293,1.0,1.0,3.0,1.0
0,0.6428571428571429,0.6076211929321289,1,20197usgJIJQ8MWVNmERwalT2177,1.0,1.0,3.0,1.0
1,1.0,0.4555749893188476,1,2073z-IROD_SxTTIHVa0x2-Q1582,1.0,1.0,3.0,1.0
0,0.0869565217391304,0.6685690879821777,1,555nDtJus6avaCXIDI-gkXA243,1.0,1.0,3.0,1.0
0,0.0,0.3272173404693603,1,1431LwnZzI0C2DsQ2UrzmNgf594,0.0,0.0,3.0,1.0
0,0.3636363636363636,0.4984922409057617,1,895GTgHWgOsJfWGzfuk0cBw2640,0.0,0.0,3.0,1.0
0,0.5,0.4846985340118408,1,2046GP7dC5MYUxEjhVaMxjWJ1659,1.0,1.0,3.0,1.0
0,0.3404255319148936,0.9982407093048096,1,2499V-2FlPo6WVsoWpisdH6C1784,1.0,1.0,3.0,1.0
0,0.6666666666666666,0.4200086593627929,1,23386xE0NbvZWVPZakM8re8C3784,1.0,1.0,3.0,1.0
0,0.8000000000000002,0.4090678691864013,1,2391ePMyIq2X1JLq1967u6CY3666,1.0,1.0,3.0,1.0
0,0.5454545454545455,0.704749584197998,1,979hdglxJn8R-0hBhG7P5nM464,1.0,1.0,3.0,1.0
0,0.5263157894736842,0.7105944156646729,1,2067uWqaniNc-8EtEG0cv8d01599,0.0,0.0,3.0,1.0
1,1.0,0.5087766647338867,1,1208ZxTFiASsvA8kMOYqhRyK3133,1.0,1.0,3.0,1.0
0,0.3448275862068965,0.8867254257202148,1,2405YFMjEJVJ19AfwfKdE_bL3638,1.0,1.0,3.0,1.0
1,1.0,0.5859184265136719,1,588FFiBS7n4Z9PvHg-vk3Ri145,1.0,1.0,3.0,1.0
0,0.0,0.4775619506835937,1,2673FDf451ZmX7vXALugyB1a1043,1.0,1.0,3.0,1.0
0,0.0,0.7546813488006592,1,2108xKVGNBGadZC0TWhSQviQ1483,0.0,0.0,3.0,1.0
1,1.0,0.559070348739624,1,156057Z3OOwBTdwP-hDQ9L4U1337,1.0,1.0,3.0,1.0
1,1.0,0.4152956008911133,1,1153iDMvxLm4_lq7OZxrcPwi3291,1.0,1.0,3.0,1.0
1,1.0,0.6301794052124023,1,1941vdbzlN7oVltmEKX-YLNT2320,1.0,1.0,3.0,1.0
1,1.0,0.2688581943511963,1,22353xyc8AR6WxpoF2OKgYnG4006,0.0,0.0,3.0,1.0
0,0.6666666666666666,0.4224133491516113,1,1532jmPrtawUKEP8PbFN0KA51941,1.0,1.0,3.0,1.0
0,0.8,0.3936295509338379,1,2364oU8m6CS05FyyuZgf1_IG3724,0.0,0.0,3.0,1.0
0,0.0,0.5353045463562012,1,20834ruTF1RWWFPVpeiVYmwK1553,0.0,0.0,3.0,1.0
1,1.0,0.4637036323547363,1,2998eOTOpuoi6pcPY7lXKHLZ3868,1.0,1.0,3.0,1.0
0,0.972972972972973,0.6929819583892822,1,613XW7YAciAiMgfISN_tpEO76,1.0,1.0,3.0,1.0
0,0.8,0.4185285568237304,1,1169sLy1F9DsgmSEU3gCb28W3246,1.0,1.0,3.0,1.0
0,0.8421052631578948,0.4266741275787353,1,2649du0NVM86G2VsbeYMwrgl1109,1.0,1.0,3.0,1.0
0,0.2857142857142857,0.3511281013488769,1,15715bk_bkzCsTkEKHc-4BgP1308,0.0,0.0,3.0,1.0
0,0.0,0.5770959854125977,1,709ZYekPZmIHVZUS0oAXArM2856,0.0,0.0,3.0,1.0
1,1.0,0.3748605251312256,1,2031SeyVh-govknTHJdzCd5x2149,1.0,1.0,3.0,1.0
0,0.7499999999999999,0.3960838317871094,1,984CNpDqalkISFG_gY2XwD_449,1.0,1.0,3.0,1.0
0,0.6666666666666666,0.4194762706756592,1,2727JkYnxxl8d_jUsjzpRwXm893,1.0,1.0,3.0,1.0
1,1.0,0.4619753360748291,1,15573dHdiCo9iVvktQEFAE5h1345,1.0,1.0,3.0,1.0
0,0.5,0.5232360363006592,1,659fIQxckVQ8kQLQWyiAcB82980,1.0,1.0,3.0,1.0
0,0.7692307692307693,0.5180463790893555,1,2630aXuhB9uY_8J6EHtO6-Mr2337,1.0,1.0,3.0,1.0
0,0.5,0.3387279510498047,1,2473I_8F1yJw7g41cfbvdciy1844,1.0,1.0,3.0,1.0
0,0.8000000000000002,0.3936221599578857,1,2420arevHpIfCSerP3MdIRta3615,1.0,1.0,3.0,1.0
0,0.25,0.4831817150115967,1,843WSwRhwEu22UV7c_-UxnD2768,0.0,0.0,3.0,1.0
1,1.0,0.5049452781677246,1,1219odhtmia1JdsfFwCJXe5O3098,1.0,1.0,3.0,1.0
0,0.5185185185185185,0.8541009426116943,1,1152CwAbYMM50m_imGCtX8jF3293,1.0,1.0,3.0,1.0
0,0.0,0.253427505493164,0,15886mL2IQG8B6jETUgnOHZc1269,,,,
1,1.0,0.4648115634918213,1,1234WIzl7ElikCCPk4gA-7ua3058,1.0,1.0,3.0,1.0
1,1.0,0.3805110454559326,1,25135YWzIpnXIrhMAoH0h6tB1752,1.0,1.0,3.0,1.0
0,0.5,0.3414413928985595,1,2473I_8F1yJw7g41cfbvdciy1845,1.0,1.0,3.0,1.0
0,0.1538461538461538,0.6081576347351074,1,13562fQ6wZGlmwHe0KMgKqQ4802,0.0,0.0,3.0,1.0
0,0.8333333333333334,0.5353472232818604,1,2145sC266Uf0RNluKT7FLFAv4236,1.0,1.0,3.0,1.0
1,1.0,0.3996243476867676,1,2709l9BXzPyNws7gAw46g8eL943,1.0,1.0,3.0,1.0
0,0.4482758620689655,0.7547001838684082,1,2448cpYalEhOyaX7nVOEWjj31900,1.0,1.0,3.0,1.0
0,0.4,0.4175925254821777,1,857_7Nv3vFr25l0dhIhFy_82727,1.0,1.0,3.0,1.0
0,0.6666666666666666,0.5183601379394531,1,658XMVOSc2EDbG6L6Fxkc3G2984,1.0,1.0,3.0,1.0
0,0.5405405405405405,1.0019559860229492,1,24057YiGguOU4QpG_Wn3OHra3639,1.0,1.0,3.0,1.0
0,0.1666666666666666,0.6424970626831055,1,3014BDldoLr7qRhv_7TSXE6q3832,0.0,0.0,3.0,1.0
1,1.0,0.4961919784545898,1,989l-L43EQr9gwIj8urs_ta432,1.0,1.0,3.0,1.0
0,0.5263157894736842,0.6425666809082031,1,945US4EY2sSosbMTVy_bzAD564,1.0,1.0,3.0,1.0
0,0.5714285714285715,0.4690208435058594,1,1484LBCjE9GGNK0dm10EyT1L2043,1.0,1.0,3.0,1.0
0,0.4,0.3574643135070801,1,1176A_9vaJNosqGkXRVsziub3227,1.0,1.0,3.0,1.0
1,1.0,0.4222798347473144,1,1534DljtGtyMC7VBZ7LOjAQY1936,1.0,1.0,3.0,1.0
1,1.0,0.6208860874176025,1,941qAh1ZQv3LHBcrNhFMIpF576,1.0,1.0,3.0,1.0
0,0.4,0.6096880435943604,1,2963SvvO1TYX7ABi60_kmjOW3951,1.0,1.0,3.0,1.0
0,0.5217391304347827,0.5823798179626465,1,25369eavZOrMspyuwUfYt25g1688,1.0,1.0,3.0,1.0
0,0.2105263157894736,0.5880682468414307,1,1361J6GUEFw0eUjZYJ4tiHvB789,1.0,1.0,3.0,1.0
0,0.0,0.4244933128356933,1,539W46MSJwTdnqptRMTDZ5i291,1.0,1.0,3.0,1.0
0,0.4,0.3429632186889648,1,2733NKE9l-FIURwp5kMM_ty2874,1.0,1.0,3.0,1.0
1,1.0,0.3509600162506103,1,1599HSzSTRtnTI56md6V7-t-1239,1.0,1.0,3.0,1.0
0,0.1999999999999999,0.7970290184020996,1,1441MCBHwz4mlshCsnGFlkHe2130,1.0,1.0,3.0,1.0
0,0.8,0.3731298446655273,1,3028tKME3xmEIFzACt6fT95u3800,1.0,1.0,3.0,1.0
0,0.5,0.5759198665618896,1,2649du0NVM86G2VsbeYMwrgl1108,1.0,1.0,3.0,1.0
0,0.4848484848484848,0.7538015842437744,1,133872Mtqyb09KyYyKdDni5N858,1.0,1.0,3.0,1.0
0,0.3333333333333333,0.7268507480621338,1,1743g-gnR1iSF9jlsKTC_sPk3573,1.0,1.0,3.0,1.0
1,1.0,0.3219568729400635,1,67563V9Jr6L6R2D0ymJM0Y-2939,1.0,1.0,3.0,1.0
0,0.4615384615384615,0.6628973484039307,1,1966vorrM41EahptwctgnTjv2262,1.0,1.0,3.0,1.0
1,1.0,0.4052393436431885,1,2442O-F2YezfPTPaci1R28vY1912,1.0,1.0,3.0,1.0
0,0.5,0.5192232131958008,1,22235lwUx01x9_1JlfE_OedT4042,0.0,0.0,3.0,1.0
0,0.6,0.5155799388885498,1,1558nZ4e9hyDysgIXtjrdr1k1342,1.0,1.0,3.0,1.0
1,1.0,0.3777065277099609,1,1143GfNyvAU7ymTE77VLNZnG3321,1.0,1.0,3.0,1.0
0,0.8000000000000002,0.4948987960815429,1,1377MSN5P9oksYJneDnSmHM3747,1.0,1.0,3.0,1.0
0,0.6666666666666666,0.4064476490020752,1,2629GQD7koFMwyiUTeUEaCv82340,1.0,1.0,3.0,1.0
0,0.8181818181818181,0.638500452041626,1,2398cHxKpmXAoKYK97Ln3GA23652,1.0,1.0,3.0,1.0
0,0.0,0.4683279991149902,1,2639bkXWs91YZSHduhAO93vu1135,0.0,0.0,3.0,1.0
0,0.4615384615384615,0.4798867702484131,1,1569Ht4xo6nEjNKzw9OyGAql1309,0.0,0.0,3.0,1.0
0,0.48,0.7037720680236816,1,2994mHjER7-9C4dmnyiiHwVD3876,1.0,1.0,3.0,1.0
1,1.0,0.4422907829284668,1,1197ycLPMsis4jTkwSPiz6RD3164,1.0,1.0,3.0,1.0
0,0.0,0.4358675479888916,1,654LwM3OC8BHTl_TVgTJuoF2990,0.0,0.0,3.0,1.0
1,1.0,0.533036470413208,1,91489gYi_bXEz_5f9xGfB8j2583,1.0,1.0,3.0,1.0
1,1.0,0.3469014167785644,1,15208OmvhIK608dqFRGSSOAV1972,1.0,1.0,3.0,1.0
0,0.6666666666666666,0.6725504398345947,1,1819Mz9_et-ab6SF7qwOOuB33386,1.0,1.0,3.0,1.0
1,1.0,0.4068374633789062,1,1461b77FDHPFXFe4yi5Nhcwr2092,1.0,1.0,3.0,1.0
1,1.0,0.3540141582489013,1,13946HYMoyH_5YN47EsUiywo704,1.0,1.0,3.0,1.0
0,0.3333333333333333,0.469937801361084,1,2988o2Tx-xSKGXrXuofncBnZ3888,1.0,1.0,3.0,1.0
0,0.9090909090909092,0.4119117259979248,1,2433XfYtnZCXUsAMbQw-Qmvr3596,1.0,1.0,3.0,1.0
0,0.25,0.6428835391998291,1,1817S4YdUgIpGi5YXH0jwLkQ3391,1.0,1.0,3.0,1.0
1,1.0,0.4394690990447998,1,1805f28kB0QsdrrJaSbyx3nC3424,1.0,1.0,3.0,1.0
1,1.0,0.3909285068511963,1,1505bna2sA0Za87BSd9REwkK2010,1.0,1.0,3.0,1.0
0,0.2857142857142857,0.8339889049530029,1,2475OSfljvtxbxq6XRCvWHgr1837,0.0,0.0,3.0,1.0
0,0.0,0.6661932468414307,1,903d3S0iJZYbioutIfyZx9E2615,0.0,0.0,3.0,1.0
1,1.0,0.3582682609558105,1,1529gQToGseAQ0_-DRta9yac1949,1.0,1.0,3.0,1.0
0,0.9333333333333332,0.699690580368042,1,2163prpiVkHoWAkyQR6_xuQb4191,1.0,1.0,3.0,1.0
1,1.0,0.3872630596160888,1,1453zJFuwlSehscZJwrQDmDL2107,1.0,1.0,3.0,1.0
0,0.4285714285714285,0.3210163116455078,0,6051HWp8diqm_U2xVdalV6U97,,,,
1,1.0,0.4061834812164306,1,925n35w1SDxy9hu-BoGzQhT2552,1.0,1.0,3.0,1.0
0,0.5,0.4636557102203369,1,624IMVlhXqEDrP4UTYdjFBl44,1.0,1.0,3.0,1.0
1,1.0,0.3577044010162353,1,1381nh2SdDr2eWku393B09QY735,1.0,1.0,3.0,1.0
1,1.0,0.4011299610137939,1,918QqxhdE7q7zGH9LNONh2w2570,1.0,1.0,3.0,1.0
0,0.8,0.5116515159606934,1,2209BDzn0SpuYmXdWVg9Z1Hy4072,0.0,0.0,3.0,1.0
1,1.0,0.3616120815277099,1,2969gQlMvd6FhSZMcTlnE-C13936,1.0,1.0,3.0,1.0
1,1.0,0.3362419605255127,1,1826-5gZY7Lc4gn0qD-o6_To3371,1.0,1.0,3.0,1.0
1,1.0,0.4521973133087158,1,1155buq6aWlaQuO1-Win_xed3286,1.0,1.0,3.0,1.0
0,0.9523809523809524,0.5451347827911377,1,2015WJQ6AfHutHfsyi2M-HtJ2182,1.0,1.0,3.0,1.0
0,0.0,0.6097307205200195,1,20814-Xp7gQ0gpoeNufV1CCM1557,0.0,0.0,3.0,1.0
1,1.0,0.4434404373168945,1,691pqnhMyJfTBtJrs_4z71s2897,1.0,1.0,3.0,1.0
0,0.5185185185185185,0.73934006690979,1,2155ZEIUMmffTYNXBH3uiR8c4209,1.0,1.0,3.0,1.0
0,0.0,0.4405927658081054,1,1542RhDswvJFqP2Jq9iUFinr1386,0.0,0.0,3.0,1.0
0,0.3157894736842105,0.5428998470306396,1,1471q7bJiZQDI20zdeWOjTxp2067,1.0,1.0,3.0,1.0
0,0.5,0.4758379459381103,1,1504hlqci9hC_wlnWXFEJjtG2012,0.0,0.0,3.0,1.0
0,0.2,0.7424111366271973,1,1034wHnCBpfrzubpIdoRKWKA312,0.0,0.0,3.0,1.0
1,1.0,0.3905239105224609,1,1151R3T8HOlw_qdMmdrBoT543297,1.0,1.0,3.0,1.0
0,0.0,0.3181455135345459,1,948uYfQaDqdMCAYnSxY-SL1557,0.0,0.0,3.0,1.0
0,0.0,0.5075829029083252,0,568riF6WKYPtmQvPRer2HKt205,,,,
0,0.6857142857142856,0.8553357124328613,1,602gS9orzSbPkJ3cqNbO8j_104,1.0,1.0,3.0,1.0
1,1.0,0.3869519233703613,1,1153iDMvxLm4_lq7OZxrcPwi3292,1.0,1.0,3.0,1.0
0,0.1052631578947368,0.5188572406768799,1,2180sY_3Ea7lN3cAxecHCD0Z4144,0.0,0.0,3.0,1.0
1,1.0,0.346553087234497,1,17575vjW6q5vpBlTdRADa0J73533,1.0,1.0,3.0,1.0
1,1.0,0.3698070049285888,1,2624iiqNCKQgjCP_ToRoxVcp2351,1.0,1.0,3.0,1.0
0,0.1739130434782608,0.637798547744751,1,1009Uk9DWEoZIQcw717YJKbT386,0.0,0.0,3.0,1.0
1,1.0,0.4949445724487304,1,916HouNf3Zihi-QrcktYOJO2578,1.0,1.0,3.0,1.0
0,0.4615384615384615,0.5002610683441162,1,559ldmP2ngc1Q7BVHfHwYZC233,1.0,1.0,3.0,1.0
0,0.888888888888889,0.460430383682251,1,1199nIbUtObyZOiLZVUYMs653158,1.0,1.0,3.0,1.0
1,1.0,0.3173871040344238,1,2057JTrMpRMQ_nlV6rjSFX2Z1629,1.0,1.0,3.0,1.0
0,0.5714285714285715,0.6506094932556152,1,1374yoc9nWJdr9ATgDMv2vDw751,1.0,1.0,3.0,1.0
0,0.7999999999999999,0.4464643001556396,1,1837DjnvLKs92-s8s-2bK5zI3339,1.0,1.0,3.0,1.0
1,1.0,0.351273775100708,1,23807v22XvrUQTol7Th3lJWE3687,1.0,1.0,3.0,1.0
0,0.3888888888888889,0.5480771064758301,1,14983XjeUEukDaw3K-IUo4aw2024,1.0,1.0,3.0,1.0
0,0.1538461538461538,0.8149998188018799,1,1017yXOYCLYZzxUNNXCwSOw5363,0.0,0.0,3.0,1.0
0,0.3636363636363636,0.5271742343902588,1,3025_iaJPF1EGsooMPEGZwvG3806,0.0,0.0,3.0,1.0
0,0.5,0.3995406627655029,1,987bTlOLptWnZwVJGOtDfda438,0.0,0.0,3.0,1.0
1,1.0,0.4400644302368164,1,2397ngYUHwjsIyhb2KRudMVS3654,1.0,1.0,3.0,1.0
0,0.0,0.3328375816345215,0,2629GQD7koFMwyiUTeUEaCv82339,,,,
0,0.5,0.4293973445892334,1,2118jdsykE0McP5cAZxVpo2d1455,1.0,1.0,3.0,1.0
1,1.0,0.2951486110687256,1,2363jyeSrDuTiJf_bqAPDD473726,1.0,1.0,3.0,1.0
0,0.0869565217391304,0.7038097381591797,1,2183w23owTHpXeij1zV_FDX74135,0.0,0.0,3.0,1.0
0,0.0,0.4392013549804687,1,665QURdf6UuEnoJsKOV4YtB2962,0.0,0.0,3.0,1.0
0,0.0,0.6153576374053955,1,1545g1Tb818_JNDAuQjE--ZZ1378,0.0,0.0,3.0,1.0
1,1.0,0.3903777599334717,1,2733NKE9l-FIURwp5kMM_ty2875,1.0,1.0,3.0,1.0
0,0.4166666666666667,0.8078715801239014,1,914b0zdkdwAh3xlbhnY8du72582,1.0,1.0,3.0,1.0
0,0.2,0.8342885971069336,1,2425oi8tztQpIN1A44b1j3AL3606,1.0,1.0,3.0,1.0
1,1.0,0.383052110671997,1,1814rsETf2eToNtZrivLqKSE3400,1.0,1.0,3.0,1.0
0,0.6666666666666666,0.4319801330566406,1,1476m9DFMcKpET2GRr7cT4FS2057,1.0,1.0,3.0,1.0
0,0.2857142857142857,0.609795093536377,1,23683s2xe5bz2so10XGK2qBO3713,0.0,0.0,3.0,1.0
0,0.3157894736842105,0.5383584499359131,1,951QRsnzHPzlTm1kJw2YlVa547,1.0,1.0,3.0,1.0
0,0.1333333333333333,0.5798420906066895,1,11560sYYJxTrE--1-2sMNJ953281,0.0,0.0,3.0,1.0
0,0.8,0.3768558502197265,1,3015gokJ7rr6uB6YTy3Khm0u3828,1.0,1.0,3.0,1.0
0,0.6666666666666666,0.6470041275024414,1,2139x2uHOpf3opRosVHKHI5y4250,1.0,1.0,3.0,1.0
0,0.1176470588235294,0.6727156639099121,1,1348pryWv6mij3utlHnSurED826,0.0,0.0,3.0,1.0
0,0.6874999999999999,0.7369184494018555,1,1950b8OIQ8bzZrEdme_QFejW2298,1.0,1.0,3.0,1.0
0,0.6666666666666666,0.5000228881835938,1,1237yuti7VE1972UnCfqAN7V3047,1.0,1.0,3.0,1.0
0,0.3333333333333333,0.3630259037017822,1,2053ydHY-RsjDaaTRo5IttrE1640,1.0,1.0,3.0,1.0
0,0.3333333333333333,0.5021162033081055,1,1759y5yGptDhTmoTR_wEuxlL3528,1.0,1.0,3.0,1.0
0,0.5,0.8018419742584229,1,2655YDVlTu5g8XP-s_xoiAGt1094,1.0,1.0,3.0,1.0
0,0.0,0.1983451843261718,0,1226VvNg35i87Jc0HRevhBIp3078,,,,
0,0.0,0.4370801448822021,1,1172cnB3XirJLf2l_lj2h1NR3238,0.0,0.0,3.0,1.0
0,0.1818181818181818,0.4628818035125732,1,1513e32PRGagyhaNmp__k3W51991,0.0,0.0,3.0,1.0
0,0.3333333333333333,0.2502000331878662,0,646OD5224k55Wh4kR-RsWPl3015,,,,
0,0.6666666666666666,0.7814493179321289,1,2080DF2p6ax3v1-aUbtGWT4O1562,1.0,1.0,3.0,1.0
1,1.0,0.4804067611694336,1,2502zG6K8It4JMfa8UrkdPdw1775,1.0,1.0,3.0,1.0
0,0.0,0.616828203201294,1,25018IwgMznLBiuCDIKcy_yK1777,1.0,1.0,3.0,1.0
0,0.2857142857142857,0.8543167114257812,1,1214Ok_4GK2IaQBQ79ypkNPy3114,1.0,1.0,3.0,1.0
0,0.8333333333333334,0.4744894504547119,1,2187gvsT7evQEJ8hMJqK5EHQ4126,1.0,1.0,3.0,1.0
1,1.0,0.3668403625488281,1,2393dPWkz_403rASrRrq7O713664,0.0,0.0,3.0,1.0
0,0.4444444444444443,0.7475752830505371,1,1610lit-PZD9j4XnYX8iyzdL1208,1.0,1.0,3.0,1.0
0,0.25,0.4299201965332031,1,1458iv0WdN_NvJkFoTdqCZ_Q2098,1.0,1.0,3.0,1.0
0,0.3333333333333333,0.4202041625976562,1,234909hrgzPVzcKNSXWO1ok-3759,1.0,1.0,3.0,1.0
1,1.0,0.513258695602417,1,1371VdM9y71lHCPan3KXr3WS759,1.0,1.0,3.0,1.0
1,1.0,0.4299099445343017,1,25586lylI6AjP0zEVdJqgXCx2474,1.0,1.0,3.0,1.0
1,1.0,0.4441070556640625,1,2155b4lPV6COMDxcEuBc4bUB4211,1.0,1.0,3.0,1.0
0,0.1818181818181818,0.5231473445892334,1,640UbntiFko68p3ukz6iGpI3034,0.0,0.0,3.0,1.0
0,0.4,0.426215648651123,1,3036vybNVfi22WAmwyXaCyoP3790,1.0,1.0,3.0,1.0
1,1.0,0.3434269428253174,1,735vGzQ3nCx9nbWxB-Wes4C2789,1.0,1.0,3.0,1.0
0,0.8,0.3291575908660888,1,5401-KQtKiJkYnkPCmw8hgz289,1.0,1.0,3.0,1.0
1,1.0,0.3937819004058838,1,861-dKB_3BSzYCaSTRw8Av_2715,1.0,1.0,3.0,1.0
0,0.7826086956521738,0.7689735889434814,1,8486FcfpGKVx1trsy0PGkDp2755,1.0,1.0,3.0,1.0
0,0.0,0.5720431804656982,1,1229AbP35CEyoMV2CzyjH6_q3070,0.0,0.0,3.0,1.0
1,1.0,0.2983410358428955,1,1148Ml3yo3KDCBBSJoQQlyFc3305,1.0,1.0,3.0,1.0
0,0.2666666666666667,0.6007936000823975,1,842c07Yh3NdidKu-h5mkQl02771,1.0,1.0,3.0,1.0
1,1.0,0.395576000213623,1,1400uU3CM_7LdMUuWkvkQxxM686,1.0,1.0,3.0,1.0
0,0.2,0.5286531448364258,1,1567OzoMV2H8D1C1oKf9kJ7U1316,0.0,0.0,3.0,1.0
0,0.888888888888889,0.4221456050872803,1,27282z0c8x28uAuDYrTlxOP-890,1.0,1.0,3.0,1.0
1,1.0,0.195134162902832,0,1792pLMxkyBoluA32NPBVhWK3449,,,,
0,0.4615384615384615,0.3763339519500732,0,634_wgzPKlx4nIMyi-kCnjn12,,,,
1,1.0,0.3762388229370117,1,1554GyUQ981YKusehk4Cl7Te1354,1.0,1.0,3.0,1.0
0,0.0,0.3797085285186767,1,2729ECSyBaYVZZbDBNyaHu4J887,0.0,0.0,3.0,1.0
1,1.0,0.5656149387359619,1,2065EHsPdSp_5DrQeLr1ttuL1606,1.0,1.0,3.0,1.0
0,0.1904761904761904,0.6067550182342529,1,140037nUS1rT0UQNsaFa9Rwl685,1.0,1.0,3.0,1.0
0,0.0,0.389815092086792,1,566fv5aDvtV7-Bv4hgl9TCy212,1.0,1.0,3.0,1.0
0,0.7586206896551724,0.6784765720367432,1,2061TwbS9naBRQ2tozfnle021616,1.0,1.0,3.0,1.0
1,1.0,0.332521915435791,1,54482QW5OfFiQVIWiIpVI2E278,1.0,1.0,3.0,1.0
1,1.0,0.5448484420776367,1,2707KB1tO6YYJq35qJk9l8AN945,0.0,0.0,3.0,1.0
1,1.0,0.3838269710540771,1,1530v9JIqRhesvlWwvstOwUR1948,1.0,1.0,3.0,1.0
0,0.0,0.4179503917694092,1,1949jEKqGQclC11Cc2b7IDqv2299,0.0,0.0,3.0,1.0
0,0.0,2.6270437240600586,0,1012LN56E8ShPhOCoocbJrrp376,1.0,1.0,3.0,1.0
0,0.1739130434782608,0.7056257724761963,1,1587GKW8NX3dkLWoOc6aJ86v1270,1.0,1.0,3.0,1.0
0,0.6666666666666666,0.3636863231658935,1,677F23ky2ysRzZ_9ea_iceg2934,1.0,1.0,3.0,1.0
1,1.0,0.3610575199127197,1,1409SROjOQ9iV118JePvaz45660,1.0,1.0,3.0,1.0
1,1.0,0.3946170806884765,1,2701_eTSfG0kbk-njomBcNgv961,1.0,1.0,3.0,1.0
1,1.0,0.5264532566070557,1,2209HnLyE3YKg6twl_Q-g1Ec4070,1.0,1.0,3.0,1.0
1,1.0,0.3968627452850342,1,2230L8455dET7-fRoIdsUivX4021,1.0,1.0,3.0,1.0
1,1.0,0.383709192276001,1,1446OxQzkmFxIj-VPbEUcz7j2119,1.0,1.0,3.0,1.0
1,1.0,0.4738130569458008,1,2177rTzU3iHejo6wHiCUUGgR4150,1.0,1.0,3.0,1.0
0,0.6,0.494178295135498,1,1482vLr96JPpOOrUo1CAJV2o2046,0.0,0.0,3.0,1.0
1,1.0,0.3650507926940918,1,2541Xqfe9NPWsDPd0IRvHv882507,1.0,1.0,3.0,1.0
0,0.64,0.771604061126709,1,2374k50_RHXB5GThYKzc39DZ3702,1.0,1.0,3.0,1.0
0,0.4,0.5201408863067627,1,875H9HPG7IDtm8eYpP2uh2I2684,1.0,1.0,3.0,1.0
0,0.7692307692307692,0.4558045864105224,1,2669v67locIF9ThvWJ8mcmqm1056,1.0,1.0,3.0,1.0
0,0.0,0.5278561115264893,1,20893J7zds0fTmdwGScrXxYe1536,0.0,0.0,3.0,1.0
1,1.0,0.3926830291748047,1,2024uEKyOIRbOWRGqSX25wAv2167,1.0,1.0,3.0,1.0
1,1.0,0.4637353420257568,1,2032h_xc2uXEe2J9hKtwBMZw2148,1.0,1.0,3.0,1.0
0,0.6,0.4363164901733398,1,2039WNZPsx3z2vJcCCCoGkpW1681,1.0,1.0,3.0,1.0
0,0.0,0.4174501895904541,1,1971QdtwinuI-Pt-gRGhMumc2254,0.0,0.0,3.0,1.0
0,0.0,0.3979504108428955,1,2497wmCVXc__4_q7aCFHvax81788,1.0,1.0,3.0,1.0
0,0.0,0.4263875484466553,1,2367wI6YJctGx_TrLePW0zFT3716,0.0,0.0,3.0,1.0
0,0.4285714285714285,0.5988013744354248,1,1748emZrqreIzMIm0XWLL7Rn3560,1.0,1.0,3.0,1.0
1,1.0,0.320502758026123,1,2170uR1FxS5nUGkssv426mqU4172,1.0,1.0,3.0,1.0
1,1.0,0.385066270828247,1,1227qM25lwDT1HffYX7Q27LJ3076,1.0,1.0,3.0,1.0
0,0.1739130434782608,0.7332074642181396,1,65691nmDsNoy6GHCZUYjINN2986,1.0,1.0,3.0,1.0
0,0.8333333333333333,0.4807839393615722,1,302251nQ3cmNluA1AUr3iMk63812,1.0,1.0,3.0,1.0
1,1.0,0.4694032669067383,1,1816M49IXoDpU__17vFIazVS3395,1.0,1.0,3.0,1.0
0,0.2857142857142857,0.6520302295684814,1,2406S8qt5kYqLYszOCu0lYmZ3636,1.0,1.0,3.0,1.0
1,1.0,0.3462944030761719,1,566bnXrhcjKEaxVTc-LeHzY210,1.0,1.0,3.0,1.0
0,0.5161290322580646,0.7814836502075195,1,22018wPqrmJcGuWfE5hB9sO74095,1.0,1.0,3.0,1.0
0,0.4444444444444445,0.4049470424652099,1,2043FtfsfjPEPMp72mimJA1r1669,1.0,1.0,3.0,1.0
0,0.8,0.3118441104888916,1,955e36D7g1kt9C0gus4wfH8535,1.0,1.0,3.0,1.0
0,0.4705882352941176,0.614675760269165,1,2973JDgkSnGitYck_HX9Ne233926,1.0,1.0,3.0,1.0
0,0.4444444444444444,0.7228670120239258,1,24187-nhPhxI7dZV22pltvqB3619,1.0,1.0,3.0,1.0
1,1.0,0.3220608234405517,1,1778w_0Pgt92UHRoeIwEqNNr3481,1.0,1.0,3.0,1.0
0,0.625,0.6249892711639404,1,1192NtMV2nW3J5X78M_fz_jM3179,1.0,1.0,3.0,1.0
0,0.0,0.6228232383728027,1,2237FYTudBkYGOD7oCKDGYv44000,0.0,0.0,3.0,1.0
1,1.0,0.4192545413970947,1,1430BuwokBjmVg7AdzOoLBQQ597,1.0,1.0,3.0,1.0
1,1.0,0.3285062313079834,1,1164efJ2bD2I51tG9DDDy2263262,1.0,1.0,3.0,1.0
0,0.8571428571428572,0.5079576969146729,1,987JCMK8qp1XiHG6fmq_sqJ439,1.0,1.0,3.0,1.0
0,0.5714285714285715,0.442751407623291,1,1612PKGAkMM3MocoHgcn3Vg61202,1.0,1.0,3.0,1.0
0,0.0,0.3222382068634033,1,707eQxJt9Y35aEN6MtyrclZ2862,0.0,0.0,3.0,1.0
0,0.5714285714285715,0.421276330947876,1,1196b9cuPeUxYC3Lp7LVQMAF3167,1.0,1.0,3.0,1.0
1,1.0,0.4227035045623779,1,545gbwwHQNYWNJmwx_zhGUS273,1.0,1.0,3.0,1.0
0,0.5,0.5845966339111328,1,2422AkNZxKVfPVF92vs5qzLX3610,1.0,1.0,3.0,1.0
0,0.2962962962962963,0.818925142288208,1,1437oSS908LBdCS-R1lhS_zZ587,1.0,1.0,3.0,1.0
1,1.0,0.337979793548584,1,1562tZVF0c_Hwu_jpQkNLPxj1330,1.0,1.0,3.0,1.0
0,0.3636363636363636,0.600928544998169,1,2556v9wSIrA-gKUGDFK65QmW2475,1.0,1.0,3.0,1.0
0,0.2857142857142857,0.4670403003692627,1,1742Qn8cd--IGplBaIA5QEpU3578,1.0,1.0,3.0,1.0
0,0.0999999999999999,0.6997063159942627,1,8808MIOqs91bcamJY7BKpKK2672,0.0,0.0,3.0,1.0
1,1.0,0.3648343086242676,1,2417Txi9GL74fxs5Z2asL3203622,1.0,1.0,3.0,1.0
0,0.3333333333333333,0.6664102077484131,1,1544BBli6lvsM3ocK55YaTtb1381,1.0,1.0,3.0,1.0
0,0.5,0.4929935932159424,1,1753kpSTtywObsOC3dzGk8kX3543,1.0,1.0,3.0,1.0
1,1.0,0.3181231021881103,1,7150BJ0glnjGlTFTJ4cTdiF2840,1.0,1.0,3.0,1.0
0,0.0652173913043478,3.8705976009368896,0,1746XQjTLVhuW5-HmTtxqxuv3564,1.0,1.0,3.0,1.0
1,1.0,0.4561009407043457,1,651fsZ9lTWd449M33QOudtw3000,1.0,1.0,3.0,1.0
0,0.5454545454545454,0.5212607383728027,1,599uREx6nun3gOEAd8YzR5s112,1.0,1.0,3.0,1.0
0,0.8888888888888888,0.4946773052215576,1,1218OExrGg3DDUqQ_BBB10Tn3102,1.0,1.0,3.0,1.0
0,0.7777777777777778,0.5201880931854248,1,1635w_Q9eBE8d4QJlCSJBFiT1143,1.0,1.0,3.0,1.0
0,0.5,0.3477134704589844,1,2148ORbgn9xAFsNQtzXY__rj4228,1.0,1.0,3.0,1.0
1,1.0,0.4460198879241943,1,1963usWUHwJqt8eDD2dj9VZ-2267,1.0,1.0,3.0,1.0
1,1.0,0.3921711444854736,1,2146tqPHx6tj2s94He2JdG_i4232,1.0,1.0,3.0,1.0
1,1.0,0.4030601978302002,1,577YsCJ2FO7dV054McSxQvM177,1.0,1.0,3.0,1.0
1,1.0,0.4907217025756836,1,2679ULojnjXzA_nUbY_9FqSx1025,1.0,1.0,3.0,1.0
0,0.4444444444444445,0.436145544052124,1,2029WPXur9oP38dHkMIPUsem2155,1.0,1.0,3.0,1.0
0,0.2857142857142857,0.5743250846862793,1,2360wqBrcNsj4JFKMf-J5jFI3733,1.0,1.0,3.0,1.0
0,0.0,0.3847997188568115,1,2527_1gwPfkH0sI_fNYkRULn1713,0.0,0.0,3.0,1.0
0,0.2962962962962963,0.8680386543273926,1,2523I4nlHreDk5vBkSCH8RHq1726,1.0,1.0,3.0,1.0
1,1.0,0.3555631637573242,1,2002a_R1XmwMDmL5wyPZDS2t2203,1.0,1.0,3.0,1.0
0,0.5,0.4881691932678222,1,2478ulEtsZsxkcgly7IxV7jm1830,1.0,1.0,3.0,1.0
0,0.2745098039215686,0.9903731346130372,1,2426FvIaTEpxUSzdWjZW6ctB3605,1.0,1.0,3.0,1.0
1,1.0,0.4187862873077392,1,19540qz1hFiTRNqKyYUyx4Y82288,1.0,1.0,3.0,1.0
0,0.88,0.6675453186035156,1,589s50VvGuiEMsAcZpOIrdE142,1.0,1.0,3.0,1.0
1,1.0,0.4078667163848877,1,8616U9DJ4emRPwsHZTqmdGu2714,1.0,1.0,3.0,1.0
0,0.0,0.4405174255371094,1,964RapMeSY8FyWlaMkFUNk8508,0.0,0.0,3.0,1.0
0,0.125,0.5599031448364258,1,1464jHZlsBjVv-8xARfsJrXa2086,0.0,0.0,3.0,1.0
0,0.1999999999999999,0.4400758743286133,1,2427o0QmxcHBetNiSbTlOqmh3602,1.0,1.0,3.0,1.0
0,0.6666666666666666,0.3945131301879883,1,1429iK5AeBnwtcbLHrY4SztI601,0.0,0.0,3.0,1.0
0,0.6,0.4169106483459472,1,2345xzNHwuJ_9-no_amFWS4A3767,1.0,1.0,3.0,1.0
0,0.0206185567010309,3.885622978210449,0,2943rfsS5qs59QlXyCYYjei03989,1.0,1.0,3.0,1.0
0,0.0,0.2908573150634765,1,1467oCR_WpQCRef2iR_N2NhR2077,1.0,1.0,3.0,1.0
0,0.7878787878787878,0.6260852813720703,1,11583AIKJFgE0UrBCHocpd653277,1.0,1.0,3.0,1.0
0,0.0,0.6017427444458008,1,578C_O7pYNiyLAUSE5J66xB176,0.0,0.0,3.0,1.0
0,0.0,0.225492238998413,0,26062Jzbzm2Iew5_dSx6LCM12376,,,,
0,0.0,0.5613272190093994,1,2517saKKvHaEWnw2pvl75Xuf1742,0.0,0.0,3.0,1.0
1,1.0,0.3677957057952881,1,17839rNVzte3BRZvP4qWRMqo3467,1.0,1.0,3.0,1.0
0,0.0,0.4583275318145752,1,2111jmqUVcM8RCxkrmjvb0hZ1476,0.0,0.0,3.0,1.0
1,1.0,0.3622620105743408,1,2514EGWk59PbC7MjrXE6AlVn1751,1.0,1.0,3.0,1.0
0,0.8,0.4077210426330566,1,1517p5p7fblRKtBb8l9_uGtZ1977,1.0,1.0,3.0,1.0
0,0.1428571428571428,0.9893238544464112,1,2727bEO69UF_-G1jUOIEpXYj891,0.0,0.0,3.0,1.0
0,0.8,0.4326686859130859,1,858nySH6AfeIgauM40DaAIr2725,1.0,1.0,3.0,1.0
0,0.7096774193548387,0.7248384952545166,1,685-r-l6EtOMeFTYAMUFp2R2913,1.0,1.0,3.0,1.0
0,0.3333333333333333,1.0000286102294922,1,2383_zZGxCRJzjykFJNk3Fql3681,1.0,1.0,3.0,1.0
0,0.0425531914893617,2.564401626586914,0,24874ZExUiMVxjjNDRJVHXGS1814,1.0,1.0,3.0,1.0
0,0.5,0.5382025241851807,1,2468bI5nQWQ8Og-_9QlLKU8v1859,1.0,1.0,3.0,1.0
0,0.0,0.7010354995727539,1,19734HA-piKOQCj9cOheHeMR2250,0.0,0.0,3.0,1.0
1,1.0,0.4392077922821045,1,942YwxEcLEOCAotnSzvxJj-575,1.0,1.0,3.0,1.0
0,0.0,0.7431979179382324,1,2026yIVtrJbiaYcqiJLKF7l92162,0.0,0.0,3.0,1.0
1,1.0,0.4178400039672851,1,2180GzU3fBZQ6NFjdA3mnHhk4143,1.0,1.0,3.0,1.0
0,0.0,0.2410705089569091,0,1942fMXkD48PYS9_snttkRcW2317,,,,
1,1.0,0.3155248165130615,1,2629-52k9W9kCEdUZtJCllTb2338,1.0,1.0,3.0,1.0
0,0.5454545454545454,0.6382431983947754,1,2110ziYcZhTz_BC1MPXgUtC31479,1.0,1.0,3.0,1.0
0,0.4,0.4662861824035644,1,731bdFMw_WBEsLLGgw0OqIo2798,0.0,0.0,3.0,1.0
1,1.0,0.3728718757629394,1,1450f9K9T1lv3UmdhS-rbS-p2113,1.0,1.0,3.0,1.0
0,0.888888888888889,0.4086384773254394,1,737t5Q6W-ejkvhnx8fhmjhP2784,1.0,1.0,3.0,1.0
0,0.2,0.7189605236053467,1,2421aPJOo5UynG4APVgasKa53613,0.0,0.0,3.0,1.0
0,0.1666666666666666,0.6965382099151611,1,1342n57h5KFhZrmo2TPiuwv5845,1.0,1.0,3.0,1.0
0,0.6666666666666666,0.2304098606109619,0,573-_AYG-xxnzzEd1LZiGf8191,,,,
0,0.5555555555555556,0.4693055152893066,1,972xR4_uxpnlIN8NrBztoj1483,1.0,1.0,3.0,1.0
1,1.0,0.3675191402435303,1,1176w-tnctiph48cguCP6TLh3228,1.0,1.0,3.0,1.0
0,0.0206185567010309,3.84265661239624,0,2020ubB0JZzHv_29zd0WpIjn2174,1.0,1.0,3.0,1.0
0,0.8,0.4756724834442138,1,1443Nxfx0xTNPIR7XHCONrlL2124,1.0,1.0,3.0,1.0
0,0.6206896551724138,0.8168721199035645,1,1359ZuJdS_tCrQFa5IcePruQ794,1.0,1.0,3.0,1.0
0,0.0,0.7007629871368408,1,2161ve-pKOVFfnwct9-ZGtow4196,1.0,1.0,3.0,1.0
0,0.5999999999999999,0.6069588661193848,1,1163WM0PVD9qbxkmDaQOIW7Y3265,1.0,1.0,3.0,1.0
1,1.0,0.3965973854064941,1,1415xOKyGuKnDwYbWfqm8DyH643,1.0,1.0,3.0,1.0
0,0.0,0.8454318046569824,1,539g1HipZa4q8coORPOMHwj293,0.0,0.0,3.0,1.0
0,0.8,0.5972561836242676,1,22165cE4SIrSj4XGK-I-cUmM4057,1.0,1.0,3.0,1.0
1,1.0,0.413985013961792,1,907CG6Y0hTOIf2iMApGkPO72604,1.0,1.0,3.0,1.0
0,0.0,0.6280808448791504,0,20865AJD7uSijZkNu3lQlJ481546,,,,
0,0.32,0.5611023902893066,1,27282z0c8x28uAuDYrTlxOP-889,1.0,1.0,3.0,1.0
0,0.0,0.3905820846557617,1,2979WuXci60uJEdQnVCd4Xjn3913,0.0,0.0,3.0,1.0
0,0.0,0.2351171970367431,0,1372T0eDMjnAIUtMFQHcIZWS757,,,,
0,0.375,0.74117112159729,1,16200K9t6uefE0HN9Xb3n6aS1179,1.0,1.0,3.0,1.0
0,0.5333333333333332,0.805896520614624,1,2729ECSyBaYVZZbDBNyaHu4J886,1.0,1.0,3.0,1.0
0,0.6666666666666667,0.4735448360443115,1,569DSGp7NYhekO9pVIHrI21203,1.0,1.0,3.0,1.0
0,0.5384615384615385,0.5397498607635498,1,1466QWMZl6lBSpMlxHibwqSn2079,1.0,1.0,3.0,1.0
1,1.0,0.3750739097595215,1,1028r9dv8iRRQSL7Ihwkp7tz330,1.0,1.0,3.0,1.0
0,0.6666666666666666,0.4186954498291015,1,2119SJEcYcuuQpuvuba_KlGl1451,0.0,0.0,3.0,1.0
1,1.0,0.3639411926269531,1,2044egsXeT6Z85kZYfUih06a1666,0.0,0.0,3.0,1.0
1,1.0,0.344557523727417,1,855ENEaLZEfgqfGiXz23p4l2732,1.0,1.0,3.0,1.0
0,0.0,3.8751747608184814,0,18328gCMjbpzCLFnoMXN6srf3355,1.0,1.0,3.0,1.0
0,0.0,0.4240436553955078,1,20641EP682eRhx2QWgjzDM9I1608,0.0,0.0,3.0,1.0
1,1.0,0.3863377571105957,1,2664AqK615zaJ_528hvbvtPb1070,1.0,1.0,3.0,1.0
0,0.3,0.5819776058197021,1,641QPygyAWeJTz2UqZLxPPB3029,0.0,0.0,3.0,1.0
0,0.6666666666666666,0.4043121337890625,1,1814rsETf2eToNtZrivLqKSE3401,1.0,1.0,3.0,1.0
0,0.1428571428571428,0.6323106288909912,1,8521sw4TcnPagCQEoFKD9fN2741,1.0,1.0,3.0,1.0
0,0.3571428571428571,0.798145055770874,1,606ydc6r27eppB2SC3CIOZ595,0.0,0.0,3.0,1.0
0,0.4186046511627908,0.947434902191162,1,2373iZm5h4f5Vzcv3z363qPA3704,1.0,1.0,3.0,1.0
1,1.0,0.5008697509765625,1,1190K-vBrGKzVvJ8j8oue-N63186,1.0,1.0,3.0,1.0
0,0.0952380952380952,0.4516739845275879,1,671tmMHr0OIhb3ulvq5ranP2948,0.0,0.0,3.0,1.0
0,0.3076923076923077,0.5749759674072266,1,2993pJ4MhlqvNdq3HP6O5MsP3878,1.0,1.0,3.0,1.0
0,0.6666666666666666,0.5871973037719727,1,2985h8b9cr8x87sGlc8_zLvd3897,1.0,1.0,3.0,1.0
1,1.0,0.213808536529541,0,1957eVvVnYRmwC4qKHak6Ffq2281,,,,
0,0.3529411764705882,1.068134307861328,1,2712gqTOsON2hU4puCu5hGNj932,1.0,1.0,3.0,1.0
1,1.0,0.4258170127868652,1,2605xGWRPmjAX3zTTpbG5G9l2380,1.0,1.0,3.0,1.0
0,0.7999999999999999,0.4883792400360107,1,15437IrG_pxUZHW4l3vkQWeG1385,1.0,1.0,3.0,1.0
0,0.0,3.871592521667481,0,2736DC0e2KjXgGVcPZ2WLIxz867,1.0,1.0,3.0,1.0
1,1.0,0.3849499225616455,1,735vGzQ3nCx9nbWxB-Wes4C2788,1.0,1.0,3.0,1.0
1,1.0,0.3644955158233642,1,868zHuIutIEJT12F-70883W2702,1.0,1.0,3.0,1.0
1,1.0,0.423945665359497,1,1405rcqGslh1c27GRanvx433670,1.0,1.0,3.0,1.0
0,0.6111111111111112,0.685570478439331,1,2466TSVQzmiW-hXcxaEULw6K1865,1.0,1.0,3.0,1.0
0,0.8571428571428571,0.3746840953826904,1,3002ZnCAiqYIoMCUF-7Op9gv3858,1.0,1.0,3.0,1.0
0,0.0,3.875627040863037,0,896q9fkwlNTB-uLIhW50gpL2637,1.0,1.0,3.0,1.0
0,0.625,0.6072328090667725,1,2082_Dh7f4W3xlRk5gN1uWO_1556,1.0,1.0,3.0,1.0
0,0.3333333333333333,0.2366070747375488,0,567COo6mlEhcowdZdaMt4w3209,,,,
1,1.0,0.3915882110595703,1,1411rDFl1-2KKRZG_zvEhPJb654,1.0,1.0,3.0,1.0
0,0.3636363636363636,0.419966459274292,1,2619jg4HxmXkfW55mTET__tk2360,0.0,0.0,3.0,1.0
1,1.0,0.3086419105529785,1,151099HNGPaLvlMftND5z0oJ1999,1.0,1.0,3.0,1.0
1,1.0,0.3395426273345947,1,905uMGe3kos3fBWBJRcu64_2611,1.0,1.0,3.0,1.0
0,0.0714285714285714,0.7494020462036133,1,2360xl9Xtx2fW4L4xa2bqWt43734,0.0,0.0,3.0,1.0
0,0.3076923076923077,0.6204535961151123,1,2578y9zD7QdiguEv3Qrdgam-2440,1.0,1.0,3.0,1.0
0,0.0,0.4144794940948486,1,2996CdNLqVyCF_oDaGCdvP6v3872,1.0,1.0,3.0,1.0
0,0.1052631578947368,0.6129167079925537,1,2364oU8m6CS05FyyuZgf1_IG3725,1.0,1.0,3.0,1.0
0,0.3157894736842105,0.7693901062011719,1,1591dOdM4uX7gsb6h9hiAaa_1258,0.0,0.0,3.0,1.0
0,0.5,0.3370358943939209,1,2041vmx_DG5RRvLGNwO62TW31673,1.0,1.0,3.0,1.0
0,0.2,0.5006465911865234,1,2615GCUYxQ_Kg8yTnaAtYYpJ2367,0.0,0.0,3.0,1.0
0,0.0,0.3041975498199463,1,19886xZ3QL22JgKPuzBHbhPo2221,0.0,0.0,3.0,1.0
0,0.888888888888889,0.3566033840179443,1,29746uLZOTxxVUkngoUfAtI03924,1.0,1.0,3.0,1.0
0,0.4,0.5651638507843018,1,24911q_50dkgYzY3pVZJL3Sc1804,1.0,1.0,3.0,1.0
0,0.3333333333333333,0.2848329544067383,1,665rw55Ie4DPe0sqY77puig2963,1.0,1.0,3.0,1.0
1,1.0,0.3241245746612549,1,900Uh49Da025Lfl-NKMic6l2624,1.0,1.0,3.0,1.0
0,0.9047619047619048,0.755742073059082,1,19755a5nBZxiYhO8aWU2MbW-2243,1.0,1.0,3.0,1.0
0,0.8571428571428571,0.4091823101043701,1,3004GygMUfp60E04HQswkbY53853,1.0,1.0,3.0,1.0
0,0.0,0.330707311630249,1,592UDCpvvji8D0o4tbyHcVk134,1.0,1.0,3.0,1.0
0,0.2222222222222222,0.5320761203765869,1,550jo6NqKN88LJy5XivwHWi259,0.0,0.0,3.0,1.0
0,0.1,0.77317214012146,1,2108cT1EpZ4KVx-gQkxVCsU81485,0.0,0.0,3.0,1.0
1,1.0,0.3014636039733886,1,1489_LmzgmYgdCJhBmnZ8hvL2034,0.0,0.0,3.0,1.0
1,1.0,0.2646553516387939,1,2057ITnDGLVg5S2wqKJ__VIR1628,1.0,1.0,3.0,1.0
0,0.9,0.4771382808685303,1,558WnzWtR_n-6_l7FCPRBSg236,1.0,1.0,3.0,1.0
0,0.3225806451612903,0.9103693962097168,1,2204OiV3FwpDb5okA_ERACO-4085,1.0,1.0,3.0,1.0
0,0.3902439024390244,0.918175220489502,1,1789NObn0laTBstP0EhadjV63454,1.0,1.0,3.0,1.0
1,1.0,0.3209969997406006,1,1533z2Yfjif7NuyxeBQgP_HF1939,1.0,1.0,3.0,1.0
1,1.0,0.4285821914672851,1,2068VZFhrfoQaF6_QqHBU8iB1598,1.0,1.0,3.0,1.0
1,1.0,0.3572003841400146,1,899hXr2vSRxP3sXDcstnm7f2627,0.0,0.0,3.0,1.0
1,1.0,0.3308663368225097,1,2173fu4XUTuowr7JXVT_qKR14163,1.0,1.0,3.0,1.0
0,0.16,0.652808666229248,1,2669bH2ksxtOtDv46cPVBE6i1054,0.0,0.0,3.0,1.0
1,1.0,0.4512131214141845,1,987JCMK8qp1XiHG6fmq_sqJ440,1.0,1.0,3.0,1.0
0,0.3333333333333333,0.6142537593841553,1,1473IwZwglReS87tV2cQBA732060,1.0,1.0,3.0,1.0
0,0.5714285714285715,0.3503930568695068,1,2974B_C3BlFiCXVCIZTJwilo3925,1.0,1.0,3.0,1.0
0,0.2499999999999999,0.7379422187805176,1,13382oqMvOQePhgGm47Ig4iy856,1.0,1.0,3.0,1.0
0,0.4285714285714285,0.5716958045959473,1,1366vMaTN6bH1mlTrIsQvDrD774,1.0,1.0,3.0,1.0
1,1.0,0.3988058567047119,1,2532QPzqtcjnJeRC9NxubnOq1697,1.0,1.0,3.0,1.0
0,0.5000000000000001,0.9509685039520264,1,13510pFXx2vFby05X2rDRJDH818,1.0,1.0,3.0,1.0
1,1.0,0.4092206954956054,1,2488UeDf5D4M1cp6aiddpWg11811,1.0,1.0,3.0,1.0
1,1.0,0.3200972080230713,1,1214Ok_4GK2IaQBQ79ypkNPy3115,1.0,1.0,3.0,1.0
0,0.4166666666666667,0.6626284122467041,1,1014qxjC6hnOZ4bPaoSmBsdF374,1.0,1.0,3.0,1.0
0,0.2142857142857142,0.6434662342071533,0,1179Ij6ixmYImDvTIyylli083218,,,,
0,0.25,0.4420773983001709,1,1577Tx9C-i93906ZHG2xsANm1297,0.0,0.0,3.0,1.0
0,0.0,0.502204179763794,1,640Qn7zKz3a0K2CPVQ8ePuQ3032,0.0,0.0,3.0,1.0
0,0.6666666666666667,0.900916576385498,1,19876rRq7_YjGKc8EGqs5MHC2225,1.0,1.0,3.0,1.0
1,1.0,0.3322076797485351,1,2569CxCo2aX4KFjjA2hi_lMj2452,1.0,1.0,3.0,1.0
0,0.2857142857142857,0.5426945686340332,1,2529V89h3rXsLL-Bn_hU6PlI1708,1.0,1.0,3.0,1.0
0,0.6666666666666667,0.8064424991607666,1,2435ycikQl9rkmIjh9_GR_8D3592,1.0,1.0,3.0,1.0
0,0.1666666666666666,0.5078690052032471,1,1176w-tnctiph48cguCP6TLh3229,1.0,1.0,3.0,1.0
0,0.038095238095238,3.862346172332764,0,1946W3OXI0TdbwpADVOL3aMn2309,1.0,1.0,3.0,1.0
0,0.9818181818181818,0.80633544921875,1,943kajWSnLrin3THXJG_d-e572,1.0,1.0,3.0,1.0
0,0.6666666666666666,0.2914285659790039,1,1383YetDIx4cL2q9GHdVBJD-729,0.0,0.0,3.0,1.0
0,0.96,0.7833740711212158,1,609XnbMzpiEKTX90WRPpJOt84,1.0,1.0,3.0,1.0
0,0.6,0.675879955291748,1,1193C2qmrHktioGE48fbbu-L3176,1.0,1.0,3.0,1.0
1,1.0,0.4532124996185303,1,2956Otjt30tSP4HL0iirPKga3970,1.0,1.0,3.0,1.0
0,0.8571428571428571,0.5981576442718506,1,2111jmqUVcM8RCxkrmjvb0hZ1475,1.0,1.0,3.0,1.0
0,0.3333333333333333,0.5537006855010986,1,2053DCa4BLCC5EEQ8l7BVnnp1641,1.0,1.0,3.0,1.0
1,1.0,0.4031479358673095,1,1831tcPzTf490y--20TmCWYb3357,1.0,1.0,3.0,1.0
0,0.0,0.3683967590332031,1,2078W30r7PMtchtgZT05P_0F1567,0.0,0.0,3.0,1.0
0,0.4285714285714285,0.5690419673919678,1,2668AHxJtYWTzyrukwP1xRqK1058,0.0,0.0,3.0,1.0
0,0.6,0.5014622211456299,1,2235T3dDg5JzleG0wsFMwsrI4004,1.0,1.0,3.0,1.0
1,1.0,0.3716845512390136,1,1162WEg_WPImiRPmAPvN_wnE3046,1.0,1.0,3.0,1.0
1,1.0,0.4029943943023681,1,1530v9JIqRhesvlWwvstOwUR1947,1.0,1.0,3.0,1.0
1,1.0,0.3742012977600097,1,21282Cr-35xm2wBqUSJkqXMj1427,1.0,1.0,3.0,1.0
0,0.4285714285714285,0.5589599609375,1,2133ia1657jfSMNoNsdF-A8e1410,1.0,1.0,3.0,1.0
0,0.3333333333333333,0.3508110046386719,1,2114KZNekbM38CclfRRE-ywL1465,0.0,0.0,3.0,1.0
1,1.0,0.3107106685638428,1,649GcmdYL3Emps2uVuhx-H43007,1.0,1.0,3.0,1.0
0,0.5,0.469595193862915,1,1503af8K_zL5CtKNHAHXkLFb2014,0.0,0.0,3.0,1.0
0,0.7368421052631579,0.5059056282043457,1,2631M_1rjE6k2YLouvowQoHJ2334,1.0,1.0,3.0,1.0
0,0.0,0.5700187683105469,1,13571OZrZVDhI2J41tg7Luts799,1.0,1.0,3.0,1.0
1,1.0,0.4105212688446045,1,1948sF2A90axDwVcHIOfnQu02302,1.0,1.0,3.0,1.0
0,0.25,0.6382148265838623,1,1397uK17KbqMDLHfC2NAWiR6696,1.0,1.0,3.0,1.0
0,0.56,0.7726583480834961,1,2162sIzRzzGNPsYc1OfiUIPo4194,1.0,1.0,3.0,1.0
0,0.48,0.8447060585021973,1,2519QxDbu-BKdCqq5I8jKsxd1736,1.0,1.0,3.0,1.0
0,0.8,0.4537060260772705,1,1140_G-tYCpmdE-Vgax33wA53329,1.0,1.0,3.0,1.0
0,0.5833333333333334,0.5212447643280029,1,1376fXJB349zgjyv_w4X0bXI749,1.0,1.0,3.0,1.0
0,0.4444444444444445,0.4569113254547119,1,2539EoMAwcPqzS7vEDYb36052512,1.0,1.0,3.0,1.0
0,0.3636363636363636,0.5372467041015625,1,1415xOKyGuKnDwYbWfqm8DyH642,1.0,1.0,3.0,1.0
0,0.6666666666666666,0.6968677043914795,1,2657Omxhm5FyXyyp4pVdXx3Z1088,1.0,1.0,3.0,1.0
1,1.0,0.4637377262115478,1,1559OCcb7F7icUkYfeTFgLDJ1339,1.0,1.0,3.0,1.0
0,0.923076923076923,0.5554723739624023,1,2340-UH-PIG4sGreW8w-HZcs3781,1.0,1.0,3.0,1.0
0,0.0,0.2401185035705566,0,600suii1SM_U9v151qZEv7q108,,,,
0,0.6666666666666666,0.4431855678558349,1,2224WT9qVEbYuJZkZlYlFqvu4039,1.0,1.0,3.0,1.0
0,0.8,0.3816444873809814,1,15115M-53_v3IHPgxyCKm4AQ1997,1.0,1.0,3.0,1.0
0,0.0,0.4777390956878662,1,20610DTWrltcqPvIP7325vbT1618,0.0,0.0,3.0,1.0
0,0.0,0.5823116302490234,1,2712b_7wo5wra85_-rQQk4ow934,0.0,0.0,3.0,1.0
0,0.9,0.5929498672485352,1,719PmQpieO8CYor-psBwccz2829,1.0,1.0,3.0,1.0
1,1.0,0.439223051071167,1,956Prvd8MNNxoAkjTza4l1I531,1.0,1.0,3.0,1.0
0,0.2857142857142857,0.4839766025543213,1,991M6WF9u6tZAMeisG6gK8G426,1.0,1.0,3.0,1.0
1,1.0,0.4910230636596679,1,2531wAQb5TOSCuVTwZGjz1rT1700,1.0,1.0,3.0,1.0
0,0.3529411764705882,0.5602085590362549,1,26276wka1rfL0BiynIYM718e2346,1.0,1.0,3.0,1.0
0,0.3225806451612903,0.9518435001373292,1,1357dHKRJVVa-pcJ70XOotOx801,1.0,1.0,3.0,1.0
1,1.0,0.3928937911987304,1,701k_RQvhmFwArZx0ORLSmx2876,1.0,1.0,3.0,1.0
0,0.4516129032258064,0.7152907848358154,1,963hj2Qz6EQ6THhVWXKuc_U511,1.0,1.0,3.0,1.0
1,1.0,0.3221743106842041,1,17839rNVzte3BRZvP4qWRMqo3466,1.0,1.0,3.0,1.0
0,0.0,0.370128870010376,1,978MffUzw1E-fEffOOZYYot467,0.0,0.0,3.0,1.0
0,0.8571428571428571,0.3591597080230713,1,2386qMf0MKowAfp8GBBNMPlr3678,1.0,1.0,3.0,1.0
0,0.2352941176470588,0.5017507076263428,1,929dPT0tABWxMMojg5QUiX02541,0.0,0.0,3.0,1.0
0,0.3333333333333333,0.3812096118927002,1,869yPJxiVsQSnIU0zG1C_9m2700,1.0,1.0,3.0,1.0
0,0.0,0.2140777111053466,0,2142esGir_4_h9voaRtDNIdz4245,,,,
0,0.32,0.6880283355712891,1,2987jq09CSEi-lBZSSYtX9tj3892,1.0,1.0,3.0,1.0
0,0.0,0.5759358406066895,1,2126DJgUbSL5sAmvrHK4b6i71432,0.0,0.0,3.0,1.0
0,0.7272727272727272,0.5160791873931885,1,2684Tsl9g-K98ihJB9COTF6d1010,1.0,1.0,3.0,1.0
0,0.4,0.4463005065917969,1,841hinfHVUUAR8bWXtEBCsQ2775,1.0,1.0,3.0,1.0
0,0.6666666666666666,0.5292263031005859,1,2666vJpSGujkwt27p7tp6O901063,1.0,1.0,3.0,1.0
0,0.2580645161290322,0.8342328071594238,1,625ZwZR45NRbfMFQ0oVKYjz41,0.0,0.0,3.0,1.0
1,1.0,0.4370813369750976,1,1156df4-3lXjk7sDVJcyLHlO3283,1.0,1.0,3.0,1.0
0,0.0,0.3801693916320801,1,843zyenQsDbdyEDKorOOEer2770,1.0,1.0,3.0,1.0
0,0.8235294117647058,0.7292592525482178,1,1035LFxawmqTFdvZQiUCxQ31310,1.0,1.0,3.0,1.0
0,0.6666666666666666,0.4405345916748047,1,2355g1DEdj6BajInIdfN43xp3744,1.0,1.0,3.0,1.0
0,0.5,0.4208109378814697,1,2496BbugoKX7EuTf6XE9o7do1793,1.0,1.0,3.0,1.0
0,0.6,0.5713679790496826,1,1614cyIrQoaHS01cQ4YtB4rN1196,1.0,1.0,3.0,1.0
0,0.7096774193548386,0.627361536026001,1,2460wLS6NYxz86-N9QN0fiAS1872,1.0,1.0,3.0,1.0
1,1.0,0.513303279876709,1,2013gpksQIp23gepFksmpqXj2187,1.0,1.0,3.0,1.0
0,0.4,0.3461418151855469,0,566fv5aDvtV7-Bv4hgl9TCy211,,,,
0,0.7142857142857143,0.4388144016265869,1,1006wNOvBdYdfzaE5bKwHMrj394,1.0,1.0,3.0,1.0
0,0.5,0.4866092205047607,1,2175Be6E_9waJICTPdXhoGc74157,1.0,1.0,3.0,1.0
0,0.2857142857142857,0.543628454208374,1,1555fIGxkCCrk6ibrb-al9xh1352,1.0,1.0,3.0,1.0
1,1.0,0.4960455894470215,1,2469md_5PBJjoEzHnxLNfP-31854,1.0,1.0,3.0,1.0
0,0.2857142857142857,0.6196656227111816,1,1594vbwJIaYnRKU4MTrVcD4P1249,1.0,1.0,3.0,1.0
0,0.896551724137931,0.7302885055541992,1,2449Gc-t93zVR6Bjza9-brVc1897,1.0,1.0,3.0,1.0
0,0.0,0.3085255622863769,0,543NpNSndtBz1uxC9CuhODm281,,,,
0,0.6956521739130435,0.5641851425170898,1,1025Ra_IZNvQuUI7Ec5aTeot340,1.0,1.0,3.0,1.0
1,1.0,0.4763429164886474,1,2523I4nlHreDk5vBkSCH8RHq1725,1.0,1.0,3.0,1.0
0,0.8,0.3116357326507568,1,1549ke6ypccQP3h0ZB6b7GCG1370,1.0,1.0,3.0,1.0
0,0.6153846153846154,0.5481650829315186,1,2690j2wOUpSsJgKU08FvIZEg993,1.0,1.0,3.0,1.0
0,0.6875,0.6419501304626465,1,2080DF2p6ax3v1-aUbtGWT4O1561,1.0,1.0,3.0,1.0
0,0.8571428571428571,0.5287892818450928,1,2209BDzn0SpuYmXdWVg9Z1Hy4071,1.0,1.0,3.0,1.0
0,0.0,0.286783218383789,1,1419tOWt7I089hJ4HUoPR6EI631,0.0,0.0,3.0,1.0
1,1.0,0.3803820610046386,1,1628lnBbfe3Htrze2ai84nZb1159,1.0,1.0,3.0,1.0
0,0.6,0.4733319282531738,1,1576P214oupErvTP6090GMli1301,1.0,1.0,3.0,1.0
1,1.0,0.3131814002990722,1,1621kehREtB2jwFxfLSb5njd1178,1.0,1.0,3.0,1.0
0,0.8,0.5335991382598877,1,5532TWtKb03tsQH8Wep0CiY251,0.0,0.0,3.0,1.0
0,0.0,0.531052827835083,1,1801zUHKaLWfFrE-EA8M3DOI3430,1.0,1.0,3.0,1.0
0,0.6,0.4162993431091308,1,1578BMhD9BqceYI3i9rcq5zi1294,1.0,1.0,3.0,1.0
0,0.6,0.3961055278778076,1,948uYfQaDqdMCAYnSxY-SL1556,0.0,0.0,3.0,1.0
0,0.0,0.5045757293701172,0,1216-uAt0pBo8VUzVu7fmS2y3107,,,,
0,0.3478260869565217,0.6189956665039062,0,949-8BF6fDFHRAnfe-2RE-l554,,,,
0,0.7142857142857143,0.5501792430877686,1,2084KAYAsRFlZ71FWVieGtVO1551,1.0,1.0,3.0,1.0
0,0.0,0.4678809642791748,1,11409iwBcdcK7cw_g6zqHGJJ3331,0.0,0.0,3.0,1.0
0,0.8571428571428571,0.4404737949371338,1,2054dYaTbGXvuHEu9KAgglUa1638,1.0,1.0,3.0,1.0
0,0.8,0.394890546798706,1,633AbrSc7FQvB59-3tSuvrL17,1.0,1.0,3.0,1.0
1,1.0,0.4090120792388916,1,1448zBLLz7KDRP88dG5hhHYA2115,1.0,1.0,3.0,1.0
0,0.4,0.4382383823394775,1,1767VEuCAyUVu8RWl4oT_E163504,1.0,1.0,3.0,1.0
1,1.0,0.4796872138977051,1,2564AaK20GeV0Vbt9hLoucnT2462,1.0,1.0,3.0,1.0
0,0.7272727272727272,0.4202027320861816,1,986wotq83gPK5H9RJCPZcUa442,1.0,1.0,3.0,1.0
0,0.2857142857142857,0.6870207786560059,1,22173K97KOlZYwLPP2yAPHFs4052,1.0,1.0,3.0,1.0
0,0.3333333333333333,0.3470711708068847,1,1491oI4TAF4mItNmtq538iaG2032,0.0,0.0,3.0,1.0
0,0.2222222222222222,0.5233285427093506,1,26929qhEFKe0I4Mglt2Q49vv987,1.0,1.0,3.0,1.0
1,1.0,0.4336438179016113,1,2153vtkEwqa70V_8uUMng2Jv4215,1.0,1.0,3.0,1.0
0,0.1333333333333333,0.7622134685516357,1,1355DqKO8ByX-dB6SOPvmL5p806,0.0,0.0,3.0,1.0
0,0.3157894736842105,0.534416913986206,1,1396fc8ojkJs9ZgQtwEceZFu697,1.0,1.0,3.0,1.0
0,0.8095238095238095,0.9360334873199464,1,2021myUwxcaJpraoFdHEJ6jp2172,1.0,1.0,3.0,1.0
0,0.7777777777777778,0.8858642578125,1,1964IYccs9F9IcK39eAWE_OV2266,1.0,1.0,3.0,1.0
0,0.6363636363636364,0.7122218608856201,1,1760NxofyqAwNCoWrjcNMQrs3523,1.0,1.0,3.0,1.0
1,1.0,0.2820210456848144,1,182447yf5Kxgmkoq18WzZ-kB3378,1.0,1.0,3.0,1.0
1,1.0,0.4446344375610351,1,1756rsPxqBmo2fmiaq4y7pBo3537,1.0,1.0,3.0,1.0
0,0.5555555555555556,0.6390070915222168,1,26929qhEFKe0I4Mglt2Q49vv988,1.0,1.0,3.0,1.0
1,1.0,0.4445407390594482,1,1408oW7JLFkBO33d8TQf4N0l661,0.0,0.0,3.0,1.0
0,0.0204081632653061,3.883181571960449,0,726kYOF7b8VZTpJYpYpEvr-2810,1.0,1.0,3.0,1.0
0,0.8,0.412877082824707,1,2600QfJIRcuIUzI4QlhhMFbN2394,1.0,1.0,3.0,1.0
0,0.2857142857142857,0.402170181274414,1,2727JkYnxxl8d_jUsjzpRwXm892,1.0,1.0,3.0,1.0
0,0.3,0.5388901233673096,1,1752E5XokYRzRxCMWKU2kTp-3548,1.0,1.0,3.0,1.0
0,0.0,0.7229478359222412,1,9100HQlpvSt_OwVnpYpqMFu2595,0.0,0.0,3.0,1.0
0,0.5925925925925927,0.6555478572845459,1,24146Uu3KI3elnXv3Pgy3-sY3625,1.0,1.0,3.0,1.0
0,0.0526315789473684,1.1381874084472656,1,1763gJg7xSGSXczCwSQDvwfc3514,0.0,0.0,3.0,1.0
0,0.8,0.3533327579498291,1,1459Gtt57D0AV39kKJE2bz4b2095,1.0,1.0,3.0,1.0
0,0.0999999999999999,0.6318142414093018,1,1811pukiof6PWRYXCXAxaVhv3407,1.0,1.0,3.0,1.0
0,0.6666666666666666,0.3759968280792236,1,1234GFGbCJaowYOFWcFznuUN3056,1.0,1.0,3.0,1.0
0,0.4444444444444445,0.5141699314117432,1,662vdy4KyRsfU9fUc7gxaki2970,1.0,1.0,3.0,1.0
0,0.2068965517241379,0.6632335186004639,1,2195U05jz4berWp0PFCFx8lG4110,1.0,1.0,3.0,1.0
1,1.0,0.3050751686096191,1,1528gtejhc_4xiAJRnNQX5fY1950,1.0,1.0,3.0,1.0
0,0.0,0.397122859954834,1,1152Rg3AUei-9moPZLj_2J3Y3295,0.0,0.0,3.0,1.0
0,0.2222222222222222,0.6027839183807373,1,1180D8Sheg2RzZqhe6O4YQOs3215,0.0,0.0,3.0,1.0
1,1.0,0.3453645706176758,1,944L6KXmQVd7mhz2JgtDbJU567,1.0,1.0,3.0,1.0
0,0.888888888888889,0.4100918769836426,1,9567FV5fK_9tjWGUSOCiJM4533,1.0,1.0,3.0,1.0
0,0.6666666666666666,0.3583831787109375,1,557jlOGQ8cWQ5Q_as3HFgdb238,0.0,0.0,3.0,1.0
0,0.0,0.5486955642700195,1,2681RVH7HXkHR05ejdYsqsI41018,1.0,1.0,3.0,1.0
1,1.0,0.555070161819458,1,961cuP3rfqgKJmh5Lu0AzVJ516,1.0,1.0,3.0,1.0
0,0.6046511627906976,0.9612982273101808,1,2383_zZGxCRJzjykFJNk3Fql3682,1.0,1.0,3.0,1.0
0,0.0,0.5685954093933105,1,9933_mUxqp74zyG7yfPAiEX420,0.0,0.0,3.0,1.0
1,1.0,0.4769136905670166,1,177554ovP1_0ekekHhCRWFeh3487,1.0,1.0,3.0,1.0
0,0.8,0.5196313858032227,1,2014_XSPnuBYuAskzekdUW9_2184,1.0,1.0,3.0,1.0
0,0.1176470588235294,0.7286896705627441,1,22218q38c0YRb2JXvtSd0Nqf4045,0.0,0.0,3.0,1.0
0,0.5217391304347826,0.5683884620666504,1,1425XcsU_HbBgv8By-D6Z3Ra612,1.0,1.0,3.0,1.0
1,1.0,0.3462812900543213,1,1942N1BOxjfwa6jWGDsgWHG22316,1.0,1.0,3.0,1.0
1,1.0,0.3117077350616455,1,216056mnlRJWqGhoIzF9wyxO4200,1.0,1.0,3.0,1.0
1,1.0,0.3693609237670898,1,26748vEm6_JIFNnvzYBeYPv81041,1.0,1.0,3.0,1.0
0,0.2857142857142857,0.495638370513916,1,561RShlPGzCfUPZQrUdWiIe226,0.0,0.0,3.0,1.0
0,0.2857142857142857,0.600557804107666,1,1999pCsU6o7Al1PsagdDjDms2208,1.0,1.0,3.0,1.0
1,1.0,0.4090473651885986,1,1360LxZ_Vrj1sZ5dYHaRGOd6792,1.0,1.0,3.0,1.0
0,0.4705882352941176,0.6170024871826172,1,693O9x_DHPjJvDEqDaL5z3P2891,1.0,1.0,3.0,1.0
0,0.0,0.5838871002197266,1,2162Pp7-3-5tDfWWUPh7kkoP4192,0.0,0.0,3.0,1.0
0,0.0,0.5392658710479736,1,1406r0ltJ0ogZOEySbpwaMW3668,0.0,0.0,3.0,1.0
1,1.0,0.3160722255706787,1,2454DywEFUk_89WopSOIo62c1889,1.0,1.0,3.0,1.0
0,0.6666666666666665,0.6836035251617432,1,2597oOL_7CB6tThxfotDFYvs2400,1.0,1.0,3.0,1.0
0,0.0,0.5569956302642822,1,23795KyPYBugQHXet6Mhcn6k3688,1.0,1.0,3.0,1.0
0,0.0,0.3317303657531738,0,550wrp-mp9TMdH2CqA5WYOK258,,,,
0,0.0,0.3300385475158691,0,680SoWSzZf-Vj7dvc7zwoPn2925,,,,
0,0.0,0.3916845321655273,1,631gfVFI_1P9ON_SQmft4dC23,0.0,0.0,3.0,1.0
0,0.3636363636363636,0.5923397541046143,1,1485zXrCfbHH-0tedwW1xWx02040,1.0,1.0,3.0,1.0
1,1.0,0.3551268577575683,1,2508lmmHXbx9CbrIhCEGTMgz1762,1.0,1.0,3.0,1.0
0,0.4,0.4041869640350342,1,29445EWHlsJVMIRKwumbCiCS3988,0.0,0.0,3.0,1.0
1,1.0,0.4684309959411621,1,2355g1DEdj6BajInIdfN43xp3745,1.0,1.0,3.0,1.0
0,0.0,3.880069494247437,0,2342uOJtHG5g2JYNe5z81tda3775,1.0,1.0,3.0,1.0
1,1.0,0.3594460487365722,1,1404ZQwoPjfIlqZtLexyMKrY674,1.0,1.0,3.0,1.0
0,0.8,0.4381399154663086,1,2100wZS8Veo6hc9TL1NaJSaL1506,1.0,1.0,3.0,1.0
0,0.5714285714285714,0.7771761417388916,1,598sQDpQ6KKddxnTnAMlHjr115,1.0,1.0,3.0,1.0
1,1.0,0.376025915145874,1,897zxAZ4U3r-Zh1DtjSiIVV2634,1.0,1.0,3.0,1.0
0,0.2857142857142857,0.3069300651550293,0,1976nFbvQGItJWwdL8HbiMOH2242,,,,
1,1.0,0.2685949802398681,1,878tqshp6q6ko3DcqZ6tS6C2678,1.0,1.0,3.0,1.0
0,0.0,0.6078794002532959,1,563-2Ot_VAy9WLUHbhZEXOM219,0.0,0.0,3.0,1.0
1,1.0,0.3542807102203369,1,1189K35XQ01jiETvv7rYOo0U3188,1.0,1.0,3.0,1.0
0,0.0,0.3432953357696533,1,1224Jb1mPpUJDQXOAhjg5Vzo3084,0.0,0.0,3.0,1.0
1,1.0,0.3393850326538086,1,2146CMsypO-GlkGAyST9v2a-4234,1.0,1.0,3.0,1.0
0,0.0,0.3882582187652588,1,707rbJ8T66FV5pGZGyETeS02861,0.0,0.0,3.0,1.0
0,0.0,0.4621360301971435,1,648xsH7lylyZmqHM5Ja6ZG03010,1.0,1.0,3.0,1.0
0,0.3529411764705882,0.4975228309631347,1,2042iP4Erd5NWbbUyNtHBaEc1672,1.0,1.0,3.0,1.0
0,0.25,0.6273410320281982,1,1543fk6_ZyKd7tjxsbc5mIjL1383,1.0,1.0,3.0,1.0
1,1.0,0.4269437789916992,1,2338Lzhex2xkJZC3CWbYyT8B3782,1.0,1.0,3.0,1.0
0,0.1333333333333333,0.4103736877441406,1,668cWm_2tZEF2k08oPyz6iV2954,0.0,0.0,3.0,1.0
0,0.0,0.5125648975372314,1,2434KMUI0qQbxWvYC1q1ZqFT3594,0.0,0.0,3.0,1.0
0,0.8571428571428571,0.288684606552124,1,15278rOHAAwxs4q7s-hbQurx1953,1.0,1.0,3.0,1.0
0,0.8,0.3205265998840332,1,1448svVuYFDg3snhISg21wg52116,1.0,1.0,3.0,1.0
0,0.608695652173913,1.0266239643096924,1,2208FuW7GAKFmCyvVin50esl4075,1.0,1.0,3.0,1.0
0,0.0,0.584155797958374,1,2213gQhJ4zM5EYENYcGQHGTa4060,0.0,0.0,3.0,1.0
1,1.0,0.3930287361145019,1,2680JFom2C2m5B61Zmr5e-xw1023,1.0,1.0,3.0,1.0
0,0.3555555555555555,0.8620939254760742,1,99301Zg9cGHX9Gf1_cI5mfK422,0.0,0.0,3.0,1.0
0,0.2857142857142857,0.5716733932495117,1,1813DaTooZTJtMNx4CNYD2p73402,1.0,1.0,3.0,1.0
0,0.3636363636363636,0.3622031211853027,0,1423PX6sAYWhpQtqDkPXlwvJ619,,,,
0,0.074074074074074,0.6116745471954346,1,1608Cjwz1f5MVloyXDrYtYD11216,0.0,0.0,3.0,1.0
1,1.0,0.4852216243743896,1,1469FeepfYJGM-RcHVUumiAM2073,1.0,1.0,3.0,1.0
0,0.5,0.4875218868255615,1,1417CvbtpTdNieUFK8V6Ekov636,1.0,1.0,3.0,1.0
1,1.0,0.4190449714660644,1,2649-t0VK97BxI7xwcKTZLgQ1107,1.0,1.0,3.0,1.0
0,0.3333333333333333,1.1038079261779783,1,2037vvaVvs2-z2aR3schUPE52139,0.0,0.0,3.0,1.0
0,0.0833333333333333,0.8038241863250732,1,2956c4WpDuj0SNG4mcpScOq33969,0.0,0.0,3.0,1.0
1,1.0,0.4681990146636963,1,2217SJQhtYv5R5TRR96GIUDz4054,1.0,1.0,3.0,1.0
0,0.7567567567567568,0.8241710662841797,1,9901bDIlgQKtM_dfl7Uf_OW431,1.0,1.0,3.0,1.0
1,1.0,0.3816242218017578,1,1531MPYKMgh40o6Ahyhf_CTe1945,1.0,1.0,3.0,1.0
1,1.0,0.3772003650665283,1,2721w4sXZ7mV6j4Zl36hHUHd911,1.0,1.0,3.0,1.0
0,0.125,0.6722743511199951,1,554Juv49GDSnjvb85QJzKnH247,0.0,0.0,3.0,1.0
1,1.0,0.4223809242248535,1,2103yGieEHPDGAmeuapsFKsj1498,1.0,1.0,3.0,1.0
0,0.2222222222222222,0.6438031196594238,1,1184C_LA1pOBVN-7HWp0PVT03204,1.0,1.0,3.0,1.0
0,0.4444444444444445,0.7135148048400879,1,1617-HTq6axozTF-eMfISD1Y1189,1.0,1.0,3.0,1.0
0,0.4615384615384615,0.3813917636871338,0,1623v44E7fmDk54O42TCHeFJ1171,,,,
0,0.5,0.3046388626098633,1,1554YNq8lJaLBlAPjkvuXlSf1355,1.0,1.0,3.0,1.0
1,1.0,0.3022339344024658,1,1368uHWjPP6hjmEyI0Uea54f768,1.0,1.0,3.0,1.0
0,0.5,0.4534628391265869,1,19488Pr6RoX5NaT1BWOrfb8b2304,1.0,1.0,3.0,1.0
0,0.0909090909090909,0.7370738983154297,1,915hNLqOaPgMDH13MsuVSK52580,0.0,0.0,3.0,1.0
1,1.0,0.4202418327331543,1,1569FwzJ_LvmO5rW73WzT8541310,1.0,1.0,3.0,1.0
0,0.4285714285714285,0.2889838218688965,0,2352sATjKyGbbi4RfrwE-QmQ3752,,,,
0,0.375,0.5503027439117432,1,2146CMsypO-GlkGAyST9v2a-4233,1.0,1.0,3.0,1.0
0,0.888888888888889,0.3852148056030273,1,2558zZ0LNdBHfD9mCPPPKIms2473,1.0,1.0,3.0,1.0
0,0.4,0.4857852458953857,1,852ZSryt9TK0_Cz0XclTy282743,1.0,1.0,3.0,1.0
0,0.3636363636363636,0.4933412075042724,1,1466QWMZl6lBSpMlxHibwqSn2080,1.0,1.0,3.0,1.0
0,0.4848484848484848,0.9193680286407472,1,8478WHZms7MdB1ce7kHygtH2758,1.0,1.0,3.0,1.0
0,0.4761904761904761,0.7776944637298584,1,2981ylD4oznDeHfkfO4lmbTY3905,1.0,1.0,3.0,1.0
0,0.1,0.5545871257781982,0,1748onKgABfsH9Ey9B-K6T2n3558,,,,
0,0.5,0.5204625129699707,1,973wD6IGiEh8Dy46Roludyx482,1.0,1.0,3.0,1.0
1,1.0,0.3331551551818847,1,1504eudKQjh2Zcev4hK4oHI82011,1.0,1.0,3.0,1.0
0,0.0,0.4353177547454834,1,968MjFCclVS0d1D0f2qQj3H495,0.0,0.0,3.0,1.0
0,0.1333333333333333,0.6013467311859131,1,2156pBjZFStWsSSBpKEqULmP4208,1.0,1.0,3.0,1.0
1,1.0,0.3952553272247314,1,25008jyl_fvzpJnsuFBgdiMe1779,1.0,1.0,3.0,1.0
0,0.0,0.2108736038208007,0,1552mGG1NYRbYx9aZFFqni5G1359,,,,
0,0.7499999999999999,0.5081100463867188,1,1019zB6iUQ1EHfq_dimcfomU358,1.0,1.0,3.0,1.0
0,0.3333333333333333,0.3656799793243408,1,2516JbmLE4fDSyfphT4zqf3R1745,1.0,1.0,3.0,1.0
1,1.0,0.4562692642211914,1,699OiEXRKj_U0b0vWMEpACW2882,1.0,1.0,3.0,1.0
1,1.0,0.3523402214050293,1,1524sFrIwH53jua7jqnLYOiU1963,1.0,1.0,3.0,1.0
0,0.75,0.5319252014160156,1,2099-acnCQhCOzxPYUMuFfmt1510,1.0,1.0,3.0,1.0
0,0.0,0.3868579864501953,1,2047k8-fX-AM7Tv4kEIBJCC81656,0.0,0.0,3.0,1.0
0,0.0,0.651313304901123,1,21295BHq9T-LJZqpw1jzVi4C1423,0.0,0.0,3.0,1.0
0,0.1538461538461538,0.6537654399871826,1,2062VZLt42f5YfL_F5YiZJ9_1615,0.0,0.0,3.0,1.0
0,0.1538461538461538,0.9052209854125975,1,26862KtqVf6aUK3bcskyPun21003,1.0,1.0,3.0,1.0
0,0.5714285714285715,0.5592448711395264,1,2156cAAwtbnblT7bk5Q4OXmn4206,1.0,1.0,3.0,1.0
0,0.0909090909090909,0.5695123672485352,1,673iXJr6OQEiXTiLOSzfmZ82945,1.0,1.0,3.0,1.0
0,0.7272727272727273,0.3903133869171142,1,2662NwX5LGUVKuX9e_SZ5Ydk1075,1.0,1.0,3.0,1.0
1,1.0,0.3673291206359863,1,656YB8T90k-pyOHOCeclaxG2987,1.0,1.0,3.0,1.0
0,0.3636363636363636,0.4727609157562256,1,1822OZ0KdTZtweXH-nkWRos13384,1.0,1.0,3.0,1.0
0,0.7741935483870968,0.8063626289367676,1,13565ziQq0QewrGcH_w9CYT3803,1.0,1.0,3.0,1.0
1,1.0,0.3647089004516601,1,2989RyZlwTdDD2jGMDbsteBr3887,1.0,1.0,3.0,1.0
0,0.6666666666666666,0.5394814014434814,1,2226L8d66ouJEV1RUNRdzzwj4032,1.0,1.0,3.0,1.0
1,1.0,0.3407034873962402,1,548Bj6ddRdZ8SW-Zzx6iTxc265,1.0,1.0,3.0,1.0
1,1.0,0.4246504306793213,1,1753F2-F3aTBMQahcdDwW-XL3544,1.0,1.0,3.0,1.0
0,0.074074074074074,0.8797194957733154,1,9060M-eUQVT4tdQgPtZ-brd2608,0.0,0.0,3.0,1.0
0,0.0833333333333333,0.3138484954833984,0,1621o42smlJhfXvPseS5MLZK1176,,,,
0,0.3333333333333333,0.6703166961669922,1,1035Kj_n7x68Qn7yayqGqlkg309,1.0,1.0,3.0,1.0
0,0.7272727272727273,0.4502289295196533,1,2411yhLiRr_JQnLEj9IucyWG3630,1.0,1.0,3.0,1.0
0,0.0,0.4593935012817383,1,674NvGR-HjzwjtJCn0CRWAa2943,0.0,0.0,3.0,1.0
1,1.0,0.3552010059356689,1,3004X8M9tRmpFDo7C4yTa_nC3855,1.0,1.0,3.0,1.0
0,0.5263157894736842,0.6275885105133057,1,1339m1CLGfwJuUYwzo2OLZKV855,1.0,1.0,3.0,1.0
0,0.0,0.3633348941802978,1,1525U71OzY7b_K_zUbJ4Wn5-1960,0.0,0.0,3.0,1.0
0,0.0217391304347826,3.883472681045532,0,1231cJjNwm3bfsTH7qWJy5MR3064,1.0,1.0,3.0,1.0
0,0.4444444444444444,0.5152058601379395,1,1408azjEHKBnVfAY-oT13G79662,0.0,0.0,3.0,1.0
1,1.0,0.5163583755493164,1,916HouNf3Zihi-QrcktYOJO2577,1.0,1.0,3.0,1.0
0,0.0,0.4727094173431396,1,2203MPjw7wTHX4rxoiofFaQy4089,0.0,0.0,3.0,1.0
1,1.0,0.3558254241943359,1,2538uT9UzILgVbv20p7KxXWQ2515,1.0,1.0,3.0,1.0
1,1.0,0.477238655090332,1,2519KkZmS0x5ulGXiZTw1wKR1738,1.0,1.0,3.0,1.0
1,1.0,0.3462674617767334,1,1508P6G-ZISxFyD5_KJ3IUXw2005,1.0,1.0,3.0,1.0
0,0.8571428571428571,0.4469838142395019,1,2617lIcTuHq8N8es-n39g3012365,1.0,1.0,3.0,1.0
0,0.5454545454545454,0.8565080165863037,1,1225RCrAx9wJxpkVXOhgrIVp3082,1.0,1.0,3.0,1.0
1,1.0,0.4645516872406006,1,1955QD7fJQoA5kgOX2s2B5yE2287,1.0,1.0,3.0,1.0
0,0.5714285714285715,0.8004567623138428,1,1358Ru5uz8DUOjyO0Xc4TIeb798,1.0,1.0,3.0,1.0
0,0.0,0.74560546875,1,2960ks0WgzObT5mMe7JvUcdZ3958,0.0,0.0,3.0,1.0
1,1.0,0.3384692668914795,1,2587WZtb-G91TcjATusTTjeN2423,1.0,1.0,3.0,1.0
1,1.0,0.3836386203765869,1,584nEQ5EoREN-G1n2xXlQ6W156,0.0,0.0,3.0,1.0
0,0.0909090909090909,0.7547495365142822,1,1032MkCHpM6OpA6PnwVJTqDR318,0.0,0.0,3.0,1.0
0,0.0,0.5038394927978516,1,18101KP3McThNf4JrT7MhYDK3411,0.0,0.0,3.0,1.0
0,0.5,0.4432673454284668,1,1528MgNp15Yx30rPeZDqHZi11951,1.0,1.0,3.0,1.0
1,1.0,0.3961825370788574,1,2199K4y-1LqwxyvhvEKrLYlM4100,1.0,1.0,3.0,1.0
0,0.5,1.0610506534576416,1,2585Y2N2cI4AQIUUjwHj-pWh2425,1.0,1.0,3.0,1.0
0,0.0,0.2474684715270996,0,565rvmkktoSoI8TnbBAfOcj213,,,,
0,0.4117647058823529,0.8170788288116455,1,2191KGSRpNKqbnOuXgkR_GXG4120,1.0,1.0,3.0,1.0
0,0.4848484848484849,0.8063209056854248,1,932xbC9_ugIV02dO2WeOtf32536,1.0,1.0,3.0,1.0
0,0.888888888888889,0.3979678153991699,1,1174cqJct9Y7Xjuewm_koPVH3043,1.0,1.0,3.0,1.0
0,0.3333333333333333,0.4369599819183349,1,10310kDF1gSDdbFSECHjcQ-n321,0.0,0.0,3.0,1.0
0,0.3636363636363636,0.6431453227996826,1,2175S4MitjCgK9hknprHvclr4155,1.0,1.0,3.0,1.0
1,1.0,0.3512322902679443,1,1540m7KtQ8W37yFZzUzVcX5F1394,1.0,1.0,3.0,1.0
1,1.0,0.3944053649902344,1,939Nc5hGTneUEWAXybnpuTl582,1.0,1.0,3.0,1.0
1,1.0,0.4634420871734619,1,27096q2XztnsFkYKERTVO36v941,1.0,1.0,3.0,1.0
1,1.0,0.3941822052001953,1,1975vLuOp8gEBc7-d27D_PJt2245,1.0,1.0,3.0,1.0
0,0.8,0.3740291595458984,1,1154QF4krayqpB8xT4ck4ghA3287,1.0,1.0,3.0,1.0
0,0.5,0.531062126159668,1,24760bnRp2NFdgHXH8zJ23TS1835,1.0,1.0,3.0,1.0
1,1.0,0.5035116672515869,1,1353cuJ2B12zDs0aTs65HC-5812,1.0,1.0,3.0,1.0
0,0.2222222222222222,0.5252869129180908,1,1029D_VXSqeEcmujQynOF_FN328,1.0,1.0,3.0,1.0
0,0.0,0.5838577747344971,1,636DB3YzGx_xI3HQDZa-h7l6,0.0,0.0,3.0,1.0
1,1.0,0.3590528964996338,1,2043GupahRuMXnAkmy18E6L_1667,1.0,1.0,3.0,1.0
1,1.0,0.6454064846038818,1,1535JT_lXL_OClCIRi_Kf0od1933,0.0,0.0,3.0,1.0
0,0.8,0.4887082576751709,1,1186P7uxLqgOAlAmYWkWs7Z_3199,1.0,1.0,3.0,1.0
1,1.0,0.2959144115447998,1,2593zX92VD8oSNjdJEyoOd_R2406,1.0,1.0,3.0,1.0
0,0.5,0.29048752784729,1,2361c-8SrBx2PZDYVGvo5ybn3732,0.0,0.0,3.0,1.0
0,0.3870967741935484,0.6514434814453125,1,24434z3j5gm_bj0nuQ8LfJIw1911,1.0,1.0,3.0,1.0
1,1.0,0.3772296905517578,1,1755k6OhZV2tgTLoY1YA0e3q3539,1.0,1.0,3.0,1.0
0,0.5714285714285715,0.3636031150817871,1,5460SSbREtZ85AA4OPt7HWf272,1.0,1.0,3.0,1.0
1,1.0,0.3744947910308838,1,2963HjFPYoq9gOmFLNgG-zm13950,1.0,1.0,3.0,1.0
0,0.4666666666666666,0.723393440246582,1,1411rDFl1-2KKRZG_zvEhPJb653,1.0,1.0,3.0,1.0
0,0.2857142857142857,0.5382981300354004,1,6697jIYtcKSoYakHzaLUALm2953,0.0,0.0,3.0,1.0
0,0.8571428571428571,0.5778729915618896,1,1953_7jguMvfhNu8DiK9_PGm2290,1.0,1.0,3.0,1.0
0,0.4285714285714285,0.5085902214050293,1,924pjumaMwKOEdZ-UotwyI92553,0.0,0.0,3.0,1.0
0,0.4444444444444445,0.4390826225280761,1,2630sxHawjQEFB6dK2XvhQG62335,1.0,1.0,3.0,1.0
0,0.1999999999999999,0.3528907299041748,1,2515HnCK6br3syHDxNhRpc8g1749,0.0,0.0,3.0,1.0
1,1.0,0.4759554862976074,1,2174jnPDST2ssGQAHmj94OFQ4159,1.0,1.0,3.0,1.0
0,0.1538461538461538,0.5321674346923828,1,2437c2sYHX7dZAN7RcxrJekm3591,1.0,1.0,3.0,1.0
0,0.5,0.2812187671661377,1,5657UgoubyECldzVKmY9qmK215,1.0,1.0,3.0,1.0
1,1.0,0.4494485855102539,1,17827DnV3Cg-Nfu1fRrg_AZd3469,1.0,1.0,3.0,1.0
0,0.6,0.5533871650695801,1,30010MAQ7KJ-aW0Z2L6ThUUL3861,1.0,1.0,3.0,1.0
0,0.6666666666666666,0.2059733867645263,0,634_5Ke_8xaAo_UsybwdiB114,,,,
0,0.2857142857142857,0.4072051048278808,1,604mQQLLhcNi8N9nxflPiAk101,1.0,1.0,3.0,1.0
0,0.25,0.4043266773223877,1,2467UnCsY0GjqwvnMQVa1CFT1861,0.0,0.0,3.0,1.0
1,1.0,0.3960464000701904,1,594XaCVJIa20ZfOj0hFJ7HN126,1.0,1.0,3.0,1.0
1,1.0,0.3381938934326172,1,1984InJu5XFguodK1Khic6FC2232,0.0,0.0,3.0,1.0
1,1.0,0.4361209869384765,1,2194GC95ntf1sDidYwRyemAc4114,1.0,1.0,3.0,1.0
1,1.0,0.5041506290435791,1,2106VMTbOKIT8LUZtIXhHKmi1491,1.0,1.0,3.0,1.0
0,0.8,0.3894181251525879,1,2063CNHDBJueyaE4leS4xnyJ1610,1.0,1.0,3.0,1.0
0,0.8695652173913043,0.6487655639648438,1,1027GtA7cv0YAAASkTdOQJj_333,1.0,1.0,3.0,1.0
0,0.588235294117647,0.5039293766021729,1,874kqKcdnSqPr2kHFDtCs872689,1.0,1.0,3.0,1.0
0,0.5,0.4982547760009765,1,11810pNzis8O7iMe4D0TXLLB3213,1.0,1.0,3.0,1.0
0,0.4,0.4307289123535156,1,1801GMGqWYEBcwKtk36fM4SD3432,1.0,1.0,3.0,1.0
0,0.0,0.4563579559326172,1,29552yyd0Gev5Q7THSvvmMm23973,0.0,0.0,3.0,1.0
0,0.0,0.5607340335845947,1,9229vCEiyj7IT-qcEDEXgvZ2560,0.0,0.0,3.0,1.0
0,0.1176470588235294,0.5098459720611572,0,2360xl9Xtx2fW4L4xa2bqWt43735,,,,
0,0.2857142857142857,0.4547514915466308,1,1533z2Yfjif7NuyxeBQgP_HF1938,0.0,0.0,3.0,1.0
0,0.25,0.3493175506591797,0,1986Z84KJqkab5YckaHCqppB2226,,,,
0,0.8333333333333334,0.4341404438018799,1,1010HNqYCv68G7N_CQVNh43m383,1.0,1.0,3.0,1.0
0,0.6666666666666666,0.4336690902709961,1,1462MplDIpHfHip3TdPLnQAs2089,1.0,1.0,3.0,1.0
0,0.4761904761904761,0.5892667770385742,1,1823Eoxuy7YeAaFwIKLgSxRm3382,1.0,1.0,3.0,1.0
0,0.3157894736842105,0.669525146484375,1,5760zdXs4a1j3W7Ec0Pt00y181,1.0,1.0,3.0,1.0
0,0.0,0.6696619987487793,1,6303tv6IL3KzvNs_iehOLAO24,0.0,0.0,3.0,1.0
0,0.2,0.3350956439971924,0,1181VylIAjhzHKEbTHOk7pUQ3212,,,,
0,0.0,0.524890661239624,1,2060X2wuRhZlsLWO7ahOjJyR1620,0.0,0.0,3.0,1.0
0,0.4516129032258065,0.563316822052002,1,2675-gwBiwWZVyjWDUu4p4cd1037,1.0,1.0,3.0,1.0
0,0.8571428571428571,0.3548364639282226,1,975dedQPvGmPQcw3ASwBaEQ476,1.0,1.0,3.0,1.0
0,0.4,0.2381086349487304,0,5692z3V0IN830k8XsO-Od4W201,,,,
0,0.7499999999999999,0.4365816116333008,1,681ZSY2R55eJuqPvMg2YLu32922,1.0,1.0,3.0,1.0
0,0.5333333333333333,0.6163661479949951,1,1998cWl-TBhBN_jwx9-RUmIk2210,1.0,1.0,3.0,1.0
0,0.1666666666666666,0.6708459854125977,1,577J1_2EkXjvWVxk6PCwOXP179,0.0,0.0,3.0,1.0
0,0.6666666666666666,0.7336952686309814,1,1351ZgXI9kMkbXJxIICf4en4817,1.0,1.0,3.0,1.0
1,1.0,0.3908905982971191,1,1189xoCo3EiFLfneuFibLahf3189,1.0,1.0,3.0,1.0
1,1.0,0.4964804649353027,1,2212AiYgOTwS6-B2X1GvWcOv4061,1.0,1.0,3.0,1.0
0,0.0,0.4583337306976318,1,5401-KQtKiJkYnkPCmw8hgz290,0.0,0.0,3.0,1.0
0,0.0,0.5353109836578369,1,1500rtEwkj5Ab48-qvZJG-TC2020,0.0,0.0,3.0,1.0
0,0.6538461538461537,0.6683125495910645,1,1985TCdOsXGEqgnh_b69BgBa2230,1.0,1.0,3.0,1.0
0,0.631578947368421,0.555687427520752,1,893yr9lRN4Av6ZBi_1BuAEs2645,1.0,1.0,3.0,1.0
0,0.6451612903225806,0.818932294845581,1,2457EK954cnx1sbiMZvNQ97c1880,1.0,1.0,3.0,1.0
0,0.2941176470588235,0.9468109607696532,1,1354mCWTp9JbO_9CEDgtcsqF810,1.0,1.0,3.0,1.0
0,0.0,0.6764099597930908,1,5760zdXs4a1j3W7Ec0Pt00y182,1.0,1.0,3.0,1.0
1,1.0,0.3086104393005371,1,675_FqvNQZTBsCZpYPH5nqZ2941,1.0,1.0,3.0,1.0
1,1.0,0.3586428165435791,1,660LK3Me9by6QtGlAhc9ZgG2977,1.0,1.0,3.0,1.0
0,0.24,0.5823836326599121,1,1761xqf8AkX7fyG-P96OIUWX3521,1.0,1.0,3.0,1.0
0,0.6666666666666666,0.4026608467102051,1,1625pGkBzA7glpTmDaW3hVRT1164,1.0,1.0,3.0,1.0
0,0.6666666666666666,0.6894774436950684,1,2403lDHCVZKpIfdlK_DXX6453641,1.0,1.0,3.0,1.0
0,0.4,0.6382765769958496,1,2144yrUQFOf2xZpRnCxV07q-4238,1.0,1.0,3.0,1.0
0,0.0,0.5649545192718506,1,2105j8lJG7NIdPNa-ZKAQAFY1494,0.0,0.0,3.0,1.0
0,0.5714285714285715,0.5439393520355225,1,2367wI6YJctGx_TrLePW0zFT3717,1.0,1.0,3.0,1.0
0,0.7499999999999999,0.4287366867065429,1,1147WFziH2m07QrmUbmsVu0h3310,1.0,1.0,3.0,1.0
1,1.0,0.3236937522888183,1,648p8TjJdUhvz1kzwnKAbO63008,1.0,1.0,3.0,1.0
1,1.0,0.3977229595184326,1,2641T6RBdJb2XLZN38m4tLnQ1130,1.0,1.0,3.0,1.0
0,0.3999999999999999,0.6202037334442139,1,957jTOUmKitegWSXhSu5HBC528,1.0,1.0,3.0,1.0
1,1.0,0.4861612319946289,1,294512JZuY3wtRUnM7xV5Lvx3985,1.0,1.0,3.0,1.0
0,0.0,0.3986515998840332,1,2168vUp0MK_q-eM7E3DRDsyT4176,0.0,0.0,3.0,1.0
0,0.3636363636363636,0.4562385082244873,1,10225FLoQxnwSkdi_B5KomYG350,0.0,0.0,3.0,1.0
0,0.6896551724137931,0.59828782081604,1,24523V3YtR5qM3Ry32HOl9YL1891,1.0,1.0,3.0,1.0
0,0.5,0.8421008586883545,1,924h9Ft9SWd5mJ8NvTErCl72554,1.0,1.0,3.0,1.0
0,0.5714285714285715,0.4609251022338867,1,1606Veghij1A-QwW6GVlGuCZ1220,0.0,0.0,3.0,1.0
1,1.0,0.4648084640502929,1,1536Vt7y8jm3lM_hxL8HrDZ31928,1.0,1.0,3.0,1.0
0,0.0983606557377049,2.627429723739624,0,945tBlPoKsnHp4m96z6_5la566,0.0,0.0,3.0,1.0
0,0.5714285714285714,0.7119569778442383,1,2725wuIIBvm6m_bXwQlOlPpe897,1.0,1.0,3.0,1.0
0,0.8,0.4189379215240478,1,932xbC9_ugIV02dO2WeOtf32535,1.0,1.0,3.0,1.0
1,1.0,0.3779881000518799,1,571cpox6B770TVdihACJYmK196,1.0,1.0,3.0,1.0
0,0.6666666666666666,0.5098750591278076,1,1424tcuici39BiIRCrEsLBdb617,0.0,0.0,3.0,1.0
0,0.1538461538461538,0.3950264453887939,1,612j9e8x-SX2twmRLrzLrA_80,1.0,1.0,3.0,1.0
0,0.6153846153846153,0.5147819519042969,1,888Xb_uMPfibcJslsiGts6V2655,1.0,1.0,3.0,1.0
0,0.8333333333333333,0.5786957740783691,1,1558USBzQpgdUWBcaUu8vmKq1343,1.0,1.0,3.0,1.0
0,0.0,0.7242279052734375,1,2010WZCaJ4UATWnu47fC8x_q2194,0.0,0.0,3.0,1.0
0,0.2,0.6721577644348145,1,2136GTNtg5ii_ljvTYd0c3zb1403,1.0,1.0,3.0,1.0
1,1.0,0.3861863613128662,1,2025x_2hg-9mZ-EGi6p0a3jI2164,1.0,1.0,3.0,1.0
0,0.1739130434782609,0.5748236179351807,1,27240PkmgWqz5j9_Fq0dxZCZ902,1.0,1.0,3.0,1.0
0,0.5454545454545454,0.5384407043457031,1,1222uS4El57Q2wzu8IrO8jXC3091,1.0,1.0,3.0,1.0
0,0.5,0.456399917602539,1,1407v19CEpuYZwkqnTa-q-b7664,1.0,1.0,3.0,1.0
0,0.3448275862068966,0.5788679122924805,1,2042miR6jt7vY_V7syKyFwGL1670,1.0,1.0,3.0,1.0
0,0.7368421052631579,0.6274843215942383,1,2177rTzU3iHejo6wHiCUUGgR4151,1.0,1.0,3.0,1.0
0,0.4,0.3921153545379638,1,1565Ydie_dkDFB5ITs4J5bt91321,1.0,1.0,3.0,1.0
1,1.0,0.3196220397949219,1,102860x28lgIYl08vHuvaK5q332,1.0,1.0,3.0,1.0
0,0.1333333333333333,0.6146879196166992,1,1597nEqmtOHPo0XoNSnISrKk1245,1.0,1.0,3.0,1.0
1,1.0,0.3215644359588623,1,1828fptyhwuU_NFzQJA1Xi3E3367,1.0,1.0,3.0,1.0
0,0.5,0.4621205329895019,1,1553HtIHHM40j_HGKzQ8UC-Q1357,1.0,1.0,3.0,1.0
1,1.0,0.4227399826049804,1,2410AFq_qQ8y8JGQ7JFgVY783632,1.0,1.0,3.0,1.0
1,1.0,0.5406947135925293,1,2143rWgXIxnPTtsFFOBT0X5t4242,1.0,1.0,3.0,1.0
0,0.1428571428571428,0.4330854415893554,1,22165cE4SIrSj4XGK-I-cUmM4056,0.0,0.0,3.0,1.0
0,0.0,0.3820323944091797,1,1991TmQZ4tOI7nwuybQ4yHxb2218,1.0,1.0,3.0,1.0
0,0.5,0.4369113445281982,1,626sqIdy_-8ySZOwFGfvHa-37,1.0,1.0,3.0,1.0
1,1.0,0.3494658470153808,1,2002a_R1XmwMDmL5wyPZDS2t2204,1.0,1.0,3.0,1.0
0,0.6956521739130436,0.8257639408111572,1,91489gYi_bXEz_5f9xGfB8j2584,1.0,1.0,3.0,1.0
0,0.0,3.9050002098083496,0,699OiEXRKj_U0b0vWMEpACW2881,1.0,1.0,3.0,1.0
0,0.4,0.6137821674346924,1,845RUlmcCAkxZC2itV7MBh62764,1.0,1.0,3.0,1.0
0,0.8571428571428571,0.4669108390808105,1,2118pxZoSka6gwQShv5gCvh11453,1.0,1.0,3.0,1.0
0,0.16,0.6902210712432861,1,10048BfgjG4enz3988-bMTQR401,0.0,0.0,3.0,1.0
0,0.6363636363636364,0.770939826965332,1,2145sC266Uf0RNluKT7FLFAv4237,1.0,1.0,3.0,1.0
1,1.0,0.2156603336334228,0,1233BIh1MjWe8V_gvfBvkEMh3061,,,,
1,1.0,0.3644185066223144,1,2954jqY3V8dMNBIkxfLtHeUy3975,1.0,1.0,3.0,1.0
0,0.2857142857142857,0.5723369121551514,0,874TgJ6pjm1tIjGOz4RQM6P2687,,,,
0,0.5,0.3996248245239258,1,2683ZWKumnsegnDtGeIxL8lV1014,1.0,1.0,3.0,1.0
0,0.4827586206896551,0.8350999355316162,1,1372lJrQ_uzmwv3HIDERdt8q756,1.0,1.0,3.0,1.0
0,0.6666666666666666,0.3312044143676758,1,846pjUcdsDwdYxx6e-kSkqz2759,1.0,1.0,3.0,1.0
0,0.0,0.3909726142883301,1,902WTqrcVsS44_3kCdKoIiQ2618,0.0,0.0,3.0,1.0
0,0.7368421052631579,0.5192408561706543,1,928Hu3KA-x6oU_y3HrI-1_W2543,1.0,1.0,3.0,1.0
0,0.0,1.280344009399414,1,2675d-90_uKGpaHgp3SdT5rO1036,0.0,0.0,3.0,1.0
0,0.5217391304347826,0.6634736061096191,1,1566GrfvtQHA0o-4EBsVEj541319,1.0,1.0,3.0,1.0
1,1.0,0.3789448738098144,1,1973ZkDmgLcfAz_KK8nK3nfI2248,1.0,1.0,3.0,1.0
0,0.3636363636363636,0.3228716850280761,0,870SoygQGV4uQaIki71P9Rb2697,,,,
0,0.782608695652174,0.7578001022338867,1,2079-LyObLxGymHC2hBqr_KO1564,1.0,1.0,3.0,1.0
0,0.0,0.5347130298614502,1,20584mhCkIhYtM4En0z3MQYe1626,0.0,0.0,3.0,1.0
1,1.0,0.5010669231414795,1,2561RPearP2qJJF5nNBvVQ1L2467,1.0,1.0,3.0,1.0
0,0.4705882352941176,0.6365718841552734,1,21437zdRayffhAEAXkARmi9b4241,1.0,1.0,3.0,1.0
0,0.0,0.4420766830444336,1,1485zXrCfbHH-0tedwW1xWx02039,0.0,0.0,3.0,1.0
0,0.0,1.1189956665039062,1,2525dJ4EWXcRDVXIeNXmusu41718,0.0,0.0,3.0,1.0
1,1.0,0.5000147819519043,1,1343QtMvat2gfyOpKcj4hGQk843,1.0,1.0,3.0,1.0
0,0.3333333333333333,0.8482847213745117,1,1611MZZJtpt_K7BKLoHaLOLz1206,1.0,1.0,3.0,1.0
0,0.4615384615384615,0.5748298168182373,1,16098VmMKHS5S-zIoi9Lnexu1213,1.0,1.0,3.0,1.0
0,0.5,0.4105622768402099,1,632js9QOyeh51lieyyYEk4e20,0.0,0.0,3.0,1.0
0,0.7826086956521738,0.5334618091583252,1,2603-H9t6TlkjtGBNIL8Vb1I2387,1.0,1.0,3.0,1.0
1,1.0,0.4230046272277832,1,659fIQxckVQ8kQLQWyiAcB82981,1.0,1.0,3.0,1.0
0,0.5454545454545454,0.5282762050628662,1,640UbntiFko68p3ukz6iGpI3033,1.0,1.0,3.0,1.0
0,0.6666666666666666,0.6313011646270752,1,2054QGdD7x1dFKrhbc4zQqkz1637,1.0,1.0,3.0,1.0
0,0.25,1.1547846794128418,1,2458dUd4YKaHBPU_GMLLWI0i1876,1.0,1.0,3.0,1.0
0,0.888888888888889,0.4957756996154785,1,1208_hsVPm9rZYhHcK-M-aqb3131,1.0,1.0,3.0,1.0
0,0.021505376344086,3.853825807571411,0,2676Sh1pbKjbPEdIZU4GMc-I1033,1.0,1.0,3.0,1.0
0,0.6666666666666666,0.463602066040039,1,1535JT_lXL_OClCIRi_Kf0od1932,1.0,1.0,3.0,1.0
0,0.0,0.520676851272583,1,2466TSVQzmiW-hXcxaEULw6K1864,1.0,1.0,3.0,1.0
0,0.0,0.4085667133331299,1,709ZYekPZmIHVZUS0oAXArM2857,0.0,0.0,3.0,1.0
0,0.4827586206896551,0.672633171081543,1,599vA9baHhr2B12VCaQyfug111,1.0,1.0,3.0,1.0
1,1.0,0.3743884563446045,1,30010MAQ7KJ-aW0Z2L6ThUUL3860,1.0,1.0,3.0,1.0
0,0.0,3.8697547912597656,0,15234HN9qI_Z1BT9PU4i4eXx1966,1.0,1.0,3.0,1.0
0,0.1818181818181818,0.6621818542480469,1,2207Mhu0k4bRW9NfkPd9T-8G4076,0.0,0.0,3.0,1.0
0,0.7407407407407407,0.71732497215271,1,9674guoihWvbbOOb4MxV9OO500,1.0,1.0,3.0,1.0
0,0.1176470588235294,0.6335551738739014,1,2532Ivi3Ohs9yg4eP9GRF8Og1698,0.0,0.0,3.0,1.0
0,0.4,0.5240025520324707,1,650c9GCkujN5yX2Hq3ptgvj3004,1.0,1.0,3.0,1.0
0,0.1999999999999999,0.6107385158538818,1,1210_s24nmmMlgNl60QCA3_m3127,1.0,1.0,3.0,1.0
0,0.0,0.2908899784088135,1,692bmuZ27AI6NVxsz0KR_vt2894,0.0,0.0,3.0,1.0
0,0.4210526315789474,0.6118621826171875,1,991UJ4U1LRmAW5-f92M6LsY427,1.0,1.0,3.0,1.0
0,0.0,0.4780247211456299,1,1758f6XRTOs9blC5Tid8Svkp3530,0.0,0.0,3.0,1.0
0,0.4,0.364124059677124,1,711G4Jg_FtYtXkHFYHcl93A2850,0.0,0.0,3.0,1.0
0,0.3076923076923077,0.5687205791473389,1,881k4icJUV-D69snt3YwNkN2669,1.0,1.0,3.0,1.0
1,1.0,0.4723701477050781,1,1360LxZ_Vrj1sZ5dYHaRGOd6791,1.0,1.0,3.0,1.0
1,1.0,0.4052243232727051,1,2370c3Q74fBiYG2zw9ZSejzb3708,1.0,1.0,3.0,1.0
0,0.074074074074074,0.6545124053955078,0,20865AJD7uSijZkNu3lQlJ481545,,,,
0,0.717948717948718,0.7202334403991699,1,952immu55E33w37RJlOAkR0544,1.0,1.0,3.0,1.0
1,1.0,0.4624764919281006,1,1185gqKvDplW4LckBGIE71n43200,1.0,1.0,3.0,1.0
0,0.0,3.885543346405029,0,1007UIE-H0wbpcNQZ4pjpJnS390,1.0,1.0,3.0,1.0
1,1.0,0.3164126873016357,1,2167979S1AzMJxecio9-6zel4181,1.0,1.0,3.0,1.0
0,0.25,0.5366153717041016,1,2044egsXeT6Z85kZYfUih06a1665,1.0,1.0,3.0,1.0
0,0.6153846153846154,0.5046677589416504,1,877wqSp0Rkg0hf-ytTtfQ252683,1.0,1.0,3.0,1.0
0,0.1333333333333333,0.6099159717559814,1,1380vA5P1fp-1XlZm7dLip3Q738,0.0,0.0,3.0,1.0
1,1.0,0.3380272388458252,1,1764vbHFXwP80fm-jdwvjuuX3511,1.0,1.0,3.0,1.0
0,0.8,0.4779314994812011,1,2982l1HVy2DPPpYq8WtirtxS3904,1.0,1.0,3.0,1.0
0,0.8571428571428571,0.3787779808044433,1,1231cJjNwm3bfsTH7qWJy5MR3063,1.0,1.0,3.0,1.0
0,0.6666666666666666,0.3270988464355469,1,952immu55E33w37RJlOAkR0545,1.0,1.0,3.0,1.0
0,0.1111111111111111,0.8480732440948486,1,2461f8qQbH49itp6TCfAxJMw1869,0.0,0.0,3.0,1.0
0,0.9090909090909092,0.5045008659362793,1,1389NIt7VpLR3rFxLFr6lrvJ712,1.0,1.0,3.0,1.0
0,0.5,0.5808572769165039,1,2965gY_fu8R7HgvXWZ2YZhQn3944,1.0,1.0,3.0,1.0
0,0.5,0.7211735248565674,1,2682o1_7d0Xjs0Bd9ZV891gv1017,1.0,1.0,3.0,1.0
0,0.3636363636363636,0.4305481910705566,1,2690j2wOUpSsJgKU08FvIZEg994,1.0,1.0,3.0,1.0
1,1.0,0.3604896068572998,1,1034epoawfzg9BJTz2Ca4vrd313,1.0,1.0,3.0,1.0
1,1.0,0.3596887588500976,1,716L1l3pKy-zugpO_a6ilSo2836,1.0,1.0,3.0,1.0
0,0.2857142857142857,0.6110720634460449,1,2228Tic033jedplc8b6Uf0fN4026,1.0,1.0,3.0,1.0
0,0.8695652173913043,0.6382138729095459,1,619TPd5jEymGsYMQLGFu97J58,1.0,1.0,3.0,1.0
0,0.054054054054054,0.935255527496338,1,15964GBbwb3RvaHJ4qtXl4Wq1246,1.0,1.0,3.0,1.0
1,1.0,0.390453577041626,1,722euX_8p0vNdY_kluqzWx42823,1.0,1.0,3.0,1.0
0,0.75,0.3689625263214111,1,590ro0nE5d3ot52_gvAC8T9138,1.0,1.0,3.0,1.0
0,0.5555555555555555,0.7967221736907959,1,2220FiinFvsU7-YyZ30zv8jY4048,1.0,1.0,3.0,1.0
0,0.5714285714285715,0.4392170906066894,1,979hdglxJn8R-0hBhG7P5nM463,1.0,1.0,3.0,1.0
1,1.0,0.4829373359680176,1,2694ltreEVbPipuuO8jQ7qct981,1.0,1.0,3.0,1.0
0,0.1176470588235294,0.449786901473999,0,7201GV7Ue0Cd9oNYVERMrHM2827,,,,
0,0.1176470588235294,0.8114926815032959,1,13441C2N2xP14JB_ucyRSeEL840,0.0,0.0,3.0,1.0
1,1.0,0.4971787929534912,1,1593wQ03VrIWqHihtyDIzkll1253,1.0,1.0,3.0,1.0
1,1.0,0.3834505081176758,1,1830MpIhGxEOYndLD4ltPTIl3361,1.0,1.0,3.0,1.0
0,0.0,0.2865591049194336,0,624IMVlhXqEDrP4UTYdjFBl43,,,,
0,0.6666666666666666,0.4676573276519775,1,2626MQV0T7h5MJ3KG7hHErhC2347,1.0,1.0,3.0,1.0
1,1.0,0.4635834693908691,1,201676gIfT7jAO-6h0fecgJk2181,1.0,1.0,3.0,1.0
0,0.0,0.4754083156585693,1,1622VzIGjCK9OcMrN2AGi78L1173,0.0,0.0,3.0,1.0
0,0.8571428571428571,0.5556111335754395,1,2129Ps1jQaY1CwoiNj8jmkkP1422,1.0,1.0,3.0,1.0
0,0.2222222222222222,0.6193022727966309,1,1779lcPuO1NFS50gJD6T-Zo73477,0.0,0.0,3.0,1.0
0,0.1999999999999999,0.6099288463592529,1,2095lK7AE7QBvvimiBGlAhCP1520,1.0,1.0,3.0,1.0
1,1.0,0.3042819499969482,1,1566OYiRrAn9nhAe8krxhhlH1318,1.0,1.0,3.0,1.0
0,0.6956521739130436,0.6015381813049316,1,2562xhuuQrOL772giwHAFNN12465,1.0,1.0,3.0,1.0
0,0.4545454545454546,0.5623838901519775,1,1762sINPubHhOJZ7JGLvqpn33519,1.0,1.0,3.0,1.0
0,0.4,0.4396975040435791,1,981F93-pjjKms7jx4e2JVzV458,1.0,1.0,3.0,1.0
1,1.0,0.3775250911712646,1,985ZjvvC0gTx6zRqASlgtzC445,1.0,1.0,3.0,1.0
1,1.0,0.3414695262908935,1,1622tBSu7soksT-AzmIOuApI1175,1.0,1.0,3.0,1.0
0,0.625,0.5631909370422363,1,2597bEEmj9EqyhIvOn9lakux2398,1.0,1.0,3.0,1.0
0,0.4444444444444445,0.347858190536499,0,2111pGUGejfL5WACso3SLJbt1474,,,,
0,0.3448275862068966,0.8154816627502441,1,1187yN2Y5xluovzwpRCb1U-23195,1.0,1.0,3.0,1.0
0,0.4444444444444445,0.3742551803588867,1,607K-braHAQ3mBasRzaqi7I91,1.0,1.0,3.0,1.0
0,0.0,0.3658478260040283,1,2524HPFjghxlMH26LswuLr121721,0.0,0.0,3.0,1.0
0,0.0,0.5278441905975342,1,2112Ka84DXM_2O-I9bb2Bh1H1471,0.0,0.0,3.0,1.0
1,1.0,0.3039913177490234,1,2009yUPItY6TQRe6eMeSQjOO2195,1.0,1.0,3.0,1.0
0,0.1999999999999999,0.5367507934570312,1,3032cpPfK3yN5DpsFVbesgis3794,1.0,1.0,3.0,1.0
0,0.0,0.4998073577880859,1,674fc9KLiMj1S_6ZgcjWErn2942,0.0,0.0,3.0,1.0
0,0.625,0.5592007637023926,1,216056mnlRJWqGhoIzF9wyxO4199,1.0,1.0,3.0,1.0
1,1.0,0.4363160133361816,1,709nCI7ZXWYPT_VsxwhCSWp2855,1.0,1.0,3.0,1.0
0,0.0,0.3567392826080322,1,14135nOR58ZI6lSglpLLKJLs649,0.0,0.0,3.0,1.0
0,0.8421052631578948,0.4285471439361572,1,21523ahtzE44hJmj4vLleIFL4217,1.0,1.0,3.0,1.0
0,0.0,0.6568472385406494,1,2406B4Z7N9AspBfhkFExbXtA3637,1.0,1.0,3.0,1.0
1,1.0,0.4528400897979736,1,2677ervM-KMjq6rGhqtWXlXw1032,1.0,1.0,3.0,1.0
0,0.372093023255814,0.901869535446167,1,1388YAP57D0SapGUbpiJRE9a715,1.0,1.0,3.0,1.0
1,1.0,0.3752999305725097,1,971YiMBm82cMuE-VjwzggoC486,1.0,1.0,3.0,1.0
0,0.4210526315789474,0.5827488899230957,1,617iyLwPnEkb8aandhPxiQ265,1.0,1.0,3.0,1.0
0,0.5,0.4484105110168457,1,13429RfxQrh56mayQixQkhbs844,1.0,1.0,3.0,1.0
1,1.0,0.3415887355804443,1,647k5bR1qBlBkeACsN2IIMD3011,1.0,1.0,3.0,1.0
1,1.0,0.4245193004608154,1,961rHLHYK3rKYFAjaPXxUWS518,1.0,1.0,3.0,1.0
0,0.25,0.6094694137573242,1,3000dqwXFQm9XMFpQ0HwdmuB3862,0.0,0.0,3.0,1.0
1,1.0,0.3660156726837158,1,2719WfPBP5JMsTcRPHcHpNOM914,0.0,0.0,3.0,1.0
0,0.6666666666666666,0.3586814403533935,1,2040HhSymgf1wKjnAVm1XtFr1677,1.0,1.0,3.0,1.0
1,1.0,0.4090299606323242,1,2541rje6l6smnNf496Mfo2ZK2506,1.0,1.0,3.0,1.0
0,0.1481481481481481,0.750258207321167,1,1202iIzasrTScRTbY9MqhVF43151,1.0,1.0,3.0,1.0
0,0.1333333333333333,0.8140091896057129,1,2384aVhKH9_EVqT5P4uiN6BD3679,0.0,0.0,3.0,1.0
0,0.0,0.5865969657897949,1,2524gNYm9nwLrGjKr29PkOaJ1723,0.0,0.0,3.0,1.0
1,1.0,0.4098958969116211,1,1458N6uaL3BJbFx0zaaW_fWm2096,1.0,1.0,3.0,1.0
1,1.0,0.3708322048187256,1,1218FmLMT0y2IKk9ZtWcCy973101,1.0,1.0,3.0,1.0
1,1.0,0.5018231868743896,1,1466HA3s7uyQytzf1DGQ7ak82078,1.0,1.0,3.0,1.0
0,0.7777777777777778,0.6463572978973389,1,2163CPpJfPXi8a-ve64R5YUK4189,1.0,1.0,3.0,1.0
0,0.4000000000000001,0.4708099365234375,1,2119SJEcYcuuQpuvuba_KlGl1452,0.0,0.0,3.0,1.0
0,0.0,0.4666705131530761,1,2529megpj8CeZE8YmFG-ONB81706,0.0,0.0,3.0,1.0
0,0.5,0.4354782104492187,1,2099_g4dFIknl3fT9dwR3u1P1509,1.0,1.0,3.0,1.0
0,0.7499999999999999,0.4461469650268554,1,2217SJQhtYv5R5TRR96GIUDz4053,0.0,0.0,3.0,1.0
0,0.3157894736842105,0.6391081809997559,1,2669v67locIF9ThvWJ8mcmqm1055,1.0,1.0,3.0,1.0
0,0.4,0.5896477699279785,1,866LtsA6S3dXyfEn4lwSbj-2706,1.0,1.0,3.0,1.0
0,0.7777777777777778,0.5057227611541748,1,1011MjRtXOyGZ4-GuFtMmFil378,1.0,1.0,3.0,1.0
0,0.5,0.2311718463897705,0,11978_NZ80-7iblXNygjG5Mj3165,,,,
0,0.9333333333333332,0.5300643444061279,1,2166jcvCXmlprvHV3vNw6N8Q4183,1.0,1.0,3.0,1.0
1,1.0,0.2754042148590088,1,1462oZf7cRHuZfp2BDkDYtEC2088,1.0,1.0,3.0,1.0
1,1.0,0.4182677268981933,1,2032h_xc2uXEe2J9hKtwBMZw2147,1.0,1.0,3.0,1.0
0,0.0,0.2239241600036621,0,905uMGe3kos3fBWBJRcu64_2610,,,,
0,0.1538461538461538,0.6946280002593994,1,1401DngdKRka9HWtSFdUlGtf683,1.0,1.0,3.0,1.0
0,0.846153846153846,0.6128973960876465,1,2234WunkhYpA1H7nKvUqH4fU4009,1.0,1.0,3.0,1.0
0,0.5714285714285715,0.3521990776062011,1,6697jIYtcKSoYakHzaLUALm2952,1.0,1.0,3.0,1.0
0,0.0,0.5585227012634277,1,2728nFa2ldCrvtEJDng_XYxW888,0.0,0.0,3.0,1.0
0,0.2068965517241379,0.7123129367828369,1,1370QNUfD2WiHA7tvyK8d5Dc761,1.0,1.0,3.0,1.0
1,1.0,0.4135122299194336,1,2049EiSr8AWG9INgthccDLTD1650,1.0,1.0,3.0,1.0
0,0.5,0.342564582824707,1,2604e0fmEL2GWz6b8e3UT2SE2382,0.0,0.0,3.0,1.0
0,0.6666666666666666,0.4280176162719726,1,1477MEOUCxX-xvP9dW6zynAa2054,1.0,1.0,3.0,1.0
0,0.0,0.2963595390319824,1,893CM-JFvTvcT8bMPws6w-12646,1.0,1.0,3.0,1.0
1,1.0,0.3543305397033691,1,2112z5T54aGAg6qkaOS_CEpU1472,1.0,1.0,3.0,1.0
0,0.0555555555555555,1.0317869186401367,1,1379RrT3A_PqlFKQNYvghi-j741,0.0,0.0,3.0,1.0
0,0.8,0.3397257328033447,1,1773wG_suR5FqE-mF5fGOZf_3490,0.0,0.0,3.0,1.0
0,0.0,0.6378030776977539,1,25220uEQpWctQitEMppCz0oB1728,1.0,1.0,3.0,1.0
0,0.4,0.6448793411254883,1,1346yh2OMAtmfNpcRNt1SLy0832,1.0,1.0,3.0,1.0
1,1.0,0.3797047138214111,1,1764sM214smx3pexNt7ihmYZ3512,1.0,1.0,3.0,1.0
0,0.7777777777777778,0.502295732498169,1,29900qLcvUk1IANwUoRUksL83885,1.0,1.0,3.0,1.0
0,0.0,0.5616359710693359,1,2126DJgUbSL5sAmvrHK4b6i71433,0.0,0.0,3.0,1.0
0,0.2758620689655172,0.7119350433349609,0,2373NRKFusfQc_zLqjvXUBsn3703,,,,
1,1.0,0.2797384262084961,1,1146avA58X9cjk_DPeXmAxoa3312,1.0,1.0,3.0,1.0
0,0.8421052631578948,0.5056273937225342,1,25035fhaQNvL0WXgoeoS66lU1771,1.0,1.0,3.0,1.0
0,0.0,0.4461457729339599,1,1782pNwPTa1BHnMqErVHNgVn3468,0.0,0.0,3.0,1.0
0,0.8750000000000001,0.7196683883666992,1,2695ZPNMDXJVWkSpBsIvWP2e978,1.0,1.0,3.0,1.0
0,0.4285714285714285,0.5357789993286133,1,734OaSkZy1tFRAsQhwXZpw72791,1.0,1.0,3.0,1.0
0,0.761904761904762,0.5338263511657715,1,966sGFsmeXRVmn5uld87Uqx501,1.0,1.0,3.0,1.0
1,1.0,0.4242792129516601,1,1219M-HK-GzSUL0_YTpEyAal3100,1.0,1.0,3.0,1.0
0,0.25,0.2811267375946045,1,688c3WuYR4MMHLmhRv-gN0x2905,1.0,1.0,3.0,1.0
0,0.3333333333333333,0.5099432468414307,1,2700ouBGuI-BEf84sS7uN4t6964,0.0,0.0,3.0,1.0
0,0.2727272727272727,0.7184364795684814,1,1002OYjKgvY_WrTVyv0BBUq7298,1.0,1.0,3.0,1.0
0,0.8,0.3771514892578125,1,15263OLWSlkXpClkcExQ-34k1956,1.0,1.0,3.0,1.0
0,0.0,0.3269875049591064,1,2047gFZId1qs9iPQOZC-ctZk1655,0.0,0.0,3.0,1.0
0,0.0,0.536595344543457,1,632uvTxu-d7cMie_IsRhHir18,0.0,0.0,3.0,1.0
1,1.0,0.5093955993652344,1,2018YW2syleEWhsiOiqtl1bM2179,1.0,1.0,3.0,1.0
0,0.6250000000000001,0.7426223754882812,1,13557O5UDcwm79Dbe5mMKkyP805,1.0,1.0,3.0,1.0
0,0.1333333333333333,0.5902683734893799,1,610Wlu96o5AFYgV3XRdxvUD81,0.0,0.0,3.0,1.0
0,0.3076923076923077,0.7029783725738525,1,1222CcGGwOypuVs066m0-Ti03089,1.0,1.0,3.0,1.0
1,1.0,0.3731729984283447,1,920_3eA9G_QtBFRfHPqbpXD2564,1.0,1.0,3.0,1.0
1,1.0,0.3708193302154541,1,582uj-O_p2agIMaKLfVvt9q163,1.0,1.0,3.0,1.0
0,0.0,0.3975703716278076,1,11874ivUPRxetEbIs17W3yI23194,1.0,1.0,3.0,1.0
0,0.5,0.4535572528839111,1,663-JJ9KuxO4ce29ftc42bp2969,1.0,1.0,3.0,1.0
0,0.2857142857142857,0.7832114696502686,1,1586xdhd1pR6S0dzxj9ovgft1273,1.0,1.0,3.0,1.0
0,0.0,0.4134643077850342,1,1609EOhGYwBpZppwqq_NILl01211,0.0,0.0,3.0,1.0
0,0.3333333333333333,0.4572572708129883,1,728o5nPELHgiol01noXmKOs2804,0.0,0.0,3.0,1.0
0,0.4,0.54518723487854,1,26216Z83wTl882xhoh0wbJyW2356,1.0,1.0,3.0,1.0
1,1.0,0.4531219005584717,1,2738DAMkWYr6P41qkaUL03WS861,1.0,1.0,3.0,1.0
0,0.0416666666666666,2.6143932342529297,0,2685GABqKAQvYffOXnzpYe7d1007,1.0,1.0,3.0,1.0
0,0.8,0.4668183326721191,1,2497_yB250Kp0G5hx_qYaSQz1790,0.0,0.0,3.0,1.0
0,0.3999999999999999,1.2373480796813965,1,2655gxZrOskmjOA-TW3Ehnd31093,1.0,1.0,3.0,1.0
0,0.0,3.85932207107544,0,5638rNPpZlKveews0Jur10f220,1.0,1.0,3.0,1.0
0,0.8,0.5028800964355469,1,1610uoqONpVWq8hbfW0IWTp01210,1.0,1.0,3.0,1.0
0,0.5714285714285715,0.4265143871307373,1,1619WNMGVblYkoUK6xqbFIWj1181,1.0,1.0,3.0,1.0
0,0.7058823529411764,0.5964572429656982,1,2488DTQyWJtFzqpMo0G83Z141809,1.0,1.0,3.0,1.0
0,0.5,0.3159799575805664,1,1148PSyI-r3aKN8Fs-txzeP-3307,1.0,1.0,3.0,1.0
0,0.0,0.3448057174682617,0,620bIM9wpBXt4X64dKqTAlI54,,,,
0,0.2666666666666666,0.58721923828125,1,697hxPp_DRdUO5M8Mhc9Foe2883,1.0,1.0,3.0,1.0
0,0.1,0.5966835021972656,0,2596mAI-2gOF5YyGddhRQY7J2401,,,,
0,0.8,0.7462480068206787,1,1353w0JPzybqaK7D7IgLKUAQ811,1.0,1.0,3.0,1.0
0,0.0,0.3777377605438232,1,2002fbBFgunu-KJFrVTfeKi42202,1.0,1.0,3.0,1.0
1,1.0,0.3786766529083252,1,19576albE3jQTwnzltPL9x4p2282,1.0,1.0,3.0,1.0
1,1.0,0.3128829002380371,1,2029zM0iFxiByEjdcqWytGF82157,1.0,1.0,3.0,1.0
0,0.0,0.3438558578491211,1,705qdVGES6XsgQsP_yvGu_I2866,0.0,0.0,3.0,1.0
0,0.6153846153846153,0.705665111541748,1,5638rNPpZlKveews0Jur10f221,1.0,1.0,3.0,1.0
0,0.6666666666666666,0.3797485828399658,1,3025ztWv0J68PeStGtNqdd7e3807,1.0,1.0,3.0,1.0
0,0.5454545454545454,0.4856584072113037,1,992-81dbeU4j2z_OL117yjt423,1.0,1.0,3.0,1.0
1,1.0,0.5934607982635498,1,908jl25A_Iov80feqJ4evmm2602,1.0,1.0,3.0,1.0
0,0.6153846153846154,0.4854600429534912,1,1215415v_BmzwkNXDE-6MKs73111,1.0,1.0,3.0,1.0
0,0.8571428571428571,0.3258349895477295,1,1520uD9FiUqcbSpNYsUopFjY1971,1.0,1.0,3.0,1.0
0,0.7000000000000001,0.565483808517456,1,2389fMXDCf-L0WzUcKd1VeHg3670,1.0,1.0,3.0,1.0
0,0.1,0.5264902114868164,0,1428xPneXxp8WCid2OQ6y0ie605,,,,
0,0.5217391304347825,0.6177537441253662,1,1762sINPubHhOJZ7JGLvqpn33518,1.0,1.0,3.0,1.0
0,0.8181818181818182,0.882643461227417,1,2165UFxDkTAvPqvH4KxZyH3w4185,1.0,1.0,3.0,1.0
0,0.7692307692307693,0.5998334884643555,1,1385LTJsjSVpJOBIcpvswpuK721,1.0,1.0,3.0,1.0
0,0.5882352941176471,0.6000375747680664,1,633PNkXpWrT5V7t9B3iNQ9z15,1.0,1.0,3.0,1.0
0,0.5,0.3855073451995849,1,2552VNiXxsau_A7kc3Tvf3p22484,1.0,1.0,3.0,1.0
1,1.0,0.4099445343017578,1,145680wJT2OEc4U1fHPyTYZE2103,1.0,1.0,3.0,1.0
0,0.7272727272727272,0.6308093070983887,1,14141HXL5FAh9vdVXc_7zkwN645,1.0,1.0,3.0,1.0
0,0.7692307692307693,0.4150760173797607,1,1509CUIy9Rlec04CLHTvttMQ2001,0.0,0.0,3.0,1.0
0,0.074074074074074,0.7963962554931641,1,1016CUBKrFMJ-UTMJxunATzk368,0.0,0.0,3.0,1.0
1,1.0,0.3582761287689209,1,1553LH4jQ8Gyh4swkDp_mTRB1356,1.0,1.0,3.0,1.0
1,1.0,0.3328707218170166,1,1146WndGbCRXWQdZIkeho7Gc3311,1.0,1.0,3.0,1.0
0,0.064516129032258,0.8757808208465576,1,578C_O7pYNiyLAUSE5J66xB175,0.0,0.0,3.0,1.0
1,1.0,0.3952450752258301,1,1005kUSQjnYNjRyPCjiXwSaB398,1.0,1.0,3.0,1.0
0,0.0,0.715876579284668,1,998Con_q4MLI1RfJuY2bKbI415,1.0,1.0,3.0,1.0
1,1.0,0.4288766384124756,1,1226VvNg35i87Jc0HRevhBIp3079,1.0,1.0,3.0,1.0
0,0.0,3.871946096420288,0,1961NgbrYCa8qLoT8bwQvWyP2273,1.0,1.0,3.0,1.0
0,0.0,0.4072606563568115,1,958UDYY0qFH9pDU9YSVA8Vc526,0.0,0.0,3.0,1.0
0,0.0,0.3012089729309082,1,16127RJnwPcCuQ2L6JWAn7Rd1204,0.0,0.0,3.0,1.0
0,0.0,0.325444221496582,1,2345L8lcdJOyUpQRQBcnRzDK3766,1.0,1.0,3.0,1.0
0,0.4,0.2829306125640869,1,2379GN9mys5ZoyDzMrBRliJf3689,0.0,0.0,3.0,1.0
0,0.2857142857142857,0.7254865169525146,1,1497JQ4ZHRsRX7evdsz7Cnxn2026,1.0,1.0,3.0,1.0
0,0.1333333333333333,0.5365579128265381,1,1587uaVpzNlVFOvm2d9R858J1271,0.0,0.0,3.0,1.0
1,1.0,0.3594415187835693,1,691pqnhMyJfTBtJrs_4z71s2898,0.0,0.0,3.0,1.0
0,0.8,0.3258562088012695,1,2550LYN4iIl7yI_G3sifQnSg2490,1.0,1.0,3.0,1.0
0,0.3333333333333333,0.4394176006317138,1,1804uzeMzyojontOD0RrTKB-3426,1.0,1.0,3.0,1.0
0,0.8750000000000001,0.4754164218902588,1,875rKE1xYgnsy1BcrIiDIQI2685,1.0,1.0,3.0,1.0
0,0.0,0.60013747215271,1,2977yupMSQn-HI-bXvQfc1K33916,0.0,0.0,3.0,1.0
1,1.0,0.309171199798584,1,2698bgG-pSvhH1uH5WECCZ_3970,1.0,1.0,3.0,1.0
0,0.0,0.9529368877410888,1,2081wGIIBL_5uHYg2-zjVmIl1559,0.0,0.0,3.0,1.0
0,0.2352941176470588,0.6113965511322021,1,562PdLKBSdwFoIYHY2sfoIe222,1.0,1.0,3.0,1.0
0,0.8333333333333333,0.4197781085968017,1,1545g1Tb818_JNDAuQjE--ZZ1379,1.0,1.0,3.0,1.0
0,0.4444444444444444,0.2946314811706543,0,1544BBli6lvsM3ocK55YaTtb1382,,,,
0,0.761904761904762,0.6495344638824463,1,1000i5ZESzidE5hb6hdUdea2408,1.0,1.0,3.0,1.0
0,0.5833333333333334,0.6910746097564697,1,2693xNMD-j6qs0jX-U23Wf0I984,1.0,1.0,3.0,1.0
1,1.0,0.4092664718627929,1,14925BpcZux1svJlrAtyoMai2029,1.0,1.0,3.0,1.0
0,0.125,0.5738730430603027,1,556P8pjHZyb4ejA9BA5GDtx242,0.0,0.0,3.0,1.0
0,0.0,0.5376486778259277,1,1590DQgHfimikqgwh-c_JwUe1261,0.0,0.0,3.0,1.0
0,0.4285714285714285,0.595888614654541,1,2687GNgTIwftLmhQl-ULlyIq1002,1.0,1.0,3.0,1.0
0,0.4375,0.7743380069732666,1,252513Fb0l8m0GRRu_iLUCVp1720,1.0,1.0,3.0,1.0
0,0.3076923076923077,0.5135459899902344,1,664f37D7JhEzRWzT7PSpfeq2965,1.0,1.0,3.0,1.0
0,0.5714285714285714,0.5819268226623535,1,2148NJIHZymeZVgHJqfku_T-4226,1.0,1.0,3.0,1.0
0,0.1052631578947368,0.7846362590789795,0,22353xyc8AR6WxpoF2OKgYnG4005,,,,
0,0.888888888888889,0.4814720153808594,1,925n35w1SDxy9hu-BoGzQhT2551,1.0,1.0,3.0,1.0
1,1.0,0.428250789642334,1,25929jtoxzmRvrCghJK2Yr5n2409,1.0,1.0,3.0,1.0
1,1.0,0.2996606826782226,1,22035zMP91kTdK0D670Gm9DE4088,1.0,1.0,3.0,1.0
0,0.608695652173913,0.7346432209014893,1,1584nXcMXJnDRIJAimgA99Zv1279,1.0,1.0,3.0,1.0
0,0.0,0.5041794776916504,1,656YB8T90k-pyOHOCeclaxG2988,0.0,0.0,3.0,1.0
0,0.5454545454545454,0.6596722602844238,1,2693jy7ZRqHH6YP_cNnIYq_h983,1.0,1.0,3.0,1.0
1,1.0,0.4432806968688965,1,726Zqrdy5MxEOzGUtfFmSDk2812,1.0,1.0,3.0,1.0
0,0.6666666666666666,0.4158244132995605,1,974vUVNFZZhK9Vx9yosXwyz478,1.0,1.0,3.0,1.0
1,1.0,0.4056074619293213,1,1451JJuYQ7gSCXBvwOXzxUO72111,1.0,1.0,3.0,1.0
1,1.0,0.3739271163940429,1,1797bKcsOYWjujXqmm-PqvRx3438,1.0,1.0,3.0,1.0
1,1.0,0.5746841430664062,1,3011HiShQ8Sh1h9w8aYM2bSM3837,1.0,1.0,3.0,1.0
1,1.0,0.4825704097747803,1,2083X6CobqyKBWlVB2erFdr91552,1.0,1.0,3.0,1.0
0,0.0,0.4456963539123535,1,2059u7LeYW8QJT4FuRBunnc71622,0.0,0.0,3.0,1.0
0,0.7500000000000001,0.6787307262420654,1,2446m66Tw_4sOTHwmDMR5WHc1904,1.0,1.0,3.0,1.0
0,0.4705882352941177,0.5059328079223633,1,913p95ynskZDtXb0qOC6dwA2585,1.0,1.0,3.0,1.0
0,0.0909090909090909,0.5426537990570068,1,1483yi8ag0RBlDyqbW4LauBq2044,1.0,1.0,3.0,1.0
1,1.0,0.3786389827728271,1,1428xPneXxp8WCid2OQ6y0ie604,1.0,1.0,3.0,1.0
0,0.0,0.4324941635131836,1,2127j4vlim-EJ7C9hksd0XEG1430,0.0,0.0,3.0,1.0
0,0.0,0.591442346572876,1,3016UHntd5AXw8O8ujuIuzC03825,0.0,0.0,3.0,1.0
0,0.7692307692307693,0.5220537185668945,1,262821L4N7qZnsAQ8yXausca2343,1.0,1.0,3.0,1.0
1,1.0,0.3288843631744385,1,1739zS5d5K2nGI2VG3-3pbM_3586,1.0,1.0,3.0,1.0
1,1.0,0.5607521533966064,1,1407o89xvqZTutf5eFwNUiRW665,1.0,1.0,3.0,1.0
0,0.2105263157894737,0.5408637523651123,1,892NlSY0o_jjuvHCLz66OUl2648,0.0,0.0,3.0,1.0
1,1.0,0.463878870010376,1,1198n_07s62TLlmlj1bGHEMh3161,1.0,1.0,3.0,1.0
0,0.7499999999999999,0.5090324878692627,1,1145CdbMPhBl1m3XpPiJVufo3315,1.0,1.0,3.0,1.0
0,0.6666666666666666,0.521914005279541,1,300300XBB2enm-sjUC1pecfx3857,1.0,1.0,3.0,1.0
0,0.0,0.3202378749847412,1,2025tOS4Snu9-CzxWSTOYU392166,0.0,0.0,3.0,1.0
0,0.1,0.7051692008972168,0,1185QUMqAkrbMIjcG5gvt2YM3201,,,,
0,0.7692307692307692,0.6256406307220459,1,934hLc2W0dI5ExU1xikzEH42529,1.0,1.0,3.0,1.0
0,0.7368421052631579,0.5248332023620605,1,2635-GCLdPLMrmMD4qnPKG-_2328,1.0,1.0,3.0,1.0
1,1.0,0.3528475761413574,1,1577OEbmLnj5geKIc3Ms5Gtk1298,1.0,1.0,3.0,1.0
0,0.8,0.4025313854217529,1,26727Yse7GsoM0NaNss8TBWk1047,1.0,1.0,3.0,1.0
0,0.5714285714285714,0.5684411525726318,1,269641MnNGSIX-ZmkeYfsnXq976,1.0,1.0,3.0,1.0
1,1.0,0.4909963607788086,1,936Yj1HaPjTlXv6Hgo8Cae92522,1.0,1.0,3.0,1.0
0,0.0,0.6825525760650635,1,27065ZHgP-paSB5ljBAmKla_948,0.0,0.0,3.0,1.0
1,1.0,0.3941042423248291,1,2581ppi0j1b9BNl9BapOdicC2430,1.0,1.0,3.0,1.0
0,0.4390243902439024,0.6351983547210693,1,2601GgSIDEnk6OnshxTFVGk-2392,1.0,1.0,3.0,1.0
0,0.7499999999999999,0.5829207897186279,1,2729LQr51_aLqEDD75sH-mQa885,1.0,1.0,3.0,1.0
0,0.0833333333333333,3.8890318870544434,0,2711IiarGLddFLTH1FRe4yTe935,1.0,1.0,3.0,1.0
0,0.5714285714285714,0.6195938587188721,1,964RapMeSY8FyWlaMkFUNk8509,1.0,1.0,3.0,1.0
1,1.0,0.3498241901397705,1,1214OL0S8M01IQnF-7GOuJJn3113,1.0,1.0,3.0,1.0
1,1.0,0.3234374523162842,1,1946Nnxnp68NuZXwOGDihqLA2308,1.0,1.0,3.0,1.0
0,0.2380952380952381,0.9940733909606934,1,612ky8baY-v_Ae9A0ILjO9a78,1.0,1.0,3.0,1.0
1,1.0,0.3928906917572021,1,2492ldlNHGz1Ln-OVphSGeie1801,1.0,1.0,3.0,1.0
0,0.5263157894736842,0.6456153392791748,1,986wotq83gPK5H9RJCPZcUa443,1.0,1.0,3.0,1.0
1,1.0,0.4373512268066406,1,1999xtjeBxtA7VH_gw9Nh6zf2209,1.0,1.0,3.0,1.0
0,0.25,0.4808413982391357,1,6397bAfLk75E5KWRPhdSxoO3035,0.0,0.0,3.0,1.0
0,0.8,0.3713662624359131,1,593kmxrhCum30V8LO3FwczX131,1.0,1.0,3.0,1.0
0,0.4827586206896552,0.6838395595550537,1,1476v2PUFlQQdpTZSxONJoJN2058,0.0,0.0,3.0,1.0
0,0.5882352941176471,0.5542392730712891,1,933f51SxFqN5EEdYugeQFhF2533,1.0,1.0,3.0,1.0
1,1.0,0.3949644565582275,1,1837P7XMSHwyeqg5w6sgNooL3338,1.0,1.0,3.0,1.0
0,0.4864864864864864,0.8641936779022217,1,1155buq6aWlaQuO1-Win_xed3285,1.0,1.0,3.0,1.0
0,0.125,0.921971321105957,1,2400vNrdJburJUbyqPL1jKf-3646,1.0,1.0,3.0,1.0
0,0.2499999999999999,0.6146941184997559,0,634_5Ke_8xaAo_UsybwdiB113,,,,
1,1.0,0.4766173362731933,1,15928E8pxEJmfNp4i0dvTpic1257,1.0,1.0,3.0,1.0
1,1.0,0.3115370273590088,1,2046Y3tesPObf1eU4k2Ieg_q1658,0.0,0.0,3.0,1.0
0,0.6666666666666666,0.3663191795349121,1,1805jD6pXVUKWTExN0qvvGu63423,1.0,1.0,3.0,1.0
1,1.0,0.4582734107971191,1,1816M49IXoDpU__17vFIazVS3396,1.0,1.0,3.0,1.0
0,0.6666666666666666,0.5053310394287109,1,859dpErN7YnpSc62U8feJVS2722,1.0,1.0,3.0,1.0
0,0.0,0.7914369106292725,1,1016iZHfARlbR17vRBgOG7AS366,0.0,0.0,3.0,1.0
0,0.0,0.3595669269561767,1,2121tJVu3NPeLooSCowp2KBZ1446,0.0,0.0,3.0,1.0
0,0.8,0.4609498977661133,1,3008p0idCpuhxmLUgt3xPUiv3845,1.0,1.0,3.0,1.0
1,1.0,0.3371860980987549,1,1023GZ3dln2t0HzaDV2xwSoN347,1.0,1.0,3.0,1.0
1,1.0,0.2726063728332519,1,672fdvBLQoGo5ntM5w4YRi_2946,1.0,1.0,3.0,1.0
0,0.75,0.46661376953125,1,1617-HTq6axozTF-eMfISD1Y1188,1.0,1.0,3.0,1.0
0,0.625,0.6436192989349365,1,1829Io4ow-6WaOGk3uMLY2EE3364,1.0,1.0,3.0,1.0
1,1.0,0.4626350402832031,1,662FSjJPutAhsBA5hh--LCF2972,1.0,1.0,3.0,1.0
0,0.0,0.3377060890197754,1,999gah7KDso3MxqZMK24KwL413,0.0,0.0,3.0,1.0
0,0.5,0.4077441692352295,1,882doeTQayJlOLXdbcJEWxe2666,1.0,1.0,3.0,1.0
0,0.0,0.74143385887146,1,2346lpAFRW5wMh0QbCkt1J153765,0.0,0.0,3.0,1.0
0,0.2857142857142857,0.3980190753936767,0,570b8sPdCNrCb2fqPau5nlt198,,,,
0,0.0,0.5597212314605713,1,1364rzJ0x_lGbilmxlREm3-p780,0.0,0.0,3.0,1.0
0,0.8421052631578948,0.5954055786132812,1,1352KmQBu98vzork4gBBSRO7816,1.0,1.0,3.0,1.0
0,0.3846153846153846,0.6025137901306152,1,967mE-YQ6GKIOciQhgemIuu498,1.0,1.0,3.0,1.0
0,0.08,0.6135544776916504,1,853rlvzrZk-fZ0MJGXIDsKK2740,0.0,0.0,3.0,1.0
0,0.0,0.561708927154541,1,1420r8hCUL3cJbDlZaKhMA1w626,0.0,0.0,3.0,1.0
0,0.0,0.4770634174346924,1,9663riGhItsb_5EG0X5d0GP503,1.0,1.0,3.0,1.0
1,1.0,0.403496503829956,1,2632BRHiLLVNas_DcfbmC3c-2330,1.0,1.0,3.0,1.0
0,0.4680851063829787,0.7993426322937012,1,25775PQIxbBRzGch8_9ktspn2442,1.0,1.0,3.0,1.0
0,0.7692307692307692,0.5187053680419922,1,2686JOWKciP4s6sWuWPuyo-d1004,1.0,1.0,3.0,1.0
0,0.8,0.4034867286682129,1,1390o9_Ny0o9guZOaXj0sbu7711,1.0,1.0,3.0,1.0
1,1.0,0.4262828826904297,1,9686ZR7i7IlPRKYMLz1gLVE497,1.0,1.0,3.0,1.0
0,0.5333333333333333,0.5793166160583496,1,1747m5UQck6_uvx449-K2ICH3563,1.0,1.0,3.0,1.0
0,0.4615384615384615,0.8181092739105225,1,960o6-E-_ISeh5lV6FHiD34521,1.0,1.0,3.0,1.0
0,0.8181818181818181,0.6250667572021484,1,26584ooM2Zw_eA4brG7DDLRH1084,1.0,1.0,3.0,1.0
0,0.5882352941176471,0.546252965927124,1,2139yDUqrN6ktYr0XYmUtrhj4251,1.0,1.0,3.0,1.0
0,0.896551724137931,0.6181671619415283,1,2658kpZ5jhLWnxu93y4HPmEB1086,1.0,1.0,3.0,1.0
1,1.0,0.3402035236358642,1,1982gXuf8xxJfqlXCJ0lBbBx2236,1.0,1.0,3.0,1.0
0,0.7916666666666666,0.9560143947601318,1,1442E-iDHqJgmhXgGgUnsT6U2127,1.0,1.0,3.0,1.0
1,1.0,0.5583930015563965,1,1835xWOwAfgrbHJnPbJjkinW3345,1.0,1.0,3.0,1.0
0,0.0439560439560439,3.829434871673584,0,21819xbRjmQqZsl8GNgU4sNW4141,0.0,0.0,3.0,1.0
1,1.0,0.304929256439209,1,2535aSLMIE3ai-2WCJ4pqVYs1691,1.0,1.0,3.0,1.0
1,1.0,0.3250093460083008,1,735yFZGdJWVMnSb6dYaQkiG2787,1.0,1.0,3.0,1.0
1,1.0,0.549572229385376,1,1457upHRYV54bxzXrLiZtg6L2099,1.0,1.0,3.0,1.0
1,1.0,0.4021074771881103,1,1183U1zI1TbGdaZR1adOMYQM3207,1.0,1.0,3.0,1.0
0,0.0,0.2789773941040039,1,1369djsyqLYuxpeSrFzUMmCE764,0.0,0.0,3.0,1.0
1,1.0,0.3418436050415039,1,2977bAR1UUAdut5SZn4bYC9-3918,1.0,1.0,3.0,1.0
1,1.0,0.4180309772491455,1,2536UpX9Bg_Y08DDNzXdFiU_1690,1.0,1.0,3.0,1.0
0,0.0,0.2935569286346435,0,581eQPPkrKHcN8_8Sw_9yqc166,,,,
1,1.0,0.3106622695922851,1,182447yf5Kxgmkoq18WzZ-kB3379,1.0,1.0,3.0,1.0
1,1.0,0.4072647094726562,1,2599s6M3aZhTKLbo_uqhfouF2396,1.0,1.0,3.0,1.0
0,0.0,0.3068358898162842,1,2607OKKx_-TxJyP4xHwMylUE2373,0.0,0.0,3.0,1.0
0,0.6666666666666666,0.3482851982116699,1,1235ppKKbTr1utemwebxmtLB3055,1.0,1.0,3.0,1.0
0,0.2307692307692307,0.6534860134124756,1,2480x9e2-ZMs1EKt6D0tRsQi1826,1.0,1.0,3.0,1.0
0,0.3,0.703284502029419,1,2159ddV_uhwSKY-ivPDLPBYe4202,1.0,1.0,3.0,1.0
0,0.64,0.6734187602996826,1,1613_GNhprlpdle_vZoOR-qp1200,1.0,1.0,3.0,1.0
0,0.2285714285714285,0.7951698303222656,1,23527XII60w5C9XqiZx6OCLt3753,0.0,0.0,3.0,1.0
1,1.0,0.4304323196411133,1,1472rUZfzrrFBRkQ2V9Nom352064,1.0,1.0,3.0,1.0
1,1.0,0.4313061237335205,1,1952VkcVXDZByWM4BEkloo3g2292,1.0,1.0,3.0,1.0
0,0.4347826086956522,0.6541147232055664,1,1346nIMk4YFeJtxqsv7zKctl834,1.0,1.0,3.0,1.0
0,0.1428571428571428,0.8805317878723145,1,1021PPK-R-xW8kEi9x6y3ozh352,1.0,1.0,3.0,1.0
1,1.0,0.4884507656097412,1,2722B2Q7xCqKAJysuUWecphg907,1.0,1.0,3.0,1.0
1,1.0,0.4864256381988525,1,1007US_OGKNW9-UY27_fbDjW392,1.0,1.0,3.0,1.0
0,0.3333333333333333,0.6452953815460205,1,2959FnHyjmyIGupp1N26K34X3962,1.0,1.0,3.0,1.0
1,1.0,0.6368041038513184,1,1441MCBHwz4mlshCsnGFlkHe2131,1.0,1.0,3.0,1.0
0,0.0,0.4414303302764892,1,1144Dngx4nkJVbVR8P-iE7sU3318,0.0,0.0,3.0,1.0
0,0.0,0.6430494785308838,1,29814YmrvhgM84gEBT0lVxvw3906,0.0,0.0,3.0,1.0
0,0.0,0.7586486339569092,1,2971KWjWQ_4RCyuE49PD1BRC3931,0.0,0.0,3.0,1.0
0,0.2857142857142857,0.4729347229003906,1,1759y5yGptDhTmoTR_wEuxlL3527,1.0,1.0,3.0,1.0
0,0.6666666666666666,0.3561644554138183,1,2357Td0_4YYUSAljF5vBv_0h3739,1.0,1.0,3.0,1.0
1,1.0,0.3843557834625244,1,1150dinob9vqgTZrk-xbjId83300,1.0,1.0,3.0,1.0
0,0.1052631578947368,0.6045172214508057,1,1206pt-2ozhsCeZeJuJZ11Ii3138,0.0,0.0,3.0,1.0
0,0.7272727272727272,0.4799120426177978,1,920oP3ZWGsXlXtshho5kLW02566,1.0,1.0,3.0,1.0
0,0.0,0.3961663246154785,1,5790Fok9pJKiiI6Y-n3yb5i171,0.0,0.0,3.0,1.0
0,0.2857142857142857,0.2436063289642334,0,1746xFkEmAdD0clAPlBABufm3565,,,,
0,0.7142857142857143,0.709373950958252,1,1766ZRZ8EEGBsuCXUDeVU6AL3507,1.0,1.0,3.0,1.0
0,0.6428571428571428,0.8010084629058838,1,859dpErN7YnpSc62U8feJVS2721,1.0,1.0,3.0,1.0
0,0.0,0.305436372756958,1,2534kfzrkiF6qPoNEuEogKpb1695,1.0,1.0,3.0,1.0
1,1.0,0.2933013439178467,1,878Tp76n2ZpjK1LVAz5F3Mg2680,1.0,1.0,3.0,1.0
0,0.5,0.4449245929718017,1,1611MZZJtpt_K7BKLoHaLOLz1207,1.0,1.0,3.0,1.0
1,1.0,0.5010097026824951,1,687a3A4RhuOTcthCNUiIrgc2907,1.0,1.0,3.0,1.0
0,0.4545454545454545,0.627687931060791,1,2506tnNa34B-P_N92wRxsBoH1767,1.0,1.0,3.0,1.0
0,0.5714285714285715,0.5364537239074707,1,580J0GQq9CMPFwuNoK_eRB4170,1.0,1.0,3.0,1.0
0,0.4074074074074074,1.15565824508667,1,8868thLYr46u8EShTLKweit2658,1.0,1.0,3.0,1.0
0,0.5555555555555556,0.6870224475860596,1,1357dHKRJVVa-pcJ70XOotOx800,1.0,1.0,3.0,1.0
1,1.0,0.3553872108459472,1,8982jMja-0mYqXcdvoFxJxW2630,1.0,1.0,3.0,1.0
0,0.7368421052631577,0.7057597637176514,1,2655YDVlTu5g8XP-s_xoiAGt1095,1.0,1.0,3.0,1.0
0,0.4545454545454545,0.6011776924133301,1,2196RcteK2m9GTjJgXROQiPI4109,1.0,1.0,3.0,1.0
1,1.0,0.3548722267150879,1,9800iElAh33OivZxcm_4tCk460,0.0,0.0,3.0,1.0
0,0.761904761904762,0.708378791809082,1,24057YiGguOU4QpG_Wn3OHra3640,1.0,1.0,3.0,1.0
1,1.0,0.3852567672729492,1,2579V8DiOeUpZ5xJHz_B22Nw2437,1.0,1.0,3.0,1.0
0,0.0,0.8060743808746338,1,2087IjAfgbVGOizyI4eZPItW1543,0.0,0.0,3.0,1.0
0,0.7826086956521738,0.6312165260314941,1,2447UihYYfUXE3z2K7OG-aL91902,1.0,1.0,3.0,1.0
0,0.5128205128205129,0.5686066150665283,1,2631s34D4pZl8TjOOyGiit1L2332,1.0,1.0,3.0,1.0
1,1.0,0.4944167137145996,1,2115wjzLCrPzhF-VpxKRqJFP1463,1.0,1.0,3.0,1.0
1,1.0,0.4259579181671142,1,1818-F59qEXWD7zf-tifA6Fz3388,1.0,1.0,3.0,1.0
0,0.6666666666666666,0.4886732101440429,1,3003dQUE5hLbknhc6gAE1TOI3856,1.0,1.0,3.0,1.0
1,1.0,0.3736934661865234,1,647GmaUXD9I5MZkvW1GqNBE3012,1.0,1.0,3.0,1.0
0,0.0,0.7124924659729004,1,2673R6wJljC4R8_gzHYO3Plt1042,0.0,0.0,3.0,1.0
1,1.0,0.2464771270751953,0,1196pKofKEiQ1ZBZSetE64_G3168,,,,
0,0.8,0.3399643898010254,1,1524Nfm7mS8r69gMUDH3Iml01961,1.0,1.0,3.0,1.0
0,0.15,1.208446741104126,1,883RFNtuFISrJk8_Rt0CI6B2665,1.0,1.0,3.0,1.0
0,0.6666666666666666,0.4974772930145263,1,26682MjSxvP6AiBNgCeojDJb1057,1.0,1.0,3.0,1.0
0,0.625,0.5341086387634277,1,2160pB7t95SaGUm4CzQhgmjJ4198,1.0,1.0,3.0,1.0
1,1.0,0.3911705017089844,1,716hek6-tGWv6OjWX6V9K692835,1.0,1.0,3.0,1.0
1,1.0,0.2599849700927734,1,25163F-nTR5MBd30RtLg31GT1747,1.0,1.0,3.0,1.0
0,0.0,0.3531816005706787,1,2041iPCDoSwc6-SSEDCFNNzL1675,0.0,0.0,3.0,1.0
0,0.0,0.3694934844970703,1,7008WqVcdO5NHeeSxJ_rN-I2877,0.0,0.0,3.0,1.0
0,0.3333333333333333,0.7856042385101318,1,25316jqKhJvYVlP1H8PWC21S1702,1.0,1.0,3.0,1.0
0,0.2666666666666666,0.5834696292877197,1,1750NmMTJzJEm36yjIov9B9h3552,1.0,1.0,3.0,1.0
0,0.5333333333333333,0.7377278804779053,1,614Bxg8ByFfN9DYmXPdt9mG72,1.0,1.0,3.0,1.0
1,1.0,0.3988151550292969,1,918WklZmO3jLsn_Z70OZLWg2571,1.0,1.0,3.0,1.0
0,0.3333333333333333,0.3974068164825439,1,2454DywEFUk_89WopSOIo62c1888,1.0,1.0,3.0,1.0
0,0.4800000000000001,0.8441047668457031,1,2951jT6DhbJBxVHu10Bg2oXX3980,0.0,0.0,3.0,1.0
1,1.0,0.4896397590637207,1,1559TG0OMQDF0IiIQ-iWWlLf1341,1.0,1.0,3.0,1.0
0,0.2222222222222222,0.422187328338623,1,1508H4qju9CSQupQaGqERdUH2004,0.0,0.0,3.0,1.0
1,1.0,0.3998372554779053,1,1534EqrG2U5ZwhVnfonLjR3v1934,1.0,1.0,3.0,1.0
0,0.0,0.666827917098999,1,1637oAol1FhKHhQdYFj8rM9_1137,0.0,0.0,3.0,1.0
1,1.0,0.3416941165924072,1,590XWeIE_Ub3P9D0x7jiKmg140,1.0,1.0,3.0,1.0
0,0.2727272727272727,0.6576783657073975,1,1385ik6Ip2I4xXAHzd2hJNiR722,0.0,0.0,3.0,1.0
1,1.0,0.3885612487792969,1,550jo6NqKN88LJy5XivwHWi260,1.0,1.0,3.0,1.0
0,0.6153846153846153,0.5571556091308594,1,1148PSyI-r3aKN8Fs-txzeP-3306,1.0,1.0,3.0,1.0
0,0.3636363636363636,0.3700659275054931,0,2070UnqvM1-fIev38f4GM7OM1590,,,,
1,1.0,0.3696460723876953,1,6810pXzj6X5cQY4449WyWI52924,1.0,1.0,3.0,1.0
0,0.2,0.6418890953063965,1,1745NUZ2j8Ha1NL9ReBuDZX-3567,0.0,0.0,3.0,1.0
0,0.64,0.5651321411132812,1,2459esAepNixSA0AcF8zNoUb1873,1.0,1.0,3.0,1.0
0,0.1176470588235294,0.7737686634063721,1,26250nxthp2POkkPu-sWPuc42350,1.0,1.0,3.0,1.0
1,1.0,0.4191560745239258,1,1613uVGIU9rbTfPHxhpCKPHB1199,1.0,1.0,3.0,1.0
0,0.5454545454545454,0.4834160804748535,1,1491oI4TAF4mItNmtq538iaG2033,1.0,1.0,3.0,1.0
0,0.56,0.6550207138061523,1,5829IqfH0v_SCRjimDfqJQV162,1.0,1.0,3.0,1.0
0,0.2,0.3873507976531982,0,1974I-pVnxUHEcoxxhc26Hf32247,,,,
0,0.25,0.7697362899780273,1,2224RcPD7El8ag0rMhsUVbtJ4037,0.0,0.0,3.0,1.0
0,0.6666666666666666,0.7260696887969971,1,1360D7Hgd9qw5bZMvmEITupU790,1.0,1.0,3.0,1.0
0,0.8000000000000002,0.4478964805603027,1,2986MO21v7OjEXp1PFMGy7zb3894,1.0,1.0,3.0,1.0
1,1.0,0.3890905380249023,1,1769rga8DFTYurVZ6xGRlZ-k3499,1.0,1.0,3.0,1.0
0,0.6666666666666665,0.6567778587341309,1,1359atcV3Ym9xm3K3Feuwic1793,1.0,1.0,3.0,1.0
0,0.0533333333333333,1.6718380451202393,0,1199A2SWcBf7AXJV9GygzZFM3159,,,,
0,0.1052631578947368,0.6576368808746338,1,17388L0pXFkN6Wb2CQAgtWsF3589,1.0,1.0,3.0,1.0
0,0.5,0.5515995025634766,1,697bJxNrY0oHPPOp9A6H2w-2884,1.0,1.0,3.0,1.0
0,0.1666666666666666,0.954641819000244,1,2423B6sbACqoj9ruotjUHd4V3608,1.0,1.0,3.0,1.0
0,0.0,0.3530251979827881,1,893CM-JFvTvcT8bMPws6w-12647,1.0,1.0,3.0,1.0
0,0.2307692307692307,0.7770586013793945,1,1037LvCdYeAKroXxUJeycQww305,1.0,1.0,3.0,1.0
0,0.6666666666666667,0.5247318744659424,1,1397d2BPGtIDfQjgBBeI1gfi694,1.0,1.0,3.0,1.0
0,0.5333333333333333,0.6013526916503906,1,2197JYHIBfWstcD9UKgGesaP4106,1.0,1.0,3.0,1.0
0,0.4,0.455186128616333,1,567COo6mlEhcowdZdaMt4w3208,1.0,1.0,3.0,1.0
1,1.0,0.3852434158325195,1,22028XpMKQjngZ6oNkc2mHhg4092,1.0,1.0,3.0,1.0
1,1.0,0.3967084884643554,1,1947A5MF0NJR55TokdQfbhca2306,1.0,1.0,3.0,1.0
0,0.7142857142857143,0.5380687713623047,1,2511yeDda16x6E0RLYCDi9mP1756,1.0,1.0,3.0,1.0
0,0.7499999999999999,0.4184281826019287,1,2415XgbOPioSGAgijio17bAF3624,1.0,1.0,3.0,1.0
0,0.2,0.4517383575439453,1,1165doXH6LWPr1l3iKFqXoxi3258,0.0,0.0,3.0,1.0
0,0.8888888888888888,0.5625174045562744,1,2997pY-cnb_SN-LcFfS41l9P3870,1.0,1.0,3.0,1.0
0,0.1818181818181818,0.5229606628417969,1,587v2MlTNxLZ2PTLUM4FwNM148,1.0,1.0,3.0,1.0
0,0.0952380952380952,0.5871753692626953,1,2528UEldJWc8DP0tiLD8vndW1710,0.0,0.0,3.0,1.0
0,0.0689655172413793,0.6904768943786621,1,3026pQ1wZ8FbWxBkRxg2TO-q3804,0.0,0.0,3.0,1.0
1,1.0,0.4468064308166504,1,1767VEuCAyUVu8RWl4oT_E163505,1.0,1.0,3.0,1.0
0,0.4444444444444444,0.6238453388214111,1,1024EAnLzPugg_3Icp64grI8343,1.0,1.0,3.0,1.0
0,0.0,0.63197922706604,1,678otpfB47oYxNuzn83DpRo2932,0.0,0.0,3.0,1.0
0,0.3636363636363636,0.4967310428619385,1,2461f8qQbH49itp6TCfAxJMw1868,1.0,1.0,3.0,1.0
0,0.2051282051282051,0.9971458911895752,1,1347Qw23uphuVkPM2_Dx4UdQ829,1.0,1.0,3.0,1.0
1,1.0,0.3693721294403076,1,1601UkDAFw-P2w4uKKY2rozv1233,1.0,1.0,3.0,1.0
0,0.1379310344827586,0.7801294326782227,1,25261kHHM3xmrKGTFC2m-3jz1716,1.0,1.0,3.0,1.0
0,0.2222222222222222,0.3668057918548584,1,637XN1jH-kFjaRz4RsZeYq15,1.0,1.0,3.0,1.0
1,1.0,0.3198728561401367,1,2535_pSTmM_bPcfnFUozn-RN1692,1.0,1.0,3.0,1.0
0,0.8,0.4232780933380127,1,925ONi8DqJgbZBM5TjeIADZ2550,1.0,1.0,3.0,1.0
1,1.0,0.3572080135345459,1,2022QX2eDjcZ4dsu7lONZu112170,1.0,1.0,3.0,1.0
0,0.5714285714285715,0.4596822261810303,1,17764Wvvzaj-yaDcpnjXfpOs3484,1.0,1.0,3.0,1.0
0,0.0,0.520266056060791,1,965GQDApWgsLm2Q6M9oCXXz505,0.0,0.0,3.0,1.0
0,0.0909090909090909,0.5633378028869629,0,1545nS51eGeqSTj9s6LSmRoa1377,,,,
1,1.0,0.3915057182312011,1,2000gGAiEI4MU8XJEWYhWtMT2206,1.0,1.0,3.0,1.0
0,0.25,0.282571792602539,0,1230q6biePiNfKKRI6X0oFun3065,,,,
0,0.0869565217391304,0.513359546661377,1,1584P45h89PG1NmLba_I6GT41278,0.0,0.0,3.0,1.0
0,0.3333333333333333,0.4022104740142822,1,2026yIVtrJbiaYcqiJLKF7l92163,1.0,1.0,3.0,1.0
0,0.0,0.7225570678710938,1,906MvzKtaiX283ibJ29qi6M2606,0.0,0.0,3.0,1.0
0,0.2352941176470588,0.8594121932983398,1,2165HuZLp-RpujYD_LZRSJQC4186,0.0,0.0,3.0,1.0
1,1.0,0.3467268943786621,1,1504hlqci9hC_wlnWXFEJjtG2013,1.0,1.0,3.0,1.0
0,0.5714285714285715,0.4259908199310303,1,1349kgWBQhOLlY3E9pWS8AbU824,1.0,1.0,3.0,1.0
1,1.0,0.44331955909729,1,1203Ol4QUojB9cRergcdvn903148,1.0,1.0,3.0,1.0
1,1.0,0.3001360893249511,1,19410cAiVIRRgASbt7wWgZD-2319,1.0,1.0,3.0,1.0
0,0.25,0.3227438926696777,0,5516BHaRRv6Egl03A_kDyw0257,,,,
1,1.0,0.4432623386383056,1,2718CJJlT43vSkiBp7_LGjcB916,1.0,1.0,3.0,1.0
0,0.5714285714285715,0.4666240215301513,1,1190K-vBrGKzVvJ8j8oue-N63187,1.0,1.0,3.0,1.0
1,1.0,0.3711538314819336,1,12230qQBc604SKoNhbZmzs-G3088,1.0,1.0,3.0,1.0
0,0.0,0.9321541786193848,1,2670Y-kuxlKLxN5SPIlGPfw91053,0.0,0.0,3.0,1.0
1,1.0,0.3575935363769531,1,1564Kq9tsrgH8Jhl4M51Udxu1325,1.0,1.0,3.0,1.0
0,0.0,0.3817005157470703,1,2481DMq2-F1erOLzkMNHhSK-1825,1.0,1.0,3.0,1.0
1,1.0,0.373915433883667,1,605xKa5pDZq3ri35vcSMZD_96,1.0,1.0,3.0,1.0
1,1.0,0.4492547512054443,1,2580MTsBR8_rce6kiKLMzPcF2432,1.0,1.0,3.0,1.0
0,0.0,0.4807157516479492,1,2117vQSAQ0G-Q-u-Bsbb62o91456,0.0,0.0,3.0,1.0
0,0.4571428571428572,0.7550489902496338,1,1990jh2GtyFtQ71QD9ruIdP_2219,1.0,1.0,3.0,1.0
0,0.0,0.6313140392303467,1,9281L0ojvJ8_Y1OZ8Y5E-2U2542,0.0,0.0,3.0,1.0
0,0.0,0.8220899105072021,1,2656Yp2ruMu098-NHmfDpEnc1090,0.0,0.0,3.0,1.0
0,0.5142857142857142,0.7269527912139893,1,2154hgnNDJMyC_N1LGBLoIru4214,1.0,1.0,3.0,1.0
0,0.0,0.57645583152771,1,18101KP3McThNf4JrT7MhYDK3412,0.0,0.0,3.0,1.0
0,0.3225806451612903,0.7648074626922607,1,3036Bam4sHa-kzaCOT3bw4IT3789,1.0,1.0,3.0,1.0
0,0.0,0.7721710205078125,1,2591f3d7XC4L0cvP4kCC70_a2413,0.0,0.0,3.0,1.0
0,0.3076923076923076,0.5989658832550049,1,1465BJRKQjBzp7FtVHgDIy5n2083,1.0,1.0,3.0,1.0
0,0.5185185185185185,0.6649599075317383,1,896R0sD8mqKYbLGYqqk-r7j2636,1.0,1.0,3.0,1.0
0,0.1111111111111111,0.529407262802124,1,1364_8Kr3q32CIpMR0kiqSJZ778,0.0,0.0,3.0,1.0
0,0.5714285714285715,0.4771459102630615,1,12070-1QsjSqBKe6exv2Y63Q3134,1.0,1.0,3.0,1.0
1,1.0,0.4508974552154541,1,1789Q_uXiC023fjzRTDdQFGb3452,1.0,1.0,3.0,1.0
1,1.0,0.4275166988372803,1,2468bI5nQWQ8Og-_9QlLKU8v1858,1.0,1.0,3.0,1.0
1,1.0,0.4981100559234619,1,849q68W7IxX8-DQe5gM8Mee2752,1.0,1.0,3.0,1.0
0,0.0,0.5025300979614258,1,20341Pq0AyTYhP8IIzfXyUF82144,0.0,0.0,3.0,1.0
0,0.3333333333333333,0.2917122840881347,0,685mD5vd-eQOOqkkqDXeo0t2912,,,,
0,0.8,0.4312219619750976,1,1182meUHVvr0MSNbaF6y6cu83211,1.0,1.0,3.0,1.0
1,1.0,0.385002851486206,1,1598QzeCBWXgq443IBJvDmm61242,1.0,1.0,3.0,1.0
1,1.0,0.4363930225372314,1,1786P9IXKcQP8OkEN66opvpF3459,1.0,1.0,3.0,1.0
0,0.5714285714285715,0.5461130142211914,1,2122fC9S5wJCD5HNfg2ppqf71442,1.0,1.0,3.0,1.0
0,0.5555555555555556,0.6949515342712402,1,15715bk_bkzCsTkEKHc-4BgP1307,1.0,1.0,3.0,1.0
0,0.8,0.3762409687042236,1,2136oFgVPp4a2aBSRi_E2Wfp1401,1.0,1.0,3.0,1.0
0,0.3076923076923076,0.4759416580200195,1,862DJJ2OtaoUpLFANoF4A6z2711,0.0,0.0,3.0,1.0
0,0.1176470588235294,0.5512552261352539,1,2696OeCQ2eGPeeqcJWvnia2b974,0.0,0.0,3.0,1.0
0,0.1,0.6343545913696289,1,1544URXllxvZje97Y6Ow4nWo1380,0.0,0.0,3.0,1.0
0,0.6666666666666666,0.6142971515655518,1,1006TpLBx3Al5o1DiQaM37oi393,1.0,1.0,3.0,1.0
0,0.6666666666666666,0.3469843864440918,1,15629LVg0fMbpcV7lJ9LKY9C1332,1.0,1.0,3.0,1.0
0,0.9454545454545454,0.948195219039917,1,1498TzP8gn0jdkp7FZzfjhoQ2025,1.0,1.0,3.0,1.0
0,0.4615384615384615,0.573634147644043,1,734OaSkZy1tFRAsQhwXZpw72792,1.0,1.0,3.0,1.0
1,1.0,0.3781769275665283,1,2485bDk97nBPZwJrs1HTqUYW1817,1.0,1.0,3.0,1.0
0,0.1481481481481481,0.7208807468414307,1,3011U-7Tp-DNh4zvlgXG0HpU3836,1.0,1.0,3.0,1.0
0,0.1818181818181818,0.5444493293762207,1,2441iHjaCHbBrRtNVI1F4dLI1916,1.0,1.0,3.0,1.0
0,0.8000000000000002,0.4159197807312011,1,944zb5DA9PSwaSOFs8Ixpfj568,1.0,1.0,3.0,1.0
1,1.0,0.4403276443481445,1,1191B_3IBBp4kfqy7lOAgEnj3182,1.0,1.0,3.0,1.0
0,0.5,0.4079205989837646,0,994GU89OGfkUkf_KwQ-KrNe295,,,,
0,0.4,0.4543464183807373,1,15830sap0GkxnTMOv3sqw8nN1281,1.0,1.0,3.0,1.0
0,0.048780487804878,5.788996458053589,1,557jlOGQ8cWQ5Q_as3HFgdb239,1.0,1.0,6.0,1.0
1,1.0,0.3100476264953613,1,1522fhyaWeuJ9Z_qFlrlcyWV1967,1.0,1.0,3.0,1.0
0,0.5833333333333334,0.617933988571167,1,2142M0Z1hvthYBIQDwlfmDoc4244,1.0,1.0,3.0,1.0
0,0.4444444444444445,0.4265260696411133,1,1381nh2SdDr2eWku393B09QY734,1.0,1.0,3.0,1.0
0,0.875,0.4638435840606689,1,972wepQM0WfoPr49Ged8v0v485,1.0,1.0,3.0,1.0
0,0.4444444444444445,0.393007755279541,1,1585D6y_4Zn5mH0JozDs766v1277,1.0,1.0,3.0,1.0
0,0.0,0.6247150897979736,1,2477JtT30EyGVCGC3ayc5fzB1833,1.0,1.0,3.0,1.0
0,0.3076923076923076,0.5479238033294678,1,2978f-wthVzOQ894PpZPNG4v3914,1.0,1.0,3.0,1.0
1,1.0,0.307081937789917,1,2630aXuhB9uY_8J6EHtO6-Mr2336,1.0,1.0,3.0,1.0
0,0.0,0.4030592441558838,1,1199A2SWcBf7AXJV9GygzZFM3160,0.0,0.0,3.0,1.0
0,0.1333333333333333,0.4246537685394287,1,2700a4RLmE2cp5zGGWocgMnk962,0.0,0.0,3.0,1.0
0,0.0,0.3530976772308349,1,926tAEnfqtEDknSf1RRHRGd2548,1.0,1.0,3.0,1.0
0,0.0,0.4380950927734375,1,2640qGTRBDkuytVF7DgH9rac1133,0.0,0.0,3.0,1.0
0,0.3529411764705882,0.6014988422393799,1,1749wiiGSfeFQ3yPQ1BOc1U43557,1.0,1.0,3.0,1.0
0,0.2,0.4492073059082031,1,2152-7ZSgzVAfI8TDcdpWpW94218,1.0,1.0,3.0,1.0
0,0.6842105263157894,0.8139879703521729,1,25382aH87vyrbRDKXNCHaLeh2513,1.0,1.0,3.0,1.0
0,0.0,0.3101778030395508,1,2046GP7dC5MYUxEjhVaMxjWJ1660,0.0,0.0,3.0,1.0
0,0.8,0.2144467830657959,0,2206I8Vkp53Zdu1cUBnnuvdS4080,,,,
1,1.0,0.4391684532165527,1,2104i0gKzSVXucEKM9-yEEk01497,1.0,1.0,3.0,1.0
0,0.3076923076923077,0.832148551940918,1,1393pxXY3fzob8XiUnQnNutp706,1.0,1.0,3.0,1.0
0,0.6153846153846153,0.4043269157409668,1,1174cqJct9Y7Xjuewm_koPVH3042,1.0,1.0,3.0,1.0
0,0.0,0.6198511123657227,1,949-8BF6fDFHRAnfe-2RE-l553,0.0,0.0,3.0,1.0
0,0.0769230769230769,0.6951234340667725,1,583YdasD1ECY7CN_ngeQRce159,0.0,0.0,3.0,1.0
0,0.5,0.4671893119812011,1,1139S6XoLf7-b7jTGWo4rNqh3332,1.0,1.0,3.0,1.0
0,0.6666666666666666,0.5572402477264404,1,2666Q6dqeeEHLjgAoEK1_TO_1064,1.0,1.0,3.0,1.0
0,0.8,0.5284643173217773,1,713mkI94VIQA0I6wS3HJPcM2844,0.0,0.0,3.0,1.0
0,0.2608695652173913,0.6809980869293213,1,2555p5yiAg3i-K6fEVfg79C_2478,1.0,1.0,3.0,1.0
0,0.5882352941176471,0.5811569690704346,1,2983ybkX29nSM9c_5Wec7ZEw3901,1.0,1.0,3.0,1.0
0,0.0,2.5674188137054443,0,2429paTz8WarKJwpiUdXVhCP3599,1.0,1.0,3.0,1.0
1,1.0,0.3704726696014404,1,1986ywsnzXO8mfN71y1-tg7v2227,1.0,1.0,3.0,1.0
0,0.5925925925925926,0.870255708694458,1,845JLaU-l5c2oYwpqbyvci22762,1.0,1.0,3.0,1.0
0,0.0,0.4939055442810058,1,1986ywsnzXO8mfN71y1-tg7v2228,0.0,0.0,3.0,1.0
0,0.75,0.4478349685668945,1,868WKfLdQ9oFbCof7_ffWel2704,1.0,1.0,3.0,1.0
0,0.0,2.586357593536377,0,1828fptyhwuU_NFzQJA1Xi3E3366,1.0,1.0,3.0,1.0
0,0.4444444444444445,0.8126821517944336,1,2723yCKqbYMLP3--tgThAnBf903,1.0,1.0,3.0,1.0
1,1.0,0.4632720947265625,1,710GPosYad0qKlTplL9V2RU2852,1.0,1.0,3.0,1.0
0,0.25,0.372307538986206,0,20584mhCkIhYtM4En0z3MQYe1627,,,,
1,1.0,0.3804819583892822,1,1619NaRhUfzIpMj5mmPmc7Ht1182,1.0,1.0,3.0,1.0
1,1.0,0.408071756362915,1,1789NObn0laTBstP0EhadjV63453,1.0,1.0,3.0,1.0
0,0.4444444444444445,0.7898147106170654,1,2172h7FsXA80Z3ao1yhCMsre4164,1.0,1.0,3.0,1.0
0,0.5,0.3699007034301758,1,546nNnwuSPlfllI6CKnHjv2270,1.0,1.0,3.0,1.0
0,0.4615384615384615,0.6404521465301514,1,2109wDBr_5DTMGUIMawARy5V1482,1.0,1.0,3.0,1.0
1,1.0,0.4302523136138916,1,652LiD_APWuMXugNPF6gw3S2998,1.0,1.0,3.0,1.0
0,0.8235294117647058,0.5931434631347656,1,2200LNmoAD2ZOW48t6lvPwZ84096,1.0,1.0,3.0,1.0
0,0.4444444444444445,0.4669265747070312,1,2591f3d7XC4L0cvP4kCC70_a2414,1.0,1.0,3.0,1.0
0,0.4150943396226415,0.7045996189117432,1,1499owxpLi-93XDGBsIRGW_z2023,1.0,1.0,3.0,1.0
0,0.3333333333333333,0.6023750305175781,1,856o8vBShmxO_WE6sEatSZ02730,1.0,1.0,3.0,1.0
0,0.1538461538461538,0.5962786674499512,1,1814TWex7U8WXxRjr7AWQorc3399,1.0,1.0,3.0,1.0
0,0.0,2.5776009559631348,0,1018RR7R37EFe6-6a8ByqX6L361,1.0,1.0,3.0,1.0
0,0.8421052631578948,0.5449450016021729,1,2467UnCsY0GjqwvnMQVa1CFT1862,1.0,1.0,3.0,1.0
0,0.5,0.4629340171813965,1,5725iP5Tzyy4gxehcn9t4TM193,1.0,1.0,3.0,1.0
0,0.6666666666666666,0.4463424682617187,1,2340-UH-PIG4sGreW8w-HZcs3780,1.0,1.0,3.0,1.0
0,0.0,0.3973276615142822,1,5601RlVQQ13ZMVNw8QCNW6F229,0.0,0.0,3.0,1.0
1,1.0,0.3681302070617676,1,2182v2AhcAAWzK6nwKjDRuNc4139,1.0,1.0,3.0,1.0
1,1.0,0.4237406253814697,1,26269UMEj-lV4oQGbZ0tTTK82348,1.0,1.0,3.0,1.0
0,0.8000000000000002,0.3995106220245361,1,1406r0ltJ0ogZOEySbpwaMW3669,1.0,1.0,3.0,1.0
0,0.631578947368421,0.6076586246490479,1,1433yPh9I7R8PyoFeMqoUqc8591,1.0,1.0,3.0,1.0
1,1.0,0.4339566230773926,1,15121jIRMuOfWOF20zi63R281993,1.0,1.0,3.0,1.0
0,0.6666666666666666,0.4505789279937744,1,849f2Ie-QkeVovZ0nf-TVFF2750,1.0,1.0,3.0,1.0
0,0.7499999999999999,0.4445705413818359,1,995Mjg3IZGW2wc7ddFCk8vg419,1.0,1.0,3.0,1.0
0,0.4,0.4863011837005615,1,631gfVFI_1P9ON_SQmft4dC22,1.0,1.0,3.0,1.0
0,0.0,0.4131379127502441,1,1971QdtwinuI-Pt-gRGhMumc2253,0.0,0.0,3.0,1.0
1,1.0,0.4023451805114746,1,1451Zli7xoESf_zR5GqQOib_2110,1.0,1.0,3.0,1.0
0,0.0,0.3004548549652099,0,1623vavJV5LaIjQVPGNVcAhw1170,,,,
1,1.0,0.3779897689819336,1,2343h3FGIUg470As6-K4QCSj3773,1.0,1.0,3.0,1.0
1,1.0,0.3458874225616455,1,948f1NIXhJ2bT8M8R981m-t555,1.0,1.0,3.0,1.0
0,0.3333333333333333,0.4834141731262207,1,2961ZnbcPJCiADt4D4VSwFvF3957,1.0,1.0,3.0,1.0
0,0.4615384615384615,0.5272817611694336,1,23650GFefFLGJfbuvjWASh6g3722,1.0,1.0,3.0,1.0
0,0.1428571428571428,0.4175424575805664,1,1165doXH6LWPr1l3iKFqXoxi3259,0.0,0.0,3.0,1.0
0,0.5,0.6295723915100098,1,2684Tsl9g-K98ihJB9COTF6d1011,1.0,1.0,3.0,1.0
0,0.0454545454545454,2.5442047119140625,0,21672ce9BryNGpGNYVzVNhGZ4179,1.0,1.0,3.0,1.0
1,1.0,0.526540994644165,1,2191kaPnb2RqX3BD80ehFVLC4122,1.0,1.0,3.0,1.0
0,0.7272727272727273,0.4655725955963135,1,1212dbfx54ZtFkSuZ70MXWTY3119,1.0,1.0,3.0,1.0
1,1.0,0.4063537120819092,1,15145mxan8eGuHJZNjBPMXai1988,1.0,1.0,3.0,1.0
1,1.0,0.4168665409088135,1,2082HDhMzvPbIcqJnIxlWaR01554,0.0,0.0,3.0,1.0
0,0.6666666666666666,0.4049246311187744,1,303107UoTeL4eaT8LTnwXqyK3796,1.0,1.0,3.0,1.0
0,0.9090909090909092,0.4584188461303711,1,1551V9DltVWBD9ZXJKTbK0dJ1362,1.0,1.0,3.0,1.0
0,0.7333333333333334,0.9189865589141846,1,2077VquGxxOX89cyl9gmMgHT1569,1.0,1.0,3.0,1.0
0,0.5263157894736842,0.6007850170135498,1,2683ZWKumnsegnDtGeIxL8lV1013,1.0,1.0,3.0,1.0
0,0.5714285714285715,0.4917724132537842,1,1182meUHVvr0MSNbaF6y6cu83210,1.0,1.0,3.0,1.0
0,0.631578947368421,0.6652388572692871,1,24948M9Avyh-_nfyJDXBHc4r1797,1.0,1.0,3.0,1.0
0,0.8,0.3417251110076904,1,955wTJvupBdyRjDvnaEc3uT534,1.0,1.0,3.0,1.0
0,0.2,0.3174068927764892,0,870SoygQGV4uQaIki71P9Rb2698,,,,
0,0.0,0.4167022705078125,0,24717_VLiElLGOdxkUg2VNOa1849,,,,
0,0.4,0.4400415420532226,1,6383rnN_w8RmRaZ4XqAC_bl3038,0.0,0.0,3.0,1.0
0,0.5517241379310345,0.7339468002319336,1,2704DWhswcTfuhcGd6nLvkOf950,1.0,1.0,3.0,1.0
0,0.6666666666666666,0.3448255062103271,1,1808axaZNmCFiRMbaxN7F0Eh3417,1.0,1.0,3.0,1.0
0,0.0,0.3094658851623535,0,5532TWtKb03tsQH8Wep0CiY250,,,,
0,0.5714285714285715,0.4828841686248779,1,1201NDB1j3x1mhteENUtx2Uf3154,1.0,1.0,3.0,1.0
0,0.1176470588235294,0.8507401943206787,1,21819xbRjmQqZsl8GNgU4sNW4142,1.0,1.0,3.0,1.0
0,0.0,0.2928669452667236,0,2205YOUb5TKf_CiFcqPaRzGg4082,,,,
0,0.1904761904761904,0.6253585815429688,1,14991jeDOWPYZr3oduic0r6t2022,0.0,0.0,3.0,1.0
0,0.6666666666666666,0.5172724723815918,1,1179Yl7_X9Wt3s18NELb2VVn3220,1.0,1.0,3.0,1.0
1,1.0,0.3458573818206787,1,1556RL1OU4mcoPPe2rTqDdxN1350,1.0,1.0,3.0,1.0
0,0.6666666666666666,0.4510173797607422,1,2642Y-shkE7TvvsDno5omjMf1127,1.0,1.0,3.0,1.0
0,0.0909090909090909,0.5694789886474609,1,1601UkDAFw-P2w4uKKY2rozv1234,1.0,1.0,3.0,1.0
0,0.5833333333333334,0.6709399223327637,1,2234wLjOR7Un_noOJuVXvsz_4007,1.0,1.0,3.0,1.0
0,0.7692307692307692,0.5085382461547852,1,2100nzSjCMDd--9Fj7a4NWfz1508,1.0,1.0,3.0,1.0
0,0.4705882352941177,0.4435203075408935,0,5918CIG-j-Z17AOK4yE-cPc136,,,,
1,1.0,0.3810491561889648,1,29642huIUFSLiW4Z-VzxmaQN3949,1.0,1.0,3.0,1.0
1,1.0,0.3375947475433349,1,2045Qb5KQP9dbOqGOReTvV3e1662,1.0,1.0,3.0,1.0
1,1.0,0.3400757312774658,1,935UD7iycK3BrOizCyeWBg22527,1.0,1.0,3.0,1.0
0,0.8333333333333334,0.4299178123474121,1,2170uR1FxS5nUGkssv426mqU4171,1.0,1.0,3.0,1.0
0,0.6046511627906976,0.8310577869415283,1,2457qMd_7xMNbxrlnUuIsOCX1879,1.0,1.0,3.0,1.0
0,0.0,0.3684685230255127,1,2390E0CHAPiA5irDHQbYbUX_3668,0.0,0.0,3.0,1.0
0,0.7368421052631579,0.5221500396728516,1,1441IAkHzhDzjxgpL0XC_YEZ2129,1.0,1.0,3.0,1.0
1,1.0,0.3529272079467773,1,2544eSHJS5zzqCGOgk7Ye0SF2499,1.0,1.0,3.0,1.0
0,0.0,2.5486931800842285,0,15158DXonYdFg-0-7RHaX8Hj1985,1.0,1.0,3.0,1.0
0,0.7499999999999999,0.4496269226074219,1,19606GKhPGetHHrvllnd0-WP2274,1.0,1.0,3.0,1.0
0,0.8,0.6152851581573486,1,2145dz1bx4gWcdvg-_cFIX214235,1.0,1.0,3.0,1.0
1,1.0,0.3425018787384033,1,2413145FP-v3VkdJMuD368AQ3626,1.0,1.0,3.0,1.0
0,0.4615384615384615,0.5258214473724365,1,3037_hiSeA6NsDqwYw0yXMUj3788,0.0,0.0,3.0,1.0
0,0.4242424242424242,0.8202755451202393,1,884Pnp87xexk_HDsVBlYF5I2662,1.0,1.0,3.0,1.0
0,0.8,0.3441603183746338,1,969vrqLNLa3TXxxj0tGgTvq493,1.0,1.0,3.0,1.0
0,0.1176470588235294,0.4924707412719726,0,894ARwgTOyFrfBbcEBpNyXo2643,,,,
0,0.074074074074074,0.8609158992767334,1,29802gx0lFYy6rgIUS6ZhDD83910,0.0,0.0,3.0,1.0
0,0.6666666666666665,0.5651383399963379,1,1029YtqaRd4h1BYfuLHoU9YR327,1.0,1.0,3.0,1.0
0,0.2666666666666666,0.5108861923217773,1,2079ifmZRepM8njrTCh8SwKT1563,1.0,1.0,3.0,1.0
1,1.0,0.4018113613128662,1,866LtsA6S3dXyfEn4lwSbj-2707,1.0,1.0,3.0,1.0
0,0.7777777777777778,0.7503738403320312,1,2440WmCUht7A3EiDJl-C62Ih1920,1.0,1.0,3.0,1.0
0,0.7058823529411765,0.5379760265350342,1,2213XuiHzp9XEpbzWVF0KvYP4058,1.0,1.0,3.0,1.0
0,0.5185185185185185,0.6980364322662354,1,9708OuWanhVP-hqUoh93Luk490,1.0,1.0,3.0,1.0
0,0.0,0.4939610958099365,1,2210Bc69tRCp2-mf6PkRz9_C4069,0.0,0.0,3.0,1.0
0,0.8571428571428571,0.5192811489105225,1,541Cbn85P-zf8lq0QHtgjf9287,1.0,1.0,3.0,1.0
1,1.0,0.4167556762695312,1,958UDYY0qFH9pDU9YSVA8Vc527,1.0,1.0,3.0,1.0
1,1.0,0.3859033584594726,1,2709l9BXzPyNws7gAw46g8eL942,1.0,1.0,3.0,1.0
0,0.3703703703703703,0.8152410984039307,1,2955a9SrctOobLmoQ6ooGhac3971,1.0,1.0,3.0,1.0
0,0.0526315789473684,0.914381742477417,1,2397ngYUHwjsIyhb2KRudMVS3655,0.0,0.0,3.0,1.0
1,1.0,0.4201858043670654,1,2434Enwt_BpOKFDe86uHET3W3593,1.0,1.0,3.0,1.0
1,1.0,0.3946492671966553,1,70661PK3DXmYlFEFr0qjuSB2865,1.0,1.0,3.0,1.0
0,0.8333333333333334,0.530632495880127,1,13510pFXx2vFby05X2rDRJDH819,1.0,1.0,3.0,1.0
0,0.0,0.3585071563720703,1,2378CpxWEhm9XQDMTUWPL6Gj3690,0.0,0.0,3.0,1.0
0,0.875,0.4165899753570556,1,2042iP4Erd5NWbbUyNtHBaEc1671,1.0,1.0,3.0,1.0
0,0.2424242424242424,0.7369098663330078,1,1376s1hUgvT52mRy1sgn8oEJ748,1.0,1.0,3.0,1.0
0,0.4285714285714285,0.6628775596618652,1,2115wjzLCrPzhF-VpxKRqJFP1464,1.0,1.0,3.0,1.0
0,0.0,0.2104878425598144,0,552u6iTkQp7-Upz70482xTM254,,,,
1,1.0,0.3646175861358642,1,559Gc5T32327tuZtR-qGbvH231,1.0,1.0,3.0,1.0
0,0.4166666666666667,0.6770381927490234,1,1171djG8ts4fgH31Xh8M8gZK3239,1.0,1.0,3.0,1.0
0,0.3870967741935484,0.8732950687408447,1,2024omrZBF4Urqdr7C3eyKVT2169,1.0,1.0,3.0,1.0
0,0.6296296296296297,0.8851578235626221,1,25567DWWtABHgq600h7hP6972476,1.0,1.0,3.0,1.0
0,0.5454545454545454,0.4883887767791748,1,594fAMQ4ZSX8-in2SA6rQT0128,1.0,1.0,3.0,1.0
0,0.7692307692307693,0.4966580867767334,1,2679bDEhJB5SATMKB1QM00ej1024,1.0,1.0,3.0,1.0
0,0.0909090909090909,0.8820602893829346,1,2069HyPki8X6KB4Slz4xeov61593,1.0,1.0,3.0,1.0
0,0.5,0.445824384689331,1,679poYmZAy9xntsCp9YX4vp2928,1.0,1.0,3.0,1.0
0,0.5,0.5939867496490479,1,2663ayztHU9rA3Qc2s7ndAID1073,1.0,1.0,3.0,1.0
0,0.4571428571428571,0.8970680236816406,1,990fpTdZ-ulHdJ3gm87kEl3429,1.0,1.0,3.0,1.0
0,0.4615384615384615,0.6935915946960449,1,2135JNizCTqBzs-NkJ-0GhnT1405,1.0,1.0,3.0,1.0
1,1.0,0.3414492607116699,1,2207G7fY90tz0IlYJOMAOQxR4078,1.0,1.0,3.0,1.0
0,0.054054054054054,2.57996678352356,0,2564AaK20GeV0Vbt9hLoucnT2461,1.0,1.0,3.0,1.0
0,0.8,0.3156278133392334,1,1342n57h5KFhZrmo2TPiuwv5846,1.0,1.0,3.0,1.0
1,1.0,0.3181135654449463,1,2591VM1WvqHMmqcfSzWKUU0V2412,1.0,1.0,3.0,1.0
0,0.2399999999999999,0.8288817405700684,1,2687GNgTIwftLmhQl-ULlyIq1001,1.0,1.0,3.0,1.0
0,0.6666666666666666,0.4347791671752929,1,19924zYxXoH78NXhTDcDUqZ32216,1.0,1.0,3.0,1.0
0,0.1428571428571428,0.5543451309204102,1,2976zJOE2rNKDPX9dM80QEq03919,1.0,1.0,3.0,1.0
1,1.0,0.726431131362915,1,1001SKiu6z7i8BnJk6y4pMq2405,1.0,1.0,3.0,1.0
0,0.7777777777777777,0.4506368637084961,1,1812jg8YLyuOp3yNSeoSgGds3405,1.0,1.0,3.0,1.0
0,0.25,0.5480525493621826,1,2159hY9kg_KDRh-iY7eVmWPR4201,1.0,1.0,3.0,1.0
0,0.2857142857142857,0.5498991012573242,1,2084KAYAsRFlZ71FWVieGtVO1550,1.0,1.0,3.0,1.0
1,1.0,0.4842557907104492,1,9012HUd6aulh_Yu4SRtV4Ju2623,1.0,1.0,3.0,1.0
0,0.4705882352941176,0.5224714279174805,1,1546qtYa8CJzD3uH6TiJXvze1375,1.0,1.0,3.0,1.0
0,0.3478260869565217,0.7735738754272461,1,965GQDApWgsLm2Q6M9oCXXz506,1.0,1.0,3.0,1.0
0,0.1666666666666666,0.6068727970123291,1,2075fH8z53xWhNLFvwtEBqjo1575,1.0,1.0,3.0,1.0
0,0.0952380952380952,0.7100987434387207,1,2496BbugoKX7EuTf6XE9o7do1792,0.0,0.0,3.0,1.0
1,1.0,0.3022878170013428,1,2965ZcSt1DSsDVrBS8zreyMW3945,1.0,1.0,3.0,1.0
0,0.1666666666666666,0.5423619747161865,1,712fJINMnstL62jjlN87VmJ2847,0.0,0.0,3.0,1.0
0,0.5185185185185185,0.8527495861053467,1,10304f6wkHCc194YTbHdQ2AA324,1.0,1.0,3.0,1.0
0,1.0,0.4339313507080078,1,2468gzw0TqblC0pMtjMtvjM_1857,1.0,1.0,3.0,1.0
0,0.3870967741935483,0.8670203685760498,1,11681N3h2EdimO-bHyAXIg3U3250,1.0,1.0,3.0,1.0
0,0.3571428571428571,0.7788879871368408,1,21697kyUOdQlV523IP56oa9J4174,1.0,1.0,3.0,1.0
0,0.7272727272727273,0.5098357200622559,1,2180sY_3Ea7lN3cAxecHCD0Z4145,1.0,1.0,3.0,1.0
0,0.1333333333333333,0.5017824172973633,0,1187yN2Y5xluovzwpRCb1U-23196,,,,
1,1.0,0.4943146705627441,1,615lwmbisxTxihwSWql1wTV70,1.0,1.0,3.0,1.0
0,0.8571428571428572,0.5068778991699219,1,917H85feKu7mH3ttN3VtfQZ2573,1.0,1.0,3.0,1.0
0,0.0952380952380952,0.6919476985931396,1,1341R-WNzKCJf9fEtyXxpaLn847,0.0,0.0,3.0,1.0
0,0.1818181818181818,0.707369327545166,1,2136GTNtg5ii_ljvTYd0c3zb1402,1.0,1.0,3.0,1.0
0,0.2857142857142857,0.4064977169036865,1,2719WfPBP5JMsTcRPHcHpNOM913,0.0,0.0,3.0,1.0
1,1.0,0.3382861614227295,1,1205TavQDdqmoy64BUfZ8tJ13142,1.0,1.0,3.0,1.0
1,1.0,0.4121229648590088,1,723OdNPs-YvxDCGXTe4EPQi2821,1.0,1.0,3.0,1.0
0,0.0,0.2600765228271484,0,1552zqZDXvKbR7jYgLwOhCO41361,,,,
1,1.0,0.3062312602996826,1,25455IQtG99FiCeeFOTa2qBu2496,1.0,1.0,3.0,1.0
1,1.0,0.2864260673522949,1,2098D1dsKeKH0xANz6zd6LSO1514,1.0,1.0,3.0,1.0
1,1.0,0.3962314128875732,1,723OdNPs-YvxDCGXTe4EPQi2820,1.0,1.0,3.0,1.0
0,0.2068965517241379,0.8393218517303467,1,2650KGtkLjbqFCyJZlDKuL0k1106,0.0,0.0,3.0,1.0
1,1.0,0.4445753097534179,1,20751yhuHsp4GA5IYz4deJsk1577,1.0,1.0,3.0,1.0
0,0.2222222222222222,0.5304243564605713,1,2233nOCdB2RiiWVTHevF1XQv4012,0.0,0.0,3.0,1.0
1,1.0,0.3440284729003906,1,872Oe-4sF5fqKoau07GVCSX2694,1.0,1.0,3.0,1.0
0,0.4210526315789474,0.5527169704437256,1,15145mxan8eGuHJZNjBPMXai1987,0.0,0.0,3.0,1.0
0,0.3703703703703703,0.671135425567627,1,621MMAr6iBLqWufltcvq0IU51,1.0,1.0,3.0,1.0
0,0.2222222222222221,0.6518313884735107,1,1218OExrGg3DDUqQ_BBB10Tn3103,0.0,0.0,3.0,1.0
1,1.0,0.6795308589935303,1,909SCLEENZWk57i_Tj-phi82599,1.0,1.0,3.0,1.0
0,0.3,0.8344802856445312,1,2639bkXWs91YZSHduhAO93vu1136,1.0,1.0,3.0,1.0
1,1.0,0.4024777412414551,1,978yJKqB4_NA2La4xU05Yv_465,1.0,1.0,3.0,1.0
0,0.8750000000000001,0.5225646495819092,1,2460wLS6NYxz86-N9QN0fiAS1871,1.0,1.0,3.0,1.0
0,0.4444444444444445,0.436049222946167,1,153875Yqnu19JAhYETGEm0Ih1398,0.0,0.0,3.0,1.0
0,0.3333333333333333,0.690427303314209,1,2502zG6K8It4JMfa8UrkdPdw1776,1.0,1.0,3.0,1.0
0,0.0816326530612245,2.5462746620178223,0,2995FYU3dbcdZ2Om_eXNrFz43875,1.0,1.0,3.0,1.0
1,1.0,0.3558540344238281,1,860-CKdaHI0ZY3IdOUENI-52717,1.0,1.0,3.0,1.0
0,0.5454545454545454,0.6082253456115723,1,1377lHU7WTseO73sB1x-x_B0745,1.0,1.0,3.0,1.0
1,1.0,0.2867047786712646,1,1224Jb1mPpUJDQXOAhjg5Vzo3085,1.0,1.0,3.0,1.0
0,0.6956521739130435,0.6404521465301514,1,1381mBjsSozQHKIhNMxaYlwy733,1.0,1.0,3.0,1.0
0,0.0,0.1976947784423828,0,2207G7fY90tz0IlYJOMAOQxR4077,,,,
0,0.0,2.560905694961548,0,2528UEldJWc8DP0tiLD8vndW1711,1.0,1.0,3.0,1.0
0,0.2272727272727272,0.8749022483825684,1,1764sM214smx3pexNt7ihmYZ3513,0.0,0.0,3.0,1.0
0,0.1111111111111111,0.6805639266967773,1,2987HzRDeUn85sV9-rmGUsA53891,0.0,0.0,3.0,1.0
1,1.0,0.3168895244598388,1,2681GQbrHMk66IRSgo7mZvVv1020,1.0,1.0,3.0,1.0
1,1.0,0.3470003604888916,1,1795AVJ8Ru2GLyRyIYxjznuC3441,1.0,1.0,3.0,1.0
1,1.0,0.3339335918426513,1,1010sxwdiUhnx5zZTCrZW5lg381,1.0,1.0,3.0,1.0
0,0.5,0.4509239196777344,1,630KO8LeHoKQQj6c-87zNrm26,1.0,1.0,3.0,1.0
0,0.0,0.344144344329834,1,1018P3s9oN-Ko5HsWQADxTsv360,0.0,0.0,3.0,1.0
0,0.5333333333333333,0.4570462703704834,1,1622tBSu7soksT-AzmIOuApI1174,1.0,1.0,3.0,1.0
0,0.6666666666666666,0.3550500869750976,1,1507du7IfR1G-CLcbaey_Ckb2007,0.0,0.0,3.0,1.0
1,1.0,0.3546602725982666,1,2422AkNZxKVfPVF92vs5qzLX3611,1.0,1.0,3.0,1.0
0,0.4390243902439024,0.8141980171203613,1,1178K7FADelb0uwGhLD-SWqk3223,1.0,1.0,3.0,1.0
1,1.0,0.4397675991058349,1,1516pPjUBF00cd02Zv6ASq9m1980,1.0,1.0,3.0,1.0
0,0.8,0.4185822010040283,1,1744GKV2sNvxBFRpfQ5OdYMb3571,1.0,1.0,3.0,1.0
0,0.0,0.5656938552856445,1,539g1HipZa4q8coORPOMHwj292,1.0,1.0,3.0,1.0
0,0.4242424242424242,0.8005504608154297,1,2967gpRSNp7TViZ3Mhiufj7O3940,1.0,1.0,3.0,1.0
0,0.1,0.6572556495666504,1,1395RhOKXfGuA9Dz7cn0eC5e700,0.0,0.0,3.0,1.0
1,1.0,0.3889198303222656,1,907kbEPfz0htgTE9BXkFBZ02603,1.0,1.0,3.0,1.0
1,1.0,0.3182375431060791,1,882RL4zKg1IQbdwrUdiW2uc2667,1.0,1.0,3.0,1.0
0,0.0,1.1110353469848633,1,1364rzJ0x_lGbilmxlREm3-p779,0.0,0.0,3.0,1.0
0,0.2222222222222222,0.4482033252716064,1,29518uqYYNpuxSl_Dm5Ls_Jm3979,0.0,0.0,3.0,1.0
1,1.0,0.3453481197357178,1,644VW80Ih4W_8lT57dCnHAu3022,1.0,1.0,3.0,1.0
0,0.3,0.6683094501495361,1,1632HqbVUHPq0ZhZ1rZNsIer1151,1.0,1.0,3.0,1.0
0,0.25,0.7462005615234375,1,1015sbzrzzKt2hHlSyEz_8ol370,0.0,0.0,3.0,1.0
0,0.8,0.2979140281677246,1,1552zqZDXvKbR7jYgLwOhCO41360,1.0,1.0,3.0,1.0
1,1.0,0.2804098129272461,1,618kZkbA7HSiZWpF9MwGv4B61,1.0,1.0,3.0,1.0
0,0.6666666666666666,0.6412789821624756,1,2194PPDpRt3XMclL8zL0qoaa4113,1.0,1.0,3.0,1.0
1,1.0,0.3069159984588623,1,23460E1ccJXbT5GAyp6xliNY3764,1.0,1.0,3.0,1.0
0,0.2857142857142857,0.4010002613067627,1,1458iv0WdN_NvJkFoTdqCZ_Q2097,1.0,1.0,3.0,1.0
0,0.1538461538461538,0.5887882709503174,1,9708OuWanhVP-hqUoh93Luk491,1.0,1.0,3.0,1.0
0,0.5333333333333333,0.6974797248840332,1,1751i1LapeZZHcs9AVF_4X7c3549,1.0,1.0,3.0,1.0
1,1.0,0.4361112117767334,1,25596TL4dwRP7xb65StkuvWw2471,1.0,1.0,3.0,1.0
1,1.0,0.3590638637542724,1,2347PC55kHfkoiRxULLG8kIZ3762,1.0,1.0,3.0,1.0
0,0.35,1.1520252227783203,1,1209gLLe3Hw31X00Jkrt9Bb-3129,1.0,1.0,3.0,1.0
0,0.1333333333333333,0.4815318584442138,1,934GMRKI6FRKAdrrOzLI9OB2528,0.0,0.0,3.0,1.0
0,0.3157894736842105,0.5419518947601318,1,9022NBdayPGc6_3kCdKoIiQ2619,1.0,1.0,3.0,1.0
0,0.5,0.6008260250091553,1,911BOwWs3HqQbnlUS7IJNS92592,1.0,1.0,3.0,1.0
0,0.0,2.5406744480133057,0,1962hjp1HrSPLvnI5JvgHjXk2270,1.0,1.0,3.0,1.0
1,1.0,0.3684914112091064,1,946vx136i7MuQFGnOLt3hDn561,1.0,1.0,3.0,1.0
1,1.0,0.383406400680542,1,879e8JaFZiS1bIPJKfr-NO82677,1.0,1.0,3.0,1.0
0,0.8,0.4562711715698242,1,1539KqJCW6Fb0u-gfUpW2rn21397,1.0,1.0,3.0,1.0
0,0.0,0.7719497680664062,1,1395li3pr9py0l2amb_zMeDF701,0.0,0.0,3.0,1.0
0,0.9,0.4558663368225097,1,1475f3__mr6HOl60yEXYvb4i2059,1.0,1.0,3.0,1.0
0,0.5263157894736842,0.6437764167785645,1,2362g_EnliFm-a0eYF-GHE3g3728,1.0,1.0,3.0,1.0
0,0.8,0.333669900894165,1,11781qfx77ROC14PVtyhjgRH3221,1.0,1.0,3.0,1.0
0,0.5,0.4128825664520263,1,891UGjxexhEMfZyXUZMcclW2651,0.0,0.0,3.0,1.0
0,0.2857142857142857,0.2472436428070068,0,1511pmY9lPTH0brXmFZO6mhX1995,,,,
0,0.0,0.5567939281463623,1,2439Q3dwt5i21LkosQln5aU01923,1.0,1.0,3.0,1.0
1,1.0,0.3534181118011474,1,2041iPCDoSwc6-SSEDCFNNzL1674,1.0,1.0,3.0,1.0
1,1.0,0.309859037399292,1,2020ubB0JZzHv_29zd0WpIjn2175,1.0,1.0,3.0,1.0
0,0.6666666666666666,0.5572419166564941,1,2691tnK0hsWnOO-qgZ9oNTDt990,1.0,1.0,3.0,1.0
0,0.5454545454545454,0.4576470851898193,1,2493qAop2T9Z0LeYeYrtHX2p1798,1.0,1.0,3.0,1.0
0,0.25,0.5782039165496826,1,1209bE3iRm9XLCq2bxVSfD9A3128,0.0,0.0,3.0,1.0
0,0.3,0.5529599189758301,1,1186P7uxLqgOAlAmYWkWs7Z_3198,1.0,1.0,3.0,1.0
1,1.0,0.4226584434509277,1,2698Lndd-Lpk21VCym-Ysamk968,1.0,1.0,3.0,1.0
0,0.1818181818181818,0.6909267902374268,1,1383ifp_Kw40B-eHL0kKvrZH727,0.0,0.0,3.0,1.0
0,0.4444444444444444,0.6331782341003418,1,1743deCGeVjOAbPrXoFwg2ra3575,1.0,1.0,3.0,1.0
0,0.6,0.4507553577423095,1,586FyS4ZNoDr1aP3HZyVHPo150,0.0,0.0,3.0,1.0
0,0.5945945945945945,0.8035969734191895,1,1198tKDggSEgfewI5IGaBL7o3162,1.0,1.0,3.0,1.0
0,0.6666666666666666,0.4276103973388672,1,1953_7jguMvfhNu8DiK9_PGm2291,1.0,1.0,3.0,1.0
0,0.6666666666666666,0.531691312789917,1,1033e5HoBHETSus16NBlm9ei315,1.0,1.0,3.0,1.0
1,1.0,0.3777089118957519,1,2660eWA1cLoqpqMGliZrJkOH1083,1.0,1.0,3.0,1.0
0,0.3076923076923077,0.5195486545562744,1,2438toIyC-xtMN2nOkliXxkG1924,1.0,1.0,3.0,1.0
1,1.0,0.3986940383911133,1,2066pepSCyuXjD_tji0coLR91602,1.0,1.0,3.0,1.0
0,0.0,0.465592622756958,1,2090u5tJGb46Bj0PrJdQU5uD1533,0.0,0.0,3.0,1.0
0,0.1538461538461538,0.5081813335418701,1,669yw8zqEs2wIOWRmgxa0fB2951,0.0,0.0,3.0,1.0
0,0.4285714285714285,0.6297328472137451,1,15825J7GwbF-H9d32ahjcKpK1283,1.0,1.0,3.0,1.0
1,1.0,0.3600130081176758,1,11583AIKJFgE0UrBCHocpd653276,1.0,1.0,3.0,1.0
0,0.8571428571428571,0.434758186340332,1,3007CZ5OjOJJ4NQkfCwsWudn3848,1.0,1.0,3.0,1.0
1,1.0,0.3951075077056885,1,3024oWqx7fEgnI85l7vJrQMv3808,1.0,1.0,3.0,1.0
0,0.8571428571428571,0.3995394706726074,1,969vrqLNLa3TXxxj0tGgTvq494,1.0,1.0,3.0,1.0
0,0.6666666666666666,0.4460105895996094,1,2088JK43LFzYUw1btqpa9PzL1538,1.0,1.0,3.0,1.0
0,0.6666666666666666,0.3722620010375976,1,1818O8BoyzdI3tIZTlZQX7MJ3389,1.0,1.0,3.0,1.0
0,0.0833333333333333,0.6399352550506592,1,1414IcyvJ5L7DijQ15cyTXJ6644,0.0,0.0,3.0,1.0
0,0.631578947368421,0.6382889747619629,1,2178TVFbQMRPXT9-DSGkWLDj4148,1.0,1.0,3.0,1.0
0,0.2,0.4386827945709228,1,1035LFxawmqTFdvZQiUCxQ31311,0.0,0.0,3.0,1.0
0,0.6666666666666665,0.4375181198120117,1,7035C6KSFRLF6aaoOt3S1hD2872,0.0,0.0,3.0,1.0
0,0.1935483870967742,0.7429044246673584,1,3014BDldoLr7qRhv_7TSXE6q3833,0.0,0.0,3.0,1.0
0,0.3333333333333333,0.4727241992950439,1,1581m_4FT3wjNv2nkp7_WsVw1286,0.0,0.0,3.0,1.0
0,0.8,0.4513955116271972,1,18135ObI1qm9GGBQEi88mvkH3403,1.0,1.0,3.0,1.0
1,1.0,0.4761450290679931,1,25682UMH_dlMC7fYSOKwycid2457,0.0,0.0,3.0,1.0
1,1.0,0.4614138603210449,1,650c9GCkujN5yX2Hq3ptgvj3003,1.0,1.0,3.0,1.0
0,0.4,0.4107158184051513,1,1606ixCVPmgAtLujhTmR7TkV1222,1.0,1.0,3.0,1.0
0,0.5714285714285714,0.5127060413360596,1,2094HOx0ow29dujvrq6G5bhb1522,1.0,1.0,3.0,1.0
1,1.0,0.4438223838806152,1,1618DNm6lX3wftxfj2fnuyVr1186,1.0,1.0,3.0,1.0
0,0.1666666666666666,0.5709645748138428,1,2063xkIouWNgoRjOGLoCZ1bE1611,1.0,1.0,3.0,1.0
0,0.4444444444444445,0.5398116111755371,1,587CoEbG36s3G8XderpZ9FV147,1.0,1.0,3.0,1.0
0,0.7692307692307693,0.4217514991760254,1,21746ntzdoLVGjBife3gHWRY4158,1.0,1.0,3.0,1.0
1,1.0,0.5728759765625,1,14107ccx8je7uhuc_ZNy_Evl655,1.0,1.0,3.0,1.0
0,0.9523809523809524,0.5818812847137451,1,1598QzeCBWXgq443IBJvDmm61241,1.0,1.0,3.0,1.0
0,0.6666666666666666,0.5213162899017334,1,2663ayztHU9rA3Qc2s7ndAID1074,1.0,1.0,3.0,1.0
1,1.0,0.5886180400848389,1,1442sMpJJXkhNLF4TDZAbCx62126,1.0,1.0,3.0,1.0
0,0.1481481481481481,0.6073391437530518,1,1377MSN5P9oksYJneDnSmHM3746,0.0,0.0,3.0,1.0
0,0.56,0.643308162689209,1,2704SYrBfH1tUHa-vFcWOrAs951,1.0,1.0,3.0,1.0
0,0.5454545454545454,0.5458383560180664,1,1147WFziH2m07QrmUbmsVu0h3309,1.0,1.0,3.0,1.0
0,0.2399999999999999,0.4296169281005859,1,2540AN6ZYtBeG5pfPlBiUeCC2510,0.0,0.0,3.0,1.0
0,0.3749999999999999,0.743797779083252,1,17995vhBrqZO2J0Im6CrKWdd3434,1.0,1.0,3.0,1.0
0,0.6666666666666665,0.7356958389282227,1,2711wNn5GeHqOfTsTyQ56zpG936,1.0,1.0,3.0,1.0
0,0.25,0.4464077949523926,1,2647F_ps9oYp8mtadvP5Zn0h1113,0.0,0.0,3.0,1.0
0,0.0,0.6194601058959961,1,1348eAWGkoqC9ef6-Py2LKwI827,0.0,0.0,3.0,1.0
0,0.2,0.3432543277740478,1,2698bgG-pSvhH1uH5WECCZ_3969,1.0,1.0,3.0,1.0
0,0.5185185185185185,0.738502025604248,1,1385ik6Ip2I4xXAHzd2hJNiR723,0.0,0.0,3.0,1.0
0,0.5,0.4719429016113281,1,1756rsPxqBmo2fmiaq4y7pBo3536,1.0,1.0,3.0,1.0
0,0.8333333333333333,0.601508617401123,1,1036R2bOVHSdxxka78n0CWIF306,1.0,1.0,3.0,1.0
1,1.0,0.4337694644927978,1,1393SvMSe9cbsj1MOfkv-ajg707,1.0,1.0,3.0,1.0
1,1.0,0.399954080581665,1,1834NW74vQRAIeg4u9-lyrFw3349,1.0,1.0,3.0,1.0
0,0.0,0.3626227378845215,1,1625USrRzFeM9xahwCJbR9sR1165,1.0,1.0,3.0,1.0
0,0.1,0.6434245109558105,0,2505FyMeBIza_lW5D_Zn1Sgx1770,,,,
0,0.7777777777777778,0.5133962631225586,1,2538uT9UzILgVbv20p7KxXWQ2514,1.0,1.0,3.0,1.0
0,0.0689655172413793,0.7993025779724121,1,2158_3RZBuLXPIO5koP0W1QD4205,0.0,0.0,3.0,1.0
0,0.7142857142857143,0.5448513031005859,1,1359ZuJdS_tCrQFa5IcePruQ795,1.0,1.0,3.0,1.0
0,0.1538461538461538,0.5473198890686035,1,1559TG0OMQDF0IiIQ-iWWlLf1340,0.0,0.0,3.0,1.0
1,1.0,0.4062678813934326,1,2553rgsFqv862eNLs2TOpqys2483,1.0,1.0,3.0,1.0
0,0.6153846153846153,0.4090292453765869,1,2661_JPvfH311PNXpTCTHuTd1080,1.0,1.0,3.0,1.0
0,0.0952380952380952,0.4779891967773437,0,627343cba73d42d49f9ab2152ac7ee73,,,,
0,0.0,0.5405266284942627,0,13bca793e8f34ef3b6a00babb827b240,,,,
0,0.2222222222222222,0.4398181438446045,1,cc4d8bbc8f4642c6aea193e668afd57c,1.0,1.0,3.0,1.0
0,0.1538461538461538,0.7020511627197266,1,7f44873088fe48a2895c094b9536371f,1.0,1.0,3.0,1.0
0,0.0,0.353367805480957,0,577ee7142b1342d99784987541cbd5a4,,,,
0,0.2222222222222222,0.3560104370117187,0,8675014a5cf2443ca2e3a0a7f9edd915,,,,
0,0.1666666666666666,0.4199702739715576,0,5fe90365c57d4d86812c235aadce9261,,,,
0,0.0909090909090909,0.5242049694061279,0,c06d584fa73d49c8b8277354ec563cba,,,,
0,0.1111111111111111,0.6283187866210938,1,ad31333ef743449d9ea5c71138e11642,1.0,1.0,3.0,1.0
0,0.0714285714285714,0.7028889656066895,0,d4a20e5831a74c2db85b77c202c9b353,,,,
1,1.0,0.4482960700988769,1,af225317e0344e869f51f816a901bfe2,0.0,0.0,3.0,1.0
0,0.5,0.2726130485534668,0,b23b329d50524e0f97384027067ffa4b,,,,
0,0.0,2.599688768386841,0,54362eadce8542248a27a5446872bf75,1.0,1.0,3.0,1.0
0,0.2222222222222222,0.6228420734405518,1,dae56260e1a14b2c8145251778fb673a,0.0,0.0,3.0,1.0
0,0.0,2.622505187988281,0,e63e8868f5184f54957d8162b5163d8d,1.0,1.0,3.0,1.0
0,0.0,0.4042937755584717,0,70b92157bc0245b0bb28e29a51efa75b,,,,
0,0.1176470588235294,0.485640287399292,0,d899d84fcb4740c0a15a3beb2b36dbef,,,,
0,0.1999999999999999,0.4113929271697998,0,db50e1a39c684911974d11089aac3b8f,,,,
0,0.0,0.3701834678649902,0,c744d9c42ac147e4b6aa2100fee15c60,,,,
0,0.25,0.529473066329956,1,4cba4b140f94427bb0f62c4a02363f25,1.0,1.0,3.0,1.0
0,0.2857142857142857,0.5376288890838623,1,d92504c61c914b269b177e6e1c665703,1.0,1.0,3.0,1.0
0,0.2222222222222222,0.3415212631225586,0,25534aa9c2db4c029dac36e0b86cc9e9,,,,
0,0.1999999999999999,0.3112096786499023,0,73512a0d242c474aa4bc1a4a545ce8e9,,,,
0,0.1052631578947368,0.5515158176422119,0,02ccd577201b495c8fd30a8134ee899f,,,,
0,0.0,0.4206728935241699,0,3753577ecc2e4d6c876ab556c7129e91,,,,
0,0.25,0.3058598041534424,0,ced58e5bda7e4c3280fe9aea708665ee,,,,
0,0.0,0.4106321334838867,0,1dc06cecad4a46ef9c3f69132e7c8ec4,,,,
0,0.0,0.4441797733306885,0,89d7aa79c10a4e2ca2d8cc29f2461ae7,,,,
0,0.0,0.4252016544342041,0,189618aaac6749a3b85d85b3f4149728,,,,
0,0.1818181818181818,0.5955870151519775,1,ee659535aa5b4df0b9f9e9220d1c29ae,1.0,1.0,3.0,1.0
1,1.0,0.3492941856384277,1,4593f14942df4650914b5eedae898cef,1.0,1.0,3.0,1.0
0,0.1428571428571428,0.5495033264160156,1,c68c551858d14d02851f6ee0ae58cf84,1.0,1.0,3.0,1.0
0,0.25,0.5211677551269531,1,008ebd5a8db245de983cca3b54793356,1.0,1.0,3.0,1.0
0,0.0,0.2968752384185791,0,b4b01a8abc8e4777ad427ae35c7eb4c8,,,,
0,0.1333333333333333,0.6034698486328125,1,3c1d7575d77c485494bc1c14e682722e,1.0,1.0,3.0,1.0
0,0.0,0.4039087295532226,0,8388cb2033e74f3c92428875d532e68c,,,,
0,0.1428571428571428,0.5826938152313232,1,d05a7c5ffa234a0492682d98344839ed,0.0,0.0,3.0,1.0
0,0.0,0.3376929759979248,0,0c20dda358fd4ba189540b04d05259a4,,,,
0,0.1333333333333333,0.4260852336883545,0,67ed77e8e8eb4c43b0ee3f476547976d,,,,
0,0.25,0.3238565921783447,0,5f8292eaf4f94d329c966d56cc866421,,,,
0,0.0,0.3813409805297851,0,caf84e8f275547508dee4708755c3968,,,,
0,0.0,0.3571600914001465,0,6aa88f5f5ea64475aeffce66ca536f25,,,,
0,0.0769230769230769,0.9350337982177734,1,679153888adc42469fa2924686e1e5fe,1.0,1.0,3.0,1.0
0,0.0,0.5246245861053467,0,dfa04009717747708fd122c1b60eea80,,,,
0,0.0,0.6118443012237549,0,3c4b71cf4cf54a5d94e57f4468f19835,,,,
0,0.2222222222222222,0.3081393241882324,0,0cf3c64085764868bbf73bed4dedb71b,,,,
0,0.0909090909090909,0.662808895111084,0,f9e31eaa38c14c9ba1e788b917f8ea65,,,,
0,0.0,0.4938485622406006,0,79335fdeedb94bd2af2eaf5d32d5d97d,,,,
0,0.0,0.366105318069458,0,3593e1d4b90b4e8495eccbe36ad09a6b,,,,
0,0.0,0.4929780960083008,0,32ac5e97ccfa4776b23094d08261a178,,,,
0,0.0,2.558603286743164,0,4c4288d5694d427abc4540e7d6e27ef9,1.0,1.0,3.0,1.0
0,0.1666666666666666,0.512321949005127,1,2852c90c493d4d3f9d27a7e8406c90b5,1.0,1.0,3.0,1.0
0,0.0,0.8537178039550781,0,b59fbcf889e3428eb40b842c37e8f77c,,,,
1,1.0,0.455657958984375,1,d98585694efc4385bbf137bd879b88fc,1.0,1.0,3.0,1.0
0,0.1333333333333333,0.6364924907684326,1,2105604c81ee44feba1cf54a52baa51f,1.0,1.0,3.0,1.0
0,0.2857142857142857,0.5713710784912109,1,9d463c564677468596fa737e4184d396,1.0,1.0,3.0,1.0
0,0.25,0.3153858184814453,0,427785e75b94494b8539235667f77de0,,,,
0,0.25,0.3377106189727783,0,93a6ab1347564abbb266947927c8c0c4,,,,
0,0.0952380952380952,0.6314172744750977,0,42dbe45ca7744fdf9b31e919a0f7154e,,,,
0,0.3333333333333333,0.4964079856872558,1,8d81880a51974eeb81e08471be36f387,1.0,1.0,3.0,1.0
,,,,1425958Af5TnMLwD04387,,,,,"Skipped: answer is not string, got float"
