exact_match,f1_score,time,step,dataset_id,hit_rate,hits,total_retrieved,expected_count,error
0,0.5,4.517147064208984,0,629HsNl5Qf3THUq_CbmFrSx28,1.0,1,3,1,
0,0.16666666666666666,4.240123510360718,0,2648F832Z8D-thJnrxy_ZoZ11111,0.0,0,3,1,
0,0,5.816584348678589,0,2561YDPNx6Nm5o6T0F-PGw-u2466,0.0,0,3,1,
0,0.03389830508474577,32.47977375984192,5,1431C0_ORK0ta8pDX6H-1VOp596,0.0,0,18,1,
0,0.42857142857142855,4.51229190826416,0,1234WIzl7ElikCCPk4gA-7ua3057,1.0,1,3,1,
0,0.023255813953488372,6.61885404586792,0,580J0GQq9CMPFwuNoK_eRB4169,0.0,0,3,1,
0,0,33.3381609916687,5,1008cPycwBnuEuEiZLC7k7LH387,0.0,0,18,1,
0,0.5,4.745800256729126,0,2515HnCK6br3syHDxNhRpc8g1750,1.0,1,3,1,
0,0,35.51017689704895,5,1423Rcv2EkrmFuIt2YeOnjUf618,1.0,1,18,1,
0,0.7000000000000001,5.120819807052612,0,20485Fhf0JwIy4n0x3VB-lgO1653,1.0,1,3,1,
0,0.5428571428571428,6.324851989746094,0,845RUlmcCAkxZC2itV7MBh62763,1.0,1,3,1,
0,0,34.733041286468506,5,2469wKA4zFUFpbear2IzeeA21855,0.0,0,18,1,
0,0,36.44680953025818,5,1440qne5M3TJkKmQ8UE97H1P2132,0.0,0,18,1,
0,0.2,12.046558856964111,1,1528MgNp15Yx30rPeZDqHZi11952,2.0,2,6,1,
0,0,5.957394123077393,0,23488dFrnyeZ5ef_I0UKSiz_3761,0.0,0,3,1,
0,0.16666666666666669,5.5095155239105225,0,1972yAEf1nBlvyHW4FzECBk52251,1.0,1,3,1,
0,0.04,6.460244655609131,0,1752E5XokYRzRxCMWKU2kTp-3547,0.0,0,3,1,
0,0,32.130441665649414,5,2574e_nCnMlZf6mrQzmO3LZo2447,0.0,0,18,1,
0,0,35.413570165634155,5,1235m-89f-L_U28rNQ1Twz073053,0.0,0,18,1,
0,0,44.320815324783325,5,924h9Ft9SWd5mJ8NvTErCl72555,0.0,0,18,1,
0,0,23.268228769302368,3,1449K8ANCJR2kfhz2B8KAAgg2114,0.0,0,12,1,
0,0.0851063829787234,43.782212018966675,5,2563vdW9TuW9KxwiRSmdl72r2463,0.0,0,18,1,
0,0,35.79811215400696,5,9171SqPvS4Y9VVB9rn93Vi-2574,1.0,1,18,1,
0,0,37.332048654556274,5,27065ZHgP-paSB5ljBAmKla_949,0.0,0,18,1,
0,0,35.999112367630005,5,542GY7OjClDyzNlztIK-dOQ282,0.0,0,18,1,
0,0,18.270939588546753,2,2135JNizCTqBzs-NkJ-0GhnT1406,0.0,0,9,1,
0,0,37.82936239242554,5,1021PPK-R-xW8kEi9x6y3ozh353,0.0,0,18,1,
0,0,46.385199546813965,5,2130h876xzkpp7t6b6OH4mTG1419,2.0,2,18,1,
0,0,38.764000415802,5,884P0H0QPSGbW5zK2GVDAY02661,1.0,1,18,1,
0,0,37.03367018699646,5,1192qu70aQV6bzoD2MwG1aT83180,0.0,0,18,1,
0,0,5.3875486850738525,0,604BaVh8B5igEaFS0x8dDlu99,0.0,0,3,1,
0,0,5.403528213500977,0,2670fxp2HMG8cuSsty0VDUYi1051,0.0,0,3,1,
0,0,25.18814253807068,3,22218q38c0YRb2JXvtSd0Nqf4044,0.0,0,12,1,
0,0,5.972023248672485,0,2134Bi8K76FZoKK6ZdoHexNd1407,0.0,0,3,1,
0,0,6.044382095336914,0,2098lWBBQeFRw7WuODbVUvic1512,1.0,1,3,1,
0,0,5.521595001220703,0,899il7HMq79D4iA4PWEiSgJ2628,1.0,1,3,1,
0,0.026666666666666665,25.83411407470703,3,9853WfA7vCWlhKLuNowxZf-444,0.0,0,12,1,
,,,,1940j-y1Q_I1wO0_w4xuf2jC2322,,,,,Ollama request exceeded timeout limit for model stable-qwen with error: timed out
0,0,5.654963970184326,0,2577bEPb_E8k_8MS_cadZ9ua2441,0.0,0,3,1,
0,0,30.914386749267578,4,29828E9PeGsXkCgpy9f0lHoG3903,1.0,1,15,1,
0,0.2,5.365300416946411,0,3022nFZbMu1Zsnj63qPWfgCv3813,1.0,1,3,1,
0,0,17.3342125415802,2,609MyQ372LLBdo0DkE0M__Y85,0.0,0,9,1,
0,0,18.709586143493652,2,1012LN56E8ShPhOCoocbJrrp377,0.0,0,9,1,
0,0,5.406096458435059,0,2656m6atvpn0tFeC20KuCqnA1091,0.0,0,3,1,
0,0,5.698199033737183,0,1837DjnvLKs92-s8s-2bK5zI3340,1.0,1,3,1,
0,0,5.493832588195801,0,994Sida6rlY6gttMLbmo18H294,0.0,0,3,1,
0,0,5.46133828163147,0,2972anHdG1TwBtQaRXhi-WEK3930,0.0,0,3,1,
0,0,5.608627080917358,0,2543YTHVxq-ZfUQzgqYoJgvE2501,1.0,1,3,1,
0,0,5.439234972000122,0,2417mVau_Gooa9D5PxRnhLKg3623,0.0,0,3,1,
0,0,5.517279148101807,0,2135XIpxKCXL8wqzaiLxmU9S1404,1.0,1,3,1,
0,0,5.46858286857605,0,1941vdbzlN7oVltmEKX-YLNT2321,0.0,0,3,1,
0,0,5.733168125152588,0,1172cnB3XirJLf2l_lj2h1NR3237,1.0,1,3,1,
0,0,7.5052735805511475,0,2090kIQgIF1t7Ra3IASVYGL71532,1.0,1,3,1,
0,0,5.890128135681152,0,1202iIzasrTScRTbY9MqhVF43150,1.0,1,3,1,
0,0,5.521580457687378,0,2197JYHIBfWstcD9UKgGesaP4105,0.0,0,3,1,
0,0,5.338670015335083,0,897WMI0gpuEb7GnEJyiH4Uz2633,1.0,1,3,1,
0,0,5.487421989440918,0,1384F3UCzmVUDztYUe75gYZ8726,0.0,0,3,1,
0,0,11.003756523132324,1,1378ks8fL5T0PZyVfKqdb0iq743,0.0,0,6,1,
0,0,5.511703729629517,0,1595fYgFcFNnWFaGQLEXRtcJ1248,1.0,1,3,1,
0,0,24.69282031059265,2,973l7OlPX7xTIwuKoPqSOF1480,1.0,1,9,1,
0,0,5.577164173126221,0,2059qn2LY5Rgkc_lCxZvqig_1624,0.0,0,3,1,
0,0,5.460375547409058,0,1350iEyQpgS8um8egWa2LDPk820,0.0,0,3,1,
0,0,5.400031089782715,0,2426OrIWlCMyEkLoqANXww1O3604,0.0,0,3,1,
0,0.16666666666666666,5.601058483123779,0,1567OzoMV2H8D1C1oKf9kJ7U1317,1.0,1,3,1,
0,0,5.526712417602539,0,1157dystjMPwLIVRr1mKQuwa3280,0.0,0,3,1,
0,0.1111111111111111,5.575343132019043,0,27136dTeCLdMVvvOL507cvEc930,1.0,1,3,1,
0,0,5.471255779266357,0,1365-1b52ot7eMMf3SsA9c4Y777,0.0,0,3,1,
0,0.15384615384615383,5.39349102973938,0,2236OY8HQU0L8c2zBLDDSfzl4002,1.0,1,3,1,
0,0,29.88882040977478,4,1173TY1U9F1eZjiUDJuXEvfX3233,2.0,2,15,1,
0,0,5.398539066314697,0,2475BHL2tV9VUQb2nFxwGP0p1839,1.0,1,3,1,
0,0,5.396561145782471,0,2499V-2FlPo6WVsoWpisdH6C1783,0.0,0,3,1,
0,0,5.508623361587524,0,3018ir8K9UU-cmqq5IQcmz7l3820,0.0,0,3,1,
0,0,5.679793119430542,0,2646G7TOcWUmw6OMJGvjmnOd1116,0.0,0,3,1,
0,0,5.4257097244262695,0,628A_ztdoD85Pm7Hd6Uv2TF31,1.0,1,3,1,
0,0,5.369185924530029,0,2548jWUEsutIJk1cbqN2tPM12494,1.0,1,3,1,
0,0,5.382988691329956,0,840n8TOnpwIHl-qkgddBBUV2778,1.0,1,3,1,
0,0,5.449015855789185,0,1979k__dYe4eh0JcWo4LS3y02238,0.0,0,3,1,
0,0,5.366851329803467,0,730-sg8DQC7Q6MNsKvBhO3l2801,0.0,0,3,1,
0,0,5.521704196929932,0,2411q8v30VrYGF_YwZ3xRDOD3629,0.0,0,3,1,
0,0,5.366915702819824,0,1537GkZcUo3TOHP-viuoWNt-1927,1.0,1,3,1,
0,0,5.461995840072632,0,2062pqfFSy4vUpvOqO0esuQx1613,1.0,1,3,1,
0,0,5.349006175994873,0,717GIQkXVVB0r9TgF9XjTKs2834,0.0,0,3,1,
0,0,5.375824451446533,0,2497_yB250Kp0G5hx_qYaSQz1789,1.0,1,3,1,
,,,,1532_kh1mDAMXkYl6yf_Pv1J1940,,,,,Ollama request exceeded timeout limit for model stable-qwen with error: timed out
0,0.22222222222222224,5.32385516166687,0,2080wcuzvVTZwQpYTe_xQ8731560,0.0,0,3,1,
0,0,5.418001651763916,0,2562mR0gHty9fugk4dVk181r2464,1.0,1,3,1,
0,0,12.19124460220337,1,1208ZxTFiASsvA8kMOYqhRyK3132,0.0,0,6,1,
0,0,5.584286451339722,0,904jIjVFDOK0pRjFHCWbvJn2614,0.0,0,3,1,
0,0,5.4658143520355225,0,2664AqK615zaJ_528hvbvtPb1071,0.0,0,3,1,
0,0.13333333333333333,5.544749975204468,0,2169wN0winsrY_i_g0bAhQG-4173,0.0,0,3,1,
0,0,10.929630756378174,1,2972A0AdM2WI3crvQdFxrqCd3928,1.0,1,6,1,
0,0,5.341200113296509,0,2173fu4XUTuowr7JXVT_qKR14162,0.0,0,3,1,
0,0,5.322620868682861,0,1194VOJh4dS-MXoenYLMn-a13174,1.0,1,3,1,
0,0,5.4780895709991455,0,2344eMszMywnP_KtAXxgyVLS3770,1.0,1,3,1,
0,0,5.389481782913208,0,2202VQfjd1RqAXVO4ucrNNUA4091,1.0,1,3,1,
0,0,11.054715633392334,1,601ThCJk5zYjSXGup71iHM5105,1.0,1,6,1,
0,0,11.152768611907959,1,2219TDRURokHX0rVp0aN741O4049,1.0,1,6,1,
0,0,5.466218948364258,0,652EU8b_0799Xp7ZExvB6D12996,0.0,0,3,1,
0,0,7.2890143394470215,0,596zM0R2OmIzgkB1SbT2GQk122,0.0,0,3,1,
0,0,24.686517477035522,1,2628284lX5xJUbHwtCr3OcHt2341,1.0,1,6,1,
0,0,18.51167106628418,2,1464zJl2AsUmWqzyQ5UMyZIu2084,0.0,0,9,1,
0,0,5.487940549850464,0,2119fyRyssk_Wje72wdKEvRB1450,0.0,0,3,1,
0,0,5.584051132202148,0,2011BmOhqTJO6XDvfA1PRl622189,0.0,0,3,1,
0,0,5.476297616958618,0,1143y4HvMRUYirASrnijdFdG3320,0.0,0,3,1,
0,0,5.471367120742798,0,11609Jmtcj6mL4_qZoKMrsvu3271,0.0,0,3,1,
0,0,11.754168272018433,1,2512lEhovFhT11eis4TwjWj61755,0.0,0,6,1,
0,0,5.604763031005859,0,10219JfXeEWLn2dqWpvyeBX-351,0.0,0,3,1,
0,0,5.524911642074585,0,591ltVD7_6Ehvx3qb3tWALB135,0.0,0,3,1,
0,0,5.628185749053955,0,991UJ4U1LRmAW5-f92M6LsY428,0.0,0,3,1,
0,0,5.498986005783081,0,1827dyfhitJTrUGC7j5L4f793368,1.0,1,3,1,
0,0,5.521528482437134,0,25901E2zSJQfs-GE-OfTyHNi2415,1.0,1,3,1,
0,0,5.519955635070801,0,2390BO24hCThZGRINh8VZEwX3669,0.0,0,3,1,
0,0,7.284113168716431,0,862Cr4hD-1x_y9yIeSe1h542712,1.0,1,3,1,
0,0,7.247598171234131,0,919Uw0PTYP2s2ybeSXUEbBL2567,1.0,1,3,1,
0,0,5.342069149017334,0,26420KhWf9GaN3cEHDl39Qxn1125,1.0,1,3,1,
0,0,5.349149465560913,0,2999clBojzrphxraymsqv1j23864,1.0,1,3,1,
0,0,7.02983546257019,0,2153UUzYIXrndLZzzxsDO5Gh4216,1.0,1,3,1,
0,0,5.42232084274292,0,1603mLkIXwPW7Y21tE83oCqe1229,0.0,0,3,1,
0,0,5.518721580505371,0,1177mo9QxepXvRmIEbov-3wB3225,0.0,0,3,1,
0,0,5.478739261627197,0,2163prpiVkHoWAkyQR6_xuQb4190,1.0,1,3,1,
0,0,5.549231767654419,0,1224ZpkYHN34yzQX3zAz1Drn3083,1.0,1,3,1,
0,0,5.62949800491333,0,3017aHeDCc1uLRI2rnBry2uw3823,0.0,0,3,1,
0,0,5.407460927963257,0,25185MAzxodWaNF6paGbye9m1739,1.0,1,3,1,
0,0,5.588906764984131,0,1775dGCKacaEaf4vXnKBh4Rd3489,0.0,0,3,1,
0,0,5.400458335876465,0,1971wAtIPOivQQGrt9-QMXKx2252,1.0,1,3,1,
0,0,5.509080171585083,0,1540XOXCHVXRJvkaumygGWEP1392,1.0,1,3,1,
0,0,5.473613739013672,0,1018RR7R37EFe6-6a8ByqX6L362,0.0,0,3,1,
0,0,5.459920883178711,0,1581m_4FT3wjNv2nkp7_WsVw1287,0.0,0,3,1,
0,0,5.5957300662994385,0,92118qkl9UIQgFwOHU-Q5hF2561,1.0,1,3,1,
0,0,11.02973461151123,1,1807ETR83rfS--7HO_UVPZIY3419,1.0,1,6,1,
0,0,5.485151529312134,0,9022NBdayPGc6_3kCdKoIiQ2620,0.0,0,3,1,
0,0,7.326582431793213,0,18135ObI1qm9GGBQEi88mvkH3404,1.0,1,3,1,
0,0,5.346819639205933,0,14135nOR58ZI6lSglpLLKJLs648,0.0,0,3,1,
0,0,19.92426037788391,2,1221TiO8JJQ-vOfSQxVla7zq3093,0.0,0,9,1,
0,0,5.504508972167969,0,684byYz4orMrh60-Fxhgy3n2915,1.0,1,3,1,
,,,,2586yn1AwEdGYBYrySuVMaKy2424,,,,,Ollama request exceeded timeout limit for model stable-qwen with error: timed out
0,0,5.6353936195373535,0,629HsNl5Qf3THUq_CbmFrSx29,1.0,1,3,1,
0,0,5.531948089599609,0,723ytGpHPbjoavIcmlhSSPx2819,0.0,0,3,1,
0,0,5.633437633514404,0,2713hk0M98quNxBe6DeLFCcS931,1.0,1,3,1,
0,0,5.5057923793792725,0,1469nqp1NXhfX10HhPcrdOO62071,0.0,0,3,1,
0,0,5.689047813415527,0,2230tSU7QgNiYBltnZLJbQC34019,1.0,1,3,1,
0,0,6.7666356563568115,0,2595p6qxVIXlogFl1fTrX8fj2403,0.0,0,3,1,
0,0,12.269375324249268,1,1191W0USQS58Z6BFE4WkQ-h53184,0.0,0,6,1,
0,0,5.609072208404541,0,2651W9hIkNcmdRVAlG6zUyLS1104,1.0,1,3,1,
0,0,5.522260665893555,0,653EYaIRqmXIngKYek45pE52994,0.0,0,3,1,
0,0,5.500304222106934,0,918WklZmO3jLsn_Z70OZLWg2572,1.0,1,3,1,
0,0,7.212244033813477,0,614qvZZNRxxpBg3ucW1nsPI74,1.0,1,3,1,
0,0,5.325242519378662,0,1968sByqQLQlZjFcJMPFrHff2258,1.0,1,3,1,
0,0,5.4359753131866455,0,686OvLyPUvXUe5IOzEyV6ef2909,0.0,0,3,1,
,,,,1461b77FDHPFXFe4yi5Nhcwr2091,,,,,Ollama request exceeded timeout limit for model stable-qwen with error: timed out
,,,,27240PkmgWqz5j9_Fq0dxZCZ901,,,,,Ollama request exceeded timeout limit for model stable-qwen with error: timed out
0,0.2,5.579961538314819,0,1586xdhd1pR6S0dzxj9ovgft1274,0.0,0,3,1,
,,,,564nvWBMTyMNmhonDBcxkha218,,,,,Ollama request exceeded timeout limit for model stable-qwen with error: timed out
0,0,5.4460530281066895,0,2540fNbixvF2zJt8p9UgqNRm2509,0.0,0,3,1,
0,0,5.605325222015381,0,19576albE3jQTwnzltPL9x4p2283,0.0,0,3,1,
0,0.22222222222222224,5.402819633483887,0,844px1jLdiF9yixa41UdsW72765,0.0,0,3,1,
0,0,5.6269097328186035,0,1438GBcsCGsIXBK4Ri5BDA7-2136,1.0,1,3,1,
0,0,5.463059186935425,0,1626CdTndjDZja_pRT6QKy_T1162,1.0,1,3,1,
0,0,14.058419942855835,1,2377P4XI1eWxdwx2SZ4FBFGz3694,0.0,0,6,1,
0,0,5.448717355728149,0,1237-igIa0nSFzHyYKR3NSy73049,0.0,0,3,1,
0,0,5.846924543380737,0,26841mPx1AI7j2kbUYe2rpkX1009,1.0,1,3,1,
,,,,2651TkmXlqXOnvvNj8XwRj8y1102,,,,,Ollama request exceeded timeout limit for model stable-qwen with error: timed out
0,0,8.231858253479004,0,2515f1PtJHMiB1tlaUewaK_M1748,1.0,1,3,1,
0,0,6.508898496627808,0,2074N9UKFJMXP9zlp3kGmFLm1578,1.0,1,3,1,
0,0,6.564160585403442,0,2737g-gZdm-sJQvvj93e0dsn862,0.0,0,3,1,
0,0,6.45759391784668,0,1209gLLe3Hw31X00Jkrt9Bb-3130,0.0,0,3,1,
0,0,6.285943508148193,0,20271DZtHLqghVOFTovejUu02159,0.0,0,3,1,
0,0,6.44645094871521,0,1367qqQx_HJpwlvPVKeAf79c771,0.0,0,3,1,
0,0.03636363636363636,6.934741020202637,0,1180si0MHWiDkF_QSrRg3Bmr3217,1.0,1,3,1,
0,0,6.552578449249268,0,1755k6OhZV2tgTLoY1YA0e3q3540,1.0,1,3,1,
0,0,39.251020193099976,5,29911GwDefKvNAdit4U50-4e3883,0.0,0,18,1,
0,0,40.74588871002197,5,1150Z77lGncZI7Zrk-xbjId83299,0.0,0,18,1,
0,0,39.078346490859985,5,2216CR-IgtZy4-rBrWwtf5Q84055,1.0,1,18,1,
0,0,42.67146110534668,5,3032TZQwiPvD5YTjwyIxVD573795,0.0,0,18,1,
0,0,29.06425714492798,3,1031ZvlfbMyu93rSJ9xhYFCe322,0.0,0,12,1,
0,0,12.50448727607727,1,953eF6SuRKllGSbKQ3CTK_8542,0.0,0,6,1,
0,0,7.756288528442383,0,1503-OeysybldRIrK-6Seqce2015,1.0,1,3,1,
0,0,12.56596302986145,1,1418rlNVb_RqqdBIh4q8Vz-O632,0.0,0,6,1,
0,0,5.862275123596191,0,2697v70pWXgc-DSg0veQwf_g972,0.0,0,3,1,
0,0.06666666666666668,5.936214447021484,0,2950gZ4P4mJPFr8zvaCPmgqF3984,0.0,0,3,1,
0,0,6.046356439590454,0,1015sbzrzzKt2hHlSyEz_8ol371,1.0,1,3,1,
0,0,5.9411187171936035,0,20643waArPwERgCSx-Mi5aTq1607,1.0,1,3,1,
0,0.04081632653061224,6.065347194671631,0,25839ctSBP_9ircmR2x3MPam2429,1.0,1,3,1,
0,0,5.937296390533447,0,2109wDBr_5DTMGUIMawARy5V1481,1.0,1,3,1,
0,0.04761904761904762,6.043854713439941,0,667rAHXuSUPsljQVxvIq2TT2958,1.0,1,3,1,
0,0,5.914949417114258,0,1614T5V_kcqugUnyUVwnMyhs1198,1.0,1,3,1,
0,0,5.945092439651489,0,2654TNySW8MZLcGuEXDIeHmv1096,0.0,0,3,1,
0,0,6.04714298248291,0,1167rHEYHtG_H7cMU-f8Fs4k3253,0.0,0,3,1,
0,0,5.991111755371094,0,1802TzfzNhOqk3YbRW3ibRGt3428,1.0,1,3,1,
0,0,6.118633031845093,0,1760mDs0p3IiDjSQHOt_UjsF3525,1.0,1,3,1,
0,0,5.960307359695435,0,587v2MlTNxLZ2PTLUM4FwNM149,1.0,1,3,1,
0,0.06896551724137931,5.8856916427612305,0,5926oxnr604obAEPlUV9uIf132,1.0,1,3,1,
0,0,6.084408283233643,0,869tyTpa9rKUcCPdLKs8WYm2699,1.0,1,3,1,
0,0,5.96357274055481,0,1151NblPUqOQyrZMMFg2dGYZ3296,0.0,0,3,1,
0,0,7.761049032211304,0,1403de07gs-9JpPhLkY3NXmx677,0.0,0,3,1,
0,0.05263157894736842,5.896934986114502,0,1399HAUAi3igcRp4kaiXBS34689,0.0,0,3,1,
0,0,6.521315813064575,0,1765lhaAmt-FyNdNGZEF0ee43508,1.0,1,3,1,
0,0,5.979566812515259,0,2976EFlvgTQmMUjN_0Qwuu1-3920,0.0,0,3,1,
0,0,5.917416095733643,0,911iSktzCosrhYPrDiybAu12591,1.0,1,3,1,
0,0,6.015721082687378,0,1758C1ntGFo_J3b9Gru82Z393529,1.0,1,3,1,
0,0,41.49969220161438,5,25682UMH_dlMC7fYSOKwycid2456,1.0,1,18,1,
0,0,7.416701316833496,0,1615r-Z6NuO6cx_SWYHnunxF1194,0.0,0,3,1,
0,0,40.98598384857178,5,1446B3blpnHraasPEB4_1HUF2121,3.0,3,18,1,
0,0,40.05778527259827,5,1139_-7833hNxUF5gGfQFr7N3334,0.0,0,18,1,
0,0,38.43319082260132,5,1568HYHlm_FxJX3M17z-eEGK1314,1.0,1,18,1,
0,0,38.566638708114624,5,994GU89OGfkUkf_KwQ-KrNe296,0.0,0,18,1,
0,0,27.55819344520569,3,11881tCMe4yHOSjaL320WzSI3193,0.0,0,12,1,
0,0,18.28933334350586,2,2056cqUJwSrh1iUBnuLscYVW1632,1.0,1,9,1,
0,0,7.049113035202026,0,1175f68nWVOs5WY82yUFRvj63231,0.0,0,3,1,
0,0.04545454545454545,38.222442626953125,5,2500VYxWOcV0dcNe7upA2FXu1780,0.0,0,18,1,
0,0,19.828662395477295,2,1401Qipsx6VOk5VqTYL6uR-s682,0.0,0,9,1,
0,0,5.847449779510498,0,581eQPPkrKHcN8_8Sw_9yqc167,1.0,1,3,1,
0,0,12.157197713851929,1,1412dyjyK86xUjhTPTG2x3S7651,0.0,0,6,1,
0,0,33.24379277229309,4,2144tPw0o0rfWHjrb2BilKfa4239,0.0,0,15,1,
0,0,5.923383474349976,0,17575vjW6q5vpBlTdRADa0J73534,1.0,1,3,1,
0,0,5.868733167648315,0,1020SC6hZKqsbIYDzkH4Cli3355,1.0,1,3,1,
0,0.06060606060606061,12.431530714035034,1,2648F832Z8D-thJnrxy_ZoZ11112,1.0,1,6,1,
0,0.06451612903225806,26.819920301437378,3,1403iGcCDPPITOn08forKH9T676,0.0,0,12,1,
0,0,5.914170265197754,0,1800AHEt4m27Eec8QRYN8CrP3433,1.0,1,3,1,
0,0.08,5.5523741245269775,0,20726paThEg6FmxDxiNte-9n1586,1.0,1,3,1,
0,0,5.763347625732422,0,1829Io4ow-6WaOGk3uMLY2EE3363,0.0,0,3,1,
0,0,5.690887212753296,0,857c6PNb74Vi_KeHh7wTR9E2726,1.0,1,3,1,
0,0,20.569007396697998,2,1575DDvSq8Z-ZcD7dwOi7PcQ1303,1.0,1,9,1,
0,0,7.1811439990997314,0,20751yhuHsp4GA5IYz4deJsk1576,0.0,0,3,1,
0,0,5.5625550746917725,0,2733OPDIO_m0GnjeKLl0Pb0x873,0.0,0,3,1,
0,0,11.93588924407959,1,1770rj6GQbTCC5Whkc2stQVr3496,1.0,1,6,1,
0,0.06451612903225806,5.635562896728516,0,2986JvbXNLo81zp2QsLN9R-o3895,0.0,0,3,1,
0,0,5.736635684967041,0,1586CJRbcCFLoT3hGLQI9g7U1272,0.0,0,3,1,
0,0,5.638512849807739,0,912P2qVUbgYW9BjbKDrE9DY2588,0.0,0,3,1,
0,0,5.730778217315674,0,2071kHxLVZsdxtm6xVPXQcML1588,0.0,0,3,1,
0,0.14814814814814817,5.658077716827393,0,943kajWSnLrin3THXJG_d-e571,1.0,1,3,1,
0,0,5.733197450637817,0,1627y16BUwp_39IprpSx206Q1161,0.0,0,3,1,
0,0,5.645031452178955,0,2139yDUqrN6ktYr0XYmUtrhj4252,1.0,1,3,1,
0,0,5.730778217315674,0,1517RRHHjHDzsegVV1oTrpCQ1979,1.0,1,3,1,
0,0,5.768292427062988,0,21820nOi_DCT5VotWdfluLli4138,0.0,0,3,1,
0,0,12.075623273849487,1,595-NWtNX9EUYMxcBWtvCsv123,1.0,1,6,1,
0,0,5.789569139480591,0,2116GnMpkWhh1tl84u7kz-JS1461,0.0,0,3,1,
0,0,13.723153352737427,1,1159_3BLEoNo6JC3PQD3lhm_3273,0.0,0,6,1,
0,0.06666666666666667,19.403563022613525,2,935AXiIOoqPxpPpzzvR8YS22525,0.0,0,9,1,
0,0.07692307692307691,5.908518075942993,0,1791pNJzKyWbh6wW0KOK91ow3451,0.0,0,3,1,
0,0,13.064245700836182,1,2168J5OIY9_0JcjpUFtF-s8j4177,0.0,0,6,1,
0,0.06666666666666667,5.924020528793335,0,25281rkigYqmVnXZVKIo__6C1709,0.0,0,3,1,
0,0.057142857142857134,5.747307062149048,0,2226L8d66ouJEV1RUNRdzzwj4033,0.0,0,3,1,
0,0,5.941530704498291,0,1478KTXepjZroExsv6FHaVuM2052,0.0,0,3,1,
0,0,5.775364398956299,0,2079-LyObLxGymHC2hBqr_KO1565,1.0,1,3,1,
0,0,5.838963985443115,0,2627_Kfp2WhutNlCFnT50sG02344,1.0,1,3,1,
0,0,5.860966682434082,0,2508GyO7kZECUGQ3Ln8manrq1764,1.0,1,3,1,
0,0.07692307692307691,5.753211975097656,0,1577OEbmLnj5geKIc3Ms5Gtk1299,0.0,0,3,1,
0,0,40.15572786331177,5,854G5_8fmgOx2wqp3G98Wbo2736,0.0,0,18,1,
0,0.0425531914893617,37.883848428726196,5,1741gH8j8vwlFA4b6EQ4n5w73579,1.0,1,18,1,
0,0,11.972419738769531,1,2366jzVcXSo7q0dr6-Gz67u-3719,0.0,0,6,1,
0,0,6.152168273925781,0,26727Yse7GsoM0NaNss8TBWk1046,0.0,0,3,1,
0,0,5.705508232116699,0,549BWLdJQ30ytdTBb1ltl63261,0.0,0,3,1,
0,0,5.730050802230835,0,1194TLkUeN2s1pmz3z-LhQdx3173,0.0,0,3,1,
0,0,5.872150897979736,0,24419ElQ6t4Xid93KqYjJXMT1915,1.0,1,3,1,
0,0,5.7642271518707275,0,2723xU3JSCsI93Jmzi12bo8-905,0.0,0,3,1,
0,0,5.895302772521973,0,2980C0U4pvUngKDisOcpNW3q3908,0.0,0,3,1,
0,0,5.785427570343018,0,1363vktTqXoQ53guY-ds-40F783,0.0,0,3,1,
0,0.06666666666666667,5.700796365737915,0,1405G7xAi6FNLYm6fgeOs5Bj672,1.0,1,3,1,
0,0,5.830772876739502,0,661euljLSpbfTSc_6HtuXCq2973,1.0,1,3,1,
0,0,5.725016355514526,0,733ro10P8E_CfDSYgZ9bqof2793,1.0,1,3,1,
0,0,7.669828653335571,0,1427BI8NYRszEev_FCnoHfQp607,0.0,0,3,1,
0,0.08,11.940503120422363,1,19697DTaaASi89oMV51KpEk02257,0.0,0,6,1,
0,0,5.725155830383301,0,2997uuJN0Yt55vdTFyk9kAUA3869,0.0,0,3,1,
0,0.060606060606060615,6.143967628479004,0,986iCUMSxEyOTfVrShe7r8X441,0.0,0,3,1,
0,0,5.833820819854736,0,1215415v_BmzwkNXDE-6MKs73112,0.0,0,3,1,
0,0,5.7601776123046875,0,636bdCEp-ei65RvphUV5kzu7,0.0,0,3,1,
0,0,5.771958589553833,0,1563xPRXXjjPfuYHto6gKMoW1328,0.0,0,3,1,
0,0.05555555555555555,12.885142087936401,1,2418I5yqyRb98QY4tLtXIn9_3620,1.0,1,6,1,
0,0.06666666666666667,5.941934108734131,0,5725iP5Tzyy4gxehcn9t4TM194,1.0,1,3,1,
0,0,12.489542722702026,1,2957RON0RMexHAq6R8NDth-G3967,0.0,0,6,1,
0,0,5.750851392745972,0,1603faGMdBUg02YqijMJnA3w1231,1.0,1,3,1,
0,0,5.945596694946289,0,2663WQsor3o4Lewe9Mg8roUm1072,0.0,0,3,1,
0,0,11.43137502670288,1,2366D8Jn50ErgQhZUhWNbxoM3718,1.0,1,6,1,
0,0.06896551724137931,5.9502480030059814,0,2362OelwhQFGW2uASOC1uIZ-3729,1.0,1,3,1,
0,0.07407407407407408,5.7819366455078125,0,2378sHxPf01TWhBuenSHMJyp3692,1.0,1,3,1,
0,0,7.634956359863281,0,2941qGbMTO0mozvc2N-D8Ll13995,1.0,1,3,1,
0,0,5.695586204528809,0,1773wQV9nuZZSk8BnMoB0VXa3492,1.0,1,3,1,
,,,,2572QIeAiUrm-El8uQMnoPL52451,,,,,Ollama request exceeded timeout limit for model stable-qwen with error: timed out
0,0,5.928789377212524,0,1149B_z0nE_Bw4gpJMErDvZF3303,1.0,1,3,1,
0,0.04878048780487805,5.801221132278442,0,953rhbVAxIUmfTtDbVTDP6l540,1.0,1,3,1,
0,0,5.937863111495972,0,1833mBAvNL7f3ZCmej5PwbdX3351,1.0,1,3,1,
0,0,5.864439249038696,0,21295BHq9T-LJZqpw1jzVi4C1424,0.0,0,3,1,
,,,,2456mSRZvgWGRhYDDkRPL2f41883,,,,,Ollama request exceeded timeout limit for model stable-qwen with error: timed out
0,0,24.050841331481934,3,1429iK5AeBnwtcbLHrY4SztI602,0.0,0,12,1,
0,0,5.914531230926514,0,1768-UuFG072H5O8Xrou6GUN3501,1.0,1,3,1,
0,0,5.87390398979187,0,1613_GNhprlpdle_vZoOR-qp1201,0.0,0,3,1,
0,0,5.8564722537994385,0,1217VUulWWjfmhhB_SRnAH2c3105,0.0,0,3,1,
0,0,5.812687158584595,0,2665gofGzsBk2vSGVSEDt1Hi1067,0.0,0,3,1,
0,0,5.649417400360107,0,2593NhMXH8FIz_rRIuHg7cJ32408,1.0,1,3,1,
0,0.05882352941176471,6.019658803939819,0,549rMq_bIS44jvhpB0uKShr263,0.0,0,3,1,
0,0.06451612903225805,5.675498723983765,0,2114PF_Hzr-w95B50r8JycTn1467,1.0,1,3,1,
0,0,7.513550758361816,0,3035KzumWKyVeC8_TMoA2sVR3792,1.0,1,3,1,
0,0,5.850694179534912,0,3022nFZbMu1Zsnj63qPWfgCv3814,1.0,1,3,1,
0,0,5.6168317794799805,0,2716YlsdHqDkaN4VKLmk5cAm922,0.0,0,3,1,
0,0,5.720719814300537,0,8917xVQ8kbdXQaSDsHSDF5C2653,1.0,1,3,1,
0,0,5.596200466156006,0,2060X2wuRhZlsLWO7ahOjJyR1621,0.0,0,3,1,
0,0.12121212121212123,5.6816933155059814,0,976pJTD9ppLr0BqWc-99UZT471,0.0,0,3,1,
0,0,11.70999789237976,1,1033Dt_nnXnaknyIGfmAyPvx317,0.0,0,6,1,
0,0,6.015808582305908,0,1446B3blpnHraasPEB4_1HUF2120,0.0,0,3,1,
0,0.07142857142857144,5.866848945617676,0,1557tNbqGVV_I5649rcUhKBN1347,0.0,0,3,1,
0,0,5.954105377197266,0,2052CjMDg4rKssIF2dZJmzem1645,1.0,1,3,1,
0,0.06896551724137931,5.926274538040161,0,2543Ssn0fF-rADMovcLk6Vwk2503,0.0,0,3,1,
0,0,6.00714111328125,0,1811paAxUvt29OX8E8chhsNQ3409,1.0,1,3,1,
0,0.08,6.245154619216919,0,1503-OeysybldRIrK-6Seqce2016,0.0,0,3,1,
0,0,5.884897232055664,0,20657PQBSzcpWa-mLkUYkxUD1604,1.0,1,3,1,
0,0,5.938774108886719,0,1350m8tnshnQY1-SX1xaVUVD821,1.0,1,3,1,
0,0,5.8916730880737305,0,627l2qkb84k2Ux6pDSBPEUl33,0.0,0,3,1,
0,0,5.9767608642578125,0,1206-NComMUlTR08rjYYkt_A3137,1.0,1,3,1,
0,0,7.849919557571411,0,1809bhj4Kq1QgmejP4IfyOPD3415,1.0,1,3,1,
0,0,7.5243752002716064,0,2126BGCK5LuPavsOvc_pxZVc1431,0.0,0,3,1,
0,0,5.978845119476318,0,260778F0v0DAsxDp5cLyPs1O2374,0.0,0,3,1,
0,0,5.920681476593018,0,1437XgTDWPD8li99iYDMCw0B585,0.0,0,3,1,
0,0,5.968862056732178,0,964ygH1FC7IV5sCZPqT4llq507,0.0,0,3,1,
0,0,5.942348003387451,0,1792pLMxkyBoluA32NPBVhWK3450,0.0,0,3,1,
0,0,38.044785499572754,5,2031uU00oEz5_jFnQx9-A0O82151,0.0,0,18,1,
0,0,5.849620819091797,0,2438_EbtTSQc5lsCpGlzo17M1925,1.0,1,3,1,
0,0,5.990758180618286,0,2210Bc69tRCp2-mf6PkRz9_C4068,0.0,0,3,1,
0,0,5.997852087020874,0,1747m5UQck6_uvx449-K2ICH3562,0.0,0,3,1,
0,0,6.143115758895874,0,2461qoOIYKbZjllIVQPxg4wR1867,1.0,1,3,1,
0,0,6.005993127822876,0,3027Cqdh_u1lGLcEm6FGsksN3803,0.0,0,3,1,
0,0,6.240267753601074,0,3013qWOe5GAKobQj6VkNX1a83834,0.0,0,3,1,
0,0,5.962896823883057,0,26914YUvq_aYLzOyH3_GkM4E989,0.0,0,3,1,
0,0,7.664269924163818,0,1398G0VrF0Z8ACVX3zKFbVuB691,0.0,0,3,1,
0,0,6.144642114639282,0,913vnJ7FuCx73C-Vyaofcns2587,1.0,1,3,1,
0,0,5.984883785247803,0,24607rfeko8svDiw7ESyatwy1870,1.0,1,3,1,
0,0,6.213349342346191,0,2602Qiq4iutdiApDxWf40xp42389,0.0,0,3,1,
0,0,5.858638048171997,0,163794mILPDzpcNzf6gK9XRU1138,0.0,0,3,1,
0,0,5.804464340209961,0,932jGvTQ5rqIA60r8VebV-l2534,0.0,0,3,1,
0,0,5.9911789894104,0,2458nO0QxOBFA2uGin02ZUeR1878,0.0,0,3,1,
0,0.06896551724137931,5.924636125564575,0,133872Mtqyb09KyYyKdDni5N857,0.0,0,3,1,
0,0,6.080495119094849,0,2098D1dsKeKH0xANz6zd6LSO1513,1.0,1,3,1,
0,0,5.780508756637573,0,2224WT9qVEbYuJZkZlYlFqvu4038,0.0,0,3,1,
0,0,25.00674843788147,3,1524sFrIwH53jua7jqnLYOiU1962,1.0,1,12,1,
0,0,6.218786001205444,0,912n1fA7q16KhBjbKDrE9DY2589,1.0,1,3,1,
0,0,5.868927717208862,0,1420JOuqW5exFS-bK5y2bt55628,0.0,0,3,1,
0,0,6.0042314529418945,0,1144Dngx4nkJVbVR8P-iE7sU3319,0.0,0,3,1,
0,0,5.858068943023682,0,27105B4kNatJgs2HMEX3Qbc-939,1.0,1,3,1,
0,0,5.788572788238525,0,2970It0bwdTOrenZMXbnev6P3933,0.0,0,3,1,
0,0,7.635683298110962,0,2427o0QmxcHBetNiSbTlOqmh3603,1.0,1,3,1,
0,0,5.709758043289185,0,1138CmWVAsyJiAlk5YMGolJH3336,1.0,1,3,1,
0,0,18.617894649505615,2,2030yIcovw6j8LoFsbnLcn8Q2154,0.0,0,9,1,
0,0,11.652883768081665,1,2715dw_ZC1DahbCczlDe5Yi7925,0.0,0,6,1,
0,0,5.843516111373901,0,852ZSryt9TK0_Cz0XclTy282742,1.0,1,3,1,
0,0,5.666601657867432,0,677xmZHBoR33brul42LKfZz2935,0.0,0,3,1,
0,0,5.8462440967559814,0,870flRwQUtWIQqV7rnLfZJd2696,0.0,0,3,1,
0,0,18.00768804550171,2,2024omrZBF4Urqdr7C3eyKVT2168,1.0,1,9,1,
0,0,5.76004958152771,0,947RcyMsfmB5EqbyHMxRUMk558,0.0,0,3,1,
0,0,5.859888792037964,0,1754_GNEGkdOQVIVIj3t_Ce43541,1.0,1,3,1,
0,0,5.873742341995239,0,5516BHaRRv6Egl03A_kDyw0256,0.0,0,3,1,
0,0,5.898770332336426,0,2657Omxhm5FyXyyp4pVdXx3Z1089,0.0,0,3,1,
0,0,5.870773553848267,0,983A961flzSyGYxt388JvI9450,1.0,1,3,1,
0,0,5.748640775680542,0,7201GV7Ue0Cd9oNYVERMrHM2828,0.0,0,3,1,
0,0,7.615303039550781,0,2099-acnCQhCOzxPYUMuFfmt1511,0.0,0,3,1,
0,0.07692307692307693,5.727393865585327,0,2365rte00Z2XRNdvvCufE-9W3720,0.0,0,3,1,
0,0,5.691724061965942,0,1403de07gs-9JpPhLkY3NXmx678,1.0,1,3,1,
0,0,11.37066912651062,1,1012HoYF9QrGUlI-8WclyplG375,1.0,1,6,1,
0,0,5.8663599491119385,0,1605jMKtP3m0NMd6-E_YJmsm1225,1.0,1,3,1,
0,0,5.8101019859313965,0,2617lIcTuHq8N8es-n39g3012366,0.0,0,3,1,
0,0.07407407407407407,5.9183502197265625,0,940e-OjeYG8x4-T5kU7TrIZ579,0.0,0,3,1,
0,0,5.784961223602295,0,1161q6jwfFLoe3yAdsycwsj33268,0.0,0,3,1,
0,0,5.731900930404663,0,1237-igIa0nSFzHyYKR3NSy73048,1.0,1,3,1,
0,0,5.910748481750488,0,1944pItIJgcM-r7jQqPj2HMs2314,0.0,0,3,1,
0,0,5.813946723937988,0,1997fwZQw2OagHTAFRRNBLie2213,0.0,0,3,1,
0,0,5.830711126327515,0,1355DqKO8ByX-dB6SOPvmL5p807,0.0,0,3,1,
0,0,5.789551019668579,0,2477Wk5b58ywNkmGHha3UgSX1831,1.0,1,3,1,
0,0,5.939964294433594,0,1967lfLDTgzkA9Gl59C3V4Dz2260,1.0,1,3,1,
0,0,12.363112926483154,1,888Xb_uMPfibcJslsiGts6V2656,0.0,0,6,1,
0,0,5.945956707000732,0,2496IsKGXtB1XHAUH-HYoq6R1791,0.0,0,3,1,
0,0.18604651162790697,5.784928798675537,0,950DO8nI2LTiizfgJEJOjpc551,0.0,0,3,1,
0,0,21.498435258865356,2,1184C_LA1pOBVN-7HWp0PVT03205,0.0,0,9,1,
0,0,5.750399112701416,0,9800iElAh33OivZxcm_4tCk461,0.0,0,3,1,
0,0,5.748048305511475,0,2170euqbnyjNM_3BjmlETtrd4170,0.0,0,3,1,
0,0,5.757457971572876,0,1817Ngtonx42zKkYoB0lwkwC3392,0.0,0,3,1,
0,0.052631578947368425,5.715061902999878,0,25850Dtx8v5Mh2YjRyU4T3sp2426,0.0,0,3,1,
0,0,5.713511228561401,0,1435t5gBGAM2so8S89BXRimx589,0.0,0,3,1,
0,0,5.494425535202026,0,2622zT1yF5wKsaK2A4uT7mDp2355,1.0,1,3,1,
0,0,5.6114208698272705,0,2009W5TM6PRERuoWbljEo4Be2196,0.0,0,3,1,
0,0,5.9144744873046875,0,2397i5VYVXlITz1PA_p-X_0X3653,0.0,0,3,1,
,,,,25182PdyMWkPXSFPNo4-wt5J1740,,,,,Ollama request exceeded timeout limit for model stable-qwen with error: timed out
0,0,5.777970552444458,0,2014iXQTylPiy0Z1L1FvuIJ62183,1.0,1,3,1,
0,0,5.649767160415649,0,1487U3qYzmS-i3I4p64DrXQr2037,1.0,1,3,1,
0,0,5.800525903701782,0,2351OjCB7Jc7RLtLp2D0LO6_3755,1.0,1,3,1,
0,0.05714285714285715,5.896846055984497,0,11938B6Igqu2WhcVLVswrYFh3178,0.0,0,3,1,
0,0,5.665293455123901,0,1201NDB1j3x1mhteENUtx2Uf3153,1.0,1,3,1,
0,0,5.916788816452026,0,2425ZfkdzdzBm04_UVw5uDTZ3607,1.0,1,3,1,
0,0.06896551724137931,5.685748338699341,0,2717hIRcFjckTs_q0EnnEVyr919,1.0,1,3,1,
0,0,7.446939706802368,0,1589mo7D-joKXh635Vo4Jd911266,0.0,0,3,1,
0,0,6.111617565155029,0,680rqH8TA5zhf68ANHAiKGW2927,0.0,0,3,1,
0,0,5.5709240436553955,0,300888hdakH4X_s3IFSxziMa3844,1.0,1,3,1,
0,0.07407407407407407,5.781610727310181,0,25011ioqTMWVMDxHE8EGAltr1778,0.0,0,3,1,
0,0,11.402277946472168,1,718lHRShvhKKwv-68koIpPE2830,0.0,0,6,1,
0,0.06250000000000001,5.714893102645874,0,1167rHEYHtG_H7cMU-f8Fs4k3252,0.0,0,3,1,
0,0,5.722898483276367,0,713-mcsQX--u0E9HOv0wOBY2846,0.0,0,3,1,
0,0,5.627534627914429,0,647GmaUXD9I5MZkvW1GqNBE3013,0.0,0,3,1,
0,0,5.5922791957855225,0,2527r9ku1IGBOQ1OmZhZuOtm1712,0.0,0,3,1,
0,0,5.820350646972656,0,2354kkPujXID5RmnkRVl9iSj3747,1.0,1,3,1,
0,0,5.627469062805176,0,1797wFst44zDF00H-0mOIT9O3439,1.0,1,3,1,
0,0,5.698740482330322,0,2597oOL_7CB6tThxfotDFYvs2399,1.0,1,3,1,
0,0,5.6178717613220215,0,615lwmbisxTxihwSWql1wTV71,0.0,0,3,1,
0,0,13.855210542678833,1,2353oF79-Zc0tRIFC0bsyHCL3750,0.0,0,6,1,
0,0,5.764285564422607,0,1354evL5v3vzH55HvCkXDwJT808,1.0,1,3,1,
0,0,5.875647068023682,0,2576l9x6n1fNR9Eyt67rO1Sa2443,1.0,1,3,1,
0,0,5.753401041030884,0,2166jcvCXmlprvHV3vNw6N8Q4184,0.0,0,3,1,
0,0,7.536965847015381,0,2657hOs_wmY_BN0133ij4AYu1087,1.0,1,3,1,
0,0,5.717065811157227,0,2076zzQUlwU64C-IvPfAQ3dP1572,1.0,1,3,1,
0,0,6.206672430038452,0,2707KB1tO6YYJq35qJk9l8AN946,0.0,0,3,1,
0,0,5.797754526138306,0,557uKN2383p384ghLRsx8AW237,0.0,0,3,1,
0,0,5.709303379058838,0,1944pItIJgcM-r7jQqPj2HMs2313,0.0,0,3,1,
0,0,5.867661476135254,0,1985AHITudGoVRe60XPTH_s32229,1.0,1,3,1,
0,0,5.764244794845581,0,2418I5yqyRb98QY4tLtXIn9_3621,1.0,1,3,1,
0,0,5.756004810333252,0,24403xNlc7XEY3nh7XxknbP31918,1.0,1,3,1,
0,0,5.82775354385376,0,2693xNMD-j6qs0jX-U23Wf0I985,0.0,0,3,1,
0,0,12.18655276298523,1,27022m_6d9JgE_7EsYFGaMM8958,1.0,1,6,1,
0,0,18.157956838607788,2,1578v7s2xtga3UWShr9dGwp01295,0.0,0,9,1,
0,0,5.701749801635742,0,2196AkNG1_y8EyrFRQMGcbBm4107,1.0,1,3,1,
0,0,5.810897350311279,0,982TPLydrP2xNnL4eYgSPrZ453,0.0,0,3,1,
0,0,5.724902391433716,0,2433ieX4QNZiiR5HKqVqo0kv3595,0.0,0,3,1,
0,0,5.870107173919678,0,2227o9jqTZWB_ogYuEBs_sii4028,1.0,1,3,1,
0,0,5.652557373046875,0,26269UMEj-lV4oQGbZ0tTTK82349,1.0,1,3,1,
0,0.052631578947368425,7.637322902679443,0,2725lLg7uHCwU2triDIo3B-h898,0.0,0,3,1,
0,0,5.636278867721558,0,613XW7YAciAiMgfISN_tpEO77,0.0,0,3,1,
0,0,5.5991692543029785,0,2069QCdzCbUZyNgMproHhJws1594,1.0,1,3,1,
0,0,5.837559700012207,0,11638Nq_dIQoWFn79xtu-dd53263,1.0,1,3,1,
0,0,5.640962600708008,0,912n1fA7q16KhBjbKDrE9DY2590,0.0,0,3,1,
0,0,5.801614046096802,0,15476Ulo5UDthwWLMYPAIvDH1373,0.0,0,3,1,
0,0,5.633550643920898,0,2990PpCl1FO8CeALdKK62kl93886,0.0,0,3,1,
0,0,5.627837657928467,0,562Shx8P6CL03azbpL7QEd3224,0.0,0,3,1,
0,0,5.8397791385650635,0,1145CdbMPhBl1m3XpPiJVufo3316,0.0,0,3,1,
0,0,5.619919300079346,0,2700ouBGuI-BEf84sS7uN4t6963,0.0,0,3,1,
0,0,5.785039663314819,0,2211wsW8oNaSRcLGzwyfLWhi4066,0.0,0,3,1,
0,0.07692307692307691,5.6733314990997314,0,12281NX5BUaKvLMrzAwIIu6k3071,1.0,1,3,1,
0,0,5.706992149353027,0,1373md66uV8NUYn6tLcFPoUa755,1.0,1,3,1,
0,0.07407407407407408,5.854870080947876,0,1025Ra_IZNvQuUI7Ec5aTeot341,1.0,1,3,1,
0,0,40.18297266960144,5,1742jdkwyvzoxAod7udXGbWH3576,1.0,1,18,1,
0,0,29.9350528717041,4,54482QW5OfFiQVIWiIpVI2E277,0.0,0,15,1,
0,0,5.8535072803497314,0,1382_Yx0YcqIkER15lL0Mw_j730,0.0,0,3,1,
0,0.06896551724137931,5.659553289413452,0,9100HQlpvSt_OwVnpYpqMFu2596,0.0,0,3,1,
0,0,37.42437171936035,5,1175kIOD5y8d7_nFY3yGAH-q3230,0.0,0,18,1,
0,0,18.61409568786621,2,2615nIRZaSedAQN4xOsUpgWf2369,0.0,0,9,1,
0,0,24.464733362197876,2,63954swC8JcouCYEJsZyw4b3036,1.0,1,9,1,
,,,,892B8GiS_zkJfKANp04UQhD2649,,,,,Ollama request exceeded timeout limit for model stable-qwen with error: timed out
0,0,5.7497313022613525,0,2595p6qxVIXlogFl1fTrX8fj2404,0.0,0,3,1,
0,0,5.864761114120483,0,1435t5gBGAM2so8S89BXRimx590,0.0,0,3,1,
0,0,5.837572336196899,0,1963LYeJkFeQGNvt6xtitv6o2268,0.0,0,3,1,
0,0.05714285714285715,5.809375762939453,0,2716YlsdHqDkaN4VKLmk5cAm923,1.0,1,3,1,
0,0.06451612903225806,5.958531379699707,0,1031ZvlfbMyu93rSJ9xhYFCe323,1.0,1,3,1,
0,0.07142857142857142,5.777404069900513,0,11547MyYfAO2SJjFtK6lH5ci3289,0.0,0,3,1,
0,0,5.995059013366699,0,695M95U1ZWSZiatzYpCAxVB2886,1.0,1,3,1,
0,0,5.86597204208374,0,2351OjCB7Jc7RLtLp2D0LO6_3756,1.0,1,3,1,
0,0,12.161471843719482,1,1580Swc8yb1vcok9FztLAWLx1290,0.0,0,6,1,
0,0.05405405405405406,5.956700086593628,0,1983DSmGEvLUNx1_qYJNeZZv2235,0.0,0,3,1,
0,0,12.292110681533813,1,2113j9ajPk3B-jbp1vJIl71A1468,1.0,1,6,1,
0,0.11538461538461538,6.070409059524536,0,2463j88tc1ZRrsqGuky-lBg71866,1.0,1,3,1,
0,0,5.7714524269104,0,652LiD_APWuMXugNPF6gw3S2997,0.0,0,3,1,
0,0,5.800545930862427,0,1822rHcCQAy-f_rt_yufMqKb3383,0.0,0,3,1,
0,0,7.695239543914795,0,844wRITrjdtv1BhdX6qAgxD2767,0.0,0,3,1,
0,0,5.743899822235107,0,1345JzmbSlEwtFkj07wPh-DW836,0.0,0,3,1,
0,0,5.776722192764282,0,589hVu_utDk4vFRJ8mJGyL0141,1.0,1,3,1,
0,0,5.773220539093018,0,2544HudU0nsQ8gvIycLuberP2498,0.0,0,3,1,
0,0,5.689871072769165,0,1192qu70aQV6bzoD2MwG1aT83181,0.0,0,3,1,
0,0,5.923512697219849,0,1579OPjVMaCxctlZmUpiZzrp1292,0.0,0,3,1,
0,0,5.8176209926605225,0,1779lcPuO1NFS50gJD6T-Zo73478,1.0,1,3,1,
0,0,5.852387428283691,0,2062VZLt42f5YfL_F5YiZJ9_1614,0.0,0,3,1,
0,0,5.72878098487854,0,3004X8M9tRmpFDo7C4yTa_nC3854,1.0,1,3,1,
0,0,5.986797332763672,0,2565CoSVkWMIiJBlke0DSSt82458,0.0,0,3,1,
0,0,12.183730602264404,1,2399Y49nXZDPa9G-815VEhlQ3649,1.0,1,6,1,
0,0,5.821713924407959,0,671tmMHr0OIhb3ulvq5ranP2949,0.0,0,3,1,
0,0,5.803225994110107,0,1417CvbtpTdNieUFK8V6Ekov637,1.0,1,3,1,
0,0,5.901085376739502,0,1398tbxE6rw4tRvgrp1PnRa7692,0.0,0,3,1,
0,0,5.7933056354522705,0,894ARwgTOyFrfBbcEBpNyXo2644,1.0,1,3,1,
0,0,5.754634857177734,0,19562G4XhcAWDDltouKXoTDE2285,0.0,0,3,1,
0,0,5.948210716247559,0,1463FoB-_-oeUnsS3sDglbN52087,1.0,1,3,1,
0,0,5.778564929962158,0,2455Z_NA0qrNdsEcFeJPnpVS1885,0.0,0,3,1,
0,0,7.517481803894043,0,1024EAnLzPugg_3Icp64grI8344,0.0,0,3,1,
0,0,5.626492261886597,0,25544Iwj6p8ZpT8Nege2BaSS2480,1.0,1,3,1,
0,0.06896551724137931,16.944286346435547,1,6378qDCOgKH25DqwcZO1mKf3,0.0,0,6,1,
0,0,5.748975992202759,0,1580w-I93H4qmLDCZ7pKh9bk1288,0.0,0,3,1,
0,0,6.198359966278076,0,2994z92F6tuanrTZ7p_1PiGz3877,1.0,1,3,1,
0,0,5.769842147827148,0,683aqqwKP1KduPxIkVF7N9F2917,0.0,0,3,1,
0,0,11.94096827507019,1,2564PEd_NYQVsw7TwigJZu1b2460,1.0,1,6,1,
0,0,5.740001916885376,0,13946HYMoyH_5YN47EsUiywo705,1.0,1,3,1,
0,0,5.855869770050049,0,1960TyZYSsqghmtoz6azHmRc2276,0.0,0,3,1,
0,0,19.81893277168274,2,689RfOgas4kQddfMQXny3cR2902,0.0,0,9,1,
0,0,5.944220542907715,0,874kqKcdnSqPr2kHFDtCs872688,1.0,1,3,1,
0,0,5.7232255935668945,0,2125Vbp22wSh0VwBbUKAfI0y1435,0.0,0,3,1,
0,0,5.691782236099243,0,101195_WiJNTm5lUVJPBEQsu380,0.0,0,3,1,
0,0,5.855770826339722,0,881sSYAcH--BN-pqbR9hFYL2670,0.0,0,3,1,
0,0,5.729220628738403,0,1210_s24nmmMlgNl60QCA3_m3126,0.0,0,3,1,
0,0,7.546602249145508,0,1772BxXxPMha90GNn-cr0CdA3493,0.0,0,3,1,
0,0,5.879511594772339,0,564nvWBMTyMNmhonDBcxkha217,0.0,0,3,1,
0,0,5.737454891204834,0,1626tcaoo5Rh3rYif96ePl8T1163,1.0,1,3,1,
0,0.06666666666666667,12.462666988372803,1,2227njumpoFaBCvHN5gK9Hmj4030,1.0,1,6,1,
0,0,37.10986590385437,5,2117usIbqKfvGfEciX6sxfMh1458,0.0,0,18,1,
0,0,12.034307718276978,1,574T3IVyhdGf2qyfbl0GBBS187,0.0,0,6,1,
0,0,12.12089729309082,1,983lsArLcvfSEq21Yv9hyIq451,0.0,0,6,1,
0,0,5.880887985229492,0,1447-lsa5GMde2CPKwJUa0h52117,1.0,1,3,1,
0,0,39.66169834136963,5,2047k8-fX-AM7Tv4kEIBJCC81657,0.0,0,18,1,
0,0,37.05127215385437,5,2573Yesh6cIYKXGOxrwMiFam2449,1.0,1,18,1,
0,0,11.963727474212646,1,2344TQZdhbkqw-jvF5b_mO0e3768,1.0,1,6,1,
0,0,5.8275535106658936,0,2644fKUBosjdYiAeduy2FQVF1120,0.0,0,3,1,
0,0,5.884871244430542,0,2467fzJ6d5_K_QRe9CU--BXT1860,0.0,0,3,1,
0,0,5.7387120723724365,0,977HIIAwnIqxPwgBrCLE7De468,0.0,0,3,1,
0,0,5.772360563278198,0,2995FYU3dbcdZ2Om_eXNrFz43874,1.0,1,3,1,
0,0,5.887242317199707,0,1438pakrvpuzI9RRVwHckRIx2137,0.0,0,3,1,
0,0,5.751399993896484,0,642cj_9TM2LY8uspNPdM55l3026,0.0,0,3,1,
0,0,5.952197551727295,0,2589xXJabxuTAbaSikLKRb-g2417,1.0,1,3,1,
0,0,5.827687501907349,0,2420ljk2de81UhSRuKQX3a_J3616,0.0,0,3,1,
0,0,7.442198991775513,0,215150kaVnc71Yqt1mSUj_mU4220,1.0,1,3,1,
0,0,5.7061076164245605,0,1956vw_p35LNB6CkbnIkyRY-2284,1.0,1,3,1,
0,0.0625,5.815267562866211,0,2650L8Wg3JCMUv2NtSViky2F1105,1.0,1,3,1,
0,0,5.84516167640686,0,1786I5qlkjh5HPU7gv2S4fXA3460,1.0,1,3,1,
0,0,5.819075584411621,0,178729fWseJtFCuTr6qSCsEp3456,1.0,1,3,1,
0,0.06060606060606061,6.037338018417358,0,586KitV3SprRbS0Gf9jJzYW151,0.0,0,3,1,
0,0,5.737525224685669,0,2428yXwf4M0pblVsR9721lQa3600,0.0,0,3,1,
0,0,5.773465871810913,0,1795SmUM72qvYEGcEDAoWbE73442,1.0,1,3,1,
0,0,5.850152969360352,0,15476Ulo5UDthwWLMYPAIvDH1372,0.0,0,3,1,
0,0.06896551724137931,5.769126653671265,0,938YP3H8bkzV6_3rYyEJr_w300,0.0,0,3,1,
0,0,5.896005630493164,0,3006iqQtMuDDJjWerBzm_Me73850,0.0,0,3,1,
0,0,38.13694477081299,5,1631qwKfG1vTrv4q_GaRhDXj1153,0.0,0,18,1,
0,0,39.18918991088867,5,1770UjdM67frvAA3cqjwF3333494,1.0,1,18,1,
,,,,1761O3JjMUze6fafyiPISXbp3520,,,,,Ollama request exceeded timeout limit for model stable-qwen with error: timed out
0,0.08333333333333334,38.063371896743774,5,2223FJEauLUlxzo8dn725XKK4040,1.0,1,18,1,
0,0,22.93894934654236,2,17770UIuay1RFuPABhV0c8OJ3482,2.0,2,9,1,
0,0,7.602693796157837,0,25261kHHM3xmrKGTFC2m-3jz1717,0.0,0,3,1,
0,0.09523809523809523,38.09807777404785,5,2408ZcniF4-_aNVJzLlDje0y3633,0.0,0,18,1,
0,0,37.67408275604248,5,2187B0sWPT98eVpnAmdk_adu4127,0.0,0,18,1,
0,0,23.925479650497437,3,2620OCzi6sRLt3mGvqENj2_f2358,0.0,0,12,1,
0,0,5.819112539291382,0,14184ScD3kP338oXI7mRSkqg634,0.0,0,3,1,
0,0,5.766382932662964,0,545m8hikbi_76zd990QYmmK275,0.0,0,3,1,
0,0,13.853830099105835,1,17502DSDScCdCbid-xPukm5G3554,0.0,0,6,1,
0,0.045454545454545456,37.11907172203064,5,1380eJea603GtPQMYCinujki736,0.0,0,18,1,
0,0,12.019845724105835,1,2176_V6iXioszwPbfdPjMwxq4154,1.0,1,6,1,
0,0.07407407407407407,5.714280843734741,0,2521zNHb6afBjfIeBZ-paiLV1732,1.0,1,3,1,
0,0,5.725443124771118,0,2172mjXN9cse5myRvOdHKPXb4165,0.0,0,3,1,
0,0,5.844792604446411,0,714aKiFAE7PyMxPGjvvXxuT2843,0.0,0,3,1,
0,0,36.69058609008789,5,2059qn2LY5Rgkc_lCxZvqig_1623,1.0,1,18,1,
0,0,38.95429253578186,5,585CaB0jXHyJe3pUKSAX9bo155,0.0,0,18,1,
0,0,37.82607626914978,5,2520AJw6yorsA0GUmWlSBDMa1735,0.0,0,18,1,
0,0,36.693296670913696,5,2968uPxSrxVpmS14fG-ZA4Ao3939,1.0,1,18,1,
0,0,32.38369011878967,4,2229yWQdKMBVLO9a2dROyNJM4023,1.0,1,15,1,
0,0,5.6463305950164795,0,2731RLyhdlj0BcmAmC4xntvl881,1.0,1,3,1,
0,0,5.837430953979492,0,2608ntJl4AFAduDIt0AYknjI2371,1.0,1,3,1,
0,0.10256410256410256,5.7730467319488525,0,2067_XJIXN5KQHYCN7DkmQwO1600,1.0,1,3,1,
0,0,5.821807384490967,0,1533QCzr5BjBIkY0Ic8bG-GH1937,1.0,1,3,1,
0,0,5.674268484115601,0,2110Ltc2qd2K0ntqhOxVLf_A1477,1.0,1,3,1,
0,0,5.683194637298584,0,2441iHjaCHbBrRtNVI1F4dLI1917,1.0,1,3,1,
0,0.07142857142857142,5.8123040199279785,0,2466lC31cH6baEqjSIz-P2Z51863,1.0,1,3,1,
0,0.06896551724137932,5.710828542709351,0,1601x8Z8HcPY9jNpZ_sO3-QS1232,0.0,0,3,1,
0,0,38.87652349472046,5,2478p3DH7qkwbYJIQjszTbcE1828,1.0,1,18,1,
0,0,39.508010149002075,5,2389R07UIy-md3maCacU-Hv63671,1.0,1,18,1,
0,0,37.8739869594574,5,682I2vidJcfbbqgpGrTK1XG2921,1.0,1,18,1,
0,0.06896551724137932,5.667374849319458,0,2643UpH1vcnmDtWFzogLQYIY1123,0.0,0,3,1,
0,0,12.194314241409302,1,883NFsTbNvaXPN7nA5vibGt2664,1.0,1,6,1,
0,0,5.83973240852356,0,2030yIcovw6j8LoFsbnLcn8Q2153,0.0,0,3,1,
0,0,39.58132457733154,5,898Q-3kYtPG_vXcdvoFxJxW2631,0.0,0,18,1,
0,0.0625,17.95819616317749,2,1024b_zBEsoqAnEtMtzSj7XD342,1.0,1,9,1,
0,0,5.9360198974609375,0,2950j5cEVzFR9tlrOy98K8cj3982,0.0,0,3,1,
0,0,11.831104755401611,1,2474aB357FAulw_H4WRn_Ime1842,0.0,0,6,1,
0,0,5.928859233856201,0,2221KJ9_NrlgdFscJr8G23sK4043,0.0,0,3,1,
0,0.07142857142857142,5.748084306716919,0,15387Blg_wJjcZbkwAdg3ihT1400,1.0,1,3,1,
0,0,32.4907431602478,4,931vejmr38S6tswRYCaqosz2538,1.0,1,15,1,
0,0,18.756470203399658,2,2688HW0oYt08dER6A8d66xBp998,0.0,0,9,1,
0,0,7.2899298667907715,0,23386xE0NbvZWVPZakM8re8C3783,1.0,1,3,1,
0,0,5.924572706222534,0,2131ThABbwh5RS-HlVdmLPDZ1418,0.0,0,3,1,
0,0,5.729546785354614,0,970ykwG5UACigqQF0ueujZT489,0.0,0,3,1,
0,0,5.641297340393066,0,2011Y6hmmr1d2jBM4AO7b6VL2190,0.0,0,3,1,
0,0,12.121703863143921,1,176272iLN20O-jOavSbCNQan3517,1.0,1,6,1,
0,0,5.85371994972229,0,935UD7iycK3BrOizCyeWBg22526,1.0,1,3,1,
0,0,5.993351459503174,0,1366z_TtwYTXRVHrRgzO6hv7772,0.0,0,3,1,
0,0,5.852418422698975,0,705nABbOAzpYWFGNrPSDwL22868,0.0,0,3,1,
0,0,5.914207935333252,0,1037LvCdYeAKroXxUJeycQww304,0.0,0,3,1,
0,0,5.885958909988403,0,2644fKUBosjdYiAeduy2FQVF1121,0.0,0,3,1,
0,0.07407407407407407,5.942553997039795,0,2073z-IROD_SxTTIHVa0x2-Q1583,0.0,0,3,1,
0,0,5.844667434692383,0,2193Xc8QMOrUJWgYE6YwVXyI4116,0.0,0,3,1,
0,0,5.900913238525391,0,1455F83kQULcWfbQs3NcBq_w2104,1.0,1,3,1,
0,0,6.036235094070435,0,842ErNGDuqVhjG7ZUyiwsjd2772,1.0,1,3,1,
0,0.07142857142857142,5.877201557159424,0,1785Yd2T_X6Og_obivSYFDDm3463,0.0,0,3,1,
0,0,6.043198585510254,0,2176_V6iXioszwPbfdPjMwxq4153,0.0,0,3,1,
0,0,5.945886611938477,0,1994OHXyl5b_H0ye904RAGwf2215,1.0,1,3,1,
0,0.0625,5.913761854171753,0,2369_xfvbok_zAL_Rv81FtdX3712,1.0,1,3,1,
0,0,7.77950644493103,0,2052RvSs680PHPtZuennk4-w1643,1.0,1,3,1,
0,0.058823529411764705,5.7397425174713135,0,2051Kxj17zphNy4PvJVu6Lkg1647,1.0,1,3,1,
0,0,5.896296739578247,0,3038eqq4CM3lWy40y14f8S143785,0.0,0,3,1,
0,0,5.7533087730407715,0,1763xIpOj62D71kP707OrPOL3516,1.0,1,3,1,
0,0,5.8131678104400635,0,584OsnQDPEfdT3D-biv4Yg2158,0.0,0,3,1,
0,0,15.960533857345581,1,21208xkL7JG9a1slm1tkqySv1448,0.0,0,6,1,
0,0,12.842700481414795,1,2551pxDvmDEe_JDrvTqX24D22488,1.0,1,6,1,
0,0.05714285714285714,5.985340356826782,0,1600ywzg9ULBGI5IAxrJ6foM1236,1.0,1,3,1,
0,0,5.837376356124878,0,596Q82NOv6jfyrM6AZU0rOO120,1.0,1,3,1,
0,0,5.796320199966431,0,2548jWUEsutIJk1cbqN2tPM12495,0.0,0,3,1,
,,,,1425958Af5TnMLwD04387,,,,,"Skipped: answer is not string, got float"
0,0.06060606060606061,6.370994806289673,0,2395gaoIJm8RJNk2Sl5xvuDq3658,0.0,0,3,1,
0,0,42.4386670589447,5,20199YPeHSgfEFESo0NsKNKZ2176,0.0,0,18,1,
0,0,46.72779607772827,5,1785-_093vWZJxwqV0Mwx6bG3462,0.0,0,18,1,
0,0,43.06534957885742,5,1169Pw8TMA7C0o4DfohkFyls3245,0.0,0,18,1,
0,0,41.9648654460907,5,886LRP2H2vQHems49GkFtqW2659,0.0,0,18,1,
0,0,43.75214385986328,5,1369djsyqLYuxpeSrFzUMmCE765,0.0,0,18,1,
0,0,40.736464977264404,5,2206I8Vkp53Zdu1cUBnnuvdS4081,0.0,0,18,1,
0,0,39.01647186279297,5,1166mDE1LWP75imlcmsDPZ4x3256,0.0,0,18,1,
0,0.04878048780487805,41.05759835243225,5,2439Q3dwt5i21LkosQln5aU01922,1.0,1,18,1,
0,0,6.003579139709473,0,1549OXzotDTvVSxA1XYg3Qdn1368,0.0,0,3,1,
0,0,38.41980528831482,5,1461ZfZbXtvbUZA2_jR_fhkR2090,0.0,0,18,1,
0,0.11764705882352941,19.458351373672485,2,2999g-R1b7cOXrVxRNQJEeu63865,1.0,1,9,1,
0,0,6.27053165435791,0,2962KhT-P_YhV9i-0r4AXnNV3953,1.0,1,3,1,
0,0,12.354943752288818,1,2493Wl0nyJ_0srCt24KRwauj1800,0.0,0,6,1,
0,0,5.989373683929443,0,2102z4y9nEpbATY8I78HaePk1502,0.0,0,3,1,
0,0.05405405405405406,5.881090402603149,0,1556RL1OU4mcoPPe2rTqDdxN1349,0.0,0,3,1,
0,0,13.59256625175476,1,1740bfOMnm2FzOi__s2X3YUd3584,0.0,0,6,1,
0,0,5.837399959564209,0,2507uSi5SuFnCHRYJSdsCOTN1766,1.0,1,3,1,
0,0,6.011615037918091,0,1825MtNCYtNGCoORkHQFRAhq3374,1.0,1,3,1,
0,0,12.416745901107788,1,1517RRHHjHDzsegVV1oTrpCQ1978,1.0,1,6,1,
0,0,39.22542643547058,5,1830MpIhGxEOYndLD4ltPTIl3360,0.0,0,18,1,
0,0,6.04511022567749,0,1032DagEj13ZJnkBdXH3dlsw319,0.0,0,3,1,
0,0,5.886664390563965,0,913vnJ7FuCx73C-Vyaofcns2586,1.0,1,3,1,
0,0,6.097368240356445,0,21895ri-SgzvCYbZU84umbJD4124,1.0,1,3,1,
0,0,5.925172567367554,0,20711Hl0tPbCWQ2GM-nT-TSe1587,1.0,1,3,1,
0,0,24.185520887374878,2,1003mJcD4m-odKlTcjmfnWpG402,2.0,2,9,1,
0,0,7.956366300582886,0,2228Ft7w8DJ9Q6WqnZI87gg34025,1.0,1,3,1,
0,0,5.851723909378052,0,699mwyBz83siw0vstjV-vDu2880,1.0,1,3,1,
0,0,5.747437953948975,0,20641EP682eRhx2QWgjzDM9I1609,1.0,1,3,1,
0,0,40.545169830322266,5,2018nWjHAk4XaPTFuNjnMEQn2178,1.0,1,18,1,
0,0,12.543499946594238,1,662FSjJPutAhsBA5hh--LCF2971,0.0,0,6,1,
0,0,6.332876443862915,0,622nOqPRd2vnPs-z_NW5VoY48,0.0,0,3,1,
0,0.03389830508474576,6.685964584350586,0,2719wUxhpIiVwxBLr4itkaGv912,1.0,1,3,1,
0,0,6.482696056365967,0,703rIf-aXXra-sCqmgKHUxK2873,0.0,0,3,1,
0,0.04347826086956522,6.403791189193726,0,17877jymQtwntyWZpIqtv6ZT3458,0.0,0,3,1,
0,0,6.4581098556518555,0,2449Gc-t93zVR6Bjza9-brVc1898,1.0,1,3,1,
0,0,6.401446342468262,0,2721w4sXZ7mV6j4Zl36hHUHd910,0.0,0,3,1,
0,0,6.485203742980957,0,602HXVJQ-EmvT3_fAAZT-iH102,0.0,0,3,1,
0,0,27.951846599578857,3,2986JvbXNLo81zp2QsLN9R-o3896,1.0,1,12,1,
0,0.0392156862745098,6.4181718826293945,0,2651W9hIkNcmdRVAlG6zUyLS1103,1.0,1,3,1,
0,0,6.314287185668945,0,949_fWOuLXk2h3DJ9NWsIjn552,1.0,1,3,1,
0,0,14.59522032737732,1,2232EHYoqgOShRapE72ALRJ44015,0.0,0,6,1,
0,0,40.62182116508484,5,1410DLyemZEmSq5UCIdY2yjC657,1.0,1,18,1,
0,0,5.641038179397583,0,2422G-GiBC-3LUz-jnAzT2Mq3609,0.0,0,3,1,
0,0,5.528934717178345,0,2958PFJS1dK5nJyCBmSCZBqp3963,0.0,0,3,1,
0,0,5.570189714431763,0,717GIQkXVVB0r9TgF9XjTKs2833,0.0,0,3,1,
0,0,5.665270090103149,0,1633DdbmGFX3Fap5yGmYewEs1149,0.0,0,3,1,
0,0,5.399154186248779,0,843zyenQsDbdyEDKorOOEer2769,0.0,0,3,1,
0,0,8.305646181106567,0,542XLmdPu_Re7m8EKEBlNHO283,0.0,0,3,1,
0,0,5.417789936065674,0,29802gx0lFYy6rgIUS6ZhDD83909,0.0,0,3,1,
0,0.04081632653061225,6.6001198291778564,0,2107a4gQhq9F4QB4GLnMXPaW1487,1.0,1,3,1,
0,0,5.373141050338745,0,1374yoc9nWJdr9ATgDMv2vDw752,1.0,1,3,1,
0,0,5.530173063278198,0,2396H9jCvuDLczQcUQlEZGud3657,0.0,0,3,1,
0,0,5.445337772369385,0,26748vEm6_JIFNnvzYBeYPv81040,0.0,0,3,1,
0,0,5.411859512329102,0,3017iTDKpmlMaBIVXHiLiYZ73822,1.0,1,3,1,
0,0,5.596893787384033,0,2710l98nPxuBNtPvCvgG3ZAV938,1.0,1,3,1,
0,0,6.356592416763306,0,940fL86HY7bK7-T5kU7TrIZ581,0.0,0,3,1,
0,0,5.497699975967407,0,926_pz3jhhCLKnSf1RRHRGd2547,1.0,1,3,1,
0,0,5.394850492477417,0,1492M31dOPpyF5MFUXJiJfx52030,0.0,0,3,1,
0,0,35.51565432548523,4,1560RmR7yEVWFqhgUfFWyb3J1336,0.0,0,15,1,
0,0.04081632653061225,6.616535425186157,0,1808OvbxP0FbCDbzWY3jMW_e3416,1.0,1,3,1,
0,0.06557377049180328,6.477640867233276,0,2711wNn5GeHqOfTsTyQ56zpG937,1.0,1,3,1,
0,0,6.420632600784302,0,5753KHX9NUZ-uCbV_zi_V4J183,1.0,1,3,1,
0,0,7.227038860321045,0,2722B2Q7xCqKAJysuUWecphg908,1.0,1,3,1,
0,0,6.3066489696502686,0,2074kJ6tj7m3dUealDR0iSOG1579,1.0,1,3,1,
0,0,6.435935974121094,0,9012HUd6aulh_Yu4SRtV4Ju2622,0.0,0,3,1,
0,0,6.3056464195251465,0,2730mL2oE6m4D8Od_UQ6wMXf883,0.0,0,3,1,
0,0,5.33828330039978,0,1453eTocKdHUvXr67uYm59TP2106,1.0,1,3,1,
0,0,6.402825593948364,0,641M4LSzcBNf0p8MuWs4Li43030,1.0,1,3,1,
0,0,5.312165975570679,0,937wMFiXffRIE3NG_K_PJuV2519,0.0,0,3,1,
0,0.04255319148936171,6.439964056015015,0,556fLKlHwoGAKGwwcRMBDwh240,0.0,0,3,1,
0,0,6.3285908699035645,0,2640x6nNIaOGwyi0gBPzvykU1131,0.0,0,3,1,
0,0,5.5280985832214355,0,1812VV7iwFJbaygIgu6vzb9F3406,1.0,1,3,1,
0,0,5.355434894561768,0,2560nGtG9OY7-88aqDalhuYv2470,1.0,1,3,1,
0,0,5.373880863189697,0,1594lISY-Dfis872k6M3Utdc1251,1.0,1,3,1,
0,0,6.503443956375122,0,2115o-NOQilKM9cMoL7EeDR01462,0.0,0,3,1,
0,0,6.409332275390625,0,1502t95YZwb3DBEc50kzbs112018,1.0,1,3,1,
0,0,6.4602978229522705,0,643hOw7cSZHnFDg9xSl_9rX3025,0.0,0,3,1,
0,0.03278688524590164,6.34050440788269,0,2707gSiUHQVzCZqq8wFY2gvz944,1.0,1,3,1,
0,0,5.398622989654541,0,2114PF_Hzr-w95B50r8JycTn1466,0.0,0,3,1,
0,0,5.6097447872161865,0,1387YoNwFgU_hCV3WDkM6HFk720,0.0,0,3,1,
0,0,6.4281110763549805,0,25567DWWtABHgq600h7hP6972477,1.0,1,3,1,
0,0.038461538461538464,8.194880723953247,0,2438_EbtTSQc5lsCpGlzo17M1926,0.0,0,3,1,
0,0,6.299573183059692,0,625s5iuUhzcOucr1cjzlQTe39,0.0,0,3,1,
0,0,6.576162815093994,0,2150mk9STtYfvVPdRfNOdnih4223,0.0,0,3,1,
0,0,5.409041404724121,0,606ydc6r27eppB2SC3CIOZ594,1.0,1,3,1,
0,0.03636363636363636,6.367227077484131,0,2703tHS1apl2j5UgPSEuvXw2955,0.0,0,3,1,
0,0,6.512966871261597,0,30239qJxzKpT4gziPvpN4Rqd3811,0.0,0,3,1,
0,0,11.930660247802734,1,2472J9OcrMuEU-NMunTzS_UI1846,0.0,0,6,1,
0,0,5.404714345932007,0,1527UKGoQiYuIWZfUOoYgAYF1954,1.0,1,3,1,
0,0,5.602753639221191,0,1950b8OIQ8bzZrEdme_QFejW2297,0.0,0,3,1,
0,0,5.92107081413269,0,1439FueGAYIvwKpcGr1leJJu2135,0.0,0,3,1,
0,0,5.495016813278198,0,3014pcTrhA69GQHkNXpHvhmZ3831,1.0,1,3,1,
0,0,5.558375120162964,0,2958RqWdfJdoUOuFb0joLgV93964,0.0,0,3,1,
0,0,5.388972759246826,0,239409bAojLcBv-vX19Ipsyy3660,1.0,1,3,1,
0,0,5.579624891281128,0,1627Ewd39gIbO48nfIpKd3jZ1160,1.0,1,3,1,
0,0,5.388585090637207,0,692dt6AYZva7v7XYgvIDEbY2893,0.0,0,3,1,
0,0,5.432108402252197,0,608IiEQrTFEeXGLAfAOvOOp88,0.0,0,3,1,
0,0,5.6246654987335205,0,1162WEg_WPImiRPmAPvN_wnE3045,1.0,1,3,1,
0,0,5.42961859703064,0,899il7HMq79D4iA4PWEiSgJ2629,0.0,0,3,1,
0,0,7.27108097076416,0,864AJ9w8gUeeT5ui2mjV-482708,1.0,1,3,1,
0,0,10.432939291000366,1,1177mo9QxepXvRmIEbov-3wB3226,0.0,0,6,1,
0,0,5.441244602203369,0,2734MmqzZtp-AZWpm2ZfsFhO871,1.0,1,3,1,
0,0,5.381381511688232,0,2410IRpfau2-Ltn2-LoMkPNf3631,1.0,1,3,1,
0,0,5.468434810638428,0,1217VUulWWjfmhhB_SRnAH2c3106,0.0,0,3,1,
0,0,5.395708799362183,0,1618DNm6lX3wftxfj2fnuyVr1185,1.0,1,3,1,
0,0,5.539151668548584,0,2579V8DiOeUpZ5xJHz_B22Nw2436,1.0,1,3,1,
0,0,5.56490683555603,0,1760mDs0p3IiDjSQHOt_UjsF3524,0.0,0,3,1,
0,0,11.837674379348755,1,2507s9ZR3iJP0z5Z6_djlvFa1765,1.0,1,6,1,
0,0,6.360429763793945,0,927fFROY82WGNQwzbZYqAZl2545,1.0,1,3,1,
0,0,13.75877594947815,1,27105B4kNatJgs2HMEX3Qbc-940,1.0,1,6,1,
0,0,5.496487379074097,0,2078dQ_JXY4ymZQeFE0Q6gMo1566,0.0,0,3,1,
0,0,5.547525882720947,0,2134c3GwJ25P4vGSVnWFZ8d31408,1.0,1,3,1,
0,0,5.438222646713257,0,901d0BwILQTPPl4oiAkiW0N2621,1.0,1,3,1,
0,0,5.485613107681274,0,1032DagEj13ZJnkBdXH3dlsw320,0.0,0,3,1,
0,0,5.417182683944702,0,567dxrWSjH-3GSoMgKPevyt207,0.0,0,3,1,
0,0,7.1705803871154785,0,1987kuJ62sHMo5LRL0V1zWv52223,1.0,1,3,1,
0,0,5.273306608200073,0,590XWeIE_Ub3P9D0x7jiKmg139,0.0,0,3,1,
0,0,40.65279817581177,5,1419bJn9E_UUgrwZGzmllbaR629,0.0,0,18,1,
0,0.0816326530612245,26.910994291305542,3,8478WHZms7MdB1ce7kHygtH2757,0.0,0,12,1,
0,0.0425531914893617,6.548824310302734,0,15075jeWJyHrflW280qJuH1b2008,1.0,1,3,1,
0,0,6.378146171569824,0,1361J6GUEFw0eUjZYJ4tiHvB788,0.0,0,3,1,
0,0,6.319951057434082,0,1962Nznt7PwFe6mdz6hcXnVa2271,0.0,0,3,1,
0,0,6.771685361862183,0,2939FAcUTmMYAGquuzkjAN1d3997,1.0,1,3,1,
0,0,6.420062065124512,0,2147SEz1hmjhUpcGuddz5WUk4230,0.0,0,3,1,
0,0,6.51366662979126,0,2968uPxSrxVpmS14fG-ZA4Ao3938,1.0,1,3,1,
0,0,6.344651222229004,0,1945_7jADD_G_gdbFReCrUtY2310,0.0,0,3,1,
0,0,8.072079420089722,0,1382vpjR9ETfO4vE8tz6BI31731,0.0,0,3,1,
0,0,6.246696710586548,0,1604z6EFDlKj1Ika8RT3XTEm1228,0.0,0,3,1,
0,0.03773584905660377,6.5085837841033936,0,1592ZON_5a2-NF9DppBASPuf1255,1.0,1,3,1,
0,0,6.506128787994385,0,2987jq09CSEi-lBZSSYtX9tj3893,0.0,0,3,1,
0,0,6.3388755321502686,0,942M7M9hNpAspJcsRQKTuJQ573,1.0,1,3,1,
0,0,15.372699499130249,1,2718CJJlT43vSkiBp7_LGjcB917,0.0,0,6,1,
0,0,6.401410341262817,0,25813tM3oQb5_kWZVY_CdOzs2431,1.0,1,3,1,
0,0,13.824131727218628,1,679vpo5VTNOuK7oFLdslg8e2929,1.0,1,6,1,
0,0,36.1980619430542,5,616OWtj6d8Wd_SHB_8cDpHD67,0.0,0,18,1,
0,0,38.7298846244812,5,1751kG4ZgRcpVW2reI1_s3123550,1.0,1,18,1,
0,0.058823529411764705,36.73499512672424,5,24434z3j5gm_bj0nuQ8LfJIw1910,0.0,0,18,1,
0,0,36.6155903339386,5,25959RxG-G9wyRUK62zPUPq52402,0.0,0,18,1,
0,0,38.03385305404663,5,2120iYmdxQBWrRTb5lLxyQx11447,0.0,0,18,1,
0,0,35.98330593109131,5,2673FDf451ZmX7vXALugyB1a1044,1.0,1,18,1,
0,0,38.19844675064087,5,1196pKofKEiQ1ZBZSetE64_G3169,1.0,1,18,1,
0,0,38.424126863479614,5,2093euyG67o3cVGqrsSPrCbI1525,0.0,0,18,1,
0,0.060606060606060615,36.24098539352417,5,1022odDZeLWqHwQdk0LQ3Ji5348,0.0,0,18,1,
0,0,32.145626068115234,4,1804uzeMzyojontOD0RrTKB-3427,1.0,1,15,1,
0,0,6.425076246261597,0,1182HI-17dsw8VRu8AKL-nGo3209,1.0,1,3,1,
0,0,6.798398733139038,0,2117usIbqKfvGfEciX6sxfMh1457,1.0,1,3,1,
0,0,38.68617630004883,5,2950gZ4P4mJPFr8zvaCPmgqF3983,0.0,0,18,1,
0,0.05555555555555556,39.479724645614624,5,2233Y-YKfqTQmrCwlcADWe1n4010,0.0,0,18,1,
0,0,35.95460534095764,5,25182PdyMWkPXSFPNo4-wt5J1741,1.0,1,18,1,
0,0,37.82502865791321,5,7102gW4oVzoXhOyiAji75BJ2854,0.0,0,18,1,
0,0.08333333333333333,35.30573749542236,5,838RE46J5MX4D49kRweDkzw2516,1.0,1,18,1,
0,0,35.62350249290466,5,1636U9fgDPC8e9WhnQASL0AZ1142,0.0,0,18,1,
0,0,36.218138217926025,5,2966QzGzVpOocUqZIf0qxqAI3942,0.0,0,18,1,
0,0.0606060606060606,38.8697612285614,5,24469YIw5bTHJgIQYHoHuYLz1905,1.0,1,18,1,
0,0,37.10117721557617,5,1780LA22drSP8A8UyH6kh_Zg3475,1.0,1,18,1,
0,0,35.831647872924805,5,838BwSb1yX6r8PmHfFQ_-Dk2517,1.0,1,18,1,
0,0,21.411850452423096,2,910WJniQOWQeZ-7hez_wycY2594,0.0,0,9,1,
0,0,40.13843750953674,5,2132yLDutcv3-EyuSrPEe_qP1414,1.0,1,18,1,
0,0,36.68374538421631,5,1834IF4cgFJT0qrx6LbC8_z03347,1.0,1,18,1,
0,0,48.059622049331665,5,10225FLoQxnwSkdi_B5KomYG349,1.0,1,18,1,
0,0,35.28501844406128,5,1515gM9MF9FMUE__r5E1YQRi1983,0.0,0,18,1,
0,0,35.662692070007324,5,2130hnFIfjAqoSjF4izSr4Sg1420,0.0,0,18,1,
0,0,38.1148796081543,5,2495cQqgzzooS13bDr8Ph6Gf1796,0.0,0,18,1,
0,0,116.52944612503052,5,722Zb3Sw31D8-m69waDslkm2822,0.0,0,18,1,
0,0,35.90341329574585,5,731-qietcbXc2nDy-pU2z8A2796,0.0,0,18,1,
,,,,2357bg7FTfVebD7QxLK_W3qG3738,,,,,Ollama request exceeded timeout limit for model stable-qwen with error: timed out
0,0,38.63974666595459,5,2358jqFEmp4cxrm3AWKZILMj3737,0.0,0,18,1,
0,0,35.48497533798218,5,2704SYrBfH1tUHa-vFcWOrAs952,0.0,0,18,1,
,,,,635Jf_-DqbwtcPrT7rU-Jws10,,,,,Ollama request exceeded timeout limit for model stable-qwen with error: timed out
0,0,37.98930549621582,5,2736DC0e2KjXgGVcPZ2WLIxz866,0.0,0,18,1,
0,0,31.095882654190063,4,1540m7KtQ8W37yFZzUzVcX5F1393,2.0,2,15,1,
0,0,35.35677742958069,5,1025ZadbOp7BrFP2karwsuNA339,0.0,0,18,1,
0,0,29.34518790245056,4,610cgbbYUhEHZ0pSu_hj0IX83,1.0,1,15,1,
0,0,5.63481879234314,0,2133l3pjWfCkZZOCX5jvmzSB1412,1.0,1,3,1,
0,0,36.75542402267456,5,708039C_1LOgHzr9Hb6yAEm2860,0.0,0,18,1,
0,0,35.44980597496033,5,898Q-3kYtPG_vXcdvoFxJxW2632,0.0,0,18,1,
0,0,11.362245082855225,1,2076slcCeUs4SSiwZVjyC4u81573,0.0,0,6,1,
0,0,5.457042694091797,0,2992gMiCk1Qhs-vDl8gSC9lR3880,1.0,1,3,1,
0,0,5.471132516860962,0,571i8l4_77Uat7tpf7uzj1X195,1.0,1,3,1,
0,0,12.40946912765503,1,1575ppfrAxMc-4L7Tua7RW2i1304,1.0,1,6,1,
0,0,12.273046493530273,1,540gS6PWvy11E_WySWDzeHa288,0.0,0,6,1,
0,0,7.296436071395874,0,877wqSp0Rkg0hf-ytTtfQ252682,1.0,1,3,1,
0,0,5.389540672302246,0,11609Jmtcj6mL4_qZoKMrsvu3270,1.0,1,3,1,
0,0,5.45832085609436,0,1502t95YZwb3DBEc50kzbs112019,0.0,0,3,1,
0,0,5.506540536880493,0,25923M2ou7gOwnwBwtqHq_Ei2411,0.0,0,3,1,
0,0,5.40195894241333,0,210122hc2gtQAt4eeAx88Upu1503,1.0,1,3,1,
0,0,5.561450958251953,0,875rKE1xYgnsy1BcrIiDIQI2686,1.0,1,3,1,
0,0,5.465087175369263,0,15234HN9qI_Z1BT9PU4i4eXx1965,1.0,1,3,1,
0,0,5.497826337814331,0,896q9fkwlNTB-uLIhW50gpL2638,1.0,1,3,1,
0,0,6.146773099899292,0,628oWPCunaZPZ7dsBtbV11P30,1.0,1,3,1,
0,0,5.46022367477417,0,1998tYHxV4GeHjIVsXiSo8Hr2211,1.0,1,3,1,
0,0,5.656045913696289,0,2692_fbTsXXpwP0opcAgOaVe986,1.0,1,3,1,
0,0,5.512474060058594,0,1426bEr-N4c6lQoKgO9HYKbw611,1.0,1,3,1,
0,0,5.720520973205566,0,642t90xpp6PDsZFZ-bpxEez3028,0.0,0,3,1,
0,0,5.517941474914551,0,2395o2IF67yRoSD5xGlszZGz3659,1.0,1,3,1,
0,0,5.468080997467041,0,2375wXJbyJnkzdso878KLwWJ3699,0.0,0,3,1,
0,0,5.666756629943848,0,2037xYCP17QpdbpzHpni7UrG2140,0.0,0,3,1,
0,0,5.590579032897949,0,1362BPgQJxJaOhV-CP2tGeBk786,1.0,1,3,1,
0,0,5.553358554840088,0,2045T8nQX2uFT71OR7C-6Sjj1661,1.0,1,3,1,
0,0,5.857530355453491,0,538gLSK6-g0JoLk6sK3uauP2,0.0,0,3,1,
0,0,7.3168253898620605,0,2427_8TqCgsX9NP5483T0_Hi3601,0.0,0,3,1,
0,0,5.662009239196777,0,1630NLRyBDonlo1Mtz-Tmltq1157,1.0,1,3,1,
0,0,17.318054914474487,2,619ettAV35JO9WyPjBmVuTZ57,0.0,0,9,1,
0,0,5.535888195037842,0,601rUHFULW3zIx3841qHZyq107,0.0,0,3,1,
0,0,5.428164482116699,0,1350m8tnshnQY1-SX1xaVUVD822,0.0,0,3,1,
0,0,23.3354275226593,3,1419tOWt7I089hJ4HUoPR6EI630,0.0,0,12,1,
0,0,5.553220987319946,0,2096OjLZieUfMFEgNMVotx4Z1517,1.0,1,3,1,
0,0,5.544029712677002,0,2483xn8QuuA6OqhzaYPTxh7I1820,1.0,1,3,1,
0,0,17.96391773223877,2,9414p2IRYym1X7K4lS0j_Q5578,0.0,0,9,1,
0,0,5.485996246337891,0,981M9FKIWHSyh9UYiLsHR3E456,0.0,0,3,1,
0,0,5.7268226146698,0,2578Ix0kGXjoeJXUfAshA75j2438,0.0,0,3,1,
0,0,7.206428527832031,0,1967cSyL4AQ5Xz3yJ6hC4cWu2259,1.0,1,3,1,
0,0,5.372737646102905,0,895GTgHWgOsJfWGzfuk0cBw2641,1.0,1,3,1,
0,0,5.570622444152832,0,21282Cr-35xm2wBqUSJkqXMj1426,0.0,0,3,1,
0,0,5.47264552116394,0,1781v4O_2XdfE6Nu9HHNiBxe3470,1.0,1,3,1,
0,0,5.624569892883301,0,2455Z_NA0qrNdsEcFeJPnpVS1886,1.0,1,3,1,
0,0.08333333333333334,6.002626657485962,0,1975vLuOp8gEBc7-d27D_PJt2244,0.0,0,3,1,
0,0,5.498830795288086,0,1020shbJqszE6Dwd0s9ufDFH354,0.0,0,3,1,
0,0,11.537179470062256,1,15611Xd1lIWLRyaQ6bXEMZ0W1333,1.0,1,6,1,
0,0,5.677088022232056,0,2124hG4KLqALJOOHr-3PHVOG1436,0.0,0,3,1,
0,0.125,5.549462795257568,0,1826l7UVGsNPZHXbgRIPoIUx3372,1.0,1,3,1,
0,0,5.653392791748047,0,695h31kCvASR0Z5l5aivqQt2887,1.0,1,3,1,
0,0,31.066781997680664,4,2442Qnq15H_ylz9SkgCBZcsE1914,0.0,0,15,1,
0,0,5.5734007358551025,0,667rAHXuSUPsljQVxvIq2TT2957,0.0,0,3,1,
0,0,13.198728561401367,1,25604fSMJJe0iDDONhUpmjzE2469,0.0,0,6,1,
0,0,5.445104122161865,0,2565Fka6oc0BTYJ567R8eShz2459,0.0,0,3,1,
0,0,5.539061069488525,0,2670Y-kuxlKLxN5SPIlGPfw91052,0.0,0,3,1,
0,0,5.466938734054565,0,2102F8JjzM2uHi5C1tuhbTZe1501,0.0,0,3,1,
0,0,5.670345306396484,0,90097rrJhPCLDwMjGcQ2QA22626,0.0,0,3,1,
0,0,5.535583019256592,0,2722im-NxxsEP4XILd22CljL906,1.0,1,3,1,
0,0,5.436726093292236,0,2945mpQYcMGssA5i-bw5sX4T3986,1.0,1,3,1,
0,0,5.652015686035156,0,25220uEQpWctQitEMppCz0oB1729,0.0,0,3,1,
0,0.05714285714285715,5.498330116271973,0,2450fAZnmnJBsF5ajCmgyFSm1894,1.0,1,3,1,
0,0,5.64293098449707,0,2521zNHb6afBjfIeBZ-paiLV1731,1.0,1,3,1,
0,0,5.581443548202515,0,1029D_VXSqeEcmujQynOF_FN329,0.0,0,3,1,
0,0,5.510366678237915,0,21895ri-SgzvCYbZU84umbJD4125,0.0,0,3,1,
0,0,5.940269231796265,0,2653htyng3Z_tsonlTCkn_QC1100,0.0,0,3,1,
0,0,5.515357494354248,0,1521m0vIxCtc6C0q4fZ4bmW21970,1.0,1,3,1,
0,0,5.624421119689941,0,1616tJD99SBv5x6A67wD89lO1190,1.0,1,3,1,
0,0,5.59186577796936,0,957C6c8UBXNxelvZ_YavK28530,0.0,0,3,1,
0,0,5.619622468948364,0,541b8Dh-FxM3PgziNCUUuUq285,0.0,0,3,1,
0,0,5.5125346183776855,0,2393t0babHd-BI0al0kqRL4Z3662,1.0,1,3,1,
0,0,5.521883010864258,0,951QRsnzHPzlTm1kJw2YlVa548,0.0,0,3,1,
0,0,7.3278210163116455,0,1400uU3CM_7LdMUuWkvkQxxM687,0.0,0,3,1,
0,0,6.010559797286987,0,2593NhMXH8FIz_rRIuHg7cJ32407,1.0,1,3,1,
0,0,5.544234037399292,0,2124d8CiYUpjOQQmj4tL4X0v1437,0.0,0,3,1,
0,0,5.740253210067749,0,15886mL2IQG8B6jETUgnOHZc1268,0.0,0,3,1,
0,0,5.551328420639038,0,2969xxQHUKBzQcM9DNUcN--Q3934,1.0,1,3,1,
0,0,5.769057512283325,0,646OD5224k55Wh4kR-RsWPl3016,0.0,0,3,1,
0,0.11764705882352941,5.486665725708008,0,1835xWOwAfgrbHJnPbJjkinW3346,1.0,1,3,1,
0,0,5.67274022102356,0,909gtca-lnTfb7i_Tj-phi82597,1.0,1,3,1,
0,0,5.480345010757446,0,998p1ztLXm5gKJajkvwEEjf414,0.0,0,3,1,
0,0.15384615384615383,5.627719402313232,0,10361heR9e1kTvvo1NiiW5Ae307,1.0,1,3,1,
0,0,11.437220573425293,1,2154hgnNDJMyC_N1LGBLoIru4213,0.0,0,6,1,
0,0,5.9512083530426025,0,1190LpUYusZ3T7nqZ3kXM3uR3185,1.0,1,3,1,
0,0,39.383609771728516,5,1387oQz4cxlHhwF5gpvX_8s_718,1.0,1,18,1,
0,0,19.103532314300537,2,2123JgqxRVRAg0ZSNs3_HwHe1439,0.0,0,9,1,
0,0.11764705882352941,5.4579620361328125,0,600dYBRrC6h4LjypO5PySt6109,1.0,1,3,1,
0,0,5.753535985946655,0,916dKMXGoacskOpfFfF3fl32576,1.0,1,3,1,
0,0,5.569288015365601,0,2523rTR1vV07WZ0GNJ4Wu_DS1724,0.0,0,3,1,
0,0,5.606008529663086,0,1027ZkSa0ea9HAzRy_8T4y3g334,0.0,0,3,1,
0,0,5.602212190628052,0,96007jxuZq6dQmJdVZtpl44519,0.0,0,3,1,
0,0,5.429769992828369,0,2356NFxPDl9UkBBLyPHbKrvJ3742,0.0,0,3,1,
0,0,5.516505241394043,0,547tG9ZeRqXvJLYthNWsLap269,0.0,0,3,1,
0,0,5.688331127166748,0,2701_eTSfG0kbk-njomBcNgv960,0.0,0,3,1,
0,0,5.544231176376343,0,934hLc2W0dI5ExU1xikzEH42530,0.0,0,3,1,
0,0,5.670227766036987,0,2575f4mugcu2JQoWTywMsU6P2446,0.0,0,3,1,
0,0,29.87042546272278,4,604mQQLLhcNi8N9nxflPiAk100,0.0,0,15,1,
0,0,19.032434463500977,2,23807v22XvrUQTol7Th3lJWE3686,0.0,0,9,1,
0,0,35.69165563583374,5,2458nO0QxOBFA2uGin02ZUeR1877,1.0,1,18,1,
0,0,17.305243492126465,2,725fIuqkG2FAMAMrRV2o_q72815,0.0,0,9,1,
0,0,5.494513034820557,0,6907GyyauVbz0gBDeg6Ql0l2899,0.0,0,3,1,
0,0,5.584519863128662,0,25163F-nTR5MBd30RtLg31GT1746,1.0,1,3,1,
0,0,5.51345419883728,0,2959dC6Am4UskyZMHV9xE3WU3961,1.0,1,3,1,
0,0,6.630358695983887,0,2093f84OlebSpPLq7CIoCbc51523,1.0,1,3,1,
,,,,1958hcGziYoVonuuIdReU0Lj2279,,,,,Ollama request exceeded timeout limit for model stable-qwen with error: timed out
0,0,5.556771516799927,0,2604w8Y2Cl6uiR5M0-ejmWMM2384,0.0,0,3,1,
0,0,5.699721574783325,0,614qvZZNRxxpBg3ucW1nsPI73,0.0,0,3,1,
0,0,5.609917879104614,0,2402MAhKxnMmLtfOdk-08LTn3642,1.0,1,3,1,
0,0,7.3235862255096436,0,2694ltreEVbPipuuO8jQ7qct982,0.0,0,3,1,
0,0,5.420382738113403,0,2961bLOhNS6f8RK3mV6jOtYf3955,1.0,1,3,1,
0,0,5.4016993045806885,0,1389Ypbz0yiTxHj8sdg8Dd-O714,0.0,0,3,1,
0,0,5.61443018913269,0,2168J5OIY9_0JcjpUFtF-s8j4178,0.0,0,3,1,
0,0,5.481629133224487,0,1415PPveKUVTi5av3Jj0lvQX641,0.0,0,3,1,
0,0,5.5552990436553955,0,1235ppKKbTr1utemwebxmtLB3054,0.0,0,3,1,
0,0,5.498772144317627,0,1144QjbX5t9wSPKKpoQzUqIM3317,0.0,0,3,1,
0,0.11764705882352941,5.416524410247803,0,663-xYs0_yfqwh5e1vCCBW72968,1.0,1,3,1,
0,0,5.651627779006958,0,3019slRZYA_GgPxTKTEzhFb_3818,0.0,0,3,1,
0,0,5.528096675872803,0,1634rEU-bIULINidGaTwrGNb1146,0.0,0,3,1,
0,0,5.699908971786499,0,2100nzSjCMDd--9Fj7a4NWfz1507,1.0,1,3,1,
0,0,5.498425006866455,0,631qBhc6tNC5x4jMUP590HD21,0.0,0,3,1,
0,0,5.623180866241455,0,1542SShgTHmccjRMIaq5sxCR1387,1.0,1,3,1,
0,0,5.496376991271973,0,622nAKi4as7dtc8Z9eTpkdT49,0.0,0,3,1,
0,0,5.560596466064453,0,973wD6IGiEh8Dy46Roludyx481,0.0,0,3,1,
0,0,5.578180551528931,0,623AhTszwVETU0JVBzClsCl45,0.0,0,3,1,
0,0,5.596112489700317,0,2122TwBF08fbVn83IOLPGXJ51444,0.0,0,3,1,
0,0,31.566406726837158,4,2569SVBHC-JT-ZpiERWOXHiR2453,1.0,1,15,1,
,,,,2198b7QHTaEci9ZiP8Jgg9Gb4101,,,,,Ollama request exceeded timeout limit for model stable-qwen with error: timed out
0,0,5.480485439300537,0,1402m18_1bIWy0g2aRhM2xVK679,1.0,1,3,1,
0,0,5.6433422565460205,0,729ocp-SA5gFg2mOHOi_9bT2803,0.0,0,3,1,
0,0,5.510540008544922,0,1424eyzMoP7NlT7lLHg-CSKt615,0.0,0,3,1,
0,0,5.489339351654053,0,2680JFom2C2m5B61Zmr5e-xw1022,0.0,0,3,1,
0,0,5.65063214302063,0,930cjgSy21jAxSRsOSjGC6K2540,1.0,1,3,1,
0,0.041666666666666664,35.982237815856934,5,1604rg80oUsGty1ShrvBvuRN1226,0.0,0,18,1,
0,0,37.07718801498413,5,1009Uk9DWEoZIQcw717YJKbT385,0.0,0,18,1,
0,0,35.42921805381775,5,2060JRIdb6Jd39yNN2K3FzKd1619,0.0,0,18,1,
0,0,35.5624783039093,5,1164S0n8sFxAjOhrJykde65c3260,1.0,1,18,1,
0,0,39.864012479782104,5,1207HLvv2F6G--J1iG2Sr0GT3135,0.0,0,18,1,
0,0,31.47004771232605,4,621rUA-y24a2TlBAhZxV8H853,0.0,0,15,1,
0,0.06666666666666667,35.80521106719971,5,974EqHGKum7PKcQ6aiSmCQ1477,0.0,0,18,1,
0,0,35.347519636154175,5,2969gQlMvd6FhSZMcTlnE-C13935,0.0,0,18,1,
0,0,36.854201316833496,5,905EurUqDl4s2krYgolDdmX2609,0.0,0,18,1,
0,0,35.355334758758545,5,2226GKXgfMEXDLjamZ5nzPFh4031,0.0,0,18,1,
0,0,38.975669860839844,5,11609irFw-wvr48-kAG66MW13269,0.0,0,18,1,
0,0,38.9910991191864,5,2107cMmJ6oXMn_tX8EiA1_Qh1486,1.0,1,18,1,
0,0,37.301703453063965,5,2685B8bjO_bSgF7yP_RE9FZq1006,1.0,1,18,1,
0,0,37.33775496482849,5,2972anHdG1TwBtQaRXhi-WEK3929,0.0,0,18,1,
0,0.06557377049180328,41.854029178619385,5,1426bEr-N4c6lQoKgO9HYKbw610,1.0,1,18,1,
0,0,37.27164840698242,5,2471B8agFup8-O0sKzC9wV521850,0.0,0,18,1,
0,0,23.651076793670654,3,2132y4UclYrIoM9EfY6q0cLU1413,0.0,0,12,1,
0,0,6.226832628250122,0,24900ppOWI96tjRkMOIpDwu01807,0.0,0,3,1,
0,0,6.320765018463135,0,2721Lisb2VI4t962p0mF1ytc909,0.0,0,3,1,
0,0.05714285714285714,6.260138750076294,0,1526rfIPgkgJxKRdDsBSn4dn1957,1.0,1,3,1,
0,0,6.3663649559021,0,1365-1b52ot7eMMf3SsA9c4Y776,0.0,0,3,1,
0,0,5.514167070388794,0,1236uLGJLEnlgvBpRt41BaBc3052,1.0,1,3,1,
0,0,37.49280905723572,5,720KTE_TQ-QFGgw12_NY6_52826,1.0,1,18,1,
0,0,25.729952573776245,3,706AosvIWS6eJlQTL0dwYt92864,1.0,1,12,1,
0,0,6.3688154220581055,0,1422TMMS8B78H0eLNKZ9OcN2620,0.0,0,3,1,
0,0,6.232501983642578,0,1422Mg4SCjSUB1ipbjJhHLQV621,1.0,1,3,1,
,,,,17779GFc1mSj52FnFT87uHXQ3483,,,,,Ollama request exceeded timeout limit for model stable-qwen with error: timed out
0,0,6.485556602478027,0,11746LEaHokgyCbOjGtlxB_P3041,1.0,1,3,1,
0,0.0625,6.2977614402771,0,1818O8BoyzdI3tIZTlZQX7MJ3390,1.0,1,3,1,
0,0,6.404694080352783,0,1558USBzQpgdUWBcaUu8vmKq1344,0.0,0,3,1,
0,0.05128205128205128,6.312252998352051,0,1000oBQNQPnj4fxpXtFV1g0J409,1.0,1,3,1,
0,0,6.402676343917847,0,99301Zg9cGHX9Gf1_cI5mfK421,1.0,1,3,1,
0,0,6.3231096267700195,0,538gLSK6-g0JoLk6sK3uauP1,0.0,0,3,1,
0,0,8.31822919845581,0,2444VM3M-Xnaa4T5rEXxP45X1908,0.0,0,3,1,
0,0,6.19141149520874,0,859Wx92OGcZsIZiYdTGB0c42720,1.0,1,3,1,
0,0,6.232219696044922,0,560MF12O77E_fY17pny7AZ4228,0.0,0,3,1,
0,0,6.295426368713379,0,26213tScNqi5jq-dNNpY17aB2357,1.0,1,3,1,
,,,,2737RMEUrJ3xYCVvFcnOOJEr864,,,,,Ollama request exceeded timeout limit for model stable-qwen with error: timed out
0,0,6.3921003341674805,0,2103yuSnngKYn9n8F_U1xOr51499,0.0,0,3,1,
0,0,14.134520769119263,1,2231MtCQ0XFs-HZtPZNxWWWA4016,1.0,1,6,1,
0,0,6.420704126358032,0,999ChWxJrv-Gaq3aLTh_nDS411,1.0,1,3,1,
0,0,6.272615909576416,0,1984InJu5XFguodK1Khic6FC2233,0.0,0,3,1,
0,0,6.379401683807373,0,21208xkL7JG9a1slm1tkqySv1449,0.0,0,3,1,
0,0,6.313044548034668,0,13478wbUw8r6jR2KkJ83tRNT831,1.0,1,3,1,
0,0,5.559873580932617,0,2377URm8qpovSm3ZcmknWYzr3693,1.0,1,3,1,
0,0,6.415241241455078,0,6939iIjtQY3HqIf5Qu5LXfF2892,0.0,0,3,1,
0,0,6.271404504776001,0,1399HAUAi3igcRp4kaiXBS34690,0.0,0,3,1,
0,0,6.483985900878906,0,1026WzEnlc2VTVNnEnERoTej338,0.0,0,3,1,
0,0,29.371497631072998,3,255102VMp0rT3lE5qKZReHI62486,0.0,0,12,1,
0,0,6.2538182735443115,0,17388L0pXFkN6Wb2CQAgtWsF3590,0.0,0,3,1,
0,0,5.6668784618377686,0,2631M_1rjE6k2YLouvowQoHJ2333,1.0,1,3,1,
0,0,6.2962892055511475,0,2658kpZ5jhLWnxu93y4HPmEB1085,0.0,0,3,1,
0,0,19.05767297744751,2,959BpQsgOmBWm76KB_O0Xj6522,0.0,0,9,1,
0,0,6.286428451538086,0,2671UDFIl4lCabvUQRbVginc1048,1.0,1,3,1,
0,0,6.386441469192505,0,1620Y8fkMMEFeacdhhiKGcCu1180,0.0,0,3,1,
0,0,6.260081052780151,0,2066O6hlUGaIYvZETBnkVTKJ1601,1.0,1,3,1,
0,0,6.345891952514648,0,595rx4ZMYA14adC3NekLAhW124,0.0,0,3,1,
0,0,6.290866851806641,0,1433yR4Rdyzq9ZDjN6qZOB3K593,0.0,0,3,1,
0,0,5.545490026473999,0,1828sgAztXiBXjB8fDJEJjCn3365,1.0,1,3,1,
0,0,5.85870361328125,0,2189nmSYagbAhBJHMcqwdIko4123,0.0,0,3,1,
0,0.05714285714285714,6.306464672088623,0,1550GzjCBajsuSw_Bnhtl8WB1367,0.0,0,3,1,
0,0,6.423417568206787,0,1138ZNoiRj9WSt8xu5xKiclJ3335,0.0,0,3,1,
0,0,6.294305324554443,0,6595tSoej6eNamN_ekXU3W-2979,1.0,1,3,1,
0,0,6.224914073944092,0,2012U7knoAxwFk_Ns1NGidQE2188,1.0,1,3,1,
0,0,8.062512397766113,0,2608ntJl4AFAduDIt0AYknjI2372,1.0,1,3,1,
0,0,5.379251956939697,0,2587WZtb-G91TcjATusTTjeN2422,1.0,1,3,1,
0,0,41.71275615692139,5,1757EM0iCe2_7c-3VFdC07DP3532,1.0,1,18,1,
0,0.03508771929824562,44.97862935066223,5,943d0SQ0AVbboY5BqJgbsaF570,0.0,0,18,1,
0,0,42.087661266326904,5,2088g4bX7vmX1hWfKvtOIJDZ1539,0.0,0,18,1,
0,0,13.44694995880127,1,861-dKB_3BSzYCaSTRw8Av_2716,1.0,1,6,1,
0,0,20.372010707855225,2,13633aQsS5iKERyNB367GWVH781,0.0,0,9,1,
0,0,39.97397994995117,5,2517lXXoQUIKbal6xfNNtVAn1743,1.0,1,18,1,
0,0,6.2163612842559814,0,24900ppOWI96tjRkMOIpDwu01808,1.0,1,3,1,
0,0,6.198163747787476,0,2407RuK1Iv95cime4WWdGNoB3634,0.0,0,3,1,
0,0,6.294561386108398,0,13441C2N2xP14JB_ucyRSeEL839,0.0,0,3,1,
0,0,6.116731405258179,0,2477JtT30EyGVCGC3ayc5fzB1832,1.0,1,3,1,
0,0,6.07961893081665,0,27369KmtE4DmLS1oS6IXm0CV865,0.0,0,3,1,
0,0,6.2411582469940186,0,2341RZKrT1tVXnFFp5DSNowl3778,0.0,0,3,1,
0,0,6.074398994445801,0,982n1tOmLbrP0Rw2f7q4phE454,0.0,0,3,1,
0,0,7.150676965713501,0,1591ek7O19h74ATqsHjdtFUz1259,1.0,1,3,1,
0,0,6.125966548919678,0,599uREx6nun3gOEAd8YzR5s113,1.0,1,3,1,
0,0,6.161990165710449,0,2699X1S6-twcNf9a_nUx5WE-965,1.0,1,3,1,
0,0,5.99723219871521,0,1976MfIZ7mAEpNhCSa8Y04ek2241,0.0,0,3,1,
0,0,6.175750970840454,0,2093euyG67o3cVGqrsSPrCbI1524,0.0,0,3,1,
0,0,6.233438014984131,0,2699Ur-0JL1NVhl8H0B2lH-a966,1.0,1,3,1,
0,0,6.132471799850464,0,628A_ztdoD85Pm7Hd6Uv2TF32,0.0,0,3,1,
0,0,6.239813327789307,0,892B8GiS_zkJfKANp04UQhD2650,1.0,1,3,1,
0,0,6.2357141971588135,0,1576P214oupErvTP6090GMli1302,1.0,1,3,1,
0,0,6.074935674667358,0,1589Jf5bV_UCDf13dAps7IiI1264,0.0,0,3,1,
0,0.04878048780487805,6.267979621887207,0,19396Yot6utxeGieo9MuRrBB2323,0.0,0,3,1,
0,0,12.294600486755371,1,1509gKJxAthX1pquVrt7KPXD2003,0.0,0,6,1,
0,0,5.627495765686035,0,16127RJnwPcCuQ2L6JWAn7Rd1203,0.0,0,3,1,
0,0.049999999999999996,6.557458400726318,0,20893J7zds0fTmdwGScrXxYe1537,1.0,1,3,1,
0,0,5.627727508544922,0,1226lhx09f1Jk4OiDQlGU8Bp3077,1.0,1,3,1,
0,0,6.468283176422119,0,1380vA5P1fp-1XlZm7dLip3Q737,0.0,0,3,1,
0,0,5.796341896057129,0,1600ywzg9ULBGI5IAxrJ6foM1237,0.0,0,3,1,
0,0,6.241803407669067,0,25486Lhd5Z1MU0Q4sN3I3mAT2493,0.0,0,3,1,
0,0,7.333632707595825,0,1961WznZwsht9W-Z6W6_FmvR2272,0.0,0,3,1,
0,0,5.418874263763428,0,1459UR8_3lYqpJzzqkoNN5si2093,1.0,1,3,1,
0,0,5.537911891937256,0,846dI6s8NANbI0cXEx7WJXa2760,1.0,1,3,1,
0,0,5.582471132278442,0,25839ctSBP_9ircmR2x3MPam2428,1.0,1,3,1,
0,0,6.162944316864014,0,1500Z1H9hCVclLHKdcfBz5gq2021,0.0,0,3,1,
0,0,5.638627529144287,0,878Tp76n2ZpjK1LVAz5F3Mg2679,1.0,1,3,1,
0,0,5.684048891067505,0,61542RmhOWwUxAJySFjDV7169,1.0,1,3,1,
0,0,5.669081449508667,0,25316jqKhJvYVlP1H8PWC21S1701,0.0,0,3,1,
0,0,6.562084197998047,0,160035MUpGMSLbaV6XDg1y7j1235,0.0,0,3,1,
0,0,5.560349702835083,0,1198tKDggSEgfewI5IGaBL7o3163,0.0,0,3,1,
0,0,6.409485578536987,0,1767ntexZ4EBPQrmdM1oWDDE3503,1.0,1,3,1,
0,0,5.529570817947388,0,2957RON0RMexHAq6R8NDth-G3968,0.0,0,3,1,
0,0,5.739842653274536,0,574T3IVyhdGf2qyfbl0GBBS188,1.0,1,3,1,
0,0,5.679405450820923,0,1210NBV6o_IHthJvbrF9UTR43125,1.0,1,3,1,
0,0,6.362857818603516,0,541Cbn85P-zf8lq0QHtgjf9286,0.0,0,3,1,
0,0,18.204352378845215,2,1413DwMlffwkzBlmmDWhZmvt647,0.0,0,9,1,
0,0,5.499613285064697,0,1451JJuYQ7gSCXBvwOXzxUO72112,1.0,1,3,1,
0,0,13.073412895202637,1,995Mjg3IZGW2wc7ddFCk8vg418,1.0,1,6,1,
0,0,6.149848937988281,0,1606ixCVPmgAtLujhTmR7TkV1221,0.0,0,3,1,
0,0,5.6441004276275635,0,2561RPearP2qJJF5nNBvVQ1L2468,0.0,0,3,1,
0,0,5.6739888191223145,0,1768Z2ygW_eEOpHjb3kiiamC3500,1.0,1,3,1,
0,0,5.577789545059204,0,2177s_UTFrhmrwcK9Ti7MMiR4149,1.0,1,3,1,
0,0,5.494001865386963,0,2049EiSr8AWG9INgthccDLTD1651,1.0,1,3,1,
0,0,5.431740999221802,0,1811paAxUvt29OX8E8chhsNQ3408,0.0,0,3,1,
0,0,5.574330806732178,0,848WrFnYlhM_1QL8XRIK-nh2753,0.0,0,3,1,
0,0,11.683513879776001,1,30233J2ge9fEFX4YilpwWlsN3810,0.0,0,6,1,
0,0,5.534256458282471,0,1402lC19R9T2_nXZynvxL_uJ680,0.0,0,3,1,
0,0,11.565683126449585,1,2724NPCyZgqx0x1F1XrTUaPC900,0.0,0,6,1,
0,0,6.120167255401611,0,1395li3pr9py0l2amb_zMeDF702,0.0,0,3,1,
0,0,6.228714227676392,0,2071kHxLVZsdxtm6xVPXQcML1589,1.0,1,3,1,
0,0,6.086102485656738,0,1430c-EOOP47sw8eHQFzvYMg599,0.0,0,3,1,
0,0,12.151628017425537,1,555vNOKr31rXFMkfzB62TYz244,1.0,1,6,1,
0,0,13.858655452728271,1,1433yR4Rdyzq9ZDjN6qZOB3K592,0.0,0,6,1,
0,0,6.051917791366577,0,2646TB5mc-c2hplG5koqTh501117,0.0,0,3,1,
0,0,13.25570297241211,1,5601RlVQQ13ZMVNw8QCNW6F230,0.0,0,6,1,
0,0,6.213907241821289,0,974vUVNFZZhK9Vx9yosXwyz479,0.0,0,3,1,
0,0,6.092482328414917,0,1564Kq9tsrgH8Jhl4M51Udxu1326,0.0,0,3,1,
0,0,6.1205832958221436,0,1744p6ivEreYdqU2OaXpqwiv3570,0.0,0,3,1,
0,0,6.2801032066345215,0,2723xU3JSCsI93Jmzi12bo8-904,0.0,0,3,1,
0,0.04545454545454545,6.26419472694397,0,884Pnp87xexk_HDsVBlYF5I2663,0.0,0,3,1,
0,0,6.229873895645142,0,947IWARdGEJfenHq_CeVA2F560,1.0,1,3,1,
0,0,35.61728835105896,5,2648m9dA7rTQjYDXrTlBjn3C1110,0.0,0,18,1,
0,0,36.76862668991089,5,642t90xpp6PDsZFZ-bpxEez3027,0.0,0,18,1,
0,0,36.129329204559326,5,643hOw7cSZHnFDg9xSl_9rX3024,1.0,1,18,1,
0,0,11.359012126922607,1,15208OmvhIK608dqFRGSSOAV1973,0.0,0,6,1,
0,0,5.4804229736328125,0,646uZynkMYdhv1JIw-EffYb3014,1.0,1,3,1,
0,0,11.482936382293701,1,1590-CJsFDfqrQDqYkRsJ56N1263,0.0,0,6,1,
0,0,5.622666358947754,0,2482zF1QFZ7wKsNuHZ2WclJt1822,1.0,1,3,1,
0,0,5.575188159942627,0,725i6Izvs08W85ROtPNlm8D2813,1.0,1,3,1,
0,0.2,5.533758163452148,0,1827xEul6GY6VzOmjE6YoZOI3370,1.0,1,3,1,
0,0,7.2962963581085205,0,2633pAGBUWzG9zIDRrNR6L1c2329,0.0,0,3,1,
0,0,5.4087231159210205,0,19488Pr6RoX5NaT1BWOrfb8b2303,0.0,0,3,1,
0,0,5.512441873550415,0,1195HMcObf-c2jk9nuqNKiuu3172,1.0,1,3,1,
0,0,5.725172758102417,0,12200qHzxeIvvsd2YVZemdY03095,1.0,1,3,1,
0,0,5.716151714324951,0,2661cQb_J106ssSoX5Fgydo71078,1.0,1,3,1,
0,0,5.621541500091553,0,979XmKqsJdLFW1bLDI7o-pE462,0.0,0,3,1,
0,0,5.5162975788116455,0,1802qwccQwTwwKaDVreksqJf3429,0.0,0,3,1,
0,0,5.600749492645264,0,1491cxn7v5v-T_iOJDwW9EYs2031,0.0,0,3,1,
0,0,5.519631862640381,0,728rJ1xbwc5Igz_rb47z10k2805,1.0,1,3,1,
0,0,5.635274171829224,0,1755HI8OTnHY7Nm5CeIuPLTN3538,1.0,1,3,1,
0,0,5.509435653686523,0,2714-Q-L_ocw1wqi2vTyKgJx927,0.0,0,3,1,
0,0,5.458995342254639,0,2196RcteK2m9GTjJgXROQiPI4108,0.0,0,3,1,
0,0,5.648953437805176,0,2198RDJBzVmoid4rc0bik_oO4103,0.0,0,3,1,
0,0,12.585428953170776,1,2706YR-uI3zypKwmJN4tmzOG947,2.0,2,6,1,
0,0,11.505494117736816,1,660LK3Me9by6QtGlAhc9ZgG2978,0.0,0,6,1,
0,0,5.4801247119903564,0,3010uRwouEtYjEBKkqRcq7rz3839,0.0,0,3,1,
0,0,5.4434614181518555,0,2152-7ZSgzVAfI8TDcdpWpW94219,0.0,0,3,1,
0,0,7.2607786655426025,0,538JJQ5E24giegHnAwK6q8U0,0.0,0,3,1,
0,0,5.43303918838501,0,2495cQqgzzooS13bDr8Ph6Gf1795,0.0,0,3,1,
0,0,5.482013702392578,0,1425TtGxf2tlcnPvhwxputXV614,0.0,0,3,1,
0,0,5.625976085662842,0,121369XOrczL-kMaDwwgO02A3116,0.0,0,3,1,
0,0,5.431913375854492,0,2375ik4L_hJmM72qf0e1dYMH3698,0.0,0,3,1,
0,0,5.589136362075806,0,1808axaZNmCFiRMbaxN7F0Eh3418,0.0,0,3,1,
0,0,5.503536224365234,0,2678-vJB_o0WGULsRqF2El1t1029,0.0,0,3,1,
0,0,5.613868713378906,0,841hinfHVUUAR8bWXtEBCsQ2776,1.0,1,3,1,
0,0,5.490883827209473,0,2048CtOjaqKkCnfN40uLcP5L1652,1.0,1,3,1,
0,0,5.58516001701355,0,2171AVNXiBd6GfXxQ8eqM1vd4168,1.0,1,3,1,
0,0,5.482093095779419,0,2096f8W6RON65FxesZktnJ621515,0.0,0,3,1,
0,0,11.586437463760376,1,724vcyS179ODvzR7GgFuf342817,1.0,1,6,1,
0,0,5.495267152786255,0,577J1_2EkXjvWVxk6PCwOXP178,1.0,1,3,1,
0,0,5.630573987960815,0,2186ULHrp_lvPj5LDBoeTtdH4131,1.0,1,3,1,
0,0,5.493156909942627,0,262821L4N7qZnsAQ8yXausca2342,1.0,1,3,1,
0,0.1111111111111111,5.414340019226074,0,2687wsGAHxfopUhAw18YbVRI1000,0.0,0,3,1,
0,0,5.745352268218994,0,2646TB5mc-c2hplG5koqTh501118,0.0,0,3,1,
0,0,19.030173301696777,2,1951HRAy-63r-iYmzz_OIMwm2295,1.0,1,9,1,
,,,,1532jmPrtawUKEP8PbFN0KA51942,,,,,Ollama request exceeded timeout limit for model stable-qwen with error: timed out
0,0,23.160834789276123,3,1440tJiNSRh2yn6L1Bpe-Z2O2134,0.0,0,12,1,
0,0,5.655803918838501,0,575_whZmLvyvEEXouWkoc8Q185,1.0,1,3,1,
0,0,5.623591661453247,0,2512lEhovFhT11eis4TwjWj61754,1.0,1,3,1,
0,0,5.749190092086792,0,2604w8Y2Cl6uiR5M0-ejmWMM2383,0.0,0,3,1,
0,0,5.5125627517700195,0,25219t08QQEFWvS8eYsekPUS1730,0.0,0,3,1,
0,0,5.591292142868042,0,1751kG4ZgRcpVW2reI1_s3123551,0.0,0,3,1,
0,0,5.495422601699829,0,960o6-E-_ISeh5lV6FHiD34520,1.0,1,3,1,
0,0,5.690631866455078,0,1616QzaVp9mutwg1uh2jzwdO1192,0.0,0,3,1,
0,0,5.552078723907471,0,2187B0sWPT98eVpnAmdk_adu4128,0.0,0,3,1,
0,0,5.576822996139526,0,1536mI_d8jtM2jw9hUxzP9iL1929,1.0,1,3,1,
0,0,7.491613864898682,0,1947A5MF0NJR55TokdQfbhca2307,1.0,1,3,1,
0,0,14.521339654922485,1,2485wQdQwDnk4yk5FdBXXmhj1815,0.0,0,6,1,
0,0,6.1593263149261475,0,2070ak7o05iYQKrCn9M9TwT31592,1.0,1,3,1,
0,0,6.147206544876099,0,2106VMTbOKIT8LUZtIXhHKmi1490,1.0,1,3,1,
0,0,10.9724702835083,1,66120RRLn0zmV3MwnNHl6_h2974,1.0,1,6,1,
0,0,5.49679970741272,0,882RL4zKg1IQbdwrUdiW2uc2668,0.0,0,3,1,
0,0,5.4288623332977295,0,1579OPjVMaCxctlZmUpiZzrp1293,0.0,0,3,1,
0,0,5.577296018600464,0,1159_3BLEoNo6JC3PQD3lhm_3274,0.0,0,3,1,
0,0,5.423552751541138,0,2131ThABbwh5RS-HlVdmLPDZ1417,0.0,0,3,1,
0,0,5.461907148361206,0,2021CWT7r6wMcqbzHWF5IBs12171,1.0,1,3,1,
0,0,5.668322801589966,0,1823Eoxuy7YeAaFwIKLgSxRm3381,1.0,1,3,1,
0,0,5.478612184524536,0,1569FwzJ_LvmO5rW73WzT8541311,1.0,1,3,1,
0,0,5.567903757095337,0,2172mjXN9cse5myRvOdHKPXb4166,0.0,0,3,1,
0,0,5.488747596740723,0,3016XnYJU0PvEDVmTUPXywfh3826,1.0,1,3,1,
0,0,5.483954429626465,0,15387Blg_wJjcZbkwAdg3ihT1399,1.0,1,3,1,
0,0,5.630197763442993,0,2965ZcSt1DSsDVrBS8zreyMW3946,0.0,0,3,1,
0,0,5.5060789585113525,0,1183jSSsRsBAdPZ3YbN6lTA63206,1.0,1,3,1,
0,0,5.600721120834351,0,24325JvjgPXosVnug4HXcsdC3598,0.0,0,3,1,
0,0,5.465299367904663,0,2588tXgAWa0hfqLa7dv034Sk2420,1.0,1,3,1,
0,0,7.232471227645874,0,545m8hikbi_76zd990QYmmK274,0.0,0,3,1,
0,0,5.417642116546631,0,2133l3pjWfCkZZOCX5jvmzSB1411,1.0,1,3,1,
0,0,5.411956071853638,0,1030cFCd9o4jSm3pwYZj572K326,1.0,1,3,1,
0,0,5.558364152908325,0,1471q7bJiZQDI20zdeWOjTxp2066,1.0,1,3,1,
0,0,5.446276903152466,0,1220telOq3nKQ9I7IlLmxhq53097,1.0,1,3,1,
0,0,5.566893100738525,0,1158byH939tSa-y6piPB33qI3275,1.0,1,3,1,
0,0,12.636443614959717,1,2143rWgXIxnPTtsFFOBT0X5t4243,0.0,0,6,1,
0,0,5.6219775676727295,0,1010HNqYCv68G7N_CQVNh43m382,0.0,0,3,1,
0,0,5.38580584526062,0,588NyHE4CBeocNT0p36WOjf144,0.0,0,3,1,
0,0,5.53828239440918,0,2353LXtRRUsp_KUtkJvbyF5G3749,0.0,0,3,1,
0,0,5.407154083251953,0,2606wggZxTDXC27kXBM1nOHp2377,0.0,0,3,1,
0,0,5.593150615692139,0,2125V8N_l5QntOTnTrzc20WM1434,0.0,0,3,1,
0,0,5.4180989265441895,0,2185kJh_nrTH_U4b39Vcv8ax4132,1.0,1,3,1,
0,0,5.501903057098389,0,2376URQldjysl6l8eVv3nAMJ3695,1.0,1,3,1,
0,0,5.645599126815796,0,1384pGKRecF-Gb_z9zzAv2JJ724,0.0,0,3,1,
0,0,5.601868152618408,0,2148ORbgn9xAFsNQtzXY__rj4227,0.0,0,3,1,
0,0,5.587836265563965,0,621rUA-y24a2TlBAhZxV8H852,0.0,0,3,1,
0,0.18181818181818182,5.5010740756988525,0,597Erm8rlfIbk1-dOAX1x_d117,0.0,0,3,1,
0,0,14.508073806762695,1,2439wUboO5ra35vEgdGIev-11921,1.0,1,6,1,
0,0,5.376618146896362,0,2229yjbOaiHjJ3l8FpptH4HW4022,1.0,1,3,1,
0,0,5.49634575843811,0,644VW80Ih4W_8lT57dCnHAu3021,1.0,1,3,1,
0,0,5.431586027145386,0,888N5fO999xna1Xo8EzSka72654,1.0,1,3,1,
0,0,5.52766752243042,0,2588DwrxR7iNWl5O2r3FLLSK2419,1.0,1,3,1,
0,0,5.421273946762085,0,1206pt-2ozhsCeZeJuJZ11Ii3139,1.0,1,3,1,
0,0,5.434099435806274,0,2173oSldYZR3JLWnzYW3O77H4161,0.0,0,3,1,
0,0,5.542744159698486,0,2960UnXl4G14Yymd8PXaR5Uk3960,0.0,0,3,1,
0,0.09090909090909091,5.866568565368652,0,266732gpl8X-FjP8gjcwzw2z1061,1.0,1,3,1,
0,0,5.603785037994385,0,29552yyd0Gev5Q7THSvvmMm23972,0.0,0,3,1,
0,0,5.48880934715271,0,1023GZ3dln2t0HzaDV2xwSoN346,0.0,0,3,1,
0,0,5.456700801849365,0,2675-gwBiwWZVyjWDUu4p4cd1038,0.0,0,3,1,
0,0,5.537023067474365,0,860q2h_WxoUUCbtkWt_rIm62718,1.0,1,3,1,
0,0,5.489075660705566,0,19734HA-piKOQCj9cOheHeMR2249,0.0,0,3,1,
0,0,5.626662969589233,0,3020ZTgHQCHhDPV1YzPtr7cD3816,1.0,1,3,1,
0,0,5.420331001281738,0,2483B0xaJU5Jx1Cz2l8ywdGS1818,1.0,1,3,1,
0,0,5.677689075469971,0,2237eotzWAE9no45Pa9ifZYj3999,0.0,0,3,1,
0,0,7.257992267608643,0,1489IFn4GWsL1jHdBDB-a94E2035,0.0,0,3,1,
0,0,5.432689666748047,0,2167979S1AzMJxecio9-6zel4180,0.0,0,3,1,
0,0,5.667479991912842,0,933f51SxFqN5EEdYugeQFhF2532,1.0,1,3,1,
0,0,5.428681373596191,0,2147SEz1hmjhUpcGuddz5WUk4231,0.0,0,3,1,
0,0,5.556227445602417,0,2195QSRuAqfW7wcL0yDgHAqi4112,0.0,0,3,1,
0,0,5.392591714859009,0,2127j4vlim-EJ7C9hksd0XEG1429,0.0,0,3,1,
0,0,5.4701924324035645,0,2678lDTDQx4d-wy7YI9o8k621027,0.0,0,3,1,
0,0,5.55188250541687,0,21855lm1aeumxPgLxhAZ4rsM4133,0.0,0,3,1,
0,0,5.490362167358398,0,2654A6DJuqUHYjllfqY66FZQ1097,0.0,0,3,1,
0,0,5.61095666885376,0,2116zZq6HMYtTo0CQinn_k-41459,0.0,0,3,1,
0,0,5.432209253311157,0,134108m1Km6HBkINwlourrYc849,1.0,1,3,1,
0,0,39.19416427612305,5,620K1_aZyohd-7lRb7mTttb56,0.0,0,18,1,
0,0,20.267346620559692,2,2474wQkjUyyx7GnHZpL3Deaq1840,0.0,0,9,1,
0,0.024390243902439022,39.56975507736206,5,11737vcT3qwp_gJxVFslucFe3235,0.0,0,18,1,
0,0,37.23383545875549,5,10361heR9e1kTvvo1NiiW5Ae308,0.0,0,18,1,
0,0,41.06708812713623,5,2606wggZxTDXC27kXBM1nOHp2378,0.0,0,18,1,
0,0.06818181818181818,44.74378156661987,5,2232C9tE6pI8bHZ63YEfofZm4013,1.0,1,18,1,
0,0,43.214463233947754,5,730-sg8DQC7Q6MNsKvBhO3l2800,0.0,0,18,1,
0,0.028169014084507046,42.46090054512024,5,2498Ntl0yuQwIc1zcFl2LEt61786,0.0,0,18,1,
0,0,21.417261838912964,2,1509gKJxAthX1pquVrt7KPXD2002,0.0,0,9,1,
0,0,12.767101526260376,1,1603faGMdBUg02YqijMJnA3w1230,1.0,1,6,1,
0,0,5.8505823612213135,0,657VFHiQ4-7Kz6tz_vms0Uo2985,1.0,1,3,1,
0,0,13.608212947845459,1,2063xkIouWNgoRjOGLoCZ1bE1612,0.0,0,6,1,
0,0,34.72982358932495,4,134108m1Km6HBkINwlourrYc848,1.0,1,15,1,
0,0,20.681269884109497,2,651fsZ9lTWd449M33QOudtw3001,0.0,0,9,1,
0,0,19.55441164970398,2,2977bAR1UUAdut5SZn4bYC9-3917,0.0,0,9,1,
0,0,6.212442636489868,0,30097-Lb9tKHWA_8Z-1p8-LH3842,0.0,0,3,1,
0,0,22.274599313735962,2,2979WuXci60uJEdQnVCd4Xjn3912,1.0,1,9,1,
0,0,5.606515169143677,0,2941qGbMTO0mozvc2N-D8Ll13996,0.0,0,3,1,
0,0,5.517017841339111,0,705nABbOAzpYWFGNrPSDwL22867,0.0,0,3,1,
0,0,5.627885341644287,0,850EvvWq5cM1pQg86O2yHNg2749,0.0,0,3,1,
0,0,5.4805214405059814,0,2052CjMDg4rKssIF2dZJmzem1644,1.0,1,3,1,
0,0,5.6679418087005615,0,1345ag1pnM8TapsP64bzpQa0835,1.0,1,3,1,
0,0,5.484123468399048,0,8800eSsNgilzH8vuQNt4Jml2674,1.0,1,3,1,
0,0,5.626665353775024,0,1001W57bXvzsU7BsCan0XmdL407,0.0,0,3,1,
0,0,5.612783908843994,0,2456mSRZvgWGRhYDDkRPL2f41882,1.0,1,3,1,
0,0,5.530467510223389,0,2391ePMyIq2X1JLq1967u6CY3667,1.0,1,3,1,
0,0,5.652551174163818,0,2718prFY56JKafzui1OKyt46915,0.0,0,3,1,
0,0.1,5.473883390426636,0,2470-I0Ycn3m1ADgtmf8Qlse1851,0.0,0,3,1,
0,0,18.3140652179718,2,2369Df519g_V8jVHWQoP3PG93711,0.0,0,9,1,
0,0,5.6937994956970215,0,20388Up5mLcWdYU-WNmLJdtF1684,1.0,1,3,1,
0,0,5.523917198181152,0,1781sbFFllrurUSJ_Gr41cCI3471,1.0,1,3,1,
0,0,7.3307719230651855,0,11810pNzis8O7iMe4D0TXLLB3214,0.0,0,3,1,
0,0,5.451811075210571,0,1443QN39Ck2EQtKHwrv95Fdo2123,0.0,0,3,1,
0,0,13.679121494293213,1,8800eSsNgilzH8vuQNt4Jml2673,0.0,0,6,1,
0,0.04878048780487805,6.151456356048584,0,1561CHAGkVck74VVUABuSAwY1334,0.0,0,3,1,
0,0,6.2896764278411865,0,2387-M6jRmAUm0dwueCkUyJl3674,0.0,0,3,1,
0,0,6.1405205726623535,0,2503mD8qIsdD1SDE74Qh-IaF1772,0.0,0,3,1,
0,0.18181818181818182,12.648181676864624,1,1795SmUM72qvYEGcEDAoWbE73443,1.0,1,6,1,
0,0,5.4812023639678955,0,1470cJbPNG5jp6U76xnNSz1N2069,0.0,0,3,1,
0,0,5.6057775020599365,0,683qZh2hIeeIAW7sEw3xRoe2916,0.0,0,3,1,
0,0,5.545518159866333,0,1037pwf13W4KYglfjZucyzMr303,1.0,1,3,1,
0,0,5.644132614135742,0,2697v70pWXgc-DSg0veQwf_g973,0.0,0,3,1,
0,0,5.5730931758880615,0,1565GCwUFVbdCdhcZ_GOztSL1323,0.0,0,3,1,
0,0,5.559807300567627,0,676GKGz4YMI2p0rgqxkFts72937,0.0,0,3,1,
0,0,5.685998201370239,0,2554mt4e_yJYeBYxqGIR5ybl2481,1.0,1,3,1,
0,0,5.532639980316162,0,1591ek7O19h74ATqsHjdtFUz1260,0.0,0,3,1,
0,0,6.303765058517456,0,19743Coi1jS_QPbxu2FRk8LC2246,1.0,1,3,1,
0,0,5.5662620067596436,0,954ewPFqe0IjyBJN77y7QiK538,0.0,0,3,1,
0,0,7.379279851913452,0,2602Qiq4iutdiApDxWf40xp42390,0.0,0,3,1,
0,0,5.384061336517334,0,2968C7LlqUnuO2Rpg_LoWMAj3937,1.0,1,3,1,
0,0,5.417706727981567,0,1225RCrAx9wJxpkVXOhgrIVp3081,1.0,1,3,1,
0,0,5.572669744491577,0,596zM0R2OmIzgkB1SbT2GQk121,0.0,0,3,1,
0,0,5.502120494842529,0,988FErcpJAvfdvuXzhk1d2j435,0.0,0,3,1,
0,0,5.698659420013428,0,1230GUOhXat97Yr3ZBs4FTgR3066,0.0,0,3,1,
0,0,5.530194997787476,0,945tBlPoKsnHp4m96z6_5la565,0.0,0,3,1,
0,0,5.486943960189819,0,27385FnxYBX7geCrqoYaZeLD859,0.0,0,3,1,
0,0,5.631763219833374,0,1216KGsfCkgqupDitvDzZvvn3109,1.0,1,3,1,
0,0,5.595319986343384,0,2449MJsvA7muVLQFQ3PIvYxW1896,0.0,0,3,1,
0,0,5.601808309555054,0,655zEoksqfcq2EVZ02Mbw7P2989,1.0,1,3,1,
0,0,5.521992206573486,0,2665gofGzsBk2vSGVSEDt1Hi1068,1.0,1,3,1,
0,0.22222222222222224,5.541039943695068,0,2109VHtyjetCFyDgKOq5r_WJ1480,0.0,0,3,1,
0,0,5.6361329555511475,0,1581PSxQIYeCh0A36EuqcNFg1285,0.0,0,3,1,
0,0,5.560901165008545,0,6863QwKQmripDGXlTBA_dd22910,1.0,1,3,1,
0,0,5.64826774597168,0,1943rxwpWMHzuLw1uSqBn62Q2315,0.0,0,3,1,
0,0,5.561146020889282,0,21505TOXvyl0OGGpW7CAQlAq4225,0.0,0,3,1,
0,0,5.6387879848480225,0,26242_7PGIerv2Q0zGtONaPz2353,0.0,0,3,1,
0,0,7.236531972885132,0,21505TOXvyl0OGGpW7CAQlAq4224,0.0,0,3,1,
0,0,5.4887659549713135,0,677xmZHBoR33brul42LKfZz2936,0.0,0,3,1,
0,0,5.608192682266235,0,2233nOCdB2RiiWVTHevF1XQv4011,1.0,1,3,1,
0,0,5.547109603881836,0,2617kBjHv2oN0nUKO23LlFJL2364,0.0,0,3,1,
0,0,5.590766429901123,0,1175f68nWVOs5WY82yUFRvj63232,0.0,0,3,1,
0,0,5.5601537227630615,0,2973V3Yh88dWwEdfJb_tftSD3927,1.0,1,3,1,
0,0,12.1776282787323,1,683aqqwKP1KduPxIkVF7N9F2918,0.0,0,6,1,
0,0,5.667719841003418,0,26201BkXMvVLir4JL_20wfV12359,1.0,1,3,1,
0,0,6.0690553188323975,0,2118jdsykE0McP5cAZxVpo2d1454,0.0,0,3,1,
0,0,5.976306676864624,0,2517lXXoQUIKbal6xfNNtVAn1744,1.0,1,3,1,
0,0,5.754262208938599,0,908jl25A_Iov80feqJ4evmm2601,0.0,0,3,1,
0,0,5.579080581665039,0,1373md66uV8NUYn6tLcFPoUa754,0.0,0,3,1,
0,0,5.617056846618652,0,24911q_50dkgYzY3pVZJL3Sc1805,1.0,1,3,1,
0,0,5.656294822692871,0,2013gpksQIp23gepFksmpqXj2186,0.0,0,3,1,
0,0,5.598499059677124,0,2208KPJx__8bPSCeN9p1Fi0X4073,0.0,0,3,1,
0,0,5.634390354156494,0,2211Cy7Oahng9F7-H0Oc3e544064,0.0,0,3,1,
0,0,5.567788124084473,0,2647wx3YQTfZqS0kaThBNcMd1114,0.0,0,3,1,
0,0,5.592628717422485,0,15075jeWJyHrflW280qJuH1b2009,0.0,0,3,1,
0,0,7.310321807861328,0,998Con_q4MLI1RfJuY2bKbI416,1.0,1,3,1,
0,0,5.405640602111816,0,579arqEgmuOnA4zj2j7weJ4173,0.0,0,3,1,
0,0,11.23700761795044,1,1798KfLl6KS7V9XT4gra5ItO3437,1.0,1,6,1,
0,0,5.617968797683716,0,1776In5nDr6EiD2h4i0Hjv4f3485,1.0,1,3,1,
0,0,5.523047685623169,0,1944Ec6XPqU4Xy4eSPu6R32j2312,0.0,0,3,1,
0,0,5.5872533321380615,0,857_7Nv3vFr25l0dhIhFy_82728,1.0,1,3,1,
0,0,5.633021116256714,0,2519KkZmS0x5ulGXiZTw1wKR1737,0.0,0,3,1,
0,0,5.5571630001068115,0,2095TnNWtDkF3d8sfPpoIY4z1518,1.0,1,3,1,
0,0,5.6858415603637695,0,992iTR1IjxbLP4VmHcDDPOa424,0.0,0,3,1,
0,0,5.479674816131592,0,1541-Tc1l_CQDW9x1chtv8Gl1391,1.0,1,3,1,
0,0,5.468516826629639,0,1582AZl0hrMFq0o_sdc6NePo1284,0.0,0,3,1,
0,0,5.684941291809082,0,11714vchzsnda6_BXJcN4y-b3241,1.0,1,3,1,
0,0,5.530996799468994,0,708Hy1_nMQxQpRgTmBhJ1IB2858,0.0,0,3,1,
0,0,5.682758092880249,0,17502DSDScCdCbid-xPukm5G3553,1.0,1,3,1,
0,0,5.594935417175293,0,15552yE_F-OkWgqqtdUwPtGF1351,1.0,1,3,1,
0,0,5.684402942657471,0,2231oKXyKiZUC2dpEO9h9RY-4018,1.0,1,3,1,
0,0,5.529281139373779,0,2731HqkZcXQ2ghjXCopBDyf4879,1.0,1,3,1,
0,0,5.472851514816284,0,2508GyO7kZECUGQ3Ln8manrq1763,1.0,1,3,1,
0,0,7.2542829513549805,0,11714vchzsnda6_BXJcN4y-b3240,1.0,1,3,1,
0,0,5.477761507034302,0,1472rUZfzrrFBRkQ2V9Nom352063,1.0,1,3,1,
0,0,5.56472635269165,0,1362BPgQJxJaOhV-CP2tGeBk785,0.0,0,3,1,
0,0,5.4500651359558105,0,2594UqcL6N9Bq7ENoFzW00092405,1.0,1,3,1,
0,0,5.458651781082153,0,2341Q2GfH2MypqPucUYoE69T3776,1.0,1,3,1,
0,0,5.604078531265259,0,2361c-8SrBx2PZDYVGvo5ybn3731,0.0,0,3,1,
0,0,5.622557878494263,0,636bdCEp-ei65RvphUV5kzu8,1.0,1,3,1,
0,0,5.6627516746521,0,1353cuJ2B12zDs0aTs65HC-5813,0.0,0,3,1,
0,0,5.855638265609741,0,9628yTL0M_7Lj--HbvNAKMl514,0.0,0,3,1,
0,0,5.6576104164123535,0,26765i_aQSNS1WuOSbksxa7p1034,1.0,1,3,1,
0,0,5.547665119171143,0,1615r-Z6NuO6cx_SWYHnunxF1195,0.0,0,3,1,
0,0,5.6398210525512695,0,1168kp5b9nrZxT84IBjU96zK3248,1.0,1,3,1,
0,0,5.659453630447388,0,2186_FLLcoz_UzJCVTV21EaN4129,0.0,0,3,1,
0,0,5.544958591461182,0,729mxVBV4LVflnVcZxNyg-P2802,1.0,1,3,1,
0,0,5.6572394371032715,0,1565GCwUFVbdCdhcZ_GOztSL1322,0.0,0,3,1,
0,0,5.504541873931885,0,2715dw_ZC1DahbCczlDe5Yi7926,0.0,0,3,1,
0,0,5.434729099273682,0,14704QRXB2pWMRJUNrhyXKDZ2068,0.0,0,3,1,
0,0,5.730579614639282,0,2983UePrdFo_KyuxMZVfMyOL3902,1.0,1,3,1,
0,0,5.520064115524292,0,1354mCWTp9JbO_9CEDgtcsqF809,1.0,1,3,1,
0,0,7.280911445617676,0,66808P9Oq5Ku-ZS0_3Jlrau2955,1.0,1,3,1,
0,0,5.429896116256714,0,15314QMC--BggOkyoE34_Rfc1943,1.0,1,3,1,
0,0,5.465273380279541,0,1998tYHxV4GeHjIVsXiSo8Hr2212,0.0,0,3,1,
0,0,12.857474088668823,1,25102SwtlRVEiwDcKTiJMvjz1760,0.0,0,6,1,
0,0,5.602733135223389,0,5527xlxOUT-22yChZ-JdcpK252,0.0,0,3,1,
0,0,5.510793209075928,0,1597nEqmtOHPo0XoNSnISrKk1244,0.0,0,3,1,
0,0,5.73887300491333,0,957C6c8UBXNxelvZ_YavK28529,0.0,0,3,1,
0,0,5.498558282852173,0,2123OTmL8FamXbZSNs3_HwHe1441,0.0,0,3,1,
0,0,5.926782131195068,0,1739w6-1RejjBE98uefpWvmD3585,0.0,0,3,1,
0,0,5.631557941436768,0,2985dy6AZ8KVp-M-A7SQvT8F3898,0.0,0,3,1,
0,0,5.517442464828491,0,1550GzjCBajsuSw_Bnhtl8WB1366,1.0,1,3,1,
0,0,12.670403957366943,1,1343QtMvat2gfyOpKcj4hGQk842,0.0,0,6,1,
0,0,5.580458164215088,0,2421v8dCeaZg9Ymh8vP7GbpI3612,0.0,0,3,1,
0,0,5.510847806930542,0,9171SqPvS4Y9VVB9rn93Vi-2575,1.0,1,3,1,
0,0,5.421957015991211,0,984xM8OB5gvxHsdQmn1r-8F447,1.0,1,3,1,
0,0,5.65103816986084,0,962NqL5Nn7k-2hfELK_z0pe513,0.0,0,3,1,
0,0,5.580110788345337,0,1361l3EW8F-mTJt_YdXPsqHd787,0.0,0,3,1,
0,0.04347826086956522,8.01235032081604,0,1754c4L39ZzzXq71ZehR_uoC3542,0.0,0,3,1,
0,0,5.389009952545166,0,2101NmIr2aqU_7v2eE_aidH61505,1.0,1,3,1,
0,0,5.353727102279663,0,584OsnQDPEfdT3D-biv4Yg2157,0.0,0,3,1,
0,0,5.586040019989014,0,3010SprKLAHdowqTjGRQOf4i3838,0.0,0,3,1,
0,0,5.4523701667785645,0,665rw55Ie4DPe0sqY77puig2964,0.0,0,3,1,
0,0,5.816014766693115,0,1835FSurGzklPJM4MCko7da83344,0.0,0,3,1,
0,0,5.448039293289185,0,2443eTrLtv9UbuEE_nR7dCeV1909,1.0,1,3,1,
0,0,5.588017463684082,0,2536UpX9Bg_Y08DDNzXdFiU_1689,1.0,1,3,1,
0,0,5.421405076980591,0,2186ULHrp_lvPj5LDBoeTtdH4130,0.0,0,3,1,
0,0,5.4724204540252686,0,578M9mlC9utfrcwX6F1l7Jn174,0.0,0,3,1,
0,0,5.661221981048584,0,2070ak7o05iYQKrCn9M9TwT31591,0.0,0,3,1,
0,0,5.641566514968872,0,2476jZQD7x5reworgE-JOi2N1834,1.0,1,3,1,
0,0,5.6360108852386475,0,992iTR1IjxbLP4VmHcDDPOa425,0.0,0,3,1,
0,0.05555555555555555,6.555489540100098,0,1617DSC5R_p9RerIchibaVxE1187,0.0,0,3,1,
0,0,5.449625730514526,0,1621kehREtB2jwFxfLSb5njd1177,1.0,1,3,1,
0,0,5.687002897262573,0,2961ZnbcPJCiADt4D4VSwFvF3956,0.0,0,3,1,
0,0,5.588493347167969,0,2714bDI6fIAZBhgsB3LbtItA929,0.0,0,3,1,
0,0,5.642446041107178,0,3018kZFSgaadxi0PtYR3mhFH3819,0.0,0,3,1,
0,0,5.514083385467529,0,694HnOVoSnpyv6ljVHWDfeS2889,1.0,1,3,1,
0,0,7.468800067901611,0,102860x28lgIYl08vHuvaK5q331,0.0,0,3,1,
0,0,5.494597911834717,0,2204OywqClhMtfHv_617FgzA4087,0.0,0,3,1,
0,0,5.482492446899414,0,1801GMGqWYEBcwKtk36fM4SD3431,1.0,1,3,1,
0,0,5.913331985473633,0,2639Y4u-Qqri_Ci3GGBQDl9U1134,0.0,0,3,1,
0,0,5.437665224075317,0,2686JOWKciP4s6sWuWPuyo-d1005,0.0,0,3,1,
0,0,5.61762547492981,0,1447OPmuJcT_JIwnw1TrzHrh2118,0.0,0,3,1,
0,0,5.547801971435547,0,1539fARKnR7H8s-gfUpW2rn21395,1.0,1,3,1,
0,0,5.489428281784058,0,907CG6Y0hTOIf2iMApGkPO72605,0.0,0,3,1,
0,0,5.551368236541748,0,2208FuW7GAKFmCyvVin50esl4074,0.0,0,3,1,
0,0,5.412683486938477,0,570lPdM0wYkCW3--bgqWmPv199,0.0,0,3,1,
0,0,5.593818426132202,0,2072z7yPHGlbkEuIidU7ws1C1584,1.0,1,3,1,
0,0,6.343071222305298,0,26276wka1rfL0BiynIYM718e2345,1.0,1,3,1,
0,0,5.68846583366394,0,1426fuexC-Dh-eLxD0l5Qoty609,0.0,0,3,1,
0,0,5.5600666999816895,0,2695ZPNMDXJVWkSpBsIvWP2e979,1.0,1,3,1,
0,0,5.496870756149292,0,2505FyMeBIza_lW5D_Zn1Sgx1769,1.0,1,3,1,
0,0,5.688836574554443,0,1741XjQ2QM-7GtyfQYYY_fET3580,0.0,0,3,1,
0,0,5.487492561340332,0,561RShlPGzCfUPZQrUdWiIe227,0.0,0,3,1,
0,0,5.694127798080444,0,1034epoawfzg9BJTz2Ca4vrd314,1.0,1,3,1,
0,0,5.547698736190796,0,17796ulGE45jPxE9l8aLA4HP3476,1.0,1,3,1,
0,0,7.294166803359985,0,1412q4IJJSwEUFoUq8DN4pFZ650,0.0,0,3,1,
0,0,5.472152471542358,0,1390o9_Ny0o9guZOaXj0sbu7710,0.0,0,3,1,
0,0,5.667044401168823,0,543zehgCplVJZaqw9cOuxgf279,1.0,1,3,1,
0,0,12.202004671096802,1,1141-c26SVoXDsoOKAlJ_rik3328,0.0,0,6,1,
0,0,5.559692859649658,0,1983xyRNnTqnmKy_BKrNn_4L2234,0.0,0,3,1,
0,0,5.522571802139282,0,20135j_uI6Pa4xYoAfhT5RFW2185,1.0,1,3,1,
0,0,5.509058475494385,0,1435rs_1B10Z6zpwn_c2KbLB588,0.0,0,3,1,
0,0,5.567848443984985,0,2653pTmwhjVfxT1gFxGr49qQ1099,1.0,1,3,1,
0,0,18.659270524978638,2,2608eLuQvx4PuZ3GmN9QGr8z2370,1.0,1,9,1,
0,0,202.79899787902832,5,9567FV5fK_9tjWGUSOCiJM4532,1.0,1,18,1,
0,0,45.98463439941406,5,1823OCTxsYW2VwXgoqBEFKRB3380,0.0,0,18,1,
0,0,45.801830530166626,5,1482g7oHtVvZqKuuTZk40k9M2045,0.0,0,18,1,
0,0,44.241637229919434,5,23400fYXPU8hPMma1dgBlkCK3779,0.0,0,18,1,
0,0.025641025641025644,44.92541313171387,5,2356xnurKXc7ANXfRPTMqta_3741,1.0,1,18,1,
0,0,39.610435962677,5,989BVy7A3ta2RwmPxZ1Xrzc433,0.0,0,18,1,
0,0,41.10088014602661,5,21855lm1aeumxPgLxhAZ4rsM4134,1.0,1,18,1,
0,0.06896551724137931,41.53523921966553,5,2640qGTRBDkuytVF7DgH9rac1132,0.0,0,18,1,
0,0,39.312376976013184,5,2220XTBfWE1kd1k80pKd_SFk4046,0.0,0,18,1,
0,0,44.00958323478699,5,1484LBCjE9GGNK0dm10EyT1L2042,1.0,1,18,1,
0,0,42.20420455932617,5,2166esJlNv4Wy062Kf9ux_964182,0.0,0,18,1,
0,0,38.851669788360596,5,1165vJ-Wr8WinYRSX1Q9stZi3257,0.0,0,18,1,
0,0.1,40.315075635910034,5,2654A6DJuqUHYjllfqY66FZQ1098,0.0,0,18,1,
0,0,5.5605363845825195,0,2993JuZ1oPVxXbMKQ5CDMb_03879,0.0,0,3,1,
0,0,5.491973400115967,0,2671C6-T0tPIF_eRNZCOcYji1050,0.0,0,3,1,
0,0,5.630017280578613,0,14796ofVvIsqSw1T0yJIXV-e2051,0.0,0,3,1,
0,0,5.673252820968628,0,30373EtKFN1zd5WPODueptSp3787,0.0,0,3,1,
0,0,7.468595027923584,0,2544eSHJS5zzqCGOgk7Ye0SF2500,0.0,0,3,1,
0,0,5.389738082885742,0,2587B35iCZ4McbnvBlBd7adK2421,1.0,1,3,1,
0,0,5.40533447265625,0,9213Z63XI7LzEYgX3C6x0dw2562,0.0,0,3,1,
0,0,5.4915854930877686,0,2530fo_aPuaSJ-EY05R9trs51703,1.0,1,3,1,
0,0,5.8930134773254395,0,23650GFefFLGJfbuvjWASh6g3721,1.0,1,3,1,
0,0,5.845238447189331,0,9060M-eUQVT4tdQgPtZ-brd2607,1.0,1,3,1,
0,0,5.469510078430176,0,3038uk1Q8NYktJIx4u5Dtq-43786,0.0,0,3,1,
0,0,5.60707688331604,0,887_9o_cHqtY2M45BDABDVl2657,0.0,0,3,1,
0,0,5.494070529937744,0,1344XccXLOM5JOB3u2zXEXnU838,0.0,0,3,1,
0,0,5.4726479053497314,0,2151FyvnA441-0KcveL6NhEg4222,0.0,0,3,1,
,,,,2374SSI1oS9XmyEgbmaPIMGm3700,,,,,Ollama request exceeded timeout limit for model stable-qwen with error: timed out
0,0,5.540542125701904,0,1580Swc8yb1vcok9FztLAWLx1289,0.0,0,3,1,
0,0,5.642437219619751,0,1227KkNbIayUtdm3fDCsgi_R3074,1.0,1,3,1,
0,0,5.514759540557861,0,2487r0FlOaT0cxfdf86hPkP-1812,0.0,0,3,1,
0,0,5.568276405334473,0,2578y9zD7QdiguEv3Qrdgam-2439,0.0,0,3,1,
0,0,5.802739143371582,0,2522E6U2hOb5WtI8vVLyVfMP1727,1.0,1,3,1,
0,0,5.587353229522705,0,1605V68g1ARg__hMabvQP1me1223,0.0,0,3,1,
0,0,5.680657625198364,0,1138CmWVAsyJiAlk5YMGolJH3337,0.0,0,3,1,
0,0,5.594346761703491,0,1546DCalUExqBzLjIbfKVwJ-1374,1.0,1,3,1,
0,0,7.291982173919678,0,1551RTdCvKw-4XSQDEMwDw8W1364,0.0,0,3,1,
0,0,5.478274822235107,0,1596hz1gsYK5o6xA9WxD8x5Q1247,0.0,0,3,1,
0,0,5.445458889007568,0,2141Z5HcTv8ZIc2Hpqm-HQoq4249,0.0,0,3,1,
0,0,5.685647487640381,0,1512f5HEXhPfS3cf7nh-tboG1992,1.0,1,3,1,
0,0,5.4109947681427,0,8486FcfpGKVx1trsy0PGkDp2754,1.0,1,3,1,
0,0,5.5925633907318115,0,2353oF79-Zc0tRIFC0bsyHCL3751,0.0,0,3,1,
0,0,13.790739059448242,1,1398tbxE6rw4tRvgrp1PnRa7693,1.0,1,6,1,
0,0,6.361826181411743,0,14953SpgE208tpp7exNPc2yN2028,1.0,1,3,1,
0,0,6.2232866287231445,0,2716pyHs3Lb2MevKvsruRxpf921,1.0,1,3,1,
0,0,6.3930628299713135,0,2527_1gwPfkH0sI_fNYkRULn1714,0.0,0,3,1,
0,0,6.3468406200408936,0,1953bg5H8M8IKcos6Zpr7rJ82289,1.0,1,3,1,
0,0,42.385900020599365,5,2674p_1et1WpagnOWpkhuCFF1039,0.0,0,18,1,
0,0,43.742425203323364,5,1775dGCKacaEaf4vXnKBh4Rd3488,0.0,0,18,1,
0,0.075,42.63358783721924,5,879e8JaFZiS1bIPJKfr-NO82676,1.0,1,18,1,
0,0,42.2166428565979,5,2054dYaTbGXvuHEu9KAgglUa1639,1.0,1,18,1,
0,0,43.247700691223145,5,939UKiLhBxA_KgLZ3hrXrJ0584,0.0,0,18,1,
0,0,40.0112407207489,5,575_whZmLvyvEEXouWkoc8Q184,1.0,1,18,1,
0,0,24.092190980911255,3,1833mBAvNL7f3ZCmej5PwbdX3352,1.0,1,12,1,
0,0,5.513518810272217,0,260778F0v0DAsxDp5cLyPs1O2375,0.0,0,3,1,
0,0,5.74848484992981,0,5727w28zIiNblkHmyplKA2z192,1.0,1,3,1,
0,0,5.740219593048096,0,2641luCyIUQH3LALHIuyhbkM1128,0.0,0,3,1,
0,0,5.551605701446533,0,2605EHUeu9PLnQV7xV85uEAC2379,0.0,0,3,1,
0,0,14.998442649841309,1,1001W57bXvzsU7BsCan0XmdL406,1.0,1,6,1,
0,0,11.597289800643921,1,2074kJ6tj7m3dUealDR0iSOG1580,0.0,0,6,1,
0,0,5.5980048179626465,0,580nH6LvFdvuQbuzorAxkmf168,0.0,0,3,1,
0,0,12.23572564125061,1,638byj_HJNZPUDnv8F8TRia3039,0.0,0,6,1,
0,0,5.602551460266113,0,2589xXJabxuTAbaSikLKRb-g2418,0.0,0,3,1,
0,0,5.581093072891235,0,839nusntKDajSx2255RhZPf2780,1.0,1,3,1,
0,0,5.649001598358154,0,689K_UtF9KosnX3zeO2E8S92903,0.0,0,3,1,
0,0,5.480644941329956,0,582uj-O_p2agIMaKLfVvt9q164,1.0,1,3,1,
0,0,5.7003583908081055,0,1781sbFFllrurUSJ_Gr41cCI3472,1.0,1,3,1,
0,0,5.833570957183838,0,1227qM25lwDT1HffYX7Q27LJ3075,1.0,1,3,1,
0,0,5.705593824386597,0,593JhF3rLLX0PCam0j2bU_P129,1.0,1,3,1,
0,0,5.916113615036011,0,1977SlMmmlMBkQchcn7LpKOP2240,0.0,0,3,1,
0,0,5.844501256942749,0,1770rj6GQbTCC5Whkc2stQVr3495,0.0,0,3,1,
0,0,5.712205410003662,0,2228Tic033jedplc8b6Uf0fN4027,1.0,1,3,1,
0,0,5.533487319946289,0,1177fONE_RDqWcxNV6IGBc0e3224,0.0,0,3,1,
0,0,5.566300392150879,0,2086nxujZtZ3z2hM1YJJosdX1544,0.0,0,3,1,
0,0,7.392443895339966,0,1745gouL95j9WGSnTgRSoegw3568,0.0,0,3,1,
0,0,5.556454420089722,0,1513e32PRGagyhaNmp__k3W51990,1.0,1,3,1,
0,0,5.531309127807617,0,2394bND9migU-q64-anVISkT3661,0.0,0,3,1,
0,0,5.4944703578948975,0,1156df4-3lXjk7sDVJcyLHlO3282,0.0,0,3,1,
0,0,5.590869903564453,0,15230_0x3zw-YpnxYNbwt3Hc1964,1.0,1,3,1,
0,0,5.6854941844940186,0,1153qNeYaWgsWaP4fPq6Tjjm3290,1.0,1,3,1,
0,0,5.70129132270813,0,2130hnFIfjAqoSjF4izSr4Sg1421,1.0,1,3,1,
0,0.18181818181818182,5.656296253204346,0,850EvvWq5cM1pQg86O2yHNg2748,0.0,0,3,1,
0,0,5.58161735534668,0,209479ecAuID6IOsgZlZzFI71521,0.0,0,3,1,
0,0,5.794813394546509,0,24874ZExUiMVxjjNDRJVHXGS1813,0.0,0,3,1,
0,0,6.210762977600098,0,597fEYgqbkB93zL9E-hqzfg118,0.0,0,3,1,
0,0,5.559537410736084,0,2421aPJOo5UynG4APVgasKa53614,0.0,0,3,1,
0,0,5.837633848190308,0,18252TF4EJnWkvDxaV45VI1B3375,1.0,1,3,1,
0,0,5.697333097457886,0,2205ENHOPLj9Z8oxm2fYD6lB4084,0.0,0,3,1,
0,0,5.721314907073975,0,1615MK6ZFfIs7IFCYW4172gB1193,0.0,0,3,1,
0,0,5.61167573928833,0,1453zJFuwlSehscZJwrQDmDL2108,1.0,1,3,1,
0,0,5.582476377487183,0,2351DjvHEkUCiDFMzqJ9zMhH3754,1.0,1,3,1,
0,0,5.724846601486206,0,2605xGWRPmjAX3zTTpbG5G9l2381,0.0,0,3,1,
0,0,5.5482330322265625,0,1768-UuFG072H5O8Xrou6GUN3502,0.0,0,3,1,
0,0,32.7248477935791,4,2231oKXyKiZUC2dpEO9h9RY-4017,0.0,0,15,1,
0,0,5.694981813430786,0,727txM-u642lp8qZYKtzIpe2807,0.0,0,3,1,
0,0,5.6747801303863525,0,2081wGIIBL_5uHYg2-zjVmIl1558,0.0,0,3,1,
0,0.13333333333333333,5.618332624435425,0,548Bj6ddRdZ8SW-Zzx6iTxc266,0.0,0,3,1,
0,0,5.543044090270996,0,145680wJT2OEc4U1fHPyTYZE2102,0.0,0,3,1,
0,0,5.585285186767578,0,1016CUBKrFMJ-UTMJxunATzk367,1.0,1,3,1,
0,0,5.6435933113098145,0,586KitV3SprRbS0Gf9jJzYW152,0.0,0,3,1,
0,0,5.527450084686279,0,2735DkgI5gkdGxPwuyGQ7JAD869,1.0,1,3,1,
0,0,5.7023913860321045,0,1430c-EOOP47sw8eHQFzvYMg598,0.0,0,3,1,
0,0,5.5528059005737305,0,846dI6s8NANbI0cXEx7WJXa2761,1.0,1,3,1,
0,0,5.702358245849609,0,2085feZV_pGZO7tqB0IDQrNw1547,1.0,1,3,1,
0,0,5.772364139556885,0,1541LwNBuKx3059aO01FudyY1389,1.0,1,3,1,
0,0,5.472387790679932,0,11547MyYfAO2SJjFtK6lH5ci3288,0.0,0,3,1,
0,0,5.705991268157959,0,2203MPjw7wTHX4rxoiofFaQy4090,1.0,1,3,1,
0,0,5.5388100147247314,0,2988TQKy1nIs2XH8-mdMN3js3889,0.0,0,3,1,
0,0,7.823647975921631,0,952q3wHt8L32hYlTJgOO2ea543,1.0,1,3,1,
0,0,10.985191583633423,1,1942fMXkD48PYS9_snttkRcW2318,0.0,0,6,1,
0,0,5.659204721450806,0,1745gouL95j9WGSnTgRSoegw3569,0.0,0,3,1,
0,0,5.572305202484131,0,3009H9M_TNpQCxuXCdfB9kCI3841,0.0,0,3,1,
0,0,5.636993885040283,0,1200iD_TbPSqREfeM3ey59wU3155,0.0,0,3,1,
0,0,5.520807981491089,0,554G0DwZ6uy9_I1JG9mFLZL246,1.0,1,3,1,
0,0,5.611347436904907,0,939UKiLhBxA_KgLZ3hrXrJ0583,0.0,0,3,1,
0,0,5.465739965438843,0,839Rfna-iwatxiFQqrCYY0U2781,0.0,0,3,1,
0,0,5.4710187911987305,0,5657UgoubyECldzVKmY9qmK214,0.0,0,3,1,
0,0,5.651541233062744,0,29814YmrvhgM84gEBT0lVxvw3907,0.0,0,3,1,
0,0.16666666666666666,5.4573328495025635,0,1632HqbVUHPq0ZhZ1rZNsIer1152,0.0,0,3,1,
0,0,5.7823755741119385,0,2978hzn_PZEX4hqXSKHGaNOE3915,1.0,1,3,1,
0,0,5.525780916213989,0,2211wsW8oNaSRcLGzwyfLWhi4065,1.0,1,3,1,
0,0,5.496803522109985,0,908xdqRRkv-zVIZg3ud9_Ve2600,0.0,0,3,1,
0,0,5.751638174057007,0,2688HW0oYt08dER6A8d66xBp999,0.0,0,3,1,
0,0,5.776305675506592,0,1378ks8fL5T0PZyVfKqdb0iq744,0.0,0,3,1,
0,0,5.877544164657593,0,29642huIUFSLiW4Z-VzxmaQN3948,1.0,1,3,1,
0,0,6.076956272125244,0,1017eL2V6EaaC3mujb7yaHfb365,0.0,0,3,1,
0,0,7.357228755950928,0,2128s7UxQvwrQLv520cobspK1425,1.0,1,3,1,
0,0,5.42399263381958,0,1568HYHlm_FxJX3M17z-eEGK1313,1.0,1,3,1,
0,0,5.548889398574829,0,1000oBQNQPnj4fxpXtFV1g0J410,1.0,1,3,1,
0,0,5.636840581893921,0,1567MCg4A4v6mUllF_u88ECY1315,0.0,0,3,1,
0,0,5.523853540420532,0,1170ckd0uh4YAd-bKWZ_EFml3244,0.0,0,3,1,
0,0,5.883671760559082,0,2623shbw3gotPnV5E6lvICWY2354,0.0,0,3,1,
0,0,5.554562568664551,0,1033Dt_nnXnaknyIGfmAyPvx316,0.0,0,3,1,
0,0,5.57391619682312,0,2491D5tYpL-3yfqE2nj5QqpY1803,1.0,1,3,1,
0,0,5.841048240661621,0,2542R6iFUQ8O7GJYAaso2x7o2505,0.0,0,3,1,
0,0,5.620839834213257,0,2943AMenEB3qMlqiQp1qO1LL3990,1.0,1,3,1,
0,0,5.598711967468262,0,2089F_XURZ9rHNynDA6Fk8kX1535,0.0,0,3,1,
0,0,18.478142261505127,2,644XSfdx_-UeEKT5wI-qFNi3020,0.0,0,9,1,
0,0,6.050920248031616,0,1363vktTqXoQ53guY-ds-40F782,0.0,0,3,1,
0,0,17.59171485900879,1,1566GrfvtQHA0o-4EBsVEj541320,1.0,1,6,1,
0,0,5.677372455596924,0,619TPd5jEymGsYMQLGFu97J59,0.0,0,3,1,
0,0,5.609589099884033,0,2952PxQzPl1weI5LywNnDB1I3978,1.0,1,3,1,
0,0,7.688808441162109,0,2442Qnq15H_ylz9SkgCBZcsE1913,0.0,0,3,1,
0,0,5.565082550048828,0,654kwApE8QgqJ8tbK-mNN-_2992,1.0,1,3,1,
0,0,5.449918270111084,0,1002KIt7Nu7ZfjA3Xcxpj97S297,1.0,1,3,1,
0,0,5.613155126571655,0,1378FVemXRFOIu42MyzpJqK-742,0.0,0,3,1,
0,0,5.540951490402222,0,11978_NZ80-7iblXNygjG5Mj3166,0.0,0,3,1,
0,0,5.658208608627319,0,950XV0yV8Nv3fzrlN4Kqx8l549,0.0,0,3,1,
0,0,5.541910648345947,0,2210pb1OBuEFnf38HXMK9cDk4067,0.0,0,3,1,
0,0,5.555137395858765,0,988aqEFeThHG5fa_FOI-9nu436,0.0,0,3,1,
0,0,5.731456756591797,0,2091kDMDjhUS9p5SR35iSJSB1530,1.0,1,3,1,
0,0,5.43009090423584,0,1546qtYa8CJzD3uH6TiJXvze1376,1.0,1,3,1,
0,0,5.629182577133179,0,24726EVZOTD_h6siRGcBY7421847,0.0,0,3,1,
0,0,5.557292938232422,0,675_FqvNQZTBsCZpYPH5nqZ2940,1.0,1,3,1,
0,0,5.536511182785034,0,1481lRxKJ4SCFwVtDawsQTQ52050,1.0,1,3,1,
0,0,25.306700229644775,3,895k7Ew0cYqIMSeug0izAue2639,1.0,1,12,1,
0,0,14.121017456054688,1,1589mo7D-joKXh635Vo4Jd911265,0.0,0,6,1,
0,0,5.510032892227173,0,2368ntygnzFhoyFjtl0dQR5j3714,0.0,0,3,1,
0,0,5.655145883560181,0,1387YoNwFgU_hCV3WDkM6HFk719,1.0,1,3,1,
0,0,5.473405838012695,0,2107a4gQhq9F4QB4GLnMXPaW1488,0.0,0,3,1,
0,0,5.596846342086792,0,933qJ_cJ76FwsBPiiLu0Xrq2531,1.0,1,3,1,
0,0,5.613897085189819,0,1963LYeJkFeQGNvt6xtitv6o2269,0.0,0,3,1,
0,0,5.577381134033203,0,849q68W7IxX8-DQe5gM8Mee2751,1.0,1,3,1,
0,0,5.720079660415649,0,2478ulEtsZsxkcgly7IxV7jm1829,0.0,0,3,1,
0,0,5.536844968795776,0,981F93-pjjKms7jx4e2JVzV457,0.0,0,3,1,
0,0,43.528024435043335,5,1211dK689o_XIpcycpxIDkq73123,0.0,0,18,1,
0,0,38.76377487182617,5,2349W1NLUpl_WH7i4VoPLqnU3760,1.0,1,18,1,
,,,,1184IFWR2g9AMga2310WLeh-3203,,,,,Ollama request exceeded timeout limit for model stable-qwen with error: timed out
0,0,37.75532054901123,5,544X_IXXl6r0vsnj8_6w-DC276,0.0,0,18,1,
0,0,37.12618088722229,5,25102SwtlRVEiwDcKTiJMvjz1759,0.0,0,18,1,
0,0,21.019081830978394,2,976KjGSHiXVJquk0v7AoM1M472,0.0,0,9,1,
0,0,6.149435758590698,0,1969B-l4yMGmpCrAYhYnUn2f2256,1.0,1,3,1,
0,0,6.551286697387695,0,609MyQ372LLBdo0DkE0M__Y86,1.0,1,3,1,
0,0,6.23430871963501,0,25344_c4EKxXkhoNEuEogKpb1694,0.0,0,3,1,
0,0.047619047619047616,6.252269268035889,0,2643UpH1vcnmDtWFzogLQYIY1124,0.0,0,3,1,
0,0,37.127514123916626,5,721VypFcthFDdl_lwMk-Dld2825,0.0,0,18,1,
0,0,6.00283670425415,0,630KO8LeHoKQQj6c-87zNrm25,0.0,0,3,1,
0,0,5.646082639694214,0,2942BxApb_UbjTvQ96MuGzKL3992,1.0,1,3,1,
0,0,5.539566278457642,0,1212hhFWBwzJe1lv_Eg5jMV43121,0.0,0,3,1,
0,0,5.646459341049194,0,5460SSbREtZ85AA4OPt7HWf271,1.0,1,3,1,
0,0,5.888317584991455,0,1478tvkHc8K4YOVkppLRsZg02053,0.0,0,3,1,
0,0,5.574287414550781,0,26881eBzp0z_d9DKF9jbPHdz997,1.0,1,3,1,
0,0,7.316075563430786,0,2966PxwWVFmyQuTm3V_AixtQ3941,0.0,0,3,1,
0,0,5.416767120361328,0,3024vebeD9iQI76TQyghore-3809,1.0,1,3,1,
0,0,5.6124444007873535,0,156057Z3OOwBTdwP-hDQ9L4U1338,0.0,0,3,1,
,,,,1183U1zI1TbGdaZR1adOMYQM3208,,,,,Ollama request exceeded timeout limit for model stable-qwen with error: timed out
0,0,6.100536584854126,0,1002OYjKgvY_WrTVyv0BBUq7299,0.0,0,3,1,
0,0,5.732629776000977,0,606roVNp96vZ78RGlrTQ53w93,1.0,1,3,1,
0,0,5.926307916641235,0,6431yy3yc3FNPTLXLaeEuNd3023,0.0,0,3,1,
0,0,6.0843048095703125,0,11881tCMe4yHOSjaL320WzSI3192,0.0,0,3,1,
0,0,5.504663705825806,0,1438pakrvpuzI9RRVwHckRIx2138,1.0,1,3,1,
0,0,5.575988292694092,0,3017aHeDCc1uLRI2rnBry2uw3824,0.0,0,3,1,
0,0,5.706385612487793,0,654kwApE8QgqJ8tbK-mNN-_2991,1.0,1,3,1,
0,0,5.567524671554565,0,1988Igeg6-NlxrBYydVdXS7P2222,0.0,0,3,1,
0,0,5.751299619674683,0,1425TtGxf2tlcnPvhwxputXV613,1.0,1,3,1,
0,0,5.5911173820495605,0,2376Yb5AiC3i4WBM8VzRNZY73697,0.0,0,3,1,
0,0,5.651071786880493,0,1397uK17KbqMDLHfC2NAWiR6695,1.0,1,3,1,
0,0,5.542816162109375,0,25892BdyogDeDaH4qKuHuejD2416,1.0,1,3,1,
0,0,6.636277437210083,0,617Cr5Di8JK77DxoWqJstg063,1.0,1,3,1,
0,0,5.735846042633057,0,1030cFCd9o4jSm3pwYZj572K325,0.0,0,3,1,
0,0,5.60931134223938,0,1023T61MYdUxsFVCRfnKl5B0345,1.0,1,3,1,
0,0,7.526136636734009,0,2026zJrmduCm9hHKpRPQmbO92161,0.0,0,3,1,
0,0,5.465065956115723,0,700tmK8lIDPegKV5YWqGaiF2879,0.0,0,3,1,
0,0,5.443773984909058,0,2551pxDvmDEe_JDrvTqX24D22487,0.0,0,3,1,
0,0,5.5951292514801025,0,2444VM3M-Xnaa4T5rEXxP45X1907,0.0,0,3,1,
0,0,5.611171722412109,0,2154XCCxKaIJfCwnJBnIB3GZ4212,0.0,0,3,1,
0,0,5.83199143409729,0,9901bDIlgQKtM_dfl7Uf_OW430,1.0,1,3,1,
0,0,5.557281255722046,0,17985Atzpv_Cl5kZaV6I1DDD3435,1.0,1,3,1,
0,0,5.69208836555481,0,2459yGIZYbTkrltaJKti9_A91874,0.0,0,3,1,
0,0,5.529247760772705,0,2954-VZXI9P-GsKgXpM-SeBu3974,0.0,0,3,1,
0,0,5.484103441238403,0,1368uHWjPP6hjmEyI0Uea54f767,0.0,0,3,1,
0,0,5.644176006317139,0,733LbQvJbQviVsKR9L4LKL42794,0.0,0,3,1,
0,0,5.566028118133545,0,1965XlnqIGyuwSvdQjdZBJ8t2263,1.0,1,3,1,
0,0,5.655362129211426,0,915d8Oia461zr-zFU7YlBFP2579,1.0,1,3,1,
0,0,5.609656572341919,0,873MgMnuCFZMazeJj3xQgmP2691,1.0,1,3,1,
0,0,5.751966953277588,0,2399XuEIJxgcgTMpsR30h5fe3650,1.0,1,3,1,
0,0,5.616907119750977,0,2068uWPVT6KFb2RlmGRQ3Gd11596,1.0,1,3,1,
0,0,5.583811521530151,0,2053DCa4BLCC5EEQ8l7BVnnp1642,0.0,0,3,1,
0,0,5.680251359939575,0,2372wmeJzVxcbD7y5WKCYxFf3706,0.0,0,3,1,
0,0,5.545496940612793,0,1343aQ-H4pOOQAkzk_nGqXjS841,1.0,1,3,1,
0,0,7.3715527057647705,0,608gV4102XR4M0gHYWcFHGa87,1.0,1,3,1,
0,0,5.922597646713257,0,1938GA7QJ14ul7rDZvw7Nb9o2325,0.0,0,3,1,
0,0,5.534492492675781,0,2386OzyZ6cB3KyNaABd4tv5Q3677,1.0,1,3,1,
0,0,5.588515281677246,0,682I2vidJcfbbqgpGrTK1XG2920,0.0,0,3,1,
0,0,5.769217252731323,0,1163WM0PVD9qbxkmDaQOIW7Y3264,0.0,0,3,1,
0,0,11.150569200515747,1,1952E_c11l4SYGwOptcc2H_t2293,0.0,0,6,1,
0,0,6.105445623397827,0,20197usgJIJQ8MWVNmERwalT2177,1.0,1,3,1,
0,0,6.237240314483643,0,2073z-IROD_SxTTIHVa0x2-Q1582,1.0,1,3,1,
0,0,5.635123252868652,0,555nDtJus6avaCXIDI-gkXA243,1.0,1,3,1,
0,0,5.818507194519043,0,1431LwnZzI0C2DsQ2UrzmNgf594,0.0,0,3,1,
0,0,5.845459699630737,0,895GTgHWgOsJfWGzfuk0cBw2640,1.0,1,3,1,
0,0,6.104290246963501,0,2046GP7dC5MYUxEjhVaMxjWJ1659,1.0,1,3,1,
0,0,5.51155948638916,0,2499V-2FlPo6WVsoWpisdH6C1784,0.0,0,3,1,
0,0,5.555269956588745,0,23386xE0NbvZWVPZakM8re8C3784,0.0,0,3,1,
0,0,5.683923721313477,0,2391ePMyIq2X1JLq1967u6CY3666,1.0,1,3,1,
0,0,5.584917783737183,0,979hdglxJn8R-0hBhG7P5nM464,0.0,0,3,1,
0,0,5.711536169052124,0,2067uWqaniNc-8EtEG0cv8d01599,0.0,0,3,1,
0,0,5.586477756500244,0,1208ZxTFiASsvA8kMOYqhRyK3133,1.0,1,3,1,
0,0,7.270130395889282,0,2405YFMjEJVJ19AfwfKdE_bL3638,1.0,1,3,1,
0,0,6.212938547134399,0,588FFiBS7n4Z9PvHg-vk3Ri145,1.0,1,3,1,
0,0,5.544897079467773,0,2673FDf451ZmX7vXALugyB1a1043,0.0,0,3,1,
0,0,5.6146440505981445,0,2108xKVGNBGadZC0TWhSQviQ1483,1.0,1,3,1,
0,0,5.5016491413116455,0,156057Z3OOwBTdwP-hDQ9L4U1337,0.0,0,3,1,
0,0,5.982938289642334,0,1153iDMvxLm4_lq7OZxrcPwi3291,1.0,1,3,1,
0,0,5.608401536941528,0,1941vdbzlN7oVltmEKX-YLNT2320,1.0,1,3,1,
0,0,5.520865201950073,0,22353xyc8AR6WxpoF2OKgYnG4006,1.0,1,3,1,
0,0,5.744805097579956,0,1532jmPrtawUKEP8PbFN0KA51941,1.0,1,3,1,
0,0,5.509511947631836,0,2364oU8m6CS05FyyuZgf1_IG3724,1.0,1,3,1,
0,0,5.765516042709351,0,20834ruTF1RWWFPVpeiVYmwK1553,0.0,0,3,1,
0,0,5.526378154754639,0,2998eOTOpuoi6pcPY7lXKHLZ3868,0.0,0,3,1,
0,0,5.513455867767334,0,613XW7YAciAiMgfISN_tpEO76,0.0,0,3,1,
0,0.08333333333333333,6.03089165687561,0,1169sLy1F9DsgmSEU3gCb28W3246,1.0,1,3,1,
0,0,5.5409321784973145,0,2649du0NVM86G2VsbeYMwrgl1109,1.0,1,3,1,
0,0,6.061599254608154,0,15715bk_bkzCsTkEKHc-4BgP1308,0.0,0,3,1,
0,0,11.31268835067749,1,709ZYekPZmIHVZUS0oAXArM2856,0.0,0,6,1,
0,0,7.177583932876587,0,2031SeyVh-govknTHJdzCd5x2149,0.0,0,3,1,
0,0,5.4252612590789795,0,984CNpDqalkISFG_gY2XwD_449,1.0,1,3,1,
0,0,5.644237279891968,0,2727JkYnxxl8d_jUsjzpRwXm893,1.0,1,3,1,
0,0,5.762310266494751,0,15573dHdiCo9iVvktQEFAE5h1345,1.0,1,3,1,
0,0,5.571317434310913,0,659fIQxckVQ8kQLQWyiAcB82980,1.0,1,3,1,
0,0,5.459137201309204,0,2630aXuhB9uY_8J6EHtO6-Mr2337,1.0,1,3,1,
0,0,5.54326605796814,0,2473I_8F1yJw7g41cfbvdciy1844,1.0,1,3,1,
0,0,13.552677631378174,1,2420arevHpIfCSerP3MdIRta3615,0.0,0,6,1,
0,0,6.273672342300415,0,843WSwRhwEu22UV7c_-UxnD2768,0.0,0,3,1,
0,0,5.602762222290039,0,1219odhtmia1JdsfFwCJXe5O3098,1.0,1,3,1,
0,0,5.636206388473511,0,1152CwAbYMM50m_imGCtX8jF3293,0.0,0,3,1,
0,0,5.5334391593933105,0,15886mL2IQG8B6jETUgnOHZc1269,0.0,0,3,1,
0,0,5.598959922790527,0,1234WIzl7ElikCCPk4gA-7ua3058,0.0,0,3,1,
0,0,5.597998380661011,0,25135YWzIpnXIrhMAoH0h6tB1752,1.0,1,3,1,
0,0,5.532376050949097,0,2473I_8F1yJw7g41cfbvdciy1845,1.0,1,3,1,
0,0,5.614078998565674,0,13562fQ6wZGlmwHe0KMgKqQ4802,0.0,0,3,1,
0,0,5.542269706726074,0,2145sC266Uf0RNluKT7FLFAv4236,1.0,1,3,1,
0,0,5.697768688201904,0,2709l9BXzPyNws7gAw46g8eL943,1.0,1,3,1,
0,0,7.265079975128174,0,2448cpYalEhOyaX7nVOEWjj31900,0.0,0,3,1,
0,0,19.533034563064575,2,857_7Nv3vFr25l0dhIhFy_82727,0.0,0,9,1,
0,0,6.239137649536133,0,658XMVOSc2EDbG6L6Fxkc3G2984,0.0,0,3,1,
0,0,6.127710580825806,0,24057YiGguOU4QpG_Wn3OHra3639,1.0,1,3,1,
0,0,6.2508015632629395,0,3014BDldoLr7qRhv_7TSXE6q3832,0.0,0,3,1,
0,0,6.291124582290649,0,989l-L43EQr9gwIj8urs_ta432,0.0,0,3,1,
0,0,6.2535927295684814,0,945US4EY2sSosbMTVy_bzAD564,1.0,1,3,1,
0,0,11.87754774093628,1,1484LBCjE9GGNK0dm10EyT1L2043,0.0,0,6,1,
0,0,6.312637567520142,0,1176A_9vaJNosqGkXRVsziub3227,1.0,1,3,1,
0,0,6.366639614105225,0,1534DljtGtyMC7VBZ7LOjAQY1936,0.0,0,3,1,
0,0,6.188076734542847,0,941qAh1ZQv3LHBcrNhFMIpF576,0.0,0,3,1,
0,0,6.317160129547119,0,2963SvvO1TYX7ABi60_kmjOW3951,1.0,1,3,1,
0,0,6.162101984024048,0,25369eavZOrMspyuwUfYt25g1688,1.0,1,3,1,
0,0,6.337665319442749,0,1361J6GUEFw0eUjZYJ4tiHvB789,1.0,1,3,1,
0,0,6.360653400421143,0,539W46MSJwTdnqptRMTDZ5i291,1.0,1,3,1,
0,0,6.226633787155151,0,2733NKE9l-FIURwp5kMM_ty2874,1.0,1,3,1,
0,0,7.975226163864136,0,1599HSzSTRtnTI56md6V7-t-1239,0.0,0,3,1,
0,0,6.2802207469940186,0,1441MCBHwz4mlshCsnGFlkHe2130,1.0,1,3,1,
0,0,6.224962472915649,0,3028tKME3xmEIFzACt6fT95u3800,1.0,1,3,1,
0,0.05,6.115567207336426,0,2649du0NVM86G2VsbeYMwrgl1108,1.0,1,3,1,
0,0,6.115813493728638,0,133872Mtqyb09KyYyKdDni5N858,0.0,0,3,1,
0,0,8.176005840301514,0,1743g-gnR1iSF9jlsKTC_sPk3573,0.0,0,3,1,
0,0,6.31098484992981,0,67563V9Jr6L6R2D0ymJM0Y-2939,1.0,1,3,1,
0,0,13.25569224357605,1,1966vorrM41EahptwctgnTjv2262,0.0,0,6,1,
0,0,6.315186500549316,0,2442O-F2YezfPTPaci1R28vY1912,0.0,0,3,1,
0,0,6.184092044830322,0,22235lwUx01x9_1JlfE_OedT4042,0.0,0,3,1,
0,0,6.252358675003052,0,1558nZ4e9hyDysgIXtjrdr1k1342,1.0,1,3,1,
0,0,6.303874492645264,0,1143GfNyvAU7ymTE77VLNZnG3321,0.0,0,3,1,
0,0.12765957446808512,6.251510381698608,0,1377MSN5P9oksYJneDnSmHM3747,1.0,1,3,1,
0,0,22.842292070388794,2,2629GQD7koFMwyiUTeUEaCv82340,0.0,0,9,1,
0,0,22.413491249084473,2,2398cHxKpmXAoKYK97Ln3GA23652,0.0,0,9,1,
0,0,26.307226419448853,3,2639bkXWs91YZSHduhAO93vu1135,0.0,0,12,1,
0,0,45.49452328681946,5,1569Ht4xo6nEjNKzw9OyGAql1309,0.0,0,18,1,
0,0,46.49493455886841,5,2994mHjER7-9C4dmnyiiHwVD3876,1.0,1,18,1,
0,0,42.70479369163513,5,1197ycLPMsis4jTkwSPiz6RD3164,0.0,0,18,1,
0,0,6.2263031005859375,0,654LwM3OC8BHTl_TVgTJuoF2990,0.0,0,3,1,
0,0,6.237719774246216,0,91489gYi_bXEz_5f9xGfB8j2583,1.0,1,3,1,
0,0,6.217017412185669,0,15208OmvhIK608dqFRGSSOAV1972,0.0,0,3,1,
0,0,6.320150852203369,0,1819Mz9_et-ab6SF7qwOOuB33386,1.0,1,3,1,
0,0,6.155151844024658,0,1461b77FDHPFXFe4yi5Nhcwr2092,0.0,0,3,1,
0,0,6.622660398483276,0,13946HYMoyH_5YN47EsUiywo704,1.0,1,3,1,
0,0,6.408762454986572,0,2988o2Tx-xSKGXrXuofncBnZ3888,0.0,0,3,1,
0,0,6.250603914260864,0,2433XfYtnZCXUsAMbQw-Qmvr3596,1.0,1,3,1,
0,0,6.510205268859863,0,1817S4YdUgIpGi5YXH0jwLkQ3391,1.0,1,3,1,
0,0,6.122829914093018,0,1805f28kB0QsdrrJaSbyx3nC3424,1.0,1,3,1,
0,0,6.172047138214111,0,1505bna2sA0Za87BSd9REwkK2010,1.0,1,3,1,
0,0,6.305360555648804,0,2475OSfljvtxbxq6XRCvWHgr1837,1.0,1,3,1,
0,0,6.47329568862915,0,903d3S0iJZYbioutIfyZx9E2615,1.0,1,3,1,
0,0,7.0299365520477295,0,1529gQToGseAQ0_-DRta9yac1949,1.0,1,3,1,
0,0,6.372218370437622,0,2163prpiVkHoWAkyQR6_xuQb4191,0.0,0,3,1,
0,0,7.965693712234497,0,1453zJFuwlSehscZJwrQDmDL2107,1.0,1,3,1,
0,0,6.228912591934204,0,6051HWp8diqm_U2xVdalV6U97,0.0,0,3,1,
0,0,6.282751798629761,0,925n35w1SDxy9hu-BoGzQhT2552,1.0,1,3,1,
0,0,6.442846059799194,0,624IMVlhXqEDrP4UTYdjFBl44,0.0,0,3,1,
0,0,6.105350017547607,0,1381nh2SdDr2eWku393B09QY735,0.0,0,3,1,
0,0,6.324888467788696,0,918QqxhdE7q7zGH9LNONh2w2570,1.0,1,3,1,
0,0,6.1063830852508545,0,2209BDzn0SpuYmXdWVg9Z1Hy4072,0.0,0,3,1,
0,0,6.325044631958008,0,2969gQlMvd6FhSZMcTlnE-C13936,0.0,0,3,1,
0,0,6.531126976013184,0,1826-5gZY7Lc4gn0qD-o6_To3371,1.0,1,3,1,
0,0,6.170822620391846,0,1155buq6aWlaQuO1-Win_xed3286,1.0,1,3,1,
0,0,6.4293012619018555,0,2015WJQ6AfHutHfsyi2M-HtJ2182,1.0,1,3,1,
0,0,6.359026193618774,0,20814-Xp7gQ0gpoeNufV1CCM1557,0.0,0,3,1,
0,0,6.217881679534912,0,691pqnhMyJfTBtJrs_4z71s2897,0.0,0,3,1,
0,0,6.2847490310668945,0,2155ZEIUMmffTYNXBH3uiR8c4209,1.0,1,3,1,
0,0,6.138375759124756,0,1542RhDswvJFqP2Jq9iUFinr1386,0.0,0,3,1,
0,0,6.203343152999878,0,1471q7bJiZQDI20zdeWOjTxp2067,1.0,1,3,1,
0,0,6.240979909896851,0,1504hlqci9hC_wlnWXFEJjtG2012,0.0,0,3,1,
0,0,6.386842250823975,0,1034wHnCBpfrzubpIdoRKWKA312,0.0,0,3,1,
0,0,6.273631811141968,0,1151R3T8HOlw_qdMmdrBoT543297,0.0,0,3,1,
0,0,8.48078203201294,0,948uYfQaDqdMCAYnSxY-SL1557,0.0,0,3,1,
0,0,6.092430830001831,0,568riF6WKYPtmQvPRer2HKt205,1.0,1,3,1,
0,0,6.3326029777526855,0,602gS9orzSbPkJ3cqNbO8j_104,0.0,0,3,1,
0,0,6.511178493499756,0,1153iDMvxLm4_lq7OZxrcPwi3292,1.0,1,3,1,
0,0,6.22380805015564,0,2180sY_3Ea7lN3cAxecHCD0Z4144,0.0,0,3,1,
0,0,6.656501531600952,0,17575vjW6q5vpBlTdRADa0J73533,1.0,1,3,1,
0,0,6.1429219245910645,0,2624iiqNCKQgjCP_ToRoxVcp2351,0.0,0,3,1,
0,0,6.247057199478149,0,1009Uk9DWEoZIQcw717YJKbT386,0.0,0,3,1,
0,0,6.533250331878662,0,916HouNf3Zihi-QrcktYOJO2578,0.0,0,3,1,
0,0,6.279210567474365,0,559ldmP2ngc1Q7BVHfHwYZC233,0.0,0,3,1,
0,0,6.314680337905884,0,1199nIbUtObyZOiLZVUYMs653158,0.0,0,3,1,
0,0,5.933187246322632,0,2057JTrMpRMQ_nlV6rjSFX2Z1629,1.0,1,3,1,
0,0,6.146832704544067,0,1374yoc9nWJdr9ATgDMv2vDw751,1.0,1,3,1,
0,0,6.2721946239471436,0,1837DjnvLKs92-s8s-2bK5zI3339,1.0,1,3,1,
0,0,6.100342273712158,0,23807v22XvrUQTol7Th3lJWE3687,1.0,1,3,1,
0,0,6.716172933578491,0,14983XjeUEukDaw3K-IUo4aw2024,1.0,1,3,1,
0,0,6.168283939361572,0,1017yXOYCLYZzxUNNXCwSOw5363,1.0,1,3,1,
0,0,6.198434352874756,0,3025_iaJPF1EGsooMPEGZwvG3806,0.0,0,3,1,
0,0,7.766376733779907,0,987bTlOLptWnZwVJGOtDfda438,0.0,0,3,1,
0,0,6.069722890853882,0,2397ngYUHwjsIyhb2KRudMVS3654,1.0,1,3,1,
0,0,6.207319974899292,0,2629GQD7koFMwyiUTeUEaCv82339,0.0,0,3,1,
0,0,6.170351028442383,0,2118jdsykE0McP5cAZxVpo2d1455,0.0,0,3,1,
0,0,6.29659366607666,0,2363jyeSrDuTiJf_bqAPDD473726,1.0,1,3,1,
0,0.08333333333333333,6.0264668464660645,0,2183w23owTHpXeij1zV_FDX74135,0.0,0,3,1,
0,0,6.2700865268707275,0,665QURdf6UuEnoJsKOV4YtB2962,1.0,1,3,1,
0,0,6.256857633590698,0,1545g1Tb818_JNDAuQjE--ZZ1378,0.0,0,3,1,
0,0,6.114997625350952,0,2733NKE9l-FIURwp5kMM_ty2875,0.0,0,3,1,
0,0,6.398734092712402,0,914b0zdkdwAh3xlbhnY8du72582,1.0,1,3,1,
0,0,6.293339967727661,0,2425oi8tztQpIN1A44b1j3AL3606,1.0,1,3,1,
0,0,6.213237762451172,0,1814rsETf2eToNtZrivLqKSE3400,0.0,0,3,1,
0,0,6.126703500747681,0,1476m9DFMcKpET2GRr7cT4FS2057,0.0,0,3,1,
0,0.1111111111111111,6.158311128616333,0,23683s2xe5bz2so10XGK2qBO3713,0.0,0,3,1,
0,0,6.246779918670654,0,951QRsnzHPzlTm1kJw2YlVa547,1.0,1,3,1,
0,0,6.137190818786621,0,11560sYYJxTrE--1-2sMNJ953281,0.0,0,3,1,
0,0.07407407407407407,6.384930849075317,0,3015gokJ7rr6uB6YTy3Khm0u3828,0.0,0,3,1,
0,0,6.2735817432403564,0,2139x2uHOpf3opRosVHKHI5y4250,0.0,0,3,1,
0,0,6.096218585968018,0,1348pryWv6mij3utlHnSurED826,1.0,1,3,1,
0,0,8.105816125869751,0,1950b8OIQ8bzZrEdme_QFejW2298,0.0,0,3,1,
0,0,6.024279356002808,0,1237yuti7VE1972UnCfqAN7V3047,0.0,0,3,1,
0,0,6.242553472518921,0,2053ydHY-RsjDaaTRo5IttrE1640,1.0,1,3,1,
0,0,6.112865447998047,0,1759y5yGptDhTmoTR_wEuxlL3528,1.0,1,3,1,
0,0,6.195650339126587,0,2655YDVlTu5g8XP-s_xoiAGt1094,0.0,0,3,1,
0,0,6.091018915176392,0,1226VvNg35i87Jc0HRevhBIp3078,1.0,1,3,1,
0,0,6.468843460083008,0,1172cnB3XirJLf2l_lj2h1NR3238,1.0,1,3,1,
0,0,6.24750280380249,0,1513e32PRGagyhaNmp__k3W51991,0.0,0,3,1,
0,0,6.175321578979492,0,646OD5224k55Wh4kR-RsWPl3015,0.0,0,3,1,
0,0,6.349633455276489,0,2080DF2p6ax3v1-aUbtGWT4O1562,0.0,0,3,1,
0,0,6.154644966125488,0,2502zG6K8It4JMfa8UrkdPdw1775,0.0,0,3,1,
0,0,6.112303256988525,0,25018IwgMznLBiuCDIKcy_yK1777,0.0,0,3,1,
0,0,6.2320849895477295,0,1214Ok_4GK2IaQBQ79ypkNPy3114,1.0,1,3,1,
0,0,6.069653272628784,0,2187gvsT7evQEJ8hMJqK5EHQ4126,0.0,0,3,1,
0,0,6.34314227104187,0,2393dPWkz_403rASrRrq7O713664,1.0,1,3,1,
0,0,6.079923391342163,0,1610lit-PZD9j4XnYX8iyzdL1208,1.0,1,3,1,
0,0,6.280811071395874,0,1458iv0WdN_NvJkFoTdqCZ_Q2098,0.0,0,3,1,
0,0,6.1136674880981445,0,234909hrgzPVzcKNSXWO1ok-3759,1.0,1,3,1,
0,0,6.145294427871704,0,1371VdM9y71lHCPan3KXr3WS759,1.0,1,3,1,
0,0,7.861389636993408,0,25586lylI6AjP0zEVdJqgXCx2474,0.0,0,3,1,
0,0,6.08005690574646,0,2155b4lPV6COMDxcEuBc4bUB4211,0.0,0,3,1,
0,0,6.144974946975708,0,640UbntiFko68p3ukz6iGpI3034,0.0,0,3,1,
0,0,6.204311847686768,0,3036vybNVfi22WAmwyXaCyoP3790,1.0,1,3,1,
0,0,6.026975631713867,0,735vGzQ3nCx9nbWxB-Wes4C2789,0.0,0,3,1,
0,0,6.180337905883789,0,5401-KQtKiJkYnkPCmw8hgz289,1.0,1,3,1,
0,0,6.156414747238159,0,861-dKB_3BSzYCaSTRw8Av_2715,1.0,1,3,1,
0,0,6.254313230514526,0,8486FcfpGKVx1trsy0PGkDp2755,0.0,0,3,1,
0,0,6.077667474746704,0,1229AbP35CEyoMV2CzyjH6_q3070,1.0,1,3,1,
0,0,6.646690130233765,0,1148Ml3yo3KDCBBSJoQQlyFc3305,0.0,0,3,1,
0,0,6.230459213256836,0,842c07Yh3NdidKu-h5mkQl02771,1.0,1,3,1,
0,0,6.10574197769165,0,1400uU3CM_7LdMUuWkvkQxxM686,0.0,0,3,1,
0,0,6.292940139770508,0,1567OzoMV2H8D1C1oKf9kJ7U1316,0.0,0,3,1,
0,0,6.2931132316589355,0,27282z0c8x28uAuDYrTlxOP-890,0.0,0,3,1,
0,0,11.916115283966064,1,1792pLMxkyBoluA32NPBVhWK3449,2.0,2,6,1,
0,0,6.164039611816406,0,634_wgzPKlx4nIMyi-kCnjn12,0.0,0,3,1,
0,0,6.400330543518066,0,1554GyUQ981YKusehk4Cl7Te1354,1.0,1,3,1,
0,0,6.183422803878784,0,2729ECSyBaYVZZbDBNyaHu4J887,0.0,0,3,1,
0,0,7.916146516799927,0,2065EHsPdSp_5DrQeLr1ttuL1606,0.0,0,3,1,
0,0,6.053086996078491,0,140037nUS1rT0UQNsaFa9Rwl685,1.0,1,3,1,
0,0,6.2275071144104,0,566fv5aDvtV7-Bv4hgl9TCy212,1.0,1,3,1,
0,0,6.034376859664917,0,2061TwbS9naBRQ2tozfnle021616,1.0,1,3,1,
0,0,6.129260540008545,0,54482QW5OfFiQVIWiIpVI2E278,0.0,0,3,1,
0,0,6.206681489944458,0,2707KB1tO6YYJq35qJk9l8AN945,1.0,1,3,1,
0,0.06896551724137931,6.14577054977417,0,1530v9JIqRhesvlWwvstOwUR1948,0.0,0,3,1,
0,0,6.244726181030273,0,1949jEKqGQclC11Cc2b7IDqv2299,0.0,0,3,1,
0,0,6.083110094070435,0,1012LN56E8ShPhOCoocbJrrp376,1.0,1,3,1,
0,0,6.10970401763916,0,1587GKW8NX3dkLWoOc6aJ86v1270,1.0,1,3,1,
0,0,6.268091201782227,0,677F23ky2ysRzZ_9ea_iceg2934,1.0,1,3,1,
0,0,6.059831857681274,0,1409SROjOQ9iV118JePvaz45660,1.0,1,3,1,
0,0,6.3658459186553955,0,2701_eTSfG0kbk-njomBcNgv961,0.0,0,3,1,
0,0,6.127251148223877,0,2209HnLyE3YKg6twl_Q-g1Ec4070,1.0,1,3,1,
0,0,6.368548154830933,0,2230L8455dET7-fRoIdsUivX4021,0.0,0,3,1,
0,0,6.056917667388916,0,1446OxQzkmFxIj-VPbEUcz7j2119,1.0,1,3,1,
0,0,6.101386308670044,0,2177rTzU3iHejo6wHiCUUGgR4150,0.0,0,3,1,
0,0,6.187044620513916,0,1482vLr96JPpOOrUo1CAJV2o2046,0.0,0,3,1,
0,0,6.216794490814209,0,2541Xqfe9NPWsDPd0IRvHv882507,0.0,0,3,1,
0,0,8.079278707504272,0,2374k50_RHXB5GThYKzc39DZ3702,1.0,1,3,1,
0,0,6.030412435531616,0,875H9HPG7IDtm8eYpP2uh2I2684,1.0,1,3,1,
0,0,6.115312099456787,0,2669v67locIF9ThvWJ8mcmqm1056,0.0,0,3,1,
0,0,6.165019273757935,0,20893J7zds0fTmdwGScrXxYe1536,0.0,0,3,1,
0,0,6.002365589141846,0,2024uEKyOIRbOWRGqSX25wAv2167,0.0,0,3,1,
0,0,6.234915494918823,0,2032h_xc2uXEe2J9hKtwBMZw2148,0.0,0,3,1,
0,0,6.13948655128479,0,2039WNZPsx3z2vJcCCCoGkpW1681,1.0,1,3,1,
0,0,6.198646306991577,0,1971QdtwinuI-Pt-gRGhMumc2254,0.0,0,3,1,
0,0,6.070786237716675,0,2497wmCVXc__4_q7aCFHvax81788,1.0,1,3,1,
0,0,6.116865873336792,0,2367wI6YJctGx_TrLePW0zFT3716,0.0,0,3,1,
0,0,6.207806587219238,0,1748emZrqreIzMIm0XWLL7Rn3560,0.0,0,3,1,
0,0,6.046493291854858,0,2170uR1FxS5nUGkssv426mqU4172,0.0,0,3,1,
0,0,6.200715065002441,0,1227qM25lwDT1HffYX7Q27LJ3076,0.0,0,3,1,
0,0,6.168670415878296,0,65691nmDsNoy6GHCZUYjINN2986,1.0,1,3,1,
0,0,6.168884038925171,0,302251nQ3cmNluA1AUr3iMk63812,1.0,1,3,1,
0,0,6.2089056968688965,0,1816M49IXoDpU__17vFIazVS3395,1.0,1,3,1,
0,0,6.0356104373931885,0,2406S8qt5kYqLYszOCu0lYmZ3636,1.0,1,3,1,
0,0,6.314403295516968,0,566bnXrhcjKEaxVTc-LeHzY210,1.0,1,3,1,
0,0.048780487804878044,6.286311149597168,0,22018wPqrmJcGuWfE5hB9sO74095,0.0,0,3,1,
0,0,7.8703343868255615,0,2043FtfsfjPEPMp72mimJA1r1669,1.0,1,3,1,
0,0,6.014396905899048,0,955e36D7g1kt9C0gus4wfH8535,0.0,0,3,1,
0,0,6.0556769371032715,0,2973JDgkSnGitYck_HX9Ne233926,1.0,1,3,1,
0,0,6.230703592300415,0,24187-nhPhxI7dZV22pltvqB3619,1.0,1,3,1,
0,0,6.140485763549805,0,1778w_0Pgt92UHRoeIwEqNNr3481,1.0,1,3,1,
0,0,6.183145999908447,0,1192NtMV2nW3J5X78M_fz_jM3179,1.0,1,3,1,
0,0,6.0249924659729,0,2237FYTudBkYGOD7oCKDGYv44000,0.0,0,3,1,
0,0,6.086032867431641,0,1430BuwokBjmVg7AdzOoLBQQ597,0.0,0,3,1,
0,0,6.242805480957031,0,1164efJ2bD2I51tG9DDDy2263262,1.0,1,3,1,
0,0,6.31960391998291,0,987JCMK8qp1XiHG6fmq_sqJ439,1.0,1,3,1,
0,0,6.133337497711182,0,1612PKGAkMM3MocoHgcn3Vg61202,1.0,1,3,1,
0,0,6.1519715785980225,0,707eQxJt9Y35aEN6MtyrclZ2862,0.0,0,3,1,
0,0,6.324021577835083,0,1196b9cuPeUxYC3Lp7LVQMAF3167,1.0,1,3,1,
0,0,6.183291673660278,0,545gbwwHQNYWNJmwx_zhGUS273,0.0,0,3,1,
0,0,6.211135625839233,0,2422AkNZxKVfPVF92vs5qzLX3610,0.0,0,3,1,
0,0,6.234158277511597,0,1437oSS908LBdCS-R1lhS_zZ587,1.0,1,3,1,
0,0,6.110852003097534,0,1562tZVF0c_Hwu_jpQkNLPxj1330,0.0,0,3,1,
0,0,6.230595827102661,0,2556v9wSIrA-gKUGDFK65QmW2475,0.0,0,3,1,
0,0,6.1277501583099365,0,1742Qn8cd--IGplBaIA5QEpU3578,0.0,0,3,1,
0,0,7.9193174839019775,0,8808MIOqs91bcamJY7BKpKK2672,0.0,0,3,1,
0,0,5.967994213104248,0,2417Txi9GL74fxs5Z2asL3203622,0.0,0,3,1,
0,0,6.026249408721924,0,1544BBli6lvsM3ocK55YaTtb1381,1.0,1,3,1,
0,0,6.218097686767578,0,1753kpSTtywObsOC3dzGk8kX3543,1.0,1,3,1,
0,0,6.1223530769348145,0,7150BJ0glnjGlTFTJ4cTdiF2840,1.0,1,3,1,
0,0,6.165085792541504,0,1746XQjTLVhuW5-HmTtxqxuv3564,1.0,1,3,1,
0,0,6.143106698989868,0,651fsZ9lTWd449M33QOudtw3000,0.0,0,3,1,
0,0,6.133253812789917,0,599uREx6nun3gOEAd8YzR5s112,1.0,1,3,1,
0,0,6.268438339233398,0,1218OExrGg3DDUqQ_BBB10Tn3102,1.0,1,3,1,
0,0,6.067607164382935,0,1635w_Q9eBE8d4QJlCSJBFiT1143,0.0,0,3,1,
0,0,6.17656135559082,0,2148ORbgn9xAFsNQtzXY__rj4228,0.0,0,3,1,
0,0,6.0409018993377686,0,1963usWUHwJqt8eDD2dj9VZ-2267,1.0,1,3,1,
0,0,6.1234917640686035,0,2146tqPHx6tj2s94He2JdG_i4232,0.0,0,3,1,
0,0,6.368834972381592,0,577YsCJ2FO7dV054McSxQvM177,1.0,1,3,1,
0,0,6.113100290298462,0,2679ULojnjXzA_nUbY_9FqSx1025,1.0,1,3,1,
0,0,6.355109453201294,0,2029WPXur9oP38dHkMIPUsem2155,1.0,1,3,1,
0,0.07407407407407407,6.672575235366821,0,2360wqBrcNsj4JFKMf-J5jFI3733,1.0,1,3,1,
0,0,6.288236618041992,0,2527_1gwPfkH0sI_fNYkRULn1713,0.0,0,3,1,
0,0,7.753694772720337,0,2523I4nlHreDk5vBkSCH8RHq1726,1.0,1,3,1,
0,0,6.018978118896484,0,2002a_R1XmwMDmL5wyPZDS2t2203,1.0,1,3,1,
0,0,6.141031742095947,0,2478ulEtsZsxkcgly7IxV7jm1830,1.0,1,3,1,
0,0,6.0776731967926025,0,2426FvIaTEpxUSzdWjZW6ctB3605,0.0,0,3,1,
0,0,33.340006589889526,4,19540qz1hFiTRNqKyYUyx4Y82288,1.0,1,15,1,
0,0,25.35216736793518,3,589s50VvGuiEMsAcZpOIrdE142,0.0,0,12,1,
0,0,37.694666624069214,5,8616U9DJ4emRPwsHZTqmdGu2714,1.0,1,18,1,
0,0,39.47229790687561,5,964RapMeSY8FyWlaMkFUNk8508,0.0,0,18,1,
0,0,38.47418141365051,5,1464jHZlsBjVv-8xARfsJrXa2086,0.0,0,18,1,
0,0,215.63667798042297,5,2427o0QmxcHBetNiSbTlOqmh3602,0.0,0,18,1,
0,0,17.939826250076294,1,1429iK5AeBnwtcbLHrY4SztI601,0.0,0,6,1,
0,0,8.232325553894043,0,2345xzNHwuJ_9-no_amFWS4A3767,1.0,1,3,1,
0,0,8.113085985183716,0,2943rfsS5qs59QlXyCYYjei03989,0.0,0,3,1,
0,0,19.056376934051514,1,1467oCR_WpQCRef2iR_N2NhR2077,1.0,1,6,1,
0,0.02040816326530612,7.898431062698364,0,11583AIKJFgE0UrBCHocpd653277,0.0,0,3,1,
0,0,7.750416040420532,0,578C_O7pYNiyLAUSE5J66xB176,0.0,0,3,1,
0,0,7.830294132232666,0,26062Jzbzm2Iew5_dSx6LCM12376,0.0,0,3,1,
0,0,7.740129709243774,0,2517saKKvHaEWnw2pvl75Xuf1742,1.0,1,3,1,
0,0,7.9222941398620605,0,17839rNVzte3BRZvP4qWRMqo3467,1.0,1,3,1,
0,0,7.778046369552612,0,2111jmqUVcM8RCxkrmjvb0hZ1476,0.0,0,3,1,
0,0,24.459497451782227,2,2514EGWk59PbC7MjrXE6AlVn1751,1.0,1,9,1,
0,0,8.477705478668213,0,1517p5p7fblRKtBb8l9_uGtZ1977,1.0,1,3,1,
0,0.03278688524590164,8.461704730987549,0,2727bEO69UF_-G1jUOIEpXYj891,0.0,0,3,1,
0,0,8.428579330444336,0,858nySH6AfeIgauM40DaAIr2725,1.0,1,3,1,
0,0.049999999999999996,8.59251856803894,0,685-r-l6EtOMeFTYAMUFp2R2913,0.0,0,3,1,
0,0.017094017094017092,8.379451990127563,0,2383_zZGxCRJzjykFJNk3Fql3681,1.0,1,3,1,
0,0.017857142857142856,10.3969087600708,0,24874ZExUiMVxjjNDRJVHXGS1814,0.0,0,3,1,
0,0,8.334913492202759,0,2468bI5nQWQ8Og-_9QlLKU8v1859,1.0,1,3,1,
0,0,8.365336656570435,0,19734HA-piKOQCj9cOheHeMR2250,1.0,1,3,1,
0,0,8.29634428024292,0,942YwxEcLEOCAotnSzvxJj-575,1.0,1,3,1,
0,0,8.263617753982544,0,2026yIVtrJbiaYcqiJLKF7l92162,0.0,0,3,1,
0,0.01818181818181818,8.451884984970093,0,2180GzU3fBZQ6NFjdA3mnHhk4143,1.0,1,3,1,
0,0,25.82931113243103,2,1942fMXkD48PYS9_snttkRcW2317,0.0,0,9,1,
0,0,8.619790077209473,0,2629-52k9W9kCEdUZtJCllTb2338,0.0,0,3,1,
0,0.017094017094017096,8.528542280197144,0,2110ziYcZhTz_BC1MPXgUtC31479,1.0,1,3,1,
0,0,8.377987146377563,0,731bdFMw_WBEsLLGgw0OqIo2798,0.0,0,3,1,
0,0,8.599438428878784,0,1450f9K9T1lv3UmdhS-rbS-p2113,1.0,1,3,1,
0,0,8.47132420539856,0,737t5Q6W-ejkvhnx8fhmjhP2784,0.0,0,3,1,
0,0.031746031746031744,8.629624843597412,0,2421aPJOo5UynG4APVgasKa53613,0.0,0,3,1,
0,0,8.46180772781372,0,1342n57h5KFhZrmo2TPiuwv5845,0.0,0,3,1,
0,0,8.434429168701172,0,573-_AYG-xxnzzEd1LZiGf8191,1.0,1,3,1,
0,0,17.10111951828003,1,972xR4_uxpnlIN8NrBztoj1483,1.0,1,6,1,
0,0.017094017094017096,10.186930179595947,0,1176w-tnctiph48cguCP6TLh3228,0.0,0,3,1,
0,0.03225806451612903,8.367749691009521,0,2020ubB0JZzHv_29zd0WpIjn2174,1.0,1,3,1,
0,0,8.27540111541748,0,1443Nxfx0xTNPIR7XHCONrlL2124,1.0,1,3,1,
0,0,8.578173398971558,0,1359ZuJdS_tCrQFa5IcePruQ794,0.0,0,3,1,
0,0,8.336732625961304,0,2161ve-pKOVFfnwct9-ZGtow4196,0.0,0,3,1,
0,0.06299212598425197,8.535724878311157,0,1163WM0PVD9qbxkmDaQOIW7Y3265,1.0,1,3,1,
0,0.017241379310344827,8.426265954971313,0,1415xOKyGuKnDwYbWfqm8DyH643,1.0,1,3,1,
0,0,8.470813751220703,0,539g1HipZa4q8coORPOMHwj293,0.0,0,3,1,
0,0.03278688524590164,8.462997198104858,0,22165cE4SIrSj4XGK-I-cUmM4057,0.0,0,3,1,
0,0,8.470939636230469,0,907CG6Y0hTOIf2iMApGkPO72604,0.0,0,3,1,
0,0,16.65639019012451,1,20865AJD7uSijZkNu3lQlJ481546,0.0,0,6,1,
0,0.015748031496062992,8.543830633163452,0,27282z0c8x28uAuDYrTlxOP-889,1.0,1,3,1,
0,0,8.38049864768982,0,2979WuXci60uJEdQnVCd4Xjn3913,0.0,0,3,1,
0,0.027027027027027025,142.5595622062683,1,1372T0eDMjnAIUtMFQHcIZWS757,0.0,0,6,1,
0,0.03225806451612903,13.341559886932373,1,16200K9t6uefE0HN9Xb3n6aS1179,0.0,0,6,1,
0,0.08695652173913043,6.530718088150024,0,2729ECSyBaYVZZbDBNyaHu4J886,1.0,1,3,1,
0,0.03773584905660377,8.230250120162964,0,569DSGp7NYhekO9pVIHrI21203,0.0,0,3,1,
0,0.10344827586206895,6.347332954406738,0,1466QWMZl6lBSpMlxHibwqSn2079,1.0,1,3,1,
0,0,6.360920429229736,0,1028r9dv8iRRQSL7Ihwkp7tz330,1.0,1,3,1,
0,0,6.593454360961914,0,2119SJEcYcuuQpuvuba_KlGl1451,1.0,1,3,1,
0,0,6.303517818450928,0,2044egsXeT6Z85kZYfUih06a1666,0.0,0,3,1,
0,0,6.491258144378662,0,855ENEaLZEfgqfGiXz23p4l2732,1.0,1,3,1,
0,0.029411764705882356,6.956170558929443,0,18328gCMjbpzCLFnoMXN6srf3355,1.0,1,3,1,
0,0,6.403316497802734,0,20641EP682eRhx2QWgjzDM9I1608,0.0,0,3,1,
0,0.04,6.491309642791748,0,2664AqK615zaJ_528hvbvtPb1070,1.0,1,3,1,
0,0.03773584905660377,6.447718858718872,0,641QPygyAWeJTz2UqZLxPPB3029,1.0,1,3,1,
0,0,6.985553503036499,0,1814rsETf2eToNtZrivLqKSE3401,1.0,1,3,1,
0,0,6.449512720108032,0,8521sw4TcnPagCQEoFKD9fN2741,1.0,1,3,1,
0,0.03846153846153846,6.5026679039001465,0,606ydc6r27eppB2SC3CIOZ595,1.0,1,3,1,
0,0.0273972602739726,6.782663345336914,0,2373iZm5h4f5Vzcv3z363qPA3704,0.0,0,3,1,
0,0,15.697997808456421,1,1190K-vBrGKzVvJ8j8oue-N63186,0.0,0,6,1,
0,0.06451612903225806,6.534435033798218,0,671tmMHr0OIhb3ulvq5ranP2948,1.0,1,3,1,
0,0,8.603750228881836,0,2993pJ4MhlqvNdq3HP6O5MsP3878,0.0,0,3,1,
0,0.06896551724137932,6.574851989746094,0,2985h8b9cr8x87sGlc8_zLvd3897,1.0,1,3,1,
0,0,8.303806781768799,0,1957eVvVnYRmwC4qKHak6Ffq2281,1.0,1,3,1,
0,0.024096385542168676,7.146690845489502,0,2712gqTOsON2hU4puCu5hGNj932,1.0,1,3,1,
0,0,6.481617450714111,0,2605xGWRPmjAX3zTTpbG5G9l2380,0.0,0,3,1,
0,0.06557377049180327,6.545719146728516,0,15437IrG_pxUZHW4l3vkQWeG1385,1.0,1,3,1,
0,0,6.957274913787842,0,2736DC0e2KjXgGVcPZ2WLIxz867,1.0,1,3,1,
0,0.03636363636363636,6.922534227371216,0,735vGzQ3nCx9nbWxB-Wes4C2788,0.0,0,3,1,
0,0.046511627906976744,6.308714866638184,0,868zHuIutIEJT12F-70883W2702,1.0,1,3,1,
0,0,7.491631984710693,0,1405rcqGslh1c27GRanvx433670,0.0,0,3,1,
0,0.05128205128205128,7.905543088912964,0,2466TSVQzmiW-hXcxaEULw6K1865,0.0,0,3,1,
0,0.037735849056603765,6.565088510513306,0,3002ZnCAiqYIoMCUF-7Op9gv3858,1.0,1,3,1,
0,0,6.599572420120239,0,896q9fkwlNTB-uLIhW50gpL2637,1.0,1,3,1,
0,0,6.538254737854004,0,2082_Dh7f4W3xlRk5gN1uWO_1556,1.0,1,3,1,
0,0,6.591491222381592,0,567COo6mlEhcowdZdaMt4w3209,0.0,0,3,1,
0,0,6.773431301116943,0,1411rDFl1-2KKRZG_zvEhPJb654,0.0,0,3,1,
0,0,6.345064640045166,0,2619jg4HxmXkfW55mTET__tk2360,0.0,0,3,1,
0,0,6.823436975479126,0,151099HNGPaLvlMftND5z0oJ1999,1.0,1,3,1,
0,0,6.515915393829346,0,905uMGe3kos3fBWBJRcu64_2611,0.0,0,3,1,
0,0.06557377049180327,6.6615824699401855,0,2360xl9Xtx2fW4L4xa2bqWt43734,0.0,0,3,1,
0,0,8.20656418800354,0,2578y9zD7QdiguEv3Qrdgam-2440,0.0,0,3,1,
0,0,47.94116401672363,5,2996CdNLqVyCF_oDaGCdvP6v3872,2.0,2,18,1,
0,0,48.54003190994263,5,2364oU8m6CS05FyyuZgf1_IG3725,1.0,1,18,1,
0,0.016666666666666666,47.20718240737915,5,1591dOdM4uX7gsb6h9hiAaa_1258,0.0,0,18,1,
0,0,48.93165993690491,5,2041vmx_DG5RRvLGNwO62TW31673,1.0,1,18,1,
0,0,28.953763484954834,3,2615GCUYxQ_Kg8yTnaAtYYpJ2367,0.0,0,12,1,
0,0,6.175686836242676,0,19886xZ3QL22JgKPuzBHbhPo2221,0.0,0,3,1,
0,0.05714285714285715,6.136487722396851,0,29746uLZOTxxVUkngoUfAtI03924,0.0,0,3,1,
0,0,6.323495388031006,0,24911q_50dkgYzY3pVZJL3Sc1804,1.0,1,3,1,
0,0,6.157446622848511,0,665rw55Ie4DPe0sqY77puig2963,0.0,0,3,1,
0,0,6.20766544342041,0,900Uh49Da025Lfl-NKMic6l2624,1.0,1,3,1,
0,0.07692307692307691,6.1304240226745605,0,19755a5nBZxiYhO8aWU2MbW-2243,1.0,1,3,1,
0,0,6.284848690032959,0,3004GygMUfp60E04HQswkbY53853,1.0,1,3,1,
0,0,6.122469663619995,0,592UDCpvvji8D0o4tbyHcVk134,0.0,0,3,1,
0,0,6.134175539016724,0,550jo6NqKN88LJy5XivwHWi259,0.0,0,3,1,
0,0,7.84638524055481,0,2108cT1EpZ4KVx-gQkxVCsU81485,0.0,0,3,1,
0,0,6.1417152881622314,0,1489_LmzgmYgdCJhBmnZ8hvL2034,1.0,1,3,1,
0,0.0625,6.166409492492676,0,2057ITnDGLVg5S2wqKJ__VIR1628,1.0,1,3,1,
0,0.04878048780487805,6.104504585266113,0,558WnzWtR_n-6_l7FCPRBSg236,0.0,0,3,1,
0,0.04,13.280109643936157,1,2204OiV3FwpDb5okA_ERACO-4085,0.0,0,6,1,
0,0.038461538461538464,6.360239267349243,0,1789NObn0laTBstP0EhadjV63454,1.0,1,3,1,
0,0,6.45972204208374,0,1533z2Yfjif7NuyxeBQgP_HF1939,0.0,0,3,1,
0,0,6.387333154678345,0,2068VZFhrfoQaF6_QqHBU8iB1598,0.0,0,3,1,
0,0,19.459636449813843,2,899hXr2vSRxP3sXDcstnm7f2627,1.0,1,9,1,
0,0,6.612621545791626,0,2173fu4XUTuowr7JXVT_qKR14163,1.0,1,3,1,
0,0.0392156862745098,6.446284532546997,0,2669bH2ksxtOtDv46cPVBE6i1054,0.0,0,3,1,
0,0,6.767331600189209,0,987JCMK8qp1XiHG6fmq_sqJ440,1.0,1,3,1,
0,0,6.52248215675354,0,1473IwZwglReS87tV2cQBA732060,1.0,1,3,1,
0,0,6.484421491622925,0,2974B_C3BlFiCXVCIZTJwilo3925,0.0,0,3,1,
0,0.04166666666666667,6.555608034133911,0,13382oqMvOQePhgGm47Ig4iy856,1.0,1,3,1,
0,0,6.453677415847778,0,1366vMaTN6bH1mlTrIsQvDrD774,0.0,0,3,1,
0,0,8.257391691207886,0,2532QPzqtcjnJeRC9NxubnOq1697,1.0,1,3,1,
0,0.11111111111111109,6.564338684082031,0,13510pFXx2vFby05X2rDRJDH818,1.0,1,3,1,
0,0.04166666666666667,6.426150798797607,0,2488UeDf5D4M1cp6aiddpWg11811,0.0,0,3,1,
0,0,6.274057626724243,0,1214Ok_4GK2IaQBQ79ypkNPy3115,1.0,1,3,1,
0,0.07547169811320754,6.365694046020508,0,1014qxjC6hnOZ4bPaoSmBsdF374,0.0,0,3,1,
0,0.04081632653061225,6.521028995513916,0,1179Ij6ixmYImDvTIyylli083218,0.0,0,3,1,
0,0,6.380316972732544,0,1577Tx9C-i93906ZHG2xsANm1297,0.0,0,3,1,
0,0,6.531834125518799,0,640Qn7zKz3a0K2CPVQ8ePuQ3032,0.0,0,3,1,
0,0.07017543859649122,6.345036029815674,0,19876rRq7_YjGKc8EGqs5MHC2225,0.0,0,3,1,
0,0,6.348252534866333,0,2569CxCo2aX4KFjjA2hi_lMj2452,1.0,1,3,1,
0,0,6.453821420669556,0,2529V89h3rXsLL-Bn_hU6PlI1708,0.0,0,3,1,
0,0.03508771929824561,6.384764671325684,0,2435ycikQl9rkmIjh9_GR_8D3592,1.0,1,3,1,
0,0,6.5254786014556885,0,1176w-tnctiph48cguCP6TLh3229,0.0,0,3,1,
0,0.032258064516129024,6.367636442184448,0,1946W3OXI0TdbwpADVOL3aMn2309,0.0,0,3,1,
0,0.08333333333333331,6.5251336097717285,0,943kajWSnLrin3THXJG_d-e572,1.0,1,3,1,
0,0,6.297369480133057,0,1383YetDIx4cL2q9GHdVBJD-729,0.0,0,3,1,
0,0.07142857142857144,6.312786817550659,0,609XnbMzpiEKTX90WRPpJOt84,1.0,1,3,1,
0,0.04,6.498098611831665,0,1193C2qmrHktioGE48fbbu-L3176,1.0,1,3,1,
0,0,6.457141399383545,0,2956Otjt30tSP4HL0iirPKga3970,1.0,1,3,1,
0,0.08,16.648332834243774,1,2111jmqUVcM8RCxkrmjvb0hZ1475,1.0,1,6,1,
0,0,6.268199920654297,0,2053DCa4BLCC5EEQ8l7BVnnp1641,1.0,1,3,1,
0,0,6.4882049560546875,0,1831tcPzTf490y--20TmCWYb3357,1.0,1,3,1,
0,0,6.354065179824829,0,2078W30r7PMtchtgZT05P_0F1567,0.0,0,3,1,
0,0.13114754098360656,6.617830753326416,0,2668AHxJtYWTzyrukwP1xRqK1058,1.0,1,3,1,
0,0,6.4565229415893555,0,2235T3dDg5JzleG0wsFMwsrI4004,0.0,0,3,1,
0,0,6.669770240783691,0,1162WEg_WPImiRPmAPvN_wnE3046,1.0,1,3,1,
0,0,6.34299635887146,0,1530v9JIqRhesvlWwvstOwUR1947,0.0,0,3,1,
0,0,6.304781913757324,0,21282Cr-35xm2wBqUSJkqXMj1427,0.0,0,3,1,
0,0,7.563258647918701,0,2133ia1657jfSMNoNsdF-A8e1410,1.0,1,3,1,
0,0,6.373643398284912,0,2114KZNekbM38CclfRRE-ywL1465,0.0,0,3,1,
0,0,6.570218086242676,0,649GcmdYL3Emps2uVuhx-H43007,0.0,0,3,1,
0,0,6.390794992446899,0,1503af8K_zL5CtKNHAHXkLFb2014,0.0,0,3,1,
0,0.07692307692307693,13.17577075958252,1,2631M_1rjE6k2YLouvowQoHJ2334,0.0,0,6,1,
0,0.07407407407407407,6.373233079910278,0,13571OZrZVDhI2J41tg7Luts799,0.0,0,3,1,
0,0,6.4993603229522705,0,1948sF2A90axDwVcHIOfnQu02302,1.0,1,3,1,
0,0,35.510756492614746,4,1397uK17KbqMDLHfC2NAWiR6696,1.0,1,15,1,
0,0.038461538461538464,6.548097610473633,0,2162sIzRzzGNPsYc1OfiUIPo4194,0.0,0,3,1,
0,0,6.464858531951904,0,2519QxDbu-BKdCqq5I8jKsxd1736,1.0,1,3,1,
0,0,6.363039493560791,0,1140_G-tYCpmdE-Vgax33wA53329,1.0,1,3,1,
0,0.03773584905660377,6.330934047698975,0,1376fXJB349zgjyv_w4X0bXI749,1.0,1,3,1,
0,0,6.4563775062561035,0,2539EoMAwcPqzS7vEDYb36052512,1.0,1,3,1,
0,0.07692307692307693,6.359934091567993,0,1415xOKyGuKnDwYbWfqm8DyH642,0.0,0,3,1,
0,0.03508771929824561,6.692977428436279,0,2657Omxhm5FyXyyp4pVdXx3Z1088,0.0,0,3,1,
0,0,6.4828221797943115,0,1559OCcb7F7icUkYfeTFgLDJ1339,0.0,0,3,1,
0,0.0392156862745098,6.7239227294921875,0,2340-UH-PIG4sGreW8w-HZcs3781,0.0,0,3,1,
0,0,6.6028149127960205,0,600suii1SM_U9v151qZEv7q108,0.0,0,3,1,
0,0,6.422406196594238,0,2224WT9qVEbYuJZkZlYlFqvu4039,1.0,1,3,1,
0,0,6.747850179672241,0,15115M-53_v3IHPgxyCKm4AQ1997,1.0,1,3,1,
0,0,13.31029462814331,1,20610DTWrltcqPvIP7325vbT1618,0.0,0,6,1,
0,0.04166666666666667,6.357868909835815,0,2712b_7wo5wra85_-rQQk4ow934,0.0,0,3,1,
0,0.07407407407407407,8.152804136276245,0,719PmQpieO8CYor-psBwccz2829,0.0,0,3,1,
0,0.04166666666666667,6.270065546035767,0,956Prvd8MNNxoAkjTza4l1I531,0.0,0,3,1,
0,0,6.269994497299194,0,991M6WF9u6tZAMeisG6gK8G426,1.0,1,3,1,
0,0,6.7367987632751465,0,2531wAQb5TOSCuVTwZGjz1rT1700,1.0,1,3,1,
0,0,6.293250560760498,0,26276wka1rfL0BiynIYM718e2346,1.0,1,3,1,
0,0.0392156862745098,6.442775249481201,0,1357dHKRJVVa-pcJ70XOotOx801,0.0,0,3,1,
0,0,6.306605339050293,0,701k_RQvhmFwArZx0ORLSmx2876,0.0,0,3,1,
0,0.07017543859649122,6.3042073249816895,0,963hj2Qz6EQ6THhVWXKuc_U511,0.0,0,3,1,
0,0,19.18300461769104,1,17839rNVzte3BRZvP4qWRMqo3466,1.0,1,6,1,
0,0,6.420222282409668,0,978MffUzw1E-fEffOOZYYot467,0.0,0,3,1,
0,0,6.486267805099487,0,2386qMf0MKowAfp8GBBNMPlr3678,1.0,1,3,1,
0,0.04081632653061225,6.339200973510742,0,929dPT0tABWxMMojg5QUiX02541,0.0,0,3,1,
0,0,6.494084119796753,0,869yPJxiVsQSnIU0zG1C_9m2700,0.0,0,3,1,
0,0,6.368675231933594,0,2142esGir_4_h9voaRtDNIdz4245,0.0,0,3,1,
0,0.07547169811320754,14.427878379821777,1,2987jq09CSEi-lBZSSYtX9tj3892,0.0,0,6,1,
0,0,6.5000340938568115,0,2126DJgUbSL5sAmvrHK4b6i71432,0.0,0,3,1,
0,0,8.038302421569824,0,2684Tsl9g-K98ihJB9COTF6d1010,1.0,1,3,1,
0,0.04347826086956522,6.287380218505859,0,841hinfHVUUAR8bWXtEBCsQ2775,1.0,1,3,1,
0,0.04,6.421864032745361,0,2666vJpSGujkwt27p7tp6O901063,1.0,1,3,1,
0,0.0392156862745098,6.382501125335693,0,625ZwZR45NRbfMFQ0oVKYjz41,0.0,0,3,1,
0,0,6.679760217666626,0,1156df4-3lXjk7sDVJcyLHlO3283,0.0,0,3,1,
0,0,6.255619287490845,0,843zyenQsDbdyEDKorOOEer2770,1.0,1,3,1,
0,0.06896551724137931,6.321610450744629,0,1035LFxawmqTFdvZQiUCxQ31310,0.0,0,3,1,
0,0,6.738986492156982,0,2355g1DEdj6BajInIdfN43xp3744,0.0,0,3,1,
0,0,6.493633270263672,0,2496BbugoKX7EuTf6XE9o7do1793,1.0,1,3,1,
0,0,6.588808536529541,0,1614cyIrQoaHS01cQ4YtB4rN1196,1.0,1,3,1,
0,0.16666666666666666,6.382538080215454,0,2460wLS6NYxz86-N9QN0fiAS1872,0.0,0,3,1,
0,0,6.602674245834351,0,2013gpksQIp23gepFksmpqXj2187,0.0,0,3,1,
0,0,6.41342306137085,0,566fv5aDvtV7-Bv4hgl9TCy211,1.0,1,3,1,
0,0.04081632653061225,6.347255229949951,0,1006wNOvBdYdfzaE5bKwHMrj394,0.0,0,3,1,
0,0,14.010041952133179,1,2175Be6E_9waJICTPdXhoGc74157,1.0,1,6,1,
0,0,14.927609205245972,1,1555fIGxkCCrk6ibrb-al9xh1352,1.0,1,6,1,
0,0.02325581395348837,7.0033416748046875,0,2469md_5PBJjoEzHnxLNfP-31854,0.0,0,3,1,
0,0.024691358024691357,8.762022972106934,0,1594vbwJIaYnRKU4MTrVcD4P1249,1.0,1,3,1,
0,0.02197802197802198,6.967535734176636,0,2449Gc-t93zVR6Bjza9-brVc1897,1.0,1,3,1,
0,0,7.010055065155029,0,543NpNSndtBz1uxC9CuhODm281,0.0,0,3,1,
0,0.022727272727272728,6.994250297546387,0,1025Ra_IZNvQuUI7Ec5aTeot340,1.0,1,3,1,
0,0,7.10706901550293,0,2523I4nlHreDk5vBkSCH8RHq1725,1.0,1,3,1,
0,0,6.977223873138428,0,1549ke6ypccQP3h0ZB6b7GCG1370,1.0,1,3,1,
0,0.022727272727272728,6.987887382507324,0,2690j2wOUpSsJgKU08FvIZEg993,0.0,0,3,1,
0,0.061855670103092786,7.166640996932983,0,2080DF2p6ax3v1-aUbtGWT4O1561,0.0,0,3,1,
0,0,7.122068405151367,0,2209BDzn0SpuYmXdWVg9Z1Hy4071,1.0,1,3,1,
0,0.024691358024691357,7.310398817062378,0,1419tOWt7I089hJ4HUoPR6EI631,0.0,0,3,1,
0,0.024096385542168672,7.222228527069092,0,1628lnBbfe3Htrze2ai84nZb1159,1.0,1,3,1,
0,0.024691358024691357,6.976306438446045,0,1576P214oupErvTP6090GMli1301,1.0,1,3,1,
0,0,14.682413816452026,1,1621kehREtB2jwFxfLSb5njd1178,1.0,1,6,1,
0,0,6.836743116378784,0,5532TWtKb03tsQH8Wep0CiY251,1.0,1,3,1,
0,0.029850746268656716,6.689466953277588,0,1801zUHKaLWfFrE-EA8M3DOI3430,0.0,0,3,1,
0,0,14.55075478553772,1,1578BMhD9BqceYI3i9rcq5zi1294,0.0,0,6,1,
0,0.03125,6.730551719665527,0,948uYfQaDqdMCAYnSxY-SL1556,1.0,1,3,1,
0,0,8.579905986785889,0,1216-uAt0pBo8VUzVu7fmS2y3107,1.0,1,3,1,
0,0,6.576078176498413,0,949-8BF6fDFHRAnfe-2RE-l554,1.0,1,3,1,
0,0,15.43220329284668,1,2084KAYAsRFlZ71FWVieGtVO1551,1.0,1,6,1,
0,0,6.915817975997925,0,11409iwBcdcK7cw_g6zqHGJJ3331,0.0,0,3,1,
0,0,22.24095129966736,2,2054dYaTbGXvuHEu9KAgglUa1638,1.0,1,9,1,
0,0,6.882857084274292,0,633AbrSc7FQvB59-3tSuvrL17,1.0,1,3,1,
0,0,7.002879619598389,0,1448zBLLz7KDRP88dG5hhHYA2115,0.0,0,3,1,
0,0,6.910353899002075,0,1767VEuCAyUVu8RWl4oT_E163504,1.0,1,3,1,
0,0,6.873433589935303,0,2564AaK20GeV0Vbt9hLoucnT2462,1.0,1,3,1,
0,0.025974025974025976,6.989947080612183,0,986wotq83gPK5H9RJCPZcUa442,0.0,0,3,1,
0,0,6.9195356369018555,0,22173K97KOlZYwLPP2yAPHFs4052,0.0,0,3,1,
0,0.02666666666666667,6.997283458709717,0,1491oI4TAF4mItNmtq538iaG2032,0.0,0,3,1,
0,0,6.860941648483276,0,26929qhEFKe0I4Mglt2Q49vv987,0.0,0,3,1,
0,0,21.678971529006958,2,2153vtkEwqa70V_8uUMng2Jv4215,0.0,0,9,1,
0,0.02531645569620253,8.747141599655151,0,1355DqKO8ByX-dB6SOPvmL5p806,0.0,0,3,1,
0,0,6.8753745555877686,0,1396fc8ojkJs9ZgQtwEceZFu697,0.0,0,3,1,
0,0.022727272727272728,6.923849105834961,0,2021myUwxcaJpraoFdHEJ6jp2172,0.0,0,3,1,
0,0.06976744186046512,6.855030536651611,0,1964IYccs9F9IcK39eAWE_OV2266,0.0,0,3,1,
0,0.05063291139240506,6.849895477294922,0,1760NxofyqAwNCoWrjcNMQrs3523,1.0,1,3,1,
0,0,7.1367199420928955,0,182447yf5Kxgmkoq18WzZ-kB3378,1.0,1,3,1,
0,0.075,6.847652196884155,0,1756rsPxqBmo2fmiaq4y7pBo3537,1.0,1,3,1,
0,0.02631578947368421,7.048665761947632,0,26929qhEFKe0I4Mglt2Q49vv988,0.0,0,3,1,
0,0,6.884968042373657,0,1408oW7JLFkBO33d8TQf4N0l661,0.0,0,3,1,
0,0.02439024390243903,6.926879167556763,0,726kYOF7b8VZTpJYpYpEvr-2810,0.0,0,3,1,
0,0,7.223904609680176,0,2600QfJIRcuIUzI4QlhhMFbN2394,1.0,1,3,1,
0,0.06976744186046512,7.134672403335571,0,2727JkYnxxl8d_jUsjzpRwXm892,0.0,0,3,1,
0,0,7.0222766399383545,0,1752E5XokYRzRxCMWKU2kTp-3548,0.0,0,3,1,
0,0,6.933556318283081,0,9100HQlpvSt_OwVnpYpqMFu2595,0.0,0,3,1,
0,0.04938271604938272,14.221715688705444,1,24146Uu3KI3elnXv3Pgy3-sY3625,0.0,0,6,1,
0,0,7.028733015060425,0,1763gJg7xSGSXczCwSQDvwfc3514,0.0,0,3,1,
0,0.027397260273972605,49.11015772819519,5,1459Gtt57D0AV39kKJE2bz4b2095,1.0,1,18,1,
,,,,1811pukiof6PWRYXCXAxaVhv3407,,,,,Ollama request exceeded timeout limit for model stable-qwen with error: timed out
0,0.027397260273972605,22.320563077926636,2,1234GFGbCJaowYOFWcFznuUN3056,1.0,1,9,1,
0,0,6.799419164657593,0,662vdy4KyRsfU9fUc7gxaki2970,0.0,0,3,1,
0,0.018018018018018014,46.25501322746277,5,2195U05jz4berWp0PFCFx8lG4110,0.0,0,18,1,
0,0,22.451096534729004,2,1528gtejhc_4xiAJRnNQX5fY1950,1.0,1,9,1,
0,0,6.873559474945068,0,1152Rg3AUei-9moPZLj_2J3Y3295,0.0,0,3,1,
0,0,8.535584449768066,0,1180D8Sheg2RzZqhe6O4YQOs3215,0.0,0,3,1,
0,0,6.516632556915283,0,944L6KXmQVd7mhz2JgtDbJU567,1.0,1,3,1,
0,0,6.472475290298462,0,9567FV5fK_9tjWGUSOCiJM4533,0.0,0,3,1,
0,0,6.8566367626190186,0,557jlOGQ8cWQ5Q_as3HFgdb238,0.0,0,3,1,
0,0,6.630350112915039,0,2681RVH7HXkHR05ejdYsqsI41018,1.0,1,3,1,
0,0.034482758620689655,6.983195543289185,0,961cuP3rfqgKJmh5Lu0AzVJ516,1.0,1,3,1,
0,0.02531645569620253,13.954140901565552,1,2383_zZGxCRJzjykFJNk3Fql3682,0.0,0,6,1,
0,0,6.871414661407471,0,9933_mUxqp74zyG7yfPAiEX420,0.0,0,3,1,
0,0.030303030303030304,6.737269401550293,0,177554ovP1_0ekekHhCRWFeh3487,0.0,0,3,1,
0,0,45.29001569747925,5,2014_XSPnuBYuAskzekdUW9_2184,0.0,0,18,1,
0,0,46.89179039001465,5,22218q38c0YRb2JXvtSd0Nqf4045,0.0,0,18,1,
0,0.042105263157894736,45.95579767227173,5,1425XcsU_HbBgv8By-D6Z3Ra612,1.0,1,18,1,
0,0,45.96956181526184,5,1942N1BOxjfwa6jWGDsgWHG22316,1.0,1,18,1,
0,0,45.333577394485474,5,216056mnlRJWqGhoIzF9wyxO4200,1.0,1,18,1,
0,0,28.38578200340271,3,26748vEm6_JIFNnvzYBeYPv81041,0.0,0,12,1,
0,0,7.0533788204193115,0,561RShlPGzCfUPZQrUdWiIe226,0.0,0,3,1,
0,0,7.203719854354858,0,1999pCsU6o7Al1PsagdDjDms2208,1.0,1,3,1,
0,0,6.798633337020874,0,1360LxZ_Vrj1sZ5dYHaRGOd6792,0.0,0,3,1,
0,0,6.621464729309082,0,693O9x_DHPjJvDEqDaL5z3P2891,0.0,0,3,1,
0,0,6.740002870559692,0,2162Pp7-3-5tDfWWUPh7kkoP4192,1.0,1,3,1,
0,0,7.715780973434448,0,1406r0ltJ0ogZOEySbpwaMW3668,0.0,0,3,1,
0,0,7.292049407958984,0,2454DywEFUk_89WopSOIo62c1889,0.0,0,3,1,
0,0.028571428571428574,7.009772062301636,0,2597oOL_7CB6tThxfotDFYvs2400,0.0,0,3,1,
0,0,6.759308576583862,0,23795KyPYBugQHXet6Mhcn6k3688,1.0,1,3,1,
0,0,6.956003189086914,0,550wrp-mp9TMdH2CqA5WYOK258,0.0,0,3,1,
0,0,6.685522794723511,0,680SoWSzZf-Vj7dvc7zwoPn2925,0.0,0,3,1,
0,0,6.87787652015686,0,631gfVFI_1P9ON_SQmft4dC23,0.0,0,3,1,
0,0,15.177594661712646,1,1485zXrCfbHH-0tedwW1xWx02040,1.0,1,6,1,
0,0,6.686839818954468,0,2508lmmHXbx9CbrIhCEGTMgz1762,1.0,1,3,1,
0,0,15.111405849456787,1,29445EWHlsJVMIRKwumbCiCS3988,0.0,0,6,1,
0,0,6.626746416091919,0,2355g1DEdj6BajInIdfN43xp3745,0.0,0,3,1,
0,0,6.611292123794556,0,2342uOJtHG5g2JYNe5z81tda3775,1.0,1,3,1,
0,0,6.972988843917847,0,1404ZQwoPjfIlqZtLexyMKrY674,1.0,1,3,1,
0,0,6.6208131313323975,0,2100wZS8Veo6hc9TL1NaJSaL1506,1.0,1,3,1,
0,0.08571428571428572,6.771438360214233,0,598sQDpQ6KKddxnTnAMlHjr115,1.0,1,3,1,
0,0,6.802483081817627,0,897zxAZ4U3r-Zh1DtjSiIVV2634,0.0,0,3,1,
0,0,11.017717599868774,0,1976nFbvQGItJWwdL8HbiMOH2242,0.0,0,3,1,
0,0,34.72009539604187,2,878tqshp6q6ko3DcqZ6tS6C2678,0.0,0,9,1,
0,0.03571428571428572,10.435673475265503,0,563-2Ot_VAy9WLUHbhZEXOM219,0.0,0,3,1,
0,0,10.534884452819824,0,1189K35XQ01jiETvv7rYOo0U3188,0.0,0,3,1,
0,0.013698630136986302,8.793227195739746,0,1224Jb1mPpUJDQXOAhjg5Vzo3084,0.0,0,3,1,
0,0,9.648184299468994,0,2146CMsypO-GlkGAyST9v2a-4234,1.0,1,3,1,
0,0,12.1607027053833,0,707rbJ8T66FV5pGZGyETeS02861,0.0,0,3,1,
0,0,8.831666946411133,0,648xsH7lylyZmqHM5Ja6ZG03010,0.0,0,3,1,
0,0.009433962264150945,10.450257062911987,0,2042iP4Erd5NWbbUyNtHBaEc1672,1.0,1,3,1,
0,0.009523809523809525,10.372637748718262,0,1543fk6_ZyKd7tjxsbc5mIjL1383,0.0,0,3,1,
0,0,22.51147174835205,1,2338Lzhex2xkJZC3CWbYyT8B3782,1.0,1,6,1,
0,0.010309278350515465,18.08993935585022,1,668cWm_2tZEF2k08oPyz6iV2954,0.0,0,6,1,
0,0,10.09688949584961,0,2434KMUI0qQbxWvYC1q1ZqFT3594,1.0,1,3,1,
0,0,10.274937868118286,0,15278rOHAAwxs4q7s-hbQurx1953,1.0,1,3,1,
0,0,10.080384254455566,0,1448svVuYFDg3snhISg21wg52116,0.0,0,3,1,
0,0.034482758620689655,9.233766078948975,0,2208FuW7GAKFmCyvVin50esl4075,1.0,1,3,1,
0,0,10.221153736114502,0,2213gQhJ4zM5EYENYcGQHGTa4060,1.0,1,3,1,
0,0,30.46231174468994,2,2680JFom2C2m5B61Zmr5e-xw1023,0.0,0,9,1,
0,0.04761904761904762,10.326826810836792,0,99301Zg9cGHX9Gf1_cI5mfK422,0.0,0,3,1,
0,0.010309278350515462,10.366201162338257,0,1813DaTooZTJtMNx4CNYD2p73402,1.0,1,3,1,
0,0,52.151421308517456,4,1423PX6sAYWhpQtqDkPXlwvJ619,0.0,0,15,1,
0,0.020202020202020204,10.28715968132019,0,1608Cjwz1f5MVloyXDrYtYD11216,0.0,0,3,1,
0,0.013333333333333332,9.030254125595093,0,1469FeepfYJGM-RcHVUumiAM2073,1.0,1,3,1,
,,,,1417CvbtpTdNieUFK8V6Ekov636,,,,,Ollama request exceeded timeout limit for model stable-qwen with error: timed out
0,0.02649006622516556,9.133219003677368,0,2649-t0VK97BxI7xwcKTZLgQ1107,0.0,0,3,1,
0,0.013157894736842106,8.985040187835693,0,2037vvaVvs2-z2aR3schUPE52139,1.0,1,3,1,
0,0,8.976213455200195,0,2956c4WpDuj0SNG4mcpScOq33969,0.0,0,3,1,
0,0,11.317147731781006,0,2217SJQhtYv5R5TRR96GIUDz4054,0.0,0,3,1,
0,0.012738853503184714,9.034952402114868,0,9901bDIlgQKtM_dfl7Uf_OW431,1.0,1,3,1,
0,0,178.95354104042053,5,1531MPYKMgh40o6Ahyhf_CTe1945,1.0,1,18,1,
0,0,46.12980604171753,5,2721w4sXZ7mV6j4Zl36hHUHd911,0.0,0,18,1,
0,0,40.15408229827881,5,554Juv49GDSnjvb85QJzKnH247,0.0,0,18,1,
0,0,16.035590410232544,1,2103yGieEHPDGAmeuapsFKsj1498,1.0,1,6,1,
0,0,45.376479387283325,5,1184C_LA1pOBVN-7HWp0PVT03204,0.0,0,18,1,
0,0,41.22452163696289,5,1617-HTq6axozTF-eMfISD1Y1189,0.0,0,18,1,
0,0,39.24006986618042,5,1623v44E7fmDk54O42TCHeFJ1171,2.0,2,18,1,
0,0,44.358203172683716,5,1554YNq8lJaLBlAPjkvuXlSf1355,1.0,1,18,1,
0,0,42.4676308631897,5,1368uHWjPP6hjmEyI0Uea54f768,0.0,0,18,1,
0,0,40.94053077697754,5,19488Pr6RoX5NaT1BWOrfb8b2304,0.0,0,18,1,
0,0.09999999999999999,14.039252281188965,1,915hNLqOaPgMDH13MsuVSK52580,0.0,0,6,1,
0,0,5.790156364440918,0,1569FwzJ_LvmO5rW73WzT8541310,1.0,1,3,1,
0,0.13333333333333333,5.830259561538696,0,2352sATjKyGbbi4RfrwE-QmQ3752,1.0,1,3,1,
0,0,12.04783034324646,1,2146CMsypO-GlkGAyST9v2a-4233,0.0,0,6,1,
0,0.13333333333333333,5.787588357925415,0,2558zZ0LNdBHfD9mCPPPKIms2473,0.0,0,3,1,
0,0,7.323107481002808,0,852ZSryt9TK0_Cz0XclTy282743,1.0,1,3,1,
0,0,5.656250476837158,0,1466QWMZl6lBSpMlxHibwqSn2080,1.0,1,3,1,
0,0.09999999999999999,5.772619962692261,0,8478WHZms7MdB1ce7kHygtH2758,1.0,1,3,1,
0,0.12500000000000003,5.613605260848999,0,2981ylD4oznDeHfkfO4lmbTY3905,0.0,0,3,1,
0,0,5.736989498138428,0,1748onKgABfsH9Ey9B-K6T2n3558,0.0,0,3,1,
0,0,5.647285223007202,0,973wD6IGiEh8Dy46Roludyx482,1.0,1,3,1,
0,0,5.661668539047241,0,1504eudKQjh2Zcev4hK4oHI82011,0.0,0,3,1,
0,0,5.880164861679077,0,968MjFCclVS0d1D0f2qQj3H495,0.0,0,3,1,
0,0,5.748013257980347,0,2156pBjZFStWsSSBpKEqULmP4208,0.0,0,3,1,
0,0,5.8591148853302,0,25008jyl_fvzpJnsuFBgdiMe1779,1.0,1,3,1,
0,0,6.123485803604126,0,1552mGG1NYRbYx9aZFFqni5G1359,0.0,0,3,1,
0,0,5.792726516723633,0,1019zB6iUQ1EHfq_dimcfomU358,0.0,0,3,1,
0,0,12.895108222961426,1,2516JbmLE4fDSyfphT4zqf3R1745,1.0,1,6,1,
0,0,5.773163318634033,0,699OiEXRKj_U0b0vWMEpACW2882,0.0,0,3,1,
0,0,5.716137170791626,0,1524sFrIwH53jua7jqnLYOiU1963,1.0,1,3,1,
0,0,15.339112043380737,1,2099-acnCQhCOzxPYUMuFfmt1510,1.0,1,6,1,
0,0,6.424637317657471,0,2047k8-fX-AM7Tv4kEIBJCC81656,0.0,0,3,1,
0,0,14.580116510391235,1,21295BHq9T-LJZqpw1jzVi4C1423,0.0,0,6,1,
0,0,5.732590436935425,0,2062VZLt42f5YfL_F5YiZJ9_1615,0.0,0,3,1,
0,0,5.661986351013184,0,26862KtqVf6aUK3bcskyPun21003,0.0,0,3,1,
0,0.09999999999999999,5.685134410858154,0,2156cAAwtbnblT7bk5Q4OXmn4206,1.0,1,3,1,
0,0,5.651257038116455,0,673iXJr6OQEiXTiLOSzfmZ82945,1.0,1,3,1,
0,0,5.749801397323608,0,2662NwX5LGUVKuX9e_SZ5Ydk1075,1.0,1,3,1,
0,0,5.80979323387146,0,656YB8T90k-pyOHOCeclaxG2987,1.0,1,3,1,
0,0,5.648799657821655,0,1822OZ0KdTZtweXH-nkWRos13384,1.0,1,3,1,
0,0.23999999999999996,5.78729510307312,0,13565ziQq0QewrGcH_w9CYT3803,1.0,1,3,1,
0,0,5.7046849727630615,0,2989RyZlwTdDD2jGMDbsteBr3887,1.0,1,3,1,
0,0,5.649392127990723,0,2226L8d66ouJEV1RUNRdzzwj4032,0.0,0,3,1,
0,0,5.831028938293457,0,548Bj6ddRdZ8SW-Zzx6iTxc265,1.0,1,3,1,
0,0,5.714009523391724,0,1753F2-F3aTBMQahcdDwW-XL3544,0.0,0,3,1,
0,0,5.8579254150390625,0,9060M-eUQVT4tdQgPtZ-brd2608,0.0,0,3,1,
0,0.14285714285714285,5.704708576202393,0,1621o42smlJhfXvPseS5MLZK1176,1.0,1,3,1,
0,0.1111111111111111,5.916975021362305,0,1035Kj_n7x68Qn7yayqGqlkg309,0.0,0,3,1,
0,0,12.19174075126648,1,2411yhLiRr_JQnLEj9IucyWG3630,1.0,1,6,1,
0,0,7.4931933879852295,0,674NvGR-HjzwjtJCn0CRWAa2943,1.0,1,3,1,
0,0,13.420872449874878,1,3004X8M9tRmpFDo7C4yTa_nC3855,0.0,0,6,1,
0,0,5.624042510986328,0,1339m1CLGfwJuUYwzo2OLZKV855,0.0,0,3,1,
0,0,5.869640111923218,0,1525U71OzY7b_K_zUbJ4Wn5-1960,0.0,0,3,1,
0,0,5.733936548233032,0,1231cJjNwm3bfsTH7qWJy5MR3064,0.0,0,3,1,
0,0,5.679136514663696,0,1408azjEHKBnVfAY-oT13G79662,1.0,1,3,1,
0,0,5.826349496841431,0,916HouNf3Zihi-QrcktYOJO2577,0.0,0,3,1,
0,0,20.831058979034424,2,2203MPjw7wTHX4rxoiofFaQy4089,0.0,0,9,1,
0,0,7.503676891326904,0,2538uT9UzILgVbv20p7KxXWQ2515,1.0,1,3,1,
0,0,6.774990558624268,0,2519KkZmS0x5ulGXiZTw1wKR1738,1.0,1,3,1,
0,0,6.693251609802246,0,1508P6G-ZISxFyD5_KJ3IUXw2005,1.0,1,3,1,
0,0,7.481380939483643,0,2617lIcTuHq8N8es-n39g3012365,0.0,0,3,1,
0,0.041666666666666664,7.546056509017944,0,1225RCrAx9wJxpkVXOhgrIVp3082,1.0,1,3,1,
0,0,7.33052396774292,0,1955QD7fJQoA5kgOX2s2B5yE2287,0.0,0,3,1,
0,0.03389830508474576,7.062614440917969,0,1358Ru5uz8DUOjyO0Xc4TIeb798,1.0,1,3,1,
0,0,7.420839309692383,0,2960ks0WgzObT5mMe7JvUcdZ3958,1.0,1,3,1,
0,0,9.627485275268555,0,2587WZtb-G91TcjATusTTjeN2423,1.0,1,3,1,
0,0,7.2844438552856445,0,584nEQ5EoREN-G1n2xXlQ6W156,1.0,1,3,1,
0,0,7.343759536743164,0,1032MkCHpM6OpA6PnwVJTqDR318,0.0,0,3,1,
0,0,7.356907606124878,0,18101KP3McThNf4JrT7MhYDK3411,0.0,0,3,1,
0,0,7.5724709033966064,0,1528MgNp15Yx30rPeZDqHZi11951,1.0,1,3,1,
0,0,7.492074489593506,0,2199K4y-1LqwxyvhvEKrLYlM4100,0.0,0,3,1,
0,0.0594059405940594,7.342963933944702,0,2585Y2N2cI4AQIUUjwHj-pWh2425,1.0,1,3,1,
0,0,7.607470273971558,0,565rvmkktoSoI8TnbBAfOcj213,0.0,0,3,1,
0,0.12244897959183672,7.348459005355835,0,2191KGSRpNKqbnOuXgkR_GXG4120,1.0,1,3,1,
0,0.041237113402061855,7.34955358505249,0,932xbC9_ugIV02dO2WeOtf32536,0.0,0,3,1,
0,0,7.863921165466309,0,1174cqJct9Y7Xjuewm_koPVH3043,1.0,1,3,1,
0,0,6.8216774463653564,0,10310kDF1gSDdbFSECHjcQ-n321,1.0,1,3,1,
0,0.02247191011235955,7.617785930633545,0,2175S4MitjCgK9hknprHvclr4155,1.0,1,3,1,
0,0,6.740474224090576,0,1540m7KtQ8W37yFZzUzVcX5F1394,1.0,1,3,1,
0,0,7.497413158416748,0,939Nc5hGTneUEWAXybnpuTl582,1.0,1,3,1,
0,0,7.434698820114136,0,27096q2XztnsFkYKERTVO36v941,0.0,0,3,1,
0,0,7.405165195465088,0,1975vLuOp8gEBc7-d27D_PJt2245,1.0,1,3,1,
0,0,6.7404937744140625,0,1154QF4krayqpB8xT4ck4ghA3287,1.0,1,3,1,
0,0,7.363286733627319,0,24760bnRp2NFdgHXH8zJ23TS1835,1.0,1,3,1,
0,0,32.09141564369202,3,1353cuJ2B12zDs0aTs65HC-5812,1.0,1,12,1,
0,0,49.16109490394592,5,1029D_VXSqeEcmujQynOF_FN328,0.0,0,18,1,
0,0,46.46453070640564,5,636DB3YzGx_xI3HQDZa-h7l6,1.0,1,18,1,
0,0,37.88324427604675,4,2043GupahRuMXnAkmy18E6L_1667,1.0,1,15,1,
0,0.01818181818181818,51.39038896560669,5,1535JT_lXL_OClCIRi_Kf0od1933,0.0,0,18,1,
0,0,14.932695388793945,1,1186P7uxLqgOAlAmYWkWs7Z_3199,1.0,1,6,1,
0,0,6.939534902572632,0,2593zX92VD8oSNjdJEyoOd_R2406,1.0,1,3,1,
0,0,6.660838842391968,0,2361c-8SrBx2PZDYVGvo5ybn3732,0.0,0,3,1,
0,0.11940298507462686,6.721557378768921,0,24434z3j5gm_bj0nuQ8LfJIw1911,0.0,0,3,1,
0,0,6.8146562576293945,0,1755k6OhZV2tgTLoY1YA0e3q3539,1.0,1,3,1,
0,0,6.659170150756836,0,5460SSbREtZ85AA4OPt7HWf272,0.0,0,3,1,
0,0,6.72547459602356,0,2963HjFPYoq9gOmFLNgG-zm13950,0.0,0,3,1,
0,0,6.60073709487915,0,1411rDFl1-2KKRZG_zvEhPJb653,0.0,0,3,1,
0,0.03333333333333333,6.788142204284668,0,6697jIYtcKSoYakHzaLUALm2953,0.0,0,3,1,
0,0.04347826086956522,6.301026821136475,0,1953_7jguMvfhNu8DiK9_PGm2290,1.0,1,3,1,
0,0.034482758620689655,8.386052370071411,0,924pjumaMwKOEdZ-UotwyI92553,1.0,1,3,1,
0,0.03508771929824561,6.555551052093506,0,2630sxHawjQEFB6dK2XvhQG62335,1.0,1,3,1,
0,0.024691358024691357,22.766674041748047,2,2515HnCK6br3syHDxNhRpc8g1749,0.0,0,9,1,
0,0.025,14.927905797958374,1,2174jnPDST2ssGQAHmj94OFQ4159,0.0,0,6,1,
0,0,23.221334218978882,2,2437c2sYHX7dZAN7RcxrJekm3591,1.0,1,9,1,
0,0,7.156836748123169,0,5657UgoubyECldzVKmY9qmK215,1.0,1,3,1,
0,0,6.958364963531494,0,17827DnV3Cg-Nfu1fRrg_AZd3469,1.0,1,3,1,
0,0,7.001291990280151,0,30010MAQ7KJ-aW0Z2L6ThUUL3861,0.0,0,3,1,
0,0,7.279503345489502,0,634_5Ke_8xaAo_UsybwdiB114,0.0,0,3,1,
0,0,7.004457473754883,0,604mQQLLhcNi8N9nxflPiAk101,0.0,0,3,1,
0,0.023809523809523808,7.1105592250823975,0,2467UnCsY0GjqwvnMQVa1CFT1861,0.0,0,3,1,
0,0,6.985560655593872,0,594XaCVJIa20ZfOj0hFJ7HN126,1.0,1,3,1,
0,0,44.8563916683197,5,1984InJu5XFguodK1Khic6FC2232,0.0,0,18,1,
0,0.025974025974025976,7.329646110534668,0,2194GC95ntf1sDidYwRyemAc4114,0.0,0,3,1,
0,0,6.849637746810913,0,2106VMTbOKIT8LUZtIXhHKmi1491,1.0,1,3,1,
0,0,7.028441905975342,0,2063CNHDBJueyaE4leS4xnyJ1610,0.0,0,3,1,
0,0.04819277108433735,6.874974489212036,0,1027GtA7cv0YAAASkTdOQJj_333,1.0,1,3,1,
0,0,6.990233659744263,0,874kqKcdnSqPr2kHFDtCs872689,1.0,1,3,1,
0,0,6.874417781829834,0,11810pNzis8O7iMe4D0TXLLB3213,1.0,1,3,1,
0,0.027027027027027032,7.041137456893921,0,1801GMGqWYEBcwKtk36fM4SD3432,1.0,1,3,1,
0,0,6.90424656867981,0,29552yyd0Gev5Q7THSvvmMm23973,0.0,0,3,1,
0,0,6.92149806022644,0,9229vCEiyj7IT-qcEDEXgvZ2560,0.0,0,3,1,
0,0,7.072776794433594,0,2360xl9Xtx2fW4L4xa2bqWt43735,1.0,1,3,1,
0,0.027027027027027032,20.48960566520691,2,1533z2Yfjif7NuyxeBQgP_HF1938,0.0,0,9,1,
0,0,6.929415464401245,0,1986Z84KJqkab5YckaHCqppB2226,0.0,0,3,1,
0,0.025974025974025976,8.737887144088745,0,1010HNqYCv68G7N_CQVNh43m383,1.0,1,3,1,
0,0.047058823529411764,6.822252988815308,0,1462MplDIpHfHip3TdPLnQAs2089,0.0,0,3,1,
0,0.02631578947368421,6.991553068161011,0,1823Eoxuy7YeAaFwIKLgSxRm3382,1.0,1,3,1,
0,0.027027027027027032,6.790757417678833,0,5760zdXs4a1j3W7Ec0Pt00y181,1.0,1,3,1,
0,0,17.71761465072632,1,6303tv6IL3KzvNs_iehOLAO24,0.0,0,6,1,
0,0,8.849479913711548,0,1181VylIAjhzHKEbTHOk7pUQ3212,1.0,1,3,1,
0,0.013698630136986302,8.924190044403076,0,2060X2wuRhZlsLWO7ahOjJyR1620,0.0,0,3,1,
0,0.022471910112359553,53.39063215255737,5,2675-gwBiwWZVyjWDUu4p4cd1037,1.0,1,18,1,
,,,,975dedQPvGmPQcw3ASwBaEQ476,,,,,Ollama request exceeded timeout limit for model stable-qwen with error: timed out
0,0,8.928680419921875,0,5692z3V0IN830k8XsO-Od4W201,1.0,1,3,1,
0,0,8.921681880950928,0,681ZSY2R55eJuqPvMg2YLu32922,1.0,1,3,1,
0,0.014705882352941178,17.606905460357666,1,1998cWl-TBhBN_jwx9-RUmIk2210,1.0,1,6,1,
0,0.014285714285714287,9.173475503921509,0,577J1_2EkXjvWVxk6PCwOXP179,0.0,0,3,1,
0,0,18.33188557624817,1,1351ZgXI9kMkbXJxIICf4en4817,0.0,0,6,1,
0,0,8.86156678199768,0,1189xoCo3EiFLfneuFibLahf3189,1.0,1,3,1,
0,0.014388489208633094,9.13424563407898,0,2212AiYgOTwS6-B2X1GvWcOv4061,1.0,1,3,1,
0,0,8.903096914291382,0,5401-KQtKiJkYnkPCmw8hgz290,0.0,0,3,1,
0,0.014492753623188406,8.780995607376099,0,1500rtEwkj5Ab48-qvZJG-TC2020,1.0,1,3,1,
0,0.05025125628140704,59.388280391693115,5,1985TCdOsXGEqgnh_b69BgBa2230,0.0,0,18,1,
0,0.04,40.4911744594574,5,893yr9lRN4Av6ZBi_1BuAEs2645,2.0,2,18,1,
0,0.07228915662650602,40.65885925292969,5,2457EK954cnx1sbiMZvNQ97c1880,1.0,1,18,1,
0,0,25.962536573410034,3,1354mCWTp9JbO_9CEDgtcsqF810,1.0,1,12,1,
0,0,12.759103298187256,1,5760zdXs4a1j3W7Ec0Pt00y182,1.0,1,6,1,
0,0.08333333333333334,6.065824747085571,0,675_FqvNQZTBsCZpYPH5nqZ2941,0.0,0,3,1,
0,0,32.92603421211243,4,660LK3Me9by6QtGlAhc9ZgG2977,2.0,2,15,1,
0,0.06666666666666667,25.761534214019775,3,1761xqf8AkX7fyG-P96OIUWX3521,1.0,1,12,1,
0,0,5.941604852676392,0,1625pGkBzA7glpTmDaW3hVRT1164,1.0,1,3,1,
0,0.2105263157894737,5.899324417114258,0,2403lDHCVZKpIfdlK_DXX6453641,1.0,1,3,1,
0,0,5.991731882095337,0,2144yrUQFOf2xZpRnCxV07q-4238,0.0,0,3,1,
0,0,5.815798044204712,0,2105j8lJG7NIdPNa-ZKAQAFY1494,0.0,0,3,1,
0,0.08333333333333334,6.066108465194702,0,2367wI6YJctGx_TrLePW0zFT3717,1.0,1,3,1,
0,0,6.072350740432739,0,1147WFziH2m07QrmUbmsVu0h3310,0.0,0,3,1,
0,0.08695652173913045,5.839805841445923,0,648p8TjJdUhvz1kzwnKAbO63008,0.0,0,3,1,
0,0,5.973846673965454,0,2641T6RBdJb2XLZN38m4tLnQ1130,0.0,0,3,1,
0,0,5.969134330749512,0,957jTOUmKitegWSXhSu5HBC528,1.0,1,3,1,
0,0,6.124428987503052,0,294512JZuY3wtRUnM7xV5Lvx3985,1.0,1,3,1,
0,0,5.887515544891357,0,2168vUp0MK_q-eM7E3DRDsyT4176,0.0,0,3,1,
0,0,7.707439184188843,0,10225FLoQxnwSkdi_B5KomYG350,1.0,1,3,1,
0,0.060606060606060615,5.811318397521973,0,24523V3YtR5qM3Ry32HOl9YL1891,1.0,1,3,1,
0,0,5.886462450027466,0,924h9Ft9SWd5mJ8NvTErCl72554,0.0,0,3,1,
0,0,5.964770555496216,0,1606Veghij1A-QwW6GVlGuCZ1220,0.0,0,3,1,
0,0,5.856425762176514,0,1536Vt7y8jm3lM_hxL8HrDZ31928,1.0,1,3,1,
0,0.10256410256410256,5.9791483879089355,0,945tBlPoKsnHp4m96z6_5la566,1.0,1,3,1,
0,0,5.869304656982422,0,2725wuIIBvm6m_bXwQlOlPpe897,0.0,0,3,1,
0,0,5.874062776565552,0,932xbC9_ugIV02dO2WeOtf32535,0.0,0,3,1,
0,0.08333333333333334,6.1846699714660645,0,571cpox6B770TVdihACJYmK196,0.0,0,3,1,
0,0,6.179580450057983,0,1424tcuici39BiIRCrEsLBdb617,0.0,0,3,1,
0,0.07407407407407408,6.097807168960571,0,612j9e8x-SX2twmRLrzLrA_80,1.0,1,3,1,
0,0,5.889105558395386,0,888Xb_uMPfibcJslsiGts6V2655,1.0,1,3,1,
0,0.06666666666666667,5.995206832885742,0,1558USBzQpgdUWBcaUu8vmKq1343,0.0,0,3,1,
0,0.08695652173913045,5.934449672698975,0,2010WZCaJ4UATWnu47fC8x_q2194,0.0,0,3,1,
0,0,5.849016189575195,0,2136GTNtg5ii_ljvTYd0c3zb1403,1.0,1,3,1,
0,0,18.710987091064453,2,2025x_2hg-9mZ-EGi6p0a3jI2164,0.0,0,9,1,
0,0.08000000000000002,5.876122236251831,0,27240PkmgWqz5j9_Fq0dxZCZ902,0.0,0,3,1,
0,0,8.095240831375122,0,1222uS4El57Q2wzu8IrO8jXC3091,0.0,0,3,1,
0,0,41.397451877593994,4,1407v19CEpuYZwkqnTa-q-b7664,0.0,0,15,1,
0,0,18.714446306228638,2,2042miR6jt7vY_V7syKyFwGL1670,1.0,1,9,1,
0,0,18.753257513046265,2,2177rTzU3iHejo6wHiCUUGgR4151,0.0,0,9,1,
0,0,18.259153604507446,2,1565Ydie_dkDFB5ITs4J5bt91321,0.0,0,9,1,
0,0,5.859947919845581,0,102860x28lgIYl08vHuvaK5q332,0.0,0,3,1,
0,0,5.723716735839844,0,1597nEqmtOHPo0XoNSnISrKk1245,0.0,0,3,1,
0,0,5.907862186431885,0,1828fptyhwuU_NFzQJA1Xi3E3367,0.0,0,3,1,
0,0,18.612483263015747,2,1553HtIHHM40j_HGKzQ8UC-Q1357,2.0,2,9,1,
0,0,5.891310453414917,0,2410AFq_qQ8y8JGQ7JFgVY783632,1.0,1,3,1,
0,0,5.83898138999939,0,2143rWgXIxnPTtsFFOBT0X5t4242,1.0,1,3,1,
0,0,5.654020071029663,0,22165cE4SIrSj4XGK-I-cUmM4056,0.0,0,3,1,
0,0,5.702024459838867,0,1991TmQZ4tOI7nwuybQ4yHxb2218,1.0,1,3,1,
0,0,5.829217910766602,0,626sqIdy_-8ySZOwFGfvHa-37,0.0,0,3,1,
0,0,5.7999267578125,0,2002a_R1XmwMDmL5wyPZDS2t2204,1.0,1,3,1,
0,0,6.085259914398193,0,91489gYi_bXEz_5f9xGfB8j2584,0.0,0,3,1,
0,0,6.619892597198486,0,699OiEXRKj_U0b0vWMEpACW2881,1.0,1,3,1,
0,0,5.8541419506073,0,845RUlmcCAkxZC2itV7MBh62764,0.0,0,3,1,
0,0,5.873492240905762,0,2118pxZoSka6gwQShv5gCvh11453,0.0,0,3,1,
0,0,5.848006248474121,0,10048BfgjG4enz3988-bMTQR401,0.0,0,3,1,
0,0,5.827447175979614,0,2145sC266Uf0RNluKT7FLFAv4237,0.0,0,3,1,
0,0,5.7970781326293945,0,1233BIh1MjWe8V_gvfBvkEMh3061,0.0,0,3,1,
0,0,5.900399208068848,0,2954jqY3V8dMNBIkxfLtHeUy3975,0.0,0,3,1,
0,0,5.805031776428223,0,874TgJ6pjm1tIjGOz4RQM6P2687,1.0,1,3,1,
0,0,5.839263200759888,0,2683ZWKumnsegnDtGeIxL8lV1014,1.0,1,3,1,
0,0,7.549995422363281,0,1372lJrQ_uzmwv3HIDERdt8q756,1.0,1,3,1,
0,0,5.832337856292725,0,846pjUcdsDwdYxx6e-kSkqz2759,0.0,0,3,1,
0,0,5.81510591506958,0,902WTqrcVsS44_3kCdKoIiQ2618,0.0,0,3,1,
0,0,11.379583835601807,1,928Hu3KA-x6oU_y3HrI-1_W2543,1.0,1,6,1,
0,0,5.734766721725464,0,2675d-90_uKGpaHgp3SdT5rO1036,1.0,1,3,1,
0,0,12.346193313598633,1,1566GrfvtQHA0o-4EBsVEj541319,1.0,1,6,1,
0,0,5.703735828399658,0,1973ZkDmgLcfAz_KK8nK3nfI2248,1.0,1,3,1,
0,0,6.074758529663086,0,870SoygQGV4uQaIki71P9Rb2697,0.0,0,3,1,
0,0,5.7223076820373535,0,2079-LyObLxGymHC2hBqr_KO1564,1.0,1,3,1,
0,0,5.753972768783569,0,20584mhCkIhYtM4En0z3MQYe1626,0.0,0,3,1,
0,0,5.854269742965698,0,2561RPearP2qJJF5nNBvVQ1L2467,1.0,1,3,1,
0,0,5.705296039581299,0,21437zdRayffhAEAXkARmi9b4241,0.0,0,3,1,
0,0,5.866834402084351,0,1485zXrCfbHH-0tedwW1xWx02039,0.0,0,3,1,
0,0,5.741661548614502,0,2525dJ4EWXcRDVXIeNXmusu41718,1.0,1,3,1,
0,0,6.063601493835449,0,1343QtMvat2gfyOpKcj4hGQk843,1.0,1,3,1,
0,0,5.712234258651733,0,1611MZZJtpt_K7BKLoHaLOLz1206,1.0,1,3,1,
0,0,5.819680452346802,0,16098VmMKHS5S-zIoi9Lnexu1213,0.0,0,3,1,
0,0,7.547255754470825,0,632js9QOyeh51lieyyYEk4e20,0.0,0,3,1,
0,0,5.599550485610962,0,2603-H9t6TlkjtGBNIL8Vb1I2387,0.0,0,3,1,
0,0,12.298975944519043,1,659fIQxckVQ8kQLQWyiAcB82981,1.0,1,6,1,
0,0,5.7104175090789795,0,640UbntiFko68p3ukz6iGpI3033,0.0,0,3,1,
0,0.2222222222222222,5.8029327392578125,0,2054QGdD7x1dFKrhbc4zQqkz1637,0.0,0,3,1,
0,0,5.720561504364014,0,2458dUd4YKaHBPU_GMLLWI0i1876,1.0,1,3,1,
0,0,5.910090684890747,0,1208_hsVPm9rZYhHcK-M-aqb3131,1.0,1,3,1,
0,0,5.680491209030151,0,2676Sh1pbKjbPEdIZU4GMc-I1033,1.0,1,3,1,
0,0,5.844841241836548,0,1535JT_lXL_OClCIRi_Kf0od1932,0.0,0,3,1,
0,0,5.767676115036011,0,2466TSVQzmiW-hXcxaEULw6K1864,0.0,0,3,1,
0,0,5.7716639041900635,0,709ZYekPZmIHVZUS0oAXArM2857,0.0,0,3,1,
0,0,5.926913499832153,0,599vA9baHhr2B12VCaQyfug111,1.0,1,3,1,
0,0,5.716244459152222,0,30010MAQ7KJ-aW0Z2L6ThUUL3860,0.0,0,3,1,
0,0,5.901488780975342,0,15234HN9qI_Z1BT9PU4i4eXx1966,0.0,0,3,1,
0,0.09523809523809525,11.343632221221924,1,2207Mhu0k4bRW9NfkPd9T-8G4076,2.0,2,6,1,
0,0,5.926799535751343,0,9674guoihWvbbOOb4MxV9OO500,0.0,0,3,1,
0,0,5.789850473403931,0,2532Ivi3Ohs9yg4eP9GRF8Og1698,0.0,0,3,1,
0,0,20.28483772277832,1,650c9GCkujN5yX2Hq3ptgvj3004,1.0,1,6,1,
0,0,5.7427356243133545,0,1210_s24nmmMlgNl60QCA3_m3127,0.0,0,3,1,
0,0,5.737759590148926,0,692bmuZ27AI6NVxsz0KR_vt2894,0.0,0,3,1,
0,0,5.7115538120269775,0,991UJ4U1LRmAW5-f92M6LsY427,1.0,1,3,1,
0,0,5.832929849624634,0,1758f6XRTOs9blC5Tid8Svkp3530,1.0,1,3,1,
0,0,5.780681133270264,0,711G4Jg_FtYtXkHFYHcl93A2850,0.0,0,3,1,
0,0,25.5789794921875,3,881k4icJUV-D69snt3YwNkN2669,1.0,1,12,1,
0,0,5.724537134170532,0,1360LxZ_Vrj1sZ5dYHaRGOd6791,1.0,1,3,1,
0,0,5.902082204818726,0,2370c3Q74fBiYG2zw9ZSejzb3708,1.0,1,3,1,
0,0,5.774031639099121,0,20865AJD7uSijZkNu3lQlJ481545,0.0,0,3,1,
0,0.06666666666666667,5.896548271179199,0,952immu55E33w37RJlOAkR0544,1.0,1,3,1,
0,0,5.712631702423096,0,1185gqKvDplW4LckBGIE71n43200,0.0,0,3,1,
0,0,5.75827956199646,0,1007UIE-H0wbpcNQZ4pjpJnS390,0.0,0,3,1,
0,0,6.012645959854126,0,2167979S1AzMJxecio9-6zel4181,0.0,0,3,1,
0,0,24.351367473602295,1,2044egsXeT6Z85kZYfUih06a1665,1.0,1,6,1,
0,0,5.669597864151001,0,877wqSp0Rkg0hf-ytTtfQ252683,1.0,1,3,1,
0,0,5.712608575820923,0,1380vA5P1fp-1XlZm7dLip3Q738,0.0,0,3,1,
0,0,5.855743885040283,0,1764vbHFXwP80fm-jdwvjuuX3511,1.0,1,3,1,
0,0,5.710251569747925,0,2982l1HVy2DPPpYq8WtirtxS3904,0.0,0,3,1,
0,0,31.733994960784912,4,1231cJjNwm3bfsTH7qWJy5MR3063,1.0,1,15,1,
0,0,5.665947198867798,0,952immu55E33w37RJlOAkR0545,0.0,0,3,1,
0,0,31.443859815597534,4,2461f8qQbH49itp6TCfAxJMw1869,1.0,1,15,1,
0,0,12.347809791564941,1,1389NIt7VpLR3rFxLFr6lrvJ712,0.0,0,6,1,
0,0,5.747439622879028,0,2965gY_fu8R7HgvXWZ2YZhQn3944,0.0,0,3,1,
0,0.1111111111111111,7.588093042373657,0,2682o1_7d0Xjs0Bd9ZV891gv1017,1.0,1,3,1,
0,0,5.503987073898315,0,2690j2wOUpSsJgKU08FvIZEg994,0.0,0,3,1,
0,0,5.605750322341919,0,1034epoawfzg9BJTz2Ca4vrd313,1.0,1,3,1,
0,0,5.709806442260742,0,716L1l3pKy-zugpO_a6ilSo2836,1.0,1,3,1,
0,0,5.704910039901733,0,2228Tic033jedplc8b6Uf0fN4026,0.0,0,3,1,
0,0,5.872612714767456,0,619TPd5jEymGsYMQLGFu97J58,0.0,0,3,1,
0,0.08695652173913043,5.696080923080444,0,15964GBbwb3RvaHJ4qtXl4Wq1246,1.0,1,3,1,
0,0,25.749537467956543,3,722euX_8p0vNdY_kluqzWx42823,0.0,0,12,1,
0,0,38.900296211242676,5,590ro0nE5d3ot52_gvAC8T9138,0.0,0,18,1,
0,0,6.25046181678772,0,2220FiinFvsU7-YyZ30zv8jY4048,0.0,0,3,1,
0,0,5.7855188846588135,0,979hdglxJn8R-0hBhG7P5nM463,0.0,0,3,1,
0,0,7.704597234725952,0,2694ltreEVbPipuuO8jQ7qct981,1.0,1,3,1,
0,0,11.322741746902466,1,7201GV7Ue0Cd9oNYVERMrHM2827,0.0,0,6,1,
0,0,5.873004198074341,0,13441C2N2xP14JB_ucyRSeEL840,0.0,0,3,1,
0,0,5.820390462875366,0,1593wQ03VrIWqHihtyDIzkll1253,0.0,0,3,1,
0,0,5.977480173110962,0,1830MpIhGxEOYndLD4ltPTIl3361,1.0,1,3,1,
0,0,5.691441774368286,0,624IMVlhXqEDrP4UTYdjFBl43,0.0,0,3,1,
0,0,18.941310167312622,2,2626MQV0T7h5MJ3KG7hHErhC2347,1.0,1,9,1,
0,0,5.8512208461761475,0,201676gIfT7jAO-6h0fecgJk2181,1.0,1,3,1,
0,0,5.5718724727630615,0,1622VzIGjCK9OcMrN2AGi78L1173,0.0,0,3,1,
0,0,5.754818916320801,0,2129Ps1jQaY1CwoiNj8jmkkP1422,0.0,0,3,1,
0,0,5.969795227050781,0,1779lcPuO1NFS50gJD6T-Zo73477,1.0,1,3,1,
0,0,5.76702094078064,0,2095lK7AE7QBvvimiBGlAhCP1520,0.0,0,3,1,
0,0,5.854838132858276,0,1566OYiRrAn9nhAe8krxhhlH1318,0.0,0,3,1,
0,0,5.858497619628906,0,2562xhuuQrOL772giwHAFNN12465,0.0,0,3,1,
0,0,5.766333818435669,0,1762sINPubHhOJZ7JGLvqpn33519,0.0,0,3,1,
0,0,7.45728325843811,0,981F93-pjjKms7jx4e2JVzV458,1.0,1,3,1,
0,0,5.63443398475647,0,985ZjvvC0gTx6zRqASlgtzC445,0.0,0,3,1,
0,0,5.765544652938843,0,1622tBSu7soksT-AzmIOuApI1175,0.0,0,3,1,
0,0,5.481121301651001,0,2597bEEmj9EqyhIvOn9lakux2398,0.0,0,3,1,
0,0,5.858419179916382,0,2111pGUGejfL5WACso3SLJbt1474,0.0,0,3,1,
0,0,5.6514716148376465,0,1187yN2Y5xluovzwpRCb1U-23195,0.0,0,3,1,
0,0,5.748216867446899,0,607K-braHAQ3mBasRzaqi7I91,1.0,1,3,1,
0,0,5.825681924819946,0,2524HPFjghxlMH26LswuLr121721,0.0,0,3,1,
0,0,5.750312089920044,0,2112Ka84DXM_2O-I9bb2Bh1H1471,0.0,0,3,1,
0,0,5.919320821762085,0,2009yUPItY6TQRe6eMeSQjOO2195,0.0,0,3,1,
0,0,32.60709095001221,4,3032cpPfK3yN5DpsFVbesgis3794,1.0,1,15,1,
0,0,35.374183893203735,4,674fc9KLiMj1S_6ZgcjWErn2942,1.0,1,15,1,
0,0,5.9116106033325195,0,216056mnlRJWqGhoIzF9wyxO4199,0.0,0,3,1,
0,0,5.8299925327301025,0,709nCI7ZXWYPT_VsxwhCSWp2855,0.0,0,3,1,
0,0,5.723640203475952,0,14135nOR58ZI6lSglpLLKJLs649,0.0,0,3,1,
0,0,5.828463792800903,0,21523ahtzE44hJmj4vLleIFL4217,0.0,0,3,1,
0,0,5.665089845657349,0,2406B4Z7N9AspBfhkFExbXtA3637,1.0,1,3,1,
0,0,5.794801950454712,0,2677ervM-KMjq6rGhqtWXlXw1032,0.0,0,3,1,
0,0.06451612903225808,5.89704966545105,0,1388YAP57D0SapGUbpiJRE9a715,0.0,0,3,1,
0,0,25.556972980499268,3,971YiMBm82cMuE-VjwzggoC486,0.0,0,12,1,
0,0,5.88764500617981,0,617iyLwPnEkb8aandhPxiQ265,0.0,0,3,1,
0,0,5.658966064453125,0,13429RfxQrh56mayQixQkhbs844,0.0,0,3,1,
0,0,5.9394683837890625,0,647k5bR1qBlBkeACsN2IIMD3011,0.0,0,3,1,
0,0,5.815454959869385,0,961rHLHYK3rKYFAjaPXxUWS518,0.0,0,3,1,
0,0,5.876010179519653,0,3000dqwXFQm9XMFpQ0HwdmuB3862,1.0,1,3,1,
0,0,5.730847597122192,0,2719WfPBP5JMsTcRPHcHpNOM914,1.0,1,3,1,
0,0,5.74535608291626,0,2040HhSymgf1wKjnAVm1XtFr1677,0.0,0,3,1,
0,0,7.6193296909332275,0,2541rje6l6smnNf496Mfo2ZK2506,0.0,0,3,1,
0,0,5.6265645027160645,0,1202iIzasrTScRTbY9MqhVF43151,1.0,1,3,1,
0,0,5.745451211929321,0,2384aVhKH9_EVqT5P4uiN6BD3679,1.0,1,3,1,
0,0,5.745316982269287,0,2524gNYm9nwLrGjKr29PkOaJ1723,0.0,0,3,1,
0,0,5.809922695159912,0,1458N6uaL3BJbFx0zaaW_fWm2096,0.0,0,3,1,
0,0,5.879337549209595,0,1218FmLMT0y2IKk9ZtWcCy973101,1.0,1,3,1,
0,0,5.760643720626831,0,1466HA3s7uyQytzf1DGQ7ak82078,1.0,1,3,1,
0,0,12.654634952545166,1,2163CPpJfPXi8a-ve64R5YUK4189,1.0,1,6,1,
0,0,6.032512903213501,0,2119SJEcYcuuQpuvuba_KlGl1452,1.0,1,3,1,
0,0,5.734281063079834,0,2529megpj8CeZE8YmFG-ONB81706,1.0,1,3,1,
0,0,11.982460021972656,1,2099_g4dFIknl3fT9dwR3u1P1509,1.0,1,6,1,
0,0,12.18095326423645,1,2217SJQhtYv5R5TRR96GIUDz4053,0.0,0,6,1,
0,0,5.635310649871826,0,2669v67locIF9ThvWJ8mcmqm1055,1.0,1,3,1,
0,0,5.575823068618774,0,866LtsA6S3dXyfEn4lwSbj-2706,1.0,1,3,1,
0,0,6.048428058624268,0,1011MjRtXOyGZ4-GuFtMmFil378,1.0,1,3,1,
0,0,5.557082414627075,0,11978_NZ80-7iblXNygjG5Mj3165,0.0,0,3,1,
0,0,7.332991361618042,0,2166jcvCXmlprvHV3vNw6N8Q4183,0.0,0,3,1,
0,0,5.4667136669158936,0,1462oZf7cRHuZfp2BDkDYtEC2088,1.0,1,3,1,
0,0,12.525804042816162,1,2032h_xc2uXEe2J9hKtwBMZw2147,0.0,0,6,1,
0,0,12.485697507858276,1,905uMGe3kos3fBWBJRcu64_2610,0.0,0,6,1,
0,0,5.784348726272583,0,1401DngdKRka9HWtSFdUlGtf683,0.0,0,3,1,
0,0,5.9567649364471436,0,2234WunkhYpA1H7nKvUqH4fU4009,1.0,1,3,1,
0,0,5.647534370422363,0,6697jIYtcKSoYakHzaLUALm2952,0.0,0,3,1,
0,0,5.725240230560303,0,2728nFa2ldCrvtEJDng_XYxW888,1.0,1,3,1,
0,0,12.833263635635376,1,1370QNUfD2WiHA7tvyK8d5Dc761,1.0,1,6,1,
0,0,6.181659460067749,0,2049EiSr8AWG9INgthccDLTD1650,1.0,1,3,1,
0,0,5.7783918380737305,0,2604e0fmEL2GWz6b8e3UT2SE2382,0.0,0,3,1,
0,0,43.34193301200867,5,1477MEOUCxX-xvP9dW6zynAa2054,1.0,1,18,1,
0,0,12.161368370056152,1,893CM-JFvTvcT8bMPws6w-12646,1.0,1,6,1,
0,0,26.058489084243774,3,2112z5T54aGAg6qkaOS_CEpU1472,0.0,0,12,1,
0,0,5.70359992980957,0,1379RrT3A_PqlFKQNYvghi-j741,0.0,0,3,1,
0,0,5.684206962585449,0,1773wG_suR5FqE-mF5fGOZf_3490,1.0,1,3,1,
0,0,5.725489139556885,0,25220uEQpWctQitEMppCz0oB1728,1.0,1,3,1,
0,0,5.670659780502319,0,1346yh2OMAtmfNpcRNt1SLy0832,0.0,0,3,1,
0,0,5.673511028289795,0,1764sM214smx3pexNt7ihmYZ3512,0.0,0,3,1,
0,0,11.154460906982422,1,29900qLcvUk1IANwUoRUksL83885,0.0,0,6,1,
0,0,12.403577089309692,1,2126DJgUbSL5sAmvrHK4b6i71433,0.0,0,6,1,
0,0,33.165846824645996,4,2373NRKFusfQc_zLqjvXUBsn3703,2.0,2,15,1,
0,0,17.607348203659058,2,1146avA58X9cjk_DPeXmAxoa3312,2.0,2,9,1,
0,0,5.5950212478637695,0,25035fhaQNvL0WXgoeoS66lU1771,0.0,0,3,1,
0,0,5.834080696105957,0,1782pNwPTa1BHnMqErVHNgVn3468,0.0,0,3,1,
0,0,5.780472278594971,0,2695ZPNMDXJVWkSpBsIvWP2e978,1.0,1,3,1,
0,0,5.681838035583496,0,734OaSkZy1tFRAsQhwXZpw72791,0.0,0,3,1,
0,0,5.461216926574707,0,966sGFsmeXRVmn5uld87Uqx501,0.0,0,3,1,
0,0,6.066890001296997,0,1219M-HK-GzSUL0_YTpEyAal3100,1.0,1,3,1,
0,0,5.628245830535889,0,688c3WuYR4MMHLmhRv-gN0x2905,0.0,0,3,1,
0,0,5.656414031982422,0,2700ouBGuI-BEf84sS7uN4t6964,0.0,0,3,1,
0,0,41.169551372528076,5,1002OYjKgvY_WrTVyv0BBUq7298,1.0,1,18,1,
0,0,41.92955017089844,5,15263OLWSlkXpClkcExQ-34k1956,1.0,1,18,1,
0,0,12.437744617462158,1,2047gFZId1qs9iPQOZC-ctZk1655,1.0,1,6,1,
0,0,11.22711443901062,1,632uvTxu-d7cMie_IsRhHir18,0.0,0,6,1,
0,0,5.645886659622192,0,2018YW2syleEWhsiOiqtl1bM2179,0.0,0,3,1,
0,0,5.623954772949219,0,13557O5UDcwm79Dbe5mMKkyP805,0.0,0,3,1,
0,0,5.609041213989258,0,610Wlu96o5AFYgV3XRdxvUD81,0.0,0,3,1,
0,0,5.766461610794067,0,1222CcGGwOypuVs066m0-Ti03089,1.0,1,3,1,
0,0,5.658077001571655,0,920_3eA9G_QtBFRfHPqbpXD2564,0.0,0,3,1,
0,0,5.66777491569519,0,582uj-O_p2agIMaKLfVvt9q163,1.0,1,3,1,
0,0,7.169401407241821,0,11874ivUPRxetEbIs17W3yI23194,0.0,0,3,1,
0,0,5.656308174133301,0,663-JJ9KuxO4ce29ftc42bp2969,1.0,1,3,1,
0,0,7.191617488861084,0,1586xdhd1pR6S0dzxj9ovgft1273,0.0,0,3,1,
0,0,19.514965295791626,1,1609EOhGYwBpZppwqq_NILl01211,1.0,1,6,1,
0,0,5.506998777389526,0,728o5nPELHgiol01noXmKOs2804,1.0,1,3,1,
0,0.0425531914893617,5.794472694396973,0,26216Z83wTl882xhoh0wbJyW2356,1.0,1,3,1,
0,0,11.412925243377686,1,2738DAMkWYr6P41qkaUL03WS861,0.0,0,6,1,
0,0,5.843613624572754,0,2685GABqKAQvYffOXnzpYe7d1007,0.0,0,3,1,
,,,,2497_yB250Kp0G5hx_qYaSQz1790,,,,,Ollama request exceeded timeout limit for model stable-qwen with error: timed out
0,0,26.94223713874817,3,2655gxZrOskmjOA-TW3Ehnd31093,1.0,1,12,1,
0,0,6.030308246612549,0,5638rNPpZlKveews0Jur10f220,0.0,0,3,1,
0,0,7.4565277099609375,0,1610uoqONpVWq8hbfW0IWTp01210,0.0,0,3,1,
0,0,5.493428707122803,0,1619WNMGVblYkoUK6xqbFIWj1181,1.0,1,3,1,
0,0,5.808478832244873,0,2488DTQyWJtFzqpMo0G83Z141809,0.0,0,3,1,
0,0,5.539806127548218,0,1148PSyI-r3aKN8Fs-txzeP-3307,0.0,0,3,1,
0,0,5.601029634475708,0,620bIM9wpBXt4X64dKqTAlI54,0.0,0,3,1,
0,0,5.481915235519409,0,697hxPp_DRdUO5M8Mhc9Foe2883,1.0,1,3,1,
0,0,5.470281600952148,0,2596mAI-2gOF5YyGddhRQY7J2401,0.0,0,3,1,
0,0,5.676208972930908,0,1353w0JPzybqaK7D7IgLKUAQ811,0.0,0,3,1,
0,0,5.614771127700806,0,2002fbBFgunu-KJFrVTfeKi42202,1.0,1,3,1,
0,0,5.704219818115234,0,19576albE3jQTwnzltPL9x4p2282,0.0,0,3,1,
0,0,5.604324102401733,0,2029zM0iFxiByEjdcqWytGF82157,0.0,0,3,1,
0,0,5.58083701133728,0,705qdVGES6XsgQsP_yvGu_I2866,0.0,0,3,1,
0,0,5.915968179702759,0,5638rNPpZlKveews0Jur10f221,0.0,0,3,1,
0,0,5.593799829483032,0,3025ztWv0J68PeStGtNqdd7e3807,1.0,1,3,1,
0,0,5.8221588134765625,0,992-81dbeU4j2z_OL117yjt423,1.0,1,3,1,
0,0,26.799165964126587,2,908jl25A_Iov80feqJ4evmm2602,1.0,1,9,1,
0,0,5.567884206771851,0,1215415v_BmzwkNXDE-6MKs73111,1.0,1,3,1,
0,0,7.366360425949097,0,1520uD9FiUqcbSpNYsUopFjY1971,1.0,1,3,1,
0,0,5.4880852699279785,0,2389fMXDCf-L0WzUcKd1VeHg3670,1.0,1,3,1,
0,0,5.604511499404907,0,1428xPneXxp8WCid2OQ6y0ie605,0.0,0,3,1,
0,0,5.48572564125061,0,1762sINPubHhOJZ7JGLvqpn33518,1.0,1,3,1,
0,0,5.5808000564575195,0,2165UFxDkTAvPqvH4KxZyH3w4185,1.0,1,3,1,
0,0,5.6741249561309814,0,1385LTJsjSVpJOBIcpvswpuK721,1.0,1,3,1,
0,0,5.6510560512542725,0,633PNkXpWrT5V7t9B3iNQ9z15,1.0,1,3,1,
0,0,5.936321973800659,0,2552VNiXxsau_A7kc3Tvf3p22484,0.0,0,3,1,
0,0,5.519880533218384,0,145680wJT2OEc4U1fHPyTYZE2103,0.0,0,3,1,
0,0,5.717374801635742,0,14141HXL5FAh9vdVXc_7zkwN645,0.0,0,3,1,
0,0,5.533648252487183,0,1509CUIy9Rlec04CLHTvttMQ2001,0.0,0,3,1,
0,0,5.609226226806641,0,1016CUBKrFMJ-UTMJxunATzk368,0.0,0,3,1,
0,0,5.722197532653809,0,1553LH4jQ8Gyh4swkDp_mTRB1356,1.0,1,3,1,
0,0,5.52060866355896,0,1146WndGbCRXWQdZIkeho7Gc3311,0.0,0,3,1,
0,0,5.688508987426758,0,578C_O7pYNiyLAUSE5J66xB175,0.0,0,3,1,
0,0,5.602594614028931,0,1005kUSQjnYNjRyPCjiXwSaB398,0.0,0,3,1,
0,0,5.572037696838379,0,998Con_q4MLI1RfJuY2bKbI415,1.0,1,3,1,
0,0,5.6854588985443115,0,1226VvNg35i87Jc0HRevhBIp3079,1.0,1,3,1,
0,0,5.596600532531738,0,1961NgbrYCa8qLoT8bwQvWyP2273,0.0,0,3,1,
0,0,7.340333461761475,0,958UDYY0qFH9pDU9YSVA8Vc526,0.0,0,3,1,
0,0,5.6189186573028564,0,16127RJnwPcCuQ2L6JWAn7Rd1204,0.0,0,3,1,
0,0,5.659404993057251,0,2345L8lcdJOyUpQRQBcnRzDK3766,1.0,1,3,1,
0,0,5.559801340103149,0,2379GN9mys5ZoyDzMrBRliJf3689,0.0,0,3,1,
0,0,5.534111261367798,0,1497JQ4ZHRsRX7evdsz7Cnxn2026,1.0,1,3,1,
0,0,5.7074713706970215,0,1587uaVpzNlVFOvm2d9R858J1271,0.0,0,3,1,
0,0,5.535614490509033,0,691pqnhMyJfTBtJrs_4z71s2898,0.0,0,3,1,
0,0,5.634922027587891,0,2550LYN4iIl7yI_G3sifQnSg2490,1.0,1,3,1,
0,0,5.560609579086304,0,1804uzeMzyojontOD0RrTKB-3426,1.0,1,3,1,
0,0,20.295811891555786,2,875rKE1xYgnsy1BcrIiDIQI2685,1.0,1,9,1,
0,0,32.533060789108276,4,2977yupMSQn-HI-bXvQfc1K33916,1.0,1,15,1,
0,0,33.60355567932129,4,2698bgG-pSvhH1uH5WECCZ_3970,2.0,2,15,1,
0,0,6.008972406387329,0,2081wGIIBL_5uHYg2-zjVmIl1559,0.0,0,3,1,
0,0,5.714733839035034,0,562PdLKBSdwFoIYHY2sfoIe222,0.0,0,3,1,
0,0,5.839942455291748,0,1545g1Tb818_JNDAuQjE--ZZ1379,0.0,0,3,1,
0,0,5.7598717212677,0,1544BBli6lvsM3ocK55YaTtb1382,1.0,1,3,1,
0,0.1,5.861806631088257,0,1000i5ZESzidE5hb6hdUdea2408,1.0,1,3,1,
0,0.2105263157894737,5.704995632171631,0,2693xNMD-j6qs0jX-U23Wf0I984,0.0,0,3,1,
0,0,5.733350992202759,0,14925BpcZux1svJlrAtyoMai2029,1.0,1,3,1,
0,0,5.95587944984436,0,556P8pjHZyb4ejA9BA5GDtx242,0.0,0,3,1,
0,0,5.967719316482544,0,1590DQgHfimikqgwh-c_JwUe1261,1.0,1,3,1,
0,0,5.858355283737183,0,2687GNgTIwftLmhQl-ULlyIq1002,0.0,0,3,1,
0,0,12.635303735733032,1,252513Fb0l8m0GRRu_iLUCVp1720,0.0,0,6,1,
0,0,5.916122913360596,0,664f37D7JhEzRWzT7PSpfeq2965,0.0,0,3,1,
0,0,5.738621234893799,0,2148NJIHZymeZVgHJqfku_T-4226,0.0,0,3,1,
0,0,5.890585899353027,0,22353xyc8AR6WxpoF2OKgYnG4005,1.0,1,3,1,
0,0,5.734730243682861,0,925n35w1SDxy9hu-BoGzQhT2551,1.0,1,3,1,
0,0,14.499377250671387,1,25929jtoxzmRvrCghJK2Yr5n2409,1.0,1,6,1,
0,0,5.621406316757202,0,22035zMP91kTdK0D670Gm9DE4088,1.0,1,3,1,
0,0.05263157894736842,5.902337074279785,0,1584nXcMXJnDRIJAimgA99Zv1279,1.0,1,3,1,
0,0,6.143950462341309,0,656YB8T90k-pyOHOCeclaxG2988,1.0,1,3,1,
0,0,5.917003393173218,0,2693jy7ZRqHH6YP_cNnIYq_h983,1.0,1,3,1,
0,0,5.711696147918701,0,726Zqrdy5MxEOzGUtfFmSDk2812,0.0,0,3,1,
0,0,5.78277587890625,0,974vUVNFZZhK9Vx9yosXwyz478,1.0,1,3,1,
0,0,5.813349962234497,0,1451JJuYQ7gSCXBvwOXzxUO72111,0.0,0,3,1,
0,0,5.693033695220947,0,1797bKcsOYWjujXqmm-PqvRx3438,1.0,1,3,1,
0,0,5.838138818740845,0,3011HiShQ8Sh1h9w8aYM2bSM3837,0.0,0,3,1,
0,0,12.631078481674194,1,2083X6CobqyKBWlVB2erFdr91552,1.0,1,6,1,
0,0,5.963823080062866,0,2059u7LeYW8QJT4FuRBunnc71622,0.0,0,3,1,
0,0.07407407407407407,5.8007493019104,0,2446m66Tw_4sOTHwmDMR5WHc1904,1.0,1,3,1,
0,0.1111111111111111,5.984388828277588,0,913p95ynskZDtXb0qOC6dwA2585,1.0,1,3,1,
0,0,5.8372392654418945,0,1483yi8ag0RBlDyqbW4LauBq2044,0.0,0,3,1,
0,0,5.891231536865234,0,1428xPneXxp8WCid2OQ6y0ie604,0.0,0,3,1,
0,0,14.279951810836792,1,2127j4vlim-EJ7C9hksd0XEG1430,0.0,0,6,1,
0,0,5.634501934051514,0,3016UHntd5AXw8O8ujuIuzC03825,1.0,1,3,1,
0,0,5.670006036758423,0,262821L4N7qZnsAQ8yXausca2343,1.0,1,3,1,
0,0,5.897488832473755,0,1739zS5d5K2nGI2VG3-3pbM_3586,1.0,1,3,1,
0,0,5.671350955963135,0,1407o89xvqZTutf5eFwNUiRW665,0.0,0,3,1,
0,0,12.197473764419556,1,892NlSY0o_jjuvHCLz66OUl2648,0.0,0,6,1,
0,0,5.691241502761841,0,1198n_07s62TLlmlj1bGHEMh3161,1.0,1,3,1,
0,0,5.849039793014526,0,1145CdbMPhBl1m3XpPiJVufo3315,1.0,1,3,1,
0,0,5.743020534515381,0,300300XBB2enm-sjUC1pecfx3857,0.0,0,3,1,
0,0,6.04388427734375,0,2025tOS4Snu9-CzxWSTOYU392166,0.0,0,3,1,
0,0,5.773224115371704,0,1185QUMqAkrbMIjcG5gvt2YM3201,1.0,1,3,1,
0,0,5.890316724777222,0,934hLc2W0dI5ExU1xikzEH42529,1.0,1,3,1,
0,0,5.836759328842163,0,2635-GCLdPLMrmMD4qnPKG-_2328,1.0,1,3,1,
0,0,5.793360710144043,0,1577OEbmLnj5geKIc3Ms5Gtk1298,0.0,0,3,1,
0,0,5.8883888721466064,0,26727Yse7GsoM0NaNss8TBWk1047,1.0,1,3,1,
0,0,5.788767337799072,0,269641MnNGSIX-ZmkeYfsnXq976,0.0,0,3,1,
0,0,5.865213394165039,0,936Yj1HaPjTlXv6Hgo8Cae92522,1.0,1,3,1,
0,0,10.144566059112549,0,27065ZHgP-paSB5ljBAmKla_948,1.0,1,3,1,
0,0,5.66571831703186,0,2581ppi0j1b9BNl9BapOdicC2430,1.0,1,3,1,
0,0,5.772344589233398,0,2601GgSIDEnk6OnshxTFVGk-2392,1.0,1,3,1,
0,0,12.11470913887024,1,2729LQr51_aLqEDD75sH-mQa885,2.0,2,6,1,
0,0,19.591085195541382,1,2711IiarGLddFLTH1FRe4yTe935,1.0,1,6,1,
0,0,5.860323429107666,0,964RapMeSY8FyWlaMkFUNk8509,0.0,0,3,1,
0,0,5.782094717025757,0,1214OL0S8M01IQnF-7GOuJJn3113,0.0,0,3,1,
0,0,5.898427248001099,0,1946Nnxnp68NuZXwOGDihqLA2308,0.0,0,3,1,
0,0,5.884871244430542,0,612ky8baY-v_Ae9A0ILjO9a78,1.0,1,3,1,
0,0,6.079610109329224,0,2492ldlNHGz1Ln-OVphSGeie1801,0.0,0,3,1,
0,0,5.923753976821899,0,986wotq83gPK5H9RJCPZcUa443,0.0,0,3,1,
0,0,35.46927809715271,4,1999xtjeBxtA7VH_gw9Nh6zf2209,0.0,0,15,1,
0,0,5.790249347686768,0,6397bAfLk75E5KWRPhdSxoO3035,0.0,0,3,1,
0,0,7.705137491226196,0,593kmxrhCum30V8LO3FwczX131,1.0,1,3,1,
0,0,5.592696905136108,0,1476v2PUFlQQdpTZSxONJoJN2058,0.0,0,3,1,
0,0.1,5.845855474472046,0,933f51SxFqN5EEdYugeQFhF2533,0.0,0,3,1,
0,0,5.834320545196533,0,1837P7XMSHwyeqg5w6sgNooL3338,1.0,1,3,1,
0,0,5.786923408508301,0,1155buq6aWlaQuO1-Win_xed3285,0.0,0,3,1,
0,0.07407407407407408,6.873782157897949,0,2400vNrdJburJUbyqPL1jKf-3646,1.0,1,3,1,
0,0,5.728061199188232,0,634_5Ke_8xaAo_UsybwdiB113,0.0,0,3,1,
0,0,5.8517420291900635,0,15928E8pxEJmfNp4i0dvTpic1257,0.0,0,3,1,
0,0,15.98600435256958,1,2046Y3tesPObf1eU4k2Ieg_q1658,0.0,0,6,1,
0,0,5.762230157852173,0,1805jD6pXVUKWTExN0qvvGu63423,1.0,1,3,1,
0,0,5.780153274536133,0,1816M49IXoDpU__17vFIazVS3396,0.0,0,3,1,
0,0,5.875500202178955,0,859dpErN7YnpSc62U8feJVS2722,1.0,1,3,1,
0,0,23.025074243545532,2,1016iZHfARlbR17vRBgOG7AS366,0.0,0,9,1,
0,0,7.144593715667725,0,2121tJVu3NPeLooSCowp2KBZ1446,0.0,0,3,1,
0,0,6.848504066467285,0,3008p0idCpuhxmLUgt3xPUiv3845,1.0,1,3,1,
0,0,6.90397310256958,0,1023GZ3dln2t0HzaDV2xwSoN347,0.0,0,3,1,
0,0,7.605632066726685,0,672fdvBLQoGo5ntM5w4YRi_2946,0.0,0,3,1,
0,0,34.96154069900513,4,1617-HTq6axozTF-eMfISD1Y1188,0.0,0,15,1,
0,0,5.7237043380737305,0,1829Io4ow-6WaOGk3uMLY2EE3364,1.0,1,3,1,
0,0,6.340883016586304,0,662FSjJPutAhsBA5hh--LCF2972,1.0,1,3,1,
0,0,39.37019610404968,4,999gah7KDso3MxqZMK24KwL413,0.0,0,15,1,
0,0,5.934197187423706,0,882doeTQayJlOLXdbcJEWxe2666,0.0,0,3,1,
0,0,43.68756914138794,5,2346lpAFRW5wMh0QbCkt1J153765,1.0,1,18,1,
0,0,44.00996279716492,5,570b8sPdCNrCb2fqPau5nlt198,1.0,1,18,1,
0,0,5.747007608413696,0,1364rzJ0x_lGbilmxlREm3-p780,1.0,1,3,1,
0,0.1,5.920114040374756,0,1352KmQBu98vzork4gBBSRO7816,1.0,1,3,1,
0,0,5.791196584701538,0,967mE-YQ6GKIOciQhgemIuu498,1.0,1,3,1,
0,0,5.8470354080200195,0,853rlvzrZk-fZ0MJGXIDsKK2740,1.0,1,3,1,
0,0,5.869829177856445,0,1420r8hCUL3cJbDlZaKhMA1w626,1.0,1,3,1,
0,0,5.786120653152466,0,9663riGhItsb_5EG0X5d0GP503,0.0,0,3,1,
0,0,5.734467029571533,0,2632BRHiLLVNas_DcfbmC3c-2330,1.0,1,3,1,
0,0,5.681943893432617,0,25775PQIxbBRzGch8_9ktspn2442,0.0,0,3,1,
0,0,5.772237539291382,0,2686JOWKciP4s6sWuWPuyo-d1004,1.0,1,3,1,
0,0,5.535901784896851,0,1390o9_Ny0o9guZOaXj0sbu7711,1.0,1,3,1,
0,0,5.998082399368286,0,9686ZR7i7IlPRKYMLz1gLVE497,0.0,0,3,1,
0,0,5.79199743270874,0,1747m5UQck6_uvx449-K2ICH3563,1.0,1,3,1,
0,0,19.51932978630066,2,960o6-E-_ISeh5lV6FHiD34521,0.0,0,9,1,
0,0,5.9730658531188965,0,26584ooM2Zw_eA4brG7DDLRH1084,0.0,0,3,1,
0,0,5.586907625198364,0,2139yDUqrN6ktYr0XYmUtrhj4251,0.0,0,3,1,
0,0,5.8507020473480225,0,2658kpZ5jhLWnxu93y4HPmEB1086,0.0,0,3,1,
0,0,64.70085287094116,1,1982gXuf8xxJfqlXCJ0lBbBx2236,1.0,1,6,1,
0,0,5.580956935882568,0,1442E-iDHqJgmhXgGgUnsT6U2127,1.0,1,3,1,
0,0,6.122516870498657,0,1835xWOwAfgrbHJnPbJjkinW3345,1.0,1,3,1,
0,0.05555555555555556,11.942891597747803,1,21819xbRjmQqZsl8GNgU4sNW4141,0.0,0,6,1,
0,0,6.280469179153442,0,2535aSLMIE3ai-2WCJ4pqVYs1691,0.0,0,3,1,
0,0,6.381225109100342,0,735yFZGdJWVMnSb6dYaQkiG2787,0.0,0,3,1,
0,0,6.173223495483398,0,1457upHRYV54bxzXrLiZtg6L2099,0.0,0,3,1,
0,0,6.329480409622192,0,1183U1zI1TbGdaZR1adOMYQM3207,0.0,0,3,1,
0,0,13.507083892822266,1,1369djsyqLYuxpeSrFzUMmCE764,0.0,0,6,1,
0,0,6.393198728561401,0,2977bAR1UUAdut5SZn4bYC9-3918,0.0,0,3,1,
0,0,7.996313810348511,0,2536UpX9Bg_Y08DDNzXdFiU_1690,1.0,1,3,1,
0,0,6.03539252281189,0,581eQPPkrKHcN8_8Sw_9yqc166,0.0,0,3,1,
0,0,6.1759467124938965,0,182447yf5Kxgmkoq18WzZ-kB3379,1.0,1,3,1,
0,0,6.525682687759399,0,2599s6M3aZhTKLbo_uqhfouF2396,1.0,1,3,1,
0,0,6.715740919113159,0,2607OKKx_-TxJyP4xHwMylUE2373,0.0,0,3,1,
0,0,5.625503778457642,0,1235ppKKbTr1utemwebxmtLB3055,1.0,1,3,1,
0,0,6.136309623718262,0,2480x9e2-ZMs1EKt6D0tRsQi1826,1.0,1,3,1,
0,0,6.1444807052612305,0,2159ddV_uhwSKY-ivPDLPBYe4202,0.0,0,3,1,
0,0,6.395925521850586,0,1613_GNhprlpdle_vZoOR-qp1200,1.0,1,3,1,
0,0,6.156452894210815,0,23527XII60w5C9XqiZx6OCLt3753,0.0,0,3,1,
0,0,6.4063122272491455,0,1472rUZfzrrFBRkQ2V9Nom352064,0.0,0,3,1,
0,0,6.368091344833374,0,1952VkcVXDZByWM4BEkloo3g2292,1.0,1,3,1,
0,0.058823529411764705,6.236053228378296,0,1346nIMk4YFeJtxqsv7zKctl834,0.0,0,3,1,
0,0,6.125423192977905,0,1021PPK-R-xW8kEi9x6y3ozh352,0.0,0,3,1,
0,0,6.14680027961731,0,2722B2Q7xCqKAJysuUWecphg907,0.0,0,3,1,
0,0.05714285714285715,6.280052185058594,0,1007US_OGKNW9-UY27_fbDjW392,0.0,0,3,1,
0,0,28.858527898788452,3,2959FnHyjmyIGupp1N26K34X3962,2.0,2,12,1,
0,0,5.746880769729614,0,1441MCBHwz4mlshCsnGFlkHe2131,1.0,1,3,1,
0,0,5.779797315597534,0,1144Dngx4nkJVbVR8P-iE7sU3318,0.0,0,3,1,
0,0.032258064516129024,53.564921855926514,5,29814YmrvhgM84gEBT0lVxvw3906,1.0,1,18,1,
0,0,48.34579110145569,5,2971KWjWQ_4RCyuE49PD1BRC3931,0.0,0,18,1,
0,0,49.14640760421753,5,1759y5yGptDhTmoTR_wEuxlL3527,1.0,1,18,1,
0,0,39.16286373138428,5,2357Td0_4YYUSAljF5vBv_0h3739,1.0,1,18,1,
0,0,44.876211643218994,5,1150dinob9vqgTZrk-xbjId83300,0.0,0,18,1,
0,0.09090909090909091,50.47217082977295,5,1206pt-2ozhsCeZeJuJZ11Ii3138,1.0,1,18,1,
0,0,38.843900203704834,5,920oP3ZWGsXlXtshho5kLW02566,1.0,1,18,1,
0,0.045454545454545456,45.312429904937744,5,5790Fok9pJKiiI6Y-n3yb5i171,0.0,0,18,1,
0,0,40.74527359008789,5,1746xFkEmAdD0clAPlBABufm3565,0.0,0,18,1,
0,0.04,40.718950510025024,5,1766ZRZ8EEGBsuCXUDeVU6AL3507,1.0,1,18,1,
0,0.04081632653061224,52.21568727493286,5,859dpErN7YnpSc62U8feJVS2721,1.0,1,18,1,
0,0,19.0649676322937,2,2534kfzrkiF6qPoNEuEogKpb1695,0.0,0,9,1,
0,0.08695652173913045,12.52983570098877,1,878Tp76n2ZpjK1LVAz5F3Mg2680,1.0,1,6,1,
0,0.06666666666666667,5.986999034881592,0,1611MZZJtpt_K7BKLoHaLOLz1207,1.0,1,3,1,
0,0,20.40435481071472,2,687a3A4RhuOTcthCNUiIrgc2907,1.0,1,9,1,
,,,,2506tnNa34B-P_N92wRxsBoH1767,,,,,Ollama request exceeded timeout limit for model stable-qwen with error: timed out
0,0,39.65414810180664,5,580J0GQq9CMPFwuNoK_eRB4170,2.0,2,18,1,
0,0.07999999999999999,40.32384467124939,5,8868thLYr46u8EShTLKweit2658,1.0,1,18,1,
0,0,40.64327836036682,5,1357dHKRJVVa-pcJ70XOotOx800,0.0,0,18,1,
0,0,38.367095947265625,5,8982jMja-0mYqXcdvoFxJxW2630,0.0,0,18,1,
0,0.07407407407407407,17.94216012954712,2,2655YDVlTu5g8XP-s_xoiAGt1095,0.0,0,9,1,
0,0.08695652173913045,5.9534056186676025,0,2196RcteK2m9GTjJgXROQiPI4109,0.0,0,3,1,
0,0,5.878948926925659,0,9800iElAh33OivZxcm_4tCk460,0.0,0,3,1,
0,0,6.247003078460693,0,24057YiGguOU4QpG_Wn3OHra3640,1.0,1,3,1,
0,0,5.997329473495483,0,2579V8DiOeUpZ5xJHz_B22Nw2437,0.0,0,3,1,
0,0,5.974837064743042,0,2087IjAfgbVGOizyI4eZPItW1543,1.0,1,3,1,
0,0.13793103448275862,5.993442535400391,0,2447UihYYfUXE3z2K7OG-aL91902,1.0,1,3,1,
0,0.04761904761904762,5.860605955123901,0,2631s34D4pZl8TjOOyGiit1L2332,1.0,1,3,1,
0,0,39.921730518341064,5,2115wjzLCrPzhF-VpxKRqJFP1463,0.0,0,18,1,
0,0,160.28486847877502,5,1818-F59qEXWD7zf-tifA6Fz3388,2.0,2,18,1,
0,0,40.38352131843567,5,3003dQUE5hLbknhc6gAE1TOI3856,0.0,0,18,1,
0,0,42.22378754615784,5,647GmaUXD9I5MZkvW1GqNBE3012,1.0,1,18,1,
0,0,42.04230761528015,5,2673R6wJljC4R8_gzHYO3Plt1042,0.0,0,18,1,
0,0,40.864726543426514,5,1196pKofKEiQ1ZBZSetE64_G3168,1.0,1,18,1,
0,0,9.304187059402466,0,1524Nfm7mS8r69gMUDH3Iml01961,1.0,1,3,1,
0,0,43.47802209854126,5,883RFNtuFISrJk8_Rt0CI6B2665,1.0,1,18,1,
,,,,26682MjSxvP6AiBNgCeojDJb1057,,,,,Ollama request exceeded timeout limit for model stable-qwen with error: timed out
0,0.03333333333333333,47.03573751449585,5,2160pB7t95SaGUm4CzQhgmjJ4198,1.0,1,18,1,
0,0,42.733908891677856,5,716hek6-tGWv6OjWX6V9K692835,0.0,0,18,1,
0,0,38.31008982658386,5,25163F-nTR5MBd30RtLg31GT1747,0.0,0,18,1,
0,0,38.03089356422424,5,2041iPCDoSwc6-SSEDCFNNzL1675,1.0,1,18,1,
0,0,40.06163263320923,5,7008WqVcdO5NHeeSxJ_rN-I2877,1.0,1,18,1,
0,0,38.74589920043945,5,25316jqKhJvYVlP1H8PWC21S1702,0.0,0,18,1,
0,0,38.90381836891174,5,1750NmMTJzJEm36yjIov9B9h3552,1.0,1,18,1,
0,0.07407407407407407,43.78637075424194,5,614Bxg8ByFfN9DYmXPdt9mG72,2.0,2,18,1,
0,0,47.49724626541138,5,918WklZmO3jLsn_Z70OZLWg2571,1.0,1,18,1,
0,0.04878048780487805,47.18024945259094,4,2454DywEFUk_89WopSOIo62c1888,0.0,0,15,1,
0,0.014814814814814815,54.18626356124878,5,2951jT6DhbJBxVHu10Bg2oXX3980,0.0,0,18,1,
0,0,46.34111046791077,5,1559TG0OMQDF0IiIQ-iWWlLf1341,0.0,0,18,1,
0,0,41.90003776550293,5,1508H4qju9CSQupQaGqERdUH2004,1.0,1,18,1,
0,0,40.503488540649414,5,1534EqrG2U5ZwhVnfonLjR3v1934,1.0,1,18,1,
0,0,40.62601852416992,5,1637oAol1FhKHhQdYFj8rM9_1137,0.0,0,18,1,
0,0,38.95043635368347,5,590XWeIE_Ub3P9D0x7jiKmg140,0.0,0,18,1,
0,0.04081632653061225,40.675740242004395,5,1385ik6Ip2I4xXAHzd2hJNiR722,0.0,0,18,1,
0,0,42.36823320388794,5,550jo6NqKN88LJy5XivwHWi260,0.0,0,18,1,
0,0.03636363636363636,44.65521192550659,5,1148PSyI-r3aKN8Fs-txzeP-3306,0.0,0,18,1,
0,0,43.02978301048279,5,2070UnqvM1-fIev38f4GM7OM1590,0.0,0,18,1,
0,0,47.84834027290344,5,6810pXzj6X5cQY4449WyWI52924,0.0,0,18,1,
0,0,18.5447256565094,1,1745NUZ2j8Ha1NL9ReBuDZX-3567,0.0,0,6,1,
0,0,7.061902284622192,0,2459esAepNixSA0AcF8zNoUb1873,1.0,1,3,1,
0,0,7.090012550354004,0,26250nxthp2POkkPu-sWPuc42350,1.0,1,3,1,
0,0,7.223628997802734,0,1613uVGIU9rbTfPHxhpCKPHB1199,0.0,0,3,1,
0,0,7.138306379318237,0,1491oI4TAF4mItNmtq538iaG2033,1.0,1,3,1,
0,0.09090909090909091,7.216042518615723,0,5829IqfH0v_SCRjimDfqJQV162,1.0,1,3,1,
0,0,7.156614065170288,0,1974I-pVnxUHEcoxxhc26Hf32247,1.0,1,3,1,
0,0,7.283891916275024,0,2224RcPD7El8ag0rMhsUVbtJ4037,0.0,0,3,1,
0,0,7.155645370483398,0,1360D7Hgd9qw5bZMvmEITupU790,0.0,0,3,1,
0,0,7.148540735244751,0,2986MO21v7OjEXp1PFMGy7zb3894,0.0,0,3,1,
0,0,7.231173992156982,0,1769rga8DFTYurVZ6xGRlZ-k3499,0.0,0,3,1,
0,0,35.147963762283325,4,1359atcV3Ym9xm3K3Feuwic1793,0.0,0,15,1,
0,0,6.729588270187378,0,1199A2SWcBf7AXJV9GygzZFM3159,1.0,1,3,1,
0,0,6.738424777984619,0,17388L0pXFkN6Wb2CQAgtWsF3589,0.0,0,3,1,
0,0,6.633073568344116,0,697bJxNrY0oHPPOp9A6H2w-2884,1.0,1,3,1,
0,0.09523809523809525,22.2393319606781,2,2423B6sbACqoj9ruotjUHd4V3608,0.0,0,9,1,
0,0,9.051237106323242,0,893CM-JFvTvcT8bMPws6w-12647,1.0,1,3,1,
0,0,8.993337869644165,0,1037LvCdYeAKroXxUJeycQww305,1.0,1,3,1,
0,0.11764705882352942,9.10813021659851,0,1397d2BPGtIDfQjgBBeI1gfi694,1.0,1,3,1,
0,0.09090909090909091,9.214162826538086,0,2197JYHIBfWstcD9UKgGesaP4106,1.0,1,3,1,
0,0,9.016913414001465,0,567COo6mlEhcowdZdaMt4w3208,1.0,1,3,1,
0,0,9.153905630111694,0,22028XpMKQjngZ6oNkc2mHhg4092,0.0,0,3,1,
0,0,33.87280893325806,3,1947A5MF0NJR55TokdQfbhca2306,0.0,0,12,1,
0,0.019047619047619042,8.378701448440552,0,2511yeDda16x6E0RLYCDi9mP1756,0.0,0,3,1,
0,0.0198019801980198,8.847872972488403,0,2415XgbOPioSGAgijio17bAF3624,1.0,1,3,1,
0,0,15.756193161010742,1,1165doXH6LWPr1l3iKFqXoxi3258,0.0,0,6,1,
0,0.017094017094017092,8.18384337425232,0,2997pY-cnb_SN-LcFfS41l9P3870,1.0,1,3,1,
0,0,8.069673538208008,0,587v2MlTNxLZ2PTLUM4FwNM148,0.0,0,3,1,
0,0,8.120119094848633,0,2528UEldJWc8DP0tiLD8vndW1710,0.0,0,3,1,
0,0.018348623853211007,8.48439335823059,0,3026pQ1wZ8FbWxBkRxg2TO-q3804,1.0,1,3,1,
0,0.019607843137254898,8.344743728637695,0,1767VEuCAyUVu8RWl4oT_E163505,1.0,1,3,1,
0,0.019417475728155335,8.50597095489502,0,1024EAnLzPugg_3Icp64grI8343,0.0,0,3,1,
0,0,17.05749201774597,1,678otpfB47oYxNuzn83DpRo2932,2.0,2,6,1,
0,0,8.413113355636597,0,2461f8qQbH49itp6TCfAxJMw1868,0.0,0,3,1,
0,0,8.385286331176758,0,1347Qw23uphuVkPM2_Dx4UdQ829,0.0,0,3,1,
0,0,8.566620826721191,0,1601UkDAFw-P2w4uKKY2rozv1233,1.0,1,3,1,
0,0,8.394007682800293,0,25261kHHM3xmrKGTFC2m-3jz1716,1.0,1,3,1,
0,0.01923076923076923,8.744263172149658,0,637XN1jH-kFjaRz4RsZeYq15,1.0,1,3,1,
0,0,8.661461591720581,0,2535_pSTmM_bPcfnFUozn-RN1692,1.0,1,3,1,
0,0,8.165839195251465,0,925ONi8DqJgbZBM5TjeIADZ2550,1.0,1,3,1,
0,0.0198019801980198,14.067790031433105,1,2022QX2eDjcZ4dsu7lONZu112170,2.0,2,6,1,
0,0,10.160882711410522,0,17764Wvvzaj-yaDcpnjXfpOs3484,1.0,1,3,1,
0,0.018348623853211007,8.289506196975708,0,965GQDApWgsLm2Q6M9oCXXz505,0.0,0,3,1,
0,0,8.366471767425537,0,1545nS51eGeqSTj9s6LSmRoa1377,0.0,0,3,1,
0,0,8.32318902015686,0,2000gGAiEI4MU8XJEWYhWtMT2206,0.0,0,3,1,
0,0,8.996566534042358,0,1230q6biePiNfKKRI6X0oFun3065,1.0,1,3,1,
0,0.05357142857142857,16.599359273910522,1,1584P45h89PG1NmLba_I6GT41278,2.0,2,6,1,
0,0,8.491070032119751,0,2026yIVtrJbiaYcqiJLKF7l92163,0.0,0,3,1,
0,0,10.604178667068481,0,906MvzKtaiX283ibJ29qi6M2606,0.0,0,3,1,
0,0.037383177570093455,8.42493224143982,0,2165HuZLp-RpujYD_LZRSJQC4186,1.0,1,3,1,
0,0,10.742817401885986,0,1504hlqci9hC_wlnWXFEJjtG2013,0.0,0,3,1,
0,0.017857142857142856,10.261443853378296,0,1349kgWBQhOLlY3E9pWS8AbU824,0.0,0,3,1,
0,0,8.598950862884521,0,1203Ol4QUojB9cRergcdvn903148,0.0,0,3,1,
0,0,8.455681800842285,0,19410cAiVIRRgASbt7wWgZD-2319,0.0,0,3,1,
0,0,8.264137744903564,0,5516BHaRRv6Egl03A_kDyw0257,0.0,0,3,1,
0,0,8.422622680664062,0,2718CJJlT43vSkiBp7_LGjcB916,0.0,0,3,1,
0,0,8.445448637008667,0,1190K-vBrGKzVvJ8j8oue-N63187,1.0,1,3,1,
0,0,8.592859029769897,0,12230qQBc604SKoNhbZmzs-G3088,1.0,1,3,1,
0,0,8.837716102600098,0,2670Y-kuxlKLxN5SPIlGPfw91053,0.0,0,3,1,
0,0,10.628313541412354,0,1564Kq9tsrgH8Jhl4M51Udxu1325,0.0,0,3,1,
0,0.017857142857142856,8.027955770492554,0,2481DMq2-F1erOLzkMNHhSK-1825,0.0,0,3,1,
0,0,8.41246223449707,0,605xKa5pDZq3ri35vcSMZD_96,0.0,0,3,1,
0,0,9.266184091567993,0,2580MTsBR8_rce6kiKLMzPcF2432,0.0,0,3,1,
0,0,10.542761325836182,0,2117vQSAQ0G-Q-u-Bsbb62o91456,1.0,1,3,1,
0,0.05084745762711864,8.517927885055542,0,1990jh2GtyFtQ71QD9ruIdP_2219,1.0,1,3,1,
0,0,8.452728748321533,0,9281L0ojvJ8_Y1OZ8Y5E-2U2542,0.0,0,3,1,
0,0,8.642791271209717,0,2656Yp2ruMu098-NHmfDpEnc1090,1.0,1,3,1,
0,0.018348623853211007,8.411948680877686,0,2154hgnNDJMyC_N1LGBLoIru4214,0.0,0,3,1,
0,0,8.500780582427979,0,18101KP3McThNf4JrT7MhYDK3412,1.0,1,3,1,
0,0.037383177570093455,8.513800144195557,0,3036Bam4sHa-kzaCOT3bw4IT3789,1.0,1,3,1,
0,0,8.31376600265503,0,2591f3d7XC4L0cvP4kCC70_a2413,0.0,0,3,1,
0,0,8.5381178855896,0,1465BJRKQjBzp7FtVHgDIy5n2083,0.0,0,3,1,
0,0.01680672268907563,10.241102695465088,0,896R0sD8mqKYbLGYqqk-r7j2636,1.0,1,3,1,
0,0.049999999999999996,10.341903686523438,0,1364_8Kr3q32CIpMR0kiqSJZ778,0.0,0,3,1,
0,0,8.512456893920898,0,12070-1QsjSqBKe6exv2Y63Q3134,1.0,1,3,1,
0,0.019417475728155335,8.473974227905273,0,1789Q_uXiC023fjzRTDdQFGb3452,1.0,1,3,1,
0,0,8.358806848526001,0,2468bI5nQWQ8Og-_9QlLKU8v1858,0.0,0,3,1,
0,0,8.433477640151978,0,849q68W7IxX8-DQe5gM8Mee2752,0.0,0,3,1,
0,0.03508771929824561,10.228755235671997,0,20341Pq0AyTYhP8IIzfXyUF82144,0.0,0,3,1,
0,0,8.291016101837158,0,685mD5vd-eQOOqkkqDXeo0t2912,0.0,0,3,1,
0,0,8.357888460159302,0,1182meUHVvr0MSNbaF6y6cu83211,0.0,0,3,1,
0,0,8.561312198638916,0,1598QzeCBWXgq443IBJvDmm61242,1.0,1,3,1,
0,0,14.488702774047852,1,1786P9IXKcQP8OkEN66opvpF3459,2.0,2,6,1,
0,0,8.400159358978271,0,2122fC9S5wJCD5HNfg2ppqf71442,1.0,1,3,1,
0,0.035398230088495575,8.38545274734497,0,15715bk_bkzCsTkEKHc-4BgP1307,0.0,0,3,1,
0,0,8.4575777053833,0,2136oFgVPp4a2aBSRi_E2Wfp1401,1.0,1,3,1,
0,0,8.376247644424438,0,862DJJ2OtaoUpLFANoF4A6z2711,0.0,0,3,1,
0,0.019607843137254898,8.489626169204712,0,2696OeCQ2eGPeeqcJWvnia2b974,0.0,0,3,1,
0,0,18.73161482810974,1,1544URXllxvZje97Y6Ow4nWo1380,0.0,0,6,1,
0,0,26.820695161819458,2,1006TpLBx3Al5o1DiQaM37oi393,0.0,0,9,1,
0,0,24.309605598449707,2,15629LVg0fMbpcV7lJ9LKY9C1332,0.0,0,9,1,
0,0.09090909090909091,8.32510757446289,0,1498TzP8gn0jdkp7FZzfjhoQ2025,1.0,1,3,1,
0,0,6.482832908630371,0,734OaSkZy1tFRAsQhwXZpw72792,0.0,0,3,1,
0,0,6.566137313842773,0,2485bDk97nBPZwJrs1HTqUYW1817,1.0,1,3,1,
0,0.041666666666666664,6.59311318397522,0,3011U-7Tp-DNh4zvlgXG0HpU3836,1.0,1,3,1,
0,0,6.774463653564453,0,2441iHjaCHbBrRtNVI1F4dLI1916,1.0,1,3,1,
0,0.046511627906976744,6.639544248580933,0,944zb5DA9PSwaSOFs8Ixpfj568,1.0,1,3,1,
0,0,6.920812606811523,0,1191B_3IBBp4kfqy7lOAgEnj3182,1.0,1,3,1,
0,0,6.066917419433594,0,994GU89OGfkUkf_KwQ-KrNe295,0.0,0,3,1,
0,0,6.6943199634552,0,15830sap0GkxnTMOv3sqw8nN1281,1.0,1,3,1,
0,0,6.532760143280029,0,557jlOGQ8cWQ5Q_as3HFgdb239,0.0,0,3,1,
0,0,14.671611309051514,1,1522fhyaWeuJ9Z_qFlrlcyWV1967,2.0,2,6,1,
0,0,6.757092714309692,0,2142M0Z1hvthYBIQDwlfmDoc4244,1.0,1,3,1,
0,0,6.827125310897827,0,1381nh2SdDr2eWku393B09QY734,0.0,0,3,1,
0,0,6.5382444858551025,0,972wepQM0WfoPr49Ged8v0v485,1.0,1,3,1,
0,0,13.677763938903809,1,1585D6y_4Zn5mH0JozDs766v1277,0.0,0,6,1,
,,,,2477JtT30EyGVCGC3ayc5fzB1833,,,,,Ollama request exceeded timeout limit for model stable-qwen with error: timed out
0,0,8.346788167953491,0,2978f-wthVzOQ894PpZPNG4v3914,1.0,1,3,1,
0,0,6.460081100463867,0,2630aXuhB9uY_8J6EHtO6-Mr2336,0.0,0,3,1,
0,0,6.638194799423218,0,1199A2SWcBf7AXJV9GygzZFM3160,0.0,0,3,1,
0,0,6.5416600704193115,0,2700a4RLmE2cp5zGGWocgMnk962,0.0,0,3,1,
0,0,6.623821973800659,0,926tAEnfqtEDknSf1RRHRGd2548,0.0,0,3,1,
0,0,6.586071014404297,0,2640qGTRBDkuytVF7DgH9rac1133,0.0,0,3,1,
0,0,6.586983919143677,0,1749wiiGSfeFQ3yPQ1BOc1U43557,0.0,0,3,1,
0,0,6.883101224899292,0,2152-7ZSgzVAfI8TDcdpWpW94218,1.0,1,3,1,
0,0.038461538461538464,6.584518671035767,0,25382aH87vyrbRDKXNCHaLeh2513,1.0,1,3,1,
0,0,6.706653118133545,0,2046GP7dC5MYUxEjhVaMxjWJ1660,1.0,1,3,1,
0,0,13.695205926895142,1,2206I8Vkp53Zdu1cUBnnuvdS4080,2.0,2,6,1,
0,0.07142857142857142,26.033568382263184,2,2104i0gKzSVXucEKM9-yEEk01497,2.0,2,9,1,
0,0,6.108252763748169,0,1393pxXY3fzob8XiUnQnNutp706,1.0,1,3,1,
0,0,6.2357401847839355,0,1174cqJct9Y7Xjuewm_koPVH3042,0.0,0,3,1,
0,0,6.212090015411377,0,949-8BF6fDFHRAnfe-2RE-l553,0.0,0,3,1,
0,0,6.060178756713867,0,583YdasD1ECY7CN_ngeQRce159,0.0,0,3,1,
0,0,7.902201890945435,0,1139S6XoLf7-b7jTGWo4rNqh3332,0.0,0,3,1,
,,,,2666Q6dqeeEHLjgAoEK1_TO_1064,,,,,Ollama request exceeded timeout limit for model stable-qwen with error: timed out
0,0,6.119044065475464,0,713mkI94VIQA0I6wS3HJPcM2844,0.0,0,3,1,
0,0.07142857142857142,6.08339524269104,0,2555p5yiAg3i-K6fEVfg79C_2478,0.0,0,3,1,
0,0,6.153621196746826,0,2983ybkX29nSM9c_5Wec7ZEw3901,1.0,1,3,1,
0,0.07142857142857142,6.0613086223602295,0,2429paTz8WarKJwpiUdXVhCP3599,1.0,1,3,1,
0,0,6.1304521560668945,0,1986ywsnzXO8mfN71y1-tg7v2227,1.0,1,3,1,
0,0.0588235294117647,6.234845161437988,0,845JLaU-l5c2oYwpqbyvci22762,1.0,1,3,1,
0,0,6.1081178188323975,0,1986ywsnzXO8mfN71y1-tg7v2228,0.0,0,3,1,
0,0.03508771929824561,81.12632274627686,5,868WKfLdQ9oFbCof7_ffWel2704,1.0,1,18,1,
0,0,46.90516471862793,5,1828fptyhwuU_NFzQJA1Xi3E3366,1.0,1,18,1,
,,,,2723yCKqbYMLP3--tgThAnBf903,,,,,Ollama request exceeded timeout limit for model stable-qwen with error: timed out
,,,,710GPosYad0qKlTplL9V2RU2852,,,,,Ollama request exceeded timeout limit for model stable-qwen with error: timed out
0,0,48.983917474746704,5,20584mhCkIhYtM4En0z3MQYe1627,1.0,1,18,1,
0,0,48.145885705947876,4,1619NaRhUfzIpMj5mmPmc7Ht1182,1.0,1,15,1,
0,0,24.86482834815979,2,1789NObn0laTBstP0EhadjV63453,1.0,1,9,1,
0,0,9.145258665084839,0,2172h7FsXA80Z3ao1yhCMsre4164,1.0,1,3,1,
0,0,92.5239999294281,4,546nNnwuSPlfllI6CKnHjv2270,0.0,0,15,1,
0,0,15.155762672424316,0,2109wDBr_5DTMGUIMawARy5V1482,1.0,1,3,1,
0,0,14.316254138946533,0,652LiD_APWuMXugNPF6gw3S2998,1.0,1,3,1,
0,0.010204081632653062,15.019092082977295,0,2200LNmoAD2ZOW48t6lvPwZ84096,1.0,1,3,1,
0,0.015325670498084292,13.793557405471802,0,2591f3d7XC4L0cvP4kCC70_a2414,0.0,0,3,1,
0,0.03636363636363636,13.860336065292358,0,1499owxpLi-93XDGBsIRGW_z2023,1.0,1,3,1,
0,0,15.206320762634277,0,856o8vBShmxO_WE6sEatSZ02730,0.0,0,3,1,
0,0,17.264379262924194,0,1814TWex7U8WXxRjr7AWQorc3399,1.0,1,3,1,
0,0.005154639175257732,14.947047710418701,0,1018RR7R37EFe6-6a8ByqX6L361,0.0,0,3,1,
0,0.005076142131979696,14.872875690460205,0,2467UnCsY0GjqwvnMQVa1CFT1862,0.0,0,3,1,
0,0,15.068715572357178,0,5725iP5Tzyy4gxehcn9t4TM193,1.0,1,3,1,
0,0,15.053393363952637,0,2340-UH-PIG4sGreW8w-HZcs3780,0.0,0,3,1,
0,0,15.037169694900513,0,5601RlVQQ13ZMVNw8QCNW6F229,0.0,0,3,1,
0,0,14.870726346969604,0,2182v2AhcAAWzK6nwKjDRuNc4139,0.0,0,3,1,
0,0,15.203470945358276,0,26269UMEj-lV4oQGbZ0tTTK82348,1.0,1,3,1,
,,,,1406r0ltJ0ogZOEySbpwaMW3669,,,,,Ollama request exceeded timeout limit for model stable-qwen with error: timed out
0,0,15.017159938812256,0,1433yPh9I7R8PyoFeMqoUqc8591,1.0,1,3,1,
0,0,15.242774486541748,0,15121jIRMuOfWOF20zi63R281993,0.0,0,3,1,
0,0,15.02843427658081,0,849f2Ie-QkeVovZ0nf-TVFF2750,1.0,1,3,1,
0,0,15.173323154449463,0,995Mjg3IZGW2wc7ddFCk8vg419,1.0,1,3,1,
0,0,14.989176511764526,0,631gfVFI_1P9ON_SQmft4dC22,0.0,0,3,1,
0,0,15.149912595748901,0,1971QdtwinuI-Pt-gRGhMumc2253,1.0,1,3,1,
0,0,87.23063802719116,5,1451Zli7xoESf_zR5GqQOib_2110,1.0,1,18,1,
0,0,15.91041111946106,0,1623vavJV5LaIjQVPGNVcAhw1170,0.0,0,3,1,
0,0,15.697306871414185,0,2343h3FGIUg470As6-K4QCSj3773,0.0,0,3,1,
0,0,16.000688552856445,0,948f1NIXhJ2bT8M8R981m-t555,0.0,0,3,1,
0,0,16.137009620666504,0,2961ZnbcPJCiADt4D4VSwFvF3957,0.0,0,3,1,
0,0.0057306590257879654,16.088889837265015,0,23650GFefFLGJfbuvjWASh6g3722,0.0,0,3,1,
0,0.005698005698005698,16.432127714157104,0,1165doXH6LWPr1l3iKFqXoxi3259,0.0,0,3,1,
0,0,88.56098079681396,5,2684Tsl9g-K98ihJB9COTF6d1011,1.0,1,18,1,
0,0.01015228426395939,28.938292026519775,2,21672ce9BryNGpGNYVzVNhGZ4179,0.0,0,9,1,
0,0,11.452284336090088,0,2191kaPnb2RqX3BD80ehFVLC4122,1.0,1,3,1,
0,0,57.23473238945007,5,1212dbfx54ZtFkSuZ70MXWTY3119,0.0,0,18,1,
0,0,51.44767785072327,4,15145mxan8eGuHJZNjBPMXai1988,1.0,1,15,1,
0,0.007968127490039842,12.252812385559082,0,2082HDhMzvPbIcqJnIxlWaR01554,0.0,0,3,1,
0,0,11.139193058013916,0,303107UoTeL4eaT8LTnwXqyK3796,0.0,0,3,1,
0,0,27.82525110244751,1,1551V9DltVWBD9ZXJKTbK0dJ1362,0.0,0,6,1,
0,0.05660377358490567,10.939918279647827,0,2077VquGxxOX89cyl9gmMgHT1569,1.0,1,3,1,
0,0.009803921568627453,38.41521096229553,1,2683ZWKumnsegnDtGeIxL8lV1013,1.0,1,6,1,
0,0,11.3087797164917,0,1182meUHVvr0MSNbaF6y6cu83210,1.0,1,3,1,
0,0,12.906287431716919,0,24948M9Avyh-_nfyJDXBHc4r1797,0.0,0,3,1,
0,0,11.005771160125732,0,955wTJvupBdyRjDvnaEc3uT534,0.0,0,3,1,
0,0,11.158310651779175,0,870SoygQGV4uQaIki71P9Rb2698,0.0,0,3,1,
0,0,10.992880582809448,0,24717_VLiElLGOdxkUg2VNOa1849,0.0,0,3,1,
0,0,11.17106819152832,0,6383rnN_w8RmRaZ4XqAC_bl3038,0.0,0,3,1,
0,0.019138755980861247,11.583311557769775,0,2704DWhswcTfuhcGd6nLvkOf950,0.0,0,3,1,
0,0,11.102414608001709,0,1808axaZNmCFiRMbaxN7F0Eh3417,1.0,1,3,1,
0,0,11.599371671676636,0,5532TWtKb03tsQH8Wep0CiY250,0.0,0,3,1,
0,0,11.038326740264893,0,1201NDB1j3x1mhteENUtx2Uf3154,0.0,0,3,1,
0,0.009523809523809523,26.945281982421875,1,21819xbRjmQqZsl8GNgU4sNW4142,0.0,0,6,1,
0,0.008733624454148471,11.885171890258789,0,2205YOUb5TKf_CiFcqPaRzGg4082,1.0,1,3,1,
0,0.018018018018018018,11.830916404724121,0,14991jeDOWPYZr3oduic0r6t2022,1.0,1,3,1,
0,0,11.642451286315918,0,1179Yl7_X9Wt3s18NELb2VVn3220,0.0,0,3,1,
0,0,11.74737024307251,0,1556RL1OU4mcoPPe2rTqDdxN1350,0.0,0,3,1,
0,0,11.72050166130066,0,2642Y-shkE7TvvsDno5omjMf1127,1.0,1,3,1,
0,0,11.808894395828247,0,1601UkDAFw-P2w4uKKY2rozv1234,1.0,1,3,1,
0,0.019138755980861243,12.047776699066162,0,2234wLjOR7Un_noOJuVXvsz_4007,1.0,1,3,1,
0,0.018099547511312215,11.740993022918701,0,2100nzSjCMDd--9Fj7a4NWfz1508,0.0,0,3,1,
0,0,13.797060251235962,0,5918CIG-j-Z17AOK4yE-cPc136,0.0,0,3,1,
0,0,11.654336929321289,0,29642huIUFSLiW4Z-VzxmaQN3949,1.0,1,3,1,
0,0,12.01436710357666,0,2045Qb5KQP9dbOqGOReTvV3e1662,1.0,1,3,1,
0,0,11.5816330909729,0,935UD7iycK3BrOizCyeWBg22527,0.0,0,3,1,
0,0.009049773755656108,11.785237312316895,0,2170uR1FxS5nUGkssv426mqU4171,0.0,0,3,1,
0,0.02469135802469136,26.55786657333374,1,2457qMd_7xMNbxrlnUuIsOCX1879,1.0,1,6,1,
0,0,6.489168882369995,0,2390E0CHAPiA5irDHQbYbUX_3668,0.0,0,3,1,
0,0,11.74390697479248,0,1441IAkHzhDzjxgpL0XC_YEZ2129,0.0,0,3,1,
0,0,18.5160391330719,0,2544eSHJS5zzqCGOgk7Ye0SF2499,0.0,0,3,1,
0,0,11.825769186019897,0,15158DXonYdFg-0-7RHaX8Hj1985,1.0,1,3,1,
0,0.008695652173913044,11.79831862449646,0,19606GKhPGetHHrvllnd0-WP2274,0.0,0,3,1,
0,0.008658008658008658,11.898597955703735,0,2145dz1bx4gWcdvg-_cFIX214235,0.0,0,3,1,
0,0,18.174695253372192,0,2413145FP-v3VkdJMuD368AQ3626,1.0,1,3,1,
0,0,7.0026209354400635,0,3037_hiSeA6NsDqwYw0yXMUj3788,0.0,0,3,1,
0,0.017094017094017096,12.494016408920288,0,884Pnp87xexk_HDsVBlYF5I2662,1.0,1,3,1,
0,0,12.251055479049683,0,969vrqLNLa3TXxxj0tGgTvq493,0.0,0,3,1,
0,0.008810572687224669,11.861346244812012,0,894ARwgTOyFrfBbcEBpNyXo2643,1.0,1,3,1,
0,0,20.010963201522827,1,29802gx0lFYy6rgIUS6ZhDD83910,1.0,1,6,1,
0,0.017391304347826084,11.788995504379272,0,1029YtqaRd4h1BYfuLHoU9YR327,1.0,1,3,1,
0,0.00909090909090909,11.605326175689697,0,2079ifmZRepM8njrTCh8SwKT1563,1.0,1,3,1,
0,0,11.782167911529541,0,866LtsA6S3dXyfEn4lwSbj-2707,0.0,0,3,1,
0,0,6.341429710388184,0,2440WmCUht7A3EiDJl-C62Ih1920,1.0,1,3,1,
0,0.008620689655172414,12.123690605163574,0,2213XuiHzp9XEpbzWVF0KvYP4058,0.0,0,3,1,
0,0.008583690987124463,12.05125379562378,0,9708OuWanhVP-hqUoh93Luk490,1.0,1,3,1,
0,0,12.38353180885315,0,2210Bc69tRCp2-mf6PkRz9_C4069,0.0,0,3,1,
0,0,12.756306171417236,0,541Cbn85P-zf8lq0QHtgjf9287,1.0,1,3,1,
0,0,12.666709661483765,0,958UDYY0qFH9pDU9YSVA8Vc527,0.0,0,3,1,
0,0,12.21600341796875,0,2709l9BXzPyNws7gAw46g8eL942,1.0,1,3,1,
0,0.008733624454148471,12.02660846710205,0,2955a9SrctOobLmoQ6ooGhac3971,1.0,1,3,1,
0,0,6.3847997188568115,0,2397ngYUHwjsIyhb2KRudMVS3655,0.0,0,3,1,
0,0.008810572687224669,11.940542459487915,0,2434Enwt_BpOKFDe86uHET3W3593,0.0,0,3,1,
0,0,12.023568153381348,0,70661PK3DXmYlFEFr0qjuSB2865,0.0,0,3,1,
0,0,6.317440986633301,0,13510pFXx2vFby05X2rDRJDH819,0.0,0,3,1,
0,0,11.905813932418823,0,2378CpxWEhm9XQDMTUWPL6Gj3690,0.0,0,3,1,
0,0.008658008658008656,11.994312524795532,0,2042iP4Erd5NWbbUyNtHBaEc1671,1.0,1,3,1,
0,0.008620689655172414,11.953959465026855,0,1376s1hUgvT52mRy1sgn8oEJ748,1.0,1,3,1,
0,0,13.828041076660156,0,2115wjzLCrPzhF-VpxKRqJFP1464,0.0,0,3,1,
0,0,11.815549373626709,0,552u6iTkQp7-Upz70482xTM254,1.0,1,3,1,
0,0,11.97824239730835,0,559Gc5T32327tuZtR-qGbvH231,0.0,0,3,1,
0,0,6.233065605163574,0,1171djG8ts4fgH31Xh8M8gZK3239,1.0,1,3,1,
0,0.017467248908296942,11.971156358718872,0,2024omrZBF4Urqdr7C3eyKVT2169,0.0,0,3,1,
0,0.04633204633204634,12.092558145523071,0,25567DWWtABHgq600h7hP6972476,1.0,1,3,1,
0,0,11.987088203430176,0,594fAMQ4ZSX8-in2SA6rQT0128,1.0,1,3,1,
0,0,11.861014366149902,0,2679bDEhJB5SATMKB1QM00ej1024,0.0,0,3,1,
0,0,11.767752885818481,0,2069HyPki8X6KB4Slz4xeov61593,1.0,1,3,1,
0,0,11.928816556930542,0,679poYmZAy9xntsCp9YX4vp2928,1.0,1,3,1,
0,0,6.402490615844727,0,2663ayztHU9rA3Qc2s7ndAID1073,1.0,1,3,1,
0,0,12.033169746398926,0,990fpTdZ-ulHdJ3gm87kEl3429,1.0,1,3,1,
0,0,12.114813804626465,0,2135JNizCTqBzs-NkJ-0GhnT1405,0.0,0,3,1,
0,0,12.025430679321289,0,2207G7fY90tz0IlYJOMAOQxR4078,0.0,0,3,1,
0,0.01606425702811245,22.5941424369812,1,2564AaK20GeV0Vbt9hLoucnT2461,0.0,0,6,1,
0,0,11.978718042373657,0,1342n57h5KFhZrmo2TPiuwv5846,1.0,1,3,1,
0,0,12.177329063415527,0,2591VM1WvqHMmqcfSzWKUU0V2412,1.0,1,3,1,
0,0.00909090909090909,11.84621787071228,0,2687GNgTIwftLmhQl-ULlyIq1001,0.0,0,3,1,
0,0,13.761142492294312,0,19924zYxXoH78NXhTDcDUqZ32216,0.0,0,3,1,
0,0,11.782545566558838,0,2976zJOE2rNKDPX9dM80QEq03919,1.0,1,3,1,
0,0.008733624454148471,11.852794647216797,0,1001SKiu6z7i8BnJk6y4pMq2405,1.0,1,3,1,
0,0.009009009009009009,12.248353719711304,0,1812jg8YLyuOp3yNSeoSgGds3405,1.0,1,3,1,
0,0,6.229487180709839,0,2159hY9kg_KDRh-iY7eVmWPR4201,1.0,1,3,1,
0,0,11.974451541900635,0,2084KAYAsRFlZ71FWVieGtVO1550,1.0,1,3,1,
0,0,11.852283954620361,0,9012HUd6aulh_Yu4SRtV4Ju2623,0.0,0,3,1,
0,0,12.013502597808838,0,1546qtYa8CJzD3uH6TiJXvze1375,1.0,1,3,1,
0,0.018099547511312215,11.980498313903809,0,965GQDApWgsLm2Q6M9oCXXz506,1.0,1,3,1,
0,0,11.891756296157837,0,2075fH8z53xWhNLFvwtEBqjo1575,1.0,1,3,1,
0,0,12.045189142227173,0,2496BbugoKX7EuTf6XE9o7do1792,1.0,1,3,1,
0,0,11.898945808410645,0,2965ZcSt1DSsDVrBS8zreyMW3945,1.0,1,3,1,
0,0,12.038938999176025,0,712fJINMnstL62jjlN87VmJ2847,0.0,0,3,1,
0,0.008928571428571428,11.81282925605774,0,10304f6wkHCc194YTbHdQ2AA324,0.0,0,3,1,
0,0,11.860653400421143,0,2468gzw0TqblC0pMtjMtvjM_1857,0.0,0,3,1,
0,0.009049773755656108,12.087774276733398,0,11681N3h2EdimO-bHyAXIg3U3250,1.0,1,3,1,
0,0.009049773755656108,11.909574508666992,0,21697kyUOdQlV523IP56oa9J4174,0.0,0,3,1,
0,0,12.07585072517395,0,2180sY_3Ea7lN3cAxecHCD0Z4145,0.0,0,3,1,
0,0,11.90208387374878,0,1187yN2Y5xluovzwpRCb1U-23196,0.0,0,3,1,
0,0,14.166388988494873,0,615lwmbisxTxihwSWql1wTV70,1.0,1,3,1,
0,0.008888888888888887,11.821834087371826,0,917H85feKu7mH3ttN3VtfQZ2573,1.0,1,3,1,
0,0,6.611505746841431,0,1341R-WNzKCJf9fEtyXxpaLn847,0.0,0,3,1,
0,0,11.965480089187622,0,2136GTNtg5ii_ljvTYd0c3zb1402,0.0,0,3,1,
0,0.0091324200913242,11.832731246948242,0,2719WfPBP5JMsTcRPHcHpNOM913,0.0,0,3,1,
0,0,11.955794095993042,0,1205TavQDdqmoy64BUfZ8tJ13142,0.0,0,3,1,
0,0,6.730288982391357,0,723OdNPs-YvxDCGXTe4EPQi2821,0.0,0,3,1,
0,0,12.31511902809143,0,1552zqZDXvKbR7jYgLwOhCO41361,0.0,0,3,1,
0,0,6.449798345565796,0,25455IQtG99FiCeeFOTa2qBu2496,0.0,0,3,1,
0,0,11.931175947189331,0,2098D1dsKeKH0xANz6zd6LSO1514,1.0,1,3,1,
0,0,12.06326413154602,0,723OdNPs-YvxDCGXTe4EPQi2820,0.0,0,3,1,
0,0,11.931298017501831,0,2650KGtkLjbqFCyJZlDKuL0k1106,1.0,1,3,1,
0,0,12.129376411437988,0,20751yhuHsp4GA5IYz4deJsk1577,1.0,1,3,1,
0,0,6.369772672653198,0,2233nOCdB2RiiWVTHevF1XQv4012,0.0,0,3,1,
0,0,12.27826452255249,0,872Oe-4sF5fqKoau07GVCSX2694,0.0,0,3,1,
0,0.009009009009009009,12.515750885009766,0,15145mxan8eGuHJZNjBPMXai1987,1.0,1,3,1,
0,0.027149321266968323,17.155256271362305,0,621MMAr6iBLqWufltcvq0IU51,0.0,0,3,1,
0,0.009009009009009009,18.44441270828247,0,1218OExrGg3DDUqQ_BBB10Tn3103,0.0,0,3,1,
0,0.008695652173913044,20.12695074081421,0,909SCLEENZWk57i_Tj-phi82599,0.0,0,3,1,
0,0,21.543474674224854,0,2639bkXWs91YZSHduhAO93vu1136,0.0,0,3,1,
0,0,19.805826663970947,0,978yJKqB4_NA2La4xU05Yv_465,0.0,0,3,1,
0,0,46.13258099555969,2,2460wLS6NYxz86-N9QN0fiAS1871,1.0,1,9,1,
0,0.009900990099009901,17.461435556411743,0,153875Yqnu19JAhYETGEm0Ih1398,1.0,1,3,1,
0,0.01923076923076923,18.645142555236816,0,2502zG6K8It4JMfa8UrkdPdw1776,0.0,0,3,1,
0,0.00966183574879227,16.39731192588806,0,2995FYU3dbcdZ2Om_eXNrFz43875,1.0,1,3,1,
0,0,16.033915996551514,0,860-CKdaHI0ZY3IdOUENI-52717,1.0,1,3,1,
0,0.019138755980861243,16.640265464782715,0,1377lHU7WTseO73sB1x-x_B0745,1.0,1,3,1,
0,0,19.81204104423523,0,1224Jb1mPpUJDQXOAhjg5Vzo3085,1.0,1,3,1,
0,0,20.046255111694336,0,1381mBjsSozQHKIhNMxaYlwy733,1.0,1,3,1,
0,0,17.131420373916626,0,2207G7fY90tz0IlYJOMAOQxR4077,0.0,0,3,1,
0,0,17.218255519866943,0,2528UEldJWc8DP0tiLD8vndW1711,0.0,0,3,1,
0,0,12.035818815231323,0,1764sM214smx3pexNt7ihmYZ3513,0.0,0,3,1,
0,0.009999999999999998,17.67791199684143,0,2987HzRDeUn85sV9-rmGUsA53891,0.0,0,3,1,
0,0,17.693936586380005,0,2681GQbrHMk66IRSgo7mZvVv1020,1.0,1,3,1,
0,0,39.63925242424011,2,1795AVJ8Ru2GLyRyIYxjznuC3441,0.0,0,9,1,
0,0,12.586124658584595,0,1010sxwdiUhnx5zZTCrZW5lg381,1.0,1,3,1,
0,0,12.578444242477417,0,630KO8LeHoKQQj6c-87zNrm26,0.0,0,3,1,
0,0.006968641114982578,12.746824979782104,0,1018P3s9oN-Ko5HsWQADxTsv360,0.0,0,3,1,
0,0,30.899700164794922,1,1622tBSu7soksT-AzmIOuApI1174,0.0,0,6,1,
0,0,13.26957392692566,0,1507du7IfR1G-CLcbaey_Ckb2007,0.0,0,3,1,
0,0,13.208673238754272,0,2422AkNZxKVfPVF92vs5qzLX3611,0.0,0,3,1,
0,0.01929260450160772,13.350765943527222,0,1178K7FADelb0uwGhLD-SWqk3223,0.0,0,3,1,
0,0,13.527062177658081,0,1516pPjUBF00cd02Zv6ASq9m1980,0.0,0,3,1,
0,0,13.328295230865479,0,1744GKV2sNvxBFRpfQ5OdYMb3571,0.0,0,3,1,
0,0,13.306052446365356,0,539g1HipZa4q8coORPOMHwj292,1.0,1,3,1,
0,0.006711409395973155,13.213109731674194,0,2967gpRSNp7TViZ3Mhiufj7O3940,1.0,1,3,1,
0,0.006802721088435375,13.354838848114014,0,1395RhOKXfGuA9Dz7cn0eC5e700,1.0,1,3,1,
0,0,13.64459490776062,0,907kbEPfz0htgTE9BXkFBZ02603,0.0,0,3,1,
0,0,13.399291753768921,0,882RL4zKg1IQbdwrUdiW2uc2667,0.0,0,3,1,
0,0.006944444444444445,13.180017471313477,0,1364rzJ0x_lGbilmxlREm3-p779,0.0,0,3,1,
0,0.013377926421404684,13.180692434310913,0,29518uqYYNpuxSl_Dm5Ls_Jm3979,0.0,0,3,1,
0,0,81.97667813301086,5,644VW80Ih4W_8lT57dCnHAu3022,0.0,0,18,1,
0,0,31.109111070632935,1,1632HqbVUHPq0ZhZ1rZNsIer1151,1.0,1,6,1,
0,0.005509641873278237,15.289456605911255,0,1015sbzrzzKt2hHlSyEz_8ol370,1.0,1,3,1,
0,0,15.181613683700562,0,1552zqZDXvKbR7jYgLwOhCO41360,0.0,0,3,1,
0,0,32.41336393356323,1,618kZkbA7HSiZWpF9MwGv4B61,0.0,0,6,1,
0,0,67.86229157447815,4,2194PPDpRt3XMclL8zL0qoaa4113,0.0,0,15,1,
0,0,87.0520339012146,5,23460E1ccJXbT5GAyp6xliNY3764,1.0,1,18,1,
0,0,69.10321426391602,4,1458iv0WdN_NvJkFoTdqCZ_Q2097,0.0,0,15,1,
0,0,17.40316939353943,0,9708OuWanhVP-hqUoh93Luk491,1.0,1,3,1,
0,0,16.48031210899353,0,1751i1LapeZZHcs9AVF_4X7c3549,1.0,1,3,1,
0,0,16.415414571762085,0,25596TL4dwRP7xb65StkuvWw2471,0.0,0,3,1,
0,0,17.43851375579834,0,2347PC55kHfkoiRxULLG8kIZ3762,0.0,0,3,1,
0,0.005347593582887701,16.575939655303955,0,1209gLLe3Hw31X00Jkrt9Bb-3129,1.0,1,3,1,
0,0,16.56777834892273,0,934GMRKI6FRKAdrrOzLI9OB2528,0.0,0,3,1,
0,0,17.0300133228302,0,9022NBdayPGc6_3kCdKoIiQ2619,1.0,1,3,1,
0,0.010638297872340425,103.89565777778625,5,911BOwWs3HqQbnlUS7IJNS92592,0.0,0,18,1,
0,0,79.54702258110046,5,1962hjp1HrSPLvnI5JvgHjXk2270,0.0,0,18,1,
0,0.01234567901234568,63.335596561431885,5,946vx136i7MuQFGnOLt3hDn561,1.0,1,18,1,
0,0,35.068100929260254,2,879e8JaFZiS1bIPJKfr-NO82677,1.0,1,9,1,
0,0,53.611767530441284,5,1539KqJCW6Fb0u-gfUpW2rn21397,1.0,1,18,1,
0,0,51.823691844940186,5,1395li3pr9py0l2amb_zMeDF701,1.0,1,18,1,
0,0.006329113924050633,58.6881103515625,5,1475f3__mr6HOl60yEXYvb4i2059,0.0,0,18,1,
0,0.018518518518518517,52.63200759887695,5,2362g_EnliFm-a0eYF-GHE3g3728,0.0,0,18,1,
0,0,51.37634253501892,5,11781qfx77ROC14PVtyhjgRH3221,0.0,0,18,1,
,,,,891UGjxexhEMfZyXUZMcclW2651,,,,,Ollama request exceeded timeout limit for model stable-qwen with error: timed out
0,0.018867924528301886,56.869221210479736,5,1511pmY9lPTH0brXmFZO6mhX1995,0.0,0,18,1,
0,0,17.186436414718628,1,2439Q3dwt5i21LkosQln5aU01923,1.0,1,6,1,
0,0,5.884966850280762,0,2041iPCDoSwc6-SSEDCFNNzL1674,0.0,0,3,1,
0,0,6.03837513923645,0,2020ubB0JZzHv_29zd0WpIjn2175,0.0,0,3,1,
0,0,51.38003087043762,5,2691tnK0hsWnOO-qgZ9oNTDt990,0.0,0,18,1,
0,0.032,51.937538623809814,5,2493qAop2T9Z0LeYeYrtHX2p1798,0.0,0,18,1,
,,,,1209bE3iRm9XLCq2bxVSfD9A3128,,,,,Ollama request exceeded timeout limit for model stable-qwen with error: timed out
0,0.03508771929824561,50.40364861488342,5,1186P7uxLqgOAlAmYWkWs7Z_3198,1.0,1,18,1,
0,0.018518518518518517,49.7402503490448,5,2698Lndd-Lpk21VCym-Ysamk968,1.0,1,18,1,
0,0.03636363636363636,45.69836187362671,5,1383ifp_Kw40B-eHL0kKvrZH727,0.0,0,18,1,
0,0.018018018018018018,51.149879932403564,5,1743deCGeVjOAbPrXoFwg2ra3575,1.0,1,18,1,
0,0,44.90042591094971,5,586FyS4ZNoDr1aP3HZyVHPo150,0.0,0,18,1,
,,,,1198tKDggSEgfewI5IGaBL7o3162,,,,,Ollama request exceeded timeout limit for model stable-qwen with error: timed out
0,0,44.67750930786133,5,1953_7jguMvfhNu8DiK9_PGm2291,0.0,0,18,1,
0,0,44.321476221084595,5,1033e5HoBHETSus16NBlm9ei315,1.0,1,18,1,
0,0,44.31262159347534,5,2660eWA1cLoqpqMGliZrJkOH1083,0.0,0,18,1,
0,0,57.066981077194214,5,2438toIyC-xtMN2nOkliXxkG1924,1.0,1,18,1,
0,0,44.80882668495178,5,2066pepSCyuXjD_tji0coLR91602,0.0,0,18,1,
0,0,42.252540826797485,5,2090u5tJGb46Bj0PrJdQU5uD1533,3.0,3,18,1,
0,0,48.242231369018555,5,669yw8zqEs2wIOWRmgxa0fB2951,0.0,0,18,1,
0,0,44.812010526657104,5,15825J7GwbF-H9d32ahjcKpK1283,1.0,1,18,1,
0,0,44.87524080276489,5,11583AIKJFgE0UrBCHocpd653276,0.0,0,18,1,
0,0,45.14396953582764,5,3007CZ5OjOJJ4NQkfCwsWudn3848,1.0,1,18,1,
0,0,29.631107091903687,3,3024oWqx7fEgnI85l7vJrQMv3808,0.0,0,12,1,
0,0,6.239192008972168,0,969vrqLNLa3TXxxj0tGgTvq494,0.0,0,3,1,
0,0,6.4002416133880615,0,2088JK43LFzYUw1btqpa9PzL1538,0.0,0,3,1,
0,0,6.384944915771484,0,1818O8BoyzdI3tIZTlZQX7MJ3389,1.0,1,3,1,
0,0,6.439626455307007,0,1414IcyvJ5L7DijQ15cyTXJ6644,0.0,0,3,1,
0,0.07407407407407407,6.445556640625,0,2178TVFbQMRPXT9-DSGkWLDj4148,1.0,1,3,1,
0,0,6.375406265258789,0,1035LFxawmqTFdvZQiUCxQ31311,0.0,0,3,1,
0,0,43.42181468009949,5,7035C6KSFRLF6aaoOt3S1hD2872,1.0,1,18,1,
,,,,3014BDldoLr7qRhv_7TSXE6q3833,,,,,Ollama request exceeded timeout limit for model stable-qwen with error: timed out
,,,,1581m_4FT3wjNv2nkp7_WsVw1286,,,,,Ollama request exceeded timeout limit for model stable-qwen with error: timed out
0,0,46.18985843658447,5,18135ObI1qm9GGBQEi88mvkH3403,0.0,0,18,1,
0,0,46.162187576293945,5,25682UMH_dlMC7fYSOKwycid2457,1.0,1,18,1,
0,0,46.329500913619995,5,650c9GCkujN5yX2Hq3ptgvj3003,0.0,0,18,1,
0,0,45.551433801651,5,1606ixCVPmgAtLujhTmR7TkV1222,1.0,1,18,1,
0,0,37.08179998397827,4,2094HOx0ow29dujvrq6G5bhb1522,1.0,1,15,1,
0,0,7.8264641761779785,0,1618DNm6lX3wftxfj2fnuyVr1186,1.0,1,3,1,
0,0,7.610389709472656,0,2063xkIouWNgoRjOGLoCZ1bE1611,0.0,0,3,1,
0,0,8.285048246383667,0,587CoEbG36s3G8XderpZ9FV147,1.0,1,3,1,
0,0,7.390554189682007,0,21746ntzdoLVGjBife3gHWRY4158,0.0,0,3,1,
0,0,7.75250506401062,0,14107ccx8je7uhuc_ZNy_Evl655,1.0,1,3,1,
0,0,15.058319330215454,1,1598QzeCBWXgq443IBJvDmm61241,2.0,2,6,1,
0,0,7.719879388809204,0,2663ayztHU9rA3Qc2s7ndAID1074,0.0,0,3,1,
0,0,7.722402572631836,0,1442sMpJJXkhNLF4TDZAbCx62126,1.0,1,3,1,
0,0,7.740966081619263,0,1377MSN5P9oksYJneDnSmHM3746,1.0,1,3,1,
0,0,7.766512393951416,0,2704SYrBfH1tUHa-vFcWOrAs951,1.0,1,3,1,
0,0,7.348398208618164,0,1147WFziH2m07QrmUbmsVu0h3309,0.0,0,3,1,
0,0,7.778810024261475,0,2540AN6ZYtBeG5pfPlBiUeCC2510,0.0,0,3,1,
0,0,7.7155821323394775,0,17995vhBrqZO2J0Im6CrKWdd3434,1.0,1,3,1,
0,0,7.85576057434082,0,2711wNn5GeHqOfTsTyQ56zpG936,0.0,0,3,1,
0,0,7.684597015380859,0,2647F_ps9oYp8mtadvP5Zn0h1113,0.0,0,3,1,
0,0,7.744729280471802,0,1348eAWGkoqC9ef6-Py2LKwI827,1.0,1,3,1,
0,0,7.969257831573486,0,2698bgG-pSvhH1uH5WECCZ_3969,0.0,0,3,1,
0,0.028169014084507043,7.731952667236328,0,1385ik6Ip2I4xXAHzd2hJNiR723,0.0,0,3,1,
0,0,7.892307758331299,0,1756rsPxqBmo2fmiaq4y7pBo3536,1.0,1,3,1,
0,0,7.814391374588013,0,1036R2bOVHSdxxka78n0CWIF306,1.0,1,3,1,
0,0,7.841794490814209,0,1393SvMSe9cbsj1MOfkv-ajg707,0.0,0,3,1,
0,0,7.4650797843933105,0,1834NW74vQRAIeg4u9-lyrFw3349,0.0,0,3,1,
0,0,7.736791610717773,0,1625USrRzFeM9xahwCJbR9sR1165,1.0,1,3,1,
0,0,9.576132774353027,0,2505FyMeBIza_lW5D_Zn1Sgx1770,1.0,1,3,1,
0,0,7.632924318313599,0,2538uT9UzILgVbv20p7KxXWQ2514,1.0,1,3,1,
0,0,7.729089975357056,0,2158_3RZBuLXPIO5koP0W1QD4205,1.0,1,3,1,
0,0,7.607381582260132,0,1359ZuJdS_tCrQFa5IcePruQ795,1.0,1,3,1,
0,0.0273972602739726,7.653840065002441,0,1559TG0OMQDF0IiIQ-iWWlLf1340,0.0,0,3,1,
0,0,7.93286657333374,0,2553rgsFqv862eNLs2TOpqys2483,1.0,1,3,1,
0,0,7.424172639846802,0,2661_JPvfH311PNXpTCTHuTd1080,0.0,0,3,1,
0,0,7.829823017120361,0,627343cba73d42d49f9ab2152ac7ee73,1.0,1,3,1,
0,0,7.705631971359253,0,13bca793e8f34ef3b6a00babb827b240,0.0,0,3,1,
0,0,7.8878254890441895,0,cc4d8bbc8f4642c6aea193e668afd57c,0.0,0,3,1,
0,0,7.702564239501953,0,7f44873088fe48a2895c094b9536371f,0.0,0,3,1,
0,0,7.3852362632751465,0,577ee7142b1342d99784987541cbd5a4,0.0,0,3,1,
0,0,16.694950819015503,1,8675014a5cf2443ca2e3a0a7f9edd915,0.0,0,6,1,
0,0,7.53864860534668,0,5fe90365c57d4d86812c235aadce9261,0.0,0,3,1,
0,0,7.395880222320557,0,c06d584fa73d49c8b8277354ec563cba,1.0,1,3,1,
0,0,7.402148485183716,0,ad31333ef743449d9ea5c71138e11642,1.0,1,3,1,
0,0,7.435326337814331,0,d4a20e5831a74c2db85b77c202c9b353,1.0,1,3,1,
0,0,18.851705074310303,1,af225317e0344e869f51f816a901bfe2,0.0,0,6,1,
0,0,7.3504064083099365,0,b23b329d50524e0f97384027067ffa4b,1.0,1,3,1,
0,0,12.934754848480225,1,54362eadce8542248a27a5446872bf75,2.0,2,6,1,
0,0,7.3140575885772705,0,dae56260e1a14b2c8145251778fb673a,0.0,0,3,1,
0,0,7.538663625717163,0,e63e8868f5184f54957d8162b5163d8d,1.0,1,3,1,
0,0,9.06715989112854,0,70b92157bc0245b0bb28e29a51efa75b,1.0,1,3,1,
0,0,7.445815563201904,0,d899d84fcb4740c0a15a3beb2b36dbef,0.0,0,3,1,
0,0,7.466196537017822,0,db50e1a39c684911974d11089aac3b8f,0.0,0,3,1,
0,0,7.469070196151733,0,c744d9c42ac147e4b6aa2100fee15c60,1.0,1,3,1,
0,0,7.739961385726929,0,4cba4b140f94427bb0f62c4a02363f25,1.0,1,3,1,
0,0,7.4278295040130615,0,d92504c61c914b269b177e6e1c665703,0.0,0,3,1,
0,0,7.557189464569092,0,25534aa9c2db4c029dac36e0b86cc9e9,1.0,1,3,1,
0,0,7.516753196716309,0,73512a0d242c474aa4bc1a4a545ce8e9,1.0,1,3,1,
0,0,7.891271352767944,0,02ccd577201b495c8fd30a8134ee899f,0.0,0,3,1,
0,0,7.617571830749512,0,3753577ecc2e4d6c876ab556c7129e91,1.0,1,3,1,
0,0,7.4487550258636475,0,ced58e5bda7e4c3280fe9aea708665ee,1.0,1,3,1,
0,0,7.575089454650879,0,1dc06cecad4a46ef9c3f69132e7c8ec4,1.0,1,3,1,
0,0,7.4311676025390625,0,89d7aa79c10a4e2ca2d8cc29f2461ae7,1.0,1,3,1,
0,0,9.174707889556885,0,189618aaac6749a3b85d85b3f4149728,1.0,1,3,1,
0,0,7.311427116394043,0,ee659535aa5b4df0b9f9e9220d1c29ae,0.0,0,3,1,
0,0,7.379759073257446,0,4593f14942df4650914b5eedae898cef,1.0,1,3,1,
0,0,7.457695960998535,0,c68c551858d14d02851f6ee0ae58cf84,1.0,1,3,1,
0,0.023529411764705882,13.095865249633789,0,008ebd5a8db245de983cca3b54793356,0.0,0,3,1,
0,0,7.678515911102295,0,b4b01a8abc8e4777ad427ae35c7eb4c8,0.0,0,3,1,
0,0,7.416424751281738,0,3c1d7575d77c485494bc1c14e682722e,0.0,0,3,1,
0,0,7.598074913024902,0,8388cb2033e74f3c92428875d532e68c,1.0,1,3,1,
0,0,9.654032468795776,0,d05a7c5ffa234a0492682d98344839ed,0.0,0,3,1,
0,0,8.072882413864136,0,0c20dda358fd4ba189540b04d05259a4,0.0,0,3,1,
0,0,7.490659236907959,0,67ed77e8e8eb4c43b0ee3f476547976d,0.0,0,3,1,
0,0,7.43818736076355,0,5f8292eaf4f94d329c966d56cc866421,1.0,1,3,1,
0,0,7.544883728027344,0,caf84e8f275547508dee4708755c3968,0.0,0,3,1,
0,0,16.740993976593018,1,6aa88f5f5ea64475aeffce66ca536f25,1.0,1,6,1,
0,0,17.45655584335327,1,679153888adc42469fa2924686e1e5fe,0.0,0,6,1,
0,0,7.609041690826416,0,dfa04009717747708fd122c1b60eea80,1.0,1,3,1,
0,0,8.22084379196167,0,3c4b71cf4cf54a5d94e57f4468f19835,1.0,1,3,1,
0,0,36.31035590171814,3,0cf3c64085764868bbf73bed4dedb71b,1.0,1,12,1,
0,0,7.465682744979858,0,f9e31eaa38c14c9ba1e788b917f8ea65,1.0,1,3,1,
0,0,17.180171012878418,1,79335fdeedb94bd2af2eaf5d32d5d97d,1.0,1,6,1,
0,0,7.426472187042236,0,3593e1d4b90b4e8495eccbe36ad09a6b,1.0,1,3,1,
0,0,7.553438663482666,0,32ac5e97ccfa4776b23094d08261a178,1.0,1,3,1,
0,0,7.433532238006592,0,4c4288d5694d427abc4540e7d6e27ef9,0.0,0,3,1,
0,0,7.636798143386841,0,2852c90c493d4d3f9d27a7e8406c90b5,0.0,0,3,1,
0,0,26.250129461288452,2,b59fbcf889e3428eb40b842c37e8f77c,1.0,1,9,1,
0,0,7.453751802444458,0,d98585694efc4385bbf137bd879b88fc,1.0,1,3,1,
0,0,7.646674871444702,0,2105604c81ee44feba1cf54a52baa51f,0.0,0,3,1,
0,0,7.518916130065918,0,9d463c564677468596fa737e4184d396,1.0,1,3,1,
0,0,7.614635944366455,0,427785e75b94494b8539235667f77de0,1.0,1,3,1,
0,0,14.9395592212677,1,93a6ab1347564abbb266947927c8c0c4,2.0,2,6,1,
0,0,18.539904594421387,1,42dbe45ca7744fdf9b31e919a0f7154e,1.0,1,6,1,
0,0,7.534985542297363,0,8d81880a51974eeb81e08471be36f387,0.0,0,3,1,
