exact_match,f1_score,time,step,dataset_id,hit_rate,hits,total_retrieved,expected_count
0,0.0,1.9412620067596436,0,629HsNl5Qf3THUq_CbmFrSx28,,,,
0,0.30769230769230765,0.28418850898742676,0,2648F832Z8D-thJnrxy_ZoZ11111,,,,
0,0.0,0.13236665725708008,0,2561YDPNx6Nm5o6T0F-PGw-u2466,,,,
0,0.0,0.36264586448669434,0,1431C0_ORK0ta8pDX6H-1VOp596,,,,
0,0.0,0.33704614639282227,0,1234WIzl7ElikCCPk4gA-7ua3057,,,,
0,0.28571428571428575,0.19176435470581055,0,580J0GQq9CMPFwuNoK_eRB4169,,,,
0,0.047619047619047616,0.6690573692321777,0,1008cPycwBnuEuEiZLC7k7LH387,,,,
0,0.2,0.26402854919433594,0,2515HnCK6br3syHDxNhRpc8g1750,,,,
0,0.0,0.5436606407165527,0,1423Rcv2EkrmFuIt2YeOnjUf618,,,,
0,0.2068965517241379,1.356877088546753,0,20485Fhf0JwIy4n0x3VB-lgO1653,,,,
0,0.16091954022988503,1.9532148838043213,0,845RUlmcCAkxZC2itV7MBh62763,,,,
0,0.16,0.44671082496643066,0,2469wKA4zFUFpbear2IzeeA21855,,,,
0,0.0,0.18854498863220215,0,1440qne5M3TJkKmQ8UE97H1P2132,,,,
0,0.0,0.19488525390625,0,1528MgNp15Yx30rPeZDqHZi11952,,,,
0,0.19999999999999998,0.267362117767334,0,23488dFrnyeZ5ef_I0UKSiz_3761,,,,
0,0.15384615384615385,0.3471379280090332,0,1972yAEf1nBlvyHW4FzECBk52251,,,,
0,0.125,0.3932461738586426,0,1752E5XokYRzRxCMWKU2kTp-3547,,,,
0,0.0,0.2817115783691406,0,2574e_nCnMlZf6mrQzmO3LZo2447,,,,
0,0.125,0.3613598346710205,0,1235m-89f-L_U28rNQ1Twz073053,,,,
0,0.0,0.59659743309021,0,924h9Ft9SWd5mJ8NvTErCl72555,,,,
0,0.0,0.39863061904907227,0,1449K8ANCJR2kfhz2B8KAAgg2114,,,,
0,0.0,0.17604970932006836,0,2563vdW9TuW9KxwiRSmdl72r2463,,,,
0,0.2,0.2619478702545166,0,9171SqPvS4Y9VVB9rn93Vi-2574,,,,
0,0.35714285714285715,0.3996424674987793,0,27065ZHgP-paSB5ljBAmKla_949,,,,
1,1.0,0.12154221534729004,0,542GY7OjClDyzNlztIK-dOQ282,,,,
0,0.5454545454545454,0.2478482723236084,0,2135JNizCTqBzs-NkJ-0GhnT1406,,,,
0,0.0,0.13278675079345703,0,1021PPK-R-xW8kEi9x6y3ozh353,,,,
0,0.0,0.14434504508972168,0,2130h876xzkpp7t6b6OH4mTG1419,,,,
0,0.08000000000000002,0.48386597633361816,0,884P0H0QPSGbW5zK2GVDAY02661,,,,
0,0.07407407407407408,0.4555208683013916,0,1192qu70aQV6bzoD2MwG1aT83180,,,,
0,0.07272727272727272,1.3454711437225342,0,604BaVh8B5igEaFS0x8dDlu99,,,,
0,0.0,0.20427727699279785,0,2670fxp2HMG8cuSsty0VDUYi1051,,,,
0,0.2,0.49704909324645996,0,22218q38c0YRb2JXvtSd0Nqf4044,,,,
0,0.0,0.22915339469909668,0,2134Bi8K76FZoKK6ZdoHexNd1407,,,,
0,0.0,0.1538715362548828,0,2098lWBBQeFRw7WuODbVUvic1512,,,,
0,0.0,0.12113690376281738,0,899il7HMq79D4iA4PWEiSgJ2628,,,,
0,0.0,0.3432886600494385,0,9853WfA7vCWlhKLuNowxZf-444,,,,
0,0.09523809523809525,0.3434157371520996,0,1940j-y1Q_I1wO0_w4xuf2jC2322,,,,
0,0.0,0.24403834342956543,0,2577bEPb_E8k_8MS_cadZ9ua2441,,,,
0,0.1111111111111111,0.3364121913909912,0,29828E9PeGsXkCgpy9f0lHoG3903,,,,
0,0.5454545454545454,0.29912328720092773,0,3022nFZbMu1Zsnj63qPWfgCv3813,,,,
0,0.0,0.12939786911010742,0,609MyQ372LLBdo0DkE0M__Y85,,,,
0,0.17142857142857143,0.655181884765625,0,1012LN56E8ShPhOCoocbJrrp377,,,,
0,0.0,0.39293909072875977,0,2656m6atvpn0tFeC20KuCqnA1091,,,,
0,0.0,0.34203457832336426,0,1837DjnvLKs92-s8s-2bK5zI3340,,,,
0,0.5714285714285715,0.2907991409301758,0,994Sida6rlY6gttMLbmo18H294,,,,
0,0.0,0.1158742904663086,0,2972anHdG1TwBtQaRXhi-WEK3930,,,,
0,0.0,0.15580368041992188,0,2543YTHVxq-ZfUQzgqYoJgvE2501,,,,
0,0.5454545454545454,0.26488399505615234,0,2417mVau_Gooa9D5PxRnhLKg3623,,,,
0,0.0,0.5349164009094238,0,2135XIpxKCXL8wqzaiLxmU9S1404,,,,
0,0.0,0.2839996814727783,0,1941vdbzlN7oVltmEKX-YLNT2321,,,,
0,0.5454545454545454,0.2575833797454834,0,1172cnB3XirJLf2l_lj2h1NR3237,,,,
0,0.0,0.4425070285797119,0,2090kIQgIF1t7Ra3IASVYGL71532,,,,
0,0.10256410256410256,0.8505897521972656,0,1202iIzasrTScRTbY9MqhVF43150,,,,
0,0.0,0.26920580863952637,0,2197JYHIBfWstcD9UKgGesaP4105,,,,
0,0.27272727272727276,0.3403007984161377,0,897WMI0gpuEb7GnEJyiH4Uz2633,,,,
0,0.2,0.24123096466064453,0,1384F3UCzmVUDztYUe75gYZ8726,,,,
0,0.0,0.13630414009094238,0,1378ks8fL5T0PZyVfKqdb0iq743,,,,
0,0.17142857142857143,0.5440387725830078,0,1595fYgFcFNnWFaGQLEXRtcJ1248,,,,
0,0.2,0.24812817573547363,0,973l7OlPX7xTIwuKoPqSOF1480,,,,
0,0.0,0.10194230079650879,0,2059qn2LY5Rgkc_lCxZvqig_1624,,,,
0,0.16,0.3797018527984619,0,1350iEyQpgS8um8egWa2LDPk820,,,,
0,0.09523809523809525,0.5797784328460693,0,2426OrIWlCMyEkLoqANXww1O3604,,,,
0,0.11764705882352941,0.3373422622680664,0,1567OzoMV2H8D1C1oKf9kJ7U1317,,,,
0,0.5454545454545454,0.27851176261901855,0,1157dystjMPwLIVRr1mKQuwa3280,,,,
0,0.2352941176470588,0.617473840713501,0,27136dTeCLdMVvvOL507cvEc930,,,,
0,0.0,0.28255748748779297,0,1365-1b52ot7eMMf3SsA9c4Y777,,,,
0,0.14814814814814814,0.5599575042724609,0,2236OY8HQU0L8c2zBLDDSfzl4002,,,,
0,0.36363636363636365,0.28229188919067383,0,1173TY1U9F1eZjiUDJuXEvfX3233,,,,
0,0.0,0.32132911682128906,0,2475BHL2tV9VUQb2nFxwGP0p1839,,,,
0,0.0,0.18207836151123047,0,2499V-2FlPo6WVsoWpisdH6C1783,,,,
0,0.09090909090909091,0.3515903949737549,0,3018ir8K9UU-cmqq5IQcmz7l3820,,,,
0,0.09523809523809523,0.35965704917907715,0,2646G7TOcWUmw6OMJGvjmnOd1116,,,,
0,0.0,0.12807559967041016,0,628A_ztdoD85Pm7Hd6Uv2TF31,,,,
0,0.0,0.2594602108001709,0,2548jWUEsutIJk1cbqN2tPM12494,,,,
0,0.0,0.32127904891967773,0,840n8TOnpwIHl-qkgddBBUV2778,,,,
0,0.0625,0.3992578983306885,0,1979k__dYe4eh0JcWo4LS3y02238,,,,
0,0.08695652173913043,0.3205146789550781,0,730-sg8DQC7Q6MNsKvBhO3l2801,,,,
0,0.0,0.212144136428833,0,2411q8v30VrYGF_YwZ3xRDOD3629,,,,
0,0.0,0.34756898880004883,0,1537GkZcUo3TOHP-viuoWNt-1927,,,,
0,0.0,0.5469715595245361,0,2062pqfFSy4vUpvOqO0esuQx1613,,,,
0,0.0,0.3636038303375244,0,717GIQkXVVB0r9TgF9XjTKs2834,,,,
0,0.0,0.24450039863586426,0,2497_yB250Kp0G5hx_qYaSQz1789,,,,
0,0.22222222222222224,0.22789931297302246,0,1532_kh1mDAMXkYl6yf_Pv1J1940,,,,
0,0.33333333333333337,0.30434250831604004,0,2080wcuzvVTZwQpYTe_xQ8731560,,,,
0,0.0,0.16693902015686035,0,2562mR0gHty9fugk4dVk181r2464,,,,
0,0.16666666666666669,0.3069632053375244,0,1208ZxTFiASsvA8kMOYqhRyK3132,,,,
0,0.33333333333333337,0.29010987281799316,0,904jIjVFDOK0pRjFHCWbvJn2614,,,,
0,0.06896551724137931,0.38603758811950684,0,2664AqK615zaJ_528hvbvtPb1071,,,,
0,0.15999999999999998,0.5453598499298096,0,2169wN0winsrY_i_g0bAhQG-4173,,,,
0,0.16666666666666666,0.23886799812316895,0,2972A0AdM2WI3crvQdFxrqCd3928,,,,
0,0.0,0.1746978759765625,0,2173fu4XUTuowr7JXVT_qKR14162,,,,
1,1.0,0.14835071563720703,0,1194VOJh4dS-MXoenYLMn-a13174,,,,
0,0.0,0.1721029281616211,0,2344eMszMywnP_KtAXxgyVLS3770,,,,
0,0.0,0.36025571823120117,0,2202VQfjd1RqAXVO4ucrNNUA4091,,,,
0,0.0,0.8732290267944336,0,601ThCJk5zYjSXGup71iHM5105,,,,
0,0.07142857142857142,0.47299933433532715,0,2219TDRURokHX0rVp0aN741O4049,,,,
0,0.0,0.2436978816986084,0,652EU8b_0799Xp7ZExvB6D12996,,,,
0,0.0,0.13382840156555176,0,596zM0R2OmIzgkB1SbT2GQk122,,,,
0,0.16,0.3233327865600586,0,2628284lX5xJUbHwtCr3OcHt2341,,,,
0,0.4444444444444444,0.269794225692749,0,1464zJl2AsUmWqzyQ5UMyZIu2084,,,,
0,0.13333333333333333,0.37227606773376465,0,2119fyRyssk_Wje72wdKEvRB1450,,,,
0,0.0,0.48014330863952637,0,2011BmOhqTJO6XDvfA1PRl622189,,,,
0,0.0,0.19033503532409668,0,1143y4HvMRUYirASrnijdFdG3320,,,,
0,0.36363636363636365,0.17764711380004883,0,11609Jmtcj6mL4_qZoKMrsvu3271,,,,
0,0.0,0.16867780685424805,0,2512lEhovFhT11eis4TwjWj61755,,,,
0,0.26666666666666666,0.2574596405029297,0,10219JfXeEWLn2dqWpvyeBX-351,,,,
0,0.0,0.23076081275939941,0,591ltVD7_6Ehvx3qb3tWALB135,,,,
0,0.0,0.3991551399230957,0,991UJ4U1LRmAW5-f92M6LsY428,,,,
0,0.07692307692307691,0.5303847789764404,0,1827dyfhitJTrUGC7j5L4f793368,,,,
0,0.0,0.1254279613494873,0,25901E2zSJQfs-GE-OfTyHNi2415,,,,
0,0.0,0.35740041732788086,0,2390BO24hCThZGRINh8VZEwX3669,,,,
0,0.33333333333333337,0.4283308982849121,0,862Cr4hD-1x_y9yIeSe1h542712,,,,
0,0.22222222222222224,0.5264146327972412,0,919Uw0PTYP2s2ybeSXUEbBL2567,,,,
0,0.0,0.30182886123657227,0,26420KhWf9GaN3cEHDl39Qxn1125,,,,
0,0.3636363636363636,0.2676661014556885,0,2999clBojzrphxraymsqv1j23864,,,,
0,0.0,0.29714131355285645,0,2153UUzYIXrndLZzzxsDO5Gh4216,,,,
0,0.0,0.29525160789489746,0,1603mLkIXwPW7Y21tE83oCqe1229,,,,
0,0.0,0.20394682884216309,0,1177mo9QxepXvRmIEbov-3wB3225,,,,
0,0.0,0.3063833713531494,0,2163prpiVkHoWAkyQR6_xuQb4190,,,,
0,0.0,0.11400604248046875,0,1224ZpkYHN34yzQX3zAz1Drn3083,,,,
0,0.0,0.43084120750427246,0,3017aHeDCc1uLRI2rnBry2uw3823,,,,
0,0.33333333333333337,0.46367335319519043,0,25185MAzxodWaNF6paGbye9m1739,,,,
0,0.0,0.3048243522644043,0,1775dGCKacaEaf4vXnKBh4Rd3489,,,,
0,0.18181818181818182,0.2999556064605713,0,1971wAtIPOivQQGrt9-QMXKx2252,,,,
0,0.5,0.1281116008758545,0,1540XOXCHVXRJvkaumygGWEP1392,,,,
0,0.21052631578947367,0.42086124420166016,0,1018RR7R37EFe6-6a8ByqX6L362,,,,
0,0.0,0.35103845596313477,0,1581m_4FT3wjNv2nkp7_WsVw1287,,,,
0,0.15384615384615383,0.4664273262023926,0,92118qkl9UIQgFwOHU-Q5hF2561,,,,
0,0.30769230769230765,0.22479748725891113,0,1807ETR83rfS--7HO_UVPZIY3419,,,,
0,0.0,0.13108396530151367,0,9022NBdayPGc6_3kCdKoIiQ2620,,,,
0,0.0,0.4814438819885254,0,18135ObI1qm9GGBQEi88mvkH3404,,,,
0,0.0,0.33353757858276367,0,14135nOR58ZI6lSglpLLKJLs648,,,,
0,0.08333333333333333,0.5413825511932373,0,1221TiO8JJQ-vOfSQxVla7zq3093,,,,
0,0.0,0.382580041885376,0,684byYz4orMrh60-Fxhgy3n2915,,,,
0,0.1408450704225352,0.5490140914916992,0,2586yn1AwEdGYBYrySuVMaKy2424,,,,
0,0.30769230769230765,0.5077815055847168,0,629HsNl5Qf3THUq_CbmFrSx29,,,,
0,0.0,0.23832392692565918,0,723ytGpHPbjoavIcmlhSSPx2819,,,,
0,0.18604651162790697,0.7092580795288086,0,2713hk0M98quNxBe6DeLFCcS931,,,,
0,0.18181818181818182,0.2125084400177002,0,1469nqp1NXhfX10HhPcrdOO62071,,,,
0,0.36363636363636365,0.39557576179504395,0,2230tSU7QgNiYBltnZLJbQC34019,,,,
0,0.06451612903225808,0.43558335304260254,0,2595p6qxVIXlogFl1fTrX8fj2403,,,,
0,0.18181818181818182,0.2544066905975342,0,1191W0USQS58Z6BFE4WkQ-h53184,,,,
0,0.4,0.27614641189575195,0,2651W9hIkNcmdRVAlG6zUyLS1104,,,,
0,0.0,0.22662687301635742,0,653EYaIRqmXIngKYek45pE52994,,,,
0,0.6666666666666665,0.2055196762084961,0,918WklZmO3jLsn_Z70OZLWg2572,,,,
0,0.23529411764705882,0.3929896354675293,0,614qvZZNRxxpBg3ucW1nsPI74,,,,
0,0.06666666666666667,0.4958639144897461,0,1968sByqQLQlZjFcJMPFrHff2258,,,,
0,0.0,0.28095293045043945,0,686OvLyPUvXUe5IOzEyV6ef2909,,,,
0,0.1818181818181818,0.32169389724731445,0,1461b77FDHPFXFe4yi5Nhcwr2091,,,,
0,0.07142857142857142,0.3898301124572754,0,27240PkmgWqz5j9_Fq0dxZCZ901,,,,
0,0.0,0.3551452159881592,0,1586xdhd1pR6S0dzxj9ovgft1274,,,,
0,0.0,0.26137709617614746,0,564nvWBMTyMNmhonDBcxkha218,,,,
0,0.3333333333333333,0.16347408294677734,0,2540fNbixvF2zJt8p9UgqNRm2509,,,,
0,0.5,0.17454886436462402,0,19576albE3jQTwnzltPL9x4p2283,,,,
0,0.2,0.29665064811706543,0,844px1jLdiF9yixa41UdsW72765,,,,
0,0.05405405405405405,0.723609447479248,0,1438GBcsCGsIXBK4Ri5BDA7-2136,,,,
0,0.0,0.3593876361846924,0,1626CdTndjDZja_pRT6QKy_T1162,,,,
0,0.0,0.2979156970977783,0,2377P4XI1eWxdwx2SZ4FBFGz3694,,,,
0,0.21052631578947367,0.44106364250183105,0,1237-igIa0nSFzHyYKR3NSy73049,,,,
0,0.3809523809523809,1.0819923877716064,0,26841mPx1AI7j2kbUYe2rpkX1009,,,,
0,0.29411764705882354,0.40779852867126465,0,2651TkmXlqXOnvvNj8XwRj8y1102,,,,
0,0.1724137931034483,1.1902391910552979,0,2515f1PtJHMiB1tlaUewaK_M1748,,,,
0,0.0,0.23746919631958008,0,2074N9UKFJMXP9zlp3kGmFLm1578,,,,
0,0.0,0.335254430770874,0,2737g-gZdm-sJQvvj93e0dsn862,,,,
0,0.0,0.30199766159057617,0,1209gLLe3Hw31X00Jkrt9Bb-3130,,,,
0,0.3333333333333333,0.16161108016967773,0,20271DZtHLqghVOFTovejUu02159,,,,
0,0.09090909090909091,0.38042426109313965,0,1367qqQx_HJpwlvPVKeAf79c771,,,,
0,0.4,0.4413764476776123,0,1180si0MHWiDkF_QSrRg3Bmr3217,,,,
0,0.2,0.26221156120300293,0,1755k6OhZV2tgTLoY1YA0e3q3540,,,,
0,0.04761904761904762,0.9225325584411621,0,29911GwDefKvNAdit4U50-4e3883,,,,
0,0.0,0.3019540309906006,0,1150Z77lGncZI7Zrk-xbjId83299,,,,
0,0.0909090909090909,0.43561887741088867,0,2216CR-IgtZy4-rBrWwtf5Q84055,,,,
0,0.0,0.21880078315734863,0,3032TZQwiPvD5YTjwyIxVD573795,,,,
0,0.0,0.14996337890625,0,1031ZvlfbMyu93rSJ9xhYFCe322,,,,
0,0.2,0.6191253662109375,0,953eF6SuRKllGSbKQ3CTK_8542,,,,
0,0.2,0.25386571884155273,0,1503-OeysybldRIrK-6Seqce2015,,,,
0,0.10526315789473685,0.5945942401885986,0,1418rlNVb_RqqdBIh4q8Vz-O632,,,,
0,0.22222222222222224,0.27994489669799805,0,2697v70pWXgc-DSg0veQwf_g972,,,,
0,0.5333333333333333,0.2796502113342285,0,2950gZ4P4mJPFr8zvaCPmgqF3984,,,,
0,0.1142857142857143,0.636638879776001,0,1015sbzrzzKt2hHlSyEz_8ol371,,,,
0,0.2105263157894737,0.3048679828643799,0,20643waArPwERgCSx-Mi5aTq1607,,,,
0,0.30769230769230765,0.41878652572631836,0,25839ctSBP_9ircmR2x3MPam2429,,,,
0,0.0,0.27322816848754883,0,2109wDBr_5DTMGUIMawARy5V1481,,,,
0,0.16,0.2615070343017578,0,667rAHXuSUPsljQVxvIq2TT2958,,,,
0,0.0,0.30530333518981934,0,1614T5V_kcqugUnyUVwnMyhs1198,,,,
0,0.3333333333333333,0.1914222240447998,0,2654TNySW8MZLcGuEXDIeHmv1096,,,,
0,0.05263157894736842,0.6162655353546143,0,1167rHEYHtG_H7cMU-f8Fs4k3253,,,,
0,0.0,0.11224961280822754,0,1802TzfzNhOqk3YbRW3ibRGt3428,,,,
0,0.0,0.8640477657318115,0,1760mDs0p3IiDjSQHOt_UjsF3525,,,,
0,0.0,0.23576998710632324,0,587v2MlTNxLZ2PTLUM4FwNM149,,,,
0,0.0,0.22046160697937012,0,5926oxnr604obAEPlUV9uIf132,,,,
0,0.5714285714285715,0.20636343955993652,0,869tyTpa9rKUcCPdLKs8WYm2699,,,,
0,0.09090909090909091,0.4037935733795166,0,1151NblPUqOQyrZMMFg2dGYZ3296,,,,
0,0.0,0.3121986389160156,0,1403de07gs-9JpPhLkY3NXmx677,,,,
0,0.26666666666666666,0.4363064765930176,0,1399HAUAi3igcRp4kaiXBS34689,,,,
0,0.125,0.8074595928192139,0,1765lhaAmt-FyNdNGZEF0ee43508,,,,
0,0.6666666666666665,0.1949906349182129,0,2976EFlvgTQmMUjN_0Qwuu1-3920,,,,
0,0.18181818181818182,0.2622854709625244,0,911iSktzCosrhYPrDiybAu12591,,,,
0,0.10526315789473684,0.414780855178833,0,1758C1ntGFo_J3b9Gru82Z393529,,,,
0,0.22222222222222224,0.2514064311981201,0,25682UMH_dlMC7fYSOKwycid2456,,,,
0,0.0,0.72452712059021,0,1615r-Z6NuO6cx_SWYHnunxF1194,,,,
0,0.22222222222222224,0.2623884677886963,0,1446B3blpnHraasPEB4_1HUF2121,,,,
0,0.0,0.2434089183807373,0,1139_-7833hNxUF5gGfQFr7N3334,,,,
0,0.058823529411764705,0.5472049713134766,0,1568HYHlm_FxJX3M17z-eEGK1314,,,,
0,0.2608695652173913,0.45964813232421875,0,994GU89OGfkUkf_KwQ-KrNe296,,,,
0,0.0,0.5440902709960938,0,11881tCMe4yHOSjaL320WzSI3193,,,,
0,0.0,0.4363088607788086,0,2056cqUJwSrh1iUBnuLscYVW1632,,,,
0,0.0,0.3533294200897217,0,1175f68nWVOs5WY82yUFRvj63231,,,,
0,0.4444444444444445,0.2829318046569824,0,2500VYxWOcV0dcNe7upA2FXu1780,,,,
0,0.10526315789473684,0.3958549499511719,0,1401Qipsx6VOk5VqTYL6uR-s682,,,,
0,0.0,0.39229917526245117,0,581eQPPkrKHcN8_8Sw_9yqc167,,,,
0,0.06666666666666667,0.4910573959350586,0,1412dyjyK86xUjhTPTG2x3S7651,,,,
0,0.0,0.35314345359802246,0,2144tPw0o0rfWHjrb2BilKfa4239,,,,
0,0.0,0.12435340881347656,0,17575vjW6q5vpBlTdRADa0J73534,,,,
0,0.0,0.5715529918670654,0,1020SC6hZKqsbIYDzkH4Cli3355,,,,
0,0.16,0.3632388114929199,0,2648F832Z8D-thJnrxy_ZoZ11112,,,,
0,0.0,0.40671491622924805,0,1403iGcCDPPITOn08forKH9T676,,,,
0,0.75,0.17284536361694336,0,1800AHEt4m27Eec8QRYN8CrP3433,,,,
0,0.1818181818181818,0.29941320419311523,0,20726paThEg6FmxDxiNte-9n1586,,,,
0,0.15384615384615383,0.14295363426208496,0,1829Io4ow-6WaOGk3uMLY2EE3363,,,,
0,0.0,0.34653401374816895,0,857c6PNb74Vi_KeHh7wTR9E2726,,,,
0,0.4,0.25172996520996094,0,1575DDvSq8Z-ZcD7dwOi7PcQ1303,,,,
0,0.0,0.3306407928466797,0,20751yhuHsp4GA5IYz4deJsk1576,,,,
0,0.13333333333333336,0.3041234016418457,0,2733OPDIO_m0GnjeKLl0Pb0x873,,,,
0,0.0,0.3017911911010742,0,1770rj6GQbTCC5Whkc2stQVr3496,,,,
0,0.0,0.14736366271972656,0,2986JvbXNLo81zp2QsLN9R-o3895,,,,
0,0.0,0.37528538703918457,0,1586CJRbcCFLoT3hGLQI9g7U1272,,,,
0,0.0,0.6418182849884033,0,912P2qVUbgYW9BjbKDrE9DY2588,,,,
0,0.16666666666666666,0.28275060653686523,0,2071kHxLVZsdxtm6xVPXQcML1588,,,,
0,0.1,0.45523977279663086,0,943kajWSnLrin3THXJG_d-e571,,,,
0,0.2,0.3313608169555664,0,1627y16BUwp_39IprpSx206Q1161,,,,
0,0.0,0.21509861946105957,0,2139yDUqrN6ktYr0XYmUtrhj4252,,,,
0,0.0,0.12211108207702637,0,1517RRHHjHDzsegVV1oTrpCQ1979,,,,
0,0.6666666666666666,0.17008280754089355,0,21820nOi_DCT5VotWdfluLli4138,,,,
0,0.24,0.4724917411804199,0,595-NWtNX9EUYMxcBWtvCsv123,,,,
0,0.0,0.16448521614074707,0,2116GnMpkWhh1tl84u7kz-JS1461,,,,
0,0.0,0.3760991096496582,0,1159_3BLEoNo6JC3PQD3lhm_3273,,,,
0,0.0,0.2538907527923584,0,935AXiIOoqPxpPpzzvR8YS22525,,,,
0,0.0,0.39746713638305664,0,1791pNJzKyWbh6wW0KOK91ow3451,,,,
0,0.0,0.2565600872039795,0,2168J5OIY9_0JcjpUFtF-s8j4177,,,,
0,0.0,0.4402284622192383,0,25281rkigYqmVnXZVKIo__6C1709,,,,
0,0.07142857142857144,0.4587695598602295,0,2226L8d66ouJEV1RUNRdzzwj4033,,,,
0,0.0,0.1509864330291748,0,1478KTXepjZroExsv6FHaVuM2052,,,,
0,0.14285714285714285,0.30756139755249023,0,2079-LyObLxGymHC2hBqr_KO1565,,,,
0,0.0,0.27173495292663574,0,2627_Kfp2WhutNlCFnT50sG02344,,,,
0,0.1,0.4336233139038086,0,2508GyO7kZECUGQ3Ln8manrq1764,,,,
0,0.0,0.15544462203979492,0,1577OEbmLnj5geKIc3Ms5Gtk1299,,,,
0,0.30769230769230765,0.2423248291015625,0,854G5_8fmgOx2wqp3G98Wbo2736,,,,
0,0.0,0.42802953720092773,0,1741gH8j8vwlFA4b6EQ4n5w73579,,,,
0,0.08333333333333334,0.5366477966308594,0,2366jzVcXSo7q0dr6-Gz67u-3719,,,,
0,0.0,0.48243188858032227,0,26727Yse7GsoM0NaNss8TBWk1046,,,,
0,0.0,0.4055945873260498,0,549BWLdJQ30ytdTBb1ltl63261,,,,
0,0.13953488372093023,0.6013875007629395,0,1194TLkUeN2s1pmz3z-LhQdx3173,,,,
0,0.22222222222222224,0.17226934432983398,0,24419ElQ6t4Xid93KqYjJXMT1915,,,,
0,0.1,0.4354226589202881,0,2723xU3JSCsI93Jmzi12bo8-905,,,,
0,0.6153846153846153,0.2679281234741211,0,2980C0U4pvUngKDisOcpNW3q3908,,,,
0,0.16,0.5155646800994873,0,1363vktTqXoQ53guY-ds-40F783,,,,
0,0.0,0.354461669921875,0,1405G7xAi6FNLYm6fgeOs5Bj672,,,,
0,0.1111111111111111,0.336092472076416,0,661euljLSpbfTSc_6HtuXCq2973,,,,
0,0.14814814814814814,0.4707462787628174,0,733ro10P8E_CfDSYgZ9bqof2793,,,,
0,0.16666666666666669,0.3350081443786621,0,1427BI8NYRszEev_FCnoHfQp607,,,,
0,0.0,0.43721699714660645,0,19697DTaaASi89oMV51KpEk02257,,,,
1,1.0,0.12630748748779297,0,2997uuJN0Yt55vdTFyk9kAUA3869,,,,
0,0.0588235294117647,0.5821833610534668,0,986iCUMSxEyOTfVrShe7r8X441,,,,
0,0.1111111111111111,0.39279770851135254,0,1215415v_BmzwkNXDE-6MKs73112,,,,
0,0.0,0.35269951820373535,0,636bdCEp-ei65RvphUV5kzu7,,,,
0,0.0,0.2842690944671631,0,1563xPRXXjjPfuYHto6gKMoW1328,,,,
0,0.10256410256410256,0.4797635078430176,0,2418I5yqyRb98QY4tLtXIn9_3620,,,,
0,0.21428571428571425,0.5128915309906006,0,5725iP5Tzyy4gxehcn9t4TM194,,,,
0,0.0,0.1578662395477295,0,2957RON0RMexHAq6R8NDth-G3967,,,,
0,0.0,0.188262939453125,0,1603faGMdBUg02YqijMJnA3w1231,,,,
0,0.0,0.2942202091217041,0,2663WQsor3o4Lewe9Mg8roUm1072,,,,
0,0.0,0.3651907444000244,0,2366D8Jn50ErgQhZUhWNbxoM3718,,,,
0,0.3333333333333333,0.4270169734954834,0,2362OelwhQFGW2uASOC1uIZ-3729,,,,
0,0.47058823529411764,0.3629486560821533,0,2378sHxPf01TWhBuenSHMJyp3692,,,,
0,0.0,1.0109527111053467,0,2941qGbMTO0mozvc2N-D8Ll13995,,,,
0,0.23076923076923078,0.3657665252685547,0,1773wQV9nuZZSk8BnMoB0VXa3492,,,,
0,0.0,0.48722243309020996,0,2572QIeAiUrm-El8uQMnoPL52451,,,,
0,0.28571428571428575,0.16154193878173828,0,1149B_z0nE_Bw4gpJMErDvZF3303,,,,
0,0.17391304347826086,0.6328952312469482,0,953rhbVAxIUmfTtDbVTDP6l540,,,,
0,0.0,0.19525647163391113,0,1833mBAvNL7f3ZCmej5PwbdX3351,,,,
0,0.5,0.3537602424621582,0,21295BHq9T-LJZqpw1jzVi4C1424,,,,
0,0.06060606060606061,0.258617639541626,0,2456mSRZvgWGRhYDDkRPL2f41883,,,,
1,1.0,0.1209101676940918,0,1429iK5AeBnwtcbLHrY4SztI602,,,,
0,0.07407407407407407,0.4424095153808594,0,1768-UuFG072H5O8Xrou6GUN3501,,,,
0,0.16666666666666669,0.34919214248657227,0,1613_GNhprlpdle_vZoOR-qp1201,,,,
0,0.0,0.18762445449829102,0,1217VUulWWjfmhhB_SRnAH2c3105,,,,
0,0.2962962962962963,0.46173644065856934,0,2665gofGzsBk2vSGVSEDt1Hi1067,,,,
0,0.0,0.31798720359802246,0,2593NhMXH8FIz_rRIuHg7cJ32408,,,,
0,0.28571428571428575,0.24949002265930176,0,549rMq_bIS44jvhpB0uKShr263,,,,
0,0.09999999999999999,0.3337838649749756,0,2114PF_Hzr-w95B50r8JycTn1467,,,,
0,0.0,0.6110517978668213,0,3035KzumWKyVeC8_TMoA2sVR3792,,,,
0,0.33333333333333337,0.3117084503173828,0,3022nFZbMu1Zsnj63qPWfgCv3814,,,,
0,0.21052631578947367,0.4578862190246582,0,2716YlsdHqDkaN4VKLmk5cAm922,,,,
0,0.5,0.20733213424682617,0,8917xVQ8kbdXQaSDsHSDF5C2653,,,,
0,0.0,0.3557119369506836,0,2060X2wuRhZlsLWO7ahOjJyR1621,,,,
0,0.07407407407407407,0.369457483291626,0,976pJTD9ppLr0BqWc-99UZT471,,,,
0,0.23529411764705882,0.3306715488433838,0,1033Dt_nnXnaknyIGfmAyPvx317,,,,
0,0.0,0.18671107292175293,0,1446B3blpnHraasPEB4_1HUF2120,,,,
0,0.07142857142857144,0.5071215629577637,0,1557tNbqGVV_I5649rcUhKBN1347,,,,
0,0.09523809523809525,0.4769864082336426,0,2052CjMDg4rKssIF2dZJmzem1645,,,,
0,0.0,0.22298216819763184,0,2543Ssn0fF-rADMovcLk6Vwk2503,,,,
0,0.0,0.2747375965118408,0,1811paAxUvt29OX8E8chhsNQ3409,,,,
0,0.0,0.2685587406158447,0,1503-OeysybldRIrK-6Seqce2016,,,,
0,0.0,0.2936582565307617,0,20657PQBSzcpWa-mLkUYkxUD1604,,,,
0,0.3333333333333333,0.14628100395202637,0,1350m8tnshnQY1-SX1xaVUVD821,,,,
0,0.0,0.33497071266174316,0,627l2qkb84k2Ux6pDSBPEUl33,,,,
0,0.4000000000000001,0.33794140815734863,0,1206-NComMUlTR08rjYYkt_A3137,,,,
0,0.15384615384615385,0.2693972587585449,0,1809bhj4Kq1QgmejP4IfyOPD3415,,,,
0,0.18181818181818185,0.3515162467956543,0,2126BGCK5LuPavsOvc_pxZVc1431,,,,
0,0.0,0.22710800170898438,0,260778F0v0DAsxDp5cLyPs1O2374,,,,
0,0.2222222222222222,0.337130069732666,0,1437XgTDWPD8li99iYDMCw0B585,,,,
0,0.0,0.314225435256958,0,964ygH1FC7IV5sCZPqT4llq507,,,,
0,0.0,0.3092179298400879,0,1792pLMxkyBoluA32NPBVhWK3450,,,,
0,0.5714285714285715,0.1614673137664795,0,2031uU00oEz5_jFnQx9-A0O82151,,,,
0,0.3333333333333333,0.15053629875183105,0,2438_EbtTSQc5lsCpGlzo17M1925,,,,
0,0.15384615384615383,0.3069443702697754,0,2210Bc69tRCp2-mf6PkRz9_C4068,,,,
0,0.0,0.2895827293395996,0,1747m5UQck6_uvx449-K2ICH3562,,,,
0,0.07692307692307693,0.5122401714324951,0,2461qoOIYKbZjllIVQPxg4wR1867,,,,
0,0.0,0.27237606048583984,0,3027Cqdh_u1lGLcEm6FGsksN3803,,,,
0,0.4,0.16581487655639648,0,3013qWOe5GAKobQj6VkNX1a83834,,,,
0,0.4,0.1589338779449463,0,26914YUvq_aYLzOyH3_GkM4E989,,,,
0,0.14285714285714285,0.36713528633117676,0,1398G0VrF0Z8ACVX3zKFbVuB691,,,,
0,0.4444444444444444,0.23984575271606445,0,913vnJ7FuCx73C-Vyaofcns2587,,,,
0,0.0,0.40976381301879883,0,24607rfeko8svDiw7ESyatwy1870,,,,
0,0.20689655172413793,0.546048641204834,0,2602Qiq4iutdiApDxWf40xp42389,,,,
0,0.2727272727272727,0.8711905479431152,0,163794mILPDzpcNzf6gK9XRU1138,,,,
0,0.2222222222222222,0.22601056098937988,0,932jGvTQ5rqIA60r8VebV-l2534,,,,
0,0.0,0.455902099609375,0,2458nO0QxOBFA2uGin02ZUeR1878,,,,
0,0.0,0.42186474800109863,0,133872Mtqyb09KyYyKdDni5N857,,,,
0,0.6666666666666666,0.12894225120544434,0,2098D1dsKeKH0xANz6zd6LSO1513,,,,
0,0.0,0.39331603050231934,0,2224WT9qVEbYuJZkZlYlFqvu4038,,,,
0,0.0,0.20510530471801758,0,1524sFrIwH53jua7jqnLYOiU1962,,,,
0,0.0,0.16068315505981445,0,912n1fA7q16KhBjbKDrE9DY2589,,,,
0,0.0,0.30788230895996094,0,1420JOuqW5exFS-bK5y2bt55628,,,,
0,0.0,0.12052321434020996,0,1144Dngx4nkJVbVR8P-iE7sU3319,,,,
0,0.5,0.30941176414489746,0,27105B4kNatJgs2HMEX3Qbc-939,,,,
0,0.11764705882352941,0.3285233974456787,0,2970It0bwdTOrenZMXbnev6P3933,,,,
0,0.10526315789473685,0.3426856994628906,0,2427o0QmxcHBetNiSbTlOqmh3603,,,,
0,0.0,0.47081995010375977,0,1138CmWVAsyJiAlk5YMGolJH3336,,,,
0,0.0,0.11060070991516113,0,2030yIcovw6j8LoFsbnLcn8Q2154,,,,
0,0.10526315789473684,0.29518699645996094,0,2715dw_ZC1DahbCczlDe5Yi7925,,,,
0,0.0,0.1918489933013916,0,852ZSryt9TK0_Cz0XclTy282742,,,,
0,0.0,0.24262619018554688,0,677xmZHBoR33brul42LKfZz2935,,,,
0,0.8,0.13149404525756836,0,870flRwQUtWIQqV7rnLfZJd2696,,,,
0,0.0,0.16858887672424316,0,2024omrZBF4Urqdr7C3eyKVT2168,,,,
0,0.0,0.1669001579284668,0,947RcyMsfmB5EqbyHMxRUMk558,,,,
1,1.0,0.13168668746948242,0,1754_GNEGkdOQVIVIj3t_Ce43541,,,,
0,0.0,0.27803945541381836,0,5516BHaRRv6Egl03A_kDyw0256,,,,
0,0.0,0.35076475143432617,0,2657Omxhm5FyXyyp4pVdXx3Z1089,,,,
0,0.0,0.21445655822753906,0,983A961flzSyGYxt388JvI9450,,,,
0,0.0,0.24361276626586914,0,7201GV7Ue0Cd9oNYVERMrHM2828,,,,
0,0.0,0.36418604850769043,0,2099-acnCQhCOzxPYUMuFfmt1511,,,,
0,0.13333333333333333,0.3162868022918701,0,2365rte00Z2XRNdvvCufE-9W3720,,,,
0,0.0,0.4246799945831299,0,1403de07gs-9JpPhLkY3NXmx678,,,,
0,0.0,0.18214058876037598,0,1012HoYF9QrGUlI-8WclyplG375,,,,
0,0.30769230769230765,0.24871540069580078,0,1605jMKtP3m0NMd6-E_YJmsm1225,,,,
0,0.0,0.14581727981567383,0,2617lIcTuHq8N8es-n39g3012366,,,,
0,0.0,0.288179874420166,0,940e-OjeYG8x4-T5kU7TrIZ579,,,,
0,0.4444444444444444,0.34044504165649414,0,1161q6jwfFLoe3yAdsycwsj33268,,,,
0,0.0,0.12218451499938965,0,1237-igIa0nSFzHyYKR3NSy73048,,,,
0,0.4444444444444444,0.25413942337036133,0,1944pItIJgcM-r7jQqPj2HMs2314,,,,
0,0.07692307692307693,0.5905673503875732,0,1997fwZQw2OagHTAFRRNBLie2213,,,,
0,0.0,0.2077317237854004,0,1355DqKO8ByX-dB6SOPvmL5p807,,,,
1,1.0,0.1394634246826172,0,2477Wk5b58ywNkmGHha3UgSX1831,,,,
0,0.0,0.1383039951324463,0,1967lfLDTgzkA9Gl59C3V4Dz2260,,,,
0,0.0,0.4979417324066162,0,888Xb_uMPfibcJslsiGts6V2656,,,,
0,0.0,0.2349841594696045,0,2496IsKGXtB1XHAUH-HYoq6R1791,,,,
0,0.2285714285714286,0.43031907081604004,0,950DO8nI2LTiizfgJEJOjpc551,,,,
0,0.0,0.37036633491516113,0,1184C_LA1pOBVN-7HWp0PVT03205,,,,
0,0.3333333333333333,0.15336084365844727,0,9800iElAh33OivZxcm_4tCk461,,,,
0,0.07692307692307693,0.5513372421264648,0,2170euqbnyjNM_3BjmlETtrd4170,,,,
0,0.17142857142857143,0.6094112396240234,0,1817Ngtonx42zKkYoB0lwkwC3392,,,,
0,0.2857142857142857,0.18653106689453125,0,25850Dtx8v5Mh2YjRyU4T3sp2426,,,,
0,0.10526315789473685,0.30678439140319824,0,1435t5gBGAM2so8S89BXRimx589,,,,
0,0.0,0.3167576789855957,0,2622zT1yF5wKsaK2A4uT7mDp2355,,,,
0,0.0,0.2608671188354492,0,2009W5TM6PRERuoWbljEo4Be2196,,,,
0,0.0,0.24103307723999023,0,2397i5VYVXlITz1PA_p-X_0X3653,,,,
0,0.5,0.13361883163452148,0,25182PdyMWkPXSFPNo4-wt5J1740,,,,
0,0.15384615384615385,0.7992627620697021,0,2014iXQTylPiy0Z1L1FvuIJ62183,,,,
0,0.0,0.31597185134887695,0,1487U3qYzmS-i3I4p64DrXQr2037,,,,
0,0.0,0.15500378608703613,0,2351OjCB7Jc7RLtLp2D0LO6_3755,,,,
0,0.07692307692307693,0.3996005058288574,0,11938B6Igqu2WhcVLVswrYFh3178,,,,
0,0.08695652173913045,0.5014805793762207,0,1201NDB1j3x1mhteENUtx2Uf3153,,,,
0,0.1111111111111111,0.35624146461486816,0,2425ZfkdzdzBm04_UVw5uDTZ3607,,,,
0,0.11764705882352941,0.290651798248291,0,2717hIRcFjckTs_q0EnnEVyr919,,,,
0,0.0,0.21276521682739258,0,1589mo7D-joKXh635Vo4Jd911266,,,,
0,0.46153846153846156,0.3373732566833496,0,680rqH8TA5zhf68ANHAiKGW2927,,,,
0,0.06451612903225806,0.6397504806518555,0,300888hdakH4X_s3IFSxziMa3844,,,,
0,0.0,0.32463741302490234,0,25011ioqTMWVMDxHE8EGAltr1778,,,,
0,0.0,0.2078096866607666,0,718lHRShvhKKwv-68koIpPE2830,,,,
0,0.0,0.5401465892791748,0,1167rHEYHtG_H7cMU-f8Fs4k3252,,,,
0,0.18181818181818182,0.27352166175842285,0,713-mcsQX--u0E9HOv0wOBY2846,,,,
0,0.09090909090909091,0.32816481590270996,0,647GmaUXD9I5MZkvW1GqNBE3013,,,,
0,0.17142857142857146,0.6281912326812744,0,2527r9ku1IGBOQ1OmZhZuOtm1712,,,,
0,0.0,0.36115479469299316,0,2354kkPujXID5RmnkRVl9iSj3747,,,,
0,0.14285714285714285,0.2609293460845947,0,1797wFst44zDF00H-0mOIT9O3439,,,,
0,0.0,0.13176798820495605,0,2597oOL_7CB6tThxfotDFYvs2399,,,,
0,0.0,0.25017237663269043,0,615lwmbisxTxihwSWql1wTV71,,,,
0,0.0,0.22296786308288574,0,2353oF79-Zc0tRIFC0bsyHCL3750,,,,
0,0.0,0.686751127243042,0,1354evL5v3vzH55HvCkXDwJT808,,,,
0,0.2,0.22054076194763184,0,2576l9x6n1fNR9Eyt67rO1Sa2443,,,,
0,0.22222222222222224,0.2452836036682129,0,2166jcvCXmlprvHV3vNw6N8Q4184,,,,
0,0.06896551724137932,0.674851655960083,0,2657hOs_wmY_BN0133ij4AYu1087,,,,
0,0.0,0.36031532287597656,0,2076zzQUlwU64C-IvPfAQ3dP1572,,,,
0,0.15000000000000002,0.7920732498168945,0,2707KB1tO6YYJq35qJk9l8AN946,,,,
0,0.0,0.49732041358947754,0,557uKN2383p384ghLRsx8AW237,,,,
1,1.0,0.1412818431854248,0,1944pItIJgcM-r7jQqPj2HMs2313,,,,
0,0.0,0.2917826175689697,0,1985AHITudGoVRe60XPTH_s32229,,,,
0,0.12903225806451613,0.5117316246032715,0,2418I5yqyRb98QY4tLtXIn9_3621,,,,
0,0.4444444444444444,0.2719566822052002,0,24403xNlc7XEY3nh7XxknbP31918,,,,
0,0.058823529411764705,0.6404635906219482,0,2693xNMD-j6qs0jX-U23Wf0I985,,,,
0,0.19047619047619044,0.3979635238647461,0,27022m_6d9JgE_7EsYFGaMM8958,,,,
0,0.0,0.18658113479614258,0,1578v7s2xtga3UWShr9dGwp01295,,,,
0,0.07407407407407407,0.5068352222442627,0,2196AkNG1_y8EyrFRQMGcbBm4107,,,,
0,0.11764705882352941,0.5981531143188477,0,982TPLydrP2xNnL4eYgSPrZ453,,,,
0,0.0,0.4398226737976074,0,2433ieX4QNZiiR5HKqVqo0kv3595,,,,
0,0.0,0.39199280738830566,0,2227o9jqTZWB_ogYuEBs_sii4028,,,,
0,0.0,0.5133068561553955,0,26269UMEj-lV4oQGbZ0tTTK82349,,,,
0,0.09090909090909091,0.2644329071044922,0,2725lLg7uHCwU2triDIo3B-h898,,,,
0,0.0,0.11169910430908203,0,613XW7YAciAiMgfISN_tpEO77,,,,
0,0.3,0.3759465217590332,0,2069QCdzCbUZyNgMproHhJws1594,,,,
0,0.0,0.2726564407348633,0,11638Nq_dIQoWFn79xtu-dd53263,,,,
0,0.0,0.14770245552062988,0,912n1fA7q16KhBjbKDrE9DY2590,,,,
0,0.08333333333333334,0.3673977851867676,0,15476Ulo5UDthwWLMYPAIvDH1373,,,,
0,0.0,0.6460001468658447,0,2990PpCl1FO8CeALdKK62kl93886,,,,
0,0.0,0.8294875621795654,0,562Shx8P6CL03azbpL7QEd3224,,,,
0,0.0,0.4347856044769287,0,1145CdbMPhBl1m3XpPiJVufo3316,,,,
0,0.25,0.23821258544921875,0,2700ouBGuI-BEf84sS7uN4t6963,,,,
0,0.15384615384615383,0.30937623977661133,0,2211wsW8oNaSRcLGzwyfLWhi4066,,,,
0,0.21052631578947367,0.4124610424041748,0,12281NX5BUaKvLMrzAwIIu6k3071,,,,
0,0.3478260869565218,0.4011044502258301,0,1373md66uV8NUYn6tLcFPoUa755,,,,
0,0.375,0.3952009677886963,0,1025Ra_IZNvQuUI7Ec5aTeot341,,,,
0,0.22222222222222224,0.22115659713745117,0,1742jdkwyvzoxAod7udXGbWH3576,,,,
0,0.2857142857142857,0.17537426948547363,0,54482QW5OfFiQVIWiIpVI2E277,,,,
0,0.3333333333333333,0.1684722900390625,0,1382_Yx0YcqIkER15lL0Mw_j730,,,,
0,0.09523809523809523,0.4097774028778076,0,9100HQlpvSt_OwVnpYpqMFu2596,,,,
0,0.0,0.2345414161682129,0,1175kIOD5y8d7_nFY3yGAH-q3230,,,,
0,0.0,0.12086963653564453,0,2615nIRZaSedAQN4xOsUpgWf2369,,,,
0,0.0,0.11779284477233887,0,63954swC8JcouCYEJsZyw4b3036,,,,
1,1.0,0.12136149406433105,0,892B8GiS_zkJfKANp04UQhD2649,,,,
0,0.25,0.17215847969055176,0,2595p6qxVIXlogFl1fTrX8fj2404,,,,
0,0.0,0.30485963821411133,0,1435t5gBGAM2so8S89BXRimx590,,,,
0,0.0,0.12240195274353027,0,1963LYeJkFeQGNvt6xtitv6o2268,,,,
0,0.06666666666666667,0.4534876346588135,0,2716YlsdHqDkaN4VKLmk5cAm923,,,,
0,0.08,0.46584224700927734,0,1031ZvlfbMyu93rSJ9xhYFCe323,,,,
0,0.0,0.11031699180603027,0,11547MyYfAO2SJjFtK6lH5ci3289,,,,
0,0.0,0.11587977409362793,0,695M95U1ZWSZiatzYpCAxVB2886,,,,
1,1.0,0.17325997352600098,0,2351OjCB7Jc7RLtLp2D0LO6_3756,,,,
0,0.0,0.28078651428222656,0,1580Swc8yb1vcok9FztLAWLx1290,,,,
0,0.0625,0.43860554695129395,0,1983DSmGEvLUNx1_qYJNeZZv2235,,,,
0,0.0,0.1629021167755127,0,2113j9ajPk3B-jbp1vJIl71A1468,,,,
0,0.10256410256410255,0.3406503200531006,0,2463j88tc1ZRrsqGuky-lBg71866,,,,
0,0.0,0.16585540771484375,0,652LiD_APWuMXugNPF6gw3S2997,,,,
0,0.19354838709677416,0.5054006576538086,0,1822rHcCQAy-f_rt_yufMqKb3383,,,,
0,0.0,0.15336275100708008,0,844wRITrjdtv1BhdX6qAgxD2767,,,,
0,0.23529411764705885,0.3385143280029297,0,1345JzmbSlEwtFkj07wPh-DW836,,,,
0,0.28571428571428575,0.20140886306762695,0,589hVu_utDk4vFRJ8mJGyL0141,,,,
0,0.0,0.22545266151428223,0,2544HudU0nsQ8gvIycLuberP2498,,,,
0,0.0,0.09694075584411621,0,1192qu70aQV6bzoD2MwG1aT83181,,,,
0,0.14285714285714288,0.5468814373016357,0,1579OPjVMaCxctlZmUpiZzrp1292,,,,
0,0.06666666666666667,0.7911474704742432,0,1779lcPuO1NFS50gJD6T-Zo73478,,,,
0,0.3333333333333333,0.18857026100158691,0,2062VZLt42f5YfL_F5YiZJ9_1614,,,,
0,0.6666666666666666,0.13264942169189453,0,3004X8M9tRmpFDo7C4yTa_nC3854,,,,
0,0.3333333333333333,0.16761279106140137,0,2565CoSVkWMIiJBlke0DSSt82458,,,,
0,0.48,0.28164243698120117,0,2399Y49nXZDPa9G-815VEhlQ3649,,,,
0,0.0,0.17216825485229492,0,671tmMHr0OIhb3ulvq5ranP2949,,,,
0,0.0,0.580712080001831,0,1417CvbtpTdNieUFK8V6Ekov637,,,,
0,0.0,0.30692625045776367,0,1398tbxE6rw4tRvgrp1PnRa7692,,,,
1,1.0,0.15406417846679688,0,894ARwgTOyFrfBbcEBpNyXo2644,,,,
0,0.0,0.3014800548553467,0,19562G4XhcAWDDltouKXoTDE2285,,,,
0,0.044444444444444446,0.6887168884277344,0,1463FoB-_-oeUnsS3sDglbN52087,,,,
0,0.13333333333333333,0.3670620918273926,0,2455Z_NA0qrNdsEcFeJPnpVS1885,,,,
0,0.0,0.202850341796875,0,1024EAnLzPugg_3Icp64grI8344,,,,
0,0.0,0.33213257789611816,0,25544Iwj6p8ZpT8Nege2BaSS2480,,,,
0,0.14285714285714285,0.2839524745941162,0,6378qDCOgKH25DqwcZO1mKf3,,,,
0,0.22222222222222224,0.24581217765808105,0,1580w-I93H4qmLDCZ7pKh9bk1288,,,,
0,0.14285714285714288,0.259688138961792,0,2994z92F6tuanrTZ7p_1PiGz3877,,,,
0,0.0,0.11852264404296875,0,683aqqwKP1KduPxIkVF7N9F2917,,,,
0,0.5,0.11043572425842285,0,2564PEd_NYQVsw7TwigJZu1b2460,,,,
0,0.18181818181818182,0.2659416198730469,0,13946HYMoyH_5YN47EsUiywo705,,,,
0,0.0,0.14287471771240234,0,1960TyZYSsqghmtoz6azHmRc2276,,,,
0,0.30769230769230765,0.3031437397003174,0,689RfOgas4kQddfMQXny3cR2902,,,,
0,0.0,0.2401432991027832,0,874kqKcdnSqPr2kHFDtCs872688,,,,
0,0.0,0.3729400634765625,0,2125Vbp22wSh0VwBbUKAfI0y1435,,,,
0,0.08,0.49689149856567383,0,101195_WiJNTm5lUVJPBEQsu380,,,,
0,0.0,0.39625048637390137,0,881sSYAcH--BN-pqbR9hFYL2670,,,,
0,0.0,0.2912561893463135,0,1210_s24nmmMlgNl60QCA3_m3126,,,,
0,0.0,0.12884044647216797,0,1772BxXxPMha90GNn-cr0CdA3493,,,,
0,0.11764705882352941,0.4877917766571045,0,564nvWBMTyMNmhonDBcxkha217,,,,
0,0.14285714285714288,0.34259796142578125,0,1626tcaoo5Rh3rYif96ePl8T1163,,,,
0,0.0,0.39972615242004395,0,2227njumpoFaBCvHN5gK9Hmj4030,,,,
0,0.0,0.4001626968383789,0,2117usIbqKfvGfEciX6sxfMh1458,,,,
0,0.2222222222222222,0.19431400299072266,0,574T3IVyhdGf2qyfbl0GBBS187,,,,
0,0.14285714285714285,0.16856694221496582,0,983lsArLcvfSEq21Yv9hyIq451,,,,
0,0.27450980392156865,1.0179452896118164,0,1447-lsa5GMde2CPKwJUa0h52117,,,,
0,0.2857142857142857,0.24166154861450195,0,2047k8-fX-AM7Tv4kEIBJCC81657,,,,
0,0.0,0.18707537651062012,0,2573Yesh6cIYKXGOxrwMiFam2449,,,,
1,1.0,0.12679243087768555,0,2344TQZdhbkqw-jvF5b_mO0e3768,,,,
0,0.2222222222222222,0.254199743270874,0,2644fKUBosjdYiAeduy2FQVF1120,,,,
0,0.5454545454545454,0.2902565002441406,0,2467fzJ6d5_K_QRe9CU--BXT1860,,,,
0,0.2222222222222222,0.32210564613342285,0,977HIIAwnIqxPwgBrCLE7De468,,,,
0,0.15384615384615383,0.31969761848449707,0,2995FYU3dbcdZ2Om_eXNrFz43874,,,,
0,0.06896551724137931,0.6907072067260742,0,1438pakrvpuzI9RRVwHckRIx2137,,,,
0,0.0,0.20194220542907715,0,642cj_9TM2LY8uspNPdM55l3026,,,,
0,0.10526315789473685,0.363391637802124,0,2589xXJabxuTAbaSikLKRb-g2417,,,,
0,0.0,0.5659031867980957,0,2420ljk2de81UhSRuKQX3a_J3616,,,,
0,0.0,0.15381717681884766,0,215150kaVnc71Yqt1mSUj_mU4220,,,,
0,0.0,0.13017773628234863,0,1956vw_p35LNB6CkbnIkyRY-2284,,,,
0,0.25,0.5517003536224365,0,2650L8Wg3JCMUv2NtSViky2F1105,,,,
0,0.28571428571428575,0.15976238250732422,0,1786I5qlkjh5HPU7gv2S4fXA3460,,,,
0,0.16666666666666666,0.27121925354003906,0,178729fWseJtFCuTr6qSCsEp3456,,,,
0,0.13333333333333333,0.592907190322876,0,586KitV3SprRbS0Gf9jJzYW151,,,,
0,0.0,0.4533517360687256,0,2428yXwf4M0pblVsR9721lQa3600,,,,
0,0.0,0.11314606666564941,0,1795SmUM72qvYEGcEDAoWbE73442,,,,
0,0.0,0.4729585647583008,0,15476Ulo5UDthwWLMYPAIvDH1372,,,,
0,0.2,0.49247288703918457,0,938YP3H8bkzV6_3rYyEJr_w300,,,,
0,0.15384615384615385,0.3334324359893799,0,3006iqQtMuDDJjWerBzm_Me73850,,,,
0,0.15384615384615383,0.4517331123352051,0,1631qwKfG1vTrv4q_GaRhDXj1153,,,,
0,0.5,0.1465926170349121,0,1770UjdM67frvAA3cqjwF3333494,,,,
0,0.0,0.11932849884033203,0,1761O3JjMUze6fafyiPISXbp3520,,,,
0,0.16,0.3784217834472656,0,2223FJEauLUlxzo8dn725XKK4040,,,,
0,0.08695652173913045,0.4585452079772949,0,17770UIuay1RFuPABhV0c8OJ3482,,,,
0,0.0,0.1380765438079834,0,25261kHHM3xmrKGTFC2m-3jz1717,,,,
0,0.1818181818181818,0.4374868869781494,0,2408ZcniF4-_aNVJzLlDje0y3633,,,,
0,0.02510460251046025,6.362539291381836,0,2187B0sWPT98eVpnAmdk_adu4127,,,,
0,0.0,0.525665283203125,0,2620OCzi6sRLt3mGvqENj2_f2358,,,,
0,0.0,0.5835061073303223,0,14184ScD3kP338oXI7mRSkqg634,,,,
0,0.0,0.14242815971374512,0,545m8hikbi_76zd990QYmmK275,,,,
0,0.09999999999999999,0.4485645294189453,0,17502DSDScCdCbid-xPukm5G3554,,,,
0,0.0,0.4915802478790283,0,1380eJea603GtPQMYCinujki736,,,,
0,0.1,0.32334327697753906,0,2176_V6iXioszwPbfdPjMwxq4154,,,,
0,0.6,0.26904726028442383,0,2521zNHb6afBjfIeBZ-paiLV1732,,,,
0,0.0,0.529362678527832,0,2172mjXN9cse5myRvOdHKPXb4165,,,,
0,0.0392156862745098,0.6436595916748047,0,714aKiFAE7PyMxPGjvvXxuT2843,,,,
0,0.0,0.23361968994140625,0,2059qn2LY5Rgkc_lCxZvqig_1623,,,,
0,0.6666666666666666,0.12001276016235352,0,585CaB0jXHyJe3pUKSAX9bo155,,,,
0,0.16666666666666666,0.3018016815185547,0,2520AJw6yorsA0GUmWlSBDMa1735,,,,
0,0.5,0.15442276000976562,0,2968uPxSrxVpmS14fG-ZA4Ao3939,,,,
0,0.17391304347826086,0.411607027053833,0,2229yWQdKMBVLO9a2dROyNJM4023,,,,
0,0.0,0.24208903312683105,0,2731RLyhdlj0BcmAmC4xntvl881,,,,
0,0.0,0.27102065086364746,0,2608ntJl4AFAduDIt0AYknjI2371,,,,
0,0.26666666666666666,0.37337183952331543,0,2067_XJIXN5KQHYCN7DkmQwO1600,,,,
0,0.0,0.16867780685424805,0,1533QCzr5BjBIkY0Ic8bG-GH1937,,,,
0,0.0,0.24900007247924805,0,2110Ltc2qd2K0ntqhOxVLf_A1477,,,,
0,0.0,0.29662585258483887,0,2441iHjaCHbBrRtNVI1F4dLI1917,,,,
0,0.42857142857142855,0.390423059463501,0,2466lC31cH6baEqjSIz-P2Z51863,,,,
0,0.0,0.3969700336456299,0,1601x8Z8HcPY9jNpZ_sO3-QS1232,,,,
0,0.14285714285714285,0.6105690002441406,0,2478p3DH7qkwbYJIQjszTbcE1828,,,,
0,0.0,0.2990260124206543,0,2389R07UIy-md3maCacU-Hv63671,,,,
0,0.0,0.1756148338317871,0,682I2vidJcfbbqgpGrTK1XG2921,,,,
0,0.16666666666666669,0.5882694721221924,0,2643UpH1vcnmDtWFzogLQYIY1123,,,,
0,0.16666666666666666,0.21897149085998535,0,883NFsTbNvaXPN7nA5vibGt2664,,,,
0,0.0,0.2161722183227539,0,2030yIcovw6j8LoFsbnLcn8Q2153,,,,
0,0.1818181818181818,0.24811005592346191,0,898Q-3kYtPG_vXcdvoFxJxW2631,,,,
0,0.18181818181818182,0.4272158145904541,0,1024b_zBEsoqAnEtMtzSj7XD342,,,,
0,0.23529411764705882,0.3359551429748535,0,2950j5cEVzFR9tlrOy98K8cj3982,,,,
0,0.0,0.30479955673217773,0,2474aB357FAulw_H4WRn_Ime1842,,,,
0,0.0,0.4404785633087158,0,2221KJ9_NrlgdFscJr8G23sK4043,,,,
0,0.6,0.2639954090118408,0,15387Blg_wJjcZbkwAdg3ihT1400,,,,
0,0.0,0.5000793933868408,0,931vejmr38S6tswRYCaqosz2538,,,,
0,0.28571428571428575,0.6097836494445801,0,2688HW0oYt08dER6A8d66xBp998,,,,
0,0.03508771929824561,1.1095929145812988,0,23386xE0NbvZWVPZakM8re8C3783,,,,
0,0.0,0.29656362533569336,0,2131ThABbwh5RS-HlVdmLPDZ1418,,,,
0,0.10526315789473685,0.3253958225250244,0,970ykwG5UACigqQF0ueujZT489,,,,
0,0.0,0.13682818412780762,0,2011Y6hmmr1d2jBM4AO7b6VL2190,,,,
0,0.2222222222222222,0.2726724147796631,0,176272iLN20O-jOavSbCNQan3517,,,,
0,0.2105263157894737,0.30551910400390625,0,935UD7iycK3BrOizCyeWBg22526,,,,
0,0.0,0.6315007209777832,0,1366z_TtwYTXRVHrRgzO6hv7772,,,,
0,0.0,0.13356828689575195,0,705nABbOAzpYWFGNrPSDwL22868,,,,
0,0.5,0.22134065628051758,0,1037LvCdYeAKroXxUJeycQww304,,,,
0,0.0,0.2870180606842041,0,2644fKUBosjdYiAeduy2FQVF1121,,,,
0,0.1818181818181818,0.3129122257232666,0,2073z-IROD_SxTTIHVa0x2-Q1583,,,,
0,0.15384615384615385,0.481050968170166,0,2193Xc8QMOrUJWgYE6YwVXyI4116,,,,
0,0.22222222222222224,0.28166699409484863,0,1455F83kQULcWfbQs3NcBq_w2104,,,,
0,0.5,0.16385650634765625,0,842ErNGDuqVhjG7ZUyiwsjd2772,,,,
0,0.4,0.2489628791809082,0,1785Yd2T_X6Og_obivSYFDDm3463,,,,
0,0.14285714285714285,0.48232531547546387,0,2176_V6iXioszwPbfdPjMwxq4153,,,,
0,0.0,0.332165002822876,0,1994OHXyl5b_H0ye904RAGwf2215,,,,
0,0.19047619047619047,0.33318567276000977,0,2369_xfvbok_zAL_Rv81FtdX3712,,,,
0,0.33333333333333337,0.2634451389312744,0,2052RvSs680PHPtZuennk4-w1643,,,,
0,0.2608695652173913,0.43924570083618164,0,2051Kxj17zphNy4PvJVu6Lkg1647,,,,
0,0.0,0.38819408416748047,0,3038eqq4CM3lWy40y14f8S143785,,,,
0,0.3333333333333333,0.525395393371582,0,1763xIpOj62D71kP707OrPOL3516,,,,
0,0.14285714285714285,0.8293073177337646,0,584OsnQDPEfdT3D-biv4Yg2158,,,,
0,0.0,0.2651960849761963,0,21208xkL7JG9a1slm1tkqySv1448,,,,
0,0.0,0.17606401443481445,0,2551pxDvmDEe_JDrvTqX24D22488,,,,
0,0.06451612903225806,0.5098111629486084,0,1600ywzg9ULBGI5IAxrJ6foM1236,,,,
0,0.28571428571428575,0.2859978675842285,0,596Q82NOv6jfyrM6AZU0rOO120,,,,
0,0.0,0.31348752975463867,0,2548jWUEsutIJk1cbqN2tPM12495,,,,
0,0.31999999999999995,0.4439246654510498,0,2395gaoIJm8RJNk2Sl5xvuDq3658,,,,
0,0.0,0.35541343688964844,0,20199YPeHSgfEFESo0NsKNKZ2176,,,,
0,0.0,0.18305349349975586,0,1785-_093vWZJxwqV0Mwx6bG3462,,,,
0,0.06451612903225808,0.43935680389404297,0,1169Pw8TMA7C0o4DfohkFyls3245,,,,
0,0.21621621621621623,0.6476550102233887,0,886LRP2H2vQHems49GkFtqW2659,,,,
0,0.0,0.4228184223175049,0,1369djsyqLYuxpeSrFzUMmCE765,,,,
0,0.0,0.2129528522491455,0,2206I8Vkp53Zdu1cUBnnuvdS4081,,,,
0,0.18181818181818182,0.29122447967529297,0,1166mDE1LWP75imlcmsDPZ4x3256,,,,
0,0.2857142857142857,0.4334990978240967,0,2439Q3dwt5i21LkosQln5aU01922,,,,
0,0.0,0.29917144775390625,0,1549OXzotDTvVSxA1XYg3Qdn1368,,,,
0,0.5,0.15372848510742188,0,1461ZfZbXtvbUZA2_jR_fhkR2090,,,,
0,0.2222222222222222,0.28411388397216797,0,2999g-R1b7cOXrVxRNQJEeu63865,,,,
0,0.0,0.227247953414917,0,2962KhT-P_YhV9i-0r4AXnNV3953,,,,
0,0.0,0.26212263107299805,0,2493Wl0nyJ_0srCt24KRwauj1800,,,,
0,0.5,0.13677239418029785,0,2102z4y9nEpbATY8I78HaePk1502,,,,
0,0.0625,0.5219571590423584,0,1556RL1OU4mcoPPe2rTqDdxN1349,,,,
0,0.25,0.32178330421447754,0,1740bfOMnm2FzOi__s2X3YUd3584,,,,
0,0.0,0.6511120796203613,0,2507uSi5SuFnCHRYJSdsCOTN1766,,,,
1,1.0,0.12905168533325195,0,1825MtNCYtNGCoORkHQFRAhq3374,,,,
0,0.0,0.24437379837036133,0,1517RRHHjHDzsegVV1oTrpCQ1978,,,,
0,0.5714285714285715,0.14142251014709473,0,1830MpIhGxEOYndLD4ltPTIl3360,,,,
0,0.0,0.6990797519683838,0,1032DagEj13ZJnkBdXH3dlsw319,,,,
0,0.0,0.5514862537384033,0,913vnJ7FuCx73C-Vyaofcns2586,,,,
0,0.0,0.5487685203552246,0,21895ri-SgzvCYbZU84umbJD4124,,,,
0,0.2,0.18471026420593262,0,20711Hl0tPbCWQ2GM-nT-TSe1587,,,,
0,0.07692307692307693,0.5085878372192383,0,1003mJcD4m-odKlTcjmfnWpG402,,,,
0,0.23529411764705882,0.25285959243774414,0,2228Ft7w8DJ9Q6WqnZI87gg34025,,,,
0,0.0,0.20006489753723145,0,699mwyBz83siw0vstjV-vDu2880,,,,
0,0.0,0.23532748222351074,0,20641EP682eRhx2QWgjzDM9I1609,,,,
0,0.06451612903225806,1.2861387729644775,0,2018nWjHAk4XaPTFuNjnMEQn2178,,,,
0,0.0,0.2646331787109375,0,662FSjJPutAhsBA5hh--LCF2971,,,,
0,0.03846153846153846,1.3972952365875244,0,622nOqPRd2vnPs-z_NW5VoY48,,,,
0,0.0,0.32788586616516113,0,2719wUxhpIiVwxBLr4itkaGv912,,,,
0,0.0,0.18610715866088867,0,703rIf-aXXra-sCqmgKHUxK2873,,,,
0,0.3076923076923077,0.32265329360961914,0,17877jymQtwntyWZpIqtv6ZT3458,,,,
0,0.20512820512820512,0.8381571769714355,0,2449Gc-t93zVR6Bjza9-brVc1898,,,,
0,0.08333333333333333,0.48641514778137207,0,2721w4sXZ7mV6j4Zl36hHUHd910,,,,
0,0.7499999999999999,0.21532154083251953,0,602HXVJQ-EmvT3_fAAZT-iH102,,,,
0,0.15384615384615383,0.2611367702484131,0,2986JvbXNLo81zp2QsLN9R-o3896,,,,
0,0.125,0.24385523796081543,0,2651W9hIkNcmdRVAlG6zUyLS1103,,,,
0,0.0,0.29161715507507324,0,949_fWOuLXk2h3DJ9NWsIjn552,,,,
0,0.5,0.3216831684112549,0,2232EHYoqgOShRapE72ALRJ44015,,,,
0,0.0,0.14481139183044434,0,1410DLyemZEmSq5UCIdY2yjC657,,,,
0,0.1111111111111111,0.461991548538208,0,2422G-GiBC-3LUz-jnAzT2Mq3609,,,,
0,0.0,0.5563225746154785,0,2958PFJS1dK5nJyCBmSCZBqp3963,,,,
0,0.0,0.19769787788391113,0,717GIQkXVVB0r9TgF9XjTKs2833,,,,
0,0.0,0.2986166477203369,0,1633DdbmGFX3Fap5yGmYewEs1149,,,,
0,0.0,0.13671064376831055,0,843zyenQsDbdyEDKorOOEer2769,,,,
0,0.0,0.1250934600830078,0,542XLmdPu_Re7m8EKEBlNHO283,,,,
0,0.0,0.11986017227172852,0,29802gx0lFYy6rgIUS6ZhDD83909,,,,
0,0.08333333333333333,0.4851100444793701,0,2107a4gQhq9F4QB4GLnMXPaW1487,,,,
0,0.13793103448275865,0.6116847991943359,0,1374yoc9nWJdr9ATgDMv2vDw752,,,,
0,0.16000000000000003,0.5599367618560791,0,2396H9jCvuDLczQcUQlEZGud3657,,,,
0,0.08,0.5075397491455078,0,26748vEm6_JIFNnvzYBeYPv81040,,,,
0,0.0,0.5227997303009033,0,3017iTDKpmlMaBIVXHiLiYZ73822,,,,
0,0.14814814814814814,0.37413477897644043,0,2710l98nPxuBNtPvCvgG3ZAV938,,,,
0,0.0,0.14070749282836914,0,940fL86HY7bK7-T5kU7TrIZ581,,,,
0,0.30769230769230765,0.2897765636444092,0,926_pz3jhhCLKnSf1RRHRGd2547,,,,
0,0.0625,0.6185977458953857,0,1492M31dOPpyF5MFUXJiJfx52030,,,,
0,0.0,0.5825395584106445,0,1560RmR7yEVWFqhgUfFWyb3J1336,,,,
0,0.3157894736842105,0.40205860137939453,0,1808OvbxP0FbCDbzWY3jMW_e3416,,,,
0,0.17647058823529413,0.46788930892944336,0,2711wNn5GeHqOfTsTyQ56zpG937,,,,
0,0.0,0.2747304439544678,0,5753KHX9NUZ-uCbV_zi_V4J183,,,,
0,0.1904761904761905,0.29447507858276367,0,2722B2Q7xCqKAJysuUWecphg908,,,,
0,0.16666666666666666,0.3806021213531494,0,2074kJ6tj7m3dUealDR0iSOG1579,,,,
0,0.2222222222222222,0.3896963596343994,0,9012HUd6aulh_Yu4SRtV4Ju2622,,,,
0,0.0,0.29583024978637695,0,2730mL2oE6m4D8Od_UQ6wMXf883,,,,
0,0.4,0.17015552520751953,0,1453eTocKdHUvXr67uYm59TP2106,,,,
0,0.5555555555555556,0.3690836429595947,0,641M4LSzcBNf0p8MuWs4Li43030,,,,
0,0.125,0.31726908683776855,0,937wMFiXffRIE3NG_K_PJuV2519,,,,
0,0.0,0.39929771423339844,0,556fLKlHwoGAKGwwcRMBDwh240,,,,
0,0.47058823529411764,0.3820767402648926,0,2640x6nNIaOGwyi0gBPzvykU1131,,,,
0,0.0,0.5019369125366211,0,1812VV7iwFJbaygIgu6vzb9F3406,,,,
0,0.08695652173913045,0.514725923538208,0,2560nGtG9OY7-88aqDalhuYv2470,,,,
0,0.22857142857142856,0.42252564430236816,0,1594lISY-Dfis872k6M3Utdc1251,,,,
0,0.0,0.43419694900512695,0,2115o-NOQilKM9cMoL7EeDR01462,,,,
0,0.5714285714285715,0.166029691696167,0,1502t95YZwb3DBEc50kzbs112018,,,,
0,0.0,0.23656034469604492,0,643hOw7cSZHnFDg9xSl_9rX3025,,,,
0,0.20000000000000004,0.328275203704834,0,2707gSiUHQVzCZqq8wFY2gvz944,,,,
0,0.0,0.13264083862304688,0,2114PF_Hzr-w95B50r8JycTn1466,,,,
0,0.0,0.35227441787719727,0,1387YoNwFgU_hCV3WDkM6HFk720,,,,
0,0.08695652173913045,0.5352532863616943,0,25567DWWtABHgq600h7hP6972477,,,,
0,0.11764705882352941,0.6641056537628174,0,2438_EbtTSQc5lsCpGlzo17M1926,,,,
0,0.4444444444444445,0.240004301071167,0,625s5iuUhzcOucr1cjzlQTe39,,,,
0,0.0,0.24745655059814453,0,2150mk9STtYfvVPdRfNOdnih4223,,,,
0,0.0,0.4105241298675537,0,606ydc6r27eppB2SC3CIOZ594,,,,
0,0.0,0.14603543281555176,0,2703tHS1apl2j5UgPSEuvXw2955,,,,
0,0.37037037037037035,0.5401384830474854,0,30239qJxzKpT4gziPvpN4Rqd3811,,,,
0,0.14285714285714285,0.3091244697570801,0,2472J9OcrMuEU-NMunTzS_UI1846,,,,
0,0.16666666666666669,0.3273203372955322,0,1527UKGoQiYuIWZfUOoYgAYF1954,,,,
0,0.09090909090909091,0.5032484531402588,0,1950b8OIQ8bzZrEdme_QFejW2297,,,,
0,0.0,0.26729750633239746,0,1439FueGAYIvwKpcGr1leJJu2135,,,,
0,0.30769230769230765,0.30154967308044434,0,3014pcTrhA69GQHkNXpHvhmZ3831,,,,
0,0.22222222222222224,0.2517273426055908,0,2958RqWdfJdoUOuFb0joLgV93964,,,,
0,0.5,0.1506052017211914,0,239409bAojLcBv-vX19Ipsyy3660,,,,
0,0.09999999999999999,0.5182490348815918,0,1627Ewd39gIbO48nfIpKd3jZ1160,,,,
0,0.33333333333333337,0.33545899391174316,0,692dt6AYZva7v7XYgvIDEbY2893,,,,
0,0.0,0.458604097366333,0,608IiEQrTFEeXGLAfAOvOOp88,,,,
0,0.0,0.17444849014282227,0,1162WEg_WPImiRPmAPvN_wnE3045,,,,
0,0.0,0.11584591865539551,0,899il7HMq79D4iA4PWEiSgJ2629,,,,
0,0.2222222222222222,0.32108592987060547,0,864AJ9w8gUeeT5ui2mjV-482708,,,,
0,0.0,0.11361408233642578,0,1177mo9QxepXvRmIEbov-3wB3226,,,,
0,0.15384615384615385,0.34206128120422363,0,2734MmqzZtp-AZWpm2ZfsFhO871,,,,
0,0.1388888888888889,1.6210732460021973,0,2410IRpfau2-Ltn2-LoMkPNf3631,,,,
0,0.1818181818181818,0.20505380630493164,0,1217VUulWWjfmhhB_SRnAH2c3106,,,,
0,0.14634146341463414,0.7234561443328857,0,1618DNm6lX3wftxfj2fnuyVr1185,,,,
0,0.3333333333333333,0.15896248817443848,0,2579V8DiOeUpZ5xJHz_B22Nw2436,,,,
0,0.0,0.7323596477508545,0,1760mDs0p3IiDjSQHOt_UjsF3524,,,,
0,0.13333333333333333,0.6737427711486816,0,2507s9ZR3iJP0z5Z6_djlvFa1765,,,,
0,0.14285714285714288,0.3788573741912842,0,927fFROY82WGNQwzbZYqAZl2545,,,,
0,0.8,0.14873361587524414,0,27105B4kNatJgs2HMEX3Qbc-940,,,,
0,0.16666666666666666,0.26714611053466797,0,2078dQ_JXY4ymZQeFE0Q6gMo1566,,,,
0,0.26666666666666666,0.306732177734375,0,2134c3GwJ25P4vGSVnWFZ8d31408,,,,
1,1.0,0.10905933380126953,0,901d0BwILQTPPl4oiAkiW0N2621,,,,
0,0.16666666666666666,0.4117894172668457,0,1032DagEj13ZJnkBdXH3dlsw320,,,,
0,0.5,0.12077188491821289,0,567dxrWSjH-3GSoMgKPevyt207,,,,
0,0.0,0.29848766326904297,0,1987kuJ62sHMo5LRL0V1zWv52223,,,,
0,0.0,0.43633389472961426,0,590XWeIE_Ub3P9D0x7jiKmg139,,,,
0,0.125,0.5034184455871582,0,1419bJn9E_UUgrwZGzmllbaR629,,,,
0,0.15384615384615383,0.31087565422058105,0,8478WHZms7MdB1ce7kHygtH2757,,,,
0,0.0,0.27271389961242676,0,15075jeWJyHrflW280qJuH1b2008,,,,
0,0.11764705882352941,0.6104283332824707,0,1361J6GUEFw0eUjZYJ4tiHvB788,,,,
0,0.25,0.25627923011779785,0,1962Nznt7PwFe6mdz6hcXnVa2271,,,,
0,0.0909090909090909,0.49192261695861816,0,2939FAcUTmMYAGquuzkjAN1d3997,,,,
0,0.09523809523809523,0.416149377822876,0,2147SEz1hmjhUpcGuddz5WUk4230,,,,
0,0.0909090909090909,0.4420621395111084,0,2968uPxSrxVpmS14fG-ZA4Ao3938,,,,
0,0.0,0.32860851287841797,0,1945_7jADD_G_gdbFReCrUtY2310,,,,
0,0.27272727272727276,0.420025110244751,0,1382vpjR9ETfO4vE8tz6BI31731,,,,
0,0.0,0.25305795669555664,0,1604z6EFDlKj1Ika8RT3XTEm1228,,,,
0,0.0,0.1913454532623291,0,1592ZON_5a2-NF9DppBASPuf1255,,,,
0,0.0,0.4307866096496582,0,2987jq09CSEi-lBZSSYtX9tj3893,,,,
0,0.4444444444444444,0.5458114147186279,0,942M7M9hNpAspJcsRQKTuJQ573,,,,
0,0.4,0.14898157119750977,0,2718CJJlT43vSkiBp7_LGjcB917,,,,
0,0.0,0.9654228687286377,0,25813tM3oQb5_kWZVY_CdOzs2431,,,,
0,0.0,0.3172922134399414,0,679vpo5VTNOuK7oFLdslg8e2929,,,,
0,0.4444444444444445,0.2709684371948242,0,616OWtj6d8Wd_SHB_8cDpHD67,,,,
0,0.25,0.2055954933166504,0,1751kG4ZgRcpVW2reI1_s3123550,,,,
0,0.0,0.3986542224884033,0,24434z3j5gm_bj0nuQ8LfJIw1910,,,,
0,0.0,0.3749871253967285,0,25959RxG-G9wyRUK62zPUPq52402,,,,
0,0.2,0.26009631156921387,0,2120iYmdxQBWrRTb5lLxyQx11447,,,,
0,0.1764705882352941,0.5406770706176758,0,2673FDf451ZmX7vXALugyB1a1044,,,,
0,0.13333333333333336,0.3181440830230713,0,1196pKofKEiQ1ZBZSetE64_G3169,,,,
0,0.0,0.23643732070922852,0,2093euyG67o3cVGqrsSPrCbI1525,,,,
0,0.09090909090909091,0.420102596282959,0,1022odDZeLWqHwQdk0LQ3Ji5348,,,,
0,0.0,0.3554527759552002,0,1804uzeMzyojontOD0RrTKB-3427,,,,
0,0.2,0.22866225242614746,0,1182HI-17dsw8VRu8AKL-nGo3209,,,,
0,0.09090909090909091,0.43551039695739746,0,2117usIbqKfvGfEciX6sxfMh1457,,,,
0,0.16666666666666666,0.46293139457702637,0,2950gZ4P4mJPFr8zvaCPmgqF3983,,,,
0,0.05405405405405405,0.6600713729858398,0,2233Y-YKfqTQmrCwlcADWe1n4010,,,,
0,0.0,0.9093334674835205,0,25182PdyMWkPXSFPNo4-wt5J1741,,,,
0,0.2,0.25545239448547363,0,7102gW4oVzoXhOyiAji75BJ2854,,,,
0,0.13333333333333333,0.3098781108856201,0,838RE46J5MX4D49kRweDkzw2516,,,,
0,0.0,0.3036370277404785,0,1636U9fgDPC8e9WhnQASL0AZ1142,,,,
0,0.0,0.4239785671234131,0,2966QzGzVpOocUqZIf0qxqAI3942,,,,
0,0.2857142857142857,0.518718957901001,0,24469YIw5bTHJgIQYHoHuYLz1905,,,,
0,0.0,0.3221256732940674,0,1780LA22drSP8A8UyH6kh_Zg3475,,,,
0,0.0,0.41031360626220703,0,838BwSb1yX6r8PmHfFQ_-Dk2517,,,,
0,0.16666666666666666,0.2870926856994629,0,910WJniQOWQeZ-7hez_wycY2594,,,,
0,0.07692307692307693,0.5495672225952148,0,2132yLDutcv3-EyuSrPEe_qP1414,,,,
0,0.0,0.26424169540405273,0,1834IF4cgFJT0qrx6LbC8_z03347,,,,
0,0.08333333333333333,0.34206557273864746,0,10225FLoQxnwSkdi_B5KomYG349,,,,
0,0.0,0.17900371551513672,0,1515gM9MF9FMUE__r5E1YQRi1983,,,,
0,0.0,0.4918065071105957,0,2130hnFIfjAqoSjF4izSr4Sg1420,,,,
0,0.0,0.36580324172973633,0,2495cQqgzzooS13bDr8Ph6Gf1796,,,,
0,0.0,0.27800989151000977,0,722Zb3Sw31D8-m69waDslkm2822,,,,
0,0.18181818181818182,0.4758639335632324,0,731-qietcbXc2nDy-pU2z8A2796,,,,
0,0.13333333333333333,0.5166430473327637,0,2357bg7FTfVebD7QxLK_W3qG3738,,,,
0,0.0,0.15107274055480957,0,2358jqFEmp4cxrm3AWKZILMj3737,,,,
0,0.5454545454545454,0.5733637809753418,0,2704SYrBfH1tUHa-vFcWOrAs952,,,,
0,0.0,0.13044166564941406,0,635Jf_-DqbwtcPrT7rU-Jws10,,,,
0,0.18181818181818182,0.31525707244873047,0,2736DC0e2KjXgGVcPZ2WLIxz866,,,,
0,0.0,0.34843921661376953,0,1540m7KtQ8W37yFZzUzVcX5F1393,,,,
0,0.4,0.15047240257263184,0,1025ZadbOp7BrFP2karwsuNA339,,,,
0,0.07142857142857142,0.4856445789337158,0,610cgbbYUhEHZ0pSu_hj0IX83,,,,
0,0.0,0.5647599697113037,0,2133l3pjWfCkZZOCX5jvmzSB1412,,,,
0,0.0,0.20509982109069824,0,708039C_1LOgHzr9Hb6yAEm2860,,,,
0,0.16666666666666669,0.49898433685302734,0,898Q-3kYtPG_vXcdvoFxJxW2632,,,,
0,0.0,0.38350629806518555,0,2076slcCeUs4SSiwZVjyC4u81573,,,,
0,0.0909090909090909,0.3737466335296631,0,2992gMiCk1Qhs-vDl8gSC9lR3880,,,,
0,0.0,0.49158668518066406,0,571i8l4_77Uat7tpf7uzj1X195,,,,
0,0.28571428571428575,0.22409677505493164,0,1575ppfrAxMc-4L7Tua7RW2i1304,,,,
0,0.4,0.1423025131225586,0,540gS6PWvy11E_WySWDzeHa288,,,,
0,0.5,0.2574038505554199,0,877wqSp0Rkg0hf-ytTtfQ252682,,,,
0,0.07692307692307693,0.5444314479827881,0,11609Jmtcj6mL4_qZoKMrsvu3270,,,,
0,0.25,0.1784060001373291,0,1502t95YZwb3DBEc50kzbs112019,,,,
0,0.0,0.13678455352783203,0,25923M2ou7gOwnwBwtqHq_Ei2411,,,,
0,0.36363636363636365,0.27321314811706543,0,210122hc2gtQAt4eeAx88Upu1503,,,,
0,0.09090909090909091,0.4357180595397949,0,875rKE1xYgnsy1BcrIiDIQI2686,,,,
0,0.0,0.2521853446960449,0,15234HN9qI_Z1BT9PU4i4eXx1965,,,,
0,0.0,0.3906421661376953,0,896q9fkwlNTB-uLIhW50gpL2638,,,,
0,0.0,0.44255542755126953,0,628oWPCunaZPZ7dsBtbV11P30,,,,
0,0.19999999999999998,0.3237152099609375,0,1998tYHxV4GeHjIVsXiSo8Hr2211,,,,
0,0.08695652173913043,0.24369049072265625,0,2692_fbTsXXpwP0opcAgOaVe986,,,,
0,0.0,0.1563706398010254,0,1426bEr-N4c6lQoKgO9HYKbw611,,,,
0,0.5,0.2674520015716553,0,642t90xpp6PDsZFZ-bpxEez3028,,,,
0,0.4444444444444445,0.30422377586364746,0,2395o2IF67yRoSD5xGlszZGz3659,,,,
0,0.2857142857142857,0.37752795219421387,0,2375wXJbyJnkzdso878KLwWJ3699,,,,
0,0.0,1.0030455589294434,0,2037xYCP17QpdbpzHpni7UrG2140,,,,
0,0.23529411764705885,0.30370450019836426,0,1362BPgQJxJaOhV-CP2tGeBk786,,,,
0,0.0,0.4089069366455078,0,2045T8nQX2uFT71OR7C-6Sjj1661,,,,
0,0.33333333333333337,0.153273344039917,0,538gLSK6-g0JoLk6sK3uauP2,,,,
0,0.0,0.5499696731567383,0,2427_8TqCgsX9NP5483T0_Hi3601,,,,
0,0.2580645161290323,0.5325632095336914,0,1630NLRyBDonlo1Mtz-Tmltq1157,,,,
0,0.5714285714285715,0.21883702278137207,0,619ettAV35JO9WyPjBmVuTZ57,,,,
0,0.0,0.35883140563964844,0,601rUHFULW3zIx3841qHZyq107,,,,
0,0.07407407407407407,0.49300074577331543,0,1350m8tnshnQY1-SX1xaVUVD822,,,,
0,0.0,0.6544086933135986,0,1419tOWt7I089hJ4HUoPR6EI630,,,,
0,0.11764705882352941,0.3838965892791748,0,2096OjLZieUfMFEgNMVotx4Z1517,,,,
0,0.0,0.31418681144714355,0,2483xn8QuuA6OqhzaYPTxh7I1820,,,,
0,0.0,0.3524491786956787,0,9414p2IRYym1X7K4lS0j_Q5578,,,,
0,0.0,0.2543313503265381,0,981M9FKIWHSyh9UYiLsHR3E456,,,,
0,0.2,0.24808025360107422,0,2578Ix0kGXjoeJXUfAshA75j2438,,,,
0,0.0,0.29662466049194336,0,1967cSyL4AQ5Xz3yJ6hC4cWu2259,,,,
0,0.0,0.6285111904144287,0,895GTgHWgOsJfWGzfuk0cBw2641,,,,
0,0.2,0.3048136234283447,0,21282Cr-35xm2wBqUSJkqXMj1426,,,,
0,0.13793103448275862,0.4937021732330322,0,1781v4O_2XdfE6Nu9HHNiBxe3470,,,,
0,0.0,0.6835589408874512,0,2455Z_NA0qrNdsEcFeJPnpVS1886,,,,
0,0.25396825396825395,1.0512661933898926,0,1975vLuOp8gEBc7-d27D_PJt2244,,,,
0,0.3333333333333333,0.4330480098724365,0,1020shbJqszE6Dwd0s9ufDFH354,,,,
0,0.20689655172413796,0.4150855541229248,0,15611Xd1lIWLRyaQ6bXEMZ0W1333,,,,
0,0.0,0.4596681594848633,0,2124hG4KLqALJOOHr-3PHVOG1436,,,,
0,0.33333333333333326,0.3209552764892578,0,1826l7UVGsNPZHXbgRIPoIUx3372,,,,
0,0.0,0.14064979553222656,0,695h31kCvASR0Z5l5aivqQt2887,,,,
0,0.1,0.3533461093902588,0,2442Qnq15H_ylz9SkgCBZcsE1914,,,,
0,0.2608695652173913,0.33405423164367676,0,667rAHXuSUPsljQVxvIq2TT2957,,,,
0,0.14285714285714288,0.6966598033905029,0,25604fSMJJe0iDDONhUpmjzE2469,,,,
0,0.15789473684210525,0.42995691299438477,0,2565Fka6oc0BTYJ567R8eShz2459,,,,
1,1.0,0.12420368194580078,0,2670Y-kuxlKLxN5SPIlGPfw91052,,,,
0,0.0,0.3035407066345215,0,2102F8JjzM2uHi5C1tuhbTZe1501,,,,
0,0.0,0.10418105125427246,0,90097rrJhPCLDwMjGcQ2QA22626,,,,
0,0.3333333333333333,0.1802811622619629,0,2722im-NxxsEP4XILd22CljL906,,,,
0,0.05714285714285715,0.6667065620422363,0,2945mpQYcMGssA5i-bw5sX4T3986,,,,
0,0.0,0.2778632640838623,0,25220uEQpWctQitEMppCz0oB1729,,,,
0,0.0975609756097561,0.3584606647491455,0,2450fAZnmnJBsF5ajCmgyFSm1894,,,,
1,1.0,0.1412351131439209,0,2521zNHb6afBjfIeBZ-paiLV1731,,,,
1,1.0,0.15172648429870605,0,1029D_VXSqeEcmujQynOF_FN329,,,,
0,0.0,0.24381208419799805,0,21895ri-SgzvCYbZU84umbJD4125,,,,
0,0.37499999999999994,0.33180832862854004,0,2653htyng3Z_tsonlTCkn_QC1100,,,,
0,0.0,0.21055173873901367,0,1521m0vIxCtc6C0q4fZ4bmW21970,,,,
0,0.14285714285714288,0.37894749641418457,0,1616tJD99SBv5x6A67wD89lO1190,,,,
0,0.14634146341463414,0.7219052314758301,0,957C6c8UBXNxelvZ_YavK28530,,,,
0,0.0,0.3883345127105713,0,541b8Dh-FxM3PgziNCUUuUq285,,,,
0,0.0,0.17748188972473145,0,2393t0babHd-BI0al0kqRL4Z3662,,,,
0,0.2105263157894737,0.30237627029418945,0,951QRsnzHPzlTm1kJw2YlVa548,,,,
0,0.08333333333333334,0.4763367176055908,0,1400uU3CM_7LdMUuWkvkQxxM687,,,,
0,0.0,0.12991023063659668,0,2593NhMXH8FIz_rRIuHg7cJ32407,,,,
0,0.0,0.12443017959594727,0,2124d8CiYUpjOQQmj4tL4X0v1437,,,,
0,0.6666666666666666,0.1539602279663086,0,15886mL2IQG8B6jETUgnOHZc1268,,,,
0,0.2,0.6096575260162354,0,2969xxQHUKBzQcM9DNUcN--Q3934,,,,
0,0.37499999999999994,0.30868959426879883,0,646OD5224k55Wh4kR-RsWPl3016,,,,
0,0.26666666666666666,0.27033138275146484,0,1835xWOwAfgrbHJnPbJjkinW3346,,,,
0,0.30769230769230765,0.2576909065246582,0,909gtca-lnTfb7i_Tj-phi82597,,,,
0,0.07407407407407407,0.57975172996521,0,998p1ztLXm5gKJajkvwEEjf414,,,,
0,0.2105263157894737,0.37939000129699707,0,10361heR9e1kTvvo1NiiW5Ae307,,,,
0,0.06451612903225806,0.5536572933197021,0,2154hgnNDJMyC_N1LGBLoIru4213,,,,
0,0.09999999999999999,0.5400831699371338,0,1190LpUYusZ3T7nqZ3kXM3uR3185,,,,
0,0.0,0.5588805675506592,0,1387oQz4cxlHhwF5gpvX_8s_718,,,,
0,0.0,0.36003828048706055,0,2123JgqxRVRAg0ZSNs3_HwHe1439,,,,
0,0.07142857142857144,0.46777820587158203,0,600dYBRrC6h4LjypO5PySt6109,,,,
0,0.2,0.563739538192749,0,916dKMXGoacskOpfFfF3fl32576,,,,
0,0.6666666666666666,0.22588491439819336,0,2523rTR1vV07WZ0GNJ4Wu_DS1724,,,,
0,0.09523809523809525,0.4994778633117676,0,1027ZkSa0ea9HAzRy_8T4y3g334,,,,
0,0.0,0.14066767692565918,0,96007jxuZq6dQmJdVZtpl44519,,,,
0,0.0,0.19763422012329102,0,2356NFxPDl9UkBBLyPHbKrvJ3742,,,,
0,0.25,0.3737781047821045,0,547tG9ZeRqXvJLYthNWsLap269,,,,
0,0.6666666666666666,0.12125682830810547,0,2701_eTSfG0kbk-njomBcNgv960,,,,
0,0.07692307692307691,0.3778047561645508,0,934hLc2W0dI5ExU1xikzEH42530,,,,
0,0.0,0.130173921585083,0,2575f4mugcu2JQoWTywMsU6P2446,,,,
0,0.21052631578947367,0.37882447242736816,0,604mQQLLhcNi8N9nxflPiAk100,,,,
0,0.1904761904761905,0.2965245246887207,0,23807v22XvrUQTol7Th3lJWE3686,,,,
0,0.0,0.6353585720062256,0,2458nO0QxOBFA2uGin02ZUeR1877,,,,
0,0.36363636363636365,0.25179576873779297,0,725fIuqkG2FAMAMrRV2o_q72815,,,,
0,0.0,0.24602818489074707,0,6907GyyauVbz0gBDeg6Ql0l2899,,,,
0,0.25,0.3335609436035156,0,25163F-nTR5MBd30RtLg31GT1746,,,,
1,1.0,0.1523115634918213,0,2959dC6Am4UskyZMHV9xE3WU3961,,,,
0,0.21428571428571427,0.44047069549560547,0,2093f84OlebSpPLq7CIoCbc51523,,,,
0,0.0,0.1304779052734375,0,1958hcGziYoVonuuIdReU0Lj2279,,,,
0,0.8,0.1620957851409912,0,2604w8Y2Cl6uiR5M0-ejmWMM2384,,,,
0,0.27272727272727276,0.3563687801361084,0,614qvZZNRxxpBg3ucW1nsPI73,,,,
0,0.5454545454545454,0.15200424194335938,0,2402MAhKxnMmLtfOdk-08LTn3642,,,,
0,0.09523809523809522,0.41003942489624023,0,2694ltreEVbPipuuO8jQ7qct982,,,,
0,0.0,0.7025916576385498,0,2961bLOhNS6f8RK3mV6jOtYf3955,,,,
0,0.25,0.23550677299499512,0,1389Ypbz0yiTxHj8sdg8Dd-O714,,,,
0,0.0,0.3321545124053955,0,2168J5OIY9_0JcjpUFtF-s8j4178,,,,
0,0.25806451612903225,0.5759017467498779,0,1415PPveKUVTi5av3Jj0lvQX641,,,,
0,0.8,0.11528730392456055,0,1235ppKKbTr1utemwebxmtLB3054,,,,
0,0.0,0.18383312225341797,0,1144QjbX5t9wSPKKpoQzUqIM3317,,,,
0,0.22222222222222224,0.5989375114440918,0,663-xYs0_yfqwh5e1vCCBW72968,,,,
0,0.0,0.31572556495666504,0,3019slRZYA_GgPxTKTEzhFb_3818,,,,
0,0.0,0.4240691661834717,0,1634rEU-bIULINidGaTwrGNb1146,,,,
0,0.6666666666666666,0.14803051948547363,0,2100nzSjCMDd--9Fj7a4NWfz1507,,,,
0,0.0,0.13630008697509766,0,631qBhc6tNC5x4jMUP590HD21,,,,
0,0.0,0.46152639389038086,0,1542SShgTHmccjRMIaq5sxCR1387,,,,
0,0.03636363636363636,1.188256025314331,0,622nAKi4as7dtc8Z9eTpkdT49,,,,
0,0.0,0.1827104091644287,0,973wD6IGiEh8Dy46Roludyx481,,,,
0,0.0,0.3246619701385498,0,623AhTszwVETU0JVBzClsCl45,,,,
0,0.0,0.19601678848266602,0,2122TwBF08fbVn83IOLPGXJ51444,,,,
0,0.0,0.29119229316711426,0,2569SVBHC-JT-ZpiERWOXHiR2453,,,,
0,0.04,0.864422082901001,0,2198b7QHTaEci9ZiP8Jgg9Gb4101,,,,
0,0.08333333333333333,0.4460716247558594,0,1402m18_1bIWy0g2aRhM2xVK679,,,,
0,0.0,0.3001577854156494,0,729ocp-SA5gFg2mOHOi_9bT2803,,,,
0,0.47058823529411764,0.34117627143859863,0,1424eyzMoP7NlT7lLHg-CSKt615,,,,
0,0.0,0.3721599578857422,0,2680JFom2C2m5B61Zmr5e-xw1022,,,,
0,0.0,0.5844926834106445,0,930cjgSy21jAxSRsOSjGC6K2540,,,,
0,0.15789473684210525,0.33977413177490234,0,1604rg80oUsGty1ShrvBvuRN1226,,,,
0,0.0,0.3978290557861328,0,1009Uk9DWEoZIQcw717YJKbT385,,,,
0,0.0,0.13082027435302734,0,2060JRIdb6Jd39yNN2K3FzKd1619,,,,
0,0.5263157894736842,0.29707789421081543,0,1164S0n8sFxAjOhrJykde65c3260,,,,
0,0.0,0.19367265701293945,0,1207HLvv2F6G--J1iG2Sr0GT3135,,,,
0,0.0,0.13727474212646484,0,621rUA-y24a2TlBAhZxV8H853,,,,
0,0.15384615384615383,0.375762939453125,0,974EqHGKum7PKcQ6aiSmCQ1477,,,,
0,0.8,0.18401598930358887,0,2969gQlMvd6FhSZMcTlnE-C13935,,,,
1,1.0,0.13535714149475098,0,905EurUqDl4s2krYgolDdmX2609,,,,
0,0.35294117647058826,0.6525857448577881,0,2226GKXgfMEXDLjamZ5nzPFh4031,,,,
0,0.0,0.22909879684448242,0,11609irFw-wvr48-kAG66MW13269,,,,
0,0.0,0.40599608421325684,0,2107cMmJ6oXMn_tX8EiA1_Qh1486,,,,
0,0.0,0.3470621109008789,0,2685B8bjO_bSgF7yP_RE9FZq1006,,,,
0,0.0,0.1299126148223877,0,2972anHdG1TwBtQaRXhi-WEK3929,,,,
0,0.11764705882352941,0.49478936195373535,0,1426bEr-N4c6lQoKgO9HYKbw610,,,,
0,0.0,0.33650636672973633,0,2471B8agFup8-O0sKzC9wV521850,,,,
0,0.6,0.2158365249633789,0,2132y4UclYrIoM9EfY6q0cLU1413,,,,
0,0.0,0.3076949119567871,0,24900ppOWI96tjRkMOIpDwu01807,,,,
0,0.25,0.2499988079071045,0,2721Lisb2VI4t962p0mF1ytc909,,,,
0,0.09523809523809525,0.27291345596313477,0,1526rfIPgkgJxKRdDsBSn4dn1957,,,,
0,0.1,0.29083752632141113,0,1365-1b52ot7eMMf3SsA9c4Y776,,,,
0,0.3333333333333333,0.18288135528564453,0,1236uLGJLEnlgvBpRt41BaBc3052,,,,
0,0.13333333333333333,0.3349766731262207,0,720KTE_TQ-QFGgw12_NY6_52826,,,,
0,0.0,0.4168214797973633,0,706AosvIWS6eJlQTL0dwYt92864,,,,
0,0.4444444444444444,0.22342443466186523,0,1422TMMS8B78H0eLNKZ9OcN2620,,,,
0,0.5,0.23397397994995117,0,1422Mg4SCjSUB1ipbjJhHLQV621,,,,
0,0.09523809523809525,0.8482482433319092,0,17779GFc1mSj52FnFT87uHXQ3483,,,,
0,0.0,0.2109081745147705,0,11746LEaHokgyCbOjGtlxB_P3041,,,,
0,0.04347826086956522,0.750316858291626,0,1818O8BoyzdI3tIZTlZQX7MJ3390,,,,
0,0.28571428571428575,0.21990275382995605,0,1558USBzQpgdUWBcaUu8vmKq1344,,,,
0,0.17391304347826086,0.3026764392852783,0,1000oBQNQPnj4fxpXtFV1g0J409,,,,
0,0.11764705882352941,0.3846766948699951,0,99301Zg9cGHX9Gf1_cI5mfK421,,,,
0,0.0,0.128648042678833,0,538gLSK6-g0JoLk6sK3uauP1,,,,
0,0.0,0.41476869583129883,0,2444VM3M-Xnaa4T5rEXxP45X1908,,,,
0,0.0,0.3299407958984375,0,859Wx92OGcZsIZiYdTGB0c42720,,,,
0,0.2222222222222222,0.31604933738708496,0,560MF12O77E_fY17pny7AZ4228,,,,
0,0.0,0.25891542434692383,0,26213tScNqi5jq-dNNpY17aB2357,,,,
0,0.1212121212121212,0.5518956184387207,0,2737RMEUrJ3xYCVvFcnOOJEr864,,,,
0,0.16666666666666666,0.28031039237976074,0,2103yuSnngKYn9n8F_U1xOr51499,,,,
0,0.125,0.6431152820587158,0,2231MtCQ0XFs-HZtPZNxWWWA4016,,,,
0,0.11428571428571428,0.5865025520324707,0,999ChWxJrv-Gaq3aLTh_nDS411,,,,
0,0.0,0.3315401077270508,0,1984InJu5XFguodK1Khic6FC2233,,,,
0,0.0,0.33147382736206055,0,21208xkL7JG9a1slm1tkqySv1449,,,,
0,0.0,0.15265274047851562,0,13478wbUw8r6jR2KkJ83tRNT831,,,,
0,0.0,0.4182119369506836,0,2377URm8qpovSm3ZcmknWYzr3693,,,,
0,0.4444444444444444,0.2537069320678711,0,6939iIjtQY3HqIf5Qu5LXfF2892,,,,
0,0.0,0.47831153869628906,0,1399HAUAi3igcRp4kaiXBS34690,,,,
1,1.0,0.15077519416809082,0,1026WzEnlc2VTVNnEnERoTej338,,,,
0,0.0,0.12840533256530762,0,255102VMp0rT3lE5qKZReHI62486,,,,
0,0.0,0.365459680557251,0,17388L0pXFkN6Wb2CQAgtWsF3590,,,,
0,0.0,0.24882173538208008,0,2631M_1rjE6k2YLouvowQoHJ2333,,,,
0,0.0,0.5812644958496094,0,2658kpZ5jhLWnxu93y4HPmEB1085,,,,
0,0.11428571428571428,0.7299306392669678,0,959BpQsgOmBWm76KB_O0Xj6522,,,,
0,0.2285714285714286,0.5742237567901611,0,2671UDFIl4lCabvUQRbVginc1048,,,,
0,0.5,0.14768218994140625,0,1620Y8fkMMEFeacdhhiKGcCu1180,,,,
0,0.5,0.12977933883666992,0,2066O6hlUGaIYvZETBnkVTKJ1601,,,,
0,0.06896551724137932,0.627197265625,0,595rx4ZMYA14adC3NekLAhW124,,,,
0,0.125,0.278714656829834,0,1433yR4Rdyzq9ZDjN6qZOB3K593,,,,
0,0.5714285714285715,0.1055755615234375,0,1828sgAztXiBXjB8fDJEJjCn3365,,,,
0,0.29629629629629634,0.4600684642791748,0,2189nmSYagbAhBJHMcqwdIko4123,,,,
0,0.0,0.41204833984375,0,1550GzjCBajsuSw_Bnhtl8WB1367,,,,
0,0.0,0.13655638694763184,0,1138ZNoiRj9WSt8xu5xKiclJ3335,,,,
0,0.0,0.3503713607788086,0,6595tSoej6eNamN_ekXU3W-2979,,,,
0,0.0,0.3220221996307373,0,2012U7knoAxwFk_Ns1NGidQE2188,,,,
0,0.0,0.24476885795593262,0,2608ntJl4AFAduDIt0AYknjI2372,,,,
0,0.0,0.21199488639831543,0,2587WZtb-G91TcjATusTTjeN2422,,,,
0,0.0,0.45926976203918457,0,1757EM0iCe2_7c-3VFdC07DP3532,,,,
0,0.13793103448275862,0.5610644817352295,0,943d0SQ0AVbboY5BqJgbsaF570,,,,
0,0.0,0.8216028213500977,0,2088g4bX7vmX1hWfKvtOIJDZ1539,,,,
0,0.0,0.4708065986633301,0,861-dKB_3BSzYCaSTRw8Av_2716,,,,
0,0.2857142857142857,0.43998098373413086,0,13633aQsS5iKERyNB367GWVH781,,,,
0,0.0,0.13079094886779785,0,2517lXXoQUIKbal6xfNNtVAn1743,,,,
0,0.13793103448275862,0.5400500297546387,0,24900ppOWI96tjRkMOIpDwu01808,,,,
0,0.0,0.184586763381958,0,2407RuK1Iv95cime4WWdGNoB3634,,,,
0,0.0,0.5567898750305176,0,13441C2N2xP14JB_ucyRSeEL839,,,,
0,0.15384615384615383,0.2871525287628174,0,2477JtT30EyGVCGC3ayc5fzB1832,,,,
0,0.0,0.18682193756103516,0,27369KmtE4DmLS1oS6IXm0CV865,,,,
0,0.08000000000000002,0.8116388320922852,0,2341RZKrT1tVXnFFp5DSNowl3778,,,,
0,0.0,0.18743300437927246,0,982n1tOmLbrP0Rw2f7q4phE454,,,,
0,0.20689655172413796,0.3614795207977295,0,1591ek7O19h74ATqsHjdtFUz1259,,,,
0,0.0,0.31457042694091797,0,599uREx6nun3gOEAd8YzR5s113,,,,
0,0.09999999999999999,1.651460886001587,0,2699X1S6-twcNf9a_nUx5WE-965,,,,
0,0.0,0.5977680683135986,0,1976MfIZ7mAEpNhCSa8Y04ek2241,,,,
0,0.16666666666666666,0.27727484703063965,0,2093euyG67o3cVGqrsSPrCbI1524,,,,
0,0.0,0.18584847450256348,0,2699Ur-0JL1NVhl8H0B2lH-a966,,,,
0,0.0,0.6064670085906982,0,628A_ztdoD85Pm7Hd6Uv2TF32,,,,
0,0.1111111111111111,0.41255784034729004,0,892B8GiS_zkJfKANp04UQhD2650,,,,
0,0.0,0.12326478958129883,0,1576P214oupErvTP6090GMli1302,,,,
0,0.08695652173913045,0.43673181533813477,0,1589Jf5bV_UCDf13dAps7IiI1264,,,,
0,0.25,0.2553684711456299,0,19396Yot6utxeGieo9MuRrBB2323,,,,
0,0.0,0.41447925567626953,0,1509gKJxAthX1pquVrt7KPXD2003,,,,
0,0.0,0.2528831958770752,0,16127RJnwPcCuQ2L6JWAn7Rd1203,,,,
0,0.0,0.25922226905822754,0,20893J7zds0fTmdwGScrXxYe1537,,,,
0,0.0,0.39938855171203613,0,1226lhx09f1Jk4OiDQlGU8Bp3077,,,,
0,0.16666666666666666,0.2652583122253418,0,1380vA5P1fp-1XlZm7dLip3Q737,,,,
0,0.15384615384615385,0.2335193157196045,0,1600ywzg9ULBGI5IAxrJ6foM1237,,,,
0,0.0,0.11666345596313477,0,25486Lhd5Z1MU0Q4sN3I3mAT2493,,,,
0,0.5,0.14691734313964844,0,1961WznZwsht9W-Z6W6_FmvR2272,,,,
0,0.0,0.2519502639770508,0,1459UR8_3lYqpJzzqkoNN5si2093,,,,
0,0.16666666666666666,0.23180174827575684,0,846dI6s8NANbI0cXEx7WJXa2760,,,,
0,0.28571428571428575,0.32340288162231445,0,25839ctSBP_9ircmR2x3MPam2428,,,,
0,0.06451612903225808,0.392697811126709,0,1500Z1H9hCVclLHKdcfBz5gq2021,,,,
0,0.16666666666666666,0.25110936164855957,0,878Tp76n2ZpjK1LVAz5F3Mg2679,,,,
0,0.0,0.2276453971862793,0,61542RmhOWwUxAJySFjDV7169,,,,
0,0.05405405405405406,0.569530725479126,0,25316jqKhJvYVlP1H8PWC21S1701,,,,
0,0.0,0.24629473686218262,0,160035MUpGMSLbaV6XDg1y7j1235,,,,
0,0.15,0.9421277046203613,0,1198tKDggSEgfewI5IGaBL7o3163,,,,
0,0.4,0.22132253646850586,0,1767ntexZ4EBPQrmdM1oWDDE3503,,,,
0,0.05714285714285715,0.5333733558654785,0,2957RON0RMexHAq6R8NDth-G3968,,,,
0,0.28571428571428575,0.15915226936340332,0,574T3IVyhdGf2qyfbl0GBBS188,,,,
0,0.0,0.44411349296569824,0,1210NBV6o_IHthJvbrF9UTR43125,,,,
0,0.0,0.23569464683532715,0,541Cbn85P-zf8lq0QHtgjf9286,,,,
0,0.05555555555555555,0.5290002822875977,0,1413DwMlffwkzBlmmDWhZmvt647,,,,
0,0.0,0.11491775512695312,0,1451JJuYQ7gSCXBvwOXzxUO72112,,,,
0,0.4,0.19858193397521973,0,995Mjg3IZGW2wc7ddFCk8vg418,,,,
0,0.0,0.3421666622161865,0,1606ixCVPmgAtLujhTmR7TkV1221,,,,
0,0.0,0.2981681823730469,0,2561RPearP2qJJF5nNBvVQ1L2468,,,,
0,0.5,0.11190652847290039,0,1768Z2ygW_eEOpHjb3kiiamC3500,,,,
0,0.0,0.6713070869445801,0,2177s_UTFrhmrwcK9Ti7MMiR4149,,,,
0,0.06666666666666667,0.6753659248352051,0,2049EiSr8AWG9INgthccDLTD1651,,,,
0,0.0,0.22647786140441895,0,1811paAxUvt29OX8E8chhsNQ3408,,,,
0,0.0,0.31386303901672363,0,848WrFnYlhM_1QL8XRIK-nh2753,,,,
0,0.0,0.28344297409057617,0,30233J2ge9fEFX4YilpwWlsN3810,,,,
0,0.06896551724137931,0.4050624370574951,0,1402lC19R9T2_nXZynvxL_uJ680,,,,
0,0.36363636363636365,0.3073897361755371,0,2724NPCyZgqx0x1F1XrTUaPC900,,,,
0,0.3333333333333333,0.13202619552612305,0,1395li3pr9py0l2amb_zMeDF702,,,,
0,0.0,0.3343367576599121,0,2071kHxLVZsdxtm6xVPXQcML1589,,,,
0,0.16,0.42905235290527344,0,1430c-EOOP47sw8eHQFzvYMg599,,,,
0,0.6,0.21946406364440918,0,555vNOKr31rXFMkfzB62TYz244,,,,
0,0.8,0.17275094985961914,0,1433yR4Rdyzq9ZDjN6qZOB3K592,,,,
0,0.26086956521739124,0.8951067924499512,0,2646TB5mc-c2hplG5koqTh501117,,,,
0,0.42857142857142855,0.3789026737213135,0,5601RlVQQ13ZMVNw8QCNW6F230,,,,
0,0.0,0.3078320026397705,0,974vUVNFZZhK9Vx9yosXwyz479,,,,
0,0.18181818181818182,0.26479244232177734,0,1564Kq9tsrgH8Jhl4M51Udxu1326,,,,
0,0.18181818181818182,0.2934877872467041,0,1744p6ivEreYdqU2OaXpqwiv3570,,,,
0,0.0,0.21552753448486328,0,2723xU3JSCsI93Jmzi12bo8-904,,,,
0,0.1764705882352941,0.6523470878601074,0,884Pnp87xexk_HDsVBlYF5I2663,,,,
0,0.0,0.18496298789978027,0,947IWARdGEJfenHq_CeVA2F560,,,,
0,0.8,0.1338655948638916,0,2648m9dA7rTQjYDXrTlBjn3C1110,,,,
0,0.1739130434782609,0.4424257278442383,0,642t90xpp6PDsZFZ-bpxEez3027,,,,
0,0.2702702702702703,0.5820720195770264,0,643hOw7cSZHnFDg9xSl_9rX3024,,,,
0,0.0,0.21915078163146973,0,15208OmvhIK608dqFRGSSOAV1973,,,,
1,1.0,0.10508203506469727,0,646uZynkMYdhv1JIw-EffYb3014,,,,
0,0.0,0.3120861053466797,0,1590-CJsFDfqrQDqYkRsJ56N1263,,,,
0,0.16666666666666666,0.35506701469421387,0,2482zF1QFZ7wKsNuHZ2WclJt1822,,,,
0,0.0,0.3926267623901367,0,725i6Izvs08W85ROtPNlm8D2813,,,,
0,0.375,0.40891313552856445,0,1827xEul6GY6VzOmjE6YoZOI3370,,,,
0,0.14285714285714285,0.4898238182067871,0,2633pAGBUWzG9zIDRrNR6L1c2329,,,,
0,0.0,0.28336668014526367,0,19488Pr6RoX5NaT1BWOrfb8b2303,,,,
0,0.08333333333333334,0.621086835861206,0,1195HMcObf-c2jk9nuqNKiuu3172,,,,
0,0.0,0.25884389877319336,0,12200qHzxeIvvsd2YVZemdY03095,,,,
0,0.057142857142857134,0.5772860050201416,0,2661cQb_J106ssSoX5Fgydo71078,,,,
0,0.06451612903225808,0.4996678829193115,0,979XmKqsJdLFW1bLDI7o-pE462,,,,
0,0.0,0.2764573097229004,0,1802qwccQwTwwKaDVreksqJf3429,,,,
0,0.5333333333333333,0.3114802837371826,0,1491cxn7v5v-T_iOJDwW9EYs2031,,,,
0,0.14285714285714285,0.35737037658691406,0,728rJ1xbwc5Igz_rb47z10k2805,,,,
0,0.09523809523809523,0.39197516441345215,0,1755HI8OTnHY7Nm5CeIuPLTN3538,,,,
0,0.6666666666666666,0.22554993629455566,0,2714-Q-L_ocw1wqi2vTyKgJx927,,,,
0,0.125,0.6002516746520996,0,2196RcteK2m9GTjJgXROQiPI4108,,,,
0,0.0,0.12964677810668945,0,2198RDJBzVmoid4rc0bik_oO4103,,,,
0,0.23529411764705882,0.3449676036834717,0,2706YR-uI3zypKwmJN4tmzOG947,,,,
0,0.0,0.20965266227722168,0,660LK3Me9by6QtGlAhc9ZgG2978,,,,
0,0.1739130434782609,0.3713691234588623,0,3010uRwouEtYjEBKkqRcq7rz3839,,,,
0,0.0,0.3271775245666504,0,2152-7ZSgzVAfI8TDcdpWpW94219,,,,
0,0.0,0.4878349304199219,0,538JJQ5E24giegHnAwK6q8U0,,,,
0,0.0,0.3151051998138428,0,2495cQqgzzooS13bDr8Ph6Gf1795,,,,
0,0.47619047619047616,0.4028763771057129,0,1425TtGxf2tlcnPvhwxputXV614,,,,
0,0.19047619047619047,0.4052612781524658,0,121369XOrczL-kMaDwwgO02A3116,,,,
0,0.18181818181818182,0.4080679416656494,0,2375ik4L_hJmM72qf0e1dYMH3698,,,,
0,0.5,0.13451766967773438,0,1808axaZNmCFiRMbaxN7F0Eh3418,,,,
0,0.0,0.12126564979553223,0,2678-vJB_o0WGULsRqF2El1t1029,,,,
0,0.0,0.27337145805358887,0,841hinfHVUUAR8bWXtEBCsQ2776,,,,
0,0.16666666666666669,0.2559170722961426,0,2048CtOjaqKkCnfN40uLcP5L1652,,,,
0,0.16,0.47156381607055664,0,2171AVNXiBd6GfXxQ8eqM1vd4168,,,,
0,0.0,0.5380396842956543,0,2096f8W6RON65FxesZktnJ621515,,,,
0,0.0,0.21948671340942383,0,724vcyS179ODvzR7GgFuf342817,,,,
0,0.4166666666666667,0.4171779155731201,0,577J1_2EkXjvWVxk6PCwOXP178,,,,
0,0.0,0.14567327499389648,0,2186ULHrp_lvPj5LDBoeTtdH4131,,,,
0,0.0,0.273606538772583,0,262821L4N7qZnsAQ8yXausca2342,,,,
0,0.12903225806451613,0.5185401439666748,0,2687wsGAHxfopUhAw18YbVRI1000,,,,
0,0.4571428571428571,0.6452212333679199,0,2646TB5mc-c2hplG5koqTh501118,,,,
1,1.0,0.17009186744689941,0,1951HRAy-63r-iYmzz_OIMwm2295,,,,
0,0.0,0.268841028213501,0,1532jmPrtawUKEP8PbFN0KA51942,,,,
0,0.0,0.3765370845794678,0,1440tJiNSRh2yn6L1Bpe-Z2O2134,,,,
0,0.0,0.10307455062866211,0,575_whZmLvyvEEXouWkoc8Q185,,,,
0,0.14814814814814814,0.3030834197998047,0,2512lEhovFhT11eis4TwjWj61754,,,,
0,0.5,0.3294541835784912,0,2604w8Y2Cl6uiR5M0-ejmWMM2383,,,,
0,0.25,0.20984840393066406,0,25219t08QQEFWvS8eYsekPUS1730,,,,
0,0.0,0.17597103118896484,0,1751kG4ZgRcpVW2reI1_s3123551,,,,
0,0.1212121212121212,0.4200878143310547,0,960o6-E-_ISeh5lV6FHiD34520,,,,
0,0.0,0.33631110191345215,0,1616QzaVp9mutwg1uh2jzwdO1192,,,,
0,0.19047619047619047,0.43643975257873535,0,2187B0sWPT98eVpnAmdk_adu4128,,,,
0,0.0,0.16265606880187988,0,1536mI_d8jtM2jw9hUxzP9iL1929,,,,
0,0.2857142857142857,0.23481202125549316,0,1947A5MF0NJR55TokdQfbhca2307,,,,
0,0.0,0.2372114658355713,0,2485wQdQwDnk4yk5FdBXXmhj1815,,,,
0,0.18181818181818182,0.31328845024108887,0,2070ak7o05iYQKrCn9M9TwT31592,,,,
0,0.0,0.29969215393066406,0,2106VMTbOKIT8LUZtIXhHKmi1490,,,,
0,0.25,0.19498538970947266,0,66120RRLn0zmV3MwnNHl6_h2974,,,,
0,0.25,0.24721288681030273,0,882RL4zKg1IQbdwrUdiW2uc2668,,,,
0,0.0,0.23842549324035645,0,1579OPjVMaCxctlZmUpiZzrp1293,,,,
0,0.0,0.4153733253479004,0,1159_3BLEoNo6JC3PQD3lhm_3274,,,,
0,0.0,0.3209717273712158,0,2131ThABbwh5RS-HlVdmLPDZ1417,,,,
0,0.4,0.1848149299621582,0,2021CWT7r6wMcqbzHWF5IBs12171,,,,
0,0.07142857142857144,0.5540096759796143,0,1823Eoxuy7YeAaFwIKLgSxRm3381,,,,
0,0.17391304347826086,0.41334104537963867,0,1569FwzJ_LvmO5rW73WzT8541311,,,,
0,0.0,0.2858700752258301,0,2172mjXN9cse5myRvOdHKPXb4166,,,,
0,0.0,0.4917607307434082,0,3016XnYJU0PvEDVmTUPXywfh3826,,,,
0,0.0,0.19571566581726074,0,15387Blg_wJjcZbkwAdg3ihT1399,,,,
0,0.0,0.4065258502960205,0,2965ZcSt1DSsDVrBS8zreyMW3946,,,,
0,0.0909090909090909,0.35307765007019043,0,1183jSSsRsBAdPZ3YbN6lTA63206,,,,
0,0.0,0.14772248268127441,0,24325JvjgPXosVnug4HXcsdC3598,,,,
0,0.2727272727272727,0.286618709564209,0,2588tXgAWa0hfqLa7dv034Sk2420,,,,
0,0.0,0.18383145332336426,0,545m8hikbi_76zd990QYmmK274,,,,
0,0.5,0.30934858322143555,0,2133l3pjWfCkZZOCX5jvmzSB1411,,,,
0,0.0,0.2234961986541748,0,1030cFCd9o4jSm3pwYZj572K326,,,,
0,0.0,0.6032588481903076,0,1471q7bJiZQDI20zdeWOjTxp2066,,,,
0,0.0,0.31218671798706055,0,1220telOq3nKQ9I7IlLmxhq53097,,,,
0,0.10526315789473682,0.37734222412109375,0,1158byH939tSa-y6piPB33qI3275,,,,
0,0.125,0.3768119812011719,0,2143rWgXIxnPTtsFFOBT0X5t4243,,,,
0,0.0,0.26781344413757324,0,1010HNqYCv68G7N_CQVNh43m382,,,,
0,0.16666666666666669,0.29119038581848145,0,588NyHE4CBeocNT0p36WOjf144,,,,
0,0.0,0.19161701202392578,0,2353LXtRRUsp_KUtkJvbyF5G3749,,,,
0,0.0,0.22497034072875977,0,2606wggZxTDXC27kXBM1nOHp2377,,,,
0,0.0,0.14935302734375,0,2125V8N_l5QntOTnTrzc20WM1434,,,,
0,0.27027027027027023,0.5838236808776855,0,2185kJh_nrTH_U4b39Vcv8ax4132,,,,
0,0.1111111111111111,0.48592662811279297,0,2376URQldjysl6l8eVv3nAMJ3695,,,,
0,0.0,0.21236467361450195,0,1384pGKRecF-Gb_z9zzAv2JJ724,,,,
0,0.13333333333333333,0.553170919418335,0,2148ORbgn9xAFsNQtzXY__rj4227,,,,
0,0.0,0.5037839412689209,0,621rUA-y24a2TlBAhZxV8H852,,,,
0,0.14285714285714288,0.2672727108001709,0,597Erm8rlfIbk1-dOAX1x_d117,,,,
0,0.0,0.3737666606903076,0,2439wUboO5ra35vEgdGIev-11921,,,,
0,0.33333333333333326,0.2889561653137207,0,2229yjbOaiHjJ3l8FpptH4HW4022,,,,
0,0.0,0.11882495880126953,0,644VW80Ih4W_8lT57dCnHAu3021,,,,
0,0.08695652173913045,0.5037057399749756,0,888N5fO999xna1Xo8EzSka72654,,,,
0,0.18181818181818182,0.2320690155029297,0,2588DwrxR7iNWl5O2r3FLLSK2419,,,,
0,0.21052631578947367,0.3864154815673828,0,1206pt-2ozhsCeZeJuJZ11Ii3139,,,,
0,0.0,0.23784589767456055,0,2173oSldYZR3JLWnzYW3O77H4161,,,,
0,0.33333333333333337,0.19394612312316895,0,2960UnXl4G14Yymd8PXaR5Uk3960,,,,
0,0.13636363636363635,0.5761771202087402,0,266732gpl8X-FjP8gjcwzw2z1061,,,,
0,0.0,0.6605434417724609,0,29552yyd0Gev5Q7THSvvmMm23972,,,,
0,0.15384615384615383,0.25022006034851074,0,1023GZ3dln2t0HzaDV2xwSoN346,,,,
0,0.06451612903225806,0.5867843627929688,0,2675-gwBiwWZVyjWDUu4p4cd1038,,,,
0,0.15384615384615385,0.3456847667694092,0,860q2h_WxoUUCbtkWt_rIm62718,,,,
0,0.5454545454545454,0.2981753349304199,0,19734HA-piKOQCj9cOheHeMR2249,,,,
0,0.1818181818181818,0.7890300750732422,0,3020ZTgHQCHhDPV1YzPtr7cD3816,,,,
0,0.0,0.25927257537841797,0,2483B0xaJU5Jx1Cz2l8ywdGS1818,,,,
0,0.8571428571428571,0.18557310104370117,0,2237eotzWAE9no45Pa9ifZYj3999,,,,
0,0.0,0.1419696807861328,0,1489IFn4GWsL1jHdBDB-a94E2035,,,,
0,0.0,0.3378753662109375,0,2167979S1AzMJxecio9-6zel4180,,,,
0,0.14285714285714285,0.35489368438720703,0,933f51SxFqN5EEdYugeQFhF2532,,,,
0,0.25000000000000006,0.3300015926361084,0,2147SEz1hmjhUpcGuddz5WUk4231,,,,
0,0.0,0.1681983470916748,0,2195QSRuAqfW7wcL0yDgHAqi4112,,,,
0,0.5454545454545454,0.28101205825805664,0,2127j4vlim-EJ7C9hksd0XEG1429,,,,
0,0.0,0.25143885612487793,0,2678lDTDQx4d-wy7YI9o8k621027,,,,
0,0.0,0.46317291259765625,0,21855lm1aeumxPgLxhAZ4rsM4133,,,,
0,0.11764705882352941,0.2978696823120117,0,2654A6DJuqUHYjllfqY66FZQ1097,,,,
0,0.0,0.37145304679870605,0,2116zZq6HMYtTo0CQinn_k-41459,,,,
0,0.15384615384615383,0.5647997856140137,0,134108m1Km6HBkINwlourrYc849,,,,
0,0.0,0.626563310623169,0,620K1_aZyohd-7lRb7mTttb56,,,,
0,0.2051282051282051,0.3453555107116699,0,2474wQkjUyyx7GnHZpL3Deaq1840,,,,
0,0.2,0.4479854106903076,0,11737vcT3qwp_gJxVFslucFe3235,,,,
0,0.0,0.2384488582611084,0,10361heR9e1kTvvo1NiiW5Ae308,,,,
0,0.2857142857142857,0.2005774974822998,0,2606wggZxTDXC27kXBM1nOHp2378,,,,
0,0.13793103448275862,0.4292268753051758,0,2232C9tE6pI8bHZ63YEfofZm4013,,,,
0,0.0,0.37627387046813965,0,730-sg8DQC7Q6MNsKvBhO3l2800,,,,
0,0.0,0.5792925357818604,0,2498Ntl0yuQwIc1zcFl2LEt61786,,,,
0,0.5,0.14019083976745605,0,1509gKJxAthX1pquVrt7KPXD2002,,,,
0,0.0,0.2192370891571045,0,1603faGMdBUg02YqijMJnA3w1230,,,,
0,0.0,0.23960494995117188,0,657VFHiQ4-7Kz6tz_vms0Uo2985,,,,
0,0.0,0.2509310245513916,0,2063xkIouWNgoRjOGLoCZ1bE1612,,,,
0,0.0,0.44509077072143555,0,134108m1Km6HBkINwlourrYc848,,,,
0,0.125,0.35918450355529785,0,651fsZ9lTWd449M33QOudtw3001,,,,
0,0.0,0.2006521224975586,0,2977bAR1UUAdut5SZn4bYC9-3917,,,,
0,0.0,0.13076996803283691,0,30097-Lb9tKHWA_8Z-1p8-LH3842,,,,
0,0.0625,0.6188490390777588,0,2979WuXci60uJEdQnVCd4Xjn3912,,,,
0,0.5,0.30090832710266113,0,2941qGbMTO0mozvc2N-D8Ll13996,,,,
0,0.0,0.29419827461242676,0,705nABbOAzpYWFGNrPSDwL22867,,,,
0,0.11764705882352941,0.40656280517578125,0,850EvvWq5cM1pQg86O2yHNg2749,,,,
0,0.2857142857142857,0.26663923263549805,0,2052CjMDg4rKssIF2dZJmzem1644,,,,
0,0.0,0.38779568672180176,0,1345ag1pnM8TapsP64bzpQa0835,,,,
0,0.07692307692307693,0.5944583415985107,0,8800eSsNgilzH8vuQNt4Jml2674,,,,
0,0.07692307692307693,0.49756884574890137,0,1001W57bXvzsU7BsCan0XmdL407,,,,
0,0.07692307692307691,0.5349714756011963,0,2456mSRZvgWGRhYDDkRPL2f41882,,,,
0,0.2962962962962963,0.45282816886901855,0,2391ePMyIq2X1JLq1967u6CY3667,,,,
0,0.27272727272727276,0.46834516525268555,0,2718prFY56JKafzui1OKyt46915,,,,
0,0.0,0.46059226989746094,0,2470-I0Ycn3m1ADgtmf8Qlse1851,,,,
0,0.07692307692307693,0.47562408447265625,0,2369Df519g_V8jVHWQoP3PG93711,,,,
0,0.0,0.723015308380127,0,20388Up5mLcWdYU-WNmLJdtF1684,,,,
0,0.0,0.22150707244873047,0,1781sbFFllrurUSJ_Gr41cCI3471,,,,
0,0.0,0.41109561920166016,0,11810pNzis8O7iMe4D0TXLLB3214,,,,
0,0.0,0.21902155876159668,0,1443QN39Ck2EQtKHwrv95Fdo2123,,,,
0,0.0,0.270519495010376,0,8800eSsNgilzH8vuQNt4Jml2673,,,,
0,0.13333333333333333,0.2772336006164551,0,1561CHAGkVck74VVUABuSAwY1334,,,,
0,0.3636363636363636,0.26319384574890137,0,2387-M6jRmAUm0dwueCkUyJl3674,,,,
0,0.08,0.39441370964050293,0,2503mD8qIsdD1SDE74Qh-IaF1772,,,,
0,0.0,0.36332082748413086,0,1795SmUM72qvYEGcEDAoWbE73443,,,,
0,0.0,0.10294938087463379,0,1470cJbPNG5jp6U76xnNSz1N2069,,,,
0,0.0,0.3057408332824707,0,683qZh2hIeeIAW7sEw3xRoe2916,,,,
0,0.3333333333333333,0.16368627548217773,0,1037pwf13W4KYglfjZucyzMr303,,,,
0,0.5,0.24942684173583984,0,2697v70pWXgc-DSg0veQwf_g973,,,,
0,0.2222222222222222,0.21875357627868652,0,1565GCwUFVbdCdhcZ_GOztSL1323,,,,
0,0.0,0.23531079292297363,0,676GKGz4YMI2p0rgqxkFts72937,,,,
0,0.0,0.16842937469482422,0,2554mt4e_yJYeBYxqGIR5ybl2481,,,,
0,0.0,0.21804380416870117,0,1591ek7O19h74ATqsHjdtFUz1260,,,,
0,0.0,0.26876378059387207,0,19743Coi1jS_QPbxu2FRk8LC2246,,,,
0,0.0,0.14440631866455078,0,954ewPFqe0IjyBJN77y7QiK538,,,,
0,0.16666666666666669,0.4551985263824463,0,2602Qiq4iutdiApDxWf40xp42390,,,,
0,0.4444444444444445,0.2508964538574219,0,2968C7LlqUnuO2Rpg_LoWMAj3937,,,,
0,0.0,0.13180136680603027,0,1225RCrAx9wJxpkVXOhgrIVp3081,,,,
0,0.5,0.1429605484008789,0,596zM0R2OmIzgkB1SbT2GQk121,,,,
0,0.21428571428571427,0.4771993160247803,0,988FErcpJAvfdvuXzhk1d2j435,,,,
0,0.25,0.1754436492919922,0,1230GUOhXat97Yr3ZBs4FTgR3066,,,,
0,0.0,0.20713543891906738,0,945tBlPoKsnHp4m96z6_5la565,,,,
0,0.0,0.13690924644470215,0,27385FnxYBX7geCrqoYaZeLD859,,,,
0,0.5185185185185186,0.3789055347442627,0,1216KGsfCkgqupDitvDzZvvn3109,,,,
0,0.34782608695652173,0.25857114791870117,0,2449MJsvA7muVLQFQ3PIvYxW1896,,,,
0,0.0,0.22434711456298828,0,655zEoksqfcq2EVZ02Mbw7P2989,,,,
0,0.13333333333333333,0.3167459964752197,0,2665gofGzsBk2vSGVSEDt1Hi1068,,,,
0,0.0,0.27872729301452637,0,2109VHtyjetCFyDgKOq5r_WJ1480,,,,
0,0.0,0.31627988815307617,0,1581PSxQIYeCh0A36EuqcNFg1285,,,,
0,0.5714285714285715,0.12797141075134277,0,6863QwKQmripDGXlTBA_dd22910,,,,
0,0.0,0.2419753074645996,0,1943rxwpWMHzuLw1uSqBn62Q2315,,,,
0,0.08,0.4042966365814209,0,21505TOXvyl0OGGpW7CAQlAq4225,,,,
0,0.0,0.23641061782836914,0,26242_7PGIerv2Q0zGtONaPz2353,,,,
0,0.0,0.41323256492614746,0,21505TOXvyl0OGGpW7CAQlAq4224,,,,
0,0.0,0.5218079090118408,0,677xmZHBoR33brul42LKfZz2936,,,,
0,0.13333333333333333,0.3835327625274658,0,2233nOCdB2RiiWVTHevF1XQv4011,,,,
0,0.0,0.14066028594970703,0,2617kBjHv2oN0nUKO23LlFJL2364,,,,
0,0.25,0.19776654243469238,0,1175f68nWVOs5WY82yUFRvj63232,,,,
0,0.10526315789473685,0.29161882400512695,0,2973V3Yh88dWwEdfJb_tftSD3927,,,,
0,0.0,0.26227378845214844,0,683aqqwKP1KduPxIkVF7N9F2918,,,,
0,0.3333333333333333,0.16447210311889648,0,26201BkXMvVLir4JL_20wfV12359,,,,
0,0.0,0.38712406158447266,0,2118jdsykE0McP5cAZxVpo2d1454,,,,
0,0.0,0.17605209350585938,0,2517lXXoQUIKbal6xfNNtVAn1744,,,,
0,0.0,0.3887300491333008,0,908jl25A_Iov80feqJ4evmm2601,,,,
0,0.0,0.09968757629394531,0,1373md66uV8NUYn6tLcFPoUa754,,,,
0,0.0,0.348679780960083,0,24911q_50dkgYzY3pVZJL3Sc1805,,,,
0,0.0,0.12762236595153809,0,2013gpksQIp23gepFksmpqXj2186,,,,
0,0.125,0.43732428550720215,0,2208KPJx__8bPSCeN9p1Fi0X4073,,,,
0,0.07142857142857142,0.5426576137542725,0,2211Cy7Oahng9F7-H0Oc3e544064,,,,
0,0.0,1.3070342540740967,0,2647wx3YQTfZqS0kaThBNcMd1114,,,,
0,0.0,0.11406421661376953,0,15075jeWJyHrflW280qJuH1b2009,,,,
0,0.08,0.5685656070709229,0,998Con_q4MLI1RfJuY2bKbI416,,,,
0,0.0,0.16611123085021973,0,579arqEgmuOnA4zj2j7weJ4173,,,,
0,0.0,0.5275349617004395,0,1798KfLl6KS7V9XT4gra5ItO3437,,,,
0,0.0,0.2161874771118164,0,1776In5nDr6EiD2h4i0Hjv4f3485,,,,
0,0.0,0.40406179428100586,0,1944Ec6XPqU4Xy4eSPu6R32j2312,,,,
0,0.0,0.2859313488006592,0,857_7Nv3vFr25l0dhIhFy_82728,,,,
0,0.0,0.27722883224487305,0,2519KkZmS0x5ulGXiZTw1wKR1737,,,,
0,0.14285714285714285,0.35679078102111816,0,2095TnNWtDkF3d8sfPpoIY4z1518,,,,
0,0.2222222222222222,0.29128527641296387,0,992iTR1IjxbLP4VmHcDDPOa424,,,,
0,0.0,0.31522083282470703,0,1541-Tc1l_CQDW9x1chtv8Gl1391,,,,
0,0.0,0.4091939926147461,0,1582AZl0hrMFq0o_sdc6NePo1284,,,,
0,0.15384615384615385,0.35913705825805664,0,11714vchzsnda6_BXJcN4y-b3241,,,,
0,0.0,0.5744285583496094,0,708Hy1_nMQxQpRgTmBhJ1IB2858,,,,
0,0.05555555555555556,0.7257704734802246,0,17502DSDScCdCbid-xPukm5G3553,,,,
0,0.0,0.321561336517334,0,15552yE_F-OkWgqqtdUwPtGF1351,,,,
0,0.07142857142857144,0.542661190032959,0,2231oKXyKiZUC2dpEO9h9RY-4018,,,,
0,0.0,0.36437082290649414,0,2731HqkZcXQ2ghjXCopBDyf4879,,,,
0,0.0,0.5160510540008545,0,2508GyO7kZECUGQ3Ln8manrq1763,,,,
0,0.5,0.14287900924682617,0,11714vchzsnda6_BXJcN4y-b3240,,,,
0,0.19354838709677422,0.49184250831604004,0,1472rUZfzrrFBRkQ2V9Nom352063,,,,
0,0.0,0.27878379821777344,0,1362BPgQJxJaOhV-CP2tGeBk785,,,,
0,0.2727272727272727,0.528083086013794,0,2594UqcL6N9Bq7ENoFzW00092405,,,,
0,0.0,0.35532546043395996,0,2341Q2GfH2MypqPucUYoE69T3776,,,,
0,0.16666666666666666,0.2823777198791504,0,2361c-8SrBx2PZDYVGvo5ybn3731,,,,
0,0.0,0.39247703552246094,0,636bdCEp-ei65RvphUV5kzu8,,,,
0,0.15384615384615383,0.24521780014038086,0,1353cuJ2B12zDs0aTs65HC-5813,,,,
0,0.0,0.15060639381408691,0,9628yTL0M_7Lj--HbvNAKMl514,,,,
0,0.10810810810810811,0.6236088275909424,0,26765i_aQSNS1WuOSbksxa7p1034,,,,
0,0.0588235294117647,0.677401065826416,0,1615r-Z6NuO6cx_SWYHnunxF1195,,,,
0,0.0,0.43035340309143066,0,1168kp5b9nrZxT84IBjU96zK3248,,,,
0,0.10526315789473685,0.30687713623046875,0,2186_FLLcoz_UzJCVTV21EaN4129,,,,
0,0.2222222222222222,0.26358938217163086,0,729mxVBV4LVflnVcZxNyg-P2802,,,,
0,0.0,0.17945384979248047,0,1565GCwUFVbdCdhcZ_GOztSL1322,,,,
0,0.0,0.6628930568695068,0,2715dw_ZC1DahbCczlDe5Yi7926,,,,
0,0.25,0.16518545150756836,0,14704QRXB2pWMRJUNrhyXKDZ2068,,,,
0,0.0,0.34588146209716797,0,2983UePrdFo_KyuxMZVfMyOL3902,,,,
0,0.125,0.2457120418548584,0,1354mCWTp9JbO_9CEDgtcsqF809,,,,
0,0.0,0.23444700241088867,0,66808P9Oq5Ku-ZS0_3Jlrau2955,,,,
0,0.0,0.18863129615783691,0,15314QMC--BggOkyoE34_Rfc1943,,,,
0,0.0,0.303419828414917,0,1998tYHxV4GeHjIVsXiSo8Hr2212,,,,
0,0.0,0.44708895683288574,0,25102SwtlRVEiwDcKTiJMvjz1760,,,,
1,1.0,0.11713552474975586,0,5527xlxOUT-22yChZ-JdcpK252,,,,
0,0.05714285714285714,0.3580329418182373,0,1597nEqmtOHPo0XoNSnISrKk1244,,,,
0,0.0,0.40317702293395996,0,957C6c8UBXNxelvZ_YavK28529,,,,
0,0.0,0.5615839958190918,0,2123OTmL8FamXbZSNs3_HwHe1441,,,,
0,0.0,0.29006433486938477,0,1739w6-1RejjBE98uefpWvmD3585,,,,
0,0.0,0.12198090553283691,0,2985dy6AZ8KVp-M-A7SQvT8F3898,,,,
0,0.0,0.5703723430633545,0,1550GzjCBajsuSw_Bnhtl8WB1366,,,,
0,0.0,0.15483307838439941,0,1343QtMvat2gfyOpKcj4hGQk842,,,,
0,0.0,0.3065459728240967,0,2421v8dCeaZg9Ymh8vP7GbpI3612,,,,
0,0.196078431372549,0.8882746696472168,0,9171SqPvS4Y9VVB9rn93Vi-2575,,,,
0,0.0,0.3970000743865967,0,984xM8OB5gvxHsdQmn1r-8F447,,,,
0,0.14814814814814814,0.5882091522216797,0,962NqL5Nn7k-2hfELK_z0pe513,,,,
0,0.07142857142857142,0.5440366268157959,0,1361l3EW8F-mTJt_YdXPsqHd787,,,,
0,0.11428571428571427,0.5652492046356201,0,1754c4L39ZzzXq71ZehR_uoC3542,,,,
0,0.16666666666666666,0.2894895076751709,0,2101NmIr2aqU_7v2eE_aidH61505,,,,
1,1.0,0.11728596687316895,0,584OsnQDPEfdT3D-biv4Yg2157,,,,
0,0.0,0.18318939208984375,0,3010SprKLAHdowqTjGRQOf4i3838,,,,
0,0.0,0.15279102325439453,0,665rw55Ie4DPe0sqY77puig2964,,,,
0,0.16666666666666666,0.24994564056396484,0,1835FSurGzklPJM4MCko7da83344,,,,
0,0.35294117647058826,0.45040369033813477,0,2443eTrLtv9UbuEE_nR7dCeV1909,,,,
0,0.2222222222222222,0.3312687873840332,0,2536UpX9Bg_Y08DDNzXdFiU_1689,,,,
0,0.0,0.14424467086791992,0,2186ULHrp_lvPj5LDBoeTtdH4130,,,,
0,0.7368421052631579,0.39483094215393066,0,578M9mlC9utfrcwX6F1l7Jn174,,,,
0,0.4,0.2596278190612793,0,2070ak7o05iYQKrCn9M9TwT31591,,,,
0,0.5454545454545454,0.2804710865020752,0,2476jZQD7x5reworgE-JOi2N1834,,,,
0,0.0,0.2005600929260254,0,992iTR1IjxbLP4VmHcDDPOa425,,,,
0,0.2,0.29077816009521484,0,1617DSC5R_p9RerIchibaVxE1187,,,,
0,0.0,0.16976547241210938,0,1621kehREtB2jwFxfLSb5njd1177,,,,
0,0.0,0.23889732360839844,0,2961ZnbcPJCiADt4D4VSwFvF3956,,,,
0,0.0,0.27819252014160156,0,2714bDI6fIAZBhgsB3LbtItA929,,,,
0,0.14285714285714288,0.35726284980773926,0,3018kZFSgaadxi0PtYR3mhFH3819,,,,
0,0.08695652173913043,0.3631455898284912,0,694HnOVoSnpyv6ljVHWDfeS2889,,,,
0,0.39999999999999997,0.5033206939697266,0,102860x28lgIYl08vHuvaK5q331,,,,
0,0.0,0.3728616237640381,0,2204OywqClhMtfHv_617FgzA4087,,,,
0,0.0,0.16515779495239258,0,1801GMGqWYEBcwKtk36fM4SD3431,,,,
0,0.0,0.44886112213134766,0,2639Y4u-Qqri_Ci3GGBQDl9U1134,,,,
0,0.0,0.2558269500732422,0,2686JOWKciP4s6sWuWPuyo-d1005,,,,
0,0.0,0.32129764556884766,0,1447OPmuJcT_JIwnw1TrzHrh2118,,,,
0,0.0,0.25270557403564453,0,1539fARKnR7H8s-gfUpW2rn21395,,,,
0,0.0,0.6347746849060059,0,907CG6Y0hTOIf2iMApGkPO72605,,,,
0,0.2,0.24701166152954102,0,2208FuW7GAKFmCyvVin50esl4074,,,,
0,0.5555555555555556,0.3761777877807617,0,570lPdM0wYkCW3--bgqWmPv199,,,,
0,0.0,0.12479948997497559,0,2072z7yPHGlbkEuIidU7ws1C1584,,,,
0,0.15384615384615385,0.44748711585998535,0,26276wka1rfL0BiynIYM718e2345,,,,
0,0.14285714285714288,0.30757927894592285,0,1426fuexC-Dh-eLxD0l5Qoty609,,,,
0,0.11428571428571427,0.8243978023529053,0,2695ZPNMDXJVWkSpBsIvWP2e979,,,,
0,0.1111111111111111,0.3836543560028076,0,2505FyMeBIza_lW5D_Zn1Sgx1769,,,,
0,0.0,0.38613271713256836,0,1741XjQ2QM-7GtyfQYYY_fET3580,,,,
0,0.0,0.24554657936096191,0,561RShlPGzCfUPZQrUdWiIe227,,,,
0,0.1818181818181818,0.29070329666137695,0,1034epoawfzg9BJTz2Ca4vrd314,,,,
0,0.15384615384615385,0.2993314266204834,0,17796ulGE45jPxE9l8aLA4HP3476,,,,
0,0.2857142857142857,0.23573017120361328,0,1412q4IJJSwEUFoUq8DN4pFZ650,,,,
0,0.0,0.29576921463012695,0,1390o9_Ny0o9guZOaXj0sbu7710,,,,
0,0.0,0.09103798866271973,0,543zehgCplVJZaqw9cOuxgf279,,,,
0,0.0,0.1260993480682373,0,1141-c26SVoXDsoOKAlJ_rik3328,,,,
0,0.15384615384615385,0.3626878261566162,0,1983xyRNnTqnmKy_BKrNn_4L2234,,,,
0,0.0,0.22487568855285645,0,20135j_uI6Pa4xYoAfhT5RFW2185,,,,
0,0.10526315789473685,0.3558969497680664,0,1435rs_1B10Z6zpwn_c2KbLB588,,,,
0,0.22222222222222224,0.4294610023498535,0,2653pTmwhjVfxT1gFxGr49qQ1099,,,,
0,0.0,0.19907426834106445,0,2608eLuQvx4PuZ3GmN9QGr8z2370,,,,
0,0.0,0.1337449550628662,0,9567FV5fK_9tjWGUSOCiJM4532,,,,
0,0.11111111111111112,0.47281694412231445,0,1823OCTxsYW2VwXgoqBEFKRB3380,,,,
0,0.0,0.22348451614379883,0,1482g7oHtVvZqKuuTZk40k9M2045,,,,
0,0.30769230769230765,0.252638578414917,0,23400fYXPU8hPMma1dgBlkCK3779,,,,
0,0.125,0.32469654083251953,0,2356xnurKXc7ANXfRPTMqta_3741,,,,
0,0.0,0.40505051612854004,0,989BVy7A3ta2RwmPxZ1Xrzc433,,,,
0,0.0,0.2535722255706787,0,21855lm1aeumxPgLxhAZ4rsM4134,,,,
0,0.125,0.15898442268371582,0,2640qGTRBDkuytVF7DgH9rac1132,,,,
0,0.0,0.3406846523284912,0,2220XTBfWE1kd1k80pKd_SFk4046,,,,
0,0.0,0.16115713119506836,0,1484LBCjE9GGNK0dm10EyT1L2042,,,,
0,0.0,0.4579439163208008,0,2166esJlNv4Wy062Kf9ux_964182,,,,
0,0.8,0.16804981231689453,0,1165vJ-Wr8WinYRSX1Q9stZi3257,,,,
0,0.12765957446808512,0.9039139747619629,0,2654A6DJuqUHYjllfqY66FZQ1098,,,,
0,0.0,0.3148508071899414,0,2993JuZ1oPVxXbMKQ5CDMb_03879,,,,
0,0.0606060606060606,0.6381471157073975,0,2671C6-T0tPIF_eRNZCOcYji1050,,,,
0,0.15384615384615383,0.30625009536743164,0,14796ofVvIsqSw1T0yJIXV-e2051,,,,
0,0.25,0.2865934371948242,0,30373EtKFN1zd5WPODueptSp3787,,,,
0,0.0,0.6585078239440918,0,2544eSHJS5zzqCGOgk7Ye0SF2500,,,,
0,0.0,0.17227911949157715,0,2587B35iCZ4McbnvBlBd7adK2421,,,,
0,0.0,0.16054868698120117,0,9213Z63XI7LzEYgX3C6x0dw2562,,,,
0,0.3076923076923077,0.3476743698120117,0,2530fo_aPuaSJ-EY05R9trs51703,,,,
0,0.5,0.13334870338439941,0,23650GFefFLGJfbuvjWASh6g3721,,,,
0,0.2105263157894737,0.3740959167480469,0,9060M-eUQVT4tdQgPtZ-brd2607,,,,
0,0.0,0.7739331722259521,0,3038uk1Q8NYktJIx4u5Dtq-43786,,,,
0,0.0,0.5162208080291748,0,887_9o_cHqtY2M45BDABDVl2657,,,,
0,0.15384615384615385,0.5070772171020508,0,1344XccXLOM5JOB3u2zXEXnU838,,,,
0,0.0,0.22737574577331543,0,2151FyvnA441-0KcveL6NhEg4222,,,,
0,0.14285714285714285,0.3722395896911621,0,2374SSI1oS9XmyEgbmaPIMGm3700,,,,
0,0.06451612903225805,0.5338644981384277,0,1580Swc8yb1vcok9FztLAWLx1289,,,,
1,1.0,0.12558674812316895,0,1227KkNbIayUtdm3fDCsgi_R3074,,,,
0,0.0,0.2504730224609375,0,2487r0FlOaT0cxfdf86hPkP-1812,,,,
0,0.18181818181818185,0.5108356475830078,0,2578y9zD7QdiguEv3Qrdgam-2439,,,,
0,0.0,0.2807431221008301,0,2522E6U2hOb5WtI8vVLyVfMP1727,,,,
0,0.16666666666666666,0.3845837116241455,0,1605V68g1ARg__hMabvQP1me1223,,,,
0,0.30769230769230765,0.2776927947998047,0,1138CmWVAsyJiAlk5YMGolJH3337,,,,
0,0.14285714285714285,0.30209803581237793,0,1546DCalUExqBzLjIbfKVwJ-1374,,,,
0,0.0,0.15187358856201172,0,1551RTdCvKw-4XSQDEMwDw8W1364,,,,
0,0.0,0.3477933406829834,0,1596hz1gsYK5o6xA9WxD8x5Q1247,,,,
0,0.0,0.1248617172241211,0,2141Z5HcTv8ZIc2Hpqm-HQoq4249,,,,
0,0.0,0.09659504890441895,0,1512f5HEXhPfS3cf7nh-tboG1992,,,,
1,1.0,0.16479182243347168,0,8486FcfpGKVx1trsy0PGkDp2754,,,,
0,0.5,0.13936066627502441,0,2353oF79-Zc0tRIFC0bsyHCL3751,,,,
0,0.0,0.16399812698364258,0,1398tbxE6rw4tRvgrp1PnRa7693,,,,
0,0.5,0.13391876220703125,0,14953SpgE208tpp7exNPc2yN2028,,,,
0,0.125,0.3721580505371094,0,2716pyHs3Lb2MevKvsruRxpf921,,,,
0,0.36363636363636365,0.5681192874908447,0,2527_1gwPfkH0sI_fNYkRULn1714,,,,
0,0.0,0.32631850242614746,0,1953bg5H8M8IKcos6Zpr7rJ82289,,,,
0,0.04040404040404041,3.352539539337158,0,2674p_1et1WpagnOWpkhuCFF1039,,,,
0,0.3636363636363636,0.3178060054779053,0,1775dGCKacaEaf4vXnKBh4Rd3488,,,,
0,0.0,0.30316591262817383,0,879e8JaFZiS1bIPJKfr-NO82676,,,,
0,0.0,0.13503813743591309,0,2054dYaTbGXvuHEu9KAgglUa1639,,,,
0,0.25,0.12047886848449707,0,939UKiLhBxA_KgLZ3hrXrJ0584,,,,
0,0.0,0.2955198287963867,0,575_whZmLvyvEEXouWkoc8Q184,,,,
0,0.6666666666666666,0.12292265892028809,0,1833mBAvNL7f3ZCmej5PwbdX3352,,,,
0,0.0,0.21396112442016602,0,260778F0v0DAsxDp5cLyPs1O2375,,,,
0,0.21428571428571427,0.5485889911651611,0,5727w28zIiNblkHmyplKA2z192,,,,
0,0.09523809523809525,0.3268580436706543,0,2641luCyIUQH3LALHIuyhbkM1128,,,,
0,0.0,0.18886256217956543,0,2605EHUeu9PLnQV7xV85uEAC2379,,,,
0,0.08333333333333333,0.48131442070007324,0,1001W57bXvzsU7BsCan0XmdL406,,,,
0,0.0,0.11454534530639648,0,2074kJ6tj7m3dUealDR0iSOG1580,,,,
0,0.22222222222222224,0.3620574474334717,0,580nH6LvFdvuQbuzorAxkmf168,,,,
0,0.0,0.2905888557434082,0,638byj_HJNZPUDnv8F8TRia3039,,,,
0,0.4,0.35389089584350586,0,2589xXJabxuTAbaSikLKRb-g2418,,,,
0,0.0,0.42630529403686523,0,839nusntKDajSx2255RhZPf2780,,,,
0,0.0,0.1226804256439209,0,689K_UtF9KosnX3zeO2E8S92903,,,,
0,0.0625,0.6241903305053711,0,582uj-O_p2agIMaKLfVvt9q164,,,,
0,0.10526315789473684,0.5507404804229736,0,1781sbFFllrurUSJ_Gr41cCI3472,,,,
0,0.06250000000000001,0.5057511329650879,0,1227qM25lwDT1HffYX7Q27LJ3075,,,,
0,0.5,0.183488130569458,0,593JhF3rLLX0PCam0j2bU_P129,,,,
0,0.05714285714285715,0.6037983894348145,0,1977SlMmmlMBkQchcn7LpKOP2240,,,,
0,0.0,0.4200928211212158,0,1770rj6GQbTCC5Whkc2stQVr3495,,,,
0,0.0,0.5737781524658203,0,2228Tic033jedplc8b6Uf0fN4027,,,,
0,0.14285714285714285,0.28958821296691895,0,1177fONE_RDqWcxNV6IGBc0e3224,,,,
0,0.0,0.3040938377380371,0,2086nxujZtZ3z2hM1YJJosdX1544,,,,
0,0.14285714285714288,0.20229172706604004,0,1745gouL95j9WGSnTgRSoegw3568,,,,
0,0.13793103448275862,0.4866905212402344,0,1513e32PRGagyhaNmp__k3W51990,,,,
0,0.0,0.20188117027282715,0,2394bND9migU-q64-anVISkT3661,,,,
0,0.4444444444444445,0.2159125804901123,0,1156df4-3lXjk7sDVJcyLHlO3282,,,,
0,0.22222222222222224,0.28281450271606445,0,15230_0x3zw-YpnxYNbwt3Hc1964,,,,
0,0.0,0.45705366134643555,0,1153qNeYaWgsWaP4fPq6Tjjm3290,,,,
0,0.0,0.5607082843780518,0,2130hnFIfjAqoSjF4izSr4Sg1421,,,,
0,0.0,0.31944894790649414,0,850EvvWq5cM1pQg86O2yHNg2748,,,,
0,0.0,0.23522448539733887,0,209479ecAuID6IOsgZlZzFI71521,,,,
0,0.3636363636363636,0.18247628211975098,0,24874ZExUiMVxjjNDRJVHXGS1813,,,,
0,0.0,0.360306978225708,0,597fEYgqbkB93zL9E-hqzfg118,,,,
0,0.0,0.613929271697998,0,2421aPJOo5UynG4APVgasKa53614,,,,
1,1.0,0.12915253639221191,0,18252TF4EJnWkvDxaV45VI1B3375,,,,
0,0.15,0.7377665042877197,0,2205ENHOPLj9Z8oxm2fYD6lB4084,,,,
0,0.0,0.21036338806152344,0,1615MK6ZFfIs7IFCYW4172gB1193,,,,
0,0.0,0.33063220977783203,0,1453zJFuwlSehscZJwrQDmDL2108,,,,
0,0.41666666666666663,0.36957788467407227,0,2351DjvHEkUCiDFMzqJ9zMhH3754,,,,
0,0.0,0.26048731803894043,0,2605xGWRPmjAX3zTTpbG5G9l2381,,,,
0,0.14634146341463417,0.7417562007904053,0,1768-UuFG072H5O8Xrou6GUN3502,,,,
0,0.1739130434782609,0.44052910804748535,0,2231oKXyKiZUC2dpEO9h9RY-4017,,,,
0,0.0,0.1533970832824707,0,727txM-u642lp8qZYKtzIpe2807,,,,
0,0.0,0.3612658977508545,0,2081wGIIBL_5uHYg2-zjVmIl1558,,,,
0,0.16,0.46175718307495117,0,548Bj6ddRdZ8SW-Zzx6iTxc266,,,,
0,0.0,0.2684135437011719,0,145680wJT2OEc4U1fHPyTYZE2102,,,,
0,0.0,0.382293701171875,0,1016CUBKrFMJ-UTMJxunATzk367,,,,
0,0.19999999999999998,0.5518796443939209,0,586KitV3SprRbS0Gf9jJzYW152,,,,
0,0.21052631578947364,0.35590600967407227,0,2735DkgI5gkdGxPwuyGQ7JAD869,,,,
0,0.0,0.24525880813598633,0,1430c-EOOP47sw8eHQFzvYMg598,,,,
0,0.0625,0.6605701446533203,0,846dI6s8NANbI0cXEx7WJXa2761,,,,
0,0.0,0.23132061958312988,0,2085feZV_pGZO7tqB0IDQrNw1547,,,,
0,0.0,0.30169248580932617,0,1541LwNBuKx3059aO01FudyY1389,,,,
0,0.37499999999999994,0.3166217803955078,0,11547MyYfAO2SJjFtK6lH5ci3288,,,,
0,0.0,0.24532818794250488,0,2203MPjw7wTHX4rxoiofFaQy4090,,,,
0,0.2222222222222222,0.19993329048156738,0,2988TQKy1nIs2XH8-mdMN3js3889,,,,
0,0.25,0.38687968254089355,0,952q3wHt8L32hYlTJgOO2ea543,,,,
0,0.25,0.2950568199157715,0,1942fMXkD48PYS9_snttkRcW2318,,,,
0,0.1111111111111111,0.37032556533813477,0,1745gouL95j9WGSnTgRSoegw3569,,,,
0,0.0,0.5251917839050293,0,3009H9M_TNpQCxuXCdfB9kCI3841,,,,
0,0.09523809523809525,0.31878018379211426,0,1200iD_TbPSqREfeM3ey59wU3155,,,,
0,0.4444444444444444,0.2542848587036133,0,554G0DwZ6uy9_I1JG9mFLZL246,,,,
0,0.23076923076923075,0.3565673828125,0,939UKiLhBxA_KgLZ3hrXrJ0583,,,,
0,0.25,0.43584775924682617,0,839Rfna-iwatxiFQqrCYY0U2781,,,,
0,0.0,0.2743220329284668,0,5657UgoubyECldzVKmY9qmK214,,,,
0,0.0909090909090909,0.37814855575561523,0,29814YmrvhgM84gEBT0lVxvw3907,,,,
0,0.0,0.47728896141052246,0,1632HqbVUHPq0ZhZ1rZNsIer1152,,,,
0,0.13333333333333336,0.3283417224884033,0,2978hzn_PZEX4hqXSKHGaNOE3915,,,,
0,0.0,0.47311830520629883,0,2211wsW8oNaSRcLGzwyfLWhi4065,,,,
0,0.0,0.27913331985473633,0,908xdqRRkv-zVIZg3ud9_Ve2600,,,,
0,0.0,0.17245721817016602,0,2688HW0oYt08dER6A8d66xBp999,,,,
0,0.0,0.5927779674530029,0,1378ks8fL5T0PZyVfKqdb0iq744,,,,
0,0.0,0.12285304069519043,0,29642huIUFSLiW4Z-VzxmaQN3948,,,,
0,0.1111111111111111,0.45200204849243164,0,1017eL2V6EaaC3mujb7yaHfb365,,,,
0,0.0,0.23165297508239746,0,2128s7UxQvwrQLv520cobspK1425,,,,
0,0.0,0.33803725242614746,0,1568HYHlm_FxJX3M17z-eEGK1313,,,,
0,0.0,0.18732118606567383,0,1000oBQNQPnj4fxpXtFV1g0J410,,,,
0,0.0,0.3807952404022217,0,1567MCg4A4v6mUllF_u88ECY1315,,,,
0,0.18750000000000003,0.3911261558532715,0,1170ckd0uh4YAd-bKWZ_EFml3244,,,,
0,0.19047619047619047,0.40923094749450684,0,2623shbw3gotPnV5E6lvICWY2354,,,,
0,0.0,0.21292948722839355,0,1033Dt_nnXnaknyIGfmAyPvx316,,,,
0,0.0,0.22915315628051758,0,2491D5tYpL-3yfqE2nj5QqpY1803,,,,
0,0.0,0.1697690486907959,0,2542R6iFUQ8O7GJYAaso2x7o2505,,,,
0,0.24999999999999997,0.4458279609680176,0,2943AMenEB3qMlqiQp1qO1LL3990,,,,
0,0.13333333333333333,0.32228755950927734,0,2089F_XURZ9rHNynDA6Fk8kX1535,,,,
0,0.0,1.5111510753631592,0,644XSfdx_-UeEKT5wI-qFNi3020,,,,
0,0.0,0.44944071769714355,0,1363vktTqXoQ53guY-ds-40F782,,,,
0,0.0,0.39985013008117676,0,1566GrfvtQHA0o-4EBsVEj541320,,,,
0,0.0,0.15068936347961426,0,619TPd5jEymGsYMQLGFu97J59,,,,
0,0.10526315789473685,0.3572723865509033,0,2952PxQzPl1weI5LywNnDB1I3978,,,,
0,0.0909090909090909,0.30719780921936035,0,2442Qnq15H_ylz9SkgCBZcsE1913,,,,
0,0.0,0.24648094177246094,0,654kwApE8QgqJ8tbK-mNN-_2992,,,,
0,0.10526315789473685,0.5214059352874756,0,1002KIt7Nu7ZfjA3Xcxpj97S297,,,,
0,0.0,0.3235502243041992,0,1378FVemXRFOIu42MyzpJqK-742,,,,
1,1.0,0.12758445739746094,0,11978_NZ80-7iblXNygjG5Mj3166,,,,
0,0.1111111111111111,0.672940731048584,0,950XV0yV8Nv3fzrlN4Kqx8l549,,,,
0,0.07692307692307691,0.311307430267334,0,2210pb1OBuEFnf38HXMK9cDk4067,,,,
0,0.0,0.1655747890472412,0,988aqEFeThHG5fa_FOI-9nu436,,,,
0,0.08333333333333334,0.506838321685791,0,2091kDMDjhUS9p5SR35iSJSB1530,,,,
0,0.17647058823529413,0.46150898933410645,0,1546qtYa8CJzD3uH6TiJXvze1376,,,,
0,0.5,0.15360713005065918,0,24726EVZOTD_h6siRGcBY7421847,,,,
0,0.0,0.28501129150390625,0,675_FqvNQZTBsCZpYPH5nqZ2940,,,,
0,0.0,0.22439336776733398,0,1481lRxKJ4SCFwVtDawsQTQ52050,,,,
0,0.23529411764705882,0.3749654293060303,0,895k7Ew0cYqIMSeug0izAue2639,,,,
0,0.6666666666666666,0.15629339218139648,0,1589mo7D-joKXh635Vo4Jd911265,,,,
0,0.5,0.15948820114135742,0,2368ntygnzFhoyFjtl0dQR5j3714,,,,
0,0.15384615384615383,0.24404215812683105,0,1387YoNwFgU_hCV3WDkM6HFk719,,,,
0,0.0,0.13215899467468262,0,2107a4gQhq9F4QB4GLnMXPaW1488,,,,
0,0.15384615384615385,0.30542683601379395,0,933qJ_cJ76FwsBPiiLu0Xrq2531,,,,
0,0.0,0.20060205459594727,0,1963LYeJkFeQGNvt6xtitv6o2269,,,,
0,0.0,0.3180708885192871,0,849q68W7IxX8-DQe5gM8Mee2751,,,,
0,0.0,0.4394400119781494,0,2478ulEtsZsxkcgly7IxV7jm1829,,,,
0,0.0,0.5242762565612793,0,981F93-pjjKms7jx4e2JVzV457,,,,
0,0.0,0.21658706665039062,0,1211dK689o_XIpcycpxIDkq73123,,,,
0,0.0,0.3003363609313965,0,2349W1NLUpl_WH7i4VoPLqnU3760,,,,
0,0.15384615384615385,0.32592320442199707,0,1184IFWR2g9AMga2310WLeh-3203,,,,
0,0.6,0.304978609085083,0,544X_IXXl6r0vsnj8_6w-DC276,,,,
0,0.0,0.6478767395019531,0,25102SwtlRVEiwDcKTiJMvjz1759,,,,
0,0.0,0.2563464641571045,0,976KjGSHiXVJquk0v7AoM1M472,,,,
0,0.0,0.532106876373291,0,1969B-l4yMGmpCrAYhYnUn2f2256,,,,
0,0.23529411764705882,0.25868844985961914,0,609MyQ372LLBdo0DkE0M__Y86,,,,
0,0.0,0.26456499099731445,0,25344_c4EKxXkhoNEuEogKpb1694,,,,
0,0.2380952380952381,0.6633226871490479,0,2643UpH1vcnmDtWFzogLQYIY1124,,,,
0,0.0,0.39577341079711914,0,721VypFcthFDdl_lwMk-Dld2825,,,,
0,0.0,0.29697751998901367,0,630KO8LeHoKQQj6c-87zNrm25,,,,
0,0.0,0.41590404510498047,0,2942BxApb_UbjTvQ96MuGzKL3992,,,,
0,0.5,0.1708238124847412,0,1212hhFWBwzJe1lv_Eg5jMV43121,,,,
0,0.15384615384615385,0.30147576332092285,0,5460SSbREtZ85AA4OPt7HWf271,,,,
0,0.0,0.2180032730102539,0,1478tvkHc8K4YOVkppLRsZg02053,,,,
0,0.10810810810810811,0.6056454181671143,0,26881eBzp0z_d9DKF9jbPHdz997,,,,
0,0.0,0.2722780704498291,0,2966PxwWVFmyQuTm3V_AixtQ3941,,,,
0,0.5,0.1308295726776123,0,3024vebeD9iQI76TQyghore-3809,,,,
0,0.0,0.41626906394958496,0,156057Z3OOwBTdwP-hDQ9L4U1338,,,,
0,0.0,0.14147162437438965,0,1183U1zI1TbGdaZR1adOMYQM3208,,,,
0,0.06060606060606061,0.6238741874694824,0,1002OYjKgvY_WrTVyv0BBUq7299,,,,
0,0.09090909090909091,0.38227391242980957,0,606roVNp96vZ78RGlrTQ53w93,,,,
0,0.0,0.23713207244873047,0,6431yy3yc3FNPTLXLaeEuNd3023,,,,
0,0.22222222222222224,0.4258575439453125,0,11881tCMe4yHOSjaL320WzSI3192,,,,
0,0.0,0.34348249435424805,0,1438pakrvpuzI9RRVwHckRIx2138,,,,
0,0.0,0.22969961166381836,0,3017aHeDCc1uLRI2rnBry2uw3824,,,,
0,0.1818181818181818,0.23950934410095215,0,654kwApE8QgqJ8tbK-mNN-_2991,,,,
0,0.4,0.35188984870910645,0,1988Igeg6-NlxrBYydVdXS7P2222,,,,
0,0.18181818181818182,0.7736222743988037,0,1425TtGxf2tlcnPvhwxputXV613,,,,
0,0.4,0.372666597366333,0,2376Yb5AiC3i4WBM8VzRNZY73697,,,,
0,0.10526315789473685,0.34284424781799316,0,1397uK17KbqMDLHfC2NAWiR6695,,,,
0,0.3333333333333333,0.19430851936340332,0,25892BdyogDeDaH4qKuHuejD2416,,,,
0,0.0,0.28789210319519043,0,617Cr5Di8JK77DxoWqJstg063,,,,
0,0.21428571428571427,0.6714153289794922,0,1030cFCd9o4jSm3pwYZj572K325,,,,
0,0.33333333333333337,0.3196578025817871,0,1023T61MYdUxsFVCRfnKl5B0345,,,,
0,0.14814814814814814,0.4173250198364258,0,2026zJrmduCm9hHKpRPQmbO92161,,,,
0,0.0,0.16382479667663574,0,700tmK8lIDPegKV5YWqGaiF2879,,,,
0,0.0,0.41870808601379395,0,2551pxDvmDEe_JDrvTqX24D22487,,,,
0,0.11764705882352941,0.41034531593322754,0,2444VM3M-Xnaa4T5rEXxP45X1907,,,,
0,0.0,0.10667061805725098,0,2154XCCxKaIJfCwnJBnIB3GZ4212,,,,
0,0.0,0.26779961585998535,0,9901bDIlgQKtM_dfl7Uf_OW430,,,,
0,0.0,0.32051682472229004,0,17985Atzpv_Cl5kZaV6I1DDD3435,,,,
0,0.0,0.49671101570129395,0,2459yGIZYbTkrltaJKti9_A91874,,,,
0,0.0,0.20137906074523926,0,2954-VZXI9P-GsKgXpM-SeBu3974,,,,
0,0.0,0.10338616371154785,0,1368uHWjPP6hjmEyI0Uea54f767,,,,
0,0.13333333333333333,0.3546619415283203,0,733LbQvJbQviVsKR9L4LKL42794,,,,
0,0.08333333333333333,0.4403679370880127,0,1965XlnqIGyuwSvdQjdZBJ8t2263,,,,
0,0.0,0.251110315322876,0,915d8Oia461zr-zFU7YlBFP2579,,,,
0,0.1818181818181818,0.2515828609466553,0,873MgMnuCFZMazeJj3xQgmP2691,,,,
0,0.23529411764705882,0.46063733100891113,0,2399XuEIJxgcgTMpsR30h5fe3650,,,,
0,0.0,0.3569631576538086,0,2068uWPVT6KFb2RlmGRQ3Gd11596,,,,
0,0.25,0.2928452491760254,0,2053DCa4BLCC5EEQ8l7BVnnp1642,,,,
0,0.0,0.366225004196167,0,2372wmeJzVxcbD7y5WKCYxFf3706,,,,
0,0.16666666666666666,0.3403928279876709,0,1343aQ-H4pOOQAkzk_nGqXjS841,,,,
1,1.0,0.14745450019836426,0,608gV4102XR4M0gHYWcFHGa87,,,,
1,1.0,0.15112853050231934,0,1938GA7QJ14ul7rDZvw7Nb9o2325,,,,
0,0.3636363636363636,0.2816476821899414,0,2386OzyZ6cB3KyNaABd4tv5Q3677,,,,
0,0.4137931034482759,0.33898115158081055,0,682I2vidJcfbbqgpGrTK1XG2920,,,,
0,0.0,0.8027191162109375,0,1163WM0PVD9qbxkmDaQOIW7Y3264,,,,
0,0.0,0.29056835174560547,0,1952E_c11l4SYGwOptcc2H_t2293,,,,
0,0.15384615384615383,0.29239773750305176,0,20197usgJIJQ8MWVNmERwalT2177,,,,
0,0.0,0.4073915481567383,0,2073z-IROD_SxTTIHVa0x2-Q1582,,,,
0,0.0909090909090909,0.4433434009552002,0,555nDtJus6avaCXIDI-gkXA243,,,,
0,0.0,0.13897347450256348,0,1431LwnZzI0C2DsQ2UrzmNgf594,,,,
0,0.0,0.29794788360595703,0,895GTgHWgOsJfWGzfuk0cBw2640,,,,
0,0.125,0.39295530319213867,0,2046GP7dC5MYUxEjhVaMxjWJ1659,,,,
0,0.0625,0.4130721092224121,0,2499V-2FlPo6WVsoWpisdH6C1784,,,,
0,0.0,0.1168205738067627,0,23386xE0NbvZWVPZakM8re8C3784,,,,
0,0.1935483870967742,0.6453793048858643,0,2391ePMyIq2X1JLq1967u6CY3666,,,,
0,0.0,0.48377418518066406,0,979hdglxJn8R-0hBhG7P5nM464,,,,
0,0.47619047619047616,0.4087541103363037,0,2067uWqaniNc-8EtEG0cv8d01599,,,,
0,0.0,0.4494025707244873,0,1208ZxTFiASsvA8kMOYqhRyK3133,,,,
0,0.18181818181818182,0.7280838489532471,0,2405YFMjEJVJ19AfwfKdE_bL3638,,,,
0,0.46153846153846156,0.4233858585357666,0,588FFiBS7n4Z9PvHg-vk3Ri145,,,,
0,0.06451612903225806,0.5572412014007568,0,2673FDf451ZmX7vXALugyB1a1043,,,,
0,0.07692307692307691,0.5558943748474121,0,2108xKVGNBGadZC0TWhSQviQ1483,,,,
0,0.09090909090909091,0.391986608505249,0,156057Z3OOwBTdwP-hDQ9L4U1337,,,,
0,0.0,0.3171980381011963,0,1153iDMvxLm4_lq7OZxrcPwi3291,,,,
0,0.22222222222222224,0.3773634433746338,0,1941vdbzlN7oVltmEKX-YLNT2320,,,,
1,1.0,0.11773228645324707,0,22353xyc8AR6WxpoF2OKgYnG4006,,,,
0,0.0,0.21512508392333984,0,1532jmPrtawUKEP8PbFN0KA51941,,,,
0,0.3636363636363636,0.2669367790222168,0,2364oU8m6CS05FyyuZgf1_IG3724,,,,
1,1.0,0.12441754341125488,0,20834ruTF1RWWFPVpeiVYmwK1553,,,,
0,0.3333333333333333,0.18398261070251465,0,2998eOTOpuoi6pcPY7lXKHLZ3868,,,,
0,0.25,0.34647703170776367,0,613XW7YAciAiMgfISN_tpEO76,,,,
0,0.25,0.1316218376159668,0,1169sLy1F9DsgmSEU3gCb28W3246,,,,
0,0.42857142857142855,0.18162035942077637,0,2649du0NVM86G2VsbeYMwrgl1109,,,,
0,0.0,0.18856191635131836,0,15715bk_bkzCsTkEKHc-4BgP1308,,,,
0,0.0,0.2761802673339844,0,709ZYekPZmIHVZUS0oAXArM2856,,,,
0,0.0,0.13405179977416992,0,2031SeyVh-govknTHJdzCd5x2149,,,,
0,0.0,0.26209306716918945,0,984CNpDqalkISFG_gY2XwD_449,,,,
0,0.36363636363636365,0.24289655685424805,0,2727JkYnxxl8d_jUsjzpRwXm893,,,,
0,0.0,0.14225459098815918,0,15573dHdiCo9iVvktQEFAE5h1345,,,,
0,0.0,0.22148561477661133,0,659fIQxckVQ8kQLQWyiAcB82980,,,,
0,0.0,0.5546112060546875,0,2630aXuhB9uY_8J6EHtO6-Mr2337,,,,
0,0.0,0.15413665771484375,0,2473I_8F1yJw7g41cfbvdciy1844,,,,
0,0.15384615384615385,0.29673314094543457,0,2420arevHpIfCSerP3MdIRta3615,,,,
0,0.1111111111111111,0.4759049415588379,0,843WSwRhwEu22UV7c_-UxnD2768,,,,
0,0.3333333333333333,0.15963053703308105,0,1219odhtmia1JdsfFwCJXe5O3098,,,,
0,0.07142857142857142,0.4874424934387207,0,1152CwAbYMM50m_imGCtX8jF3293,,,,
0,0.0,0.17029905319213867,0,15886mL2IQG8B6jETUgnOHZc1269,,,,
0,0.0,0.14868974685668945,0,1234WIzl7ElikCCPk4gA-7ua3058,,,,
0,0.13333333333333333,0.3153364658355713,0,25135YWzIpnXIrhMAoH0h6tB1752,,,,
0,0.0,0.14734292030334473,0,2473I_8F1yJw7g41cfbvdciy1845,,,,
0,0.21052631578947364,0.40885472297668457,0,13562fQ6wZGlmwHe0KMgKqQ4802,,,,
0,0.15384615384615383,0.21857118606567383,0,2145sC266Uf0RNluKT7FLFAv4236,,,,
0,0.0,0.11597108840942383,0,2709l9BXzPyNws7gAw46g8eL943,,,,
0,0.20689655172413793,0.5173130035400391,0,2448cpYalEhOyaX7nVOEWjj31900,,,,
0,0.0,0.39493417739868164,0,857_7Nv3vFr25l0dhIhFy_82727,,,,
0,0.0,0.33763718605041504,0,658XMVOSc2EDbG6L6Fxkc3G2984,,,,
0,0.09523809523809523,0.7847509384155273,0,24057YiGguOU4QpG_Wn3OHra3639,,,,
0,0.11764705882352942,0.2595036029815674,0,3014BDldoLr7qRhv_7TSXE6q3832,,,,
0,0.0,0.15883851051330566,0,989l-L43EQr9gwIj8urs_ta432,,,,
0,0.4,0.3756864070892334,0,945US4EY2sSosbMTVy_bzAD564,,,,
0,0.28571428571428575,0.20015406608581543,0,1484LBCjE9GGNK0dm10EyT1L2043,,,,
0,0.0,0.3106656074523926,0,1176A_9vaJNosqGkXRVsziub3227,,,,
0,0.0,0.25575780868530273,0,1534DljtGtyMC7VBZ7LOjAQY1936,,,,
0,0.0,0.16591215133666992,0,941qAh1ZQv3LHBcrNhFMIpF576,,,,
0,0.0,0.41648316383361816,0,2963SvvO1TYX7ABi60_kmjOW3951,,,,
0,0.19354838709677416,0.5199334621429443,0,25369eavZOrMspyuwUfYt25g1688,,,,
0,0.0,0.5813713073730469,0,1361J6GUEFw0eUjZYJ4tiHvB789,,,,
0,0.0,0.3536803722381592,0,539W46MSJwTdnqptRMTDZ5i291,,,,
0,0.15384615384615383,0.27315664291381836,0,2733NKE9l-FIURwp5kMM_ty2874,,,,
0,0.0,0.21564435958862305,0,1599HSzSTRtnTI56md6V7-t-1239,,,,
0,0.22857142857142856,0.42442822456359863,0,1441MCBHwz4mlshCsnGFlkHe2130,,,,
0,0.3157894736842105,0.3778562545776367,0,3028tKME3xmEIFzACt6fT95u3800,,,,
0,0.06060606060606061,0.5278127193450928,0,2649du0NVM86G2VsbeYMwrgl1108,,,,
0,0.22222222222222218,0.45809125900268555,0,133872Mtqyb09KyYyKdDni5N858,,,,
0,0.07142857142857142,0.7035934925079346,0,1743g-gnR1iSF9jlsKTC_sPk3573,,,,
0,0.0,0.25334668159484863,0,67563V9Jr6L6R2D0ymJM0Y-2939,,,,
0,0.09523809523809525,0.49935102462768555,0,1966vorrM41EahptwctgnTjv2262,,,,
0,0.0,0.2615787982940674,0,2442O-F2YezfPTPaci1R28vY1912,,,,
0,0.16,0.3345825672149658,0,22235lwUx01x9_1JlfE_OedT4042,,,,
0,0.5454545454545454,0.29263854026794434,0,1558nZ4e9hyDysgIXtjrdr1k1342,,,,
0,0.09999999999999999,0.406322717666626,0,1143GfNyvAU7ymTE77VLNZnG3321,,,,
0,0.2580645161290323,0.4037806987762451,0,1377MSN5P9oksYJneDnSmHM3747,,,,
0,0.0,0.2888007164001465,0,2629GQD7koFMwyiUTeUEaCv82340,,,,
0,0.27272727272727276,0.3261399269104004,0,2398cHxKpmXAoKYK97Ln3GA23652,,,,
0,0.08,0.31548619270324707,0,2639bkXWs91YZSHduhAO93vu1135,,,,
0,0.0,0.2599623203277588,0,1569Ht4xo6nEjNKzw9OyGAql1309,,,,
0,0.0,0.4747927188873291,0,2994mHjER7-9C4dmnyiiHwVD3876,,,,
0,0.0,0.26166677474975586,0,1197ycLPMsis4jTkwSPiz6RD3164,,,,
0,0.0,0.2078416347503662,0,654LwM3OC8BHTl_TVgTJuoF2990,,,,
0,0.08695652173913045,0.5729930400848389,0,91489gYi_bXEz_5f9xGfB8j2583,,,,
0,0.0,0.22205114364624023,0,15208OmvhIK608dqFRGSSOAV1972,,,,
0,0.05555555555555555,0.6458489894866943,0,1819Mz9_et-ab6SF7qwOOuB33386,,,,
0,0.0,0.22911572456359863,0,1461b77FDHPFXFe4yi5Nhcwr2092,,,,
0,0.15384615384615383,0.30879640579223633,0,13946HYMoyH_5YN47EsUiywo704,,,,
0,0.0,0.23148155212402344,0,2988o2Tx-xSKGXrXuofncBnZ3888,,,,
0,0.0,0.14256596565246582,0,2433XfYtnZCXUsAMbQw-Qmvr3596,,,,
0,0.11764705882352941,0.308133602142334,0,1817S4YdUgIpGi5YXH0jwLkQ3391,,,,
0,0.5217391304347827,0.3199806213378906,0,1805f28kB0QsdrrJaSbyx3nC3424,,,,
0,0.0,0.132826566696167,0,1505bna2sA0Za87BSd9REwkK2010,,,,
0,0.35714285714285715,0.451676607131958,0,2475OSfljvtxbxq6XRCvWHgr1837,,,,
0,0.0,0.4919719696044922,0,903d3S0iJZYbioutIfyZx9E2615,,,,
0,0.0,0.24293875694274902,0,1529gQToGseAQ0_-DRta9yac1949,,,,
0,0.19047619047619047,0.46979331970214844,0,2163prpiVkHoWAkyQR6_xuQb4191,,,,
0,0.0,0.3513033390045166,0,1453zJFuwlSehscZJwrQDmDL2107,,,,
0,0.42857142857142855,0.22241997718811035,0,6051HWp8diqm_U2xVdalV6U97,,,,
0,0.5,0.15889453887939453,0,925n35w1SDxy9hu-BoGzQhT2552,,,,
0,0.0,0.3180694580078125,0,624IMVlhXqEDrP4UTYdjFBl44,,,,
0,0.5,0.16334986686706543,0,1381nh2SdDr2eWku393B09QY735,,,,
0,0.28571428571428575,0.16608381271362305,0,918QqxhdE7q7zGH9LNONh2w2570,,,,
0,0.6666666666666666,0.28648853302001953,0,2209BDzn0SpuYmXdWVg9Z1Hy4072,,,,
0,0.4444444444444445,0.3495824337005615,0,2969gQlMvd6FhSZMcTlnE-C13936,,,,
0,0.6666666666666665,0.19597601890563965,0,1826-5gZY7Lc4gn0qD-o6_To3371,,,,
0,0.0,0.3087954521179199,0,1155buq6aWlaQuO1-Win_xed3286,,,,
0,0.06896551724137931,0.5205895900726318,0,2015WJQ6AfHutHfsyi2M-HtJ2182,,,,
0,0.0,0.25553226470947266,0,20814-Xp7gQ0gpoeNufV1CCM1557,,,,
0,0.28571428571428575,0.32005906105041504,0,691pqnhMyJfTBtJrs_4z71s2897,,,,
0,0.0,0.37436866760253906,0,2155ZEIUMmffTYNXBH3uiR8c4209,,,,
0,0.0,0.23657798767089844,0,1542RhDswvJFqP2Jq9iUFinr1386,,,,
0,0.16666666666666666,0.40845823287963867,0,1471q7bJiZQDI20zdeWOjTxp2067,,,,
0,0.20000000000000004,0.24800848960876465,0,1504hlqci9hC_wlnWXFEJjtG2012,,,,
0,0.1142857142857143,0.5766396522521973,0,1034wHnCBpfrzubpIdoRKWKA312,,,,
0,0.0,0.12289690971374512,0,1151R3T8HOlw_qdMmdrBoT543297,,,,
0,0.0,0.11696743965148926,0,948uYfQaDqdMCAYnSxY-SL1557,,,,
0,0.0,0.39230823516845703,0,568riF6WKYPtmQvPRer2HKt205,,,,
0,0.2173913043478261,0.7721612453460693,0,602gS9orzSbPkJ3cqNbO8j_104,,,,
0,0.0,0.3635118007659912,0,1153iDMvxLm4_lq7OZxrcPwi3292,,,,
0,0.1,0.3523590564727783,0,2180sY_3Ea7lN3cAxecHCD0Z4144,,,,
0,0.25,0.22318720817565918,0,17575vjW6q5vpBlTdRADa0J73533,,,,
0,0.0,0.1618361473083496,0,2624iiqNCKQgjCP_ToRoxVcp2351,,,,
0,0.2608695652173913,0.256359338760376,0,1009Uk9DWEoZIQcw717YJKbT386,,,,
0,0.0,0.3310732841491699,0,916HouNf3Zihi-QrcktYOJO2578,,,,
0,0.0,0.4001755714416504,0,559ldmP2ngc1Q7BVHfHwYZC233,,,,
0,0.25,0.1320657730102539,0,1199nIbUtObyZOiLZVUYMs653158,,,,
0,0.2,0.25147485733032227,0,2057JTrMpRMQ_nlV6rjSFX2Z1629,,,,
0,0.1,0.4889988899230957,0,1374yoc9nWJdr9ATgDMv2vDw751,,,,
0,0.13333333333333333,0.25980663299560547,0,1837DjnvLKs92-s8s-2bK5zI3339,,,,
0,0.1904761904761905,0.43001484870910645,0,23807v22XvrUQTol7Th3lJWE3687,,,,
0,0.11428571428571428,0.2868013381958008,0,14983XjeUEukDaw3K-IUo4aw2024,,,,
0,0.1875,0.6853468418121338,0,1017yXOYCLYZzxUNNXCwSOw5363,,,,
0,0.3333333333333333,0.4463686943054199,0,3025_iaJPF1EGsooMPEGZwvG3806,,,,
0,0.0,0.11780619621276855,0,987bTlOLptWnZwVJGOtDfda438,,,,
0,0.4,0.161665678024292,0,2397ngYUHwjsIyhb2KRudMVS3654,,,,
0,0.0,0.2560889720916748,0,2629GQD7koFMwyiUTeUEaCv82339,,,,
0,0.0,0.9380548000335693,0,2118jdsykE0McP5cAZxVpo2d1455,,,,
0,0.4,0.17193913459777832,0,2363jyeSrDuTiJf_bqAPDD473726,,,,
0,0.0,0.26050567626953125,0,2183w23owTHpXeij1zV_FDX74135,,,,
0,0.0,0.11990714073181152,0,665QURdf6UuEnoJsKOV4YtB2962,,,,
0,0.0,0.1264019012451172,0,1545g1Tb818_JNDAuQjE--ZZ1378,,,,
0,0.0,0.27999234199523926,0,2733NKE9l-FIURwp5kMM_ty2875,,,,
0,0.07692307692307691,0.4485154151916504,0,914b0zdkdwAh3xlbhnY8du72582,,,,
0,0.0,0.5243563652038574,0,2425oi8tztQpIN1A44b1j3AL3606,,,,
0,0.0,0.286653995513916,0,1814rsETf2eToNtZrivLqKSE3400,,,,
0,0.0,0.19443750381469727,0,1476m9DFMcKpET2GRr7cT4FS2057,,,,
0,0.1,0.37143969535827637,0,23683s2xe5bz2so10XGK2qBO3713,,,,
0,0.08,0.5511770248413086,0,951QRsnzHPzlTm1kJw2YlVa547,,,,
0,0.3076923076923077,0.34935760498046875,0,11560sYYJxTrE--1-2sMNJ953281,,,,
0,0.2,0.24681901931762695,0,3015gokJ7rr6uB6YTy3Khm0u3828,,,,
0,0.2857142857142857,0.27600765228271484,0,2139x2uHOpf3opRosVHKHI5y4250,,,,
0,0.4,0.2637214660644531,0,1348pryWv6mij3utlHnSurED826,,,,
0,0.20689655172413793,0.5631699562072754,0,1950b8OIQ8bzZrEdme_QFejW2298,,,,
0,0.14285714285714288,0.37769246101379395,0,1237yuti7VE1972UnCfqAN7V3047,,,,
0,0.2222222222222222,0.22883892059326172,0,2053ydHY-RsjDaaTRo5IttrE1640,,,,
0,0.0,0.3060874938964844,0,1759y5yGptDhTmoTR_wEuxlL3528,,,,
0,0.14814814814814814,0.36525654792785645,0,2655YDVlTu5g8XP-s_xoiAGt1094,,,,
0,0.0,0.11869597434997559,0,1226VvNg35i87Jc0HRevhBIp3078,,,,
0,0.5,0.3047339916229248,0,1172cnB3XirJLf2l_lj2h1NR3238,,,,
0,0.0,0.2084653377532959,0,1513e32PRGagyhaNmp__k3W51991,,,,
0,0.33333333333333337,0.19039225578308105,0,646OD5224k55Wh4kR-RsWPl3015,,,,
0,0.2222222222222222,0.5680124759674072,0,2080DF2p6ax3v1-aUbtGWT4O1562,,,,
0,0.0,0.17571163177490234,0,2502zG6K8It4JMfa8UrkdPdw1775,,,,
0,0.0,0.22256040573120117,0,25018IwgMznLBiuCDIKcy_yK1777,,,,
0,0.09090909090909091,0.42323803901672363,0,1214Ok_4GK2IaQBQ79ypkNPy3114,,,,
0,0.0,0.15757298469543457,0,2187gvsT7evQEJ8hMJqK5EHQ4126,,,,
0,0.5714285714285715,0.2347545623779297,0,2393dPWkz_403rASrRrq7O713664,,,,
0,0.1,0.3240056037902832,0,1610lit-PZD9j4XnYX8iyzdL1208,,,,
0,0.0,0.24196243286132812,0,1458iv0WdN_NvJkFoTdqCZ_Q2098,,,,
0,0.0,0.12335944175720215,0,234909hrgzPVzcKNSXWO1ok-3759,,,,
0,0.0,0.10595941543579102,0,1371VdM9y71lHCPan3KXr3WS759,,,,
0,0.0,0.15858983993530273,0,25586lylI6AjP0zEVdJqgXCx2474,,,,
0,0.0,0.15833020210266113,0,2155b4lPV6COMDxcEuBc4bUB4211,,,,
0,0.0,0.3963766098022461,0,640UbntiFko68p3ukz6iGpI3034,,,,
0,0.0,0.5602953433990479,0,3036vybNVfi22WAmwyXaCyoP3790,,,,
0,0.3333333333333333,0.2640268802642822,0,735vGzQ3nCx9nbWxB-Wes4C2789,,,,
0,0.3076923076923077,0.3665153980255127,0,5401-KQtKiJkYnkPCmw8hgz289,,,,
0,0.5714285714285715,0.16720938682556152,0,861-dKB_3BSzYCaSTRw8Av_2715,,,,
0,0.09523809523809525,0.39238882064819336,0,8486FcfpGKVx1trsy0PGkDp2755,,,,
0,0.0,0.3859415054321289,0,1229AbP35CEyoMV2CzyjH6_q3070,,,,
0,0.3636363636363636,0.34149670600891113,0,1148Ml3yo3KDCBBSJoQQlyFc3305,,,,
0,0.16666666666666669,0.615811824798584,0,842c07Yh3NdidKu-h5mkQl02771,,,,
0,0.0,0.14325332641601562,0,1400uU3CM_7LdMUuWkvkQxxM686,,,,
0,0.14285714285714285,0.3572695255279541,0,1567OzoMV2H8D1C1oKf9kJ7U1316,,,,
0,0.0,0.43956565856933594,0,27282z0c8x28uAuDYrTlxOP-890,,,,
1,1.0,0.1344771385192871,0,1792pLMxkyBoluA32NPBVhWK3449,,,,
0,0.4615384615384615,0.28561997413635254,0,634_wgzPKlx4nIMyi-kCnjn12,,,,
0,0.14285714285714288,0.3559277057647705,0,1554GyUQ981YKusehk4Cl7Te1354,,,,
0,0.0,0.27796387672424316,0,2729ECSyBaYVZZbDBNyaHu4J887,,,,
0,0.0,0.3783273696899414,0,2065EHsPdSp_5DrQeLr1ttuL1606,,,,
0,0.1,0.352069616317749,0,140037nUS1rT0UQNsaFa9Rwl685,,,,
0,0.25,0.4573957920074463,0,566fv5aDvtV7-Bv4hgl9TCy212,,,,
0,0.3225806451612903,0.5208377838134766,0,2061TwbS9naBRQ2tozfnle021616,,,,
0,0.0,0.23148488998413086,0,54482QW5OfFiQVIWiIpVI2E278,,,,
0,0.05128205128205128,0.7436623573303223,0,2707KB1tO6YYJq35qJk9l8AN945,,,,
0,0.0,0.26567625999450684,0,1530v9JIqRhesvlWwvstOwUR1948,,,,
0,0.0,0.5025413036346436,0,1949jEKqGQclC11Cc2b7IDqv2299,,,,
0,0.0,0.19198894500732422,0,1012LN56E8ShPhOCoocbJrrp376,,,,
0,0.11764705882352941,0.3589475154876709,0,1587GKW8NX3dkLWoOc6aJ86v1270,,,,
0,0.0,0.26827335357666016,0,677F23ky2ysRzZ_9ea_iceg2934,,,,
0,0.0,0.338733434677124,0,1409SROjOQ9iV118JePvaz45660,,,,
0,0.35294117647058826,0.39706921577453613,0,2701_eTSfG0kbk-njomBcNgv961,,,,
0,0.8,0.14517664909362793,0,2209HnLyE3YKg6twl_Q-g1Ec4070,,,,
0,0.3333333333333333,0.16048288345336914,0,2230L8455dET7-fRoIdsUivX4021,,,,
0,0.0,0.2820422649383545,0,1446OxQzkmFxIj-VPbEUcz7j2119,,,,
0,0.0,0.23035335540771484,0,2177rTzU3iHejo6wHiCUUGgR4150,,,,
0,0.0,0.4511728286743164,0,1482vLr96JPpOOrUo1CAJV2o2046,,,,
0,0.0,0.21796464920043945,0,2541Xqfe9NPWsDPd0IRvHv882507,,,,
0,0.2857142857142857,0.49643683433532715,0,2374k50_RHXB5GThYKzc39DZ3702,,,,
0,0.0,0.440258264541626,0,875H9HPG7IDtm8eYpP2uh2I2684,,,,
0,0.0,0.362506628036499,0,2669v67locIF9ThvWJ8mcmqm1056,,,,
0,0.0,0.319202184677124,0,20893J7zds0fTmdwGScrXxYe1536,,,,
0,0.0,0.1218421459197998,0,2024uEKyOIRbOWRGqSX25wAv2167,,,,
0,0.0,0.26398205757141113,0,2032h_xc2uXEe2J9hKtwBMZw2148,,,,
0,0.1111111111111111,0.3454132080078125,0,2039WNZPsx3z2vJcCCCoGkpW1681,,,,
0,0.0,0.1130683422088623,0,1971QdtwinuI-Pt-gRGhMumc2254,,,,
0,0.1,0.2932596206665039,0,2497wmCVXc__4_q7aCFHvax81788,,,,
0,0.0,0.14978551864624023,0,2367wI6YJctGx_TrLePW0zFT3716,,,,
0,0.08333333333333334,0.4900236129760742,0,1748emZrqreIzMIm0XWLL7Rn3560,,,,
0,0.0,0.3020484447479248,0,2170uR1FxS5nUGkssv426mqU4172,,,,
1,1.0,0.1479647159576416,0,1227qM25lwDT1HffYX7Q27LJ3076,,,,
0,0.0,0.2687249183654785,0,65691nmDsNoy6GHCZUYjINN2986,,,,
0,0.0,0.5065927505493164,0,302251nQ3cmNluA1AUr3iMk63812,,,,
0,0.0,0.24225068092346191,0,1816M49IXoDpU__17vFIazVS3395,,,,
0,0.07692307692307693,0.5592944622039795,0,2406S8qt5kYqLYszOCu0lYmZ3636,,,,
0,0.5,0.12969183921813965,0,566bnXrhcjKEaxVTc-LeHzY210,,,,
0,0.1081081081081081,0.5128662586212158,0,22018wPqrmJcGuWfE5hB9sO74095,,,,
0,0.0,0.21439647674560547,0,2043FtfsfjPEPMp72mimJA1r1669,,,,
0,0.15384615384615383,0.3420698642730713,0,955e36D7g1kt9C0gus4wfH8535,,,,
0,0.0,0.27800941467285156,0,2973JDgkSnGitYck_HX9Ne233926,,,,
0,0.0,0.38514256477355957,0,24187-nhPhxI7dZV22pltvqB3619,,,,
1,1.0,0.12515592575073242,0,1778w_0Pgt92UHRoeIwEqNNr3481,,,,
0,0.0,0.12402224540710449,0,1192NtMV2nW3J5X78M_fz_jM3179,,,,
0,0.0,0.38547539710998535,0,2237FYTudBkYGOD7oCKDGYv44000,,,,
0,0.6666666666666666,0.1454923152923584,0,1430BuwokBjmVg7AdzOoLBQQ597,,,,
0,0.0,0.1374666690826416,0,1164efJ2bD2I51tG9DDDy2263262,,,,
0,0.0,0.3551905155181885,0,987JCMK8qp1XiHG6fmq_sqJ439,,,,
0,0.25,0.22208929061889648,0,1612PKGAkMM3MocoHgcn3Vg61202,,,,
0,0.0,0.2305922508239746,0,707eQxJt9Y35aEN6MtyrclZ2862,,,,
0,0.0,0.16005587577819824,0,1196b9cuPeUxYC3Lp7LVQMAF3167,,,,
0,0.0,0.13036680221557617,0,545gbwwHQNYWNJmwx_zhGUS273,,,,
0,0.22222222222222218,0.517012357711792,0,2422AkNZxKVfPVF92vs5qzLX3610,,,,
0,0.09999999999999999,0.7757492065429688,0,1437oSS908LBdCS-R1lhS_zZ587,,,,
0,0.0,0.2125074863433838,0,1562tZVF0c_Hwu_jpQkNLPxj1330,,,,
0,0.0,0.4170506000518799,0,2556v9wSIrA-gKUGDFK65QmW2475,,,,
0,0.25,0.24278831481933594,0,1742Qn8cd--IGplBaIA5QEpU3578,,,,
0,0.1818181818181818,0.23773717880249023,0,8808MIOqs91bcamJY7BKpKK2672,,,,
0,0.0,0.6494858264923096,0,2417Txi9GL74fxs5Z2asL3203622,,,,
0,0.2222222222222222,0.315875768661499,0,1544BBli6lvsM3ocK55YaTtb1381,,,,
0,0.0,0.23720192909240723,0,1753kpSTtywObsOC3dzGk8kX3543,,,,
0,0.5,0.11603975296020508,0,7150BJ0glnjGlTFTJ4cTdiF2840,,,,
0,0.10810810810810811,0.653613805770874,0,1746XQjTLVhuW5-HmTtxqxuv3564,,,,
0,0.0,0.22549796104431152,0,651fsZ9lTWd449M33QOudtw3000,,,,
0,0.13333333333333333,0.2710704803466797,0,599uREx6nun3gOEAd8YzR5s112,,,,
0,0.05555555555555555,0.6709263324737549,0,1218OExrGg3DDUqQ_BBB10Tn3102,,,,
0,0.0,0.3303821086883545,0,1635w_Q9eBE8d4QJlCSJBFiT1143,,,,
0,0.14285714285714288,0.2736194133758545,0,2148ORbgn9xAFsNQtzXY__rj4228,,,,
0,0.0,0.12497282028198242,0,1963usWUHwJqt8eDD2dj9VZ-2267,,,,
0,0.4,0.13008594512939453,0,2146tqPHx6tj2s94He2JdG_i4232,,,,
0,0.0,0.3172295093536377,0,577YsCJ2FO7dV054McSxQvM177,,,,
0,0.2222222222222222,0.3307154178619385,0,2679ULojnjXzA_nUbY_9FqSx1025,,,,
0,0.22222222222222224,0.2517266273498535,0,2029WPXur9oP38dHkMIPUsem2155,,,,
0,0.4,0.2611277103424072,0,2360wqBrcNsj4JFKMf-J5jFI3733,,,,
0,0.2857142857142857,0.17494750022888184,0,2527_1gwPfkH0sI_fNYkRULn1713,,,,
0,0.18604651162790697,0.8276467323303223,0,2523I4nlHreDk5vBkSCH8RHq1726,,,,
0,0.0,0.32537388801574707,0,2002a_R1XmwMDmL5wyPZDS2t2203,,,,
0,0.0,0.251605749130249,0,2478ulEtsZsxkcgly7IxV7jm1830,,,,
0,0.12121212121212122,0.4005546569824219,0,2426FvIaTEpxUSzdWjZW6ctB3605,,,,
0,0.1111111111111111,0.5077776908874512,0,19540qz1hFiTRNqKyYUyx4Y82288,,,,
0,0.26666666666666666,0.4511427879333496,0,589s50VvGuiEMsAcZpOIrdE142,,,,
0,0.0,0.37798213958740234,0,8616U9DJ4emRPwsHZTqmdGu2714,,,,
0,0.0,0.5044622421264648,0,964RapMeSY8FyWlaMkFUNk8508,,,,
0,0.3333333333333333,0.19679665565490723,0,1464jHZlsBjVv-8xARfsJrXa2086,,,,
0,0.0,0.30332088470458984,0,2427o0QmxcHBetNiSbTlOqmh3602,,,,
0,0.0,0.10648679733276367,0,1429iK5AeBnwtcbLHrY4SztI601,,,,
0,0.0,0.4647037982940674,0,2345xzNHwuJ_9-no_amFWS4A3767,,,,
0,0.05714285714285714,0.5958099365234375,0,2943rfsS5qs59QlXyCYYjei03989,,,,
0,0.0,0.22688937187194824,0,1467oCR_WpQCRef2iR_N2NhR2077,,,,
0,0.0,0.37945985794067383,0,11583AIKJFgE0UrBCHocpd653277,,,,
0,0.0,0.21102380752563477,0,578C_O7pYNiyLAUSE5J66xB176,,,,
0,0.0,0.1750044822692871,0,26062Jzbzm2Iew5_dSx6LCM12376,,,,
0,0.0,0.2974672317504883,0,2517saKKvHaEWnw2pvl75Xuf1742,,,,
0,0.0,0.2789757251739502,0,17839rNVzte3BRZvP4qWRMqo3467,,,,
0,0.0,0.2838926315307617,0,2111jmqUVcM8RCxkrmjvb0hZ1476,,,,
0,0.0,0.1259934902191162,0,2514EGWk59PbC7MjrXE6AlVn1751,,,,
0,0.15384615384615385,0.3335604667663574,0,1517p5p7fblRKtBb8l9_uGtZ1977,,,,
0,0.08,0.3151102066040039,0,2727bEO69UF_-G1jUOIEpXYj891,,,,
0,0.2,0.20867705345153809,0,858nySH6AfeIgauM40DaAIr2725,,,,
0,0.18749999999999997,0.46123170852661133,0,685-r-l6EtOMeFTYAMUFp2R2913,,,,
0,0.17142857142857146,0.5675613880157471,0,2383_zZGxCRJzjykFJNk3Fql3681,,,,
0,0.16666666666666666,0.47424864768981934,0,24874ZExUiMVxjjNDRJVHXGS1814,,,,
0,0.18181818181818182,0.28887343406677246,0,2468bI5nQWQ8Og-_9QlLKU8v1859,,,,
0,0.0,0.5127525329589844,0,19734HA-piKOQCj9cOheHeMR2250,,,,
0,0.0,0.14524078369140625,0,942YwxEcLEOCAotnSzvxJj-575,,,,
0,0.0,0.3626670837402344,0,2026yIVtrJbiaYcqiJLKF7l92162,,,,
0,0.0,0.26276111602783203,0,2180GzU3fBZQ6NFjdA3mnHhk4143,,,,
0,0.0,0.15810394287109375,0,1942fMXkD48PYS9_snttkRcW2317,,,,
0,0.0,0.18825674057006836,0,2629-52k9W9kCEdUZtJCllTb2338,,,,
0,0.0,0.24667859077453613,0,2110ziYcZhTz_BC1MPXgUtC31479,,,,
0,0.30769230769230765,0.30486202239990234,0,731bdFMw_WBEsLLGgw0OqIo2798,,,,
0,0.5,0.14019155502319336,0,1450f9K9T1lv3UmdhS-rbS-p2113,,,,
0,0.125,0.36272239685058594,0,737t5Q6W-ejkvhnx8fhmjhP2784,,,,
0,0.30303030303030304,0.49579691886901855,0,2421aPJOo5UynG4APVgasKa53613,,,,
0,0.0,0.4591820240020752,0,1342n57h5KFhZrmo2TPiuwv5845,,,,
0,0.6666666666666666,0.13135433197021484,0,573-_AYG-xxnzzEd1LZiGf8191,,,,
0,0.058823529411764705,0.5644736289978027,0,972xR4_uxpnlIN8NrBztoj1483,,,,
0,0.0,0.14295744895935059,0,1176w-tnctiph48cguCP6TLh3228,,,,
0,0.28571428571428564,0.3464016914367676,0,2020ubB0JZzHv_29zd0WpIjn2174,,,,
0,0.0,0.3798379898071289,0,1443Nxfx0xTNPIR7XHCONrlL2124,,,,
0,0.06060606060606061,0.5962800979614258,0,1359ZuJdS_tCrQFa5IcePruQ794,,,,
0,0.0,0.25884294509887695,0,2161ve-pKOVFfnwct9-ZGtow4196,,,,
0,0.06896551724137931,0.39201951026916504,0,1163WM0PVD9qbxkmDaQOIW7Y3265,,,,
0,0.11764705882352941,0.36655688285827637,0,1415xOKyGuKnDwYbWfqm8DyH643,,,,
0,0.0,0.307262659072876,0,539g1HipZa4q8coORPOMHwj293,,,,
0,0.2,0.3206005096435547,0,22165cE4SIrSj4XGK-I-cUmM4057,,,,
0,0.0,0.16894960403442383,0,907CG6Y0hTOIf2iMApGkPO72604,,,,
0,0.0,0.5449655055999756,0,20865AJD7uSijZkNu3lQlJ481546,,,,
0,0.21428571428571427,0.3804969787597656,0,27282z0c8x28uAuDYrTlxOP-889,,,,
0,0.0,0.5063753128051758,0,2979WuXci60uJEdQnVCd4Xjn3913,,,,
0,0.0,0.10150003433227539,0,1372T0eDMjnAIUtMFQHcIZWS757,,,,
0,0.10810810810810811,0.6155450344085693,0,16200K9t6uefE0HN9Xb3n6aS1179,,,,
0,0.1142857142857143,0.34139132499694824,0,2729ECSyBaYVZZbDBNyaHu4J886,,,,
0,0.0,0.3844280242919922,0,569DSGp7NYhekO9pVIHrI21203,,,,
0,0.39999999999999997,0.38393354415893555,0,1466QWMZl6lBSpMlxHibwqSn2079,,,,
0,0.0,0.10659408569335938,0,1028r9dv8iRRQSL7Ihwkp7tz330,,,,
0,0.0,0.1838369369506836,0,2119SJEcYcuuQpuvuba_KlGl1451,,,,
0,0.0,0.12819337844848633,0,2044egsXeT6Z85kZYfUih06a1666,,,,
0,0.14285714285714285,0.3294079303741455,0,855ENEaLZEfgqfGiXz23p4l2732,,,,
0,0.5,0.11983060836791992,0,18328gCMjbpzCLFnoMXN6srf3355,,,,
0,0.0,0.1575925350189209,0,20641EP682eRhx2QWgjzDM9I1608,,,,
0,0.26666666666666666,0.2840268611907959,0,2664AqK615zaJ_528hvbvtPb1070,,,,
0,0.16666666666666666,0.4762575626373291,0,641QPygyAWeJTz2UqZLxPPB3029,,,,
0,0.0,0.5638108253479004,0,1814rsETf2eToNtZrivLqKSE3401,,,,
0,0.0,0.1794583797454834,0,8521sw4TcnPagCQEoFKD9fN2741,,,,
0,0.2608695652173913,0.5087339878082275,0,606ydc6r27eppB2SC3CIOZ595,,,,
0,0.1714285714285714,0.7639577388763428,0,2373iZm5h4f5Vzcv3z363qPA3704,,,,
0,0.125,0.3433046340942383,0,1190K-vBrGKzVvJ8j8oue-N63186,,,,
0,0.1,0.264540433883667,0,671tmMHr0OIhb3ulvq5ranP2948,,,,
0,0.0,0.32072877883911133,0,2993pJ4MhlqvNdq3HP6O5MsP3878,,,,
0,0.1875,0.5479574203491211,0,2985h8b9cr8x87sGlc8_zLvd3897,,,,
1,1.0,0.1301729679107666,0,1957eVvVnYRmwC4qKHak6Ffq2281,,,,
0,0.21428571428571427,0.6015841960906982,0,2712gqTOsON2hU4puCu5hGNj932,,,,
0,0.0,0.12923693656921387,0,2605xGWRPmjAX3zTTpbG5G9l2380,,,,
0,0.09090909090909091,0.3270602226257324,0,15437IrG_pxUZHW4l3vkQWeG1385,,,,
0,0.11764705882352941,0.3912670612335205,0,2736DC0e2KjXgGVcPZ2WLIxz867,,,,
0,0.4000000000000001,0.2107219696044922,0,735vGzQ3nCx9nbWxB-Wes4C2788,,,,
0,0.5,0.13469552993774414,0,868zHuIutIEJT12F-70883W2702,,,,
0,0.07142857142857142,0.49469494819641113,0,1405rcqGslh1c27GRanvx433670,,,,
0,0.06451612903225806,0.32738757133483887,0,2466TSVQzmiW-hXcxaEULw6K1865,,,,
0,0.28571428571428575,0.2823662757873535,0,3002ZnCAiqYIoMCUF-7Op9gv3858,,,,
0,0.10526315789473684,0.3838839530944824,0,896q9fkwlNTB-uLIhW50gpL2637,,,,
0,0.0,0.36566829681396484,0,2082_Dh7f4W3xlRk5gN1uWO_1556,,,,
0,0.6666666666666666,0.10562372207641602,0,567COo6mlEhcowdZdaMt4w3209,,,,
0,0.0,0.24997329711914062,0,1411rDFl1-2KKRZG_zvEhPJb654,,,,
0,0.4,0.21440362930297852,0,2619jg4HxmXkfW55mTET__tk2360,,,,
0,0.0,0.11368680000305176,0,151099HNGPaLvlMftND5z0oJ1999,,,,
0,0.0,0.11465787887573242,0,905uMGe3kos3fBWBJRcu64_2611,,,,
0,0.058823529411764705,0.626394510269165,0,2360xl9Xtx2fW4L4xa2bqWt43734,,,,
0,0.0,0.24325060844421387,0,2578y9zD7QdiguEv3Qrdgam-2440,,,,
0,0.0,0.23859143257141113,0,2996CdNLqVyCF_oDaGCdvP6v3872,,,,
0,0.0,0.8504531383514404,0,2364oU8m6CS05FyyuZgf1_IG3725,,,,
0,0.16666666666666666,0.23543477058410645,0,1591dOdM4uX7gsb6h9hiAaa_1258,,,,
0,0.0,0.20297646522521973,0,2041vmx_DG5RRvLGNwO62TW31673,,,,
0,0.2,0.20608758926391602,0,2615GCUYxQ_Kg8yTnaAtYYpJ2367,,,,
0,0.0,0.18820524215698242,0,19886xZ3QL22JgKPuzBHbhPo2221,,,,
0,0.2222222222222222,0.3608565330505371,0,29746uLZOTxxVUkngoUfAtI03924,,,,
0,0.0,0.5922994613647461,0,24911q_50dkgYzY3pVZJL3Sc1804,,,,
0,0.4444444444444445,0.14293169975280762,0,665rw55Ie4DPe0sqY77puig2963,,,,
0,0.0,0.11668753623962402,0,900Uh49Da025Lfl-NKMic6l2624,,,,
0,0.24242424242424246,0.4032425880432129,0,19755a5nBZxiYhO8aWU2MbW-2243,,,,
0,0.2222222222222222,0.2457435131072998,0,3004GygMUfp60E04HQswkbY53853,,,,
1,1.0,0.11069059371948242,0,592UDCpvvji8D0o4tbyHcVk134,,,,
0,0.0,0.22822070121765137,0,550jo6NqKN88LJy5XivwHWi259,,,,
0,0.07692307692307693,0.539025068283081,0,2108cT1EpZ4KVx-gQkxVCsU81485,,,,
0,0.0,0.24619126319885254,0,1489_LmzgmYgdCJhBmnZ8hvL2034,,,,
0,0.0,0.1540834903717041,0,2057ITnDGLVg5S2wqKJ__VIR1628,,,,
0,0.0,0.26152515411376953,0,558WnzWtR_n-6_l7FCPRBSg236,,,,
0,0.058823529411764705,0.7066690921783447,0,2204OiV3FwpDb5okA_ERACO-4085,,,,
0,0.12121212121212122,0.6350312232971191,0,1789NObn0laTBstP0EhadjV63454,,,,
0,0.5,0.15323734283447266,0,1533z2Yfjif7NuyxeBQgP_HF1939,,,,
0,0.5,0.14448332786560059,0,2068VZFhrfoQaF6_QqHBU8iB1598,,,,
1,1.0,0.10476016998291016,0,899hXr2vSRxP3sXDcstnm7f2627,,,,
0,0.0,0.14571094512939453,0,2173fu4XUTuowr7JXVT_qKR14163,,,,
0,0.14814814814814817,0.47882676124572754,0,2669bH2ksxtOtDv46cPVBE6i1054,,,,
0,0.3333333333333333,0.1598200798034668,0,987JCMK8qp1XiHG6fmq_sqJ440,,,,
0,0.23076923076923075,0.4279956817626953,0,1473IwZwglReS87tV2cQBA732060,,,,
0,0.12500000000000003,0.2976365089416504,0,2974B_C3BlFiCXVCIZTJwilo3925,,,,
0,0.13793103448275865,0.6363992691040039,0,13382oqMvOQePhgGm47Ig4iy856,,,,
0,0.0,0.35654115676879883,0,1366vMaTN6bH1mlTrIsQvDrD774,,,,
0,0.4,0.28127598762512207,0,2532QPzqtcjnJeRC9NxubnOq1697,,,,
0,0.08695652173913043,0.36587095260620117,0,13510pFXx2vFby05X2rDRJDH818,,,,
0,0.0,0.4149925708770752,0,2488UeDf5D4M1cp6aiddpWg11811,,,,
0,0.0,0.18686771392822266,0,1214Ok_4GK2IaQBQ79ypkNPy3115,,,,
0,0.09523809523809525,0.32216382026672363,0,1014qxjC6hnOZ4bPaoSmBsdF374,,,,
0,0.20689655172413793,0.5574080944061279,0,1179Ij6ixmYImDvTIyylli083218,,,,
0,0.25,0.2525899410247803,0,1577Tx9C-i93906ZHG2xsANm1297,,,,
0,0.0,0.27307915687561035,0,640Qn7zKz3a0K2CPVQ8ePuQ3032,,,,
0,0.23076923076923078,0.3467996120452881,0,19876rRq7_YjGKc8EGqs5MHC2225,,,,
0,0.0,0.7973124980926514,0,2569CxCo2aX4KFjjA2hi_lMj2452,,,,
0,0.0,0.6298377513885498,0,2529V89h3rXsLL-Bn_hU6PlI1708,,,,
0,0.125,0.5760281085968018,0,2435ycikQl9rkmIjh9_GR_8D3592,,,,
0,0.0,0.6349339485168457,0,1176w-tnctiph48cguCP6TLh3229,,,,
0,0.21739130434782608,0.7213237285614014,0,1946W3OXI0TdbwpADVOL3aMn2309,,,,
0,0.06666666666666667,0.12860441207885742,0,943kajWSnLrin3THXJG_d-e572,,,,
1,1.0,0.13551616668701172,0,1383YetDIx4cL2q9GHdVBJD-729,,,,
0,0.2727272727272727,0.31529998779296875,0,609XnbMzpiEKTX90WRPpJOt84,,,,
0,0.125,1.1503379344940186,0,1193C2qmrHktioGE48fbbu-L3176,,,,
1,1.0,0.12125921249389648,0,2956Otjt30tSP4HL0iirPKga3970,,,,
0,0.08333333333333333,0.5053391456604004,0,2111jmqUVcM8RCxkrmjvb0hZ1475,,,,
0,0.3333333333333333,0.3113555908203125,0,2053DCa4BLCC5EEQ8l7BVnnp1641,,,,
0,0.0,0.2800123691558838,0,1831tcPzTf490y--20TmCWYb3357,,,,
0,0.0,0.27637815475463867,0,2078W30r7PMtchtgZT05P_0F1567,,,,
0,0.1935483870967742,0.3702280521392822,0,2668AHxJtYWTzyrukwP1xRqK1058,,,,
0,0.0,0.1706688404083252,0,2235T3dDg5JzleG0wsFMwsrI4004,,,,
0,0.2,0.20642685890197754,0,1162WEg_WPImiRPmAPvN_wnE3046,,,,
0,0.4444444444444444,0.1807863712310791,0,1530v9JIqRhesvlWwvstOwUR1947,,,,
0,0.0,0.25952863693237305,0,21282Cr-35xm2wBqUSJkqXMj1427,,,,
0,0.0,0.32825446128845215,0,2133ia1657jfSMNoNsdF-A8e1410,,,,
0,0.0,0.31559133529663086,0,2114KZNekbM38CclfRRE-ywL1465,,,,
0,0.2222222222222222,0.23268699645996094,0,649GcmdYL3Emps2uVuhx-H43007,,,,
0,0.3333333333333333,0.27193570137023926,0,1503af8K_zL5CtKNHAHXkLFb2014,,,,
0,0.26086956521739135,0.34589481353759766,0,2631M_1rjE6k2YLouvowQoHJ2334,,,,
0,0.0,0.2323765754699707,0,13571OZrZVDhI2J41tg7Luts799,,,,
0,0.0,0.24342799186706543,0,1948sF2A90axDwVcHIOfnQu02302,,,,
0,0.11764705882352941,0.3517136573791504,0,1397uK17KbqMDLHfC2NAWiR6696,,,,
0,0.0,0.36794519424438477,0,2162sIzRzzGNPsYc1OfiUIPo4194,,,,
0,0.25806451612903225,0.5962920188903809,0,2519QxDbu-BKdCqq5I8jKsxd1736,,,,
0,0.4,0.13803911209106445,0,1140_G-tYCpmdE-Vgax33wA53329,,,,
0,0.20512820512820512,0.5180799961090088,0,1376fXJB349zgjyv_w4X0bXI749,,,,
0,0.0,0.21930432319641113,0,2539EoMAwcPqzS7vEDYb36052512,,,,
0,0.15384615384615383,0.44109106063842773,0,1415xOKyGuKnDwYbWfqm8DyH642,,,,
0,0.15384615384615385,0.3568243980407715,0,2657Omxhm5FyXyyp4pVdXx3Z1088,,,,
0,0.0,0.28130102157592773,0,1559OCcb7F7icUkYfeTFgLDJ1339,,,,
0,0.5,0.20007705688476562,0,2340-UH-PIG4sGreW8w-HZcs3781,,,,
0,0.0,0.9819321632385254,0,600suii1SM_U9v151qZEv7q108,,,,
0,0.0,0.40781068801879883,0,2224WT9qVEbYuJZkZlYlFqvu4039,,,,
0,0.0,0.2861933708190918,0,15115M-53_v3IHPgxyCKm4AQ1997,,,,
0,0.0,0.27660250663757324,0,20610DTWrltcqPvIP7325vbT1618,,,,
0,0.0,0.5298607349395752,0,2712b_7wo5wra85_-rQQk4ow934,,,,
0,0.2222222222222222,0.547119140625,0,719PmQpieO8CYor-psBwccz2829,,,,
0,0.037735849056603765,1.3086655139923096,0,956Prvd8MNNxoAkjTza4l1I531,,,,
0,0.1904761904761905,0.4510691165924072,0,991M6WF9u6tZAMeisG6gK8G426,,,,
0,0.28571428571428575,0.3436553478240967,0,2531wAQb5TOSCuVTwZGjz1rT1700,,,,
0,0.24,0.49457716941833496,0,26276wka1rfL0BiynIYM718e2346,,,,
0,0.0,0.4055161476135254,0,1357dHKRJVVa-pcJ70XOotOx801,,,,
0,0.18181818181818182,0.24996638298034668,0,701k_RQvhmFwArZx0ORLSmx2876,,,,
0,0.09302325581395349,0.6943118572235107,0,963hj2Qz6EQ6THhVWXKuc_U511,,,,
0,0.6666666666666666,0.14280271530151367,0,17839rNVzte3BRZvP4qWRMqo3466,,,,
0,0.0,0.24639463424682617,0,978MffUzw1E-fEffOOZYYot467,,,,
0,0.14285714285714288,0.32391953468322754,0,2386qMf0MKowAfp8GBBNMPlr3678,,,,
0,0.0909090909090909,0.4600796699523926,0,929dPT0tABWxMMojg5QUiX02541,,,,
0,0.2857142857142857,0.303422212600708,0,869yPJxiVsQSnIU0zG1C_9m2700,,,,
0,0.0,0.11571812629699707,0,2142esGir_4_h9voaRtDNIdz4245,,,,
0,0.09999999999999999,0.3082592487335205,0,2987jq09CSEi-lBZSSYtX9tj3892,,,,
0,0.0,0.3792228698730469,0,2126DJgUbSL5sAmvrHK4b6i71432,,,,
0,0.07407407407407406,1.135782241821289,0,2684Tsl9g-K98ihJB9COTF6d1010,,,,
0,0.0,0.4517364501953125,0,841hinfHVUUAR8bWXtEBCsQ2775,,,,
0,0.37037037037037035,0.5069141387939453,0,2666vJpSGujkwt27p7tp6O901063,,,,
0,0.25806451612903225,0.4702303409576416,0,625ZwZR45NRbfMFQ0oVKYjz41,,,,
0,0.2,0.2525789737701416,0,1156df4-3lXjk7sDVJcyLHlO3283,,,,
0,0.0,0.11771035194396973,0,843zyenQsDbdyEDKorOOEer2770,,,,
0,0.4,0.315868616104126,0,1035LFxawmqTFdvZQiUCxQ31310,,,,
0,0.25,0.37659549713134766,0,2355g1DEdj6BajInIdfN43xp3744,,,,
0,0.0,0.2921285629272461,0,2496BbugoKX7EuTf6XE9o7do1793,,,,
0,0.6,0.27640700340270996,0,1614cyIrQoaHS01cQ4YtB4rN1196,,,,
0,0.0,0.3605961799621582,0,2460wLS6NYxz86-N9QN0fiAS1872,,,,
0,0.0,0.12700796127319336,0,2013gpksQIp23gepFksmpqXj2187,,,,
0,0.4,0.26072025299072266,0,566fv5aDvtV7-Bv4hgl9TCy211,,,,
0,0.3,0.339275598526001,0,1006wNOvBdYdfzaE5bKwHMrj394,,,,
0,0.0,0.5244851112365723,0,2175Be6E_9waJICTPdXhoGc74157,,,,
0,0.0,0.29821324348449707,0,1555fIGxkCCrk6ibrb-al9xh1352,,,,
0,0.3,0.32587313652038574,0,2469md_5PBJjoEzHnxLNfP-31854,,,,
0,0.16666666666666666,0.2776451110839844,0,1594vbwJIaYnRKU4MTrVcD4P1249,,,,
0,0.29629629629629634,0.38849878311157227,0,2449Gc-t93zVR6Bjza9-brVc1897,,,,
0,0.0,0.24365496635437012,0,543NpNSndtBz1uxC9CuhODm281,,,,
0,0.08,0.35175490379333496,0,1025Ra_IZNvQuUI7Ec5aTeot340,,,,
0,0.16666666666666666,0.2786684036254883,0,2523I4nlHreDk5vBkSCH8RHq1725,,,,
0,0.14285714285714288,0.26508331298828125,0,1549ke6ypccQP3h0ZB6b7GCG1370,,,,
0,0.0,0.44214940071105957,0,2690j2wOUpSsJgKU08FvIZEg993,,,,
0,0.22222222222222218,0.2262437343597412,0,2080DF2p6ax3v1-aUbtGWT4O1561,,,,
0,0.0,0.15804553031921387,0,2209BDzn0SpuYmXdWVg9Z1Hy4071,,,,
0,0.0,0.20057082176208496,0,1419tOWt7I089hJ4HUoPR6EI631,,,,
0,0.2608695652173913,0.420565128326416,0,1628lnBbfe3Htrze2ai84nZb1159,,,,
0,0.0,0.3255290985107422,0,1576P214oupErvTP6090GMli1301,,,,
0,0.0,0.3281078338623047,0,1621kehREtB2jwFxfLSb5njd1178,,,,
0,0.0,0.2974720001220703,0,5532TWtKb03tsQH8Wep0CiY251,,,,
0,0.0,0.2317502498626709,0,1801zUHKaLWfFrE-EA8M3DOI3430,,,,
0,0.2222222222222222,0.24303150177001953,0,1578BMhD9BqceYI3i9rcq5zi1294,,,,
0,0.25,0.12224054336547852,0,948uYfQaDqdMCAYnSxY-SL1556,,,,
0,0.0,0.4009213447570801,0,1216-uAt0pBo8VUzVu7fmS2y3107,,,,
0,0.32,0.5849335193634033,0,949-8BF6fDFHRAnfe-2RE-l554,,,,
0,0.0,0.3045189380645752,0,2084KAYAsRFlZ71FWVieGtVO1551,,,,
0,0.0,0.22020745277404785,0,11409iwBcdcK7cw_g6zqHGJJ3331,,,,
0,0.2857142857142857,0.41513872146606445,0,2054dYaTbGXvuHEu9KAgglUa1638,,,,
0,0.15384615384615385,0.263016939163208,0,633AbrSc7FQvB59-3tSuvrL17,,,,
0,0.15384615384615383,0.2507956027984619,0,1448zBLLz7KDRP88dG5hhHYA2115,,,,
0,0.0,0.12075233459472656,0,1767VEuCAyUVu8RWl4oT_E163504,,,,
0,0.0,0.17840862274169922,0,2564AaK20GeV0Vbt9hLoucnT2462,,,,
0,0.0,0.4868631362915039,0,986wotq83gPK5H9RJCPZcUa442,,,,
0,0.08333333333333333,0.5305907726287842,0,22173K97KOlZYwLPP2yAPHFs4052,,,,
0,0.28571428571428575,0.2850608825683594,0,1491oI4TAF4mItNmtq538iaG2032,,,,
0,0.0,0.3386118412017822,0,26929qhEFKe0I4Mglt2Q49vv987,,,,
0,0.0,0.13274025917053223,0,2153vtkEwqa70V_8uUMng2Jv4215,,,,
0,0.14285714285714288,0.23261666297912598,0,1355DqKO8ByX-dB6SOPvmL5p806,,,,
0,0.08695652173913043,0.41285085678100586,0,1396fc8ojkJs9ZgQtwEceZFu697,,,,
0,0.06060606060606061,0.44793200492858887,0,2021myUwxcaJpraoFdHEJ6jp2172,,,,
0,0.13333333333333333,0.7150728702545166,0,1964IYccs9F9IcK39eAWE_OV2266,,,,
0,0.7058823529411765,0.28678274154663086,0,1760NxofyqAwNCoWrjcNMQrs3523,,,,
0,0.0,0.35945701599121094,0,182447yf5Kxgmkoq18WzZ-kB3378,,,,
0,0.0,0.2632131576538086,0,1756rsPxqBmo2fmiaq4y7pBo3537,,,,
0,0.049999999999999996,0.6615347862243652,0,26929qhEFKe0I4Mglt2Q49vv988,,,,
0,0.0,0.16413497924804688,0,1408oW7JLFkBO33d8TQf4N0l661,,,,
0,0.0,0.3487672805786133,0,726kYOF7b8VZTpJYpYpEvr-2810,,,,
0,0.23076923076923078,0.453000545501709,0,2600QfJIRcuIUzI4QlhhMFbN2394,,,,
0,0.08695652173913045,0.26067042350769043,0,2727JkYnxxl8d_jUsjzpRwXm892,,,,
0,0.0,0.18857645988464355,0,1752E5XokYRzRxCMWKU2kTp-3548,,,,
0,0.5,0.12375688552856445,0,9100HQlpvSt_OwVnpYpqMFu2595,,,,
0,0.27586206896551724,0.5048596858978271,0,24146Uu3KI3elnXv3Pgy3-sY3625,,,,
0,0.14814814814814814,0.5568749904632568,0,1763gJg7xSGSXczCwSQDvwfc3514,,,,
0,0.33333333333333337,0.29157137870788574,0,1459Gtt57D0AV39kKJE2bz4b2095,,,,
0,0.09523809523809525,0.3617093563079834,0,1811pukiof6PWRYXCXAxaVhv3407,,,,
0,0.15384615384615385,0.38500165939331055,0,1234GFGbCJaowYOFWcFznuUN3056,,,,
0,0.0,0.2647433280944824,0,662vdy4KyRsfU9fUc7gxaki2970,,,,
0,0.06666666666666667,0.4533085823059082,0,2195U05jz4berWp0PFCFx8lG4110,,,,
0,0.0,0.16795063018798828,0,1528gtejhc_4xiAJRnNQX5fY1950,,,,
0,0.0,0.4702751636505127,0,1152Rg3AUei-9moPZLj_2J3Y3295,,,,
0,0.0,0.2631564140319824,0,1180D8Sheg2RzZqhe6O4YQOs3215,,,,
0,0.0,0.19862008094787598,0,944L6KXmQVd7mhz2JgtDbJU567,,,,
0,0.0,0.5228972434997559,0,9567FV5fK_9tjWGUSOCiJM4533,,,,
0,0.0,0.522376537322998,0,557jlOGQ8cWQ5Q_as3HFgdb238,,,,
0,0.0,0.12851977348327637,0,2681RVH7HXkHR05ejdYsqsI41018,,,,
0,0.0,0.1423182487487793,0,961cuP3rfqgKJmh5Lu0AzVJ516,,,,
0,0.0930232558139535,0.6777851581573486,0,2383_zZGxCRJzjykFJNk3Fql3682,,,,
0,0.13333333333333333,0.33766746520996094,0,9933_mUxqp74zyG7yfPAiEX420,,,,
0,0.0,0.2770354747772217,0,177554ovP1_0ekekHhCRWFeh3487,,,,
0,0.11764705882352942,0.3653550148010254,0,2014_XSPnuBYuAskzekdUW9_2184,,,,
0,0.0,0.3725266456604004,0,22218q38c0YRb2JXvtSd0Nqf4045,,,,
0,0.11428571428571427,0.5826833248138428,0,1425XcsU_HbBgv8By-D6Z3Ra612,,,,
0,0.0,0.3551042079925537,0,1942N1BOxjfwa6jWGDsgWHG22316,,,,
0,0.0,0.14060401916503906,0,216056mnlRJWqGhoIzF9wyxO4200,,,,
0,0.09090909090909091,0.524439811706543,0,26748vEm6_JIFNnvzYBeYPv81041,,,,
0,0.19999999999999998,0.32634949684143066,0,561RShlPGzCfUPZQrUdWiIe226,,,,
0,0.0,0.3258321285247803,0,1999pCsU6o7Al1PsagdDjDms2208,,,,
0,0.0,0.2467665672302246,0,1360LxZ_Vrj1sZ5dYHaRGOd6792,,,,
0,0.0,0.3524174690246582,0,693O9x_DHPjJvDEqDaL5z3P2891,,,,
0,0.2,0.2954902648925781,0,2162Pp7-3-5tDfWWUPh7kkoP4192,,,,
0,0.0,0.14357757568359375,0,1406r0ltJ0ogZOEySbpwaMW3668,,,,
0,0.33333333333333337,0.22910070419311523,0,2454DywEFUk_89WopSOIo62c1889,,,,
0,0.0,0.8912167549133301,0,2597oOL_7CB6tThxfotDFYvs2400,,,,
0,0.0,0.4805893898010254,0,23795KyPYBugQHXet6Mhcn6k3688,,,,
0,0.0,0.268629789352417,0,550wrp-mp9TMdH2CqA5WYOK258,,,,
0,0.0,0.23824143409729004,0,680SoWSzZf-Vj7dvc7zwoPn2925,,,,
0,0.0,0.09542250633239746,0,631gfVFI_1P9ON_SQmft4dC23,,,,
0,0.0,0.29964709281921387,0,1485zXrCfbHH-0tedwW1xWx02040,,,,
0,0.0,0.32827043533325195,0,2508lmmHXbx9CbrIhCEGTMgz1762,,,,
0,0.5454545454545454,0.2634294033050537,0,29445EWHlsJVMIRKwumbCiCS3988,,,,
0,0.11764705882352941,0.4295651912689209,0,2355g1DEdj6BajInIdfN43xp3745,,,,
0,0.0,0.2647221088409424,0,2342uOJtHG5g2JYNe5z81tda3775,,,,
0,0.0,0.12995696067810059,0,1404ZQwoPjfIlqZtLexyMKrY674,,,,
1,1.0,0.1207878589630127,0,2100wZS8Veo6hc9TL1NaJSaL1506,,,,
0,0.14285714285714288,0.44772958755493164,0,598sQDpQ6KKddxnTnAMlHjr115,,,,
0,0.09090909090909091,0.4636855125427246,0,897zxAZ4U3r-Zh1DtjSiIVV2634,,,,
0,0.2857142857142857,0.2546689510345459,0,1976nFbvQGItJWwdL8HbiMOH2242,,,,
0,0.0,0.11282062530517578,0,878tqshp6q6ko3DcqZ6tS6C2678,,,,
0,0.19354838709677422,0.4283432960510254,0,563-2Ot_VAy9WLUHbhZEXOM219,,,,
0,0.28571428571428575,0.29929137229919434,0,1189K35XQ01jiETvv7rYOo0U3188,,,,
0,0.0,0.14470148086547852,0,1224Jb1mPpUJDQXOAhjg5Vzo3084,,,,
0,0.1818181818181818,0.23952507972717285,0,2146CMsypO-GlkGAyST9v2a-4234,,,,
0,0.0,0.2743494510650635,0,707rbJ8T66FV5pGZGyETeS02861,,,,
0,0.0,0.1380007266998291,0,648xsH7lylyZmqHM5Ja6ZG03010,,,,
0,0.2,0.36690402030944824,0,2042iP4Erd5NWbbUyNtHBaEc1672,,,,
0,0.0,0.4231126308441162,0,1543fk6_ZyKd7tjxsbc5mIjL1383,,,,
0,0.27272727272727276,0.4600105285644531,0,2338Lzhex2xkJZC3CWbYyT8B3782,,,,
0,0.11111111111111112,0.2569916248321533,0,668cWm_2tZEF2k08oPyz6iV2954,,,,
0,0.0,0.37014150619506836,0,2434KMUI0qQbxWvYC1q1ZqFT3594,,,,
0,0.6,0.19713234901428223,0,15278rOHAAwxs4q7s-hbQurx1953,,,,
0,0.0,0.15073823928833008,0,1448svVuYFDg3snhISg21wg52116,,,,
0,0.13043478260869568,0.6916000843048096,0,2208FuW7GAKFmCyvVin50esl4075,,,,
0,0.25,0.3609311580657959,0,2213gQhJ4zM5EYENYcGQHGTa4060,,,,
0,0.0,0.3134467601776123,0,2680JFom2C2m5B61Zmr5e-xw1023,,,,
0,0.3333333333333333,0.4715845584869385,0,99301Zg9cGHX9Gf1_cI5mfK422,,,,
0,0.21052631578947367,0.41887855529785156,0,1813DaTooZTJtMNx4CNYD2p73402,,,,
0,0.36363636363636365,0.29546332359313965,0,1423PX6sAYWhpQtqDkPXlwvJ619,,,,
0,0.19999999999999998,0.31743955612182617,0,1608Cjwz1f5MVloyXDrYtYD11216,,,,
0,0.3076923076923077,0.443936824798584,0,1469FeepfYJGM-RcHVUumiAM2073,,,,
0,0.0,0.5378034114837646,0,1417CvbtpTdNieUFK8V6Ekov636,,,,
0,0.11764705882352941,0.35873889923095703,0,2649-t0VK97BxI7xwcKTZLgQ1107,,,,
0,0.07692307692307693,1.194056510925293,0,2037vvaVvs2-z2aR3schUPE52139,,,,
0,0.06666666666666668,0.5673580169677734,0,2956c4WpDuj0SNG4mcpScOq33969,,,,
0,0.14814814814814817,0.571990966796875,0,2217SJQhtYv5R5TRR96GIUDz4054,,,,
0,0.07407407407407408,0.33930158615112305,0,9901bDIlgQKtM_dfl7Uf_OW431,,,,
0,0.0,0.2643435001373291,0,1531MPYKMgh40o6Ahyhf_CTe1945,,,,
0,0.5,0.1776130199432373,0,2721w4sXZ7mV6j4Zl36hHUHd911,,,,
0,0.13333333333333333,0.3983447551727295,0,554Juv49GDSnjvb85QJzKnH247,,,,
