exact_match,f1_score,time,step,dataset_id,hit_rate,hits,total_retrieved,expected_count,error
0,0.9090909090909091,6.431799650192261,1,629HsNl5Qf3THUq_CbmFrSx28,1.0,1,3,1,
0,0.15384615384615383,4.3436784744262695,1,2648F832Z8D-thJnrxy_ZoZ11111,0.0,0,3,1,
0,0,4.517196416854858,1,2561YDPNx6Nm5o6T0F-PGw-u2466,0.0,0,3,1,
0,0,4.429759740829468,1,1431C0_ORK0ta8pDX6H-1VOp596,0.0,0,3,1,
1,1.0,4.249534368515015,1,1234WIzl7ElikCCPk4gA-7ua3057,1.0,1,3,1,
0,0.28571428571428575,4.2980146408081055,1,580J0GQq9CMPFwuNoK_eRB4169,0.0,0,3,1,
0,0.0588235294117647,4.656490325927734,1,1008cPycwBnuEuEiZLC7k7LH387,0.0,0,3,1,
0,0.6666666666666666,4.252260684967041,1,2515HnCK6br3syHDxNhRpc8g1750,1.0,1,3,1,
0,0.5454545454545454,4.389104127883911,1,1423Rcv2EkrmFuIt2YeOnjUf618,1.0,1,3,1,
1,1.0,4.364520311355591,1,20485Fhf0JwIy4n0x3VB-lgO1653,1.0,1,3,1,
0,0.8636363636363636,4.854616165161133,1,845RUlmcCAkxZC2itV7MBh62763,1.0,1,3,1,
1,1.0,4.299177885055542,1,2469wKA4zFUFpbear2IzeeA21855,0.0,0,3,1,
0,0.5454545454545454,4.279950141906738,1,1440qne5M3TJkKmQ8UE97H1P2132,0.0,0,3,1,
1,1.0,5.296465158462524,1,1528MgNp15Yx30rPeZDqHZi11952,1.0,1,3,1,
1,1.0,4.047014236450195,1,23488dFrnyeZ5ef_I0UKSiz_3761,1.0,1,3,1,
0,0.8,4.051151752471924,1,1972yAEf1nBlvyHW4FzECBk52251,1.0,1,3,1,
0,0.25,4.204111099243164,1,1752E5XokYRzRxCMWKU2kTp-3547,0.0,0,3,1,
0,0,4.10593843460083,1,2574e_nCnMlZf6mrQzmO3LZo2447,0.0,0,3,1,
0,0,4.25725793838501,1,1235m-89f-L_U28rNQ1Twz073053,0.0,0,3,1,
0,0.29411764705882354,4.670468330383301,1,924h9Ft9SWd5mJ8NvTErCl72555,0.0,0,3,1,
0,0.13333333333333333,4.3413732051849365,1,1449K8ANCJR2kfhz2B8KAAgg2114,1.0,1,3,1,
0,0.27777777777777773,4.707256555557251,1,2563vdW9TuW9KxwiRSmdl72r2463,0.0,0,3,1,
1,1.0,4.167984962463379,1,9171SqPvS4Y9VVB9rn93Vi-2574,1.0,1,3,1,
0,0.3703703703703704,4.587285995483398,1,27065ZHgP-paSB5ljBAmKla_949,0.0,0,3,1,
1,1.0,4.11277174949646,1,542GY7OjClDyzNlztIK-dOQ282,0.0,0,3,1,
1,1.0,4.172785043716431,1,2135JNizCTqBzs-NkJ-0GhnT1406,1.0,1,3,1,
0,0,4.167864561080933,1,1021PPK-R-xW8kEi9x6y3ozh353,0.0,0,3,1,
0,0.25,4.51222038269043,1,2130h876xzkpp7t6b6OH4mTG1419,1.0,1,3,1,
0,0.2857142857142857,4.635393142700195,1,884P0H0QPSGbW5zK2GVDAY02661,1.0,1,3,1,
0,0.7000000000000001,4.492147922515869,1,1192qu70aQV6bzoD2MwG1aT83180,1.0,1,3,1,
0,0.47058823529411764,4.503253936767578,1,604BaVh8B5igEaFS0x8dDlu99,1.0,1,3,1,
0,0.4,5.822576284408569,1,2670fxp2HMG8cuSsty0VDUYi1051,1.0,1,3,1,
0,0.7200000000000001,4.286575078964233,1,22218q38c0YRb2JXvtSd0Nqf4044,1.0,1,3,1,
0,0.42857142857142855,4.278360605239868,1,2134Bi8K76FZoKK6ZdoHexNd1407,1.0,1,3,1,
1,1.0,4.013662576675415,1,2098lWBBQeFRw7WuODbVUvic1512,1.0,1,3,1,
0,0,4.351778268814087,1,899il7HMq79D4iA4PWEiSgJ2628,0.0,0,3,1,
0,0,4.196226119995117,1,9853WfA7vCWlhKLuNowxZf-444,0.0,0,3,1,
0,0.4444444444444444,4.614552736282349,1,1940j-y1Q_I1wO0_w4xuf2jC2322,1.0,1,3,1,
0,0.8,4.24735426902771,1,2577bEPb_E8k_8MS_cadZ9ua2441,1.0,1,3,1,
0,0,4.247523784637451,1,29828E9PeGsXkCgpy9f0lHoG3903,1.0,1,3,1,
1,1.0,4.276947021484375,1,3022nFZbMu1Zsnj63qPWfgCv3813,1.0,1,3,1,
1,1.0,4.177003383636475,1,609MyQ372LLBdo0DkE0M__Y85,1.0,1,3,1,
0,0.56,4.479328632354736,1,1012LN56E8ShPhOCoocbJrrp377,1.0,1,3,1,
0,0,4.559119939804077,1,2656m6atvpn0tFeC20KuCqnA1091,0.0,0,3,1,
1,1.0,4.095364570617676,1,1837DjnvLKs92-s8s-2bK5zI3340,1.0,1,3,1,
0,0.8571428571428571,4.400509595870972,1,994Sida6rlY6gttMLbmo18H294,1.0,1,3,1,
0,0,4.062171220779419,1,2972anHdG1TwBtQaRXhi-WEK3930,0.0,0,3,1,
0,0,4.2660017013549805,1,2543YTHVxq-ZfUQzgqYoJgvE2501,1.0,1,3,1,
1,1.0,4.111604452133179,1,2417mVau_Gooa9D5PxRnhLKg3623,0.0,0,3,1,
0,0.3846153846153846,4.543412923812866,1,2135XIpxKCXL8wqzaiLxmU9S1404,1.0,1,3,1,
0,0.6451612903225806,6.153173446655273,1,1941vdbzlN7oVltmEKX-YLNT2321,0.0,0,3,1,
1,1.0,4.0848822593688965,1,1172cnB3XirJLf2l_lj2h1NR3237,1.0,1,3,1,
0,0.6666666666666666,4.300024747848511,1,2090kIQgIF1t7Ra3IASVYGL71532,0.0,0,3,1,
0,0.9090909090909091,4.113194465637207,1,1202iIzasrTScRTbY9MqhVF43150,1.0,1,3,1,
1,1.0,4.110598564147949,1,2197JYHIBfWstcD9UKgGesaP4105,0.0,0,3,1,
0,0.3225806451612903,4.469160318374634,1,897WMI0gpuEb7GnEJyiH4Uz2633,1.0,1,3,1,
0,0.3636363636363636,4.3756103515625,1,1384F3UCzmVUDztYUe75gYZ8726,0.0,0,3,1,
0,0.36363636363636365,4.32228684425354,1,1378ks8fL5T0PZyVfKqdb0iq743,0.0,0,3,1,
0,0.3225806451612903,4.419565439224243,1,1595fYgFcFNnWFaGQLEXRtcJ1248,1.0,1,3,1,
1,1.0,4.2331459522247314,1,973l7OlPX7xTIwuKoPqSOF1480,1.0,1,3,1,
0,0.2857142857142857,4.252399444580078,1,2059qn2LY5Rgkc_lCxZvqig_1624,1.0,1,3,1,
0,0.6060606060606061,4.489873170852661,1,1350iEyQpgS8um8egWa2LDPk820,1.0,1,3,1,
0,0.7741935483870968,4.4953460693359375,1,2426OrIWlCMyEkLoqANXww1O3604,1.0,1,3,1,
0,0.4,4.224159479141235,1,1567OzoMV2H8D1C1oKf9kJ7U1317,1.0,1,3,1,
1,1.0,4.514915227890015,1,1157dystjMPwLIVRr1mKQuwa3280,1.0,1,3,1,
0,0.45161290322580644,4.566208362579346,1,27136dTeCLdMVvvOL507cvEc930,1.0,1,3,1,
0,0,4.5432493686676025,1,1365-1b52ot7eMMf3SsA9c4Y777,0.0,0,3,1,
0,0.2777777777777778,4.823241472244263,1,2236OY8HQU0L8c2zBLDDSfzl4002,1.0,1,3,1,
0,0.8,4.042405605316162,1,1173TY1U9F1eZjiUDJuXEvfX3233,1.0,1,3,1,
0,0,6.153366327285767,1,2475BHL2tV9VUQb2nFxwGP0p1839,0.0,0,3,1,
0,0.8571428571428571,4.006802082061768,1,2499V-2FlPo6WVsoWpisdH6C1783,0.0,0,3,1,
0,0.07407407407407407,4.64416241645813,1,3018ir8K9UU-cmqq5IQcmz7l3820,0.0,0,3,1,
0,0.5263157894736842,4.192005634307861,1,2646G7TOcWUmw6OMJGvjmnOd1116,0.0,0,3,1,
0,0.5,4.0615761280059814,1,628A_ztdoD85Pm7Hd6Uv2TF31,1.0,1,3,1,
1,1.0,4.1545586585998535,1,2548jWUEsutIJk1cbqN2tPM12494,1.0,1,3,1,
0,0.6666666666666666,4.058356761932373,1,840n8TOnpwIHl-qkgddBBUV2778,1.0,1,3,1,
0,0.5294117647058824,4.4512903690338135,1,1979k__dYe4eh0JcWo4LS3y02238,1.0,1,3,1,
0,0.08,4.202509880065918,1,730-sg8DQC7Q6MNsKvBhO3l2801,0.0,0,3,1,
1,1.0,4.247467041015625,1,2411q8v30VrYGF_YwZ3xRDOD3629,1.0,1,3,1,
1,1.0,4.175049781799316,1,1537GkZcUo3TOHP-viuoWNt-1927,1.0,1,3,1,
0,0,4.964897394180298,1,2062pqfFSy4vUpvOqO0esuQx1613,0.0,0,3,1,
0,0.3333333333333333,4.237480163574219,1,717GIQkXVVB0r9TgF9XjTKs2834,1.0,1,3,1,
0,0.8571428571428571,4.080568790435791,1,2497_yB250Kp0G5hx_qYaSQz1789,1.0,1,3,1,
0,0.8,4.255734920501709,1,1532_kh1mDAMXkYl6yf_Pv1J1940,1.0,1,3,1,
0,0.5,4.267894506454468,1,2080wcuzvVTZwQpYTe_xQ8731560,0.0,0,3,1,
0,0.65,4.44732141494751,1,2562mR0gHty9fugk4dVk181r2464,1.0,1,3,1,
1,1.0,4.284678220748901,1,1208ZxTFiASsvA8kMOYqhRyK3132,0.0,0,3,1,
0,0.6666666666666666,4.079898118972778,1,904jIjVFDOK0pRjFHCWbvJn2614,0.0,0,3,1,
0,0.35000000000000003,6.203347206115723,1,2664AqK615zaJ_528hvbvtPb1071,0.0,0,3,1,
1,1.0,4.151038408279419,1,2169wN0winsrY_i_g0bAhQG-4173,0.0,0,3,1,
1,1.0,4.117518901824951,1,2972A0AdM2WI3crvQdFxrqCd3928,1.0,1,3,1,
0,0.6666666666666667,4.094657897949219,1,2173fu4XUTuowr7JXVT_qKR14162,0.0,0,3,1,
1,1.0,4.045544385910034,1,1194VOJh4dS-MXoenYLMn-a13174,1.0,1,3,1,
0,0,4.257817506790161,1,2344eMszMywnP_KtAXxgyVLS3770,1.0,1,3,1,
1,1.0,4.2436230182647705,1,2202VQfjd1RqAXVO4ucrNNUA4091,1.0,1,3,1,
0,0.10526315789473684,4.637495040893555,1,601ThCJk5zYjSXGup71iHM5105,1.0,1,3,1,
0,0.6956521739130435,4.429623365402222,1,2219TDRURokHX0rVp0aN741O4049,1.0,1,3,1,
1,1.0,4.153797388076782,1,652EU8b_0799Xp7ZExvB6D12996,1.0,1,3,1,
1,1.0,4.212171316146851,1,596zM0R2OmIzgkB1SbT2GQk122,1.0,1,3,1,
0,0.30434782608695654,4.692753314971924,1,2628284lX5xJUbHwtCr3OcHt2341,1.0,1,3,1,
0,0.5833333333333334,4.601596117019653,1,1464zJl2AsUmWqzyQ5UMyZIu2084,0.0,0,3,1,
0,0,4.3661017417907715,1,2119fyRyssk_Wje72wdKEvRB1450,0.0,0,3,1,
0,0.15384615384615385,4.565020799636841,1,2011BmOhqTJO6XDvfA1PRl622189,1.0,1,3,1,
0,0.8,4.15094518661499,1,1143y4HvMRUYirASrnijdFdG3320,0.0,0,3,1,
0,0,4.086033344268799,1,11609Jmtcj6mL4_qZoKMrsvu3271,1.0,1,3,1,
0,0.1,4.50119948387146,1,2512lEhovFhT11eis4TwjWj61755,0.0,0,3,1,
0,0.28571428571428575,4.466794729232788,1,10219JfXeEWLn2dqWpvyeBX-351,0.0,0,3,1,
0,0.5,5.983804225921631,1,591ltVD7_6Ehvx3qb3tWALB135,0.0,0,3,1,
0,0,4.365084171295166,1,991UJ4U1LRmAW5-f92M6LsY428,0.0,0,3,1,
0,0.33333333333333337,4.221766471862793,1,1827dyfhitJTrUGC7j5L4f793368,1.0,1,3,1,
1,1.0,4.0945658683776855,1,25901E2zSJQfs-GE-OfTyHNi2415,1.0,1,3,1,
0,0.2222222222222222,4.161085605621338,1,2390BO24hCThZGRINh8VZEwX3669,1.0,1,3,1,
0,0.8,4.2124927043914795,1,862Cr4hD-1x_y9yIeSe1h542712,1.0,1,3,1,
0,0.8085106382978724,4.787487983703613,1,919Uw0PTYP2s2ybeSXUEbBL2567,0.0,0,3,1,
1,1.0,4.356969594955444,1,26420KhWf9GaN3cEHDl39Qxn1125,1.0,1,3,1,
1,1.0,4.701557397842407,1,2999clBojzrphxraymsqv1j23864,1.0,1,3,1,
0,0.33333333333333337,4.262033939361572,1,2153UUzYIXrndLZzzxsDO5Gh4216,1.0,1,3,1,
0,0,4.379100561141968,1,1603mLkIXwPW7Y21tE83oCqe1229,0.0,0,3,1,
1,1.0,4.272773742675781,1,1177mo9QxepXvRmIEbov-3wB3225,1.0,1,3,1,
1,1.0,4.465845584869385,1,2163prpiVkHoWAkyQR6_xuQb4190,1.0,1,3,1,
0,0,4.2237584590911865,1,1224ZpkYHN34yzQX3zAz1Drn3083,0.0,0,3,1,
0,0.8,4.1907453536987305,1,3017aHeDCc1uLRI2rnBry2uw3823,1.0,1,3,1,
1,1.0,4.195630311965942,1,25185MAzxodWaNF6paGbye9m1739,1.0,1,3,1,
1,1.0,4.177151203155518,1,1775dGCKacaEaf4vXnKBh4Rd3489,1.0,1,3,1,
1,1.0,33.70477533340454,1,1971wAtIPOivQQGrt9-QMXKx2252,1.0,1,3,1,
0,0.5,4.139114618301392,1,1540XOXCHVXRJvkaumygGWEP1392,0.0,0,3,1,
0,0,6.0018815994262695,1,1018RR7R37EFe6-6a8ByqX6L362,0.0,0,3,1,
0,0,4.191082000732422,1,1581m_4FT3wjNv2nkp7_WsVw1287,0.0,0,3,1,
0,0.7999999999999999,4.133106470108032,1,92118qkl9UIQgFwOHU-Q5hF2561,1.0,1,3,1,
0,0.2105263157894737,4.487404108047485,1,1807ETR83rfS--7HO_UVPZIY3419,1.0,1,3,1,
0,0,4.107133388519287,1,9022NBdayPGc6_3kCdKoIiQ2620,0.0,0,3,1,
1,1.0,4.37093448638916,1,18135ObI1qm9GGBQEi88mvkH3404,1.0,1,3,1,
0,0,4.272965669631958,1,14135nOR58ZI6lSglpLLKJLs648,0.0,0,3,1,
0,0.5555555555555556,4.421723127365112,1,1221TiO8JJQ-vOfSQxVla7zq3093,1.0,1,3,1,
0,0.4,4.40090274810791,1,684byYz4orMrh60-Fxhgy3n2915,1.0,1,3,1,
0,0.6419753086419752,4.759950876235962,1,2586yn1AwEdGYBYrySuVMaKy2424,1.0,1,3,1,
0,0.48275862068965514,4.592629909515381,1,629HsNl5Qf3THUq_CbmFrSx29,1.0,1,3,1,
0,0,4.192227125167847,1,723ytGpHPbjoavIcmlhSSPx2819,0.0,0,3,1,
0,0.16,4.492860794067383,1,2713hk0M98quNxBe6DeLFCcS931,0.0,0,3,1,
0,0.6666666666666666,4.224902629852295,1,1469nqp1NXhfX10HhPcrdOO62071,0.0,0,3,1,
0,0.6086956521739131,4.402318954467773,1,2230tSU7QgNiYBltnZLJbQC34019,1.0,1,3,1,
0,0.2857142857142857,4.224381685256958,1,2595p6qxVIXlogFl1fTrX8fj2403,1.0,1,3,1,
0,0,4.201388359069824,1,1191W0USQS58Z6BFE4WkQ-h53184,0.0,0,3,1,
0,0.2222222222222222,4.290917634963989,1,2651W9hIkNcmdRVAlG6zUyLS1104,0.0,0,3,1,
0,0.2222222222222222,4.796054840087891,1,653EYaIRqmXIngKYek45pE52994,0.0,0,3,1,
1,1.0,5.920297622680664,1,918WklZmO3jLsn_Z70OZLWg2572,1.0,1,3,1,
0,0.33333333333333337,4.254152059555054,1,614qvZZNRxxpBg3ucW1nsPI74,1.0,1,3,1,
0,0.8421052631578948,4.118537425994873,1,1968sByqQLQlZjFcJMPFrHff2258,1.0,1,3,1,
1,1.0,4.295923948287964,1,686OvLyPUvXUe5IOzEyV6ef2909,0.0,0,3,1,
1,1.0,4.119753360748291,1,1461b77FDHPFXFe4yi5Nhcwr2091,1.0,1,3,1,
0,0.25,4.482020616531372,1,27240PkmgWqz5j9_Fq0dxZCZ901,0.0,0,3,1,
1,1.0,4.2174601554870605,1,1586xdhd1pR6S0dzxj9ovgft1274,1.0,1,3,1,
0,0.6666666666666666,4.240805149078369,1,564nvWBMTyMNmhonDBcxkha218,0.0,0,3,1,
0,0,4.251824378967285,1,2540fNbixvF2zJt8p9UgqNRm2509,0.0,0,3,1,
1,1.0,4.152516603469849,1,19576albE3jQTwnzltPL9x4p2283,0.0,0,3,1,
1,1.0,4.359985589981079,1,844px1jLdiF9yixa41UdsW72765,1.0,1,3,1,
0,0.5714285714285715,4.5260231494903564,1,1438GBcsCGsIXBK4Ri5BDA7-2136,0.0,0,3,1,
0,0.3,4.439706325531006,1,1626CdTndjDZja_pRT6QKy_T1162,1.0,1,3,1,
0,0,4.247616291046143,1,2377P4XI1eWxdwx2SZ4FBFGz3694,0.0,0,3,1,
0,0.3,4.414317607879639,1,1237-igIa0nSFzHyYKR3NSy73049,1.0,1,3,1,
0,0.8571428571428571,4.766474723815918,1,26841mPx1AI7j2kbUYe2rpkX1009,1.0,1,3,1,
0,0.7222222222222222,4.407235860824585,1,2651TkmXlqXOnvvNj8XwRj8y1102,1.0,1,3,1,
0,0.1739130434782609,5.122482061386108,1,2515f1PtJHMiB1tlaUewaK_M1748,0.0,0,3,1,
1,1.0,5.9512107372283936,1,2074N9UKFJMXP9zlp3kGmFLm1578,1.0,1,3,1,
0,0.45454545454545453,4.346502304077148,1,2737g-gZdm-sJQvvj93e0dsn862,1.0,1,3,1,
0,0.18181818181818182,4.39422869682312,1,1209gLLe3Hw31X00Jkrt9Bb-3130,0.0,0,3,1,
0,0.3333333333333333,4.107085227966309,1,20271DZtHLqghVOFTovejUu02159,0.0,0,3,1,
0,0.8148148148148148,4.531930923461914,1,1367qqQx_HJpwlvPVKeAf79c771,0.0,0,3,1,
0,0.41666666666666663,4.469395875930786,1,1180si0MHWiDkF_QSrRg3Bmr3217,0.0,0,3,1,
1,1.0,4.097485065460205,1,1755k6OhZV2tgTLoY1YA0e3q3540,1.0,1,3,1,
0,0.47058823529411764,4.497193336486816,1,29911GwDefKvNAdit4U50-4e3883,0.0,0,3,1,
0,0.4000000000000001,4.122789621353149,1,1150Z77lGncZI7Zrk-xbjId83299,0.0,0,3,1,
0,0.3529411764705882,4.396169662475586,1,2216CR-IgtZy4-rBrWwtf5Q84055,1.0,1,3,1,
0,0.25,4.212373495101929,1,3032TZQwiPvD5YTjwyIxVD573795,1.0,1,3,1,
1,1.0,4.250741481781006,1,1031ZvlfbMyu93rSJ9xhYFCe322,1.0,1,3,1,
0,0.48,4.258690357208252,1,953eF6SuRKllGSbKQ3CTK_8542,1.0,1,3,1,
0,0.2,4.236276626586914,1,1503-OeysybldRIrK-6Seqce2015,0.0,0,3,1,
0,0.10256410256410257,4.762608289718628,1,1418rlNVb_RqqdBIh4q8Vz-O632,0.0,0,3,1,
0,0.8,4.193892240524292,1,2697v70pWXgc-DSg0veQwf_g972,1.0,1,3,1,
0,0.888888888888889,4.44485878944397,1,2950gZ4P4mJPFr8zvaCPmgqF3984,1.0,1,3,1,
0,0.09090909090909091,4.393070459365845,1,1015sbzrzzKt2hHlSyEz_8ol371,0.0,0,3,1,
0,0.5882352941176471,4.336363077163696,1,20643waArPwERgCSx-Mi5aTq1607,1.0,1,3,1,
0,0.6111111111111112,6.105691194534302,1,25839ctSBP_9ircmR2x3MPam2429,1.0,1,3,1,
1,1.0,4.087366342544556,1,2109wDBr_5DTMGUIMawARy5V1481,0.0,0,3,1,
0,0.09090909090909091,4.2639312744140625,1,667rAHXuSUPsljQVxvIq2TT2958,1.0,1,3,1,
0,0.5454545454545454,4.350650072097778,1,1614T5V_kcqugUnyUVwnMyhs1198,1.0,1,3,1,
1,1.0,4.3361496925354,1,2654TNySW8MZLcGuEXDIeHmv1096,0.0,0,3,1,
0,0.7826086956521738,4.202026844024658,1,1167rHEYHtG_H7cMU-f8Fs4k3253,1.0,1,3,1,
0,0,4.109280347824097,1,1802TzfzNhOqk3YbRW3ibRGt3428,1.0,1,3,1,
0,0.33333333333333337,4.41897177696228,1,1760mDs0p3IiDjSQHOt_UjsF3525,1.0,1,3,1,
1,1.0,4.045742034912109,1,587v2MlTNxLZ2PTLUM4FwNM149,1.0,1,3,1,
0,0.6,4.323260545730591,1,5926oxnr604obAEPlUV9uIf132,1.0,1,3,1,
1,1.0,4.132535219192505,1,869tyTpa9rKUcCPdLKs8WYm2699,1.0,1,3,1,
1,1.0,4.443323612213135,1,1151NblPUqOQyrZMMFg2dGYZ3296,0.0,0,3,1,
0,0,4.470479965209961,1,1403de07gs-9JpPhLkY3NXmx677,0.0,0,3,1,
0,0.6666666666666666,4.229028224945068,1,1399HAUAi3igcRp4kaiXBS34689,0.0,0,3,1,
0,0.5555555555555556,4.398707866668701,1,1765lhaAmt-FyNdNGZEF0ee43508,1.0,1,3,1,
0,0.22222222222222224,4.151594400405884,1,2976EFlvgTQmMUjN_0Qwuu1-3920,0.0,0,3,1,
0,0.8,4.32452654838562,1,911iSktzCosrhYPrDiybAu12591,1.0,1,3,1,
0,0.33333333333333337,4.22700309753418,1,1758C1ntGFo_J3b9Gru82Z393529,1.0,1,3,1,
1,1.0,4.207430839538574,1,25682UMH_dlMC7fYSOKwycid2456,1.0,1,3,1,
1,1.0,5.823753595352173,1,1615r-Z6NuO6cx_SWYHnunxF1194,1.0,1,3,1,
1,1.0,4.0340423583984375,1,1446B3blpnHraasPEB4_1HUF2121,1.0,1,3,1,
0,0,4.234746217727661,1,1139_-7833hNxUF5gGfQFr7N3334,0.0,0,3,1,
1,1.0,4.128940582275391,1,1568HYHlm_FxJX3M17z-eEGK1314,1.0,1,3,1,
0,0.08333333333333333,4.577289581298828,1,994GU89OGfkUkf_KwQ-KrNe296,0.0,0,3,1,
0,0,4.505069255828857,1,11881tCMe4yHOSjaL320WzSI3193,0.0,0,3,1,
0,0.23529411764705882,4.378271579742432,1,2056cqUJwSrh1iUBnuLscYVW1632,1.0,1,3,1,
1,1.0,4.190341949462891,1,1175f68nWVOs5WY82yUFRvj63231,1.0,1,3,1,
0,0.5,4.266399145126343,1,2500VYxWOcV0dcNe7upA2FXu1780,0.0,0,3,1,
0,0.3333333333333333,5.073474168777466,1,1401Qipsx6VOk5VqTYL6uR-s682,0.0,0,3,1,
0,0.7058823529411764,4.336958646774292,1,581eQPPkrKHcN8_8Sw_9yqc167,1.0,1,3,1,
0,0.12121212121212122,4.542222023010254,1,1412dyjyK86xUjhTPTG2x3S7651,0.0,0,3,1,
1,1.0,4.383161306381226,1,2144tPw0o0rfWHjrb2BilKfa4239,1.0,1,3,1,
1,1.0,4.1120123863220215,1,17575vjW6q5vpBlTdRADa0J73534,1.0,1,3,1,
0,0,4.432998418807983,1,1020SC6hZKqsbIYDzkH4Cli3355,0.0,0,3,1,
0,0.16216216216216217,5.017208814620972,1,2648F832Z8D-thJnrxy_ZoZ11112,0.0,0,3,1,
0,0,4.407294511795044,1,1403iGcCDPPITOn08forKH9T676,1.0,1,3,1,
1,1.0,4.342148780822754,1,1800AHEt4m27Eec8QRYN8CrP3433,1.0,1,3,1,
0,0.4,4.585233688354492,1,20726paThEg6FmxDxiNte-9n1586,1.0,1,3,1,
1,1.0,6.05693244934082,1,1829Io4ow-6WaOGk3uMLY2EE3363,0.0,0,3,1,
0,0,4.851191520690918,1,857c6PNb74Vi_KeHh7wTR9E2726,0.0,0,3,1,
0,0.4,4.270639896392822,1,1575DDvSq8Z-ZcD7dwOi7PcQ1303,0.0,0,3,1,
0,0,4.4104063510894775,1,20751yhuHsp4GA5IYz4deJsk1576,0.0,0,3,1,
1,1.0,4.0682213306427,1,2733OPDIO_m0GnjeKLl0Pb0x873,0.0,0,3,1,
0,0.5,4.23275089263916,1,1770rj6GQbTCC5Whkc2stQVr3496,1.0,1,3,1,
0,0.9333333333333333,4.215903282165527,1,2986JvbXNLo81zp2QsLN9R-o3895,1.0,1,3,1,
0,0,4.526715278625488,1,1586CJRbcCFLoT3hGLQI9g7U1272,0.0,0,3,1,
0,0,4.299921751022339,1,912P2qVUbgYW9BjbKDrE9DY2588,1.0,1,3,1,
0,0.6666666666666666,4.545891761779785,1,2071kHxLVZsdxtm6xVPXQcML1588,1.0,1,3,1,
0,0.6666666666666666,4.355822801589966,1,943kajWSnLrin3THXJG_d-e571,0.0,0,3,1,
0,0.08695652173913043,4.545756816864014,1,1627y16BUwp_39IprpSx206Q1161,0.0,0,3,1,
0,0.923076923076923,4.3745644092559814,1,2139yDUqrN6ktYr0XYmUtrhj4252,1.0,1,3,1,
1,1.0,4.093578338623047,1,1517RRHHjHDzsegVV1oTrpCQ1979,1.0,1,3,1,
1,1.0,4.262476921081543,1,21820nOi_DCT5VotWdfluLli4138,1.0,1,3,1,
0,0.6956521739130436,4.420357942581177,1,595-NWtNX9EUYMxcBWtvCsv123,1.0,1,3,1,
0,0.5,4.3058929443359375,1,2116GnMpkWhh1tl84u7kz-JS1461,0.0,0,3,1,
0,0,4.55374813079834,1,1159_3BLEoNo6JC3PQD3lhm_3273,0.0,0,3,1,
1,1.0,4.231565475463867,1,935AXiIOoqPxpPpzzvR8YS22525,1.0,1,3,1,
0,0.5,6.0025739669799805,1,1791pNJzKyWbh6wW0KOK91ow3451,1.0,1,3,1,
0,0,4.381450891494751,1,2168J5OIY9_0JcjpUFtF-s8j4177,0.0,0,3,1,
0,0.7692307692307692,4.218428611755371,1,25281rkigYqmVnXZVKIo__6C1709,0.0,0,3,1,
0,0.15384615384615383,4.399008512496948,1,2226L8d66ouJEV1RUNRdzzwj4033,0.0,0,3,1,
0,0.5714285714285715,4.1512532234191895,1,1478KTXepjZroExsv6FHaVuM2052,0.0,0,3,1,
1,1.0,4.279041767120361,1,2079-LyObLxGymHC2hBqr_KO1565,0.0,0,3,1,
0,0.33333333333333337,4.299283742904663,1,2627_Kfp2WhutNlCFnT50sG02344,1.0,1,3,1,
0,0.4444444444444444,4.409181594848633,1,2508GyO7kZECUGQ3Ln8manrq1764,1.0,1,3,1,
0,0.4,4.281235456466675,1,1577OEbmLnj5geKIc3Ms5Gtk1299,0.0,0,3,1,
0,0.75,4.131130933761597,1,854G5_8fmgOx2wqp3G98Wbo2736,0.0,0,3,1,
0,0.2962962962962963,4.580377101898193,1,1741gH8j8vwlFA4b6EQ4n5w73579,1.0,1,3,1,
0,0.06666666666666667,4.5549187660217285,1,2366jzVcXSo7q0dr6-Gz67u-3719,0.0,0,3,1,
0,0.8571428571428571,4.271579265594482,1,26727Yse7GsoM0NaNss8TBWk1046,1.0,1,3,1,
0,0.2857142857142857,4.234740257263184,1,549BWLdJQ30ytdTBb1ltl63261,1.0,1,3,1,
0,0.6976744186046512,4.499670505523682,1,1194TLkUeN2s1pmz3z-LhQdx3173,0.0,0,3,1,
1,1.0,4.335509538650513,1,24419ElQ6t4Xid93KqYjJXMT1915,1.0,1,3,1,
1,1.0,4.15259861946106,1,2723xU3JSCsI93Jmzi12bo8-905,1.0,1,3,1,
1,1.0,4.338872909545898,1,2980C0U4pvUngKDisOcpNW3q3908,1.0,1,3,1,
0,0.7058823529411764,4.583112716674805,1,1363vktTqXoQ53guY-ds-40F783,1.0,1,3,1,
0,0.6153846153846153,6.246157884597778,1,1405G7xAi6FNLYm6fgeOs5Bj672,1.0,1,3,1,
0,0.8,4.064401626586914,1,661euljLSpbfTSc_6HtuXCq2973,1.0,1,3,1,
0,0.125,4.111745357513428,1,733ro10P8E_CfDSYgZ9bqof2793,0.0,0,3,1,
0,0.2857142857142857,4.2963409423828125,1,1427BI8NYRszEev_FCnoHfQp607,0.0,0,3,1,
1,1.0,4.185254335403442,1,19697DTaaASi89oMV51KpEk02257,1.0,1,3,1,
1,1.0,4.223621845245361,1,2997uuJN0Yt55vdTFyk9kAUA3869,0.0,0,3,1,
0,0.6666666666666667,4.455495834350586,1,986iCUMSxEyOTfVrShe7r8X441,0.0,0,3,1,
0,0.5714285714285715,4.53942608833313,1,1215415v_BmzwkNXDE-6MKs73112,0.0,0,3,1,
0,0,4.613264560699463,1,636bdCEp-ei65RvphUV5kzu7,0.0,0,3,1,
0,0,4.325357913970947,1,1563xPRXXjjPfuYHto6gKMoW1328,0.0,0,3,1,
0,0.3703703703703704,4.46389365196228,1,2418I5yqyRb98QY4tLtXIn9_3620,1.0,1,3,1,
0,0.23529411764705882,4.5651209354400635,1,5725iP5Tzyy4gxehcn9t4TM194,1.0,1,3,1,
0,0.11764705882352941,4.581310749053955,1,2957RON0RMexHAq6R8NDth-G3967,0.0,0,3,1,
0,0.6,4.239007472991943,1,1603faGMdBUg02YqijMJnA3w1231,1.0,1,3,1,
1,1.0,4.092315196990967,1,2663WQsor3o4Lewe9Mg8roUm1072,0.0,0,3,1,
0,0.5,5.057087421417236,1,2366D8Jn50ErgQhZUhWNbxoM3718,0.0,0,3,1,
0,0.6666666666666666,4.4025633335113525,1,2362OelwhQFGW2uASOC1uIZ-3729,0.0,0,3,1,
0,0.8571428571428571,4.359634876251221,1,2378sHxPf01TWhBuenSHMJyp3692,1.0,1,3,1,
0,0.2222222222222222,4.515202522277832,1,2941qGbMTO0mozvc2N-D8Ll13995,1.0,1,3,1,
1,1.0,6.179866075515747,1,1773wQV9nuZZSk8BnMoB0VXa3492,1.0,1,3,1,
0,0,4.916898250579834,1,2572QIeAiUrm-El8uQMnoPL52451,0.0,0,3,1,
1,1.0,4.062065124511719,1,1149B_z0nE_Bw4gpJMErDvZF3303,1.0,1,3,1,
0,0.6829268292682927,4.489108085632324,1,953rhbVAxIUmfTtDbVTDP6l540,1.0,1,3,1,
0,0.5454545454545454,4.200037717819214,1,1833mBAvNL7f3ZCmej5PwbdX3351,1.0,1,3,1,
0,0,4.5477495193481445,1,21295BHq9T-LJZqpw1jzVi4C1424,0.0,0,3,1,
0,0.5,4.490054130554199,1,2456mSRZvgWGRhYDDkRPL2f41883,1.0,1,3,1,
1,1.0,4.151338577270508,1,1429iK5AeBnwtcbLHrY4SztI602,0.0,0,3,1,
1,1.0,4.30577826499939,1,1768-UuFG072H5O8Xrou6GUN3501,1.0,1,3,1,
0,0.8,4.139271020889282,1,1613_GNhprlpdle_vZoOR-qp1201,0.0,0,3,1,
0,0,4.208034038543701,1,1217VUulWWjfmhhB_SRnAH2c3105,0.0,0,3,1,
0,0.7692307692307693,4.268007755279541,1,2665gofGzsBk2vSGVSEDt1Hi1067,1.0,1,3,1,
1,1.0,4.059702157974243,1,2593NhMXH8FIz_rRIuHg7cJ32408,1.0,1,3,1,
0,0.0975609756097561,4.798935651779175,1,549rMq_bIS44jvhpB0uKShr263,0.0,0,3,1,
0,0,4.5742292404174805,1,2114PF_Hzr-w95B50r8JycTn1467,0.0,0,3,1,
0,0.5,4.347449779510498,1,3035KzumWKyVeC8_TMoA2sVR3792,1.0,1,3,1,
1,1.0,4.210632801055908,1,3022nFZbMu1Zsnj63qPWfgCv3814,1.0,1,3,1,
0,0.358974358974359,4.677238941192627,1,2716YlsdHqDkaN4VKLmk5cAm922,1.0,1,3,1,
0,0.5,6.013206481933594,1,8917xVQ8kbdXQaSDsHSDF5C2653,1.0,1,3,1,
0,0.8,4.068213939666748,1,2060X2wuRhZlsLWO7ahOjJyR1621,1.0,1,3,1,
1,1.0,4.306098222732544,1,976pJTD9ppLr0BqWc-99UZT471,0.0,0,3,1,
0,0.8333333333333333,4.14742374420166,1,1033Dt_nnXnaknyIGfmAyPvx317,0.0,0,3,1,
1,1.0,4.191776990890503,1,1446B3blpnHraasPEB4_1HUF2120,0.0,0,3,1,
0,0.8571428571428571,4.182150363922119,1,1557tNbqGVV_I5649rcUhKBN1347,0.0,0,3,1,
1,1.0,4.194347143173218,1,2052CjMDg4rKssIF2dZJmzem1645,1.0,1,3,1,
0,0,4.9016501903533936,1,2543Ssn0fF-rADMovcLk6Vwk2503,0.0,0,3,1,
1,1.0,4.213961124420166,1,1811paAxUvt29OX8E8chhsNQ3409,1.0,1,3,1,
0,0,4.334683418273926,1,1503-OeysybldRIrK-6Seqce2016,0.0,0,3,1,
0,0,4.35671854019165,1,20657PQBSzcpWa-mLkUYkxUD1604,0.0,0,3,1,
1,1.0,4.319509983062744,1,1350m8tnshnQY1-SX1xaVUVD821,1.0,1,3,1,
0,0.75,4.162835121154785,1,627l2qkb84k2Ux6pDSBPEUl33,0.0,0,3,1,
0,0.4210526315789474,4.292447805404663,1,1206-NComMUlTR08rjYYkt_A3137,0.0,0,3,1,
0,0.6666666666666666,4.1744163036346436,1,1809bhj4Kq1QgmejP4IfyOPD3415,1.0,1,3,1,
0,0.5517241379310346,4.678176403045654,1,2126BGCK5LuPavsOvc_pxZVc1431,0.0,0,3,1,
0,0,4.392777442932129,1,260778F0v0DAsxDp5cLyPs1O2374,0.0,0,3,1,
0,0.46153846153846156,4.524483919143677,1,1437XgTDWPD8li99iYDMCw0B585,0.0,0,3,1,
0,0.5454545454545454,4.349180221557617,1,964ygH1FC7IV5sCZPqT4llq507,1.0,1,3,1,
0,0,6.016528367996216,1,1792pLMxkyBoluA32NPBVhWK3450,0.0,0,3,1,
0,0,4.249456405639648,1,2031uU00oEz5_jFnQx9-A0O82151,0.0,0,3,1,
1,1.0,4.1650390625,1,2438_EbtTSQc5lsCpGlzo17M1925,1.0,1,3,1,
0,0.5,4.472761869430542,1,2210Bc69tRCp2-mf6PkRz9_C4068,0.0,0,3,1,
0,0,4.213267803192139,1,1747m5UQck6_uvx449-K2ICH3562,0.0,0,3,1,
0,0.08,4.397120475769043,1,2461qoOIYKbZjllIVQPxg4wR1867,0.0,0,3,1,
0,0,4.268590211868286,1,3027Cqdh_u1lGLcEm6FGsksN3803,1.0,1,3,1,
0,0.6666666666666666,4.297134637832642,1,3013qWOe5GAKobQj6VkNX1a83834,0.0,0,3,1,
1,1.0,4.040295362472534,1,26914YUvq_aYLzOyH3_GkM4E989,1.0,1,3,1,
1,1.0,4.22330379486084,1,1398G0VrF0Z8ACVX3zKFbVuB691,1.0,1,3,1,
1,1.0,4.151493072509766,1,913vnJ7FuCx73C-Vyaofcns2587,1.0,1,3,1,
0,0.923076923076923,4.347100257873535,1,24607rfeko8svDiw7ESyatwy1870,1.0,1,3,1,
0,0.4444444444444445,4.246905088424683,1,2602Qiq4iutdiApDxWf40xp42389,0.0,0,3,1,
0,0.30769230769230765,4.168722629547119,1,163794mILPDzpcNzf6gK9XRU1138,0.0,0,3,1,
0,0,4.7669997215271,1,932jGvTQ5rqIA60r8VebV-l2534,0.0,0,3,1,
0,0.11764705882352941,4.475334882736206,1,2458nO0QxOBFA2uGin02ZUeR1878,1.0,1,3,1,
0,0.5333333333333333,4.435446500778198,1,133872Mtqyb09KyYyKdDni5N857,0.0,0,3,1,
0,0.6666666666666666,4.070820093154907,1,2098D1dsKeKH0xANz6zd6LSO1513,1.0,1,3,1,
0,0.3636363636363636,4.270711183547974,1,2224WT9qVEbYuJZkZlYlFqvu4038,0.0,0,3,1,
1,1.0,5.942777156829834,1,1524sFrIwH53jua7jqnLYOiU1962,1.0,1,3,1,
1,1.0,4.068808317184448,1,912n1fA7q16KhBjbKDrE9DY2589,1.0,1,3,1,
1,1.0,4.214426755905151,1,1420JOuqW5exFS-bK5y2bt55628,1.0,1,3,1,
1,1.0,4.0911195278167725,1,1144Dngx4nkJVbVR8P-iE7sU3319,0.0,0,3,1,
0,0.18750000000000003,4.684471607208252,1,27105B4kNatJgs2HMEX3Qbc-939,0.0,0,3,1,
0,0.2857142857142857,4.5751495361328125,1,2970It0bwdTOrenZMXbnev6P3933,1.0,1,3,1,
0,0.47058823529411764,4.300786733627319,1,2427o0QmxcHBetNiSbTlOqmh3603,1.0,1,3,1,
0,0.375,4.3793864250183105,1,1138CmWVAsyJiAlk5YMGolJH3336,1.0,1,3,1,
0,0,4.1531829833984375,1,2030yIcovw6j8LoFsbnLcn8Q2154,0.0,0,3,1,
0,0.13333333333333333,4.507829189300537,1,2715dw_ZC1DahbCczlDe5Yi7925,1.0,1,3,1,
0,0.16666666666666669,4.759197473526001,1,852ZSryt9TK0_Cz0XclTy282742,1.0,1,3,1,
1,1.0,4.047712326049805,1,677xmZHBoR33brul42LKfZz2935,0.0,0,3,1,
0,0.8,4.203516483306885,1,870flRwQUtWIQqV7rnLfZJd2696,0.0,0,3,1,
0,0.4,4.24795389175415,1,2024omrZBF4Urqdr7C3eyKVT2168,0.0,0,3,1,
1,1.0,4.304626941680908,1,947RcyMsfmB5EqbyHMxRUMk558,0.0,0,3,1,
0,0.5,4.391023397445679,1,1754_GNEGkdOQVIVIj3t_Ce43541,1.0,1,3,1,
0,0.8571428571428571,4.296820640563965,1,5516BHaRRv6Egl03A_kDyw0256,0.0,0,3,1,
0,0.8571428571428571,4.320519924163818,1,2657Omxhm5FyXyyp4pVdXx3Z1089,1.0,1,3,1,
1,1.0,4.138049125671387,1,983A961flzSyGYxt388JvI9450,0.0,0,3,1,
0,0,6.109188556671143,1,7201GV7Ue0Cd9oNYVERMrHM2828,0.0,0,3,1,
0,0.375,4.359081029891968,1,2099-acnCQhCOzxPYUMuFfmt1511,0.0,0,3,1,
0,0.7272727272727273,4.306627511978149,1,2365rte00Z2XRNdvvCufE-9W3720,0.0,0,3,1,
0,0,4.148375034332275,1,1403de07gs-9JpPhLkY3NXmx678,0.0,0,3,1,
1,1.0,4.1303136348724365,1,1012HoYF9QrGUlI-8WclyplG375,0.0,0,3,1,
0,0.3333333333333333,4.320816993713379,1,1605jMKtP3m0NMd6-E_YJmsm1225,1.0,1,3,1,
1,1.0,4.140309572219849,1,2617lIcTuHq8N8es-n39g3012366,1.0,1,3,1,
0,0,4.573533773422241,1,940e-OjeYG8x4-T5kU7TrIZ579,0.0,0,3,1,
0,0.5714285714285715,4.076472997665405,1,1161q6jwfFLoe3yAdsycwsj33268,0.0,0,3,1,
1,1.0,4.202458620071411,1,1237-igIa0nSFzHyYKR3NSy73048,1.0,1,3,1,
1,1.0,4.304297685623169,1,1944pItIJgcM-r7jQqPj2HMs2314,1.0,1,3,1,
0,0.10526315789473685,4.425399541854858,1,1997fwZQw2OagHTAFRRNBLie2213,0.0,0,3,1,
0,0,4.515976428985596,1,1355DqKO8ByX-dB6SOPvmL5p807,0.0,0,3,1,
1,1.0,4.257080793380737,1,2477Wk5b58ywNkmGHha3UgSX1831,1.0,1,3,1,
1,1.0,4.211618661880493,1,1967lfLDTgzkA9Gl59C3V4Dz2260,1.0,1,3,1,
0,0.19999999999999998,4.540399551391602,1,888Xb_uMPfibcJslsiGts6V2656,0.0,0,3,1,
0,0,4.6712000370025635,1,2496IsKGXtB1XHAUH-HYoq6R1791,0.0,0,3,1,
0,0.24489795918367346,4.914640188217163,1,950DO8nI2LTiizfgJEJOjpc551,0.0,0,3,1,
0,0.19999999999999998,4.302754878997803,1,1184C_LA1pOBVN-7HWp0PVT03205,0.0,0,3,1,
1,1.0,5.900015830993652,1,9800iElAh33OivZxcm_4tCk461,0.0,0,3,1,
0,0.6153846153846153,4.233283519744873,1,2170euqbnyjNM_3BjmlETtrd4170,0.0,0,3,1,
0,0.7272727272727273,4.390868425369263,1,1817Ngtonx42zKkYoB0lwkwC3392,1.0,1,3,1,
0,0.11764705882352941,4.124783515930176,1,25850Dtx8v5Mh2YjRyU4T3sp2426,0.0,0,3,1,
0,0.16666666666666666,4.154475212097168,1,1435t5gBGAM2so8S89BXRimx589,0.0,0,3,1,
1,1.0,4.326737880706787,1,2622zT1yF5wKsaK2A4uT7mDp2355,1.0,1,3,1,
1,1.0,4.0621325969696045,1,2009W5TM6PRERuoWbljEo4Be2196,0.0,0,3,1,
1,1.0,4.334681034088135,1,2397i5VYVXlITz1PA_p-X_0X3653,0.0,0,3,1,
1,1.0,4.179209470748901,1,25182PdyMWkPXSFPNo4-wt5J1740,1.0,1,3,1,
0,0.7499999999999999,4.385864496231079,1,2014iXQTylPiy0Z1L1FvuIJ62183,1.0,1,3,1,
1,1.0,4.258510589599609,1,1487U3qYzmS-i3I4p64DrXQr2037,1.0,1,3,1,
1,1.0,4.093751668930054,1,2351OjCB7Jc7RLtLp2D0LO6_3755,1.0,1,3,1,
0,0,4.438545227050781,1,11938B6Igqu2WhcVLVswrYFh3178,0.0,0,3,1,
0,0.4615384615384615,4.391510725021362,1,1201NDB1j3x1mhteENUtx2Uf3153,1.0,1,3,1,
1,1.0,4.137724876403809,1,2425ZfkdzdzBm04_UVw5uDTZ3607,1.0,1,3,1,
0,0.7058823529411764,4.40042781829834,1,2717hIRcFjckTs_q0EnnEVyr919,1.0,1,3,1,
0,0,4.241994142532349,1,1589mo7D-joKXh635Vo4Jd911266,0.0,0,3,1,
0,0.6666666666666666,4.50033712387085,1,680rqH8TA5zhf68ANHAiKGW2927,0.0,0,3,1,
0,0,4.2563254833221436,1,300888hdakH4X_s3IFSxziMa3844,0.0,0,3,1,
0,0.5882352941176471,6.150075435638428,1,25011ioqTMWVMDxHE8EGAltr1778,1.0,1,3,1,
0,0.13333333333333333,4.146154165267944,1,718lHRShvhKKwv-68koIpPE2830,0.0,0,3,1,
0,0.2727272727272727,4.289571285247803,1,1167rHEYHtG_H7cMU-f8Fs4k3252,0.0,0,3,1,
0,0,4.282490968704224,1,713-mcsQX--u0E9HOv0wOBY2846,0.0,0,3,1,
0,0.10526315789473685,4.162400960922241,1,647GmaUXD9I5MZkvW1GqNBE3013,0.0,0,3,1,
0,0.3783783783783784,4.92173433303833,1,2527r9ku1IGBOQ1OmZhZuOtm1712,1.0,1,3,1,
0,0.3333333333333333,4.15010666847229,1,2354kkPujXID5RmnkRVl9iSj3747,1.0,1,3,1,
1,1.0,4.1844682693481445,1,1797wFst44zDF00H-0mOIT9O3439,1.0,1,3,1,
1,1.0,4.309924125671387,1,2597oOL_7CB6tThxfotDFYvs2399,1.0,1,3,1,
0,0,4.245022296905518,1,615lwmbisxTxihwSWql1wTV71,0.0,0,3,1,
0,0.2666666666666667,4.483454704284668,1,2353oF79-Zc0tRIFC0bsyHCL3750,0.0,0,3,1,
0,0.5000000000000001,4.374511480331421,1,1354evL5v3vzH55HvCkXDwJT808,0.0,0,3,1,
1,1.0,4.260419130325317,1,2576l9x6n1fNR9Eyt67rO1Sa2443,1.0,1,3,1,
0,0.4444444444444445,4.2272584438323975,1,2166jcvCXmlprvHV3vNw6N8Q4184,0.0,0,3,1,
1,1.0,4.1799867153167725,1,2657hOs_wmY_BN0133ij4AYu1087,1.0,1,3,1,
1,1.0,4.249982595443726,1,2076zzQUlwU64C-IvPfAQ3dP1572,1.0,1,3,1,
0,0.18181818181818182,4.691914081573486,1,2707KB1tO6YYJq35qJk9l8AN946,0.0,0,3,1,
0,0,4.425736427307129,1,557uKN2383p384ghLRsx8AW237,0.0,0,3,1,
0,0,4.182165622711182,1,1944pItIJgcM-r7jQqPj2HMs2313,0.0,0,3,1,
0,0.19999999999999998,6.089092254638672,1,1985AHITudGoVRe60XPTH_s32229,1.0,1,3,1,
0,0.6666666666666666,4.218894958496094,1,2418I5yqyRb98QY4tLtXIn9_3621,1.0,1,3,1,
0,0.7272727272727274,4.3428473472595215,1,24403xNlc7XEY3nh7XxknbP31918,1.0,1,3,1,
0,0.7499999999999999,4.31442403793335,1,2693xNMD-j6qs0jX-U23Wf0I985,0.0,0,3,1,
0,0.13793103448275862,4.556536436080933,1,27022m_6d9JgE_7EsYFGaMM8958,0.0,0,3,1,
0,0,4.186741828918457,1,1578v7s2xtga3UWShr9dGwp01295,0.0,0,3,1,
0,0.8333333333333333,4.126791715621948,1,2196AkNG1_y8EyrFRQMGcbBm4107,1.0,1,3,1,
0,0.30769230769230765,4.401257038116455,1,982TPLydrP2xNnL4eYgSPrZ453,0.0,0,3,1,
0,0,4.404041767120361,1,2433ieX4QNZiiR5HKqVqo0kv3595,0.0,0,3,1,
0,0.6666666666666666,4.274692535400391,1,2227o9jqTZWB_ogYuEBs_sii4028,1.0,1,3,1,
1,1.0,4.319032430648804,1,26269UMEj-lV4oQGbZ0tTTK82349,1.0,1,3,1,
0,0.06451612903225808,4.482926368713379,1,2725lLg7uHCwU2triDIo3B-h898,0.0,0,3,1,
1,1.0,4.204179763793945,1,613XW7YAciAiMgfISN_tpEO77,1.0,1,3,1,
0,0.45454545454545453,4.679883241653442,1,2069QCdzCbUZyNgMproHhJws1594,1.0,1,3,1,
0,0.2857142857142857,4.22597336769104,1,11638Nq_dIQoWFn79xtu-dd53263,1.0,1,3,1,
1,1.0,4.223177433013916,1,912n1fA7q16KhBjbKDrE9DY2590,0.0,0,3,1,
0,0.08333333333333334,4.3883702754974365,1,15476Ulo5UDthwWLMYPAIvDH1373,0.0,0,3,1,
0,0,4.374815225601196,1,2990PpCl1FO8CeALdKK62kl93886,0.0,0,3,1,
0,0,6.240018606185913,1,562Shx8P6CL03azbpL7QEd3224,0.0,0,3,1,
0,0.5333333333333333,4.1655097007751465,1,1145CdbMPhBl1m3XpPiJVufo3316,1.0,1,3,1,
1,1.0,4.130162477493286,1,2700ouBGuI-BEf84sS7uN4t6963,0.0,0,3,1,
1,1.0,4.084566354751587,1,2211wsW8oNaSRcLGzwyfLWhi4066,0.0,0,3,1,
0,0.36363636363636365,4.264426231384277,1,12281NX5BUaKvLMrzAwIIu6k3071,1.0,1,3,1,
0,0.625,4.146738052368164,1,1373md66uV8NUYn6tLcFPoUa755,1.0,1,3,1,
0,0.5714285714285715,4.288360118865967,1,1025Ra_IZNvQuUI7Ec5aTeot341,1.0,1,3,1,
0,0.6666666666666666,4.2675700187683105,1,1742jdkwyvzoxAod7udXGbWH3576,0.0,0,3,1,
0,0,4.198266506195068,1,54482QW5OfFiQVIWiIpVI2E277,0.0,0,3,1,
0,0.8571428571428571,4.435241937637329,1,1382_Yx0YcqIkER15lL0Mw_j730,0.0,0,3,1,
0,0.2857142857142857,4.537123203277588,1,9100HQlpvSt_OwVnpYpqMFu2596,0.0,0,3,1,
0,0,4.269261121749878,1,1175kIOD5y8d7_nFY3yGAH-q3230,0.0,0,3,1,
0,0,4.145078182220459,1,2615nIRZaSedAQN4xOsUpgWf2369,0.0,0,3,1,
1,1.0,4.032672166824341,1,63954swC8JcouCYEJsZyw4b3036,1.0,1,3,1,
1,1.0,4.297077894210815,1,892B8GiS_zkJfKANp04UQhD2649,0.0,0,3,1,
1,1.0,4.111806154251099,1,2595p6qxVIXlogFl1fTrX8fj2404,1.0,1,3,1,
0,0.8571428571428571,4.360492706298828,1,1435t5gBGAM2so8S89BXRimx590,0.0,0,3,1,
1,1.0,4.179990291595459,1,1963LYeJkFeQGNvt6xtitv6o2268,0.0,0,3,1,
0,0.5454545454545455,4.571224689483643,1,2716YlsdHqDkaN4VKLmk5cAm923,1.0,1,3,1,
0,0.42857142857142855,6.253191947937012,1,1031ZvlfbMyu93rSJ9xhYFCe323,1.0,1,3,1,
0,0,4.279719829559326,1,11547MyYfAO2SJjFtK6lH5ci3289,0.0,0,3,1,
1,1.0,4.284750938415527,1,695M95U1ZWSZiatzYpCAxVB2886,1.0,1,3,1,
1,1.0,4.074107885360718,1,2351OjCB7Jc7RLtLp2D0LO6_3756,1.0,1,3,1,
0,0.4615384615384615,4.395393371582031,1,1580Swc8yb1vcok9FztLAWLx1290,1.0,1,3,1,
0,0.588235294117647,4.390865087509155,1,1983DSmGEvLUNx1_qYJNeZZv2235,1.0,1,3,1,
1,1.0,4.25111722946167,1,2113j9ajPk3B-jbp1vJIl71A1468,1.0,1,3,1,
0,0.4230769230769231,4.76586651802063,1,2463j88tc1ZRrsqGuky-lBg71866,1.0,1,3,1,
0,0.2222222222222222,4.216958284378052,1,652LiD_APWuMXugNPF6gw3S2997,0.0,0,3,1,
0,0.3414634146341463,4.71274733543396,1,1822rHcCQAy-f_rt_yufMqKb3383,1.0,1,3,1,
1,1.0,4.210562229156494,1,844wRITrjdtv1BhdX6qAgxD2767,0.0,0,3,1,
1,1.0,4.175387382507324,1,1345JzmbSlEwtFkj07wPh-DW836,0.0,0,3,1,
0,0,4.495642185211182,1,589hVu_utDk4vFRJ8mJGyL0141,0.0,0,3,1,
1,1.0,4.116814136505127,1,2544HudU0nsQ8gvIycLuberP2498,0.0,0,3,1,
1,1.0,4.4134743213653564,1,1192qu70aQV6bzoD2MwG1aT83181,0.0,0,3,1,
0,0.5925925925925926,4.52550196647644,1,1579OPjVMaCxctlZmUpiZzrp1292,1.0,1,3,1,
0,0.25,4.707052707672119,1,1779lcPuO1NFS50gJD6T-Zo73478,1.0,1,3,1,
0,0.3333333333333333,4.186312437057495,1,2062VZLt42f5YfL_F5YiZJ9_1614,0.0,0,3,1,
1,1.0,4.092567205429077,1,3004X8M9tRmpFDo7C4yTa_nC3854,1.0,1,3,1,
1,1.0,5.995785474777222,1,2565CoSVkWMIiJBlke0DSSt82458,1.0,1,3,1,
1,1.0,4.260300397872925,1,2399Y49nXZDPa9G-815VEhlQ3649,1.0,1,3,1,
0,0,4.177279233932495,1,671tmMHr0OIhb3ulvq5ranP2949,0.0,0,3,1,
0,0.24242424242424243,4.4240100383758545,1,1417CvbtpTdNieUFK8V6Ekov637,1.0,1,3,1,
0,0,4.237777471542358,1,1398tbxE6rw4tRvgrp1PnRa7692,0.0,0,3,1,
1,1.0,4.206287384033203,1,894ARwgTOyFrfBbcEBpNyXo2644,1.0,1,3,1,
1,1.0,4.013164043426514,1,19562G4XhcAWDDltouKXoTDE2285,1.0,1,3,1,
0,0.8292682926829268,4.7889018058776855,1,1463FoB-_-oeUnsS3sDglbN52087,1.0,1,3,1,
0,0.5,4.137152433395386,1,2455Z_NA0qrNdsEcFeJPnpVS1885,1.0,1,3,1,
0,0,4.3824546337127686,1,1024EAnLzPugg_3Icp64grI8344,0.0,0,3,1,
0,0.8,4.153731346130371,1,25544Iwj6p8ZpT8Nege2BaSS2480,0.0,0,3,1,
0,0.4,4.589380264282227,1,6378qDCOgKH25DqwcZO1mKf3,0.0,0,3,1,
0,0.8,4.340410947799683,1,1580w-I93H4qmLDCZ7pKh9bk1288,0.0,0,3,1,
1,1.0,4.216018438339233,1,2994z92F6tuanrTZ7p_1PiGz3877,1.0,1,3,1,
1,1.0,4.192793130874634,1,683aqqwKP1KduPxIkVF7N9F2917,0.0,0,3,1,
1,1.0,4.197150468826294,1,2564PEd_NYQVsw7TwigJZu1b2460,0.0,0,3,1,
0,0.6666666666666666,4.089179754257202,1,13946HYMoyH_5YN47EsUiywo705,0.0,0,3,1,
0,0.5714285714285715,4.3968565464019775,1,1960TyZYSsqghmtoz6azHmRc2276,0.0,0,3,1,
0,0.30769230769230765,4.301032543182373,1,689RfOgas4kQddfMQXny3cR2902,0.0,0,3,1,
0,0,6.0797834396362305,1,874kqKcdnSqPr2kHFDtCs872688,1.0,1,3,1,
0,0,4.2427051067352295,1,2125Vbp22wSh0VwBbUKAfI0y1435,0.0,0,3,1,
0,0.38095238095238093,4.401128530502319,1,101195_WiJNTm5lUVJPBEQsu380,0.0,0,3,1,
1,1.0,4.14502477645874,1,881sSYAcH--BN-pqbR9hFYL2670,0.0,0,3,1,
0,0,4.110152006149292,1,1210_s24nmmMlgNl60QCA3_m3126,0.0,0,3,1,
1,1.0,4.174383878707886,1,1772BxXxPMha90GNn-cr0CdA3493,1.0,1,3,1,
0,0,4.10695219039917,1,564nvWBMTyMNmhonDBcxkha217,0.0,0,3,1,
0,0.6153846153846153,4.339432239532471,1,1626tcaoo5Rh3rYif96ePl8T1163,1.0,1,3,1,
0,0.1739130434782609,4.364459991455078,1,2227njumpoFaBCvHN5gK9Hmj4030,0.0,0,3,1,
0,0,4.323136329650879,1,2117usIbqKfvGfEciX6sxfMh1458,0.0,0,3,1,
1,1.0,4.255949258804321,1,574T3IVyhdGf2qyfbl0GBBS187,0.0,0,3,1,
0,0.8571428571428571,4.435773134231567,1,983lsArLcvfSEq21Yv9hyIq451,0.0,0,3,1,
0,0.5945945945945945,4.683627605438232,1,1447-lsa5GMde2CPKwJUa0h52117,1.0,1,3,1,
1,1.0,4.094115734100342,1,2047k8-fX-AM7Tv4kEIBJCC81657,0.0,0,3,1,
1,1.0,4.281458139419556,1,2573Yesh6cIYKXGOxrwMiFam2449,1.0,1,3,1,
1,1.0,4.079779148101807,1,2344TQZdhbkqw-jvF5b_mO0e3768,1.0,1,3,1,
1,1.0,4.050639629364014,1,2644fKUBosjdYiAeduy2FQVF1120,0.0,0,3,1,
0,0.4615384615384615,4.382117748260498,1,2467fzJ6d5_K_QRe9CU--BXT1860,0.0,0,3,1,
1,1.0,4.084546804428101,1,977HIIAwnIqxPwgBrCLE7De468,0.0,0,3,1,
0,0.8571428571428571,5.987416505813599,1,2995FYU3dbcdZ2Om_eXNrFz43874,1.0,1,3,1,
1,1.0,4.094306468963623,1,1438pakrvpuzI9RRVwHckRIx2137,1.0,1,3,1,
0,0,3.9458882808685303,1,642cj_9TM2LY8uspNPdM55l3026,0.0,0,3,1,
0,0.4444444444444445,4.279850244522095,1,2589xXJabxuTAbaSikLKRb-g2417,1.0,1,3,1,
0,0.125,4.310364246368408,1,2420ljk2de81UhSRuKQX3a_J3616,0.0,0,3,1,
1,1.0,4.206208229064941,1,215150kaVnc71Yqt1mSUj_mU4220,1.0,1,3,1,
1,1.0,4.059144020080566,1,1956vw_p35LNB6CkbnIkyRY-2284,1.0,1,3,1,
0,0.5714285714285714,4.359955787658691,1,2650L8Wg3JCMUv2NtSViky2F1105,1.0,1,3,1,
1,1.0,4.622637987136841,1,1786I5qlkjh5HPU7gv2S4fXA3460,1.0,1,3,1,
1,1.0,4.2624945640563965,1,178729fWseJtFCuTr6qSCsEp3456,1.0,1,3,1,
0,0.4666666666666666,4.832347869873047,1,586KitV3SprRbS0Gf9jJzYW151,1.0,1,3,1,
0,0.21052631578947367,4.444851636886597,1,2428yXwf4M0pblVsR9721lQa3600,1.0,1,3,1,
1,1.0,4.2606236934661865,1,1795SmUM72qvYEGcEDAoWbE73442,1.0,1,3,1,
0,0.5,4.058073043823242,1,15476Ulo5UDthwWLMYPAIvDH1372,0.0,0,3,1,
0,0.6666666666666665,4.15737247467041,1,938YP3H8bkzV6_3rYyEJr_w300,0.0,0,3,1,
0,0.8,4.293850660324097,1,3006iqQtMuDDJjWerBzm_Me73850,0.0,0,3,1,
0,0.14814814814814814,4.462824583053589,1,1631qwKfG1vTrv4q_GaRhDXj1153,0.0,0,3,1,
1,1.0,4.172440528869629,1,1770UjdM67frvAA3cqjwF3333494,1.0,1,3,1,
0,0,4.201965093612671,1,1761O3JjMUze6fafyiPISXbp3520,0.0,0,3,1,
0,0.7200000000000001,6.229370832443237,1,2223FJEauLUlxzo8dn725XKK4040,1.0,1,3,1,
1,1.0,4.068874359130859,1,17770UIuay1RFuPABhV0c8OJ3482,1.0,1,3,1,
0,0.6666666666666666,4.457356929779053,1,25261kHHM3xmrKGTFC2m-3jz1717,1.0,1,3,1,
0,0.4347826086956522,4.460035800933838,1,2408ZcniF4-_aNVJzLlDje0y3633,1.0,1,3,1,
0,0,4.303376913070679,1,2187B0sWPT98eVpnAmdk_adu4127,0.0,0,3,1,
0,0,4.573021411895752,1,2620OCzi6sRLt3mGvqENj2_f2358,0.0,0,3,1,
0,0.5,4.099425315856934,1,14184ScD3kP338oXI7mRSkqg634,0.0,0,3,1,
1,1.0,4.264394044876099,1,545m8hikbi_76zd990QYmmK275,0.0,0,3,1,
0,0.2666666666666667,4.491434335708618,1,17502DSDScCdCbid-xPukm5G3554,0.0,0,3,1,
0,0.9333333333333333,4.2896645069122314,1,1380eJea603GtPQMYCinujki736,0.0,0,3,1,
0,0.875,4.36836051940918,1,2176_V6iXioszwPbfdPjMwxq4154,1.0,1,3,1,
0,0.6,4.236422538757324,1,2521zNHb6afBjfIeBZ-paiLV1732,1.0,1,3,1,
0,0.5714285714285715,4.549320220947266,1,2172mjXN9cse5myRvOdHKPXb4165,0.0,0,3,1,
0,0.8656716417910448,4.835283041000366,1,714aKiFAE7PyMxPGjvvXxuT2843,0.0,0,3,1,
0,0,4.347700834274292,1,2059qn2LY5Rgkc_lCxZvqig_1623,0.0,0,3,1,
0,0.6666666666666666,4.248916864395142,1,585CaB0jXHyJe3pUKSAX9bo155,0.0,0,3,1,
1,1.0,4.157029151916504,1,2520AJw6yorsA0GUmWlSBDMa1735,0.0,0,3,1,
1,1.0,4.309818267822266,1,2968uPxSrxVpmS14fG-ZA4Ao3939,1.0,1,3,1,
0,0.631578947368421,4.272221565246582,1,2229yWQdKMBVLO9a2dROyNJM4023,1.0,1,3,1,
0,0.33333333333333337,5.967119455337524,1,2731RLyhdlj0BcmAmC4xntvl881,1.0,1,3,1,
0,0,4.095826148986816,1,2608ntJl4AFAduDIt0AYknjI2371,0.0,0,3,1,
0,0.5555555555555556,4.586327314376831,1,2067_XJIXN5KQHYCN7DkmQwO1600,1.0,1,3,1,
1,1.0,4.1822168827056885,1,1533QCzr5BjBIkY0Ic8bG-GH1937,1.0,1,3,1,
0,0.5,4.286924362182617,1,2110Ltc2qd2K0ntqhOxVLf_A1477,1.0,1,3,1,
0,0.3636363636363636,4.383677959442139,1,2441iHjaCHbBrRtNVI1F4dLI1917,1.0,1,3,1,
0,0.19999999999999998,4.786734342575073,1,2466lC31cH6baEqjSIz-P2Z51863,1.0,1,3,1,
0,0.6153846153846153,4.152183532714844,1,1601x8Z8HcPY9jNpZ_sO3-QS1232,0.0,0,3,1,
0,0.2424242424242424,4.582254648208618,1,2478p3DH7qkwbYJIQjszTbcE1828,1.0,1,3,1,
1,1.0,4.050084829330444,1,2389R07UIy-md3maCacU-Hv63671,1.0,1,3,1,
0,0,4.235265254974365,1,682I2vidJcfbbqgpGrTK1XG2921,0.0,0,3,1,
0,0.0606060606060606,4.63049840927124,1,2643UpH1vcnmDtWFzogLQYIY1123,0.0,0,3,1,
1,1.0,4.198554277420044,1,883NFsTbNvaXPN7nA5vibGt2664,1.0,1,3,1,
0,0.3333333333333333,4.333399057388306,1,2030yIcovw6j8LoFsbnLcn8Q2153,0.0,0,3,1,
1,1.0,4.096411943435669,1,898Q-3kYtPG_vXcdvoFxJxW2631,1.0,1,3,1,
0,0.4444444444444445,4.254754543304443,1,1024b_zBEsoqAnEtMtzSj7XD342,1.0,1,3,1,
0,0.5714285714285714,4.346090316772461,1,2950j5cEVzFR9tlrOy98K8cj3982,1.0,1,3,1,
0,0.33333333333333337,4.320222854614258,1,2474aB357FAulw_H4WRn_Ime1842,0.0,0,3,1,
1,1.0,5.887852907180786,1,2221KJ9_NrlgdFscJr8G23sK4043,0.0,0,3,1,
0,0.5454545454545454,4.213418006896973,1,15387Blg_wJjcZbkwAdg3ihT1400,1.0,1,3,1,
0,0.5882352941176471,4.381804704666138,1,931vejmr38S6tswRYCaqosz2538,1.0,1,3,1,
0,0.5333333333333333,4.467679262161255,1,2688HW0oYt08dER6A8d66xBp998,1.0,1,3,1,
0,0.8,4.5026397705078125,1,23386xE0NbvZWVPZakM8re8C3783,1.0,1,3,1,
0,0,4.27066969871521,1,2131ThABbwh5RS-HlVdmLPDZ1418,0.0,0,3,1,
0,0.8888888888888888,4.301696300506592,1,970ykwG5UACigqQF0ueujZT489,0.0,0,3,1,
1,1.0,4.202290773391724,1,2011Y6hmmr1d2jBM4AO7b6VL2190,0.0,0,3,1,
0,0.5,4.1219482421875,1,176272iLN20O-jOavSbCNQan3517,1.0,1,3,1,
0,0.7586206896551724,4.569839000701904,1,935UD7iycK3BrOizCyeWBg22526,0.0,0,3,1,
0,0.3333333333333333,4.34123420715332,1,1366z_TtwYTXRVHrRgzO6hv7772,1.0,1,3,1,
1,1.0,4.198944091796875,1,705nABbOAzpYWFGNrPSDwL22868,0.0,0,3,1,
0,0.6666666666666666,4.125508069992065,1,1037LvCdYeAKroXxUJeycQww304,0.0,0,3,1,
0,0,4.13097620010376,1,2644fKUBosjdYiAeduy2FQVF1121,0.0,0,3,1,
0,0.1818181818181818,4.505759000778198,1,2073z-IROD_SxTTIHVa0x2-Q1583,0.0,0,3,1,
0,0.2,4.335002660751343,1,2193Xc8QMOrUJWgYE6YwVXyI4116,0.0,0,3,1,
1,1.0,4.208982944488525,1,1455F83kQULcWfbQs3NcBq_w2104,1.0,1,3,1,
1,1.0,4.245431661605835,1,842ErNGDuqVhjG7ZUyiwsjd2772,1.0,1,3,1,
0,0,4.268290042877197,1,1785Yd2T_X6Og_obivSYFDDm3463,0.0,0,3,1,
0,0.8333333333333333,6.122614622116089,1,2176_V6iXioszwPbfdPjMwxq4153,1.0,1,3,1,
1,1.0,4.094970464706421,1,1994OHXyl5b_H0ye904RAGwf2215,1.0,1,3,1,
1,1.0,4.174990892410278,1,2369_xfvbok_zAL_Rv81FtdX3712,1.0,1,3,1,
1,1.0,4.147435426712036,1,2052RvSs680PHPtZuennk4-w1643,1.0,1,3,1,
0,0.8888888888888888,4.328060626983643,1,2051Kxj17zphNy4PvJVu6Lkg1647,1.0,1,3,1,
0,0.13333333333333333,4.2307562828063965,1,3038eqq4CM3lWy40y14f8S143785,0.0,0,3,1,
0,0.5806451612903226,4.704620838165283,1,1763xIpOj62D71kP707OrPOL3516,0.0,0,3,1,
0,0.2631578947368421,4.821029186248779,1,584OsnQDPEfdT3D-biv4Yg2158,0.0,0,3,1,
0,0,4.219193458557129,1,21208xkL7JG9a1slm1tkqySv1448,0.0,0,3,1,
0,0.5454545454545454,4.200162172317505,1,2551pxDvmDEe_JDrvTqX24D22488,0.0,0,3,1,
0,0.47619047619047616,4.214965343475342,1,1600ywzg9ULBGI5IAxrJ6foM1236,1.0,1,3,1,
0,0.5333333333333333,4.22944712638855,1,596Q82NOv6jfyrM6AZU0rOO120,0.0,0,3,1,
0,0,4.2193427085876465,1,2548jWUEsutIJk1cbqN2tPM12495,0.0,0,3,1,
,,,,1425958Af5TnMLwD04387,,,,,"Skipped: answer is not string, got float"
0,0.5714285714285714,4.240210771560669,1,2395gaoIJm8RJNk2Sl5xvuDq3658,1.0,1,3,1,
0,0.6666666666666666,4.389575719833374,1,20199YPeHSgfEFESo0NsKNKZ2176,1.0,1,3,1,
0,0.5,4.1164844036102295,1,1785-_093vWZJxwqV0Mwx6bG3462,0.0,0,3,1,
0,0.0625,4.592210292816162,1,1169Pw8TMA7C0o4DfohkFyls3245,0.0,0,3,1,
0,0.64,4.4604408740997314,1,886LRP2H2vQHems49GkFtqW2659,0.0,0,3,1,
0,0.8,4.088503122329712,1,1369djsyqLYuxpeSrFzUMmCE765,0.0,0,3,1,
1,1.0,5.867295742034912,1,2206I8Vkp53Zdu1cUBnnuvdS4081,0.0,0,3,1,
0,0.6666666666666666,4.061242580413818,1,1166mDE1LWP75imlcmsDPZ4x3256,0.0,0,3,1,
0,0.7777777777777778,4.270516395568848,1,2439Q3dwt5i21LkosQln5aU01922,1.0,1,3,1,
0,0.5,4.1790242195129395,1,1549OXzotDTvVSxA1XYg3Qdn1368,1.0,1,3,1,
1,1.0,4.07167649269104,1,1461ZfZbXtvbUZA2_jR_fhkR2090,0.0,0,3,1,
0,0.7999999999999999,4.363945007324219,1,2999g-R1b7cOXrVxRNQJEeu63865,1.0,1,3,1,
0,0.5,4.253508806228638,1,2962KhT-P_YhV9i-0r4AXnNV3953,1.0,1,3,1,
0,0.5714285714285715,4.352870941162109,1,2493Wl0nyJ_0srCt24KRwauj1800,1.0,1,3,1,
0,0.22222222222222224,4.154504299163818,1,2102z4y9nEpbATY8I78HaePk1502,0.0,0,3,1,
1,1.0,4.287026405334473,1,1556RL1OU4mcoPPe2rTqDdxN1349,0.0,0,3,1,
1,1.0,4.16127610206604,1,1740bfOMnm2FzOi__s2X3YUd3584,0.0,0,3,1,
0,0.6086956521739131,4.365852117538452,1,2507uSi5SuFnCHRYJSdsCOTN1766,1.0,1,3,1,
1,1.0,4.175161361694336,1,1825MtNCYtNGCoORkHQFRAhq3374,1.0,1,3,1,
1,1.0,4.096655368804932,1,1517RRHHjHDzsegVV1oTrpCQ1978,1.0,1,3,1,
1,1.0,4.299349069595337,1,1830MpIhGxEOYndLD4ltPTIl3360,0.0,0,3,1,
0,0,4.744329452514648,1,1032DagEj13ZJnkBdXH3dlsw319,0.0,0,3,1,
0,0.5217391304347826,4.360490560531616,1,913vnJ7FuCx73C-Vyaofcns2586,1.0,1,3,1,
0,0,4.557326078414917,1,21895ri-SgzvCYbZU84umbJD4124,0.0,0,3,1,
0,0.5454545454545454,4.16585636138916,1,20711Hl0tPbCWQ2GM-nT-TSe1587,0.0,0,3,1,
0,0.12121212121212122,6.360112905502319,1,1003mJcD4m-odKlTcjmfnWpG402,0.0,0,3,1,
0,0.8571428571428572,4.207475185394287,1,2228Ft7w8DJ9Q6WqnZI87gg34025,0.0,0,3,1,
0,0.8,4.200833082199097,1,699mwyBz83siw0vstjV-vDu2880,0.0,0,3,1,
0,0.6153846153846153,4.130390167236328,1,20641EP682eRhx2QWgjzDM9I1609,1.0,1,3,1,
1,1.0,4.453032732009888,1,2018nWjHAk4XaPTFuNjnMEQn2178,1.0,1,3,1,
1,1.0,4.1954569816589355,1,662FSjJPutAhsBA5hh--LCF2971,0.0,0,3,1,
1,1.0,4.152206182479858,1,622nOqPRd2vnPs-z_NW5VoY48,1.0,1,3,1,
0,0.4242424242424242,4.555481672286987,1,2719wUxhpIiVwxBLr4itkaGv912,1.0,1,3,1,
0,0.8,4.156874418258667,1,703rIf-aXXra-sCqmgKHUxK2873,1.0,1,3,1,
0,0.33333333333333337,4.314161539077759,1,17877jymQtwntyWZpIqtv6ZT3458,0.0,0,3,1,
0,0.72,4.516577959060669,1,2449Gc-t93zVR6Bjza9-brVc1898,1.0,1,3,1,
0,0.11764705882352942,4.276044845581055,1,2721w4sXZ7mV6j4Zl36hHUHd910,0.0,0,3,1,
0,0.7499999999999999,4.3720855712890625,1,602HXVJQ-EmvT3_fAAZT-iH102,0.0,0,3,1,
0,0.3809523809523809,4.41581392288208,1,2986JvbXNLo81zp2QsLN9R-o3896,1.0,1,3,1,
0,0.75,4.427503824234009,1,2651W9hIkNcmdRVAlG6zUyLS1103,0.0,0,3,1,
1,1.0,4.097517490386963,1,949_fWOuLXk2h3DJ9NWsIjn552,1.0,1,3,1,
0,0.8571428571428571,4.218665599822998,1,2232EHYoqgOShRapE72ALRJ44015,1.0,1,3,1,
1,1.0,4.4160542488098145,1,1410DLyemZEmSq5UCIdY2yjC657,1.0,1,3,1,
0,0.4,4.29960560798645,1,2422G-GiBC-3LUz-jnAzT2Mq3609,0.0,0,3,1,
0,0.33333333333333337,6.307649850845337,1,2958PFJS1dK5nJyCBmSCZBqp3963,1.0,1,3,1,
1,1.0,3.932898998260498,1,717GIQkXVVB0r9TgF9XjTKs2833,0.0,0,3,1,
0,0.28571428571428575,4.301902770996094,1,1633DdbmGFX3Fap5yGmYewEs1149,1.0,1,3,1,
0,0.4,4.12588906288147,1,843zyenQsDbdyEDKorOOEer2769,1.0,1,3,1,
0,0,4.047811985015869,1,542XLmdPu_Re7m8EKEBlNHO283,0.0,0,3,1,
1,1.0,4.29938268661499,1,29802gx0lFYy6rgIUS6ZhDD83909,0.0,0,3,1,
0,0.47619047619047616,4.42767596244812,1,2107a4gQhq9F4QB4GLnMXPaW1487,1.0,1,3,1,
0,0.43902439024390244,4.879748106002808,1,1374yoc9nWJdr9ATgDMv2vDw752,1.0,1,3,1,
0,0.10526315789473685,4.78837513923645,1,2396H9jCvuDLczQcUQlEZGud3657,0.0,0,3,1,
0,0.4,4.216491937637329,1,26748vEm6_JIFNnvzYBeYPv81040,0.0,0,3,1,
0,0.4,4.445699214935303,1,3017iTDKpmlMaBIVXHiLiYZ73822,1.0,1,3,1,
0,0.22222222222222224,5.0301594734191895,1,2710l98nPxuBNtPvCvgG3ZAV938,1.0,1,3,1,
0,0.8,4.396962642669678,1,940fL86HY7bK7-T5kU7TrIZ581,0.0,0,3,1,
0,0.3333333333333333,4.226648807525635,1,926_pz3jhhCLKnSf1RRHRGd2547,0.0,0,3,1,
0,0.38095238095238093,4.3752806186676025,1,1492M31dOPpyF5MFUXJiJfx52030,1.0,1,3,1,
0,0.060606060606060615,4.763267278671265,1,1560RmR7yEVWFqhgUfFWyb3J1336,0.0,0,3,1,
0,0.3478260869565218,4.539442300796509,1,1808OvbxP0FbCDbzWY3jMW_e3416,1.0,1,3,1,
0,0.45,4.8468122482299805,1,2711wNn5GeHqOfTsTyQ56zpG937,1.0,1,3,1,
0,0.6666666666666666,4.1854753494262695,1,5753KHX9NUZ-uCbV_zi_V4J183,1.0,1,3,1,
0,0.8421052631578948,6.114372730255127,1,2722B2Q7xCqKAJysuUWecphg908,1.0,1,3,1,
0,0.28571428571428564,4.258568525314331,1,2074kJ6tj7m3dUealDR0iSOG1579,0.0,0,3,1,
0,0,4.1743528842926025,1,9012HUd6aulh_Yu4SRtV4Ju2622,0.0,0,3,1,
1,1.0,4.213994979858398,1,2730mL2oE6m4D8Od_UQ6wMXf883,0.0,0,3,1,
1,1.0,4.098355531692505,1,1453eTocKdHUvXr67uYm59TP2106,1.0,1,3,1,
1,1.0,4.40869140625,1,641M4LSzcBNf0p8MuWs4Li43030,1.0,1,3,1,
0,0.6666666666666665,4.346039295196533,1,937wMFiXffRIE3NG_K_PJuV2519,0.0,0,3,1,
0,0.3333333333333333,4.030392169952393,1,556fLKlHwoGAKGwwcRMBDwh240,0.0,0,3,1,
1,1.0,4.297240972518921,1,2640x6nNIaOGwyi0gBPzvykU1131,0.0,0,3,1,
0,0.14285714285714288,4.200861215591431,1,1812VV7iwFJbaygIgu6vzb9F3406,1.0,1,3,1,
0,0,4.558403491973877,1,2560nGtG9OY7-88aqDalhuYv2470,1.0,1,3,1,
0,0.47058823529411764,4.448416233062744,1,1594lISY-Dfis872k6M3Utdc1251,1.0,1,3,1,
0,0,4.579588413238525,1,2115o-NOQilKM9cMoL7EeDR01462,0.0,0,3,1,
1,1.0,4.152583122253418,1,1502t95YZwb3DBEc50kzbs112018,0.0,0,3,1,
1,1.0,4.081775188446045,1,643hOw7cSZHnFDg9xSl_9rX3025,0.0,0,3,1,
0,0.17647058823529413,4.490328073501587,1,2707gSiUHQVzCZqq8wFY2gvz944,0.0,0,3,1,
1,1.0,4.147765398025513,1,2114PF_Hzr-w95B50r8JycTn1466,0.0,0,3,1,
1,1.0,4.278109550476074,1,1387YoNwFgU_hCV3WDkM6HFk720,1.0,1,3,1,
0,0.4166666666666667,4.558987140655518,1,25567DWWtABHgq600h7hP6972477,0.0,0,3,1,
0,0.16666666666666666,6.090689659118652,1,2438_EbtTSQc5lsCpGlzo17M1926,0.0,0,3,1,
1,1.0,4.07910943031311,1,625s5iuUhzcOucr1cjzlQTe39,0.0,0,3,1,
0,0.7499999999999999,4.125792741775513,1,2150mk9STtYfvVPdRfNOdnih4223,0.0,0,3,1,
0,0.18181818181818182,4.280302047729492,1,606ydc6r27eppB2SC3CIOZ594,1.0,1,3,1,
0,0.08695652173913043,4.273359060287476,1,2703tHS1apl2j5UgPSEuvXw2955,0.0,0,3,1,
1,1.0,4.423282861709595,1,30239qJxzKpT4gziPvpN4Rqd3811,1.0,1,3,1,
1,1.0,4.125686407089233,1,2472J9OcrMuEU-NMunTzS_UI1846,0.0,0,3,1,
1,1.0,3.9858217239379883,1,1527UKGoQiYuIWZfUOoYgAYF1954,1.0,1,3,1,
0,0.08,5.062776327133179,1,1950b8OIQ8bzZrEdme_QFejW2297,0.0,0,3,1,
0,0.8,4.219182014465332,1,1439FueGAYIvwKpcGr1leJJu2135,1.0,1,3,1,
0,0.4210526315789474,4.674748182296753,1,3014pcTrhA69GQHkNXpHvhmZ3831,1.0,1,3,1,
0,0.7142857142857143,4.287257194519043,1,2958RqWdfJdoUOuFb0joLgV93964,1.0,1,3,1,
1,1.0,4.091878652572632,1,239409bAojLcBv-vX19Ipsyy3660,1.0,1,3,1,
0,0.4444444444444445,4.341672658920288,1,1627Ewd39gIbO48nfIpKd3jZ1160,1.0,1,3,1,
0,0.33333333333333337,4.350083827972412,1,692dt6AYZva7v7XYgvIDEbY2893,0.0,0,3,1,
0,0.375,4.425151109695435,1,608IiEQrTFEeXGLAfAOvOOp88,0.0,0,3,1,
1,1.0,4.118750095367432,1,1162WEg_WPImiRPmAPvN_wnE3045,1.0,1,3,1,
0,0,4.278475999832153,1,899il7HMq79D4iA4PWEiSgJ2629,0.0,0,3,1,
0,0.3636363636363636,5.897374153137207,1,864AJ9w8gUeeT5ui2mjV-482708,1.0,1,3,1,
1,1.0,4.121626853942871,1,1177mo9QxepXvRmIEbov-3wB3226,0.0,0,3,1,
0,0.8461538461538461,4.4584105014801025,1,2734MmqzZtp-AZWpm2ZfsFhO871,1.0,1,3,1,
0,0.43478260869565216,4.449962615966797,1,2410IRpfau2-Ltn2-LoMkPNf3631,0.0,0,3,1,
0,0.1818181818181818,4.439805030822754,1,1217VUulWWjfmhhB_SRnAH2c3106,0.0,0,3,1,
1,1.0,4.009995222091675,1,1618DNm6lX3wftxfj2fnuyVr1185,1.0,1,3,1,
1,1.0,4.047912359237671,1,2579V8DiOeUpZ5xJHz_B22Nw2436,1.0,1,3,1,
0,0,4.426419734954834,1,1760mDs0p3IiDjSQHOt_UjsF3524,0.0,0,3,1,
0,0.5882352941176471,4.292252540588379,1,2507s9ZR3iJP0z5Z6_djlvFa1765,1.0,1,3,1,
0,0.7499999999999999,4.2982378005981445,1,927fFROY82WGNQwzbZYqAZl2545,1.0,1,3,1,
1,1.0,4.203153610229492,1,27105B4kNatJgs2HMEX3Qbc-940,1.0,1,3,1,
0,0.15384615384615385,4.418306827545166,1,2078dQ_JXY4ymZQeFE0Q6gMo1566,0.0,0,3,1,
0,0.6666666666666666,4.03840184211731,1,2134c3GwJ25P4vGSVnWFZ8d31408,1.0,1,3,1,
1,1.0,4.172750949859619,1,901d0BwILQTPPl4oiAkiW0N2621,1.0,1,3,1,
0,0.48275862068965514,4.689486503601074,1,1032DagEj13ZJnkBdXH3dlsw320,0.0,0,3,1,
0,0.5,4.043068885803223,1,567dxrWSjH-3GSoMgKPevyt207,0.0,0,3,1,
1,1.0,4.4635491371154785,1,1987kuJ62sHMo5LRL0V1zWv52223,1.0,1,3,1,
0,0,4.321364164352417,1,590XWeIE_Ub3P9D0x7jiKmg139,0.0,0,3,1,
0,0.1724137931034483,5.190049171447754,1,1419bJn9E_UUgrwZGzmllbaR629,1.0,1,3,1,
1,1.0,5.936527967453003,1,8478WHZms7MdB1ce7kHygtH2757,0.0,0,3,1,
0,0.8,4.0374884605407715,1,15075jeWJyHrflW280qJuH1b2008,1.0,1,3,1,
0,0.09090909090909091,4.338165998458862,1,1361J6GUEFw0eUjZYJ4tiHvB788,0.0,0,3,1,
0,0.2857142857142857,4.181273698806763,1,1962Nznt7PwFe6mdz6hcXnVa2271,1.0,1,3,1,
0,0.14814814814814817,4.485272645950317,1,2939FAcUTmMYAGquuzkjAN1d3997,1.0,1,3,1,
0,0.4444444444444445,4.415648698806763,1,2147SEz1hmjhUpcGuddz5WUk4230,0.0,0,3,1,
0,0.38095238095238093,4.398722887039185,1,2968uPxSrxVpmS14fG-ZA4Ao3938,1.0,1,3,1,
0,0,4.233438491821289,1,1945_7jADD_G_gdbFReCrUtY2310,0.0,0,3,1,
0,0.3076923076923077,4.464484691619873,1,1382vpjR9ETfO4vE8tz6BI31731,0.0,0,3,1,
0,0.33333333333333337,4.4537012577056885,1,1604z6EFDlKj1Ika8RT3XTEm1228,1.0,1,3,1,
0,0.888888888888889,4.383030652999878,1,1592ZON_5a2-NF9DppBASPuf1255,1.0,1,3,1,
0,0.47058823529411764,4.298125982284546,1,2987jq09CSEi-lBZSSYtX9tj3893,0.0,0,3,1,
0,0.6829268292682927,4.6958112716674805,1,942M7M9hNpAspJcsRQKTuJQ573,0.0,0,3,1,
1,1.0,4.197414398193359,1,2718CJJlT43vSkiBp7_LGjcB917,0.0,0,3,1,
0,0.32,4.58219838142395,1,25813tM3oQb5_kWZVY_CdOzs2431,1.0,1,3,1,
1,1.0,4.16713809967041,1,679vpo5VTNOuK7oFLdslg8e2929,0.0,0,3,1,
1,1.0,4.2023420333862305,1,616OWtj6d8Wd_SHB_8cDpHD67,0.0,0,3,1,
0,0.5714285714285715,4.165607690811157,1,1751kG4ZgRcpVW2reI1_s3123550,1.0,1,3,1,
0,0.46153846153846156,4.812176704406738,1,24434z3j5gm_bj0nuQ8LfJIw1910,0.0,0,3,1,
1,1.0,5.890303134918213,1,25959RxG-G9wyRUK62zPUPq52402,0.0,0,3,1,
0,0,4.151044607162476,1,2120iYmdxQBWrRTb5lLxyQx11447,0.0,0,3,1,
0,0.4827586206896552,4.466191530227661,1,2673FDf451ZmX7vXALugyB1a1044,1.0,1,3,1,
1,1.0,4.020869970321655,1,1196pKofKEiQ1ZBZSetE64_G3169,0.0,0,3,1,
0,0.4444444444444444,4.2739715576171875,1,2093euyG67o3cVGqrsSPrCbI1525,0.0,0,3,1,
0,0.8235294117647058,4.345446825027466,1,1022odDZeLWqHwQdk0LQ3Ji5348,1.0,1,3,1,
1,1.0,4.604023694992065,1,1804uzeMzyojontOD0RrTKB-3427,1.0,1,3,1,
0,0.4285714285714285,4.444714784622192,1,1182HI-17dsw8VRu8AKL-nGo3209,1.0,1,3,1,
0,0.4615384615384615,4.23115611076355,1,2117usIbqKfvGfEciX6sxfMh1457,0.0,0,3,1,
0,0.29411764705882354,4.757930517196655,1,2950gZ4P4mJPFr8zvaCPmgqF3983,1.0,1,3,1,
0,0.761904761904762,4.294896841049194,1,2233Y-YKfqTQmrCwlcADWe1n4010,0.0,0,3,1,
0,0.33333333333333337,4.271617889404297,1,25182PdyMWkPXSFPNo4-wt5J1741,1.0,1,3,1,
1,1.0,4.413885116577148,1,7102gW4oVzoXhOyiAji75BJ2854,0.0,0,3,1,
0,0.8,4.08639931678772,1,838RE46J5MX4D49kRweDkzw2516,1.0,1,3,1,
0,0,4.4444732666015625,1,1636U9fgDPC8e9WhnQASL0AZ1142,0.0,0,3,1,
0,0.23529411764705882,4.398669719696045,1,2966QzGzVpOocUqZIf0qxqAI3942,0.0,0,3,1,
0,0.7719298245614035,4.642069101333618,1,24469YIw5bTHJgIQYHoHuYLz1905,1.0,1,3,1,
0,0.375,4.458300828933716,1,1780LA22drSP8A8UyH6kh_Zg3475,1.0,1,3,1,
1,1.0,4.101358890533447,1,838BwSb1yX6r8PmHfFQ_-Dk2517,1.0,1,3,1,
0,0.5,6.065399646759033,1,910WJniQOWQeZ-7hez_wycY2594,0.0,0,3,1,
0,0.6666666666666666,4.370583534240723,1,2132yLDutcv3-EyuSrPEe_qP1414,1.0,1,3,1,
1,1.0,4.136056661605835,1,1834IF4cgFJT0qrx6LbC8_z03347,1.0,1,3,1,
0,0.7741935483870968,4.296800851821899,1,10225FLoQxnwSkdi_B5KomYG349,1.0,1,3,1,
0,0,3.966156244277954,1,1515gM9MF9FMUE__r5E1YQRi1983,0.0,0,3,1,
0,0.5,4.560033082962036,1,2130hnFIfjAqoSjF4izSr4Sg1420,0.0,0,3,1,
0,0.6666666666666665,4.26814341545105,1,2495cQqgzzooS13bDr8Ph6Gf1796,0.0,0,3,1,
1,1.0,4.224545240402222,1,722Zb3Sw31D8-m69waDslkm2822,0.0,0,3,1,
0,0,4.154102087020874,1,731-qietcbXc2nDy-pU2z8A2796,0.0,0,3,1,
0,0.3076923076923077,4.341957092285156,1,2357bg7FTfVebD7QxLK_W3qG3738,1.0,1,3,1,
0,0.3333333333333333,4.207502603530884,1,2358jqFEmp4cxrm3AWKZILMj3737,1.0,1,3,1,
0,0.18749999999999997,4.408727407455444,1,2704SYrBfH1tUHa-vFcWOrAs952,0.0,0,3,1,
1,1.0,4.26245379447937,1,635Jf_-DqbwtcPrT7rU-Jws10,1.0,1,3,1,
0,0.5714285714285715,4.160934209823608,1,2736DC0e2KjXgGVcPZ2WLIxz866,0.0,0,3,1,
1,1.0,4.249755382537842,1,1540m7KtQ8W37yFZzUzVcX5F1393,0.0,0,3,1,
0,0.8,4.189462423324585,1,1025ZadbOp7BrFP2karwsuNA339,0.0,0,3,1,
0,0.5714285714285715,4.175579071044922,1,610cgbbYUhEHZ0pSu_hj0IX83,1.0,1,3,1,
0,0.5,4.273351192474365,1,2133l3pjWfCkZZOCX5jvmzSB1412,1.0,1,3,1,
0,0,4.4951171875,1,708039C_1LOgHzr9Hb6yAEm2860,0.0,0,3,1,
1,1.0,5.878469228744507,1,898Q-3kYtPG_vXcdvoFxJxW2632,0.0,0,3,1,
0,0.23076923076923078,4.399682998657227,1,2076slcCeUs4SSiwZVjyC4u81573,0.0,0,3,1,
0,0.3636363636363636,4.250820875167847,1,2992gMiCk1Qhs-vDl8gSC9lR3880,1.0,1,3,1,
0,0.5,4.283267021179199,1,571i8l4_77Uat7tpf7uzj1X195,1.0,1,3,1,
0,0.6666666666666666,4.032451391220093,1,1575ppfrAxMc-4L7Tua7RW2i1304,1.0,1,3,1,
0,0.25,4.265708684921265,1,540gS6PWvy11E_WySWDzeHa288,0.0,0,3,1,
0,0.9090909090909091,4.289923667907715,1,877wqSp0Rkg0hf-ytTtfQ252682,1.0,1,3,1,
0,0.37499999999999994,4.463225841522217,1,11609Jmtcj6mL4_qZoKMrsvu3270,1.0,1,3,1,
1,1.0,4.037783861160278,1,1502t95YZwb3DBEc50kzbs112019,0.0,0,3,1,
1,1.0,4.0956337451934814,1,25923M2ou7gOwnwBwtqHq_Ei2411,0.0,0,3,1,
0,0,4.2207324504852295,1,210122hc2gtQAt4eeAx88Upu1503,0.0,0,3,1,
0,0.7499999999999999,4.124093294143677,1,875rKE1xYgnsy1BcrIiDIQI2686,1.0,1,3,1,
1,1.0,4.191254138946533,1,15234HN9qI_Z1BT9PU4i4eXx1965,1.0,1,3,1,
0,0.28571428571428575,4.1411449909210205,1,896q9fkwlNTB-uLIhW50gpL2638,1.0,1,3,1,
0,0.25,4.2062788009643555,1,628oWPCunaZPZ7dsBtbV11P30,1.0,1,3,1,
0,0.6666666666666666,4.3333821296691895,1,1998tYHxV4GeHjIVsXiSo8Hr2211,0.0,0,3,1,
0,0.5555555555555556,4.621494770050049,1,2692_fbTsXXpwP0opcAgOaVe986,1.0,1,3,1,
1,1.0,4.229403495788574,1,1426bEr-N4c6lQoKgO9HYKbw611,1.0,1,3,1,
0,0.5,4.2171454429626465,1,642t90xpp6PDsZFZ-bpxEez3028,0.0,0,3,1,
0,0.4210526315789474,6.2275168895721436,1,2395o2IF67yRoSD5xGlszZGz3659,1.0,1,3,1,
0,0.33333333333333337,4.10709547996521,1,2375wXJbyJnkzdso878KLwWJ3699,0.0,0,3,1,
0,0,4.426146745681763,1,2037xYCP17QpdbpzHpni7UrG2140,0.0,0,3,1,
0,0.5714285714285715,4.50907826423645,1,1362BPgQJxJaOhV-CP2tGeBk786,1.0,1,3,1,
0,0.75,4.073143243789673,1,2045T8nQX2uFT71OR7C-6Sjj1661,1.0,1,3,1,
0,0.33333333333333337,4.134626865386963,1,538gLSK6-g0JoLk6sK3uauP2,1.0,1,3,1,
0,0.6666666666666666,3.9865076541900635,1,2427_8TqCgsX9NP5483T0_Hi3601,1.0,1,3,1,
0,0.5128205128205128,4.62068772315979,1,1630NLRyBDonlo1Mtz-Tmltq1157,1.0,1,3,1,
1,1.0,4.233531475067139,1,619ettAV35JO9WyPjBmVuTZ57,0.0,0,3,1,
1,1.0,4.139507293701172,1,601rUHFULW3zIx3841qHZyq107,1.0,1,3,1,
0,0.05555555555555555,4.864126443862915,1,1350m8tnshnQY1-SX1xaVUVD822,0.0,0,3,1,
0,0,4.371533632278442,1,1419tOWt7I089hJ4HUoPR6EI630,0.0,0,3,1,
0,0.4615384615384615,4.4505393505096436,1,2096OjLZieUfMFEgNMVotx4Z1517,0.0,0,3,1,
1,1.0,4.196401596069336,1,2483xn8QuuA6OqhzaYPTxh7I1820,1.0,1,3,1,
0,0,4.17406439781189,1,9414p2IRYym1X7K4lS0j_Q5578,0.0,0,3,1,
1,1.0,4.237984895706177,1,981M9FKIWHSyh9UYiLsHR3E456,1.0,1,3,1,
0,0.6666666666666666,4.261706352233887,1,2578Ix0kGXjoeJXUfAshA75j2438,1.0,1,3,1,
1,1.0,4.720525503158569,1,1967cSyL4AQ5Xz3yJ6hC4cWu2259,1.0,1,3,1,
0,0.48,4.46626091003418,1,895GTgHWgOsJfWGzfuk0cBw2641,1.0,1,3,1,
1,1.0,5.8958210945129395,1,21282Cr-35xm2wBqUSJkqXMj1426,0.0,0,3,1,
0,0.4761904761904762,4.391068696975708,1,1781v4O_2XdfE6Nu9HHNiBxe3470,0.0,0,3,1,
0,0.6666666666666666,3.9877562522888184,1,2455Z_NA0qrNdsEcFeJPnpVS1886,1.0,1,3,1,
0,0.18181818181818182,4.87193751335144,1,1975vLuOp8gEBc7-d27D_PJt2244,0.0,0,3,1,
1,1.0,4.139388561248779,1,1020shbJqszE6Dwd0s9ufDFH354,0.0,0,3,1,
0,0.5142857142857143,4.5277862548828125,1,15611Xd1lIWLRyaQ6bXEMZ0W1333,0.0,0,3,1,
0,0.4,4.189401149749756,1,2124hG4KLqALJOOHr-3PHVOG1436,1.0,1,3,1,
1,1.0,4.051131963729858,1,1826l7UVGsNPZHXbgRIPoIUx3372,1.0,1,3,1,
0,0,4.7670207023620605,1,695h31kCvASR0Z5l5aivqQt2887,0.0,0,3,1,
1,1.0,4.328557252883911,1,2442Qnq15H_ylz9SkgCBZcsE1914,0.0,0,3,1,
0,0.8421052631578948,4.317280292510986,1,667rAHXuSUPsljQVxvIq2TT2957,1.0,1,3,1,
0,0.2857142857142857,4.12994122505188,1,25604fSMJJe0iDDONhUpmjzE2469,1.0,1,3,1,
0,0.8125000000000001,4.386909008026123,1,2565Fka6oc0BTYJ567R8eShz2459,0.0,0,3,1,
0,0.6666666666666666,4.207503795623779,1,2670Y-kuxlKLxN5SPIlGPfw91052,0.0,0,3,1,
0,0.2,4.318372011184692,1,2102F8JjzM2uHi5C1tuhbTZe1501,0.0,0,3,1,
1,1.0,4.332986354827881,1,90097rrJhPCLDwMjGcQ2QA22626,0.0,0,3,1,
1,1.0,4.201549768447876,1,2722im-NxxsEP4XILd22CljL906,1.0,1,3,1,
1,1.0,4.350935459136963,1,2945mpQYcMGssA5i-bw5sX4T3986,1.0,1,3,1,
0,0,5.944674730300903,1,25220uEQpWctQitEMppCz0oB1729,0.0,0,3,1,
0,0.05263157894736842,4.211990118026733,1,2450fAZnmnJBsF5ajCmgyFSm1894,0.0,0,3,1,
1,1.0,4.172801971435547,1,2521zNHb6afBjfIeBZ-paiLV1731,1.0,1,3,1,
1,1.0,4.004333734512329,1,1029D_VXSqeEcmujQynOF_FN329,1.0,1,3,1,
1,1.0,4.276805639266968,1,21895ri-SgzvCYbZU84umbJD4125,0.0,0,3,1,
1,1.0,4.055927515029907,1,2653htyng3Z_tsonlTCkn_QC1100,1.0,1,3,1,
0,0.25,4.209916591644287,1,1521m0vIxCtc6C0q4fZ4bmW21970,1.0,1,3,1,
1,1.0,4.176949739456177,1,1616tJD99SBv5x6A67wD89lO1190,1.0,1,3,1,
0,0.9375,4.364619970321655,1,957C6c8UBXNxelvZ_YavK28530,0.0,0,3,1,
0,0.25,4.410130739212036,1,541b8Dh-FxM3PgziNCUUuUq285,0.0,0,3,1,
1,1.0,4.074584722518921,1,2393t0babHd-BI0al0kqRL4Z3662,1.0,1,3,1,
0,0.8695652173913044,4.3402183055877686,1,951QRsnzHPzlTm1kJw2YlVa548,0.0,0,3,1,
0,0.8,4.238417863845825,1,1400uU3CM_7LdMUuWkvkQxxM687,0.0,0,3,1,
0,0,4.063131809234619,1,2593NhMXH8FIz_rRIuHg7cJ32407,0.0,0,3,1,
0,0,4.21075963973999,1,2124d8CiYUpjOQQmj4tL4X0v1437,0.0,0,3,1,
0,0.2222222222222222,4.179802179336548,1,15886mL2IQG8B6jETUgnOHZc1268,0.0,0,3,1,
0,0.37037037037037035,4.713454008102417,1,2969xxQHUKBzQcM9DNUcN--Q3934,1.0,1,3,1,
0,0.7692307692307693,4.135859966278076,1,646OD5224k55Wh4kR-RsWPl3016,0.0,0,3,1,
1,1.0,4.379592418670654,1,1835xWOwAfgrbHJnPbJjkinW3346,1.0,1,3,1,
0,0.8571428571428571,6.065837383270264,1,909gtca-lnTfb7i_Tj-phi82597,1.0,1,3,1,
0,0.3125,4.590647459030151,1,998p1ztLXm5gKJajkvwEEjf414,1.0,1,3,1,
1,1.0,4.26507568359375,1,10361heR9e1kTvvo1NiiW5Ae307,1.0,1,3,1,
0,0.39999999999999997,4.299145460128784,1,2154hgnNDJMyC_N1LGBLoIru4213,0.0,0,3,1,
1,1.0,4.302767276763916,1,1190LpUYusZ3T7nqZ3kXM3uR3185,1.0,1,3,1,
0,0.35714285714285715,4.494389533996582,1,1387oQz4cxlHhwF5gpvX_8s_718,1.0,1,3,1,
1,1.0,4.261498928070068,1,2123JgqxRVRAg0ZSNs3_HwHe1439,0.0,0,3,1,
0,0.6956521739130436,4.35871148109436,1,600dYBRrC6h4LjypO5PySt6109,0.0,0,3,1,
1,1.0,4.218024253845215,1,916dKMXGoacskOpfFfF3fl32576,0.0,0,3,1,
0,0.6666666666666666,4.365400791168213,1,2523rTR1vV07WZ0GNJ4Wu_DS1724,0.0,0,3,1,
0,0.4444444444444444,4.167731046676636,1,1027ZkSa0ea9HAzRy_8T4y3g334,0.0,0,3,1,
1,1.0,4.193175554275513,1,96007jxuZq6dQmJdVZtpl44519,0.0,0,3,1,
1,1.0,4.149807691574097,1,2356NFxPDl9UkBBLyPHbKrvJ3742,1.0,1,3,1,
0,0.2857142857142857,4.392664670944214,1,547tG9ZeRqXvJLYthNWsLap269,0.0,0,3,1,
0,0.6666666666666666,4.215654134750366,1,2701_eTSfG0kbk-njomBcNgv960,0.0,0,3,1,
0,0.2727272727272727,4.256368637084961,1,934hLc2W0dI5ExU1xikzEH42530,0.0,0,3,1,
1,1.0,4.28277063369751,1,2575f4mugcu2JQoWTywMsU6P2446,1.0,1,3,1,
0,0.12121212121212122,4.585417032241821,1,604mQQLLhcNi8N9nxflPiAk100,0.0,0,3,1,
0,0.56,4.350309371948242,1,23807v22XvrUQTol7Th3lJWE3686,0.0,0,3,1,
0,0.33333333333333326,6.049074649810791,1,2458nO0QxOBFA2uGin02ZUeR1877,1.0,1,3,1,
0,0,4.210922002792358,1,725fIuqkG2FAMAMrRV2o_q72815,0.0,0,3,1,
0,0.06896551724137932,4.487403154373169,1,6907GyyauVbz0gBDeg6Ql0l2899,0.0,0,3,1,
0,0,4.1212944984436035,1,25163F-nTR5MBd30RtLg31GT1746,0.0,0,3,1,
1,1.0,4.082651615142822,1,2959dC6Am4UskyZMHV9xE3WU3961,1.0,1,3,1,
0,0.46153846153846156,4.865088224411011,1,2093f84OlebSpPLq7CIoCbc51523,1.0,1,3,1,
1,1.0,4.08533501625061,1,1958hcGziYoVonuuIdReU0Lj2279,1.0,1,3,1,
0,0.8,4.251924991607666,1,2604w8Y2Cl6uiR5M0-ejmWMM2384,0.0,0,3,1,
0,0.72,4.4617040157318115,1,614qvZZNRxxpBg3ucW1nsPI73,0.0,0,3,1,
0,0.5714285714285715,4.694770574569702,1,2402MAhKxnMmLtfOdk-08LTn3642,1.0,1,3,1,
0,0.5263157894736842,4.3898561000823975,1,2694ltreEVbPipuuO8jQ7qct982,0.0,0,3,1,
0,0.2857142857142857,4.5513999462127686,1,2961bLOhNS6f8RK3mV6jOtYf3955,1.0,1,3,1,
1,1.0,4.229013919830322,1,1389Ypbz0yiTxHj8sdg8Dd-O714,0.0,0,3,1,
0,0.6666666666666666,4.445132493972778,1,2168J5OIY9_0JcjpUFtF-s8j4178,0.0,0,3,1,
0,0.631578947368421,4.459497690200806,1,1415PPveKUVTi5av3Jj0lvQX641,1.0,1,3,1,
1,1.0,4.115957975387573,1,1235ppKKbTr1utemwebxmtLB3054,1.0,1,3,1,
0,0,4.0767199993133545,1,1144QjbX5t9wSPKKpoQzUqIM3317,0.0,0,3,1,
0,0.37037037037037035,4.525218963623047,1,663-xYs0_yfqwh5e1vCCBW72968,1.0,1,3,1,
0,0.13333333333333333,4.422110557556152,1,3019slRZYA_GgPxTKTEzhFb_3818,0.0,0,3,1,
0,0.42857142857142855,6.045793294906616,1,1634rEU-bIULINidGaTwrGNb1146,1.0,1,3,1,
0,0.6666666666666666,4.083677053451538,1,2100nzSjCMDd--9Fj7a4NWfz1507,1.0,1,3,1,
0,0.3333333333333333,4.232698440551758,1,631qBhc6tNC5x4jMUP590HD21,0.0,0,3,1,
0,0.2,4.4584105014801025,1,1542SShgTHmccjRMIaq5sxCR1387,1.0,1,3,1,
0,0.03921568627450981,4.944755792617798,1,622nAKi4as7dtc8Z9eTpkdT49,0.0,0,3,1,
1,1.0,4.1524059772491455,1,973wD6IGiEh8Dy46Roludyx481,0.0,0,3,1,
0,0,4.287558317184448,1,623AhTszwVETU0JVBzClsCl45,0.0,0,3,1,
0,0.6666666666666666,4.3422956466674805,1,2122TwBF08fbVn83IOLPGXJ51444,1.0,1,3,1,
1,1.0,4.099820613861084,1,2569SVBHC-JT-ZpiERWOXHiR2453,1.0,1,3,1,
0,0.23076923076923078,4.405481576919556,1,2198b7QHTaEci9ZiP8Jgg9Gb4101,0.0,0,3,1,
0,0.08695652173913045,4.547607421875,1,1402m18_1bIWy0g2aRhM2xVK679,0.0,0,3,1,
1,1.0,4.054325342178345,1,729ocp-SA5gFg2mOHOi_9bT2803,1.0,1,3,1,
0,0.5263157894736842,4.373277187347412,1,1424eyzMoP7NlT7lLHg-CSKt615,1.0,1,3,1,
0,0.04878048780487805,4.6122145652771,1,2680JFom2C2m5B61Zmr5e-xw1022,0.0,0,3,1,
0,0.12500000000000003,4.381426572799683,1,930cjgSy21jAxSRsOSjGC6K2540,0.0,0,3,1,
0,0.5365853658536586,4.370453834533691,1,1604rg80oUsGty1ShrvBvuRN1226,0.0,0,3,1,
0,0.6,4.311737298965454,1,1009Uk9DWEoZIQcw717YJKbT385,1.0,1,3,1,
0,0,4.3123579025268555,1,2060JRIdb6Jd39yNN2K3FzKd1619,0.0,0,3,1,
1,1.0,4.261746168136597,1,1164S0n8sFxAjOhrJykde65c3260,1.0,1,3,1,
0,0.6666666666666665,6.075507879257202,1,1207HLvv2F6G--J1iG2Sr0GT3135,1.0,1,3,1,
1,1.0,4.034343242645264,1,621rUA-y24a2TlBAhZxV8H853,0.0,0,3,1,
0,0.09999999999999999,4.206305027008057,1,974EqHGKum7PKcQ6aiSmCQ1477,0.0,0,3,1,
1,1.0,4.23196816444397,1,2969gQlMvd6FhSZMcTlnE-C13935,0.0,0,3,1,
0,0.8,4.116808891296387,1,905EurUqDl4s2krYgolDdmX2609,0.0,0,3,1,
0,0.11764705882352941,4.7050535678863525,1,2226GKXgfMEXDLjamZ5nzPFh4031,0.0,0,3,1,
1,1.0,4.236279249191284,1,11609irFw-wvr48-kAG66MW13269,0.0,0,3,1,
0,0.2857142857142857,4.541346549987793,1,2107cMmJ6oXMn_tX8EiA1_Qh1486,1.0,1,3,1,
1,1.0,4.1682024002075195,1,2685B8bjO_bSgF7yP_RE9FZq1006,1.0,1,3,1,
0,0,4.105933666229248,1,2972anHdG1TwBtQaRXhi-WEK3929,0.0,0,3,1,
0,0.4444444444444445,4.483070373535156,1,1426bEr-N4c6lQoKgO9HYKbw610,1.0,1,3,1,
0,0.6666666666666665,4.251358985900879,1,2471B8agFup8-O0sKzC9wV521850,1.0,1,3,1,
0,0.5454545454545454,4.493994951248169,1,2132y4UclYrIoM9EfY6q0cLU1413,0.0,0,3,1,
0,0,4.292160272598267,1,24900ppOWI96tjRkMOIpDwu01807,0.0,0,3,1,
1,1.0,4.192532777786255,1,2721Lisb2VI4t962p0mF1ytc909,0.0,0,3,1,
0,0.7272727272727273,4.392533779144287,1,1526rfIPgkgJxKRdDsBSn4dn1957,1.0,1,3,1,
0,0.5714285714285714,4.451845407485962,1,1365-1b52ot7eMMf3SsA9c4Y776,0.0,0,3,1,
1,1.0,4.193101644515991,1,1236uLGJLEnlgvBpRt41BaBc3052,1.0,1,3,1,
1,1.0,4.054407596588135,1,720KTE_TQ-QFGgw12_NY6_52826,1.0,1,3,1,
1,1.0,5.772726058959961,1,706AosvIWS6eJlQTL0dwYt92864,1.0,1,3,1,
0,0.8,3.996438980102539,1,1422TMMS8B78H0eLNKZ9OcN2620,0.0,0,3,1,
1,1.0,4.235344648361206,1,1422Mg4SCjSUB1ipbjJhHLQV621,1.0,1,3,1,
0,0.2857142857142857,4.418105840682983,1,17779GFc1mSj52FnFT87uHXQ3483,1.0,1,3,1,
0,0.7272727272727273,4.1020262241363525,1,11746LEaHokgyCbOjGtlxB_P3041,0.0,0,3,1,
0,0.5,4.605193376541138,1,1818O8BoyzdI3tIZTlZQX7MJ3390,1.0,1,3,1,
0,0.6666666666666666,4.073057174682617,1,1558USBzQpgdUWBcaUu8vmKq1344,0.0,0,3,1,
0,0.8275862068965517,4.403985023498535,1,1000oBQNQPnj4fxpXtFV1g0J409,1.0,1,3,1,
0,0.5,4.2852983474731445,1,99301Zg9cGHX9Gf1_cI5mfK421,0.0,0,3,1,
0,0,4.045344829559326,1,538gLSK6-g0JoLk6sK3uauP1,0.0,0,3,1,
1,1.0,4.278047800064087,1,2444VM3M-Xnaa4T5rEXxP45X1908,0.0,0,3,1,
0,0.6666666666666666,4.2100465297698975,1,859Wx92OGcZsIZiYdTGB0c42720,1.0,1,3,1,
0,0.6250000000000001,4.43610143661499,1,560MF12O77E_fY17pny7AZ4228,0.0,0,3,1,
0,0.3636363636363636,4.255775451660156,1,26213tScNqi5jq-dNNpY17aB2357,1.0,1,3,1,
0,0.5333333333333333,4.410404205322266,1,2737RMEUrJ3xYCVvFcnOOJEr864,0.0,0,3,1,
0,0.6153846153846153,4.42946457862854,1,2103yuSnngKYn9n8F_U1xOr51499,0.0,0,3,1,
0,0.39999999999999997,4.360413551330566,1,2231MtCQ0XFs-HZtPZNxWWWA4016,1.0,1,3,1,
0,0.9523809523809523,4.515934705734253,1,999ChWxJrv-Gaq3aLTh_nDS411,0.0,0,3,1,
1,1.0,4.173229217529297,1,1984InJu5XFguodK1Khic6FC2233,0.0,0,3,1,
0,0.4444444444444445,6.075371980667114,1,21208xkL7JG9a1slm1tkqySv1449,0.0,0,3,1,
1,1.0,4.141985893249512,1,13478wbUw8r6jR2KkJ83tRNT831,1.0,1,3,1,
0,0.5714285714285715,4.170267581939697,1,2377URm8qpovSm3ZcmknWYzr3693,1.0,1,3,1,
0,0.5,4.417483806610107,1,6939iIjtQY3HqIf5Qu5LXfF2892,0.0,0,3,1,
0,0,4.660316705703735,1,1399HAUAi3igcRp4kaiXBS34690,0.0,0,3,1,
1,1.0,4.125772953033447,1,1026WzEnlc2VTVNnEnERoTej338,1.0,1,3,1,
0,0,4.175886631011963,1,255102VMp0rT3lE5qKZReHI62486,0.0,0,3,1,
0,0.6666666666666666,4.08911395072937,1,17388L0pXFkN6Wb2CQAgtWsF3590,0.0,0,3,1,
1,1.0,4.122083425521851,1,2631M_1rjE6k2YLouvowQoHJ2333,1.0,1,3,1,
0,0.3404255319148936,4.755258321762085,1,2658kpZ5jhLWnxu93y4HPmEB1085,0.0,0,3,1,
1,1.0,4.167508125305176,1,959BpQsgOmBWm76KB_O0Xj6522,0.0,0,3,1,
0,0.15686274509803924,4.9916510581970215,1,2671UDFIl4lCabvUQRbVginc1048,1.0,1,3,1,
0,0.3636363636363636,4.261753559112549,1,1620Y8fkMMEFeacdhhiKGcCu1180,0.0,0,3,1,
1,1.0,4.223886728286743,1,2066O6hlUGaIYvZETBnkVTKJ1601,1.0,1,3,1,
0,0.24,4.546892166137695,1,595rx4ZMYA14adC3NekLAhW124,1.0,1,3,1,
0,0.5882352941176471,4.7097389698028564,1,1433yR4Rdyzq9ZDjN6qZOB3K593,1.0,1,3,1,
1,1.0,4.521462917327881,1,1828sgAztXiBXjB8fDJEJjCn3365,1.0,1,3,1,
1,1.0,4.358169078826904,1,2189nmSYagbAhBJHMcqwdIko4123,1.0,1,3,1,
0,0.36363636363636365,5.940884590148926,1,1550GzjCBajsuSw_Bnhtl8WB1367,0.0,0,3,1,
1,1.0,3.9021925926208496,1,1138ZNoiRj9WSt8xu5xKiclJ3335,1.0,1,3,1,
1,1.0,4.121516704559326,1,6595tSoej6eNamN_ekXU3W-2979,1.0,1,3,1,
0,0.6666666666666666,4.079550266265869,1,2012U7knoAxwFk_Ns1NGidQE2188,1.0,1,3,1,
0,0.6666666666666666,4.327852725982666,1,2608ntJl4AFAduDIt0AYknjI2372,1.0,1,3,1,
0,0.6,4.200927257537842,1,2587WZtb-G91TcjATusTTjeN2422,1.0,1,3,1,
1,1.0,4.0158116817474365,1,1757EM0iCe2_7c-3VFdC07DP3532,1.0,1,3,1,
0,0.05714285714285715,4.730523109436035,1,943d0SQ0AVbboY5BqJgbsaF570,0.0,0,3,1,
0,0,4.885284423828125,1,2088g4bX7vmX1hWfKvtOIJDZ1539,0.0,0,3,1,
0,0,4.21326208114624,1,861-dKB_3BSzYCaSTRw8Av_2716,1.0,1,3,1,
0,0.8333333333333333,4.5411036014556885,1,13633aQsS5iKERyNB367GWVH781,1.0,1,3,1,
0,0.5,4.347753524780273,1,2517lXXoQUIKbal6xfNNtVAn1743,1.0,1,3,1,
0,0.35714285714285715,4.593756198883057,1,24900ppOWI96tjRkMOIpDwu01808,1.0,1,3,1,
0,0.25,4.2231128215789795,1,2407RuK1Iv95cime4WWdGNoB3634,0.0,0,3,1,
0,0.3333333333333333,4.5528669357299805,1,13441C2N2xP14JB_ucyRSeEL839,1.0,1,3,1,
0,0.6666666666666666,4.3169050216674805,1,2477JtT30EyGVCGC3ayc5fzB1832,1.0,1,3,1,
0,0,4.5601890087127686,1,27369KmtE4DmLS1oS6IXm0CV865,0.0,0,3,1,
0,0.7200000000000001,4.285588026046753,1,2341RZKrT1tVXnFFp5DSNowl3778,1.0,1,3,1,
0,0.6666666666666666,4.264033794403076,1,982n1tOmLbrP0Rw2f7q4phE454,0.0,0,3,1,
0,0.3870967741935484,6.2629969120025635,1,1591ek7O19h74ATqsHjdtFUz1259,1.0,1,3,1,
1,1.0,3.9921295642852783,1,599uREx6nun3gOEAd8YzR5s113,1.0,1,3,1,
0,0.6666666666666666,4.429022789001465,1,2699X1S6-twcNf9a_nUx5WE-965,1.0,1,3,1,
0,0,4.119316577911377,1,1976MfIZ7mAEpNhCSa8Y04ek2241,0.0,0,3,1,
0,0,4.425472736358643,1,2093euyG67o3cVGqrsSPrCbI1524,0.0,0,3,1,
1,1.0,3.996713638305664,1,2699Ur-0JL1NVhl8H0B2lH-a966,0.0,0,3,1,
0,0.07142857142857144,4.624272584915161,1,628A_ztdoD85Pm7Hd6Uv2TF32,0.0,0,3,1,
0,0.5,4.267637491226196,1,892B8GiS_zkJfKANp04UQhD2650,0.0,0,3,1,
1,1.0,4.0801403522491455,1,1576P214oupErvTP6090GMli1302,1.0,1,3,1,
0,0,4.4091551303863525,1,1589Jf5bV_UCDf13dAps7IiI1264,0.0,0,3,1,
0,0,4.586146354675293,1,19396Yot6utxeGieo9MuRrBB2323,0.0,0,3,1,
0,0,4.396815299987793,1,1509gKJxAthX1pquVrt7KPXD2003,0.0,0,3,1,
1,1.0,4.271010160446167,1,16127RJnwPcCuQ2L6JWAn7Rd1203,1.0,1,3,1,
0,0.5882352941176471,4.266319274902344,1,20893J7zds0fTmdwGScrXxYe1537,1.0,1,3,1,
0,0.7272727272727274,4.537551403045654,1,1226lhx09f1Jk4OiDQlGU8Bp3077,0.0,0,3,1,
0,0.3478260869565218,4.44892954826355,1,1380vA5P1fp-1XlZm7dLip3Q737,1.0,1,3,1,
0,0.20000000000000004,4.366479158401489,1,1600ywzg9ULBGI5IAxrJ6foM1237,0.0,0,3,1,
0,0,4.385629177093506,1,25486Lhd5Z1MU0Q4sN3I3mAT2493,0.0,0,3,1,
0,0.5,4.161423444747925,1,1961WznZwsht9W-Z6W6_FmvR2272,0.0,0,3,1,
0,0.4444444444444445,6.350697755813599,1,1459UR8_3lYqpJzzqkoNN5si2093,1.0,1,3,1,
0,0.9090909090909091,4.111329555511475,1,846dI6s8NANbI0cXEx7WJXa2760,1.0,1,3,1,
0,0.8571428571428572,4.6082844734191895,1,25839ctSBP_9ircmR2x3MPam2428,1.0,1,3,1,
0,0.35,4.586514472961426,1,1500Z1H9hCVclLHKdcfBz5gq2021,1.0,1,3,1,
0,1.0,4.051231384277344,1,878Tp76n2ZpjK1LVAz5F3Mg2679,1.0,1,3,1,
0,0.9090909090909091,4.397718906402588,1,61542RmhOWwUxAJySFjDV7169,1.0,1,3,1,
0,0.6896551724137931,4.71636176109314,1,25316jqKhJvYVlP1H8PWC21S1701,1.0,1,3,1,
0,0,4.41809868812561,1,160035MUpGMSLbaV6XDg1y7j1235,0.0,0,3,1,
0,0.09999999999999999,4.919341802597046,1,1198tKDggSEgfewI5IGaBL7o3163,0.0,0,3,1,
0,0.5714285714285715,4.28662896156311,1,1767ntexZ4EBPQrmdM1oWDDE3503,0.0,0,3,1,
0,0.631578947368421,4.146106004714966,1,2957RON0RMexHAq6R8NDth-G3968,1.0,1,3,1,
0,0.8333333333333333,4.243508577346802,1,574T3IVyhdGf2qyfbl0GBBS188,1.0,1,3,1,
0,0.3076923076923077,4.445881605148315,1,1210NBV6o_IHthJvbrF9UTR43125,1.0,1,3,1,
0,0,4.433207988739014,1,541Cbn85P-zf8lq0QHtgjf9286,0.0,0,3,1,
0,0.12000000000000001,4.983886957168579,1,1413DwMlffwkzBlmmDWhZmvt647,0.0,0,3,1,
1,1.0,4.095380783081055,1,1451JJuYQ7gSCXBvwOXzxUO72112,1.0,1,3,1,
0,0.9090909090909091,4.267201662063599,1,995Mjg3IZGW2wc7ddFCk8vg418,1.0,1,3,1,
0,0.14285714285714288,4.455398797988892,1,1606ixCVPmgAtLujhTmR7TkV1221,1.0,1,3,1,
0,0.4615384615384615,4.38871431350708,1,2561RPearP2qJJF5nNBvVQ1L2468,1.0,1,3,1,
1,1.0,5.9495649337768555,1,1768Z2ygW_eEOpHjb3kiiamC3500,1.0,1,3,1,
0,0.4,4.257784366607666,1,2177s_UTFrhmrwcK9Ti7MMiR4149,1.0,1,3,1,
0,0.2666666666666667,4.408503532409668,1,2049EiSr8AWG9INgthccDLTD1651,1.0,1,3,1,
1,1.0,4.066351413726807,1,1811paAxUvt29OX8E8chhsNQ3408,1.0,1,3,1,
0,0.33333333333333337,4.29182243347168,1,848WrFnYlhM_1QL8XRIK-nh2753,1.0,1,3,1,
0,0,4.231348991394043,1,30233J2ge9fEFX4YilpwWlsN3810,1.0,1,3,1,
0,0.06896551724137931,4.537394046783447,1,1402lC19R9T2_nXZynvxL_uJ680,0.0,0,3,1,
0,0.8,4.210541486740112,1,2724NPCyZgqx0x1F1XrTUaPC900,0.0,0,3,1,
1,1.0,4.035450458526611,1,1395li3pr9py0l2amb_zMeDF702,0.0,0,3,1,
1,1.0,4.252598524093628,1,2071kHxLVZsdxtm6xVPXQcML1589,1.0,1,3,1,
0,0.18181818181818182,4.289345741271973,1,1430c-EOOP47sw8eHQFzvYMg599,0.0,0,3,1,
0,0.6666666666666666,4.11538290977478,1,555vNOKr31rXFMkfzB62TYz244,1.0,1,3,1,
0,0.8,4.430565118789673,1,1433yR4Rdyzq9ZDjN6qZOB3K592,1.0,1,3,1,
0,0.22857142857142854,4.617020130157471,1,2646TB5mc-c2hplG5koqTh501117,0.0,0,3,1,
0,0.8571428571428571,4.292725086212158,1,5601RlVQQ13ZMVNw8QCNW6F230,0.0,0,3,1,
0,0.75,4.24761438369751,1,974vUVNFZZhK9Vx9yosXwyz479,1.0,1,3,1,
1,1.0,4.158477306365967,1,1564Kq9tsrgH8Jhl4M51Udxu1326,0.0,0,3,1,
0,0,4.316800832748413,1,1744p6ivEreYdqU2OaXpqwiv3570,0.0,0,3,1,
0,0.3,4.271307706832886,1,2723xU3JSCsI93Jmzi12bo8-904,1.0,1,3,1,
0,0.30769230769230765,6.162898302078247,1,884Pnp87xexk_HDsVBlYF5I2663,1.0,1,3,1,
1,1.0,4.043262958526611,1,947IWARdGEJfenHq_CeVA2F560,1.0,1,3,1,
0,0.25,4.183668375015259,1,2648m9dA7rTQjYDXrTlBjn3C1110,0.0,0,3,1,
0,0.14285714285714288,4.245610952377319,1,642t90xpp6PDsZFZ-bpxEez3027,0.0,0,3,1,
0,0,4.4900712966918945,1,643hOw7cSZHnFDg9xSl_9rX3024,0.0,0,3,1,
1,1.0,4.625982284545898,1,15208OmvhIK608dqFRGSSOAV1973,1.0,1,3,1,
1,1.0,4.1133341789245605,1,646uZynkMYdhv1JIw-EffYb3014,1.0,1,3,1,
0,0,4.314746141433716,1,1590-CJsFDfqrQDqYkRsJ56N1263,0.0,0,3,1,
1,1.0,4.08368992805481,1,2482zF1QFZ7wKsNuHZ2WclJt1822,1.0,1,3,1,
1,1.0,4.133098840713501,1,725i6Izvs08W85ROtPNlm8D2813,1.0,1,3,1,
0,0.8571428571428571,4.227853775024414,1,1827xEul6GY6VzOmjE6YoZOI3370,1.0,1,3,1,
0,0.39999999999999997,4.45634126663208,1,2633pAGBUWzG9zIDRrNR6L1c2329,1.0,1,3,1,
1,1.0,4.313141107559204,1,19488Pr6RoX5NaT1BWOrfb8b2303,1.0,1,3,1,
0,0.36363636363636365,4.133094787597656,1,1195HMcObf-c2jk9nuqNKiuu3172,1.0,1,3,1,
0,0.33333333333333337,4.369904279708862,1,12200qHzxeIvvsd2YVZemdY03095,1.0,1,3,1,
0,0.5185185185185186,4.538408041000366,1,2661cQb_J106ssSoX5Fgydo71078,1.0,1,3,1,
0,0.08333333333333334,4.446941137313843,1,979XmKqsJdLFW1bLDI7o-pE462,1.0,1,3,1,
1,1.0,4.263240337371826,1,1802qwccQwTwwKaDVreksqJf3429,1.0,1,3,1,
0,0.28571428571428575,4.2872889041900635,1,1491cxn7v5v-T_iOJDwW9EYs2031,0.0,0,3,1,
0,0,5.851839065551758,1,728rJ1xbwc5Igz_rb47z10k2805,0.0,0,3,1,
0,0.23529411764705882,4.222514867782593,1,1755HI8OTnHY7Nm5CeIuPLTN3538,1.0,1,3,1,
1,1.0,4.07320761680603,1,2714-Q-L_ocw1wqi2vTyKgJx927,1.0,1,3,1,
0,0.6666666666666667,4.3382933139801025,1,2196RcteK2m9GTjJgXROQiPI4108,1.0,1,3,1,
1,1.0,4.0995707511901855,1,2198RDJBzVmoid4rc0bik_oO4103,1.0,1,3,1,
1,1.0,4.245891571044922,1,2706YR-uI3zypKwmJN4tmzOG947,1.0,1,3,1,
1,1.0,4.1729114055633545,1,660LK3Me9by6QtGlAhc9ZgG2978,1.0,1,3,1,
0,0.11764705882352941,4.630827188491821,1,3010uRwouEtYjEBKkqRcq7rz3839,1.0,1,3,1,
0,0.7499999999999999,4.280431270599365,1,2152-7ZSgzVAfI8TDcdpWpW94219,1.0,1,3,1,
0,0.6666666666666666,4.260777950286865,1,538JJQ5E24giegHnAwK6q8U0,1.0,1,3,1,
1,1.0,4.238332271575928,1,2495cQqgzzooS13bDr8Ph6Gf1795,1.0,1,3,1,
0,0.4705882352941177,4.355288505554199,1,1425TtGxf2tlcnPvhwxputXV614,0.0,0,3,1,
0,0.41379310344827586,4.602734327316284,1,121369XOrczL-kMaDwwgO02A3116,1.0,1,3,1,
0,0.11111111111111112,4.245786905288696,1,2375ik4L_hJmM72qf0e1dYMH3698,0.0,0,3,1,
0,0.4,4.160589694976807,1,1808axaZNmCFiRMbaxN7F0Eh3418,0.0,0,3,1,
1,1.0,4.237713813781738,1,2678-vJB_o0WGULsRqF2El1t1029,1.0,1,3,1,
0,0.42857142857142855,4.291513204574585,1,841hinfHVUUAR8bWXtEBCsQ2776,1.0,1,3,1,
0,0.16666666666666669,4.362076044082642,1,2048CtOjaqKkCnfN40uLcP5L1652,1.0,1,3,1,
0,0.5925925925925927,4.575549364089966,1,2171AVNXiBd6GfXxQ8eqM1vd4168,1.0,1,3,1,
0,0,6.392217397689819,1,2096f8W6RON65FxesZktnJ621515,0.0,0,3,1,
0,0,4.038977384567261,1,724vcyS179ODvzR7GgFuf342817,0.0,0,3,1,
0,0.4666666666666666,4.548392057418823,1,577J1_2EkXjvWVxk6PCwOXP178,1.0,1,3,1,
0,0.2857142857142857,4.30728006362915,1,2186ULHrp_lvPj5LDBoeTtdH4131,1.0,1,3,1,
0,0.15384615384615385,4.32986307144165,1,262821L4N7qZnsAQ8yXausca2342,1.0,1,3,1,
0,0.88,4.471293926239014,1,2687wsGAHxfopUhAw18YbVRI1000,0.0,0,3,1,
0,0.8333333333333334,4.333372116088867,1,2646TB5mc-c2hplG5koqTh501118,1.0,1,3,1,
1,1.0,4.070109844207764,1,1951HRAy-63r-iYmzz_OIMwm2295,1.0,1,3,1,
1,1.0,4.279299974441528,1,1532jmPrtawUKEP8PbFN0KA51942,1.0,1,3,1,
1,1.0,4.225392818450928,1,1440tJiNSRh2yn6L1Bpe-Z2O2134,1.0,1,3,1,
1,1.0,4.258941650390625,1,575_whZmLvyvEEXouWkoc8Q185,1.0,1,3,1,
0,0.23529411764705885,4.582828760147095,1,2512lEhovFhT11eis4TwjWj61754,1.0,1,3,1,
0,0.7499999999999999,4.187469482421875,1,2604w8Y2Cl6uiR5M0-ejmWMM2383,1.0,1,3,1,
0,0.25,4.441339731216431,1,25219t08QQEFWvS8eYsekPUS1730,0.0,0,3,1,
1,1.0,4.105539083480835,1,1751kG4ZgRcpVW2reI1_s3123551,1.0,1,3,1,
0,0.3636363636363636,4.56750226020813,1,960o6-E-_ISeh5lV6FHiD34520,1.0,1,3,1,
0,0,4.038398265838623,1,1616QzaVp9mutwg1uh2jzwdO1192,1.0,1,3,1,
0,0.2857142857142857,4.72088098526001,1,2187B0sWPT98eVpnAmdk_adu4128,0.0,0,3,1,
1,1.0,5.920694828033447,1,1536mI_d8jtM2jw9hUxzP9iL1929,1.0,1,3,1,
0,0.6666666666666666,4.057574272155762,1,1947A5MF0NJR55TokdQfbhca2307,1.0,1,3,1,
0,0.4,4.200927019119263,1,2485wQdQwDnk4yk5FdBXXmhj1815,1.0,1,3,1,
0,0.5,4.30085015296936,1,2070ak7o05iYQKrCn9M9TwT31592,0.0,0,3,1,
1,1.0,4.240998029708862,1,2106VMTbOKIT8LUZtIXhHKmi1490,1.0,1,3,1,
0,0,4.183839559555054,1,66120RRLn0zmV3MwnNHl6_h2974,0.0,0,3,1,
0,0.6666666666666666,4.1588146686553955,1,882RL4zKg1IQbdwrUdiW2uc2668,0.0,0,3,1,
0,0,4.388363838195801,1,1579OPjVMaCxctlZmUpiZzrp1293,0.0,0,3,1,
1,1.0,4.182539701461792,1,1159_3BLEoNo6JC3PQD3lhm_3274,1.0,1,3,1,
1,1.0,4.3779590129852295,1,2131ThABbwh5RS-HlVdmLPDZ1417,1.0,1,3,1,
1,1.0,4.279137134552002,1,2021CWT7r6wMcqbzHWF5IBs12171,1.0,1,3,1,
1,1.0,4.327096223831177,1,1823Eoxuy7YeAaFwIKLgSxRm3381,1.0,1,3,1,
0,0.17391304347826086,4.386655569076538,1,1569FwzJ_LvmO5rW73WzT8541311,0.0,0,3,1,
1,1.0,4.478086233139038,1,2172mjXN9cse5myRvOdHKPXb4166,1.0,1,3,1,
0,0.09523809523809523,4.552310943603516,1,3016XnYJU0PvEDVmTUPXywfh3826,1.0,1,3,1,
0,0.6666666666666666,4.148195505142212,1,15387Blg_wJjcZbkwAdg3ihT1399,0.0,0,3,1,
0,0.4,4.225290060043335,1,2965ZcSt1DSsDVrBS8zreyMW3946,1.0,1,3,1,
1,1.0,4.355788469314575,1,1183jSSsRsBAdPZ3YbN6lTA63206,1.0,1,3,1,
1,1.0,4.157730340957642,1,24325JvjgPXosVnug4HXcsdC3598,1.0,1,3,1,
0,0.5,6.247453927993774,1,2588tXgAWa0hfqLa7dv034Sk2420,1.0,1,3,1,
0,0,3.9623358249664307,1,545m8hikbi_76zd990QYmmK274,0.0,0,3,1,
0,0.761904761904762,4.444563627243042,1,2133l3pjWfCkZZOCX5jvmzSB1411,1.0,1,3,1,
1,1.0,4.288985252380371,1,1030cFCd9o4jSm3pwYZj572K326,1.0,1,3,1,
1,1.0,4.291414260864258,1,1471q7bJiZQDI20zdeWOjTxp2066,1.0,1,3,1,
0,0.6666666666666666,4.0846521854400635,1,1220telOq3nKQ9I7IlLmxhq53097,1.0,1,3,1,
1,1.0,4.0555579662323,1,1158byH939tSa-y6piPB33qI3275,1.0,1,3,1,
0,0.6153846153846153,4.35057520866394,1,2143rWgXIxnPTtsFFOBT0X5t4243,1.0,1,3,1,
0,0.26666666666666666,4.267833471298218,1,1010HNqYCv68G7N_CQVNh43m382,1.0,1,3,1,
0,0.5,4.397423505783081,1,588NyHE4CBeocNT0p36WOjf144,1.0,1,3,1,
0,0,4.159134864807129,1,2353LXtRRUsp_KUtkJvbyF5G3749,0.0,0,3,1,
0,0,4.105589866638184,1,2606wggZxTDXC27kXBM1nOHp2377,0.0,0,3,1,
0,0,4.395554065704346,1,2125V8N_l5QntOTnTrzc20WM1434,0.0,0,3,1,
0,0.6285714285714287,4.441693544387817,1,2185kJh_nrTH_U4b39Vcv8ax4132,1.0,1,3,1,
0,0.5,4.221064805984497,1,2376URQldjysl6l8eVv3nAMJ3695,1.0,1,3,1,
0,0.3333333333333333,4.229203462600708,1,1384pGKRecF-Gb_z9zzAv2JJ724,0.0,0,3,1,
0,0.8750000000000001,4.421142578125,1,2148ORbgn9xAFsNQtzXY__rj4227,1.0,1,3,1,
0,0,4.531843423843384,1,621rUA-y24a2TlBAhZxV8H852,1.0,1,3,1,
0,0.14285714285714288,4.211785554885864,1,597Erm8rlfIbk1-dOAX1x_d117,0.0,0,3,1,
0,0.56,6.038609027862549,1,2439wUboO5ra35vEgdGIev-11921,1.0,1,3,1,
1,1.0,4.039382457733154,1,2229yjbOaiHjJ3l8FpptH4HW4022,1.0,1,3,1,
1,1.0,4.176417827606201,1,644VW80Ih4W_8lT57dCnHAu3021,1.0,1,3,1,
0,0.2702702702702703,4.673125743865967,1,888N5fO999xna1Xo8EzSka72654,1.0,1,3,1,
0,0.4615384615384615,4.2838218212127686,1,2588DwrxR7iNWl5O2r3FLLSK2419,1.0,1,3,1,
0,0.5555555555555556,4.404247045516968,1,1206pt-2ozhsCeZeJuJZ11Ii3139,1.0,1,3,1,
0,0,4.091742038726807,1,2173oSldYZR3JLWnzYW3O77H4161,0.0,0,3,1,
1,1.0,4.214788913726807,1,2960UnXl4G14Yymd8PXaR5Uk3960,0.0,0,3,1,
0,0.6857142857142857,4.530165433883667,1,266732gpl8X-FjP8gjcwzw2z1061,1.0,1,3,1,
0,0.18181818181818182,4.59483790397644,1,29552yyd0Gev5Q7THSvvmMm23972,1.0,1,3,1,
1,1.0,4.160510540008545,1,1023GZ3dln2t0HzaDV2xwSoN346,1.0,1,3,1,
0,0.058823529411764705,4.731861114501953,1,2675-gwBiwWZVyjWDUu4p4cd1038,0.0,0,3,1,
1,1.0,4.213424205780029,1,860q2h_WxoUUCbtkWt_rIm62718,1.0,1,3,1,
1,1.0,4.165190696716309,1,19734HA-piKOQCj9cOheHeMR2249,1.0,1,3,1,
0,0.5128205128205129,4.792508602142334,1,3020ZTgHQCHhDPV1YzPtr7cD3816,1.0,1,3,1,
1,1.0,4.19028639793396,1,2483B0xaJU5Jx1Cz2l8ywdGS1818,1.0,1,3,1,
0,0.8571428571428571,4.325785398483276,1,2237eotzWAE9no45Pa9ifZYj3999,0.0,0,3,1,
0,0.6,4.337794542312622,1,1489IFn4GWsL1jHdBDB-a94E2035,0.0,0,3,1,
0,0,4.02843451499939,1,2167979S1AzMJxecio9-6zel4180,0.0,0,3,1,
1,1.0,5.942144393920898,1,933f51SxFqN5EEdYugeQFhF2532,1.0,1,3,1,
0,0.9090909090909091,4.069951772689819,1,2147SEz1hmjhUpcGuddz5WUk4231,1.0,1,3,1,
0,0.7499999999999999,4.264449596405029,1,2195QSRuAqfW7wcL0yDgHAqi4112,1.0,1,3,1,
0,0.5454545454545454,4.231050729751587,1,2127j4vlim-EJ7C9hksd0XEG1429,0.0,0,3,1,
1,1.0,4.130502223968506,1,2678lDTDQx4d-wy7YI9o8k621027,0.0,0,3,1,
0,0.0625,4.715134859085083,1,21855lm1aeumxPgLxhAZ4rsM4133,0.0,0,3,1,
0,0,4.125617742538452,1,2654A6DJuqUHYjllfqY66FZQ1097,0.0,0,3,1,
0,0.2857142857142857,4.483588218688965,1,2116zZq6HMYtTo0CQinn_k-41459,1.0,1,3,1,
0,0.3809523809523809,4.4290931224823,1,134108m1Km6HBkINwlourrYc849,1.0,1,3,1,
0,0.07142857142857142,5.157498359680176,1,620K1_aZyohd-7lRb7mTttb56,0.0,0,3,1,
0,0.30769230769230765,4.525408744812012,1,2474wQkjUyyx7GnHZpL3Deaq1840,0.0,0,3,1,
0,0.5,4.425524711608887,1,11737vcT3qwp_gJxVFslucFe3235,1.0,1,3,1,
0,0.8,4.327424049377441,1,10361heR9e1kTvvo1NiiW5Ae308,1.0,1,3,1,
0,0,4.128701448440552,1,2606wggZxTDXC27kXBM1nOHp2378,0.0,0,3,1,
0,0.4705882352941177,4.579920768737793,1,2232C9tE6pI8bHZ63YEfofZm4013,1.0,1,3,1,
0,0,4.030463695526123,1,730-sg8DQC7Q6MNsKvBhO3l2800,0.0,0,3,1,
0,0.6666666666666666,4.1755194664001465,1,2498Ntl0yuQwIc1zcFl2LEt61786,0.0,0,3,1,
0,0.5,4.174689769744873,1,1509gKJxAthX1pquVrt7KPXD2002,0.0,0,3,1,
0,0.6,4.210869073867798,1,1603faGMdBUg02YqijMJnA3w1230,1.0,1,3,1,
1,1.0,5.873203992843628,1,657VFHiQ4-7Kz6tz_vms0Uo2985,1.0,1,3,1,
0,0.5,4.132554054260254,1,2063xkIouWNgoRjOGLoCZ1bE1612,1.0,1,3,1,
0,0.35294117647058826,4.296956539154053,1,134108m1Km6HBkINwlourrYc848,1.0,1,3,1,
0,0.5,4.31339693069458,1,651fsZ9lTWd449M33QOudtw3001,1.0,1,3,1,
0,0,4.229840040206909,1,2977bAR1UUAdut5SZn4bYC9-3917,0.0,0,3,1,
1,1.0,4.347261905670166,1,30097-Lb9tKHWA_8Z-1p8-LH3842,1.0,1,3,1,
0,0.5,4.464630603790283,1,2979WuXci60uJEdQnVCd4Xjn3912,1.0,1,3,1,
0,0.3333333333333333,4.480068922042847,1,2941qGbMTO0mozvc2N-D8Ll13996,0.0,0,3,1,
0,0.5,4.088920593261719,1,705nABbOAzpYWFGNrPSDwL22867,0.0,0,3,1,
0,0.4,4.435857534408569,1,850EvvWq5cM1pQg86O2yHNg2749,1.0,1,3,1,
1,1.0,4.3471574783325195,1,2052CjMDg4rKssIF2dZJmzem1644,1.0,1,3,1,
1,1.0,4.146815061569214,1,1345ag1pnM8TapsP64bzpQa0835,1.0,1,3,1,
1,1.0,4.228984355926514,1,8800eSsNgilzH8vuQNt4Jml2674,1.0,1,3,1,
0,0.25,4.163447618484497,1,1001W57bXvzsU7BsCan0XmdL407,0.0,0,3,1,
0,0.18181818181818182,4.591161012649536,1,2456mSRZvgWGRhYDDkRPL2f41882,1.0,1,3,1,
0,0.7000000000000001,4.36896824836731,1,2391ePMyIq2X1JLq1967u6CY3667,1.0,1,3,1,
0,0.5263157894736842,4.795266628265381,1,2718prFY56JKafzui1OKyt46915,1.0,1,3,1,
0,0.380952380952381,4.491352558135986,1,2470-I0Ycn3m1ADgtmf8Qlse1851,0.0,0,3,1,
0,0.5,4.360395431518555,1,2369Df519g_V8jVHWQoP3PG93711,1.0,1,3,1,
0,0,6.127920627593994,1,20388Up5mLcWdYU-WNmLJdtF1684,1.0,1,3,1,
1,1.0,4.099030494689941,1,1781sbFFllrurUSJ_Gr41cCI3471,1.0,1,3,1,
0,0.8750000000000001,4.190753936767578,1,11810pNzis8O7iMe4D0TXLLB3214,1.0,1,3,1,
0,0,4.120415210723877,1,1443QN39Ck2EQtKHwrv95Fdo2123,0.0,0,3,1,
0,0,4.111488580703735,1,8800eSsNgilzH8vuQNt4Jml2673,0.0,0,3,1,
0,0.923076923076923,4.283903121948242,1,1561CHAGkVck74VVUABuSAwY1334,1.0,1,3,1,
1,1.0,4.124658107757568,1,2387-M6jRmAUm0dwueCkUyJl3674,0.0,0,3,1,
0,0.7999999999999999,4.168350696563721,1,2503mD8qIsdD1SDE74Qh-IaF1772,1.0,1,3,1,
0,0.7272727272727273,4.400614261627197,1,1795SmUM72qvYEGcEDAoWbE73443,1.0,1,3,1,
1,1.0,4.575320243835449,1,1470cJbPNG5jp6U76xnNSz1N2069,1.0,1,3,1,
0,0,4.387641191482544,1,683qZh2hIeeIAW7sEw3xRoe2916,0.0,0,3,1,
1,1.0,4.111040830612183,1,1037pwf13W4KYglfjZucyzMr303,1.0,1,3,1,
0,0.8,4.311127662658691,1,2697v70pWXgc-DSg0veQwf_g973,0.0,0,3,1,
0,0.6666666666666666,4.3794004917144775,1,1565GCwUFVbdCdhcZ_GOztSL1323,1.0,1,3,1,
1,1.0,4.039711952209473,1,676GKGz4YMI2p0rgqxkFts72937,0.0,0,3,1,
1,1.0,4.2815985679626465,1,2554mt4e_yJYeBYxqGIR5ybl2481,1.0,1,3,1,
1,1.0,4.235357761383057,1,1591ek7O19h74ATqsHjdtFUz1260,1.0,1,3,1,
1,1.0,4.292261838912964,1,19743Coi1jS_QPbxu2FRk8LC2246,1.0,1,3,1,
0,0,4.244675397872925,1,954ewPFqe0IjyBJN77y7QiK538,0.0,0,3,1,
0,0.1904761904761905,6.33376669883728,1,2602Qiq4iutdiApDxWf40xp42390,0.0,0,3,1,
0,0.6666666666666666,4.0944154262542725,1,2968C7LlqUnuO2Rpg_LoWMAj3937,1.0,1,3,1,
1,1.0,4.077824831008911,1,1225RCrAx9wJxpkVXOhgrIVp3081,1.0,1,3,1,
0,0.5,4.316439151763916,1,596zM0R2OmIzgkB1SbT2GQk121,1.0,1,3,1,
0,0.6428571428571429,4.425497531890869,1,988FErcpJAvfdvuXzhk1d2j435,0.0,0,3,1,
0,0.3333333333333333,4.2923688888549805,1,1230GUOhXat97Yr3ZBs4FTgR3066,1.0,1,3,1,
0,0.8,4.102932929992676,1,945tBlPoKsnHp4m96z6_5la565,1.0,1,3,1,
1,1.0,4.275524616241455,1,27385FnxYBX7geCrqoYaZeLD859,0.0,0,3,1,
0,0.6666666666666666,4.44473123550415,1,1216KGsfCkgqupDitvDzZvvn3109,1.0,1,3,1,
0,0.8275862068965518,4.31627082824707,1,2449MJsvA7muVLQFQ3PIvYxW1896,1.0,1,3,1,
0,0.4,4.543236494064331,1,655zEoksqfcq2EVZ02Mbw7P2989,1.0,1,3,1,
1,1.0,4.226860284805298,1,2665gofGzsBk2vSGVSEDt1Hi1068,0.0,0,3,1,
0,0.5,4.326398134231567,1,2109VHtyjetCFyDgKOq5r_WJ1480,1.0,1,3,1,
0,0.3636363636363636,4.432774305343628,1,1581PSxQIYeCh0A36EuqcNFg1285,1.0,1,3,1,
0,0.8571428571428571,4.152247905731201,1,6863QwKQmripDGXlTBA_dd22910,1.0,1,3,1,
0,0.6,4.39660382270813,1,1943rxwpWMHzuLw1uSqBn62Q2315,1.0,1,3,1,
0,0.8,4.279135465621948,1,21505TOXvyl0OGGpW7CAQlAq4225,1.0,1,3,1,
0,0.5,4.335450649261475,1,26242_7PGIerv2Q0zGtONaPz2353,1.0,1,3,1,
0,0.8,5.757661819458008,1,21505TOXvyl0OGGpW7CAQlAq4224,1.0,1,3,1,
1,1.0,3.997058868408203,1,677xmZHBoR33brul42LKfZz2936,1.0,1,3,1,
0,0.4375,4.514214038848877,1,2233nOCdB2RiiWVTHevF1XQv4011,1.0,1,3,1,
0,0.8,4.125526666641235,1,2617kBjHv2oN0nUKO23LlFJL2364,1.0,1,3,1,
0,0.5,4.148305416107178,1,1175f68nWVOs5WY82yUFRvj63232,0.0,0,3,1,
0,0.15999999999999998,4.434254884719849,1,2973V3Yh88dWwEdfJb_tftSD3927,1.0,1,3,1,
0,0.5454545454545454,4.32810115814209,1,683aqqwKP1KduPxIkVF7N9F2918,1.0,1,3,1,
1,1.0,4.20123291015625,1,26201BkXMvVLir4JL_20wfV12359,1.0,1,3,1,
0,0.6,4.248241424560547,1,2118jdsykE0McP5cAZxVpo2d1454,1.0,1,3,1,
0,0.19999999999999998,4.450427293777466,1,2517lXXoQUIKbal6xfNNtVAn1744,1.0,1,3,1,
0,0.4,4.163092851638794,1,908jl25A_Iov80feqJ4evmm2601,0.0,0,3,1,
0,0.6666666666666666,4.239842653274536,1,1373md66uV8NUYn6tLcFPoUa754,0.0,0,3,1,
0,0.4,4.3186118602752686,1,24911q_50dkgYzY3pVZJL3Sc1805,1.0,1,3,1,
1,1.0,4.261703014373779,1,2013gpksQIp23gepFksmpqXj2186,1.0,1,3,1,
0,0.761904761904762,4.8113226890563965,1,2208KPJx__8bPSCeN9p1Fi0X4073,1.0,1,3,1,
0,0.35714285714285715,4.520259141921997,1,2211Cy7Oahng9F7-H0Oc3e544064,1.0,1,3,1,
0,0.28571428571428575,4.331794023513794,1,2647wx3YQTfZqS0kaThBNcMd1114,0.0,0,3,1,
0,0.16666666666666669,4.3370983600616455,1,15075jeWJyHrflW280qJuH1b2009,1.0,1,3,1,
0,0,4.356197834014893,1,998Con_q4MLI1RfJuY2bKbI416,0.0,0,3,1,
0,0,5.86344838142395,1,579arqEgmuOnA4zj2j7weJ4173,0.0,0,3,1,
0,0.10526315789473684,4.765832185745239,1,1798KfLl6KS7V9XT4gra5ItO3437,1.0,1,3,1,
0,0.5,4.148711919784546,1,1776In5nDr6EiD2h4i0Hjv4f3485,1.0,1,3,1,
1,1.0,4.080091238021851,1,1944Ec6XPqU4Xy4eSPu6R32j2312,1.0,1,3,1,
0,0.07692307692307693,4.653388023376465,1,857_7Nv3vFr25l0dhIhFy_82728,1.0,1,3,1,
1,1.0,4.206999063491821,1,2519KkZmS0x5ulGXiZTw1wKR1737,1.0,1,3,1,
1,1.0,4.222828149795532,1,2095TnNWtDkF3d8sfPpoIY4z1518,1.0,1,3,1,
0,0.42424242424242425,4.668660879135132,1,992iTR1IjxbLP4VmHcDDPOa424,1.0,1,3,1,
1,1.0,4.1544530391693115,1,1541-Tc1l_CQDW9x1chtv8Gl1391,1.0,1,3,1,
0,0.2608695652173913,5.090163469314575,1,1582AZl0hrMFq0o_sdc6NePo1284,1.0,1,3,1,
1,1.0,4.160053253173828,1,11714vchzsnda6_BXJcN4y-b3241,1.0,1,3,1,
1,1.0,4.209004163742065,1,708Hy1_nMQxQpRgTmBhJ1IB2858,1.0,1,3,1,
0,0.47058823529411764,4.772044897079468,1,17502DSDScCdCbid-xPukm5G3553,1.0,1,3,1,
0,0.5,4.1578710079193115,1,15552yE_F-OkWgqqtdUwPtGF1351,1.0,1,3,1,
0,0.19999999999999998,4.704848527908325,1,2231oKXyKiZUC2dpEO9h9RY-4018,1.0,1,3,1,
0,0.6428571428571428,4.480232000350952,1,2731HqkZcXQ2ghjXCopBDyf4879,1.0,1,3,1,
0,0.5,4.421122312545776,1,2508GyO7kZECUGQ3Ln8manrq1763,1.0,1,3,1,
1,1.0,4.294781446456909,1,11714vchzsnda6_BXJcN4y-b3240,1.0,1,3,1,
0,0.6976744186046512,4.589651346206665,1,1472rUZfzrrFBRkQ2V9Nom352063,0.0,0,3,1,
0,0.5,6.110438108444214,1,1362BPgQJxJaOhV-CP2tGeBk785,1.0,1,3,1,
0,0.7843137254901961,4.524861574172974,1,2594UqcL6N9Bq7ENoFzW00092405,1.0,1,3,1,
1,1.0,4.1672093868255615,1,2341Q2GfH2MypqPucUYoE69T3776,1.0,1,3,1,
0,0.28571428571428575,4.13284969329834,1,2361c-8SrBx2PZDYVGvo5ybn3731,0.0,0,3,1,
0,0.2857142857142857,4.34110689163208,1,636bdCEp-ei65RvphUV5kzu8,1.0,1,3,1,
0,0.25,4.657429456710815,1,1353cuJ2B12zDs0aTs65HC-5813,1.0,1,3,1,
0,0.33333333333333337,4.133164405822754,1,9628yTL0M_7Lj--HbvNAKMl514,0.0,0,3,1,
0,0.23076923076923078,4.6865832805633545,1,26765i_aQSNS1WuOSbksxa7p1034,1.0,1,3,1,
1,1.0,4.072933197021484,1,1615r-Z6NuO6cx_SWYHnunxF1195,1.0,1,3,1,
0,0.2222222222222222,4.586155414581299,1,1168kp5b9nrZxT84IBjU96zK3248,0.0,0,3,1,
0,0.29629629629629634,4.484940052032471,1,2186_FLLcoz_UzJCVTV21EaN4129,1.0,1,3,1,
1,1.0,4.111616611480713,1,729mxVBV4LVflnVcZxNyg-P2802,1.0,1,3,1,
0,0,4.329551696777344,1,1565GCwUFVbdCdhcZ_GOztSL1322,0.0,0,3,1,
0,0.08695652173913043,4.520764589309692,1,2715dw_ZC1DahbCczlDe5Yi7926,0.0,0,3,1,
1,1.0,4.2860307693481445,1,14704QRXB2pWMRJUNrhyXKDZ2068,0.0,0,3,1,
0,0.4,4.176254987716675,1,2983UePrdFo_KyuxMZVfMyOL3902,1.0,1,3,1,
0,0.5333333333333333,4.472842693328857,1,1354mCWTp9JbO_9CEDgtcsqF809,1.0,1,3,1,
0,0.717948717948718,4.574790954589844,1,66808P9Oq5Ku-ZS0_3Jlrau2955,1.0,1,3,1,
0,0.8571428571428571,4.172584295272827,1,15314QMC--BggOkyoE34_Rfc1943,1.0,1,3,1,
0,0.6666666666666666,6.005103588104248,1,1998tYHxV4GeHjIVsXiSo8Hr2212,1.0,1,3,1,
0,0,4.518847227096558,1,25102SwtlRVEiwDcKTiJMvjz1760,0.0,0,3,1,
1,1.0,4.154606819152832,1,5527xlxOUT-22yChZ-JdcpK252,0.0,0,3,1,
0,0.7999999999999999,4.468430519104004,1,1597nEqmtOHPo0XoNSnISrKk1244,1.0,1,3,1,
0,0.4444444444444445,4.4254443645477295,1,957C6c8UBXNxelvZ_YavK28529,1.0,1,3,1,
0,0,4.354772567749023,1,2123OTmL8FamXbZSNs3_HwHe1441,1.0,1,3,1,
0,0.1818181818181818,4.256617546081543,1,1739w6-1RejjBE98uefpWvmD3585,1.0,1,3,1,
1,1.0,4.143479585647583,1,2985dy6AZ8KVp-M-A7SQvT8F3898,1.0,1,3,1,
1,1.0,4.169507026672363,1,1550GzjCBajsuSw_Bnhtl8WB1366,0.0,0,3,1,
0,0,4.573362827301025,1,1343QtMvat2gfyOpKcj4hGQk842,0.0,0,3,1,
0,0.8,4.329888105392456,1,2421v8dCeaZg9Ymh8vP7GbpI3612,1.0,1,3,1,
0,0.5641025641025641,4.610217094421387,1,9171SqPvS4Y9VVB9rn93Vi-2575,1.0,1,3,1,
0,0,4.326610565185547,1,984xM8OB5gvxHsdQmn1r-8F447,1.0,1,3,1,
0,0.18181818181818182,4.486176013946533,1,962NqL5Nn7k-2hfELK_z0pe513,0.0,0,3,1,
0,0.5263157894736842,4.4918694496154785,1,1361l3EW8F-mTJt_YdXPsqHd787,1.0,1,3,1,
0,0.22857142857142854,4.5974953174591064,1,1754c4L39ZzzXq71ZehR_uoC3542,1.0,1,3,1,
0,0.5,4.350520372390747,1,2101NmIr2aqU_7v2eE_aidH61505,1.0,1,3,1,
1,1.0,4.336430072784424,1,584OsnQDPEfdT3D-biv4Yg2157,0.0,0,3,1,
0,0.6666666666666666,4.21230411529541,1,3010SprKLAHdowqTjGRQOf4i3838,0.0,0,3,1,
0,0.2857142857142857,5.771970987319946,1,665rw55Ie4DPe0sqY77puig2964,1.0,1,3,1,
0,0.5,4.011343955993652,1,1835FSurGzklPJM4MCko7da83344,1.0,1,3,1,
0,0.7111111111111111,4.4995317459106445,1,2443eTrLtv9UbuEE_nR7dCeV1909,1.0,1,3,1,
0,0.5454545454545454,4.285638809204102,1,2536UpX9Bg_Y08DDNzXdFiU_1689,1.0,1,3,1,
0,0,4.044922113418579,1,2186ULHrp_lvPj5LDBoeTtdH4130,0.0,0,3,1,
0,0.7272727272727273,4.335827112197876,1,578M9mlC9utfrcwX6F1l7Jn174,0.0,0,3,1,
0,0.3076923076923077,4.3336780071258545,1,2070ak7o05iYQKrCn9M9TwT31591,0.0,0,3,1,
1,1.0,4.2394092082977295,1,2476jZQD7x5reworgE-JOi2N1834,1.0,1,3,1,
0,0.6666666666666666,4.081927537918091,1,992iTR1IjxbLP4VmHcDDPOa425,0.0,0,3,1,
0,0.4,4.1184892654418945,1,1617DSC5R_p9RerIchibaVxE1187,0.0,0,3,1,
1,1.0,4.219419479370117,1,1621kehREtB2jwFxfLSb5njd1177,1.0,1,3,1,
1,1.0,4.219090938568115,1,2961ZnbcPJCiADt4D4VSwFvF3956,1.0,1,3,1,
1,1.0,4.224208354949951,1,2714bDI6fIAZBhgsB3LbtItA929,0.0,0,3,1,
1,1.0,4.175063848495483,1,3018kZFSgaadxi0PtYR3mhFH3819,1.0,1,3,1,
0,0.8181818181818181,4.373779296875,1,694HnOVoSnpyv6ljVHWDfeS2889,1.0,1,3,1,
0,0.4799999999999999,4.604578733444214,1,102860x28lgIYl08vHuvaK5q331,1.0,1,3,1,
0,0.48484848484848486,4.679929971694946,1,2204OywqClhMtfHv_617FgzA4087,0.0,0,3,1,
1,1.0,4.236583948135376,1,1801GMGqWYEBcwKtk36fM4SD3431,1.0,1,3,1,
0,0.5714285714285714,4.403350591659546,1,2639Y4u-Qqri_Ci3GGBQDl9U1134,1.0,1,3,1,
0,0.5714285714285715,5.868015766143799,1,2686JOWKciP4s6sWuWPuyo-d1005,1.0,1,3,1,
0,0.5,4.457349061965942,1,1447OPmuJcT_JIwnw1TrzHrh2118,1.0,1,3,1,
0,0,4.196059465408325,1,1539fARKnR7H8s-gfUpW2rn21395,1.0,1,3,1,
0,0,4.418261766433716,1,907CG6Y0hTOIf2iMApGkPO72605,0.0,0,3,1,
0,0.8,4.207685232162476,1,2208FuW7GAKFmCyvVin50esl4074,1.0,1,3,1,
0,0.6666666666666666,4.42390513420105,1,570lPdM0wYkCW3--bgqWmPv199,0.0,0,3,1,
1,1.0,4.0235278606414795,1,2072z7yPHGlbkEuIidU7ws1C1584,1.0,1,3,1,
0,0.5882352941176471,4.208062648773193,1,26276wka1rfL0BiynIYM718e2345,1.0,1,3,1,
0,0.5,4.463407039642334,1,1426fuexC-Dh-eLxD0l5Qoty609,1.0,1,3,1,
0,0.1935483870967742,4.501118183135986,1,2695ZPNMDXJVWkSpBsIvWP2e979,0.0,0,3,1,
0,0.4444444444444445,4.309152603149414,1,2505FyMeBIza_lW5D_Zn1Sgx1769,1.0,1,3,1,
0,0.16666666666666669,4.374997615814209,1,1741XjQ2QM-7GtyfQYYY_fET3580,1.0,1,3,1,
0,0,4.305156469345093,1,561RShlPGzCfUPZQrUdWiIe227,0.0,0,3,1,
0,0.8,4.134339094161987,1,1034epoawfzg9BJTz2Ca4vrd314,1.0,1,3,1,
0,0.15384615384615385,4.4871296882629395,1,17796ulGE45jPxE9l8aLA4HP3476,1.0,1,3,1,
0,0.14285714285714285,4.298358917236328,1,1412q4IJJSwEUFoUq8DN4pFZ650,0.0,0,3,1,
0,0.2222222222222222,4.4935219287872314,1,1390o9_Ny0o9guZOaXj0sbu7710,0.0,0,3,1,
1,1.0,4.235887050628662,1,543zehgCplVJZaqw9cOuxgf279,0.0,0,3,1,
0,0.6666666666666666,4.16000509262085,1,1141-c26SVoXDsoOKAlJ_rik3328,0.0,0,3,1,
0,0.4444444444444445,6.031684160232544,1,1983xyRNnTqnmKy_BKrNn_4L2234,1.0,1,3,1,
1,1.0,4.161841630935669,1,20135j_uI6Pa4xYoAfhT5RFW2185,1.0,1,3,1,
0,0.4285714285714285,4.195934295654297,1,1435rs_1B10Z6zpwn_c2KbLB588,1.0,1,3,1,
0,0.6451612903225806,4.493824243545532,1,2653pTmwhjVfxT1gFxGr49qQ1099,1.0,1,3,1,
1,1.0,4.124295711517334,1,2608eLuQvx4PuZ3GmN9QGr8z2370,0.0,0,3,1,
1,1.0,4.197535991668701,1,9567FV5fK_9tjWGUSOCiJM4532,1.0,1,3,1,
0,0.6666666666666666,4.207831144332886,1,1823OCTxsYW2VwXgoqBEFKRB3380,1.0,1,3,1,
0,0.25,4.237226963043213,1,1482g7oHtVvZqKuuTZk40k9M2045,0.0,0,3,1,
0,0.5,4.505010366439819,1,23400fYXPU8hPMma1dgBlkCK3779,1.0,1,3,1,
0,0.6,4.22323751449585,1,2356xnurKXc7ANXfRPTMqta_3741,1.0,1,3,1,
0,0.8,4.370060682296753,1,989BVy7A3ta2RwmPxZ1Xrzc433,1.0,1,3,1,
0,0.7272727272727273,4.3303515911102295,1,21855lm1aeumxPgLxhAZ4rsM4134,0.0,0,3,1,
0,0,4.059190988540649,1,2640qGTRBDkuytVF7DgH9rac1132,0.0,0,3,1,
0,0.6666666666666666,4.33540940284729,1,2220XTBfWE1kd1k80pKd_SFk4046,1.0,1,3,1,
1,1.0,4.185266017913818,1,1484LBCjE9GGNK0dm10EyT1L2042,1.0,1,3,1,
0,0.31578947368421056,5.031324863433838,1,2166esJlNv4Wy062Kf9ux_964182,1.0,1,3,1,
1,1.0,4.198345899581909,1,1165vJ-Wr8WinYRSX1Q9stZi3257,0.0,0,3,1,
0,0.20512820512820515,4.829429864883423,1,2654A6DJuqUHYjllfqY66FZQ1098,0.0,0,3,1,
1,1.0,5.826694011688232,1,2993JuZ1oPVxXbMKQ5CDMb_03879,1.0,1,3,1,
0,0.09523809523809523,4.2342894077301025,1,2671C6-T0tPIF_eRNZCOcYji1050,0.0,0,3,1,
0,0,4.123415470123291,1,14796ofVvIsqSw1T0yJIXV-e2051,0.0,0,3,1,
0,0.47058823529411764,4.345626592636108,1,30373EtKFN1zd5WPODueptSp3787,0.0,0,3,1,
0,0.5,4.381709098815918,1,2544eSHJS5zzqCGOgk7Ye0SF2500,1.0,1,3,1,
1,1.0,4.037931680679321,1,2587B35iCZ4McbnvBlBd7adK2421,1.0,1,3,1,
1,1.0,4.040745496749878,1,9213Z63XI7LzEYgX3C6x0dw2562,1.0,1,3,1,
0,0,4.249665975570679,1,2530fo_aPuaSJ-EY05R9trs51703,1.0,1,3,1,
1,1.0,4.013233661651611,1,23650GFefFLGJfbuvjWASh6g3721,1.0,1,3,1,
0,0.24,4.673415660858154,1,9060M-eUQVT4tdQgPtZ-brd2607,1.0,1,3,1,
0,0.2758620689655173,4.64014458656311,1,3038uk1Q8NYktJIx4u5Dtq-43786,1.0,1,3,1,
0,0.5454545454545454,4.450382709503174,1,887_9o_cHqtY2M45BDABDVl2657,1.0,1,3,1,
0,0.2857142857142857,4.528507471084595,1,1344XccXLOM5JOB3u2zXEXnU838,1.0,1,3,1,
0,0.8571428571428571,4.1661696434021,1,2151FyvnA441-0KcveL6NhEg4222,1.0,1,3,1,
1,1.0,4.25515341758728,1,2374SSI1oS9XmyEgbmaPIMGm3700,0.0,0,3,1,
0,0.6250000000000001,4.25104284286499,1,1580Swc8yb1vcok9FztLAWLx1289,1.0,1,3,1,
1,1.0,4.204722166061401,1,1227KkNbIayUtdm3fDCsgi_R3074,1.0,1,3,1,
0,0.4444444444444445,4.206830978393555,1,2487r0FlOaT0cxfdf86hPkP-1812,1.0,1,3,1,
0,0.7142857142857142,4.402656555175781,1,2578y9zD7QdiguEv3Qrdgam-2439,1.0,1,3,1,
0,0,6.119950294494629,1,2522E6U2hOb5WtI8vVLyVfMP1727,1.0,1,3,1,
0,0.07692307692307691,4.323377847671509,1,1605V68g1ARg__hMabvQP1me1223,0.0,0,3,1,
0,0.4,4.0353920459747314,1,1138CmWVAsyJiAlk5YMGolJH3337,1.0,1,3,1,
1,1.0,4.078675746917725,1,1546DCalUExqBzLjIbfKVwJ-1374,1.0,1,3,1,
1,1.0,4.264613389968872,1,1551RTdCvKw-4XSQDEMwDw8W1364,1.0,1,3,1,
1,1.0,4.512244701385498,1,1596hz1gsYK5o6xA9WxD8x5Q1247,1.0,1,3,1,
1,1.0,4.048522472381592,1,2141Z5HcTv8ZIc2Hpqm-HQoq4249,0.0,0,3,1,
1,1.0,4.18593430519104,1,1512f5HEXhPfS3cf7nh-tboG1992,1.0,1,3,1,
1,1.0,4.151810646057129,1,8486FcfpGKVx1trsy0PGkDp2754,1.0,1,3,1,
0,0.5,4.399166584014893,1,2353oF79-Zc0tRIFC0bsyHCL3751,0.0,0,3,1,
1,1.0,4.041459083557129,1,1398tbxE6rw4tRvgrp1PnRa7693,1.0,1,3,1,
1,1.0,4.096749544143677,1,14953SpgE208tpp7exNPc2yN2028,1.0,1,3,1,
1,1.0,4.325079441070557,1,2716pyHs3Lb2MevKvsruRxpf921,1.0,1,3,1,
0,0.6923076923076923,4.50702977180481,1,2527_1gwPfkH0sI_fNYkRULn1714,1.0,1,3,1,
1,1.0,4.313758134841919,1,1953bg5H8M8IKcos6Zpr7rJ82289,1.0,1,3,1,
0,0.16,4.868196964263916,1,2674p_1et1WpagnOWpkhuCFF1039,0.0,0,3,1,
0,0.3076923076923077,4.499643087387085,1,1775dGCKacaEaf4vXnKBh4Rd3488,1.0,1,3,1,
0,0.6363636363636365,4.258946180343628,1,879e8JaFZiS1bIPJKfr-NO82676,1.0,1,3,1,
1,1.0,4.1612868309021,1,2054dYaTbGXvuHEu9KAgglUa1639,1.0,1,3,1,
0,0.25,5.931063890457153,1,939UKiLhBxA_KgLZ3hrXrJ0584,0.0,0,3,1,
0,0.6666666666666666,4.079193592071533,1,575_whZmLvyvEEXouWkoc8Q184,1.0,1,3,1,
0,0.8333333333333334,4.2198646068573,1,1833mBAvNL7f3ZCmej5PwbdX3352,1.0,1,3,1,
0,0,4.1476922035217285,1,260778F0v0DAsxDp5cLyPs1O2375,0.0,0,3,1,
0,0.30303030303030304,4.581922769546509,1,5727w28zIiNblkHmyplKA2z192,0.0,0,3,1,
0,0.13793103448275862,4.618887901306152,1,2641luCyIUQH3LALHIuyhbkM1128,0.0,0,3,1,
1,1.0,4.01231837272644,1,2605EHUeu9PLnQV7xV85uEAC2379,0.0,0,3,1,
0,0.6666666666666666,4.25835657119751,1,1001W57bXvzsU7BsCan0XmdL406,1.0,1,3,1,
1,1.0,4.1813459396362305,1,2074kJ6tj7m3dUealDR0iSOG1580,1.0,1,3,1,
0,0.3529411764705882,4.471690893173218,1,580nH6LvFdvuQbuzorAxkmf168,0.0,0,3,1,
0,0.6,4.197758674621582,1,638byj_HJNZPUDnv8F8TRia3039,0.0,0,3,1,
0,0.06896551724137931,4.434326171875,1,2589xXJabxuTAbaSikLKRb-g2418,0.0,0,3,1,
0,0.3636363636363636,4.388429880142212,1,839nusntKDajSx2255RhZPf2780,0.0,0,3,1,
1,1.0,4.081795692443848,1,689K_UtF9KosnX3zeO2E8S92903,1.0,1,3,1,
1,1.0,4.247060775756836,1,582uj-O_p2agIMaKLfVvt9q164,0.0,0,3,1,
1,1.0,4.2427732944488525,1,1781sbFFllrurUSJ_Gr41cCI3472,1.0,1,3,1,
0,0.56,4.252177953720093,1,1227qM25lwDT1HffYX7Q27LJ3075,1.0,1,3,1,
0,0.4444444444444445,4.359947681427002,1,593JhF3rLLX0PCam0j2bU_P129,1.0,1,3,1,
0,0,4.724450349807739,1,1977SlMmmlMBkQchcn7LpKOP2240,0.0,0,3,1,
0,0,6.103236675262451,1,1770rj6GQbTCC5Whkc2stQVr3495,0.0,0,3,1,
0,0.5882352941176471,4.29528284072876,1,2228Tic033jedplc8b6Uf0fN4027,1.0,1,3,1,
1,1.0,4.122976303100586,1,1177fONE_RDqWcxNV6IGBc0e3224,1.0,1,3,1,
0,0,4.4779887199401855,1,2086nxujZtZ3z2hM1YJJosdX1544,0.0,0,3,1,
0,0.47058823529411764,4.206965208053589,1,1745gouL95j9WGSnTgRSoegw3568,0.0,0,3,1,
0,0.5384615384615385,4.532880067825317,1,1513e32PRGagyhaNmp__k3W51990,1.0,1,3,1,
0,0.6666666666666666,4.173753261566162,1,2394bND9migU-q64-anVISkT3661,1.0,1,3,1,
1,1.0,4.267355918884277,1,1156df4-3lXjk7sDVJcyLHlO3282,0.0,0,3,1,
0,0.6956521739130436,4.186709403991699,1,15230_0x3zw-YpnxYNbwt3Hc1964,1.0,1,3,1,
0,0.35294117647058826,4.337693452835083,1,1153qNeYaWgsWaP4fPq6Tjjm3290,1.0,1,3,1,
0,0.5714285714285715,4.296107053756714,1,2130hnFIfjAqoSjF4izSr4Sg1421,1.0,1,3,1,
0,0,4.270410776138306,1,850EvvWq5cM1pQg86O2yHNg2748,0.0,0,3,1,
1,1.0,4.272480249404907,1,209479ecAuID6IOsgZlZzFI71521,1.0,1,3,1,
0,0.3333333333333333,4.204803943634033,1,24874ZExUiMVxjjNDRJVHXGS1813,0.0,0,3,1,
0,0.3478260869565218,4.600634813308716,1,597fEYgqbkB93zL9E-hqzfg118,0.0,0,3,1,
0,0,4.417547941207886,1,2421aPJOo5UynG4APVgasKa53614,0.0,0,3,1,
1,1.0,4.088129758834839,1,18252TF4EJnWkvDxaV45VI1B3375,1.0,1,3,1,
0,0,4.680009603500366,1,2205ENHOPLj9Z8oxm2fYD6lB4084,0.0,0,3,1,
0,0,4.1582911014556885,1,1615MK6ZFfIs7IFCYW4172gB1193,0.0,0,3,1,
1,1.0,5.871025562286377,1,1453zJFuwlSehscZJwrQDmDL2108,1.0,1,3,1,
0,0.7857142857142858,4.449471712112427,1,2351DjvHEkUCiDFMzqJ9zMhH3754,1.0,1,3,1,
0,0,4.159652948379517,1,2605xGWRPmjAX3zTTpbG5G9l2381,0.0,0,3,1,
0,0.5,4.448777914047241,1,1768-UuFG072H5O8Xrou6GUN3502,1.0,1,3,1,
0,0.10526315789473685,4.299009561538696,1,2231oKXyKiZUC2dpEO9h9RY-4017,0.0,0,3,1,
0,0,4.273914575576782,1,727txM-u642lp8qZYKtzIpe2807,0.0,0,3,1,
0,0,4.439633846282959,1,2081wGIIBL_5uHYg2-zjVmIl1558,0.0,0,3,1,
0,0.25,4.973018169403076,1,548Bj6ddRdZ8SW-Zzx6iTxc266,1.0,1,3,1,
1,1.0,4.136419296264648,1,145680wJT2OEc4U1fHPyTYZE2102,1.0,1,3,1,
0,0.6666666666666666,4.059293270111084,1,1016CUBKrFMJ-UTMJxunATzk367,1.0,1,3,1,
0,0.2857142857142857,4.412554502487183,1,586KitV3SprRbS0Gf9jJzYW152,1.0,1,3,1,
0,0.3,4.354823112487793,1,2735DkgI5gkdGxPwuyGQ7JAD869,1.0,1,3,1,
0,0,4.373235464096069,1,1430c-EOOP47sw8eHQFzvYMg598,1.0,1,3,1,
0,0.4666666666666667,4.386056423187256,1,846dI6s8NANbI0cXEx7WJXa2761,1.0,1,3,1,
1,1.0,4.097698926925659,1,2085feZV_pGZO7tqB0IDQrNw1547,1.0,1,3,1,
0,0.1818181818181818,4.393926382064819,1,1541LwNBuKx3059aO01FudyY1389,0.0,0,3,1,
1,1.0,4.186606407165527,1,11547MyYfAO2SJjFtK6lH5ci3288,1.0,1,3,1,
1,1.0,4.175360679626465,1,2203MPjw7wTHX4rxoiofFaQy4090,1.0,1,3,1,
1,1.0,4.045507192611694,1,2988TQKy1nIs2XH8-mdMN3js3889,1.0,1,3,1,
0,0.4761904761904762,6.097100257873535,1,952q3wHt8L32hYlTJgOO2ea543,1.0,1,3,1,
0,0.6666666666666666,4.434572219848633,1,1942fMXkD48PYS9_snttkRcW2318,1.0,1,3,1,
0,0.09090909090909091,4.3957836627960205,1,1745gouL95j9WGSnTgRSoegw3569,0.0,0,3,1,
0,0,4.401392459869385,1,3009H9M_TNpQCxuXCdfB9kCI3841,0.0,0,3,1,
0,0.6666666666666666,4.411815881729126,1,1200iD_TbPSqREfeM3ey59wU3155,0.0,0,3,1,
0,0.8571428571428571,4.378678798675537,1,554G0DwZ6uy9_I1JG9mFLZL246,1.0,1,3,1,
0,0.45161290322580644,4.291609048843384,1,939UKiLhBxA_KgLZ3hrXrJ0583,1.0,1,3,1,
0,0.5555555555555556,4.20408034324646,1,839Rfna-iwatxiFQqrCYY0U2781,0.0,0,3,1,
1,1.0,4.1865925788879395,1,5657UgoubyECldzVKmY9qmK214,1.0,1,3,1,
0,0.11764705882352941,4.350616693496704,1,29814YmrvhgM84gEBT0lVxvw3907,1.0,1,3,1,
0,0.8571428571428571,4.301071882247925,1,1632HqbVUHPq0ZhZ1rZNsIer1152,0.0,0,3,1,
1,1.0,4.118174314498901,1,2978hzn_PZEX4hqXSKHGaNOE3915,1.0,1,3,1,
0,0.7999999999999999,4.326188802719116,1,2211wsW8oNaSRcLGzwyfLWhi4065,1.0,1,3,1,
0,0.4,4.153665065765381,1,908xdqRRkv-zVIZg3ud9_Ve2600,0.0,0,3,1,
1,1.0,4.270019769668579,1,2688HW0oYt08dER6A8d66xBp999,1.0,1,3,1,
0,0.12121212121212122,4.723682165145874,1,1378ks8fL5T0PZyVfKqdb0iq744,0.0,0,3,1,
1,1.0,4.0704686641693115,1,29642huIUFSLiW4Z-VzxmaQN3948,0.0,0,3,1,
0,0.18181818181818182,4.62151026725769,1,1017eL2V6EaaC3mujb7yaHfb365,1.0,1,3,1,
0,0.6666666666666666,4.277363538742065,1,2128s7UxQvwrQLv520cobspK1425,1.0,1,3,1,
1,1.0,5.9401514530181885,1,1568HYHlm_FxJX3M17z-eEGK1313,1.0,1,3,1,
1,1.0,3.9637701511383057,1,1000oBQNQPnj4fxpXtFV1g0J410,1.0,1,3,1,
0,0.5,4.135741472244263,1,1567MCg4A4v6mUllF_u88ECY1315,1.0,1,3,1,
0,0.3,4.194768905639648,1,1170ckd0uh4YAd-bKWZ_EFml3244,1.0,1,3,1,
0,0.5263157894736842,4.207493543624878,1,2623shbw3gotPnV5E6lvICWY2354,1.0,1,3,1,
1,1.0,4.165156841278076,1,1033Dt_nnXnaknyIGfmAyPvx316,1.0,1,3,1,
0,0.07999999999999999,4.807289361953735,1,2491D5tYpL-3yfqE2nj5QqpY1803,1.0,1,3,1,
0,0,4.296060800552368,1,2542R6iFUQ8O7GJYAaso2x7o2505,0.0,0,3,1,
1,1.0,4.226093530654907,1,2943AMenEB3qMlqiQp1qO1LL3990,1.0,1,3,1,
0,0.7272727272727272,4.143947601318359,1,2089F_XURZ9rHNynDA6Fk8kX1535,0.0,0,3,1,
1,1.0,4.132652521133423,1,644XSfdx_-UeEKT5wI-qFNi3020,0.0,0,3,1,
0,0,4.203341007232666,1,1363vktTqXoQ53guY-ds-40F782,1.0,1,3,1,
0,0.4615384615384615,4.224261283874512,1,1566GrfvtQHA0o-4EBsVEj541320,1.0,1,3,1,
0,0.6666666666666666,4.2446980476379395,1,619TPd5jEymGsYMQLGFu97J59,1.0,1,3,1,
0,0.6363636363636364,4.450817108154297,1,2952PxQzPl1weI5LywNnDB1I3978,1.0,1,3,1,
1,1.0,4.316727876663208,1,2442Qnq15H_ylz9SkgCBZcsE1913,1.0,1,3,1,
1,1.0,4.175855398178101,1,654kwApE8QgqJ8tbK-mNN-_2992,1.0,1,3,1,
0,0.8837209302325583,4.789178371429443,1,1002KIt7Nu7ZfjA3Xcxpj97S297,1.0,1,3,1,
1,1.0,5.957172632217407,1,1378FVemXRFOIu42MyzpJqK-742,1.0,1,3,1,
1,1.0,4.070913314819336,1,11978_NZ80-7iblXNygjG5Mj3166,0.0,0,3,1,
0,0.16666666666666669,4.717177152633667,1,950XV0yV8Nv3fzrlN4Kqx8l549,0.0,0,3,1,
0,0,4.150739431381226,1,2210pb1OBuEFnf38HXMK9cDk4067,0.0,0,3,1,
0,0,4.205076456069946,1,988aqEFeThHG5fa_FOI-9nu436,0.0,0,3,1,
0,0.5714285714285715,4.250076055526733,1,2091kDMDjhUS9p5SR35iSJSB1530,1.0,1,3,1,
0,0.15384615384615385,4.228440523147583,1,1546qtYa8CJzD3uH6TiJXvze1376,1.0,1,3,1,
1,1.0,4.212857246398926,1,24726EVZOTD_h6siRGcBY7421847,1.0,1,3,1,
1,1.0,3.9813544750213623,1,675_FqvNQZTBsCZpYPH5nqZ2940,1.0,1,3,1,
0,0,4.186928987503052,1,1481lRxKJ4SCFwVtDawsQTQ52050,1.0,1,3,1,
0,0.6153846153846153,4.178401708602905,1,895k7Ew0cYqIMSeug0izAue2639,1.0,1,3,1,
0,0.2222222222222222,4.280691623687744,1,1589mo7D-joKXh635Vo4Jd911265,0.0,0,3,1,
0,0.5,4.136072635650635,1,2368ntygnzFhoyFjtl0dQR5j3714,0.0,0,3,1,
1,1.0,4.264187574386597,1,1387YoNwFgU_hCV3WDkM6HFk719,1.0,1,3,1,
1,1.0,4.358977556228638,1,2107a4gQhq9F4QB4GLnMXPaW1488,1.0,1,3,1,
0,0.5,4.2193193435668945,1,933qJ_cJ76FwsBPiiLu0Xrq2531,1.0,1,3,1,
0,0.5263157894736842,4.4173972606658936,1,1963LYeJkFeQGNvt6xtitv6o2269,1.0,1,3,1,
1,1.0,4.183721303939819,1,849q68W7IxX8-DQe5gM8Mee2751,1.0,1,3,1,
0,0.5714285714285715,4.118625640869141,1,2478ulEtsZsxkcgly7IxV7jm1829,1.0,1,3,1,
0,0.19512195121951217,6.697860956192017,1,981F93-pjjKms7jx4e2JVzV457,1.0,1,3,1,
0,0.6666666666666666,3.9860239028930664,1,1211dK689o_XIpcycpxIDkq73123,0.0,0,3,1,
0,0.47058823529411764,4.1907408237457275,1,2349W1NLUpl_WH7i4VoPLqnU3760,1.0,1,3,1,
1,1.0,3.994466543197632,1,1184IFWR2g9AMga2310WLeh-3203,1.0,1,3,1,
0,0,4.03800106048584,1,544X_IXXl6r0vsnj8_6w-DC276,0.0,0,3,1,
0,0.4615384615384615,4.166258811950684,1,25102SwtlRVEiwDcKTiJMvjz1759,0.0,0,3,1,
1,1.0,4.078870058059692,1,976KjGSHiXVJquk0v7AoM1M472,1.0,1,3,1,
0,0.9,4.425439834594727,1,1969B-l4yMGmpCrAYhYnUn2f2256,1.0,1,3,1,
0,0.6153846153846153,4.543161630630493,1,609MyQ372LLBdo0DkE0M__Y86,1.0,1,3,1,
1,1.0,4.222511053085327,1,25344_c4EKxXkhoNEuEogKpb1694,0.0,0,3,1,
0,0.6,4.2677366733551025,1,2643UpH1vcnmDtWFzogLQYIY1124,0.0,0,3,1,
0,0,4.469435930252075,1,721VypFcthFDdl_lwMk-Dld2825,0.0,0,3,1,
0,0.42857142857142855,4.508153915405273,1,630KO8LeHoKQQj6c-87zNrm25,1.0,1,3,1,
0,0.6666666666666666,4.027801990509033,1,2942BxApb_UbjTvQ96MuGzKL3992,1.0,1,3,1,
1,1.0,4.484856367111206,1,1212hhFWBwzJe1lv_Eg5jMV43121,0.0,0,3,1,
0,0,4.116089344024658,1,5460SSbREtZ85AA4OPt7HWf271,0.0,0,3,1,
1,1.0,4.22282600402832,1,1478tvkHc8K4YOVkppLRsZg02053,1.0,1,3,1,
0,0.7,4.234532356262207,1,26881eBzp0z_d9DKF9jbPHdz997,1.0,1,3,1,
0,0.8,4.301635980606079,1,2966PxwWVFmyQuTm3V_AixtQ3941,1.0,1,3,1,
0,0.5,5.835331678390503,1,3024vebeD9iQI76TQyghore-3809,1.0,1,3,1,
0,0.28571428571428575,4.339781284332275,1,156057Z3OOwBTdwP-hDQ9L4U1338,1.0,1,3,1,
0,0.5,4.089594841003418,1,1183U1zI1TbGdaZR1adOMYQM3208,0.0,0,3,1,
0,0.4444444444444445,4.131039619445801,1,1002OYjKgvY_WrTVyv0BBUq7299,0.0,0,3,1,
0,0.9333333333333333,4.179143905639648,1,606roVNp96vZ78RGlrTQ53w93,1.0,1,3,1,
0,0,4.178700923919678,1,6431yy3yc3FNPTLXLaeEuNd3023,0.0,0,3,1,
0,0.380952380952381,4.357799291610718,1,11881tCMe4yHOSjaL320WzSI3192,1.0,1,3,1,
1,1.0,4.232707738876343,1,1438pakrvpuzI9RRVwHckRIx2138,1.0,1,3,1,
0,0.7777777777777778,4.325376987457275,1,3017aHeDCc1uLRI2rnBry2uw3824,1.0,1,3,1,
1,1.0,4.396655321121216,1,654kwApE8QgqJ8tbK-mNN-_2991,1.0,1,3,1,
0,0.625,4.73309063911438,1,1988Igeg6-NlxrBYydVdXS7P2222,1.0,1,3,1,
0,0.07692307692307693,5.461650133132935,1,1425TtGxf2tlcnPvhwxputXV613,0.0,0,3,1,
0,0.7777777777777777,4.391474962234497,1,2376Yb5AiC3i4WBM8VzRNZY73697,0.0,0,3,1,
0,0.888888888888889,4.180670499801636,1,1397uK17KbqMDLHfC2NAWiR6695,1.0,1,3,1,
0,0.6666666666666666,4.384732246398926,1,25892BdyogDeDaH4qKuHuejD2416,1.0,1,3,1,
0,0.6666666666666666,4.114341735839844,1,617Cr5Di8JK77DxoWqJstg063,0.0,0,3,1,
0,0.08695652173913045,4.490891218185425,1,1030cFCd9o4jSm3pwYZj572K325,0.0,0,3,1,
0,0.4761904761904762,4.3972556591033936,1,1023T61MYdUxsFVCRfnKl5B0345,1.0,1,3,1,
0,0.09523809523809523,4.776400089263916,1,2026zJrmduCm9hHKpRPQmbO92161,0.0,0,3,1,
1,1.0,5.855562210083008,1,700tmK8lIDPegKV5YWqGaiF2879,0.0,0,3,1,
1,1.0,3.988680839538574,1,2551pxDvmDEe_JDrvTqX24D22487,1.0,1,3,1,
0,0,4.434154272079468,1,2444VM3M-Xnaa4T5rEXxP45X1907,0.0,0,3,1,
1,1.0,4.072792291641235,1,2154XCCxKaIJfCwnJBnIB3GZ4212,1.0,1,3,1,
1,1.0,4.144848823547363,1,9901bDIlgQKtM_dfl7Uf_OW430,1.0,1,3,1,
1,1.0,4.309208154678345,1,17985Atzpv_Cl5kZaV6I1DDD3435,1.0,1,3,1,
0,0.2222222222222222,4.248696804046631,1,2459yGIZYbTkrltaJKti9_A91874,1.0,1,3,1,
0,0.1818181818181818,4.607422351837158,1,2954-VZXI9P-GsKgXpM-SeBu3974,0.0,0,3,1,
1,1.0,4.039172410964966,1,1368uHWjPP6hjmEyI0Uea54f767,1.0,1,3,1,
0,0.6666666666666666,4.11850643157959,1,733LbQvJbQviVsKR9L4LKL42794,1.0,1,3,1,
1,1.0,4.2244813442230225,1,1965XlnqIGyuwSvdQjdZBJ8t2263,1.0,1,3,1,
0,0.6,4.262166738510132,1,915d8Oia461zr-zFU7YlBFP2579,1.0,1,3,1,
1,1.0,4.16747522354126,1,873MgMnuCFZMazeJj3xQgmP2691,1.0,1,3,1,
0,0.6222222222222223,4.625936508178711,1,2399XuEIJxgcgTMpsR30h5fe3650,1.0,1,3,1,
0,0.42857142857142855,4.452439785003662,1,2068uWPVT6KFb2RlmGRQ3Gd11596,1.0,1,3,1,
0,0,4.23996639251709,1,2053DCa4BLCC5EEQ8l7BVnnp1642,0.0,0,3,1,
0,0.3448275862068966,4.521332740783691,1,2372wmeJzVxcbD7y5WKCYxFf3706,1.0,1,3,1,
0,0.5454545454545454,4.451571464538574,1,1343aQ-H4pOOQAkzk_nGqXjS841,1.0,1,3,1,
1,1.0,4.108825206756592,1,608gV4102XR4M0gHYWcFHGa87,1.0,1,3,1,
0,0.8,5.853616237640381,1,1938GA7QJ14ul7rDZvw7Nb9o2325,0.0,0,3,1,
1,1.0,3.9500744342803955,1,2386OzyZ6cB3KyNaABd4tv5Q3677,1.0,1,3,1,
0,0.8125,4.36791729927063,1,682I2vidJcfbbqgpGrTK1XG2920,1.0,1,3,1,
0,0.07407407407407408,4.339925289154053,1,1163WM0PVD9qbxkmDaQOIW7Y3264,0.0,0,3,1,
1,1.0,4.0953309535980225,1,1952E_c11l4SYGwOptcc2H_t2293,0.0,0,3,1,
0,0.6428571428571429,4.394355535507202,1,20197usgJIJQ8MWVNmERwalT2177,1.0,1,3,1,
1,1.0,4.129236221313477,1,2073z-IROD_SxTTIHVa0x2-Q1582,1.0,1,3,1,
0,0.08695652173913043,4.4982030391693115,1,555nDtJus6avaCXIDI-gkXA243,1.0,1,3,1,
0,0.33333333333333337,4.2199928760528564,1,1431LwnZzI0C2DsQ2UrzmNgf594,0.0,0,3,1,
1,1.0,4.034883737564087,1,895GTgHWgOsJfWGzfuk0cBw2640,1.0,1,3,1,
0,0.5,4.353319406509399,1,2046GP7dC5MYUxEjhVaMxjWJ1659,1.0,1,3,1,
0,0.34782608695652173,4.703105688095093,1,2499V-2FlPo6WVsoWpisdH6C1784,1.0,1,3,1,
0,0.6666666666666666,4.202894687652588,1,23386xE0NbvZWVPZakM8re8C3784,1.0,1,3,1,
0,0.8000000000000002,4.15933084487915,1,2391ePMyIq2X1JLq1967u6CY3666,1.0,1,3,1,
0,0.5454545454545455,4.535478353500366,1,979hdglxJn8R-0hBhG7P5nM464,1.0,1,3,1,
0,0.5263157894736842,4.467540740966797,1,2067uWqaniNc-8EtEG0cv8d01599,0.0,0,3,1,
1,1.0,4.185702800750732,1,1208ZxTFiASsvA8kMOYqhRyK3133,1.0,1,3,1,
0,0.35714285714285715,4.726478815078735,1,2405YFMjEJVJ19AfwfKdE_bL3638,1.0,1,3,1,
1,1.0,4.280119180679321,1,588FFiBS7n4Z9PvHg-vk3Ri145,1.0,1,3,1,
0,0.4444444444444444,6.142730474472046,1,2673FDf451ZmX7vXALugyB1a1043,1.0,1,3,1,
0,0,4.484036207199097,1,2108xKVGNBGadZC0TWhSQviQ1483,0.0,0,3,1,
0,0.2105263157894737,4.142247438430786,1,156057Z3OOwBTdwP-hDQ9L4U1337,0.0,0,3,1,
1,1.0,4.195409059524536,1,1153iDMvxLm4_lq7OZxrcPwi3291,1.0,1,3,1,
1,1.0,4.3477396965026855,1,1941vdbzlN7oVltmEKX-YLNT2320,1.0,1,3,1,
1,1.0,4.201965093612671,1,22353xyc8AR6WxpoF2OKgYnG4006,1.0,1,3,1,
0,0.6666666666666666,4.1575610637664795,1,1532jmPrtawUKEP8PbFN0KA51941,1.0,1,3,1,
1,1.0,4.034355163574219,1,2364oU8m6CS05FyyuZgf1_IG3724,0.0,0,3,1,
1,1.0,4.128500699996948,1,20834ruTF1RWWFPVpeiVYmwK1553,0.0,0,3,1,
1,1.0,4.139523506164551,1,2998eOTOpuoi6pcPY7lXKHLZ3868,1.0,1,3,1,
0,0.972972972972973,4.6283118724823,1,613XW7YAciAiMgfISN_tpEO76,1.0,1,3,1,
0,0.8,4.167931318283081,1,1169sLy1F9DsgmSEU3gCb28W3246,1.0,1,3,1,
0,0.8421052631578948,4.493371486663818,1,2649du0NVM86G2VsbeYMwrgl1109,1.0,1,3,1,
0,0.07407407407407408,4.4536292552948,1,15715bk_bkzCsTkEKHc-4BgP1308,0.0,0,3,1,
0,0,4.356926202774048,1,709ZYekPZmIHVZUS0oAXArM2856,0.0,0,3,1,
0,0,4.398592948913574,1,2031SeyVh-govknTHJdzCd5x2149,0.0,0,3,1,
0,0.7499999999999999,4.157153367996216,1,984CNpDqalkISFG_gY2XwD_449,1.0,1,3,1,
0,0.6666666666666666,4.311729192733765,1,2727JkYnxxl8d_jUsjzpRwXm893,1.0,1,3,1,
1,1.0,4.18765115737915,1,15573dHdiCo9iVvktQEFAE5h1345,1.0,1,3,1,
0,0.5,6.063197374343872,1,659fIQxckVQ8kQLQWyiAcB82980,1.0,1,3,1,
0,0.7692307692307693,4.148750066757202,1,2630aXuhB9uY_8J6EHtO6-Mr2337,1.0,1,3,1,
0,0.5,3.9539332389831543,1,2473I_8F1yJw7g41cfbvdciy1844,1.0,1,3,1,
0,0.23529411764705882,4.294592618942261,1,2420arevHpIfCSerP3MdIRta3615,1.0,1,3,1,
0,0.25,4.1848366260528564,1,843WSwRhwEu22UV7c_-UxnD2768,0.0,0,3,1,
1,1.0,4.364715337753296,1,1219odhtmia1JdsfFwCJXe5O3098,1.0,1,3,1,
0,0.5185185185185185,4.530655145645142,1,1152CwAbYMM50m_imGCtX8jF3293,1.0,1,3,1,
0,0.4,4.219507694244385,1,15886mL2IQG8B6jETUgnOHZc1269,0.0,0,3,1,
1,1.0,4.275187969207764,1,1234WIzl7ElikCCPk4gA-7ua3058,1.0,1,3,1,
1,1.0,4.08277440071106,1,25135YWzIpnXIrhMAoH0h6tB1752,1.0,1,3,1,
0,0.5,4.202183961868286,1,2473I_8F1yJw7g41cfbvdciy1845,1.0,1,3,1,
0,0.2222222222222222,4.498991012573242,1,13562fQ6wZGlmwHe0KMgKqQ4802,0.0,0,3,1,
0,0.625,4.2932517528533936,1,2145sC266Uf0RNluKT7FLFAv4236,1.0,1,3,1,
1,1.0,4.240968465805054,1,2709l9BXzPyNws7gAw46g8eL943,1.0,1,3,1,
0,0.42105263157894735,4.504934787750244,1,2448cpYalEhOyaX7nVOEWjj31900,1.0,1,3,1,
0,0,4.726173162460327,1,857_7Nv3vFr25l0dhIhFy_82727,0.0,0,3,1,
0,0.6666666666666666,4.300500154495239,1,658XMVOSc2EDbG6L6Fxkc3G2984,0.0,0,3,1,
0,0.5405405405405405,4.808026552200317,1,24057YiGguOU4QpG_Wn3OHra3639,1.0,1,3,1,
0,0.39999999999999997,6.073913335800171,1,3014BDldoLr7qRhv_7TSXE6q3832,0.0,0,3,1,
1,1.0,4.16579794883728,1,989l-L43EQr9gwIj8urs_ta432,0.0,0,3,1,
0,0.5263157894736842,4.350268602371216,1,945US4EY2sSosbMTVy_bzAD564,1.0,1,3,1,
0,0.5714285714285715,4.095812082290649,1,1484LBCjE9GGNK0dm10EyT1L2043,0.0,0,3,1,
0,0.4,4.214042901992798,1,1176A_9vaJNosqGkXRVsziub3227,1.0,1,3,1,
1,1.0,4.060091018676758,1,1534DljtGtyMC7VBZ7LOjAQY1936,0.0,0,3,1,
0,0,4.384272813796997,1,941qAh1ZQv3LHBcrNhFMIpF576,0.0,0,3,1,
0,0.5,4.355558633804321,1,2963SvvO1TYX7ABi60_kmjOW3951,1.0,1,3,1,
0,0.5217391304347827,4.343001842498779,1,25369eavZOrMspyuwUfYt25g1688,1.0,1,3,1,
0,0.25,4.3718342781066895,1,1361J6GUEFw0eUjZYJ4tiHvB789,1.0,1,3,1,
0,0,4.144257307052612,1,539W46MSJwTdnqptRMTDZ5i291,1.0,1,3,1,
0,0.4,4.224714517593384,1,2733NKE9l-FIURwp5kMM_ty2874,1.0,1,3,1,
1,1.0,4.116784572601318,1,1599HSzSTRtnTI56md6V7-t-1239,1.0,1,3,1,
0,0.5,4.598442077636719,1,1441MCBHwz4mlshCsnGFlkHe2130,0.0,0,3,1,
0,0.36363636363636365,4.290512323379517,1,3028tKME3xmEIFzACt6fT95u3800,1.0,1,3,1,
0,0.5,4.285646915435791,1,2649du0NVM86G2VsbeYMwrgl1108,1.0,1,3,1,
0,0.5714285714285715,4.5443336963653564,1,133872Mtqyb09KyYyKdDni5N858,1.0,1,3,1,
0,0.2857142857142857,4.564242124557495,1,1743g-gnR1iSF9jlsKTC_sPk3573,0.0,0,3,1,
1,1.0,4.015986919403076,1,67563V9Jr6L6R2D0ymJM0Y-2939,1.0,1,3,1,
0,0.4615384615384615,6.241360187530518,1,1966vorrM41EahptwctgnTjv2262,1.0,1,3,1,
1,1.0,4.0851731300354,1,2442O-F2YezfPTPaci1R28vY1912,1.0,1,3,1,
0,0.56,4.328464031219482,1,22235lwUx01x9_1JlfE_OedT4042,0.0,0,3,1,
0,0.4615384615384615,4.257721900939941,1,1558nZ4e9hyDysgIXtjrdr1k1342,1.0,1,3,1,
0,0.5,4.167930364608765,1,1143GfNyvAU7ymTE77VLNZnG3321,0.0,0,3,1,
0,0.8000000000000002,4.410735130310059,1,1377MSN5P9oksYJneDnSmHM3747,1.0,1,3,1,
0,0,4.38414454460144,1,2629GQD7koFMwyiUTeUEaCv82340,0.0,0,3,1,
0,0.8181818181818181,4.394157648086548,1,2398cHxKpmXAoKYK97Ln3GA23652,1.0,1,3,1,
0,0.16666666666666669,4.252525091171265,1,2639bkXWs91YZSHduhAO93vu1135,0.0,0,3,1,
0,0.4615384615384615,4.317702770233154,1,1569Ht4xo6nEjNKzw9OyGAql1309,0.0,0,3,1,
0,0.48,4.469654560089111,1,2994mHjER7-9C4dmnyiiHwVD3876,1.0,1,3,1,
0,0,4.066798686981201,1,1197ycLPMsis4jTkwSPiz6RD3164,0.0,0,3,1,
0,0,4.371545791625977,1,654LwM3OC8BHTl_TVgTJuoF2990,0.0,0,3,1,
1,1.0,4.6574366092681885,1,91489gYi_bXEz_5f9xGfB8j2583,1.0,1,3,1,
1,1.0,4.133105039596558,1,15208OmvhIK608dqFRGSSOAV1972,0.0,0,3,1,
0,0.6666666666666666,4.398458480834961,1,1819Mz9_et-ab6SF7qwOOuB33386,1.0,1,3,1,
1,1.0,4.316538572311401,1,1461b77FDHPFXFe4yi5Nhcwr2092,1.0,1,3,1,
1,1.0,4.137001037597656,1,13946HYMoyH_5YN47EsUiywo704,1.0,1,3,1,
0,0.2857142857142857,4.259063005447388,1,2988o2Tx-xSKGXrXuofncBnZ3888,0.0,0,3,1,
0,0.9090909090909091,5.905927419662476,1,2433XfYtnZCXUsAMbQw-Qmvr3596,1.0,1,3,1,
0,0.25000000000000006,4.3472442626953125,1,1817S4YdUgIpGi5YXH0jwLkQ3391,1.0,1,3,1,
1,1.0,4.1776816844940186,1,1805f28kB0QsdrrJaSbyx3nC3424,1.0,1,3,1,
1,1.0,4.093059539794922,1,1505bna2sA0Za87BSd9REwkK2010,1.0,1,3,1,
0,0.6,4.461788892745972,1,2475OSfljvtxbxq6XRCvWHgr1837,0.0,0,3,1,
0,0,4.488442659378052,1,903d3S0iJZYbioutIfyZx9E2615,0.0,0,3,1,
1,1.0,4.04725456237793,1,1529gQToGseAQ0_-DRta9yac1949,1.0,1,3,1,
0,0.9333333333333333,4.453765392303467,1,2163prpiVkHoWAkyQR6_xuQb4191,1.0,1,3,1,
1,1.0,4.065244197845459,1,1453zJFuwlSehscZJwrQDmDL2107,1.0,1,3,1,
0,0.9411764705882353,4.442520380020142,1,6051HWp8diqm_U2xVdalV6U97,0.0,0,3,1,
1,1.0,4.120747089385986,1,925n35w1SDxy9hu-BoGzQhT2552,1.0,1,3,1,
0,0.5,4.1817357540130615,1,624IMVlhXqEDrP4UTYdjFBl44,1.0,1,3,1,
0,0.3333333333333333,4.319422960281372,1,1381nh2SdDr2eWku393B09QY735,0.0,0,3,1,
1,1.0,4.172505140304565,1,918QqxhdE7q7zGH9LNONh2w2570,1.0,1,3,1,
0,0.8,4.2829694747924805,1,2209BDzn0SpuYmXdWVg9Z1Hy4072,0.0,0,3,1,
0,0.6666666666666666,4.134992599487305,1,2969gQlMvd6FhSZMcTlnE-C13936,1.0,1,3,1,
1,1.0,4.157432317733765,1,1826-5gZY7Lc4gn0qD-o6_To3371,1.0,1,3,1,
1,1.0,4.346812009811401,1,1155buq6aWlaQuO1-Win_xed3286,0.0,0,3,1,
0,0.9523809523809523,4.267014980316162,1,2015WJQ6AfHutHfsyi2M-HtJ2182,1.0,1,3,1,
0,0,6.127020359039307,1,20814-Xp7gQ0gpoeNufV1CCM1557,0.0,0,3,1,
0,0,4.080636501312256,1,691pqnhMyJfTBtJrs_4z71s2897,0.0,0,3,1,
0,0.9333333333333333,4.2369489669799805,1,2155ZEIUMmffTYNXBH3uiR8c4209,1.0,1,3,1,
0,0,4.136546611785889,1,1542RhDswvJFqP2Jq9iUFinr1386,0.0,0,3,1,
0,0.3157894736842105,4.233649492263794,1,1471q7bJiZQDI20zdeWOjTxp2067,1.0,1,3,1,
0,0.5,4.262189149856567,1,1504hlqci9hC_wlnWXFEJjtG2012,0.0,0,3,1,
0,0.20000000000000004,4.497342824935913,1,1034wHnCBpfrzubpIdoRKWKA312,0.0,0,3,1,
1,1.0,4.218537330627441,1,1151R3T8HOlw_qdMmdrBoT543297,1.0,1,3,1,
0,0,4.000638723373413,1,948uYfQaDqdMCAYnSxY-SL1557,0.0,0,3,1,
0,0,4.318390846252441,1,568riF6WKYPtmQvPRer2HKt205,0.0,0,3,1,
0,0.7272727272727273,4.646352529525757,1,602gS9orzSbPkJ3cqNbO8j_104,1.0,1,3,1,
1,1.0,4.102134943008423,1,1153iDMvxLm4_lq7OZxrcPwi3292,1.0,1,3,1,
0,0.10526315789473685,4.340792894363403,1,2180sY_3Ea7lN3cAxecHCD0Z4144,0.0,0,3,1,
1,1.0,4.088545560836792,1,17575vjW6q5vpBlTdRADa0J73533,1.0,1,3,1,
1,1.0,4.233161211013794,1,2624iiqNCKQgjCP_ToRoxVcp2351,0.0,0,3,1,
0,0.8695652173913044,4.306615352630615,1,1009Uk9DWEoZIQcw717YJKbT386,1.0,1,3,1,
1,1.0,4.202706336975098,1,916HouNf3Zihi-QrcktYOJO2578,1.0,1,3,1,
0,0.11764705882352941,4.5273966789245605,1,559ldmP2ngc1Q7BVHfHwYZC233,0.0,0,3,1,
0,0.8000000000000002,4.26835036277771,1,1199nIbUtObyZOiLZVUYMs653158,0.0,0,3,1,
1,1.0,5.782698154449463,1,2057JTrMpRMQ_nlV6rjSFX2Z1629,1.0,1,3,1,
0,0.5714285714285715,4.272485017776489,1,1374yoc9nWJdr9ATgDMv2vDw751,1.0,1,3,1,
0,0.7999999999999999,4.147429466247559,1,1837DjnvLKs92-s8s-2bK5zI3339,1.0,1,3,1,
1,1.0,4.099891424179077,1,23807v22XvrUQTol7Th3lJWE3687,1.0,1,3,1,
0,0.3888888888888889,4.269126653671265,1,14983XjeUEukDaw3K-IUo4aw2024,1.0,1,3,1,
0,0.125,4.78939414024353,1,1017yXOYCLYZzxUNNXCwSOw5363,0.0,0,3,1,
0,0.36363636363636365,4.234749794006348,1,3025_iaJPF1EGsooMPEGZwvG3806,0.0,0,3,1,
0,0.5,4.270718574523926,1,987bTlOLptWnZwVJGOtDfda438,0.0,0,3,1,
1,1.0,4.189651966094971,1,2397ngYUHwjsIyhb2KRudMVS3654,1.0,1,3,1,
0,0.6666666666666666,4.300569772720337,1,2629GQD7koFMwyiUTeUEaCv82339,1.0,1,3,1,
0,0.25,4.33506441116333,1,2118jdsykE0McP5cAZxVpo2d1455,1.0,1,3,1,
1,1.0,4.044833183288574,1,2363jyeSrDuTiJf_bqAPDD473726,1.0,1,3,1,
0,0.08695652173913043,4.54300594329834,1,2183w23owTHpXeij1zV_FDX74135,0.0,0,3,1,
0,0,4.102083206176758,1,665QURdf6UuEnoJsKOV4YtB2962,0.0,0,3,1,
0,0,4.283392429351807,1,1545g1Tb818_JNDAuQjE--ZZ1378,0.0,0,3,1,
1,1.0,4.284405469894409,1,2733NKE9l-FIURwp5kMM_ty2875,0.0,0,3,1,
0,0.4166666666666667,4.512356996536255,1,914b0zdkdwAh3xlbhnY8du72582,1.0,1,3,1,
0,0.2105263157894737,4.72788405418396,1,2425oi8tztQpIN1A44b1j3AL3606,1.0,1,3,1,
1,1.0,4.0976762771606445,1,1814rsETf2eToNtZrivLqKSE3400,1.0,1,3,1,
0,0.4,5.83536171913147,1,1476m9DFMcKpET2GRr7cT4FS2057,0.0,0,3,1,
0,0.28571428571428575,4.154306888580322,1,23683s2xe5bz2so10XGK2qBO3713,0.0,0,3,1,
0,0.31578947368421056,4.173105716705322,1,951QRsnzHPzlTm1kJw2YlVa547,1.0,1,3,1,
0,0.3076923076923077,4.322602272033691,1,11560sYYJxTrE--1-2sMNJ953281,0.0,0,3,1,
0,0.8,4.476291179656982,1,3015gokJ7rr6uB6YTy3Khm0u3828,0.0,0,3,1,
1,1.0,4.45539927482605,1,2139x2uHOpf3opRosVHKHI5y4250,1.0,1,3,1,
0,0.3076923076923077,4.2521069049835205,1,1348pryWv6mij3utlHnSurED826,0.0,0,3,1,
0,0.6874999999999999,4.532883882522583,1,1950b8OIQ8bzZrEdme_QFejW2298,1.0,1,3,1,
0,0.6666666666666666,4.321161508560181,1,1237yuti7VE1972UnCfqAN7V3047,1.0,1,3,1,
0,0.3333333333333333,4.069032192230225,1,2053ydHY-RsjDaaTRo5IttrE1640,1.0,1,3,1,
0,0.33333333333333337,4.301698684692383,1,1759y5yGptDhTmoTR_wEuxlL3528,1.0,1,3,1,
0,0.5161290322580646,4.469106197357178,1,2655YDVlTu5g8XP-s_xoiAGt1094,0.0,0,3,1,
0,0,4.23252272605896,1,1226VvNg35i87Jc0HRevhBIp3078,0.0,0,3,1,
0,0.8333333333333333,4.210306406021118,1,1172cnB3XirJLf2l_lj2h1NR3238,0.0,0,3,1,
0,0,4.236889362335205,1,1513e32PRGagyhaNmp__k3W51991,0.0,0,3,1,
0,0.33333333333333337,4.279364347457886,1,646OD5224k55Wh4kR-RsWPl3015,0.0,0,3,1,
0,0.6666666666666666,4.521287441253662,1,2080DF2p6ax3v1-aUbtGWT4O1562,1.0,1,3,1,
1,1.0,4.318707227706909,1,2502zG6K8It4JMfa8UrkdPdw1775,1.0,1,3,1,
0,0.4615384615384615,4.320565462112427,1,25018IwgMznLBiuCDIKcy_yK1777,1.0,1,3,1,
0,0.2857142857142857,6.316053152084351,1,1214Ok_4GK2IaQBQ79ypkNPy3114,1.0,1,3,1,
0,0.8333333333333334,4.1492085456848145,1,2187gvsT7evQEJ8hMJqK5EHQ4126,1.0,1,3,1,
1,1.0,4.058802843093872,1,2393dPWkz_403rASrRrq7O713664,0.0,0,3,1,
0,0.44444444444444436,4.576472997665405,1,1610lit-PZD9j4XnYX8iyzdL1208,1.0,1,3,1,
0,0.25,4.33431601524353,1,1458iv0WdN_NvJkFoTdqCZ_Q2098,0.0,0,3,1,
0,0.3333333333333333,4.238118648529053,1,234909hrgzPVzcKNSXWO1ok-3759,1.0,1,3,1,
1,1.0,4.261430740356445,1,1371VdM9y71lHCPan3KXr3WS759,1.0,1,3,1,
0,0.888888888888889,4.117570877075195,1,25586lylI6AjP0zEVdJqgXCx2474,1.0,1,3,1,
0,0,4.275570869445801,1,2155b4lPV6COMDxcEuBc4bUB4211,0.0,0,3,1,
1,1.0,3.961740016937256,1,640UbntiFko68p3ukz6iGpI3034,0.0,0,3,1,
0,0.4,4.260988235473633,1,3036vybNVfi22WAmwyXaCyoP3790,1.0,1,3,1,
1,1.0,4.109494209289551,1,735vGzQ3nCx9nbWxB-Wes4C2789,0.0,0,3,1,
0,0.8,4.271209478378296,1,5401-KQtKiJkYnkPCmw8hgz289,1.0,1,3,1,
1,1.0,4.221900463104248,1,861-dKB_3BSzYCaSTRw8Av_2715,1.0,1,3,1,
0,0.7826086956521738,4.510042905807495,1,8486FcfpGKVx1trsy0PGkDp2755,0.0,0,3,1,
0,0.5,4.37929368019104,1,1229AbP35CEyoMV2CzyjH6_q3070,1.0,1,3,1,
1,1.0,4.107275485992432,1,1148Ml3yo3KDCBBSJoQQlyFc3305,0.0,0,3,1,
0,0.2666666666666667,4.531335353851318,1,842c07Yh3NdidKu-h5mkQl02771,1.0,1,3,1,
0,0.08333333333333334,5.950345039367676,1,1400uU3CM_7LdMUuWkvkQxxM686,0.0,0,3,1,
0,0.2,4.163563966751099,1,1567OzoMV2H8D1C1oKf9kJ7U1316,0.0,0,3,1,
0,0.888888888888889,4.4036359786987305,1,27282z0c8x28uAuDYrTlxOP-890,1.0,1,3,1,
1,1.0,3.9153473377227783,1,1792pLMxkyBoluA32NPBVhWK3449,0.0,0,3,1,
1,1.0,4.225898027420044,1,634_wgzPKlx4nIMyi-kCnjn12,0.0,0,3,1,
1,1.0,4.128125905990601,1,1554GyUQ981YKusehk4Cl7Te1354,1.0,1,3,1,
0,0,4.103404521942139,1,2729ECSyBaYVZZbDBNyaHu4J887,0.0,0,3,1,
0,0,4.283772706985474,1,2065EHsPdSp_5DrQeLr1ttuL1606,0.0,0,3,1,
0,0.17391304347826086,4.33764123916626,1,140037nUS1rT0UQNsaFa9Rwl685,1.0,1,3,1,
0,0,4.25397515296936,1,566fv5aDvtV7-Bv4hgl9TCy212,1.0,1,3,1,
0,0.8275862068965517,4.399425983428955,1,2061TwbS9naBRQ2tozfnle021616,1.0,1,3,1,
1,1.0,4.242722272872925,1,54482QW5OfFiQVIWiIpVI2E278,1.0,1,3,1,
1,1.0,4.3283185958862305,1,2707KB1tO6YYJq35qJk9l8AN945,1.0,1,3,1,
0,0,4.175732135772705,1,1530v9JIqRhesvlWwvstOwUR1948,0.0,0,3,1,
0,0,4.2113356590271,1,1949jEKqGQclC11Cc2b7IDqv2299,0.0,0,3,1,
1,1.0,4.079071521759033,1,1012LN56E8ShPhOCoocbJrrp376,1.0,1,3,1,
0,0.17391304347826084,4.611552953720093,1,1587GKW8NX3dkLWoOc6aJ86v1270,1.0,1,3,1,
0,0.33333333333333337,4.094208478927612,1,677F23ky2ysRzZ_9ea_iceg2934,1.0,1,3,1,
1,1.0,4.017446041107178,1,1409SROjOQ9iV118JePvaz45660,1.0,1,3,1,
0,0.3,6.125804424285889,1,2701_eTSfG0kbk-njomBcNgv961,0.0,0,3,1,
1,1.0,4.11954140663147,1,2209HnLyE3YKg6twl_Q-g1Ec4070,1.0,1,3,1,
1,1.0,4.208850145339966,1,2230L8455dET7-fRoIdsUivX4021,1.0,1,3,1,
1,1.0,4.0177202224731445,1,1446OxQzkmFxIj-VPbEUcz7j2119,1.0,1,3,1,
1,1.0,4.18859601020813,1,2177rTzU3iHejo6wHiCUUGgR4150,1.0,1,3,1,
0,0.6,4.227015256881714,1,1482vLr96JPpOOrUo1CAJV2o2046,0.0,0,3,1,
1,1.0,4.122731685638428,1,2541Xqfe9NPWsDPd0IRvHv882507,0.0,0,3,1,
0,0.64,4.611273288726807,1,2374k50_RHXB5GThYKzc39DZ3702,1.0,1,3,1,
0,0.4,4.263220548629761,1,875H9HPG7IDtm8eYpP2uh2I2684,1.0,1,3,1,
0,0.7692307692307692,4.300580739974976,1,2669v67locIF9ThvWJ8mcmqm1056,1.0,1,3,1,
0,0,4.185605525970459,1,20893J7zds0fTmdwGScrXxYe1536,0.0,0,3,1,
1,1.0,4.158797740936279,1,2024uEKyOIRbOWRGqSX25wAv2167,1.0,1,3,1,
1,1.0,4.276140213012695,1,2032h_xc2uXEe2J9hKtwBMZw2148,0.0,0,3,1,
0,0.6,4.170221328735352,1,2039WNZPsx3z2vJcCCCoGkpW1681,1.0,1,3,1,
0,0,4.225700855255127,1,1971QdtwinuI-Pt-gRGhMumc2254,0.0,0,3,1,
0,0,4.182203769683838,1,2497wmCVXc__4_q7aCFHvax81788,1.0,1,3,1,
0,0.5,4.133314609527588,1,2367wI6YJctGx_TrLePW0zFT3716,0.0,0,3,1,
0,0.11111111111111112,4.5929553508758545,1,1748emZrqreIzMIm0XWLL7Rn3560,1.0,1,3,1,
1,1.0,4.065370082855225,1,2170uR1FxS5nUGkssv426mqU4172,1.0,1,3,1,
1,1.0,5.82354998588562,1,1227qM25lwDT1HffYX7Q27LJ3076,0.0,0,3,1,
0,0.17391304347826084,4.372828483581543,1,65691nmDsNoy6GHCZUYjINN2986,1.0,1,3,1,
1,1.0,4.350599765777588,1,302251nQ3cmNluA1AUr3iMk63812,1.0,1,3,1,
1,1.0,4.167752981185913,1,1816M49IXoDpU__17vFIazVS3395,1.0,1,3,1,
0,0.2857142857142857,4.315752267837524,1,2406S8qt5kYqLYszOCu0lYmZ3636,1.0,1,3,1,
1,1.0,4.2005627155303955,1,566bnXrhcjKEaxVTc-LeHzY210,1.0,1,3,1,
0,0.4186046511627907,4.731550693511963,1,22018wPqrmJcGuWfE5hB9sO74095,0.0,0,3,1,
0,0.2666666666666667,4.341367959976196,1,2043FtfsfjPEPMp72mimJA1r1669,1.0,1,3,1,
0,0.8,4.072103261947632,1,955e36D7g1kt9C0gus4wfH8535,0.0,0,3,1,
0,0.47058823529411764,4.443438529968262,1,2973JDgkSnGitYck_HX9Ne233926,1.0,1,3,1,
0,0.5454545454545455,4.374322891235352,1,24187-nhPhxI7dZV22pltvqB3619,1.0,1,3,1,
1,1.0,4.044146299362183,1,1778w_0Pgt92UHRoeIwEqNNr3481,1.0,1,3,1,
0,0.625,4.4635913372039795,1,1192NtMV2nW3J5X78M_fz_jM3179,1.0,1,3,1,
0,0,4.329928398132324,1,2237FYTudBkYGOD7oCKDGYv44000,0.0,0,3,1,
1,1.0,4.251659154891968,1,1430BuwokBjmVg7AdzOoLBQQ597,0.0,0,3,1,
1,1.0,4.054590702056885,1,1164efJ2bD2I51tG9DDDy2263262,1.0,1,3,1,
0,0.8571428571428572,4.315436363220215,1,987JCMK8qp1XiHG6fmq_sqJ439,1.0,1,3,1,
0,0.5714285714285715,4.2986955642700195,1,1612PKGAkMM3MocoHgcn3Vg61202,1.0,1,3,1,
0,0,4.075361728668213,1,707eQxJt9Y35aEN6MtyrclZ2862,0.0,0,3,1,
1,1.0,5.91581916809082,1,1196b9cuPeUxYC3Lp7LVQMAF3167,1.0,1,3,1,
1,1.0,4.048332214355469,1,545gbwwHQNYWNJmwx_zhGUS273,1.0,1,3,1,
0,0.4444444444444444,4.304562091827393,1,2422AkNZxKVfPVF92vs5qzLX3610,1.0,1,3,1,
0,0.2962962962962963,4.413061141967773,1,1437oSS908LBdCS-R1lhS_zZ587,1.0,1,3,1,
1,1.0,4.03089165687561,1,1562tZVF0c_Hwu_jpQkNLPxj1330,0.0,0,3,1,
0,0.36363636363636365,4.736022472381592,1,2556v9wSIrA-gKUGDFK65QmW2475,1.0,1,3,1,
0,0.2857142857142857,4.136797904968262,1,1742Qn8cd--IGplBaIA5QEpU3578,1.0,1,3,1,
0,0,4.541350603103638,1,8808MIOqs91bcamJY7BKpKK2672,0.0,0,3,1,
1,1.0,4.099822521209717,1,2417Txi9GL74fxs5Z2asL3203622,1.0,1,3,1,
0,0.3333333333333333,4.437932014465332,1,1544BBli6lvsM3ocK55YaTtb1381,1.0,1,3,1,
0,0.5,4.291853427886963,1,1753kpSTtywObsOC3dzGk8kX3543,1.0,1,3,1,
1,1.0,4.124851703643799,1,7150BJ0glnjGlTFTJ4cTdiF2840,1.0,1,3,1,
0,0.7499999999999999,4.461929798126221,1,1746XQjTLVhuW5-HmTtxqxuv3564,1.0,1,3,1,
1,1.0,4.057389259338379,1,651fsZ9lTWd449M33QOudtw3000,0.0,0,3,1,
0,0.5454545454545454,4.3708577156066895,1,599uREx6nun3gOEAd8YzR5s112,1.0,1,3,1,
0,0.8888888888888888,4.1715826988220215,1,1218OExrGg3DDUqQ_BBB10Tn3102,1.0,1,3,1,
0,1.0,4.1832029819488525,1,1635w_Q9eBE8d4QJlCSJBFiT1143,0.0,0,3,1,
0,0.5,4.228057861328125,1,2148ORbgn9xAFsNQtzXY__rj4228,1.0,1,3,1,
1,1.0,4.228117942810059,1,1963usWUHwJqt8eDD2dj9VZ-2267,1.0,1,3,1,
1,1.0,5.859121322631836,1,2146tqPHx6tj2s94He2JdG_i4232,1.0,1,3,1,
1,1.0,4.008350849151611,1,577YsCJ2FO7dV054McSxQvM177,1.0,1,3,1,
1,1.0,4.1728785037994385,1,2679ULojnjXzA_nUbY_9FqSx1025,1.0,1,3,1,
0,0.4444444444444445,4.213273763656616,1,2029WPXur9oP38dHkMIPUsem2155,1.0,1,3,1,
0,0.2857142857142857,4.2364373207092285,1,2360wqBrcNsj4JFKMf-J5jFI3733,1.0,1,3,1,
1,1.0,4.154221296310425,1,2527_1gwPfkH0sI_fNYkRULn1713,0.0,0,3,1,
0,0.4705882352941177,4.3689422607421875,1,2523I4nlHreDk5vBkSCH8RHq1726,1.0,1,3,1,
1,1.0,4.165309906005859,1,2002a_R1XmwMDmL5wyPZDS2t2203,1.0,1,3,1,
0,0.5,4.163652181625366,1,2478ulEtsZsxkcgly7IxV7jm1830,1.0,1,3,1,
0,0.3448275862068965,4.897126913070679,1,2426FvIaTEpxUSzdWjZW6ctB3605,1.0,1,3,1,
1,1.0,4.267160892486572,1,19540qz1hFiTRNqKyYUyx4Y82288,1.0,1,3,1,
0,0.5714285714285714,4.520277976989746,1,589s50VvGuiEMsAcZpOIrdE142,1.0,1,3,1,
1,1.0,4.226410150527954,1,8616U9DJ4emRPwsHZTqmdGu2714,1.0,1,3,1,
0,0,4.191230535507202,1,964RapMeSY8FyWlaMkFUNk8508,0.0,0,3,1,
0,0.07692307692307693,4.475926876068115,1,1464jHZlsBjVv-8xARfsJrXa2086,0.0,0,3,1,
0,0.19999999999999998,4.731274604797363,1,2427o0QmxcHBetNiSbTlOqmh3602,1.0,1,3,1,
0,0.6666666666666666,4.148164987564087,1,1429iK5AeBnwtcbLHrY4SztI601,0.0,0,3,1,
0,0.1818181818181818,4.7000732421875,1,2345xzNHwuJ_9-no_amFWS4A3767,1.0,1,3,1,
0,0.3157894736842105,4.649106025695801,1,2943rfsS5qs59QlXyCYYjei03989,0.0,0,3,1,
0,0,5.826367616653442,1,1467oCR_WpQCRef2iR_N2NhR2077,1.0,1,3,1,
0,0.689655172413793,4.25258469581604,1,11583AIKJFgE0UrBCHocpd653277,0.0,0,3,1,
0,0,4.264403581619263,1,578C_O7pYNiyLAUSE5J66xB176,0.0,0,3,1,
0,0.4,4.0403642654418945,1,26062Jzbzm2Iew5_dSx6LCM12376,0.0,0,3,1,
0,0.46153846153846156,4.240581750869751,1,2517saKKvHaEWnw2pvl75Xuf1742,0.0,0,3,1,
1,1.0,4.2055511474609375,1,17839rNVzte3BRZvP4qWRMqo3467,1.0,1,3,1,
0,0.11764705882352941,4.210171461105347,1,2111jmqUVcM8RCxkrmjvb0hZ1476,0.0,0,3,1,
1,1.0,4.2883219718933105,1,2514EGWk59PbC7MjrXE6AlVn1751,1.0,1,3,1,
1,1.0,4.194417715072632,1,1517p5p7fblRKtBb8l9_uGtZ1977,1.0,1,3,1,
0,0.18604651162790697,4.779452323913574,1,2727bEO69UF_-G1jUOIEpXYj891,0.0,0,3,1,
0,0.8,4.388757944107056,1,858nySH6AfeIgauM40DaAIr2725,1.0,1,3,1,
0,0.7096774193548387,4.488990545272827,1,685-r-l6EtOMeFTYAMUFp2R2913,1.0,1,3,1,
0,0.3783783783783784,4.818201541900635,1,2383_zZGxCRJzjykFJNk3Fql3681,1.0,1,3,1,
0,0.20000000000000004,4.163856506347656,1,24874ZExUiMVxjjNDRJVHXGS1814,1.0,1,3,1,
0,0.5,4.309765815734863,1,2468bI5nQWQ8Og-_9QlLKU8v1859,0.0,0,3,1,
0,0,4.5619752407073975,1,19734HA-piKOQCj9cOheHeMR2250,0.0,0,3,1,
1,1.0,4.211381435394287,1,942YwxEcLEOCAotnSzvxJj-575,1.0,1,3,1,
0,0,4.8056480884552,1,2026yIVtrJbiaYcqiJLKF7l92162,0.0,0,3,1,
1,1.0,4.189356088638306,1,2180GzU3fBZQ6NFjdA3mnHhk4143,1.0,1,3,1,
0,0.5,5.902893304824829,1,1942fMXkD48PYS9_snttkRcW2317,1.0,1,3,1,
1,1.0,3.9449262619018555,1,2629-52k9W9kCEdUZtJCllTb2338,0.0,0,3,1,
0,0.5454545454545454,4.322633266448975,1,2110ziYcZhTz_BC1MPXgUtC31479,1.0,1,3,1,
0,0.4,4.287233114242554,1,731bdFMw_WBEsLLGgw0OqIo2798,0.0,0,3,1,
1,1.0,4.076671838760376,1,1450f9K9T1lv3UmdhS-rbS-p2113,1.0,1,3,1,
0,0.888888888888889,4.20849871635437,1,737t5Q6W-ejkvhnx8fhmjhP2784,1.0,1,3,1,
0,0.14285714285714288,4.376206874847412,1,2421aPJOo5UynG4APVgasKa53613,0.0,0,3,1,
0,0.10526315789473682,4.3208160400390625,1,1342n57h5KFhZrmo2TPiuwv5845,0.0,0,3,1,
0,0.6666666666666666,4.2023773193359375,1,573-_AYG-xxnzzEd1LZiGf8191,1.0,1,3,1,
0,0.5555555555555556,4.218376398086548,1,972xR4_uxpnlIN8NrBztoj1483,1.0,1,3,1,
1,1.0,4.253260374069214,1,1176w-tnctiph48cguCP6TLh3228,1.0,1,3,1,
0,0.6363636363636365,4.37484073638916,1,2020ubB0JZzHv_29zd0WpIjn2174,0.0,0,3,1,
0,0.8,4.15331768989563,1,1443Nxfx0xTNPIR7XHCONrlL2124,1.0,1,3,1,
0,0.6206896551724138,4.648681402206421,1,1359ZuJdS_tCrQFa5IcePruQ794,0.0,0,3,1,
0,0,4.474956750869751,1,2161ve-pKOVFfnwct9-ZGtow4196,0.0,0,3,1,
0,0.5999999999999999,4.511847019195557,1,1163WM0PVD9qbxkmDaQOIW7Y3265,1.0,1,3,1,
1,1.0,4.151816129684448,1,1415xOKyGuKnDwYbWfqm8DyH643,1.0,1,3,1,
0,0,4.346638441085815,1,539g1HipZa4q8coORPOMHwj293,0.0,0,3,1,
0,0.1904761904761905,5.972698926925659,1,22165cE4SIrSj4XGK-I-cUmM4057,0.0,0,3,1,
1,1.0,4.05833625793457,1,907CG6Y0hTOIf2iMApGkPO72604,0.0,0,3,1,
0,0,4.395977258682251,1,20865AJD7uSijZkNu3lQlJ481546,0.0,0,3,1,
0,0.75,4.269632339477539,1,27282z0c8x28uAuDYrTlxOP-889,1.0,1,3,1,
0,0,4.160054683685303,1,2979WuXci60uJEdQnVCd4Xjn3913,0.0,0,3,1,
0,0,4.472915172576904,1,1372T0eDMjnAIUtMFQHcIZWS757,0.0,0,3,1,
0,0.3636363636363636,4.4515581130981445,1,16200K9t6uefE0HN9Xb3n6aS1179,1.0,1,3,1,
0,0.4888888888888889,4.61924409866333,1,2729ECSyBaYVZZbDBNyaHu4J886,1.0,1,3,1,
0,0,4.3400185108184814,1,569DSGp7NYhekO9pVIHrI21203,0.0,0,3,1,
0,0.5384615384615385,4.360013246536255,1,1466QWMZl6lBSpMlxHibwqSn2079,1.0,1,3,1,
1,1.0,4.09966516494751,1,1028r9dv8iRRQSL7Ihwkp7tz330,1.0,1,3,1,
1,1.0,4.357630014419556,1,2119SJEcYcuuQpuvuba_KlGl1451,1.0,1,3,1,
1,1.0,4.0402960777282715,1,2044egsXeT6Z85kZYfUih06a1666,0.0,0,3,1,
1,1.0,4.12221097946167,1,855ENEaLZEfgqfGiXz23p4l2732,1.0,1,3,1,
1,1.0,4.31205677986145,1,18328gCMjbpzCLFnoMXN6srf3355,1.0,1,3,1,
0,0,4.253021478652954,1,20641EP682eRhx2QWgjzDM9I1608,0.0,0,3,1,
1,1.0,4.2485761642456055,1,2664AqK615zaJ_528hvbvtPb1070,1.0,1,3,1,
0,0.08333333333333333,4.4887285232543945,1,641QPygyAWeJTz2UqZLxPPB3029,0.0,0,3,1,
0,0.6666666666666666,4.097886562347412,1,1814rsETf2eToNtZrivLqKSE3401,1.0,1,3,1,
0,0.14285714285714288,6.136746406555176,1,8521sw4TcnPagCQEoFKD9fN2741,1.0,1,3,1,
0,0.4,4.395462274551392,1,606ydc6r27eppB2SC3CIOZ595,1.0,1,3,1,
0,0.41025641025641024,4.694472312927246,1,2373iZm5h4f5Vzcv3z363qPA3704,0.0,0,3,1,
0,0.5714285714285715,4.222474575042725,1,1190K-vBrGKzVvJ8j8oue-N63186,1.0,1,3,1,
0,0.8275862068965517,4.442543029785156,1,671tmMHr0OIhb3ulvq5ranP2948,0.0,0,3,1,
0,0.3076923076923077,4.381497621536255,1,2993pJ4MhlqvNdq3HP6O5MsP3878,1.0,1,3,1,
0,0.4324324324324324,4.683507204055786,1,2985h8b9cr8x87sGlc8_zLvd3897,0.0,0,3,1,
1,1.0,4.598642110824585,1,1957eVvVnYRmwC4qKHak6Ffq2281,1.0,1,3,1,
0,0.35294117647058826,4.8825342655181885,1,2712gqTOsON2hU4puCu5hGNj932,1.0,1,3,1,
1,1.0,4.260014533996582,1,2605xGWRPmjAX3zTTpbG5G9l2380,0.0,0,3,1,
0,0.7999999999999999,4.308671474456787,1,15437IrG_pxUZHW4l3vkQWeG1385,1.0,1,3,1,
1,1.0,4.204226016998291,1,2736DC0e2KjXgGVcPZ2WLIxz867,1.0,1,3,1,
1,1.0,4.366654872894287,1,735vGzQ3nCx9nbWxB-Wes4C2788,0.0,0,3,1,
1,1.0,4.087328910827637,1,868zHuIutIEJT12F-70883W2702,1.0,1,3,1,
1,1.0,4.299953937530518,1,1405rcqGslh1c27GRanvx433670,1.0,1,3,1,
0,0.6060606060606061,4.338901042938232,1,2466TSVQzmiW-hXcxaEULw6K1865,1.0,1,3,1,
0,0.8571428571428571,4.275320768356323,1,3002ZnCAiqYIoMCUF-7Op9gv3858,1.0,1,3,1,
0,0.5714285714285715,4.234594345092773,1,896q9fkwlNTB-uLIhW50gpL2637,1.0,1,3,1,
0,0.625,4.331053256988525,1,2082_Dh7f4W3xlRk5gN1uWO_1556,1.0,1,3,1,
0,0.4,5.858982563018799,1,567COo6mlEhcowdZdaMt4w3209,1.0,1,3,1,
1,1.0,4.062638998031616,1,1411rDFl1-2KKRZG_zvEhPJb654,1.0,1,3,1,
0,0.36363636363636365,4.194990634918213,1,2619jg4HxmXkfW55mTET__tk2360,0.0,0,3,1,
1,1.0,3.9803483486175537,1,151099HNGPaLvlMftND5z0oJ1999,1.0,1,3,1,
1,1.0,4.117867708206177,1,905uMGe3kos3fBWBJRcu64_2611,1.0,1,3,1,
0,0.13333333333333333,4.684738874435425,1,2360xl9Xtx2fW4L4xa2bqWt43734,0.0,0,3,1,
0,0.3076923076923077,4.315747499465942,1,2578y9zD7QdiguEv3Qrdgam-2440,1.0,1,3,1,
0,0,4.281848669052124,1,2996CdNLqVyCF_oDaGCdvP6v3872,1.0,1,3,1,
0,0.1,4.38040566444397,1,2364oU8m6CS05FyyuZgf1_IG3725,1.0,1,3,1,
0,0.19047619047619047,4.518885612487793,1,1591dOdM4uX7gsb6h9hiAaa_1258,0.0,0,3,1,
0,0.5,4.099733591079712,1,2041vmx_DG5RRvLGNwO62TW31673,1.0,1,3,1,
0,0.16666666666666666,4.2918360233306885,1,2615GCUYxQ_Kg8yTnaAtYYpJ2367,0.0,0,3,1,
0,0,4.288500070571899,1,19886xZ3QL22JgKPuzBHbhPo2221,0.0,0,3,1,
0,0.888888888888889,4.066645622253418,1,29746uLZOTxxVUkngoUfAtI03924,1.0,1,3,1,
0,0.4,4.4102866649627686,1,24911q_50dkgYzY3pVZJL3Sc1804,1.0,1,3,1,
0,0.33333333333333337,4.340609788894653,1,665rw55Ie4DPe0sqY77puig2963,0.0,0,3,1,
1,1.0,4.22390079498291,1,900Uh49Da025Lfl-NKMic6l2624,1.0,1,3,1,
0,0.9047619047619048,4.658891439437866,1,19755a5nBZxiYhO8aWU2MbW-2243,1.0,1,3,1,
0,0.8571428571428571,4.197275161743164,1,3004GygMUfp60E04HQswkbY53853,1.0,1,3,1,
0,0,5.798290014266968,1,592UDCpvvji8D0o4tbyHcVk134,1.0,1,3,1,
0,0.2222222222222222,4.177654504776001,1,550jo6NqKN88LJy5XivwHWi259,0.0,0,3,1,
0,0.11764705882352941,4.459234952926636,1,2108cT1EpZ4KVx-gQkxVCsU81485,0.0,0,3,1,
1,1.0,4.0647313594818115,1,1489_LmzgmYgdCJhBmnZ8hvL2034,0.0,0,3,1,
1,1.0,4.018173694610596,1,2057ITnDGLVg5S2wqKJ__VIR1628,1.0,1,3,1,
0,0.9,4.421589136123657,1,558WnzWtR_n-6_l7FCPRBSg236,0.0,0,3,1,
0,0.3870967741935484,4.623744249343872,1,2204OiV3FwpDb5okA_ERACO-4085,0.0,0,3,1,
0,0.3902439024390244,4.916239976882935,1,1789NObn0laTBstP0EhadjV63454,1.0,1,3,1,
1,1.0,4.4532740116119385,1,1533z2Yfjif7NuyxeBQgP_HF1939,1.0,1,3,1,
1,1.0,4.157225608825684,1,2068VZFhrfoQaF6_QqHBU8iB1598,1.0,1,3,1,
1,1.0,4.2645299434661865,1,899hXr2vSRxP3sXDcstnm7f2627,1.0,1,3,1,
1,1.0,4.027753829956055,1,2173fu4XUTuowr7JXVT_qKR14163,1.0,1,3,1,
0,0.16,4.5134241580963135,1,2669bH2ksxtOtDv46cPVBE6i1054,0.0,0,3,1,
1,1.0,4.172657489776611,1,987JCMK8qp1XiHG6fmq_sqJ440,0.0,0,3,1,
0,0.4,4.4040937423706055,1,1473IwZwglReS87tV2cQBA732060,1.0,1,3,1,
0,0.5714285714285715,4.093951940536499,1,2974B_C3BlFiCXVCIZTJwilo3925,1.0,1,3,1,
0,0.24999999999999997,4.494419813156128,1,13382oqMvOQePhgGm47Ig4iy856,1.0,1,3,1,
0,0.42857142857142855,4.369810104370117,1,1366vMaTN6bH1mlTrIsQvDrD774,1.0,1,3,1,
1,1.0,4.169024467468262,1,2532QPzqtcjnJeRC9NxubnOq1697,1.0,1,3,1,
0,0.5000000000000001,6.4308741092681885,1,13510pFXx2vFby05X2rDRJDH818,1.0,1,3,1,
1,1.0,4.087191581726074,1,2488UeDf5D4M1cp6aiddpWg11811,0.0,0,3,1,
1,1.0,3.9798498153686523,1,1214Ok_4GK2IaQBQ79ypkNPy3115,0.0,0,3,1,
0,0.3846153846153846,4.433842658996582,1,1014qxjC6hnOZ4bPaoSmBsdF374,0.0,0,3,1,
0,0.2,4.281140327453613,1,1179Ij6ixmYImDvTIyylli083218,0.0,0,3,1,
0,0.25,4.215071201324463,1,1577Tx9C-i93906ZHG2xsANm1297,0.0,0,3,1,
0,0,4.194778680801392,1,640Qn7zKz3a0K2CPVQ8ePuQ3032,0.0,0,3,1,
0,0.6666666666666667,4.684454679489136,1,19876rRq7_YjGKc8EGqs5MHC2225,1.0,1,3,1,
1,1.0,4.092283010482788,1,2569CxCo2aX4KFjjA2hi_lMj2452,1.0,1,3,1,
0,0.2666666666666667,4.303433656692505,1,2529V89h3rXsLL-Bn_hU6PlI1708,0.0,0,3,1,
0,0.6666666666666667,4.666625499725342,1,2435ycikQl9rkmIjh9_GR_8D3592,1.0,1,3,1,
0,0.16666666666666669,4.248450040817261,1,1176w-tnctiph48cguCP6TLh3229,0.0,0,3,1,
0,0.1951219512195122,4.737131595611572,1,1946W3OXI0TdbwpADVOL3aMn2309,0.0,0,3,1,
0,0.9818181818181818,4.49347996711731,1,943kajWSnLrin3THXJG_d-e572,1.0,1,3,1,
1,1.0,4.0392138957977295,1,1383YetDIx4cL2q9GHdVBJD-729,0.0,0,3,1,
0,0.9600000000000001,4.707342863082886,1,609XnbMzpiEKTX90WRPpJOt84,1.0,1,3,1,
0,0.6,4.4229607582092285,1,1193C2qmrHktioGE48fbbu-L3176,1.0,1,3,1,
1,1.0,4.355684041976929,1,2956Otjt30tSP4HL0iirPKga3970,1.0,1,3,1,
0,0.8571428571428571,4.339933156967163,1,2111jmqUVcM8RCxkrmjvb0hZ1475,1.0,1,3,1,
0,0.6666666666666666,5.995715618133545,1,2053DCa4BLCC5EEQ8l7BVnnp1641,1.0,1,3,1,
1,1.0,4.011160612106323,1,1831tcPzTf490y--20TmCWYb3357,1.0,1,3,1,
0,0,4.4219605922698975,1,2078W30r7PMtchtgZT05P_0F1567,0.0,0,3,1,
0,0.7857142857142858,4.420616865158081,1,2668AHxJtYWTzyrukwP1xRqK1058,0.0,0,3,1,
0,0.6,4.232662916183472,1,2235T3dDg5JzleG0wsFMwsrI4004,0.0,0,3,1,
1,1.0,4.208449363708496,1,1162WEg_WPImiRPmAPvN_wnE3046,1.0,1,3,1,
0,0.6,4.161346435546875,1,1530v9JIqRhesvlWwvstOwUR1947,0.0,0,3,1,
1,1.0,4.16172194480896,1,21282Cr-35xm2wBqUSJkqXMj1427,1.0,1,3,1,
0,0.42857142857142855,4.388651132583618,1,2133ia1657jfSMNoNsdF-A8e1410,1.0,1,3,1,
0,0.3333333333333333,4.086405992507935,1,2114KZNekbM38CclfRRE-ywL1465,0.0,0,3,1,
1,1.0,4.189982175827026,1,649GcmdYL3Emps2uVuhx-H43007,0.0,0,3,1,
0,0.5,4.185281038284302,1,1503af8K_zL5CtKNHAHXkLFb2014,0.0,0,3,1,
0,0.7368421052631579,4.422081470489502,1,2631M_1rjE6k2YLouvowQoHJ2334,0.0,0,3,1,
0,0.10000000000000002,4.387356519699097,1,13571OZrZVDhI2J41tg7Luts799,1.0,1,3,1,
1,1.0,4.582807540893555,1,1948sF2A90axDwVcHIOfnQu02302,1.0,1,3,1,
0,0.25,4.939091920852661,1,1397uK17KbqMDLHfC2NAWiR6696,1.0,1,3,1,
0,0.6399999999999999,4.488086700439453,1,2162sIzRzzGNPsYc1OfiUIPo4194,1.0,1,3,1,
0,0.5,4.689638376235962,1,2519QxDbu-BKdCqq5I8jKsxd1736,1.0,1,3,1,
0,0.8,4.57479453086853,1,1140_G-tYCpmdE-Vgax33wA53329,1.0,1,3,1,
0,0.5833333333333334,6.043414831161499,1,1376fXJB349zgjyv_w4X0bXI749,1.0,1,3,1,
0,0.4444444444444445,4.146072864532471,1,2539EoMAwcPqzS7vEDYb36052512,0.0,0,3,1,
0,0.5384615384615385,4.259915351867676,1,1415xOKyGuKnDwYbWfqm8DyH642,1.0,1,3,1,
0,0.6666666666666666,4.467065811157227,1,2657Omxhm5FyXyyp4pVdXx3Z1088,1.0,1,3,1,
1,1.0,4.133788585662842,1,1559OCcb7F7icUkYfeTFgLDJ1339,0.0,0,3,1,
0,0.923076923076923,4.369049549102783,1,2340-UH-PIG4sGreW8w-HZcs3781,0.0,0,3,1,
0,0.08,4.58043360710144,1,600suii1SM_U9v151qZEv7q108,1.0,1,3,1,
0,0.6666666666666666,4.218618154525757,1,2224WT9qVEbYuJZkZlYlFqvu4039,1.0,1,3,1,
0,0.8,4.266420841217041,1,15115M-53_v3IHPgxyCKm4AQ1997,1.0,1,3,1,
0,0,4.206704616546631,1,20610DTWrltcqPvIP7325vbT1618,0.0,0,3,1,
0,0,4.524847030639648,1,2712b_7wo5wra85_-rQQk4ow934,0.0,0,3,1,
0,0.9,4.266201496124268,1,719PmQpieO8CYor-psBwccz2829,1.0,1,3,1,
1,1.0,4.147008180618286,1,956Prvd8MNNxoAkjTza4l1I531,1.0,1,3,1,
0,0.3076923076923077,4.416128635406494,1,991M6WF9u6tZAMeisG6gK8G426,1.0,1,3,1,
1,1.0,4.2266905307769775,1,2531wAQb5TOSCuVTwZGjz1rT1700,1.0,1,3,1,
0,0.3529411764705882,4.525320053100586,1,26276wka1rfL0BiynIYM718e2346,1.0,1,3,1,
0,0.3333333333333333,4.652564764022827,1,1357dHKRJVVa-pcJ70XOotOx801,0.0,0,3,1,
1,1.0,4.348358631134033,1,701k_RQvhmFwArZx0ORLSmx2876,1.0,1,3,1,
0,0.5161290322580646,6.096798658370972,1,963hj2Qz6EQ6THhVWXKuc_U511,0.0,0,3,1,
1,1.0,3.97521710395813,1,17839rNVzte3BRZvP4qWRMqo3466,1.0,1,3,1,
0,0,4.100627183914185,1,978MffUzw1E-fEffOOZYYot467,0.0,0,3,1,
0,0.8571428571428571,4.024162530899048,1,2386qMf0MKowAfp8GBBNMPlr3678,1.0,1,3,1,
0,0.23529411764705882,4.297930002212524,1,929dPT0tABWxMMojg5QUiX02541,0.0,0,3,1,
0,0.33333333333333337,4.074801683425903,1,869yPJxiVsQSnIU0zG1C_9m2700,1.0,1,3,1,
0,0,4.103452205657959,1,2142esGir_4_h9voaRtDNIdz4245,0.0,0,3,1,
0,0.19999999999999998,4.3617260456085205,1,2987jq09CSEi-lBZSSYtX9tj3892,0.0,0,3,1,
0,0,4.251921653747559,1,2126DJgUbSL5sAmvrHK4b6i71432,0.0,0,3,1,
0,0.7272727272727272,4.375979661941528,1,2684Tsl9g-K98ihJB9COTF6d1010,1.0,1,3,1,
1,1.0,4.06103777885437,1,841hinfHVUUAR8bWXtEBCsQ2775,1.0,1,3,1,
0,0.6666666666666666,4.366004228591919,1,2666vJpSGujkwt27p7tp6O901063,1.0,1,3,1,
0,0,4.29063081741333,1,625ZwZR45NRbfMFQ0oVKYjz41,0.0,0,3,1,
1,1.0,4.163129568099976,1,1156df4-3lXjk7sDVJcyLHlO3283,0.0,0,3,1,
0,0,4.2986860275268555,1,843zyenQsDbdyEDKorOOEer2770,1.0,1,3,1,
0,0.8235294117647058,4.418123722076416,1,1035LFxawmqTFdvZQiUCxQ31310,1.0,1,3,1,
0,0.3076923076923077,4.4857306480407715,1,2355g1DEdj6BajInIdfN43xp3744,1.0,1,3,1,
0,0.4,4.267110347747803,1,2496BbugoKX7EuTf6XE9o7do1793,1.0,1,3,1,
0,0.6,4.326400279998779,1,1614cyIrQoaHS01cQ4YtB4rN1196,1.0,1,3,1,
0,0.6451612903225806,6.204993724822998,1,2460wLS6NYxz86-N9QN0fiAS1872,1.0,1,3,1,
1,1.0,4.0981056690216064,1,2013gpksQIp23gepFksmpqXj2187,0.0,0,3,1,
0,0.4444444444444445,4.182730197906494,1,566fv5aDvtV7-Bv4hgl9TCy211,1.0,1,3,1,
0,0.7142857142857143,4.11312460899353,1,1006wNOvBdYdfzaE5bKwHMrj394,0.0,0,3,1,
0,0.5,4.281790733337402,1,2175Be6E_9waJICTPdXhoGc74157,1.0,1,3,1,
0,0.2857142857142857,4.2354981899261475,1,1555fIGxkCCrk6ibrb-al9xh1352,1.0,1,3,1,
1,1.0,4.217342853546143,1,2469md_5PBJjoEzHnxLNfP-31854,1.0,1,3,1,
0,0.28571428571428575,4.441536903381348,1,1594vbwJIaYnRKU4MTrVcD4P1249,1.0,1,3,1,
0,0.896551724137931,4.443009376525879,1,2449Gc-t93zVR6Bjza9-brVc1897,1.0,1,3,1,
0,0,4.270069599151611,1,543NpNSndtBz1uxC9CuhODm281,0.0,0,3,1,
0,0.48484848484848486,4.537951231002808,1,1025Ra_IZNvQuUI7Ec5aTeot340,1.0,1,3,1,
1,1.0,4.178179979324341,1,2523I4nlHreDk5vBkSCH8RHq1725,1.0,1,3,1,
0,0.8,4.18589448928833,1,1549ke6ypccQP3h0ZB6b7GCG1370,1.0,1,3,1,
0,0.6153846153846154,4.274471759796143,1,2690j2wOUpSsJgKU08FvIZEg993,1.0,1,3,1,
0,0.6875,4.528056621551514,1,2080DF2p6ax3v1-aUbtGWT4O1561,1.0,1,3,1,
0,0.8571428571428571,4.321290016174316,1,2209BDzn0SpuYmXdWVg9Z1Hy4071,1.0,1,3,1,
0,0,4.1777403354644775,1,1419tOWt7I089hJ4HUoPR6EI631,0.0,0,3,1,
1,1.0,4.118468999862671,1,1628lnBbfe3Htrze2ai84nZb1159,1.0,1,3,1,
0,0.6,4.209878206253052,1,1576P214oupErvTP6090GMli1301,1.0,1,3,1,
1,1.0,5.812120199203491,1,1621kehREtB2jwFxfLSb5njd1178,1.0,1,3,1,
0,0.8,4.102516412734985,1,5532TWtKb03tsQH8Wep0CiY251,1.0,1,3,1,
0,0,4.205393552780151,1,1801zUHKaLWfFrE-EA8M3DOI3430,1.0,1,3,1,
0,0.2,4.052292823791504,1,1578BMhD9BqceYI3i9rcq5zi1294,0.0,0,3,1,
1,1.0,4.070206642150879,1,948uYfQaDqdMCAYnSxY-SL1556,0.0,0,3,1,
0,0.8,4.182240724563599,1,1216-uAt0pBo8VUzVu7fmS2y3107,1.0,1,3,1,
0,0.34782608695652173,4.527446031570435,1,949-8BF6fDFHRAnfe-2RE-l554,1.0,1,3,1,
0,0.7142857142857143,4.3691205978393555,1,2084KAYAsRFlZ71FWVieGtVO1551,1.0,1,3,1,
0,0,4.1399314403533936,1,11409iwBcdcK7cw_g6zqHGJJ3331,0.0,0,3,1,
0,0.8571428571428571,4.335986137390137,1,2054dYaTbGXvuHEu9KAgglUa1638,1.0,1,3,1,
0,0.8,4.067859411239624,1,633AbrSc7FQvB59-3tSuvrL17,1.0,1,3,1,
0,0.125,4.325916051864624,1,1448zBLLz7KDRP88dG5hhHYA2115,0.0,0,3,1,
0,0.4,4.311241626739502,1,1767VEuCAyUVu8RWl4oT_E163504,1.0,1,3,1,
1,1.0,4.223167181015015,1,2564AaK20GeV0Vbt9hLoucnT2462,1.0,1,3,1,
0,0.7272727272727272,4.306075811386108,1,986wotq83gPK5H9RJCPZcUa442,1.0,1,3,1,
0,0.05555555555555555,4.8030641078948975,1,22173K97KOlZYwLPP2yAPHFs4052,0.0,0,3,1,
0,0.3333333333333333,4.104275465011597,1,1491oI4TAF4mItNmtq538iaG2032,0.0,0,3,1,
0,0,4.421947956085205,1,26929qhEFKe0I4Mglt2Q49vv987,1.0,1,3,1,
1,1.0,4.246791124343872,1,2153vtkEwqa70V_8uUMng2Jv4215,1.0,1,3,1,
0,0.13333333333333333,6.326692819595337,1,1355DqKO8ByX-dB6SOPvmL5p806,0.0,0,3,1,
0,0.3157894736842105,4.233604669570923,1,1396fc8ojkJs9ZgQtwEceZFu697,0.0,0,3,1,
0,0.8095238095238095,4.7180397510528564,1,2021myUwxcaJpraoFdHEJ6jp2172,1.0,1,3,1,
0,0.7777777777777778,4.584102392196655,1,1964IYccs9F9IcK39eAWE_OV2266,1.0,1,3,1,
0,0.6363636363636364,4.456996917724609,1,1760NxofyqAwNCoWrjcNMQrs3523,1.0,1,3,1,
1,1.0,4.15513277053833,1,182447yf5Kxgmkoq18WzZ-kB3378,1.0,1,3,1,
1,1.0,4.1331775188446045,1,1756rsPxqBmo2fmiaq4y7pBo3537,1.0,1,3,1,
0,0.5555555555555556,4.476748943328857,1,26929qhEFKe0I4Mglt2Q49vv988,1.0,1,3,1,
1,1.0,4.150081396102905,1,1408oW7JLFkBO33d8TQf4N0l661,0.0,0,3,1,
0,0.7200000000000001,4.2962188720703125,1,726kYOF7b8VZTpJYpYpEvr-2810,0.0,0,3,1,
0,0.8,4.188738584518433,1,2600QfJIRcuIUzI4QlhhMFbN2394,1.0,1,3,1,
0,0.31578947368421056,4.148600339889526,1,2727JkYnxxl8d_jUsjzpRwXm892,0.0,0,3,1,
0,0.2222222222222222,4.521105051040649,1,1752E5XokYRzRxCMWKU2kTp-3548,1.0,1,3,1,
0,0,4.470909833908081,1,9100HQlpvSt_OwVnpYpqMFu2595,0.0,0,3,1,
0,0.48,4.503139972686768,1,24146Uu3KI3elnXv3Pgy3-sY3625,1.0,1,3,1,
0,0.07692307692307691,4.654954671859741,1,1763gJg7xSGSXczCwSQDvwfc3514,0.0,0,3,1,
0,0.8,4.0930869579315186,1,1459Gtt57D0AV39kKJE2bz4b2095,1.0,1,3,1,
0,0.09999999999999999,4.4526708126068115,1,1811pukiof6PWRYXCXAxaVhv3407,1.0,1,3,1,
0,0.6666666666666666,4.097148895263672,1,1234GFGbCJaowYOFWcFznuUN3056,1.0,1,3,1,
0,0.2666666666666667,6.0672197341918945,1,662vdy4KyRsfU9fUc7gxaki2970,1.0,1,3,1,
0,0.17142857142857143,4.443542242050171,1,2195U05jz4berWp0PFCFx8lG4110,0.0,0,3,1,
1,1.0,4.417737722396851,1,1528gtejhc_4xiAJRnNQX5fY1950,1.0,1,3,1,
0,0,4.193876028060913,1,1152Rg3AUei-9moPZLj_2J3Y3295,0.0,0,3,1,
0,0.2,4.237968444824219,1,1180D8Sheg2RzZqhe6O4YQOs3215,0.0,0,3,1,
1,1.0,4.2047858238220215,1,944L6KXmQVd7mhz2JgtDbJU567,1.0,1,3,1,
0,0,4.3189685344696045,1,9567FV5fK_9tjWGUSOCiJM4533,0.0,0,3,1,
0,0,4.186839580535889,1,557jlOGQ8cWQ5Q_as3HFgdb238,0.0,0,3,1,
0,0,4.3048529624938965,1,2681RVH7HXkHR05ejdYsqsI41018,1.0,1,3,1,
1,1.0,4.260660648345947,1,961cuP3rfqgKJmh5Lu0AzVJ516,1.0,1,3,1,
0,0.6046511627906976,4.8363354206085205,1,2383_zZGxCRJzjykFJNk3Fql3682,0.0,0,3,1,
0,0,4.164256811141968,1,9933_mUxqp74zyG7yfPAiEX420,0.0,0,3,1,
0,0,4.505009889602661,1,177554ovP1_0ekekHhCRWFeh3487,0.0,0,3,1,
0,0.6666666666666667,4.21275520324707,1,2014_XSPnuBYuAskzekdUW9_2184,1.0,1,3,1,
0,0.11764705882352941,4.46868109703064,1,22218q38c0YRb2JXvtSd0Nqf4045,0.0,0,3,1,
0,0.5217391304347826,4.5643415451049805,1,1425XcsU_HbBgv8By-D6Z3Ra612,1.0,1,3,1,
1,1.0,4.220290184020996,1,1942N1BOxjfwa6jWGDsgWHG22316,1.0,1,3,1,
1,1.0,4.335248231887817,1,216056mnlRJWqGhoIzF9wyxO4200,1.0,1,3,1,
0,0.14285714285714288,4.445524215698242,1,26748vEm6_JIFNnvzYBeYPv81041,0.0,0,3,1,
0,0,6.004789113998413,1,561RShlPGzCfUPZQrUdWiIe226,0.0,0,3,1,
0,0.2857142857142857,4.273927927017212,1,1999pCsU6o7Al1PsagdDjDms2208,1.0,1,3,1,
1,1.0,4.0644850730896,1,1360LxZ_Vrj1sZ5dYHaRGOd6792,1.0,1,3,1,
0,0.47058823529411764,4.481309652328491,1,693O9x_DHPjJvDEqDaL5z3P2891,1.0,1,3,1,
1,1.0,4.112760782241821,1,2162Pp7-3-5tDfWWUPh7kkoP4192,0.0,0,3,1,
0,0,4.264312028884888,1,1406r0ltJ0ogZOEySbpwaMW3668,0.0,0,3,1,
1,1.0,4.494030237197876,1,2454DywEFUk_89WopSOIo62c1889,0.0,0,3,1,
0,0.7142857142857143,4.35557746887207,1,2597oOL_7CB6tThxfotDFYvs2400,1.0,1,3,1,
0,0,4.361409902572632,1,23795KyPYBugQHXet6Mhcn6k3688,1.0,1,3,1,
0,0,4.254874229431152,1,550wrp-mp9TMdH2CqA5WYOK258,0.0,0,3,1,
0,0.5,4.24247407913208,1,680SoWSzZf-Vj7dvc7zwoPn2925,0.0,0,3,1,
0,0,4.1038901805877686,1,631gfVFI_1P9ON_SQmft4dC23,0.0,0,3,1,
0,0.3636363636363636,4.462633848190308,1,1485zXrCfbHH-0tedwW1xWx02040,1.0,1,3,1,
1,1.0,4.200714111328125,1,2508lmmHXbx9CbrIhCEGTMgz1762,1.0,1,3,1,
0,0.4,4.161163568496704,1,29445EWHlsJVMIRKwumbCiCS3988,0.0,0,3,1,
0,0.11764705882352941,4.540993928909302,1,2355g1DEdj6BajInIdfN43xp3745,0.0,0,3,1,
1,1.0,4.192197799682617,1,2342uOJtHG5g2JYNe5z81tda3775,1.0,1,3,1,
1,1.0,4.228828191757202,1,1404ZQwoPjfIlqZtLexyMKrY674,1.0,1,3,1,
0,0.8,4.154810428619385,1,2100wZS8Veo6hc9TL1NaJSaL1506,1.0,1,3,1,
0,0.5714285714285714,6.332958698272705,1,598sQDpQ6KKddxnTnAMlHjr115,1.0,1,3,1,
0,0.4,4.092857122421265,1,897zxAZ4U3r-Zh1DtjSiIVV2634,1.0,1,3,1,
0,0.33333333333333337,4.128037452697754,1,1976nFbvQGItJWwdL8HbiMOH2242,1.0,1,3,1,
0,0,4.0826826095581055,1,878tqshp6q6ko3DcqZ6tS6C2678,0.0,0,3,1,
0,0.07142857142857144,4.353633880615234,1,563-2Ot_VAy9WLUHbhZEXOM219,0.0,0,3,1,
1,1.0,4.277781009674072,1,1189K35XQ01jiETvv7rYOo0U3188,1.0,1,3,1,
0,0.25,4.072364091873169,1,1224Jb1mPpUJDQXOAhjg5Vzo3084,0.0,0,3,1,
1,1.0,4.0842506885528564,1,2146CMsypO-GlkGAyST9v2a-4234,1.0,1,3,1,
0,0,4.238725662231445,1,707rbJ8T66FV5pGZGyETeS02861,0.0,0,3,1,
0,0,4.268260955810547,1,648xsH7lylyZmqHM5Ja6ZG03010,1.0,1,3,1,
0,0.3529411764705882,4.440351963043213,1,2042iP4Erd5NWbbUyNtHBaEc1672,1.0,1,3,1,
0,0.25,4.354176998138428,1,1543fk6_ZyKd7tjxsbc5mIjL1383,0.0,0,3,1,
1,1.0,4.2114341259002686,1,2338Lzhex2xkJZC3CWbYyT8B3782,1.0,1,3,1,
0,0.13333333333333333,4.404409646987915,1,668cWm_2tZEF2k08oPyz6iV2954,0.0,0,3,1,
0,0,4.304933071136475,1,2434KMUI0qQbxWvYC1q1ZqFT3594,0.0,0,3,1,
0,0.8571428571428571,4.18242621421814,1,15278rOHAAwxs4q7s-hbQurx1953,1.0,1,3,1,
0,0.8,4.1519694328308105,1,1448svVuYFDg3snhISg21wg52116,0.0,0,3,1,
0,0.608695652173913,4.94376802444458,1,2208FuW7GAKFmCyvVin50esl4075,1.0,1,3,1,
0,0,5.947755575180054,1,2213gQhJ4zM5EYENYcGQHGTa4060,0.0,0,3,1,
1,1.0,4.043954133987427,1,2680JFom2C2m5B61Zmr5e-xw1023,1.0,1,3,1,
0,0.3333333333333333,4.717544317245483,1,99301Zg9cGHX9Gf1_cI5mfK422,0.0,0,3,1,
0,0.2857142857142857,4.31197714805603,1,1813DaTooZTJtMNx4CNYD2p73402,1.0,1,3,1,
1,1.0,4.1912360191345215,1,1423PX6sAYWhpQtqDkPXlwvJ619,1.0,1,3,1,
0,0.14814814814814814,4.417674541473389,1,1608Cjwz1f5MVloyXDrYtYD11216,0.0,0,3,1,
1,1.0,4.135601043701172,1,1469FeepfYJGM-RcHVUumiAM2073,1.0,1,3,1,
0,0.5,4.3313939571380615,1,1417CvbtpTdNieUFK8V6Ekov636,1.0,1,3,1,
1,1.0,4.110110759735107,1,2649-t0VK97BxI7xwcKTZLgQ1107,0.0,0,3,1,
0,0.25925925925925924,5.53490138053894,1,2037vvaVvs2-z2aR3schUPE52139,0.0,0,3,1,
0,0.08333333333333334,4.572053670883179,1,2956c4WpDuj0SNG4mcpScOq33969,0.0,0,3,1,
1,1.0,4.376267910003662,1,2217SJQhtYv5R5TRR96GIUDz4054,0.0,0,3,1,
0,0.7567567567567568,4.617845773696899,1,9901bDIlgQKtM_dfl7Uf_OW431,1.0,1,3,1,
1,1.0,4.154971122741699,1,1531MPYKMgh40o6Ahyhf_CTe1945,1.0,1,3,1,
1,1.0,4.25452184677124,1,2721w4sXZ7mV6j4Zl36hHUHd911,1.0,1,3,1,
0,0.125,4.4778783321380615,1,554Juv49GDSnjvb85QJzKnH247,0.0,0,3,1,
1,1.0,4.25072169303894,1,2103yGieEHPDGAmeuapsFKsj1498,1.0,1,3,1,
0,0.1739130434782609,4.514623641967773,1,1184C_LA1pOBVN-7HWp0PVT03204,1.0,1,3,1,
0,0.18181818181818182,4.348325490951538,1,1617-HTq6axozTF-eMfISD1Y1189,0.0,0,3,1,
0,0.7142857142857143,6.042338848114014,1,1623v44E7fmDk54O42TCHeFJ1171,1.0,1,3,1,
0,0.5,3.9637160301208496,1,1554YNq8lJaLBlAPjkvuXlSf1355,1.0,1,3,1,
1,1.0,4.086514234542847,1,1368uHWjPP6hjmEyI0Uea54f768,1.0,1,3,1,
0,0.5714285714285715,4.180446624755859,1,19488Pr6RoX5NaT1BWOrfb8b2304,0.0,0,3,1,
0,0.09090909090909093,4.4868996143341064,1,915hNLqOaPgMDH13MsuVSK52580,0.0,0,3,1,
1,1.0,4.181300163269043,1,1569FwzJ_LvmO5rW73WzT8541310,1.0,1,3,1,
0,0.4,4.219146966934204,1,2352sATjKyGbbi4RfrwE-QmQ3752,1.0,1,3,1,
0,0.4,4.372476577758789,1,2146CMsypO-GlkGAyST9v2a-4233,0.0,0,3,1,
0,0.888888888888889,4.1756720542907715,1,2558zZ0LNdBHfD9mCPPPKIms2473,1.0,1,3,1,
0,0.4,4.272519826889038,1,852ZSryt9TK0_Cz0XclTy282743,1.0,1,3,1,
0,0.3636363636363636,4.272006988525391,1,1466QWMZl6lBSpMlxHibwqSn2080,1.0,1,3,1,
0,0.1935483870967742,4.618772268295288,1,8478WHZms7MdB1ce7kHygtH2758,0.0,0,3,1,
0,0.47619047619047616,4.5696680545806885,1,2981ylD4oznDeHfkfO4lmbTY3905,0.0,0,3,1,
0,0,4.185370922088623,1,1748onKgABfsH9Ey9B-K6T2n3558,0.0,0,3,1,
0,0.5,4.385020971298218,1,973wD6IGiEh8Dy46Roludyx482,1.0,1,3,1,
1,1.0,4.09259295463562,1,1504eudKQjh2Zcev4hK4oHI82011,1.0,1,3,1,
0,0,4.322777032852173,1,968MjFCclVS0d1D0f2qQj3H495,0.0,0,3,1,
0,0.3333333333333333,4.406189441680908,1,2156pBjZFStWsSSBpKEqULmP4208,1.0,1,3,1,
1,1.0,4.213593482971191,1,25008jyl_fvzpJnsuFBgdiMe1779,1.0,1,3,1,
1,1.0,5.8177714347839355,1,1552mGG1NYRbYx9aZFFqni5G1359,0.0,0,3,1,
0,0.7499999999999999,4.130175590515137,1,1019zB6iUQ1EHfq_dimcfomU358,0.0,0,3,1,
0,0.33333333333333337,4.179728031158447,1,2516JbmLE4fDSyfphT4zqf3R1745,1.0,1,3,1,
1,1.0,4.13144326210022,1,699OiEXRKj_U0b0vWMEpACW2882,1.0,1,3,1,
1,1.0,4.096482753753662,1,1524sFrIwH53jua7jqnLYOiU1963,1.0,1,3,1,
0,0.75,4.324767589569092,1,2099-acnCQhCOzxPYUMuFfmt1510,1.0,1,3,1,
0,0,4.1723473072052,1,2047k8-fX-AM7Tv4kEIBJCC81656,0.0,0,3,1,
0,0,4.244270086288452,1,21295BHq9T-LJZqpw1jzVi4C1423,0.0,0,3,1,
0,0.15384615384615385,4.385997533798218,1,2062VZLt42f5YfL_F5YiZJ9_1615,0.0,0,3,1,
0,0.15384615384615383,4.763160705566406,1,26862KtqVf6aUK3bcskyPun21003,1.0,1,3,1,
0,0.5714285714285715,4.318433046340942,1,2156cAAwtbnblT7bk5Q4OXmn4206,1.0,1,3,1,
0,0.09090909090909091,4.275293588638306,1,673iXJr6OQEiXTiLOSzfmZ82945,1.0,1,3,1,
0,0.7272727272727273,4.301227331161499,1,2662NwX5LGUVKuX9e_SZ5Ydk1075,1.0,1,3,1,
1,1.0,4.082461357116699,1,656YB8T90k-pyOHOCeclaxG2987,1.0,1,3,1,
0,0.3636363636363636,4.352096319198608,1,1822OZ0KdTZtweXH-nkWRos13384,1.0,1,3,1,
0,0.7741935483870968,4.515007257461548,1,13565ziQq0QewrGcH_w9CYT3803,1.0,1,3,1,
1,1.0,4.155925035476685,1,2989RyZlwTdDD2jGMDbsteBr3887,1.0,1,3,1,
0,0.6666666666666666,4.432894229888916,1,2226L8d66ouJEV1RUNRdzzwj4032,1.0,1,3,1,
1,1.0,4.106285810470581,1,548Bj6ddRdZ8SW-Zzx6iTxc265,1.0,1,3,1,
1,1.0,5.863995313644409,1,1753F2-F3aTBMQahcdDwW-XL3544,0.0,0,3,1,
0,0.07407407407407407,4.572926044464111,1,9060M-eUQVT4tdQgPtZ-brd2608,0.0,0,3,1,
0,0.37037037037037035,4.241344213485718,1,1621o42smlJhfXvPseS5MLZK1176,1.0,1,3,1,
0,0.11764705882352941,4.6142823696136475,1,1035Kj_n7x68Qn7yayqGqlkg309,0.0,0,3,1,
1,1.0,4.093738794326782,1,2411yhLiRr_JQnLEj9IucyWG3630,1.0,1,3,1,
0,0,4.168020963668823,1,674NvGR-HjzwjtJCn0CRWAa2943,0.0,0,3,1,
1,1.0,4.0654871463775635,1,3004X8M9tRmpFDo7C4yTa_nC3855,1.0,1,3,1,
0,0.5263157894736842,4.493805170059204,1,1339m1CLGfwJuUYwzo2OLZKV855,0.0,0,3,1,
0,0,4.051825284957886,1,1525U71OzY7b_K_zUbJ4Wn5-1960,0.0,0,3,1,
0,0.5555555555555556,4.192251443862915,1,1231cJjNwm3bfsTH7qWJy5MR3064,1.0,1,3,1,
0,0.4444444444444444,4.335527181625366,1,1408azjEHKBnVfAY-oT13G79662,0.0,0,3,1,
1,1.0,4.197028398513794,1,916HouNf3Zihi-QrcktYOJO2577,1.0,1,3,1,
0,0,4.320654392242432,1,2203MPjw7wTHX4rxoiofFaQy4089,0.0,0,3,1,
1,1.0,4.143812656402588,1,2538uT9UzILgVbv20p7KxXWQ2515,1.0,1,3,1,
1,1.0,4.333176136016846,1,2519KkZmS0x5ulGXiZTw1wKR1738,1.0,1,3,1,
1,1.0,4.124796390533447,1,1508P6G-ZISxFyD5_KJ3IUXw2005,1.0,1,3,1,
0,0.8571428571428571,4.1660521030426025,1,2617lIcTuHq8N8es-n39g3012365,1.0,1,3,1,
0,0.4516129032258065,4.617815256118774,1,1225RCrAx9wJxpkVXOhgrIVp3082,1.0,1,3,1,
0,0.5,4.303131341934204,1,1955QD7fJQoA5kgOX2s2B5yE2287,0.0,0,3,1,
0,0.5714285714285715,6.380169868469238,1,1358Ru5uz8DUOjyO0Xc4TIeb798,1.0,1,3,1,
0,0.8571428571428571,4.151232004165649,1,2960ks0WgzObT5mMe7JvUcdZ3958,1.0,1,3,1,
0,0,4.110851287841797,1,2587WZtb-G91TcjATusTTjeN2423,0.0,0,3,1,
1,1.0,4.227628946304321,1,584nEQ5EoREN-G1n2xXlQ6W156,0.0,0,3,1,
0,0.47058823529411764,4.361689567565918,1,1032MkCHpM6OpA6PnwVJTqDR318,1.0,1,3,1,
0,0,4.437039136886597,1,18101KP3McThNf4JrT7MhYDK3411,0.0,0,3,1,
0,0.5,4.157688856124878,1,1528MgNp15Yx30rPeZDqHZi11951,1.0,1,3,1,
1,1.0,4.218871355056763,1,2199K4y-1LqwxyvhvEKrLYlM4100,0.0,0,3,1,
0,0.48387096774193544,4.833723545074463,1,2585Y2N2cI4AQIUUjwHj-pWh2425,1.0,1,3,1,
1,1.0,4.031993865966797,1,565rvmkktoSoI8TnbBAfOcj213,1.0,1,3,1,
0,0.3529411764705882,4.681586265563965,1,2191KGSRpNKqbnOuXgkR_GXG4120,1.0,1,3,1,
0,0.4848484848484849,4.535729885101318,1,932xbC9_ugIV02dO2WeOtf32536,1.0,1,3,1,
0,0.888888888888889,4.283303737640381,1,1174cqJct9Y7Xjuewm_koPVH3043,1.0,1,3,1,
0,0.3333333333333333,4.253228664398193,1,10310kDF1gSDdbFSECHjcQ-n321,0.0,0,3,1,
0,0.4,4.348650693893433,1,2175S4MitjCgK9hknprHvclr4155,0.0,0,3,1,
1,1.0,4.269606828689575,1,1540m7KtQ8W37yFZzUzVcX5F1394,1.0,1,3,1,
0,0,4.24575138092041,1,939Nc5hGTneUEWAXybnpuTl582,0.0,0,3,1,
1,1.0,4.305719614028931,1,27096q2XztnsFkYKERTVO36v941,0.0,0,3,1,
1,1.0,4.1236960887908936,1,1975vLuOp8gEBc7-d27D_PJt2245,1.0,1,3,1,
0,0.8,5.794803619384766,1,1154QF4krayqpB8xT4ck4ghA3287,1.0,1,3,1,
0,0.5,4.230736255645752,1,24760bnRp2NFdgHXH8zJ23TS1835,1.0,1,3,1,
1,1.0,4.097420930862427,1,1353cuJ2B12zDs0aTs65HC-5812,1.0,1,3,1,
0,0,4.2886762619018555,1,1029D_VXSqeEcmujQynOF_FN328,0.0,0,3,1,
1,1.0,4.065478563308716,1,636DB3YzGx_xI3HQDZa-h7l6,1.0,1,3,1,
1,1.0,4.193041801452637,1,2043GupahRuMXnAkmy18E6L_1667,1.0,1,3,1,
1,1.0,4.390944957733154,1,1535JT_lXL_OClCIRi_Kf0od1933,0.0,0,3,1,
0,0.8,4.198187828063965,1,1186P7uxLqgOAlAmYWkWs7Z_3199,1.0,1,3,1,
1,1.0,4.368987560272217,1,2593zX92VD8oSNjdJEyoOd_R2406,0.0,0,3,1,
0,0.5,4.02186131477356,1,2361c-8SrBx2PZDYVGvo5ybn3732,0.0,0,3,1,
0,0.3870967741935484,4.5050718784332275,1,24434z3j5gm_bj0nuQ8LfJIw1911,1.0,1,3,1,
1,1.0,4.059436798095703,1,1755k6OhZV2tgTLoY1YA0e3q3539,1.0,1,3,1,
0,0.5,4.241203546524048,1,5460SSbREtZ85AA4OPt7HWf272,0.0,0,3,1,
1,1.0,4.0637290477752686,1,2963HjFPYoq9gOmFLNgG-zm13950,1.0,1,3,1,
0,0.5384615384615384,4.416077375411987,1,1411rDFl1-2KKRZG_zvEhPJb653,0.0,0,3,1,
0,0.2857142857142857,4.361865520477295,1,6697jIYtcKSoYakHzaLUALm2953,0.0,0,3,1,
0,0.8571428571428571,4.264292001724243,1,1953_7jguMvfhNu8DiK9_PGm2290,0.0,0,3,1,
0,0.42857142857142855,4.33501410484314,1,924pjumaMwKOEdZ-UotwyI92553,1.0,1,3,1,
0,0.4444444444444445,4.1842429637908936,1,2630sxHawjQEFB6dK2XvhQG62335,1.0,1,3,1,
0,0.19999999999999998,5.821303606033325,1,2515HnCK6br3syHDxNhRpc8g1749,1.0,1,3,1,
1,1.0,4.136133670806885,1,2174jnPDST2ssGQAHmj94OFQ4159,0.0,0,3,1,
0,0.2857142857142857,4.2226433753967285,1,2437c2sYHX7dZAN7RcxrJekm3591,1.0,1,3,1,
0,0.5,4.076524257659912,1,5657UgoubyECldzVKmY9qmK215,1.0,1,3,1,
1,1.0,4.196683883666992,1,17827DnV3Cg-Nfu1fRrg_AZd3469,1.0,1,3,1,
0,0.6,4.362606763839722,1,30010MAQ7KJ-aW0Z2L6ThUUL3861,1.0,1,3,1,
0,0.6666666666666666,4.198817491531372,1,634_5Ke_8xaAo_UsybwdiB114,0.0,0,3,1,
0,0.2857142857142857,4.116690397262573,1,604mQQLLhcNi8N9nxflPiAk101,1.0,1,3,1,
0,0,4.426382780075073,1,2467UnCsY0GjqwvnMQVa1CFT1861,0.0,0,3,1,
1,1.0,4.195685863494873,1,594XaCVJIa20ZfOj0hFJ7HN126,1.0,1,3,1,
1,1.0,4.186530828475952,1,1984InJu5XFguodK1Khic6FC2232,0.0,0,3,1,
1,1.0,4.16459584236145,1,2194GC95ntf1sDidYwRyemAc4114,0.0,0,3,1,
1,1.0,4.263745546340942,1,2106VMTbOKIT8LUZtIXhHKmi1491,1.0,1,3,1,
0,0.33333333333333337,4.349981307983398,1,2063CNHDBJueyaE4leS4xnyJ1610,0.0,0,3,1,
0,0.8695652173913043,4.391777515411377,1,1027GtA7cv0YAAASkTdOQJj_333,1.0,1,3,1,
0,0.588235294117647,4.397163391113281,1,874kqKcdnSqPr2kHFDtCs872689,1.0,1,3,1,
0,0.5,4.228212833404541,1,11810pNzis8O7iMe4D0TXLLB3213,1.0,1,3,1,
0,0.4,4.276577711105347,1,1801GMGqWYEBcwKtk36fM4SD3432,1.0,1,3,1,
0,0,6.096510171890259,1,29552yyd0Gev5Q7THSvvmMm23973,0.0,0,3,1,
0,0,4.129876136779785,1,9229vCEiyj7IT-qcEDEXgvZ2560,0.0,0,3,1,
0,0.13333333333333336,4.345052480697632,1,2360xl9Xtx2fW4L4xa2bqWt43735,0.0,0,3,1,
0,0.28571428571428575,4.081800937652588,1,1533z2Yfjif7NuyxeBQgP_HF1938,0.0,0,3,1,
1,1.0,4.229849338531494,1,1986Z84KJqkab5YckaHCqppB2226,0.0,0,3,1,
0,0.8333333333333334,4.108078956604004,1,1010HNqYCv68G7N_CQVNh43m383,1.0,1,3,1,
0,0.6666666666666666,4.176956653594971,1,1462MplDIpHfHip3TdPLnQAs2089,0.0,0,3,1,
0,0.47619047619047616,4.4535393714904785,1,1823Eoxuy7YeAaFwIKLgSxRm3382,1.0,1,3,1,
0,0.3,4.4362688064575195,1,5760zdXs4a1j3W7Ec0Pt00y181,1.0,1,3,1,
0,0,4.527405023574829,1,6303tv6IL3KzvNs_iehOLAO24,0.0,0,3,1,
0,0.8,4.183199167251587,1,1181VylIAjhzHKEbTHOk7pUQ3212,1.0,1,3,1,
0,0,4.40381121635437,1,2060X2wuRhZlsLWO7ahOjJyR1620,0.0,0,3,1,
0,0.4516129032258065,4.251394987106323,1,2675-gwBiwWZVyjWDUu4p4cd1037,1.0,1,3,1,
0,0.8571428571428571,4.104345083236694,1,975dedQPvGmPQcw3ASwBaEQ476,1.0,1,3,1,
0,0.4,4.218630790710449,1,5692z3V0IN830k8XsO-Od4W201,1.0,1,3,1,
0,0.7499999999999999,4.144770860671997,1,681ZSY2R55eJuqPvMg2YLu32922,1.0,1,3,1,
0,0.5333333333333333,4.458027601242065,1,1998cWl-TBhBN_jwx9-RUmIk2210,1.0,1,3,1,
0,0.07999999999999999,4.473036527633667,1,577J1_2EkXjvWVxk6PCwOXP179,0.0,0,3,1,
0,0.6666666666666666,4.471224784851074,1,1351ZgXI9kMkbXJxIICf4en4817,0.0,0,3,1,
1,1.0,6.175758361816406,1,1189xoCo3EiFLfneuFibLahf3189,1.0,1,3,1,
1,1.0,4.097601413726807,1,2212AiYgOTwS6-B2X1GvWcOv4061,1.0,1,3,1,
0,0,4.368374824523926,1,5401-KQtKiJkYnkPCmw8hgz290,0.0,0,3,1,
0,0.3333333333333333,4.311516761779785,1,1500rtEwkj5Ab48-qvZJG-TC2020,1.0,1,3,1,
0,0.6538461538461537,4.516800403594971,1,1985TCdOsXGEqgnh_b69BgBa2230,1.0,1,3,1,
1,1.0,4.203973054885864,1,893yr9lRN4Av6ZBi_1BuAEs2645,1.0,1,3,1,
0,0.6451612903225806,4.483806371688843,1,2457EK954cnx1sbiMZvNQ97c1880,1.0,1,3,1,
0,0.29411764705882354,4.799216270446777,1,1354mCWTp9JbO_9CEDgtcsqF810,1.0,1,3,1,
0,0,4.3559699058532715,1,5760zdXs4a1j3W7Ec0Pt00y182,1.0,1,3,1,
1,1.0,4.1966845989227295,1,675_FqvNQZTBsCZpYPH5nqZ2941,1.0,1,3,1,
1,1.0,4.112790584564209,1,660LK3Me9by6QtGlAhc9ZgG2977,1.0,1,3,1,
0,0.24,4.342388391494751,1,1761xqf8AkX7fyG-P96OIUWX3521,1.0,1,3,1,
0,0.6666666666666666,4.246545791625977,1,1625pGkBzA7glpTmDaW3hVRT1164,1.0,1,3,1,
0,0.6666666666666666,4.3902881145477295,1,2403lDHCVZKpIfdlK_DXX6453641,1.0,1,3,1,
1,1.0,4.367882251739502,1,2144yrUQFOf2xZpRnCxV07q-4238,1.0,1,3,1,
0,0,4.2881457805633545,1,2105j8lJG7NIdPNa-ZKAQAFY1494,0.0,0,3,1,
0,0.5714285714285715,4.393115520477295,1,2367wI6YJctGx_TrLePW0zFT3717,1.0,1,3,1,
0,0.7499999999999999,4.189611911773682,1,1147WFziH2m07QrmUbmsVu0h3310,0.0,0,3,1,
1,1.0,4.095818758010864,1,648p8TjJdUhvz1kzwnKAbO63008,0.0,0,3,1,
1,1.0,5.83403205871582,1,2641T6RBdJb2XLZN38m4tLnQ1130,0.0,0,3,1,
0,0.39999999999999997,4.233266592025757,1,957jTOUmKitegWSXhSu5HBC528,1.0,1,3,1,
1,1.0,4.153439283370972,1,294512JZuY3wtRUnM7xV5Lvx3985,1.0,1,3,1,
1,1.0,4.102083206176758,1,2168vUp0MK_q-eM7E3DRDsyT4176,1.0,1,3,1,
0,0,4.472223281860352,1,10225FLoQxnwSkdi_B5KomYG350,0.0,0,3,1,
0,0.6896551724137931,4.455199718475342,1,24523V3YtR5qM3Ry32HOl9YL1891,1.0,1,3,1,
0,0.44444444444444436,4.533031702041626,1,924h9Ft9SWd5mJ8NvTErCl72554,1.0,1,3,1,
0,0.5714285714285715,4.295453786849976,1,1606Veghij1A-QwW6GVlGuCZ1220,0.0,0,3,1,
1,1.0,4.170647859573364,1,1536Vt7y8jm3lM_hxL8HrDZ31928,1.0,1,3,1,
0,0.45,4.586580276489258,1,945tBlPoKsnHp4m96z6_5la566,1.0,1,3,1,
0,0.5714285714285714,4.447888135910034,1,2725wuIIBvm6m_bXwQlOlPpe897,1.0,1,3,1,
0,0.8,4.203687906265259,1,932xbC9_ugIV02dO2WeOtf32535,0.0,0,3,1,
1,1.0,4.299263000488281,1,571cpox6B770TVdihACJYmK196,1.0,1,3,1,
1,1.0,4.093875885009766,1,1424tcuici39BiIRCrEsLBdb617,1.0,1,3,1,
0,0.15384615384615383,4.255326747894287,1,612j9e8x-SX2twmRLrzLrA_80,1.0,1,3,1,
0,0.6153846153846153,4.264036655426025,1,888Xb_uMPfibcJslsiGts6V2655,1.0,1,3,1,
0,0.8333333333333333,4.3632495403289795,1,1558USBzQpgdUWBcaUu8vmKq1343,1.0,1,3,1,
0,0,4.635256767272949,1,2010WZCaJ4UATWnu47fC8x_q2194,0.0,0,3,1,
0,0.2,4.455369472503662,1,2136GTNtg5ii_ljvTYd0c3zb1403,1.0,1,3,1,
1,1.0,5.886065483093262,1,2025x_2hg-9mZ-EGi6p0a3jI2164,0.0,0,3,1,
0,0.16000000000000003,4.320551633834839,1,27240PkmgWqz5j9_Fq0dxZCZ902,1.0,1,3,1,
0,0.21052631578947367,4.38166880607605,1,1222uS4El57Q2wzu8IrO8jXC3091,0.0,0,3,1,
0,0.5,4.135231971740723,1,1407v19CEpuYZwkqnTa-q-b7664,0.0,0,3,1,
0,0.3448275862068966,4.19295072555542,1,2042miR6jt7vY_V7syKyFwGL1670,1.0,1,3,1,
0,0.6363636363636364,4.444689989089966,1,2177rTzU3iHejo6wHiCUUGgR4151,0.0,0,3,1,
0,0.4,4.606786251068115,1,1565Ydie_dkDFB5ITs4J5bt91321,0.0,0,3,1,
1,1.0,4.186661958694458,1,102860x28lgIYl08vHuvaK5q332,0.0,0,3,1,
0,0.13333333333333333,4.359949588775635,1,1597nEqmtOHPo0XoNSnISrKk1245,0.0,0,3,1,
0,0.5714285714285715,4.083723545074463,1,1828fptyhwuU_NFzQJA1Xi3E3367,0.0,0,3,1,
0,0.5,4.306659698486328,1,1553HtIHHM40j_HGKzQ8UC-Q1357,0.0,0,3,1,
0,0,4.057700872421265,1,2410AFq_qQ8y8JGQ7JFgVY783632,1.0,1,3,1,
1,1.0,4.403282165527344,1,2143rWgXIxnPTtsFFOBT0X5t4242,1.0,1,3,1,
0,0.25,4.260730028152466,1,22165cE4SIrSj4XGK-I-cUmM4056,0.0,0,3,1,
0,0,4.2207183837890625,1,1991TmQZ4tOI7nwuybQ4yHxb2218,1.0,1,3,1,
0,0.5,4.25798487663269,1,626sqIdy_-8ySZOwFGfvHa-37,0.0,0,3,1,
1,1.0,4.2138941287994385,1,2002a_R1XmwMDmL5wyPZDS2t2204,1.0,1,3,1,
0,0.6956521739130436,4.615517616271973,1,91489gYi_bXEz_5f9xGfB8j2584,1.0,1,3,1,
0,0.8,4.227371692657471,1,699OiEXRKj_U0b0vWMEpACW2881,1.0,1,3,1,
0,0.4,6.0947465896606445,1,845RUlmcCAkxZC2itV7MBh62764,1.0,1,3,1,
0,0.8571428571428571,4.1423516273498535,1,2118pxZoSka6gwQShv5gCvh11453,0.0,0,3,1,
0,0.16,4.410497188568115,1,10048BfgjG4enz3988-bMTQR401,0.0,0,3,1,
0,0.56,4.63249397277832,1,2145sC266Uf0RNluKT7FLFAv4237,0.0,0,3,1,
1,1.0,4.023176431655884,1,1233BIh1MjWe8V_gvfBvkEMh3061,0.0,0,3,1,
1,1.0,4.202815771102905,1,2954jqY3V8dMNBIkxfLtHeUy3975,1.0,1,3,1,
0,0.5714285714285715,4.178518295288086,1,874TgJ6pjm1tIjGOz4RQM6P2687,0.0,0,3,1,
0,0.5,4.196266174316406,1,2683ZWKumnsegnDtGeIxL8lV1014,1.0,1,3,1,
0,0.875,4.247358322143555,1,1372lJrQ_uzmwv3HIDERdt8q756,1.0,1,3,1,
0,0.6666666666666666,4.04306960105896,1,846pjUcdsDwdYxx6e-kSkqz2759,1.0,1,3,1,
0,0,4.224647045135498,1,902WTqrcVsS44_3kCdKoIiQ2618,0.0,0,3,1,
0,0.7368421052631579,4.244389772415161,1,928Hu3KA-x6oU_y3HrI-1_W2543,1.0,1,3,1,
0,0.21428571428571425,4.583064079284668,1,2675d-90_uKGpaHgp3SdT5rO1036,1.0,1,3,1,
0,0.5217391304347826,4.487555742263794,1,1566GrfvtQHA0o-4EBsVEj541319,1.0,1,3,1,
1,1.0,4.1125168800354,1,1973ZkDmgLcfAz_KK8nK3nfI2248,0.0,0,3,1,
0,0.36363636363636365,4.349687337875366,1,870SoygQGV4uQaIki71P9Rb2697,0.0,0,3,1,
0,0.782608695652174,4.513359785079956,1,2079-LyObLxGymHC2hBqr_KO1564,1.0,1,3,1,
0,0,4.479768514633179,1,20584mhCkIhYtM4En0z3MQYe1626,0.0,0,3,1,
1,1.0,4.258446931838989,1,2561RPearP2qJJF5nNBvVQ1L2467,1.0,1,3,1,
0,0.14285714285714285,6.058049201965332,1,21437zdRayffhAEAXkARmi9b4241,0.0,0,3,1,
0,0,4.060135126113892,1,1485zXrCfbHH-0tedwW1xWx02039,0.0,0,3,1,
1,1.0,4.0679168701171875,1,2525dJ4EWXcRDVXIeNXmusu41718,1.0,1,3,1,
1,1.0,4.265817880630493,1,1343QtMvat2gfyOpKcj4hGQk843,1.0,1,3,1,
0,0.3333333333333333,4.5048346519470215,1,1611MZZJtpt_K7BKLoHaLOLz1206,1.0,1,3,1,
0,0.4615384615384615,4.418832778930664,1,16098VmMKHS5S-zIoi9Lnexu1213,1.0,1,3,1,
0,0.5,4.16358757019043,1,632js9QOyeh51lieyyYEk4e20,0.0,0,3,1,
0,0.6666666666666665,4.179039239883423,1,2603-H9t6TlkjtGBNIL8Vb1I2387,0.0,0,3,1,
0,0.8,4.268600940704346,1,659fIQxckVQ8kQLQWyiAcB82981,1.0,1,3,1,
0,0.6,4.166659832000732,1,640UbntiFko68p3ukz6iGpI3033,1.0,1,3,1,
0,0.6666666666666666,4.517102956771851,1,2054QGdD7x1dFKrhbc4zQqkz1637,1.0,1,3,1,
0,0.27906976744186046,4.7657835483551025,1,2458dUd4YKaHBPU_GMLLWI0i1876,1.0,1,3,1,
0,0.888888888888889,4.4252519607543945,1,1208_hsVPm9rZYhHcK-M-aqb3131,1.0,1,3,1,
1,1.0,4.35607647895813,1,2676Sh1pbKjbPEdIZU4GMc-I1033,1.0,1,3,1,
0,0.6666666666666666,4.678384304046631,1,1535JT_lXL_OClCIRi_Kf0od1932,0.0,0,3,1,
0,0,4.425479173660278,1,2466TSVQzmiW-hXcxaEULw6K1864,1.0,1,3,1,
0,0,4.2159342765808105,1,709ZYekPZmIHVZUS0oAXArM2857,0.0,0,3,1,
0,0.48275862068965514,4.595520257949829,1,599vA9baHhr2B12VCaQyfug111,1.0,1,3,1,
1,1.0,4.152913570404053,1,30010MAQ7KJ-aW0Z2L6ThUUL3860,0.0,0,3,1,
1,1.0,5.858263969421387,1,15234HN9qI_Z1BT9PU4i4eXx1966,1.0,1,3,1,
0,0.18181818181818185,4.30317497253418,1,2207Mhu0k4bRW9NfkPd9T-8G4076,0.0,0,3,1,
1,1.0,4.316198348999023,1,9674guoihWvbbOOb4MxV9OO500,0.0,0,3,1,
0,0.11764705882352941,4.472425699234009,1,2532Ivi3Ohs9yg4eP9GRF8Og1698,0.0,0,3,1,
0,0.16666666666666669,4.309400320053101,1,650c9GCkujN5yX2Hq3ptgvj3004,0.0,0,3,1,
0,0.19999999999999998,4.478330373764038,1,1210_s24nmmMlgNl60QCA3_m3127,1.0,1,3,1,
0,0,4.134990930557251,1,692bmuZ27AI6NVxsz0KR_vt2894,0.0,0,3,1,
0,0.5333333333333333,4.251159429550171,1,991UJ4U1LRmAW5-f92M6LsY427,1.0,1,3,1,
1,1.0,4.245226621627808,1,1758f6XRTOs9blC5Tid8Svkp3530,0.0,0,3,1,
0,0.2222222222222222,4.195105075836182,1,711G4Jg_FtYtXkHFYHcl93A2850,0.0,0,3,1,
0,0.3076923076923077,4.470618009567261,1,881k4icJUV-D69snt3YwNkN2669,1.0,1,3,1,
1,1.0,4.205406904220581,1,1360LxZ_Vrj1sZ5dYHaRGOd6791,1.0,1,3,1,
1,1.0,4.1862804889678955,1,2370c3Q74fBiYG2zw9ZSejzb3708,1.0,1,3,1,
0,0.09090909090909091,4.685868740081787,1,20865AJD7uSijZkNu3lQlJ481545,0.0,0,3,1,
0,0.717948717948718,4.396486282348633,1,952immu55E33w37RJlOAkR0544,1.0,1,3,1,
0,0,4.249035596847534,1,1185gqKvDplW4LckBGIE71n43200,0.0,0,3,1,
0,0,4.126330375671387,1,1007UIE-H0wbpcNQZ4pjpJnS390,0.0,0,3,1,
1,1.0,4.256340980529785,1,2167979S1AzMJxecio9-6zel4181,0.0,0,3,1,
0,0.25,5.958357334136963,1,2044egsXeT6Z85kZYfUih06a1665,1.0,1,3,1,
0,0.6153846153846154,4.150355815887451,1,877wqSp0Rkg0hf-ytTtfQ252683,1.0,1,3,1,
0,0.13333333333333336,4.406279802322388,1,1380vA5P1fp-1XlZm7dLip3Q738,0.0,0,3,1,
1,1.0,4.030297756195068,1,1764vbHFXwP80fm-jdwvjuuX3511,1.0,1,3,1,
1,1.0,4.178678274154663,1,2982l1HVy2DPPpYq8WtirtxS3904,1.0,1,3,1,
0,0.8571428571428571,4.148229598999023,1,1231cJjNwm3bfsTH7qWJy5MR3063,1.0,1,3,1,
0,0.5,4.049041986465454,1,952immu55E33w37RJlOAkR0545,0.0,0,3,1,
0,0.48275862068965514,4.561656475067139,1,2461f8qQbH49itp6TCfAxJMw1869,0.0,0,3,1,
0,0.9090909090909091,4.194608688354492,1,1389NIt7VpLR3rFxLFr6lrvJ712,1.0,1,3,1,
0,0.5,4.471085071563721,1,2965gY_fu8R7HgvXWZ2YZhQn3944,0.0,0,3,1,
0,0.5,4.496693134307861,1,2682o1_7d0Xjs0Bd9ZV891gv1017,1.0,1,3,1,
0,0.36363636363636365,4.298032999038696,1,2690j2wOUpSsJgKU08FvIZEg994,0.0,0,3,1,
1,1.0,4.149179220199585,1,1034epoawfzg9BJTz2Ca4vrd313,1.0,1,3,1,
1,1.0,4.078726768493652,1,716L1l3pKy-zugpO_a6ilSo2836,1.0,1,3,1,
0,0,4.520815372467041,1,2228Tic033jedplc8b6Uf0fN4026,0.0,0,3,1,
0,0.8695652173913043,4.3816978931427,1,619TPd5jEymGsYMQLGFu97J58,1.0,1,3,1,
0,0.05714285714285715,4.703559637069702,1,15964GBbwb3RvaHJ4qtXl4Wq1246,1.0,1,3,1,
1,1.0,4.054123401641846,1,722euX_8p0vNdY_kluqzWx42823,1.0,1,3,1,
0,0.75,4.180626630783081,1,590ro0nE5d3ot52_gvAC8T9138,1.0,1,3,1,
0,0.37499999999999994,6.237725734710693,1,2220FiinFvsU7-YyZ30zv8jY4048,0.0,0,3,1,
0,0.5714285714285715,4.0744712352752686,1,979hdglxJn8R-0hBhG7P5nM463,0.0,0,3,1,
1,1.0,4.276863098144531,1,2694ltreEVbPipuuO8jQ7qct981,1.0,1,3,1,
0,0.1111111111111111,4.228769063949585,1,7201GV7Ue0Cd9oNYVERMrHM2827,0.0,0,3,1,
0,0.125,4.516597747802734,1,13441C2N2xP14JB_ucyRSeEL840,0.0,0,3,1,
1,1.0,4.0754714012146,1,1593wQ03VrIWqHihtyDIzkll1253,0.0,0,3,1,
1,1.0,4.5089192390441895,1,1830MpIhGxEOYndLD4ltPTIl3361,1.0,1,3,1,
0,0,4.249170541763306,1,624IMVlhXqEDrP4UTYdjFBl43,0.0,0,3,1,
1,1.0,4.135693788528442,1,2626MQV0T7h5MJ3KG7hHErhC2347,1.0,1,3,1,
1,1.0,4.365771770477295,1,201676gIfT7jAO-6h0fecgJk2181,1.0,1,3,1,
0,0,4.238144636154175,1,1622VzIGjCK9OcMrN2AGi78L1173,0.0,0,3,1,
0,0.8571428571428571,4.190185308456421,1,2129Ps1jQaY1CwoiNj8jmkkP1422,1.0,1,3,1,
1,1.0,4.310837507247925,1,1779lcPuO1NFS50gJD6T-Zo73477,1.0,1,3,1,
0,0.19999999999999998,4.365663290023804,1,2095lK7AE7QBvvimiBGlAhCP1520,0.0,0,3,1,
1,1.0,4.188460111618042,1,1566OYiRrAn9nhAe8krxhhlH1318,1.0,1,3,1,
0,0.13333333333333333,4.5353288650512695,1,2562xhuuQrOL772giwHAFNN12465,0.0,0,3,1,
0,0.11764705882352941,4.795726537704468,1,1762sINPubHhOJZ7JGLvqpn33519,0.0,0,3,1,
0,0.4,4.22091817855835,1,981F93-pjjKms7jx4e2JVzV458,1.0,1,3,1,
1,1.0,4.164577484130859,1,985ZjvvC0gTx6zRqASlgtzC445,1.0,1,3,1,
1,1.0,5.800718307495117,1,1622tBSu7soksT-AzmIOuApI1175,1.0,1,3,1,
0,0.25,4.223082780838013,1,2597bEEmj9EqyhIvOn9lakux2398,0.0,0,3,1,
0,0.8,4.165351152420044,1,2111pGUGejfL5WACso3SLJbt1474,0.0,0,3,1,
0,0.35714285714285715,4.517034292221069,1,1187yN2Y5xluovzwpRCb1U-23195,0.0,0,3,1,
0,0.4444444444444445,4.039132833480835,1,607K-braHAQ3mBasRzaqi7I91,1.0,1,3,1,
0,0,4.199826002120972,1,2524HPFjghxlMH26LswuLr121721,0.0,0,3,1,
0,0,4.086697578430176,1,2112Ka84DXM_2O-I9bb2Bh1H1471,0.0,0,3,1,
1,1.0,4.223115921020508,1,2009yUPItY6TQRe6eMeSQjOO2195,1.0,1,3,1,
1,1.0,4.077894449234009,1,3032cpPfK3yN5DpsFVbesgis3794,1.0,1,3,1,
1,1.0,4.107617378234863,1,674fc9KLiMj1S_6ZgcjWErn2942,1.0,1,3,1,
0,0.1818181818181818,4.231338977813721,1,216056mnlRJWqGhoIzF9wyxO4199,0.0,0,3,1,
1,1.0,4.132541179656982,1,709nCI7ZXWYPT_VsxwhCSWp2855,1.0,1,3,1,
0,0,4.211328029632568,1,14135nOR58ZI6lSglpLLKJLs649,0.0,0,3,1,
0,0.12903225806451613,4.473407506942749,1,21523ahtzE44hJmj4vLleIFL4217,0.0,0,3,1,
0,0.1111111111111111,4.51617169380188,1,2406B4Z7N9AspBfhkFExbXtA3637,1.0,1,3,1,
1,1.0,4.161622047424316,1,2677ervM-KMjq6rGhqtWXlXw1032,1.0,1,3,1,
0,0.33333333333333337,4.662520170211792,1,1388YAP57D0SapGUbpiJRE9a715,1.0,1,3,1,
1,1.0,4.32394814491272,1,971YiMBm82cMuE-VjwzggoC486,1.0,1,3,1,
0,0.39999999999999997,4.326641798019409,1,617iyLwPnEkb8aandhPxiQ265,1.0,1,3,1,
0,0.2727272727272727,6.237553834915161,1,13429RfxQrh56mayQixQkhbs844,1.0,1,3,1,
0,0.4,4.079286575317383,1,647k5bR1qBlBkeACsN2IIMD3011,0.0,0,3,1,
1,1.0,4.194119215011597,1,961rHLHYK3rKYFAjaPXxUWS518,1.0,1,3,1,
0,0.5806451612903225,4.576566219329834,1,3000dqwXFQm9XMFpQ0HwdmuB3862,1.0,1,3,1,
1,1.0,4.011261463165283,1,2719WfPBP5JMsTcRPHcHpNOM914,1.0,1,3,1,
0,0.6666666666666666,4.149395227432251,1,2040HhSymgf1wKjnAVm1XtFr1677,1.0,1,3,1,
1,1.0,4.12059760093689,1,2541rje6l6smnNf496Mfo2ZK2506,1.0,1,3,1,
0,0.14814814814814814,4.561270713806152,1,1202iIzasrTScRTbY9MqhVF43151,1.0,1,3,1,
0,0.08695652173913043,4.3928093910217285,1,2384aVhKH9_EVqT5P4uiN6BD3679,0.0,0,3,1,
0,0,4.322838306427002,1,2524gNYm9nwLrGjKr29PkOaJ1723,0.0,0,3,1,
1,1.0,4.3763134479522705,1,1458N6uaL3BJbFx0zaaW_fWm2096,1.0,1,3,1,
1,1.0,4.105358600616455,1,1218FmLMT0y2IKk9ZtWcCy973101,1.0,1,3,1,
1,1.0,4.419245481491089,1,1466HA3s7uyQytzf1DGQ7ak82078,1.0,1,3,1,
0,0.7777777777777778,4.408663988113403,1,2163CPpJfPXi8a-ve64R5YUK4189,1.0,1,3,1,
0,0.4000000000000001,4.409703493118286,1,2119SJEcYcuuQpuvuba_KlGl1452,0.0,0,3,1,
1,1.0,4.147199869155884,1,2529megpj8CeZE8YmFG-ONB81706,1.0,1,3,1,
0,0.5,4.22054123878479,1,2099_g4dFIknl3fT9dwR3u1P1509,1.0,1,3,1,
0,0.25,4.318657159805298,1,2217SJQhtYv5R5TRR96GIUDz4053,0.0,0,3,1,
0,0.47058823529411764,4.424867391586304,1,2669v67locIF9ThvWJ8mcmqm1055,1.0,1,3,1,
0,0.4,6.129814386367798,1,866LtsA6S3dXyfEn4lwSbj-2706,1.0,1,3,1,
0,0.7777777777777778,4.146406173706055,1,1011MjRtXOyGZ4-GuFtMmFil378,1.0,1,3,1,
1,1.0,4.017110824584961,1,11978_NZ80-7iblXNygjG5Mj3165,1.0,1,3,1,
0,0.9333333333333333,4.302259922027588,1,2166jcvCXmlprvHV3vNw6N8Q4183,1.0,1,3,1,
0,0.5,4.039164304733276,1,1462oZf7cRHuZfp2BDkDYtEC2088,1.0,1,3,1,
0,0,4.2114973068237305,1,2032h_xc2uXEe2J9hKtwBMZw2147,0.0,0,3,1,
1,1.0,4.116955041885376,1,905uMGe3kos3fBWBJRcu64_2610,1.0,1,3,1,
0,0.15384615384615385,4.527744293212891,1,1401DngdKRka9HWtSFdUlGtf683,1.0,1,3,1,
0,0.846153846153846,4.438258171081543,1,2234WunkhYpA1H7nKvUqH4fU4009,1.0,1,3,1,
0,0.5714285714285715,4.077960968017578,1,6697jIYtcKSoYakHzaLUALm2952,1.0,1,3,1,
0,0.4615384615384615,4.498613119125366,1,2728nFa2ldCrvtEJDng_XYxW888,1.0,1,3,1,
0,0.20689655172413793,4.458866596221924,1,1370QNUfD2WiHA7tvyK8d5Dc761,1.0,1,3,1,
0,0.5263157894736842,4.43075966835022,1,2049EiSr8AWG9INgthccDLTD1650,1.0,1,3,1,
0,0.5454545454545454,4.230211019515991,1,2604e0fmEL2GWz6b8e3UT2SE2382,0.0,0,3,1,
0,0.6666666666666666,4.155968427658081,1,1477MEOUCxX-xvP9dW6zynAa2054,1.0,1,3,1,
0,0,4.173611640930176,1,893CM-JFvTvcT8bMPws6w-12646,1.0,1,3,1,
1,1.0,4.148066282272339,1,2112z5T54aGAg6qkaOS_CEpU1472,1.0,1,3,1,
0,0,4.286158561706543,1,1379RrT3A_PqlFKQNYvghi-j741,0.0,0,3,1,
1,1.0,4.121993541717529,1,1773wG_suR5FqE-mF5fGOZf_3490,1.0,1,3,1,
0,0,6.189578533172607,1,25220uEQpWctQitEMppCz0oB1728,1.0,1,3,1,
0,0.2857142857142857,4.383055210113525,1,1346yh2OMAtmfNpcRNt1SLy0832,1.0,1,3,1,
1,1.0,4.0265586376190186,1,1764sM214smx3pexNt7ihmYZ3512,1.0,1,3,1,
0,0.14814814814814814,4.512263536453247,1,29900qLcvUk1IANwUoRUksL83885,1.0,1,3,1,
0,0,4.205545425415039,1,2126DJgUbSL5sAmvrHK4b6i71433,0.0,0,3,1,
0,0.26666666666666666,4.791186571121216,1,2373NRKFusfQc_zLqjvXUBsn3703,0.0,0,3,1,
1,1.0,4.009788990020752,1,1146avA58X9cjk_DPeXmAxoa3312,1.0,1,3,1,
0,0.8421052631578948,4.180523633956909,1,25035fhaQNvL0WXgoeoS66lU1771,1.0,1,3,1,
0,0,4.304363012313843,1,1782pNwPTa1BHnMqErVHNgVn3468,0.0,0,3,1,
0,0.8750000000000001,4.448087215423584,1,2695ZPNMDXJVWkSpBsIvWP2e978,1.0,1,3,1,
0,0,4.294620990753174,1,734OaSkZy1tFRAsQhwXZpw72791,0.0,0,3,1,
0,0.9090909090909091,4.251274824142456,1,966sGFsmeXRVmn5uld87Uqx501,1.0,1,3,1,
1,1.0,4.2515294551849365,1,1219M-HK-GzSUL0_YTpEyAal3100,1.0,1,3,1,
0,0.25,4.026614427566528,1,688c3WuYR4MMHLmhRv-gN0x2905,1.0,1,3,1,
0,0.5454545454545454,4.1595330238342285,1,2700ouBGuI-BEf84sS7uN4t6964,1.0,1,3,1,
0,0.27272727272727276,4.534433603286743,1,1002OYjKgvY_WrTVyv0BBUq7298,1.0,1,3,1,
0,0.8,4.108179569244385,1,15263OLWSlkXpClkcExQ-34k1956,1.0,1,3,1,
1,1.0,4.267377138137817,1,2047gFZId1qs9iPQOZC-ctZk1655,1.0,1,3,1,
0,0,4.238249778747559,1,632uvTxu-d7cMie_IsRhHir18,0.0,0,3,1,
1,1.0,6.0254807472229,1,2018YW2syleEWhsiOiqtl1bM2179,1.0,1,3,1,
0,0.6250000000000001,4.406475782394409,1,13557O5UDcwm79Dbe5mMKkyP805,1.0,1,3,1,
0,0.13333333333333333,4.378868579864502,1,610Wlu96o5AFYgV3XRdxvUD81,1.0,1,3,1,
0,0.3076923076923077,4.415363311767578,1,1222CcGGwOypuVs066m0-Ti03089,1.0,1,3,1,
1,1.0,4.110516548156738,1,920_3eA9G_QtBFRfHPqbpXD2564,1.0,1,3,1,
1,1.0,4.192214727401733,1,582uj-O_p2agIMaKLfVvt9q163,1.0,1,3,1,
0,0,4.131804704666138,1,11874ivUPRxetEbIs17W3yI23194,1.0,1,3,1,
0,0.5,4.19145655632019,1,663-JJ9KuxO4ce29ftc42bp2969,1.0,1,3,1,
0,0.21428571428571425,4.696300745010376,1,1586xdhd1pR6S0dzxj9ovgft1273,1.0,1,3,1,
1,1.0,4.078027009963989,1,1609EOhGYwBpZppwqq_NILl01211,1.0,1,3,1,
0,0.5,4.340730667114258,1,728o5nPELHgiol01noXmKOs2804,1.0,1,3,1,
0,0.509090909090909,4.426981210708618,1,26216Z83wTl882xhoh0wbJyW2356,1.0,1,3,1,
1,1.0,4.2659430503845215,1,2738DAMkWYr6P41qkaUL03WS861,1.0,1,3,1,
0,0.05714285714285715,4.697959899902344,1,2685GABqKAQvYffOXnzpYe7d1007,0.0,0,3,1,
0,0.8,4.209899425506592,1,2497_yB250Kp0G5hx_qYaSQz1790,0.0,0,3,1,
0,0.4666666666666667,4.900221824645996,1,2655gxZrOskmjOA-TW3Ehnd31093,1.0,1,3,1,
0,0.5185185185185185,4.380380392074585,1,5638rNPpZlKveews0Jur10f220,1.0,1,3,1,
0,0.8,4.3490660190582275,1,1610uoqONpVWq8hbfW0IWTp01210,1.0,1,3,1,
0,0.5714285714285715,5.831486940383911,1,1619WNMGVblYkoUK6xqbFIWj1181,1.0,1,3,1,
0,0.631578947368421,4.444522380828857,1,2488DTQyWJtFzqpMo0G83Z141809,1.0,1,3,1,
1,1.0,4.083629369735718,1,1148PSyI-r3aKN8Fs-txzeP-3307,1.0,1,3,1,
1,1.0,4.263664484024048,1,620bIM9wpBXt4X64dKqTAlI54,1.0,1,3,1,
0,0.26666666666666666,4.406705379486084,1,697hxPp_DRdUO5M8Mhc9Foe2883,1.0,1,3,1,
0,0.04878048780487805,4.507464647293091,1,2596mAI-2gOF5YyGddhRQY7J2401,0.0,0,3,1,
0,0.15384615384615383,4.441386461257935,1,1353w0JPzybqaK7D7IgLKUAQ811,0.0,0,3,1,
0,0,4.257400035858154,1,2002fbBFgunu-KJFrVTfeKi42202,1.0,1,3,1,
1,1.0,4.0808796882629395,1,19576albE3jQTwnzltPL9x4p2282,1.0,1,3,1,
1,1.0,4.240704298019409,1,2029zM0iFxiByEjdcqWytGF82157,1.0,1,3,1,
0,0,4.383104085922241,1,705qdVGES6XsgQsP_yvGu_I2866,0.0,0,3,1,
0,0.48,4.525677442550659,1,5638rNPpZlKveews0Jur10f221,1.0,1,3,1,
0,0.6666666666666666,4.196292161941528,1,3025ztWv0J68PeStGtNqdd7e3807,1.0,1,3,1,
0,0.5454545454545454,4.18324613571167,1,992-81dbeU4j2z_OL117yjt423,1.0,1,3,1,
1,1.0,4.499269485473633,1,908jl25A_Iov80feqJ4evmm2602,1.0,1,3,1,
0,0.6153846153846154,4.233726739883423,1,1215415v_BmzwkNXDE-6MKs73111,1.0,1,3,1,
0,0.8571428571428571,4.221823215484619,1,1520uD9FiUqcbSpNYsUopFjY1971,1.0,1,3,1,
0,0.7000000000000001,4.351078510284424,1,2389fMXDCf-L0WzUcKd1VeHg3670,1.0,1,3,1,
1,1.0,4.212843418121338,1,1428xPneXxp8WCid2OQ6y0ie605,1.0,1,3,1,
0,0.5217391304347825,6.145754098892212,1,1762sINPubHhOJZ7JGLvqpn33518,1.0,1,3,1,
0,0.8181818181818182,4.556742429733276,1,2165UFxDkTAvPqvH4KxZyH3w4185,1.0,1,3,1,
0,0.5,4.504751205444336,1,1385LTJsjSVpJOBIcpvswpuK721,1.0,1,3,1,
0,0.5882352941176471,4.284306049346924,1,633PNkXpWrT5V7t9B3iNQ9z15,1.0,1,3,1,
0,0.5,4.251984119415283,1,2552VNiXxsau_A7kc3Tvf3p22484,1.0,1,3,1,
1,1.0,4.107079267501831,1,145680wJT2OEc4U1fHPyTYZE2103,1.0,1,3,1,
0,0.7200000000000001,4.3710668087005615,1,14141HXL5FAh9vdVXc_7zkwN645,1.0,1,3,1,
0,0.7692307692307693,4.290678024291992,1,1509CUIy9Rlec04CLHTvttMQ2001,0.0,0,3,1,
0,0.07407407407407408,4.5213682651519775,1,1016CUBKrFMJ-UTMJxunATzk368,0.0,0,3,1,
1,1.0,4.284482002258301,1,1553LH4jQ8Gyh4swkDp_mTRB1356,1.0,1,3,1,
1,1.0,4.101348161697388,1,1146WndGbCRXWQdZIkeho7Gc3311,1.0,1,3,1,
0,0.11764705882352941,4.666505813598633,1,578C_O7pYNiyLAUSE5J66xB175,0.0,0,3,1,
1,1.0,4.280677556991577,1,1005kUSQjnYNjRyPCjiXwSaB398,1.0,1,3,1,
0,0,4.5298402309417725,1,998Con_q4MLI1RfJuY2bKbI415,1.0,1,3,1,
1,1.0,4.273759365081787,1,1226VvNg35i87Jc0HRevhBIp3079,1.0,1,3,1,
1,1.0,4.2133378982543945,1,1961NgbrYCa8qLoT8bwQvWyP2273,1.0,1,3,1,
0,0,4.311772584915161,1,958UDYY0qFH9pDU9YSVA8Vc526,0.0,0,3,1,
0,0,4.029136419296265,1,16127RJnwPcCuQ2L6JWAn7Rd1204,0.0,0,3,1,
1,1.0,4.062941312789917,1,2345L8lcdJOyUpQRQBcnRzDK3766,1.0,1,3,1,
0,0.22222222222222224,6.022908687591553,1,2379GN9mys5ZoyDzMrBRliJf3689,0.0,0,3,1,
0,0.2857142857142857,4.343670129776001,1,1497JQ4ZHRsRX7evdsz7Cnxn2026,1.0,1,3,1,
0,0.4444444444444445,4.3592529296875,1,1587uaVpzNlVFOvm2d9R858J1271,1.0,1,3,1,
1,1.0,4.074809312820435,1,691pqnhMyJfTBtJrs_4z71s2898,0.0,0,3,1,
0,0.8,4.134240388870239,1,2550LYN4iIl7yI_G3sifQnSg2490,1.0,1,3,1,
0,0.33333333333333337,4.3406665325164795,1,1804uzeMzyojontOD0RrTKB-3426,1.0,1,3,1,
0,0.8750000000000001,4.187242746353149,1,875rKE1xYgnsy1BcrIiDIQI2685,1.0,1,3,1,
0,0.14285714285714288,4.443098306655884,1,2977yupMSQn-HI-bXvQfc1K33916,0.0,0,3,1,
1,1.0,4.049826622009277,1,2698bgG-pSvhH1uH5WECCZ_3970,1.0,1,3,1,
0,0,4.779463052749634,1,2081wGIIBL_5uHYg2-zjVmIl1559,0.0,0,3,1,
0,0.23529411764705882,4.407809019088745,1,562PdLKBSdwFoIYHY2sfoIe222,1.0,1,3,1,
0,0.9090909090909091,4.204353094100952,1,1545g1Tb818_JNDAuQjE--ZZ1379,1.0,1,3,1,
1,1.0,4.26603627204895,1,1544BBli6lvsM3ocK55YaTtb1382,1.0,1,3,1,
0,0.761904761904762,4.388417959213257,1,1000i5ZESzidE5hb6hdUdea2408,1.0,1,3,1,
0,0.5833333333333334,4.586192607879639,1,2693xNMD-j6qs0jX-U23Wf0I984,1.0,1,3,1,
1,1.0,4.15748143196106,1,14925BpcZux1svJlrAtyoMai2029,1.0,1,3,1,
0,0.125,4.781792879104614,1,556P8pjHZyb4ejA9BA5GDtx242,0.0,0,3,1,
0,0,4.369853496551514,1,1590DQgHfimikqgwh-c_JwUe1261,0.0,0,3,1,
0,0.375,4.81037449836731,1,2687GNgTIwftLmhQl-ULlyIq1002,1.0,1,3,1,
0,0.42424242424242425,6.3380162715911865,1,252513Fb0l8m0GRRu_iLUCVp1720,1.0,1,3,1,
0,0.3076923076923077,4.181046485900879,1,664f37D7JhEzRWzT7PSpfeq2965,1.0,1,3,1,
0,0.5714285714285714,4.375665664672852,1,2148NJIHZymeZVgHJqfku_T-4226,1.0,1,3,1,
0,0.2857142857142857,4.617089509963989,1,22353xyc8AR6WxpoF2OKgYnG4005,1.0,1,3,1,
1,1.0,4.244968891143799,1,925n35w1SDxy9hu-BoGzQhT2551,1.0,1,3,1,
1,1.0,4.311292409896851,1,25929jtoxzmRvrCghJK2Yr5n2409,1.0,1,3,1,
1,1.0,4.024740934371948,1,22035zMP91kTdK0D670Gm9DE4088,1.0,1,3,1,
0,0.608695652173913,4.578855514526367,1,1584nXcMXJnDRIJAimgA99Zv1279,1.0,1,3,1,
1,1.0,4.095149755477905,1,656YB8T90k-pyOHOCeclaxG2988,1.0,1,3,1,
0,0.5454545454545454,4.3761961460113525,1,2693jy7ZRqHH6YP_cNnIYq_h983,1.0,1,3,1,
0,0,4.303004503250122,1,726Zqrdy5MxEOzGUtfFmSDk2812,0.0,0,3,1,
0,0.6666666666666666,4.549509286880493,1,974vUVNFZZhK9Vx9yosXwyz478,1.0,1,3,1,
1,1.0,4.268397569656372,1,1451JJuYQ7gSCXBvwOXzxUO72111,1.0,1,3,1,
1,1.0,4.548389196395874,1,1797bKcsOYWjujXqmm-PqvRx3438,1.0,1,3,1,
1,1.0,4.455975532531738,1,3011HiShQ8Sh1h9w8aYM2bSM3837,1.0,1,3,1,
1,1.0,4.207514524459839,1,2083X6CobqyKBWlVB2erFdr91552,1.0,1,3,1,
0,0,4.211058139801025,1,2059u7LeYW8QJT4FuRBunnc71622,0.0,0,3,1,
0,0.7500000000000001,4.527992010116577,1,2446m66Tw_4sOTHwmDMR5WHc1904,1.0,1,3,1,
0,0.4705882352941177,4.291170120239258,1,913p95ynskZDtXb0qOC6dwA2585,1.0,1,3,1,
0,0.7333333333333334,6.215958833694458,1,1483yi8ag0RBlDyqbW4LauBq2044,1.0,1,3,1,
1,1.0,4.062514305114746,1,1428xPneXxp8WCid2OQ6y0ie604,1.0,1,3,1,
0,0,4.137827634811401,1,2127j4vlim-EJ7C9hksd0XEG1430,0.0,0,3,1,
0,0,4.428667068481445,1,3016UHntd5AXw8O8ujuIuzC03825,1.0,1,3,1,
0,0.7692307692307693,4.2560951709747314,1,262821L4N7qZnsAQ8yXausca2343,1.0,1,3,1,
1,1.0,4.2432146072387695,1,1739zS5d5K2nGI2VG3-3pbM_3586,1.0,1,3,1,
1,1.0,4.338337421417236,1,1407o89xvqZTutf5eFwNUiRW665,1.0,1,3,1,
0,0.22222222222222218,4.572703123092651,1,892NlSY0o_jjuvHCLz66OUl2648,0.0,0,3,1,
1,1.0,4.285076379776001,1,1198n_07s62TLlmlj1bGHEMh3161,1.0,1,3,1,
0,0.625,4.433027267456055,1,1145CdbMPhBl1m3XpPiJVufo3315,1.0,1,3,1,
0,0.6666666666666666,4.572244167327881,1,300300XBB2enm-sjUC1pecfx3857,1.0,1,3,1,
0,0,4.260812282562256,1,2025tOS4Snu9-CzxWSTOYU392166,0.0,0,3,1,
0,0.8,4.401649236679077,1,1185QUMqAkrbMIjcG5gvt2YM3201,1.0,1,3,1,
0,0.7692307692307692,4.629507064819336,1,934hLc2W0dI5ExU1xikzEH42529,1.0,1,3,1,
0,0.7368421052631579,4.254379510879517,1,2635-GCLdPLMrmMD4qnPKG-_2328,1.0,1,3,1,
1,1.0,4.379858732223511,1,1577OEbmLnj5geKIc3Ms5Gtk1298,1.0,1,3,1,
0,0.8,4.30339789390564,1,26727Yse7GsoM0NaNss8TBWk1047,1.0,1,3,1,
0,0.5714285714285714,4.598942995071411,1,269641MnNGSIX-ZmkeYfsnXq976,1.0,1,3,1,
1,1.0,4.17572808265686,1,936Yj1HaPjTlXv6Hgo8Cae92522,1.0,1,3,1,
0,0.2727272727272727,6.309539794921875,1,27065ZHgP-paSB5ljBAmKla_948,1.0,1,3,1,
1,1.0,4.4949541091918945,1,2581ppi0j1b9BNl9BapOdicC2430,1.0,1,3,1,
0,0.4390243902439024,4.279124736785889,1,2601GgSIDEnk6OnshxTFVGk-2392,1.0,1,3,1,
0,0.7499999999999999,4.525493144989014,1,2729LQr51_aLqEDD75sH-mQa885,1.0,1,3,1,
1,1.0,4.332083702087402,1,2711IiarGLddFLTH1FRe4yTe935,1.0,1,3,1,
0,0.608695652173913,4.559555530548096,1,964RapMeSY8FyWlaMkFUNk8509,1.0,1,3,1,
1,1.0,4.1482908725738525,1,1214OL0S8M01IQnF-7GOuJJn3113,1.0,1,3,1,
1,1.0,4.03516411781311,1,1946Nnxnp68NuZXwOGDihqLA2308,1.0,1,3,1,
0,0.2380952380952381,4.898983001708984,1,612ky8baY-v_Ae9A0ILjO9a78,1.0,1,3,1,
1,1.0,4.5933568477630615,1,2492ldlNHGz1Ln-OVphSGeie1801,1.0,1,3,1,
0,0.7058823529411764,4.371065139770508,1,986wotq83gPK5H9RJCPZcUa443,1.0,1,3,1,
1,1.0,4.16779088973999,1,1999xtjeBxtA7VH_gw9Nh6zf2209,1.0,1,3,1,
0,0.25,4.370438575744629,1,6397bAfLk75E5KWRPhdSxoO3035,0.0,0,3,1,
1,1.0,4.087433815002441,1,593kmxrhCum30V8LO3FwczX131,1.0,1,3,1,
0,0.2608695652173913,4.2822887897491455,1,1476v2PUFlQQdpTZSxONJoJN2058,0.0,0,3,1,
0,0.5882352941176471,4.444201231002808,1,933f51SxFqN5EEdYugeQFhF2533,1.0,1,3,1,
1,1.0,4.132625579833984,1,1837P7XMSHwyeqg5w6sgNooL3338,1.0,1,3,1,
0,0.48648648648648646,4.712312936782837,1,1155buq6aWlaQuO1-Win_xed3285,1.0,1,3,1,
0,0.125,4.761011362075806,1,2400vNrdJburJUbyqPL1jKf-3646,1.0,1,3,1,
0,0.27272727272727276,6.308531761169434,1,634_5Ke_8xaAo_UsybwdiB113,0.0,0,3,1,
1,1.0,4.220096111297607,1,15928E8pxEJmfNp4i0dvTpic1257,1.0,1,3,1,
0,0.18181818181818182,4.142088413238525,1,2046Y3tesPObf1eU4k2Ieg_q1658,1.0,1,3,1,
0,0.33333333333333337,4.352131128311157,1,1805jD6pXVUKWTExN0qvvGu63423,1.0,1,3,1,
1,1.0,4.1054770946502686,1,1816M49IXoDpU__17vFIazVS3396,1.0,1,3,1,
1,1.0,4.31199312210083,1,859dpErN7YnpSc62U8feJVS2722,1.0,1,3,1,
0,0,4.624368190765381,1,1016iZHfARlbR17vRBgOG7AS366,0.0,0,3,1,
0,0,4.094596862792969,1,2121tJVu3NPeLooSCowp2KBZ1446,0.0,0,3,1,
0,0.8,4.283706426620483,1,3008p0idCpuhxmLUgt3xPUiv3845,1.0,1,3,1,
0,0.8,4.18837571144104,1,1023GZ3dln2t0HzaDV2xwSoN347,1.0,1,3,1,
1,1.0,4.212626695632935,1,672fdvBLQoGo5ntM5w4YRi_2946,1.0,1,3,1,
0,0.23076923076923075,4.25258994102478,1,1617-HTq6axozTF-eMfISD1Y1188,0.0,0,3,1,
0,0.625,4.407469749450684,1,1829Io4ow-6WaOGk3uMLY2EE3364,1.0,1,3,1,
1,1.0,4.338210582733154,1,662FSjJPutAhsBA5hh--LCF2972,1.0,1,3,1,
0,0,4.146630764007568,1,999gah7KDso3MxqZMK24KwL413,0.0,0,3,1,
0,0.5,4.288780689239502,1,882doeTQayJlOLXdbcJEWxe2666,1.0,1,3,1,
0,0.0625,4.559729099273682,1,2346lpAFRW5wMh0QbCkt1J153765,0.0,0,3,1,
0,0.6666666666666666,4.415437459945679,1,570b8sPdCNrCb2fqPau5nlt198,1.0,1,3,1,
0,0,6.064927101135254,1,1364rzJ0x_lGbilmxlREm3-p780,0.0,0,3,1,
0,0.8421052631578948,4.2972681522369385,1,1352KmQBu98vzork4gBBSRO7816,1.0,1,3,1,
0,0.3846153846153846,4.368376970291138,1,967mE-YQ6GKIOciQhgemIuu498,1.0,1,3,1,
0,0.8,4.348097085952759,1,853rlvzrZk-fZ0MJGXIDsKK2740,1.0,1,3,1,
0,0,4.316427946090698,1,1420r8hCUL3cJbDlZaKhMA1w626,0.0,0,3,1,
0,0,4.090014934539795,1,9663riGhItsb_5EG0X5d0GP503,1.0,1,3,1,
1,1.0,4.033377408981323,1,2632BRHiLLVNas_DcfbmC3c-2330,1.0,1,3,1,
0,0.46808510638297873,5.024150371551514,1,25775PQIxbBRzGch8_9ktspn2442,1.0,1,3,1,
0,0.7692307692307692,4.243889570236206,1,2686JOWKciP4s6sWuWPuyo-d1004,1.0,1,3,1,
0,0.8,4.209613800048828,1,1390o9_Ny0o9guZOaXj0sbu7711,1.0,1,3,1,
1,1.0,4.084217309951782,1,9686ZR7i7IlPRKYMLz1gLVE497,1.0,1,3,1,
0,0.5333333333333333,4.472060680389404,1,1747m5UQck6_uvx449-K2ICH3563,1.0,1,3,1,
0,0.05714285714285715,4.677350044250488,1,960o6-E-_ISeh5lV6FHiD34521,0.0,0,3,1,
0,0.8181818181818181,4.795082092285156,1,26584ooM2Zw_eA4brG7DDLRH1084,1.0,1,3,1,
0,0.5882352941176471,4.446320533752441,1,2139yDUqrN6ktYr0XYmUtrhj4251,1.0,1,3,1,
0,0.896551724137931,4.318838834762573,1,2658kpZ5jhLWnxu93y4HPmEB1086,1.0,1,3,1,
1,1.0,4.299683332443237,1,1982gXuf8xxJfqlXCJ0lBbBx2236,1.0,1,3,1,
0,0.7916666666666666,4.701198577880859,1,1442E-iDHqJgmhXgGgUnsT6U2127,1.0,1,3,1,
1,1.0,4.270473957061768,1,1835xWOwAfgrbHJnPbJjkinW3345,1.0,1,3,1,
0,0,6.1688079833984375,1,21819xbRjmQqZsl8GNgU4sNW4141,0.0,0,3,1,
1,1.0,3.9817121028900146,1,2535aSLMIE3ai-2WCJ4pqVYs1691,1.0,1,3,1,
1,1.0,4.473837852478027,1,735yFZGdJWVMnSb6dYaQkiG2787,1.0,1,3,1,
1,1.0,4.240941524505615,1,1457upHRYV54bxzXrLiZtg6L2099,1.0,1,3,1,
1,1.0,4.316982269287109,1,1183U1zI1TbGdaZR1adOMYQM3207,1.0,1,3,1,
0,0,4.0366809368133545,1,1369djsyqLYuxpeSrFzUMmCE764,0.0,0,3,1,
1,1.0,4.116323709487915,1,2977bAR1UUAdut5SZn4bYC9-3918,1.0,1,3,1,
1,1.0,4.197577238082886,1,2536UpX9Bg_Y08DDNzXdFiU_1690,1.0,1,3,1,
0,0,4.285219192504883,1,581eQPPkrKHcN8_8Sw_9yqc166,0.0,0,3,1,
1,1.0,4.169605731964111,1,182447yf5Kxgmkoq18WzZ-kB3379,1.0,1,3,1,
1,1.0,4.15802526473999,1,2599s6M3aZhTKLbo_uqhfouF2396,1.0,1,3,1,
0,0,4.130691051483154,1,2607OKKx_-TxJyP4xHwMylUE2373,1.0,1,3,1,
0,0.6666666666666666,4.184616327285767,1,1235ppKKbTr1utemwebxmtLB3055,1.0,1,3,1,
0,0.5185185185185185,4.4434380531311035,1,2480x9e2-ZMs1EKt6D0tRsQi1826,1.0,1,3,1,
0,0.3,4.60036563873291,1,2159ddV_uhwSKY-ivPDLPBYe4202,1.0,1,3,1,
0,0.761904761904762,4.407858610153198,1,1613_GNhprlpdle_vZoOR-qp1200,1.0,1,3,1,
0,0.3333333333333333,4.336055278778076,1,23527XII60w5C9XqiZx6OCLt3753,1.0,1,3,1,
1,1.0,4.20477819442749,1,1472rUZfzrrFBRkQ2V9Nom352064,1.0,1,3,1,
1,1.0,4.243956089019775,1,1952VkcVXDZByWM4BEkloo3g2292,1.0,1,3,1,
0,0.5,6.172403335571289,1,1346nIMk4YFeJtxqsv7zKctl834,1.0,1,3,1,
0,0.4,4.202517032623291,1,1021PPK-R-xW8kEi9x6y3ozh352,1.0,1,3,1,
1,1.0,4.746531963348389,1,2722B2Q7xCqKAJysuUWecphg907,1.0,1,3,1,
1,1.0,4.165857315063477,1,1007US_OGKNW9-UY27_fbDjW392,1.0,1,3,1,
0,0.33333333333333337,4.409079074859619,1,2959FnHyjmyIGupp1N26K34X3962,1.0,1,3,1,
1,1.0,4.436503648757935,1,1441MCBHwz4mlshCsnGFlkHe2131,1.0,1,3,1,
0,0,4.130460977554321,1,1144Dngx4nkJVbVR8P-iE7sU3318,0.0,0,3,1,
0,0.8235294117647058,4.48440146446228,1,29814YmrvhgM84gEBT0lVxvw3906,1.0,1,3,1,
0,0,4.505918741226196,1,2971KWjWQ_4RCyuE49PD1BRC3931,0.0,0,3,1,
0,0.2857142857142857,4.307920455932617,1,1759y5yGptDhTmoTR_wEuxlL3527,1.0,1,3,1,
1,1.0,4.161010503768921,1,2357Td0_4YYUSAljF5vBv_0h3739,1.0,1,3,1,
1,1.0,4.235780477523804,1,1150dinob9vqgTZrk-xbjId83300,1.0,1,3,1,
0,0.13793103448275865,4.636023998260498,1,1206pt-2ozhsCeZeJuJZ11Ii3138,1.0,1,3,1,
0,0.2857142857142857,4.139583587646484,1,920oP3ZWGsXlXtshho5kLW02566,1.0,1,3,1,
0,0.6666666666666666,4.202230453491211,1,5790Fok9pJKiiI6Y-n3yb5i171,0.0,0,3,1,
1,1.0,4.141284227371216,1,1746xFkEmAdD0clAPlBABufm3565,1.0,1,3,1,
0,0.6896551724137931,4.483963489532471,1,1766ZRZ8EEGBsuCXUDeVU6AL3507,1.0,1,3,1,
0,0.8421052631578948,4.532077312469482,1,859dpErN7YnpSc62U8feJVS2721,1.0,1,3,1,
0,0,4.23736572265625,1,2534kfzrkiF6qPoNEuEogKpb1695,0.0,0,3,1,
1,1.0,5.769407510757446,1,878Tp76n2ZpjK1LVAz5F3Mg2680,1.0,1,3,1,
0,0.7407407407407408,4.288480520248413,1,1611MZZJtpt_K7BKLoHaLOLz1207,1.0,1,3,1,
1,1.0,4.2327799797058105,1,687a3A4RhuOTcthCNUiIrgc2907,1.0,1,3,1,
0,0.4545454545454545,4.228705167770386,1,2506tnNa34B-P_N92wRxsBoH1767,1.0,1,3,1,
0,0.5714285714285715,4.22135329246521,1,580J0GQq9CMPFwuNoK_eRB4170,1.0,1,3,1,
0,0.4074074074074074,4.9502339363098145,1,8868thLYr46u8EShTLKweit2658,1.0,1,3,1,
0,0.5263157894736842,4.4142045974731445,1,1357dHKRJVVa-pcJ70XOotOx800,1.0,1,3,1,
1,1.0,4.2097861766815186,1,8982jMja-0mYqXcdvoFxJxW2630,1.0,1,3,1,
0,0.5714285714285714,4.971710205078125,1,2655YDVlTu5g8XP-s_xoiAGt1095,1.0,1,3,1,
0,0.45454545454545453,4.378968715667725,1,2196RcteK2m9GTjJgXROQiPI4109,1.0,1,3,1,
1,1.0,4.242894649505615,1,9800iElAh33OivZxcm_4tCk460,0.0,0,3,1,
0,0.761904761904762,4.47955846786499,1,24057YiGguOU4QpG_Wn3OHra3640,1.0,1,3,1,
0,0.75,4.31337833404541,1,2579V8DiOeUpZ5xJHz_B22Nw2437,1.0,1,3,1,
0,0,4.565296649932861,1,2087IjAfgbVGOizyI4eZPItW1543,0.0,0,3,1,
0,0.7826086956521738,4.545576333999634,1,2447UihYYfUXE3z2K7OG-aL91902,1.0,1,3,1,
0,0.5128205128205129,4.3001813888549805,1,2631s34D4pZl8TjOOyGiit1L2332,1.0,1,3,1,
1,1.0,4.226095199584961,1,2115wjzLCrPzhF-VpxKRqJFP1463,1.0,1,3,1,
1,1.0,4.342963933944702,1,1818-F59qEXWD7zf-tifA6Fz3388,1.0,1,3,1,
0,0.6666666666666666,4.2015180587768555,1,3003dQUE5hLbknhc6gAE1TOI3856,1.0,1,3,1,
1,1.0,5.8459413051605225,1,647GmaUXD9I5MZkvW1GqNBE3012,1.0,1,3,1,
0,0.05714285714285715,4.555782079696655,1,2673R6wJljC4R8_gzHYO3Plt1042,0.0,0,3,1,
1,1.0,3.9944636821746826,1,1196pKofKEiQ1ZBZSetE64_G3168,1.0,1,3,1,
0,0.8,4.167968273162842,1,1524Nfm7mS8r69gMUDH3Iml01961,1.0,1,3,1,
0,0.2222222222222222,4.669822692871094,1,883RFNtuFISrJk8_Rt0CI6B2665,1.0,1,3,1,
0,0.6666666666666666,4.3606181144714355,1,26682MjSxvP6AiBNgCeojDJb1057,1.0,1,3,1,
0,0.625,4.266552209854126,1,2160pB7t95SaGUm4CzQhgmjJ4198,1.0,1,3,1,
1,1.0,4.24828028678894,1,716hek6-tGWv6OjWX6V9K692835,1.0,1,3,1,
1,1.0,4.074309587478638,1,25163F-nTR5MBd30RtLg31GT1747,1.0,1,3,1,
1,1.0,4.055002927780151,1,2041iPCDoSwc6-SSEDCFNNzL1675,1.0,1,3,1,
1,1.0,4.186476707458496,1,7008WqVcdO5NHeeSxJ_rN-I2877,1.0,1,3,1,
0,0.3333333333333333,4.612993001937866,1,25316jqKhJvYVlP1H8PWC21S1702,1.0,1,3,1,
0,0.26666666666666666,4.4631853103637695,1,1750NmMTJzJEm36yjIov9B9h3552,1.0,1,3,1,
0,0.5333333333333333,4.500347375869751,1,614Bxg8ByFfN9DYmXPdt9mG72,1.0,1,3,1,
1,1.0,4.182504177093506,1,918WklZmO3jLsn_Z70OZLWg2571,1.0,1,3,1,
0,0.3333333333333333,4.330451488494873,1,2454DywEFUk_89WopSOIo62c1888,1.0,1,3,1,
0,0.5882352941176471,4.364243507385254,1,2951jT6DhbJBxVHu10Bg2oXX3980,0.0,0,3,1,
1,1.0,4.369910717010498,1,1559TG0OMQDF0IiIQ-iWWlLf1341,1.0,1,3,1,
0,0.10000000000000002,4.241142988204956,1,1508H4qju9CSQupQaGqERdUH2004,1.0,1,3,1,
1,1.0,5.857957601547241,1,1534EqrG2U5ZwhVnfonLjR3v1934,1.0,1,3,1,
0,0.8,4.071377992630005,1,1637oAol1FhKHhQdYFj8rM9_1137,1.0,1,3,1,
0,0,4.097830772399902,1,590XWeIE_Ub3P9D0x7jiKmg140,0.0,0,3,1,
0,0.4444444444444445,4.226681709289551,1,1385ik6Ip2I4xXAHzd2hJNiR722,0.0,0,3,1,
1,1.0,4.168933391571045,1,550jo6NqKN88LJy5XivwHWi260,1.0,1,3,1,
0,0.6153846153846153,4.333195447921753,1,1148PSyI-r3aKN8Fs-txzeP-3306,1.0,1,3,1,
0,0.3333333333333333,4.3040502071380615,1,2070UnqvM1-fIev38f4GM7OM1590,0.0,0,3,1,
1,1.0,4.1573646068573,1,6810pXzj6X5cQY4449WyWI52924,1.0,1,3,1,
0,0.18181818181818182,4.730827331542969,1,1745NUZ2j8Ha1NL9ReBuDZX-3567,0.0,0,3,1,
0,0.64,4.226458549499512,1,2459esAepNixSA0AcF8zNoUb1873,1.0,1,3,1,
0,0.11764705882352941,4.5704567432403564,1,26250nxthp2POkkPu-sWPuc42350,1.0,1,3,1,
1,1.0,4.115460395812988,1,1613uVGIU9rbTfPHxhpCKPHB1199,1.0,1,3,1,
0,0.5454545454545454,4.291536808013916,1,1491oI4TAF4mItNmtq538iaG2033,1.0,1,3,1,
0,0.56,4.361109018325806,1,5829IqfH0v_SCRjimDfqJQV162,1.0,1,3,1,
0,0.6,4.255889415740967,1,1974I-pVnxUHEcoxxhc26Hf32247,1.0,1,3,1,
0,0,4.5903480052948,1,2224RcPD7El8ag0rMhsUVbtJ4037,0.0,0,3,1,
0,0.6666666666666666,4.471877574920654,1,1360D7Hgd9qw5bZMvmEITupU790,1.0,1,3,1,
0,0.8000000000000002,4.3419413566589355,1,2986MO21v7OjEXp1PFMGy7zb3894,1.0,1,3,1,
1,1.0,4.049810171127319,1,1769rga8DFTYurVZ6xGRlZ-k3499,1.0,1,3,1,
0,0.823529411764706,6.141598701477051,1,1359atcV3Ym9xm3K3Feuwic1793,1.0,1,3,1,
0,0.5217391304347826,4.434518098831177,1,1199A2SWcBf7AXJV9GygzZFM3159,1.0,1,3,1,
0,0.10526315789473684,4.3691630363464355,1,17388L0pXFkN6Wb2CQAgtWsF3589,1.0,1,3,1,
0,0.5,4.401964902877808,1,697bJxNrY0oHPPOp9A6H2w-2884,1.0,1,3,1,
0,0.372093023255814,4.773228168487549,1,2423B6sbACqoj9ruotjUHd4V3608,1.0,1,3,1,
0,0,4.173016786575317,1,893CM-JFvTvcT8bMPws6w-12647,1.0,1,3,1,
0,0.23076923076923078,4.503247261047363,1,1037LvCdYeAKroXxUJeycQww305,1.0,1,3,1,
0,0.6666666666666667,4.256834030151367,1,1397d2BPGtIDfQjgBBeI1gfi694,1.0,1,3,1,
0,0.5333333333333333,4.403703927993774,1,2197JYHIBfWstcD9UKgGesaP4106,1.0,1,3,1,
0,0.4,4.125278472900391,1,567COo6mlEhcowdZdaMt4w3208,1.0,1,3,1,
1,1.0,4.303876638412476,1,22028XpMKQjngZ6oNkc2mHhg4092,1.0,1,3,1,
1,1.0,4.148902893066406,1,1947A5MF0NJR55TokdQfbhca2306,1.0,1,3,1,
0,0.9333333333333333,4.264140844345093,1,2511yeDda16x6E0RLYCDi9mP1756,1.0,1,3,1,
0,0.3,4.558244228363037,1,2415XgbOPioSGAgijio17bAF3624,1.0,1,3,1,
0,0.2,4.277082681655884,1,1165doXH6LWPr1l3iKFqXoxi3258,0.0,0,3,1,
0,0.8421052631578948,4.465533971786499,1,2997pY-cnb_SN-LcFfS41l9P3870,1.0,1,3,1,
0,0.16666666666666669,4.313433647155762,1,587v2MlTNxLZ2PTLUM4FwNM148,1.0,1,3,1,
0,0.09523809523809522,4.455263376235962,1,2528UEldJWc8DP0tiLD8vndW1710,0.0,0,3,1,
0,0.060606060606060615,6.179905891418457,1,3026pQ1wZ8FbWxBkRxg2TO-q3804,1.0,1,3,1,
1,1.0,4.080353498458862,1,1767VEuCAyUVu8RWl4oT_E163505,1.0,1,3,1,
0,0.7499999999999999,4.1912596225738525,1,1024EAnLzPugg_3Icp64grI8343,1.0,1,3,1,
0,0.2222222222222222,4.343958854675293,1,678otpfB47oYxNuzn83DpRo2932,1.0,1,3,1,
0,0.3636363636363636,4.306441783905029,1,2461f8qQbH49itp6TCfAxJMw1868,1.0,1,3,1,
0,0,4.432636976242065,1,1347Qw23uphuVkPM2_Dx4UdQ829,0.0,0,3,1,
1,1.0,4.049397230148315,1,1601UkDAFw-P2w4uKKY2rozv1233,1.0,1,3,1,
0,0.1818181818181818,4.429064989089966,1,25261kHHM3xmrKGTFC2m-3jz1716,1.0,1,3,1,
0,0.2222222222222222,4.18635892868042,1,637XN1jH-kFjaRz4RsZeYq15,1.0,1,3,1,
1,1.0,4.145549774169922,1,2535_pSTmM_bPcfnFUozn-RN1692,1.0,1,3,1,
0,0.8,4.1985931396484375,1,925ONi8DqJgbZBM5TjeIADZ2550,1.0,1,3,1,
1,1.0,4.261065244674683,1,2022QX2eDjcZ4dsu7lONZu112170,1.0,1,3,1,
0,0.3076923076923077,4.275882720947266,1,17764Wvvzaj-yaDcpnjXfpOs3484,1.0,1,3,1,
0,0,4.277271747589111,1,965GQDApWgsLm2Q6M9oCXXz505,0.0,0,3,1,
0,0.08695652173913043,4.620321989059448,1,1545nS51eGeqSTj9s6LSmRoa1377,0.0,0,3,1,
1,1.0,4.145157814025879,1,2000gGAiEI4MU8XJEWYhWtMT2206,1.0,1,3,1,
0,0.6666666666666666,4.337902784347534,1,1230q6biePiNfKKRI6X0oFun3065,1.0,1,3,1,
0,0.09090909090909091,4.15514349937439,1,1584P45h89PG1NmLba_I6GT41278,0.0,0,3,1,
0,0.33333333333333337,4.308815002441406,1,2026yIVtrJbiaYcqiJLKF7l92163,1.0,1,3,1,
0,0,6.3356029987335205,1,906MvzKtaiX283ibJ29qi6M2606,0.0,0,3,1,
0,0.5,4.376457452774048,1,2165HuZLp-RpujYD_LZRSJQC4186,0.0,0,3,1,
1,1.0,4.093809127807617,1,1504hlqci9hC_wlnWXFEJjtG2013,1.0,1,3,1,
0,0.5714285714285715,4.097846269607544,1,1349kgWBQhOLlY3E9pWS8AbU824,1.0,1,3,1,
1,1.0,4.1505773067474365,1,1203Ol4QUojB9cRergcdvn903148,1.0,1,3,1,
1,1.0,3.998692035675049,1,19410cAiVIRRgASbt7wWgZD-2319,1.0,1,3,1,
0,0,4.303223371505737,1,5516BHaRRv6Egl03A_kDyw0257,0.0,0,3,1,
1,1.0,4.342081785202026,1,2718CJJlT43vSkiBp7_LGjcB916,1.0,1,3,1,
0,0.5714285714285715,4.239131212234497,1,1190K-vBrGKzVvJ8j8oue-N63187,1.0,1,3,1,
1,1.0,4.2314605712890625,1,12230qQBc604SKoNhbZmzs-G3088,1.0,1,3,1,
0,0,4.659478187561035,1,2670Y-kuxlKLxN5SPIlGPfw91053,0.0,0,3,1,
1,1.0,4.10610032081604,1,1564Kq9tsrgH8Jhl4M51Udxu1325,1.0,1,3,1,
0,0,4.186204671859741,1,2481DMq2-F1erOLzkMNHhSK-1825,1.0,1,3,1,
1,1.0,4.175154209136963,1,605xKa5pDZq3ri35vcSMZD_96,0.0,0,3,1,
1,1.0,4.368347644805908,1,2580MTsBR8_rce6kiKLMzPcF2432,1.0,1,3,1,
1,1.0,4.14158034324646,1,2117vQSAQ0G-Q-u-Bsbb62o91456,1.0,1,3,1,
0,0.4571428571428572,4.579927444458008,1,1990jh2GtyFtQ71QD9ruIdP_2219,1.0,1,3,1,
0,0,4.451418161392212,1,9281L0ojvJ8_Y1OZ8Y5E-2U2542,0.0,0,3,1,
0,0,4.496615648269653,1,2656Yp2ruMu098-NHmfDpEnc1090,0.0,0,3,1,
0,0.5142857142857142,6.210111618041992,1,2154hgnNDJMyC_N1LGBLoIru4214,1.0,1,3,1,
1,1.0,4.024298429489136,1,18101KP3McThNf4JrT7MhYDK3412,1.0,1,3,1,
0,0.6666666666666666,4.388623237609863,1,3036Bam4sHa-kzaCOT3bw4IT3789,1.0,1,3,1,
0,0,4.402098894119263,1,2591f3d7XC4L0cvP4kCC70_a2413,0.0,0,3,1,
0,0.30769230769230765,4.238852262496948,1,1465BJRKQjBzp7FtVHgDIy5n2083,1.0,1,3,1,
0,0.5185185185185185,4.471275329589844,1,896R0sD8mqKYbLGYqqk-r7j2636,1.0,1,3,1,
0,0.1111111111111111,4.265380620956421,1,1364_8Kr3q32CIpMR0kiqSJZ778,0.0,0,3,1,
0,0.5714285714285715,4.3020641803741455,1,12070-1QsjSqBKe6exv2Y63Q3134,1.0,1,3,1,
1,1.0,4.1539225578308105,1,1789Q_uXiC023fjzRTDdQFGb3452,1.0,1,3,1,
0,0.5454545454545454,4.443065404891968,1,2468bI5nQWQ8Og-_9QlLKU8v1858,1.0,1,3,1,
1,1.0,4.255802154541016,1,849q68W7IxX8-DQe5gM8Mee2752,1.0,1,3,1,
0,0,4.2001707553863525,1,20341Pq0AyTYhP8IIzfXyUF82144,0.0,0,3,1,
1,1.0,4.266489028930664,1,685mD5vd-eQOOqkkqDXeo0t2912,1.0,1,3,1,
0,0.8571428571428571,4.206579208374023,1,1182meUHVvr0MSNbaF6y6cu83211,1.0,1,3,1,
1,1.0,4.226241111755371,1,1598QzeCBWXgq443IBJvDmm61242,1.0,1,3,1,
1,1.0,4.275891065597534,1,1786P9IXKcQP8OkEN66opvpF3459,1.0,1,3,1,
0,0.5714285714285715,4.38577675819397,1,2122fC9S5wJCD5HNfg2ppqf71442,1.0,1,3,1,
0,0.5555555555555556,4.559664249420166,1,15715bk_bkzCsTkEKHc-4BgP1307,1.0,1,3,1,
1,1.0,4.111270427703857,1,2136oFgVPp4a2aBSRi_E2Wfp1401,1.0,1,3,1,
0,0.30769230769230765,6.09597110748291,1,862DJJ2OtaoUpLFANoF4A6z2711,0.0,0,3,1,
0,0.11111111111111112,4.248075723648071,1,2696OeCQ2eGPeeqcJWvnia2b974,0.0,0,3,1,
0,0.16666666666666666,4.2846360206604,1,1544URXllxvZje97Y6Ow4nWo1380,0.0,0,3,1,
0,0.6428571428571428,4.329362392425537,1,1006TpLBx3Al5o1DiQaM37oi393,1.0,1,3,1,
0,0.6666666666666666,4.085520505905151,1,15629LVg0fMbpcV7lJ9LKY9C1332,1.0,1,3,1,
0,0.9454545454545454,4.77805757522583,1,1498TzP8gn0jdkp7FZzfjhoQ2025,1.0,1,3,1,
0,0.5,4.257795333862305,1,734OaSkZy1tFRAsQhwXZpw72792,0.0,0,3,1,
1,1.0,4.2184247970581055,1,2485bDk97nBPZwJrs1HTqUYW1817,1.0,1,3,1,
0,0.14814814814814817,4.410470485687256,1,3011U-7Tp-DNh4zvlgXG0HpU3836,1.0,1,3,1,
0,0.19999999999999998,4.277362823486328,1,2441iHjaCHbBrRtNVI1F4dLI1916,1.0,1,3,1,
0,0.8000000000000002,4.278618097305298,1,944zb5DA9PSwaSOFs8Ixpfj568,1.0,1,3,1,
1,1.0,4.143322229385376,1,1191B_3IBBp4kfqy7lOAgEnj3182,1.0,1,3,1,
1,1.0,4.332484722137451,1,994GU89OGfkUkf_KwQ-KrNe295,0.0,0,3,1,
0,0.4,4.222233533859253,1,15830sap0GkxnTMOv3sqw8nN1281,1.0,1,3,1,
0,0.28571428571428575,4.3209309577941895,1,557jlOGQ8cWQ5Q_as3HFgdb239,1.0,1,3,1,
1,1.0,4.0203468799591064,1,1522fhyaWeuJ9Z_qFlrlcyWV1967,1.0,1,3,1,
0,0.6666666666666667,4.354330539703369,1,2142M0Z1hvthYBIQDwlfmDoc4244,1.0,1,3,1,
0,0,4.551363229751587,1,1381nh2SdDr2eWku393B09QY734,0.0,0,3,1,
0,0.875,4.23385214805603,1,972wepQM0WfoPr49Ged8v0v485,1.0,1,3,1,
0,0.4444444444444445,5.901981353759766,1,1585D6y_4Zn5mH0JozDs766v1277,1.0,1,3,1,
0,0,4.318037748336792,1,2477JtT30EyGVCGC3ayc5fzB1833,1.0,1,3,1,
0,0.30769230769230765,4.210575580596924,1,2978f-wthVzOQ894PpZPNG4v3914,1.0,1,3,1,
1,1.0,4.075615406036377,1,2630aXuhB9uY_8J6EHtO6-Mr2336,1.0,1,3,1,
0,0,4.162453651428223,1,1199A2SWcBf7AXJV9GygzZFM3160,0.0,0,3,1,
0,0.13333333333333333,4.258328676223755,1,2700a4RLmE2cp5zGGWocgMnk962,0.0,0,3,1,
0,0,4.069896459579468,1,926tAEnfqtEDknSf1RRHRGd2548,1.0,1,3,1,
0,0,4.260997772216797,1,2640qGTRBDkuytVF7DgH9rac1133,0.0,0,3,1,
0,0.4705882352941177,4.290395021438599,1,1749wiiGSfeFQ3yPQ1BOc1U43557,1.0,1,3,1,
0,0.2,4.113440752029419,1,2152-7ZSgzVAfI8TDcdpWpW94218,1.0,1,3,1,
0,0.6842105263157894,4.640244245529175,1,25382aH87vyrbRDKXNCHaLeh2513,1.0,1,3,1,
0,0,4.0129475593566895,1,2046GP7dC5MYUxEjhVaMxjWJ1660,1.0,1,3,1,
0,0.8,4.215264081954956,1,2206I8Vkp53Zdu1cUBnnuvdS4080,1.0,1,3,1,
1,1.0,4.239570617675781,1,2104i0gKzSVXucEKM9-yEEk01497,1.0,1,3,1,
0,0.3076923076923077,4.596447467803955,1,1393pxXY3fzob8XiUnQnNutp706,1.0,1,3,1,
0,0.380952380952381,4.489006519317627,1,1174cqJct9Y7Xjuewm_koPVH3042,1.0,1,3,1,
0,0,4.388094425201416,1,949-8BF6fDFHRAnfe-2RE-l553,0.0,0,3,1,
0,0,4.569913864135742,1,583YdasD1ECY7CN_ngeQRce159,0.0,0,3,1,
0,0.5,4.2114598751068115,1,1139S6XoLf7-b7jTGWo4rNqh3332,1.0,1,3,1,
0,0.6666666666666666,6.039768695831299,1,2666Q6dqeeEHLjgAoEK1_TO_1064,1.0,1,3,1,
0,0.8,4.166095972061157,1,713mkI94VIQA0I6wS3HJPcM2844,0.0,0,3,1,
0,0.10526315789473682,4.323051929473877,1,2555p5yiAg3i-K6fEVfg79C_2478,0.0,0,3,1,
0,0.5882352941176471,4.4716222286224365,1,2983ybkX29nSM9c_5Wec7ZEw3901,1.0,1,3,1,
0,0.5,4.239675760269165,1,2429paTz8WarKJwpiUdXVhCP3599,1.0,1,3,1,
1,1.0,4.249836683273315,1,1986ywsnzXO8mfN71y1-tg7v2227,1.0,1,3,1,
0,0.5925925925925926,4.574598789215088,1,845JLaU-l5c2oYwpqbyvci22762,1.0,1,3,1,
0,0,4.26287317276001,1,1986ywsnzXO8mfN71y1-tg7v2228,0.0,0,3,1,
0,0.4444444444444444,4.2905120849609375,1,868WKfLdQ9oFbCof7_ffWel2704,1.0,1,3,1,
1,1.0,4.1723785400390625,1,1828fptyhwuU_NFzQJA1Xi3E3366,1.0,1,3,1,
0,0.4444444444444445,4.632390022277832,1,2723yCKqbYMLP3--tgThAnBf903,1.0,1,3,1,
0,0.5,4.3563783168792725,1,710GPosYad0qKlTplL9V2RU2852,1.0,1,3,1,
0,0.5,4.478150129318237,1,20584mhCkIhYtM4En0z3MQYe1627,1.0,1,3,1,
1,1.0,4.153585910797119,1,1619NaRhUfzIpMj5mmPmc7Ht1182,1.0,1,3,1,
1,1.0,4.178976535797119,1,1789NObn0laTBstP0EhadjV63453,1.0,1,3,1,
0,0.22222222222222224,4.632345199584961,1,2172h7FsXA80Z3ao1yhCMsre4164,1.0,1,3,1,
0,0.5,4.130383729934692,1,546nNnwuSPlfllI6CKnHjv2270,1.0,1,3,1,
0,0.4615384615384615,4.630763053894043,1,2109wDBr_5DTMGUIMawARy5V1482,1.0,1,3,1,
1,1.0,4.167836427688599,1,652LiD_APWuMXugNPF6gw3S2998,1.0,1,3,1,
0,0.8235294117647058,6.509116172790527,1,2200LNmoAD2ZOW48t6lvPwZ84096,1.0,1,3,1,
0,0.4444444444444445,4.112809896469116,1,2591f3d7XC4L0cvP4kCC70_a2414,1.0,1,3,1,
0,0.13953488372093023,4.309880018234253,1,1499owxpLi-93XDGBsIRGW_z2023,1.0,1,3,1,
0,0.33333333333333337,4.34116530418396,1,856o8vBShmxO_WE6sEatSZ02730,1.0,1,3,1,
0,0.15384615384615385,4.4419920444488525,1,1814TWex7U8WXxRjr7AWQorc3399,1.0,1,3,1,
0,0.8571428571428571,4.27213716506958,1,1018RR7R37EFe6-6a8ByqX6L361,1.0,1,3,1,
0,0.8421052631578948,4.29135799407959,1,2467UnCsY0GjqwvnMQVa1CFT1862,1.0,1,3,1,
0,0.4444444444444445,4.13409423828125,1,5725iP5Tzyy4gxehcn9t4TM193,1.0,1,3,1,
0,0,4.244875431060791,1,2340-UH-PIG4sGreW8w-HZcs3780,0.0,0,3,1,
0,0,4.130479097366333,1,5601RlVQQ13ZMVNw8QCNW6F229,0.0,0,3,1,
1,1.0,4.181028127670288,1,2182v2AhcAAWzK6nwKjDRuNc4139,1.0,1,3,1,
1,1.0,4.1274237632751465,1,26269UMEj-lV4oQGbZ0tTTK82348,1.0,1,3,1,
0,0.8000000000000002,4.080766677856445,1,1406r0ltJ0ogZOEySbpwaMW3669,1.0,1,3,1,
0,0.631578947368421,4.547455549240112,1,1433yPh9I7R8PyoFeMqoUqc8591,1.0,1,3,1,
1,1.0,4.204355478286743,1,15121jIRMuOfWOF20zi63R281993,1.0,1,3,1,
0,0.6666666666666666,4.32710075378418,1,849f2Ie-QkeVovZ0nf-TVFF2750,1.0,1,3,1,
0,0.7499999999999999,4.190176486968994,1,995Mjg3IZGW2wc7ddFCk8vg419,1.0,1,3,1,
0,0.4,4.329715967178345,1,631gfVFI_1P9ON_SQmft4dC22,1.0,1,3,1,
1,1.0,5.75396990776062,1,1971QdtwinuI-Pt-gRGhMumc2253,1.0,1,3,1,
1,1.0,3.9905660152435303,1,1451Zli7xoESf_zR5GqQOib_2110,1.0,1,3,1,
0,0,4.156492710113525,1,1623vavJV5LaIjQVPGNVcAhw1170,0.0,0,3,1,
1,1.0,4.022654294967651,1,2343h3FGIUg470As6-K4QCSj3773,1.0,1,3,1,
1,1.0,4.170440673828125,1,948f1NIXhJ2bT8M8R981m-t555,1.0,1,3,1,
0,0.2,4.251877784729004,1,2961ZnbcPJCiADt4D4VSwFvF3957,0.0,0,3,1,
0,0.4285714285714285,4.306757211685181,1,23650GFefFLGJfbuvjWASh6g3722,1.0,1,3,1,
0,0.1,4.376082420349121,1,1165doXH6LWPr1l3iKFqXoxi3259,0.0,0,3,1,
0,0.5,4.338784456253052,1,2684Tsl9g-K98ihJB9COTF6d1011,1.0,1,3,1,
0,0,4.236165523529053,1,21672ce9BryNGpGNYVzVNhGZ4179,1.0,1,3,1,
1,1.0,4.23110556602478,1,2191kaPnb2RqX3BD80ehFVLC4122,1.0,1,3,1,
0,0.7272727272727273,4.317375659942627,1,1212dbfx54ZtFkSuZ70MXWTY3119,1.0,1,3,1,
1,1.0,4.177644729614258,1,15145mxan8eGuHJZNjBPMXai1988,1.0,1,3,1,
1,1.0,4.110929727554321,1,2082HDhMzvPbIcqJnIxlWaR01554,0.0,0,3,1,
0,0.6666666666666666,4.22409200668335,1,303107UoTeL4eaT8LTnwXqyK3796,1.0,1,3,1,
0,0.9090909090909091,4.209280729293823,1,1551V9DltVWBD9ZXJKTbK0dJ1362,1.0,1,3,1,
0,0.7333333333333334,4.877899169921875,1,2077VquGxxOX89cyl9gmMgHT1569,1.0,1,3,1,
0,0.5263157894736842,4.272942781448364,1,2683ZWKumnsegnDtGeIxL8lV1013,1.0,1,3,1,
0,0.5714285714285715,4.251598834991455,1,1182meUHVvr0MSNbaF6y6cu83210,1.0,1,3,1,
0,0.631578947368421,6.129255056381226,1,24948M9Avyh-_nfyJDXBHc4r1797,1.0,1,3,1,
0,0.8,3.9298882484436035,1,955wTJvupBdyRjDvnaEc3uT534,1.0,1,3,1,
1,1.0,4.347464084625244,1,870SoygQGV4uQaIki71P9Rb2698,0.0,0,3,1,
0,0.5,4.647206544876099,1,24717_VLiElLGOdxkUg2VNOa1849,0.0,0,3,1,
0,0.4,4.247941732406616,1,6383rnN_w8RmRaZ4XqAC_bl3038,0.0,0,3,1,
0,0,4.0207483768463135,1,2704DWhswcTfuhcGd6nLvkOf950,0.0,0,3,1,
0,0.6666666666666666,4.5117528438568115,1,1808axaZNmCFiRMbaxN7F0Eh3417,1.0,1,3,1,
0,0.25,4.412646532058716,1,5532TWtKb03tsQH8Wep0CiY250,0.0,0,3,1,
0,0.5714285714285715,4.09290075302124,1,1201NDB1j3x1mhteENUtx2Uf3154,0.0,0,3,1,
0,0.16,4.563873767852783,1,21819xbRjmQqZsl8GNgU4sNW4142,0.0,0,3,1,
0,0.896551724137931,4.449978590011597,1,2205YOUb5TKf_CiFcqPaRzGg4082,1.0,1,3,1,
0,0.8235294117647058,4.231391191482544,1,14991jeDOWPYZr3oduic0r6t2022,0.0,0,3,1,
0,0.6666666666666666,4.329375267028809,1,1179Yl7_X9Wt3s18NELb2VVn3220,1.0,1,3,1,
1,1.0,4.061007022857666,1,1556RL1OU4mcoPPe2rTqDdxN1350,1.0,1,3,1,
0,0.6666666666666666,4.299352645874023,1,2642Y-shkE7TvvsDno5omjMf1127,1.0,1,3,1,
0,0.09523809523809525,4.303417921066284,1,1601UkDAFw-P2w4uKKY2rozv1234,1.0,1,3,1,
0,0.5833333333333334,4.5766825675964355,1,2234wLjOR7Un_noOJuVXvsz_4007,1.0,1,3,1,
0,0.7692307692307692,4.230140686035156,1,2100nzSjCMDd--9Fj7a4NWfz1508,1.0,1,3,1,
0,0.5454545454545454,4.427590608596802,1,5918CIG-j-Z17AOK4yE-cPc136,1.0,1,3,1,
1,1.0,5.957789897918701,1,29642huIUFSLiW4Z-VzxmaQN3949,1.0,1,3,1,
1,1.0,4.04549503326416,1,2045Qb5KQP9dbOqGOReTvV3e1662,1.0,1,3,1,
1,1.0,4.119143486022949,1,935UD7iycK3BrOizCyeWBg22527,1.0,1,3,1,
0,0.8333333333333334,4.017781496047974,1,2170uR1FxS5nUGkssv426mqU4171,1.0,1,3,1,
0,0.6046511627906976,4.515430688858032,1,2457qMd_7xMNbxrlnUuIsOCX1879,1.0,1,3,1,
0,0,4.255297422409058,1,2390E0CHAPiA5irDHQbYbUX_3668,0.0,0,3,1,
0,0.7368421052631579,4.226418495178223,1,1441IAkHzhDzjxgpL0XC_YEZ2129,1.0,1,3,1,
0,0.5,4.158815622329712,1,2544eSHJS5zzqCGOgk7Ye0SF2499,1.0,1,3,1,
1,1.0,4.006287097930908,1,15158DXonYdFg-0-7RHaX8Hj1985,1.0,1,3,1,
0,0.7499999999999999,4.3185272216796875,1,19606GKhPGetHHrvllnd0-WP2274,1.0,1,3,1,
0,0.8,4.360466718673706,1,2145dz1bx4gWcdvg-_cFIX214235,1.0,1,3,1,
1,1.0,4.055940389633179,1,2413145FP-v3VkdJMuD368AQ3626,1.0,1,3,1,
0,0.5454545454545454,4.405518293380737,1,3037_hiSeA6NsDqwYw0yXMUj3788,0.0,0,3,1,
0,0.42424242424242425,4.654778003692627,1,884Pnp87xexk_HDsVBlYF5I2662,1.0,1,3,1,
0,0.8,4.254675388336182,1,969vrqLNLa3TXxxj0tGgTvq493,1.0,1,3,1,
0,0.2857142857142857,4.349995851516724,1,894ARwgTOyFrfBbcEBpNyXo2643,1.0,1,3,1,
0,0.08333333333333333,4.520927429199219,1,29802gx0lFYy6rgIUS6ZhDD83910,1.0,1,3,1,
0,0.6666666666666665,4.418899774551392,1,1029YtqaRd4h1BYfuLHoU9YR327,1.0,1,3,1,
0,0.75,4.146716833114624,1,2079ifmZRepM8njrTCh8SwKT1563,1.0,1,3,1,
1,1.0,5.954712152481079,1,866LtsA6S3dXyfEn4lwSbj-2707,1.0,1,3,1,
0,0.7777777777777778,4.440242767333984,1,2440WmCUht7A3EiDJl-C62Ih1920,1.0,1,3,1,
0,0.5714285714285715,4.407588243484497,1,2213XuiHzp9XEpbzWVF0KvYP4058,1.0,1,3,1,
0,0.5185185185185185,4.447135925292969,1,9708OuWanhVP-hqUoh93Luk490,1.0,1,3,1,
0,0,4.255090236663818,1,2210Bc69tRCp2-mf6PkRz9_C4069,0.0,0,3,1,
0,0.8571428571428571,4.360836744308472,1,541Cbn85P-zf8lq0QHtgjf9287,1.0,1,3,1,
1,1.0,4.242946147918701,1,958UDYY0qFH9pDU9YSVA8Vc527,1.0,1,3,1,
1,1.0,4.2001633644104,1,2709l9BXzPyNws7gAw46g8eL942,1.0,1,3,1,
0,0.37037037037037035,4.560753107070923,1,2955a9SrctOobLmoQ6ooGhac3971,1.0,1,3,1,
0,0.04347826086956522,4.779958724975586,1,2397ngYUHwjsIyhb2KRudMVS3655,0.0,0,3,1,
1,1.0,4.240780830383301,1,2434Enwt_BpOKFDe86uHET3W3593,1.0,1,3,1,
1,1.0,4.112941026687622,1,70661PK3DXmYlFEFr0qjuSB2865,1.0,1,3,1,
0,0.7058823529411764,4.45584774017334,1,13510pFXx2vFby05X2rDRJDH819,1.0,1,3,1,
1,1.0,4.138607025146484,1,2378CpxWEhm9XQDMTUWPL6Gj3690,1.0,1,3,1,
0,0.875,4.287246227264404,1,2042iP4Erd5NWbbUyNtHBaEc1671,1.0,1,3,1,
0,0.25,4.303996562957764,1,1376s1hUgvT52mRy1sgn8oEJ748,1.0,1,3,1,
0,0.42857142857142855,4.3590004444122314,1,2115wjzLCrPzhF-VpxKRqJFP1464,1.0,1,3,1,
0,0,4.435999393463135,1,552u6iTkQp7-Upz70482xTM254,1.0,1,3,1,
1,1.0,4.1884589195251465,1,559Gc5T32327tuZtR-qGbvH231,1.0,1,3,1,
0,0.4166666666666667,6.12111759185791,1,1171djG8ts4fgH31Xh8M8gZK3239,1.0,1,3,1,
0,0.3870967741935484,4.607908010482788,1,2024omrZBF4Urqdr7C3eyKVT2169,1.0,1,3,1,
0,0.5384615384615385,4.499894380569458,1,25567DWWtABHgq600h7hP6972476,1.0,1,3,1,
0,0.5454545454545454,4.282946586608887,1,594fAMQ4ZSX8-in2SA6rQT0128,1.0,1,3,1,
0,0.11764705882352941,4.305234909057617,1,2679bDEhJB5SATMKB1QM00ej1024,0.0,0,3,1,
0,0.09090909090909091,4.747983932495117,1,2069HyPki8X6KB4Slz4xeov61593,1.0,1,3,1,
0,0.5,4.182729721069336,1,679poYmZAy9xntsCp9YX4vp2928,1.0,1,3,1,
0,0.5,4.453248739242554,1,2663ayztHU9rA3Qc2s7ndAID1073,1.0,1,3,1,
0,0.45714285714285713,4.6202287673950195,1,990fpTdZ-ulHdJ3gm87kEl3429,1.0,1,3,1,
0,0.08333333333333333,4.394264221191406,1,2135JNizCTqBzs-NkJ-0GhnT1405,1.0,1,3,1,
1,1.0,4.183929681777954,1,2207G7fY90tz0IlYJOMAOQxR4078,1.0,1,3,1,
0,0.490566037735849,4.618060111999512,1,2564AaK20GeV0Vbt9hLoucnT2461,1.0,1,3,1,
0,0.8,4.170755863189697,1,1342n57h5KFhZrmo2TPiuwv5846,1.0,1,3,1,
1,1.0,4.0795204639434814,1,2591VM1WvqHMmqcfSzWKUU0V2412,0.0,0,3,1,
0,0,4.488195419311523,1,2687GNgTIwftLmhQl-ULlyIq1001,0.0,0,3,1,
1,1.0,4.27464485168457,1,19924zYxXoH78NXhTDcDUqZ32216,1.0,1,3,1,
0,0.14285714285714288,4.264501571655273,1,2976zJOE2rNKDPX9dM80QEq03919,1.0,1,3,1,
1,1.0,4.610989809036255,1,1001SKiu6z7i8BnJk6y4pMq2405,1.0,1,3,1,
0,0.7777777777777777,4.174771308898926,1,1812jg8YLyuOp3yNSeoSgGds3405,1.0,1,3,1,
0,0.25,6.087374210357666,1,2159hY9kg_KDRh-iY7eVmWPR4201,1.0,1,3,1,
0,0.28571428571428575,4.173918008804321,1,2084KAYAsRFlZ71FWVieGtVO1550,1.0,1,3,1,
1,1.0,4.061984539031982,1,9012HUd6aulh_Yu4SRtV4Ju2623,1.0,1,3,1,
0,0.47058823529411764,4.329374313354492,1,1546qtYa8CJzD3uH6TiJXvze1375,1.0,1,3,1,
0,0.26666666666666666,4.5717833042144775,1,965GQDApWgsLm2Q6M9oCXXz506,1.0,1,3,1,
0,0.18181818181818182,4.428264856338501,1,2075fH8z53xWhNLFvwtEBqjo1575,1.0,1,3,1,
0,0.09523809523809525,4.445064306259155,1,2496BbugoKX7EuTf6XE9o7do1792,1.0,1,3,1,
1,1.0,4.07853102684021,1,2965ZcSt1DSsDVrBS8zreyMW3945,1.0,1,3,1,
0,0.16666666666666666,4.403951406478882,1,712fJINMnstL62jjlN87VmJ2847,0.0,0,3,1,
0,0.5384615384615384,4.547245740890503,1,10304f6wkHCc194YTbHdQ2AA324,1.0,1,3,1,
0,0.33333333333333337,4.183955192565918,1,2468gzw0TqblC0pMtjMtvjM_1857,0.0,0,3,1,
0,0.3870967741935483,4.636472702026367,1,11681N3h2EdimO-bHyAXIg3U3250,1.0,1,3,1,
0,0.35714285714285715,4.619091510772705,1,21697kyUOdQlV523IP56oa9J4174,1.0,1,3,1,
0,0.7272727272727273,4.251095294952393,1,2180sY_3Ea7lN3cAxecHCD0Z4145,1.0,1,3,1,
1,1.0,4.186025857925415,1,1187yN2Y5xluovzwpRCb1U-23196,0.0,0,3,1,
1,1.0,4.331244707107544,1,615lwmbisxTxihwSWql1wTV70,1.0,1,3,1,
0,0.8571428571428572,4.351666212081909,1,917H85feKu7mH3ttN3VtfQZ2573,1.0,1,3,1,
0,0.09523809523809523,4.554157972335815,1,1341R-WNzKCJf9fEtyXxpaLn847,0.0,0,3,1,
0,0.08,4.530528545379639,1,2136GTNtg5ii_ljvTYd0c3zb1402,0.0,0,3,1,
0,0.28571428571428575,5.903223991394043,1,2719WfPBP5JMsTcRPHcHpNOM913,0.0,0,3,1,
1,1.0,4.05878210067749,1,1205TavQDdqmoy64BUfZ8tJ13142,1.0,1,3,1,
0,0,4.097855806350708,1,723OdNPs-YvxDCGXTe4EPQi2821,0.0,0,3,1,
1,1.0,4.099758148193359,1,1552zqZDXvKbR7jYgLwOhCO41361,0.0,0,3,1,
1,1.0,4.000847578048706,1,25455IQtG99FiCeeFOTa2qBu2496,1.0,1,3,1,
1,1.0,4.148086786270142,1,2098D1dsKeKH0xANz6zd6LSO1514,1.0,1,3,1,
0,0.4615384615384615,4.236890077590942,1,723OdNPs-YvxDCGXTe4EPQi2820,1.0,1,3,1,
0,0.19999999999999998,4.428301095962524,1,2650KGtkLjbqFCyJZlDKuL0k1106,1.0,1,3,1,
1,1.0,4.3152055740356445,1,20751yhuHsp4GA5IYz4deJsk1577,1.0,1,3,1,
0,0.2222222222222222,4.3113484382629395,1,2233nOCdB2RiiWVTHevF1XQv4012,0.0,0,3,1,
1,1.0,4.253195762634277,1,872Oe-4sF5fqKoau07GVCSX2694,1.0,1,3,1,
1,1.0,4.222452878952026,1,15145mxan8eGuHJZNjBPMXai1987,1.0,1,3,1,
0,0.2105263157894737,4.630265235900879,1,621MMAr6iBLqWufltcvq0IU51,0.0,0,3,1,
0,0.22222222222222218,4.535392999649048,1,1218OExrGg3DDUqQ_BBB10Tn3103,0.0,0,3,1,
1,1.0,4.477024793624878,1,909SCLEENZWk57i_Tj-phi82599,1.0,1,3,1,
0,0,4.7873711585998535,1,2639bkXWs91YZSHduhAO93vu1136,0.0,0,3,1,
0,0,4.235649824142456,1,978yJKqB4_NA2La4xU05Yv_465,0.0,0,3,1,
0,0.8750000000000001,4.42504358291626,1,2460wLS6NYxz86-N9QN0fiAS1871,1.0,1,3,1,
0,0.6666666666666666,5.869420289993286,1,153875Yqnu19JAhYETGEm0Ih1398,1.0,1,3,1,
0,0.19354838709677416,4.370913505554199,1,2502zG6K8It4JMfa8UrkdPdw1776,0.0,0,3,1,
0,0.6923076923076923,4.599366664886475,1,2995FYU3dbcdZ2Om_eXNrFz43875,1.0,1,3,1,
1,1.0,4.059246301651001,1,860-CKdaHI0ZY3IdOUENI-52717,1.0,1,3,1,
0,0.5454545454545454,4.435163497924805,1,1377lHU7WTseO73sB1x-x_B0745,1.0,1,3,1,
1,1.0,3.9666218757629395,1,1224Jb1mPpUJDQXOAhjg5Vzo3085,1.0,1,3,1,
0,0.6956521739130435,4.36834192276001,1,1381mBjsSozQHKIhNMxaYlwy733,1.0,1,3,1,
0,0.4,4.17984414100647,1,2207G7fY90tz0IlYJOMAOQxR4077,1.0,1,3,1,
0,0.4444444444444444,4.339657306671143,1,2528UEldJWc8DP0tiLD8vndW1711,1.0,1,3,1,
0,0.2285714285714286,4.687995910644531,1,1764sM214smx3pexNt7ihmYZ3513,0.0,0,3,1,
0,0.4,4.464232444763184,1,2987HzRDeUn85sV9-rmGUsA53891,1.0,1,3,1,
0,0.4,4.276246070861816,1,2681GQbrHMk66IRSgo7mZvVv1020,1.0,1,3,1,
1,1.0,4.076013803482056,1,1795AVJ8Ru2GLyRyIYxjznuC3441,1.0,1,3,1,
1,1.0,4.139099359512329,1,1010sxwdiUhnx5zZTCrZW5lg381,1.0,1,3,1,
0,0.5,4.313420534133911,1,630KO8LeHoKQQj6c-87zNrm26,1.0,1,3,1,
0,0,4.159789562225342,1,1018P3s9oN-Ko5HsWQADxTsv360,0.0,0,3,1,
0,0.5333333333333333,4.4037024974823,1,1622tBSu7soksT-AzmIOuApI1174,1.0,1,3,1,
0,0.6666666666666666,4.099087953567505,1,1507du7IfR1G-CLcbaey_Ckb2007,0.0,0,3,1,
1,1.0,4.104474782943726,1,2422AkNZxKVfPVF92vs5qzLX3611,1.0,1,3,1,
0,0.33333333333333326,6.206378698348999,1,1178K7FADelb0uwGhLD-SWqk3223,1.0,1,3,1,
1,1.0,4.0926899909973145,1,1516pPjUBF00cd02Zv6ASq9m1980,1.0,1,3,1,
0,0.8,4.1677680015563965,1,1744GKV2sNvxBFRpfQ5OdYMb3571,1.0,1,3,1,
0,0,4.206465482711792,1,539g1HipZa4q8coORPOMHwj292,1.0,1,3,1,
0,0.5384615384615384,4.442316770553589,1,2967gpRSNp7TViZ3Mhiufj7O3940,1.0,1,3,1,
0,0.1,4.3479743003845215,1,1395RhOKXfGuA9Dz7cn0eC5e700,0.0,0,3,1,
0,0,4.543977499008179,1,907kbEPfz0htgTE9BXkFBZ02603,0.0,0,3,1,
1,1.0,4.210623025894165,1,882RL4zKg1IQbdwrUdiW2uc2667,1.0,1,3,1,
0,0,4.649555683135986,1,1364rzJ0x_lGbilmxlREm3-p779,0.0,0,3,1,
0,0.26666666666666666,4.348966598510742,1,29518uqYYNpuxSl_Dm5Ls_Jm3979,0.0,0,3,1,
1,1.0,4.158459186553955,1,644VW80Ih4W_8lT57dCnHAu3022,1.0,1,3,1,
0,0.3,4.372042655944824,1,1632HqbVUHPq0ZhZ1rZNsIer1151,1.0,1,3,1,
0,0.3333333333333333,4.465465307235718,1,1015sbzrzzKt2hHlSyEz_8ol370,1.0,1,3,1,
0,0.8,4.082305669784546,1,1552zqZDXvKbR7jYgLwOhCO41360,1.0,1,3,1,
1,1.0,4.2771337032318115,1,618kZkbA7HSiZWpF9MwGv4B61,1.0,1,3,1,
0,0.1111111111111111,4.450685739517212,1,2194PPDpRt3XMclL8zL0qoaa4113,0.0,0,3,1,
1,1.0,4.207157135009766,1,23460E1ccJXbT5GAyp6xliNY3764,1.0,1,3,1,
0,0.2857142857142857,4.237725019454956,1,1458iv0WdN_NvJkFoTdqCZ_Q2097,1.0,1,3,1,
0,0.15384615384615383,4.3282310962677,1,9708OuWanhVP-hqUoh93Luk491,1.0,1,3,1,
0,0.5333333333333333,6.1867029666900635,1,1751i1LapeZZHcs9AVF_4X7c3549,1.0,1,3,1,
1,1.0,4.131751298904419,1,25596TL4dwRP7xb65StkuvWw2471,1.0,1,3,1,
1,1.0,4.130156993865967,1,2347PC55kHfkoiRxULLG8kIZ3762,1.0,1,3,1,
0,0.2121212121212121,5.260458946228027,1,1209gLLe3Hw31X00Jkrt9Bb-3129,1.0,1,3,1,
0,0.13333333333333333,4.25137996673584,1,934GMRKI6FRKAdrrOzLI9OB2528,0.0,0,3,1,
0,0.3157894736842105,4.377224683761597,1,9022NBdayPGc6_3kCdKoIiQ2619,1.0,1,3,1,
0,0.5,4.236374616622925,1,911BOwWs3HqQbnlUS7IJNS92592,1.0,1,3,1,
1,1.0,4.273336410522461,1,1962hjp1HrSPLvnI5JvgHjXk2270,1.0,1,3,1,
1,1.0,4.116781949996948,1,946vx136i7MuQFGnOLt3hDn561,1.0,1,3,1,
1,1.0,4.273440361022949,1,879e8JaFZiS1bIPJKfr-NO82677,1.0,1,3,1,
0,0.8,4.129115343093872,1,1539KqJCW6Fb0u-gfUpW2rn21397,1.0,1,3,1,
0,0.38095238095238093,4.397449493408203,1,1395li3pr9py0l2amb_zMeDF701,1.0,1,3,1,
0,0.9,4.3030571937561035,1,1475f3__mr6HOl60yEXYvb4i2059,1.0,1,3,1,
1,1.0,4.18021559715271,1,2362g_EnliFm-a0eYF-GHE3g3728,1.0,1,3,1,
1,1.0,4.318458080291748,1,11781qfx77ROC14PVtyhjgRH3221,1.0,1,3,1,
0,0.5,4.118966579437256,1,891UGjxexhEMfZyXUZMcclW2651,1.0,1,3,1,
0,0.3333333333333333,4.107238292694092,1,1511pmY9lPTH0brXmFZO6mhX1995,0.0,0,3,1,
0,0,4.4142537117004395,1,2439Q3dwt5i21LkosQln5aU01923,1.0,1,3,1,
1,1.0,4.094726800918579,1,2041iPCDoSwc6-SSEDCFNNzL1674,1.0,1,3,1,
1,1.0,5.8571555614471436,1,2020ubB0JZzHv_29zd0WpIjn2175,1.0,1,3,1,
0,0.4444444444444444,4.340919256210327,1,2691tnK0hsWnOO-qgZ9oNTDt990,1.0,1,3,1,
0,0.3157894736842105,4.375683784484863,1,2493qAop2T9Z0LeYeYrtHX2p1798,1.0,1,3,1,
0,0.25,4.172135591506958,1,1209bE3iRm9XLCq2bxVSfD9A3128,0.0,0,3,1,
0,0.3,4.2589497566223145,1,1186P7uxLqgOAlAmYWkWs7Z_3198,1.0,1,3,1,
1,1.0,4.221907615661621,1,2698Lndd-Lpk21VCym-Ysamk968,1.0,1,3,1,
0,0.16666666666666666,4.390352964401245,1,1383ifp_Kw40B-eHL0kKvrZH727,0.0,0,3,1,
0,0.5185185185185185,4.510892868041992,1,1743deCGeVjOAbPrXoFwg2ra3575,1.0,1,3,1,
0,0.6,4.201174974441528,1,586FyS4ZNoDr1aP3HZyVHPo150,0.0,0,3,1,
0,0.8148148148148148,4.289918422698975,1,1198tKDggSEgfewI5IGaBL7o3162,1.0,1,3,1,
0,0.6666666666666666,4.268771409988403,1,1953_7jguMvfhNu8DiK9_PGm2291,1.0,1,3,1,
0,0.6666666666666666,4.229063510894775,1,1033e5HoBHETSus16NBlm9ei315,1.0,1,3,1,
1,1.0,4.229756832122803,1,2660eWA1cLoqpqMGliZrJkOH1083,1.0,1,3,1,
0,0.3076923076923077,4.267024993896484,1,2438toIyC-xtMN2nOkliXxkG1924,1.0,1,3,1,
1,1.0,4.270383596420288,1,2066pepSCyuXjD_tji0coLR91602,1.0,1,3,1,
0,0,4.252064228057861,1,2090u5tJGb46Bj0PrJdQU5uD1533,1.0,1,3,1,
0,0,4.2380475997924805,1,669yw8zqEs2wIOWRmgxa0fB2951,0.0,0,3,1,
1,1.0,4.2298924922943115,1,15825J7GwbF-H9d32ahjcKpK1283,1.0,1,3,1,
1,1.0,4.089831829071045,1,11583AIKJFgE0UrBCHocpd653276,1.0,1,3,1,
0,0.8571428571428571,5.942915678024292,1,3007CZ5OjOJJ4NQkfCwsWudn3848,1.0,1,3,1,
1,1.0,4.0297324657440186,1,3024oWqx7fEgnI85l7vJrQMv3808,1.0,1,3,1,
0,0.8571428571428571,4.086225986480713,1,969vrqLNLa3TXxxj0tGgTvq494,1.0,1,3,1,
0,0.6666666666666666,4.206218242645264,1,2088JK43LFzYUw1btqpa9PzL1538,1.0,1,3,1,
0,0.6666666666666666,4.040724277496338,1,1818O8BoyzdI3tIZTlZQX7MJ3389,1.0,1,3,1,
0,0.08333333333333333,4.5004048347473145,1,1414IcyvJ5L7DijQ15cyTXJ6644,0.0,0,3,1,
0,0.25,4.146692752838135,1,2178TVFbQMRPXT9-DSGkWLDj4148,0.0,0,3,1,
0,0.15384615384615383,4.3729166984558105,1,1035LFxawmqTFdvZQiUCxQ31311,0.0,0,3,1,
0,0.6666666666666665,4.127353191375732,1,7035C6KSFRLF6aaoOt3S1hD2872,1.0,1,3,1,
0,0.1935483870967742,4.411459445953369,1,3014BDldoLr7qRhv_7TSXE6q3833,0.0,0,3,1,
0,0.33333333333333337,4.304429531097412,1,1581m_4FT3wjNv2nkp7_WsVw1286,0.0,0,3,1,
0,0.4,4.2607152462005615,1,18135ObI1qm9GGBQEi88mvkH3403,1.0,1,3,1,
1,1.0,4.317157983779907,1,25682UMH_dlMC7fYSOKwycid2457,1.0,1,3,1,
1,1.0,4.348131418228149,1,650c9GCkujN5yX2Hq3ptgvj3003,1.0,1,3,1,
0,0.4,4.159128904342651,1,1606ixCVPmgAtLujhTmR7TkV1222,1.0,1,3,1,
0,0.5714285714285714,4.378016471862793,1,2094HOx0ow29dujvrq6G5bhb1522,1.0,1,3,1,
1,1.0,4.187854051589966,1,1618DNm6lX3wftxfj2fnuyVr1186,1.0,1,3,1,
0,0.16666666666666669,4.444678068161011,1,2063xkIouWNgoRjOGLoCZ1bE1611,1.0,1,3,1,
0,0.4444444444444445,4.252096891403198,1,587CoEbG36s3G8XderpZ9FV147,1.0,1,3,1,
0,0.7692307692307693,5.911839723587036,1,21746ntzdoLVGjBife3gHWRY4158,1.0,1,3,1,
1,1.0,4.224812030792236,1,14107ccx8je7uhuc_ZNy_Evl655,1.0,1,3,1,
0,0.9523809523809523,4.257965803146362,1,1598QzeCBWXgq443IBJvDmm61241,1.0,1,3,1,
0,0.6666666666666666,4.402202844619751,1,2663ayztHU9rA3Qc2s7ndAID1074,1.0,1,3,1,
1,1.0,4.2271082401275635,1,1442sMpJJXkhNLF4TDZAbCx62126,1.0,1,3,1,
0,0.2608695652173913,4.39604115486145,1,1377MSN5P9oksYJneDnSmHM3746,1.0,1,3,1,
0,0.56,4.335474252700806,1,2704SYrBfH1tUHa-vFcWOrAs951,1.0,1,3,1,
0,0.5454545454545454,4.226261138916016,1,1147WFziH2m07QrmUbmsVu0h3309,1.0,1,3,1,
0,0.23999999999999996,4.29823899269104,1,2540AN6ZYtBeG5pfPlBiUeCC2510,0.0,0,3,1,
0,0.3636363636363636,4.502681493759155,1,17995vhBrqZO2J0Im6CrKWdd3434,1.0,1,3,1,
0,0.6666666666666665,4.537794351577759,1,2711wNn5GeHqOfTsTyQ56zpG936,1.0,1,3,1,
0,0.25,4.198739051818848,1,2647F_ps9oYp8mtadvP5Zn0h1113,0.0,0,3,1,
0,0.1935483870967742,4.623608589172363,1,1348eAWGkoqC9ef6-Py2LKwI827,1.0,1,3,1,
0,0.09523809523809523,4.32699990272522,1,2698bgG-pSvhH1uH5WECCZ_3969,0.0,0,3,1,
0,0.2962962962962963,4.478880405426025,1,1385ik6Ip2I4xXAHzd2hJNiR723,0.0,0,3,1,
0,0.5,4.288410663604736,1,1756rsPxqBmo2fmiaq4y7pBo3536,1.0,1,3,1,
0,0.8333333333333333,4.322758197784424,1,1036R2bOVHSdxxka78n0CWIF306,1.0,1,3,1,
1,1.0,4.30903172492981,1,1393SvMSe9cbsj1MOfkv-ajg707,1.0,1,3,1,
0,0,4.203359603881836,1,1834NW74vQRAIeg4u9-lyrFw3349,0.0,0,3,1,
0,0,5.867610931396484,1,1625USrRzFeM9xahwCJbR9sR1165,1.0,1,3,1,
0,0,4.316303014755249,1,2505FyMeBIza_lW5D_Zn1Sgx1770,0.0,0,3,1,
0,0.7777777777777778,4.1928935050964355,1,2538uT9UzILgVbv20p7KxXWQ2514,1.0,1,3,1,
0,0.06896551724137931,4.632622241973877,1,2158_3RZBuLXPIO5koP0W1QD4205,0.0,0,3,1,
0,0.7142857142857143,4.1623125076293945,1,1359ZuJdS_tCrQFa5IcePruQ795,1.0,1,3,1,
0,0.15384615384615385,4.372556686401367,1,1559TG0OMQDF0IiIQ-iWWlLf1340,0.0,0,3,1,
1,1.0,4.1012303829193115,1,2553rgsFqv862eNLs2TOpqys2483,1.0,1,3,1,
0,0.6153846153846153,4.07149600982666,1,2661_JPvfH311PNXpTCTHuTd1080,1.0,1,3,1,
0,0.18181818181818182,4.309926509857178,1,627343cba73d42d49f9ab2152ac7ee73,1.0,1,3,1,
0,0.125,4.438821077346802,1,13bca793e8f34ef3b6a00babb827b240,1.0,1,3,1,
0,0.2222222222222222,4.2912962436676025,1,cc4d8bbc8f4642c6aea193e668afd57c,1.0,1,3,1,
0,0.33333333333333337,4.257545471191406,1,7f44873088fe48a2895c094b9536371f,1.0,1,3,1,
0,0.19999999999999998,4.199632406234741,1,577ee7142b1342d99784987541cbd5a4,1.0,1,3,1,
0,0.2222222222222222,4.40809965133667,1,8675014a5cf2443ca2e3a0a7f9edd915,1.0,1,3,1,
0,0,4.344743728637695,1,5fe90365c57d4d86812c235aadce9261,0.0,0,3,1,
0,0.2857142857142857,4.243652582168579,1,c06d584fa73d49c8b8277354ec563cba,1.0,1,3,1,
0,0.1111111111111111,4.353628158569336,1,ad31333ef743449d9ea5c71138e11642,1.0,1,3,1,
0,0.1111111111111111,4.457837820053101,1,d4a20e5831a74c2db85b77c202c9b353,1.0,1,3,1,
1,1.0,5.816798448562622,1,af225317e0344e869f51f816a901bfe2,0.0,0,3,1,
0,0.33333333333333337,4.160617351531982,1,b23b329d50524e0f97384027067ffa4b,1.0,1,3,1,
0,0.13333333333333333,4.460304498672485,1,54362eadce8542248a27a5446872bf75,1.0,1,3,1,
0,0.2222222222222222,4.043863296508789,1,dae56260e1a14b2c8145251778fb673a,0.0,0,3,1,
0,0.13333333333333333,4.504209756851196,1,e63e8868f5184f54957d8162b5163d8d,1.0,1,3,1,
0,0,4.714168548583984,1,70b92157bc0245b0bb28e29a51efa75b,1.0,1,3,1,
0,0,4.2570788860321045,1,d899d84fcb4740c0a15a3beb2b36dbef,0.0,0,3,1,
0,0.33333333333333337,4.37542724609375,1,db50e1a39c684911974d11089aac3b8f,1.0,1,3,1,
0,0.16666666666666669,4.162885427474976,1,c744d9c42ac147e4b6aa2100fee15c60,1.0,1,3,1,
0,0.25,4.374830961227417,1,4cba4b140f94427bb0f62c4a02363f25,1.0,1,3,1,
0,0.2857142857142857,4.283830165863037,1,d92504c61c914b269b177e6e1c665703,1.0,1,3,1,
0,0.2222222222222222,4.420438051223755,1,25534aa9c2db4c029dac36e0b86cc9e9,1.0,1,3,1,
0,0.15384615384615385,4.457230806350708,1,73512a0d242c474aa4bc1a4a545ce8e9,1.0,1,3,1,
0,0,4.23199725151062,1,02ccd577201b495c8fd30a8134ee899f,0.0,0,3,1,
0,0.16666666666666669,4.273125410079956,1,3753577ecc2e4d6c876ab556c7129e91,1.0,1,3,1,
0,0.2857142857142857,4.266395807266235,1,ced58e5bda7e4c3280fe9aea708665ee,1.0,1,3,1,
0,0,4.379281044006348,1,1dc06cecad4a46ef9c3f69132e7c8ec4,1.0,1,3,1,
0,0,4.209301233291626,1,89d7aa79c10a4e2ca2d8cc29f2461ae7,1.0,1,3,1,
0,0.14285714285714288,4.217723608016968,1,189618aaac6749a3b85d85b3f4149728,1.0,1,3,1,
0,0.18181818181818182,6.1111063957214355,1,ee659535aa5b4df0b9f9e9220d1c29ae,1.0,1,3,1,
0,0.25,4.525578737258911,1,4593f14942df4650914b5eedae898cef,1.0,1,3,1,
0,0.18181818181818182,4.340391397476196,1,c68c551858d14d02851f6ee0ae58cf84,1.0,1,3,1,
0,0.13333333333333333,4.452114820480347,1,008ebd5a8db245de983cca3b54793356,1.0,1,3,1,
0,0.19999999999999998,4.262757062911987,1,b4b01a8abc8e4777ad427ae35c7eb4c8,1.0,1,3,1,
0,0.15384615384615385,4.310729503631592,1,3c1d7575d77c485494bc1c14e682722e,1.0,1,3,1,
0,0.11764705882352941,4.27226448059082,1,8388cb2033e74f3c92428875d532e68c,1.0,1,3,1,
0,0.2222222222222222,4.349374771118164,1,d05a7c5ffa234a0492682d98344839ed,0.0,0,3,1,
1,1.0,4.0774085521698,1,0c20dda358fd4ba189540b04d05259a4,0.0,0,3,1,
0,0.14285714285714288,4.436757326126099,1,67ed77e8e8eb4c43b0ee3f476547976d,1.0,1,3,1,
0,0.18181818181818182,4.4054601192474365,1,5f8292eaf4f94d329c966d56cc866421,1.0,1,3,1,
0,0.11764705882352941,4.45923376083374,1,caf84e8f275547508dee4708755c3968,0.0,0,3,1,
0,0.18181818181818182,4.317947626113892,1,6aa88f5f5ea64475aeffce66ca536f25,1.0,1,3,1,
0,0.07692307692307693,4.782853126525879,1,679153888adc42469fa2924686e1e5fe,1.0,1,3,1,
0,0,4.766483545303345,1,dfa04009717747708fd122c1b60eea80,1.0,1,3,1,
0,0,4.9218034744262695,1,3c4b71cf4cf54a5d94e57f4468f19835,1.0,1,3,1,
0,0.2222222222222222,4.323960542678833,1,0cf3c64085764868bbf73bed4dedb71b,1.0,1,3,1,
0,0.2222222222222222,4.248514175415039,1,f9e31eaa38c14c9ba1e788b917f8ea65,1.0,1,3,1,
0,0.18181818181818182,4.249126672744751,1,79335fdeedb94bd2af2eaf5d32d5d97d,1.0,1,3,1,
0,0,5.990951299667358,1,3593e1d4b90b4e8495eccbe36ad09a6b,1.0,1,3,1,
0,0.25,4.11924409866333,1,32ac5e97ccfa4776b23094d08261a178,1.0,1,3,1,
0,0.15384615384615385,4.4029381275177,1,4c4288d5694d427abc4540e7d6e27ef9,1.0,1,3,1,
0,0.16666666666666669,4.250436305999756,1,2852c90c493d4d3f9d27a7e8406c90b5,1.0,1,3,1,
0,0.13333333333333333,4.424607992172241,1,b59fbcf889e3428eb40b842c37e8f77c,1.0,1,3,1,
1,1.0,4.2870423793792725,1,d98585694efc4385bbf137bd879b88fc,1.0,1,3,1,
0,0.18181818181818182,4.355953216552734,1,2105604c81ee44feba1cf54a52baa51f,1.0,1,3,1,
0,0.2857142857142857,4.399352550506592,1,9d463c564677468596fa737e4184d396,1.0,1,3,1,
0,0.2857142857142857,4.206214189529419,1,427785e75b94494b8539235667f77de0,1.0,1,3,1,
0,0.19999999999999998,4.343839883804321,1,93a6ab1347564abbb266947927c8c0c4,1.0,1,3,1,
0,0.09523809523809523,4.540317535400391,1,42dbe45ca7744fdf9b31e919a0f7154e,1.0,1,3,1,
0,0.33333333333333337,4.231553077697754,1,8d81880a51974eeb81e08471be36f387,1.0,1,3,1,
