exact_match,f1_score,time,step,dataset_id,hit_rate,hits,total_retrieved,expected_count,error
,,,,5abc081e5542993f40c73c54,,,,,"Connection error caused by: ConnectionError(Connection error caused by: NewConnectionError(HTTPConnection(host='localhost', port=9200): Failed to establish a new connection: [Errno 111] Connection refused))"
,,,,5a7fe7f85542994857a7683e,,,,,"Connection error caused by: ConnectionError(Connection error caused by: NewConnectionError(HTTPConnection(host='localhost', port=9200): Failed to establish a new connection: [Errno 111] Connection refused))"
,,,,5ae389fc5542992f92d8230f,,,,,
0,0.14814814814814817,32.66667461395264,5,5ac4f8705542995c82c4ad8d,0.0,0,18,7,
0,0.019999999999999997,39.12202334403992,5,5a74655b55429974ef308bf0,3.6666666666666665,11,18,3,
0,0,42.17550539970398,5,5ab57673554299637185c5a3,0.0,0,18,5,
0,0.03738317757009346,40.64934468269348,5,5a8765ad5542996e4f3087cf,0.0,0,18,3,
0,0.04545454545454545,38.35691261291504,5,5ae5cf625542996de7b71a22,0.0,0,18,8,
0,0,38.48202037811279,5,5ae515bb55429913cc204584,0.0,0,18,2,
0,0,39.033323526382446,5,5ae2eb7f55429928c423955b,0.0,0,18,1,
0,0,39.1007936000824,5,5a8838885542994846c1ce39,0.0,0,18,2,
0,0,36.0158576965332,5,5a7b241b554299042af8f705,0.5,1,18,2,
0,0,38.29249286651611,5,5a8cc7af554299653c1aa11e,0.0,0,18,8,
0,0,5.534552097320557,1,5a86681c5542991e77181644,0.0,0,3,7,
0,0.04347826086956522,40.187034130096436,5,5abce3015542993a06baf995,0.0,0,18,12,
0,0.041666666666666664,39.902244567871094,5,5a7bf84b5542996dd594b875,0.0,0,18,5,
0,0,40.11251163482666,5,5ab70c41554299110f219a9d,0.14285714285714285,1,18,7,
0,0,36.81228542327881,5,5adbcd475542996e68525240,0.3333333333333333,1,18,3,
,,,,5a7fd6fc5542995d8a8ddf31,,,,,Ollama request exceeded timeout limit for model stable-qwen with error: timed out
0,0,4.242530822753906,1,5a902d5155429933b8a2048d,0.0,0,3,2,
0,0,37.52821588516235,5,5a7758895542994aec3b729c,0.0,0,18,5,
0,0,38.055408000946045,5,5ae81032554299540e5a572a,0.3333333333333333,1,18,3,
0,0,40.52338767051697,5,5a8e42d15542995a26add4a6,0.0,0,18,2,
0,0,4.511384725570679,1,5abbc3a955429931dba144f9,0.0,0,3,3,
0,0,41.47842597961426,5,5ae206c45542994d89d5b311,0.0,0,18,4,
0,0,42.7513165473938,5,5a80b9e85542992bc0c4a7ed,0.4,2,18,5,
0,0,40.504905700683594,5,5a8a1dbc55429970aeb7025a,0.125,1,18,8,
0,0,40.92889928817749,5,5ab9c3e1554299753720f852,0.25,1,18,4,
0,0,42.68785333633423,5,5a84f5865542991dd0999e30,0.0,0,18,10,
0,0.022988505747126436,42.51745390892029,5,5abcf299554299700f9d7936,0.0,0,18,2,
0,0,42.56784152984619,5,5ae4581e55429970de88d92f,0.0,0,18,2,
0,0,45.847008228302,5,5a7785af55429949eeb29ec2,0.0,0,18,3,
0,0,7.17886757850647,0,5ae3639b5542991a06ce99b2,0.0,0,3,5,
0,0,34.03631019592285,4,5ae779a555429952e35ea931,0.25,1,15,4,
0,0,5.795534610748291,0,5abe822155429976d4830b48,0.0,0,3,1,
0,0,5.683081865310669,0,5ae385df5542992f92d82305,0.0,0,3,3,
0,0,5.889963626861572,0,5a77720255429967ab10517f,0.0,0,3,1,
0,0,5.642457723617554,0,5a80de9b55429938b6142226,0.25,1,3,4,
0,0,5.671247720718384,0,5ae15ae25542990adbacf767,0.0,0,3,3,
0,0,5.8344886302948,0,5a8e8f6f5542995085b37451,0.0,0,3,6,
0,0,5.726285219192505,0,5ae5caff554299546bf82f69,0.0,0,3,4,
0,0,5.825985908508301,0,5abde0655542991f6610608b,0.0,0,3,7,
0,0,6.287675619125366,0,5a7c221f554299683c1c62d2,0.25,1,3,4,
0,0,5.674584627151489,0,5a8782a25542993e715abf95,0.0,0,3,4,
0,0,5.777141094207764,1,5ab259b25542993be8fa98de,0.0,0,3,4,
0,0,45.08108687400818,5,5abc805a554299658360045b,0.0,0,18,4,
0,0,39.768003702163696,3,5a721e0e55429971e9dc928d,0.0,0,12,5,
0,0,9.370517253875732,0,5ac05310554299012d1db5e7,0.0,0,3,4,
0,0,9.523537874221802,0,5add57e55542992ae4cec516,0.0,0,3,5,
0,0,8.948331832885742,0,5a778c215542995d831811ba,0.0,0,3,8,
0,0,9.567237377166748,0,5ade28b15542997c77aded83,,,,,
0,0,9.452070474624634,0,5a87106555429960ec39b71f,0.0,0,3,3,
0,0,9.52287220954895,0,5a72f3a85542992359bc31e5,0.16666666666666666,1,3,6,
0,0,9.424188137054443,0,5a7b88a85542995eb53be954,0.5,2,3,4,
0,0,9.46930742263794,0,5a7cad635542996dd594b97f,0.0,0,3,3,
0,0,11.441928625106812,0,5a832e715542990548d0b1bf,0.0,0,3,7,
0,0,9.281893968582153,0,5ae81060554299540e5a572c,0.0,0,3,7,
0,0,9.396642923355103,0,5a825f2155429954d2e2eb1b,0.0,0,3,3,
0,0,9.34323525428772,0,5ab6e07b55429954757d33a0,0.0,0,3,5,
0,0,9.314067363739014,0,5aba89d555429901930fa816,0.0,0,3,4,
0,0,9.454984664916992,0,5a85d4ad5542997175ce2050,0.0,0,3,2,
0,0,9.882145643234253,0,5ac2660d55429951e9e685a1,0.3333333333333333,1,3,3,
0,0.010989010989010988,9.473986864089966,0,5a831af855429954d2e2ec1e,0.5,1,3,2,
0,0,9.428107976913452,0,5abbc4d255429931dba144fe,0.0,0,3,3,
0,0,10.00952672958374,0,5a778ce55542995d831811c0,0.0,0,3,4,
0,0.010928961748633882,9.839312076568604,0,5a8a13f45542992d82986e9e,0.0,0,3,4,
0,0,9.32919454574585,0,5a86296a55429960ec39b631,0.0,0,3,5,
0,0.010695187165775402,9.571035623550415,0,5a7f275d55429934daa2fd01,0.0,0,3,2,
0,0,9.49003553390503,0,5ae13b085542997b2ef7d146,0.25,1,3,4,
0,0,9.539794445037842,0,5a8081975542992097ad2fef,0.0,0,3,3,
0,0,9.358530282974243,0,5ae2e06d55429928c4239521,0.0,0,3,1,
0,0,9.46213150024414,0,5ab2383155429970612095c1,0.16666666666666666,1,3,6,
0,0,9.669538259506226,0,5ac29da5554299218029dac3,0.0,0,3,3,
0,0,9.740868091583252,0,5ab48af35542996a3a969f92,0.0,0,3,4,
0,0,11.415811538696289,0,5a902e755542995651fb50de,0.0,0,3,4,
0,0,9.860250473022461,0,5ae002ec55429925eb1afbdc,0.0,0,3,3,
0,0,9.402461051940918,0,5a74c2bd5542996c70cfadda,0.5,1,3,2,
0,0,9.367062330245972,0,5ab7a86d5542995dae37e986,0.0,0,3,7,
0,0,9.362267017364502,0,5ae3c71f5542991a06ce9a22,0.0,0,3,3,
0,0,9.515127658843994,0,5adf32ee5542995534e8c767,0.0,0,3,9,
0,0,9.751965999603271,0,5ae573b25542990ba0bbb2b4,0.0,0,3,7,
0,0,9.457389116287231,0,5ac3c08a5542995ef918c217,0.0,0,3,5,
0,0,9.298033952713013,0,5ab9ddef5542994dbf019875,0.0,0,3,3,
0,0,9.363767147064209,0,5ab862b35542990e739ec8db,0.0,0,3,2,
0,0,9.547464370727539,0,5adfe37c554299025d62a377,0.0,0,3,2,
0,0,9.440917730331421,0,5ac195455542991316484b40,0.0,0,3,5,
0,0.010989010989010988,9.485586881637573,0,5adf49935542993a75d26491,0.5,1,3,2,
0,0,9.646383285522461,0,5a7244955542990c210a408a,0.0,0,3,3,
0,0,9.535268306732178,0,5a7b8cc7554299294a54a9ea,0.0,0,3,3,
0,0.014705882352941178,8.957014560699463,0,5ae7316e554299572ea5477e,0.0,0,3,3,
0,0,9.37741231918335,0,5a8e0cb85542995085b373b2,0.0,0,3,3,
0,0.010752688172043012,9.460002660751343,0,5ae2bba35542992decbdcd89,0.0,0,3,3,
0,0.010810810810810811,9.382654905319214,0,5a82301155429926c1cdae4a,0.0,0,3,7,
0,0,11.672363042831421,0,5a877fa45542993e715abf84,0.4,2,3,5,
0,0,9.324560642242432,0,5a8662da5542991e7718162f,0.0,0,3,4,
0,0,9.330228328704834,0,5ae1b943554299492dc91b7f,0.0,0,3,5,
0,0.010869565217391304,9.446300268173218,0,5adec62e5542992fa25da841,0.14285714285714285,1,3,7,
0,0,44.494566679000854,5,5abfc9bf5542993fe9a41e60,0.5,1,18,2,
0,0,18.083505153656006,1,5ab26b60554299449642c898,0.0,0,6,6,
0,0.009259259259259259,10.36141562461853,0,5adcd6705542992c1e3a2426,0.5,1,3,2,
0,0.00970873786407767,41.92812252044678,3,5a79c9395542994bb94570a2,0.0,0,12,4,
0,0,10.257306098937988,0,5a750d315542996c70cfae84,0.0,0,3,7,
0,0,10.098273992538452,0,5ab7452b5542992aa3b8c806,0.0,0,3,4,
0,0,11.804673910140991,0,5ab6993f554299110f219a2b,0.0,0,3,7,
0,0,10.098547220230103,0,5ae1367055429901ffe4adf3,0.25,1,3,4,
0,0,9.974562883377075,0,5ab7ba4155429928e1fe38b2,0.0,0,3,6,
0,0.00970873786407767,10.187374353408813,0,5aba5ea955429939ce03dca5,0.0,0,3,2,
0,0,10.064480781555176,0,5ab67cf455429954757d3302,0.25,1,3,4,
0,0,10.19653868675232,0,5abae3b05542996606241661,0.0,0,3,5,
0,0,11.42875361442566,0,5a8303c255429954d2e2ec01,0.0,0,3,4,
0,0,10.012757301330566,0,5a8b7d925542995d1e6f13bd,0.0,0,3,4,
0,0,10.615181684494019,0,5ab6fcf55542991d32223718,0.0,0,3,4,
0,0,10.244201421737671,0,5a8313a755429954d2e2ec06,0.0,0,3,2,
0,0.028169014084507043,15.479238510131836,1,5ade747555429939a52fe8c5,0.5,2,6,4,
0,0,10.287121534347534,0,5ab6f9335542991d322236fc,0.0,0,3,3,
0,0,10.43464708328247,0,5a792ad055429907847277d1,0.0,0,3,2,
0,0,10.161266088485718,0,5a8089535542992bc0c4a762,0.0,0,3,1,
0,0,10.322391510009766,0,5a903b7255429933b8a204ae,0.0,0,3,2,
0,0,10.080087423324585,0,5ae022ab554299025d62a428,0.0,0,3,1,
0,0,10.47254753112793,0,5a8c7ced5542995e66a4761c,0.0,0,3,3,
0,0,10.18658971786499,0,5a75140b5542996c70cfae87,0.2,1,3,5,
0,0.00966183574879227,11.885200262069702,0,5a905cea55429933b8a204f4,0.0,0,3,3,
0,0,10.033589839935303,0,5ae363e85542994393b9e6a5,0.0,0,3,1,
0,0.00966183574879227,10.124858379364014,0,5a83de04554299334474609f,0.0,0,3,4,
0,0,10.742465019226074,0,5a8d7f2b554299068b959d0c,0.25,1,3,4,
0,0,10.09068751335144,0,5ae4f2c45542990ba0bbb1a9,0.0,0,3,6,
0,0.011299435028248588,49.30411219596863,2,5a81e097554299676cceb129,0.0,0,9,6,
0,0,9.741662740707397,0,5a776a805542993735360269,0.0,0,3,7,
0,0,25.36821961402893,2,5a8835dc5542994846c1ce2b,0.0,0,9,6,
0,0.011560693641618498,9.65578818321228,0,5ab83f9f5542990e739ec891,0.0,0,3,3,
0,0.011111111111111112,9.725701808929443,0,5abd69ce5542993062266c7f,0.0,0,3,2,
0,0,9.690737962722778,0,5ab6087a554299110f2199be,0.14285714285714285,1,3,7,
0,0,9.790136575698853,0,5a78e9a2554299148911f995,0.0,0,3,4,
0,0,9.573545694351196,0,5ab6988a554299710c8d1edc,0.0,0,3,4,
0,0,10.058953046798706,0,5adcb6875542994ed6169bcb,0.0,0,3,4,
0,0,11.320367574691772,0,5a8bb90f5542996e8ac88a02,0.0,0,3,5,
0,0,26.29353380203247,2,5ac02b325542992a796decb9,0.0,0,9,10,
0,0,9.72383713722229,0,5abbd2575542993f40c73bbd,0.0,0,3,4,
0,0,9.708188772201538,0,5a88db445542993b751ca88a,0.2,1,3,5,
0,0,9.508851766586304,0,5ac51c2855429924173fb5b5,0.5,2,3,4,
0,0.011299435028248586,55.34630370140076,5,5abd420f55429933744ab75c,0.0,0,18,5,
0,0,57.02059292793274,5,5a84e21d5542997b5ce3ff7c,0.2857142857142857,2,18,7,
0,0,37.15883445739746,3,5a8e8af55542990e94052b3f,0.0,0,12,5,
0,0,7.020961046218872,0,5a8a647b55429930ff3c0dc1,1.0,1,3,1,
0,0,14.69705605506897,1,5ae51b495542993aec5ec146,0.0,0,6,2,
0,0.012738853503184712,8.96679973602295,0,5a7f54665542992097ad2f1a,0.6666666666666666,2,3,3,
,,,,5a75d9b4554299109176e5a7,,,,,Ollama request exceeded timeout limit for model stable-qwen with error: timed out
0,0.012738853503184712,53.41568922996521,5,5a74551555429974ef308bd9,0.0,0,18,4,
0,0,53.33402132987976,5,5ae324e85542991a06ce9934,0.0,0,18,3,
0,0,45.67852830886841,5,5ac3f18d554299204fd21ed3,0.0,0,18,7,
0,0,45.19256925582886,5,5ae0c1be5542993d6555ec42,0.0,0,18,4,
,,,,5a8013e45542995d8a8ddf41,,,,,Ollama request exceeded timeout limit for model stable-qwen with error: timed out
0,0,45.88729929924011,5,5addda1b5542992200553b55,0.0,0,18,6,
0,0,42.70357823371887,5,5ae35b6b5542990afbd1e116,0.0,0,18,8,
0,0,50.99680471420288,5,5ae7739c5542997b22f6a775,1.0,1,18,1,
,,,,5a726ba35542997f827839c0,,,,,Ollama request exceeded timeout limit for model stable-qwen with error: timed out
0,0,46.571409702301025,5,5ac2d9f65542996773102631,0.16666666666666666,1,18,6,
0,0,47.30073046684265,5,5ae1305b55429901ffe4add6,1.0,1,18,1,
0,0,63.45316123962402,5,5a907bf05542995651fb5164,0.0,0,18,3,
,,,,5aba7c7155429955dce3ee58,,,,,Ollama request exceeded timeout limit for model stable-qwen with error: timed out
0,0,61.436647176742554,5,5abfab8d5542997ec76fd42d,1.0,1,18,1,
0,0,40.249768018722534,3,5ae05c9f55429945ae959348,0.0,0,12,5,
0,0,59.451465368270874,5,5abf30185542990832d3a13f,0.0,0,18,2,
0,0,50.48219347000122,4,5ae64ba755429929b0807b25,0.0,0,15,9,
0,0.014388489208633093,8.394153118133545,0,5ade4e415542992fa25da73f,0.0,0,3,2,
0,0,8.375697374343872,0,5a73073d55429901807daf69,0.5,1,3,2,
0,0,8.720657587051392,0,5ac1b3a75542994ab5c67dd2,0.0,0,3,4,
0,0.01324503311258278,28.28175950050354,2,5a8fa32255429918e830d299,0.0,0,9,5,
0,0,8.653161764144897,0,5ac562985542993e66e823ca,0.0,0,3,6,
0,0,8.752296447753906,0,5ac2927b5542996366519a17,0.0,0,3,2,
0,0,8.640957593917847,0,5a729fe55542991f9a20c53b,0.0,0,3,3,
0,0,8.86804723739624,0,5a72abb95542992359bc3162,0.0,0,3,4,
0,0,9.352197885513306,0,5a7cd28c554299452d57ba80,0.5,1,3,2,
0,0,8.675350666046143,0,5a72120e55429971e9dc923f,0.25,1,3,4,
0,0.013698630136986302,8.796854972839355,0,5ade66e1554299728e26c713,0.0,0,3,6,
0,0,8.653579711914062,0,5ae47ae05542995ad6573d4f,0.0,0,3,6,
0,0,45.86831617355347,4,5a8ad6805542992d82986f93,0.0,0,15,4,
0,0,7.503544092178345,0,5a8f1adc554299458435d577,0.0,0,3,8,
0,0,33.146544456481934,3,5a8e60ca5542995a26add4d9,0.0,0,12,4,
0,0.018867924528301883,50.36691474914551,5,5a78b386554299148911f949,0.0,0,18,8,
0,0,16.160542488098145,1,5a807181554299485f5985ec,0.0,0,6,2,
0,0,50.172887325286865,5,5ac10c5e554299294b219074,0.0,0,18,4,
0,0,31.29046940803528,3,5a88cc8f55429938390d3fc5,0.0,0,12,6,
0,0,7.236706018447876,0,5abc3d215542993a06baf8a5,0.0,0,3,5,
0,0,7.153214693069458,0,5ab8ee805542991b5579f051,0.3333333333333333,2,3,6,
0,0.023255813953488372,6.966255187988281,0,5adc020e55429947ff1738b4,0.0,0,3,8,
0,0,7.247621536254883,0,5ab9aab555429970cfb8eb65,0.0,0,3,4,
0,0,7.0012712478637695,0,5abb1fd95542996cc5e49fb6,0.0,0,3,4,
0,0,37.586790800094604,4,5a8a547d55429970aeb70293,0.0,0,15,2,
,,,,5a7217f255429971e9dc9260,,,,,Ollama request exceeded timeout limit for model stable-qwen with error: timed out
0,0,15.35232400894165,1,5a89dbec554299669944a5d6,0.0,0,6,5,
0,0,7.246901035308838,0,5a89e6615542992e4fca8462,0.14285714285714285,1,3,7,
0,0,7.3257670402526855,0,5ae361dc5542992f92d822aa,0.0,0,3,4,
0,0,7.237588167190552,0,5a8e63d65542995085b37421,0.0,0,3,2,
0,0,7.336989164352417,0,5a88451655429938390d3f12,0.0,0,3,8,
0,0,4.3737473487854,1,5a7a05485542990198eaf04c,0.0,0,3,3,
0,0,36.410428524017334,4,5ae25d2b554299495565da46,1.0,1,15,1,
0,0,6.710016489028931,0,5ab8f53355429916710eb0d1,0.0,0,3,3,
0,0,6.491132974624634,0,5a9042825542990a984935d6,0.2857142857142857,2,3,7,
0,0.05263157894736842,6.4153478145599365,0,5a7c96765542990527d554d8,0.0,0,3,2,
0,0,6.829522132873535,0,5ae75c6e5542991bbc9761f8,0.2,1,3,5,
0,0,6.435350656509399,0,5adf8dea5542995534e8c7e4,0.0,0,3,3,
0,0,14.49754285812378,1,5ae1681b554299422ee9967c,0.0,0,6,12,
0,0,6.752181529998779,0,5ade286e5542997c77aded81,0.3333333333333333,1,3,3,
0,0,6.443248510360718,0,5ab938db5542996be2020454,0.0,0,3,1,
0,0,6.554389953613281,0,5a8cacce554299585d9e3718,0.0,0,3,5,
0,0,6.712718486785889,0,5a7353795542991f29ee2d82,1.0,1,3,1,
0,0,6.505592107772827,0,5a7730f255429972597f148c,0.6666666666666666,2,3,3,
0,0,22.50195622444153,2,5a7d07a455429907fabef0ae,0.5,2,9,4,
0,0,6.109099626541138,0,5ab5eed65542997d4ad1f25c,0.0,0,3,1,
0,0,22.157870054244995,2,5a8ceddb554299441c6b9f85,0.25,1,9,4,
0,0,6.225337982177734,0,5ac4920d5542996feb3fe8d3,0.25,1,3,4,
0,0.07692307692307693,6.1179094314575195,0,5ae40d405542996836b02c28,0.2,1,3,5,
0,0,17.602220058441162,1,5ac04a265542997d642959f1,1.0,2,6,2,
0,0,6.076789855957031,0,5a9084e75542990a98493667,0.0,0,3,3,
0,0,7.883225440979004,0,5adff4a555429925eb1afb91,0.0,0,3,3,
0,0,6.009453773498535,0,5adeb78a554299728e26c77a,0.0,0,3,3,
0,0.018867924528301886,49.24243783950806,5,5ae20c245542997283cd2367,0.14285714285714285,1,18,7,
0,0,46.283703327178955,5,5ab482815542990594ba9c3d,0.0,0,18,6,
0,0,41.13411831855774,4,5ab2b95c5542991669774072,0.0,0,15,5,
0,0,15.741611003875732,1,5ab41677554299753aec5a38,0.0,0,6,2,
0,0,21.81065011024475,2,5abae1e65542996cc5e49ed2,0.0,0,9,3,
0,0,6.230527877807617,0,5ab4482b55429942dd415f09,0.0,0,3,5,
0,0,6.018145561218262,0,5ae6537c5542991bbc9760c1,0.5,3,3,6,
0,0,6.00752854347229,0,5adc3a7055429947ff173913,0.0,0,3,2,
0,0,6.265347003936768,0,5a7a5cc35542996c55b2dd7c,1.0,1,3,1,
0,0,33.338526010513306,3,5ac47d7355429919431739b3,0.14285714285714285,1,12,7,
0,0,5.960525989532471,0,5a8b041955429971feec4604,0.0,0,3,4,
0,0,6.065445184707642,0,5ae56a0d5542990ba0bbb29c,0.0,0,3,4,
0,0,6.25933837890625,0,5ab6b59f5542995eadef0065,0.0,0,3,6,
0,0,6.06466817855835,0,5a80ef1555429938b614225e,0.2,1,3,5,
0,0,6.159638404846191,0,5a8660ba55429960ec39b684,0.0,0,3,1,
0,0,6.380465507507324,0,5a7a94f155429941d65f26ca,0.0,0,3,6,
0,0,7.785719394683838,0,5a78a862554299148911f8fe,0.25,1,3,4,
0,0,5.959151029586792,0,5a72a51355429901807daf21,0.0,0,3,4,
0,0,6.003204584121704,0,5ac417405542995c82c4acbb,0.0,0,3,5,
0,0,6.144878625869751,0,5ae7a9765542994a481bbdbc,0.5,1,3,2,
0,0,5.958773612976074,0,5ae496735542995dadf2435d,0.25,1,3,4,
0,0,6.153277397155762,0,5ab56b3a554299637185c585,0.5,1,3,2,
0,0,4.052115440368652,1,5ab72c7d55429928e1fe3830,0.0,0,3,4,
0,0,11.530579328536987,1,5a8adbf55542992d82986fab,0.4,2,6,5,
0,0,6.098686695098877,0,5a8a48ee55429930ff3c0d66,0.0,0,3,9,
0,0,6.318361043930054,0,5a74be0b5542996c70cfadc8,0.0,0,3,4,
0,0,50.460991859436035,5,5abac35055429901930fa8ae,0.18181818181818182,2,18,11,
0,0,50.47729849815369,5,5a8b19f45542996c9b8d5f9e,0.0,0,18,6,
0,0,48.46293044090271,5,5a7f5d165542992097ad2f3c,0.0,0,18,2,
0,0,48.35257816314697,5,5ac55ea55542993e66e82377,0.25,2,18,8,
0,0,4.056333303451538,1,5abd0097554299700f9d7956,0.0,0,3,2,
,,,,5ae655845542991bbc9760c3,,,,,Ollama request exceeded timeout limit for model stable-qwen with error: timed out
0,0,24.186747550964355,2,5ade84d7554299728e26c72b,0.0,0,9,4,
0,0,7.733230829238892,0,5a8c2adc554299240d9c20a9,0.0,0,3,2,
0,0,7.609304666519165,0,5ae2661d554299495565da60,0.0,0,3,1,
0,0,7.813873052597046,0,5ac250aa5542992f1f2b384d,0.0,0,3,3,
0,0,8.013037204742432,0,5a74cfed5542993748c896ea,0.2,1,3,5,
0,0,7.590100526809692,0,5a89fc665542993b751ca9de,0.0,0,3,4,
0,0,8.237505912780762,0,5ae2ce505542996483e64a72,0.6666666666666666,2,3,3,
0,0,7.63644552230835,0,5ab98d70554299753720f82f,0.0,0,3,3,
0,0,32.605908155441284,3,5ab56f7a554299637185c59a,0.0625,1,12,16,
0,0,15.288453817367554,1,5a83a4bc554299123d8c217f,0.0,0,6,6,
0,0,7.65305757522583,0,5a84f6c55542997175ce1f36,0.0,0,3,4,
0,0,7.734570503234863,0,5ac26ac15542992f1f2b38bc,0.4,2,3,5,
0,0.043478260869565216,7.74810004234314,0,5a7615fb5542992db9473727,0.0,0,3,3,
0,0,7.7060301303863525,0,5ade3bf75542997c77adedb8,0.0,0,3,5,
0,0,7.896628141403198,0,5ae32eca5542994393b9e640,0.3333333333333333,1,3,3,
0,0.023529411764705882,7.784193515777588,0,5ab514c05542991779162d72,0.0,0,3,6,
0,0.022727272727272728,7.80774450302124,0,5a8a3a355542996c9b8d5e5e,0.0,0,3,5,
0,0,7.656668186187744,0,5ab5ab5d5542992aa134a37d,0.25,1,3,4,
0,0,7.957305431365967,0,5ab2999a554299194fa9342f,0.0,0,3,5,
0,0,49.51039457321167,5,5a7c6b86554299683c1c62ff,0.0,0,18,2,
,,,,5ab6e865554299710c8d1fad,,,,,Ollama request exceeded timeout limit for model stable-qwen with error: timed out
0,0,56.15524482727051,5,5adf9f6c5542992d7e9f93c2,0.5,2,18,4,
0,0,53.83014965057373,5,5a7dd6cd5542995f4f4022cd,0.0,0,18,4,
0,0,43.67294359207153,4,5a8f141e55429918e830d181,0.0,0,15,5,
0,0,10.001883268356323,0,5a8b4d5e5542995d1e6f135c,0.0,0,3,4,
0,0,8.059049844741821,0,5a778a165542995d831811a9,0.0,0,3,5,
0,0,8.148926973342896,0,5ac458f8554299204fd21f2a,0.0,0,3,13,
0,0,10.117015361785889,0,5ae4a2d05542995ad6573de1,0.0,0,3,5,
0,0,8.540860652923584,0,5a8c42d7554299240d9c20f5,0.3333333333333333,1,3,3,
0,0,8.875693798065186,0,5ac2bcf55542990b17b1546e,0.0,0,3,7,
0,0,14.688737392425537,1,5a7224ab55429971e9dc92dd,0.0,0,6,9,
0,0,14.956281661987305,1,5ab26a4b55429970612095fc,0.0,0,6,7,
0,0,8.492136001586914,0,5a80be9655429938b61421b5,0.0,0,3,6,
0,0,8.278796195983887,0,5adfc97255429906c02daa41,0.0,0,3,5,
0,0.018018018018018018,8.557589769363403,0,5ab6b13b554299710c8d1f3f,0.0,0,3,4,
0,0.017094017094017092,20.368451356887817,1,5abea05f5542991f661061b6,0.0,0,6,8,
0,0,8.380377054214478,0,5ae679ec5542996d980e7b75,0.0,0,3,2,
0,0,8.282280921936035,0,5a7de14a5542991319bc93fc,0.0,0,3,3,
0,0,8.270777463912964,0,5adf4da15542995534e8c780,0.0,0,3,2,
0,0,8.107507944107056,0,5a71419f5542994082a3e70d,0.0,0,3,9,
0,0,10.01870322227478,0,5a8a19c45542992e4fca8501,0.0,0,3,4,
0,0,8.160532474517822,0,5adde73f5542992200553b94,0.0,0,3,3,
0,0,8.133055686950684,0,5a80f793554299260e20a1e1,0.0,0,3,4,
0,0,8.299542903900146,0,5a8a803b55429930ff3c0e04,0.3333333333333333,1,3,3,
0,0,8.101815938949585,0,5a80274e5542992e7d278dfb,0.0,0,3,4,
,,,,5a72c9e85542991f9a20c595,,,,,Ollama request exceeded timeout limit for model stable-qwen with error: timed out
0,0,13.810840606689453,1,5ab499a55542996a3a969f9f,0.0,0,6,2,
0,0,8.34621548652649,0,5a80838d5542992bc0c4a745,0.5,2,3,4,
0,0,8.110860347747803,0,5ab8750255429934fafe6dd1,0.0,0,3,7,
0,0,8.222750663757324,0,5abac89d55429901930fa8b5,0.25,1,3,4,
0,0,8.174952983856201,0,5a73090455429901807daf6e,0.0,0,3,3,
0,0,8.325029134750366,0,5ab5d27a554299494045f073,0.0,0,3,4,
0,0,8.109634160995483,0,5adc396155429944faac2479,0.0,0,3,3,
0,0,8.186822891235352,0,5a89e2785542992e4fca843d,0.0,0,3,4,
0,0,8.65899109840393,0,5a7f7c285542994857a76746,0.0,0,3,3,
0,0,98.94721937179565,1,5a8f0796554299458435d528,0.3333333333333333,1,6,3,
0,0,8.28650164604187,0,5a8ce55f554299441c6b9f62,0.0,0,3,6,
0,0,10.099892377853394,0,5a8e3e9b5542995085b37402,0.0,0,3,2,
0,0,8.085899114608765,0,5a80e5f5554299260e20a1ae,0.25,1,3,4,
0,0,8.2445387840271,0,5ae064605542993d6555eb44,0.0,0,3,15,
0,0,16.311914205551147,1,5a81737155429903bc27b96f,0.0,0,6,3,
0,0,8.291944980621338,0,5ae3d67f5542992f92d8238f,0.0,0,3,6,
0,0,14.077385425567627,1,5abd8ee05542993062266cc8,0.0,0,6,6,
0,0,8.457165241241455,0,5a89d3e15542992e4fca83d4,0.0,0,3,2,
0,0,8.19314980506897,0,5ab2ed62554299166977413a,0.0,0,3,7,
0,0,4.364407539367676,1,5a85e5345542991dd0999ebb,0.0,0,3,3,
0,0,8.12550401687622,0,5a86f13c554299211dda2b5e,0.0,0,3,6,
0,0.017699115044247787,8.131800413131714,0,5ac562115542993e66e823bf,0.6666666666666666,2,3,3,
0,0.018018018018018018,8.28960371017456,0,5ab3589455429976abd1bc93,0.0,0,3,6,
0,0,8.21597671508789,0,5a7eacd855429930675135c3,0.0,0,3,12,
0,0,8.273696899414062,0,5a74a8fa55429929fddd8497,0.0,0,3,4,
0,0,8.188542366027832,0,5ac05fb55542997d64295a0b,0.5,1,3,2,
0,0,8.348711013793945,0,5ae4606c5542996836b02c91,0.0,0,3,4,
0,0,10.15468454360962,0,5a73f2035542993a88ae2ea8,0.0,0,3,3,
0,0,14.27513074874878,1,5ae666d35542991bbc9760cc,0.0,0,6,5,
,,,,5a7c54eb554299683c1c62e8,,,,,Ollama request exceeded timeout limit for model stable-qwen with error: timed out
0,0,54.19915008544922,5,5abbd58d554299660624172f,0.0,0,18,4,
0,0,55.60864067077637,5,5ac160bb5542994d76dccdfb,0.0,0,18,4,
0,0,35.96830892562866,3,5a734dad5542994cef4bc522,0.0,0,12,9,
,,,,5ab94fa25542996be2020474,,,,,Ollama request exceeded timeout limit for model stable-qwen with error: timed out
0,0,8.250632524490356,0,5a7b2ec755429927d897bf53,0.0,0,3,6,
0,0,24.89106249809265,2,5ae604ec5542996de7b71af9,0.3333333333333333,1,9,3,
0,0,18.14279842376709,1,5adc1af75542994650320c75,0.0,0,6,9,
0,0,8.169548749923706,0,5ab298fb554299449642c922,0.0,0,3,2,
0,0,8.24189805984497,0,5a812d0555429938b61422e1,0.0,0,3,5,
0,0,8.118567943572998,0,5adf35935542993344016c36,0.0,0,3,5,
0,0,8.2582688331604,0,5a7f669a5542994857a76729,0.0,0,3,3,
0,0,8.161608219146729,0,5a7ea14655429930675135ab,0.0,0,3,8,
0,0,8.131816148757935,0,5a7db1a15542995ed0d16660,0.0,0,3,1,
0,0,9.943000316619873,0,5ac41ca75542991943173919,0.0,0,3,4,
0,0,8.42089033126831,0,5a8cbda955429941ae14dee5,0.0,0,3,1,
0,0,8.138341665267944,0,5a8463945542992ef85e23d9,0.0,0,3,14,
0,0,50.69822335243225,5,5a7fa55555429969796c1b0e,0.0,0,18,3,
0,0,51.80928945541382,5,5a8f91c755429918e830d26c,0.2,2,18,10,
0,0,48.05640530586243,5,5ab67d2055429954757d3304,0.4,2,18,5,
0,0,48.73174333572388,5,5a73583455429901807dafcf,0.0,0,18,3,
0,0,7.605656623840332,0,5ae0ba1155429924de1b7156,0.0,0,3,2,
0,0,7.649476766586304,0,5a8c87aa554299653c1aa0ac,0.0,0,3,5,
0,0,7.826436519622803,0,5a74fd6d5542993748c8977d,0.0,0,3,2,
0,0,7.62226128578186,0,5a7f00b455429930675135f1,0.0,0,3,5,
0,0.025641025641025644,7.782715320587158,0,5ae0800055429924de1b70db,0.0,0,3,5,
0,0,7.737566709518433,0,5a7e782655429934daa2fc26,0.0,0,3,4,
0,0,7.8472373485565186,0,5a721b9055429971e9dc9277,0.0,0,3,4,
0,0,7.67725396156311,0,5ac2c7ff554299657fa2904f,0.5,1,3,2,
0,0,16.285683155059814,1,5a72b3335542994cef4bc3dc,1.0,3,6,3,
0,0,7.8561623096466064,0,5a86038455429960ec39b600,0.0,0,3,3,
0,0,9.476746320724487,0,5ab7fa4f5542993667794080,0.0,0,3,7,
0,0,7.586491346359253,0,5ae0a09a5542993d6555ebc9,0.0,0,3,3,
0,0.04819277108433735,7.667656898498535,0,5ae509f655429908b63264ef,0.0,0,3,4,
0,0,7.783610105514526,0,5a7739f25542994aec3b7234,0.0,0,3,8,
0,0,7.720062494277954,0,5adcdea85542992c1e3a2441,0.0,0,3,3,
0,0,40.36070966720581,4,5a83335f5542996488c2e3ec,0.0,0,15,4,
0,0,7.678743839263916,0,5a7a4f405542994f819ef1c0,0.0,0,3,4,
0,0,4.320917367935181,1,5a7182b65542994082a3e85b,0.0,0,3,5,
0,0.13333333333333333,5.1705286502838135,1,5ae1a8c05542997f29b3c0ec,0.0,0,3,4,
0,0,7.6236186027526855,0,5ade063d5542997dc7907129,0.3333333333333333,1,3,3,
0,0,8.126062870025635,0,5a81d51a55429903bc27b9d2,0.0,0,3,2,
0,0,7.740695476531982,0,5abed44b5542990832d3a0db,0.0,0,3,5,
0,0,49.463151931762695,5,5a86294e5542994775f60715,0.0,0,18,5,
0,0,49.35356569290161,5,5a72a2935542991f9a20c546,0.3333333333333333,2,18,6,
,,,,5ade653f55429975fa854ebb,,,,,Ollama request exceeded timeout limit for model stable-qwen with error: timed out
0,0,53.00101637840271,5,5a7a3cea5542994f819ef182,0.0,0,18,2,
0,0,49.629324436187744,5,5ab56f3e5542992aa134a317,0.0,0,18,3,
0,0,32.36858510971069,3,5ab9bc6155429970cfb8eb90,0.0,0,12,4,
0,0,7.631936550140381,0,5a90ad595542990a9849368b,0.0,0,3,3,
,,,,5adcd5005542994d58a2f6f0,,,,,Ollama request exceeded timeout limit for model stable-qwen with error: timed out
0,0,52.4079315662384,5,5a78d16455429974737f78bb,0.0,0,18,3,
0,0,49.52245020866394,5,5a77f2af5542995d83181333,0.0,0,18,6,
0,0,49.87113380432129,5,5a840e8a5542992ef85e239e,0.0,0,18,3,
0,0,48.04212975502014,5,5adea62e55429975fa854f3b,0.0,0,18,3,
0,0,48.65243172645569,5,5a7759dd5542994aec3b729f,0.0,0,18,2,
0,0,31.708531856536865,3,5ab81cff5542990e739ec827,0.25,1,12,4,
0,0,51.82903575897217,5,5a7c5a87554299683c1c62eb,0.0,0,18,10,
,,,,5abb61c0554299642a094a86,,,,,Ollama request exceeded timeout limit for model stable-qwen with error: timed out
0,0,21.260586977005005,1,5ae499d755429970de88d9ca,0.5,2,6,4,
0,0,9.634280681610107,0,5a79fac85542996c55b2dcc1,0.2857142857142857,2,3,7,
0,0,7.660793304443359,0,5ab9c292554299131ca423f5,0.2,1,3,5,
0,0,7.802311658859253,0,5ab5e024554299494045f097,0.0,0,3,7,
0,0,7.6552746295928955,0,5ade2bce5542997c77aded96,0.0,0,3,3,
0,0,15.682232141494751,1,5ae20c465542997283cd236a,0.0,0,6,2,
0,0,20.885101795196533,1,5a8a12ae5542992d82986e92,0.0,0,6,4,
0,0.023809523809523808,11.025029420852661,0,5a7350d55542994cef4bc535,0.0,0,3,4,
0,0,11.2577543258667,0,5ac4f2235542996feb3fe995,0.5,1,3,2,
0,0.023529411764705885,11.076488733291626,0,5ae13f3c5542997b2ef7d168,0.0,0,3,9,
0,0,20.924701690673828,1,5ab8f4ee5542991b5579f091,0.0,0,6,9,
0,0.04494382022471911,11.025978565216064,0,5ac02c6b554299294b218f38,0.0,0,3,4,
0,0,11.105965375900269,0,5a89e57f5542992e4fca845d,0.0,0,3,13,
0,0,10.973938941955566,0,5a83c2e25542996488c2e4bc,0.16666666666666666,1,3,6,
0,0.023809523809523808,11.240113735198975,0,5ab850b255429916710eb036,0.0,0,3,5,
0,0,11.178051471710205,0,5a753ff455429916b01642bc,0.0,0,3,2,
0,0,11.051081895828247,0,5a75675d5542992d0ec05f87,0.0,0,3,2,
0,0,24.26141929626465,1,5a7f48e15542992e7d278ce6,0.5,1,6,2,
0,0,11.081011056900024,0,5a7292385542994cef4bc342,0.0,0,3,3,
0,0,11.020108222961426,0,5aba75e655429955dce3ee3c,0.0,0,3,3,
0,0,11.068390607833862,0,5ac2b8085542990b17b1546b,0.25,1,3,4,
0,0,22.381686687469482,1,5ae603ba5542996de7b71af4,0.0,0,6,2,
0,0,11.398419618606567,0,5a8b7cb95542995d1e6f13bb,0.6666666666666666,2,3,3,
0,0,11.39447021484375,0,5a88e75c5542993b751ca8c7,0.25,1,3,4,
0,0,11.098789691925049,0,5a83305d55429966c78a6b4a,0.5,3,3,6,
0,0,11.266544103622437,0,5a78c235554299078472775d,0.5,2,3,4,
0,0,11.096577167510986,0,5a7ba83f5542995eb53be981,0.0,0,3,3,
0,0,11.243990659713745,0,5a7b9fac554299294a54aa2f,0.5,1,3,2,
0,0,11.09492540359497,0,5adfd30c55429906c02daa53,0.0,0,3,4,
0,0,11.291818380355835,0,5ab729335542993667793f5a,0.0,0,3,7,
0,0,11.19422698020935,0,5a857cf35542994c784ddb1d,0.0,0,3,5,
0,0.28571428571428575,7.465523719787598,1,5abba91e554299642a094b10,0.0,0,3,2,
0,0,11.280028820037842,0,5a7f90a15542995d8a8ddea5,0.0,0,3,3,
0,0,7.356646299362183,1,5a83bfc8554299123d8c21a1,0.0,0,3,4,
0,0,23.78586173057556,1,5a80e47d55429938b6142238,0.0,0,6,3,
0,0,11.034174919128418,0,5a7dec305542995ed0d16679,0.0,0,3,3,
0,0,11.119555234909058,0,5ae61dce5542992663a4f262,0.0,0,3,9,
0,0,11.105190753936768,0,5a8a429955429930ff3c0d34,0.0,0,3,3,
0,0,11.273451328277588,0,5addd82c5542990dbb2f7eb9,0.0,0,3,1,
0,0,12.24586820602417,0,5ae527085542993aec5ec165,0.0,0,3,2,
0,0,11.211387634277344,0,5adbe1b355429944faac23a0,1.0,1,3,1,
0,0,11.090912103652954,0,5a750de95542993748c897ac,0.0,0,3,5,
0,0,11.256226301193237,0,5abff65c5542994516f45551,0.5,1,3,2,
0,0,11.427372932434082,0,5ae552bb55429908b63265d9,0.2,1,3,5,
0,0,10.997694730758667,0,5ab3010455429976abd1bc15,0.0,0,3,3,
0,0,11.218936681747437,0,5a84fd085542994c784ddaba,1.0,1,3,1,
0,0,11.092151165008545,0,5a7f660555429969796c1a2e,0.0,0,3,2,
0,0,11.183728694915771,0,5ab47e0a5542990594ba9c32,0.0,0,3,6,
0,0,11.585471630096436,0,5ae554ce55429960a22e02b7,0.0,0,3,5,
0,0,11.146360874176025,0,5abba664554299642a094b02,0.0,0,3,6,
0,0,11.159767627716064,0,5a88ac3d554299206df2b328,0.0,0,3,3,
0,0,12.217844009399414,0,5a7323ad5542994cef4bc476,0.0,0,3,4,
0,0,12.777024269104004,0,5abd2eb255429933744ab750,0.4,2,3,5,
0,0,11.026426076889038,0,5adddf5d5542997dc7907078,0.0,0,3,2,
0,0,11.019053220748901,0,5abc553a554299700f9d7871,1.0,2,3,2,
0,0,11.131937026977539,0,5a77d31c55429967ab1052c0,0.0,0,3,2,
0,0,11.004863977432251,0,5adc398755429947ff173912,0.0,0,3,4,
0,0,11.123062133789062,0,5ab6dbc15542995eadef00cd,,,,,
0,0,11.038373947143555,0,5a7b59115542995eb53be923,0.25,1,3,4,
0,0,11.087843894958496,0,5adc99ba5542994ed6169ba9,0.0,0,3,4,
0,0,12.547372579574585,0,5a863ff0554299211dda2ac6,0.0,0,3,5,
0,0,11.202881336212158,0,5ade99235542997c77adee7f,0.3333333333333333,1,3,3,
0,0,11.303497552871704,0,5a8843a455429938390d3f0c,0.0,0,3,2,
0,0,11.171211242675781,0,5a89dfcc55429946c8d6e9f0,0.0,0,3,5,
0,0,11.19005537033081,0,5ab5c6e55542997d4ad1f1db,0.6666666666666666,2,3,3,
0,0,11.058695554733276,0,5ae7313c5542991e8301cbbc,0.5,2,3,4,
0,0,11.097627401351929,0,5ac31ad4554299741d48a1ee,0.0,0,3,6,
0,0.023529411764705885,11.613736867904663,0,5ae0f2bf5542997b2ef7d09e,1.0,2,3,2,
0,0.021505376344086023,11.261150598526001,0,5abab36455429955dce3eed1,0.0,0,3,2,
0,0,11.202574491500854,0,5adf2d375542993344016c0d,0.0,0,3,3,
0,0,11.187914609909058,0,5ae4c35c55429913cc2044fb,0.0,0,3,4,
0,0,9.304418563842773,1,5a7280925542991f9a20c4a1,0.0,0,3,3,
0,0,11.080646276473999,0,5ab6aa4c55429953192ad359,0.3333333333333333,1,3,3,
0,0,11.08356785774231,0,5a8bc1565542996e8ac88a0c,0.6666666666666666,2,3,3,
0,0,11.131940841674805,0,5a815f445542995ce29dcbec,0.3333333333333333,1,3,3,
0,0,11.169356107711792,0,5a8842435542994846c1ce6d,0.3333333333333333,1,3,3,
0,0,11.705716133117676,0,5a893fc855429951533612f0,1.0,2,3,2,
0,0,11.121649026870728,0,5ab9df1f554299232ef4a239,0.0,0,3,4,
0,0,11.010393381118774,0,5a7914e155429974737f7973,0.0,0,3,4,
0,0,11.428304433822632,0,5add23e45542992ae4cec4a1,0.0,0,3,6,
0,0,11.141417980194092,0,5a7df6e65542995f4f402353,0.0,0,3,4,
0,0,11.130940675735474,0,5a803d695542996402f6a494,0.0,0,3,5,
0,0,11.372878789901733,0,5a74594a55429974ef308be1,0.0,0,3,6,
0,0,25.8700692653656,1,5a807f6a5542992bc0c4a737,0.125,1,6,8,
0,0,23.367225646972656,1,5a820f2f554299676cceb1ff,0.2857142857142857,2,6,7,
0,0,11.210348844528198,0,5ae5e852554299546bf82fb8,0.0,0,3,6,
0,0,11.2132887840271,0,5ab9b2c7554299743d22ebaf,0.0,0,3,3,
0,0,12.756486654281616,0,5a862b0b554299211dda2a98,0.0,0,3,5,
0,0,10.993778228759766,0,5a79db655542994bb94570f4,0.0,0,3,13,
0,0,11.04852819442749,0,5a8796f75542996e4f308865,0.0,0,3,4,
0,0,11.384432554244995,0,5ac264195542992f1f2b38a5,0.0,0,3,4,
0,0,11.565222978591919,0,5ac27afa5542990b17b153b5,0.0,0,3,7,
0,0,11.017944812774658,0,5ae129115542990adbacf722,0.0,0,3,3,
0,0,11.067753076553345,0,5a7736bc554299373536021b,0.0,0,3,4,
0,0,11.580236196517944,0,5ae306115542992decbdcdc4,0.0,0,3,10,
0,0,7.292678117752075,1,5ab1ea0a554299340b52542a,0.25,1,3,4,
0,0,11.708126068115234,0,5ab50e0a5542990594ba9cf0,0.0,0,3,3,
0,0,11.144489288330078,0,5ab2ce27554299545a2cfa98,0.0,0,3,6,
0,0,33.420199394226074,2,5ae1443855429920d5234362,0.4444444444444444,4,9,9,
0,0,10.35184645652771,0,5ae201465542997f29b3c1f7,0.16666666666666666,1,3,6,
0,0,10.254629611968994,0,5a8ceb7a554299441c6b9f7b,0.5,1,3,2,
0,0,10.360289573669434,0,5add15d15542994ed6169c70,0.0,0,3,4,
0,0,7.557953596115112,1,5a8aeadc55429950cd6afbe0,0.0,0,3,2,
0,0,10.551605701446533,0,5a8cd6de55429941ae14df07,0.0,0,3,4,
0,0,12.039388656616211,0,5a77bc9955429967ab105256,0.0,0,3,5,
0,0,10.133470058441162,0,5adfff0755429925eb1afbce,0.0,0,3,5,
0,0,10.271245002746582,0,5ab2771e554299340b5254d8,0.0,0,3,4,
0,0,11.047966241836548,0,5a727a635542994cef4bc2c9,0.0,0,3,5,
0,0,10.311790227890015,0,5abce87e5542993a06baf9a5,0.0,0,3,3,
0,0,11.265182971954346,0,5a7da98e5542990b8f503a17,0.0,0,3,4,
0,0,10.317171812057495,0,5ae0a5825542993d6555ebdf,0.14285714285714285,1,3,7,
0,0,11.409635066986084,0,5a7cff5755429907fabef09d,0.0,0,3,2,
0,0,11.1532301902771,0,5abd0803554299700f9d7979,0.0,0,3,2,
0,0.03636363636363637,10.767213344573975,0,5a88e7a55542993b751ca8ca,0.25,1,3,4,
0,0,16.964318990707397,0,5a773ae055429972597f14b0,0.0,0,3,6,
,,,,5ae625935542995703ce8b2a,,,,,Ollama request exceeded timeout limit for model stable-qwen with error: timed out
0,0,10.31980586051941,0,5ab828f25542992aa3b8c8a3,0.2,1,3,5,
0,0,10.904062032699585,0,5abe832a55429965af743f29,0.0,0,3,6,
0,0,10.485302925109863,0,5a778b1e55429949eeb29ee3,0.0,0,3,3,
0,0,10.362430334091187,0,5a7c4a6455429907fabeef53,0.0,0,3,5,
0,0,10.536162614822388,0,5a7e035d5542997cc2c474f6,0.0,0,3,3,
0,0,10.697683095932007,0,5ade8ad95542992fa25da7b8,0.0,0,3,2,
0,0,11.37514615058899,0,5a793d335542994bb9456fca,0.25,1,3,4,
0,0,12.506959676742554,0,5ae1599155429901ffe4ae7b,0.0,0,3,1,
0,0,11.36933422088623,0,5ab2beba554299166977408f,0.0,0,3,3,
0,0,10.570178985595703,0,5ac3c0495542995ef918c215,0.0,0,3,5,
0,0.03571428571428572,10.267756700515747,0,5a8e2147554299068b959e67,0.3333333333333333,1,3,3,
0,0,10.31272268295288,0,5ab5a7f45542997d4ad1f1a5,0.0,0,3,5,
0,0,10.522906064987183,0,5ac2f6b8554299677310265f,1.0,1,3,1,
0,0,10.185159683227539,0,5a7509175542993748c897a3,0.0,0,3,4,
0,0,10.448155403137207,0,5abcce3355429965836004a5,0.0,0,3,3,
0,0,10.26660943031311,0,5add114a5542994734353826,0.0,0,3,2,
0,0,7.964066982269287,1,5a73595055429901807dafd6,,,,,
0,0,23.35896062850952,1,5ab5062f55429942dd415fd1,0.0,0,6,4,
0,0,11.375349998474121,0,5adcd9fe5542990d50227d46,0.0,0,3,3,
0,0,11.27796196937561,0,5a83c9e45542992ef85e2361,0.0,0,3,4,
0,0,11.319309711456299,0,5a8dbc8b554299441c6ba077,0.0,0,3,2,
0,0,11.270909786224365,0,5ab7209a554299110f219aba,0.0,0,3,3,
0,0,11.299780368804932,0,5ab809bb5542990e739ec7f9,0.0,0,3,5,
0,0,10.652543067932129,0,5ae765185542995703ce8c0f,0.3333333333333333,1,3,3,
0,0,10.62295651435852,0,5adfdef9554299025d62a36b,0.2,1,3,5,
0,0,12.19711685180664,0,5ab98e2b5542996be202054e,0.0,0,3,5,
0,0,10.355323314666748,0,5a8b058055429971feec4612,0.0,0,3,1,
0,0,11.341400623321533,0,5a8f64605542992414482aaa,0.0,0,3,2,
0,0,11.116941213607788,0,5a824e0b554299676cceb254,0.2857142857142857,2,3,7,
0,0,11.177157402038574,0,5a8b051255429971feec460e,0.0,0,3,3,
0,0,11.294261455535889,0,5ac235e355429951e9e684a2,0.0,0,3,4,
0,0,10.471665143966675,0,5ab32fc355429969a97a80fa,0.0,0,3,4,
0,0,11.298476219177246,0,5a8e8d665542995085b3744e,0.0,0,3,1,
0,0,11.394842147827148,0,5ac4f7e955429924173fb523,0.0,0,3,2,
0,0,11.23543643951416,0,5aba5c625542994dbf0198f2,0.0,0,3,5,
0,0,22.883586406707764,1,5a7a2dac5542990198eaf0b6,0.16666666666666666,1,6,6,
0,0,11.3934326171875,0,5ae26af3554299492dc91c1c,0.2,1,3,5,
0,0,11.238175630569458,0,5a7f5e0455429969796c1a12,0.0,0,3,3,
0,0,11.334015607833862,0,5ab73de755429928e1fe383b,0.0,0,3,5,
0,0,19.623997688293457,1,5a84afdc5542991dd0999d81,0.0,0,6,5,
0,0,11.483602523803711,0,5a7dc2185542990b8f503a7b,0.3333333333333333,2,3,6,
0,0,10.733329772949219,0,5ab48f245542990594ba9c66,0.0,0,3,9,
0,0,12.941351413726807,0,5a8f43795542997ba9cb3204,0.0,0,3,3,
0,0,11.129213571548462,0,5a875b755542996e4f308796,0.0,0,3,2,
0,0,21.793638467788696,1,5ab31fea554299194fa9356a,0.0,0,6,9,
0,0,10.479843616485596,0,5a7503945542996c70cfae76,0.0,0,3,4,
0,0,10.567752122879028,0,5ae60484554299546bf8301a,0.0,0,3,3,
0,0,23.15947151184082,1,5ae80f73554299540e5a5722,0.0,0,6,3,
0,0,11.323968410491943,0,5ab5df4c5542997d4ad1f218,0.0,0,3,2,
0,0,11.250904560089111,0,5ae165aa5542997b2ef7d1d1,0.0,0,3,6,
0,0,11.450742244720459,0,5a8b027e55429950cd6afc45,0.0,0,3,9,
0,0,11.326438665390015,0,5a7fd95d5542992e7d278dc5,0.0,0,3,2,
0,0,11.466174125671387,0,5a7a3bed5542996c55b2dd45,0.0,0,3,6,
0,0,11.264775037765503,0,5a83938c5542993344746049,0.2857142857142857,2,3,7,
0,0,11.307278633117676,0,5a7354e35542994cef4bc55b,0.0,0,3,6,
0,0,11.514042377471924,0,5a72644b5542997f8278399a,0.0,0,3,1,
0,0,9.982357740402222,0,5a7c5de155429935c91b5179,0.0,0,3,5,
0,0,11.943964719772339,0,5a73672b5542991f29ee2de7,0.0,0,3,5,
0,0,10.96926474571228,0,5ac4e07e5542996feb3fe95c,0.0,0,3,4,
0,0,13.355813980102539,0,5a8aad0d5542992d82986f55,0.0,0,3,3,
0,0,0.19650530815124512,0,5ac4db1d554299076e296e1a,,,,,
0,0,11.202343225479126,0,5a80b35c5542992bc0c4a7b8,0.0,0,3,5,
0,0,11.12928056716919,0,5ab2118055429970612095b8,0.0,0,3,2,
0,0,12.026635646820068,0,5adfba9555429942ec259b1e,0.0,0,3,4,
0,0,11.284871101379395,0,5a7b895c5542997c3ec97206,0.0,0,3,3,
0,0,11.457229137420654,0,5a72334755429971e9dc934c,0.0,0,3,4,
0,0,11.385922193527222,0,5ab720685542993667793f44,0.0,0,3,5,
0,0,11.331271648406982,0,5ab9339f554299131ca422bb,0.16666666666666666,1,3,6,
0,0,7.467392683029175,1,5ae2c509554299492dc91c68,0.0,0,3,8,
0,0,11.333960771560669,0,5a8341c255429954d2e2ec6e,0.0,0,3,5,
0,0,11.47006630897522,0,5a7f44a65542992e7d278cd7,0.0,0,3,3,
0,0,11.689841270446777,0,5a887293554299206df2b273,0.5,1,3,2,
0,0,22.251842260360718,1,5a74bdce55429929fddd84e1,0.5,1,6,2,
0,0.02061855670103093,11.311087369918823,0,5abd81ff5542993062266cb3,0.0,0,3,20,
0,0,36.960856914520264,2,5a7b4d765542995eb53be8fe,0.0,0,9,8,
0,0,8.30844259262085,1,5ade662155429975fa854ebd,0.0,0,3,4,
0,0,13.344258308410645,0,5ae629215542995703ce8b34,1.0,1,3,1,
0,0,11.270400285720825,0,5a89e0ec5542992e4fca8427,0.0,0,3,3,
0,0,11.369312763214111,0,5a90945755429933b8a2056c,0.5,1,3,2,
0,0,11.50255036354065,0,5a8335d95542993344745ff1,0.0,0,3,4,
0,0,11.38178300857544,0,5ac1a6a85542994ab5c67db6,0.0,0,3,6,
0,0,21.839196920394897,1,5a8b46925542995d1e6f133c,0.0,0,6,5,
0,0,11.45148229598999,0,5ae444b55542996836b02c63,0.0,0,3,3,
0,0,11.501657247543335,0,5a8ba45b554299240d9c2051,0.0,0,3,3,
0,0.04,11.360690593719482,0,5ac3adc35542995ef918c1e2,0.0,0,3,3,
0,0,11.575804233551025,0,5add74b95542992ae4cec56f,0.0,0,3,3,
0,0,77.37023997306824,4,5ab6b6fd5542995eadef006b,0.0,0,15,5,
0,0,16.321488618850708,0,5ae3e1e95542994393b9e78b,0.0,0,3,2,
0,0,16.474592447280884,0,5abc87a8554299114383a13e,0.0,0,3,2,
0,0,42.039247274398804,1,5a7ba4765542995eb53be976,0.0,0,6,10,
0,0,15.885962724685669,0,5a7b1a82554299042af8f6cf,0.25,1,3,4,
0,0.01606425702811245,15.80889344215393,0,5ae37e6e5542992f92d822e0,0.0,0,3,3,
0,0,15.903602600097656,0,5ae7ae9a5542993210983ef2,0.0,0,3,3,
0,0,29.569284439086914,1,5ac082535542992a796ded2f,1.0,2,6,2,
0,0,30.972710132598877,1,5add6f975542992200553b18,0.0,0,6,4,
0,0,15.68172574043274,0,5a88d6df554299206df2b377,0.0,0,3,4,
0,0,16.31524968147278,0,5ab2909a5542993be8fa994f,0.0,0,3,2,
0,0,15.73705768585205,0,5ae083b75542993d6555eb85,0.0,0,3,2,
0,0,15.501708507537842,0,5ae6dd745542996d980e7ca0,0.5,1,3,2,
0,0,15.626270055770874,0,5a8dacf2554299068b959d91,0.0,0,3,7,
0,0,15.823209285736084,0,5adcfdc555429947343537f4,0.0,0,3,5,
0,0,15.55304741859436,0,5a7a616355429941d65f25f7,0.16666666666666666,1,3,6,
0,0,35.89076638221741,1,5a7ce7b755429909bec76872,0.0,0,6,5,
0,0,15.606480836868286,0,5a8dd9d25542995a26add420,0.0,0,3,3,
0,0,17.54590892791748,0,5ac4f12d55429924173fb4f6,0.0,0,3,1,
0,0,15.641947269439697,0,5a8ad59355429950cd6afba4,0.0,0,3,5,
0,0,15.687554121017456,0,5ae1b53b5542997283cd2255,0.0,0,3,4,
0,0.008403361344537816,15.512014627456665,0,5ae526c455429908b6326529,0.0,0,3,6,
0,0,15.178711891174316,0,5a7e32905542991319bc943b,0.0,0,3,3,
0,0,12.109174013137817,0,5ae8202255429952e35eaa3a,0.0,0,3,5,
0,0,12.193936347961426,0,5a81df7d55429926c1cdadaa,1.0,1,3,1,
0,0.008438818565400845,12.351572036743164,0,5ac372195542995ef918c194,0.25,1,3,4,
0,0,12.186409950256348,0,5a7133fa5542994082a3e660,0.3333333333333333,1,3,3,
0,0,12.387504577636719,0,5ae61ac355429929b0807ac6,0.0,0,3,2,
0,0,12.297379732131958,0,5a78c69e55429974737f787c,0.0,0,3,8,
0,0,12.223966836929321,0,5a8b86645542997f31a41d62,0.3333333333333333,1,3,3,
0,0,12.67586898803711,0,5a807b44554299485f59860a,0.0,0,3,3,
0,0,25.29242515563965,1,5ae3ffba5542995dadf242b2,0.0,0,6,3,
0,0,12.949608325958252,0,5ae0111e55429906c02daabc,0.125,1,3,8,
0,0,13.083778381347656,0,5a777fd655429949eeb29e93,0.0,0,3,5,
0,0,16.32893991470337,0,5ae70f4c5542991bbc9761b2,0.0,0,3,4,
0,0.007117437722419928,12.941967010498047,0,5addc7e35542997545bbbdbe,0.0,0,3,3,
0,0,14.721379518508911,0,5ae73ddb554299572ea5478d,0.0,0,3,2,
0,0.007067137809187278,12.881080150604248,0,5a7c22bb554299683c1c62d3,0.0,0,3,1,
0,0,13.011216878890991,0,5a74e9c255429974ef308c93,0.0,0,3,1,
0,0,13.057360410690308,0,5a8dde01554299653c1aa159,0.0,0,3,4,
0,0,25.210010528564453,1,5abce1af554299114383a178,0.0,0,6,2,
0,0,13.578989505767822,0,5a8257fa55429940e5e1a866,0.0,0,3,3,
0,0,11.67320966720581,0,5a72830e5542994cef4bc2f9,0.0,0,3,5,
0,0,11.293284177780151,0,5a8de5d55542995085b3734d,0.2,1,3,5,
0,0,11.647392272949219,0,5ade895955429975fa854ef5,0.0,0,3,5,
0,0,11.552739143371582,0,5a7ecae055429934daa2fc6a,0.0,0,3,3,
0,0,4.1925647258758545,1,5adfa12c554299025d62a301,0.0,0,3,5,
0,0,0.440610408782959,0,5ae5bcbd55429960a22e0324,,,,,
0,0,13.915302515029907,0,5a899f4955429946c8d6e971,0.1111111111111111,1,3,9,
0,0,11.98058795928955,0,5ae14def55429901ffe4ae4a,0.0,0,3,3,
0,0,11.722394227981567,0,5adf21bc5542993344016bf4,0.05555555555555555,1,3,18,
0,0,11.549843788146973,0,5a77e9c055429949eeb29fa6,0.0,0,3,4,
0,0.00865800865800866,11.557213544845581,0,5ac19eb35542994ab5c67da3,0.0,0,3,4,
0,0.008771929824561405,11.734514236450195,0,5a7f89c75542994857a76775,0.25,1,3,4,
0,0,11.775592565536499,0,5ab6a3a3554299710c8d1f0d,0.0,0,3,7,
0,0,13.331212043762207,0,5ac3295d5542995ef918c14d,0.0,0,3,2,
0,0,11.143749952316284,0,5add6b595542992200553b0c,0.0,0,3,2,
0,0.009009009009009009,22.568081378936768,1,5ae212c9554299495565d9de,0.0,0,6,5,
,,,,5adcf20f5542994ed6169c2c,,,,,Ollama request exceeded timeout limit for model stable-qwen with error: timed out
0,0,11.446414470672607,0,5ae2ff2055429928c4239598,0.0,0,3,2,
0,0,11.80741024017334,0,5ac55e835542993e66e82375,0.0,0,3,4,
0,0,11.486065149307251,0,5a7b9f1f554299294a54aa2a,0.0,0,3,1,
0,0,11.325064659118652,0,5ab596d95542992aa134a371,0.0,0,3,10,
,,,,5adf32165542993344016c15,,,,,Ollama request exceeded timeout limit for model stable-qwen with error: timed out
0,0,128.669260263443,0,5ae20427554299234fd04397,0.14285714285714285,1,3,7,
0,0,258.7026605606079,0,5a7fa48c5542994857a7679a,0.3333333333333333,1,3,3,
0,0,322.880259513855,0,5ab677e2554299110f219a13,0.0,0,3,4,
0,0,262.9853708744049,0,5a7d2b535542995f4f402224,0.5,1,3,2,
0,0,414.1269860267639,0,5ae720e9554299572ea54715,0.0,0,3,3,
0,0,104.71565771102905,0,5a8393665542990548d0b1ea,1.0,2,3,2,
0,0,112.00373458862305,0,5a84c01e5542991dd0999dd6,0.0,0,3,7,
0,0,78.83451080322266,0,5abca6375542993a06baf946,0.5,1,3,2,
0,0,218.8034224510193,5,5ae7f41c5542997ec2727701,0.0,0,18,2,
0,0,14.851794719696045,1,5ac4fbe255429924173fb53b,0.25,1,6,4,
0,0,45.88373875617981,5,5a7744e45542993569682d37,0.0,0,18,3,
0,0,47.929160833358765,5,5ae455d45542996836b02c7b,0.0,0,18,1,
0,0,48.813045263290405,5,5a8f13d55542997ba9cb31c9,0.25,1,18,4,
0,0,37.36097049713135,3,5ab809195542991d3222380f,0.0,0,12,5,
0,0,45.807838916778564,5,5a8ee7c95542990e94052bb1,0.0,0,18,3,
0,0,15.278489112854004,1,5abea7c25542990832d3a068,0.6666666666666666,2,6,3,
0,0,5.758389472961426,0,5a7172105542994082a3e837,0.0,0,3,4,
0,0.09090909090909091,5.9754743576049805,0,5ac3c264554299204fd21e37,0.0,0,3,2,
0,0,11.669645309448242,1,5a7542425542996c70cfaecc,0.0,0,6,3,
0,0,5.857358932495117,0,5a8e4e7855429917b4a5bd92,0.0,0,3,5,
0,0,5.842596769332886,0,5ade89d855429975fa854ef7,0.0,0,3,2,
0,0,6.049711465835571,0,5a7636fb55429976ec32bd79,0.0,0,3,3,
0,0,5.88121771812439,0,5adc0d2955429947ff1738e6,0.0,0,3,4,
0,0,5.968642950057983,0,5a81d1f0554299676cceb0ee,0.125,1,3,8,
0,0,5.979772567749023,0,5adfa22655429942ec259ac4,0.0,0,3,7,
0,0,5.982784032821655,0,5abaa32655429955dce3eeaa,0.0,0,3,4,
0,0,46.62181377410889,5,5ac4f04e5542995c82c4ad81,0.0,0,18,6,
0,0,48.82183814048767,5,5ab2d65e554299545a2cfabe,0.3333333333333333,1,18,3,
0,0.01834862385321101,49.14185619354248,5,5ab6c1da554299710c8d1f4c,0.0,0,18,3,
0,0,48.601664781570435,5,5a76c98855429972597f13d0,0.0,0,18,8,
0,0.014492753623188406,54.8580117225647,5,5ae537895542990ba0bbb234,0.0,0,18,6,
,,,,5abc00ff5542993f40c73c41,,,,,Ollama request exceeded timeout limit for model stable-qwen with error: timed out
0,0,27.671715021133423,2,5adcf48e5542992c1e3a24d4,0.0,0,9,1,
0,0,49.32857847213745,5,5ae2d59755429928c42394ec,0.0,0,18,2,
0,0,49.17111873626709,5,5a8ac87d55429970aeb7031d,0.1111111111111111,1,18,9,
,,,,5adf123f5542995ec70e8f63,,,,,Ollama request exceeded timeout limit for model stable-qwen with error: timed out
0,0,58.03592872619629,5,5a8d8abf5542994ba4e3dca1,1.2,6,18,5,
0,0,56.29433250427246,5,5ae4988655429970de88d9c1,0.3333333333333333,1,18,3,
0,0.012578616352201257,50.64076280593872,5,5aba9db7554299232ef4a361,0.0,0,18,4,
0,0,50.56547236442566,5,5a83c9445542992ef85e2360,1.0,2,18,2,
0,0,52.04482126235962,5,5ae56a3f5542992663a4f1f4,0.0,0,18,3,
0,0,51.655539989471436,5,5adf5e285542992d7e9f9323,0.0,0,18,5,
0,0,50.640026807785034,5,5a839cb9554299123d8c2169,0.0,0,18,8,
0,0,53.28498816490173,5,5ae04a2755429924de1b7091,0.0,0,18,7,
0,0,48.72605919837952,5,5a859a0c5542992a431d1b69,0.0,0,18,4,
0,0,50.13604664802551,5,5ade02d05542997545bbbe0d,0.0,0,18,5,
0,0,48.94463038444519,5,5abd001d5542993a06baf9f2,0.5,2,18,4,
0,0,49.18219351768494,5,5ae5a3bb55429960a22e0314,0.0,0,18,1,
0,0,44.93990135192871,5,5a86ec9f55429960ec39b6d7,0.0,0,18,1,
0,0,6.085291385650635,0,5a8ee3a755429917b4a5be02,0.0,0,3,3,
0,0,6.190393686294556,0,5a74397055429974ef308bbe,0.0,0,3,10,
0,0,6.110625743865967,0,5a82360055429903bc27ba46,0.0,0,3,5,
0,0,7.77750301361084,0,5ab94bc2554299743d22eacf,0.1111111111111111,1,3,9,
0,0,5.922503471374512,0,5ac131575542994d76dccdb6,0.0,0,3,1,
0,0,5.928993225097656,0,5a75a76b5542992db9473697,0.25,1,3,4,
0,0,6.065393447875977,0,5adc2ae5554299438c868d64,0.0,0,3,2,
0,0,12.199259281158447,1,5ab52bd1554299637185c4ee,0.0,0,6,4,
0,0,5.981710433959961,0,5abd2af955429933744ab74b,0.0,0,3,2,
0,0,5.977236747741699,0,5a7bcd68554299294a54aaf0,0.0,0,3,1,
0,0,6.135916233062744,0,5a8cefc155429941ae14df55,0.0,0,3,6,
0,0,5.960231304168701,0,5a76334c5542994ccc918710,0.0,0,3,14,
0,0,6.172692060470581,0,5a8c5d3f554299585d9e3675,0.0,0,3,6,
0,0,6.055934429168701,0,5ae02b6c55429924de1b7044,0.0,0,3,1,
0,0,6.045658111572266,0,5a88982155429938390d3f81,0.0,0,3,5,
0,0,6.18442440032959,0,5ade3b925542992fa25da70a,0.0,0,3,2,
0,0,6.0672852993011475,0,5ac23f98554299636651994b,0.5,1,3,2,
0,0,6.2263569831848145,0,5a7cfb2755429907fabef084,0.0,0,3,6,
0,0,5.986316680908203,0,5ae471fa55429970de88d965,0.0,0,3,4,
0,0,6.106526851654053,0,5abec66b5542997ec76fd360,1.0,1,3,1,
0,0,7.7068445682525635,0,5a8e5a635542990e94052ae4,0.0,0,3,6,
0,0,5.936993837356567,0,5a80db5055429938b6142218,0.2,1,3,5,
0,0,6.086846590042114,0,5ac308135542990b17b154f4,0.0,0,3,9,
0,0,14.488902568817139,1,5add3aaa5542992ae4cec500,0.0,0,6,2,
0,0,5.929621458053589,0,5a7622d75542994ccc9186f1,0.0,0,3,3,
0,0,6.043984889984131,0,5a8f03855542997ba9cb3186,0.0,0,3,3,
0,0,6.0705718994140625,0,5a74be7a55429929fddd84e4,0.6666666666666666,2,3,3,
0,0,6.013888597488403,0,5abd580855429924427fcfb8,0.25,1,3,4,
0,0,6.128413677215576,0,5a88940055429938390d3f7b,0.0,0,3,5,
0,0,6.029047012329102,0,5a7bacf35542997c3ec9724b,0.25,1,3,4,
0,0.02105263157894737,21.19907259941101,2,5ab93781554299131ca422c7,0.0,0,9,4,
0,0,7.647738933563232,0,5a87100655429960ec39b71e,0.5,1,3,2,
0,0,49.96584177017212,5,5a80abd15542996402f6a5e0,0.0,0,18,2,
0,0,48.67845153808594,5,5a7ca55b55429907fabeefe0,0.0,0,18,8,
0,0,48.11747336387634,5,5a8cc602554299653c1aa11a,0.0,0,18,2,
0,0.043478260869565216,51.50121879577637,5,5ab941c2554299743d22ea88,0.0,0,18,4,
0,0,30.280019998550415,3,5add47bf5542992200553a7f,0.0,0,12,6,
0,0,7.480402708053589,0,5abd13b655429924427fceea,0.0,0,3,8,
0,0,7.432757139205933,0,5abffa095542990832d3a1de,0.0,0,3,6,
0,0.02150537634408602,7.457869052886963,0,5a7c02c45542996dd594b880,0.0,0,3,1,
0,0,7.39245343208313,0,5a74512b55429974ef308bd5,0.0,0,3,6,
0,0,7.5324060916900635,0,5ae7c2dc5542994a481bbdd3,0.0,0,3,10,
0,0,7.489536762237549,0,5ae22895554299495565da0c,0.0,0,3,2,
0,0,7.236926794052124,0,5aba67c255429955dce3ee10,0.0,0,3,4,
0,0,26.220954179763794,2,5ae1fd8a5542994d89d5b2ee,0.0,0,9,4,
0,0,9.013384342193604,0,5a8a6b625542996c9b8d5ed9,0.0,0,3,4,
0,0,9.064281463623047,0,5a90b2175542990a984936ae,0.0,0,3,1,
0,0,9.097831010818481,0,5ae14cf05542990adbacf742,0.0,0,3,5,
0,0,19.71777892112732,1,5add23d05542994734353871,0.0,0,6,4,
0,0,9.919743537902832,0,5a7f1ad155429934daa2fce2,0.0,0,3,6,
0,0,10.012612342834473,0,5a7fb90655429969796c1b34,0.0,0,3,2,
0,0,9.954840421676636,0,5ab531e55542990594ba9d24,0.0,0,3,4,
0,0,17.550984621047974,1,5a886b7555429938390d3f4d,0.0,0,6,4,
0,0,9.306861877441406,0,5abee4ff5542993fe9a41d7d,0.0,0,3,4,
0,0,9.530316829681396,0,5adbfffb5542994650320c39,0.25,1,3,4,
0,0,9.36414361000061,0,5a7b63eb55429931da12ca7e,0.0,0,3,2,
0,0,9.411740064620972,0,5ab3abe9554299753aec597e,0.3333333333333333,1,3,3,
0,0,9.39054536819458,0,5a87144155429960ec39b72b,0.0,0,3,7,
0,0,9.585618495941162,0,5ae497595542995ad6573db7,0.3333333333333333,1,3,3,
0,0.012195121951219511,9.490640640258789,0,5a72a47d55429901807daf1f,0.0,0,3,5,
0,0,8.139349222183228,0,5ac05e035542992a796decf7,0.0,0,3,4,
0,0,9.501333713531494,0,5ac1725c5542994d76dcce2c,0.0,0,3,6,
0,0,9.360484838485718,0,5adec4695542992fa25da83a,0.0,0,3,5,
0,0,9.56593942642212,0,5a8a32d65542992d82986ef4,0.0,0,3,2,
0,0,9.25302004814148,0,5a846c005542990548d0b2b3,0.5,1,3,2,
0,0,9.355588436126709,0,5a7dbb295542990b8f503a4b,0.0,0,3,6,
0,0,11.041427850723267,0,5abb8a9b5542996cc5e4a016,0.0,0,3,2,
0,0,9.16143536567688,0,5a7df1095542990b8f503afe,0.0,0,3,2,
0,0,9.265637636184692,0,5ae5086d55429908b63264eb,0.0,0,3,2,
0,0,9.325006008148193,0,5ae48aff5542996836b02cce,0.2,1,3,5,
0,0,9.315043687820435,0,5a7ca95b55429935c91b5287,0.0,0,3,1,
0,0.01282051282051282,9.106574773788452,0,5a8b465855429949d91db522,0.0,0,3,5,
0,0,17.10260796546936,1,5ae7a2e255429952e35ea99e,0.0,0,6,6,
0,0,9.097577333450317,0,5ab250b9554299722f9b4cd9,0.0,0,3,4,
0,0.01282051282051282,9.07489824295044,0,5add3fe05542992c1e3a2580,0.0,0,3,11,
0,0,9.27197527885437,0,5a8bd2965542997f31a41dd1,0.0,0,3,2,
0,0,9.108317852020264,0,5a87b6215542996e4f3088d6,0.0,0,3,2,
0,0,9.466560125350952,0,5a81b2505542995ce29dcc32,0.0,0,3,3,
0,0,9.08241605758667,0,5a7cce4b554299683c1c6388,0.0,0,3,5,
0,0,9.087118864059448,0,5ac2cb09554299657fa29066,0.0,0,3,3,
0,0,9.26871371269226,0,5ab3acc5554299233954ff7e,0.0,0,3,2,
0,0,9.019871234893799,0,5a7c465a5542990527d5547f,0.4,2,3,5,
0,0,9.426337480545044,0,5ac3a0b25542993915413838,0.25,2,3,8,
0,0,9.116238832473755,0,5ac3ba0455429939154138f2,0.0,0,3,2,
0,0,10.905364990234375,0,5ab1d6545542997061209588,0.0,0,3,3,
0,0,9.046744108200073,0,5abc23c45542993a06baf896,0.125,1,3,8,
0,0.012578616352201257,9.098962783813477,0,5a7b3fc155429931da12ca3a,0.0,0,3,7,
0,0,9.19754672050476,0,5adc8cb45542994d58a2f651,0.0,0,3,4,
0,0,9.137188196182251,0,5a82930655429966c78a6a5e,0.3333333333333333,2,3,6,
0,0,9.179349899291992,0,5ae09ea05542993d6555ebc1,0.0,0,3,4,
0,0,9.313107013702393,0,5a85ecf25542991dd0999ec6,0.5,1,3,2,
0,0,9.349493741989136,0,5ab572ff5542992aa134a31b,0.0,0,3,4,
0,0,9.692532777786255,0,5a8e16a5554299068b959e58,0.0,0,3,3,
0,0,8.968328952789307,0,5a71380c5542994082a3e68b,0.0,0,3,3,
0,0,9.24071216583252,0,5ae794215542997ec27276a8,0.0,0,3,3,
0,0,9.340650796890259,0,5adc3d7455429944faac248a,0.0,0,3,6,
0,0,9.211933374404907,0,5a75e3845542994ccc91864e,0.0,0,3,5,
0,0,9.032721757888794,0,5a794119554299029c4b5f3c,0.0,0,3,4,
0,0,9.39725661277771,0,5abe250f5542991f661060ef,0.0,0,3,4,
0,0,9.641998291015625,0,5a84cb255542991dd0999dfa,0.25,1,3,4,
0,0,9.496580839157104,0,5a881cbb55429938390d3ee7,0.0,0,3,4,
0,0,4.426122665405273,1,5a80b9df5542992bc0c4a7ec,0.0,0,3,5,
0,0.08,0.5850780010223389,0,5a8c62f5554299585d9e367b,,,,,
0,0,9.016581773757935,0,5a74a62b55429916b01641a0,0.0,0,3,7,
0,0,10.845745325088501,0,5ab463da5542990594ba9c0d,0.0,0,3,2,
0,0,20.940164804458618,1,5ae7b40e5542994a481bbdbd,0.0,0,6,4,
0,0,9.472414016723633,0,5a8601f855429960ec39b5fd,0.25,1,3,4,
0,0,9.288926362991333,0,5ae8167b55429952e35eaa06,0.0,0,3,2,
0,0,9.513502359390259,0,5adddce05542992200553b70,0.0,0,3,4,
0,0,9.302750587463379,0,5a8e494e5542995a26add4c8,1.0,2,3,2,
0,0,9.336391925811768,0,5a8d9de2554299068b959d62,0.0,0,3,5,
0,0,9.467183589935303,0,5a7e6f295542991319bc94b1,0.25,1,3,4,
0,0.012422360248447206,9.365638971328735,0,5ae3992d5542994393b9e722,0.3333333333333333,1,3,3,
0,0,9.443568468093872,0,5ac406c155429919431738fc,0.0,0,3,1,
0,0,9.386062145233154,0,5ab1e97f554299340b525427,0.0,0,3,4,
0,0,9.340881586074829,0,5a8b05c855429949d91db46a,0.75,3,3,4,
0,0,9.494300842285156,0,5ae3263455429928c4239634,0.5,2,3,4,
0,0,9.428937196731567,0,5ac249f55542992f1f2b3831,0.0,0,3,5,
0,0,9.485866069793701,0,5a9058e655429916514e747e,0.0,0,3,2,
0,0,9.412258863449097,0,5ac371aa5542995ef918c191,0.5,1,3,2,
0,0,9.48633623123169,0,5ac0f7df554299012d1db667,0.25,1,3,4,
0,0,11.06467342376709,0,5ade1ddf55429939a52fe827,0.0,0,3,2,
0,0,8.986490964889526,0,5ab9d7e4554299232ef4a21f,0.5,1,3,2,
0,0,9.384742021560669,0,5ab9180b5542991b5579f0f3,0.5,1,3,2,
0,0,9.243047952651978,0,5ab85f555542992aa3b8c8ca,0.0,0,3,5,
0,0,9.472122192382812,0,5a77727555429972597f1540,0.0,0,3,5,
0,0,9.338096857070923,0,5ab674ee5542995eadeefff2,0.0,0,3,2,
0,0,9.323405504226685,0,5a838a3d554299123d8c215d,0.5,1,3,2,
0,0,9.754223585128784,0,5a8be7735542997f31a41df2,0.0,0,3,9,
0,0,9.303957223892212,0,5a7b55375542995eb53be91f,0.0,0,3,8,
,,,,5a8297c055429954d2e2eb71,,,,,Ollama request exceeded timeout limit for model stable-qwen with error: timed out
0,0,9.439674377441406,0,5a8af11a55429950cd6afc21,0.0,0,3,5,
0,0,9.645126581192017,0,5a74879255429974ef308c1d,0.0,0,3,7,
0,0.012269938650306747,9.488508224487305,0,5a84d2ea5542992a431d1aa8,0.0,0,3,1,
0,0,9.443820714950562,0,5ab913205542991b5579f0e0,0.0,0,3,3,
0,0,9.487961053848267,0,5adc85b855429944faac24e9,0.0,0,3,2,
0,0,4.131360769271851,1,5abe79c755429976d4830b2a,0.0,0,3,10,
0,0,17.785324811935425,1,5a8f541e5542992414482a53,0.0,0,6,6,
0,0.015384615384615385,8.423972845077515,0,5a71148b5542994082a3e567,0.0,0,3,3,
0,0,0.3942899703979492,0,5ae33f9a5542990afbd1e0f1,,,,,
0,0,10.353949785232544,0,5abbe40555429931dba145cd,0.0,0,3,3,
0,0,8.833210945129395,0,5a8756f25542994775f607dc,0.0,0,3,3,
0,0.014925373134328356,8.732146263122559,0,5ae1c2d8554299234fd042ee,0.0,0,3,1,
0,0,8.58071255683899,0,5adc83c65542994d58a2f623,0.0,0,3,5,
0,0,8.772337436676025,0,5ae72ca35542991e8301cb92,0.0,0,3,13,
0,0,8.629133939743042,0,5a8af92c55429950cd6afc33,0.0,0,3,8,
0,0,8.630624055862427,0,5abfa2255542993fe9a41e18,0.0,0,3,2,
0,0,8.769330263137817,0,5abafb6d5542992ccd8e7e92,0.0,0,3,5,
0,0,8.650046110153198,0,5a8340fd55429954d2e2ec6b,0.0,0,3,2,
0,0,8.803507089614868,0,5a7b493855429931da12ca58,0.0,0,3,2,
0,0,8.874881982803345,0,5adfd01f55429925eb1afa9f,0.0,0,3,1,
0,0,8.631996393203735,0,5ae5fd395542996de7b71ab3,0.5,1,3,2,
0,0,8.723523378372192,0,5ae17f1e5542990adbacf7a6,0.0,0,3,5,
0,0,8.581076622009277,0,5ae222ec5542996483e648ff,0.0,0,3,5,
0,0,4.322455883026123,1,5ab5d2fe554299488d4d9a3e,0.0,0,3,3,
0,0,8.604244947433472,0,5a864d9e5542994775f6073d,0.0,0,3,3,
0,0,8.813986539840698,0,5abd920e55429924427fd05d,0.0,0,3,2,
0,0,8.745253086090088,0,5ae07c6255429924de1b70d6,0.0,0,3,6,
0,0,9.236571788787842,0,5abbe188554299642a094ba0,0.0,0,3,4,
0,0,10.400145292282104,0,5adf3a0d5542992d7e9f92e8,0.3333333333333333,1,3,3,
0,0,8.5365731716156,0,5a7d1bf65542995ed0d165f0,0.0,0,3,3,
0,0,8.640039682388306,0,5ab7268b5542992aa3b8c7b1,0.0,0,3,3,
0,0,8.522151470184326,0,5ae4ebeb55429908b63264bb,0.0,0,3,2,
0,0,9.38107180595398,0,5a714bb35542994082a3e78f,0.0,0,3,4,
0,0,8.722387313842773,0,5a836a2d554299334474600f,0.0,0,3,5,
0,0,8.65705156326294,0,5ae1d1995542997283cd226c,0.3333333333333333,1,3,3,
0,0,9.167456150054932,0,5ab965f25542996be20204c3,0.0,0,3,3,
0,0,8.648600339889526,0,5a80f499554299260e20a1d9,0.0,0,3,3,
0,0,9.093017578125,0,5adcf3e35542994ed6169c3a,0.0,0,3,4,
0,0,8.66737985610962,0,5adf92f15542995534e8c7f3,0.0,0,3,5,
0,0,4.643392086029053,1,5a74e6e855429974ef308c8e,0.0,0,3,2,
0,0,8.77063512802124,0,5adbd60855429944faac2377,0.0,0,3,9,
0,0,8.673932552337646,0,5a7c99705542990527d554de,0.0,0,3,6,
0,0,8.667346239089966,0,5ae3fcfc5542995dadf2428c,0.0,0,3,1,
0,0,8.733844995498657,0,5ab9618f554299743d22eb28,0.0,0,3,6,
0,0,88.23124718666077,2,5adf53dc5542995534e8c791,0.3333333333333333,1,9,3,
0,0,11.697566270828247,0,5adfecf0554299603e4183c3,0.2857142857142857,2,3,7,
0,0,8.931175231933594,0,5a8662b955429960ec39b687,0.0,0,3,3,
0,0,9.16927456855774,0,5a8f8e4d55429918e830d260,0.0,0,3,2,
0,0,8.884888410568237,0,5a8d08ee55429941ae14df70,0.3333333333333333,1,3,3,
0,0,8.841546297073364,0,5ae72e5d5542991e8301cba8,0.0,0,3,7,
0,0,9.004909753799438,0,5ae2979a554299495565dade,0.5,1,3,2,
0,0,9.073951244354248,0,5ae764a85542997b22f6a720,0.0,0,3,4,
0,0,8.993484258651733,0,5a8510a25542994c784ddaf0,0.0,0,3,4,
0,0,52.68420600891113,5,5a7600275542994ccc91867a,0.0,0,18,4,
0,0,45.065465211868286,5,5ae0ee2c5542993d6555eca3,0.4,2,18,5,
0,0,42.46816539764404,5,5adccaca5542994d58a2f6d5,0.0,0,18,4,
0,0,43.37983679771423,5,5a88a35c554299206df2b316,0.0,0,18,4,
0,0,35.28061771392822,4,5a8367c1554299334474600e,0.0,0,15,5,
0,0,6.304333209991455,0,5ae1f17e554299234fd04349,0.3333333333333333,1,3,3,
0,0,21.971267461776733,2,5a8889405542997e5c09a5f9,0.14285714285714285,1,9,7,
0,0,6.50999116897583,0,5a71224f5542994082a3e5c1,0.0,0,3,2,
0,0,6.334562301635742,0,5ab7e3c45542995dae37e9db,0.6666666666666666,2,3,3,
0,0,6.43140983581543,0,5a8c8f24554299653c1aa0ba,0.0,0,3,3,
0,0,6.300581216812134,0,5ae73eca5542991e8301cc37,0.0,0,3,6,
0,0,6.2724995613098145,0,5ab285d1554299449642c8dd,0.5,1,3,2,
0,0,6.428429365158081,0,5ac11a8d5542992a796dedee,0.0,0,3,6,
0,0,6.331016778945923,0,5a81b4cc5542995ce29dcc3c,0.0,0,3,2,
0,0,6.483805418014526,0,5ae142c455429920d5234355,0.2,1,3,5,
0,0,6.392059087753296,0,5a8651185542994775f60752,0.0,0,3,2,
0,0,6.456655740737915,0,5ae80d25554299540e5a5709,0.0,0,3,1,
0,0,6.2887327671051025,0,5abbd12b55429931dba14577,0.0,0,3,2,
0,0,6.351614713668823,0,5ac1218c55429964131be15c,0.0,0,3,4,
0,0.0392156862745098,6.433495998382568,0,5adf1c3f5542993a75d263ec,0.0,0,3,2,
0,0,6.369131326675415,0,5ade03da5542997dc7907120,0.25,1,3,4,
0,0,43.53423047065735,5,5ae55e6855429960a22e02d0,0.0,0,18,5,
0,0,21.111846208572388,2,5a7b177b55429927d897bf35,0.0,0,9,4,
0,0,6.265050649642944,0,5ab67f4c55429953192ad2d9,0.0,0,3,3,
0,0,6.478321313858032,0,5a8db9b3554299068b959dde,1.0,1,3,1,
0,0,6.292673110961914,0,5a88f0d455429946c8d6e8dc,0.0,0,3,3,
0,0,6.365118741989136,0,5ae336495542990afbd1e0e1,0.3333333333333333,1,3,3,
0,0,6.2459423542022705,0,5adc2f53554299438c868d6d,0.0,0,3,7,
0,0,6.282885551452637,0,5ac24cea55429951e9e6853a,0.0,0,3,4,
0,0,6.4040446281433105,0,5ab600fb554299488d4d9a82,0.25,1,3,4,
0,0,6.353217124938965,0,5a8c6d4e5542996e8ac88aa6,0.0,0,3,2,
0,0,6.572359561920166,0,5ac005a15542997719eab6fc,0.0,0,3,4,
0,0,6.349604606628418,0,5abdc74755429965af743e36,0.0,0,3,4,
0,0,6.536773681640625,0,5a8e06785542995085b37383,0.0,0,3,3,
0,0,7.984252691268921,0,5a8bf0835542995d1e6f146b,0.0,0,3,6,
0,0,6.18671178817749,0,5a8f25ed5542997ba9cb31f0,0.0,0,3,8,
0,0,6.34398889541626,0,5a8e024f5542995085b37375,0.0,0,3,8,
0,0,6.293819427490234,0,5a8b14125542992d82986fd5,0.2,1,3,5,
0,0,6.386974096298218,0,5aba6d0f55429955dce3ee19,0.0,0,3,5,
0,0,6.419145345687866,0,5ab71b5c5542991d3222377e,0.0,0,3,2,
0,0,6.466765880584717,0,5a8e0dbd554299068b959e3e,0.4,2,3,5,
0,0.07407407407407408,7.531362771987915,0,5ae356045542990afbd1e10d,0.16666666666666666,1,3,6,
0,0,9.602022171020508,0,5ae075455542993d6555eb59,0.0,0,3,3,
0,0,7.696565628051758,1,5a90503755429916514e7470,0.0,0,3,8,
0,0,9.545813083648682,0,5a75377c55429929fddd8514,0.0,0,3,4,
0,0,9.750419616699219,0,5a7eec6f55429934daa2fc7c,0.0,0,3,8,
0,0,9.617107391357422,0,5a77863555429949eeb29ec6,0.0,0,3,2,
0,0,9.610279560089111,0,5ab6e8e6554299710c8d1faf,0.0,0,3,5,
0,0,9.75508165359497,0,5a7d47da5542990b8f503975,0.0,0,3,8,
0,0,9.678600788116455,0,5abced075542993a06baf9ac,0.0,0,3,5,
0,0,9.697622537612915,0,5a71646e5542994082a3e80e,0.0,0,3,4,
0,0,9.60022258758545,0,5abd9b5255429924427fd06a,0.3333333333333333,1,3,3,
0,0,9.634342670440674,0,5ac017f4554299012d1db5a2,0.0,0,3,5,
0,0,11.358530521392822,0,5ae791cf55429952e35ea978,0.0,0,3,3,
0,0,9.48929238319397,0,5ae612f3554299546bf83065,0.0,0,3,3,
0,0,9.58346438407898,0,5a84eecd5542994c784dda8e,0.3333333333333333,1,3,3,
0,0,19.733855724334717,1,5a7eb22655429930675135cb,0.0,0,6,6,
0,0,9.555842399597168,0,5a7f6f4b5542994857a76740,0.0,0,3,4,
0,0,9.607027769088745,0,5aba5e2555429955dce3edf1,0.0,0,3,3,
0,0.0425531914893617,9.688233137130737,0,5ae4eb9255429908b63264ba,0.0,0,3,3,
0,0,9.861307859420776,0,5ab8ffc655429934fafe6e30,0.0,0,3,6,
0,0,9.74596619606018,0,5ac05c245542992a796dece5,0.0,0,3,5,
0,0,9.678717851638794,0,5a8c03415542995e66a4752a,0.5,2,3,4,
0,0,9.61512541770935,0,5adf715b5542992d7e9f9354,0.0,0,3,3,
0,0,9.77457332611084,0,5a73520c5542994cef4bc53f,0.3333333333333333,1,3,3,
0,0.03846153846153846,9.597145557403564,0,5addb0335542995b365fab5e,0.0,0,3,5,
0,0.047619047619047616,9.686442136764526,0,5a8b6eba55429950cd6afcfc,0.3333333333333333,1,3,3,
0,0,18.867061853408813,1,5a89e3995542992e4fca844d,0.2857142857142857,2,6,7,
0,0,9.623803615570068,0,5a7ce444554299683c1c63c1,0.0,0,3,5,
0,0,66.5834891796112,5,5a8af56855429950cd6afc2f,0.5,1,18,2,
0,0,7.533902406692505,1,5a882ffb5542994846c1ce0d,0.0,0,3,12,
,,,,5ac3b4e0554299741d48a2ec,,,,,Ollama request exceeded timeout limit for model stable-qwen with error: timed out
0,0,65.13594770431519,5,5ac0223f5542992a796dec9f,0.25,1,18,4,
0,0.02777777777777778,64.82967519760132,5,5ab4f8c95542990594ba9cbb,0.0,0,18,4,
0,0,60.93201994895935,5,5a776cfa5542993735360274,0.0,0,18,4,
0,0,9.344322443008423,0,5ae824295542997ec272772f,0.0,0,3,4,
0,0,9.26016354560852,0,5a7561495542992db947364e,0.0,0,3,2,
0,0,9.218862533569336,0,5ab8764155429919ba4e22fe,0.0,0,3,3,
0,0,9.332862138748169,0,5a8b6ee255429950cd6afcfd,0.3333333333333333,1,3,3,
0,0,9.272928237915039,0,5a8031d05542996402f6a47c,0.16666666666666666,1,3,6,
0,0,9.333888053894043,0,5a7bf3da5542996dd594b869,0.0,0,3,4,
0,0,9.24050760269165,0,5ab78e2e55429928e1fe387d,0.0,0,3,1,
0,0,9.361560583114624,0,5a8f5bb45542992414482a77,0.0,0,3,4,
0,0,9.259729862213135,0,5ae0f3b955429920d523424e,0.0,0,3,4,
0,0,9.216795206069946,0,5a716c415542994082a3e827,0.0,0,3,5,
0,0,9.376575708389282,0,5ae0945d55429906c02daadd,0.0,0,3,3,
0,0,9.232050895690918,0,5ae0335655429925eb1afc28,0.0,0,3,2,
0,0,11.058518409729004,0,5a819e2755429903bc27b988,0.0,0,3,3,
0,0,9.187105417251587,0,5a74f7405542996c70cfae59,0.0,0,3,3,
0,0,7.469640731811523,1,5ae096d755429906c02daadf,0.25,2,3,8,
0,0,9.328143835067749,0,5ade1eda55429975fa854e71,1.0,2,3,2,
0,0,9.25486946105957,0,5a80c01855429938b61421b8,0.3333333333333333,1,3,3,
0,0.07407407407407408,9.366305351257324,0,5a87184a5542991e771816c5,0.2,1,3,5,
0,0,9.568112134933472,0,5a77d12755429967ab1052b8,0.0,0,3,1,
0,0,60.443758487701416,4,5a80b9ae5542992bc0c4a7eb,0.0,0,15,4,
0,0,9.706146955490112,0,5a77d3f555429967ab1052c5,0.0,0,3,7,
0,0,62.49045467376709,5,5ae121315542997b2ef7d0ee,0.0,0,18,2,
0,0,69.56923627853394,5,5abfde655542997719eab6f2,0.5,1,18,2,
0,0,61.77232098579407,5,5adc82fc554299438c868dce,0.0,0,18,6,
0,0,62.23233413696289,5,5ade1f1c55429939a52fe82d,0.16666666666666666,1,18,6,
0,0,23.71108627319336,1,5a77a7565542995d83181249,0.25,1,6,4,
0,0,62.13700246810913,5,5a8c743e5542996e8ac88ab3,0.0,0,18,5,
0,0,50.6034369468689,4,5ab2af1655429929539467eb,0.0,0,15,9,
0,0,9.561792373657227,0,5a7e08b55542997cc2c474fe,0.0,0,3,3,
0,0,9.692077398300171,0,5a80799b5542992bc0c4a72e,0.0,0,3,3,
0,0,9.55734395980835,0,5a8789115542994846c1cd9a,0.0,0,3,3,
0,0,9.761722803115845,0,5a7c572655429935c91b5166,0.0,0,3,2,
0,0,9.538253545761108,0,5a9051615542995651fb5136,0.0,0,3,4,
0,0,9.673941612243652,0,5a7e60a855429949594199ae,0.0,0,3,3,
0,0,30.788904190063477,2,5abbf64055429965836003bc,0.0,0,9,5,
0,0,9.419646501541138,0,5ab8284d5542990e739ec83f,0.0,0,3,2,
0,0,60.85549783706665,5,5a808cbd5542996402f6a54b,0.0,0,18,3,
0,0,40.18575882911682,3,5a7a01b15542996c55b2dcd1,0.0,0,12,2,
0,0,22.242167949676514,1,5ae4d7fc5542990ba0bbb16f,1.0,2,6,2,
0,0,9.712810039520264,0,5a79caad5542994f819ef09f,0.0,0,3,5,
0,0,9.598788261413574,0,5ae153915542990adbacf752,0.0,0,3,8,
0,0,9.737300872802734,0,5a87f3cb5542994846c1ce03,0.0,0,3,3,
0,0.03278688524590164,21.269014596939087,1,5abd455c55429924427fcf5a,0.0,0,6,2,
0,0,68.32032871246338,5,5a739ef955429978a71e904b,0.3333333333333333,1,18,3,
0,0,71.96864581108093,5,5abd889f55429924427fd046,0.25,1,18,4,
0,0,78.15045690536499,5,5ac536485542996feb3fea2e,0.0,0,18,6,
0,0,68.7170889377594,5,5adff45c55429925eb1afb8c,0.0,0,18,3,
0,0,34.60214352607727,2,5a79e3555542994bb945712f,0.0,0,9,1,
0,0,68.07842588424683,5,5ae4bbf05542995ad6573e32,0.0,0,18,8,
0,0,70.15931534767151,5,5a8682755542996432c571cf,0.0,0,18,3,
0,0,7.424224853515625,1,5a82f35f5542995ce29dcd14,0.0,0,3,16,
0,0,68.33243775367737,5,5ae6453e55429908198fa56c,0.0,0,18,2,
0,0,68.49063920974731,5,5a78a7025542990784727710,0.0,0,18,5,
0,0,77.34391713142395,5,5ae37ec25542990afbd1e178,0.0,0,18,3,
0,0,69.09435701370239,5,5ae55a4e5542990ba0bbb285,0.0,0,18,9,
0,0,72.1433641910553,5,5ab69e4f554299710c8d1eee,0.5,1,18,2,
0,0,71.9806776046753,5,5add39ca5542992ae4cec4fb,0.0,0,18,3,
0,0,69.3656587600708,5,5adcfe7f5542992c1e3a24f1,0.0,0,18,6,
0,0,68.30133605003357,5,5a72b2dc5542992359bc3173,0.0,0,18,5,
0,0.01680672268907563,70.55786085128784,5,5ae122465542997b2ef7d0f4,0.0,0,18,2,
0,0,69.37148475646973,5,5abfce075542994516f454f7,0.0,0,18,2,
0,0,69.18455290794373,5,5a8abb115542992d82986f66,0.0,0,18,6,
0,0,71.14605474472046,5,5ac49a1c5542996feb3fe905,0.0,0,18,5,
0,0,68.69761037826538,5,5ae1fced5542997283cd230e,0.0,0,18,6,
0,0,69.08533716201782,5,5a7b1c6b55429931da12c9ca,0.0,0,18,3,
0,0,10.971197366714478,0,5a807e6f5542995d8a8ddf80,0.0,0,3,4,
0,0,67.60715460777283,5,5a712fca5542994082a3e641,0.0,0,18,3,
0,0,57.36177587509155,4,5a771d6155429966f1a36c6d,0.0,0,15,5,
,,,,5ae2ad6b5542996483e64a3d,,,,,Ollama request exceeded timeout limit for model stable-qwen with error: timed out
0,0.031007751937984496,69.23113083839417,5,5a8f137355429918e830d180,0.0,0,18,5,
0,0,73.08960103988647,5,5ae4f6c755429960a22e022a,0.0,0,18,4,
0,0,68.73842811584473,5,5a8dd47c5542995a26add3fa,0.5,1,18,2,
0,0,58.18868327140808,4,5ab3d764554299233954ffc7,0.0,0,15,4,
0,0,11.682098865509033,0,5ab30f9a554299233954fef2,0.0,0,3,3,
0,0,11.665854454040527,0,5a8af0a355429950cd6afc1c,0.0,0,3,6,
0,0,71.07998371124268,5,5a85018d5542997b5ce3ff98,0.0,0,18,4,
,,,,5adc6c4c5542994650320ce0,,,,,Ollama request exceeded timeout limit for model stable-qwen with error: timed out
0,0,45.4255051612854,3,5a73b8d655429908901be31f,0.0,0,12,2,
0,0,10.966074705123901,0,5ab30ebf554299753aec592c,0.0,0,3,2,
0,0.4444444444444445,7.868320941925049,1,5ab41b8c5542996a3a969f40,0.0,0,3,6,
0,0,10.973948955535889,0,5ab52cb2554299637185c4f1,0.0,0,3,8,
0,0,11.219072103500366,0,5ae52ba755429908b6326538,0.0,0,3,7,
0,0,10.972656726837158,0,5a88be405542997e5c09a6ab,0.0,0,3,6,
0,0,10.854176759719849,0,5ae13bf1554299422ee99634,0.0,0,3,2,
0,0,11.174593925476074,0,5ae785685542994a481bbd47,0.0,0,3,6,
0,0,10.943168640136719,0,5abd247e5542996e802b472f,0.0,0,3,2,
0,0,10.85075831413269,0,5a81ff1a554299676cceb1c2,0.0,0,3,4,
0,0,12.627616167068481,0,5a890b895542995153361278,0.0,0,3,2,
0,0,10.77292251586914,0,5ae31d5a5542990afbd1e0b1,0.0,0,3,7,
0,0,10.752963066101074,0,5add4fd15542992200553a98,0.0,0,3,5,
1,1.0,7.397427558898926,1,5a8f6fbf5542992414482acd,0.0,0,3,3,
0,0,10.895111799240112,0,5a8841a35542994846c1ce69,0.5,1,3,2,
0,0,11.333455801010132,0,5a8b3c5b55429971feec4684,0.0,0,3,3,
0,0,10.76739501953125,0,5a730abe5542994cef4bc42f,0.25,1,3,4,
0,0,10.960726976394653,0,5a7c76275542990527d554b4,0.0,0,3,7,
0,0,10.827482223510742,0,5a8df72055429917b4a5bcf2,0.0,0,3,6,
0,0,10.727819204330444,0,5ac471305542991943173998,0.0,0,3,2,
0,0,10.934237003326416,0,5a79dae35542994f819ef0d3,0.0,0,3,7,
0,0,10.854745388031006,0,5a85e57a5542994c784ddbb1,0.5,1,3,2,
0,0,10.9948410987854,0,5a84c89a5542992a431d1a9c,0.0,0,3,5,
0,0,11.05880856513977,0,5adbf3fa554299438c868ce0,0.0,0,3,7,
0,0,10.880953311920166,0,5a8cacac554299585d9e3716,0.0,0,3,5,
0,0,11.184437990188599,0,5ab672165542995eadeeffe0,0.5,2,3,4,
0,0,69.85369515419006,5,5a7fa0d55542995d8a8dded3,0.0,0,18,4,
0,0,10.595357894897461,0,5a7cb8bc554299452d57b9be,0.2,1,3,5,
0,0.5,0.2662074565887451,0,5ae4957155429970de88d9bc,,,,,
0,0,68.46852254867554,5,5a7d052255429909bec768fd,0.0,0,18,5,
0,0,22.82096791267395,1,5ab862f95542992aa3b8c8d4,0.0,0,6,2,
0,0,11.390199422836304,0,5ab692b5554299710c8d1ed6,0.0,0,3,3,
0,0,11.313936710357666,0,5ab87b2955429934fafe6df4,0.0,0,3,6,
0,0,11.310340881347656,0,5ae82c3d55429952e35eaa75,0.0,0,3,2,
0,0,11.503843545913696,0,5ae326d85542991a06ce9938,0.0,0,3,4,
0,0,11.355418682098389,0,5ade03c65542990dbb2f7f2e,1.0,1,3,1,
0,0,70.35676169395447,5,5add7c455542990dbb2f7e5f,0.5,2,18,4,
0,0,68.56098437309265,5,5adc54085542994650320cce,0.0,0,18,3,
0,0,69.63330125808716,5,5ade04465542990dbb2f7f2f,0.0,0,18,3,
0,0,7.500216722488403,1,5a7384755542992d56e7e354,0.0,0,3,6,
0,0,70.2897367477417,5,5a7dedb55542995f4f402317,0.2,1,18,5,
0,0,45.31208062171936,3,5a77e70f5542992a6e59dfeb,0.0,0,12,9,
0,0,45.39798140525818,3,5a801e68554299485f59856f,0.0,0,12,1,
0,0,57.50296878814697,4,5adcd4325542994d58a2f6ed,0.0,0,15,4,
0,0,69.89497017860413,5,5ae368715542991a06ce99bd,0.0,0,18,2,
0,0,68.43001747131348,5,5ab9753055429970cfb8eb0b,0.0,0,18,2,
0,0.01834862385321101,68.75869917869568,5,5a8031c1554299485f598585,0.0,0,18,6,
0,0,71.11409997940063,5,5ab6266555429953192ad277,0.0,0,18,20,
,,,,5a76b56d554299373536017b,,,,,Ollama request exceeded timeout limit for model stable-qwen with error: timed out
0,0,69.3716652393341,5,5a84be095542992a431d1a97,0.0,0,18,5,
0,0,69.8799524307251,5,5ab520dd5542996a3a96a02c,0.0,0,18,1,
0,0,54.54746460914612,5,5a8ce88c55429941ae14df3b,0.3333333333333333,1,18,3,
0,0,21.211913108825684,2,5a7647b85542992d0ec0608a,0.0,0,9,3,
0,0,7.168576955795288,0,5a74702555429929fddd8428,0.0,0,3,3,
0,0,6.989713668823242,0,5a73626b55429901807db01e,0.0,0,3,5,
0,0,7.878646373748779,0,5ae1ab715542997f29b3c0f7,0.0,0,3,5,
,,,,5ae1d5a3554299234fd04319,,,,,Ollama request exceeded timeout limit for model stable-qwen with error: timed out
0,0,47.91764307022095,5,5ae1f79f5542997283cd2302,0.14285714285714285,1,18,7,
0,0,7.205336093902588,0,5ab7c6995542993667794005,0.0,0,3,7,
0,0,7.02601170539856,0,5a8197905542995ce29dcc10,0.0,0,3,3,
0,0,7.201955556869507,0,5a83cce95542996488c2e4d6,0.3333333333333333,1,3,3,
0,0,7.0756165981292725,0,5a8019db5542992097ad2fd5,0.0,0,3,3,
0,0,7.2008750438690186,0,5adec7925542995534e8c70d,0.0,0,3,4,
0,0,7.155182123184204,0,5ab5487b554299494045ef68,0.0,0,3,2,
0,0,7.291425704956055,0,5adff1a255429925eb1afb5e,0.0,0,3,3,
0,0,7.2377235889434814,0,5a8cbce1554299653c1aa103,0.0,0,3,7,
0,0,7.170866966247559,0,5aba9e235542994dbf019984,0.0,0,3,4,
0,0,7.355935096740723,0,5a77cba65542995d831812e2,0.0,0,3,2,
0,0,7.084417104721069,0,5ae27df25542992decbdcd2a,0.0,0,3,4,
0,0,14.532336473464966,1,5a7309a15542992359bc320c,0.16666666666666666,1,6,6,
0,0,7.127562046051025,0,5ae3e0535542992e3233c496,0.5,1,3,2,
0,0,7.2705817222595215,0,5abc6fba554299700f9d78c7,0.0,0,3,6,
0,0,7.072695016860962,0,5a75083b5542996c70cfae7e,0.0,0,3,5,
0,0,8.957883596420288,0,5ade04d75542997dc7907125,0.0,0,3,4,
0,0,6.990269184112549,0,5a7f567e5542992097ad2f22,0.0,0,3,5,
0,0,7.013878345489502,0,5ae0ce4e554299603e41845f,0.0,0,3,5,
0,0,7.14442777633667,0,5abd93115542996e802b47e0,0.14285714285714285,1,3,7,
0,0,7.165770769119263,0,5a734db15542994cef4bc523,0.0,0,3,2,
0,0,7.108381509780884,0,5a876a4a5542993e715abf30,0.0,0,3,2,
0,0,7.068796396255493,0,5a807ca5554299485f598613,0.0,0,3,8,
0,0,7.295851230621338,0,5a8badef554299240d9c2080,0.0,0,3,3,
0,0,7.220165252685547,0,5a771ead55429966f1a36c7c,0.3333333333333333,1,3,3,
0,0,7.275635242462158,0,5ae07db855429945ae95937a,0.0,0,3,2,
0,0,7.214987754821777,0,5adc94dc5542990d50227cad,0.0,0,3,1,
0,0,7.066489219665527,0,5a87b2fc5542996e4f3088d0,0.0,0,3,8,
0,0,7.191837787628174,0,5a81108855429926c1cdace2,1.0,2,3,2,
0,0,7.066023349761963,0,5ab7c24e5542995dae37e998,0.1,1,3,10,
0,0,7.050131559371948,0,5ab3b42c5542992ade7c6e4f,0.4,2,3,5,
0,0,7.2072107791900635,0,5ac15c1c5542994ab5c67cf7,0.0,0,3,3,
0,0,17.6174955368042,1,5a843b045542996488c2e518,0.3333333333333333,1,6,3,
0,0,10.875152111053467,0,5ac2a20055429967731025cb,0.0,0,3,3,
0,0,12.135485649108887,0,5ab29624554299545a2cf9b5,0.0,0,3,3,
,,,,5a7143625542994082a3e71e,,,,,Ollama request exceeded timeout limit for model stable-qwen with error: timed out
0,0,21.386987447738647,1,5a76139b5542994ccc9186be,0.0,0,6,4,
0,0,10.479698896408081,0,5a8ef1e35542995a26add57a,0.2857142857142857,2,3,7,
0,0,10.570019245147705,0,5a8f7c9a55429918e830d239,0.0,0,3,5,
0,0,10.67327332496643,0,5adfc8f45542992d7e9f93d0,0.5,1,3,2,
0,0,10.548214197158813,0,5ab5cdb85542997d4ad1f1e0,0.0,0,3,2,
0,0,10.417664766311646,0,5a7d043755429909bec768f7,1.0,2,3,2,
0,0,10.422972917556763,0,5adc597d55429947ff17392f,0.0,0,3,3,
0,0,10.54265570640564,0,5abc436f5542993a06baf8c3,0.0,0,3,9,
0,0,10.41301417350769,0,5ae7a6da5542994a481bbdb9,0.14285714285714285,1,3,7,
0,0,10.541688919067383,0,5a8ed87955429917b4a5bdd2,0.0,0,3,4,
0,0,10.663208484649658,0,5a7da4865542990b8f5039ed,0.0,0,3,3,
0,0,10.524832248687744,0,5a7350585542992359bc32f9,0.0,0,3,3,
0,0,12.779118061065674,0,5ae54b6355429908b63265cc,0.0,0,3,2,
0,0,10.419704914093018,0,5abd74c95542993062266ca2,0.25,1,3,4,
0,0,10.478816986083984,0,5a79120755429974737f7966,0.3333333333333333,1,3,3,
0,0,10.335602045059204,0,5abd6f0855429933744ab7d5,0.5,1,3,2,
0,0,10.472270250320435,0,5a8c52685542995e66a475bb,0.0,0,3,6,
0,0,10.411078453063965,0,5ae3e84b5542996836b02bf0,0.5,1,3,2,
0,0,10.443413734436035,0,5a7148d25542994082a3e766,0.0,0,3,4,
0,0,10.548056364059448,0,5a78ad26554299148911f913,0.0,0,3,5,
0,0,10.555677890777588,0,5ac0714f554299294b218fe1,0.0,0,3,6,
0,0,10.586019277572632,0,5ae2a9c6554299492dc91c42,0.0,0,3,3,
0,0,11.063142776489258,0,5add18345542994ed6169c7e,0.0,0,3,6,
0,0,10.4549400806427,0,5a7f40de5542992e7d278cc8,0.0,0,3,6,
0,0,10.437335729598999,0,5abdb10f55429965af743dc9,0.0,0,3,6,
0,0,10.433113813400269,0,5ab6633b55429954757d3278,0.0,0,3,3,
0,0,10.549634456634521,0,5abb2a5f5542996cc5e49fca,0.0,0,3,5,
0,0,21.42851495742798,1,5a81fbc25542990a1d231f09,0.0,0,6,8,
0,0,10.483585119247437,0,5abde7ba5542991f6610609e,0.3333333333333333,1,3,3,
0,0,10.392183780670166,0,5ab2c6d955429916697740c3,0.0,0,3,1,
0,0,12.147200107574463,0,5a81fa59554299676cceb1b0,0.0,0,3,2,
0,0,10.26541781425476,0,5adcdf455542994ed6169c11,0.3333333333333333,1,3,3,
0,0,10.359336137771606,0,5ab5d6155542997d4ad1f1fa,0.0,0,3,4,
,,,,5ab480c45542990594ba9c36,,,,,Ollama request exceeded timeout limit for model stable-qwen with error: timed out
0,0,7.233254671096802,0,5a7fc6e45542992e7d278d73,0.0,0,3,4,
0,0,7.115161657333374,0,5ac0784e554299294b218ff6,0.0,0,3,4,
0,0,7.233061790466309,0,5add56ad5542992200553abf,0.25,1,3,4,
0,0,45.936781883239746,5,5ac29f58554299657fa28fe4,0.0,0,18,2,
0,0,46.11421585083008,5,5ade6acf554299728e26c71a,0.0,0,18,3,
0,0,47.54885220527649,5,5ac179bf5542994ab5c67d60,0.0,0,18,3,
0,0,48.825870752334595,5,5a78d2b955429974737f78c0,0.0,0,18,4,
0,0,45.96403980255127,5,5a84aca95542992a431d1a89,0.0,0,18,5,
0,0,8.513574123382568,0,5ae5b81d5542990ba0bbb2c2,0.0,0,3,5,
0,0,8.863668203353882,0,5ae762835542997b22f6a711,0.0,0,3,1,
0,0,46.73561406135559,5,5ac4d717554299076e296e0e,0.0,0,18,7,
0,0,6.127718925476074,0,5a83b4d35542996488c2e495,0.0,0,3,4,
0,0,5.877007722854614,0,5ab5cb4f554299637185c616,0.5,1,3,2,
0,0,29.609187602996826,3,5a73266d5542994cef4bc47d,0.0,0,12,2,
,,,,5a9094ba55429933b8a2056d,,,,,Ollama request exceeded timeout limit for model stable-qwen with error: timed out
0,0,6.043149709701538,0,5abbb42555429931dba144af,0.0,0,3,3,
0,0,5.958167552947998,0,5add43335542995b365faae1,0.0,0,3,3,
0,0,5.9803385734558105,0,5ae7535c5542997b22f6a6d8,0.0,0,3,3,
0,0,6.12117338180542,0,5ae226755542996483e64906,0.0,0,3,7,
0,0,6.021915912628174,0,5ab21682554299722f9b4ca9,1.0,2,3,2,
0,0,13.706728458404541,1,5ab7f22a5542991d322237d4,0.0,0,6,6,
0,0,11.98537015914917,1,5a8268aa55429940e5e1a8aa,0.0,0,6,3,
0,0,5.910645484924316,0,5adc8ab05542994d58a2f642,0.0,0,3,6,
0,0,6.0957441329956055,0,5a84bb825542991dd0999dbe,0.3333333333333333,1,3,3,
0,0,5.943186521530151,0,5a89a74e554299669944a562,0.2,1,3,5,
0,0,6.08822226524353,0,5a9051d955429916514e7474,0.0,0,3,5,
0,0,5.88091254234314,0,5add5ac95542992200553ace,0.0,0,3,5,
0,0,5.889187335968018,0,5ac34fdb554299741d48a24a,0.0,0,3,4,
0,0,6.120800971984863,0,5a7d26fd554299452d57bb2a,0.0,0,3,1,
0,0,5.917529821395874,0,5ab5052a5542990594ba9ccf,0.0,0,3,3,
0,0,5.991422176361084,0,5ab5627b5542992aa134a2ff,0.0,0,3,3,
0,0,5.947661399841309,0,5a83316b5542993344745fe5,0.3333333333333333,1,3,3,
0,0,5.930993556976318,0,5a7cd7f055429909bec7683e,0.0,0,3,2,
0,0,6.272630929946899,0,5ae6f1675542991bbc9761a1,0.16666666666666666,1,3,6,
0,0,5.905944585800171,0,5abf1e825542997ec76fd3cb,0.0,0,3,11,
0,0,6.082281827926636,0,5ab416a25542996a3a969f28,0.0,0,3,4,
0,0,7.223429918289185,0,5abb2f2f554299232ef4a3d7,0.0,0,3,1,
0,0,11.195874214172363,0,5abb8e2d554299642a094aa4,0.0,0,3,5,
0,0,58.554096937179565,5,5a8dae82554299068b959d99,0.0,0,18,11,
0,0,18.59445595741272,1,5ac41f1d5542991943173924,0.5,1,6,2,
0,0,46.03152656555176,3,5ae2aa345542996483e64a25,0.0,0,12,4,
0,0,19.13929033279419,1,5a77aa8655429949eeb29f22,0.0,0,6,3,
0,0,9.565240621566772,0,5ae4083755429970de88d885,0.0,0,3,2,
0,0,9.380494117736816,0,5ae0847455429945ae959394,0.0,0,3,3,
0,0,18.3915011882782,1,5ab761d955429928e1fe3856,0.0,0,6,4,
0,0,11.14770793914795,0,5a7e801b5542997cc2c47557,0.0,0,3,5,
0,0,46.74720048904419,4,5ae1e11c554299234fd04335,0.6666666666666666,2,15,3,
0,0,9.340677261352539,0,5ab9dd1f554299232ef4a22d,0.25,1,3,4,
0,0,9.358231782913208,0,5a88341c5542994846c1ce20,0.0,0,3,4,
0,0,9.445311307907104,0,5a8baf635542996e8ac889c6,0.0,0,3,2,
0,0,9.39902639389038,0,5a7f1e805542993067513640,0.0,0,3,2,
0,0,9.39617109298706,0,5adf67e95542993344016c72,0.0,0,3,8,
0,0,9.413116216659546,0,5ae33bdc5542992f92d8225e,0.5,1,3,2,
0,0,9.310410022735596,0,5abbfc2b554299642a094bc9,0.0,0,3,4,
0,0,9.47840142250061,0,5ae69e6d5542996d980e7c62,0.0,0,3,10,
0,0,133.97922611236572,4,5ae75e335542991e8301cc70,0.0,0,15,5,
0,0,9.126315116882324,0,5ac3a2f35542993915413856,0.0,0,3,11,
0,0,18.45110535621643,1,5ab4eecb55429942dd415faa,0.0,0,6,5,
0,0,9.265013933181763,0,5adfeeed55429925eb1afb44,0.5,1,3,2,
0,0,9.524042129516602,0,5ac00cde554299012d1db58a,0.3333333333333333,2,3,6,
0,0,9.094793319702148,0,5a7bd286554299683c1c62bd,0.0,0,3,7,
0,0,9.231674194335938,0,5a8a38135542996c9b8d5e59,0.16666666666666666,1,3,6,
0,0,9.129318237304688,0,5a8b2ccf55429971feec4665,0.0,0,3,3,
0,0,9.32021188735962,0,5ac509e95542994611c8b333,0.16666666666666666,1,3,6,
0,0,9.232663631439209,0,5a78c56455429974737f7876,0.0,0,3,7,
0,0,9.323266506195068,0,5adf5c175542995ec70e8fd0,0.0,0,3,1,
0,0,9.164144277572632,0,5ae786c8554299540e5a55d7,0.25,1,3,4,
0,0,9.230733871459961,0,5a78abbc554299148911f90c,0.0,0,3,7,
0,0,54.33890414237976,5,5ab6d9b25542995eadef00c8,0.0,0,18,2,
0,0,36.460623025894165,5,5ae7cea355429952e35ea9c1,0.0,0,18,7,
0,0,45.50261878967285,5,5ae470815542996836b02c9f,0.0,0,18,4,
0,0,31.05268120765686,4,5ae1fd995542997283cd2313,0.0,0,15,5,
0,0,6.083513498306274,0,5a793bc95542994bb9456fc3,0.0,0,3,5,
0,0,42.55487680435181,5,5a8f25ba55429924144829e9,0.25,1,18,4,
0,0,40.83980178833008,5,5a7f4cb055429969796c1a02,0.1111111111111111,1,18,9,
0,0,37.02617263793945,5,5ac2381355429951e9e684a9,0.0,0,18,7,
0,0,62.62397623062134,5,5a74ee175542996c70cfae41,0.0,0,18,9,
0,0,51.274040937423706,5,5a77b6535542995d83181274,0.0,0,18,3,
0,0,37.96768283843994,5,5a8a39195542992d82986f04,0.0,0,18,4,
0,0,40.0375337600708,5,5ab431d855429942dd415ed2,0.0,0,18,4,
0,0,38.684828758239746,5,5a8efef05542997ba9cb3178,0.0,0,18,2,
0,0,47.94474387168884,5,5a8aecff55429950cd6afbef,0.0,0,18,4,
0,0,40.419660329818726,5,5a7243915542990c210a4086,0.4,2,18,5,
0,0,43.33029389381409,5,5a73235c5542994cef4bc475,0.0,0,18,2,
0,0,46.73593306541443,5,5ac285335542996773102552,0.0,0,18,5,
0,0,41.80530500411987,5,5a75d9c05542992db94736f6,0.0,0,18,6,
0,0,38.93133759498596,5,5ae51fa25542992663a4f11f,0.0,0,18,3,
0,0,32.50528693199158,4,5a7fc03d5542992097ad2fbc,0.1111111111111111,1,15,9,
0,0,13.390736818313599,1,5ae1bf46554299234fd042e6,0.25,1,6,4,
0,0,41.086447954177856,5,5a80a1b25542992bc0c4a78c,0.0,0,18,2,
0,0,41.096006631851196,5,5a7f9cbd5542994857a7677c,0.0,0,18,9,
0,0,45.73961329460144,5,5abb8ebe5542993f40c73b2d,0.3333333333333333,1,18,3,
0,0,51.82319164276123,5,5ab91dc555429919ba4e23b4,0.2222222222222222,2,18,9,
0,0,60.128077030181885,5,5ab5ec2a5542992aa134a3e3,0.0,0,18,1,
0,0,61.92223072052002,5,5a80e03e55429938b614222c,0.0,0,18,2,
0,0,59.80567383766174,5,5ab82d095542990e739ec853,0.0,0,18,6,
0,0,55.02763485908508,5,5a89dc81554299669944a5dc,0.0,0,18,3,
0,0,55.141196489334106,5,5a8effb55542997ba9cb317f,0.0,0,18,3,
0,0,71.93372631072998,5,5ab3ede755429976abd1bcf4,0.0,0,18,2,
0,0,57.49664378166199,5,5a7d2afb554299452d57bb41,0.3333333333333333,1,18,3,
0,0,51.479567766189575,5,5a8f1cfa554299458435d581,0.16666666666666666,1,18,6,
0,0,52.30824089050293,5,5ac2768d5542990b17b153a8,0.0,0,18,2,
0,0,47.136157274246216,5,5ae4ce835542990ba0bbb14d,0.0,0,18,4,
,,,,5a8a77fd55429930ff3c0de3,,,,,Ollama request exceeded timeout limit for model stable-qwen with error: timed out
,,,,5ab1c2bf5542997061209558,,,,,Ollama request exceeded timeout limit for model stable-qwen with error: timed out
,,,,5a758aff5542992d0ec05fb2,,,,,Ollama request exceeded timeout limit for model stable-qwen with error: timed out
,,,,5a88d7875542993b751ca876,,,,,Ollama request exceeded timeout limit for model stable-qwen with error: timed out
0,0.023529411764705882,8.075500249862671,0,5ae12bcc5542997b2ef7d11a,0.0,0,3,8,
0,0,47.85316348075867,5,5ac52f8e5542996feb3fea14,0.75,3,18,4,
0,0,47.266870737075806,5,5a7d41425542997cc2c4743b,0.0,0,18,5,
0,0,46.79847526550293,5,5ab3b7c555429969a97a8190,0.6666666666666666,2,18,3,
0,0.013605442176870748,59.25137686729431,5,5a7d72bb5542990b8f50398e,0.3333333333333333,2,18,6,
0,0,171.60678005218506,5,5a89ec7b5542992e4fca8483,0.0,0,18,7,
,,,,5abd8ac25542993062266cc2,,,,,Ollama request exceeded timeout limit for model stable-qwen with error: timed out
0,0,51.26491141319275,5,5ac2610f55429951e9e68593,0.0,0,18,6,
0,0,55.18756651878357,5,5a85ee635542994775f606b4,0.0,0,18,3,
0,0,24.794639348983765,2,5a7a96555542990198eaf159,0.0,0,9,4,
0,0.022988505747126436,10.03562068939209,0,5ae53c9655429960a22e0290,0.0,0,3,5,
0,0,10.142439603805542,0,5adf8c965542993344016cf5,0.0,0,3,3,
0,0,10.156631231307983,0,5a8e39475542995085b373f1,0.0,0,3,5,
0,0,10.013335943222046,0,5a74e5aa5542996c70cfae2e,0.0,0,3,12,
0,0,57.229395389556885,4,5ab2a32f554299706120967b,0.0,0,15,4,
0,0,13.270147800445557,0,5add1d575542992c1e3a2540,0.5,2,3,4,
0,0,11.635554313659668,0,5ac3b62b554299741d48a2f6,0.0,0,3,4,
0,0.009900990099009901,11.492946863174438,0,5a832f9d5542993344745fe4,0.0,0,3,13,
0,0,11.344461679458618,0,5a7a919455429941d65f26b5,0.0,0,3,2,
0,0,11.619074583053589,0,5a7145d55542994082a3e73c,1.0,1,3,1,
0,0,11.611663103103638,0,5abd04bd5542992ac4f381a9,0.0,0,3,4,
0,0,11.442251443862915,0,5a87bc3f5542996432c57275,0.0,0,3,5,
0,0,11.613060474395752,0,5ab27287554299722f9b4d2c,0.0,0,3,3,
0,0,11.44977593421936,0,5ab9dd9a554299232ef4a231,0.0,0,3,8,
0,0,11.67925477027893,0,5a8ed30655429917b4a5bdcd,0.3333333333333333,1,3,3,
0,0,11.419676780700684,0,5a8f06075542995b44241f2d,0.0,0,3,2,
0,0,11.482145071029663,0,5adcea3755429947343537ca,0.25,1,3,4,
0,0.009900990099009901,11.622106790542603,0,5a8ac02d5542996c9b8d5f6f,0.0,0,3,4,
0,0,11.53304386138916,0,5a7b8d4955429927d897bfeb,0.0,0,3,1,
0,0.009852216748768473,11.797029495239258,0,5ab3bb7b55429969a97a8198,0.0,0,3,2,
0,0,11.494668006896973,0,5ae03cd855429924de1b7072,0.0,0,3,5,
0,0,11.594753742218018,0,5aba549f554299232ef4a290,0.0,0,3,2,
0,0,11.679876327514648,0,5adea95055429939a52fe931,0.25,1,3,4,
0,0,25.784080505371094,1,5a808f3f5542992097ad2ffd,0.0,0,6,4,
0,0,17.52948808670044,0,5a8d0e305542994ba4e3dbbe,0.0,0,3,3,
0,0.00966183574879227,40.59305119514465,2,5a8e17ce554299653c1aa169,0.3333333333333333,1,9,3,
0,0,12.017406463623047,0,5ab6c94c554299710c8d1f5e,0.0,0,3,4,
0,0.00975609756097561,12.086738348007202,0,5adbf81a554299438c868cfd,0.0,0,3,5,
0,0,12.15022873878479,0,5a79fe3b5542994f819ef119,0.3333333333333333,1,3,3,
0,0,11.91338586807251,0,5adf80605542995534e8c7d2,0.16666666666666666,1,3,6,
0,0,12.042892932891846,0,5ab2c418554299545a2cfa67,0.5,2,3,4,
0,0,11.931761741638184,0,5add2eab5542992ae4cec4da,0.0,0,3,2,
0,0.009615384615384616,12.017051935195923,0,5abd6be55542993062266c89,0.5,1,3,2,
0,0.028037383177570093,12.072999238967896,0,5ae849cc5542997ec2727798,0.0,0,3,5,
0,0,11.933580160140991,0,5a7cb993554299452d57b9c2,0.0,0,3,2,
0,0,12.083972454071045,0,5abfaa445542990832d3a18c,0.0,0,3,2,
0,0,12.70150637626648,0,5a7f251155429934daa2fcf2,0.0,0,3,2,
0,0,166.4939341545105,5,5ae13e205542997b2ef7d157,1.0,1,18,1,
0,0,107.04869556427002,5,5ae08dad55429945ae9593b9,0.0,0,18,3,
0,0,18.94000267982483,1,5a86eee85542994775f60787,0.0,0,6,6,
0,0,6.75635838508606,0,5adc51375542996e68525300,0.0,0,3,2,
0,0,7.10103440284729,0,5ac5461d5542993e66e82296,0.0,0,3,4,
0,0,7.1840269565582275,0,5a735c3a55429901807daff7,1.0,1,3,1,
0,0,6.947299003601074,0,5a778e8755429949eeb29ef4,0.0,0,3,1,
0,0,6.898839950561523,0,5ae3f33e5542991a06ce9a3d,0.5,1,3,2,
0,0,7.06587815284729,0,5ab41f6b5542991751b4d671,0.5,3,3,6,
0,0,13.007316827774048,1,5ac38d1f55429939154137c3,0.0,0,6,5,
0,0,8.718933343887329,0,5ab9530a55429970cfb8ea62,0.0,0,3,4,
0,0,6.906733989715576,0,5ab8680755429934fafe6da8,0.0,0,3,3,
0,0,6.848098039627075,0,5a74e8a25542996c70cfae37,0.0,0,3,4,
0,0,6.924756050109863,0,5a87bd4e5542994846c1cde0,0.0,0,3,3,
0,0,7.01119065284729,0,5ab4c8735542996a3a969fcb,0.0,0,3,2,
0,0,7.024269104003906,0,5a89bcc85542992e4fca83a7,0.0,0,3,3,
0,0,7.134288311004639,0,5a8f9cdb554299458435d69c,0.0,0,3,5,
0,0.010256410256410256,95.36256289482117,5,5ae45adc55429970de88d93f,0.0,0,18,2,
0,0,26.21994137763977,1,5a8ec02e5542995a26add501,0.0,0,6,6,
0,0,10.74519419670105,0,5a8e0c595542995085b373b0,0.0,0,3,4,
0,0,24.216440677642822,1,5abec90a5542994516f45438,0.5,1,6,2,
0,0,70.69219636917114,5,5a7b68a75542997c3ec97153,0.0,0,18,5,
0,0,67.77322101593018,5,5a7360235542991f29ee2dc7,0.0,0,18,5,
0,0,66.40582585334778,5,5a775e095542994aec3b72b4,0.0,0,18,7,
0,0,71.7313003540039,5,5a90206155429933b8a20481,0.25,1,18,4,
0,0.007722007722007721,72.33812737464905,5,5ae5d19155429929b08079bc,0.0,0,18,10,
0,0,72.11822509765625,5,5ab3a83d5542992ade7c6e08,0.0,0,18,5,
0,0,73.41136169433594,5,5a722a6855429971e9dc9320,0.0,0,18,32,
0,0,71.53287601470947,5,5a77c58b55429967ab105281,0.0,0,18,2,
0,0,64.8505973815918,5,5ae7473f5542991bbc9761d2,0.0,0,18,5,
0,0,66.67490649223328,5,5adf8f675542995534e8c7eb,0.6666666666666666,2,18,3,
0,0,66.25152349472046,5,5abf0bf95542997719eab63a,0.5,2,18,4,
0,0,71.03557658195496,5,5a7b9a8a554299042af8f78d,0.0,0,18,9,
,,,,5ab439bd55429942dd415eee,,,,,Ollama request exceeded timeout limit for model stable-qwen with error: timed out
0,0.007936507936507938,71.41825723648071,5,5a72df275542992359bc31b3,0.0,0,18,5,
0,0,69.17432451248169,5,5a8740ee5542994846c1cd35,0.0,0,18,5,
0,0,73.36341524124146,5,5ae4ad3155429913cc2044cb,0.0,0,18,7,
0,0,71.47997665405273,5,5ac2ab9455429967731025f0,0.0,0,18,13,
0,0,70.93960952758789,5,5ae5b25d5542990ba0bbb2bb,0.0,0,18,4,
0,0,70.78000593185425,5,5adfffe755429925eb1afbd1,0.0,0,18,3,
0,0,60.51720857620239,4,5abdcad155429965af743e4d,0.0,0,15,3,
0,0,4.543166399002075,1,5ae09b7055429906c02daae4,0.0,0,3,6,
0,0,78.0256814956665,5,5ab960d6554299743d22eb21,0.0,0,18,2,
0,0,72.17673707008362,5,5ac3090d5542990b17b154fc,0.5,1,18,2,
0,0,73.56022763252258,5,5a7dd8cb5542995f4f4022d0,0.14285714285714285,1,18,7,
0,0,71.6810052394867,5,5a85b2895542994c784ddb49,0.0,0,18,6,
0,0,70.14849257469177,5,5ae0ab7755429945ae959407,0.0,0,18,4,
0,0,73.53658270835876,5,5a836a765542996488c2e446,0.0,0,18,4,
0,0,72.29614353179932,5,5ab90e9755429934fafe6e51,0.3333333333333333,1,18,3,
0,0,72.5408227443695,5,5a8d6d4e554299441c6b9fdb,0.5,2,18,4,
0,0,72.4287679195404,5,5ae4db9c55429908b6326492,1.0,1,18,1,
0,0,62.57117772102356,5,5ae234385542992decbdcc59,0.25,1,18,4,
0,0,6.373047590255737,0,5ae3eabc5542995dadf2424f,0.0,0,3,4,
,,,,5ae123875542997b2ef7d0fa,,,,,Ollama request exceeded timeout limit for model stable-qwen with error: timed out
0,0,6.283847808837891,0,5a8494b15542991dd0999d35,0.0,0,3,2,
0,0,24.397922039031982,2,5ae2b83c5542992decbdcd7f,0.0,0,9,9,
0,0,6.466463088989258,0,5ab9cfe655429970cfb8ebaf,0.0,0,3,5,
0,0,6.290552616119385,0,5a8ae0ae55429950cd6afbc2,0.3333333333333333,1,3,3,
0,0,6.286480903625488,0,5ab2ac3d55429929539467ce,0.0,0,3,3,
0,0,8.071330547332764,0,5a8ff83c55429916514e73f3,0.0,0,3,4,
0,0,10.280971050262451,0,5ade0a275542997545bbbe2d,0.0,0,3,4,
0,0,6.263064861297607,0,5a8834f05542994846c1ce26,0.0,0,3,5,
0,0,4.235675573348999,1,5a7f35015542992e7d278c8a,0.0,0,3,6,
0,0,6.382288694381714,0,5a7750a155429966f1a36cef,0.0,0,3,3,
0,0,6.248274326324463,0,5ab9ba6e554299743d22ebcd,0.0,0,3,4,
0,0,6.272629737854004,0,5a7db0915542990b8f503a30,0.0,0,3,4,
0,0,6.811935186386108,0,5a8f0986554299458435d535,0.0,0,3,3,
0,0,6.387594223022461,0,5a7a51b95542990783324f0f,0.0,0,3,2,
0,0,6.411922454833984,0,5ab6973f554299110f219a25,0.0,0,3,4,
0,0,10.301642179489136,0,5a8f21c755429918e830d195,0.0,0,3,2,
0,0,6.267211437225342,0,5adef5fb5542993a75d263be,0.0,0,3,2,
0,0,6.495133638381958,0,5a7613c15542994ccc9186bf,0.0,0,3,2,
0,0,6.257479667663574,0,5adf03b35542993a75d263d3,0.0,0,3,6,
0,0,6.3709516525268555,0,5abc5603554299700f9d7875,0.0,0,3,4,
0,0,11.098809003829956,0,5abeb6645542993fe9a41d11,0.3333333333333333,1,3,3,
0,0,6.437336683273315,0,5a89e85c5542992e4fca846f,0.0625,1,3,16,
0,0,6.217726469039917,0,5a7d6a2d5542991319bc93c6,0.0,0,3,8,
0,0,6.274585008621216,0,5a835a7b554299123d8c20fc,0.0,0,3,20,
0,0,8.037105321884155,0,5ac273455542992f1f2b38d4,0.0,0,3,3,
0,0,6.200033187866211,0,5a87ed5b5542994846c1cdfc,0.25,1,3,4,
0,0,6.283479690551758,0,5adf5fa65542993a75d264db,0.0,0,3,3,
0,0,7.175351619720459,0,5ae7821b5542997ec2727678,0.0,0,3,2,
0,0,6.33118462562561,0,5abd2cde5542993062266bb1,0.0,0,3,5,
0,0,6.321776390075684,0,5a8c4c5f554299585d9e3651,0.0,0,3,2,
0,0,6.239997625350952,0,5ab9b4a555429970cfb8eb75,0.0,0,3,2,
0,0,6.377922058105469,0,5ae56c875542990ba0bbb2a2,0.0,0,3,3,
0,0,6.289984941482544,0,5add1c485542992c1e3a253d,0.0,0,3,3,
0,0,6.351256370544434,0,5adde2475542997545bbbdc1,0.0,0,3,8,
0,0,6.222640752792358,0,5a841b215542990548d0b25b,0.0,0,3,9,
0,0,6.230163335800171,0,5ae618535542995703ce8af7,0.5,1,3,2,
0,0,6.361858606338501,0,5a7c703055429935c91b51aa,0.0,0,3,2,
0,0,6.181656360626221,0,5a90485755429933b8a204d2,0.0,0,3,3,
0,0,6.3212456703186035,0,5adc393f5542996e685252e7,0.0,0,3,2,
0,0,6.252650737762451,0,5a72b9155542992359bc3187,0.0,0,3,2,
0,0,6.27620792388916,0,5abc0aba55429959677d6a00,0.0,0,3,3,
0,0,77.83240699768066,5,5a84b9c95542997b5ce3ff35,0.0,0,18,5,
0,0,52.0472252368927,4,5addcb215542997dc7907033,0.25,2,15,8,
0,0.11764705882352941,4.573034763336182,1,5ade51515542992fa25da745,0.0,0,3,6,
0,0,61.63204264640808,5,5a7e513a5542994959419996,0.0,0,18,4,
0,0,4.294463396072388,1,5adf51595542993344016c52,0.0,0,3,4,
0,0,64.59046459197998,5,5a737e4655429908901be2cc,0.25,2,18,8,
0,0,22.550332069396973,1,5ab7022f5542995eadef010e,0.0,0,6,7,
0,0,10.981905698776245,0,5ac194db55429964131be23a,0.15384615384615385,2,3,13,
0,0,11.001742601394653,0,5a7526945542993748c897d2,0.0,0,3,3,
0,0,10.85744857788086,0,5ab5b0f75542992aa134a38c,0.0,0,3,7,
0,0,10.928040504455566,0,5ac42f42554299076e296d88,0.0,0,3,4,
0,0,11.080488681793213,0,5a72944c5542994cef4bc351,0.3333333333333333,1,3,3,
0,0,11.03119421005249,0,5a8a44c65542996c9b8d5e85,0.0,0,3,5,
0,0,11.105297327041626,0,5a8220db5542995ce29dccc1,0.5,1,3,2,
0,0.0099009900990099,10.9276704788208,0,5a7100435542994082a3e4a3,0.0,0,3,2,
0,0,11.063683032989502,0,5a84b6e15542991dd0999daa,0.0,0,3,3,
0,0,11.044685125350952,0,5a848a725542990548d0b2c7,0.0,0,3,2,
0,0,10.973735094070435,0,5a8719fa55429960ec39b742,0.0,0,3,5,
0,0,11.095181941986084,0,5a883c175542997e5c09a5ae,0.5,2,3,4,
0,0,10.944665670394897,0,5a79f04d5542996c55b2dca7,0.0,0,3,5,
0,0.009615384615384614,12.795616388320923,0,5add4d8f5542997545bbbd25,0.0,0,3,2,
0,0,72.88554739952087,5,5ae138d855429920d523432d,0.0,0,18,3,
0,0,58.70860433578491,5,5ab3063e554299753aec58fe,0.0,0,18,15,
0,0,61.11422157287598,5,5a83697e5542996488c2e441,0.0,0,18,4,
0,0,73.62987112998962,5,5a721a7655429971e9dc9271,0.0,0,18,5,
0,0.00925925925925926,65.57352375984192,5,5ab2b5a0554299295394683c,0.0,0,18,7,
0,0,65.32167196273804,5,5ae4d0ff55429913cc204511,0.0,0,18,7,
0,0,55.34355688095093,5,5ae141a65542997b2ef7d18a,0.0,0,18,7,
0,0,44.42064905166626,5,5a90991d5542990a9849366b,0.0,0,18,5,
0,0,44.50351667404175,5,5ab2b7c1554299166977406a,0.3333333333333333,1,18,3,
0,0.033898305084745756,45.682689905166626,5,5ac2570a5542992f1f2b3861,0.0,0,18,5,
0,0,44.64499473571777,5,5ac434ed554299204fd21f09,0.0,0,18,2,
0,0,9.846480131149292,0,5ae54e005542993aec5ec19a,0.0,0,3,1,
0,0,42.858614683151245,5,5add97c15542997545bbbd80,0.0,0,18,3,
0,0,45.54482436180115,5,5a8359c7554299123d8c20fb,0.0,0,18,6,
0,0,43.99679636955261,5,5abe3c7555429965af743ea5,0.0,0,18,3,
0,0,48.488192081451416,5,5ab7c3ed5542991d322237b2,0.0,0,18,3,
0,0,51.92341375350952,5,5ac083b0554299294b21900d,0.0,0,18,4,
0,0,51.2091805934906,5,5a89d2d75542992e4fca83d2,0.0,0,18,6,
0,0,48.834694147109985,5,5abdbabe5542993f32c2a028,0.0,0,18,6,
0,0.031746031746031744,15.23244833946228,1,5a7f1c195542993067513633,0.0,0,6,1,
0,0,51.32868456840515,5,5a7228f655429971e9dc9312,0.0,0,18,6,
0,0,47.887789487838745,5,5ab682dc55429954757d3318,0.0,0,18,4,
,,,,5ab294a6554299545a2cf9a6,,,,,Ollama request exceeded timeout limit for model stable-qwen with error: timed out
0,0.016949152542372885,49.25144600868225,5,5ae163b3554299422ee99678,0.0,0,18,5,
0,0,32.29456090927124,3,5a849c1b5542997175ce1ef9,0.5,2,12,4,
0,0,49.50727701187134,5,5ae414d855429970de88d8ec,0.0,0,18,7,
0,0.01923076923076923,48.35187578201294,5,5ab5dcb95542992aa134a3b3,0.5,2,18,4,
0,0,31.9223792552948,3,5ac2c4fe554299218029db3b,0.0,0,12,4,
0,0,9.576724290847778,0,5ae644c55542992663a4f27e,0.0,0,3,7,
0,0,50.11972379684448,5,5a7fc8d05542992e7d278d86,0.0,0,18,6,
0,0,34.48689818382263,3,5ae5621655429908b63265fc,0.25,1,12,4,
0,0,48.252214193344116,5,5a72339855429971e9dc934d,0.0,0,18,7,
0,0,49.843451499938965,5,5a886211554299206df2b24a,0.25,2,18,8,
0,0,51.08920693397522,5,5ae1dac85542997283cd229a,0.16666666666666666,1,18,6,
0,0,157.38456296920776,5,5ab31adc554299233954ff0a,0.0,0,18,5,
0,0,60.22751832008362,5,5a7ca33f5542990527d554ee,0.3333333333333333,1,18,3,
0,0,59.13427734375,5,5a8a39b355429930ff3c0d13,0.0,0,18,5,
0,0,58.82389998435974,5,5a806e01554299485f5985e5,0.0,0,18,5,
0,0,58.62156081199646,5,5ab96c93554299743d22eb63,0.0,0,18,2,
0,0,31.184529066085815,2,5a79c3785542994bb9457074,0.0,0,9,3,
0,0,45.88020396232605,5,5ac047a3554299294b218f70,0.6666666666666666,2,18,3,
0,0,45.91264724731445,5,5a7b74485542997c3ec97190,0.0,0,18,5,
0,0,53.13113832473755,5,5a8b20b85542996c9b8d5fb5,0.0,0,18,9,
0,0.028169014084507043,45.305373191833496,5,5abcd44655429959677d6af1,0.2,1,18,5,
0,0,45.25721764564514,5,5ae2f5b955429928c423957e,0.5,3,18,6,
,,,,5ae7eed8554299540e5a56b5,,,,,Ollama request exceeded timeout limit for model stable-qwen with error: timed out
0,0,48.297627687454224,5,5a8e0370554299068b959e2d,0.0,0,18,2,
0,0,45.71388292312622,5,5ab44a775542991779162c57,0.0,0,18,8,
0,0,7.482610464096069,0,5a77dbaf5542997042120b5b,0.0,0,3,2,
0,0,52.178077697753906,5,5a8481ba5542997175ce1ed4,0.0,0,18,4,
0,0,53.95451760292053,5,5abed2b45542990832d3a0d0,0.0,0,18,2,
0,0,47.9820339679718,5,5a790d9855429974737f7954,0.0,0,18,8,
0,0,54.342501640319824,5,5ae22eae554299495565da30,0.0,0,18,6,
0,0,50.142364740371704,5,5ae70c7b5542991bbc9761aa,1.0,1,18,1,
0,0,37.00221276283264,4,5abae88c554299660624167e,1.0,1,15,1,
0,0,6.610277414321899,0,5a8d12ca5542994ba4e3dbe2,0.0,0,3,5,
0,0.4,4.221232175827026,1,5a7271525542997f827839d0,1.0,1,3,1,
0,0,6.638029336929321,0,5a8ea7f25542995085b37468,0.25,1,3,4,
0,0,6.579659938812256,0,5a821b4b5542995ce29dccab,0.0,0,3,8,
0,0,6.798369646072388,0,5ac2da27554299657fa2909f,0.0,0,3,4,
0,0,6.659685373306274,0,5a8771595542993e715abf46,0.0,0,3,4,
0,0,6.818202972412109,0,5a8d0c74554299585d9e37a1,0.0,0,3,3,
0,0,6.635167360305786,0,5abfd5c45542994516f4550e,0.0,0,3,5,
0,0,6.839426517486572,0,5a7d115355429909bec76934,0.0,0,3,4,
0,0,8.388441324234009,0,5a82800855429966c78a6a2f,0.0,0,3,5,
0,0,6.505874872207642,0,5a8671e95542994775f60763,0.0,0,3,4,
0,0,6.635265111923218,0,5ae347fb5542992e3233c368,0.0,0,3,4,
0,0,6.59763503074646,0,5adf744d5542992d7e9f937e,0.0,0,3,5,
0,0,6.680584192276001,0,5a773c5c55429966f1a36cbb,0.0,0,3,6,
0,0,6.569965362548828,0,5a847edd554299123d8c2272,0.3333333333333333,1,3,3,
0,0,6.5368359088897705,0,5a7d68e25542995f4f402270,0.25,1,3,4,
0,0,78.09476161003113,5,5ab5b701554299637185c5e7,0.0,0,18,3,
0,0,37.760069131851196,2,5ab61668554299488d4d9aa6,0.0,0,9,3,
0,0,11.412392377853394,0,5a8da97c554299068b959d84,0.0,0,3,1,
0,0,11.248307704925537,0,5a73ae3b55429978a71e907c,0.0,0,3,3,
0,0,24.6439688205719,1,5ae00895554299025d62a3b2,0.25,1,6,4,
0,0,10.78809404373169,0,5abd6db755429933744ab7d0,0.16666666666666666,1,3,6,
0,0,11.462687253952026,0,5a7f3361554299306751369a,0.0,0,3,2,
0,0.010582010582010583,36.815211057662964,2,5ae1cf355542997f29b3c126,0.0,0,9,2,
0,0,60.158806562423706,5,5a8778d25542994846c1cd89,0.0,0,18,3,
0,0,21.396629333496094,1,5abce73055429959677d6b34,0.16666666666666666,1,6,6,
0,0,11.390440464019775,0,5abae14b5542996606241657,0.5,2,3,4,
0,0,11.293975591659546,0,5ac0c84a554299012d1db633,0.0,0,3,3,
0,0,11.417463779449463,0,5ae5da8d55429929b08079d1,0.0,0,3,6,
0,0,11.714022159576416,0,5a72f0e25542991f9a20c5cf,0.0,0,3,4,
0,0,11.278534650802612,0,5abe9cc95542993f32c2a184,0.0,0,3,5,
0,0.1111111111111111,6.203951835632324,1,5a7502345542993748c89795,0.0,0,3,1,
0,0,63.72019147872925,5,5ade0e115542995b365fabf3,0.3333333333333333,1,18,3,
0,0,55.40869903564453,5,5a88a23f5542997e5c09a652,0.0,0,18,3,
0,0,9.625271558761597,0,5a87b93c5542996e4f3088ec,0.3333333333333333,1,3,3,
0,0,9.707872867584229,0,5ab23d8a55429970612095c9,0.0,0,3,4,
0,0,9.674998760223389,0,5abf11d45542997719eab660,0.0,0,3,2,
0,0,10.304155588150024,0,5a70eee85542994082a3e3f0,0.125,1,3,8,
0,0,10.87537932395935,0,5a73250a5542991f9a20c643,0.16666666666666666,1,3,6,
0,0,10.035359382629395,0,5adfed5e55429942ec259b92,0.0,0,3,7,
0,0,11.555094242095947,0,5a8832d355429938390d3f03,0.2,1,3,5,
0,0,9.140125513076782,0,5ae4bb1255429913cc2044e7,0.0,0,3,2,
0,0,9.64393401145935,0,5abe6f8455429965af743f03,0.0,0,3,3,
0,0,18.333622694015503,1,5a88401c5542994846c1ce60,0.0,0,6,8,
0,0,9.153695583343506,0,5a7ba11d554299294a54aa39,0.0,0,3,1,
0,0,9.172379732131958,0,5a78bd515542990784727749,0.0,0,3,4,
0,0,9.184279680252075,0,5abf64265542997ec76fd3eb,0.0,0,3,2,
0,0,9.129755973815918,0,5a7a5ec855429941d65f25e4,0.0,0,3,4,
0,0,9.06945276260376,0,5ae038e955429942ec259c4d,0.0,0,3,5,
,,,,5a77d25555429949eeb29f6c,,,,,Ollama request exceeded timeout limit for model stable-qwen with error: timed out
0,0,9.826487064361572,0,5ab92f1f554299753720f77b,0.3333333333333333,1,3,3,
0,0,9.548012495040894,0,5ac24a035542992f1f2b3832,0.0,0,3,3,
0,0,9.788004398345947,0,5ae55ed15542992663a4f1ea,0.0,0,3,4,
0,0,9.668641328811646,0,5a8b6d885542997f31a41d25,0.0,0,3,5,
0,0,9.850948810577393,0,5a7f68365542994857a7672e,0.3333333333333333,1,3,3,
0,0,10.083069562911987,0,5ae1d4e8554299234fd04312,0.0,0,3,9,
0,0,9.731643438339233,0,5ae504a855429908b63264df,0.0,0,3,4,
0,0.014285714285714287,12.24259638786316,0,5a8ae61955429970aeb70326,0.0,0,3,3,
0,0,10.744930505752563,0,5ab8420555429919ba4e2290,0.0,0,3,1,
0,0,9.688865661621094,0,5ae6316d5542996de7b71b87,0.0,0,3,5,
0,0,9.756386280059814,0,5abb254c5542992ccd8e7f29,0.14285714285714285,1,3,7,
0,0,9.694638729095459,0,5ae0b0af55429945ae959424,0.0,0,3,2,
0,0,9.94844126701355,0,5ac3bd0c554299204fd21e21,0.0,0,3,3,
0,0,9.722309827804565,0,5abfad3c5542990832d3a197,0.0,0,3,3,
0,0.012903225806451615,9.782882452011108,0,5adcecbd5542992c1e3a24b7,0.0,0,3,3,
0,0,9.690725326538086,0,5ae0120155429925eb1afbfb,0.0,0,3,4,
0,0.09090909090909093,4.291122674942017,1,5ae5cf0b55429929b08079aa,0.0,0,3,2,
0,0,9.88811469078064,0,5a7746cf5542994aec3b7263,0.0,0,3,6,
0,0,9.745349168777466,0,5a7109e95542994082a3e4fa,0.2,1,3,5,
0,0,9.801706790924072,0,5ae0536755429924de1b70a6,0.0,0,3,4,
0,0,13.362845659255981,0,5ae5e8dc554299546bf82fbe,0.3333333333333333,1,3,3,
0,0,9.98765516281128,0,5ae4f8b755429960a22e0230,0.0,0,3,4,
0,0,21.423705101013184,1,5abd957a5542996e802b47eb,0.0,0,6,6,
0,0,9.124761819839478,0,5ab48ec25542991779162cdc,0.0,0,3,6,
0,0,19.92776918411255,1,5adca0845542994d58a2f684,0.0,0,6,4,
0,0,9.191022396087646,0,5a8b2d3255429950cd6afc60,0.0,0,3,3,
0,0,9.140356540679932,0,5a849c135542992a431d1a7a,0.0,0,3,4,
0,0,9.30482268333435,0,5ab2f50a55429929539468cd,0.0,0,3,6,
0,0,9.245302677154541,0,5a87081755429960ec39b6fe,0.2,1,3,5,
0,0,24.182667016983032,1,5ac17c865542994ab5c67d6a,0.0,0,6,3,
0,0,9.192876100540161,0,5a7943ea5542994bb9456fd3,0.25,1,3,4,
0,0,9.336932182312012,0,5abdc18555429965af743e2b,0.0,0,3,1,
0,0,9.290734767913818,0,5a8a1aea5542992e4fca8508,0.0,0,3,5,
0,0,9.311038494110107,0,5a8268215542995ce29dccfb,0.0,0,3,3,
0,0,9.117141723632812,0,5a714f6f5542994082a3e7b3,0.0,0,3,2,
0,0,9.376134395599365,0,5abfd3ba5542994516f4550a,0.0,0,3,3,
0,0,9.284544944763184,0,5abe7e1d55429976d4830b36,0.0,0,3,2,
0,0,9.1954026222229,0,5abbd4425542993f40c73bcc,0.3333333333333333,1,3,3,
0,0,9.360673427581787,0,5ac288a95542990b17b153e5,0.16666666666666666,1,3,6,
0,0,9.24952745437622,0,5a89e28f5542992e4fca843e,0.0,0,3,6,
0,0,12.097309589385986,0,5adfb10855429942ec259af9,1.0,2,3,2,
0,0.017094017094017096,9.204044103622437,0,5a7732dc55429972597f149b,0.0,0,3,2,
0,0,11.106396198272705,0,5aba89365542994dbf019932,0.0,0,3,6,
0,0,9.085485219955444,0,5a90a9a45542990a9849367e,0.0,0,3,3,
0,0,9.091509103775024,0,5a7baae2554299042af8f794,0.0,0,3,6,
0,0,9.318586826324463,0,5a78b5f7554299148911f95b,0.0,0,3,2,
0,0,46.09851384162903,1,5ae199305542997b2ef7d20e,0.0,0,6,3,
0,0,4.636568307876587,1,5ae362105542991a06ce99ae,0.5,2,3,4,
0,0,10.381153106689453,0,5ab833ad5542990e739ec86f,0.0,0,3,2,
0,0,20.577528715133667,1,5a84b8555542991dd0999db2,0.0,0,6,1,
0,0,9.227302551269531,0,5a78c66e55429974737f787b,0.0,0,3,3,
0,0.016260162601626018,9.162317037582397,0,5ab5c8c5554299637185c60d,0.0,0,3,3,
0,0.01550387596899225,9.383126020431519,0,5ae544035542992663a4f1af,0.5,2,3,4,
0,0,9.360462188720703,0,5ac3a364554299391541385d,0.2,1,3,5,
0,0,8.046346187591553,0,5a77919d5542995d831811dd,0.0,0,3,1,
0,0,9.272961616516113,0,5a899bf955429946c8d6e959,0.2857142857142857,2,3,7,
0,0,46.12050724029541,1,5adc6e035542994650320cec,0.0,0,6,4,
0,0,10.901751279830933,0,5a75495a5542996c70cfaed8,0.0,0,3,6,
0,0,9.236399412155151,0,5aba056255429939ce03dc55,0.0,0,3,3,
,,,,5a7b76225542997c3ec9719c,,,,,Ollama request exceeded timeout limit for model stable-qwen with error: timed out
0,0,9.266260385513306,0,5ac02880554299012d1db5c0,0.0,0,3,4,
0,0.013422818791946308,10.28571105003357,0,5adfcc625542992d7e9f93d3,0.0,0,3,7,
0,0,9.303334712982178,0,5ae3f82a5542996836b02c01,0.0,0,3,2,
0,0,9.29895544052124,0,5ae0d85d5542990adbacf67e,0.0,0,3,5,
0,0,9.570750951766968,0,5ac2eb635542990b17b154a7,0.0,0,3,6,
0,0.015873015873015876,9.34642505645752,0,5a76404b5542994ccc91873d,0.0,0,3,6,
0,0,8.932905673980713,0,5abf8cc35542990832d3a14e,0.0,0,3,1,
0,0,9.362244367599487,0,5a86f94a5542991e7718169e,0.0,0,3,7,
0,0,9.47430968284607,0,5a80ad19554299485f5986a8,0.0,0,3,6,
0,0,9.34001636505127,0,5adcc7515542994ed6169bff,0.3333333333333333,1,3,3,
0,0,9.720458269119263,0,5adcfebe5542992c1e3a24f3,0.0,0,3,4,
0,0,9.412210464477539,0,5ae364285542991a06ce99b3,0.0,0,3,3,
0,0,9.773956775665283,0,5ae5fa38554299546bf82ff1,0.0,0,3,4,
0,0,9.228984832763672,0,5ae564a155429960a22e02e4,0.0,0,3,8,
0,0,8.665689468383789,0,5ab446875542990594ba9bea,0.0,0,3,3,
0,0,9.342319965362549,0,5adfa8d0554299025d62a32c,0.0,0,3,6,
,,,,5ac30a79554299657fa290e2,,,,,Ollama request exceeded timeout limit for model stable-qwen with error: timed out
,,,,5ae3fd595542995dadf24292,,,,,Ollama request exceeded timeout limit for model stable-qwen with error: timed out
,,,,5a89e20a5542992e4fca8438,,,,,Ollama request exceeded timeout limit for model stable-qwen with error: timed out
,,,,5a84524a554299123d8c2203,,,,,Ollama request exceeded timeout limit for model stable-qwen with error: timed out
,,,,5adcbb815542994ed6169bde,,,,,Ollama request exceeded timeout limit for model stable-qwen with error: timed out
,,,,5ab4428c5542990594ba9bda,,,,,Ollama request exceeded timeout limit for model stable-qwen with error: timed out
,,,,5ac14d0c5542991316484ae2,,,,,Ollama request exceeded timeout limit for model stable-qwen with error: timed out
,,,,5ac3c10a554299204fd21e33,,,,,Ollama request exceeded timeout limit for model stable-qwen with error: timed out
,,,,5add5f395542990dbb2f7e50,,,,,Ollama request exceeded timeout limit for model stable-qwen with error: timed out
0,0,4.267238140106201,1,5a736e0155429901807db04f,0.0,0,3,5,
,,,,5a734a205542992359bc32e2,,,,,Ollama request exceeded timeout limit for model stable-qwen with error: timed out
,,,,5ae484f855429970de88d999,,,,,Ollama request exceeded timeout limit for model stable-qwen with error: timed out
,,,,5a8d18fb5542994ba4e3dbf2,,,,,Ollama request exceeded timeout limit for model stable-qwen with error: timed out
,,,,5ac2a10e554299657fa28fec,,,,,
0,0.34782608695652173,31.045501232147217,5,5a81e8a0554299676cceb157,1.5,3,18,2,
0,0,27.030776262283325,5,5a84ee4c5542997175ce1f2b,0.0,0,18,3,
0,0,27.024203777313232,5,5a8e68b15542995085b3742d,0.0,0,18,2,
0,0,27.48589849472046,5,5a8e03375542995a26add458,0.0,0,18,4,
0,0,28.67572855949402,5,5ab938fb554299131ca422ce,0.0,0,18,3,
0,0,33.849782943725586,5,5ac4f9db55429924173fb532,0.6666666666666666,2,18,3,
0,0,35.814473152160645,5,5ac4f33355429924173fb507,0.1,1,18,10,
0,0,35.512084007263184,5,5a8bc3ac5542995e66a47501,0.0,0,18,8,
0,0,35.62105584144592,5,5ab5d43f5542997d4ad1f1f6,0.0,0,18,2,
0,0,30.129838705062866,5,5a8d7e1055429941ae14dfd8,0.0,0,18,7,
0,0,36.04742932319641,5,5a8db348554299068b959dc2,0.0,0,18,4,
0,0,36.87702941894531,5,5a76bbe85542993735360191,0.16666666666666666,1,18,6,
0,0,38.14145064353943,5,5ac39f7b554299218029dbe7,0.5,1,18,2,
,,,,5a76f45a5542994aec3b719b,,,,,Ollama request exceeded timeout limit for model stable-qwen with error: timed out
0,0,37.0912606716156,5,5a738b855542992d56e7e363,0.0,0,18,1,
0,0,41.489213943481445,5,5ae5b06e554299546bf82f2a,0.0,0,18,10,
0,0,40.76175808906555,5,5a76648f5542992db9473795,0.0,0,18,9,
0,0,38.60823440551758,5,5ae0593855429945ae959333,0.6666666666666666,2,18,3,
0,0,48.8672149181366,5,5a90492655429933b8a204d8,0.0,0,18,3,
0,0,44.43472719192505,5,5a7b443c5542992d025e67ce,0.0,0,18,3,
,,,,5a865d11554299211dda2b0d,,,,,Ollama request exceeded timeout limit for model stable-qwen with error: timed out
0,0,7.553168296813965,0,5ae46ebc5542995dadf24331,0.0,0,3,3,
0,0,7.5494301319122314,0,5a7fc21455429969796c1b4b,0.0,0,3,6,
0,0,7.402947664260864,0,5ae1dac95542997283cd229b,0.0,0,3,1,
0,0,7.436560153961182,0,5ae48a2b55429913cc204494,0.5,2,3,4,
0,0.026666666666666665,7.6200361251831055,0,5a835a265542992ef85e2281,0.0,0,3,1,
0,0,7.404539108276367,0,5ae4c8f35542990ba0bbb130,0.0,0,3,4,
0,0,7.548318386077881,0,5abda6b255429965af743d9a,0.25,1,3,4,
0,0.02702702702702703,7.434024810791016,0,5a8a07725542992d82986e5b,0.0,0,3,3,
0,0,7.60688853263855,0,5a8911ad554299515336129c,0.2857142857142857,2,3,7,
0,0,7.419671058654785,0,5ade48795542992fa25da729,0.0,0,3,3,
0,0.025974025974025972,7.443779945373535,0,5ae35c945542992e3233c3bd,0.0,0,3,10,
0,0,7.619229555130005,0,5abb9ad4554299642a094abe,0.0,0,3,3,
0,0,7.784618616104126,0,5ae3a0be5542991a06ce9a05,0.2857142857142857,2,3,7,
0,0,7.6608288288116455,0,5ac027005542996f0d89cb3d,0.3333333333333333,1,3,3,
0,0,7.426797151565552,0,5abc6d14554299700f9d78bf,0.0,0,3,6,
0,0,8.925867080688477,0,5ab42b905542992339550040,0.0,0,3,5,
0,0,7.378717660903931,0,5a83155c55429954d2e2ec0e,0.0,0,3,3,
0,0,7.434128522872925,0,5a77b6c85542992a6e59df96,0.0,0,3,6,
0,0,7.5119853019714355,0,5abdf06355429976d4830a2d,0.25,1,3,4,
0,0.02631578947368421,7.428501605987549,0,5ae291bb5542996483e649f6,0.0,0,3,1,
0,0,7.528749227523804,0,5ac344d6554299741d48a23f,0.0,0,3,4,
0,0,7.440645217895508,0,5ac4f42b55429924173fb50d,0.14285714285714285,1,3,7,
0,0,6.964775800704956,0,5a75e29f5542992d0ec0600c,0.0,0,3,7,
0,0,7.640443325042725,0,5ae397df5542994393b9e71f,0.0,0,3,5,
0,0,7.431778430938721,0,5a825b0e55429954d2e2eb0c,1.0,1,3,1,
0,0,7.576924800872803,0,5ab56b9b5542997d4ad1f113,0.0,0,3,3,
0,0,7.471034288406372,0,5ae1f48d554299234fd0436b,0.0,0,3,2,
0,0,7.44992733001709,0,5a8760e75542996e4f3087af,0.0,0,3,8,
0,0,7.536245822906494,0,5a8f51185542992414482a3d,0.5,1,3,2,
0,0,5.4412314891815186,1,5ade66dd55429975fa854ebe,0.0,0,3,3,
0,0,7.455284357070923,0,5ae256435542992decbdccc3,0.0,0,3,4,
0,0,7.482442855834961,0,5ae1d52f554299234fd04315,0.1111111111111111,1,3,9,
0,0.02631578947368421,7.344539165496826,0,5a747a3755429974ef308c09,0.0,0,3,5,
0,0,11.24351978302002,0,5a7ec6f355429934daa2fc61,0.0,0,3,3,
0,0,7.4374840259552,0,5ab69f9a554299710c8d1ef8,0.0,0,3,3,
,,,,5a75e814554299109176e5c7,,,,,Ollama request exceeded timeout limit for model stable-qwen with error: timed out
0,0,7.543067216873169,0,5ab3c53955429969a97a81b9,0.0,0,3,4,
0,0,7.515191316604614,0,5ab46f4e5542991751b4d770,0.0,0,3,3,
0,0,7.9491612911224365,0,5ae3dfb05542992e3233c490,0.0,0,3,5,
0,0,8.305638790130615,0,5ac13f425542991316484a96,0.0,0,3,3,
0,0,7.5167927742004395,0,5ab5d2ac5542992aa134a3a6,0.0,0,3,1,
0,0,7.469686985015869,0,5ac286c055429963665199f8,0.16666666666666666,1,3,6,
0,0,7.591249227523804,0,5abb0b5c5542996cc5e49f79,0.0,0,3,2,
0,0,7.602861642837524,0,5a90937955429933b8a20568,0.0,0,3,4,
0,0,7.495681047439575,0,5a7a5ccf55429941d65f25d7,0.3333333333333333,1,3,3,
0,0,7.773071765899658,0,5a80d6be55429938b6142206,0.2,1,3,5,
0,0,7.582817554473877,0,5ae7e8b855429952e35ea9dd,0.0,0,3,2,
0,0,7.480055093765259,0,5a895f6155429946c8d6e914,0.5,2,3,4,
0,0,9.20091724395752,0,5abda8d55542992ac4f382e7,0.0,0,3,2,
0,0,7.449939489364624,0,5abdce1b5542993062266cfe,1.0,1,3,1,
0,0,7.555294513702393,0,5ac2c338554299657fa29039,0.0,0,3,5,
0,0,7.41191291809082,0,5ade64c7554299728e26c710,0.0,0,3,5,
0,0,7.496362209320068,0,5a8646ec5542991e771815f2,0.0,0,3,4,
0,0,7.062998294830322,0,5a89d48c554299515336132e,0.16666666666666666,1,3,6,
0,0,7.43758225440979,0,5a84c5545542991dd0999dee,0.0,0,3,3,
0,0,4.382978200912476,1,5a8d40585542994ba4e3dc39,1.0,1,3,1,
0,0,0.5903947353363037,0,5abbee315542993f40c73c1d,,,,,
0,0,7.492140769958496,0,5abbbaca55429931dba144ca,0.0,0,3,1,
0,0,7.530176639556885,0,5ab520645542991779162d85,0.0,0,3,2,
0,0,7.468130350112915,0,5a7f53445542992097ad2f15,0.0,0,3,4,
0,0.024390243902439022,7.431188583374023,0,5a77ad2f55429967ab105225,0.5,2,3,4,
0,0,7.6926960945129395,0,5a84a97f5542992a431d1a87,0.0,0,3,5,
0,0,7.425107002258301,0,5ab6f7415542991d322236f4,0.1111111111111111,1,3,9,
0,0,7.593724489212036,0,5a8e0b7f5542995085b373ae,0.0,0,3,1,
0,0,7.436338663101196,0,5a8d8f77554299068b959d3e,0.0,0,3,4,
0,0,10.334150791168213,0,5ae267a35542992decbdccee,0.0,0,3,4,
0,0,7.514418601989746,0,5ae721c15542996d980e7cbc,0.0,0,3,4,
0,0,7.497202634811401,0,5ac2782d55429963665199cc,0.0,0,3,5,
0,0,9.206143617630005,0,5a758ba75542992db9473677,0.0,0,3,1,
0,0.026666666666666665,7.4574549198150635,0,5a8d77525542994ba4e3dc90,0.5,1,3,2,
0,0,7.57464599609375,0,5abbfa8f55429965836003cc,0.5,1,3,2,
0,0,7.4195568561553955,0,5ae0ec48554299422ee9955a,0.14285714285714285,1,3,7,
0,0,13.996055364608765,1,5a8f7a7055429918e830d230,0.14285714285714285,1,6,7,
0,0,7.411710977554321,0,5ade82ba5542992fa25da7a3,0.0,0,3,2,
0,0,17.382051706314087,1,5a7a48c45542994f819ef1b7,0.0,0,6,5,
0,0,7.116182804107666,0,5ab2deb75542991669774118,0.0,0,3,6,
0,0,6.921412467956543,0,5a823fbf55429903bc27ba54,0.0,0,3,4,
0,0,6.9904985427856445,0,5a8f5a185542992414482a71,0.0,0,3,9,
0,0,7.138308763504028,0,5ab2b1e05542997061209685,0.0,0,3,4,
0,0,7.023399114608765,0,5a828c3355429940e5e1a8f0,0.4,2,3,5,
0,0,15.231503009796143,1,5ab851e35542990e739ec8c3,0.0,0,6,5,
0,0,7.014477014541626,0,5a8e3ed7554299068b959e82,0.0,0,3,4,
0,0,7.135987281799316,0,5a7be294554299294a54ab44,0.0,0,3,4,
0,0,7.5799853801727295,0,5ae04ea555429924de1b709e,0.3333333333333333,1,3,3,
0,0,8.738036870956421,0,5a728f3c5542992359bc30f4,0.0,0,3,3,
0,0,6.8954832553863525,0,5ac3959855429939154137f0,0.5,1,3,2,
0,0,7.012808322906494,0,5a8782f25542996e4f308818,0.0,0,3,4,
0,0,13.857974529266357,1,5ae791245542997b22f6a7a3,0.0,0,6,11,
0,0,7.021546840667725,0,5ae5366e5542990ba0bbb22b,1.0,1,3,1,
0,0.10714285714285714,6.907104969024658,0,5abadcb35542996606241647,0.0,0,3,19,
0,0,7.100555181503296,0,5ab7f78f5542991d322237e6,0.0,0,3,7,
0,0,7.010218381881714,0,5a79178d554299029c4b5ef9,0.0,0,3,4,
0,0,7.009763240814209,0,5a8c5eca554299240d9c213d,0.0,0,3,3,
0,0,7.198227405548096,0,5ae5c212554299546bf82f4b,0.0,0,3,4,
0,0,15.674192190170288,1,5ae736cb5542991bbc9761c2,0.0,0,6,5,
0,0,7.007775068283081,0,5ab9b939554299743d22ebca,0.0,0,3,4,
0,0,7.1223437786102295,0,5a8463d05542990548d0b2a5,0.0,0,3,3,
0,0,7.0555737018585205,0,5a7da6015542995f4f40229d,0.0,0,3,3,
0,0,6.946160554885864,0,5ab2f85b55429929539468dc,0.0,0,3,5,
0,0,7.187976837158203,0,5a75f7db5542994ccc918670,0.0,0,3,4,
0,0,7.043893575668335,0,5abfa5fb5542990832d3a183,0.0,0,3,2,
0,0,8.956974744796753,0,5ae588cb55429960a22e0300,0.0,0,3,2,
0,0,13.812437295913696,1,5a7ab1e955429931da12c95d,0.0,0,6,3,
0,0,7.029836416244507,0,5a79c8945542994bb945709e,0.0,0,3,2,
0,0,6.9465343952178955,0,5ac0805f5542992a796ded29,0.0,0,3,2,
0,0,7.097863435745239,0,5ab310bb554299233954fef9,0.0,0,3,2,
0,0,6.998836278915405,0,5ade4801554299728e26c6ab,0.0,0,3,6,
0,0,7.11717677116394,0,5aba33985542994dbf0198c3,0.0,0,3,7,
0,0,7.007216453552246,0,5ac3e01d5542997ea680c969,0.25,1,3,4,
0,0,7.968744993209839,0,5ab3a84b554299233954ff7b,0.0,0,3,2,
0,0,8.075520992279053,0,5ab8723c55429934fafe6dbc,0.4,2,3,5,
0,0,7.436670303344727,0,5a8ad2f3554299515336138d,0.0,0,3,3,
0,0,7.9103357791900635,0,5a83a7e15542992ef85e2347,0.0,0,3,4,
0,0,7.0918357372283936,0,5ab9625e55429970cfb8eaa9,0.3333333333333333,2,3,6,
0,0,7.068028211593628,0,5a77b1a75542992a6e59df8d,0.0,0,3,7,
0,0,7.405949354171753,0,5a8612d45542996432c5719b,0.0,0,3,2,
0,0,6.904777526855469,0,5a8f2fed55429918e830d1c7,0.2,1,3,5,
0,0,7.16566801071167,0,5a78ce5d55429974737f78ac,0.0,0,3,3,
0,0,7.039862155914307,0,5ae7f6be554299540e5a56db,0.0,0,3,4,
0,0,8.829655170440674,0,5a7bc5f255429927d897c03e,0.0,0,3,5,
0,0,6.903409242630005,0,5a88b513554299206df2b338,0.0,0,3,3,
0,0,6.892434358596802,0,5ac0e0c75542997d64295a6e,0.0,0,3,5,
0,0,7.05469536781311,0,5a7284c85542991f9a20c4c0,0.0,0,3,4,
0,0,6.9706385135650635,0,5a7263e05542997f82783998,0.0,0,3,2,
0,0,7.037922620773315,0,5ab96bf15542996be20204d8,0.2,1,3,5,
0,0,6.924213647842407,0,5addfdf65542992200553bd2,0.0,0,3,4,
0,0,7.050698280334473,0,5ac06e24554299294b218fd1,0.0,0,3,2,
0,0,7.084527969360352,0,5adc914d5542994ed6169b90,0.0,0,3,4,
0,0,7.063736915588379,0,5addc79d5542995b365fab7b,0.125,1,3,8,
0,0,7.059678316116333,0,5aba7a22554299232ef4a2e7,0.0,0,3,4,
0,0,6.992697238922119,0,5ab6644655429954757d327d,0.0,0,3,9,
0,0,7.060439348220825,0,5a8edb7f55429917b4a5bdeb,0.16666666666666666,1,3,6,
0,0,7.001763582229614,0,5a8e341c5542995085b373d6,0.0,0,3,4,
0,0,6.945573806762695,0,5ab931475542991b5579f12f,0.25,1,3,4,
0,0,7.163254022598267,0,5a731c205542994cef4bc45d,0.16666666666666666,1,3,6,
0,0,6.957809686660767,0,5a7b971255429927d897bff3,0.0,0,3,4,
0,0,7.1270081996917725,0,5a8ced46554299441c6b9f82,0.0,0,3,2,
0,0,24.68592357635498,2,5a7c988755429935c91b524d,0.0,0,9,3,
,,,,5ac175635542994ab5c67d4b,,,,,Ollama request exceeded timeout limit for model stable-qwen with error: timed out
,,,,5a835b88554299123d8c2101,,,,,Ollama request exceeded timeout limit for model stable-qwen with error: timed out
0,0,23.386762857437134,2,5a7a1f795542996c55b2dd1b,0.0,0,9,6,
0,0,8.293341159820557,0,5abb7ff15542996cc5e4a015,0.0,0,3,3,
0,0,8.124972105026245,0,5a84b5ac5542991dd0999da4,0.1111111111111111,1,3,9,
0,0,8.112378597259521,0,5a88a5645542997e5c09a679,0.0,0,3,6,
0,0,8.214702129364014,0,5a8bba645542995e66a474e5,0.0,0,3,1,
0,0,8.16012978553772,0,5a73024f5542991f9a20c5fc,0.0,0,3,2,
0,0,8.21331238746643,0,5ab68a71554299710c8d1ec2,1.0,1,3,1,
0,0,8.117361783981323,0,5a78f18855429974737f7915,0.3333333333333333,1,3,3,
0,0,8.326066493988037,0,5abb729b5542993f40c73af4,0.0,0,3,4,
0,0,9.760329008102417,0,5ae490a85542995ad6573d9d,0.0,0,3,3,
0,0,8.045400142669678,0,5a796bfd55429970f5fffeac,0.0,0,3,1,
0,0,8.106799840927124,0,5a7c6c9d554299683c1c6302,0.0,0,3,1,
0,0,8.072298526763916,0,5ac0fd56554299012d1db679,0.5,1,3,2,
0,0,8.150399684906006,0,5a777ca855429949eeb29e6a,0.0,0,3,8,
0,0,8.082723379135132,0,5a909a1a55429916514e7506,0.0,0,3,4,
0,0,8.04814887046814,0,5a734ca85542994cef4bc51b,0.3333333333333333,1,3,3,
0,0,8.16267991065979,0,5a82028a554299676cceb1d6,0.6666666666666666,2,3,3,
0,0,8.10823655128479,0,5ac43ddf5542995c82c4ad08,1.0,2,3,2,
0,0,8.218673706054688,0,5ae644cc55429908198fa568,0.0,0,3,4,
0,0,7.284703731536865,0,5adfec5f55429942ec259b8d,0.2222222222222222,2,3,9,
0,0,8.224851369857788,0,5a749e1855429979e28829c3,0.0,0,3,3,
0,0,8.06712293624878,0,5ae31ca155429928c4239608,0.0,0,3,4,
0,0,8.107338905334473,0,5a79cabc5542994f819ef0a1,0.0,0,3,3,
0,0,8.210197925567627,0,5a77a3a355429967ab105211,0.0,0,3,1,
0,0,8.026335716247559,0,5ae55ec855429908b63265f5,0.0,0,3,6,
0,0,8.223626136779785,0,5ae14b0655429920d52343a6,0.0,0,3,4,
0,0,8.450177669525146,0,5a74f8235542993748c89766,0.0,0,3,14,
0,0,8.166251420974731,0,5adf8a065542992d7e9f9392,0.0,0,3,9,
0,0,9.901511430740356,0,5a7a0201554299029c4b5f9e,0.0,0,3,1,
0,0,8.106087923049927,0,5ac322c95542995ef918c117,0.0,0,3,3,
0,0,8.257710218429565,0,5abc184a5542993a06baf863,0.5,1,3,2,
0,0,15.424035549163818,1,5ae798ce55429952e35ea995,0.2,1,6,5,
0,0,5.843760013580322,0,5ae61e7555429929b0807adf,0.0,0,3,5,
0,0,5.797227621078491,0,5a71278c5542994082a3e5e2,0.0,0,3,2,
0,0,6.069106578826904,0,5ab91ef3554299753720f708,0.2,1,3,5,
0,0,5.868725299835205,0,5ae3376455429928c4239688,0.25,1,3,4,
0,0,6.049184083938599,0,5a8c7057554299653c1aa066,0.25,1,3,4,
0,0.07407407407407408,5.890132665634155,0,5a8e08ab5542995085b37393,0.0,0,3,4,
0,0,6.5283942222595215,0,5ac19ff65542994d76dcce8f,0.0,0,3,3,
0,0,6.11298680305481,0,5ab88c075542991b5579efbe,0.0,0,3,2,
0,0,6.277446508407593,0,5a7438ec55429979e28828b8,0.0,0,3,7,
0,0,6.05194616317749,0,5a7663665542992d0ec060d3,1.0,1,3,1,
0,0,47.940837144851685,5,5a737d3c55429908901be2c8,0.0,0,18,3,
0,0,32.63711953163147,3,5a75e16055429976ec32bc6a,0.25,1,12,4,
0,0,15.490637063980103,1,5ab46d195542991751b4d76a,0.0,0,6,3,
0,0,7.267366170883179,0,5ae1d32a554299492dc91b9c,0.3333333333333333,1,3,3,
0,0,7.425038814544678,0,5ac4edf155429924173fb4e3,0.0,0,3,5,
0,0,7.2773497104644775,0,5a861ea85542994775f60700,0.0,0,3,3,
0,0,7.371615171432495,0,5ae0aabc55429945ae9593fe,1.0,1,3,1,
0,0,7.423201560974121,0,5a7c4e655542990527d55489,0.0,0,3,3,
0,0,7.346046209335327,0,5a7e058f5542995f4f402390,0.0,0,3,1,
0,0,7.455333948135376,0,5a7ef6b35542994959419a94,0.4,2,3,5,
0,0,7.3028082847595215,0,5adcf8155542990d50227d6a,0.0,0,3,5,
0,0,7.328592538833618,0,5a778d7855429967ab1051fa,0.0,0,3,6,
0,0,7.522186040878296,0,5ae26b5f5542992decbdccf8,0.0,0,3,3,
0,0,7.3279643058776855,0,5a8ba3ff55429971feec4744,0.0,0,3,3,
0,0,9.060612440109253,0,5a85fc995542996432c5715f,0.0,0,3,3,
0,0,0.2659108638763428,0,5a8efb5a55429918e830d172,,,,,
0,0,6.399249792098999,0,5a7cd66a554299452d57ba90,0.0,0,3,3,
0,0,7.342503309249878,0,5ac0dcf25542996f0d89cc2c,0.0,0,3,8,
0,0,7.2562501430511475,0,5ab9d0b755429955dce3ed8f,0.0,0,3,5,
0,0,7.263894319534302,0,5a90cb205542995651fb51fe,0.0,0,3,6,
0,0,7.409168243408203,0,5ae198bf5542997b2ef7d20d,0.0,0,3,3,
0,0,7.341654300689697,0,5ab36c3f55429969a97a8146,0.0,0,3,5,
0,0,7.357609510421753,0,5ab278745542997061209617,0.0,0,3,3,
0,0,7.268293380737305,0,5ae3dcc05542991a06ce9a33,0.0,0,3,3,
0,0,15.807586193084717,1,5a75639255429916b01642f7,0.0,0,6,5,
0,0,7.1929333209991455,0,5a7619765542992db9473728,0.0,0,3,10,
0,0,7.653351783752441,0,5ae76e615542997ec2727647,0.0,0,3,3,
0,0,7.569242000579834,0,5ac3d9135542995c82c4ac4c,0.0,0,3,5,
0,0,7.663115739822388,0,5a85441f5542997175ce1faa,0.3333333333333333,1,3,3,
0,0,7.344313621520996,0,5a82accd55429966c78a6a78,0.0,0,3,7,
,,,,5ae1847e55429920d52343ee,,,,,Ollama request exceeded timeout limit for model stable-qwen with error: timed out
0,0,8.2792809009552,0,5a7b581a5542992d025e6815,0.0,0,3,3,
0,0,7.692090034484863,0,5a72f45a5542992359bc31e6,0.25,1,3,4,
0,0,6.17393946647644,1,5a74d4f355429974ef308c79,0.0,0,3,3,
0,0,7.290950775146484,0,5ab9d02155429970cfb8ebb0,0.0,0,3,6,
0,0,7.246192932128906,0,5ab71a6a5542991d3222377c,0.0,0,3,4,
0,0,7.3521409034729,0,5a7dab795542990b8f503a22,0.0,0,3,4,
0,0,7.21443247795105,0,5a779fd95542997042120ab5,0.0,0,3,4,
0,0,7.394392967224121,0,5a78d9c455429970f5fffda7,0.0,0,3,6,
0,0,7.234990119934082,0,5a719bf25542994082a3e891,0.0,0,3,1,
0,0,7.381220579147339,0,5adf37955542993a75d2642e,0.3333333333333333,1,3,3,
,,,,5ab70f79554299110f219aa9,,,,,Ollama request exceeded timeout limit for model stable-qwen with error: timed out
0,0,7.674489498138428,0,5ae236b2554299495565da3e,0.0,0,3,3,
0,0,10.049773931503296,0,5ae3599b5542992e3233c39d,0.0,0,3,2,
0,0,7.260259628295898,0,5ae1f8235542997f29b3c1cf,0.0,0,3,2,
0,0,7.371238946914673,0,5ae7bdc05542993210983f29,0.0,0,3,3,
0,0,7.295319318771362,0,5a7ef49a5542994959419a91,0.0,0,3,7,
0,0,7.27384090423584,0,5a8f1672554299458435d558,0.0,0,3,5,
0,0,7.404178619384766,0,5a835e215542992ef85e2296,0.0,0,3,5,
0,0,7.289100408554077,0,5adffc8d55429925eb1afbc6,0.0,0,3,1,
0,0,7.409986734390259,0,5ae1e1e55542997f29b3c15e,0.2,1,3,5,
,,,,5ab27f7b554299722f9b4d4f,,,,,Ollama request exceeded timeout limit for model stable-qwen with error: timed out
0,0,9.090607404708862,0,5ae30aa05542992decbdcdd7,0.0,0,3,5,
0,0,7.505974531173706,0,5ab502ae5542991779162d4c,0.0,0,3,4,
0,0,13.615224838256836,1,5ac1b6845542994d76dccecb,0.0,0,6,2,
0,0,6.9990620613098145,0,5a7323ef5542994cef4bc477,0.0,0,3,5,
0,0,7.0807130336761475,0,5adcfba05542990d50227d83,0.0,0,3,8,
0,0,6.959954023361206,0,5a72239a55429971e9dc92cf,0.5,2,3,4,
0,0,12.710204601287842,1,5ab521575542996a3a96a02e,0.6666666666666666,2,6,3,
0,0,7.329558610916138,0,5ab6c4e055429953192ad386,0.0,0,3,6,
0,0,7.115474700927734,0,5a7c0dab5542997c3ec972d2,0.3333333333333333,1,3,3,
0,0,6.979424238204956,0,5abccb235542996583600497,0.0,0,3,6,
0,0,7.1467320919036865,0,5a8b9cd65542997f31a41d8b,1.0,1,3,1,
0,0,7.293303489685059,0,5a8ce584554299585d9e375c,0.0,0,3,1,
0,0,6.956679105758667,0,5ab6c47e55429954757d3368,0.25,1,3,4,
0,0,7.153578519821167,0,5a7211e655429971e9dc923c,0.2,1,3,5,
0,0,6.970280647277832,0,5ae114f155429901ffe4ad5c,0.0,0,3,2,
0,0,7.1287147998809814,0,5ab6faec5542991d32223708,0.0,0,3,4,
0,0,7.466874837875366,0,5a7f3d9b5542992e7d278cb8,0.0,0,3,4,
0,0,8.734826803207397,0,5ade8f5955429975fa854f10,0.3333333333333333,1,3,3,
0,0,7.379105567932129,0,5a8e32d35542995a26add480,0.0,0,3,5,
0,0,6.922951698303223,0,5ae0bc185542993d6555ec29,0.0,0,3,6,
0,0,7.061725378036499,0,5abd0814554299700f9d797a,0.0,0,3,4,
0,0,15.072697162628174,1,5ae560155542990ba0bbb293,0.0,0,6,4,
0,0,6.961927652359009,0,5a8901a2554299515336125a,0.0,0,3,3,
0,0,6.919174909591675,0,5ade4fcc5542997c77adeded,0.0,0,3,1,
0,0,7.152069807052612,0,5a74c6a655429974ef308c5d,0.0,0,3,1,
0,0,6.95799446105957,0,5a84a4e35542992a431d1a81,0.0,0,3,5,
0,0.03225806451612903,7.113689422607422,0,5adf9ea05542992d7e9f93bf,0.0,0,3,5,
0,0,7.053063869476318,0,5ab2e9b4554299340b525565,0.0,0,3,1,
0,0,7.096132755279541,0,5abdbf3755429933744ab818,0.0,0,3,3,
0,0,7.117786645889282,0,5adf04915542995534e8c72f,0.5,2,3,4,
0,0,7.045069456100464,0,5ae127ba55429920d52342d3,0.25,1,3,4,
0,0,7.2348034381866455,0,5a7353b35542994cef4bc54f,0.0,0,3,5,
0,0,7.415957450866699,0,5abe436455429976d4830ac6,0.0,0,3,3,
0,0,17.75160050392151,1,5abd72475542993062266c9a,0.0,0,6,6,
0,0,7.218766450881958,0,5a7326cd5542991f29ee2d11,0.14285714285714285,1,3,7,
0,0,7.155863046646118,0,5ac3d7f8554299076e296cb0,1.0,1,3,1,
0,0,7.162705898284912,0,5adf8ad25542993344016ce7,0.0,0,3,4,
0,0,7.312583684921265,0,5ab9631a55429970cfb8eaad,0.3333333333333333,1,3,3,
0,0,7.08730936050415,0,5ae72ab25542991e8301cb77,0.0,0,3,5,
0,0,6.985473155975342,0,5abe5ee955429976d4830b03,0.0,0,3,8,
0,0,7.256595134735107,0,5a871a5e5542996432c5721e,0.0,0,3,3,
0,0,7.022887706756592,0,5a7607b6554299109176e619,0.0,0,3,8,
0,0,7.378247976303101,0,5a865bbf5542991e77181615,0.3333333333333333,1,3,3,
0,0,7.050974130630493,0,5ab878ba55429916710eb06c,0.0,0,3,5,
0,0,7.020618915557861,0,5ac2f34455429921a00ab0b6,0.0,0,3,5,
0,0,6.9351396560668945,0,5a82626655429966c78a6a08,0.0,0,3,4,
0,0,7.431228160858154,0,5a7cb84a554299683c1c6350,0.0,0,3,5,
0,0,7.137819528579712,0,5a7aa07d55429941d65f2703,0.0,0,3,2,
0,0,7.00608491897583,0,5ac0e74d554299294b219052,0.0,0,3,4,
0,0,7.1288347244262695,0,5a7b2c9155429927d897bf51,0.0,0,3,3,
0,0,7.067784070968628,0,5ae7fa5a554299540e5a56e4,0.0,0,3,3,
0,0,7.021608591079712,0,5a84b0705542991dd0999d86,0.0,0,3,4,
0,0,8.70635199546814,0,5ae712fa554299572ea546b9,0.0,0,3,2,
0,0,6.923051357269287,0,5abc3c545542993a06baf89f,0.2,2,3,10,
0,0,7.0685715675354,0,5a8135cc55429903bc27b943,0.0,0,3,6,
0,0.6666666666666666,4.015219688415527,1,5a8dd5b855429917b4a5bcc6,0.0,0,3,2,
0,0,14.95936918258667,1,5ab9188c5542991b5579f0f5,0.0,0,6,2,
0,0,30.812870025634766,3,5ab615cf554299488d4d9aa3,0.0,0,12,4,
0,0,6.869925498962402,0,5ab299d6554299449642c926,0.0,0,3,4,
0,0,6.856882810592651,0,5ab801da5542990e739ec7c9,0.0,0,3,2,
0,0,7.3588714599609375,0,5ab83e1a55429919ba4e2280,0.0,0,3,7,
0,0,6.857993125915527,0,5a70f11a5542994082a3e40b,0.0,0,3,9,
0,0,7.002688884735107,0,5a7a098d5542996c55b2dce3,0.0,0,3,2,
0,0,15.085834503173828,1,5ae614215542992663a4f254,0.0,0,6,3,
0,0,7.119860649108887,0,5a8f6b7c5542992414482abc,0.0,0,3,3,
0,0,7.123662233352661,0,5ac24ad7554299636651995a,0.0,0,3,7,
0,0,8.928827047348022,0,5adc0e395542996e685252c1,0.125,1,3,8,
0,0,7.127612113952637,0,5a778f515542995d831811cd,0.0,0,3,4,
0,0,7.124964475631714,0,5abe67ae5542991f6610616b,0.16666666666666666,1,3,6,
0,0,7.024721622467041,0,5ac35a7e554299741d48a257,0.0,0,3,6,
0,0,7.0523669719696045,0,5abfe2a15542997d6429591c,0.0,0,3,5,
0,0,7.1041059494018555,0,5ae034bd55429925eb1afc2a,0.0,0,3,2,
0,0,7.128912448883057,0,5adebbbd554299728e26c793,0.0,0,3,11,
0,0,7.224968910217285,0,5ac0d5a1554299294b219025,0.0,0,3,3,
0,0,7.084789514541626,0,5a8a5c0d554299515336137b,0.0,0,3,4,
0,0,6.421759843826294,0,5abc3f505542993a06baf8b2,0.0,0,3,12,
0,0,7.073049068450928,0,5add78bf5542992ae4cec57b,0.14285714285714285,1,3,7,
0,0,7.10605263710022,0,5ae326e95542990afbd1e0b6,0.0,0,3,5,
0,0,7.174383640289307,0,5a8f536c5542992414482a4e,0.0,0,3,4,
0,0,7.072824478149414,0,5ac4a5de5542995c82c4ad6e,0.25,1,3,4,
0,0,7.328754663467407,0,5a77452155429972597f14e1,0.0,0,3,3,
0,0,7.12556004524231,0,5a80427c5542996402f6a49f,0.0,0,3,5,
0,0,7.107814788818359,0,5ab3849a55429969a97a8170,0.0,0,3,6,
0,0,7.2573652267456055,0,5a8b3de95542997f31a41cc3,0.0,0,3,4,
0,0,7.085637331008911,0,5a843de75542992ef85e23b4,0.5,2,3,4,
0,0,8.887874841690063,0,5a80ad205542992bc0c4a79d,0.0,0,3,1,
0,0,7.017348766326904,0,5ae69df255429908198fa664,0.0,0,3,7,
0,0,7.224789619445801,0,5ac2455e55429951e9e68512,0.0,0,3,6,
0,0,7.005081653594971,0,5ac3b07055429939154138b8,0.0,0,3,6,
0,0,7.063978672027588,0,5a7339c85542991f9a20c6a2,0.2,1,3,5,
0,0,7.146719694137573,0,5abcef9e55429959677d6b52,0.5,1,3,2,
0,0,7.093639373779297,0,5a8f122955429918e830d17f,0.0,0,3,5,
0,0,7.225754022598267,0,5a7f22005542993067513656,0.0,0,3,2,
0,0,7.076592683792114,0,5ae077735542993d6555eb6d,0.0,0,3,1,
0,0,30.544944286346436,3,5ac0e0e25542997d64295a6f,0.0,0,12,6,
0,0,7.095067977905273,0,5a7c80ab55429907fabeefa3,0.0,0,3,4,
0,0,7.231437921524048,0,5abe03635542991f661060a5,0.0,0,3,2,
0,0,7.106506586074829,0,5ac272f95542992f1f2b38d3,0.0,0,3,7,
0,0,4.561339855194092,1,5ae3cd685542990afbd1e1de,0.3333333333333333,1,3,3,
0,0.30769230769230765,0.2942984104156494,0,5ae1c90e554299234fd042f7,,,,,
0,0,7.29195499420166,0,5ab67ce2554299710c8d1ead,0.0,0,3,1,
0,0,16.895260095596313,1,5a7a59d15542996c55b2dd67,0.0,0,6,5,
0,0,7.042801141738892,0,5a8849ac5542996e4f308932,0.3333333333333333,1,3,3,
0,0,7.054152011871338,0,5a72bb045542994cef4bc3e4,0.25,1,3,4,
0,0,4.120396137237549,1,5ae331fb55429928c4239670,0.0,0,3,1,
0,0,7.171158790588379,0,5ae5390355429960a22e0271,0.3333333333333333,1,3,3,
0,0,7.313536643981934,0,5a7da9ae5542995f4f4022b1,0.4,2,3,5,
0,0,7.057772159576416,0,5a8b77705542995d1e6f13aa,0.0,0,3,3,
0,0,7.238621473312378,0,5a89810655429946c8d6e929,0.2,1,3,5,
0,0,7.01270055770874,0,5abbd8655542992ccd8e7fba,0.0,0,3,4,
0,0,7.115038871765137,0,5ac3c1805542995ef918c21f,0.0,0,3,9,
0,0,7.442403793334961,0,5ab627d555429953192ad27e,0.0,0,3,2,
0,0,12.837219953536987,1,5ac2ae4155429921a00ab030,0.0,0,6,3,
0,0,18.24337911605835,1,5a74d9c555429929fddd84fb,0.0,0,6,2,
0,0,7.306878566741943,0,5ab8829d55429934fafe6e08,0.3333333333333333,1,3,3,
0,0,7.115246057510376,0,5ab5b732554299494045f03c,0.0,0,3,2,
0,0,7.642238616943359,0,5a751bbe5542993748c897ba,0.0,0,3,5,
0,0,7.12917423248291,0,5aba11d25542994dbf0198a6,0.0,0,3,2,
0,0,9.009825706481934,0,5abcfd7e5542993a06baf9df,0.0,0,3,5,
0,0,7.043900489807129,0,5a8072a5554299485f5985f1,0.0,0,3,7,
0,0,7.125170946121216,0,5a7507455542993748c8979d,0.0,0,3,5,
0,0,7.4735188484191895,0,5ade0bc55542997545bbbe30,0.0,0,3,2,
0,0,7.115320205688477,0,5a7af08655429931da12c989,0.0,0,3,3,
0,0.03333333333333333,7.2489237785339355,0,5a8e463a5542995a26add4b7,0.0,0,3,4,
0,0,7.148191690444946,0,5ab6ecd85542991d322236cf,1.0,1,3,1,
0,0,7.095700740814209,0,5ae3f0c85542995ad6573cb1,0.0,0,3,4,
0,0,7.261142253875732,0,5a8319b255429940e5e1a960,0.0,0,3,19,
0,0,7.138128995895386,0,5a8c2bb4554299240d9c20ac,0.0,0,3,3,
0,0,23.479320764541626,2,5ae1ebf95542997283cd22f2,0.0,0,9,10,
0,0,48.628018379211426,5,5ac471a5554299194317399a,0.0,0,18,2,
0,0,41.32430291175842,4,5a78f8e555429970f5fffe01,0.0,0,15,3,
0,0,7.563782215118408,0,5ae47dd95542995ad6573d57,0.5,1,3,2,
0,0,7.543209791183472,0,5abfd83f5542997ec76fd45c,1.0,1,3,1,
0,0,7.412313938140869,0,5ab8ae585542991b5579efd8,0.0,0,3,2,
0,0,7.5757527351379395,0,5a84bda45542992a431d1a96,0.0,0,3,11,
0,0,7.607666254043579,0,5a710bb15542994082a3e50d,0.0,0,3,5,
0,0,7.6468775272369385,0,5a7270395542992359bc30a8,0.5,1,3,2,
0,0,14.696937322616577,1,5a73d3ea5542992d56e7e3af,0.0,0,6,2,
0,0,7.288702964782715,0,5a90b1635542990a984936a9,0.25,1,3,4,
0,0,7.158136367797852,0,5ae1f528554299234fd04370,1.0,1,3,1,
0,0,7.547285795211792,0,5a8ee02955429917b4a5bdfa,0.0,0,3,6,
0,0,7.349992036819458,0,5a7d9d2b5542997cc2c47464,0.0,0,3,1,
0,0,7.25477147102356,0,5ae3f1bb5542995ad6573cbe,0.0,0,3,6,
0,0,8.842476606369019,0,5ac3908e554299741d48a297,0.25,1,3,4,
0,0.028985507246376815,7.020305395126343,0,5ae0e8c35542997b2ef7d064,1.0,1,3,1,
0,0,6.507261037826538,0,5a8f45385542997ba9cb320a,0.0,0,3,6,
0,0,3.9712681770324707,1,5ab82fe155429919ba4e225a,0.0,0,3,4,
0,0,7.195379018783569,0,5a89dca8554299669944a5dd,0.0,0,3,3,
0,0,14.970243453979492,1,5ac0aa595542992a796ded5a,0.0,0,6,7,
0,0,7.128475904464722,0,5a7e694a5542997cc2c4753d,0.0,0,3,2,
0,0,7.089747428894043,0,5a889d18554299206df2b310,0.0,0,3,5,
0,0,7.216978073120117,0,5ab72d925542993667793f6e,0.0,0,3,5,
0,0,7.135113954544067,0,5ae031c455429924de1b7055,0.0,0,3,2,
0,0.024096385542168676,46.55141234397888,5,5a7180205542994082a3e856,0.0,0,18,4,
0,0,45.21728849411011,5,5a88f2cc55429938390d3ffb,0.5,2,18,4,
0,0,45.95628118515015,5,5a8a793555429930ff3c0de7,0.0,0,18,5,
0,0,21.214519739151,2,5ac4241e5542997ea680ca10,0.25,1,9,4,
0,0,28.750296592712402,3,5a8db788554299653c1aa145,0.0,0,12,12,
0,0,6.375880002975464,0,5ae49f2c5542995ad6573dc1,0.2,1,3,5,
0,0,6.319072961807251,0,5a89217455429938390d4039,0.0,0,3,5,
0,0,44.41642141342163,5,5ae402085542995dadf242ca,0.0,0,18,3,
0,0,24.9168062210083,2,5ae760415542997b22f6a708,0.0,0,9,3,
0,0,7.208713531494141,0,5a8f5273554299458435d5b1,0.3333333333333333,1,3,3,
0,0,6.943119525909424,0,5ab4234f5542991751b4d685,0.0,0,3,1,
0,0.03076923076923077,7.005666732788086,0,5a83d7535542993344746093,0.0,0,3,2,
0,0,6.937261581420898,0,5a8933fe55429951533612df,0.0,0,3,8,
0,0,7.047403573989868,0,5ac3d2ac554299741d48a330,0.0,0,3,6,
0,0,7.148257493972778,0,5a83d0ed5542996488c2e4e7,0.0,0,3,5,
0,0,6.994420766830444,0,5a8c758d5542995e66a475ff,0.0,0,3,4,
0,0,6.983453750610352,0,5adcb30b5542994d58a2f69f,0.0,0,3,5,
0,0,7.181204080581665,0,5a8f2cc855429918e830d1be,0.0,0,3,3,
0,0,7.086061239242554,0,5adcd28c5542994d58a2f6ea,0.25,1,3,4,
0,0,15.776667594909668,1,5a862c38554299211dda2a9a,0.0,0,6,4,
0,0,6.997424364089966,0,5ae12d5355429920d52342eb,0.0,0,3,5,
0,0,6.838643789291382,0,5ac4e476554299076e296e34,0.0,0,3,5,
0,0,6.440891265869141,0,5ae13c5155429920d5234336,0.0,0,3,4,
0,0.034482758620689655,6.962648391723633,0,5a81d6cd55429903bc27b9e0,0.2,1,3,5,
0,0,6.962965965270996,0,5ab624b855429953192ad26d,0.0,0,3,6,
0,0,6.981150150299072,0,5ae6940e5542991bbc97613f,0.0,0,3,4,
0,0,6.885845899581909,0,5a89a128554299669944a552,0.0,0,3,9,
0,0,6.863901615142822,0,5a8708ba55429960ec39b701,0.0,0,3,5,
0,0,7.137143611907959,0,5ade595e5542992fa25da761,0.0,0,3,3,
0,0,7.090020656585693,0,5aba71be5542994dbf01990c,0.0,0,3,17,
0,0,6.942041873931885,0,5a90b4fe55429916514e7525,0.0,0,3,6,
0,0,7.342463970184326,0,5ab281f45542993be8fa9938,0.0,0,3,4,
0,0.07142857142857142,6.8639442920684814,0,5adc9ebc5542994d58a2f681,0.0,0,3,4,
0,0.03389830508474576,6.911543846130371,0,5add750c5542990dbb2f7e53,0.0,0,3,6,
0,0.03571428571428571,7.269510507583618,0,5ab80faf55429916710eafd9,0.0,0,3,1,
0,0,7.042296648025513,0,5aba7cb455429901930fa7eb,0.0,0,3,4,
0,0,6.441933870315552,0,5a7e71ab55429949594199bc,0.0,0,3,2,
0,0,8.919337749481201,0,5a7c34905542996dd594b8d5,0.0,0,3,2,
0,0,45.7293267250061,5,5abdcaea55429965af743e4e,0.2,1,18,5,
0,0,45.14463782310486,5,5a7ddfc55542995f4f4022e9,0.0,0,18,12,
0,0,44.902379751205444,5,5adca8215542994ed6169bbc,0.0,0,18,8,
0,0,46.18718647956848,5,5a7f9cb55542995d8a8ddec1,0.14285714285714285,1,18,7,
0,0,43.681416034698486,5,5ae7ad385542993210983ef0,0.25,1,18,4,
0,0,38.8290810585022,4,5a8f157e554299458435d54d,0.0,0,15,5,
0,0,13.917174339294434,1,5ae61bfd5542992663a4f261,0.14285714285714285,1,6,7,
0,0,8.377013921737671,0,5ae2c8b05542992decbdcd9d,0.0,0,3,7,
0,0.07843137254901962,6.534349679946899,0,5ab2f6bd554299166977415e,1.0,2,3,2,
0,0,6.5549962520599365,0,5a7744555542994aec3b725b,1.0,1,3,1,
0,0,6.753540754318237,0,5a8639545542991e771815c7,0.0,0,3,4,
0,0,6.567669630050659,0,5ae40a2955429970de88d8a3,0.0,0,3,2,
0,0,6.682064771652222,0,5a7415cf55429979e28828a6,0.2857142857142857,2,3,7,
0,0,6.559095144271851,0,5abe3dc65542993f32c2a0c4,0.5,1,3,2,
0,0,6.595255613327026,0,5add566b5542995b365fab14,0.0,0,3,2,
0,0,21.33725380897522,2,5ab925fd554299131ca42281,0.0,0,9,4,
0,0,6.7378761768341064,0,5a72fc865542991f9a20c5e9,0.0,0,3,4,
0,0,6.5793845653533936,0,5ae22a08554299234fd0440b,0.25,1,3,4,
0,0,20.88752245903015,2,5ab225565542993be8fa98bf,0.0,0,9,2,
0,0,6.52715277671814,0,5a8b78f055429971feec471a,0.0,0,3,2,
0,0,6.660981893539429,0,5ac5632e5542993e66e823d9,0.0,0,3,9,
0,0,8.20266056060791,0,5a79186f55429907847277af,0.0,0,3,5,
0,0,6.382538318634033,0,5ac39bd8554299657fa290fe,0.0,0,3,5,
0,0,6.574352025985718,0,5a75fa8c55429976ec32bcda,0.0,0,3,5,
0,0,6.477083444595337,0,5a7b1bb5554299042af8f6d4,0.0,0,3,2,
0,0,6.550962448120117,0,5ab53ef1554299488d4d9920,0.0,0,3,2,
0,0,21.156083583831787,2,5abe3e545542993f32c2a0c7,1.0,2,9,2,
0,0,6.563021659851074,0,5a83108d55429966c78a6b1e,0.0,0,3,2,
0,0,6.600897789001465,0,5ab3e4ee554299233954ffe1,0.5,2,3,4,
0,0,6.477080583572388,0,5ab844815542992aa3b8c8af,0.0,0,3,4,
0,0,6.602080821990967,0,5a79f95d5542996c55b2dcbd,0.0,0,3,2,
0,0,6.705143928527832,0,5add8ec55542997545bbbd7e,0.0,0,3,4,
0,0,6.476747035980225,0,5a8f6e295542992414482ac6,0.0,0,3,1,
0,0,6.685542106628418,0,5ade26db5542997c77aded77,0.0,0,3,6,
0,0,6.511005401611328,0,5a74167455429929fddd83dc,0.0,0,3,5,
0,0,6.6878578662872314,0,5a8da2b05542994ba4e3dcdc,0.3333333333333333,1,3,3,
0,0,6.501846551895142,0,5a8bbb8c5542995d1e6f142e,0.0,0,3,2,
0,0,6.526219844818115,0,5a7115475542994082a3e56d,0.0,0,3,4,
0,0,8.21204137802124,0,5a8fbfcd5542997ba9cb3316,0.0,0,3,4,
0,0,6.55480694770813,0,5abfb4235542990832d3a1ca,0.0,0,3,4,
0,0,22.765372037887573,2,5abd077055429965836004f4,0.0,0,9,2,
0,0,6.565684080123901,0,5a7cb5f0554299452d57b9b5,0.0,0,3,6,
0,0,35.8922643661499,4,5adf33b35542993a75d26420,0.0,0,15,1,
0,0,6.725504398345947,0,5abf877c5542990832d3a147,0.0,0,3,2,
0,0,6.736031770706177,0,5a80abec5542996402f6a5e1,0.1111111111111111,1,3,9,
0,0,6.665346384048462,0,5ac2a277554299657fa28ff3,0.0,0,3,1,
0,0,6.752465486526489,0,5abbe20d55429931dba145c6,0.0,0,3,3,
0,0,6.696220397949219,0,5ae23d945542996483e64939,0.0,0,3,11,
0,0,6.834162712097168,0,5a8ba761554299240d9c2066,0.3333333333333333,1,3,3,
0,0,6.536214590072632,0,5a8d838955429941ae14dfe5,0.0,0,3,1,
0,0,6.573877573013306,0,5a8732505542991e77181713,0.3333333333333333,1,3,3,
0,0,8.227909088134766,0,5ab3f24c5542992ade7c6eef,0.4,2,3,5,
0,0,6.546150207519531,0,5a7f46115542994857a766d9,0.0,0,3,4,
0,0,6.799853086471558,0,5add889b5542997545bbbd68,0.4,2,3,5,
0,0,6.619871616363525,0,5a7bc1bf55429927d897c033,0.5,2,3,4,
0,0,6.588986158370972,0,5ac42a64554299076e296d7b,0.0,0,3,4,
0,0,6.708672523498535,0,5a7cf59b55429909bec768c7,0.0,0,3,4,
0,0,6.643114805221558,0,5add433b5542997545bbbd02,0.0,0,3,2,
0,0,6.734415054321289,0,5a846acc5542993344746117,0.14285714285714285,1,3,7,
0,0.04878048780487806,6.671724796295166,0,5a7f75e95542992e7d278d09,0.0,0,3,1,
0,0,6.72903847694397,0,5ab3244c554299233954ff29,0.0,0,3,7,
0,0,6.614812850952148,0,5ae45cba5542991a06ce9a4a,0.0,0,3,3,
0,0,6.631985187530518,0,5ade90aa554299728e26c733,0.3333333333333333,1,3,3,
0,0,6.6826910972595215,0,5a82bb3c55429966c78a6a86,0.0,0,3,6,
0,0,7.3611884117126465,0,5a888a625542997e5c09a602,0.4,2,3,5,
0,0.04166666666666667,6.751115322113037,0,5ae0e183554299422ee9953f,0.5,1,3,2,
0,0,6.716619491577148,0,5ae2c4d75542991a06ce98d0,0.0,0,3,4,
0,0.047619047619047616,6.665030479431152,0,5ab8b02d5542991b5579efdb,0.0,0,3,3,
0,0,7.198534250259399,0,5abe4fd95542991f6610613d,0.0,0,3,5,
0,0,6.8787620067596436,0,5a74a26a55429979e28829d6,0.0,0,3,3,
0,0,8.386726379394531,0,5ac31a73554299741d48a1e9,0.0,0,3,7,
0,0.047619047619047616,6.607980966567993,0,5a728f015542991f9a20c4e4,0.0,0,3,6,
0,0,6.618050575256348,0,5a75f1a755429976ec32bcb1,0.0,0,3,3,
0,0.0425531914893617,6.573655366897583,0,5a8319a05542990548d0b178,0.0,0,3,3,
0,0,6.603121280670166,0,5a80fd17554299260e20a1f1,0.0,0,3,4,
0,0,7.217028379440308,0,5a72634d5542997f82783994,0.0,0,3,6,
0,0,6.6016199588775635,0,5a89b1de5542992e4fca8378,0.0,0,3,1,
0,0,6.558162450790405,0,5a8841ee5542994846c1ce6b,0.0,0,3,4,
0,0,6.572860956192017,0,5a8eabf755429917b4a5bdaa,0.0,0,3,4,
0,0,6.747964859008789,0,5ae0159855429925eb1afc09,0.0,0,3,4,
0,0,6.657304286956787,0,5adf74075542992d7e9f937c,0.0,0,3,4,
0,0,6.680518865585327,0,5ae765bf5542995703ce8c12,0.0,0,3,4,
0,0,6.806243658065796,0,5ac4e03f5542995c82c4ad75,0.0,0,3,4,
0,0,6.6067116260528564,0,5a7129685542994082a3e5fa,0.3333333333333333,1,3,3,
0,0,6.591837644577026,0,5ac1682855429964131be1d2,0.0,0,3,6,
0,0,6.583466053009033,0,5ade79335542997c77adee38,0.0,0,3,5,
0,0,6.655023813247681,0,5a8a1a9c5542992d82986ebb,0.0,0,3,3,
0,0,6.691114664077759,0,5a7b85ac5542997c3ec971ef,0.0,0,3,1,
0,0,6.660989761352539,0,5a83ab355542990548d0b218,0.0,0,3,6,
0,0,8.40318751335144,0,5ade15ae5542990dbb2f7f4c,0.0,0,3,14,
0,0,6.544117450714111,0,5adc985e5542990d50227cb7,0.0,0,3,3,
0,0,6.576469421386719,0,5adcb0ab5542994d58a2f69a,0.3333333333333333,1,3,3,
0,0,7.05008602142334,0,5a8b71915542995d1e6f1393,0.3333333333333333,1,3,3,
0,0,6.538161039352417,0,5a8c9fc2554299653c1aa0d4,0.0,0,3,10,
0,0,6.670839786529541,0,5ae7936d5542997ec27276a7,0.1,1,3,10,
0,0,6.511128902435303,0,5ac4e13f554299076e296e2d,0.0,0,3,2,
0,0,21.227193355560303,2,5abbda84554299642a094b5b,0.0,0,9,4,
0,0,6.779877424240112,0,5ac238c555429951e9e684ab,0.0,0,3,4,
0,0,21.014603853225708,2,5aba18ee5542994dbf0198b4,0.0,0,9,4,
0,0,4.041062355041504,1,5abbd5a75542993f40c73bd3,0.0,0,3,13,
0,0,6.255869388580322,0,5ae7620f5542997ec2727627,0.0,0,3,6,
0,0,6.135612726211548,0,5a774a9855429972597f14ea,0.0,0,3,4,
0,0,6.233063459396362,0,5a88a1bb5542997e5c09a64c,0.0,0,3,4,
0,0,4.067371368408203,1,5ab2bc80554299194fa934d7,,,,,
0,0,13.39465856552124,1,5ae81b2755429952e35eaa1e,0.0,0,6,2,
0,0,5.965020656585693,0,5a8b97485542995d1e6f140f,0.0,0,3,5,
0,0,6.118983030319214,0,5a89cde555429946c8d6e9c4,0.0,0,3,1,
0,0,6.029786109924316,0,5ac13a3d5542996f0d89cc75,0.0,0,3,3,
0,0,6.2685253620147705,0,5ab52a255542996a3a96a048,0.16666666666666666,1,3,6,
0,0,11.385496854782104,1,5ae3294155429928c423963d,0.0,0,6,2,
0,0,6.22151255607605,0,5a89761d5542995153361310,0.0,0,3,3,
0,0,6.065778017044067,0,5ade9c9355429975fa854f1b,0.0,0,3,5,
0,0,6.391216516494751,0,5abe65e25542993f32c2a101,0.0,0,3,3,
0,0,6.703697443008423,0,5a7130365542994082a3e645,0.0,0,3,3,
0,0,6.251196622848511,0,5ae28f43554299492dc91c2f,0.0,0,3,4,
0,0,6.1313157081604,0,5ab3eac5554299753aec59ec,0.25,1,3,4,
0,0,6.125864505767822,0,5abd7d0c55429924427fd010,0.0,0,3,5,
0,0,6.2622480392456055,0,5a8e4a7355429917b4a5bd80,0.0,0,3,3,
0,0,6.58280873298645,0,5a70f9335542994082a3e46a,0.0,0,3,3,
0,0,6.215056657791138,0,5ab2a292554299194fa93496,0.3333333333333333,1,3,3,
0,0,6.184117317199707,0,5a7f79155542995d8a8dde86,0.0,0,3,2,
0,0,8.33427119255066,0,5abf12005542997719eab661,0.2,1,3,5,
0,0,6.048746347427368,0,5ae5ff845542996de7b71ad0,0.0,0,3,6,
0,0,6.085371255874634,0,5a87c6a75542997e5c09a56f,0.16666666666666666,1,3,6,
0,0,6.189390420913696,0,5adf73a45542992d7e9f9378,0.0,0,3,5,
0,0,6.078878164291382,0,5ae0504055429942ec259c6a,0.0,0,3,4,
0,0,6.210740804672241,0,5a7bacf2554299294a54aa8d,0.0,0,3,4,
0,0,6.5932252407073975,0,5a8720885542991e771816d8,0.3333333333333333,1,3,3,
0,0,6.113190650939941,0,5abbcfaf5542993f40c73ba9,0.0,0,3,6,
0,0,6.214633941650391,0,5ac02c4a5542992a796decbd,0.0,0,3,3,
0,0,6.151984453201294,0,5ae6e36155429908198fa6d3,0.0,0,3,3,
0,0.07142857142857142,6.263988733291626,0,5ae2c2c05542996483e64a4a,0.4,2,3,5,
0,0.06666666666666667,6.069608449935913,0,5a7326cb5542994cef4bc47f,0.0,0,3,5,
0,0,6.085336208343506,0,5adc6ca85542994650320ce1,0.25,1,3,4,
0,0,6.262744903564453,0,5a74629255429929fddd8402,0.0,0,3,7,
0,0,6.114573955535889,0,5abbaf6c554299660624171c,0.0,0,3,1,
0,0,6.206984758377075,0,5ae2fca555429928c423958a,0.6666666666666666,2,3,3,
0,0,6.126861810684204,0,5ac116595542992a796dedd1,0.0,0,3,4,
0,0,6.287279367446899,0,5a89e95c5542992e4fca8474,0.0,0,3,1,
0,0,7.744252920150757,0,5a7631c05542994ccc91870b,0.2,1,3,5,
0,0.06666666666666667,5.985398530960083,0,5a81b7205542990a1d231e79,0.3333333333333333,2,3,6,
0,0,6.257575988769531,0,5adc02905542994650320c50,0.0,0,3,4,
0,0,6.068246603012085,0,5a74f63e5542993748c89758,0.2,1,3,5,
0,0,6.183757066726685,0,5a8f53ad5542992414482a50,0.0,0,3,6,
0,0,6.077115535736084,0,5ab2b2a7554299295394681d,0.0,0,3,4,
0,0,6.086839199066162,0,5ae67fad5542991bbc976100,0.0,0,3,11,
0,0,6.2585694789886475,0,5ae807d25542993210984045,0.0,0,3,2,
0,0,6.214559555053711,0,5abe45b855429976d4830ad0,0.0,0,3,4,
0,0,6.774076223373413,0,5a81d0515542990a1d231ed4,0.0,0,3,3,
0,0,6.1197593212127686,0,5a8a21a455429930ff3c0caf,0.0,0,3,4,
0,0,6.424441576004028,0,5a8051265542992bc0c4a6f8,0.0,0,3,2,
0,0,28.248604774475098,3,5adc8c545542994734353734,0.2,1,12,5,
0,0,6.620189428329468,0,5a7e49e05542991319bc9463,0.3333333333333333,1,3,3,
0,0,23.79108691215515,2,5a713f395542994082a3e6ea,0.3333333333333333,1,9,3,
0,0,6.415011882781982,0,5a8e5f1f5542995a26add4d6,0.0,0,3,3,
0,0,6.547943353652954,0,5ab7f2d05542993667794064,0.0,0,3,4,
0,0,6.505187511444092,0,5a793b5b55429970f5fffe82,0.125,1,3,8,
0,0.05,6.600273847579956,0,5a8911dd554299515336129d,0.0,0,3,3,
0,0,18.750884771347046,2,5ab3f8c25542992ade7c6f02,0.0,0,9,5,
0,0,20.88431477546692,2,5a811667554299260e20a23d,0.0,0,9,2,
0,0,42.70131754875183,5,5ab30336554299166977417c,0.0,0,18,1,
0,0,22.413813591003418,2,5abbd66a5542993f40c73bd8,0.0,0,9,3,
0,0.09523809523809523,13.39539623260498,1,5ac2610455429951e9e68592,0.0,0,6,7,
0,0,42.586180448532104,5,5abb01025542992ccd8e7eab,0.0,0,18,6,
0,0,42.5804660320282,5,5add647a5542995b365fab26,0.0,0,18,4,
0,0,13.379781246185303,1,5a8b5c8155429949d91db56d,0.0,0,6,1,
0,0,6.457393169403076,0,5a90984f55429933b8a20578,0.0,0,3,3,
0,0,42.70924377441406,5,5adf2ba05542993a75d26411,0.2,1,18,5,
0,0,6.60193395614624,0,5a77bdcb5542997042120b0b,0.0,0,3,3,
0,0,6.553321599960327,0,5a88c4175542997e5c09a6ae,0.0,0,3,10,
0,0,44.46445679664612,5,5a7666095542992d0ec060db,0.0,0,18,3,
0,0,13.941962957382202,1,5ac312ee5542995ef918c0ec,0.2,1,6,5,
0,0,7.135851860046387,0,5a7db0a05542991319bc93f5,0.0,0,3,6,
0,0,6.3106749057769775,0,5a78d38455429970f5fffd94,0.0,0,3,4,
0,0.028169014084507043,7.249727010726929,0,5ac37dd6554299218029dbdb,0.0,0,3,5,
0,0,7.122515916824341,0,5ab66a3555429954757d3290,0.25,1,3,4,
0,0,15.320261001586914,1,5ab59ffe5542997d4ad1f193,0.0,0,6,1,
0,0,36.67686438560486,4,5add7b0c5542992200553b39,0.3333333333333333,1,15,3,
0,0,15.074331521987915,1,5ab661ac5542995eadeeffb1,0.0,0,6,2,
0,0.4,4.207211017608643,1,5ae601e45542992663a4f23b,0.0,0,3,4,
0,0,7.197073936462402,0,5a72d7b35542991f9a20c5be,0.0,0,3,8,
0,0,6.813657522201538,0,5ac2d85e55429921a00ab06b,0.0,0,3,4,
0,0.03389830508474576,7.148875951766968,0,5a80a587554299485f598676,0.0,0,3,2,
0,0,7.442097902297974,0,5ae2fa1b55429928c4239583,0.0,0,3,6,
0,0,6.9727942943573,0,5ac50bca55429924173fb57f,0.3333333333333333,1,3,3,
0,0,7.064378261566162,0,5ae143ed55429920d5234360,0.0,0,3,1,
0,0,6.555598258972168,0,5ac43e0f554299076e296d8e,0.0,0,3,1,
0,0,7.1966962814331055,0,5a7a0e745542990783324e1d,0.16666666666666666,1,3,6,
0,0,6.997330188751221,0,5ac43530554299204fd21f0a,0.2,1,3,5,
0,0,8.765948057174683,0,5a78e3b955429974737f78f1,0.0,0,3,1,
0,0.06153846153846154,7.057293176651001,0,5a87279b5542991e771816f7,0.0,0,3,2,
0,0,6.977173805236816,0,5a8f8c6d5542997ba9cb32b1,1.0,2,3,2,
0,0,7.03937840461731,0,5ab327bc554299233954ff33,0.0,0,3,3,
0,0.03278688524590164,6.990623950958252,0,5a8b56d655429949d91db557,0.0,0,3,2,
0,0.03125,6.987583875656128,0,5ac033495542996f0d89cb59,0.0,0,3,3,
0,0.03225806451612903,6.980722904205322,0,5ab6cd0e554299710c8d1f68,0.0,0,3,1,
0,0,7.00533127784729,0,5a7a2ec35542990783324eae,0.0,0,3,4,
0,0,7.1754984855651855,0,5a7e42df5542994959419954,0.0,0,3,4,
0,0,7.114104986190796,0,5a7b78c35542997c3ec971a9,0.0,0,3,9,
0,0,7.004152536392212,0,5a7dafe15542991319bc93f3,0.0,0,3,6,
0,0,7.003921747207642,0,5adf8c375542995534e8c7dd,0.16666666666666666,1,3,6,
0,0,7.216921329498291,0,5a79fbd3554299029c4b5f93,0.0,0,3,3,
0,0.02941176470588235,7.0021257400512695,0,5ab8627f5542990e739ec8da,0.6666666666666666,2,3,3,
0,0,22.712610483169556,2,5ac2ffea55429921a00ab0cc,0.0,0,9,9,
0,0,7.2255189418792725,0,5ab5467e554299494045ef5e,0.3333333333333333,1,3,3,
0,0,7.1192946434021,0,5a7e2e3a55429934daa2fbe6,0.0,0,3,5,
0,0,8.82508635520935,0,5a78f1b555429970f5fffde9,0.0,0,3,7,
0,0,6.955203294754028,0,5ae269955542992decbdccf3,0.3333333333333333,1,3,3,
0,0,7.460598945617676,0,5ac3ce74554299204fd21e71,0.6666666666666666,2,3,3,
0,0,7.231529235839844,0,5abab18d55429901930fa89e,0.0,0,3,7,
0,0,7.013766288757324,0,5abc3d505542993a06baf8a7,1.0,1,3,1,
0,0,7.179064750671387,0,5ab67aba55429954757d32e7,0.0,0,3,5,
0,0,7.251241207122803,0,5ab2be71554299166977408c,0.0,0,3,12,
0,0,7.025433778762817,0,5ae531695542990ba0bbb1fb,0.0,0,3,2,
0,0,7.1371636390686035,0,5a738093554299623ed4abbb,0.0,0,3,3,
0,0,7.121376037597656,0,5a8c2d23554299240d9c20b7,0.0,0,3,2,
0,0,7.171359062194824,0,5a7b413a5542992d025e67c4,0.0,0,3,2,
0,0,7.279951572418213,0,5adfda9655429925eb1afac0,0.0,0,3,4,
0,0,7.0522987842559814,0,5adbf44355429944faac23ce,0.5,1,3,2,
0,0,7.335626125335693,0,5abb66c05542992ccd8e7f3e,0.0,0,3,1,
0,0,6.945933103561401,0,5ac39df8554299741d48a2b6,0.5,1,3,2,
0,0,7.165974140167236,0,5a89fc305542993b751ca9dc,0.0,0,3,2,
0,0,7.091588020324707,0,5adffb4655429925eb1afbbf,0.0,0,3,6,
0,0,7.2952539920806885,0,5adfa6db55429942ec259ad6,0.0,0,3,2,
0,0,8.817882299423218,0,5ae3e5d05542994393b9e79f,0.0,0,3,2,
0,0,7.154563903808594,0,5a81ed345542995ce29dcc85,0.3333333333333333,1,3,3,
0,0,7.229433536529541,0,5a7f650755429969796c1a2c,0.0,0,3,3,
0,0,7.790550947189331,0,5a84564c5542990548d0b288,0.0,0,3,4,
0,0,7.183547019958496,0,5a7736d85542994aec3b722b,0.3333333333333333,1,3,3,
0,0,7.0090110301971436,0,5ae492955542995ad6573daa,0.0,0,3,2,
0,0,7.0312769412994385,0,5a845d735542996488c2e52e,0.0,0,3,4,
0,0,7.228363752365112,0,5a8a484f5542996c9b8d5e94,0.0,0,3,17,
0,0,12.63957142829895,1,5a83161555429940e5e1a958,0.16666666666666666,1,6,6,
0,0,7.1565163135528564,0,5ae60530554299546bf8301e,0.14285714285714285,1,3,7,
0,0,7.167163848876953,0,5a8b34705542995d1e6f130d,0.0,0,3,1,
0,0,7.039453029632568,0,5a810d5255429926c1cdacd8,0.1111111111111111,1,3,9,
0,0,15.289624452590942,1,5a7e23655542997cc2c47528,0.3333333333333333,1,6,3,
0,0,15.26313042640686,1,5a836d8a554299123d8c2113,0.0,0,6,4,
0,0.03225806451612903,7.030673980712891,0,5abba3255542996cc5e4a031,0.0,0,3,5,
0,0,7.076261520385742,0,5ab6f17d5542995eadef00ee,0.0,0,3,3,
0,0,8.841833114624023,0,5abe34095542993f32c2a088,0.5,1,3,2,
0,0,7.0050368309021,0,5a790364554299029c4b5ee6,0.5,1,3,2,
0,0,6.9802868366241455,0,5abd27ba5542993062266ba7,0.0,0,3,2,
0,0,7.028116226196289,0,5abff0785542997d64295957,0.0,0,3,3,
0,0,7.073566198348999,0,5a7e02e05542995ed0d1667c,0.0,0,3,1,
0,0,7.021450519561768,0,5ab43b9d5542990594ba9bc3,0.0,0,3,5,
0,0,23.052291870117188,2,5a8b6a5155429949d91db5a3,0.25,1,9,4,
0,0,6.889590501785278,0,5abcc818554299658360048b,0.0,0,3,3,
0,0,6.964454174041748,0,5a84af3e5542991dd0999d7c,0.5,1,3,2,
0,0,6.843960523605347,0,5ae0ead25542990adbacf6c8,0.0,0,3,3,
0,0,6.950413465499878,0,5a891e1e5542993b751ca913,0.25,1,3,4,
0,0,6.806473731994629,0,5add2ba55542994ed6169ca8,0.0,0,3,4,
0,0.030769230769230767,6.967925071716309,0,5a75176a5542993748c897b6,0.0,0,3,3,
0,0,6.828463792800903,0,5ae5c74d554299546bf82f58,0.6,3,3,5,
0,0,6.9511024951934814,0,5a77a7695542997042120ac4,0.0,0,3,4,
0,0,6.796098470687866,0,5a851ba95542997175ce1f81,0.4,2,3,5,
0,0,6.824873208999634,0,5adc02445542994650320c4e,0.3333333333333333,1,3,3,
0,0,8.673349380493164,0,5a7cc58f554299452d57ba45,0.0,0,3,6,
0,0,7.112350225448608,0,5a8db42f5542994ba4e3dd11,0.0,0,3,3,
0,0.03125,6.822513818740845,0,5ac299b155429967731025ad,0.0,0,3,6,
0,0,6.769654273986816,0,5a7312675542994cef4bc43d,0.0,0,3,5,
0,0,6.780992269515991,0,5adde5155542997dc7907092,1.0,1,3,1,
0,0,6.911913633346558,0,5abba8545542993f40c73b72,0.3333333333333333,1,3,3,
0,0,6.807585954666138,0,5a771e0b55429966f1a36c75,0.0,0,3,3,
0,0,6.869639873504639,0,5add3e2b5542997545bbbcf5,0.0,0,3,2,
0,0,6.749922513961792,0,5a7fcd9c5542992e7d278da9,0.0,0,3,4,
0,0,6.915355682373047,0,5a7c43c65542990527d5547e,0.25,1,3,4,
0,0,6.770097255706787,0,5ae6097c55429929b0807a9a,0.3333333333333333,1,3,3,
0,0,6.784581899642944,0,5a77322055429972597f1494,0.0,0,3,3,
0,0,6.8776535987854,0,5ac24d725542996366519966,0.0,0,3,10,
0,0,6.778908729553223,0,5a78ae8b5542990784727730,0.0,0,3,3,
0,0,6.898984670639038,0,5a86578755429960ec39b668,0.0,0,3,3,
0,0,6.849091529846191,0,5a7c7c225542996dd594b93f,0.3333333333333333,1,3,3,
0,0,6.788097143173218,0,5a8e4b7c5542990e94052ab7,0.0,0,3,2,
0,0,6.9477903842926025,0,5a81736255429903bc27b96e,0.0,0,3,1,
0,0,4.047809362411499,1,5abb14a55542992ccd8e7f06,0.0,0,3,9,
0,0,8.612236022949219,0,5a7c8e7955429935c91b521a,0.0,0,3,3,
0,0,6.694374084472656,0,5a7e30b255429934daa2fbeb,0.0,0,3,10,
0,0.03225806451612903,6.771464109420776,0,5ac3a4ab5542993915413870,0.0,0,3,4,
0,0,6.874064922332764,0,5a8ad8305542992d82986f9d,0.0,0,3,3,
0,0.16666666666666666,4.097431659698486,1,5a79caec5542994bb94570ad,0.0,0,3,3,
0,0,6.940273284912109,0,5ae49a1855429970de88d9cc,0.5,2,3,4,
0,0,6.780631065368652,0,5a77b13655429967ab105235,0.25,1,3,4,
0,0.03125,6.885671377182007,0,5ae7f7d85542994a481bbe52,0.0,0,3,3,
0,0,14.750683307647705,1,5ab3cecd5542992ade7c6eae,0.3333333333333333,1,6,3,
0,0,7.001623868942261,0,5a847e0a5542990548d0b2c3,0.0,0,3,4,
0,0,6.752388954162598,0,5a88364c5542994846c1ce2e,0.0,0,3,2,
0,0,6.949195146560669,0,5a7eb8f655429934daa2fc50,0.0,0,3,4,
0,0,6.901146411895752,0,5ae528e655429908b632652c,0.0,0,3,3,
0,0,7.070915937423706,0,5abc9fb055429959677d6ac9,0.0,0,3,2,
0,0,6.795756578445435,0,5a74d64055429916b0164223,0.16666666666666666,1,3,6,
0,0.03225806451612903,6.829627752304077,0,5ab7484c5542992aa3b8c80d,0.0,0,3,4,
0,0,6.918909311294556,0,5a7ce100554299683c1c63b5,0.0,0,3,8,
0,0,49.49916219711304,5,5a909a0355429916514e7505,0.3333333333333333,1,18,3,
0,0,46.90431809425354,5,5a7337715542991f9a20c690,0.0,0,18,5,
0,0,43.89045286178589,5,5ae73c00554299572ea5478a,0.0,0,18,1,
0,0,35.34061336517334,4,5a89d8d055429946c8d6e9df,0.0,0,15,1,
,,,,5ac507725542994611c8b32a,,,,,Ollama request exceeded timeout limit for model stable-qwen with error: timed out
0,0,6.328069448471069,0,5ab262e2554299722f9b4cfd,0.0,0,3,3,
0,0,6.077639579772949,0,5ae205fd554299234fd043a9,0.3333333333333333,1,3,3,
0,0,42.385987281799316,5,5a74adb455429916b01641c6,0.0,0,18,6,
0,0,43.455467224121094,5,5ae30a4655429928c42395bb,0.0,0,18,2,
0,0,43.068368434906006,5,5a8a416955429930ff3c0d2b,0.16666666666666666,1,18,6,
0,0,25.826265811920166,3,5a87c0945542996e4f30890b,0.25,1,12,4,
0,0,5.81336522102356,0,5abcf46255429959677d6b6b,0.0,0,3,3,
0,0,6.013597726821899,0,5ab7178f5542991d32223774,0.5,2,3,4,
0,0,5.85962700843811,0,5aba454855429901930fa794,0.5,1,3,2,
0,0,5.904641151428223,0,5adfa73b55429942ec259ad8,0.0,0,3,3,
0,0,5.99127197265625,0,5ab3dbd8554299233954ffd6,0.2,1,3,5,
0,0,41.68024492263794,5,5a7a93115542995eb53be86f,0.6666666666666666,2,18,3,
0,0,19.316152811050415,2,5a79f6825542996c55b2dcb4,0.16666666666666666,1,9,6,
0,0,11.644050598144531,1,5a7c646e55429907fabeef7c,0.0,0,6,4,
0,0,5.885768175125122,0,5a7a650355429941d65f2615,0.0,0,3,1,
0,0,5.845586061477661,0,5ae4903855429913cc2044a0,0.0,0,3,8,
0,0,5.903112411499023,0,5ab3d1b85542992ade7c6eba,0.0,0,3,7,
0,0,5.8180317878723145,0,5ab8337a55429919ba4e225f,0.6,3,3,5,
0,0,5.98173451423645,0,5a7bea3d5542996dd594b847,0.0,0,3,3,
0,0,5.828983306884766,0,5a882d9a5542997e5c09a599,0.0,0,3,3,
0,0,5.814258098602295,0,5ab602405542992aa134a401,0.0,0,3,3,
0,0,6.111966848373413,0,5ab6cce1554299710c8d1f67,0.0,0,3,4,
0,0,6.113017559051514,0,5a72814f5542994cef4bc2eb,0.3333333333333333,1,3,3,
0,0,6.174349069595337,0,5abbdb9a55429931dba145ad,0.0,0,3,3,
0,0,6.02998161315918,0,5ab488bc5542990594ba9c55,0.5,1,3,2,
0,0,5.902738332748413,0,5abf1a6b5542997ec76fd3c1,0.14285714285714285,1,3,7,
0,0,7.629364490509033,0,5a9070dd5542995b442420b5,0.25,1,3,4,
0,0,5.756738185882568,0,5ab3d2595542992ade7c6ebf,0.0,0,3,6,
0,0,5.817336082458496,0,5ab6c63755429953192ad38b,0.0,0,3,6,
0,0,5.813830614089966,0,5a8b1a925542997f31a41c6e,0.2,1,3,5,
0,0,5.913785696029663,0,5a77afcd5542997042120adf,0.0,0,3,2,
0,0,5.889822721481323,0,5a8600665542994775f606ee,0.0,0,3,3,
0,0,5.781598806381226,0,5ac2583b55429951e9e68565,0.0,0,3,2,
0,0,5.961514472961426,0,5a8d9f35554299441c6ba018,0.0,0,3,3,
0,0,5.903102397918701,0,5a8284b555429954d2e2eb5f,0.0,0,3,4,
1,1.0,4.188802480697632,1,5ac1c7605542994ab5c67e14,0.0,0,3,12,
0,0,12.381889343261719,1,5ae22670554299234fd043fc,0.0,0,6,3,
0,0,5.9751410484313965,0,5a810c44554299260e20a221,0.5,1,3,2,
0,0,5.919822454452515,0,5a7ec7f355429934daa2fc64,0.25,1,3,4,
0,0,6.2739903926849365,0,5ae7257a554299572ea54731,1.0,2,3,2,
0,0,5.9268529415130615,0,5a755f0a5542996c70cfaee7,0.0,0,3,1,
0,0,5.935827016830444,0,5adf6b405542992d7e9f9341,0.0,0,3,12,
0,0,5.777839660644531,0,5ab74eb85542993667793fb8,0.0,0,3,4,
0,0,5.854980707168579,0,5a76fe7b5542994aec3b71b2,0.0,0,3,12,
0,0,8.654358625411987,0,5ab91b6c55429934fafe6e5f,0.0,0,3,3,
0,0,4.213773727416992,1,5a83172455429954d2e2ec14,0.0,0,3,6,
0,0,6.286662817001343,0,5abece075542997ec76fd36d,0.16666666666666666,1,3,6,
0,0,5.958299160003662,0,5a8a833855429970aeb702fe,0.0,0,3,5,
0,0,6.89865517616272,0,5abface75542990832d3a196,0.0,0,3,8,
0,0,28.469112157821655,3,5abd882f55429924427fd045,0.0,0,12,5,
0,0,5.876738548278809,0,5ac4d314554299076e296e02,0.2,1,3,5,
0,0,22.621131658554077,2,5a85bc2d5542994c784ddb70,0.0,0,9,2,
0,0,5.8968799114227295,0,5a88fa1c5542995153361219,0.0,0,3,3,
0,0,6.046203136444092,0,5ae1e4095542997283cd22bf,0.4,2,3,5,
0,0,5.858825922012329,0,5abd96fe5542992ac4f382d9,0.4,2,3,5,
0,0,5.902302503585815,0,5a7c67c15542990527d55498,0.0,0,3,2,
0,0,6.068129062652588,0,5ae256c35542994d89d5b3e9,0.0,0,3,3,
0,0,5.75727105140686,0,5ae1c3cd554299492dc91b87,0.0,0,3,3,
0,0,7.664810657501221,0,5a8a1a975542992e4fca8505,0.2,1,3,5,
0,0,5.7479565143585205,0,5ac160605542994ab5c67d02,0.0,0,3,4,
0,0,5.934260845184326,0,5a75ac415542992d0ec05fdb,0.0,0,3,8,
0,0,12.200963735580444,1,5ae5a63c5542992663a4f203,0.0,0,6,3,
0,0,6.012277364730835,0,5a77d5b855429949eeb29f77,0.0,0,3,2,
0,0.09999999999999999,5.794926881790161,0,5a8c5bff554299240d9c2139,0.2,1,3,5,
0,0,5.972046375274658,0,5a8a573355429970aeb7029a,0.0,0,3,4,
0,0.07692307692307691,18.675158500671387,2,5ae4ca6355429913cc204507,0.6666666666666666,2,9,3,
0,0.09523809523809525,5.828670263290405,0,5a7264ed5542990c210a411a,0.0,0,3,4,
0,0,6.007915496826172,0,5add2df85542992ae4cec4d6,0.0,0,3,1,
0,0,5.8145222663879395,0,5a77e62b5542992a6e59dfea,0.0,0,3,3,
0,0,5.98881721496582,0,5ac19ba355429963665198b7,0.0,0,3,1,
0,0,5.854090929031372,0,5ab32256554299233954ff22,0.0,0,3,4,
0,0,5.898031711578369,0,5a728b1c5542992359bc30e0,0.0,0,3,7,
0,0,6.194206953048706,0,5abec8e45542997ec76fd364,0.0,0,3,5,
0,0,5.886089324951172,0,5a8753c05542994846c1cd62,0.0,0,3,7,
0,0,7.52924656867981,0,5ae6638555429908198fa5ba,0.0,0,3,4,
0,0,18.60257387161255,2,5a77857155429949eeb29ebf,0.0,0,9,10,
0,0,5.722473382949829,0,5ae1f70c5542997f29b3c1c5,0.0,0,3,5,
0,0,5.990795373916626,0,5ac10832554299012d1db687,0.0,0,3,4,
0,0,38.1028208732605,5,5ae0b0ab55429945ae959423,0.16666666666666666,1,18,6,
0,0,12.586478233337402,1,5ab7a1f65542991d3222378f,0.0,0,6,2,
0,0,6.016291379928589,0,5a7563a45542996c70cfaeec,0.5,2,3,4,
0,0,6.268405199050903,0,5ae792f55542994a481bbdae,0.07142857142857142,1,3,14,
0,0,5.965114593505859,0,5ac3ac1855429939154138ab,0.0,0,3,4,
0,0,6.107128858566284,0,5a802b595542995d8a8ddf51,0.5,1,3,2,
0,0,5.910646677017212,0,5a79c1095542996c55b2dc62,0.0,0,3,2,
0,0,7.851168155670166,0,5adc93a4554299438c868e01,0.0,0,3,3,
0,0,5.963572263717651,0,5ab91e3255429916710eb117,0.0,0,3,3,
0,0,5.945205450057983,0,5a804f01554299485f5985bf,0.0,0,3,4,
0,0,6.09685754776001,0,5a7fa22b5542992097ad2fa6,0.0,0,3,3,
0,0,6.010342121124268,0,5abc1ca15542993a06baf88d,0.0,0,3,2,
0,0,6.03806471824646,0,5ab204795542993be8fa98ad,0.0,0,3,3,
0,0,6.121353626251221,0,5addf05a5542997dc79070cd,0.2,1,3,5,
0,0,5.9813361167907715,0,5a79bed05542994bb9457053,0.0,0,3,1,
0,0,6.39299750328064,0,5a8ffd705542995651fb5096,0.0,0,3,1,
0,0,5.880324840545654,0,5a8cac04554299240d9c21ce,0.0,0,3,5,
0,0,6.065072059631348,0,5ab5fcae554299110f2199ad,0.0,0,3,3,
0,0,5.98762059211731,0,5a8f876e5542997ba9cb32a1,0.0,0,3,3,
0,0,4.177918195724487,1,5adfb992554299603e418391,0.0,0,3,11,
0,0,5.88572359085083,0,5adcc7395542990d50227d13,0.25,1,3,4,
0,0,6.015323162078857,0,5ab85d6c55429919ba4e22cb,0.0,0,3,4,
0,0,6.176976203918457,0,5a796c805542990784727805,0.0,0,3,2,
0,0,5.980757236480713,0,5ae21154554299495565d9d4,0.0,0,3,5,
0,0,6.065662622451782,0,5adcc6765542994d58a2f6c9,0.16666666666666666,1,3,6,
0,0,5.988453149795532,0,5abd64cb55429933744ab7ad,0.0,0,3,2,
0,0,7.664044141769409,0,5ab7cc145542995dae37e9a1,0.0,0,3,4,
0,0,5.8854734897613525,0,5a77a14655429949eeb29f13,0.16666666666666666,1,3,6,
0,0,5.830103158950806,0,5ae00b9f554299025d62a3c3,0.5,2,3,4,
0,0,6.05999231338501,0,5ab3acc9554299753aec5985,0.0,0,3,5,
0,0,4.236528635025024,1,5a79cd395542994bb94570be,1.0,2,3,2,
0,0,5.98069167137146,0,5ab236645542993be8fa98c9,0.0,0,3,5,
0,0,5.938110828399658,0,5ae8027d5542993210984031,0.0,0,3,4,
0,0,5.902235984802246,0,5a879dae5542996e4f308885,0.25,1,3,4,
0,0,4.181988477706909,1,5a7a03225542996c55b2dcd5,0.0,0,3,7,
0,0,5.809812784194946,0,5a7dc3275542997cc2c4749c,0.0,0,3,3,
0,0,6.061964511871338,0,5a89f6235542993b751ca9c7,0.0,0,3,4,
0,0,6.410532236099243,0,5a775cdb5542993735360244,0.0,0,3,10,
0,0,5.991847276687622,0,5a8efba955429918e830d173,0.0,0,3,12,
0,0,6.068646669387817,0,5ae2952a5542994d89d5b42b,0.0,0,3,3,
0,0,6.120419025421143,0,5adfa97555429942ec259ae1,0.0,0,3,5,
0,0,6.116948127746582,0,5a8b3d795542997f31a41cc1,0.0,0,3,3,
0,0,6.052831649780273,0,5a7717635542994aec3b71e3,0.25,1,3,4,
0,0,6.175651788711548,0,5a83b01c5542996488c2e489,1.0,1,3,1,
0,0,7.645609617233276,0,5ab7d33d5542992aa3b8c859,0.0,0,3,6,
0,0,5.992943286895752,0,5a8c6bd55542995e66a475ea,0.0,0,3,3,
0,0,12.735742092132568,1,5a773c7755429972597f14b5,0.0,0,6,3,
0,0,5.965893745422363,0,5ab1ec725542993be8fa9883,0.0,0,3,3,
0,0,5.824151992797852,0,5ae49bb755429970de88d9d7,0.2857142857142857,2,3,7,
0,0,5.9914021492004395,0,5ac2e9c45542990b17b154a0,0.5,1,3,2,
0,0,13.762330770492554,1,5a77c0c05542995d831812a1,0.0,0,6,4,
0,0,12.679472208023071,1,5a80870d5542992bc0c4a752,0.0,0,6,3,
0,0,6.00918984413147,0,5a772c925542993735360208,0.0,0,3,3,
0,0,6.02540397644043,0,5a8a09765542992d82986e67,0.4,2,3,5,
0,0.07692307692307691,6.469020128250122,0,5a7b220855429931da12c9e5,0.0,0,3,6,
0,0,6.0278565883636475,0,5ac51c2255429924173fb5b4,0.0,0,3,2,
0,0,6.098255395889282,0,5ab868e755429919ba4e22e3,0.0,0,3,2,
0,0,12.488800764083862,1,5ab3c7df55429969a97a81be,,,,,
0,0,5.861899375915527,0,5a7294b65542991f9a20c509,0.0,0,3,1,
0,0,20.69365620613098,2,5a8595a85542992a431d1b48,0.0,0,9,7,
0,0,5.869415521621704,0,5a887771554299206df2b294,0.25,1,3,4,
0,0,5.938053369522095,0,5a88b3b4554299206df2b336,0.0,0,3,3,
0,0,5.847151756286621,0,5ae6fee3554299572ea54670,0.0,0,3,8,
0,0,12.373773574829102,1,5ab97a315542996be2020517,0.0,0,6,2,
0,0,5.923902988433838,0,5a714b645542994082a3e78b,0.0,0,3,3,
0,0.0909090909090909,6.011542797088623,0,5abd0553554299700f9d7963,0.0,0,3,7,
0,0,6.287027597427368,0,5add1d435542990d50227de8,0.0,0,3,3,
0,0,5.920574903488159,0,5a8a0ed55542992e4fca84e8,0.0,0,3,6,
0,0,5.962994813919067,0,5ab2861b554299449642c8df,0.5,1,3,2,
0,0,5.783325910568237,0,5a76394c5542994ccc918725,0.0,0,3,5,
0,0,5.986470460891724,0,5adc995d5542994ed6169ba8,0.6,3,3,5,
0,0,5.845987558364868,0,5abd0b9a5542996e802b46b7,0.3333333333333333,1,3,3,
0,0,6.057084798812866,0,5ab7948b5542995dae37e969,0.0,0,3,9,
0,0,5.905711889266968,0,5a7f1d3c5542993067513639,0.16666666666666666,1,3,6,
0,0.11764705882352941,4.298732280731201,1,5a8661535542994775f60758,0.0,0,3,3,
0,0,13.424142599105835,1,5ab4396555429942dd415eed,0.4,2,6,5,
0,0,5.877210855484009,0,5ae3776e5542992e3233c40c,0.5,1,3,2,
0,0,4.118346929550171,1,5ac259585542992f1f2b3868,0.0,0,3,4,
0,0,5.835575580596924,0,5a77671255429966f1a36d21,0.0,0,3,4,
0,0,38.09971261024475,5,5ae1b8075542997283cd2262,0.0,0,18,6,
0,0,5.858376979827881,0,5ae773eb5542997b22f6a777,0.0,0,3,4,
0,0.09523809523809525,6.026566505432129,0,5ab72b5855429928e1fe3828,0.0,0,3,5,
0,0,40.86834168434143,5,5ab7b3cc55429928e1fe3893,0.25,1,18,4,
0,0,7.77351188659668,0,5ab8261655429934fafe6cf1,0.0,0,3,4,
0,0,12.50657343864441,1,5ab8848d55429916710eb07b,0.0,0,6,3,
0,0,32.239436864852905,4,5ae26c435542994d89d5b420,0.0,0,15,3,
0,0,5.87038516998291,0,5ab6c181554299110f219a5f,0.0,0,3,13,
0,0,6.026978254318237,0,5ab707d65542991d32223761,0.1111111111111111,1,3,9,
0,0,6.1552488803863525,0,5a7fa2ad5542994857a76792,0.0,0,3,5,
0,0.08695652173913045,5.8404645919799805,0,5ae346365542991a06ce9985,0.0,0,3,2,
0,0,6.00876784324646,0,5a8645825542991e771815eb,0.14285714285714285,1,3,7,
0,0,5.8304603099823,0,5a8e0d04554299068b959e3a,0.0,0,3,6,
0,0,6.052418231964111,0,5a7a96b055429941d65f26d7,0.3333333333333333,1,3,3,
0,0,5.972789764404297,0,5abc5955554299114383a118,0.0,0,3,3,
0,0,5.8620898723602295,0,5ae780bf554299540e5a55d0,0.3333333333333333,1,3,3,
0,0,6.083073854446411,0,5ae1452c554299422ee99654,0.0,0,3,6,
0,0,5.897023439407349,0,5ac3ac8255429939154138ad,0.0,0,3,1,
0,0,7.709812879562378,0,5abdd30c5542991f66106052,0.0,0,3,7,
0,0,5.7885496616363525,0,5a7fa1b05542994857a7678e,0.4,2,3,5,
0,0,5.766094446182251,0,5a88fa145542997e5c09a6e1,0.0,0,3,3,
0,0,5.959013938903809,0,5ab90db455429916710eb0f2,0.0,0,3,2,
0,0,5.913794040679932,0,5ab95dd8554299743d22eb13,0.0,0,3,3,
0,0,6.038464546203613,0,5a7bbc59554299294a54aaa9,0.0,0,3,3,
0,0,5.982922554016113,0,5a8595005542992a431d1b40,0.0,0,3,5,
0,0,5.889519214630127,0,5a884adb5542996e4f308938,0.0,0,3,3,
0,0,5.941569566726685,0,5ae0db8955429924de1b71a1,0.0,0,3,4,
0,0,5.966437101364136,0,5ae5fc345542993aec5ec1f8,0.0,0,3,1,
0,0,6.010833501815796,0,5a84800f554299123d8c2276,0.0,0,3,4,
0,0,5.892585754394531,0,5ab1d2585542997061209581,0.0,0,3,4,
0,0,5.985872507095337,0,5abd0077554299700f9d7954,0.0,0,3,4,
0,0,5.845117568969727,0,5ae0cf8355429945ae959464,0.0,0,3,5,
0,0,6.032925367355347,0,5ae63cc55542992ae0d16298,0.0,0,3,7,
0,0,5.986965894699097,0,5a7d70d45542990b8f50398a,0.0,0,3,4,
0,0,5.780454874038696,0,5abd578a5542993062266c5d,0.0,0,3,4,
0,0,6.4638752937316895,0,5ae361605542994393b9e69b,0.0,0,3,2,
0,0,5.881359577178955,0,5adc46665542994650320cc8,0.0,0,3,4,
0,0,7.566514253616333,0,5a87964c5542996e4f30885f,0.3333333333333333,1,3,3,
0,0,5.8110880851745605,0,5a842f705542996488c2e4fc,0.0,0,3,5,
0,0,5.754332780838013,0,5ab2929a554299449642c900,0.0,0,3,3,
0,0,5.888186931610107,0,5a89d36e554299515336132a,0.0,0,3,2,
0,0,5.899563550949097,0,5ae46c9d5542996836b02c9d,0.0,0,3,4,
0,0,5.954619407653809,0,5ae1cf785542997f29b3c12a,0.0,0,3,3,
0,0,6.04807710647583,0,5a8de4595542995085b37348,0.0,0,3,6,
0,0,6.302119016647339,0,5ab7f0995542995dae37e9fb,0.5,1,3,2,
0,0,5.948749780654907,0,5a7345ed5542992359bc32ce,0.0,0,3,3,
0,0,5.809875011444092,0,5abf92c45542993fe9a41e07,0.6666666666666666,2,3,3,
0,0,5.970430135726929,0,5a8ba67755429971feec4748,0.5,2,3,4,
0,0,5.936396837234497,0,5a874f20554299211dda2bd6,0.0,0,3,1,
0,0,5.980707883834839,0,5abbdd6955429931dba145b5,0.0,0,3,2,
0,0,5.815073251724243,0,5ae635505542992ae0d16282,0.0,0,3,4,
0,0,5.90985107421875,0,5a7a3d435542996a35c17154,1.0,1,3,1,
0,0,6.004836559295654,0,5a7d598d5542995f4f402262,0.0,0,3,2,
0,0,5.83758807182312,0,5ae0f8a05542997b2ef7d0bc,0.0,0,3,3,
0,0,4.197192907333374,1,5a7af4bb55429927d897bf1d,0.125,1,3,8,
0,0,6.354920864105225,0,5a81778355429926c1cdad2e,0.0,0,3,2,
0,0,7.75665020942688,0,5a77b9a35542995d83181280,0.2,1,3,5,
0,0,5.831419229507446,0,5ab724b45542991d32223785,0.3333333333333333,1,3,3,
0,0,5.917946100234985,0,5a7c25895542997c3ec972e6,0.0,0,3,8,
0,0,5.896698713302612,0,5ac415445542995c82c4acb7,0.0,0,3,3,
0,0,6.000802278518677,0,5ab95a63554299743d22eb06,0.0,0,3,4,
0,0,6.02965784072876,0,5ab3b50055429969a97a818c,0.0,0,3,4,
0,0,5.849731206893921,0,5ae1568a55429901ffe4ae6b,0.0,0,3,9,
0,0,98.84386324882507,5,5a7f10e2554299306751360b,0.14285714285714285,1,18,7,
0,0,41.08399844169617,5,5a7af2a455429931da12c998,0.42857142857142855,3,18,7,
0,0,38.944063663482666,5,5ae1810555429901ffe4aecf,0.3333333333333333,1,18,3,
0,0,123.84102511405945,5,5ae0ae4555429945ae959419,0.0,0,18,3,
0,0,45.71066331863403,5,5abb8afe5542993f40c73b1e,0.0,0,18,2,
0,0,34.98076391220093,4,5ab82e195542992aa3b8c8a8,0.0,0,15,3,
0,0,41.258464336395264,5,5a8d227a554299585d9e37b1,0.0,0,18,2,
0,0,41.136895418167114,5,5add60905542995b365fab1d,0.0,0,18,1,
0,0,41.650434494018555,5,5a77c6e05542995d831812c7,0.0,0,18,5,
0,0,39.291441202163696,5,5ae1ee6d5542997283cd22fd,0.0,0,18,1,
0,0,19.021908283233643,2,5add2b865542992c1e3a2550,1.0,2,9,2,
0,0,5.9546167850494385,0,5ab5ee055542997d4ad1f259,0.0,0,3,4,
0,0,6.167442321777344,0,5ac514d05542994611c8b372,0.5,1,3,2,
0,0,5.935353994369507,0,5a8836445542997e5c09a5a5,0.0,0,3,1,
0,0,6.0399792194366455,0,5a8010685542992bc0c4a69a,0.0,0,3,6,
0,0,6.180927753448486,0,5a728dc65542992359bc30ef,0.0,0,3,5,
0,0,6.008857488632202,0,5a7c38c955429935c91b5132,0.6,3,3,5,
0,0,7.787393569946289,0,5ab4378f5542991751b4d6f3,0.3333333333333333,1,3,3,
0,0,5.984107732772827,0,5ab4028555429976abd1bd2b,0.0,0,3,5,
0,0,6.083237409591675,0,5ac2a41e55429967731025d0,0.0,0,3,2,
0,0,5.955017805099487,0,5adeaec455429939a52fe952,0.3333333333333333,2,3,6,
0,0,5.944211959838867,0,5a7f84225542994857a76756,0.0,0,3,8,
0,0,6.119983434677124,0,5addce005542997dc790703c,0.16666666666666666,1,3,6,
0,0,5.912723541259766,0,5a87ef2f55429938390d3eb9,0.0,0,3,3,
0,0,6.115329265594482,0,5abd1b5e55429933744ab728,0.0,0,3,4,
0,0,5.954555511474609,0,5a7a5ea15542994f819ef1c7,0.0,0,3,6,
0,0,4.215500116348267,1,5a8d42c95542994ba4e3dc43,0.0,0,3,14,
0,0,6.162167310714722,0,5abb342055429966062416e8,0.25,1,3,4,
0,0,40.75819134712219,5,5ab2b630554299545a2cfa17,0.0,0,18,9,
0,0,41.46712875366211,5,5a7320ac5542991f9a20c620,0.0,0,18,5,
0,0,6.199171781539917,0,5a8febb555429916514e73e4,0.25,1,3,4,
0,0,22.413923978805542,2,5a86481b5542996432c571b5,0.0,0,9,1,
0,0,39.697349071502686,5,5a7d93945542990b8f5039b8,0.25,1,18,4,
0,0,13.106202840805054,1,5ae150ab55429901ffe4ae53,0.2,1,6,5,
0,0,39.635204792022705,5,5a7528e955429929fddd850e,0.0,0,18,4,
0,0,39.34236550331116,5,5ae5dae2554299546bf82fa4,0.0,0,18,4,
,,,,5ae12f105542997b2ef7d11e,,,,,Ollama request exceeded timeout limit for model stable-qwen with error: timed out
0,0.04166666666666667,39.506712198257446,5,5a72dcb45542992359bc31af,0.0,0,18,3,
0,0,41.34550714492798,5,5ae530e355429908b6326561,0.0,0,18,4,
,,,,5abe3abb55429965af743ea1,,,,,Ollama request exceeded timeout limit for model stable-qwen with error: timed out
0,0,40.19715595245361,5,5a77a15b5542995d83181226,0.0,0,18,3,
0,0,40.96118688583374,5,5ae409d955429970de88d89d,0.0,0,18,5,
0,0.08695652173913042,6.1732470989227295,0,5ae3fe635542996836b02c07,0.0,0,3,5,
0,0,6.04549765586853,0,5a7322a25542991f9a20c634,0.0,0,3,5,
0,0,12.708706855773926,1,5a7324e055429901807daf8f,0.0,0,6,1,
0,0,19.229548931121826,2,5addcfd65542997dc790703e,0.0,0,9,7,
0,0,6.1664040088653564,0,5abe92de5542993f32c2a16b,0.16666666666666666,1,3,6,
0,0,5.994401931762695,0,5a80f42b55429938b614226c,0.0,0,3,3,
0,0,6.043961763381958,0,5ab94ade554299743d22eac7,0.0,0,3,12,
0,0.07407407407407407,5.921658754348755,0,5aba89fb5542994dbf019933,0.0,0,3,4,
0,0,6.052622318267822,0,5a7651825542992d0ec060a3,0.0,0,3,3,
0,0,41.08410930633545,5,5ac3c1585542995ef918c21d,0.6666666666666666,2,18,3,
0,0,38.68345332145691,5,5a797bd95542994bb9457016,0.0,0,18,8,
0,0,25.85439443588257,3,5ade5a645542997c77adee0d,0.0,0,12,3,
0,0,6.060842037200928,0,5ae36ee05542992f92d822c4,0.0,0,3,3,
0,0,6.217876195907593,0,5a8b231055429949d91db4c9,0.0,0,3,3,
0,0,6.1607983112335205,0,5addd41b5542990dbb2f7e94,0.0,0,3,3,
0,0,6.171462059020996,0,5a8a5bd355429970aeb702b9,0.0,0,3,3,
0,0,4.107374429702759,1,5adbfc945542996e68525296,0.0,0,3,2,
0,0,6.16184663772583,0,5adc294c5542996e685252cf,0.0,0,3,3,
0,0,6.480621099472046,0,5a7351785542994cef4bc539,0.0,0,3,5,
0,0,6.113722801208496,0,5adbc8e25542996e68525230,0.0,0,3,3,
0,0,20.255776166915894,2,5ae0247955429925eb1afc22,0.0,0,9,11,
0,0,5.955295085906982,0,5a8cdcb0554299441c6b9f33,0.0,0,3,6,
0,0,5.918688535690308,0,5a888abc5542997e5c09a604,0.0,0,3,3,
0,0,5.97970724105835,0,5ab9e2055542994dbf019884,0.0,0,3,7,
0,0,6.86855936050415,0,5a851b0d5542997175ce1f7f,0.0,0,3,3,
0,0,6.0971081256866455,0,5abd0eae5542996e802b46d4,0.0,0,3,4,
0,0,5.95325231552124,0,5ab930c75542996be202043a,0.5,1,3,2,
0,0,6.123544931411743,0,5abc0dfe55429959677d6a05,0.0,0,3,3,
0,0,5.905683279037476,0,5a82ebb855429966c78a6a9c,0.0,0,3,4,
0,0,5.838882923126221,0,5a7a1d305542990783324e66,0.0,0,3,5,
0,0,6.1188201904296875,0,5ac290e85542992f1f2b3916,0.0,0,3,2,
0,0,11.554001331329346,1,5a7b116a554299042af8f6c4,0.0,0,6,3,
0,0,6.17768669128418,0,5ab553e2554299494045ef81,0.0,0,3,6,
0,0,6.115728378295898,0,5ab587f85542992aa134a34d,0.0,0,3,4,
0,0,6.223428010940552,0,5a732ab25542991f29ee2d25,0.2,1,3,5,
0,0,6.002877473831177,0,5ac283f7554299677310254a,0.0,0,3,1,
0,0,7.786487102508545,0,5a7aa5e75542992d025e66d9,0.0,0,3,14,
0,0,5.877493858337402,0,5ae237cf5542992decbdcc78,0.3333333333333333,1,3,3,
0,0,6.115778923034668,0,5abe4a365542993f32c2a0dc,0.3333333333333333,1,3,3,
0,0,13.005491733551025,1,5a84f4c75542997175ce1f31,0.0,0,6,5,
0,0,6.216125011444092,0,5add64e35542992200553ae8,0.0,0,3,4,
0,0,6.013426065444946,0,5ac02d59554299294b218f3b,0.0,0,3,3,
0,0,6.207808971405029,0,5adbe27c55429947ff173854,0.0,0,3,5,
0,0,6.129421710968018,0,5a84e0a45542991dd0999e11,0.0,0,3,4,
0,0,4.219815015792847,1,5ac2e97d554299657fa290c0,0.0,0,3,8,
0,0,6.1981425285339355,0,5a8ec3205542995a26add506,0.0,0,3,3,
0,0,6.830687761306763,0,5ae39e9c5542990afbd1e195,0.0,0,3,3,
0,0,6.267966270446777,0,5a8c92dd554299653c1aa0c4,0.0,0,3,3,
0,0,6.058761119842529,0,5a81dbfc55429903bc27b9f2,0.2,1,3,5,
0,0,6.154805421829224,0,5ab5e4e15542997d4ad1f229,0.0,0,3,7,
0,0,6.0744853019714355,0,5add00775542992c1e3a2503,0.0,0,3,2,
0,0,6.061977863311768,0,5ae7a8d35542994a481bbdbb,0.3333333333333333,1,3,3,
0,0,6.144714593887329,0,5ab439f055429942dd415eef,0.0,0,3,5,
0,0,6.109682559967041,0,5a8b6efd5542997f31a41d2b,0.0,0,3,5,
0,0,7.876433372497559,0,5ac02d345542992a796decc0,0.0,0,3,3,
0,0,6.016651153564453,0,5a892d6f55429951533612d1,0.5,1,3,2,
0,0,5.977664232254028,0,5abd68d655429933744ab7c0,0.0,0,3,5,
0,0,6.129218578338623,0,5ac3891f554299741d48a284,0.125,1,3,8,
0,0,6.071939468383789,0,5a8135eb55429938b61422fa,0.0,0,3,2,
0,0,6.193963050842285,0,5a7e355055429934daa2fbf4,0.0,0,3,6,
0,0,5.999810218811035,0,5ab5d4eb5542992aa134a3aa,0.0,0,3,3,
0,0,6.231360912322998,0,5a84e4bc5542997b5ce3ff81,0.0,0,3,3,
0,0,19.17781686782837,2,5adfbd4655429942ec259b31,0.0,0,9,3,
0,0,5.9757399559021,0,5ab85e195542992aa3b8c8c5,0.0,0,3,9,
0,0,6.046451568603516,0,5ab6c65e554299710c8d1f58,0.0,0,3,8,
0,0.08,5.88359260559082,0,5adf9b415542995ec70e904c,0.0,0,3,1,
0,0,0.6047554016113281,0,5a7a5aea5542996c55b2dd6f,,,,,
0,0,5.994749546051025,0,5ae446175542995ad6573d1f,0.25,1,3,4,
0,0,6.125874042510986,0,5abbd3b4554299642a094b4f,0.0,0,3,2,
0,0,5.918526649475098,0,5a89875655429938390d4047,0.0,0,3,3,
0,0,6.138823509216309,0,5adeab4555429975fa854f5f,0.0,0,3,5,
0,0,6.033874273300171,0,5a72e4375542992359bc31bf,0.0,0,3,4,
0,0.08,7.6774373054504395,0,5add64065542995b365fab25,0.0,0,3,2,
0,0,5.987348318099976,0,5ae0b4c15542993d6555ec21,0.0,0,3,15,
0,0,5.9297544956207275,0,5a8a42ec55429970aeb7027c,0.0,0,3,5,
0,0,6.013887405395508,0,5ae113de55429901ffe4ad51,0.0,0,3,6,
0,0,4.182667255401611,1,5add5f925542997545bbbd48,0.0,0,3,1,
0,0,6.065077781677246,0,5a7fd1515542992e7d278db1,0.0,0,3,3,
0,0,6.09025764465332,0,5a7222b155429971e9dc92c4,0.0,0,3,3,
0,0,5.871021270751953,0,5abb7e4f5542996cc5e4a00b,0.0,0,3,5,
0,0,40.17028856277466,5,5abcf84d55429959677d6b86,0.0,0,18,1,
0,0,12.851212978363037,1,5a7d119d5542995ed0d165d5,0.14285714285714285,1,6,7,
0,0,27.425681829452515,3,5a8a4a4055429930ff3c0d77,0.0,0,12,7,
0,0,12.769827604293823,1,5a7754d85542993735360234,0.2,1,6,5,
0,0,18.386717796325684,2,5ac44813554299194317396b,0.0,0,9,5,
0,0,5.991137981414795,0,5adbe447554299438c868ccd,0.16666666666666666,1,3,6,
0,0,26.331300973892212,3,5ae4b8fc55429913cc2044e5,0.0,0,12,1,
0,0,5.96256422996521,0,5ae26fad554299495565da6f,0.0,0,3,1,
0,0,6.028342247009277,0,5ab53436554299637185c504,0.0,0,3,1,
0,0.08,6.055567741394043,0,5a7e36815542995ed0d166d4,0.0,0,3,11,
0,0,6.113343954086304,0,5a906f9f5542995b442420b3,0.0,0,3,3,
0,0,6.038631916046143,0,5ac0aab35542992a796ded5c,0.0,0,3,4,
0,0,6.007676839828491,0,5abc8507554299700f9d78de,0.2,1,3,5,
0,0,6.139305830001831,0,5ae5d82f554299546bf82f9a,0.0,0,3,4,
0,0,7.755387783050537,0,5abcf51c554299700f9d7949,0.0,0,3,7,
0,0,5.87202000617981,0,5a7a7dc15542994f819ef1f2,0.0,0,3,8,
0,0,6.034213304519653,0,5a77984d5542992a6e59df14,0.0,0,3,3,
0,0.07142857142857144,5.8992226123809814,0,5a775bab5542994aec3b72a8,0.0,0,3,2,
0,0,12.81852388381958,1,5ab5574b554299488d4d994e,0.0,0,6,5,
0,0,5.911823987960815,0,5a8e7c095542990e94052b22,0.5,1,3,2,
0,0,6.1155359745025635,0,5ac2ad5355429921a00ab02c,0.0,0,3,3,
0,0,6.044774532318115,0,5a7f97c05542995d8a8ddeb0,0.5,1,3,2,
0,0,26.08385729789734,3,5a84f8555542997175ce1f3a,0.0,0,12,4,
0,0,6.459092378616333,0,5ab9fe1255429939ce03dc40,0.3333333333333333,2,3,6,
0,0.6666666666666666,4.498434066772461,1,5a77a8b45542995d83181253,0.3333333333333333,1,3,3,
0,0,42.214659690856934,5,5a7296815542991f9a20c515,0.6666666666666666,2,18,3,
0,0,12.953722476959229,1,5ae1925a554299492dc91b48,0.0,0,6,2,
0,0,12.715937614440918,1,5a90997b5542995651fb51af,0.0,0,6,11,
0,0,6.076836347579956,0,5ab42e55554299753aec5a53,0.0,0,3,2,
0,0,6.603353977203369,0,5a83972f5542996488c2e46d,0.2,1,3,5,
0,0,6.112121820449829,0,5a7b47765542992d025e67d8,0.0,0,3,3,
0,0,6.687276601791382,0,5ac0aa955542997d64295a49,0.0,0,3,4,
0,0,6.268170356750488,0,5a8b3c0055429949d91db4f8,0.0,0,3,3,
0,0.08333333333333333,6.138106346130371,0,5a8361f35542996488c2e431,0.0,0,3,3,
0,0,6.36772084236145,0,5ab54056554299488d4d9923,0.0,0,3,1,
0,0,13.128149271011353,1,5a8a06455542992e4fca84db,0.0,0,6,2,
0,0,6.0087127685546875,0,5ae0b9b155429924de1b7152,0.0,0,3,3,
0,0,6.1653993129730225,0,5ae1384355429920d5234329,0.0,0,3,5,
0,0.1,4.731313705444336,1,5ab946d7554299743d22eaaf,0.0,0,3,9,
0,0,6.572170257568359,0,5a8d427f5542994ba4e3dc41,0.0,0,3,2,
0,0,8.163507461547852,0,5a7268235542992359bc3081,0.0,0,3,4,
0,0,6.15593695640564,0,5ae26905554299492dc91c17,0.0,0,3,4,
0,0.08333333333333333,12.64475393295288,1,5adcd1665542994d58a2f6e6,0.0,0,6,2,
0,0,6.320037841796875,0,5adfd0d655429942ec259b4e,0.0,0,3,4,
0,0,6.243131399154663,0,5a8b24f255429950cd6afc56,0.0,0,3,4,
0,0,6.027531623840332,0,5a8008b95542992097ad2fcf,0.5,2,3,4,
0,0,6.210371255874634,0,5ae274dd5542996483e649ad,0.0,0,3,4,
0,0,6.112561225891113,0,5ac1089f554299012d1db688,1.0,1,3,1,
0,0,19.324549436569214,2,5a81ad9855429903bc27b9a3,0.5,1,9,2,
0,0,6.214033126831055,0,5a8ac5595542992d82986f77,0.2,1,3,5,
0,0,6.087641477584839,0,5a75447b55429974ef308cbf,0.0,0,3,2,
0,0,6.197697401046753,0,5a87defa5542993e715abfec,0.0,0,3,1,
0,0,19.524113178253174,2,5ae12a4b55429920d52342df,0.25,1,9,4,
0,0,6.092021942138672,0,5a7b68525542997c3ec97151,0.0,0,3,5,
0,0,7.810203790664673,0,5ade18df5542990dbb2f7f53,0.0,0,3,3,
0,0,6.019906997680664,0,5a8430335542996488c2e500,0.5,1,3,2,
0,0,6.202136993408203,0,5a875fee5542996e4f3087ab,0.0,0,3,2,
0,0,3.978768825531006,1,5ab3d5f355429969a97a81c5,0.5,1,3,2,
0,0,6.087538480758667,0,5ae56fb85542993aec5ec1a9,0.0,0,3,2,
0,0,12.80850863456726,1,5adea2435542992fa25da7e4,0.0,0,6,2,
0,0,6.195348501205444,0,5a7b695f5542997c3ec97156,0.0,0,3,3,
0,0,6.157561779022217,0,5ae164cf5542997b2ef7d1cd,0.0,0,3,8,
0,0,6.1424174308776855,0,5ac2070755429964131be2bd,0.0,0,3,5,
0,0,0.4491913318634033,0,5ae1892f5542997b2ef7d1f3,,,,,
0,0.058823529411764705,6.360545873641968,0,5ade636255429939a52fe896,0.0,0,3,3,
0,0.08,6.200878143310547,0,5a8b128455429971feec463b,0.0,0,3,4,
0,0,12.795492172241211,1,5a8affca55429971feec45e3,0.5,1,6,2,
0,0,6.1762895584106445,0,5ae5a8435542992663a4f208,0.0,0,3,1,
0,0,6.090703010559082,0,5a8e82ff5542995a26add4e2,0.0,0,3,5,
0,0,6.075864315032959,0,5ab874ba5542990e739ec904,0.14285714285714285,1,3,7,
0,0,6.723105430603027,0,5ae2d8fb55429928c42394fa,0.5,1,3,2,
0,0,6.209877252578735,0,5ab7ba7555429928e1fe38b5,0.0,0,3,3,
0,0,7.897862672805786,0,5ae1894f5542997b2ef7d1f4,0.0,0,3,2,
0,0,6.020226001739502,0,5a7734ce5542993735360217,0.0,0,3,3,
0,0,6.112138509750366,0,5ab55e015542992aa134a2d3,0.5,1,3,2,
0,0,6.176718711853027,0,5a8bcad45542995e66a47512,0.0,0,3,3,
0,0,6.028635263442993,0,5a7df25a5542990b8f503b02,0.0,0,3,2,
0,0.07692307692307693,6.0802061557769775,0,5a8f6a025542992414482ab8,0.0,0,3,3,
0,0,6.3035666942596436,0,5ac113e2554299294b21909a,0.25,1,3,4,
0,0,6.224963903427124,0,5a72224755429971e9dc92be,0.5,2,3,4,
0,0,6.065185070037842,0,5a84c66a5542994c784dda45,0.0,0,3,6,
0,0,6.023935079574585,0,5adc2b6255429947ff173901,0.0,0,3,4,
0,0,6.207509756088257,0,5a73984355429908901be307,0.0,0,3,3,
0,0.08333333333333333,6.025576829910278,0,5a7a4f335542990198eaf11e,0.0,0,3,9,
0,0,6.21605658531189,0,5a7c49dc55429935c91b514f,0.0,0,3,3,
0,0,6.033957481384277,0,5a8db2105542994ba4e3dd04,0.2222222222222222,2,3,9,
0,0,6.685666799545288,0,5ae11bc455429901ffe4ad94,0.0,0,3,4,
0,0,6.172297239303589,0,5ae48d1755429913cc204499,0.0,0,3,1,
0,0,6.089778900146484,0,5ab521175542996a3a96a02d,0.0,0,3,1,
0,0,6.294436693191528,0,5ae5559c55429960a22e02ba,0.0,0,3,5,
0,0,6.084252834320068,0,5ae75eb15542995703ce8bf8,0.0,0,3,5,
0,0,7.8759989738464355,0,5ae3305c55429928c423965f,1.0,1,3,1,
0,0,5.95077919960022,0,5a89dd4d554299669944a5e3,0.0,0,3,2,
0,0,5.961205005645752,0,5a8f51695542992414482a3e,0.0,0,3,3,
0,0,6.126751184463501,0,5adc0f8d55429947ff1738ef,0.0,0,3,5,
0,0,6.092344522476196,0,5a8da70a5542994ba4e3dcea,0.0,0,3,4,
0,0,6.173377752304077,0,5a8a5dd055429970aeb702c7,0.0,0,3,1,
0,0,6.028201103210449,0,5a74b4e555429929fddd84c2,0.1111111111111111,1,3,9,
0,0,12.653122425079346,1,5ade7feb5542992fa25da799,0.0,0,6,5,
0,0,6.0376691818237305,0,5a7293655542991f9a20c4ff,0.0,0,3,4,
0,0,6.251406192779541,0,5a832a625542990548d0b1b4,0.3333333333333333,1,3,3,
0,0,6.059075593948364,0,5a7f87755542994857a76769,0.3333333333333333,1,3,3,
0,0,6.223381042480469,0,5a7bae775542995eb53be995,0.0,0,3,3,
0,0,6.106117010116577,0,5a7c6e435542996dd594b933,0.5,1,3,2,
0,0.06896551724137931,6.073575735092163,0,5ac259125542992f1f2b3867,0.25,1,3,4,
0,0,6.127524137496948,0,5ab2acbc55429929539467d2,1.0,2,3,2,
0,0.08,6.063979625701904,0,5ab54e145542992aa134a2a1,0.0,0,3,2,
0,0.08,6.2938551902771,0,5ae47fe255429913cc204482,0.5,1,3,2,
0,0,6.130709171295166,0,5a7b782455429927d897bfd7,0.0,0,3,9,
0,0,14.357283115386963,1,5aba05cb55429939ce03dc56,0.0,0,6,7,
0,0,6.05837607383728,0,5ae4f96755429913cc204551,0.0,0,3,5,
0,0,6.092825174331665,0,5a7fb5ce5542994857a767ca,0.0,0,3,6,
0,0,5.9583728313446045,0,5a7336bd5542991f9a20c68c,0.0,0,3,1,
0,0,6.175508975982666,0,5a77c1d95542995d831812a6,0.0,0,3,8,
0,0,6.070185661315918,0,5a7723fa55429966f1a36ca0,0.0,0,3,4,
0,0,6.077935695648193,0,5a8b40b055429949d91db50c,0.3333333333333333,1,3,3,
0,0,4.532871723175049,1,5a79ad485542994bb9457036,0.0,0,3,4,
0,0,6.012946605682373,0,5a84b5f05542991dd0999da5,0.25,1,3,4,
0,0,6.6205995082855225,0,5ae8161555429952e35eaa04,0.0,0,3,3,
0,0,6.056607484817505,0,5ae0fb8855429920d523425b,0.0,0,3,7,
0,0,16.254215240478516,1,5abb17e75542996cc5e49fa2,0.0,0,6,2,
0,0,6.107059478759766,0,5a7b1e22554299042af8f6e4,0.0,0,3,5,
0,0,5.889589071273804,0,5ab2d28b55429916697740ee,0.0,0,3,3,
0,0,5.703688859939575,0,5a7a43245542994f819ef19d,0.0,0,3,4,
0,0,5.913312911987305,0,5a7d003b55429907fabef0a1,0.3333333333333333,1,3,3,
0,0,7.4058837890625,0,5aba9813554299232ef4a357,0.0,0,3,2,
0,0,5.9965784549713135,0,5ae731c4554299572ea54781,0.25,1,3,4,
0,0,6.16454553604126,0,5ae78d155542994a481bbd99,0.0,0,3,3,
0,0,5.6604344844818115,0,5a76a2b55542993569682c6c,0.0,0,3,10,
0,0,12.751550674438477,1,5ab455dc5542991779162c77,0.0,0,6,14,
0,0,5.999829053878784,0,5ae63b2255429908198fa526,0.0,0,3,7,
0,0,12.644364356994629,1,5a7cde68554299683c1c63ac,0.0,0,6,6,
0,0,6.2565271854400635,0,5a76641e5542992d0ec060d8,0.0,0,3,12,
0,0,6.109152317047119,0,5ade56ed5542997c77adee04,1.0,2,3,2,
0,0,6.214437246322632,0,5ade74285542992fa25da78c,0.0,0,3,4,
0,0,6.093561172485352,0,5a7bbee85542997c3ec97270,0.2,1,3,5,
0,0,6.1607232093811035,0,5adf68ac5542993344016c79,0.0,0,3,7,
0,0,6.184426546096802,0,5a81937e5542995ce29dcc08,0.0,0,3,1,
0,0,6.1327502727508545,0,5ae665795542991bbc9760c9,0.0,0,3,4,
0,0,6.252032518386841,0,5a8cf064554299585d9e3775,0.0,0,3,4,
0,0,4.293196678161621,1,5abbc7a055429931dba1451b,0.0,0,3,3,
0,0,6.146844863891602,0,5a7b01645542992d025e6734,0.0,0,3,3,
0,0,7.794647693634033,0,5a81456855429938b614231e,0.0,0,3,5,
0,0,39.384602785110474,5,5adf72095542992d7e9f935d,0.3333333333333333,1,18,3,
0,0,40.26749587059021,5,5a771e3255429966f1a36c78,0.0,0,18,2,
0,0,5.796122312545776,0,5a73551e5542991f29ee2d84,0.0,0,3,4,
0,0,12.66710090637207,1,5a75abbb5542992d0ec05fd9,0.0,0,6,2,
0,0,5.944159030914307,0,5abc219655429959677d6a1d,0.0,0,3,4,
0,0,5.747288703918457,0,5abee70a5542994516f45476,0.0,0,3,7,
0,0,5.798609972000122,0,5a776bd155429966f1a36d3b,0.25,1,3,4,
0,0,7.902032375335693,0,5a809fe75542996402f6a5ba,0.0,0,3,2,
0,0,5.709120035171509,0,5a7cefcf55429909bec768af,0.0,0,3,4,
0,0,5.80333685874939,0,5adf400a5542993a75d2644e,0.14285714285714285,1,3,7,
0,0,5.780700445175171,0,5adfa1f9554299025d62a308,0.1111111111111111,1,3,9,
0,0,5.705990314483643,0,5a7797175542992a6e59df10,0.6666666666666666,2,3,3,
0,0,5.858150482177734,0,5ac4c16b5542997ea680cab4,0.5,2,3,4,
0,0,5.837472438812256,0,5a863b87554299211dda2ab7,0.0,0,3,2,
0,0,6.263338327407837,0,5a81a63c5542990a1d231e45,0.6,3,3,5,
0,0,5.771397590637207,0,5a8ac38855429970aeb70300,0.0,0,3,4,
0,0,5.926792144775391,0,5a7653d25542992db9473765,0.0,0,3,4,
0,0,5.793896198272705,0,5ab9988b554299131ca4238e,0.0,0,3,3,
0,0,5.736557960510254,0,5a88a8f4554299206df2b320,0.0,0,3,3,
0,0,5.896584749221802,0,5adcc5715542990d50227d0a,0.16666666666666666,1,3,6,
0,0,6.181037902832031,0,5a7455eb55429979e2882908,0.0,0,3,2,
0,0,5.862266540527344,0,5a88ca4e55429938390d3fc2,0.0,0,3,6,
0,0,5.773053884506226,0,5a8a410655429970aeb70279,0.0,0,3,2,
0,0,6.59308648109436,0,5ac2ed41554299218029db96,0.0,0,3,4,
0,0,5.8400843143463135,0,5abdb7ff5542993f32c2a011,0.0,0,3,3,
0,0,5.800747871398926,0,5ab1e7685542993be8fa9877,0.0,0,3,4,
0,0,7.700343132019043,0,5a773ec45542994aec3b7245,0.5,1,3,2,
0,0,5.648366212844849,0,5adf6aca5542993344016c8d,0.5,1,3,2,
0,0,5.863235235214233,0,5a70ff335542994082a3e49c,0.0,0,3,4,
0,0,5.847204208374023,0,5ade25ed5542997c77aded70,0.25,1,3,4,
0,0,6.088730096817017,0,5ae46b615542995dadf24327,0.3333333333333333,1,3,3,
0,0,6.581919431686401,0,5ae682c45542995703ce8b6f,0.0,0,3,4,
0,0,5.656114339828491,0,5a7ba8fc5542995eb53be986,0.0,0,3,3,
0,0,6.264397144317627,0,5a7d1868554299452d57bae2,0.0,0,3,5,
0,0,5.772892475128174,0,5a87556d5542994846c1cd65,0.25,1,3,4,
0,0,6.085766553878784,0,5abffafe5542997d64295988,0.0,0,3,2,
0,0,5.968990802764893,0,5a8460d5554299123d8c2229,0.0,0,3,2,
0,0.11764705882352941,5.86150598526001,0,5ac2db67554299657fa290a6,0.0,0,3,2,
0,0.1,11.51040506362915,1,5ae25c815542992decbdcccc,0.0,0,6,5,
0,0,5.915891408920288,0,5adfc8cf554299603e4183ad,0.0,0,3,3,
0,0,12.347709655761719,1,5ac3a7ce554299391541388f,0.0,0,6,6,
0,0,6.068985223770142,0,5a8f0de35542995b44241f40,0.0,0,3,5,
0,0,5.875368118286133,0,5ae37d265542994393b9e6e7,0.0,0,3,5,
0,0,7.724084377288818,0,5ae66d785542996d980e7b67,0.0,0,3,2,
0,0,5.7985007762908936,0,5a7768cb5542993569682d88,0.0,0,3,3,
0,0,26.468364000320435,3,5a8f503c5542992414482a34,0.0,0,12,6,
0,0,6.348262548446655,0,5ae4e2ca55429908b63264aa,0.5,1,3,2,
0,0,6.573843955993652,0,5a733b835542991f9a20c6b2,0.0,0,3,5,
0,0,4.4521777629852295,1,5a8b67b655429950cd6afcde,0.2,1,3,5,
0,0,6.094621896743774,0,5a806aca5542996402f6a503,0.0,0,3,3,
0,0,6.254801988601685,0,5a89d26b5542992e4fca83d1,0.6,3,3,5,
0,0,6.565928220748901,0,5adec5055542995534e8c707,0.0,0,3,2,
0,0,6.213210344314575,0,5ae2120c5542997283cd23ac,0.1111111111111111,1,3,9,
0,0.06896551724137931,40.530576944351196,5,5a75c02f5542992db94736b4,0.0,0,18,10,
0,0,14.862924575805664,1,5a8483b45542992a431d1a40,0.0,0,6,2,
0,0,6.134523153305054,0,5ae0ff95554299422ee995b0,0.0,0,3,4,
0,0,6.480157136917114,0,5ae12f16554299422ee9961f,0.0,0,3,2,
0,0,6.091689825057983,0,5adc3aff5542996e685252eb,0.0,0,3,1,
0,0,6.471694469451904,0,5adde99b5542992200553ba1,0.0,0,3,5,
0,0,41.23140358924866,5,5a8c493e554299653c1aa020,0.0,0,18,6,
0,0.07692307692307693,40.15905547142029,5,5a728fbd5542992359bc30f8,0.0,0,18,2,
0,0,6.327753305435181,0,5ae395d85542992f92d82313,0.3333333333333333,1,3,3,
0,0,30.329725742340088,3,5ab7ff1d5542990e739ec7b9,0.0,0,12,6,
0,0,6.066857576370239,0,5a846da0554299334474611e,0.2,1,3,5,
0,0,6.3133745193481445,0,5a78f89055429974737f792b,1.0,1,3,1,
1,1.0,4.226669073104858,1,5ab9788155429970cfb8eb1a,0.6666666666666666,2,3,3,
0,0,6.391040325164795,0,5a8534305542997b5ce3ffc4,0.0,0,3,2,
0,0,6.491441011428833,0,5abbc4f955429931dba144ff,0.0,0,3,4,
0,0,6.722884893417358,0,5a7af23a55429931da12c994,0.0,0,3,7,
0,0,6.422724008560181,0,5a77101d5542994aec3b71d7,0.0,0,3,4,
0,0.04878048780487805,6.23073148727417,0,5a84b2995542994c784dda11,0.0,0,3,7,
0,0,12.91887378692627,1,5abc7bc45542993a06baf8ef,0.0,0,6,3,
0,0,6.10956335067749,0,5a75441c55429916b01642cf,0.0,0,3,4,
0,0,19.411769151687622,2,5add22bc5542992ae4cec49f,0.0,0,9,3,
0,0,7.3393590450286865,0,5abff9905542997d64295980,0.0,0,3,5,
0,0,5.528067111968994,0,5ac31602554299741d48a1bf,0.0,0,3,5,
0,0,6.007005453109741,0,5ade5b835542997c77adee10,0.0,0,3,2,
0,0,5.492358922958374,0,5ab811395542990e739ec80f,0.0,0,3,11,
0,0,5.633209943771362,0,5ab51dbd5542996a3a96a023,0.0,0,3,1,
0,0,5.9832470417022705,0,5a78e86f55429974737f78fb,0.0,0,3,6,
0,0,5.544477701187134,0,5a714de95542994082a3e7a8,0.2,1,3,5,
0,0,5.657803773880005,0,5ae254565542992decbdccbb,0.0,0,3,6,
0,0,6.076072454452515,0,5a8ad6db55429950cd6afba7,0.0,0,3,1,
0,0,5.661078929901123,0,5ac55ba05542993e66e8233d,0.14285714285714285,1,3,7,
0,0,5.577886343002319,0,5a89bb0b5542992e4fca83a0,0.0,0,3,12,
0,0,5.631485223770142,0,5abe7c515542993f32c2a128,0.16666666666666666,1,3,6,
0,0,5.616641521453857,0,5abdcea955429965af743e5a,0.14285714285714285,1,3,7,
0,0,5.5377984046936035,0,5a831fc955429954d2e2ec28,0.0,0,3,2,
0,0,5.735776901245117,0,5a83870f554299123d8c2149,0.0,0,3,3,
0,0,5.649058103561401,0,5ab431e65542991751b4d6e2,0.0,0,3,2,
0,0,5.739261627197266,0,5adf1b8a5542995534e8c750,0.0,0,3,6,
0,0,5.557630777359009,0,5a7ad6045542992d025e6706,0.0,0,3,8,
0,0,5.648936986923218,0,5a88f7bf5542997e5c09a6dd,0.0,0,3,7,
0,0,7.289657831192017,0,5a76fda05542994aec3b71b0,0.0,0,3,4,
0,0,5.544232368469238,0,5ae762985542995703ce8c04,0.0,0,3,6,
0,0,39.0191445350647,5,5a7184675542994082a3e864,0.0,0,18,6,
0,0,5.70768404006958,0,5abfdc185542994516f45513,0.3333333333333333,1,3,3,
0,0,5.960568428039551,0,5ac00584554299012d1db575,0.0,0,3,7,
0,0,5.802116870880127,0,5ab5cc4a554299637185c61b,0.0,0,3,2,
0,0,4.259261131286621,1,5ae0c7b055429945ae95944b,0.0,0,3,2,
0,0,5.9061994552612305,0,5a7391b655429978a71e902c,0.0,0,3,4,
0,0,5.798739671707153,0,5a90213255429933b8a20482,0.0,0,3,4,
0,0,5.950535297393799,0,5adcba885542994ed6169bd9,0.0,0,3,5,
0,0,5.848271131515503,0,5a8512035542992a431d1ace,0.0,0,3,2,
0,0,5.957935094833374,0,5abff00c5542994516f45537,0.0,0,3,6,
0,0,6.224925756454468,0,5abd14c455429924427fceec,0.0,0,3,2,
0,0,5.76856255531311,0,5ac448185542995c82c4ad1b,0.0,0,3,15,
0,0.1,7.638863563537598,0,5a810221554299260e20a1f9,0.0,0,3,1,
0,0,0.36510705947875977,0,5ac4e9ab5542996feb3fe974,,,,,
0,0,5.9113523960113525,0,5ac1276c554299294b2190bc,0.25,1,3,4,
0,0,6.076804876327515,0,5add7c9c5542990dbb2f7e60,0.5,1,3,2,
0,0,5.810855388641357,0,5a8351fd55429954d2e2ec98,0.0,0,3,6,
0,0,5.979700088500977,0,5a8318955542990548d0b177,0.0,0,3,22,
0,0,5.853427410125732,0,5ab51ddf5542990594ba9d11,0.5,1,3,2,
0,0,5.92164158821106,0,5abaca935542996606241610,0.5,1,3,2,
0,0,5.987370729446411,0,5a7c634c55429907fabeef79,0.0,0,3,4,
0,0,5.740573883056641,0,5abe9b095542991f661061ad,0.0,0,3,2,
0,0,5.800534725189209,0,5a7369da55429901807db037,0.0,0,3,11,
0,0,6.073627471923828,0,5a8511185542992a431d1aca,0.0,0,3,4,
0,0,6.604815483093262,0,5a77ace855429967ab105223,0.0,0,3,4,
0,0,6.119324207305908,0,5ab97c0255429970cfb8eb1f,0.0,0,3,8,
0,0,5.730229139328003,0,5a8f08c2554299458435d530,0.0,0,3,3,
0,0,5.896219730377197,0,5ade64b655429939a52fe89a,0.0,0,3,3,
0,0,5.780529737472534,0,5abbeb7d554299114383a09b,0.5,1,3,2,
0,0,5.809258699417114,0,5a7149595542994082a3e76f,0.0,0,3,5,
0,0,5.953952789306641,0,5aba7d8655429901930fa7ec,0.0,0,3,6,
0,0,5.990299940109253,0,5add65355542995b365fab27,0.0,0,3,4,
0,0,7.572903633117676,0,5a75fbe855429976ec32bcde,0.5,1,3,2,
0,0,6.1487438678741455,0,5ade5e335542992fa25da766,0.3333333333333333,1,3,3,
0,0,6.10507869720459,0,5a7cc59c55429909bec767fb,0.0,0,3,5,
0,0,40.420968532562256,5,5a7c8a3b55429935c91b5204,0.0,0,18,8,
0,0,39.95249819755554,5,5a7f962655429969796c1ac8,0.0,0,18,1,
0,0,19.409175157546997,2,5ac0c1cf5542992a796ded7c,0.0,0,9,4,
0,0,41.91880655288696,5,5a82c51055429966c78a6a8d,0.0,0,18,4,
0,0,39.83564043045044,5,5ae3287f5542991a06ce993b,0.0,0,18,7,
0,0,40.90063428878784,5,5a7329a15542991f9a20c65f,0.0,0,18,6,
0,0,41.76275587081909,5,5a71231a5542994082a3e5c4,0.0,0,18,7,
0,0,39.9051628112793,5,5abc41315542993a06baf8bb,0.5,1,18,2,
0,0,40.18606901168823,5,5a8622ae554299211dda2a7e,0.3333333333333333,1,18,3,
0,0,35.193408727645874,4,5abdc8e755429965af743e3f,0.0,0,15,2,
0,0,5.924230098724365,0,5abba3cd554299642a094aee,0.0,0,3,4,
0,0,5.99416446685791,0,5ae7cb9b5542994a481bbde2,0.0,0,3,5,
0,0.06666666666666667,6.0622780323028564,0,5adbd1d25542994650320bf6,0.0,0,3,4,
0,0,6.145932912826538,0,5ab741005542992aa3b8c800,0.14285714285714285,1,3,7,
0,0,6.329815626144409,0,5ab3ec51554299753aec59f1,0.0,0,3,2,
0,0,5.987128973007202,0,5ae7d03b55429952e35ea9c2,0.0,0,3,8,
0,0,6.122351408004761,0,5a7a06485542990198eaf04e,0.0,0,3,4,
0,0,5.970434665679932,0,5a865e785542991e7718161b,0.0,0,3,5,
0,0,6.148966550827026,0,5ab29b07554299194fa93440,0.0,0,3,12,
0,0,5.983255624771118,0,5a8f533d5542992414482a4c,0.0,0,3,4,
0,0,5.993284463882446,0,5ade04a65542997545bbbe20,0.0,0,3,3,
0,0,6.077319383621216,0,5a772c395542993735360207,0.0,0,3,5,
0,0,5.916639089584351,0,5ab2958a554299449642c911,0.0,0,3,3,
0,0,6.132713317871094,0,5ae603a65542996de7b71af3,0.0,0,3,4,
0,0.06666666666666667,4.733284950256348,1,5add13b15542994ed6169c65,0.0,0,3,3,
0,0,6.209750175476074,0,5a8f15ec554299458435d552,0.0,0,3,3,
0,0,7.68095064163208,0,5abbf9b355429931dba145fe,0.0,0,3,1,
0,0,5.853914737701416,0,5a75a4135542992d0ec05fcd,0.0,0,3,15,
0,0,6.09034276008606,0,5abc550e554299700f9d7870,0.16666666666666666,1,3,6,
0,0,5.874959945678711,0,5ae152a65542990adbacf74f,0.5,1,3,2,
0,0,5.979453086853027,0,5ac561315542993e66e823a9,0.0,0,3,3,
0,0,5.873055696487427,0,5a82119155429926c1cdae28,0.0,0,3,2,
0,0,12.338053464889526,1,5a85a37d5542997175ce1fe5,0.0,0,6,5,
0,0,5.897810935974121,0,5a886c0c55429938390d3f51,0.0,0,3,1,
0,0,6.17012095451355,0,5ab7fbbb5542990e739ec7b0,0.5,1,3,2,
0,0,5.957060813903809,0,5abbe09d55429931dba145c0,0.0,0,3,5,
0,0,6.088016986846924,0,5a7147fd5542994082a3e758,0.0,0,3,8,
0,0,6.046563148498535,0,5ac26d4d55429951e9e685b7,0.0,0,3,8,
0,0,6.108431339263916,0,5a7f74975542992097ad2f77,0.0,0,3,5,
0,0,6.039761781692505,0,5abefbc15542990832d3a117,0.5,1,3,2,
0,0,5.971599578857422,0,5ae3df6e5542992e3233c48e,0.25,1,3,4,
0,0,6.144607067108154,0,5ae0bf3a55429906c02dab21,0.0,0,3,3,
0,0,5.952219724655151,0,5a8e8bed5542990e94052b47,0.0,0,3,5,
0,0,6.04923415184021,0,5a859a9c5542997175ce1fd6,0.3333333333333333,2,3,6,
0,0,7.788337469100952,0,5a721bbc55429971e9dc9279,0.0,0,3,6,
0,0,5.847124338150024,0,5a75d35d5542992d0ec05ffe,0.0,0,3,4,
0,0,6.250966787338257,0,5ae32c935542990afbd1e0bd,0.25,1,3,4,
0,0,5.824437618255615,0,5ab43179554299233955004d,0.0,0,3,6,
0,0,6.060930252075195,0,5a7cd280554299452d57ba7f,0.0,0,3,4,
0,0,5.934971332550049,0,5a8f64e0554299458435d60b,0.0,0,3,7,
0,0,5.9348304271698,0,5a712beb5542994082a3e61c,0.0,0,3,9,
0,0,6.085707426071167,0,5ae4885e55429970de88d99d,0.0,0,3,2,
0,0,12.972728967666626,1,5abbdb335542992ccd8e7fc1,0.0,0,6,2,
0,0,6.1494457721710205,0,5a8b2dc055429950cd6afc62,0.0,0,3,2,
0,0,6.03735613822937,0,5ab91799554299753720f6ea,0.0,0,3,3,
0,0,6.3066136837005615,0,5ae3c0245542990afbd1e1c3,0.0,0,3,7,
0,0,6.151416778564453,0,5ab846e155429919ba4e229c,0.0,0,3,3,
0,0,6.286958932876587,0,5abc546b554299700f9d786c,0.0,0,3,5,
0,0,6.51821494102478,0,5adfde09554299025d62a369,0.14285714285714285,1,3,7,
0,0,6.25281023979187,0,5ab681ea55429953192ad2e0,0.0,0,3,4,
0,0,21.09108257293701,2,5a77dadd5542997042120b59,0.0,0,9,2,
0,0,5.862015962600708,0,5a80abb65542996402f6a5df,0.25,1,3,4,
0,0.05128205128205128,6.011781454086304,0,5abd5b0355429933744ab789,0.0,0,3,7,
0,0,11.22709059715271,1,5a8642045542991e771815e2,0.2857142857142857,2,6,7,
0,0,6.103482484817505,0,5aba926f55429901930fa83e,0.0,0,3,4,
0,0,5.959230661392212,0,5a84a5385542990548d0b2d9,0.0,0,3,3,
0,0,6.124925851821899,0,5a73b0975542992d56e7e387,1.0,2,3,2,
0,0,5.9573235511779785,0,5a73b55855429978a71e9086,0.0,0,3,6,
0,0,38.918060064315796,5,5abb14d85542996cc5e49f92,0.0,0,18,9,
0,0,25.98302435874939,3,5abaa954554299232ef4a362,0.5,1,12,2,
0,0.08333333333333334,7.782716274261475,0,5a88dc5a5542993b751ca890,0.14285714285714285,1,3,7,
0,0,6.254855394363403,0,5ade7fa3554299728e26c727,0.0,0,3,4,
0,0,6.0127527713775635,0,5ab80e1455429916710eafd7,0.0,0,3,9,
0,0,5.867842674255371,0,5ae5faf555429929b0807a4c,0.25,1,3,4,
0,0,6.765344858169556,0,5a745a6055429974ef308be4,0.0,0,3,5,
0,0,6.6250834465026855,0,5a7c78c955429935c91b51d2,0.0,0,3,6,
0,0,6.739694118499756,0,5ab6a78b554299710c8d1f28,0.0,0,3,4,
0,0,6.493380784988403,0,5adf38ae5542993a75d26433,0.0,0,3,4,
0,0,6.71835732460022,0,5add84a15542997545bbbd5e,1.0,1,3,1,
0,0,6.874457120895386,0,5a834cea5542990548d0b1c6,0.0,0,3,2,
0,0,6.599368333816528,0,5a7787b655429949eeb29ed3,0.0,0,3,2,
0,0,0.3951089382171631,0,5ae234e85542994d89d5b395,,,,,
0,0,6.0311219692230225,0,5a899b6455429946c8d6e955,0.0,0,3,7,
0,0,6.172752380371094,0,5ae6e0485542996d980e7ca6,0.0,0,3,5,
0,0,5.925389766693115,0,5add016e5542992c1e3a250b,0.0,0,3,6,
0,0,6.088853120803833,0,5a7d2b2b5542995ed0d1661b,0.25,1,3,4,
0,0,6.109715700149536,0,5ab28b395542993be8fa9941,0.0,0,3,4,
0,0,27.474173545837402,3,5ac29aa655429967731025b2,0.0,0,12,7,
0,0,12.270170211791992,1,5a81018755429938b6142287,0.0,0,6,5,
0,0,5.668797969818115,0,5ac3d21e554299204fd21e8b,0.0,0,3,3,
0,0,19.57206416130066,2,5a7f8d755542992097ad2f9d,0.25,1,9,4,
0,0,6.2548089027404785,0,5a85b2ac5542991dd0999e90,0.16666666666666666,1,3,6,
0,0,6.141725063323975,0,5ab3bacc55429969a97a8197,0.0,0,3,3,
0,0,6.1440417766571045,0,5ab9dbc2554299232ef4a224,0.0,0,3,3,
0,0,6.245153427124023,0,5add7a335542992200553b37,0.1,1,3,10,
0,0,6.223629474639893,0,5aba74ad55429955dce3ee35,0.25,1,3,4,
0,0,6.3585474491119385,0,5ab288a05542993be8fa993b,0.0,0,3,6,
0,0,6.115387439727783,0,5ab1d49b554299722f9b4c8e,0.0,0,3,7,
0,0,6.252183198928833,0,5ab2da13554299194fa93542,0.0,0,3,3,
0,0.04081632653061224,41.09937405586243,5,5a800ddd5542992097ad2fd0,0.0,0,18,7,
0,0,18.958447694778442,2,5a90a14d5542990a98493672,1.0,1,9,1,
0,0,5.7114880084991455,0,5ac3a76e554299741d48a2be,0.0,0,3,7,
0,0,5.812483549118042,0,5ab959905542996be2020497,0.0,0,3,3,
0,0,5.616921663284302,0,5a76067e55429976ec32bce9,0.0,0,3,2,
0,0,5.661225080490112,0,5a8f92fb55429918e830d271,0.0,0,3,4,
0,0,5.520615339279175,0,5a7ced4355429909bec76895,0.3333333333333333,2,3,6,
0,0,5.7596821784973145,0,5a8701b3554299211dda2b9a,0.0,0,3,5,
0,0,5.974594354629517,0,5a87a47c5542994846c1cdbd,0.5,1,3,2,
0,0.28571428571428575,5.747100591659546,0,5ae518655542993aec5ec139,0.0,0,3,4,
0,0,5.631298303604126,0,5a77e96c5542995d8318132d,0.5,1,3,2,
0,0,6.0749218463897705,0,5a7d32af55429907fabef0ca,0.3333333333333333,1,3,3,
0,0,12.595154285430908,1,5ae76d185542997ec2727641,0.09090909090909091,1,6,11,
0,0,5.821156740188599,0,5ab7f1b65542991d322237d3,0.0,0,3,3,
0,0,27.46362805366516,3,5adead1855429939a52fe948,0.0,0,12,3,
0,0,6.084906339645386,0,5a7ccc1e55429909bec7680e,0.0,0,3,5,
0,0,6.806699752807617,0,5abce7d755429959677d6b3a,0.3333333333333333,1,3,3,
0,0,6.074570417404175,0,5ae5ead6554299546bf82fd0,0.5,2,3,4,
0,0,25.97466802597046,3,5a80b4d1554299260e20a134,0.0,0,12,9,
0,0,25.20051908493042,3,5ae1e4e2554299492dc91bab,0.0,0,12,8,
0,0,5.603610038757324,0,5ac1c4e85542994ab5c67e0c,0.14285714285714285,1,3,7,
0,0,5.87446665763855,0,5ae388ea5542994393b9e6f0,0.0,0,3,2,
0,0,5.574345350265503,0,5a86b13f55429960ec39b6c3,0.0,0,3,8,
0,0,5.701137542724609,0,5a78f35455429970f5fffded,0.0,0,3,4,
0,0,7.280932426452637,0,5a7d2b5755429907fabef0c2,0.25,1,3,4,
0,0,6.001519680023193,0,5a89a92a55429946c8d6e98c,0.0,0,3,4,
0,0,5.754018545150757,0,5a77685e5542993569682d83,0.0,0,3,11,
0,0,5.434350967407227,0,5a79fc8b5542994f819ef114,0.0,0,3,7,
0,0,5.699933290481567,0,5abc817c5542993a06baf8fd,0.3333333333333333,1,3,3,
0,0,5.584256410598755,0,5a8549c65542997b5ce3ffe6,0.0,0,3,2,
0,0,5.554220914840698,0,5ab487f55542990594ba9c4f,0.2222222222222222,2,3,9,
0,0,5.71660852432251,0,5ae406f055429970de88d874,0.0,0,3,5,
0,0,5.654534339904785,0,5a8f25d755429924144829ea,0.0,0,3,3,
0,0,6.037731885910034,0,5a78cc7c55429974737f789f,0.0,0,3,1,
0,0,5.551213502883911,0,5ade66f055429939a52fe8a0,0.0,0,3,5,
0,0,5.750691175460815,0,5ab8effd5542991b5579f062,0.0,0,3,3,
0,0,5.7020039558410645,0,5a737dc455429908901be2c9,0.0,0,3,3,
0,0,5.701643466949463,0,5add0f635542994ed6169c56,0.0,0,3,3,
0,0,5.730099201202393,0,5adfa92d55429942ec259ae0,0.0,0,3,3,
0,0,4.132086753845215,1,5ab7ece25542995dae37e9f3,0.0,0,3,3,
0,0,5.6324992179870605,0,5a7da8065542995f4f4022a7,0.0,0,3,5,
0,0,5.593125104904175,0,5a7269fa5542992359bc308d,0.16666666666666666,1,3,6,
0,0,5.601346731185913,0,5abc0ba05542996583600409,0.0,0,3,1,
0,0,7.399846792221069,0,5ae2196b554299495565da02,0.0,0,3,3,
0,0,5.485393524169922,0,5adf3c155542993a75d2643a,0.0,0,3,6,
0,0,5.593543291091919,0,5ae12b6755429920d52342e4,0.0,0,3,3,
0,0,5.501504421234131,0,5ae0616255429924de1b70ca,0.0,0,3,5,
0,0,6.500780820846558,0,5abd830455429924427fd033,0.25,1,3,4,
0,0,5.53937029838562,0,5a7e86245542991319bc94ce,0.0,0,3,4,
0,0,5.524344205856323,0,5a8eed625542995085b374b9,0.6,3,3,5,
0,0,5.703768730163574,0,5ac0c3275542992a796ded7d,0.0,0,3,3,
0,0,5.540239334106445,0,5a776a7055429966f1a36d32,0.0,0,3,3,
0,0,5.7814857959747314,0,5adbd3405542994650320bf8,0.0,0,3,5,
0,0,5.555500030517578,0,5a8c781c554299653c1aa083,0.0,0,3,3,
0,0,5.63091254234314,0,5a72f1cf5542994cef4bc414,0.5,1,3,2,
0,0,5.780535697937012,0,5ac313145542995ef918c0ed,0.0,0,3,4,
0,0,5.532335519790649,0,5a7b8f66554299294a54a9f7,0.0,0,3,5,
0,0.4444444444444445,4.304272174835205,1,5adda7275542995b365fab57,0.3333333333333333,1,3,3,
0,0,5.882514476776123,0,5a7bf0d75542996dd594b85c,0.0,0,3,3,
0,0,5.817031621932983,0,5ae4d9985542990ba0bbb175,0.0,0,3,1,
0,0,5.661128520965576,0,5a758f775542992db9473682,0.0,0,3,5,
0,0,5.7657084465026855,0,5a8af3b155429950cd6afc2c,0.0,0,3,4,
0,0,7.615488529205322,0,5a87aa135542996e4f3088b8,0.0,0,3,5,
0,0,5.802094459533691,0,5ae31ee75542992decbdcdde,0.0,0,3,4,
0,0,5.821914911270142,0,5ae17cd055429901ffe4aea3,0.0,0,3,6,
0,0,5.698214530944824,0,5a907d1855429933b8a2052a,0.0,0,3,4,
0,0,5.581673622131348,0,5ac3a049554299741d48a2ba,0.0,0,3,3,
0,0,5.683942079544067,0,5ac41b9e5542995c82c4acc4,0.0,0,3,4,
0,0.06666666666666667,26.443115234375,3,5a89cc99554299669944a5ae,0.0,0,12,3,
0,0,6.2768003940582275,0,5ae1ab2f554299234fd042ba,0.25,1,3,4,
,,,,5a70f0e75542994082a3e408,,,,,Ollama request exceeded timeout limit for model stable-qwen with error: timed out
,,,,5ae4094655429970de88d896,,,,,Ollama request exceeded timeout limit for model stable-qwen with error: timed out
0,0,48.67987585067749,5,5a83ef745542996488c2e4f8,0.0,0,18,2,
0,0,19.1671245098114,2,5a820897554299676cceb1f4,0.5,1,9,2,
0,0,6.060228109359741,0,5a7b41b555429931da12ca3f,0.3333333333333333,1,3,3,
0,0,5.968039035797119,0,5a7bb52355429927d897c01a,0.2,1,3,5,
0,0,6.001918077468872,0,5ab2b7405542991669774069,0.2,1,3,5,
0,0,6.09776496887207,0,5a73d33e5542992d56e7e3a9,0.0,0,3,3,
0,0,5.922929048538208,0,5aba8f1b55429955dce3ee85,0.25,1,3,4,
0,0,6.1373865604400635,0,5a8d0c1b5542994ba4e3dbb3,0.0,0,3,3,
0,0,5.933215379714966,0,5abbd72d55429931dba1459e,0.0,0,3,4,
0,0,11.964550256729126,1,5abd848455429924427fd03a,0.0,0,6,5,
0,0,6.001725435256958,0,5a7a633a55429941d65f2609,0.0,0,3,4,
0,0,6.0927979946136475,0,5a81b99c5542995ce29dcc56,0.0,0,3,2,
0,0,5.987672328948975,0,5a8aa5835542996c9b8d5f4e,0.0,0,3,3,
0,0,7.795214414596558,0,5a88cf7e5542993b751ca85b,0.3333333333333333,1,3,3,
0,0,5.864513397216797,0,5ab8eabb5542991b5579f03d,0.25,1,3,4,
0,0,5.943277835845947,0,5a7525405542993748c897ce,0.0,0,3,13,
0,0,6.191638469696045,0,5a862f985542991e771815af,0.0,0,3,3,
0,0,5.91125226020813,0,5a8a3dd55542995153361360,0.0,0,3,3,
0,0,6.138817071914673,0,5ae377415542992e3233c40a,0.0,0,3,2,
0,0,6.029243230819702,0,5add00805542992c1e3a2504,0.14285714285714285,1,3,7,
0,0,6.511634826660156,0,5aba5dfd55429955dce3edf0,0.25,1,3,4,
0,0,6.077436923980713,0,5a7f63645542992e7d278cf1,0.0,0,3,4,
0,0,6.14824652671814,0,5a80ddc555429938b6142224,0.3333333333333333,1,3,3,
0,0,6.168851852416992,0,5ade157e55429939a52fe802,0.14285714285714285,1,3,7,
0,0,5.976693391799927,0,5a7a06525542990198eaf04f,0.0,0,3,6,
0,0,6.070296287536621,0,5ae5d008554299546bf82f7d,0.0,0,3,2,
0,0,6.011019945144653,0,5ae68fb45542991bbc97612a,0.6666666666666666,2,3,3,
0,0,5.975892543792725,0,5ab3952e5542992ade7c6de8,0.0,0,3,3,
0,0,6.0397584438323975,0,5a843f305542996488c2e51d,0.0,0,3,5,
0,0,5.950711727142334,0,5a8587dd5542997b5ce40000,1.0,1,3,1,
0,0.14814814814814817,6.116441965103149,0,5ae73d415542991e8301cc2b,0.0,0,3,7,
0,0,5.908679962158203,0,5a7b77d95542997c3ec971a5,0.0,0,3,2,
0,0,7.817222356796265,0,5a820cb355429903bc27ba2f,0.0,0,3,2,
0,0,5.914796590805054,0,5abaee4f5542996cc5e49f15,0.0,0,3,3,
0,0,13.074823379516602,1,5ac2dc4b55429921a00ab083,0.0,0,6,5,
0,0,6.348157167434692,0,5ab5a3fb5542997d4ad1f19b,0.0,0,3,4,
0,0,6.097924470901489,0,5ab295eb554299194fa93412,0.0,0,3,2,
0,0,6.685188293457031,0,5ae4bc7955429913cc2044e9,0.0,0,3,1,
0,0,5.962162971496582,0,5ae62c385542995703ce8b3e,0.16666666666666666,1,3,6,
0,0,6.069661855697632,0,5ade8b2655429975fa854eff,0.0,0,3,2,
0,0,5.995218992233276,0,5a7afdc85542992d025e672e,0.0,0,3,5,
0,0,6.094995975494385,0,5a7e96f655429934daa2fc39,0.0,0,3,6,
0,0,12.655595779418945,1,5a8b8b3a5542995d1e6f13e5,0.5,1,6,2,
0,0,6.689742565155029,0,5a7e3117554299495941991b,0.0,0,3,4,
0,0,6.06751012802124,0,5adf0d2d5542993a75d263e1,0.0,0,3,5,
0,0,6.154785633087158,0,5a860d09554299211dda2a53,0.25,1,3,4,
0,0,6.005136013031006,0,5a86ac555542996432c571e4,0.0,0,3,3,
0,0,6.114271402359009,0,5a86d7825542996432c571ec,0.0,0,3,2,
0,0,14.398755311965942,1,5a762d53554299109176e6a7,0.0,0,6,10,
0,0,5.875817537307739,0,5a75357c5542996c70cfaeab,0.0,0,3,2,
0,0,5.907969951629639,0,5ac07fff554299294b219006,0.0,0,3,3,
0,0,6.142282724380493,0,5ac2b2e2554299218029dafa,0.5,1,3,2,
0,0,5.925261735916138,0,5a728f505542992359bc30f5,0.25,1,3,4,
0,0.07692307692307691,6.1065003871917725,0,5ae55dda5542992663a4f1e9,0.0,0,3,3,
0,0,5.944314002990723,0,5a8cfa2e554299585d9e378b,0.0,0,3,2,
0,0,5.997437953948975,0,5add47085542997545bbbd13,0.0,0,3,2,
0,0,32.97020101547241,4,5ae2eda355429928c4239570,0.0,0,15,3,
0,0,6.208590984344482,0,5ac0e064554299012d1db64e,0.0,0,3,3,
0,0,6.02235221862793,0,5ab746c8554299110f219aef,0.0,0,3,4,
0,0,6.0526673793792725,0,5a72bbfa5542992359bc318d,0.0,0,3,5,
0,0,6.028916358947754,0,5a7fa5b05542994857a7679b,0.0,0,3,5,
0,0,6.156277418136597,0,5addbf645542997dc7907014,0.3333333333333333,1,3,3,
0,0,7.6660614013671875,0,5ac50c0355429924173fb581,0.4,2,3,5,
0,0,5.848464012145996,0,5a7929c8554299029c4b5f11,0.5,1,3,2,
0,0,4.570061922073364,1,5a7195a05542994082a3e881,0.0,0,3,3,
0,0,5.911016941070557,0,5a8c9641554299585d9e36f5,0.0,0,3,1,
0,0,6.154568433761597,0,5a7fc41455429969796c1b51,0.0,0,3,8,
0,0,6.033221483230591,0,5a7131565542994082a3e64f,0.0,0,3,4,
0,0,6.046276330947876,0,5ab7f0b9554299366779405d,0.0,0,3,4,
0,0,6.202244758605957,0,5ac54cef5542993e66e822da,0.0,0,3,4,
0,0,6.017329216003418,0,5aba725455429901930fa7cc,0.25,1,3,4,
0,0,6.105884790420532,0,5a7774e155429967ab10518d,0.0,0,3,7,
0,0,6.056809663772583,0,5ab680d15542995eadef0011,0.0,0,3,2,
0,0.06896551724137931,6.143070697784424,0,5a75e67d5542992db9473709,0.5,1,3,2,
0,0.07407407407407408,6.0612876415252686,0,5adcf3a45542994ed6169c38,0.0,0,3,5,
0,0,12.672169208526611,1,5ac1928655429964131be234,0.2857142857142857,2,6,7,
0,0.07142857142857142,6.0149993896484375,0,5ab5d9af554299494045f07e,0.3333333333333333,1,3,3,
0,0,6.152889728546143,0,5ab2d15e554299545a2cfaa6,0.0,0,3,3,
0,0,11.861340522766113,1,5a72df8d5542992359bc31b4,0.0,0,6,4,
0,0,7.756464958190918,0,5a8843cd5542994846c1ce75,0.16666666666666666,1,3,6,
0,0,36.52626180648804,3,5adf51e05542995534e8c78a,0.5,1,12,2,
0,0,6.203745126724243,0,5ac274fc55429963665199c1,0.5,2,3,4,
0,0,6.162506818771362,0,5a7f5f655542994857a7670b,0.2,1,3,5,
0,0,30.28132677078247,4,5a7736ef55429972597f14a7,1.0,2,15,2,
0,0,22.522697925567627,2,5ae52bc75542992663a4f12d,0.0,0,9,3,
0,0,6.1836254596710205,0,5ab5c984554299488d4d9a21,0.0,0,3,9,
0,0,6.311524391174316,0,5a7d1e685542995ed0d165f7,0.0,0,3,4,
0,0,6.095191478729248,0,5a7d97205542990b8f5039c7,0.0,0,3,2,
0,0,6.151978015899658,0,5ae241005542994d89d5b3a4,0.0,0,3,1,
0,0,7.924202919006348,0,5a7b537555429927d897bf90,0.0,0,3,3,
0,0,6.028947591781616,0,5ab989f755429970cfb8eb38,0.6666666666666666,2,3,3,
0,0,6.149679183959961,0,5ae33a3b5542992f92d8224a,0.0,0,3,5,
0,0,6.17448353767395,0,5abec12b5542997ec76fd358,0.0,0,3,7,
0,0,6.012282609939575,0,5ae2c416554299492dc91c67,0.0,0,3,2,
0,0,6.2471537590026855,0,5a7a43f25542996a35c1716c,0.3333333333333333,1,3,3,
0,0,6.568703651428223,0,5a87a7235542996e4f3088a8,0.0,0,3,4,
0,0,6.1980085372924805,0,5a85c3225542992a431d1b95,0.4,2,3,5,
0,0,6.1522910594940186,0,5ab928c255429934fafe6e6e,0.0,0,3,5,
0,0,6.304025650024414,0,5a7aa2a255429941d65f270e,0.0,0,3,1,
0,0,6.093549489974976,0,5ab61798554299488d4d9aaa,0.25,1,3,4,
0,0,6.160290241241455,0,5a7662745542992db9473786,0.0,0,3,5,
0,0,12.284586429595947,1,5ae53fcb55429960a22e029e,0.0,0,6,1,
0,0,6.367685317993164,0,5a7adaa35542992d025e670c,0.0,0,3,3,
0,0,6.12261700630188,0,5abe407155429976d4830ab4,0.6666666666666666,2,3,3,
0,0,12.338643312454224,1,5ae340a85542994393b9e668,0.0,0,6,2,
0,0,6.214345932006836,0,5abe36aa5542993f32c2a08f,0.0,0,3,2,
0,0,7.819197177886963,0,5abbf519554299114383a0ad,0.0,0,3,5,
0,0,6.085954189300537,0,5a7b1c0a55429931da12c9c9,0.0,0,3,4,
0,0,6.159619092941284,0,5ae29d8a5542996483e64a0f,0.0,0,3,7,
0,0,6.048359632492065,0,5ae157ed5542990adbacf75d,0.125,1,3,8,
0,0,6.2087082862854,0,5ae17e4255429901ffe4aeae,0.125,1,3,8,
0,0,6.4060187339782715,0,5a8a2e465542996c9b8d5e32,0.0,0,3,3,
0,0,6.29858660697937,0,5a8aff3d55429971feec45df,0.0,0,3,4,
0,0,18.33925747871399,2,5ae6152d5542996de7b71b38,0.2,1,9,5,
0,0,6.228540420532227,0,5a8eaa74554299068b959e88,0.0,0,3,8,
0,0,6.0817530155181885,0,5a8de02b554299068b959e13,0.0,0,3,1,
0,0,6.321841716766357,0,5a8c7703554299585d9e36b9,0.0,0,3,7,
0,0,6.038378715515137,0,5a72688c5542997f827839b2,0.0,0,3,2,
0,0,6.260134935379028,0,5a77789d55429949eeb29e4e,0.0,0,3,7,
0,0,6.050835132598877,0,5ab57fc4554299488d4d99c0,0.0,0,3,7,
0,0,6.141674757003784,0,5a72a5a75542992359bc314e,0.0,0,3,9,
0,0,17.48112416267395,0,5a8b2f2b5542995d1e6f12fa,0.0,0,3,3,
0,0,6.136324644088745,0,5ab96ecb5542996be20204e6,0.0,0,3,5,
0,0,7.955466270446777,0,5a710d155542994082a3e520,0.5,1,3,2,
0,0,6.436082363128662,0,5a77388e55429966f1a36cb1,0.0,0,3,2,
0,0,6.122215032577515,0,5ade0fbb5542995b365fabfb,0.0,0,3,6,
0,0,6.302030801773071,0,5ab2e8ad554299340b525562,0.5,1,3,2,
0,0.05882352941176471,6.121393918991089,0,5aba971a55429955dce3ee94,0.0,0,3,4,
0,0,6.1950414180755615,0,5ae7f7ec554299540e5a56de,0.16666666666666666,1,3,6,
0,0,6.280232191085815,0,5ac557975542993e66e8231c,0.0,0,3,4,
0,0,6.2478508949279785,0,5a85f8665542994775f606ce,0.3333333333333333,2,3,6,
0,0,6.099972486495972,0,5aba72d75542994dbf019912,0.0,0,3,3,
0,0,6.044427156448364,0,5ade78e255429939a52fe8d0,0.0,0,3,8,
0,0,6.182928800582886,0,5a746ddc55429929fddd8423,0.0,0,3,2,
0,0,6.081845998764038,0,5ae21ef35542994d89d5b35d,0.0,0,3,3,
,,,,5a8dafbd554299068b959da0,,,,,Ollama request exceeded timeout limit for model stable-qwen with error: timed out
0,0,6.292549133300781,0,5ae3006c55429928c423959f,0.0,0,3,2,
0,0,6.172145128250122,0,5a7905ca554299148911f9c8,0.0,0,3,3,
0,0,6.186340093612671,0,5ae678915542996d980e7b70,0.3333333333333333,1,3,3,
0,0,6.087527751922607,0,5ae195bf5542997b2ef7d207,0.0,0,3,5,
0,0,6.245366096496582,0,5a733caa5542992359bc32a3,0.0,0,3,15,
0,0,6.139232635498047,0,5a7ccb3655429909bec7680b,0.0,0,3,4,
0,0,14.199755191802979,1,5addc2b75542997dc7907017,0.16666666666666666,1,6,6,
0,0,6.041126489639282,0,5a89a13c55429946c8d6e97a,0.0,0,3,5,
0,0,6.293468236923218,0,5adbc9a4554299438c868caf,0.0,0,3,8,
0,0.07407407407407407,6.245798110961914,0,5a71474b5542994082a3e74f,0.0,0,3,3,
0,0,6.466092586517334,0,5ae5c27b554299546bf82f4c,0.0,0,3,1,
0,0,6.155757904052734,0,5ae40b2b55429970de88d8b3,0.6666666666666666,2,3,3,
0,0,6.386547088623047,0,5abe54585542991f66106148,0.0,0,3,3,
0,0,6.2238380908966064,0,5ae6529a55429929b0807b32,1.0,2,3,2,
0,0,12.255624532699585,1,5a8e43455542990e94052aa1,0.0,0,6,3,
0,0,6.208157300949097,0,5ae68a065542991bbc97611e,0.0,0,3,4,
0,0,11.842766761779785,1,5a8b64695542997f31a41d04,0.3333333333333333,1,6,3,
0,0.06896551724137931,6.113828420639038,0,5ac44b47554299194317396c,0.0,0,3,6,
0,0,12.342214107513428,1,5adeda67554299728e26c7db,0.0,0,6,4,
0,0,13.275978803634644,1,5abd0f4b55429933744ab6e3,0.0,0,6,4,
0,0,7.93593692779541,0,5ade9c2155429939a52fe8fe,0.3333333333333333,1,3,3,
0,0,6.159587621688843,0,5ab900045542991b5579f0c0,0.0,0,3,3,
0,0,6.471773624420166,0,5a7f0c4b5542993067513600,0.0,0,3,2,
0,0,6.252902507781982,0,5ae524415542992663a4f121,0.0,0,3,4,
0,0,6.115492582321167,0,5ae28c0a554299495565daaa,0.0,0,3,5,
0,0,6.650798082351685,0,5ab3fc215542992339550027,0.0,0,3,5,
0,0,6.665148973464966,0,5a88f180554299206df2b3cc,0.0,0,3,5,
0,0,6.2463765144348145,0,5a80afcf554299485f5986b9,0.0,0,3,2,
0,0,6.290149927139282,0,5abc7d6d5542993a06baf8f3,0.0,0,3,7,
0,0,27.754504442214966,1,5a7265a95542992359bc307a,0.25,1,6,4,
0,0,6.116683483123779,0,5ab6f39c554299110f219a79,0.5,1,3,2,
0,0,6.143771648406982,0,5a77414155429972597f14d7,0.0,0,3,2,
0,0,6.211949348449707,0,5a8e07b25542995085b3738d,0.0,0,3,10,
0,0,6.195671081542969,0,5ae72f75554299572ea5476c,0.25,1,3,4,
0,0,6.278300762176514,0,5ab90a2055429916710eb0ea,0.3333333333333333,1,3,3,
0,0,6.290787935256958,0,5ab28120554299449642c8cc,0.0,0,3,8,
0,0,6.221905469894409,0,5a8afb9955429971feec45c2,0.0,0,3,4,
0,0,7.821269512176514,0,5a8080365542992097ad2fed,0.75,3,3,4,
0,0,18.681646823883057,2,5a73d4385542992d56e7e3b1,0.0,0,9,3,
0,0,6.196316242218018,0,5ab2e84855429929539468a6,0.0,0,3,4,
0,0,6.073527097702026,0,5a81cf64554299676cceb0ed,0.0,0,3,1,
0,0,6.108719110488892,0,5abbb64455429931dba144b4,0.16666666666666666,1,3,6,
0,0.06666666666666667,6.295796155929565,0,5ae49b705542995ad6573dbc,0.0,0,3,4,
0,0,6.368031024932861,0,5a7e279d5542995ed0d166b5,0.0,0,3,5,
0,0,6.27140212059021,0,5a7dbb605542997cc2c47486,0.0,0,3,4,
0,0,6.14433479309082,0,5ae1afe9554299234fd042c6,0.0,0,3,6,
0,0,6.291198015213013,0,5a8ceb4955429941ae14df43,0.14285714285714285,1,3,7,
0,0,6.256137847900391,0,5a88082055429938390d3ed2,0.0,0,3,2,
0,0,6.232672929763794,0,5ab2f53d5542991669774157,0.25,1,3,4,
0,0,6.427570819854736,0,5ae8295955429952e35eaa6d,0.0,0,3,1,
0,0,5.9946608543396,0,5ab6a261554299710c8d1f07,0.25,1,3,4,
0,0.07692307692307693,6.348200082778931,0,5a78d70b55429974737f78d1,1.0,1,3,1,
0,0,6.143058776855469,0,5ae4bcfc55429913cc2044eb,0.0,0,3,4,
0,0,6.220339059829712,0,5ae5f9b355429929b0807a4b,0.0,0,3,8,
0,0.07407407407407407,7.928948879241943,0,5a7286865542991f9a20c4cb,0.2,1,3,5,
0,0,6.07232403755188,0,5a8ba60b554299240d9c205b,0.2857142857142857,2,3,7,
0,0,6.192365646362305,0,5a7a32225542990783324eb4,0.0,0,3,3,
0,0,6.098830223083496,0,5ae0e0125542993d6555ec79,0.0,0,3,5,
0,0.08333333333333334,6.3055579662323,0,5a7c75045542990527d554b2,0.0,0,3,2,
0,0,6.128320693969727,0,5add8f055542990dbb2f7e6d,0.0,0,3,3,
0,0,6.138208627700806,0,5a85f2f55542997b5ce40036,0.0,0,3,7,
0,0,6.4566874504089355,0,5abbd4035542993f40c73bcb,0.0,0,3,6,
0,0,6.091503143310547,0,5addb7b65542997545bbbdba,0.0,0,3,10,
0,0,6.346325397491455,0,5a8b69f45542997f31a41d19,0.3333333333333333,1,3,3,
0,0,6.133237600326538,0,5ac3e68b5542997ea680c98b,0.0,0,3,1,
0,0,6.247683048248291,0,5ac54f8d5542993e66e822f5,0.0,0,3,1,
0,0.06451612903225805,6.293774366378784,0,5ac3bff15542995ef918c213,0.0,0,3,12,
0,0,6.561629056930542,0,5ab283d9554299449642c8d8,0.0,0,3,3,
0,0,6.541898488998413,0,5a9092cc55429916514e74fd,0.0,0,3,4,
0,0,6.164829730987549,0,5ab9bb8355429970cfb8eb8b,0.0,0,3,2,
0,0,6.704518556594849,0,5a8a70ea55429970aeb702e4,0.14285714285714285,1,3,7,
0,0,6.1164515018463135,0,5ae5a0765542992663a4f1fb,0.0,0,3,5,
0,0,6.129182815551758,0,5a8fa89c55429918e830d29f,0.0,0,3,2,
0,0,7.7424821853637695,0,5a711ef85542994082a3e5ac,0.0,0,3,7,
0,0,6.0435545444488525,0,5a7fa97d5542994857a767a9,0.0,0,3,8,
0,0,6.250580787658691,0,5a7336d05542992359bc3293,0.0,0,3,8,
0,0,6.0447838306427,0,5add559e5542992ae4cec511,1.0,1,3,1,
0,0,6.092470645904541,0,5ade45c75542992fa25da720,0.0,0,3,4,
0,0,6.500093936920166,0,5ae47cab5542996836b02cb9,0.0,0,3,5,
0,0,6.159727334976196,0,5ac2cb3e5542996773102627,0.3333333333333333,1,3,3,
0,0,13.532266855239868,1,5ab965bb554299743d22eb56,0.6666666666666666,2,6,3,
0,0,13.529413223266602,1,5a81549055429938b6142338,1.0,1,6,1,
0,0,6.401012420654297,0,5ac3b40a554299741d48a2e5,0.0,0,3,4,
0,0,6.471444129943848,0,5ab6e848554299710c8d1faa,0.0,0,3,3,
0,0,6.413849830627441,0,5a7fb6625542994857a767cc,0.2,2,3,10,
0,0,6.538950204849243,0,5ae537e45542990ba0bbb235,0.3333333333333333,1,3,3,
0,0,6.365384578704834,0,5a76244c554299109176e65d,0.0,0,3,16,
0,0,6.345223426818848,0,5ab568af554299494045efaf,0.0,0,3,5,
0,0,6.416204452514648,0,5a89a99f55429946c8d6e98f,0.0,0,3,3,
0,0,6.349510908126831,0,5adbfa38554299438c868d00,0.0,0,3,5,
0,0,8.35529375076294,0,5a74e93e55429974ef308c92,0.0,0,3,2,
0,0,6.177685976028442,0,5a75b7475542992d0ec05feb,0.0,0,3,9,
0,0,6.374342918395996,0,5ab7fd6b5542990e739ec7b5,0.0,0,3,5,
0,0,6.296208620071411,0,5a769b0d5542993569682c50,0.0,0,3,6,
0,0,6.255714178085327,0,5ae086d35542993d6555eb97,0.0,0,3,3,
0,0,6.411701679229736,0,5a7183575542994082a3e85e,0.0,0,3,2,
0,0,6.303412199020386,0,5a769b115542993569682c51,0.0,0,3,3,
0,0,6.4295454025268555,0,5a8f2ba155429918e830d1b9,0.5,3,3,6,
0,0,12.80800986289978,1,5a729cc25542991f9a20c532,0.0,0,6,1,
0,0,12.869711875915527,1,5abbf8be554299114383a0c1,1.0,1,6,1,
0,0,6.299811363220215,0,5a7d27f05542995ed0d1660d,0.0,0,3,4,
0,0,6.1595282554626465,0,5a77666555429966f1a36d1f,0.0,0,3,6,
0,0,6.265079498291016,0,5a8b24f955429949d91db4cd,0.0,0,3,2,
0,0,6.5839715003967285,0,5ae27b535542996483e649b6,0.0,0,3,6,
0,0,12.347129821777344,1,5a7f7b365542992097ad2f80,0.0,0,6,12,
0,0,6.220396518707275,0,5ae4a1ef55429970de88d9e7,0.0,0,3,4,
0,0,8.057116270065308,0,5a876cd55542993e715abf36,0.0,0,3,4,
0,0,6.065174579620361,0,5a7e4414554299495941995c,0.0,0,3,7,
0,0,6.10886549949646,0,5ae5064e5542993aec5ec113,0.0,0,3,7,
0,0,6.2275073528289795,0,5a7770f855429966f1a36d4e,0.25,1,3,4,
0,0,6.069809436798096,0,5ae1e80b5542997f29b3c197,0.0,0,3,5,
0,0,6.176273345947266,0,5a7fc6645542992e7d278d6e,0.0,0,3,2,
0,0,6.193376779556274,0,5a8331f15542993344745fe8,0.0,0,3,5,
0,0,6.314603328704834,0,5ab85c8d55429934fafe6d84,0.25,1,3,4,
0,0,6.119588375091553,0,5a772e465542994aec3b7209,0.25,1,3,4,
0,0,12.357109546661377,1,5a8f7e785542992414482ae6,0.5,1,6,2,
0,0,6.183073282241821,0,5a7def0d5542990b8f503af9,0.0,0,3,5,
0,0,6.287888288497925,0,5adcde475542994d58a2f709,0.5,1,3,2,
0,0,6.156683921813965,0,5ae1b44c554299234fd042cd,0.0,0,3,5,
0,0,6.311450719833374,0,5a79e7b45542994f819ef0ff,0.0,0,3,5,
0,0,6.393835783004761,0,5a84ac585542991dd0999d72,0.0,0,3,8,
0,0,6.227606534957886,0,5ae1ce895542997f29b3c11e,0.0,0,3,3,
0,0,6.282097578048706,0,5adc99cf554299438c868e0d,0.3333333333333333,1,3,3,
0,0,6.210931777954102,0,5a7c07e15542997c3ec972c7,0.0,0,3,5,
0,0,7.968493461608887,0,5ac3a8525542993915413895,0.3333333333333333,1,3,3,
0,0,6.020808219909668,0,5ac3caa15542995ef918c23a,0.5,1,3,2,
0,0,14.293311595916748,1,5addf0fd5542997dc79070d2,0.3333333333333333,1,6,3,
0,0,6.684368848800659,0,5a8f60175542992414482a90,0.0,0,3,5,
0,0,6.248423337936401,0,5a87bd4e5542996432c57279,0.16666666666666666,1,3,6,
0,0,6.092446565628052,0,5a76f7e855429972597f1404,0.0,0,3,5,
0,0.08,6.222391128540039,0,5ab97b27554299131ca4233c,0.0,0,3,3,
0,0,6.241720676422119,0,5add7ce55542992ae4cec585,0.5,1,3,2,
0,0,6.584003686904907,0,5ac3a2fa5542993915413857,0.0,0,3,3,
0,0,6.351889133453369,0,5ae1fc24554299492dc91bbd,0.0,0,3,5,
0,0,6.165773153305054,0,5abce2fc5542993a06baf994,0.16666666666666666,1,3,6,
0,0,6.328667879104614,0,5ae328f45542991a06ce993c,1.0,1,3,1,
0,0,6.16100811958313,0,5a7a83b3554299042af8f652,0.0,0,3,2,
0,0,51.33083438873291,3,5ab414295542996a3a969f1d,0.0,0,12,1,
0,0,6.327160596847534,0,5ae184185542990adbacf7ac,0.2,1,3,5,
0,0,7.977867364883423,0,5ab529b8554299637185c4e7,0.3333333333333333,1,3,3,
0,0,6.137497186660767,0,5ae733dc5542991e8301cbd1,0.0,0,3,6,
0,0,6.101367473602295,0,5a8900c75542997e5c09a6ed,0.0,0,3,3,
0,0,6.245200872421265,0,5abbf43d5542993f40c73c2f,0.0,0,3,9,
0,0,6.118276119232178,0,5abb9928554299642a094ab9,0.0,0,3,4,
0,0,6.682812929153442,0,5a88bedb554299206df2b35a,0.6666666666666666,2,3,3,
0,0,7.24469780921936,0,5a858dc85542997b5ce40002,0.0,0,3,3,
0,0,7.100919246673584,0,5a8c5b635542996e8ac88a75,0.0,0,3,3,
0,0,7.107326984405518,0,5ae707a25542991bbc9761a7,0.0,0,3,5,
0,0,6.151951313018799,0,5a8abcab5542996c9b8d5f67,0.0,0,3,1,
0,0,6.2318902015686035,0,5ae622495542995703ce8b20,0.0,0,3,4,
0,0,6.208301067352295,0,5ac385f8554299741d48a279,0.0,0,3,2,
0,0,6.0720624923706055,0,5a7739e255429972597f14ad,0.0,0,3,4,
0,0,27.620531797409058,3,5ac3def75542997ea680c95f,0.0,0,12,5,
0,0,6.252511501312256,0,5a78f05155429970f5fffde3,0.0,0,3,5,
0,0,7.825683116912842,0,5a778a8e5542992a6e59deca,0.0,0,3,2,
0,0,6.1131157875061035,0,5add21555542992ae4cec496,0.3333333333333333,1,3,3,
0,0,6.208653211593628,0,5adff056554299603e4183cc,0.0,0,3,4,
0,0,6.113806247711182,0,5ae4d1a355429913cc204513,0.0,0,3,5,
0,0,6.260430335998535,0,5ab4355555429942dd415ee3,0.0,0,3,2,
0,0,13.054882526397705,1,5a7bc42e554299294a54aabe,0.0,0,6,4,
0,0.2222222222222222,4.319416284561157,1,5a8bc29a5542995d1e6f1446,0.0,0,3,1,
0,0,6.1817967891693115,0,5a87560d5542994775f607d9,0.5,3,3,6,
0,0,6.3959410190582275,0,5a77372b554299373536021c,0.5,2,3,4,
0,0,26.511548280715942,3,5abdf8c45542993f32c2a072,0.5,2,12,4,
0,0,6.2569780349731445,0,5a7128b05542994082a3e5f2,0.25,1,3,4,
0,0,6.240474224090576,0,5ac3e07b5542997ea680c96c,0.3333333333333333,1,3,3,
0,0,6.356801509857178,0,5abd8bf95542996e802b47ba,0.0,0,3,7,
0,0,6.247337102890015,0,5a875cd65542996e4f30879d,0.0,0,3,3,
0,0.06666666666666667,6.258658409118652,0,5ac3a928554299391541389f,0.0,0,3,10,
0,0,8.040087461471558,0,5a84ad3a5542992a431d1a8b,0.0,0,3,3,
0,0,6.03791880607605,0,5ab7de455542992aa3b8c864,0.0,0,3,4,
0,0,6.249371290206909,0,5ae4cb2f55429960a22e01e8,0.0,0,3,5,
0,0,6.2949135303497314,0,5ae3d2715542990afbd1e1e9,0.3333333333333333,1,3,3,
0,0,6.214621067047119,0,5a8b42be55429949d91db515,0.0,0,3,2,
0,0,6.134014844894409,0,5a8afa4d55429949d91db44c,0.0,0,3,4,
0,0,6.1651387214660645,0,5a7f5da85542992097ad2f3e,0.25,1,3,4,
0,0,6.245854616165161,0,5a87b30c5542994846c1cdcf,0.0,0,3,4,
0,0,6.121961355209351,0,5abd72d155429933744ab7e0,0.0,0,3,3,
0,0,6.8969175815582275,0,5a724dc25542990c210a40df,0.0,0,3,4,
0,0,6.1715967655181885,0,5ac24cc45542996366519963,0.0,0,3,3,
0,0,6.5315892696380615,0,5ae4a45b55429970de88d9ed,0.0,0,3,8,
0,0.06451612903225805,6.5795276165008545,0,5ae3d5ec5542992f92d8238c,0.0,0,3,7,
0,0,6.341876029968262,0,5a81b92a5542995ce29dcc52,0.5,1,3,2,
0,0.11111111111111112,5.32995080947876,1,5a732ca45542992359bc325d,0.14285714285714285,1,3,7,
0,0,6.402855396270752,0,5a85d6d95542996432c570fb,0.0,0,3,2,
0,0,6.8885228633880615,0,5a7a11c85542996a35c170b4,0.0,0,3,4,
0,0,7.1144890785217285,0,5abfa18f5542990832d3a176,0.0,0,3,10,
0,0,6.84406590461731,0,5ae0f4645542997b2ef7d0aa,0.0,0,3,2,
0,0,8.387190580368042,0,5a714dea5542994082a3e7a9,0.0,0,3,3,
0,0,6.528846025466919,0,5a7cdc54554299683c1c63a5,0.0,0,3,3,
0,0,7.019311428070068,0,5ab42ae95542991751b4d6c4,0.0,0,3,2,
0,0,7.496612071990967,0,5ac0b1835542992a796ded65,0.0,0,3,8,
0,0,6.598658323287964,0,5a73bddb55429978a71e909d,0.0,0,3,3,
0,0,6.935040712356567,0,5ab3ddbc55429969a97a81dc,0.25,1,3,4,
0,0,33.41060972213745,3,5ac4deff554299076e296e26,0.0,0,12,2,
0,0,14.806516885757446,1,5ab73eaf5542992aa3b8c7ef,0.0,0,6,1,
0,0,6.862832069396973,0,5ab92f52554299131ca422a9,0.0,0,3,9,
0,0,13.552932739257812,1,5a7943c655429970f5fffe89,0.0,0,6,16,
0,0,6.454938650131226,0,5a860baa554299211dda2a4c,0.0,0,3,7,
0,0,14.242248296737671,1,5a731a635542994cef4bc458,0.0,0,6,3,
0,0,7.018969297409058,0,5ab953a45542996be202047f,0.3333333333333333,2,3,6,
0,0,23.11938977241516,2,5ae26c795542992decbdccfb,0.0,0,9,7,
0,0,6.908102750778198,0,5a8fb65d5542997ba9cb32fa,0.5,1,3,2,
0,0,6.906505823135376,0,5a7ef18c55429934daa2fc84,0.125,1,3,8,
0,0,6.963254690170288,0,5a75e67f55429976ec32bc8b,0.0,0,3,4,
0,0,7.319913387298584,0,5a81967a55429926c1cdad44,0.0,0,3,6,
0,0,7.266191244125366,0,5ae0fd9655429920d5234264,0.25,1,3,4,
0,0,7.022488832473755,0,5a7a103b5542990783324e27,0.0,0,3,7,
0,0,6.95018744468689,0,5aba510f5542994dbf0198d6,0.0,0,3,3,
0,0,7.123643636703491,0,5a7602d8554299109176e5fb,0.25,1,3,4,
0,0,20.805236339569092,2,5adcca7f5542994ed6169c06,0.5,2,9,4,
0,0,7.048508405685425,0,5a73471a5542991f9a20c6d7,0.16666666666666666,1,3,6,
0,0,7.420261383056641,0,5ae64b015542992ae0d162bc,0.0,0,3,5,
0,0,48.19715094566345,5,5a7380e855429905862fe041,0.5,1,18,2,
0,0,45.012282609939575,5,5ac21ac05542991316484bee,0.0,0,18,8,
0,0,22.386252641677856,2,5ae7247b5542992ae0d163c1,0.0,0,9,4,
0,0,6.902085304260254,0,5ae446825542995ad6573d21,0.16666666666666666,1,3,6,
0,0,6.682315111160278,0,5ae6c7b35542992ae0d1639c,0.16666666666666666,1,3,6,
0,0,6.7110443115234375,0,5a84c0885542994c784dda28,0.5,1,3,2,
0,0,6.936880588531494,0,5a84be845542991dd0999dcf,0.2,1,3,5,
0,0,7.00379753112793,0,5adf03765542995534e8c72b,0.0,0,3,3,
0,0,6.459850311279297,0,5ae35b035542992e3233c3ae,0.25,1,3,4,
0,0,6.63741135597229,0,5adebc9b554299728e26c79d,0.0,0,3,3,
0,0,0.2261826992034912,0,5a7b22f8554299042af8f6ff,,,,,
0,0,41.079723596572876,5,5ae0432a55429924de1b7081,0.0,0,18,3,
0,0,40.09637117385864,5,5ab55455554299488d4d993b,0.0,0,18,2,
0,0,40.38783621788025,5,5ae676915542995703ce8b66,0.3333333333333333,1,18,3,
0,0,42.581196308135986,5,5a7782b95542995d8318117f,0.0,0,18,1,
0,0,42.277268171310425,5,5a81e8ea5542995ce29dcc73,0.0,0,18,3,
0,0,42.06354475021362,5,5a879fe05542996e4f30888a,0.0,0,18,11,
0,0,35.7696852684021,4,5adffd4755429906c02daa9b,0.0,0,15,5,
0,0,6.261183261871338,0,5abcf1ce554299700f9d7930,0.6666666666666666,2,3,3,
0,0,6.927804231643677,0,5ac13d5c5542996f0d89cc78,0.5,1,3,2,
0,0,7.011782884597778,0,5a7aa9425542992d025e66e4,0.0,0,3,3,
0,0,7.528433084487915,0,5a8241a855429940e5e1a819,0.25,2,3,8,
0,0,7.607476234436035,0,5ab29caa554299545a2cf9d3,0.75,3,3,4,
0,0,7.320749998092651,0,5a7a33a35542994f819ef14c,0.0,0,3,4,
0,0,14.196938514709473,1,5ae4dd0955429960a22e0201,0.0,0,6,6,
0,0,44.420531272888184,5,5aba7d7d554299232ef4a303,0.0,0,18,3,
0,0,45.210875034332275,5,5ab2c0de5542992953946870,0.0,0,18,3,
0,0,44.75583267211914,5,5a8459aa5542996488c2e51e,0.0,0,18,3,
0,0,29.806442499160767,3,5a7481d755429974ef308c12,0.0,0,12,2,
0,0,6.480299234390259,0,5ac31bbd554299741d48a1f9,0.0,0,3,2,
0,0,7.029177188873291,0,5a7780e855429949eeb29e9f,0.0,0,3,4,
0,0,6.681430101394653,0,5a7c9ead5542990527d554e4,0.0,0,3,1,
0,0,6.898485898971558,0,5ab2eff05542991669774140,0.4,2,3,5,
0,0,13.824260473251343,1,5ab67c0055429954757d32f6,0.0,0,6,2,
0,0,13.90742826461792,1,5ae0198455429942ec259c1e,0.0,0,6,2,
0,0,6.409795761108398,0,5a75da235542992db94736f9,0.3333333333333333,1,3,3,
0,0,6.391950845718384,0,5ae532e955429908b632656f,0.0,0,3,5,
0,0,13.634300231933594,1,5a73aeb855429908901be311,0.0,0,6,4,
0,0,6.6786463260650635,0,5abaccd1554299660624161b,0.0,0,3,2,
0,0,6.552093744277954,0,5a7f6fd75542992e7d278cfa,0.2,1,3,5,
0,0,7.533004283905029,0,5a75b7bd5542992d0ec05fec,0.0,0,3,2,
0,0,12.423348188400269,1,5abd7aba55429924427fcfed,0.0,0,6,2,
0,0,6.043217658996582,0,5ae4c7c65542990ba0bbb12b,0.0,0,3,6,
0,0,6.063547611236572,0,5ab6d04c554299710c8d1f70,0.5,1,3,2,
0,0,5.989515066146851,0,5a8b768655429949d91db5a9,0.5,1,3,2,
0,0,5.875087022781372,0,5ae1c214554299234fd042ed,0.0,0,3,5,
0,0,5.96442174911499,0,5abdb4a755429965af743df0,0.0,0,3,3,
0,0,5.754292249679565,0,5a81df4b55429903bc27b9f8,0.0,0,3,3,
0,0,7.430126190185547,0,5ae3f6775542991a06ce9a3f,0.3333333333333333,1,3,3,
0,0,5.724660873413086,0,5abc7bf5554299114383a129,0.0,0,3,1,
0,0,5.887418270111084,0,5ae26197554299495565da51,0.1111111111111111,1,3,9,
0,0,5.941709518432617,0,5a8391f55542996488c2e45c,0.0,0,3,5,
0,0,5.886422872543335,0,5a8a367a55429930ff3c0d03,0.0,0,3,2,
0,0,5.936327219009399,0,5adf41a45542993a75d26456,0.0,0,3,2,
0,0,5.849941253662109,0,5a8e92b55542995085b37458,0.0,0,3,9,
0,0,6.1546947956085205,0,5ac029655542992a796decb3,0.0,0,3,6,
0,0,18.724490642547607,2,5ade09a15542995b365fabdf,0.0,0,9,12,
0,0,6.554922819137573,0,5abae1725542996cc5e49ece,0.25,1,3,4,
0,0,6.459012269973755,0,5a7ca74c55429907fabeefe9,1.0,1,3,1,
0,0,4.747161626815796,1,5a82ffef55429954d2e2ebf2,0.0,0,3,3,
0,0,6.428830623626709,0,5a8da0b85542994ba4e3dcd3,0.1111111111111111,1,3,9,
0,0,13.036850214004517,1,5a8193275542995ce29dcc07,0.0,0,6,5,
0,0,7.096963405609131,0,5a861c0d5542994775f606f7,0.0,0,3,3,
0,0,7.494813442230225,0,5a863114554299211dda2aa5,0.25,1,3,4,
0,0,8.570731163024902,0,5ae37ca55542992f92d822d5,0.0,0,3,3,
0,0,6.321616172790527,0,5ae6196d5542995703ce8afd,0.0,0,3,7,
0,0,5.978938579559326,0,5ae4b5935542995ad6573e27,0.0,0,3,5,
0,0,6.417338132858276,0,5abffdec554299012d1db55d,0.0,0,3,3,
0,0,6.18294882774353,0,5a86458b5542991e771815ec,0.3333333333333333,1,3,3,
0,0,6.271087408065796,0,5a8a59c955429930ff3c0da6,0.3333333333333333,1,3,3,
0,0,6.568202495574951,0,5a81d69055429903bc27b9de,1.0,1,3,1,
0,0,6.386817216873169,0,5a7299465542992359bc3131,0.5,3,3,6,
0,0,6.169404983520508,0,5a8af1e255429950cd6afc28,0.3333333333333333,1,3,3,
0,0,6.14595365524292,0,5a773ec355429966f1a36ccb,0.0,0,3,1,
0,0,6.311134576797485,0,5a7da6c25542995ed0d16652,0.0,0,3,3,
0,0,12.793796300888062,1,5ab1e75f554299340b525422,0.0,0,6,7,
0,0,13.9301917552948,1,5a7a99db55429941d65f26ea,0.0,0,6,4,
0,0,7.445474863052368,0,5adbd68155429947ff173842,0.0,0,3,2,
0,0,6.590649843215942,0,5a78f3d255429970f5fffdf1,0.0,0,3,9,
0,0,7.091158866882324,0,5a8c51f0554299240d9c2111,0.6666666666666666,2,3,3,
0,0,6.867484092712402,0,5a808afb5542992bc0c4a76b,0.0,0,3,2,
0,0,8.943748712539673,0,5a84a7f95542992a431d1a85,0.4,2,3,5,
0,0,7.365675926208496,0,5ab5f372554299488d4d9a60,0.0,0,3,2,
0,0,44.52561664581299,5,5aba916c55429901930fa83b,0.0,0,18,8,
0,0,28.321388721466064,3,5ae5669755429960a22e02ec,0.0,0,12,5,
0,0,14.373778820037842,1,5ab5cd0d554299488d4d9a30,0.0,0,6,3,
0,0,7.346760511398315,0,5ae6c2285542995703ce8b9a,0.5,1,3,2,
0,0,12.709911346435547,1,5a843cf35542996488c2e51b,0.0,0,6,5,
0,0,42.33624839782715,5,5a76db3555429972597f13e7,0.6666666666666666,2,18,3,
0,0,6.178023099899292,0,5a74524455429979e28828f6,0.0,0,3,3,
0,0,11.772037506103516,1,5ac531ea5542994611c8b419,0.0,0,6,8,
0,0,6.2246012687683105,0,5ab2fccb5542991669774176,0.0,0,3,3,
0,0,6.263153791427612,0,5a7618d85542994ccc9186cf,0.0,0,3,8,
0,0,44.677081823349,5,5a8d75f35542994ba4e3dc8b,0.0,0,18,2,
0,0.6666666666666665,4.275099754333496,1,5a7790ed5542992a6e59defb,0.0,0,3,2,
0,0,42.86249756813049,5,5a8c7623554299653c1aa07a,0.5,2,18,4,
0,0,41.471274614334106,5,5abcd77755429965836004ce,0.0,0,18,5,
0,0,39.29945254325867,5,5abe0e4e55429976d4830a62,0.0,0,18,3,
0,0,42.061962604522705,5,5ab6fc8a5542991d32223714,0.5,1,18,2,
0,0,19.608623266220093,2,5add9bfa5542990dbb2f7e85,0.2,1,9,5,
0,0,6.221088171005249,0,5adfc06d55429906c02daa2a,0.0,0,3,3,
0,0,6.396965503692627,0,5ac298805542990b17b15429,0.0,0,3,1,
0,0,33.280275106430054,4,5a8089dc5542992bc0c4a765,0.3333333333333333,1,15,3,
0,0,13.424396991729736,1,5ae4e29855429908b63264a9,0.0,0,6,3,
0,0,19.721130847930908,2,5a8e942b5542995085b3745c,0.0,0,9,5,
0,0,6.225006818771362,0,5abaf0e055429966062416a3,0.0,0,3,3,
0,0,8.01517915725708,0,5aba3bb855429955dce3ede7,0.5,1,3,2,
0,0,6.208596706390381,0,5a81e107554299676cceb12a,0.0,0,3,3,
0,0,6.311027765274048,0,5ae2133e554299495565d9e3,0.0,0,3,7,
0,0.05714285714285715,39.655791997909546,5,5a738a5955429908901be2f6,0.0,0,18,6,
0,0,19.67755365371704,2,5a7f354b5542992e7d278c8c,0.0,0,9,2,
0,0,13.037383794784546,1,5a8656ca554299211dda2afc,0.0,0,6,2,
0,0,19.134594440460205,2,5ae6c0f35542991bbc97616f,0.0,0,9,6,
0,0,5.880375862121582,0,5a776f8555429972597f1534,0.16666666666666666,1,3,6,
0,0,5.728759765625,0,5a81db0b5542990a1d231ee2,0.0,0,3,3,
0,0,7.503011226654053,0,5ab90d8955429916710eb0f1,0.0,0,3,4,
0,0,5.7870917320251465,0,5aba8d4655429901930fa82b,0.0,0,3,5,
0,0,6.367575168609619,0,5a8f15d2554299458435d551,0.0,0,3,13,
0,0,5.708426237106323,0,5add352b5542990dbb2f7dc4,0.0,0,3,5,
0,0,5.545816421508789,0,5a8249b85542990a1d231f8f,0.16666666666666666,1,3,6,
0,0,4.625593423843384,1,5ae4a91d5542995ad6573e09,0.0,0,3,2,
0,0,5.512989282608032,0,5ab57022554299637185c59e,0.0,0,3,3,
0,0,6.000118970870972,0,5a7fc5c25542992e7d278d6a,0.0,0,3,7,
0,0,5.690629959106445,0,5a7300b85542994cef4bc41a,0.6666666666666666,2,3,3,
0,0,5.640297889709473,0,5abffda6554299012d1db55b,0.0,0,3,2,
0,0,5.7824366092681885,0,5ab9b7d555429970cfb8eb7a,0.0,0,3,4,
0,0,5.7597129344940186,0,5a70f4695542994082a3e435,0.14285714285714285,1,3,7,
0,0,5.930162191390991,0,5a82ffe755429940e5e1a949,0.0,0,3,9,
0,0,5.732253313064575,0,5a7b5aff55429931da12ca6d,0.3333333333333333,1,3,3,
0,0,5.781933546066284,0,5a78e49855429974737f78f3,0.25,1,3,4,
0,0,5.722729921340942,0,5a7bcc0f554299042af8f7e2,0.0,0,3,8,
0,0,5.651740789413452,0,5ac29a835542990b17b1542f,0.0,0,3,3,
0,0,5.861268520355225,0,5abd245555429924427fcf0f,0.0,0,3,3,
0,0,5.68330454826355,0,5adcd7325542994d58a2f6f6,0.0,0,3,2,
0,0,7.536763668060303,0,5a74994a55429974ef308c2e,0.0,0,3,4,
0,0,5.552409410476685,0,5a90b7f355429916514e752d,0.2,1,3,5,
0,0,5.607711315155029,0,5adfc11e55429942ec259b3a,0.0,0,3,8,
0,0,5.8394975662231445,0,5ae8242455429952e35eaa54,0.5,1,3,2,
0,0,5.693704843521118,0,5ac3d1d9554299204fd21e8a,0.0,0,3,2,
0,0,5.936237812042236,0,5a7724715542994aec3b71fd,0.0,0,3,3,
0,0,5.678522348403931,0,5a862da855429960ec39b640,0.14285714285714285,1,3,7,
0,0,5.766395807266235,0,5a7f677455429969796c1a37,0.0,0,3,4,
0,0,5.658473968505859,0,5a72429355429971e9dc9375,0.0,0,3,1,
0,0,5.607663869857788,0,5a73cf5e55429978a71e909f,0.0,0,3,3,
0,0,5.832118272781372,0,5ab916e155429919ba4e23a4,0.0,0,3,2,
0,0,5.688267707824707,0,5abae1055542996cc5e49ec9,0.2,1,3,5,
0,0,5.907689332962036,0,5addd5965542997dc7907047,0.3333333333333333,1,3,3,
0,0,5.727935075759888,0,5ae547f85542990ba0bbb254,0.0,0,3,4,
0,0,0.5045180320739746,0,5a75321555429916b0164290,,,,,
0,0,18.98040270805359,2,5ab2d61155429916697740ff,0.0,0,9,9,
0,0,5.779698848724365,0,5ab29bdc554299545a2cf9d1,0.0,0,3,4,
0,0,5.632874250411987,0,5ab4da5b55429942dd415f96,0.0,0,3,3,
0,0,7.597980737686157,0,5a76d15e55429966f1a36bfa,0.3333333333333333,1,3,3,
0,0,5.657373666763306,0,5ab29486554299545a2cf9a4,0.0,0,3,4,
0,0,5.445380926132202,0,5ac282875542996773102546,0.0,0,3,7,
0,0,5.586367845535278,0,5a7ee0d05542994959419a88,0.0,0,3,6,
0,0,5.597171783447266,0,5a823fc055429940e5e1a810,0.0,0,3,4,
0,0,5.732713222503662,0,5ae322b75542994393b9e622,0.0,0,3,2,
0,0,25.806129693984985,3,5ac173d85542994d76dcce37,0.25,1,12,4,
0,0,40.17572379112244,5,5a7b57155542992d025e680f,0.0,0,18,4,
0,0,13.08597183227539,1,5a7f3c8f55429930675136c9,0.3333333333333333,1,6,3,
0,0,6.382514953613281,0,5a8333115542993344745feb,0.0,0,3,14,
0,0,7.949654817581177,0,5adf8ade5542993344016ce8,0.0,0,3,14,
0,0,6.040093421936035,0,5ab850795542990e739ec8bd,0.0,0,3,4,
0,0,6.1428070068359375,0,5adcf37e5542994ed6169c37,1.0,3,3,3,
0,0,6.216085910797119,0,5a7cdd1c554299683c1c63a8,0.0,0,3,2,
0,0,6.116016149520874,0,5a8b8a745542995d1e6f13e4,0.0,0,3,4,
0,0,6.309433698654175,0,5ac325495542995ef918c12e,0.6666666666666666,2,3,3,
0,0,6.129942178726196,0,5adf29f05542993344016c09,0.0,0,3,2,
0,0,5.646833896636963,0,5abd605155429924427fcfc9,0.0,0,3,5,
0,0,20.051573514938354,2,5a8a4b9955429930ff3c0d88,0.0,0,9,2,
0,0,6.236410617828369,0,5aded1595542995ec70e8f29,0.0,0,3,3,
0,0,6.520095109939575,0,5a7eb9f355429934daa2fc53,0.2,1,3,5,
0,0,6.8690268993377686,0,5a7f96a95542995d8a8ddead,0.0,0,3,1,
0,0,6.191466808319092,0,5ab92e3c554299753720f777,0.25,1,3,4,
0,0,6.382781744003296,0,5abc2e1c554299700f9d7806,0.0,0,3,9,
0,0,6.475939035415649,0,5adc7f4a5542994650320d28,0.0,0,3,7,
0,0,6.386446237564087,0,5ae083e855429924de1b70fb,0.0,0,3,5,
0,0,7.849524259567261,0,5a7755c65542993569682d54,0.2,1,3,5,
0,0,6.141757249832153,0,5adf36c55542993344016c3e,0.2,1,3,5,
0,0,19.128254175186157,2,5ae140f95542997b2ef7d182,0.0,0,9,6,
0,0.5,12.430893898010254,1,5ab5820e554299488d4d99c3,0.3333333333333333,1,6,3,
0,0,121.66930961608887,5,5abaaf9355429955dce3eecb,0.0,0,18,3,
0,0.04347826086956522,40.82407855987549,5,5ac19bf55542994ab5c67d97,0.75,3,18,4,
0,0,42.57286715507507,5,5a8dab16554299068b959d89,0.2,1,18,5,
0,0,21.192816734313965,2,5ab29cef554299449642c936,0.0,0,9,2,
0,0,42.10129499435425,5,5ae7b001554299540e5a5645,0.0,0,18,4,
0,0,42.9904625415802,5,5ab5e13c5542992aa134a3bf,0.0,0,18,5,
0,0,39.38891339302063,5,5a88ba465542993e715ac089,0.0,0,18,4,
0,0,41.32951760292053,5,5a7efa7a55429930675135ea,0.0,0,18,4,
0,0,19.763153076171875,2,5ab82d345542990e739ec854,0.0,0,9,2,
0,0,6.197335243225098,0,5ac3dc9e5542997ea680c950,0.0,0,3,2,
0,0,25.50374126434326,2,5a81d92f554299676cceb0f9,0.2,1,9,5,
0,0,6.343589782714844,0,5a710a1e5542994082a3e4fd,0.25,1,3,4,
0,0,6.138918399810791,0,5a8f55f9554299458435d5bd,0.0,0,3,2,
0,0,6.180506467819214,0,5abc089b5542993f40c73c57,0.3333333333333333,1,3,3,
0,0,6.407471179962158,0,5a74ae6a55429916b01641c9,0.0,0,3,1,
0,0,6.310873031616211,0,5a7380b955429908901be2d4,0.0,0,3,5,
0,0,6.449979782104492,0,5ab2b61d5542991669774065,0.0,0,3,4,
0,0,6.278769493103027,0,5ac2f79e5542996773102661,0.0,0,3,4,
0,0,41.5218768119812,5,5adea8cf55429939a52fe92d,0.0,0,18,1,
0,0,6.262186288833618,0,5a84e1095542997175ce1f25,0.0,0,3,5,
0,0,6.319888353347778,0,5ae29d92554299492dc91c36,0.0,0,3,1,
0,0,6.462246417999268,0,5a7e1cd955429965cec5ea76,0.0,0,3,3,
0,0,6.054860353469849,0,5ac4a7615542996feb3fe92a,0.0,0,3,3,
0,0,14.646500825881958,1,5ade4da055429939a52fe878,0.0,0,6,3,
0,0.07142857142857142,6.0824644565582275,0,5a7cd8da55429909bec76845,0.0,0,3,4,
0,0,12.931894779205322,1,5a89019a5542995153361259,0.6666666666666666,2,6,3,
0,0,6.366919279098511,0,5a7518cb55429916b0164259,0.0,0,3,4,
0,0,6.311188697814941,0,5ae3b30f5542994393b9e74f,0.3333333333333333,1,3,3,
0,0,6.365783452987671,0,5ab5cedf554299488d4d9a34,0.0,0,3,3,
0,0,6.230096817016602,0,5abc0ac455429959677d6a01,0.0,0,3,3,
0,0,6.210904359817505,0,5a8c8828554299653c1aa0ae,0.0,0,3,4,
0,0,6.3848700523376465,0,5a84bbb35542991dd0999dc0,0.0,0,3,8,
0,0,6.316684246063232,0,5a7cf3d655429909bec768bf,0.0,0,3,4,
0,0,6.410924434661865,0,5ac1620855429964131be1bc,0.0,0,3,1,
0,0,6.240649223327637,0,5a7148005542994082a3e759,0.5,1,3,2,
0,0,13.24554443359375,1,5a87868c5542996e4f308828,0.0,0,6,5,
0,0,6.337474346160889,0,5a8a5c9855429970aeb702be,0.0,0,3,1,
0,0,6.338490009307861,0,5ae0f73d55429920d5234252,0.0,0,3,6,
0,0,6.267011642456055,0,5a84ed765542994c784dda8b,0.0,0,3,3,
0,0,8.078583478927612,0,5ab42a2b5542996a3a969f5a,0.0,0,3,3,
0,0,6.188952684402466,0,5adfee9c55429906c02daa8a,0.0,0,3,5,
0,0,6.196829080581665,0,5ab29842554299194fa93420,0.0,0,3,3,
0,0,6.673385858535767,0,5ac0b8395542996f0d89cc21,0.0,0,3,4,
0,0,12.507000923156738,1,5ac3a10b5542995ef918c1c3,0.0,0,6,4,
0,0,6.1643476486206055,0,5abfea825542994516f45527,0.0,0,3,7,
0,0,6.1990883350372314,0,5a77baac5542992a6e59dfa2,0.0,0,3,2,
0,0,6.284430503845215,0,5abdf7055542993f32c2a06c,0.0,0,3,3,
0,0,6.101121425628662,0,5a900b575542995b44242099,0.0,0,3,1,
0,0,6.460009336471558,0,5ac38ce255429939154137c2,0.25,1,3,4,
0,0,6.221494913101196,0,5ac0c5805542992a796ded80,0.5,1,3,2,
0,0,6.227976560592651,0,5ae3dce45542994393b9e783,1.0,1,3,1,
0,0,6.412452697753906,0,5ae32e1a55429928c423964e,0.3333333333333333,1,3,3,
0,0,6.311669588088989,0,5ac45cfd554299076e296db5,0.0,0,3,2,
0,0,6.340524196624756,0,5ab472a35542991779162c98,0.0,0,3,3,
0,0,6.350051403045654,0,5ac23f5255429951e9e684d8,0.0,0,3,4,
0,0,6.288839101791382,0,5ae6dba85542996d980e7c9b,0.0,0,3,1,
0,0,6.177764415740967,0,5a8f47785542997ba9cb3217,0.3333333333333333,1,3,3,
0,0,7.898871660232544,0,5a8ba07d5542996e8ac88985,0.0,0,3,3,
0,0,6.010680913925171,0,5a746a4455429974ef308bf6,0.0,0,3,6,
0,0,6.509676933288574,0,5a75642c5542996c70cfaeed,0.0,0,3,2,
0,0,6.237475872039795,0,5a845b2d5542996488c2e520,0.5,1,3,2,
0,0,6.159267902374268,0,5a74c1c05542996c70cfadd8,0.0,0,3,7,
0,0,4.362378835678101,1,5a8c6ebd5542996e8ac88aa9,0.0,0,3,6,
0,0,6.0364580154418945,0,5ab430f655429942dd415eca,0.0,0,3,4,
0,0,6.10378623008728,0,5a7cfea2554299452d57babe,0.0,0,3,4,
0,0,6.347356081008911,0,5a7bc0755542995eb53be9a5,0.0,0,3,5,
0,0,6.152568101882935,0,5abfdfcb5542997d642958fe,0.0,0,3,3,
0,0,6.24531626701355,0,5ac4a94a5542996feb3fe92b,0.0,0,3,3,
0,0,6.18184757232666,0,5ab2082f554299722f9b4c9f,0.0,0,3,2,
0,0,13.427273273468018,1,5ade61fd554299728e26c704,0.0,0,6,4,
0,0,6.214874982833862,0,5a8e482c5542995a26add4c3,0.0,0,3,4,
0,0,6.466542959213257,0,5ae537a855429960a22e0266,0.0,0,3,3,
0,0,6.2185378074646,0,5ab5895f554299637185c5c2,0.5,1,3,2,
0,0,6.431835174560547,0,5adcc975554299473435379f,0.0,0,3,2,
0,0,8.116268396377563,0,5a829fab55429954d2e2eb83,0.0,0,3,4,
0,0,6.2160046100616455,0,5a90970d5542995651fb51a5,0.0,0,3,18,
0,0,6.342949151992798,0,5ae1dadf5542997f29b3c14f,0.0,0,3,8,
0,0,6.142813205718994,0,5ab819065542995dae37ea3c,0.0,0,3,4,
0,0,6.359950065612793,0,5ab5fddb554299110f2199af,0.4,2,3,5,
0,0,6.170135021209717,0,5ab3f6b9554299753aec5a03,0.25,1,3,4,
0,0,6.237234830856323,0,5ae1bc7b554299234fd042df,0.0,0,3,4,
0,0,6.479299306869507,0,5ac07327554299012d1db5f2,0.0,0,3,3,
0,0,6.243465423583984,0,5a8e612b5542995085b3741b,0.0,0,3,3,
0,0,6.4228010177612305,0,5a72ac8a5542992359bc3164,0.0,0,3,3,
0,0,12.520294666290283,1,5a826d2f5542995ce29dcd05,0.0,0,6,2,
0,0,6.165485382080078,0,5abea85f5542990832d3a070,0.16666666666666666,1,3,6,
0,0,6.159868478775024,0,5ae66d515542992ae0d16346,0.0,0,3,4,
0,0,6.448746204376221,0,5ac1b95655429963665198fd,1.0,1,3,1,
0,0,6.179208278656006,0,5ac3e1075542995c82c4ac78,0.0,0,3,7,
0,0,6.317814111709595,0,5adebc51554299728e26c799,0.0,0,3,5,
0,0,6.253509998321533,0,5a8ce851554299441c6b9f6c,0.0,0,3,3,
0,0,6.251489162445068,0,5a78ce79554299029c4b5ea1,0.0,0,3,3,
0,0,8.239311933517456,0,5a8a03985542992e4fca84d6,0.0,0,3,5,
0,0,6.1490466594696045,0,5ac5630e5542993e66e823d5,1.0,1,3,1,
0,0,6.3410961627960205,0,5a7dbf4e5542990b8f503a68,0.0,0,3,5,
0,0,6.117624044418335,0,5ac324ad5542995ef918c127,0.0,0,3,6,
0,0,6.2870213985443115,0,5a8888e35542997e5c09a5f6,0.0,0,3,5,
0,0,13.067675828933716,1,5ae72fd95542991e8301cbb4,0.0,0,6,3,
0,0,7.805466890335083,0,5abc3f725542993a06baf8b3,0.0,0,3,5,
0,0,5.931089162826538,0,5ab3c270554299233954ff9e,0.3333333333333333,1,3,3,
0,0,6.122900724411011,0,5a746abf55429929fddd8417,0.0,0,3,5,
0,0,7.666416883468628,0,5ac42c6d5542997ea680ca1a,0.5,1,3,2,
0,0.09523809523809523,5.903781414031982,0,5a7a69365542996c55b2dd9b,0.5,1,3,2,
0,0,6.089357137680054,0,5a737fff554299623ed4abb9,0.0,0,3,4,
0,0,6.01379656791687,0,5ab3b2fb554299753aec59af,0.0,0,3,9,
0,0,6.0589439868927,0,5ab6654455429954757d3281,0.0,0,3,2,
0,0,5.8917396068573,0,5a7385c45542992d56e7e359,0.0,0,3,4,
0,0,6.0450825691223145,0,5ae71d2d554299572ea546f7,0.0,0,3,5,
0,0,5.936635255813599,0,5a836ce55542993344746012,0.5,1,3,2,
0,0,14.384421825408936,1,5ade0cc85542990dbb2f7f37,0.0,0,6,4,
0,0,5.883281707763672,0,5a802fb8554299485f598582,0.5,1,3,2,
0,0,6.2021565437316895,0,5ac3e22d5542997ea680c976,0.0,0,3,5,
0,0,5.949341535568237,0,5ac2ca84554299218029db55,0.0,0,3,6,
0,0.1111111111111111,5.868129014968872,0,5add695a5542992ae4cec557,0.0,0,3,3,
0,0,6.261157989501953,0,5ae71c4c554299572ea546ee,0.4,2,3,5,
0,0,5.953411102294922,0,5ae16bce5542997b2ef7d1e8,0.0,0,3,7,
0,0,6.015031814575195,0,5adbfb3f55429947ff17388a,0.2,1,3,5,
0,0,5.827926874160767,0,5a79a26d554299029c4b5f63,0.0,0,3,6,
0,0,6.036390066146851,0,5ab9405c554299743d22ea7c,0.3333333333333333,1,3,3,
0,0,6.000778675079346,0,5ade6fcd55429975fa854ecf,0.0,0,3,2,
0,0,5.841780424118042,0,5ac275e755429921a00aaf81,0.0,0,3,4,
0,0,5.979030132293701,0,5a8cd291554299441c6b9f14,0.3333333333333333,1,3,3,
0,0,5.984270334243774,0,5a72aec45542994cef4bc3d7,0.0,0,3,4,
0,0.1111111111111111,6.045480489730835,0,5a745a2955429929fddd83f8,0.25,1,3,4,
0,0,5.898895025253296,0,5a737ef85542992d56e7e336,0.25,1,3,4,
0,0,6.27089786529541,0,5ac43c7b5542997ea680ca34,0.25,1,3,4,
0,0,5.988858699798584,0,5a7f66f155429969796c1a33,0.0,0,3,6,
0,0,5.972638368606567,0,5a8b99a45542997f31a41d7f,0.14285714285714285,1,3,7,
0,0,7.587834358215332,0,5a851cc85542997b5ce3ffa3,0.125,1,3,8,
0,0,5.6771204471588135,0,5ab678f455429954757d32d3,0.0,0,3,5,
0,0,5.910241603851318,0,5ac0a18a5542992a796ded41,0.0,0,3,2,
0,0,5.903265714645386,0,5a7b88b45542997c3ec97201,0.0,0,3,6,
0,0,5.935238838195801,0,5ab8524f5542990e739ec8c4,0.0,0,3,3,
0,0,19.30782461166382,2,5a8fa4a5554299458435d6a3,0.0,0,9,7,
0,0,5.911480903625488,0,5ac0d9a35542992a796ded90,0.0,0,3,3,
0,0,5.977542877197266,0,5a72f7df5542991f9a20c5d7,0.0,0,3,12,
0,0,6.116764783859253,0,5a8f43555542992414482a21,0.3333333333333333,1,3,3,
0,0,5.959844350814819,0,5abe48675542991f66106119,0.0,0,3,4,
0,0,6.186003923416138,0,5ae0b8bb55429924de1b7145,0.0,0,3,5,
0,0,5.907915830612183,0,5a793ea55542994bb9456fce,0.0,0,3,2,
0,0,6.161577463150024,0,5ab682f85542995eadef001f,0.0,0,3,3,
0,0,5.956056118011475,0,5abdc0ad55429933744ab81b,0.0,0,3,4,
0,0,5.914743185043335,0,5adcf2b55542992c1e3a24cd,0.0,0,3,2,
0,0,6.063120603561401,0,5a7571835542992db9473669,0.0,0,3,4,
0,0,5.942463397979736,0,5abe9c1a5542993f32c2a183,0.2,1,3,5,
0,0,8.504673480987549,0,5ab90d2755429916710eb0f0,1.0,2,3,2,
0,0,5.850006103515625,0,5ac16c2b5542994d76dcce19,0.0,0,3,2,
0,0,6.170037746429443,0,5a7b48b15542995eb53be8eb,0.75,3,3,4,
0,0,12.765042304992676,1,5abe84a95542991f6610619b,0.3333333333333333,1,6,3,
0,0,6.1970741748809814,0,5a7e43c9554299495941995a,0.0,0,3,3,
0,0,5.752191781997681,0,5ae151985542990adbacf74d,0.0,0,3,8,
0,0,6.283418416976929,0,5a81ee385542995ce29dcc88,1.0,1,3,1,
0,0.07692307692307693,5.863701343536377,0,5a8c301d554299240d9c20cb,0.0,0,3,3,
0,0,5.81234335899353,0,5aba749855429955dce3ee34,0.25,1,3,4,
0,0,5.933888912200928,0,5abb291355429939ce03dd9e,0.0,0,3,4,
0,0,5.822899580001831,0,5a80297f5542992e7d278e08,0.0,0,3,2,
0,0,6.182870626449585,0,5ae5f82a554299546bf82feb,0.5,1,3,2,
0,0,5.775236368179321,0,5ae088525542993d6555eba1,0.5,3,3,6,
0,0,6.217430114746094,0,5adec53655429975fa854f87,0.0,0,3,3,
0,0,5.9269044399261475,0,5ae2c4b8554299495565db31,0.0,0,3,4,
0,0,5.827367305755615,0,5ae328df55429928c423963c,0.0,0,3,3,
0,0,6.285585403442383,0,5ae71bee554299572ea546ea,0.0,0,3,4,
0,0,5.766089916229248,0,5ab57759554299637185c5a5,0.0,0,3,1,
0,0,7.60135293006897,0,5ae724ec5542995703ce8bd8,0.0,0,3,3,
0,0,6.051953077316284,0,5abbdaac5542992ccd8e7fc0,0.0,0,3,3,
0,0,5.74981951713562,0,5abf1ad15542997ec76fd3c2,0.0,0,3,3,
0,0,6.056232452392578,0,5a81141855429938b61422ad,0.14285714285714285,1,3,7,
0,0,5.962566614151001,0,5ab2f4c95542991669774155,0.0,0,3,5,
0,0,6.141313314437866,0,5ae5429355429908b63265c5,0.0,0,3,6,
0,0,5.929735422134399,0,5ac3e5de554299204fd21ebc,0.0,0,3,5,
0,0,6.121044874191284,0,5adf81105542992d7e9f9388,0.0,0,3,5,
0,0,5.932461738586426,0,5adcfb5f5542990d50227d81,0.0,0,3,5,
0,0,5.80241322517395,0,5a750ccc5542993748c897a8,0.0,0,3,12,
0,0,5.980194568634033,0,5a7103b35542994082a3e4c0,0.0,0,3,2,
0,0,6.34151816368103,0,5ae688065542996d980e7beb,0.0,0,3,5,
0,0,13.047784805297852,1,5a8ba0855542995d1e6f1427,0.0,0,6,6,
0,0,6.2889275550842285,0,5ae2f97555429928c4239582,0.0,0,3,4,
0,0,13.175322532653809,1,5ac3a7f75542993915413890,0.0,0,6,1,
0,0,6.505659580230713,0,5a8f5b6f554299458435d5e7,0.2,1,3,5,
0,0,14.147323608398438,1,5add53fe5542992200553ab1,0.0,0,6,7,
0,0,11.599929332733154,1,5a8b3e985542995d1e6f131c,0.0,0,6,7,
0,0,12.711370468139648,1,5ae25e835542992decbdccd1,0.0,0,6,2,
0,0,6.5803797245025635,0,5a74d7685542996c70cfae0a,0.0,0,3,1,
0,0,5.831460952758789,0,5a866fa855429960ec39b6a5,1.0,1,3,1,
0,0,5.806870698928833,0,5adde8a05542997dc79070a4,0.05555555555555555,1,3,18,
0,0,5.89544153213501,0,5a9087ac5542990a98493668,0.0,0,3,5,
0,0,5.942394256591797,0,5a840a9e5542992ef85e2397,0.0,0,3,9,
0,0,5.910997629165649,0,5ae791a55542994a481bbdaa,0.0,0,3,5,
0,0,5.850763320922852,0,5ae357745542992f92d8229b,0.0,0,3,5,
0,0,5.898844957351685,0,5a823b355542990a1d231f6e,0.6666666666666666,2,3,3,
0,0,13.217298746109009,1,5a7effeb5542994959419aa0,0.0,0,6,3,
0,0,6.259145259857178,0,5a81a2055542990a1d231e2d,0.0,0,3,7,
0,0,6.080483436584473,0,5ade6eb65542992fa25da782,0.0,0,3,3,
0,0.1111111111111111,6.157384157180786,0,5adc6a3b55429947ff173953,0.0,0,3,6,
0,0,7.59113335609436,0,5ac3b8b8554299741d48a301,0.0,0,3,4,
0,0,5.886745929718018,0,5ae320f855429928c4239620,0.2,1,3,5,
0,0,5.870479583740234,0,5a8bd49d5542997f31a41dd7,0.1,1,3,10,
0,0,5.769116163253784,0,5ae0ba9055429924de1b715c,0.0,0,3,3,
0,0,12.688363790512085,1,5a74b4dc55429979e2882a00,0.0,0,6,4,
0,0,5.778234481811523,0,5ab5f75e554299637185c64b,0.5,1,3,2,
0,0,5.998847961425781,0,5ae0fe8855429945ae959495,0.75,3,3,4,
0,0,5.78314995765686,0,5ae3c1515542992f92d8236a,0.0,0,3,5,
0,0,5.921048402786255,0,5a77b6325542997042120af7,0.0,0,3,2,
0,0,4.315134525299072,1,5a7750de55429966f1a36cf0,0.0,0,3,3,
0,0,6.112299919128418,0,5a7cc700554299452d57ba4e,0.0,0,3,10,
0,0,6.414959669113159,0,5ac39d22554299391541381f,0.0,0,3,2,
0,0,6.326083660125732,0,5a81c90a5542990a1d231eb4,0.25,1,3,4,
0,0,6.122201204299927,0,5abd332e5542993062266bdd,0.0,0,3,4,
0,0,5.848938703536987,0,5ae641f65542992ae0d162a3,0.0,0,3,9,
0,0,6.008754014968872,0,5a7912f655429974737f796c,0.25,1,3,4,
0,0,5.847555160522461,0,5a765fe85542992d0ec060c5,0.0,0,3,6,
0,0.09090909090909091,5.846375226974487,0,5abd82dc5542993062266cb6,0.0,0,3,9,
0,0,7.6580610275268555,0,5ae10572554299422ee995cd,0.0,0,3,9,
0,0,5.780169725418091,0,5ac4c0fc5542997ea680cab1,0.0,0,3,2,
0,0,5.805797338485718,0,5a88644455429938390d3f3f,1.0,1,3,1,
0,0,5.773170709609985,0,5ac2716f5542992f1f2b38cb,0.0,0,3,3,
0,0,5.8767478466033936,0,5ae0aaf35542993d6555ec02,0.16666666666666666,1,3,6,
0,0,5.802764415740967,0,5ab56555554299494045ef97,1.0,1,3,1,
0,0,5.885493755340576,0,5a83b1e75542990548d0b220,0.0,0,3,3,
0,0.1,5.969741582870483,0,5abd02605542992ac4f381a2,0.16666666666666666,1,3,6,
0,0,5.8200883865356445,0,5ae701b2554299572ea54680,0.0,0,3,9,
0,0,6.305063009262085,0,5a7b2a2255429927d897bf4c,1.0,1,3,1,
0,0,5.871691465377808,0,5a8f979255429918e830d288,1.0,2,3,2,
0,0,5.798314332962036,0,5a810006554299260e20a1f6,0.0,0,3,4,
0,0,5.980257749557495,0,5a90740a5542990a98493658,0.0,0,3,2,
0,0,5.843773603439331,0,5ac261265542992f1f2b3896,0.0,0,3,5,
0,0,6.1876139640808105,0,5a809e9f5542996402f6a5b1,0.0,0,3,3,
0,0,6.222305774688721,0,5a8fb0be5542997ba9cb32ed,0.0,0,3,1,
0,0,5.971696615219116,0,5ab6f222554299110f219a78,0.3333333333333333,1,3,3,
0,0,6.049335956573486,0,5a7a562355429941d65f25ba,0.0,0,3,6,
0,0,6.40969443321228,0,5addfe1c5542995b365fabaf,0.0,0,3,4,
0,0,7.663065671920776,0,5ade28cf5542997c77aded85,0.0,0,3,3,
0,0,5.965587854385376,0,5a7720d05542993569682cde,0.16666666666666666,1,3,6,
0,0,4.314444541931152,1,5a7cb2ed5542990527d55505,0.5,1,3,2,
0,0,5.740969896316528,0,5ae2e8e05542991a06ce98fb,0.0,0,3,6,
0,0,4.327049732208252,1,5ae358c05542990afbd1e10f,0.2,1,3,5,
0,0,5.985683441162109,0,5ab9e477554299232ef4a25d,0.0,0,3,9,
0,0.1,5.791197061538696,0,5abb07e95542992ccd8e7ec4,0.0,0,3,4,
0,0,5.989518880844116,0,5a75e06155429976ec32bc60,0.0,0,3,3,
0,0,6.054618835449219,0,5ab8e70b5542991b5579f031,0.3333333333333333,2,3,6,
0,0,5.921455383300781,0,5ae3a3835542990afbd1e19c,0.0,0,3,2,
0,0,5.793262481689453,0,5a8c620c554299240d9c2141,0.0,0,3,5,
0,0,5.797825813293457,0,5a871e265542991e771816d1,0.16666666666666666,1,3,6,
0,0,5.994465589523315,0,5ab7af9d5542993667793fe9,0.0,0,3,3,
0,0,5.769706726074219,0,5a8aed1755429950cd6afbf1,0.0,0,3,3,
0,0,6.036808252334595,0,5ac46a8b5542991943173980,0.5,1,3,2,
0,0,5.966629505157471,0,5a77731955429972597f1541,0.0,0,3,16,
0,0,5.953874349594116,0,5abc17555542993a06baf858,0.25,1,3,4,
0,0,5.955301761627197,0,5a7f8b8c5542995d8a8ddea1,0.3333333333333333,1,3,3,
0,0,6.733993768692017,0,5a8fab8c5542995b4424208a,0.0,0,3,3,
0,0,7.935504913330078,0,5a7e1f5655429965cec5ea81,0.0,0,3,3,
0,0,5.979484558105469,0,5ae7fd085542993210984007,0.0,0,3,5,
0,0,5.84043025970459,0,5adff34555429942ec259baa,0.0,0,3,5,
0,0,6.0469536781311035,0,5a7a7e9f5542994f819ef1f4,0.0,0,3,5,
0,0,5.813675880432129,0,5ae1054055429920d5234284,0.0,0,3,2,
0,0,6.194411277770996,0,5ae3281a5542991a06ce9939,0.0,0,3,2,
0,0,5.769139528274536,0,5a7365b155429901807db02a,0.0,0,3,4,
0,0,6.009655714035034,0,5a8835245542994846c1ce27,0.0,0,3,3,
0,0,5.912111520767212,0,5a7dc7895542995ed0d16673,0.0,0,3,3,
0,0,5.820386648178101,0,5abb03325542992ccd8e7eae,0.0,0,3,2,
0,0,5.972654104232788,0,5a82f05255429966c78a6aa2,0.25,1,3,4,
0,0,5.804370641708374,0,5ab524595542996a3a96a034,0.5,1,3,2,
0,0,5.982126712799072,0,5abdff775542993f32c2a082,0.0,0,3,5,
0,0,5.859152317047119,0,5ab997ad554299131ca4238c,1.0,2,3,2,
0,0,5.930982351303101,0,5a73987c55429978a71e9039,0.0,0,3,8,
0,0,12.832875490188599,1,5a901d6c5542995651fb50bd,0.0,0,6,6,
0,0,6.250954627990723,0,5ae237ac554299492dc91be1,0.0,0,3,21,
0,0,6.0594305992126465,0,5a7f18a35542994959419aa6,0.3333333333333333,2,3,6,
0,0,7.933381080627441,0,5a79f37a5542996a35c17045,0.0,0,3,9,
0,0,6.014111280441284,0,5a792f3e554299029c4b5f20,0.0,0,3,2,
0,0,5.989625930786133,0,5ae7cb575542997ec27276ea,0.0,0,3,3,
0,0,6.154237985610962,0,5ab2a308554299340b52553b,0.6666666666666666,2,3,3,
0,0,6.088464736938477,0,5a7e72dd55429949594199bf,0.16666666666666666,1,3,6,
0,0.08333333333333334,6.993851184844971,0,5a8f84505542992414482aef,0.0,0,3,3,
0,0,6.122982740402222,0,5abc030e554299642a094bdc,0.0,0,3,8,
0,0,6.221717119216919,0,5add6cf45542992ae4cec55f,0.0,0,3,1,
0,0,6.071207761764526,0,5ae7e9af5542994a481bbe0e,0.0,0,3,5,
0,0,6.016174077987671,0,5a88651b55429938390d3f45,0.0,0,3,6,
0,0,6.200977087020874,0,5a74f3f55542993748c8974b,0.0,0,3,5,
0,0,6.10296368598938,0,5a8f608d5542992414482a94,0.2857142857142857,2,3,7,
0,0,6.338143825531006,0,5a831fcc55429940e5e1a96a,0.0,0,3,9,
0,0,6.143382549285889,0,5ac1a4ed5542994d76dcce90,0.0,0,3,6,
0,0,6.168932676315308,0,5a874ec35542994846c1cd57,0.0,0,3,3,
0,0,6.247732639312744,0,5ae07e5b55429945ae959381,0.0,0,3,5,
0,0,12.276941537857056,1,5a7137dc5542994082a3e68a,0.0,0,6,2,
0,0.1111111111111111,5.932911396026611,0,5a89fea655429970aeb701eb,0.0,0,3,1,
0,0,7.833820581436157,0,5ae234005542994d89d5b392,0.0,0,3,3,
0,0,5.771575212478638,0,5ab4ec2755429942dd415fa6,0.0,0,3,9,
0,0,5.696855783462524,0,5a72d3525542991f9a20c5ab,0.0,0,3,6,
0,0,5.8804802894592285,0,5ae1d1a55542997f29b3c138,0.0,0,3,6,
0,0,5.856084823608398,0,5a8b397955429971feec4674,1.0,1,3,1,
0,0,6.2393763065338135,0,5ab84de95542990e739ec8b4,0.0,0,3,3,
0,0,6.032073497772217,0,5adbdc8a55429944faac238e,0.3333333333333333,1,3,3,
0,0,6.19063925743103,0,5a88981c554299206df2b307,0.25,1,3,4,
0,0,5.9579243659973145,0,5ac2943a55429921a00aafce,0.0,0,3,3,
0,0,5.901598930358887,0,5a89ddf25542992e4fca83ff,0.0,0,3,4,
0,0,13.068357467651367,1,5ae18ae6554299234fd04289,0.6666666666666666,2,6,3,
0,0,6.2531726360321045,0,5adfb4b8554299603e418381,0.0,0,3,3,
0,0,6.122771978378296,0,5a8b7dab5542997f31a41d4c,0.0,0,3,6,
0,0,6.224693298339844,0,5ae361d15542990afbd1e126,0.0,0,3,5,
0,0,6.285747528076172,0,5a804032554299485f5985a0,0.0,0,3,5,
0,0,6.079776763916016,0,5a7d215255429909bec76979,0.0,0,3,4,
0,0,7.2974159717559814,0,5ae203d6554299234fd04394,1.0,1,3,1,
0,0,6.204619407653809,0,5adea61155429939a52fe922,0.0,0,3,4,
0,0,7.940516948699951,0,5ab6e6c7554299710c8d1fa4,0.0,0,3,7,
0,0,6.087393760681152,0,5ae16d9655429920d52343ce,0.0,0,3,5,
0,0,107.69825911521912,5,5ae28058554299495565da90,0.0,0,18,6,
0,0.0392156862745098,40.894320011138916,5,5a827e8455429940e5e1a8dd,0.0,0,18,3,
0,0,42.431880235672,5,5adcb7eb5542994ed6169bd0,0.0,0,18,2,
0,0,48.15503907203674,5,5a76f22055429972597f13fa,0.0,0,18,1,
0,0,46.16987133026123,5,5ac281e355429963665199eb,0.0,0,18,5,
,,,,5abdd0f15542991f6610604d,,,,,Ollama request exceeded timeout limit for model stable-qwen with error: timed out
0,0,41.22071099281311,5,5add1eed5542992ae4cec485,0.0,0,18,3,
0,0,39.79088568687439,5,5adc126f5542996e685252c5,0.5,1,18,2,
0,0,41.40407133102417,5,5a7d1765554299452d57bade,0.3333333333333333,1,18,3,
0,0.031746031746031744,43.75622510910034,5,5a7cdf89554299683c1c63b0,0.0,0,18,5,
0,0,19.931326150894165,2,5a8f5be9554299458435d5ed,0.0,0,9,4,
0,0,7.3633270263671875,0,5ae4b55455429913cc2044db,0.25,1,3,4,
0,0,7.326878547668457,0,5a89e98955429946c8d6ea0c,0.0,0,3,3,
0,0,6.448472261428833,0,5a8a03245542992e4fca84d5,0.0,0,3,2,
0,0,6.250917673110962,0,5ae4be5455429960a22e019c,0.25,1,3,4,
0,0,6.409988641738892,0,5add44c25542997545bbbd0a,0.0,0,3,4,
0,0,6.363697052001953,0,5a72a6d855429901807daf27,0.5,1,3,2,
0,0,6.3163135051727295,0,5ade949b5542997c77adee63,0.0,0,3,2,
0,0,6.438846826553345,0,5adc0644554299438c868d08,0.0,0,3,3,
0,0,6.34559965133667,0,5a8d5ec2554299585d9e37c4,0.0,0,3,3,
0,0,6.543125867843628,0,5adf5daf5542995534e8c79d,0.0,0,3,5,
0,0,4.285667657852173,1,5ae64ad25542995703ce8b4f,0.0,0,3,5,
0,0,6.30293869972229,0,5abba4b4554299642a094af3,0.5,2,3,4,
0,0,6.474269866943359,0,5a801e845542992097ad2fd9,0.0,0,3,4,
0,0,14.38107419013977,1,5ae39f405542991a06ce9a02,0.0,0,6,2,
0,0,6.6058642864227295,0,5ae2e0fd55429928c4239524,0.0,0,3,7,
0,0,0.2476487159729004,0,5ac0d732554299294b219030,,,,,
0,0,4.19057297706604,1,5ae54bbd5542990ba0bbb262,0.4,2,3,5,
0,0,6.3959760665893555,0,5a8637415542994775f60724,0.0,0,3,6,
0,0,6.731928586959839,0,5a7621bb554299109176e650,0.0,0,3,4,
0,0,6.419731378555298,0,5ac3a47f554299391541386d,0.5,1,3,2,
0,0,6.308680772781372,0,5a89b8f0554299669944a580,0.0,0,3,3,
0,0,6.551130771636963,0,5ab870ee5542990e739ec8f6,0.0,0,3,3,
0,0,6.3302202224731445,0,5ac15f6c5542994d76dccdf3,0.0,0,3,5,
0,0,6.318398714065552,0,5a8c6342554299240d9c214a,0.0,0,3,9,
0,0,6.607545614242554,0,5adcbc645542994d58a2f6b6,0.0,0,3,3,
0,0,6.371896028518677,0,5aba7fd055429955dce3ee5e,0.0,0,3,4,
0,0,6.455278396606445,0,5ac270e05542992f1f2b38c9,0.0,0,3,10,
0,0,6.381098747253418,0,5ab64cfa55429953192ad2b7,0.0,0,3,2,
0,0,6.456361293792725,0,5ac39844554299741d48a2ac,0.0,0,3,5,
0,0,6.421924352645874,0,5a8b84875542995d1e6f13d7,0.0,0,3,3,
0,0,6.348975419998169,0,5a8bd2f95542997f31a41dd2,0.16666666666666666,1,3,6,
0,0,6.419881582260132,0,5a7f39d055429934daa2fd2a,0.0,0,3,2,
0,0,6.300760269165039,0,5a7a49d85542994f819ef1bc,0.0,0,3,3,
0,0,8.208064079284668,0,5abd573c55429924427fcfb7,0.0,0,3,2,
0,0,6.31779146194458,0,5addffa75542992200553bdc,0.5,1,3,2,
0,0,6.560495615005493,0,5ab613985542992aa134a418,0.0,0,3,3,
0,0,13.458389043807983,1,5ac09d265542992a796ded39,0.0,0,6,7,
0,0,6.4224019050598145,0,5a904b0c5542995651fb510e,0.0,0,3,2,
0,0,6.360132217407227,0,5abda6e955429965af743d9b,0.0,0,3,2,
0,0,4.404881477355957,1,5abcee275542993a06baf9af,0.16666666666666666,1,3,6,
0,0.04878048780487806,6.307628870010376,0,5a8484495542997175ce1ee8,0.0,0,3,3,
0,0,6.321967840194702,0,5ab852c05542990e739ec8c5,0.0,0,3,6,
0,0,13.14608883857727,1,5ac3a0db554299391541383a,0.0,0,6,5,
0,0,6.49038553237915,0,5a8cea40554299441c6b9f76,0.3333333333333333,1,3,3,
0,0,6.343409538269043,0,5ac3d68f554299076e296ca6,0.2,1,3,5,
0,0.12500000000000003,4.392543792724609,1,5ab969ca55429970cfb8eac9,0.0,0,3,4,
0,0,6.553953170776367,0,5ac1a6bf5542991316484b8d,0.0,0,3,3,
0,0,6.367056131362915,0,5a8f4d895542992414482a2d,0.0,0,3,2,
0,0,6.835334062576294,0,5a84de255542991dd0999e06,0.0,0,3,8,
0,0,13.892492532730103,1,5adf3feb5542993a75d2644c,0.0,0,6,5,
0,0,6.260179758071899,0,5ab3c48755429969a97a81b8,0.0,0,3,4,
0,0,6.19877815246582,0,5a83093c55429966c78a6b01,0.0,0,3,5,
0,0,4.15749979019165,1,5ae5fb2d554299546bf82ff5,0.3333333333333333,2,3,6,
0,0,6.303627252578735,0,5add24375542992c1e3a2542,0.0,0,3,4,
0,0,6.470016717910767,0,5ac3ba1855429939154138f3,1.0,1,3,1,
0,0,6.367155075073242,0,5ab46a0f5542990594ba9c1b,0.0,0,3,4,
0,0,6.315173387527466,0,5a7f40055542992e7d278cc0,0.0,0,3,1,
0,0,6.444735765457153,0,5a865e8a55429960ec39b67a,0.2,1,3,5,
0,0,6.4121973514556885,0,5abb326055429966062416e7,0.0,0,3,3,
0,0,6.58551025390625,0,5ab545d3554299494045ef5c,0.0,0,3,4,
0,0,6.364235877990723,0,5a74cfc75542996c70cfadfe,1.0,1,3,1,
0,0,6.508858919143677,0,5ae0b82855429906c02daaff,0.3333333333333333,1,3,3,
0,0,6.341696739196777,0,5ae1a7c8554299234fd042b0,0.3333333333333333,1,3,3,
0,0,6.396102666854858,0,5a7c99d555429935c91b5254,0.0,0,3,3,
0,0.11764705882352941,4.52602219581604,1,5a8b7ca65542997f31a41d49,0.0,0,3,1,
0,0,6.340467929840088,0,5a86141f5542996432c571a5,0.0,0,3,3,
0,0,6.541121006011963,0,5abe87cb5542993f32c2a156,0.3333333333333333,1,3,3,
0,0,6.402292251586914,0,5a78eff155429974737f790a,0.0,0,3,5,
0,0,8.089784383773804,0,5a8b84905542997f31a41d5d,0.0,0,3,6,
0,0,6.238101005554199,0,5abecdf45542997719eab5d4,0.0,0,3,3,
0,0,6.312423467636108,0,5abbf8bc5542993f40c73c35,0.0,0,3,1,
0,0,12.200585842132568,1,5abace6b5542996cc5e49e99,0.0,0,6,7,
0,0,6.559069871902466,0,5adfb790554299603e418389,0.0,0,3,3,
0,0,6.338327884674072,0,5ac11ee45542997d64295a7d,0.0,0,3,4,
0,0,6.380974531173706,0,5a7e1b7155429965cec5ea6c,0.2,1,3,5,
0,0,6.438981294631958,0,5a89f58f5542992e4fca84af,0.0,0,3,8,
0,0,6.378565311431885,0,5add2dae5542992c1e3a2558,0.0,0,3,4,
0,0,6.622671604156494,0,5abce1fa5542993a06baf993,0.0,0,3,1,
0,0,12.999890089035034,1,5a89e47f5542992e4fca8457,0.0,0,6,1,
0,0,6.596498012542725,0,5ae658855542992ae0d162e3,0.0,0,3,4,
0,0,6.468065500259399,0,5ae69cfe55429908198fa65f,0.09090909090909091,1,3,11,
0,0,6.628586053848267,0,5a7e689f55429934daa2fc1c,0.25,1,3,4,
0,0,6.550480127334595,0,5a886364554299206df2b24b,0.0,0,3,3,
0,0,6.571080207824707,0,5a7a70b355429941d65f2647,0.5,1,3,2,
0,0,5.790323734283447,1,5a7335b55542992359bc3290,0.0,0,3,5,
0,0,6.451035022735596,0,5a78b3f7554299148911f94c,0.2,1,3,5,
0,0,6.3553667068481445,0,5a80a25d5542995d8a8ddfb7,0.5,1,3,2,
0,0,6.255401849746704,0,5a8f25175542997ba9cb31ea,0.0,0,3,5,
0,0,6.413402080535889,0,5adeacf955429975fa854f66,0.0,0,3,6,
0,0,6.468878746032715,0,5ab28156554299449642c8ce,0.0,0,3,4,
0,0,6.234304428100586,0,5a84d71c5542997b5ce3ff75,0.0,0,3,4,
0,0,6.538527727127075,0,5a810506554299260e20a202,0.0,0,3,3,
0,0,6.4637579917907715,0,5ab5279d5542996a3a96a03f,0.2,1,3,5,
0,0.04255319148936171,6.545791864395142,0,5ae1cb04554299234fd042fd,0.0,0,3,2,
0,0,6.21734094619751,0,5a90b3c65542990a984936b7,0.0,0,3,4,
0,0,6.570280075073242,0,5a8dff3f5542995085b37370,0.0,0,3,2,
0,0,6.442516565322876,0,5ab3fa095542992ade7c6f0a,0.5,1,3,2,
0,0,34.34789037704468,4,5a76a8bb5542993569682c76,0.0,0,15,3,
0,0,6.355069398880005,0,5ae1f2f3554299234fd0435a,0.0,0,3,4,
0,0,6.294482231140137,1,5ab42f3c55429942dd415ebc,0.0,0,3,3,
0,0.09523809523809523,6.780810117721558,0,5ab726415542993667793f52,0.0,0,3,4,
0,0,6.675501823425293,0,5a77767a55429967ab10519b,0.0,0,3,5,
0,0,6.48770546913147,0,5a89f90a5542992e4fca84be,0.0,0,3,4,
0,0,6.596511602401733,0,5ab48a7c5542991751b4d7ab,0.0,0,3,5,
0,0,6.490651607513428,0,5a7e02b75542997cc2c474f3,0.0,0,3,2,
0,0,6.441197156906128,0,5a773e3955429972597f14c9,0.0,0,3,3,
0,0,6.642096757888794,0,5ae0036a55429942ec259bdf,0.0,0,3,5,
0,0,6.585242986679077,0,5a8bd4d65542997f31a41dd8,0.0,0,3,8,
0,0,6.631187677383423,0,5ab87fa255429934fafe6e00,0.0,0,3,3,
0,0,6.476707696914673,0,5abeab375542990832d3a091,0.0,0,3,3,
0,0,6.522333860397339,0,5a793f505542994bb9456fd1,0.0,0,3,1,
0,0,6.522279739379883,0,5a7d1d825542995ed0d165f5,0.0,0,3,4,
0,0,6.499619722366333,0,5ae5be86554299546bf82f40,0.0,0,3,6,
0,0,6.7008466720581055,0,5a8208ee5542990a1d231f1e,0.0,0,3,4,
0,0,6.437700033187866,0,5ab73b2e5542993667793f9b,0.0,0,3,5,
0,0,6.555582046508789,0,5adc8d4f554299473435373d,0.25,1,3,4,
0,0,6.541828155517578,0,5abac27855429966062415ff,0.3333333333333333,1,3,3,
0,0,6.555851697921753,0,5ae4869755429970de88d99a,0.0,0,3,4,
0,0,8.374856948852539,0,5ae202f2554299234fd0438d,0.0,0,3,4,
0,0,6.326074123382568,0,5a84c6df5542997b5ce3ff61,0.0,0,3,1,
0,0,6.500370025634766,0,5ac292175542996366519a14,0.0,0,3,4,
0,0,6.342097043991089,0,5a77a4fd5542997042120abc,0.0,0,3,2,
0,0,6.447773694992065,0,5a85fb5e5542994775f606df,0.0,0,3,2,
0,0,6.545089483261108,0,5a908aaa55429933b8a20545,0.0,0,3,1,
0,0,6.474672079086304,0,5ae74fb95542991e8301cc57,0.0,0,3,4,
0,0,6.5880608558654785,0,5ae7b271554299540e5a564d,0.0,0,3,5,
0,0,6.540364503860474,0,5ab514dc5542990594ba9cfa,1.0,1,3,1,
0,0,6.67153525352478,0,5abb93275542993f40c73b3c,0.0,0,3,3,
0,0,43.07775688171387,5,5ac02835554299294b218f2e,0.0,0,18,3,
0,0,20.565128564834595,2,5ae5df84554299546bf82fa8,0.0,0,9,2,
0,0,8.311450004577637,0,5ae7db435542993210983f9a,0.6666666666666666,2,3,3,
0,0,6.482831954956055,0,5a7c827e55429907fabeefa7,0.0,0,3,4,
0,0,6.510498046875,0,5a7d2c8d5542995ed0d16624,0.0,0,3,4,
0,0,6.4365832805633545,0,5ac017945542997d642959bc,0.25,2,3,8,
0,0,6.442765951156616,0,5a739d8755429978a71e9048,0.0,0,3,5,
0,0,6.627299070358276,0,5ac300905542996773102682,0.0,0,3,4,
0,0,6.968726873397827,0,5a713b325542994082a3e6b5,0.3333333333333333,2,3,6,
0,0,6.440428256988525,0,5a808c215542995d8a8ddf90,0.0,0,3,2,
0,0,6.50233006477356,0,5a81028b55429938b614228a,0.0,0,3,6,
0,0,6.550137281417847,0,5a860642554299211dda2a3e,0.0,0,3,9,
0,0,6.615651607513428,0,5a90362f55429933b8a2049d,0.25,1,3,4,
0,0,6.495981693267822,0,5a829a7055429966c78a6a66,0.0,0,3,5,
0,0,6.710209369659424,0,5a7fd7a25542992e7d278dc3,0.0,0,3,3,
0,0,6.461125612258911,0,5a716f575542994082a3e82f,0.0,0,3,2,
0,0,6.697948217391968,0,5a8ec6fd55429917b4a5bdc1,0.0,0,3,6,
0,0,6.774365186691284,0,5a7f7ca25542994857a76747,0.0,0,3,3,
0,0,6.476409196853638,0,5ab5c263554299488d4d9a18,0.5,1,3,2,
0,0.046511627906976744,6.613782167434692,0,5ac19ff35542991316484b61,0.0,0,3,15,
0,0,21.11902403831482,1,5a7570a65542996c70cfaefd,0.0,0,6,6,
0,0,6.441070556640625,0,5a8a57fe55429930ff3c0da0,0.0,0,3,4,
0,0,6.384848117828369,0,5ac3ade05542995ef918c1e3,0.0,0,3,7,
0,0,6.583407402038574,0,5a7f2d3e5542993067513675,0.0,0,3,2,
0,0,6.623002529144287,0,5a7723ce55429966f1a36c9f,0.0,0,3,3,
0,0,6.592103004455566,0,5ab21c3b554299722f9b4cb4,1.0,1,3,1,
0,0,6.443803310394287,0,5ab492155542991779162ce3,0.0,0,3,3,
0,0,6.599830865859985,0,5a7568805542992db9473658,0.0,0,3,3,
0,0,6.481823444366455,0,5ae67fba5542996d980e7b9a,0.0,0,3,11,
0,0,6.483670711517334,0,5adc905e5542994d58a2f662,0.0,0,3,4,
0,0,6.5822906494140625,0,5abe49765542991f6610611f,0.14285714285714285,1,3,7,
0,0,6.547319412231445,0,5ab8494d55429916710eb016,0.2,1,3,5,
0,0,6.648686647415161,0,5a74872655429979e2882978,0.0,0,3,3,
0,0.047619047619047616,6.478284120559692,0,5a79b525554299029c4b5f67,0.0,0,3,5,
0,0,6.500240087509155,0,5ae7940c55429952e35ea984,1.0,1,3,1,
0,0,6.689110279083252,0,5a8712095542991e771816af,0.0,0,3,6,
0,0,6.603747367858887,0,5ac38c0755429939154137bb,0.3333333333333333,1,3,3,
0,0,6.714961767196655,0,5ab529005542996a3a96a045,0.0,0,3,3,
0,0,6.570948839187622,0,5a8787305542996e4f30882d,0.0,0,3,3,
0,0,8.351598501205444,0,5a894bea55429946c8d6e910,0.0,0,3,4,
0,0,44.56567907333374,5,5a7b1c745542992d025e6777,0.0,0,18,5,
0,0,43.082690715789795,5,5a79b495554299148911fa3b,0.0,0,18,3,
0,0,42.32109093666077,5,5aba3e3355429901930fa78c,0.0,0,18,4,
0,0,24.66416096687317,2,5a8307c055429966c78a6af9,0.0,0,9,3,
0,0,7.146904230117798,0,5abbb116554299642a094b1d,0.0,0,3,5,
0,0,7.188098669052124,0,5aba52e655429939ce03dc94,0.0,0,3,7,
0,0,7.152806043624878,0,5a7a3edd5542990783324ed9,0.0,0,3,6,
0,0,24.463053941726685,1,5a870a8e55429960ec39b707,0.0,0,6,4,
0,0,7.529856443405151,0,5ab736a65542992aa3b8c7db,0.0,0,3,3,
0,0,7.457137107849121,0,5ae3ff2d5542995dadf242a9,0.0,0,3,3,
0,0,7.466130018234253,0,5ae5415055429908b63265b7,1.0,2,3,2,
0,0,7.391817808151245,0,5ac413ca5542997ea680c9e9,0.0,0,3,5,
0,0,7.60590386390686,0,5a7322165542994cef4bc470,0.0,0,3,4,
0,0,7.89837646484375,0,5a828a7b55429954d2e2eb69,0.0,0,3,6,
0,0,7.46440577507019,0,5ab2421555429970612095cc,0.0,0,3,10,
0,0,7.4863996505737305,0,5ab28a87554299449642c8ec,0.0,0,3,5,
0,0,13.287396430969238,1,5a85f5115542991dd0999ed9,0.0,0,6,7,
0,0,8.333570957183838,0,5a73677455429901807db030,0.0,0,3,2,
0,0,6.585256338119507,0,5a7380e055429908901be2d6,0.0,0,3,5,
0,0,5.961790323257446,0,5a7a10755542996a35c170b1,0.0,0,3,5,
0,0,6.573194980621338,0,5abce85755429959677d6b3e,0.0,0,3,5,
0,0.04,6.690438747406006,0,5a807ceb554299485f598616,0.0,0,3,2,
0,0,6.602247953414917,0,5a77137455429972597f142a,0.3333333333333333,1,3,3,
0,0.04255319148936171,6.567845582962036,0,5ae3368b5542991a06ce995b,0.0,0,3,3,
0,0,39.73105978965759,5,5a84b6ed5542994c784dda18,0.0,0,18,5,
0,0,39.973119258880615,5,5adccdab5542994d58a2f6db,0.0,0,18,3,
0,0,39.98454213142395,5,5a8ac4dd5542992d82986f76,0.0,0,18,4,
0,0,12.454513311386108,1,5a79d8ec5542996c55b2dc7e,0.14285714285714285,1,6,7,
0,0,19.039182424545288,2,5ab2f88755429976abd1bbe0,0.0,0,9,2,
0,0,6.041663646697998,0,5ae610e55542995703ce8ae1,0.0,0,3,3,
0,0,6.193107604980469,0,5abbfbcf55429965836003cf,0.08333333333333333,1,3,12,
0,0,6.162681341171265,0,5a736f7c5542991f29ee2e18,0.0,0,3,3,
0,0,6.356412887573242,0,5a727ca45542994cef4bc2d8,0.0,0,3,3,
0,0,1.2083897590637207,0,5a7587705542992db9473674,,,,,
0,0,6.037217378616333,0,5ab915ad55429919ba4e239c,0.6666666666666666,2,3,3,
0,0,6.2091052532196045,0,5a9080275542995651fb5175,0.25,1,3,4,
0,0,6.091451644897461,0,5a778b345542992a6e59decf,0.0,0,3,2,
0,0,6.147312879562378,0,5ac3b9c5554299657fa2911b,0.0,0,3,5,
0,0,36.911638498306274,4,5ab2d3c5554299295394687a,0.0,0,15,3,
0,0,16.444616079330444,1,5a81a2705542990a1d231e30,0.0,0,6,3,
0,0,6.310837030410767,0,5a7dbc175542995ed0d1666b,0.25,1,3,4,
0,0,44.04247522354126,5,5a84a5dc5542992a431d1a82,0.0,0,18,2,
0,0,13.34857726097107,1,5ab3357d554299166977419d,0.0,0,6,5,
0,0,6.155916452407837,0,5abd4c6d5542993062266c47,0.0,0,3,6,
0,0,6.378517150878906,0,5ae1af14554299234fd042c4,0.0,0,3,3,
0,0,6.065639495849609,0,5a88f7855542993b751ca8da,0.0,0,3,5,
0,0,8.0098135471344,0,5adf0e7c5542992d7e9f9297,0.0,0,3,5,
0,0,6.141136646270752,0,5a77d2d25542992a6e59dfe2,0.0,0,3,2,
0,0,6.1839447021484375,0,5a7c90125542990527d554d1,0.0,0,3,4,
0,0,4.085052490234375,1,5adefcf15542995ec70e8f4c,0.0,0,3,5,
0,0,6.0816991329193115,0,5a73f4f75542993a88ae2ebc,0.0,0,3,2,
0,0,6.253032207489014,0,5ae1e8ab5542997283cd22ca,0.0,0,3,4,
0,0,6.055708169937134,0,5ae1408a55429901ffe4ae2a,0.0,0,3,7,
0,0,6.208964586257935,0,5a7b23d355429931da12c9f1,0.0,0,3,6,
0,0.07692307692307691,6.059732675552368,0,5a81adfc55429903bc27b9a4,0.0,0,3,1,
0,0,6.129757404327393,0,5a7716ee55429937353601cc,0.0,0,3,5,
0,0.07692307692307691,6.438181400299072,0,5a8fa20555429918e830d298,0.2,1,3,5,
0,0,6.307885408401489,0,5ae095f055429924de1b7103,0.0,0,3,3,
0,0,6.29024600982666,0,5ab72a035542993667793f5c,0.0,0,3,1,
0,0,6.166175842285156,0,5a8a09ff5542992d82986e6b,0.14285714285714285,1,3,7,
0,0,6.204813480377197,0,5ab822ef55429916710eafff,0.0,0,3,3,
0,0,13.934408903121948,1,5abd724b55429924427fcfd9,0.0,0,6,2,
0,0,6.904308795928955,0,5a8b7d7d5542997f31a41d4b,0.5,1,3,2,
0,0,0.6379735469818115,0,5ae4be5c5542995ad6573e3a,,,,,
0,0,6.982175350189209,0,5add3acb5542990dbb2f7ddc,0.0,0,3,1,
0,0,47.18090891838074,5,5abb23655542992ccd8e7f25,2.0,6,18,3,
0,0,29.86453104019165,3,5ae4a0ca5542995ad6573dcb,0.0,0,12,5,
0,0.06349206349206349,7.038811922073364,0,5ae535bc55429960a22e0260,0.0,0,3,4,
0,0,6.916444778442383,0,5a8d9573554299068b959d51,0.08333333333333333,1,3,12,
0,0,7.11134147644043,0,5ade279e5542992fa25da6fa,0.6666666666666666,2,3,3,
0,0,6.882935047149658,0,5a7f19eb55429934daa2fcdb,0.0,0,3,4,
0,0,6.964837551116943,0,5ade3af855429939a52fe867,0.0,0,3,4,
0,0,4.241933584213257,1,5adfecd755429942ec259b90,0.0,0,3,7,
0,0,6.898842096328735,0,5a7fc5875542992e7d278d67,0.0,0,3,2,
0,0,7.251528978347778,0,5ab428915542991751b4d6b2,0.3333333333333333,1,3,3,
0,0,6.861651420593262,0,5ae71f06554299572ea54708,0.0,0,3,3,
0,0,8.633657932281494,0,5ae12aa6554299422ee99617,0.0,0,3,3,
0,0,6.8544886112213135,0,5a89a82c5542993b751ca973,0.0,0,3,4,
0,0.03278688524590164,6.825982570648193,0,5a829c1d55429966c78a6a67,0.0,0,3,7,
0,0,41.1278076171875,5,5a7125165542994082a3e5d0,0.2,1,18,5,
0,0,39.09327030181885,5,5a79ecd05542996c55b2dca1,0.0,0,18,6,
0,0.06896551724137931,40.75864267349243,5,5a8edb5c55429917b4a5bde9,0.0,0,18,5,
0,0,37.96386742591858,5,5ac0cfb45542997d64295a58,0.0,0,18,4,
0,0,38.226948499679565,5,5abcffc2554299700f9d7951,0.0,0,18,1,
0,0,39.51318287849426,5,5ae634355542995703ce8b41,0.0,0,18,6,
0,0,37.70767617225647,5,5a832ad55542990548d0b1b5,0.0,0,18,5,
0,0,38.206658601760864,5,5a903b7f55429933b8a204af,0.5,1,18,2,
0,0,12.02730941772461,1,5a74b66a55429929fddd84cb,0.0,0,6,3,
0,0,39.8802433013916,5,5ac3aa3655429939154138a2,0.0,0,18,1,
0,0,32.010807514190674,4,5a7471f655429979e2882955,0.0,0,15,6,
0,0,18.33456563949585,2,5ae628fd5542995703ce8b33,0.0,0,9,6,
0,0,38.14788031578064,5,5ab2a1f35542997061209677,0.0,0,18,4,
0,0,5.697592496871948,0,5a84edf65542994c784dda8d,0.2,1,3,5,
0,0,39.01271939277649,5,5a7ae2f2554299042af8f6aa,1.0,1,18,1,
0,0,4.4464075565338135,1,5adbcc085542996e6852523c,0.0,0,3,6,
0,0,5.613545894622803,0,5ae127c9554299422ee99612,0.0,0,3,3,
0,0,30.915878534317017,4,5a7c17c95542990527d5544d,0.0,0,15,7,
0,0,18.46078133583069,2,5ae4d2a55542990ba0bbb161,0.0,0,9,6,
0,0,5.631133556365967,0,5ae200655542994d89d5b2f4,0.0,0,3,9,
0,0,5.713855028152466,0,5a72ba1a5542992359bc318b,0.2,1,3,5,
0,0,6.294876337051392,0,5ae489ab5542995ad6573d62,0.25,1,3,4,
0,0,5.702093124389648,0,5a8563c05542997b5ce3fff4,0.0,0,3,10,
0,0,7.439212799072266,0,5ae3b1ba5542992f92d82343,0.0,0,3,7,
0,0,5.6294543743133545,0,5ab29426554299545a2cf99f,0.0,0,3,14,
0,0,5.748889684677124,0,5a8d40715542994ba4e3dc3a,0.0,0,3,4,
0,0,5.656641483306885,0,5adfc35755429906c02daa30,0.0,0,3,2,
0,0,5.630898714065552,0,5a7f7e3a5542992097ad2f89,0.0,0,3,5,
0,0,6.167433738708496,0,5a86ea445542994775f60780,0.0,0,3,10,
0,0,5.648232936859131,0,5ab56200554299494045ef88,0.4,2,3,5,
0,0,5.757106065750122,0,5ae0380955429925eb1afc2e,0.0,0,3,3,
0,0,5.698305368423462,0,5ab875bd55429916710eb062,0.0,0,3,2,
0,0,5.6595399379730225,0,5abfa0285542990832d3a171,0.0,0,3,4,
0,0,5.876792669296265,0,5a7fb23f5542994857a767be,0.0,0,3,5,
0,0,5.701848745346069,0,5a7a34bf5542994f819ef151,0.0,0,3,8,
0,0,5.796388864517212,0,5a77a3905542992a6e59df40,0.0,0,3,7,
0,0.3333333333333333,5.690130710601807,0,5ae3d6bd5542991a06ce9a2b,0.0,0,3,3,
0,0,5.80043625831604,0,5a8b98665542995d1e6f1413,0.0,0,3,5,
0,0,5.652719736099243,0,5a8bbddf5542997f31a41db2,0.0,0,3,6,
0,0,5.619027853012085,0,5a7e6df35542997cc2c47544,0.0,0,3,4,
0,0,12.866692543029785,1,5ae2fffe55429928c423959c,0.0,0,6,4,
0,0,7.423473834991455,0,5ae721885542996d980e7cba,0.0,0,3,7,
0,0,5.607234954833984,0,5a77ca3955429967ab1052a3,0.0,0,3,5,
0,0,5.5649573802948,0,5ac0d1555542997d64295a5d,0.0,0,3,2,
0,0,5.790453195571899,0,5ae685fd5542996d980e7bda,0.0,0,3,1,
0,0,5.732221603393555,0,5ae141475542997b2ef7d185,0.0,0,3,7,
0,0,5.7883620262146,0,5a862974554299211dda2a95,0.0,0,3,6,
0,0,5.688127279281616,0,5ab9b1fd5542996be202058e,0.0,0,3,3,
0,0,5.730008125305176,0,5a8c78a8554299585d9e36bc,0.0,0,3,3,
0,0,5.670923709869385,0,5a77769e5542997042120a65,0.5,2,3,4,
0,0,5.70331883430481,0,5a78f59755429970f5fffdf8,0.0,0,3,5,
0,0,5.961631774902344,0,5a7bb983554299042af8f7c1,0.0,0,3,4,
0,0,5.601479530334473,0,5abea98d5542990832d3a07d,0.0,0,3,3,
0,0,5.8141608238220215,0,5a86f204554299211dda2b60,0.0,0,3,6,
0,0,5.647074937820435,0,5ac1846d55429964131be20b,0.0,0,3,3,
0,0,5.652412414550781,0,5a8eb63455429917b4a5bdb7,0.0,0,3,4,
0,0,5.818197250366211,0,5a8591715542994c784ddb27,0.0,0,3,3,
0,0,5.6903910636901855,0,5a84c6e65542994c784dda48,0.2,1,3,5,
0,0,5.793720960617065,0,5abdb9775542993f32c2a01b,0.0,0,3,6,
0,0,5.731300592422485,0,5a877df15542993e715abf7a,0.0,0,3,6,
0,0,7.445589065551758,0,5a808f96554299485f598655,0.0,0,3,7,
0,0,6.048688173294067,0,5a89df265542992e4fca840d,0.0,0,3,3,
0,0,5.603594064712524,0,5a7a73e45542996c55b2ddb6,0.0,0,3,5,
0,0,5.795218467712402,0,5ae50eff55429908b6326500,0.0,0,3,3,
0,0,5.5548179149627686,0,5ae16ea85542990adbacf790,0.2,1,3,5,
0,0,11.339416265487671,1,5ae657d55542995703ce8b5b,0.5,1,6,2,
0,0,5.641364574432373,0,5a8c42445542996e8ac88a3f,0.0,0,3,2,
0,0,5.813784837722778,0,5a82a1ae55429954d2e2eb89,0.0,0,3,6,
0,0,5.675471544265747,0,5add292b5542990d50227e0a,0.0,0,3,3,
0,0,5.821244955062866,0,5a7cc9db55429907fabef036,1.0,2,3,2,
0,0,6.14434027671814,0,5a7b735c5542997c3ec9718a,0.25,1,3,4,
0,0,5.784135818481445,0,5ac213805542992f1f2b37e7,0.0,0,3,10,
0,0,5.7916131019592285,0,5ae72c7d5542991e8301cb91,0.3333333333333333,1,3,3,
0,0,5.789996385574341,0,5a711bb55542994082a3e597,0.2,1,3,5,
0,0,5.806727886199951,0,5ae684925542995703ce8b71,0.0,0,3,9,
0,0,5.642519235610962,0,5a7283355542991f9a20c4b1,0.0,0,3,3,
0,0,5.803008794784546,0,5a7557d75542992d0ec05f68,0.0,0,3,3,
0,0,5.710679292678833,0,5a75227955429929fddd8508,0.0,0,3,4,
0,0,7.484602689743042,0,5abc0e095542996583600417,0.5,1,3,2,
0,0,12.909101009368896,1,5a8e00515542995a26add454,0.0,0,6,8,
0,0,5.673303127288818,0,5ae75c395542991bbc9761f7,0.0,0,3,4,
0,0,5.565992593765259,0,5ae43d7f5542996836b02c59,0.0,0,3,5,
0,0,5.7080113887786865,0,5a8ccceb554299653c1aa128,0.0,0,3,6,
0,0,5.587469100952148,0,5adf95745542995534e8c7f8,0.5,2,3,4,
0,0,5.717910051345825,0,5ac473e4554299204fd21f54,0.0,0,3,3,
0,0,0.4639580249786377,0,5ae1f3df554299234fd04364,,,,,
0,0,5.776978254318237,0,5ade86b255429939a52fe8e0,0.5,1,3,2,
0,0,5.623090028762817,0,5ab48bab5542991779162cd3,0.0,0,3,5,
0,0,5.823526382446289,0,5a7458ff55429979e2882918,0.2,1,3,5,
0,0,5.626217365264893,0,5a8ea03e5542990e94052b81,0.5,2,3,4,
0,0,5.697961330413818,0,5ae1e22a5542997f29b3c160,0.0,0,3,5,
0,0,5.82239842414856,0,5abe364e5542993f32c2a08e,0.25,1,3,4,
0,0.2,4.15619969367981,1,5a8f44135542992414482a24,0.1111111111111111,1,3,9,
0,0,5.826639890670776,0,5a7a1e635542990783324e69,0.2,1,3,5,
0,0,5.621850490570068,0,5a752fb75542993748c897df,0.0,0,3,3,
0,0,4.204730272293091,1,5a7793275542992a6e59df04,0.0,0,3,3,
0,0,7.3402628898620605,0,5ae2b794554299495565db10,0.0,0,3,5,
0,0,5.587865114212036,0,5a86e6f65542994775f6077c,0.0,0,3,4,
0,0,5.665771245956421,0,5a77d4eb55429949eeb29f74,0.0,0,3,2,
0,0,5.492639541625977,0,5a8126265542995ce29dcbc9,0.0,0,3,4,
0,0,6.064011096954346,0,5a8182e255429938b614234d,0.0,0,3,3,
0,0,5.620518207550049,0,5ac27d2555429963665199dc,0.6666666666666666,2,3,3,
0,0,5.589826583862305,0,5adee8ff55429975fa854fb8,0.0,0,3,1,
0,0,5.758216142654419,0,5a7730015542994aec3b7210,0.25,1,3,4,
0,0,5.670207977294922,0,5a8b45765542995d1e6f1333,0.0,0,3,5,
0,0,56.80115008354187,1,5ae72a975542991e8301cb75,0.0,0,6,4,
0,0,5.738871335983276,0,5ade3e69554299728e26c68d,0.0,0,3,6,
0,0,5.656615972518921,0,5ae3d0bb5542990afbd1e1e5,0.2,1,3,5,
0,0,5.716348171234131,0,5abfa0be5542990832d3a173,0.0,0,3,2,
0,0,5.767473459243774,0,5a7ca98f55429935c91b5288,0.0,0,3,8,
0,0,5.706681728363037,0,5a7776b955429967ab10519e,0.0,0,3,3,
0,0,5.738275527954102,0,5a7b72e15542997c3ec97187,0.0,0,3,2,
0,0,34.31507611274719,4,5a7fb7985542994857a767d2,0.0,0,15,4,
0,0,12.150943994522095,1,5ab56ed0554299637185c597,0.0,0,6,8,
,,,,5ae09d6155429945ae9593d4,,,,,Ollama request exceeded timeout limit for model stable-qwen with error: timed out
0,0,39.92378902435303,5,5ae2c6bf554299492dc91c6c,0.0,0,18,2,
0,0,38.953779458999634,5,5abdf68c5542993f32c2a06b,0.0,0,18,5,
0,0,39.639848470687866,5,5a7fe0b55542994857a76818,0.0,0,18,5,
0,0.06666666666666667,39.0667519569397,5,5adcad175542994ed6169bc3,0.0,0,18,3,
0,0,38.03422999382019,5,5a7c220b5542990527d5545c,0.0,0,18,4,
0,0,39.527732133865356,5,5ab96d405542996be20204de,0.0,0,18,3,
0,0,40.91636538505554,5,5a7149cf5542994082a3e773,0.5,2,18,4,
0,0,38.47228193283081,5,5a7616755542992d0ec06028,0.5,2,18,4,
0,0,41.61886167526245,5,5ac1a9cc5542994ab5c67dc0,0.0,0,18,2,
0,0,38.6024489402771,5,5ac45b23554299204fd21f31,0.0,0,18,2,
0,0,38.56727170944214,5,5ab9560855429970cfb8ea73,0.0,0,18,1,
0,0,39.95918321609497,5,5a84f06f5542994c784dda92,0.25,1,18,4,
0,0,24.663730144500732,3,5adf6a5c5542995ec70e8ff9,0.0,0,12,11,
0,0,5.769411325454712,0,5ac03b395542992a796decce,0.0,0,3,3,
0,0.22222222222222224,5.691317558288574,0,5ab4071955429976abd1bd38,0.0,0,3,6,
0,0,4.242702960968018,1,5a85cd295542997175ce202b,0.0,0,3,3,
0,0,5.689410448074341,0,5a86ed6155429960ec39b6d9,0.0,0,3,6,
0,0,5.846688508987427,0,5a90bb4e55429916514e7536,0.0,0,3,2,
0,0,5.762372970581055,0,5ac257fe55429951e9e68562,0.0,0,3,7,
0,0,5.867490291595459,0,5a90ba1b55429933b8a205c6,0.0,0,3,2,
0,0,5.697791814804077,0,5aba94e355429901930fa845,0.0,0,3,6,
0,0,5.691085577011108,0,5ae1f2d4554299234fd04358,0.0,0,3,3,
0,0,5.787802457809448,0,5a75462d5542996c70cfaed3,0.0,0,3,1,
0,0,5.773473501205444,0,5ae0ac1c5542993d6555ec07,0.0,0,3,1,
0,0,5.864158630371094,0,5adc6f6255429947ff173961,0.0,0,3,3,
0,0,5.6784961223602295,0,5a8756aa5542994846c1cd69,0.0,0,3,2,
0,0,7.569114923477173,0,5ab8736455429916710eb058,0.0,0,3,2,
0,0,5.631933927536011,0,5ae0fe4e554299422ee995a9,0.2222222222222222,2,3,9,
0,0,5.9440598487854,0,5a878d795542993e715abf9d,0.0,0,3,9,
0,0,5.7434868812561035,0,5a7781c955429949eeb29ea8,0.0,0,3,4,
0,0,5.615828514099121,0,5a8d51355542994ba4e3dc6b,0.0,0,3,5,
0,0,5.895018100738525,0,5a70f6425542994082a3e44c,0.25,1,3,4,
0,0,5.704666614532471,0,5aba7e2c55429955dce3ee5a,0.0,0,3,5,
0,0.2,5.7191901206970215,0,5a7c651a55429935c91b5188,0.25,1,3,4,
0,0,5.917644262313843,0,5a81ca0d5542990a1d231ebb,0.0,0,3,5,
0,0,5.7577972412109375,0,5a825da055429954d2e2eb17,0.5,1,3,2,
0,0,5.8798768520355225,0,5a73630655429901807db020,0.0,0,3,2,
0,0,5.751389503479004,0,5a77aa095542995d83181260,0.0,0,3,1,
0,0,11.897095918655396,1,5ab97cd0554299753720f81a,0.0,0,6,3,
0,0,5.764829635620117,0,5a84de5f5542991dd0999e07,0.0,0,3,5,
0,0,5.90702223777771,0,5ae06ee755429945ae959352,0.0,0,3,4,
0,0,5.734140872955322,0,5ab84bab55429934fafe6d49,0.0,0,3,2,
0,0,0.45064878463745117,0,5ae6793e5542991bbc9760e2,,,,,
0,0,5.948107957839966,0,5a81418455429903bc27b95f,0.0,0,3,10,
0,0,7.3046276569366455,0,5adc872b5542994d58a2f62f,0.3333333333333333,2,3,6,
0,0,5.686324119567871,0,5ae81b895542997ec272770c,0.3333333333333333,1,3,3,
0,0,5.825475215911865,0,5a7e910a554299306751357f,0.0,0,3,3,
0,0,5.760984182357788,0,5a8f75e6554299458435d635,0.0,0,3,5,
0,0,5.794358730316162,0,5a7e040f5542990b8f503b13,0.0,0,3,3,
0,0,5.937745571136475,0,5addb1515542995b365fab60,0.0,0,3,4,
0,0,5.677126407623291,0,5ab80bbf5542991d32223818,0.0,0,3,4,
0,0,5.8558032512664795,0,5a848a685542997b5ce3feae,0.0,0,3,4,
0,0,5.878196954727173,0,5ab6238e554299710c8d1e6d,0.0,0,3,2,
0,0,5.86063814163208,0,5ab92307554299753720f72d,0.0,0,3,2,
0,0,5.687148809432983,0,5abba3b1554299642a094aed,0.0,0,3,2,
0,0,5.824744939804077,0,5a8173fa554299260e20a28e,0.0,0,3,4,
0,0,5.75028133392334,0,5a8caf1d554299585d9e3720,0.0,0,3,3,
0,0,5.695045232772827,0,5ac132a755429964131be17c,0.0,0,3,4,
0,0,4.230663299560547,1,5ae675245542991bbc9760dc,0.0,0,3,4,
0,0,5.733489036560059,0,5a80b0565542996402f6a5f0,0.0,0,3,6,
0,0,5.784363269805908,0,5adde3a45542997545bbbdc2,0.1,1,3,10,
0,0,5.7010369300842285,0,5ac26b7f55429951e9e685ae,0.2,1,3,5,
0,0,5.71237587928772,0,5adf39295542992d7e9f92df,0.0,0,3,2,
0,0,7.4898765087127686,0,5abc19705542993a06baf86e,0.0,0,3,3,
0,0,5.706546783447266,0,5ae6914755429908198fa627,0.0,0,3,5,
0,0,5.773523330688477,0,5adc9b7a5542994d58a2f679,0.0,0,3,4,
0,0,5.60476016998291,0,5a721dfd55429971e9dc928b,0.5,1,3,2,
0,0,5.7493720054626465,0,5a8b50475542997f31a41cd4,0.0,0,3,3,
0,0,5.6079185009002686,0,5a860aa6554299211dda2a45,0.0,0,3,2,
0,0,5.670284032821655,0,5ae4585c5542996836b02c89,0.0,0,3,8,
0,0,17.237895011901855,2,5adfcb5455429906c02daa48,1.5,3,9,2,
0,0,13.39012622833252,1,5a77a41a5542997042120ab9,0.0,0,6,4,
0,0,5.888841867446899,0,5a8759395542994775f607e0,0.0,0,3,4,
0,0,5.805341005325317,0,5a84992e5542992a431d1a6d,0.0,0,3,3,
0,0,6.302465915679932,0,5ac1bce45542994ab5c67def,0.0,0,3,3,
0,0,5.764460802078247,0,5ac0641f554299294b218fbe,0.3333333333333333,1,3,3,
0,0,5.9370293617248535,0,5a87954f5542996e4f308856,0.0,0,3,5,
0,0,5.7898406982421875,0,5a8bc03d5542996e8ac88a0b,0.0,0,3,6,
0,0,5.771122694015503,0,5ab8869155429916710eb081,0.3333333333333333,1,3,3,
0,0,7.729259014129639,0,5adde17f5542992200553b87,0.3333333333333333,1,3,3,
0,0,5.876899719238281,0,5a776ac75542993569682d9b,0.16666666666666666,1,3,6,
0,0,5.762191534042358,0,5ae70ed7554299572ea546a1,0.0,0,3,3,
0,0,5.655838489532471,0,5ae1fbf05542997f29b3c1e7,0.5,1,3,2,
0,0,5.725287437438965,0,5ac1c9a15542994ab5c67e1c,0.5,1,3,2,
0,0,5.863550901412964,0,5a77c8905542995d831812ce,0.0,0,3,4,
0,0,5.803757905960083,0,5a89f68f5542992e4fca84b6,0.0,0,3,2,
0,0,5.908142566680908,0,5a7f62405542992e7d278cf0,0.3333333333333333,1,3,3,
0,0,5.72708535194397,0,5a7ca4485542990527d554f1,0.0,0,3,4,
0,0,5.890570402145386,0,5a8347d65542996488c2e3f6,0.0,0,3,9,
0,0,5.758062362670898,0,5ab8634e5542990e739ec8de,0.42857142857142855,3,3,7,
0,0,5.735619068145752,0,5ab85e9e55429934fafe6d8b,0.0,0,3,2,
0,0,5.922580003738403,0,5a79c9c05542994bb94570a5,0.0,0,3,4,
0,0,11.530563116073608,1,5a8c616f5542995e66a475de,0.3333333333333333,1,6,3,
0,0,0.2888932228088379,0,5ab90fdd55429916710eb0fc,,,,,
0,0.2,12.499152660369873,1,5abe7f695542993f32c2a12d,0.0,0,6,8,
0,0,5.883125305175781,0,5abeb0da5542997ec76fd34b,0.0,0,3,4,
0,0,5.729913949966431,0,5a7521c55542993748c897c6,0.0,0,3,5,
0,0,7.480352878570557,0,5adfda5255429942ec259b5e,0.0,0,3,3,
0,0,5.652472257614136,0,5abaeda95542992ccd8e7e5d,0.0,0,3,2,
0,0,5.784409761428833,0,5ae68e0055429908198fa607,0.0,0,3,3,
0,0,5.7712953090667725,0,5a7577785542992d0ec05fa0,0.0,0,3,3,
0,0,5.73004674911499,0,5a7d147955429909bec76942,0.0,0,3,6,
0,0,5.813103437423706,0,5a83a2a15542993344746063,0.0,0,3,3,
0,0,5.747085332870483,0,5ac079e9554299294b218fff,0.0,0,3,3,
0,0,5.785006523132324,0,5adca8375542990d50227cd4,0.0,0,3,9,
0,0,5.705090045928955,0,5add4f3a5542997545bbbd2c,0.0,0,3,9,
0,0,5.675011873245239,0,5ae26cb15542994d89d5b421,0.0,0,3,6,
0,0,5.868056297302246,0,5a73cad5554299623ed4ac5e,0.0,0,3,5,
0,0,5.705518484115601,0,5ae0d5335542990adbacf674,0.0,0,3,2,
0,0,5.826239585876465,0,5ab344fc55429969a97a811e,0.5,1,3,2,
0,0,5.804154872894287,0,5ae1319c55429920d5234301,0.0,0,3,5,
0,0,5.8704750537872314,0,5abee41a5542993fe9a41d79,0.3333333333333333,2,3,6,
0,0,5.733846426010132,0,5a7daad55542995f4f4022b7,0.3333333333333333,1,3,3,
0,0,11.566182851791382,1,5a8ff6635542995651fb5086,0.16666666666666666,1,6,6,
0,0,5.849783420562744,0,5ae3c0cc5542992f92d82369,0.25,1,3,4,
0,0,7.497316837310791,0,5a8485fa5542992a431d1a41,0.0,0,3,1,
0,0,5.7075889110565186,0,5ae1389655429901ffe4ae05,0.0,0,3,4,
0,0,6.0843024253845215,0,5a7b73ad5542997c3ec9718c,0.0,0,3,5,
0,0,5.803762197494507,0,5a7a68d25542996c55b2dd98,0.0,0,3,2,
0,0,5.7142393589019775,0,5ae2bb545542992decbdcd88,0.0,0,3,5,
0,0,5.840738296508789,0,5a8f47a55542997ba9cb3219,0.0,0,3,13,
0,0,5.745325803756714,0,5ab1ebff5542993be8fa9882,0.0,0,3,6,
0,0,5.797601699829102,0,5a7fd7305542992e7d278dc2,0.3333333333333333,1,3,3,
0,0,5.782200813293457,0,5abb8aaf5542993f40c73b1c,0.0,0,3,5,
0,0,5.875123739242554,0,5abba584554299642a094afa,0.0,0,3,3,
0,0,6.0010621547698975,0,5a804510554299485f5985af,0.6666666666666666,2,3,3,
0,0,5.9051513671875,0,5abb11c15542992ccd8e7ef8,0.0,0,3,3,
0,0,5.957202434539795,0,5ae376a35542990afbd1e163,0.0,0,3,3,
0,0,5.968623638153076,0,5adc5b875542996e68525328,0.0,0,3,5,
0,0,5.819702386856079,0,5ae6b6065542991bbc976168,0.3333333333333333,1,3,3,
0,0,5.873051643371582,0,5a79d2fe5542994f819ef0c3,0.0,0,3,3,
0,0,5.923353433609009,0,5ab38cdd5542992ade7c6de2,0.0,0,3,3,
0,0,5.85521388053894,0,5ae73d235542991e8301cc29,0.0,0,3,2,
0,0,13.298563003540039,1,5a7a33205542996a35c1712f,0.0,0,6,10,
0,0,5.885800838470459,0,5a799dfb5542994bb9457029,0.0,0,3,8,
0,0,4.628121376037598,1,5a71095e5542994082a3e4f3,0.25,1,3,4,
0,0,5.891408443450928,0,5aba77be55429955dce3ee44,0.0,0,3,4,
0,0,5.883104562759399,0,5a8af94455429971feec45b6,0.0,0,3,2,
0,0,5.902524471282959,0,5abcedb355429959677d6b4f,0.0,0,3,13,
0,0,5.698379039764404,0,5a713dcb5542994082a3e6d9,0.0,0,3,14,
0,0,5.730271577835083,0,5ae383e15542992f92d822fb,0.0,0,3,2,
0,0,5.9123759269714355,0,5a85df525542994c784ddb9f,0.0,0,3,5,
0,0,5.822476625442505,0,5a9030ef5542995651fb50e4,0.0,0,3,6,
0,0,5.864220380783081,0,5a8a2d2155429930ff3c0cdc,0.5,1,3,2,
0,0,5.847161293029785,0,5a88fa9e5542993b751ca8de,1.0,1,3,1,
0,0,7.182419538497925,0,5ae7882b554299540e5a55dd,0.0,0,3,3,
0,0,5.861818075180054,0,5a81dacc55429926c1cdada0,0.0,0,3,5,
0,0,5.809134244918823,0,5ab322b1554299194fa93570,0.5,1,3,2,
0,0.2,6.05885910987854,0,5a8a764555429930ff3c0de1,0.0,0,3,3,
0,0,5.884406328201294,0,5a8d93bf554299068b959d46,0.0,0,3,3,
0,0,5.899399042129517,0,5abf04ae5542993fe9a41dbf,0.0,0,3,4,
0,0,5.843241930007935,0,5ab55b0c554299488d4d995e,0.0,0,3,2,
0,0,7.475024223327637,0,5ae4a1875542995ad6573dd2,0.0,0,3,7,
0,0,5.6692280769348145,0,5abae3205542996cc5e49edc,0.0,0,3,5,
0,0,5.665760040283203,0,5ab5a4555542997d4ad1f19c,0.0,0,3,1,
0,0,5.7525293827056885,0,5abbd85a5542993f40c73be1,0.0,0,3,1,
0,0,5.7574310302734375,0,5abe731255429965af743f0e,0.0,0,3,3,
0,0,5.851964235305786,0,5a77bef05542992a6e59dfaf,0.0,0,3,4,
0,0,5.744696378707886,0,5a9064d05542990a9849360f,0.08333333333333333,1,3,12,
0,0,5.726901054382324,0,5a8c30f6554299240d9c20d1,0.0,0,3,3,
0,0,5.943064212799072,0,5ae5ffbb5542996de7b71ad4,0.0,0,3,5,
0,0,5.680376291275024,0,5ae213de5542997283cd23b9,0.0,0,3,4,
0,0,5.996697664260864,0,5a81cb2c5542990a1d231ec4,0.0,0,3,7,
0,0,5.740207672119141,0,5a7605f85542994ccc91868d,0.0,0,3,3,
0,0,5.740452766418457,0,5ae07b0155429945ae95935d,0.2857142857142857,2,3,7,
0,0,5.857085466384888,0,5abcf17655429959677d6b5c,0.0,0,3,3,
0,0,5.667856454849243,0,5ae1b1aa5542997283cd223f,0.0,0,3,7,
0,0,5.787520408630371,0,5ab9587d55429970cfb8ea7e,0.0,0,3,1,
0,0,4.094060659408569,1,5ab81cd955429916710eaff7,0.375,3,3,8,
0,0,5.869785308837891,0,5a77a9df55429967ab10521c,0.0,0,3,3,
0,0,7.469806909561157,0,5a85a2845542997175ce1fe1,0.0,0,3,4,
0,0,5.7648913860321045,0,5a800ca555429969796c1bac,0.0,0,3,3,
0,0,5.73626446723938,0,5a73c958554299623ed4ac5c,0.0,0,3,2,
,,,,5ae528ed5542993aec5ec16e,,,,,Ollama request exceeded timeout limit for model stable-qwen with error: timed out
0,0,5.799086332321167,0,5a8aee2c55429970aeb70338,0.0,0,3,4,
0,0,5.705923795700073,0,5ae7ef625542994a481bbe40,0.0,0,3,1,
0,0,5.733333349227905,0,5ae2cda55542992decbdcdb7,0.3333333333333333,1,3,3,
0,1.0,0.21440434455871582,0,5a7af1a955429931da12c98f,,,,,
0,0,5.90982723236084,0,5a8b017155429949d91db463,0.0,0,3,1,
0,0,5.714657306671143,0,5abe535055429976d4830aea,0.0,0,3,2,
0,0,5.810614585876465,0,5ae3f2d25542995ad6573ccc,1.0,2,3,2,
0,0,5.646495580673218,0,5a74122f55429929fddd83da,0.0,0,3,1,
0,0,5.851961374282837,0,5ae803915542994a481bbe80,1.0,1,3,1,
0,0,5.723306894302368,0,5a734e6d5542994cef4bc528,0.0,0,3,8,
0,0,5.7106122970581055,0,5ae3bb0d5542992f92d82357,0.0,0,3,4,
0,0,5.779206275939941,0,5a7624b85542992db947372c,0.0,0,3,4,
0,0,5.850109100341797,0,5a8091515542996402f6a563,0.0,0,3,2,
0,0,5.8202736377716064,0,5a7a1b165542996c55b2dd10,0.3333333333333333,1,3,3,
0,0,5.867588043212891,0,5ac38bf355429939154137ba,0.5,1,3,2,
0,0,6.189246892929077,0,5a7502715542996c70cfae74,0.0,0,3,3,
0,0,7.4721057415008545,0,5a724ba25542990c210a40c7,0.0,0,3,6,
0,0,5.566126823425293,0,5abd0b6b5542996e802b46b4,0.0,0,3,9,
0,0,5.650342702865601,0,5ac00f795542996f0d89cb16,0.0,0,3,3,
0,0,11.252336978912354,1,5ac3af895542995ef918c1f0,0.0,0,6,9,
0,0,5.668299436569214,0,5ac3bab155429939154138fb,0.0,0,3,4,
0,0.18181818181818182,5.807068347930908,0,5ab1f13e554299449642c81c,0.0,0,3,6,
0,0,5.792922735214233,0,5a7652435542992d0ec060a5,0.6666666666666666,2,3,3,
0,0,5.727291822433472,0,5ade881f5542992fa25da7af,0.0,0,3,4,
0,0,5.787620306015015,0,5a83e98e5542992ef85e2387,0.0,0,3,4,
0,0,5.66085147857666,0,5a7b60605542995eb53be931,0.0,0,3,2,
0,0,5.692102909088135,0,5a8df1a65542995085b3735f,0.0,0,3,2,
0,0,5.754563808441162,0,5a7e0c045542995f4f4023c5,0.0,0,3,3,
0,0,5.673921585083008,0,5a81711455429938b614233e,0.0,0,3,5,
0,0,5.880288124084473,0,5ac275f155429921a00aaf82,0.75,3,3,4,
0,0,5.739932060241699,0,5a7ed5af5542994959419a84,0.0,0,3,7,
0,0,5.900007724761963,0,5a83ed9b55429933447460b8,,,,,
0,0,5.736264228820801,0,5ae648b955429929b0807b1d,0.0,0,3,3,
0,0,13.25582766532898,1,5a8f24cc55429924144829e7,0.0,0,6,6,
0,0,5.619357347488403,0,5addda9b5542992200553b5b,0.6666666666666666,2,3,3,
0,0,5.749080657958984,0,5a77c4fe55429967ab10527b,0.0,0,3,2,
0,0,5.69539737701416,0,5adce36e5542990d50227d55,0.0,0,3,5,
0,0.16666666666666666,5.711578369140625,0,5a8f155e554299458435d54c,0.0,0,3,6,
0,0,5.770591974258423,0,5ac532335542994611c8b41c,0.0,0,3,7,
0,0,5.710115909576416,0,5a77ba6c55429967ab10524c,0.0,0,3,6,
0,0,11.745592594146729,1,5ac3b0885542995ef918c1f8,0.3333333333333333,1,6,3,
0,0,5.824020147323608,0,5ab6006a554299110f2199b5,0.0,0,3,2,
0,0,5.711367607116699,0,5ab53ad6554299488d4d9917,0.25,1,3,4,
0,0,5.734351873397827,0,5a844fd35542990548d0b274,0.0,0,3,3,
0,0,5.84832239151001,0,5ab2d1c45542992953946877,0.0,0,3,12,
0,0,5.702310085296631,0,5a71674f5542994082a3e819,0.0,0,3,4,
0,0,5.932382583618164,0,5a8f38fa55429924144829f5,0.0,0,3,2,
0,0,5.711567401885986,0,5a7a651b5542990783324f40,0.0,0,3,8,
0,0,12.709870100021362,1,5a76a0005542993569682c64,0.0,0,6,4,
0,0,5.915036201477051,0,5a8747915542994775f607bb,0.0,0,3,1,
0,0,7.571948528289795,0,5ae66b055542995703ce8b61,0.0,0,3,17,
0,0,5.785808086395264,0,5ab5dc44554299494045f089,0.0,0,3,3,
0,0,5.792193174362183,0,5ae0d9c555429924de1b719a,0.5,1,3,2,
0,0,5.638151407241821,0,5a7ec95b55429934daa2fc67,0.0,0,3,2,
0,0,5.713727235794067,0,5ac4ec9955429924173fb4da,0.0,0,3,5,
0,0,13.944202184677124,1,5ac097b05542996f0d89cc18,0.0,0,6,5,
0,0,4.189194917678833,1,5ac270025542990b17b15390,0.0,0,3,3,
0,0,5.753496408462524,0,5a863d2d5542991e771815d2,0.0,0,3,2,
0,0,5.670228004455566,0,5ab1e76c554299449642c800,0.0,0,3,2,
0,0,5.773049354553223,0,5a8a9bc15542996c9b8d5f36,0.0,0,3,5,
0,0,5.680948495864868,0,5a84f5195542994c784dda9d,0.0,0,3,2,
0,0,5.9171154499053955,0,5a8b515e55429971feec46bb,0.0,0,3,8,
0,0,11.39494276046753,1,5ab44ab25542991779162c58,0.0,0,6,2,
0,0,5.716142416000366,0,5ab701395542991d3222373a,0.0,0,3,4,
0,0,5.7695152759552,0,5ae5305b5542990ba0bbb1f5,0.0,0,3,8,
0,0.30769230769230765,6.163478851318359,0,5ae0b60655429945ae959437,1.0,1,3,1,
0,0,5.757983684539795,0,5a8fc0065542997ba9cb3318,0.0,0,3,13,
0,0,7.501797676086426,0,5ac036b95542992a796deccd,0.0,0,3,8,
0,0,5.669501781463623,0,5ac1a2f755429964131be258,0.0,0,3,3,
0,0,14.852408170700073,1,5ac41379554299204fd21ef1,0.0,0,6,2,
0,0,5.786649465560913,0,5ac2ba4855429921a00ab048,0.0,0,3,3,
0,0,5.812173366546631,0,5a7119f75542994082a3e58e,0.0,0,3,4,
0,0,5.886393308639526,0,5ac55c135542993e66e82345,0.0,0,3,5,
0,0,5.885312795639038,0,5ae7fde25542994a481bbe66,0.0,0,3,3,
0,0,5.849539279937744,0,5ac54ca45542993e66e822d5,0.0,0,3,3,
0,0,5.880280494689941,0,5a8da1815542994ba4e3dcd7,0.0,0,3,13,
0,0,5.890794038772583,0,5ae2075f5542994d89d5b315,0.0,0,3,6,
0,0,5.768696308135986,0,5abe953b5542993f32c2a170,0.0,0,3,5,
0,0,5.878103256225586,0,5abff0645542994516f45539,0.0,0,3,3,
0,0,5.893688917160034,0,5a7199725542994082a3e88f,0.0,0,3,3,
0,0,5.8201587200164795,0,5abbd7985542992ccd8e7fb8,0.0,0,3,7,
0,0,5.93294620513916,0,5a80ae105542992bc0c4a7a2,0.0,0,3,3,
0,0,5.673069477081299,0,5ab9cfb455429970cfb8ebae,0.0,0,3,4,
0,0,21.034836769104004,2,5ae4c01e55429913cc2044f3,0.0,0,9,5,
0,0,5.603430271148682,0,5ae7922f5542994a481bbdac,0.0,0,3,1,
0,0,5.691776990890503,0,5ac2f1d1554299218029dba4,0.0,0,3,6,
0,0,12.048527002334595,1,5ac09da45542996f0d89cc1d,0.0,0,6,3,
0,0,5.869490385055542,0,5ab42d5755429942dd415eaf,0.0,0,3,9,
0,0.07692307692307693,4.4401538372039795,1,5ae5d7b755429929b08079cd,0.0,0,3,5,
0,0,5.64099383354187,0,5a8198565542995ce29dcc13,0.0,0,3,1,
0,0,5.9941565990448,0,5ac3271e554299218029dbd3,0.0,0,3,1,
0,0,6.261992692947388,0,5a8baf775542996e8ac889c8,0.0,0,3,7,
0,0,11.661377668380737,1,5abbdb195542993f40c73bf1,0.0,0,6,7,
0,0.2,5.894441604614258,0,5ac46cb85542991943173987,0.0,0,3,3,
0,0,5.73386287689209,0,5ab69e8755429954757d3334,0.0,0,3,5,
0,0,5.7275614738464355,0,5adfd22255429906c02daa4f,0.0,0,3,3,
0,0,5.962941408157349,0,5add2b435542990d50227e11,0.0,0,3,6,
0,0,5.818461894989014,0,5a8d0d7b55429941ae14df79,0.0,0,3,2,
0,0,6.043334245681763,0,5a874e9b554299211dda2bd3,0.0,0,3,9,
0,0,5.76286506652832,0,5a7c3178554299683c1c62e1,0.2857142857142857,2,3,7,
0,0,7.531940460205078,0,5a8ee6145542990e94052bab,0.5,1,3,2,
0,0,5.580479383468628,0,5a8b7e9c5542995d1e6f13c1,0.0,0,3,6,
0,0,5.672940731048584,0,5ae020f5554299025d62a41b,0.0,0,3,3,
0,0.15384615384615383,6.086641073226929,0,5a7cc28f554299452d57ba1c,0.25,1,3,4,
0,0,5.913470506668091,0,5a7e08305542995f4f4023ab,0.0,0,3,5,
0,0,5.831044435501099,0,5adf0ae45542992d7e9f9286,0.0,0,3,2,
0,0,5.622132301330566,0,5a82efe355429966c78a6aa1,0.0,0,3,6,
0,0,5.718763113021851,0,5a86204d5542994775f60709,0.0,0,3,21,
0,0,5.888636589050293,0,5ab930655542991b5579f12a,0.0,0,3,5,
0,0,5.719430446624756,0,5abc32cb55429959677d6a40,0.0,0,3,3,
0,0,5.831959247589111,0,5a8dee2455429917b4a5bce1,0.0,0,3,6,
0,0,5.7288148403167725,0,5a75e7b255429976ec32bc95,0.0,0,3,3,
0,0,5.697826385498047,0,5a8c8502554299585d9e36d0,0.0,0,3,7,
0,0,5.86396050453186,0,5ae3de615542992f92d823a5,0.0,0,3,13,
0,0,5.654247283935547,0,5abee75f5542993fe9a41d8e,0.0,0,3,3,
0,0.18181818181818182,5.871104717254639,0,5a8f73455542997ba9cb3269,0.0,0,3,8,
0,0,5.743847370147705,0,5a7a9b9a5542990198eaf160,0.0,0,3,4,
0,0,13.238764524459839,1,5ab66b63554299110f219a0a,0.0,0,6,5,
0,0,11.234753131866455,1,5ae457a95542996836b02c85,0.0,0,6,5,
0,0,5.6689887046813965,0,5ac1c73e55429964131be28a,0.0,0,3,4,
0,0,5.737898349761963,0,5adef1b35542993a75d263af,0.5,1,3,2,
0,0,6.086493968963623,0,5ab29956554299194fa9342d,0.4,2,3,5,
0,0,5.694465398788452,0,5a7b1d3b5542992d025e677a,0.25,1,3,4,
0,0,5.914419651031494,0,5ac373195542995ef918c199,0.0,0,3,6,
0,0,5.663915395736694,0,5a7e052d5542995f4f40238e,0.14285714285714285,1,3,7,
0,0,5.90245246887207,0,5ac41850554299194317390b,0.0,0,3,16,
0,0,5.7275168895721436,0,5a8c06bb5542995e66a47530,0.3333333333333333,1,3,3,
0,0,5.807110071182251,0,5a8fc3b155429933b8a20454,0.0,0,3,6,
0,0,5.714234113693237,0,5ab94acd554299743d22eac6,0.3333333333333333,1,3,3,
,,,,5ac1b1345542994ab5c67dd0,,,,,Ollama request exceeded timeout limit for model stable-qwen with error: timed out
0,0,5.8774590492248535,0,5ac3b04f55429939154138b7,0.0,0,3,3,
0,0,5.762744665145874,0,5adf0cbd5542993a75d263e0,0.0,0,3,2,
0,0,5.797595500946045,0,5ae3790f5542992e3233c415,0.0,0,3,7,
0,0,5.645550489425659,0,5a7b820c5542997c3ec971d8,0.0,0,3,3,
0,0,5.664290189743042,0,5a90b1a15542990a984936ab,0.5,2,3,4,
0,0,7.481513500213623,0,5a7cdc1b55429907fabef04d,0.0,0,3,3,
0,0,5.691064119338989,0,5a8e08d35542995085b37395,0.0,0,3,6,
0,0,5.692424297332764,0,5a7a9a2255429941d65f26eb,0.0,0,3,2,
0,0,5.703626871109009,0,5a87ee7b55429938390d3eb6,0.0,0,3,5,
0,0,5.789764404296875,0,5a8ba92c554299240d9c2071,0.25,1,3,4,
0,0,12.401020526885986,1,5a8b036d55429971feec45fe,0.0,0,6,4,
0,0,5.724437713623047,0,5adfed45554299603e4183c5,0.0,0,3,2,
0,0,5.706661939620972,0,5adbf84555429947ff17387c,0.16666666666666666,1,3,6,
0,0,5.818118572235107,0,5ac2dfac554299657fa290b3,0.0,0,3,6,
0,0,5.720115423202515,0,5ae0cddc55429945ae959459,0.3333333333333333,1,3,3,
0,0,5.669631481170654,0,5abb02fe554299232ef4a39f,0.0,0,3,5,
0,0,11.398015975952148,1,5ac43d575542997ea680ca39,0.0,0,6,2,
0,0,5.774379014968872,0,5a82817555429954d2e2eb5a,0.0,0,3,1,
0,0,6.208462953567505,0,5adce0f455429947343537bd,0.0,0,3,4,
0,0,5.949198246002197,0,5ac21bac5542991316484bf2,0.2,1,3,5,
0,0,5.681809663772583,0,5a84fea85542994c784ddabf,1.0,1,3,1,
0,0,5.710929870605469,0,5ae7690c5542995703ce8c22,0.0,0,3,5,
0,0,7.461431980133057,0,5a7e7c725542991319bc94be,0.0,0,3,3,
0,0,5.619901895523071,0,5a70f39c5542994082a3e429,0.0,0,3,5,
0,0,5.760733366012573,0,5a8332815542993344745fe9,0.0,0,3,5,
0,0,5.659969091415405,0,5adf227a5542992d7e9f92a6,0.0,0,3,8,
0,0,5.684014320373535,0,5ae6143f5542996de7b71b2d,0.0,0,3,5,
0,0,5.918813228607178,0,5ae6368a5542992ae0d16284,0.0,0,3,5,
0,0,5.661974191665649,0,5ae759b25542991e8301cc6b,0.0,0,3,5,
0,0,5.877799034118652,0,5ac4d2cd5542995c82c4ad73,0.0,0,3,3,
0,0,5.639116287231445,0,5adf4b335542993a75d264a5,0.0,0,3,4,
0,0,5.855501413345337,0,5a8b04df55429950cd6afc49,0.0,0,3,3,
0,0,5.731720209121704,0,5ae7da705542993210983f96,0.0,0,3,2,
0,0,11.501396417617798,1,5a8ec4875542995a26add508,0.0,0,6,5,
0,0,5.655935287475586,0,5ae7d0675542994a481bbdf2,0.0,0,3,2,
0,0,5.899716854095459,0,5ab209ec554299722f9b4ca2,0.0,0,3,3,
0,0,5.745035171508789,0,5a7a4a1d5542990198eaf108,0.0,0,3,10,
0,0,5.685365200042725,0,5a7ce6bf55429909bec7686c,0.2,1,3,5,
0,0,4.1880505084991455,1,5a732aa055429901807daf9f,0.3333333333333333,1,3,3,
0,0,6.171725511550903,0,5abec2ca5542997719eab5b9,0.2,1,3,5,
0,0,7.533805847167969,0,5a7f3bcd55429930675136c3,0.0,0,3,3,
0,0,18.89999032020569,2,5ab3e577554299233954ffe3,0.0,0,9,4,
0,0.18181818181818182,5.690527677536011,0,5a90c8165542995651fb51ee,0.0,0,3,2,
0,0,11.42011308670044,1,5ab27389554299722f9b4d2f,0.3333333333333333,2,6,6,
0,0,5.848818063735962,0,5abe19895542991f661060c2,0.0,0,3,6,
0,0,5.756628513336182,0,5ab3c05d55429969a97a81aa,0.3333333333333333,1,3,3,
0,0,5.738529920578003,0,5ab9ccef55429955dce3ed86,0.5,1,3,2,
0,0,5.843504428863525,0,5a72c6565542992359bc31a7,0.0,0,3,5,
0,0,5.7264204025268555,0,5a72908f5542994cef4bc33b,0.0,0,3,5,
0,0,5.837804555892944,0,5a73830d55429908901be2da,0.0,0,3,2,
0,0,5.72191047668457,0,5a7982435542994bb945701f,0.0,0,3,2,
0,0,5.85465145111084,0,5ae5c8cf554299546bf82f5f,0.0,0,3,3,
0,0,5.738685369491577,0,5ae0132d55429925eb1afc00,0.3333333333333333,1,3,3,
0,0,5.713886499404907,0,5adf9d135542995534e8c817,0.5,2,3,4,
0,0,5.911181449890137,0,5abbc2245542992ccd8e7f8a,0.0,0,3,3,
0,0,5.760364532470703,0,5a83c56d5542996488c2e4c3,0.0,0,3,8,
0,0,7.458103895187378,0,5ab870ed55429934fafe6db9,0.0,0,3,9,
,,,,5abb76fa5542992ccd8e7f48,,,,,Ollama request exceeded timeout limit for model stable-qwen with error: timed out
0,0,5.659304141998291,0,5a7b55bc55429927d897bf98,0.0,0,3,4,
0,0,5.941333532333374,0,5ae518ae5542993aec5ec13c,0.0,0,3,7,
0,0,5.683454990386963,0,5ac1c18855429964131be279,0.0,0,3,2,
0,0,5.817049980163574,0,5ac199955542994ab5c67d8c,0.0,0,3,6,
0,0,5.6684486865997314,0,5ae27f22554299495565da8d,0.5,2,3,4,
0,0,5.789921283721924,0,5ac2680055429963665199a8,0.0,0,3,5,
0,0,5.739547252655029,0,5ae351405542994393b9e67f,0.0,0,3,4,
0,0,5.6806864738464355,0,5ae1da385542997283cd2297,0.0,0,3,5,
0,0,5.823192834854126,0,5adc69ef554299438c868daf,0.5,1,3,2,
0,0,5.742141485214233,0,5a7a954855429941d65f26cd,0.16666666666666666,1,3,6,
0,0,5.975222826004028,0,5ab9ddaa5542994dbf019873,0.0,0,3,2,
0,0,6.581390857696533,0,5abbdd565542993f40c73bfb,0.25,1,3,4,
0,0,5.688319206237793,0,5a8b544855429950cd6afcae,0.0,0,3,8,
0,0,5.84067177772522,0,5aba480c55429939ce03dc77,0.0,0,3,4,
0,0,5.730090856552124,0,5a8518a75542994c784ddaf7,0.0,0,3,3,
0,0,5.794382810592651,0,5a81b43d5542995ce29dcc39,0.0,0,3,5,
,,,,5a79e3925542994bb9457130,,,,,Ollama request exceeded timeout limit for model stable-qwen with error: timed out
0,0,7.464485168457031,0,5adbf34955429947ff173862,0.0,0,3,3,
0,0,5.627209186553955,0,5ac5275755429924173fb617,0.0,0,3,4,
0,0,6.400976896286011,0,5a77519c55429972597f14fa,0.0,0,3,2,
0,0,5.777466535568237,0,5a7a05485542990783324def,0.0,0,3,6,
0,0,5.641181707382202,0,5ae3fd195542995dadf2428d,0.0,0,3,3,
0,0,5.839095115661621,0,5ab3b2c4554299233954ff8a,0.0,0,3,7,
0,0,5.7032365798950195,0,5a74f7f15542993748c89765,0.0,0,3,4,
0,0,5.625090599060059,0,5abaad5855429901930fa88f,0.0,0,3,1,
0,0,5.812381744384766,0,5a770eb65542994aec3b71d4,0.0,0,3,2,
0,0,5.766860723495483,0,5a7a845755429941d65f2684,0.0,0,3,6,
0,0,5.834140062332153,0,5ab42b24554299753aec5a43,0.5,1,3,2,
0,0,5.7121922969818115,0,5a8141cc55429938b6142316,0.0,0,3,2,
0,0,5.879728078842163,0,5abdb8ba5542993f32c2a015,0.0,0,3,5,
0,0,5.645730495452881,0,5ab90f5755429934fafe6e57,0.0,0,3,2,
0,0,5.746119737625122,0,5a8492ab5542992a431d1a5b,0.2,1,3,5,
0,0,5.784491062164307,0,5a83c3275542996488c2e4be,0.0,0,3,6,
0,0,5.791162729263306,0,5a8bde565542995d1e6f1454,0.14285714285714285,1,3,7,
0,0.3478260869565218,4.435538291931152,1,5ac249bd55429951e9e68528,0.0,0,3,4,
0,0,5.851222515106201,0,5a80f4c2554299260e20a1da,0.3333333333333333,1,3,3,
0,0,7.552942276000977,0,5ae12fcf5542990adbacf72c,0.0,0,3,4,
0,0,5.608247518539429,0,5a898872554299669944a540,0.3333333333333333,1,3,3,
0,0,5.654507875442505,0,5ade858a55429975fa854eea,1.0,1,3,1,
0,0,5.773693561553955,0,5a8f54165542992414482a52,0.0,0,3,2,
0,0,5.806680917739868,0,5a8b448255429971feec468c,0.0,0,3,3,
,,,,5a8f18d555429918e830d189,,,,,Ollama request exceeded timeout limit for model stable-qwen with error: timed out
0,0,5.661600112915039,0,5ae7308d5542991e8301cbb8,0.25,2,3,8,
0,0,5.62061071395874,0,5ae305355542992decbdcdc2,0.0,0,3,3,
0,0,5.843032121658325,0,5a8530cc5542992a431d1aeb,0.0,0,3,2,
0,0,5.714996337890625,0,5adc459255429944faac24ad,0.0,0,3,8,
0,0,5.791617393493652,0,5a866fed554299211dda2b2e,0.25,1,3,4,
0,0,5.744264364242554,0,5abeafbb5542997ec76fd347,0.0,0,3,4,
0,0,5.690556287765503,0,5ab6391755429953192ad2a7,0.3333333333333333,1,3,3,
0,0,5.809945821762085,0,5a7c68575542996dd594b91c,0.0,0,3,7,
0,0,5.6623053550720215,0,5ac524e55542994611c8b3d0,0.3333333333333333,1,3,3,
0,0,11.933092594146729,1,5abed6905542990832d3a0ed,0.0,0,6,4,
0,0,5.834040641784668,0,5a7bd791554299683c1c62c2,0.0,0,3,7,
0,0,7.738722562789917,0,5ae75a5a5542991bbc9761f3,0.3333333333333333,1,3,3,
0,0,6.082912921905518,0,5a7741775542994aec3b724f,0.0,0,3,3,
0,0,5.67920994758606,0,5a80d2c6554299260e20a17c,0.3333333333333333,1,3,3,
0,0,5.654967308044434,0,5a8a1b7a5542992d82986ec0,0.0,0,3,3,
0,0,5.845035791397095,0,5a8638945542994775f6072d,0.0,0,3,3,
0,0,5.726765155792236,0,5adc2e3d554299438c868d6b,0.0,0,3,1,
0,0,5.701924085617065,0,5ae5f3bb5542996de7b71a7e,0.0,0,3,2,
0,0,6.028796195983887,0,5a85d25b5542996432c570ee,0.0,0,3,2,
0,0,5.648150682449341,0,5ab66fd355429954757d32b7,0.0,0,3,5,
0,0,5.831259727478027,0,5a7153d05542994082a3e7dc,0.0,0,3,2,
0,0,11.658414840698242,1,5ae249925542994d89d5b3c1,0.16666666666666666,1,6,6,
0,0,5.710072040557861,0,5ac170af5542994d76dcce20,0.0,0,3,4,
0,0,5.703808307647705,0,5a80cddd554299260e20a169,0.0,0,3,4,
0,0,5.776026487350464,0,5a89ab1355429946c8d6e996,0.6666666666666666,2,3,3,
0,0,5.782967805862427,0,5a7319bc5542992359bc3235,0.0,0,3,7,
0,0,5.8073883056640625,0,5ae638865542992ae0d1628c,0.0,0,3,4,
0,0,5.671084403991699,0,5a72af155542992359bc316c,0.0,0,3,5,
0,0,5.718350887298584,0,5abd09585542996e802b469b,0.0,0,3,4,
0,0,7.480061292648315,0,5a71214d5542994082a3e5b9,0.125,1,3,8,
0,0,5.571072101593018,0,5a8a0cb75542992d82986e7d,0.0,0,3,4,
0,0,5.684639930725098,0,5a79c7ac5542994bb9457097,0.0,0,3,3,
0,0.15384615384615383,5.832385540008545,0,5abbc96755429931dba1452c,0.0,0,3,4,
0,0,5.81829309463501,0,5ade664555429939a52fe89c,0.0,0,3,4,
0,0,5.694967269897461,0,5a8a06c35542992d82986e57,0.3333333333333333,1,3,3,
0,0,11.260844945907593,1,5ae2cbc9554299495565db36,0.0,0,6,5,
0,0,5.713789701461792,0,5abf16965542993fe9a41dd3,0.0,0,3,5,
0,0,5.79134726524353,0,5ab7ccf455429928e1fe3910,0.0,0,3,4,
0,0,5.688015460968018,0,5abd0b685542996583600501,0.0,0,3,5,
0,0,5.719624280929565,0,5a7fa08d55429969796c1af7,1.0,1,3,1,
0,0,5.817060470581055,0,5a7306a655429901807daf67,0.0,0,3,4,
0,0,77.20162892341614,1,5adce2ee5542992c1e3a2461,0.0,0,6,9,
0,0,6.150166273117065,0,5ab4f7fc5542991779162d43,0.25,1,3,4,
0,0,5.834853649139404,0,5ae0d3da5542990adbacf66d,0.0,0,3,4,
0,0,5.731698751449585,0,5a81d19b55429926c1cdad90,0.0,0,3,4,
0,0,5.772789478302002,0,5ab4fd0b55429942dd415fbb,0.0,0,3,3,
0,0,7.6912453174591064,0,5ae5d0b5554299546bf82f80,0.3333333333333333,1,3,3,
0,0,5.679780721664429,0,5a78e9d155429970f5fffdcc,0.0,0,3,3,
0,0,5.6871654987335205,0,5a8adc935542992d82986fb0,0.25,1,3,4,
0,0,5.734816312789917,0,5a8763475542996e4f3087c0,0.0,0,3,3,
0,0,5.707698822021484,0,5a8c7232554299585d9e36a6,0.0,0,3,2,
0,0,5.997153282165527,0,5ac156d05542994ab5c67ce9,0.0,0,3,6,
0,0,5.708837270736694,0,5adcc9f35542990d50227d20,0.3333333333333333,1,3,3,
0,0,5.9138219356536865,0,5ae1d656554299234fd04322,1.0,1,3,1,
0,0,5.800012826919556,0,5ae788fa55429952e35ea964,0.3333333333333333,1,3,3,
0,0,5.962474584579468,0,5adf39d45542992d7e9f92e5,0.5,1,3,2,
0,0,5.811005592346191,0,5ab503db5542990594ba9cc8,0.0,0,3,1,
0,0.030303030303030304,14.080014705657959,1,5ae617285542996de7b71b4c,0.0,0,6,3,
0,0,6.95486044883728,0,5aba9e545542994dbf019986,0.0,0,3,6,
0,0,46.3436803817749,5,5a8841195542994846c1ce65,0.0,0,18,2,
0,0,44.097145795822144,5,5a80b8845542992bc0c4a7de,0.0,0,18,6,
0,0.10810810810810811,14.592443943023682,1,5add92885542990dbb2f7e72,0.0,0,6,5,
0,0,7.1438140869140625,0,5a8b595855429949d91db563,0.0,0,3,8,
0,0,7.130484580993652,0,5a88e3cc5542997e5c09a6c2,0.16666666666666666,1,3,6,
0,0,6.992328405380249,0,5ac294b955429921a00aafd0,0.6666666666666666,2,3,3,
0,0,7.201870441436768,0,5a75fa14554299109176e5dc,0.0,0,3,3,
0,0,7.002363443374634,0,5adf88995542993344016cd4,0.0,0,3,10,
0,0,7.061431169509888,0,5ae0850055429945ae959396,0.0,0,3,4,
0,0,7.457864999771118,0,5ae835f25542997ec272776f,0.0,0,3,6,
0,0,6.9437575340271,0,5a8d7a8d55429941ae14dfc2,0.0,0,3,2,
0,0,5.963261604309082,0,5a8555ea5542992a431d1b07,0.0,0,3,4,
0,0,6.965833425521851,0,5a7a8d15554299042af8f669,0.0,0,3,4,
0,0,7.5657336711883545,0,5a7bcbc8554299294a54aae2,0.5,1,3,2,
0,0,6.921847343444824,0,5a84807d554299123d8c2278,0.25,1,3,4,
0,0,5.823358535766602,0,5a7a030c5542996a35c17077,0.0,0,3,4,
0,0,7.047127962112427,0,5ae1388e5542997b2ef7d13a,0.0,0,3,3,
0,0.05714285714285715,6.970081806182861,0,5ae5a4e5554299546bf82f01,0.0,0,3,2,
0,0,7.085690975189209,0,5a87c19a5542994846c1cde6,0.0,0,3,2,
0,0,6.984589099884033,0,5a74af7e55429916b01641d2,0.0,0,3,4,
0,0,7.11816668510437,0,5a7c8ae855429935c91b5207,0.0,0,3,4,
0,0.05479452054794521,6.962002754211426,0,5ab808b85542991d3222380d,0.2857142857142857,2,3,7,
0,0,6.9898481369018555,0,5a7d158155429909bec76947,0.125,1,3,8,
0,0,5.8264265060424805,0,5abad70d5542996606241631,0.0,0,3,5,
0,0,6.963040113449097,0,5a75092b55429916b0164242,0.0,0,3,6,
0,0.02777777777777778,7.085845947265625,0,5ae7766455429952e35ea920,0.0,0,3,4,
0,0,6.772285223007202,0,5a840e395542992ef85e239d,0.0,0,3,4,
0,0,7.17377495765686,0,5ac023045542996f0d89cb32,0.0,0,3,1,
0,0,7.065395832061768,0,5ac0b6b15542996f0d89cc1e,0.3333333333333333,1,3,3,
0,0,7.034085750579834,0,5a7b24fe55429931da12c9f7,0.0,0,3,3,
0,0.6666666666666666,4.2408740520477295,1,5abf8ae85542990832d3a14b,0.0,0,3,1,
0,0,7.0034191608428955,0,5a77e2095542995d8318131d,0.0,0,3,3,
0,0,9.573512077331543,0,5a775f615542993735360250,0.0,0,3,8,
0,0,6.8523478507995605,0,5ade15a45542997545bbbe46,0.0,0,3,3,
0,0,7.345815420150757,0,5abf2e605542993fe9a41de4,0.0,0,3,6,
0,0,7.147096395492554,0,5ab5744e554299494045efdf,1.0,1,3,1,
0,0,29.218510389328003,3,5a7c6d98554299683c1c6304,0.0,0,12,4,
0,0,21.451900959014893,2,5ab864945542990e739ec8e1,0.0,0,9,5,
,,,,5adcb4ae5542994734353774,,,,,Ollama request exceeded timeout limit for model stable-qwen with error: timed out
0,0,5.786267995834351,0,5a8675b1554299211dda2b44,0.0,0,3,1,
0,0,18.316063404083252,2,5ac11201554299294b21908c,0.0,0,9,6,
0,0,5.703239679336548,0,5ae663b05542992ae0d16316,0.0,0,3,4,
0,0,7.6729044914245605,0,5a9057795542990a984935f7,0.0,0,3,8,
0,0,5.824471712112427,0,5a8d0e4e5542994ba4e3dbbf,0.25,1,3,4,
0,0,5.757057428359985,0,5ab4313a554299233955004c,0.0,0,3,6,
0,0,11.317517518997192,1,5abaee665542992ccd8e7e5f,0.0,0,6,7,
0,0,5.894307851791382,0,5ae16b925542997b2ef7d1e7,0.0,0,3,4,
0,0,5.772146463394165,0,5a7faa215542995d8a8ddee8,0.0,0,3,8,
0,0,5.815486192703247,0,5a8add4c5542992d82986fb4,0.0,0,3,2,
0,0,5.930659770965576,0,5ab9ba6855429970cfb8eb87,0.0,0,3,2,
0,0,5.737211465835571,0,5abb7ea4554299642a094a96,0.0,0,3,3,
0,0,5.95666766166687,0,5ab94cca554299753720f7dd,0.0,0,3,3,
0,0,5.745134353637695,0,5a83438955429966c78a6b61,0.3333333333333333,1,3,3,
0,0,5.749415397644043,0,5a7dff595542997cc2c474eb,0.0,0,3,4,
0,0,6.33210825920105,0,5ac401bb55429919431738f4,0.0,0,3,5,
0,0,5.696207761764526,0,5a77846f5542995d83181187,0.0,0,3,2,
0,0.1818181818181818,6.146437168121338,0,5aba6d4b5542994dbf019906,0.5,1,3,2,
0,0,5.7917656898498535,0,5a7da0915542990b8f5039d4,0.0,0,3,5,
0,0,6.003941297531128,0,5a7499eb55429929fddd8470,0.0,0,3,2,
0,0,7.578326463699341,0,5a7331705542991f9a20c67a,0.0,0,3,2,
0,0.11764705882352941,5.709607124328613,0,5a7d7d895542995f4f402281,0.0,0,3,2,
0,0,5.861769199371338,0,5a873ec75542996432c57244,0.0,0,3,9,
0,0,5.65862774848938,0,5adf3ab95542992d7e9f92f3,0.2,1,3,5,
0,0,5.9083733558654785,0,5aba85335542994dbf01992d,0.25,1,3,4,
0,0,5.671363830566406,0,5adbe1c5554299438c868cc4,0.0,0,3,6,
0,0,5.779361963272095,0,5abd6a7455429933744ab7c5,0.0,0,3,8,
0,0,5.90571403503418,0,5adec62a55429975fa854f89,0.0,0,3,8,
0,0,5.918703317642212,0,5abcf5ec55429959677d6b76,0.0,0,3,7,
0,0,5.888101100921631,0,5a80a7f6554299485f598680,0.0,0,3,1,
0,0.10526315789473685,5.764397144317627,0,5ab281ec554299449642c8d1,0.0,0,3,2,
0,0,5.997545480728149,0,5a7643675542994ccc918747,0.0,0,3,1,
0,0,5.914096117019653,0,5a88696b554299206df2b25b,0.0,0,3,8,
0,0,5.770442008972168,0,5a712af15542994082a3e614,0.0,0,3,5,
0,0,5.826605319976807,0,5a7b43735542992d025e67cb,0.16666666666666666,1,3,6,
0,0,5.8910582065582275,0,5ac25fa955429951e9e6858c,0.0,0,3,6,
0,0,5.906212091445923,0,5a8077ca5542992bc0c4a729,0.0,0,3,9,
0,0,5.870189428329468,0,5ac397fe554299218029dbe2,0.0,0,3,9,
0,0,5.7623865604400635,0,5ab9aed855429970cfb8eb6d,0.0,0,3,4,
0,0,7.615660190582275,0,5ac23f9555429951e9e684db,0.0,0,3,8,
0,0,5.78551721572876,0,5ae76c625542997ec272763e,0.0,0,3,1,
0,0,5.816484212875366,0,5ac3e0ab554299204fd21eae,0.0,0,3,5,
0,0,5.7927563190460205,0,5a8e69565542990e94052afb,0.2,1,3,5,
0,0,5.823107719421387,0,5ae65c925542992ae0d162f9,0.0,0,3,5,
0,0,4.263677597045898,1,5a9068f85542990a98493623,0.0,0,3,3,
0,0,5.871989011764526,0,5ae238375542994d89d5b39a,0.0,0,3,7,
0,0.13333333333333333,5.879582166671753,0,5a80e4b255429938b6142239,0.0,0,3,6,
0,0,5.985174894332886,0,5a8e40f65542995a26add498,0.0,0,3,7,
0,0,5.940727710723877,0,5a7e1cad55429965cec5ea75,0.0,0,3,9,
0,0,5.771627187728882,0,5a7560585542992d0ec05f76,0.0,0,3,3,
0,0,5.87622594833374,0,5ae35e8c5542990afbd1e120,0.0,0,3,4,
0,0,5.86583399772644,0,5a8210f355429926c1cdae24,0.0,0,3,4,
0,0,5.721435546875,0,5a868ca055429960ec39b6be,0.0,0,3,1,
0,0,16.115490436553955,1,5abdaa0f55429965af743dad,0.0,0,6,3,
0,0,6.653160572052002,0,5ae0613d5542993d6555eb22,0.0,0,3,4,
0,0,4.092631101608276,1,5add3b035542997545bbbcce,0.0,0,3,10,
0,0,6.3875837326049805,0,5a85db6e5542994c784ddb96,0.0,0,3,1,
0,0,8.129287719726562,0,5a7a88e455429941d65f268c,0.0,0,3,9,
0,0,3.9943177700042725,1,5a8b120755429949d91db4a4,0.0,0,3,6,
0,0,12.821380138397217,1,5ac4f9dc55429924173fb533,0.0,0,6,5,
0,0,5.6792473793029785,0,5a8eb51655429917b4a5bdb5,0.0,0,3,3,
0,0,5.885984897613525,0,5ae446fc5542995ad6573d24,0.0,0,3,4,
0,0,5.682675361633301,0,5a905d085542995651fb5147,0.0,0,3,4,
0,0,5.94158411026001,0,5a8327fd5542990548d0b1a3,0.0,0,3,3,
0,0,5.792104721069336,0,5a80522b5542996402f6a4c1,0.0,0,3,3,
0,0,5.877538681030273,0,5ab67c3f55429954757d32f9,0.0,0,3,4,
0,0,5.750737905502319,0,5a7da0de5542990b8f5039d7,0.0,0,3,4,
0,0,11.55928349494934,1,5ae2295c554299495565da13,0.0,0,6,6,
0,0,5.880840539932251,0,5adf24155542992d7e9f92af,0.0,0,3,2,
0,0,5.928823709487915,0,5ab2a54b554299295394678e,0.14285714285714285,1,3,7,
0,0,5.833264112472534,0,5a7f85505542995d8a8dde95,0.0,0,3,5,
0,0,5.830949783325195,0,5ae60ea9554299546bf8304e,0.0,0,3,5,
0,0,6.149903297424316,0,5a77253455429972597f1449,0.0,0,3,3,
0,0,15.744709014892578,1,5abaee845542996606241696,0.0,0,6,1,
0,0,5.88215708732605,0,5ac13e195542994ab5c67cc5,0.0,0,3,5,
0,0,32.03373575210571,4,5a7e283655429965cec5eaab,0.0,0,15,17,
0,0,39.685678482055664,5,5a8baf4b5542996e8ac889c5,0.0,0,18,3,
0,0,25.037909507751465,3,5ae5b99a5542993aec5ec1ce,0.0,0,12,4,
0,0,5.917902231216431,0,5abf08985542997719eab625,0.6666666666666666,2,3,3,
0,0,5.754147529602051,0,5a8bb7f95542996e8ac889ff,0.0,0,3,2,
0,0,7.558697462081909,0,5a7b1a225542992d025e6770,0.1111111111111111,1,3,9,
0,0,5.801521062850952,0,5ac0d5cf554299294b219026,0.0,0,3,2,
0,0,5.715752363204956,0,5a8a756555429970aeb702f2,0.0,0,3,5,
0,0,5.874483108520508,0,5a77b5c255429967ab10523c,0.0,0,3,4,
0,0,5.844877004623413,0,5ab6c5be55429954757d336c,0.0,0,3,4,
0,0,5.839565992355347,0,5a78f26055429970f5fffdeb,0.0,0,3,1,
0,0,5.824894905090332,0,5ae5e8c85542996de7b71a69,0.0,0,3,7,
0,0,5.919959306716919,0,5adf27775542993344016c00,0.0,0,3,5,
0,0,5.784002780914307,0,5ade450b5542997c77adedc5,0.0,0,3,10,
0,0,4.189136981964111,1,5abbcba05542992ccd8e7fa3,0.0,0,3,3,
0,0,5.853172063827515,0,5a75a0725542992d0ec05fc9,0.25,1,3,4,
0,0,6.102848768234253,0,5ac2a23a55429967731025cc,0.0,0,3,3,
0,0,5.96217942237854,0,5a7b66135542997c3ec97145,0.0,0,3,3,
0,0,5.783782720565796,0,5a72a9ac5542991f9a20c55f,0.0,0,3,7,
0,0,5.749600648880005,0,5ae0819155429924de1b70ea,0.0,0,3,4,
0,0,5.941126346588135,0,5ab7ee895542995dae37e9f6,0.3333333333333333,1,3,3,
0,0,5.800593852996826,0,5a8f791c5542992414482ad9,0.5,1,3,2,
0,0,5.885128736495972,0,5a712e895542994082a3e636,0.0,0,3,3,
0,0,5.822890281677246,0,5a8398405542993344746050,0.0,0,3,3,
0,0,7.684756517410278,0,5ab5e8935542997d4ad1f23b,0.0,0,3,3,
0,0,5.715906620025635,0,5ae74818554299572ea547ad,0.0,0,3,3,
0,0,5.776089906692505,0,5a739323554299623ed4abff,0.0,0,3,5,
0,0,12.156726837158203,1,5abc7bf75542993a06baf8f0,0.0,0,6,3,
0,0,5.905544757843018,0,5a72125055429971e9dc9241,0.0,0,3,4,
0,0,5.669418573379517,0,5a7e1a5455429965cec5ea5f,0.0,0,3,5,
0,0,5.744306325912476,0,5ab576c4554299637185c5a4,0.25,1,3,4,
0,0,5.968522310256958,0,5a8466a75542993344746108,0.0,0,3,2,
0,0,5.739936590194702,0,5a75f32055429976ec32bcb7,0.0,0,3,7,
0,0,5.854877948760986,0,5a8762205542996e4f3087b8,0.25,1,3,4,
0,0,5.7863993644714355,0,5ac1d4ad5542994d76dccef7,1.0,1,3,1,
0,0,5.941717863082886,0,5a7150c75542994082a3e7be,0.25,1,3,4,
0,0,5.807472467422485,0,5a9072dd5542990a98493656,0.0,0,3,4,
0,0,5.6908860206604,0,5a8d0be85542994ba4e3dbb2,0.14285714285714285,1,3,7,
0,0,5.940996170043945,0,5a7f924c55429969796c1aba,0.3333333333333333,1,3,3,
0,0,5.97109580039978,0,5adca5eb5542994d58a2f693,0.0,0,3,9,
0,0,5.865624666213989,0,5a77474855429972597f14e4,0.0,0,3,4,
0,0,5.802732944488525,0,5a86edcc55429960ec39b6da,0.14285714285714285,1,3,7,
0,0,7.536543607711792,0,5a80762a5542996402f6a536,0.0,0,3,10,
0,0,5.632812261581421,0,5a8bf6cf5542995e66a47525,0.14285714285714285,1,3,7,
0,0,5.786464691162109,0,5ae6545f5542991bbc9760c2,0.0,0,3,4,
0,0,5.883361339569092,0,5a736aa95542991f29ee2dfa,0.1111111111111111,1,3,9,
0,0,12.0940842628479,1,5abeb1925542994516f453f0,0.0,0,6,5,
0,0,5.749195098876953,0,5a8b5b1c5542995d1e6f1387,0.4,2,3,5,
0,0,5.789819717407227,0,5adf076f5542992d7e9f9277,0.0,0,3,7,
0,0,6.08200216293335,0,5abc091555429965836003f6,0.0,0,3,3,
0,0,5.681841611862183,0,5a7f95685542995d8a8ddeaa,0.0,0,3,3,
0,0,5.932590484619141,0,5ab8903555429916710eb08e,0.0,0,3,2,
0,0,5.75260591506958,0,5ae454355542996836b02c77,0.0,0,3,6,
0,0,5.803847551345825,0,5abc095c5542993f40c73c5d,0.0,0,3,5,
0,0,5.909942865371704,0,5ade9545554299728e26c741,0.0,0,3,3,
0,0,5.751131534576416,0,5ab8179f5542990e739ec817,0.3333333333333333,1,3,3,
0,0,5.81540322303772,0,5ae01fcf554299025d62a411,0.2,1,3,5,
0,0,5.789437532424927,0,5ac1b8cd55429963665198fc,0.0,0,3,3,
0,0,5.886143922805786,0,5a83d0845542996488c2e4e6,0.0,0,3,3,
0,0,7.412841320037842,0,5ae72b96554299572ea5474e,0.0,0,3,2,
0,0,5.568835496902466,0,5ae4d15255429908b6326483,0.0,0,3,5,
0,0,5.801289319992065,0,5a7d2aa05542995f4f40221f,0.0,0,3,6,
0,0,5.673248767852783,0,5a906c795542990a98493640,0.5,2,3,4,
0,0,6.041093111038208,0,5ade914b55429939a52fe8f9,0.0625,1,3,16,
0,0,5.685788631439209,0,5aba6f3e55429955dce3ee21,0.0,0,3,5,
0,0,5.651151418685913,0,5a8dad37554299068b959d94,0.0,0,3,6,
0,0,5.8285651206970215,0,5ae00de055429906c02daab5,0.0,0,3,3,
0,0,5.635129690170288,0,5aba902455429901930fa834,0.0,0,3,7,
0,0,6.205518960952759,0,5adea83b55429975fa854f53,0.0,0,3,4,
0,0,5.733441352844238,0,5abbe4c0554299642a094bc0,0.6666666666666666,2,3,3,
0,0,5.8961098194122314,0,5a893f305542993b751ca91e,0.0,0,3,5,
0,0,5.781232118606567,0,5abef8fd5542990832d3a111,0.0,0,3,2,
0,0,5.73958683013916,0,5adfc9a555429906c02daa42,0.0,0,3,4,
0,0,5.862033843994141,0,5ae7954b554299540e5a5620,0.5,1,3,2,
0,0,5.786628007888794,0,5abcf9d155429959677d6b90,0.0,0,3,4,
0,0,5.848673105239868,0,5adc91865542994ed6169b93,0.0,0,3,9,
0,0,5.767995357513428,0,5ab78a445542992aa3b8c826,0.0,0,3,9,
0,0,5.77172064781189,0,5a727e1b5542991f9a20c497,0.0,0,3,4,
0,0.16666666666666666,7.642787456512451,0,5a7261635542997f8278398a,0.0,0,3,5,
0,0,5.636042833328247,0,5ac560235542993e66e82396,1.0,1,3,1,
0,0,5.757691144943237,0,5a7cb9985542990527d55514,1.0,1,3,1,
0,0,5.677860260009766,0,5a7f725355429969796c1a55,0.0,0,3,4,
0,0,5.8291239738464355,0,5a8dfae55542995085b3736b,0.0,0,3,5,
0,0,5.793162822723389,0,5adf86355542993344016cbd,0.0,0,3,6,
0,0,5.680213689804077,0,5a7dc7735542990b8f503a93,0.0,0,3,3,
0,0,4.107800722122192,1,5a83a31c554299123d8c2179,0.3333333333333333,1,3,3,
0,0,5.678826570510864,0,5a8d64305542994ba4e3dc80,0.25,1,3,4,
0,0,5.889553546905518,0,5a733d5d5542991f29ee2d71,0.0,0,3,4,
0,0,5.741183519363403,0,5ae3f1fb5542995ad6573cc1,0.0,0,3,4,
0,0,5.764116287231445,0,5ab2e3a35542991669774124,0.3333333333333333,1,3,3,
0,0,6.012903213500977,0,5ac3e80b554299076e296ccd,0.0,0,3,2,
0,0,13.568690538406372,1,5ac002705542996f0d89cb05,0.0,0,6,3,
0,0,5.801547288894653,0,5a7df5635542990b8f503b0a,0.0,0,3,1,
0,0,5.935234546661377,0,5adfe0de55429925eb1afae9,0.6666666666666666,2,3,3,
0,0,5.733663558959961,0,5ab83bd055429919ba4e2279,0.2,1,3,5,
0,0,5.737729787826538,0,5a8fb3af5542997ba9cb32ee,0.5,1,3,2,
0,0,7.56378698348999,0,5ae7ff745542994a481bbe6e,0.0,0,3,7,
0,0,5.607714414596558,0,5ae394e05542990afbd1e18d,0.0,0,3,7,
0,0,5.779885530471802,0,5adf3a4f5542992d7e9f92ec,0.0,0,3,4,
0,0,5.6928606033325195,0,5ae826675542997ec2727733,0.0,0,3,2,
0,0,5.70359992980957,0,5a8c72545542995e66a475f3,0.25,1,3,4,
0,0,5.859332323074341,0,5ae5d06a55429929b08079b4,0.0,0,3,6,
0,0,5.717206954956055,0,5a7bbcd65542997c3ec97268,0.0,0,3,1,
0,0,6.03066611289978,0,5ae32ce75542992f92d8223d,0.0,0,3,2,
0,0,11.44285798072815,1,5a8cc8c2554299441c6b9efc,0.0,0,6,10,
0,0,11.900636911392212,1,5a847e805542993344746140,0.5,1,6,2,
0,0,5.826428413391113,0,5a77a7db5542995d8318124d,0.0,0,3,3,
0,0,5.665600776672363,0,5a74639a55429929fddd8404,0.0,0,3,3,
0,0,5.884257078170776,0,5a713fb15542994082a3e6f0,0.0,0,3,7,
0,0,5.691892623901367,0,5ab9d13455429939ce03dc31,0.0,0,3,5,
0,0,5.7957775592803955,0,5a8986fd55429938390d4046,0.0,0,3,5,
0,0,5.858231782913208,0,5a89e1bf5542992e4fca8433,0.0,0,3,3,
0,0.22222222222222224,5.734461545944214,0,5adce88b5542992c1e3a249a,0.0,0,3,5,
0,0,7.501104354858398,0,5a724a2b5542990c210a40bc,0.0,0,3,3,
0,0,5.651777744293213,0,5ae54b4f5542990ba0bbb261,0.3333333333333333,1,3,3,
0,0.5,4.030725717544556,1,5a77c3d55542995d831812af,0.5,2,3,4,
0,0,5.8011205196380615,0,5abaa8b355429901930fa87f,0.0,0,3,7,
0,0,5.6965954303741455,0,5a716ec85542994082a3e82d,0.0,0,3,5,
0,0,5.898679494857788,0,5a8456ef5542990548d0b289,0.0,0,3,6,
0,0,5.67801570892334,0,5ac5382c5542996feb3fea43,0.0,0,3,5,
0,0,37.655823945999146,5,5add95035542990dbb2f7e77,0.0,0,18,3,
0,0,5.792521238327026,0,5a7a567255429941d65f25bd,0.3333333333333333,1,3,3,
0,0,5.7593560218811035,0,5adea0c5554299728e26c776,0.0,0,3,5,
0,0,5.698549032211304,0,5add38355542990dbb2f7dd0,0.0,0,3,3,
0,0,5.696645975112915,0,5ae0af5555429945ae95941e,0.5,2,3,4,
0,0,5.826270818710327,0,5a802ff25542992bc0c4a6d2,1.0,1,3,1,
0,0,13.130001783370972,1,5adf099a5542992d7e9f927f,0.0,0,6,5,
0,0,5.607113599777222,0,5abbf7d755429931dba145eb,0.25,1,3,4,
0,0,5.693429231643677,0,5a8f7a135542992414482adc,0.4,2,3,5,
0,0,5.795064926147461,0,5ab3bcc55542992ade7c6e66,0.0,0,3,2,
0,0,5.817446231842041,0,5ae3c5535542991a06ce9a20,0.2,2,3,10,
0,0,5.824799537658691,0,5ae2098e5542997f29b3c21b,0.25,1,3,4,
0,0,5.68339991569519,0,5ab849d955429916710eb017,0.3333333333333333,1,3,3,
0,0,5.810907363891602,0,5a82bc7455429940e5e1a926,0.0,0,3,2,
0,0,5.709859371185303,0,5ac5484d5542994611c8b48d,0.0,0,3,1,
0,0,5.847257614135742,0,5a89432b554299669944a519,0.0,0,3,5,
0,0,6.072556734085083,0,5a8f077b554299458435d526,0.0,0,3,5,
0,0,5.748428583145142,0,5a80735b554299485f5985f3,0.2,1,3,5,
0,0.2,5.87700343132019,0,5adcceda5542990d50227d31,0.3333333333333333,1,3,3,
0,0,5.626864671707153,0,5a8bd9c95542997f31a41de2,0.06666666666666667,1,3,15,
0,0,5.843191862106323,0,5ae08a0455429924de1b70fc,0.0,0,3,1,
0,0,5.829793930053711,0,5a8b3f8a5542995d1e6f131f,1.0,2,3,2,
0,0,5.701599597930908,0,5a8d5f16554299585d9e37c5,0.0,0,3,2,
0,0,5.942415952682495,0,5ae37e525542992e3233c42d,0.0,0,3,3,
0,0,5.733596563339233,0,5ab973b35542996be20204fd,0.0,0,3,4,
0,0,7.4420857429504395,0,5ab7c3df5542993667794003,0.0,0,3,3,
0,0,5.629187345504761,0,5ade8802554299728e26c72d,1.0,2,3,2,
0,0,5.631114482879639,0,5ae4ea2a5542993aec5ec0ee,0.0,0,3,2,
0,0,11.49798059463501,1,5abd44d955429933744ab760,0.0,0,6,5,
0,0,5.8232176303863525,0,5a75e62f5542992d0ec06013,0.0,0,3,2,
0,0,11.42674970626831,1,5ac173295542994ab5c67d45,0.0,0,6,3,
0,0,38.53260827064514,5,5ac1ff2255429964131be2b3,0.0,0,18,7,
0,0,5.709471940994263,0,5a8838635542997e5c09a5a9,0.0,0,3,4,
0,0,5.843554496765137,0,5a7e3a3f5542995ed0d166dd,0.0,0,3,4,
0,0,5.797132253646851,0,5a771de05542993569682cc8,0.0,0,3,3,
0,0,5.875178813934326,0,5ab6bae95542995eadef0086,0.0,0,3,3,
0,0,5.837173700332642,0,5ac46bb05542991943173983,0.6,3,3,5,
0,0,7.461114883422852,0,5ae7ed9555429952e35ea9e6,0.6666666666666666,2,3,3,
0,0,5.638178110122681,0,5ac18b585542994ab5c67d76,0.0,0,3,1,
0,0,5.624767780303955,0,5a8e296f554299068b959e71,0.5,1,3,2,
0,0,12.3131103515625,1,5a848eff5542990548d0b2cd,0.0,0,6,3,
0,0,5.8382556438446045,0,5ae1d4e75542997f29b3c143,0.0,0,3,3,
0,0,5.7724995613098145,0,5ae0f97a5542997b2ef7d0c1,0.25,1,3,4,
0,0,5.6445841789245605,0,5a7e14505542995ed0d16685,0.0,0,3,6,
0,0,5.843025207519531,0,5a8e36835542995085b373e2,0.0,0,3,6,
0,0,5.662203550338745,0,5ae63e3255429929b0807aff,0.0,0,3,4,
0,0,5.852064609527588,0,5adcfe5f5542992c1e3a24f0,0.3333333333333333,1,3,3,
0,0,5.661261320114136,0,5ac4f2e755429924173fb503,1.0,1,3,1,
0,0,5.6789586544036865,0,5adf50c05542992d7e9f931e,0.0,0,3,3,
0,0,6.059630393981934,0,5ae5b971554299546bf82f3a,0.0,0,3,6,
0,0,11.49370527267456,1,5abbdc3f55429931dba145af,0.4,2,6,5,
0,0,5.659988164901733,0,5ab71f7d554299110f219ab9,0.0,0,3,3,
0,0,5.885672569274902,0,5ae527945542993aec5ec167,0.0,0,3,4,
0,0,5.771916151046753,1,5ae3ac665542994393b9e73f,0.25,1,3,4,
0,0,5.615814447402954,0,5aba943c554299232ef4a33e,0.0,0,3,4,
0,0,5.729926586151123,0,5a7fb1b25542992097ad2fb2,0.0,0,3,5,
0,0,5.656337022781372,0,5ae47df15542996836b02cba,0.5,1,3,2,
0,0,5.725229978561401,0,5adbfaa655429947ff173888,0.0,0,3,2,
0,0,5.641612768173218,0,5a7cffb755429907fabef09f,0.0,0,3,6,
0,0,5.668654441833496,0,5a73354f5542991f9a20c687,0.0,0,3,3,
0,0,6.31858229637146,0,5ae33fa95542990afbd1e0f2,0.0,0,3,2,
0,0,5.671886205673218,0,5a835c895542993344746009,0.0,0,3,8,
0,0,17.055338144302368,1,5a776fc15542997042120a3a,0.0,0,6,3,
0,0,5.875728130340576,0,5adf04c95542993a75d263d5,0.0,0,3,6,
0,0,4.269005298614502,1,5a84a8ce5542997175ce1f1c,0.0,0,3,8,
0,0,5.7315287590026855,0,5a75eda35542994ccc918661,0.0,0,3,6,
0,0,11.986092567443848,1,5adf33965542993344016c20,0.2,1,6,5,
0,0,5.902416944503784,0,5ae5eb0d554299546bf82fd2,0.0,0,3,3,
0,0,5.798665523529053,0,5a8603f655429960ec39b601,0.0,0,3,7,
0,0,6.194280624389648,0,5add4dd35542992ae4cec507,0.3333333333333333,1,3,3,
0,0,5.824832916259766,1,5a7d109855429909bec7692f,0.5,1,3,2,
0,0,5.741490125656128,0,5a7a37b85542996c55b2dd3f,0.0,0,3,5,
0,0,19.062844276428223,2,5a824858554299676cceb247,0.0,0,9,4,
0,0,5.616788625717163,0,5ac538025542996feb3fea41,0.0,0,3,4,
0,0,5.67673659324646,0,5ac44629554299194317395d,0.0,0,3,3,
0,0,5.883573055267334,0,5a778a3b5542992a6e59dec7,1.0,1,3,1,
0,0,4.190249919891357,1,5a7a36e65542990198eaf0ea,0.0,0,3,2,
0,0,5.823992967605591,0,5a7c084d5542997c3ec972c8,0.0,0,3,6,
0,0,5.775773048400879,0,5a80c79155429938b61421da,0.0,0,3,6,
0,0,5.715856552124023,0,5a85fe2f5542996432c57165,0.0,0,3,2,
0,0,5.881121873855591,0,5a77174f55429966f1a36c4c,0.0,0,3,4,
0,0,5.703916072845459,0,5a8d7edc55429941ae14dfdc,0.5,1,3,2,
0,0,5.971003532409668,0,5a74f8bd5542993748c8976a,0.0,0,3,5,
0,0,5.762901544570923,0,5a7aa0a55542990198eaf165,0.0,0,3,6,
0,0,5.847534656524658,0,5adbf43655429947ff173864,0.0,0,3,1,
0,0,5.7527875900268555,0,5ab64285554299637185c67c,0.2,1,3,5,
0,0,5.72950553894043,0,5a713f3c5542994082a3e6eb,0.2,1,3,5,
0,0,7.62751841545105,0,5ac50dd05542994611c8b343,0.5,1,3,2,
0,0,5.578463554382324,0,5ae1500655429920d52343cc,0.5,1,3,2,
0,0,5.698603868484497,0,5a80993d5542996402f6a589,0.0,0,3,10,
0,0,5.650542736053467,0,5add3ccc5542997545bbbce5,0.0,0,3,4,
0,0,5.708506345748901,0,5ac34ed0554299741d48a248,0.5,3,3,6,
0,0,5.916901350021362,0,5a8634fe554299211dda2aac,0.2,1,3,5,
0,0,5.718147277832031,0,5adf34955542993a75d26423,0.0,0,3,4,
0,0,5.837340354919434,0,5ae3f4fe5542995ad6573ce8,0.0,0,3,3,
0,0,5.710148572921753,0,5abd1daa55429933744ab72e,0.0,0,3,2,
0,0,5.979682445526123,0,5a73b2fd55429978a71e907f,0.14285714285714285,1,3,7,
0,0,5.6635823249816895,0,5a7d3cbb5542995f4f402243,0.0,0,3,4,
0,0,5.744033336639404,0,5a773d8955429966f1a36cc4,0.2,1,3,5,
0,0,5.837266445159912,0,5a8d0940554299585d9e379e,0.0,0,3,10,
0,0.14285714285714285,5.73229193687439,0,5ac160af5542994d76dccdfa,0.0,0,3,11,
0,0,5.894944906234741,0,5ab6cebd55429954757d3378,0.25,1,3,4,
0,0,5.720536947250366,0,5ab5f9a0554299488d4d9a6d,0.0,0,3,3,
0,0,5.789369821548462,0,5a801f215542992bc0c4a6b2,0.0,0,3,1,
0,0,5.984762191772461,0,5ae72fc5554299572ea54770,0.3333333333333333,1,3,3,
0,0,5.703473091125488,0,5a83eaae55429933447460b4,0.4,2,3,5,
0,0,7.52023458480835,0,5a7b3d565542992d025e67b6,0.25,1,3,4,
0,0,6.072385787963867,0,5a7f244255429934daa2fcec,0.0,0,3,5,
0,0,5.9407618045806885,0,5a8ac0595542992d82986f6c,0.0,0,3,5,
0,0,6.210484504699707,0,5ac3044f5542990b17b154dc,0.0,0,3,2,
0,0,5.793594598770142,0,5ac23f5655429951e9e684d9,0.0,0,3,2,
0,0,5.930811643600464,0,5adbe0df554299438c868cc0,0.3333333333333333,1,3,3,
0,0,5.652034282684326,0,5a7dcdea5542990b8f503abc,0.0,0,3,2,
0,0,5.866272449493408,0,5a72b8de5542994cef4bc3df,0.0,0,3,5,
0,0,5.746057510375977,0,5a7c2819554299683c1c62db,0.0,0,3,3,
0,0,5.692591190338135,0,5a7da6cb5542990b8f5039ff,0.0,0,3,4,
0,0,5.816565036773682,0,5ae7909f5542994a481bbda6,0.3333333333333333,1,3,3,
0,0,5.732812166213989,0,5ab465095542991751b4d75a,0.6666666666666666,2,3,3,
0,0,5.959940433502197,0,5abda4dd55429965af743d95,0.0,0,3,4,
0,0,11.566110134124756,1,5a75d8a3554299109176e5a6,0.25,1,6,4,
0,0,5.811626434326172,0,5abe91895542993f32c2a168,0.0,0,3,2,
0,0,5.769197225570679,0,5ac5188255429924173fb5a3,0.0,0,3,7,
0,0,6.026341676712036,0,5ae531ee5542990ba0bbb1ff,0.0,0,3,9,
0,0,5.819148778915405,0,5ab804305542995dae37ea14,0.0,0,3,7,
0,0,7.64812445640564,0,5ac4da3b554299076e296e17,0.0,0,3,5,
0,0,5.735004425048828,0,5ae75eb45542991bbc976201,0.0,0,3,2,
0,0,5.742283344268799,0,5ae5be475542990ba0bbb2c6,0.09090909090909091,1,3,11,
0,0.18181818181818182,5.881713151931763,0,5ab8111c5542991d3222382b,0.3333333333333333,1,3,3,
0,0,5.715972900390625,0,5ac3dfb15542995c82c4ac71,0.0,0,3,3,
0,0,5.8393473625183105,0,5ae4a2e25542996836b02cee,0.0,0,3,14,
0,0,5.749192476272583,0,5a8f799d55429918e830d22d,0.5,1,3,2,
0,0,6.021404027938843,0,5ac2ea1a5542990b17b154a1,0.0,0,3,4,
0,0,5.991163015365601,0,5a88e2f35542993b751ca8ad,0.0,0,3,4,
0,0,5.735764265060425,0,5ae55d1e55429960a22e02cb,0.0,0,3,5,
0,0,5.846867799758911,0,5a8d263f554299653c1aa139,0.0,0,3,9,
0,0,5.7930169105529785,0,5ae3606b5542991a06ce99a8,0.0,0,3,3,
0,0,5.987669229507446,0,5adefdd75542995ec70e8f4e,0.0,0,3,3,
0,0,5.84801983833313,0,5a734acf5542991f9a20c6ec,0.3333333333333333,1,3,3,
0,0,5.7580931186676025,0,5a8750945542996432c57264,0.14285714285714285,1,3,7,
0,0,5.967669725418091,0,5ab1cdf8554299722f9b4c84,0.25,1,3,4,
0,0,5.838402509689331,0,5adf490a5542993a75d26488,0.0,0,3,5,
0,0,6.022281169891357,0,5ab43b8a5542991779162c22,0.0,0,3,4,
0,0,5.878424406051636,0,5abb73425542996cc5e49ff5,0.0,0,3,3,
0,0.18181818181818182,7.527146339416504,0,5a84a65d5542992a431d1a83,0.0,0,3,11,
0,0,5.686437129974365,0,5adff2aa554299603e4183d0,0.0,0,3,7,
0,0,5.648021697998047,0,5ac046c65542996f0d89cb71,0.0,0,3,4,
0,0,5.8903889656066895,0,5a90386455429916514e7435,0.3333333333333333,1,3,3,
0,0,5.803745985031128,0,5aded04755429975fa854fa7,0.3333333333333333,1,3,3,
0,0,5.818214416503906,0,5ae063085542993d6555eb37,0.0,0,3,6,
0,0,12.432922124862671,1,5ae6363b55429929b0807af0,0.5,1,6,2,
0,0,5.949960470199585,0,5adc6825554299438c868da1,0.0,0,3,3,
0,0,5.724166393280029,0,5abec9b25542997ec76fd366,0.0,0,3,8,
0,0,8.347892999649048,0,5a7a18b05542990783324e53,0.2,1,3,5,
0,0,5.79457950592041,0,5ac1a4745542991316484b82,0.0,0,3,3,
0,0,5.886416912078857,0,5a7302b75542991f9a20c5fd,0.0,0,3,6,
0,0,5.827487230300903,0,5a825a9d55429940e5e1a870,0.0,0,3,4,
0,0,5.857997179031372,0,5a8501915542997175ce1f5a,0.0,0,3,7,
0,0,5.873740911483765,0,5ae7ee41554299540e5a56b0,0.0,0,3,4,
0,0,5.763363838195801,0,5add2397554299473435386f,0.0,0,3,6,
0,0,22.842271089553833,2,5ae4cda05542990ba0bbb148,0.0,0,9,3,
0,0,5.784259080886841,0,5ae1412a55429920d523434c,0.5,2,3,4,
0,0,5.658944368362427,0,5a8ed7b455429917b4a5bdd1,0.0,0,3,4,
0,0,5.901943206787109,0,5abb61735542993f40c73aef,0.25,1,3,4,
0,0,5.7156147956848145,0,5ae2a0a1554299495565dae9,0.0,0,3,2,
0,0,5.850232362747192,0,5ae60dcc554299546bf83043,0.0,0,3,6,
0,0,5.827556610107422,0,5a7cd72055429909bec7683b,1.0,2,3,2,
0,0,5.7142863273620605,0,5ab865ad5542992aa3b8c8dd,0.0,0,3,6,
0,0,5.919198751449585,0,5adface25542995ec70e906c,0.0,0,3,4,
0,0,5.762123346328735,0,5aba901055429955dce3ee87,0.0,0,3,6,
0,0,5.930696964263916,0,5ae544d75542990ba0bbb249,0.0,0,3,3,
0,0,5.872750997543335,0,5ae14b5c55429920d52343aa,0.2,1,3,5,
0,0,4.11935830116272,1,5abbaed855429931dba144aa,0.4,2,3,5,
0,0,6.021986722946167,0,5adfb698554299603e418385,0.0,0,3,6,
0,0,5.781340599060059,0,5a8481945542997175ce1ed3,0.0,0,3,6,
0,0,5.965627908706665,0,5ab1dcab5542993be8fa985e,0.0,0,3,3,
0,0,5.782685279846191,0,5add44f35542997545bbbd0c,0.0,0,3,5,
0,0,5.943315267562866,0,5a7f404a55429930675136dd,0.0,0,3,4,
0,0,7.505000829696655,0,5ab60aec554299110f2199c3,0.0,0,3,2,
0,0,5.734856128692627,0,5a8f93f5554299458435d67e,0.0,0,3,3,
0,0,5.860547304153442,0,5a8a231a55429930ff3c0cb4,1.0,1,3,1,
0,0,5.711425542831421,0,5adec96e5542995534e8c712,0.0,0,3,2,
0,0,5.884422302246094,0,5a77691455429966f1a36d2b,0.0,0,3,3,
0,0,5.727187156677246,0,5a774e415542994aec3b7280,0.0,0,3,4,
0,0,5.744539499282837,0,5abb189e5542996cc5e49fa4,0.0,0,3,4,
0,0,5.906785488128662,0,5ab8756755429934fafe6dd3,0.2,1,3,5,
0,0,5.743335247039795,0,5adbe2c65542996e68525274,0.07692307692307693,1,3,13,
0,0,5.860440254211426,0,5a838eba5542992ef85e22fe,0.0,0,3,10,
0,0,5.718316078186035,0,5a888c9d5542997e5c09a612,0.0,0,3,4,
0,0,5.8908772468566895,0,5ab2342a5542993be8fa98c3,0.0,0,3,2,
0,0,5.9076409339904785,0,5abd0296554299114383a1d1,0.0,0,3,3,
0,0,5.821218490600586,0,5abb07ec5542996cc5e49f55,0.125,1,3,8,
0,0,5.945844650268555,0,5a81c7d15542990a1d231ea9,0.0,0,3,4,
0,0,5.8712358474731445,0,5a7652785542992db9473760,0.0,0,3,5,
0,0,5.885674238204956,0,5abd0ac45542992ac4f381b5,0.0,0,3,3,
0,0,5.7434117794036865,0,5ae0ba15554299603e41844d,0.0,0,3,2,
0,0,5.920859336853027,0,5ae1338d55429901ffe4ade1,0.0,0,3,6,
0,0,7.5162272453308105,0,5ae65b845542992ae0d162f1,0.0,0,3,3,
0,0,5.688666582107544,0,5ae2138c5542997283cd23b7,0.0,0,3,4,
0,0.2,5.813421964645386,0,5a7e3b585542995ed0d166df,0.0,0,3,3,
0,0,5.714001893997192,0,5ae54b3d5542990ba0bbb260,0.5,1,3,2,
0,0,5.8353352546691895,0,5ab4774d5542991751b4d781,0.5,1,3,2,
0,0,6.278784513473511,0,5ae7ac495542993210983eee,0.2,1,3,5,
0,0,5.797367572784424,0,5a7d26bd554299452d57bb28,0.0,0,3,2,
0,0,5.885733366012573,0,5ae690b055429908198fa622,0.0,0,3,4,
0,0,5.768675804138184,0,5a7299e75542991f9a20c524,0.0,0,3,3,
0,0,5.864837646484375,0,5abb4b4a5542993f40c73aea,0.25,1,3,4,
0,0,5.793255567550659,0,5a7fb1e55542995d8a8ddef7,0.0,0,3,3,
0,0,5.817345380783081,0,5abe36745542991f66106101,0.0,0,3,6,
0,0,6.305315017700195,0,5ab84dea55429934fafe6d4f,0.0,0,3,3,
0,0,5.933822393417358,0,5abe765a55429976d4830b1f,0.0,0,3,2,
0,0,5.960042476654053,0,5a85a8655542997b5ce40011,0.0,0,3,3,
0,0,5.783135890960693,0,5ac31b0a554299741d48a1f0,0.0,0,3,2,
0,0,5.969128370285034,0,5ae6479a55429929b0807b1b,0.0,0,3,2,
0,0,5.87422776222229,0,5ac2cfab554299657fa29079,0.25,1,3,4,
0,0,5.766946315765381,0,5a7c64bc5542996dd594b913,0.0,0,3,5,
0,0,7.600236415863037,0,5ade27e05542997c77aded7d,0.16666666666666666,1,3,6,
0,0,5.682069540023804,0,5adfa6c7554299025d62a326,0.0,0,3,3,
0,0,5.771289348602295,0,5ae361805542992e3233c3c9,0.25,1,3,4,
0,0,5.757473707199097,0,5add870b5542995b365fab3c,0.0,0,3,9,
0,0,5.7290732860565186,0,5ab84f2c55429934fafe6d54,0.5,1,3,2,
0,0,5.863378047943115,0,5a8ee2855542995a26add550,0.0,0,3,7,
0,0,5.772201299667358,0,5abeb3525542993fe9a41d03,0.0,0,3,3,
0,0,5.923811435699463,0,5ab762fb55429928e1fe3857,0.0,0,3,5,
0,0,5.73769474029541,0,5a739d8c55429905862fe073,0.0,0,3,3,
0,0,5.817018747329712,0,5abc715f5542993a06baf8ea,0.0,0,3,1,
0,0,5.811584711074829,0,5ab804065542990e739ec7e0,0.0,0,3,5,
0,0,5.7025086879730225,0,5a7e21165542995ed0d166a2,0.0,0,3,4,
0,0,4.275359392166138,1,5ae473545542995dadf2433d,,,,,
0,0,5.798104763031006,0,5a84973e5542992a431d1a67,0.0,0,3,5,
0,0,5.8541083335876465,0,5a7a47be5542994f819ef1b2,0.2,1,3,5,
0,0,5.846648693084717,0,5abc8d00554299700f9d78fd,0.0,0,3,4,
0,0,5.8584935665130615,0,5ab1c6c5554299722f9b4c67,0.0,0,3,3,
0,0,11.811283111572266,1,5ab2a01d5542992953946778,0.0,0,6,5,
0,0,7.561835050582886,0,5ab42ef55542991751b4d6d9,0.0,0,3,4,
0,0,5.670577049255371,0,5ae0968955429924de1b7105,0.0,0,3,8,
0,0,5.843133449554443,0,5adefe645542992d7e9f926c,0.0,0,3,3,
0,0,12.060748815536499,1,5a82edae55429966c78a6a9f,1.0,1,6,1,
0,0,5.7875072956085205,0,5abd68b45542993062266c77,0.0,0,3,8,
0,0,5.742052316665649,0,5a7345185542992359bc32cb,0.0,0,3,6,
0,0,5.8102569580078125,0,5adde6535542990dbb2f7ef9,0.0,0,3,5,
0,0,5.726210832595825,0,5ab7ef0f5542991d322237ca,0.0,0,3,3,
0,0,5.743389844894409,0,5ae20cd25542997283cd2376,0.0,0,3,2,
0,0,5.88843846321106,0,5a7da3a95542990b8f5039e6,0.0,0,3,4,
0,0,5.687365293502808,0,5ac2c22e5542990b17b15485,0.0,0,3,3,
0,0,5.890679836273193,0,5ae4d3a55542990ba0bbb164,0.0,0,3,6,
0,0,5.683833837509155,0,5ac19f405542991316484b5b,0.0,0,3,6,
0,0,5.939790487289429,0,5ac00278554299012d1db56b,0.0,0,3,13,
0,0,12.506291389465332,1,5a7d2ecc5542995ed0d16629,0.0,0,6,15,
0,0,5.9007933139801025,0,5abd5a135542992ac4f3829f,0.0,0,3,4,
0,0,5.773947238922119,0,5ab8f33155429919ba4e237f,0.2,1,3,5,
0,0,7.534032821655273,0,5a7f57a45542992097ad2f29,0.0,0,3,4,
0,0,5.721248626708984,0,5a7e14a65542995ed0d16686,0.0,0,3,4,
0,0,5.75676155090332,0,5a859a755542992a431d1b6d,0.25,2,3,8,
0,0,5.740072250366211,0,5ab4304a55429942dd415ec5,0.0,0,3,8,
0,0,5.729541301727295,0,5a81d54a55429903bc27b9d4,0.14285714285714285,1,3,7,
0,0,5.8709681034088135,0,5a79257b55429974737f79a7,0.5,1,3,2,
0,0,5.798498868942261,0,5ae5feaf5542996de7b71ac6,0.5,1,3,2,
0,0,5.867357015609741,0,5ac1767a5542994d76dcce48,0.0,0,3,7,
0,0,5.726202487945557,0,5a74feb75542996c70cfae6d,0.0,0,3,5,
0,0,5.719291687011719,0,5adf3e835542993a75d26442,0.25,1,3,4,
0,0.1818181818181818,0.3611147403717041,0,5ae608f2554299546bf83026,,,,,
0,0,5.98246955871582,0,5a88a6975542994846c1cea4,1.0,1,3,1,
0,0,5.732105016708374,0,5a83f07455429933447460be,0.0,0,3,4,
0,0.14285714285714285,5.8372642993927,0,5ab2979c554299449642c919,0.0,0,3,4,
0,0,5.771548271179199,0,5a79131a554299148911f9e3,0.0,0,3,7,
0,0,5.710871696472168,0,5a87d8355542993e715abfe4,0.0,0,3,8,
0,0,5.853100776672363,0,5a80707e5542992bc0c4a70e,0.0,0,3,4,
0,0,5.695359706878662,0,5ab3f6935542992339550019,0.0,0,3,4,
0,0,5.9097607135772705,0,5a81a84e5542990a1d231e4e,0.0,0,3,1,
0,0.22222222222222224,5.723886966705322,0,5ae5f1a8554299546bf82fd9,0.5,1,3,2,
0,0,7.67680025100708,0,5a8a2a5555429930ff3c0ccc,0.3333333333333333,1,3,3,
0,0,5.6462342739105225,0,5adfeab455429942ec259b86,0.0,0,3,3,
0,0,5.746323823928833,0,5abd56355542993062266c58,0.0,0,3,6,
0,0,11.355874300003052,1,5a7e22ed5542995ed0d166a7,0.0,0,6,3,
0,0,5.844914436340332,0,5a881ea055429938390d3ef3,0.0,0,3,4,
0,0,4.263700246810913,1,5ab4e48655429942dd415f9c,0.0,0,3,11,
0,0,11.676122903823853,1,5a84bc5b5542991dd0999dc3,0.0,0,6,6,
0,0,5.9478068351745605,0,5a739b1955429978a71e9044,0.0,0,3,5,
0,0,5.8683998584747314,0,5adc368155429944faac2468,0.0,0,3,2,
0,0,5.772683382034302,0,5ac519a95542994611c8b38b,0.0,0,3,3,
0,0,5.869234800338745,0,5a88abf75542997e5c09a6a1,0.0,0,3,4,
0,0,11.28205132484436,1,5ac3d90b5542995c82c4ac4b,0.0,0,6,7,
,,,,5ab97d0a5542996be202051e,,,,,Ollama request exceeded timeout limit for model stable-qwen with error: timed out
0,0,5.8036885261535645,0,5a7553a95542996c70cfaedf,0.0,0,3,4,
0,0,5.886013746261597,0,5adc035c554299438c868d04,0.16666666666666666,1,3,6,
0,0,13.334645509719849,1,5ae60d36554299546bf8303e,0.0,0,6,5,
0,0,5.622589349746704,0,5a7543d555429916b01642ce,0.0,0,3,2,
,,,,5ae5d63b5542996de7b71a2d,,,,,Ollama request exceeded timeout limit for model stable-qwen with error: timed out
0,0,5.914909839630127,0,5ab442645542991751b4d70c,0.0,0,3,6,
0,0,6.047250270843506,0,5a802bf05542992bc0c4a6b7,0.0,0,3,7,
0,0,6.581369400024414,0,5ac072ef554299294b218fe4,0.0,0,3,3,
0,0,6.119511842727661,0,5ab4b7d15542996a3a969fbc,0.14285714285714285,1,3,7,
0,0,6.142450571060181,0,5add1aa65542990d50227de1,0.0,0,3,3,
0,0,6.441640853881836,0,5a7354d55542994cef4bc55a,0.2857142857142857,2,3,7,
0,0,14.29106616973877,1,5ade1c9e55429939a52fe822,0.5,1,6,2,
0,0,5.909872055053711,0,5adce3b95542990d50227d56,0.0,0,3,2,
0,0,5.749692440032959,0,5ac313a0554299741d48a1b0,0.2,1,3,5,
0,0,5.90812611579895,0,5abf931f5542990832d3a158,0.0,0,3,4,
0,0,5.7629289627075195,0,5ae324775542994393b9e62f,0.3333333333333333,1,3,3,
0,0,5.9356865882873535,0,5a79093955429974737f794b,0.0,0,3,3,
0,0,5.810765504837036,0,5ade8bd955429975fa854f04,0.5,1,3,2,
0,0,5.893695116043091,0,5a84a1c85542992a431d1a7c,0.0,0,3,5,
0,0,7.48185658454895,0,5abed7d75542990832d3a0f7,0.5,1,3,2,
0,0,13.972341060638428,1,5ae365205542990afbd1e12d,0.0,0,6,5,
0,0,5.7798261642456055,0,5a8f9dca55429918e830d295,0.0,0,3,11,
0,0.22222222222222224,13.28607726097107,1,5ae61351554299546bf83066,0.0,0,6,4,
0,0,5.784558534622192,0,5ae50c345542993aec5ec11f,0.0,0,3,3,
0,0,5.810633897781372,0,5abcefc45542993a06baf9b4,0.0,0,3,2,
0,0,5.747065782546997,0,5a887898554299206df2b2a2,0.0,0,3,8,
0,0,5.8772807121276855,0,5a803ed45542996402f6a496,0.14285714285714285,1,3,7,
0,0,5.735016822814941,0,5a8f97305542997ba9cb32e3,0.2,1,3,5,
0,0,5.8338093757629395,0,5ab5ceb65542997d4ad1f1e2,0.0,0,3,3,
0,0,12.358421802520752,1,5ae7e8f55542994a481bbe06,0.6666666666666666,2,6,3,
0,0,5.855976581573486,0,5a8c7ac2554299653c1aa08e,0.0,0,3,3,
0,0,5.836626052856445,0,5a8192045542995ce29dcc04,0.3333333333333333,1,3,3,
0,0,5.9329893589019775,0,5a866b5b554299211dda2b23,0.0,0,3,3,
0,0.2,5.782701730728149,0,5ae1a525554299234fd042a9,0.0,0,3,2,
0,0,5.690792560577393,0,5abb23035542992ccd8e7f22,0.0,0,3,2,
0,0,7.588595151901245,0,5abce43855429959677d6b18,0.0,0,3,3,
0,0.25,5.650957822799683,0,5a8e07185542995085b37389,0.0,0,3,2,
0,0,6.4635679721832275,0,5a8ed10b5542995085b374a0,0.0,0,3,1,
0,0,14.533287048339844,1,5adf2fa35542993344016c11,0.0,0,6,2,
0,0,5.708709239959717,0,5a804e845542992bc0c4a6e9,0.0,0,3,5,
0,0,12.31191372871399,1,5a78d06355429974737f78b4,0.0,0,6,3,
0,0,5.69576621055603,0,5ac3dfee554299204fd21eab,0.0,0,3,4,
0,0,5.8109824657440186,0,5add48465542992200553a80,0.5,1,3,2,
0,0,5.685795307159424,0,5a7c917e5542990527d554d3,0.0,0,3,5,
0,0,5.7322657108306885,0,5a7e6c725542991319bc94a4,0.0,0,3,4,
0,0,5.938083171844482,0,5a7558425542992db9473647,0.3333333333333333,2,3,6,
0,0,5.961466073989868,0,5a849cc95542997175ce1efa,0.0,0,3,1,
,,,,5a84e9d35542994c784dda84,,,,,Ollama request exceeded timeout limit for model stable-qwen with error: timed out
0,0,5.774739027023315,0,5ab6bdd255429953192ad36e,0.0,0,3,2,
0,0,5.8891308307647705,0,5ac3126f5542995ef918c0e8,0.0,0,3,6,
0,0,5.836300849914551,0,5a81e04455429903bc27b9f9,0.0,0,3,4,
0,0,5.804121017456055,0,5ab3d2b7554299233954ffb8,0.0,0,3,3,
0,0,7.656256437301636,0,5a8d1f015542994ba4e3dc08,0.0,0,3,4,
0,0,8.373059749603271,0,5adf8d275542993344016cfb,0.0,0,3,3,
0,0,5.865614652633667,0,5a7949d45542994bb9456fdd,0.0,0,3,3,
0,0,5.860323667526245,0,5aba0c2655429955dce3edb7,0.0,0,3,6,
0,0,5.698346376419067,0,5a89bbb05542992e4fca83a3,0.2,1,3,5,
0,0.18181818181818182,5.814304828643799,0,5ab4b2935542996a3a969fb5,0.0,0,3,7,
0,0,5.728132963180542,0,5a7cf4e355429907fabef062,0.16666666666666666,1,3,6,
0,0,5.881668329238892,0,5ab2be12554299295394686b,0.3333333333333333,1,3,3,
0,0,5.764736890792847,0,5a7cd5b05542990527d5553d,0.0,0,3,22,
0,0,5.846757411956787,0,5a70f4c45542994082a3e437,0.0,0,3,3,
0,0,5.782274007797241,0,5ae0818e55429924de1b70e9,0.0,0,3,2,
0,0,5.687783479690552,0,5adfb60655429942ec259b08,0.0,0,3,3,
0,0,5.907009601593018,0,5ab5de535542992aa134a3b6,0.0,0,3,2,
0,0,5.732610702514648,0,5ac2ffe7554299218029dbb3,0.25,1,3,4,
0,0.18181818181818182,5.891222238540649,0,5a8769475542993e715abf2b,0.0,0,3,3,
0,0,5.80904746055603,0,5a77f4755542992a6e59e01f,0.0,0,3,4,
0,0,5.69079852104187,0,5a78caa955429970f5fffd83,0.0,0,3,3,
0,0,5.861947774887085,0,5a8790785542993e715abfac,0.0,0,3,6,
0,0,5.798823595046997,0,5ab6bb575542995eadef0088,0.0,0,3,3,
0,0,0.5216588973999023,0,5ac2cdaa554299657fa29070,,,,,
0,0,7.936316967010498,0,5a729fa15542994cef4bc397,0.0,0,3,3,
0,0,5.733630180358887,0,5ae64ffd5542992ae0d162ce,0.0,0,3,9,
0,0,5.783281326293945,0,5a88a1e55542997e5c09a64d,0.0,0,3,2,
0,0,5.76509690284729,0,5ac34994554299741d48a242,0.0,0,3,4,
0,0,5.739545822143555,0,5ae382ee5542992e3233c430,0.5,1,3,2,
0,0,5.935651540756226,0,5a8a40015542996c9b8d5e72,0.0,0,3,4,
0,0,5.694977760314941,0,5a8810485542997e5c09a590,0.2,1,3,5,
0,0,5.939774990081787,0,5a7249b85542990c210a40b9,0.0,0,3,6,
0,0,5.733929634094238,0,5ae7281c5542991e8301cb69,0.0,0,3,4,
0,0.36363636363636365,4.179501056671143,1,5a888d535542997e5c09a617,0.3333333333333333,2,3,6,
0,0,6.281268835067749,0,5ae48c4e55429913cc204498,0.0,0,3,4,
0,0,5.7489564418792725,0,5a7e05635542995f4f40238f,0.0,0,3,7,
0,0,5.863791227340698,0,5ae3fec55542995dadf242a4,0.0,0,3,5,
0,0,5.7610108852386475,0,5add39c45542995b365faac5,1.0,1,3,1,
0,0,4.562189340591431,1,5a90629855429916514e749e,0.0,0,3,10,
0,0,5.741964101791382,0,5a85e2775542994775f60680,0.0,0,3,6,
0,0,5.801493167877197,0,5abba17a5542992ccd8e7f60,0.0,0,3,4,
0,0,12.83582329750061,1,5a8ece2e5542995085b37497,0.0,0,6,4,
0,0,7.591384410858154,0,5a7a749d5542994f819ef1e0,0.0,0,3,4,
0,0,5.681596517562866,0,5a7e075c5542995f4f4023a3,0.3333333333333333,2,3,6,
0,0,5.730391502380371,0,5abcfcf0554299114383a1b4,0.0,0,3,6,
0,0,4.191736459732056,1,5a78ed6855429970f5fffdd9,0.0,0,3,2,
0,0,5.80108642578125,0,5a8be8215542995e66a47518,0.0,0,3,4,
0,0,5.801031827926636,0,5a8f495c5542997ba9cb3220,0.0,0,3,5,
0,0,5.746019124984741,0,5a7db62d5542997cc2c4747c,0.0,0,3,1,
0,0,5.9192163944244385,0,5ae5db98554299546bf82fa6,0.2,1,3,5,
0,0,5.727966547012329,0,5a8a423255429930ff3c0d30,0.0,0,3,1,
0,0,5.703045129776001,0,5a80fb97554299260e20a1eb,0.0,0,3,3,
0,0,5.85816216468811,0,5ab27587554299449642c8af,0.0,0,3,5,
0,0.2,5.951082944869995,0,5a7c74a65542990527d554b0,0.0,0,3,5,
0,0,5.886232852935791,0,5a7ff71a5542992e7d278dd0,0.0,0,3,3,
0,0,5.723572015762329,0,5a89bf18554299669944a591,0.0,0,3,4,
0,0,6.207292556762695,0,5ae22f4e5542996483e6492f,0.25,1,3,4,
0,0,5.8955254554748535,0,5ab8c3c65542991b5579effd,0.5,2,3,4,
0,0,5.711711406707764,0,5a7d61645542997cc2c47455,0.0,0,3,7,
,,,,5a82d71555429966c78a6a94,,,,,Ollama request exceeded timeout limit for model stable-qwen with error: timed out
0,0,5.910513877868652,0,5a8ae5d355429970aeb70325,0.0,0,3,4,
0,0,7.600703477859497,0,5abccf6755429965836004ab,0.0,0,3,9,
0,0,5.667787075042725,0,5adcfc135542990d50227d87,0.0,0,3,2,
0,0,5.77458381652832,0,5a77c15f5542997042120b1c,0.0,0,3,1,
0,0,5.738111257553101,0,5a9064c755429916514e74a6,0.0,0,3,2,
0,0,5.847254276275635,0,5ab43b755542991779162c21,0.0,0,3,3,
0,0,5.906169414520264,0,5adf39765542993a75d26435,0.0,0,3,5,
0,0.18181818181818182,5.738570928573608,0,5a8ccea555429941ae14deeb,0.3333333333333333,1,3,3,
0,0.22222222222222224,5.777576446533203,0,5ab6390f5542995eadeeff7a,0.0,0,3,4,
0,0,5.96549391746521,0,5abd4f2e5542993062266c4b,0.0,0,3,3,
0,0,5.752597093582153,0,5ac0d981554299012d1db646,0.1111111111111111,1,3,9,
0,0,4.281824827194214,1,5a7c716d55429935c91b51b3,0.0,0,3,3,
0,0,5.784713506698608,0,5a77a44d5542997042120aba,0.0,0,3,8,
0,0,5.947616100311279,0,5a7cd0fd55429909bec76823,0.0,0,3,5,
0,0,15.353790760040283,1,5ac2a55b55429921a00ab018,0.0,0,6,3,
0,0,5.883211612701416,0,5ab8ca5d5542991b5579f005,0.5,1,3,2,
0,0,5.863225936889648,0,5ac3f1c9554299204fd21ed4,0.5,1,3,2,
0,0,6.123220205307007,0,5ac559bd5542993e66e82328,0.0,0,3,6,
0,0,5.843797922134399,0,5ade00855542997dc7907118,0.3333333333333333,1,3,3,
0,0.13333333333333333,7.952749967575073,0,5a8e61165542995085b3741a,0.0,0,3,4,
0,0,5.724503040313721,0,5abd05e655429965836004f1,0.0,0,3,5,
0,0,12.415904521942139,1,5a7fb1765542992e7d278d20,0.0,0,6,6,
0,0,5.732052326202393,0,5a722c2255429971e9dc932c,0.3333333333333333,1,3,3,
0,0,5.920749187469482,0,5ae1408a5542997b2ef7d17c,0.0,0,3,5,
0,0,5.8925111293792725,0,5a7562045542992db947364f,0.0,0,3,2,
0,0.09523809523809523,5.885449409484863,0,5ae6233c5542992ae0d1623e,0.0,0,3,5,
0,0,5.878655433654785,0,5a7cb94f554299683c1c6353,0.0,0,3,4,
0,0,5.736713886260986,0,5ae17d6855429901ffe4aea7,0.16666666666666666,1,3,6,
0,0,5.905144214630127,0,5ae69fa755429908198fa66c,0.0,0,3,12,
0,0,5.754873275756836,0,5ab56e085542992aa134a315,0.0,0,3,4,
0,0,5.730900287628174,0,5a79305755429907847277dd,0.0,0,3,3,
0,0,5.984255790710449,0,5a7b18d25542992d025e6768,0.0,0,3,4,
0,0,5.797111988067627,0,5add56a85542992200553abe,0.3333333333333333,1,3,3,
0,0,5.972645044326782,0,5ab44cd555429942dd415f10,1.0,1,3,1,
0,0,4.126327037811279,1,5a7140585542994082a3e6fa,1.0,1,3,1,
0,0,5.950887680053711,0,5ae1f079554299234fd04343,0.1,1,3,10,
0,0,5.942270994186401,1,5ab4314955429942dd415ecd,0.3333333333333333,1,3,3,
0,0,6.131797790527344,0,5ae3249555429928c423962f,0.75,3,3,4,
0,0,5.7741851806640625,0,5a89ba6b554299669944a584,0.16666666666666666,1,3,6,
0,0,5.742120265960693,0,5ae226bd5542994d89d5b379,0.0,0,3,5,
0,0,5.760535478591919,0,5ae0156455429942ec259c15,0.0,0,3,2,
0,0,5.701211214065552,0,5a7b85c4554299294a54a9d7,0.6666666666666666,2,3,3,
0,0,5.64694619178772,0,5ab262a4554299340b5254ac,0.0,0,3,3,
0,0,5.922163009643555,0,5a81d81e554299676cceb0f6,0.0,0,3,2,
0,0,5.702360391616821,0,5abee2df5542994516f4546a,0.0,0,3,3,
0,0,5.9004669189453125,0,5ac42ae45542997ea680ca18,0.0,0,3,6,
0,0,5.773339748382568,0,5abdf72055429976d4830a37,0.0,0,3,6,
0,0,5.968242168426514,0,5ae618325542996de7b71b56,0.25,1,3,4,
0,0,5.806776523590088,0,5a8fdd9c55429916514e73de,0.0,0,3,7,
0,0,5.709784507751465,0,5a875b2a5542993e715abf0f,0.0,0,3,3,
0,0,5.873859405517578,0,5a8ac44055429970aeb70304,0.0,0,3,5,
0,0,5.786592483520508,0,5ab55a9b5542992aa134a2ba,0.0,0,3,3,
0,0,13.305948495864868,1,5a88c92d5542993b751ca84e,0.0,0,6,2,
0,0,5.793633222579956,0,5ab972485542996be20204f6,0.0,0,3,5,
0,0,7.554799556732178,0,5adcaa7f5542990d50227cdb,0.0,0,3,3,
0,0,5.763375997543335,0,5a7933b255429907847277eb,1.0,1,3,1,
0,0,5.829679012298584,0,5ae30d4b55429928c42395cc,0.0,0,3,7,
0,0,5.666910171508789,0,5a7a6c1a5542994f819ef1d5,0.0,0,3,5,
0,0,5.732323408126831,0,5adfdd1c55429906c02daa74,0.0,0,3,3,
0,0,5.706012487411499,0,5a7265815542990c210a411b,0.0,0,3,6,
0,0,5.896960258483887,0,5a8c5794554299240d9c2131,0.25,1,3,4,
0,0,4.349571228027344,1,5a85ac1e5542997b5ce4001f,0.0,0,3,4,
0,0,5.8178040981292725,0,5a7a45425542990783324ee2,0.0,0,3,4,
0,0,5.9014551639556885,0,5abc40835542993a06baf8ba,0.0,0,3,4,
0,0,5.703321695327759,0,5a883afc5542994846c1ce48,0.0,0,3,6,
0,0,5.711987495422363,0,5ae0b68e55429906c02daafb,0.0,0,3,3,
0,0,5.846364736557007,0,5a7dacff5542991319bc93e0,0.5,1,3,2,
0,0.2,5.698225021362305,0,5adf6f075542993344016c91,0.3333333333333333,1,3,3,
0,0,5.800396203994751,0,5a7be1ab5542997c3ec972a9,0.5,2,3,4,
0,0,5.733188152313232,0,5a8753d95542994846c1cd63,0.0,0,3,1,
0,0,5.876927852630615,0,5a794f8155429970f5fffe95,0.0,0,3,6,
0,0,5.84949254989624,0,5ab53bee554299637185c526,0.0,0,3,4,
0,0,5.716600656509399,0,5ac1a5b45542991316484b8b,0.0,0,3,4,
0,0,7.625413656234741,0,5a79edfe5542990198eaf006,0.0,0,3,8,
0,0,11.489669561386108,1,5a72a3c45542994cef4bc3ac,0.3333333333333333,1,6,3,
0,0,5.735240697860718,0,5abfd3d65542994516f4550b,0.0,0,3,3,
0,0,5.7133965492248535,0,5ae39fb85542990afbd1e197,0.0,0,3,5,
0,0,5.846036672592163,0,5a7e1a2955429965cec5ea5d,0.0,0,3,9,
0,0,5.7438225746154785,0,5ab7bf3f5542991d322237a8,0.0,0,3,3,
0,0.09523809523809523,5.896475076675415,0,5a837121554299123d8c2128,0.0,0,3,3,
0,0,5.731407642364502,0,5ae616ce5542992663a4f259,0.0,0,3,3,
0,0,13.965887784957886,1,5ae375955542990afbd1e15d,0.3333333333333333,1,6,3,
0,0,5.756600379943848,0,5abcff225542993a06baf9ea,0.0,0,3,3,
0,0,13.386504650115967,1,5a74f5155542993748c89750,0.0,0,6,5,
0,0,12.059669733047485,1,5ab5c31b554299488d4d9a19,0.0,0,6,3,
0,0,5.7728235721588135,0,5ab7f3285542992aa3b8c88f,0.0,0,3,7,
0,0,5.959045648574829,0,5a7f53ff5542992097ad2f17,0.5,1,3,2,
0,0,5.886435270309448,0,5a7b88165542997c3ec971fe,0.0,0,3,1,
0,0,7.527361631393433,0,5a7b3ec95542995eb53be8d3,0.0,0,3,5,
0,0,12.135735034942627,1,5ae4843455429970de88d997,0.0,0,6,5,
0,0,5.711002588272095,0,5a73d951554299623ed4ac77,0.0,0,3,11,
0,0,5.695282936096191,0,5adce22c5542990d50227d51,0.0,0,3,7,
0,0,5.898113250732422,0,5ab412da5542996a3a969f15,0.0,0,3,2,
0,0,5.728201389312744,0,5a762cf0554299109176e6a4,0.0,0,3,8,
0,0,5.89450478553772,0,5a7ddd565542997cc2c474b2,0.0,0,3,4,
0,0,6.930549621582031,0,5a7b4073554299042af8f733,0.0,0,3,5,
0,0,5.760927677154541,0,5a873b0d5542994775f607ad,0.0,0,3,3,
0,0,5.832756757736206,0,5a778cae55429949eeb29eeb,0.0,0,3,7,
0,0,5.91634726524353,0,5a7c00a55542996dd594b87e,0.0,0,3,3,
0,0,6.2084760665893555,0,5a8f68795542992414482ab5,0.5,1,3,2,
0,0,5.924615859985352,0,5a8b6f9a5542995d1e6f138f,0.0,0,3,6,
0,0,5.862159967422485,0,5add98ef5542997545bbbd82,0.0,0,3,3,
0,0,5.776617527008057,0,5a7a5cc955429941d65f25d6,0.0,0,3,4,
0,0,5.711746454238892,0,5adc9d145542994d58a2f67d,0.0,0,3,1,
0,0,5.872433185577393,0,5a8af05d55429950cd6afc1a,0.14285714285714285,1,3,7,
0,0,5.822716474533081,0,5ae8164d5542994a481bbeb6,0.0,0,3,10,
0,0,7.559918642044067,0,5a8fdb955542990a98493572,0.0,0,3,4,
0,0,5.705503702163696,0,5abc6c2655429959677d6aac,0.2,1,3,5,
0,0,4.051827669143677,1,5a81a4615542995ce29dcc1e,0.0,0,3,7,
0,0,5.78815484046936,0,5a827ce155429940e5e1a8d7,0.0,0,3,6,
0,0,5.827739477157593,0,5a81f49c5542995ce29dcc9a,0.5,1,3,2,
0,0,6.361083984375,0,5a82bdd655429940e5e1a92a,0.0,0,3,3,
0,0,5.825122117996216,0,5a8457835542990548d0b28a,0.0,0,3,4,
0,0,5.881901502609253,0,5ae00a27554299025d62a3bb,1.0,1,3,1,
0,0,5.7012834548950195,0,5ae4aba25542995ad6573e12,0.0,0,3,2,
0,0,5.694473505020142,0,5ade99ad554299728e26c75d,0.0,0,3,6,
0,0,5.8876166343688965,0,5ab3c470554299233954ffa1,0.3333333333333333,1,3,3,
0,0,5.75300407409668,0,5abca1a55542993a06baf937,0.0,0,3,1,
0,0,5.969785213470459,0,5ab56db7554299494045efc6,0.6666666666666666,2,3,3,
0,0,5.820067882537842,0,5a905f2a55429933b8a204fb,0.0,0,3,1,
0,0,5.706117630004883,0,5ab9379a554299753720f79d,0.0,0,3,2,
0,0,4.793805837631226,1,5adc861c5542994d58a2f62c,0.2,1,3,5,
0,0,5.819038152694702,0,5ae5e62455429929b0807a07,0.0,0,3,3,
0,0,5.877249479293823,0,5ae64b1d55429929b0807b24,0.0,0,3,8,
0,0,5.788386583328247,0,5a71299e5542994082a3e5fe,0.0,0,3,4,
0,0,7.5236876010894775,0,5aba7bb4554299232ef4a2ee,0.0,0,3,7,
0,0,11.229416370391846,1,5a71446b5542994082a3e72a,0.0,0,6,5,
0,0,5.796494245529175,0,5a78fe8155429970f5fffe11,0.0,0,3,8,
0,0,5.766383171081543,0,5adddb415542992200553b61,0.0,0,3,11,
0,0,5.879853963851929,0,5a7545605542993748c89807,0.5,1,3,2,
0,0,4.005005836486816,1,5a90bdea55429916514e754b,0.0,0,3,4,
0,0,5.766523122787476,0,5abde4ed5542991f66106097,0.2,1,3,5,
0,0,5.96438455581665,0,5a7b4fee554299042af8f748,0.0,0,3,3,
0,0,5.760338544845581,0,5ab527205542996a3a96a03d,0.0,0,3,4,
0,0,5.9671947956085205,0,5adf5cd25542992d7e9f9320,0.25,1,3,4,
0,0,5.747705936431885,0,5a77d5e655429967ab1052cc,0.0,0,3,3,
0,0,5.846298456192017,0,5a7bb16f554299294a54aa9f,0.5,1,3,2,
0,0,5.797242164611816,0,5abebb8f5542994516f4540a,0.0,0,3,10,
0,0,5.716455936431885,0,5adfa451554299025d62a319,0.0,0,3,8,
0,0,5.950132131576538,0,5ab34a76554299233954ff3f,0.14285714285714285,1,3,7,
0,0,5.803264141082764,0,5ae178a155429901ffe4ae92,0.0,0,3,2,
0,0,6.008718729019165,0,5a823f61554299676cceb234,0.0,0,3,3,
,,,,5abefa5b5542997ec76fd3a3,,,,,Ollama request exceeded timeout limit for model stable-qwen with error: timed out
0,0,7.537436246871948,0,5abe80a855429976d4830b43,0.0,0,3,3,
0,0,5.908769845962524,0,5a7698c2554299373536010d,0.0,0,3,4,
0,0,5.689241170883179,0,5abd85375542993062266cba,0.0,0,3,3,
,,,,5a8de7c65542995085b37353,,,,,Ollama request exceeded timeout limit for model stable-qwen with error: timed out
0,0,5.787134170532227,0,5a734f4455429901807dafba,0.0,0,3,1,
0,0,11.5728759765625,1,5a7647505542992d0ec06089,0.5,1,6,2,
0,0,5.726272106170654,0,5a8f9c3f554299458435d69a,0.3333333333333333,1,3,3,
0,0,5.9888527393341064,0,5ae0aefe554299603e418437,0.25,1,3,4,
0,0,5.78885817527771,0,5ab93841554299131ca422cb,0.0,0,3,6,
0,0,6.0156683921813965,0,5a749af055429979e28829b7,0.0,0,3,4,
0,0,5.828413248062134,0,5ab587ad5542992aa134a34b,0.0,0,3,1,
0,0,5.794076442718506,0,5a8d9e0f554299441c6ba015,0.16666666666666666,1,3,6,
0,0,6.085218191146851,0,5ae0039555429942ec259be1,0.0,0,3,4,
0,0,5.784436941146851,0,5ae4758b5542995dadf24342,0.0,0,3,1,
0,0,5.888702392578125,0,5a7280105542994cef4bc2e4,0.0,0,3,3,
0,0,5.792888641357422,0,5a8b922e55429949d91db5e6,0.5,1,3,2,
0,0,5.996674537658691,0,5a89fa2655429970aeb701d2,0.0,0,3,4,
0,0,7.49980902671814,0,5ac2a3c7554299218029dadb,0.0,0,3,3,
0,0,5.611032485961914,0,5a75f0bf5542994ccc91866b,0.0,0,3,6,
0,0,5.907325029373169,0,5a7bb2595542995eb53be99b,0.0,0,3,3,
0,0,5.673246622085571,0,5ae3a1aa5542994393b9e72d,0.0,0,3,7,
0,0,5.922355890274048,0,5ab65e1e55429954757d3261,0.0,0,3,3,
0,0,5.796974420547485,0,5a8078e95542992bc0c4a72c,0.3333333333333333,1,3,3,
0,0,5.7999279499053955,0,5a72160e55429971e9dc9253,0.0,0,3,5,
0,0,5.93248176574707,0,5ab981555542996be2020532,0.0,0,3,3,
0,0,5.730028390884399,0,5ac15de55542991316484afb,0.14285714285714285,1,3,7,
0,0,5.895021677017212,0,5a76538d5542992db9473764,0.0,0,3,11,
0,0,5.724653244018555,0,5abeb7eb5542993fe9a41d1f,0.0,0,3,5,
0,0,5.91270899772644,0,5ab4832e5542991751b4d79d,0.0,0,3,3,
0,0,5.9358484745025635,0,5adf33a05542993344016c22,0.0,0,3,6,
0,0,6.033385276794434,0,5a84c4bb5542991dd0999dec,0.0,0,3,2,
0,0,6.027323484420776,0,5adc7b855542994650320d1e,0.0,0,3,1,
0,0,5.761134624481201,0,5a7a2be25542996a35c17118,0.0,0,3,5,
0,0,6.4046950340271,0,5a8016215542992bc0c4a6a3,0.0,0,3,1,
0,0,5.763654470443726,0,5adce3265542992c1e3a2466,0.0,0,3,5,
0,0,5.814319133758545,0,5ae8096f5542994a481bbe99,0.0,0,3,4,
0,0,7.55788516998291,0,5a776b82554299373536026f,0.0,0,3,3,
0,0,5.714498281478882,0,5a78eea555429970f5fffddf,0.3333333333333333,1,3,3,
0,0,5.896528482437134,0,5a816db055429903bc27b961,0.0,0,3,4,
0,0,5.763831853866577,0,5abfca465542993fe9a41e65,0.0,0,3,2,
0,0,11.57887601852417,1,5a75d8dc5542992db94736f0,0.0,0,6,4,
0,0,5.843660831451416,0,5ac3d667554299076e296ca5,0.0,0,3,9,
0,0,4.371417760848999,1,5ae52cb955429908b6326540,0.5,1,3,2,
0,0,5.7668046951293945,0,5ac17c025542994d76dcce70,0.0,0,3,5,
0,0,4.245282173156738,1,5abde4595542991f66106095,0.0,0,3,2,
0,0,5.64637303352356,0,5abe18e055429976d4830a74,0.3333333333333333,1,3,3,
0,0,5.721822500228882,0,5a7fac0055429969796c1b1b,0.375,3,3,8,
0,0,5.913371562957764,0,5ab984a2554299131ca4235a,0.0,0,3,4,
0,0,5.74771785736084,0,5a84d2775542994c784dda5f,0.125,1,3,8,
0,0,5.879194021224976,0,5a7324205542994cef4bc478,0.5,1,3,2,
0,0,6.1958327293396,0,5ab28c73554299340b525512,0.0,0,3,4,
0,0,5.872857570648193,0,5a8b91d25542995d1e6f13fc,0.0,0,3,2,
0,0,5.736596345901489,0,5ac2759655429921a00aaf7f,0.0,0,3,5,
0,0,5.85468864440918,0,5ac2eaab5542990b17b154a4,0.0,0,3,3,
0,0,7.60920786857605,0,5ab93262554299131ca422b6,0.0,0,3,4,
0,0,5.693279504776001,0,5a85ebe75542996432c5712a,0.0,0,3,2,
0,0,5.8631439208984375,0,5ae6a5d15542991bbc97615d,0.0,0,3,4,
0,0,5.719092607498169,0,5ae54c085542992663a4f1c4,0.0,0,3,5,
0,0,4.244874000549316,1,5ac248fd55429951e9e68525,0.0,0,3,2,
0,0,5.83536434173584,0,5add16b65542990d50227dd2,0.0,0,3,6,
0,0,5.688234806060791,0,5a84cd4b5542991dd0999dfe,0.0,0,3,2,
0,0,5.899968147277832,0,5a81f85d55429926c1cdadca,0.0,0,3,5,
0,0,5.681786775588989,0,5a7c35025542996dd594b8d7,0.0,0,3,9,
0,0,5.835831165313721,0,5a774c0155429966f1a36ce2,1.0,2,3,2,
0,0,5.745455980300903,0,5ab2c6a955429916697740c2,0.0,0,3,10,
0,0,3.9711432456970215,1,5ae5e0a6554299546bf82fa9,0.0,0,3,6,
0,0,5.912079095840454,0,5abd1b6e55429933744ab729,0.0,0,3,3,
0,0,5.979878187179565,0,5ae3d4345542992f92d82387,0.0,0,3,8,
0,0,5.914060115814209,0,5a82a91155429940e5e1a911,0.0,0,3,2,
0,0,5.72074294090271,0,5ab5ecd75542992aa134a3e6,0.25,1,3,4,
0,0,5.742018222808838,0,5a8e1577554299068b959e54,0.0,0,3,2,
0,0,5.863441705703735,0,5a7c8cea55429935c91b5214,0.0,0,3,6,
0,0,5.796839714050293,0,5ae532365542992663a4f150,0.0,0,3,5,
0,0,7.533153057098389,0,5ae1467a554299422ee99659,0.0,0,3,5,
0,0,5.6518425941467285,0,5a80b322554299485f5986c8,0.0,0,3,3,
0,0,6.217711925506592,0,5abe044d5542991f661060a7,0.0,0,3,5,
0,0,5.783081531524658,0,5ab2b666554299194fa934ca,0.0,0,3,3,
0,0,12.529427766799927,1,5a75404a55429916b01642be,0.0,0,6,5,
0,0,5.814137935638428,0,5adc411f5542994650320cbc,0.16666666666666666,1,3,6,
0,0,5.93292236328125,0,5ae01b8855429925eb1afc14,0.0,0,3,5,
0,0,5.7942047119140625,0,5a8c49655542995e66a47598,0.0,0,3,8,
0,0,5.871518135070801,0,5a79c9cc554299148911fa53,0.0,0,3,5,
0,0,5.838404178619385,0,5abf8e135542990832d3a14f,0.0,0,3,6,
0,0,5.762943744659424,0,5adcf83855429947343537e1,0.0,0,3,2,
0,0,5.964877128601074,0,5abcd19c5542993a06baf971,1.0,1,3,1,
0,0,11.508598566055298,1,5ab816b05542990e739ec815,0.0,0,6,4,
0,0,5.757520437240601,0,5ab3bfd3554299233954ff99,0.16666666666666666,1,3,6,
0,0,5.702321767807007,0,5ae55b8255429908b63265ef,0.0,0,3,8,
0,0,5.795982837677002,0,5a7108fa5542994082a3e4ef,0.3333333333333333,1,3,3,
0,0,5.719990968704224,0,5ae34b275542992e3233c371,0.0,0,3,1,
0,0,15.062052726745605,1,5a812cd555429926c1cdacfc,0.0,0,6,7,
0,0,5.667543172836304,0,5ade063d5542995b365fabcd,0.0,0,3,7,
0,0,5.914968967437744,0,5ac4efa85542991943173a04,0.0,0,3,4,
0,0,5.875632286071777,0,5ab33ef955429969a97a810e,0.3333333333333333,1,3,3,
0,0,5.872300863265991,0,5a7df7115542990b8f503b0f,0.0,0,3,2,
0,0,5.710399866104126,0,5adfd0d455429942ec259b4d,0.0,0,3,4,
0,0,14.623692035675049,1,5a7f697c5542992097ad2f59,0.0,0,6,6,
0,0,11.642885684967041,1,5ab5ec795542997d4ad1f252,0.0,0,6,3,
0,0,5.793246507644653,0,5ab5f249554299488d4d9a5d,0.5,1,3,2,
0,0,11.497540473937988,1,5a810d7655429903bc27b915,0.0,0,6,5,
0,0,5.736700534820557,0,5ac00de75542996f0d89cb13,0.5,2,3,4,
0,0,6.02085280418396,0,5adecc7755429975fa854f9d,0.3333333333333333,1,3,3,
0,0,5.895898818969727,0,5a7412b655429979e28828a1,0.0,0,3,7,
0,0,5.843914270401001,0,5ab484415542990594ba9c44,0.0,0,3,5,
0,0,5.753214359283447,0,5ac1436f5542991316484aad,0.0,0,3,1,
0,0,7.586214303970337,0,5ab234c65542993be8fa98c6,0.0,0,3,4,
0,0,5.696460723876953,0,5a775bd65542993569682d6b,0.0,0,3,4,
0,0,5.686997652053833,0,5add67705542992ae4cec54f,0.3333333333333333,1,3,3,
0,0,5.720575332641602,0,5a74b55455429974ef308c39,0.0,0,3,7,
0,0,5.7471699714660645,0,5a89e4585542992e4fca8454,0.0,0,3,3,
0,0,5.809974908828735,0,5ae32fc655429928c423965d,0.0,0,3,5,
0,0,5.7216103076934814,0,5abaf0ec5542996cc5e49f22,0.0,0,3,2,
0,0,5.740527629852295,0,5a80b52f554299485f5986d6,0.0,0,3,2,
0,0,6.909512758255005,0,5a7c47c35542990527d55481,0.5,1,3,2,
0,0,5.798397541046143,0,5ab487765542990594ba9c4e,0.0,0,3,4,
0,0,5.871500730514526,0,5ae72e79554299572ea54763,0.0,0,3,4,
0,0,5.747327089309692,0,5a8672e4554299211dda2b39,0.0,0,3,5,
0,0,5.884040117263794,0,5a8e27d45542995a26add46a,0.0,0,3,6,
0,0,5.754972696304321,0,5ac3d10b5542993915413952,0.0,0,3,2,
0,0,5.819030046463013,0,5ae37b4d5542991a06ce99ce,0.0,0,3,1,
0,0,5.879979133605957,0,5a7f010955429934daa2fc8b,0.14285714285714285,1,3,7,
0,0,5.848378896713257,0,5ac3b4cc554299741d48a2eb,0.14285714285714285,1,3,7,
0,0,5.862354040145874,0,5a8f55aa554299458435d5bc,0.0,0,3,1,
0,0,5.780557155609131,0,5ab4147a5542996a3a969f1e,0.16666666666666666,1,3,6,
0,0,7.53087854385376,0,5a7b40cd5542995eb53be8d4,0.2,1,3,5,
0,0,5.645371198654175,0,5ae3e59a5542994393b9e79e,0.0,0,3,1,
0,0,5.757613897323608,0,5ae34a225542992e3233c370,0.25,1,3,4,
0,0,5.783072471618652,0,5ab950bd55429970cfb8ea4c,0.3333333333333333,1,3,3,
0,0,5.661206245422363,0,5a8ed8b955429917b4a5bdd3,0.0,0,3,4,
0,0,5.850414991378784,0,5ae45b6b55429970de88d943,0.0,0,3,3,
0,0,5.8374857902526855,0,5a8ff69655429916514e73f1,0.0,0,3,2,
0,0,5.761458396911621,0,5ab4b9f75542990594ba9ca4,0.0,0,3,6,
0,0,5.89810848236084,0,5aba97ed55429901930fa84d,0.0,0,3,7,
0,0,6.32677149772644,0,5a7af8fa55429927d897bf25,0.0,0,3,3,
0,0,6.013253211975098,0,5a8d09a955429941ae14df71,0.0,0,3,2,
0,0,6.251720666885376,0,5a8727dd5542991e771816f8,0.0,0,3,3,
0,0,5.832110643386841,0,5adbfb6b55429947ff17388d,1.0,1,3,1,
0,0,5.969676733016968,0,5ae494575542995dadf2434d,0.14285714285714285,1,3,7,
0,0,5.740880727767944,0,5a808b57554299485f598651,0.0,0,3,4,
0,0,5.857277870178223,0,5a8b59a65542995d1e6f137c,0.0,0,3,7,
0,0,5.729099273681641,0,5ac06191554299294b218fab,0.5,1,3,2,
0,0,5.820115566253662,0,5a8205b755429926c1cdadee,0.0,0,3,9,
0,0,7.462041854858398,0,5ae2090a5542997f29b3c214,0.0,0,3,3,
0,0.2,5.812509536743164,0,5ae4ad375542995dadf243a4,0.16666666666666666,1,3,6,
0,0,5.815349102020264,0,5a716a9b5542994082a3e821,0.0,0,3,2,
0,0,11.294127464294434,1,5ab674b7554299110f219a0c,1.0,2,6,2,
0,0,5.797525405883789,0,5ac370ce5542995ef918c18c,0.0,0,3,2,
0,0,5.695034027099609,0,5ae76c235542991e8301cc97,0.0,0,3,2,
0,0,5.85467267036438,0,5a7e05f75542995f4f402394,0.0,0,3,7,
0,0,5.850827932357788,0,5ab7f1315542991d322237d1,0.3333333333333333,1,3,3,
0,0,5.8591015338897705,0,5a8b6ac055429949d91db5a5,0.0,0,3,8,
0,0,5.8584887981414795,0,5ab9535a5542996be202047e,0.3333333333333333,1,3,3,
0,0,6.360365629196167,0,5a7c0aa15542997c3ec972cd,0.0,0,3,8,
0,0,5.7365882396698,0,5ab6ba045542995eadef007e,0.0,0,3,5,
0,0,5.901131629943848,0,5ab89cc25542991b5579efc3,0.0,0,3,3,
0,0,5.859081745147705,0,5ae1e2765542997f29b3c162,0.0,0,3,8,
0,0,5.894644260406494,0,5ae5e762554299546bf82faf,0.0,0,3,7,
0,0,6.042245388031006,0,5a75428b55429916b01642c8,0.0,0,3,5,
0,0,11.404683351516724,1,5a84b5975542991dd0999da3,0.0,0,6,7,
0,0,7.53378963470459,0,5a7797a555429967ab105208,0.25,1,3,4,
0,0,5.730157136917114,0,5abe64bf55429976d4830b13,0.0,0,3,4,
0,0,5.812199592590332,0,5a7af74e55429931da12c9b5,0.3333333333333333,2,3,6,
0,0,5.734727144241333,0,5adea19a55429939a52fe919,0.5,1,3,2,
0,0,5.960835218429565,0,5addffff5542992200553bdd,0.0,0,3,6,
0,0,5.854448080062866,0,5adce4f65542992c1e3a2474,0.0,0,3,5,
0,0,5.723972797393799,0,5a85f4425542994775f606c4,0.0,0,3,5,
0,0.16666666666666666,5.857833385467529,0,5ab7f27e5542991d322237d6,0.0,0,3,5,
0,0,5.757803440093994,0,5ae236445542992decbdcc69,0.14285714285714285,1,3,7,
0,0,4.250237703323364,1,5ab8397155429919ba4e2272,0.0,0,3,7,
0,0,5.989845037460327,0,5a88016b5542997e5c09a58a,0.0,0,3,5,
0,0,6.151387929916382,0,5ac2cb125542996773102626,0.0,0,3,1,
0,0,5.872186183929443,0,5a7220f055429971e9dc92ac,0.0,0,3,3,
0,0,5.778010129928589,0,5a7a073a5542990783324dfb,0.0,0,3,4,
0,0,5.980525255203247,0,5ab985eb554299131ca42360,0.0,0,3,9,
0,0,5.742613315582275,0,5a84abaf5542997b5ce3ff06,0.0,0,3,6,
0,0,6.022008895874023,0,5ab8883455429916710eb084,0.3333333333333333,1,3,3,
0,0,11.465772867202759,1,5a80caac554299260e20a161,0.0,0,6,3,
0,0.25,7.562763452529907,0,5a7b6e1d5542997c3ec9716e,0.0,0,3,4,
0,0,5.616934537887573,0,5ab935c755429934fafe6e74,0.0,0,3,4,
0,0,5.829030752182007,0,5a8e3f2d5542995a26add48f,0.0,0,3,4,
0,0,5.647977590560913,0,5a89da93554299669944a5cc,0.6666666666666666,2,3,3,
0,0,5.691614627838135,0,5a7efd2f5542994959419a9c,0.0,0,3,2,
0,0,5.88091778755188,0,5abed4d55542990832d3a0e0,0.0,0,3,2,
0,0,5.7102789878845215,0,5abd583255429924427fcfb9,0.5,1,3,2,
0,0.18181818181818182,5.904881715774536,0,5ae684fe5542991bbc97610e,0.0,0,3,3,
0,0.4,5.787815570831299,0,5ab2958c554299449642c912,0.0,0,3,3,
0,0,5.844954013824463,0,5a7c6753554299683c1c62f9,0.16666666666666666,1,3,6,
0,0,5.737959384918213,0,5a74bfa55542996c70cfadcf,0.0,0,3,6,
0,0,5.752479076385498,0,5aba55f25542994dbf0198e0,0.1111111111111111,1,3,9,
0,0,5.855486631393433,0,5ac507825542994611c8b32b,0.0,0,3,3,
0,0,5.770614862442017,0,5a79258a55429974737f79a8,0.0,0,3,2,
0,0,5.8273913860321045,0,5a7f732d5542992e7d278d02,0.0,0,3,6,
0,0,5.671709775924683,0,5a87c7dc5542996e4f30891b,0.0,0,3,8,
0,0.024096385542168672,15.78844141960144,1,5a7769a35542993569682d8f,0.6666666666666666,2,6,3,
0,0,7.4186789989471436,0,5a712c4b5542994082a3e622,0.0,0,3,2,
0,0,9.151638507843018,0,5addd5795542990dbb2f7e9d,0.0,0,3,4,
0,0,7.3763062953948975,0,5a7a77425542995eb53be83e,0.0,0,3,5,
0,0,7.459860324859619,0,5a84995d5542997b5ce3fee4,0.0,0,3,8,
0,0,11.401793479919434,1,5a7e618155429949594199b0,0.16666666666666666,1,6,6,
0,0,5.863335371017456,0,5ac258cc554299636651998e,0.0,0,3,5,
0,0,5.6880011558532715,0,5adf75e35542993344016c98,0.0,0,3,4,
0,0,5.7894110679626465,0,5a775f8a5542994aec3b72ba,0.0,0,3,8,
0,0,5.724817991256714,0,5a84b7db5542991dd0999db0,0.0,0,3,4,
0,0,5.733151435852051,0,5abe024c5542991f661060a2,0.0,0,3,7,
0,0,5.888205289840698,0,5ac5391e5542994611c8b439,0.0,0,3,4,
0,0,5.747646808624268,0,5abff0625542997ec76fd476,0.0,0,3,4,
0,0,5.833934307098389,0,5ae277575542996483e649b2,0.0,0,3,4,
0,0,5.704438209533691,0,5a7ca0ef55429907fabeefd3,0.0,0,3,5,
0,0,31.391016960144043,3,5ae3eeb25542995dadf2425e,0.0,0,12,2,
0,0,15.783278226852417,1,5a886098554299206df2b248,0.0,0,6,5,
0,0,5.710407018661499,0,5ae1e9635542997f29b3c19e,0.2,1,3,5,
0,0,5.819923400878906,0,5a85b0c85542994c784ddb40,0.0,0,3,8,
0,0,5.876445293426514,0,5abe9f7d5542997ec76fd331,0.0,0,3,6,
0,0,5.76277232170105,0,5ae692e35542996d980e7c0e,0.0,0,3,1,
0,0,5.839028835296631,0,5a762f4755429976ec32bd44,0.0,0,3,10,
0,0,5.776795864105225,0,5ae763aa5542995703ce8c09,0.0,0,3,1,
0,0,27.226826429367065,3,5adfe6c455429906c02daa85,0.0,0,12,2,
0,0,30.752039909362793,4,5a8230af554299676cceb227,0.0,0,15,9,
0,0,5.769359588623047,0,5a79240955429974737f79a4,0.0,0,3,6,
0,0,32.31365394592285,4,5a888b8e5542997e5c09a60a,0.0,0,15,5,
0,0,5.836071014404297,0,5ab529965542990594ba9d1e,0.0,0,3,4,
0,0,5.672086715698242,0,5abe3f3455429976d4830aa8,0.0,0,3,3,
0,0,5.841445446014404,0,5ae352285542994393b9e685,0.5,1,3,2,
0,0,5.795343399047852,0,5a8b82a05542995d1e6f13d0,0.0,0,3,5,
0,0,5.698049068450928,0,5ab2bc6b554299545a2cfa40,0.0,0,3,2,
0,0,5.73889946937561,0,5adf07f25542992d7e9f9279,0.0,0,3,3,
0,0,5.660839796066284,0,5a7dca645542990b8f503aab,0.0,0,3,8,
0,0,5.925583600997925,0,5a7136e25542994082a3e67e,0.0,0,3,11,
0,0,5.717445373535156,0,5ae1faf15542997f29b3c1e3,0.0,0,3,4,
0,0,5.84420371055603,0,5a7d5c175542991319bc93b1,0.0,0,3,2,
0,0.2,5.77972936630249,0,5addfdfa5542997dc790710b,0.0,0,3,4,
0,0,5.725477695465088,0,5a7c6fde55429907fabeef87,0.0,0,3,3,
0,0,5.8280298709869385,0,5ade043d5542997dc7907122,0.0,0,3,2,
0,0,13.702722549438477,1,5ae7376f5542992ae0d163d2,0.2857142857142857,2,6,7,
0,0,33.40368676185608,4,5ae2994d554299492dc91c31,0.0,0,15,6,
0,0,5.72892165184021,0,5a7a0a2d5542990783324e06,0.0,0,3,3,
0,0,5.782931566238403,0,5a8ad8b65542992d82986fa2,0.0,0,3,4,
0,0,5.691938638687134,0,5a89007355429938390d4026,0.0,0,3,6,
0,0,5.69576096534729,0,5ab934465542996be202043e,0.0,0,3,3,
0,0,5.804509878158569,0,5ae4a75a55429913cc2044bc,0.0,0,3,2,
0,0,5.677301645278931,0,5a865cac55429960ec39b675,0.0,0,3,1,
0,0,5.811071872711182,0,5a82e36255429940e5e1a93b,0.0,0,3,4,
0,0,5.680717468261719,0,5a7348555542994cef4bc503,0.0,0,3,11,
0,0,6.027013063430786,0,5adf34ff5542992d7e9f92ce,0.0,0,3,4,
0,0,5.823029041290283,0,5a7568175542992d0ec05f88,0.0,0,3,2,
0,0,5.750684976577759,0,5a817d8c55429903bc27b974,0.0,0,3,22,
0,0,6.388211011886597,0,5a74d92555429929fddd84fa,0.6666666666666666,2,3,3,
0,0,5.768714189529419,0,5ae7793c554299540e5a55c2,0.0,0,3,4,
0,0,5.863833427429199,0,5ab296a6554299194fa93415,0.16666666666666666,1,3,6,
0,0,34.27231168746948,4,5a7d1c525542995ed0d165f2,0.0,0,15,6,
0,0,12.202160596847534,1,5ac403c45542997ea680c9b5,0.0,0,6,2,
0,0,6.361236572265625,0,5a84d4555542992a431d1aac,0.1111111111111111,1,3,9,
0,0,5.723796129226685,0,5a8b83bc55429949d91db5c0,0.0,0,3,10,
0,0,5.831494569778442,0,5ab8338155429919ba4e2260,0.0,0,3,4,
0,0,5.834941387176514,0,5ab66e1355429954757d32b2,0.0,0,3,4,
0,0,5.828082799911499,0,5a8a521d5542992d82986f15,0.0,0,3,1,
0,0,5.825629949569702,0,5ab99a215542996be202056a,0.0,0,3,7,
0,0,5.73542046546936,0,5ae7a5f05542993210983ece,0.0,0,3,5,
0,0,5.87775993347168,0,5a7e59c855429934daa2fc0f,0.0,0,3,2,
0,0,5.721956729888916,0,5a735bae55429901807dafef,0.0,0,3,2,
0,0,5.927949666976929,0,5a7f0be055429930675135fe,0.0,0,3,7,
0,0,5.82613730430603,0,5adce12e5542990d50227d4f,0.0,0,3,1,
0,0,5.806115388870239,0,5a8ab6be5542992d82986f5f,0.0,0,3,5,
0,0,7.630440711975098,0,5ae796af554299540e5a5623,0.25,1,3,4,
0,0,5.740011692047119,0,5a80e468554299260e20a1a9,0.5,2,3,4,
0,0,5.7597198486328125,0,5ae4accf5542995ad6573e19,0.0,0,3,4,
0,0,6.169372320175171,0,5ab632aa55429953192ad296,0.0,0,3,3,
0,0,5.775465488433838,0,5a7c96e55542990527d554d9,0.0,0,3,3,
0,0,5.818727970123291,0,5ab6ba9d5542995eadef0083,0.0,0,3,2,
0,0,5.778248071670532,0,5ac2a288554299657fa28ff5,0.0,0,3,8,
0,0,5.806783437728882,0,5ab2123155429970612095b9,0.6666666666666666,2,3,3,
0,0,5.814342260360718,0,5a7b192855429927d897bf39,0.25,1,3,4,
0,0,5.982815742492676,0,5ac510255542994611c8b353,0.6666666666666666,2,3,3,
0,0,11.728623390197754,1,5ae5fb55554299546bf82ff6,0.0,0,6,6,
0,0,5.950929880142212,0,5ac4e593554299076e296e37,0.0,0,3,3,
0,0,5.763199090957642,0,5ae5f47c5542996de7b71a82,0.0,0,3,6,
0,0,4.212581157684326,1,5ab2da99554299194fa93544,1.0,1,3,1,
0,0,5.756788492202759,0,5a7cba005542990527d55516,0.0,0,3,2,
0,0,5.952823638916016,0,5a80ac53554299485f5986a0,0.0,0,3,5,
0,0,5.853713035583496,0,5ae3f7575542995dadf24277,0.0,0,3,4,
0,0,5.776662111282349,0,5a76a1a35542993735360122,0.0,0,3,1,
0,0,7.461592197418213,0,5a8f72de5542997ba9cb3266,0.0,0,3,4,
0,0,5.649672508239746,0,5ade618e554299728e26c700,0.0,0,3,4,
0,0,5.798527240753174,0,5ab474b35542990594ba9c25,0.0,0,3,4,
0,0,5.721084833145142,0,5addf9e05542997dc79070f9,0.0,0,3,4,
0,0.2,5.742661476135254,0,5a7a06775542996a35c1708c,0.0,0,3,4,
0,0,5.873895168304443,0,5a8a58f355429930ff3c0da3,0.0,0,3,2,
0,0,5.7885308265686035,0,5a86265f55429960ec39b625,1.0,1,3,1,
0,0,5.848409175872803,0,5add39e75542997545bbbcc4,0.0,0,3,6,
0,0,5.69836950302124,0,5ab82bbb5542990e739ec84c,0.0,0,3,3,
0,0,5.884797811508179,0,5a86ab7755429960ec39b6bf,0.0,0,3,5,
0,0,5.900278568267822,0,5a872c3f5542994775f607a8,0.0,0,3,7,
0,0,6.120248794555664,0,5ab201765542993be8fa98a4,0.0,0,3,2,
0,0,5.913940191268921,0,5ae7f0c75542994a481bbe44,0.0,0,3,3,
0,0,5.777523040771484,0,5a747a9a55429929fddd8444,0.25,1,3,4,
0,0.11764705882352941,5.83917760848999,0,5a80cf4c55429938b61421f6,0.0,0,3,6,
0,0,5.776992321014404,0,5adf72335542992d7e9f935f,0.6666666666666666,2,3,3,
0,0,5.809340000152588,0,5abe76c255429965af743f15,0.0,0,3,5,
0,0,6.056216239929199,0,5a8545ba5542997b5ce3ffdd,1.0,3,3,3,
0,0,5.702623605728149,0,5a87136e5542991e771816b2,0.0,0,3,3,
0,0,7.551270008087158,0,5a7c04c85542996dd594b881,0.3333333333333333,1,3,3,
0,0,5.694389343261719,0,5adf99065542992d7e9f93b0,0.0,0,3,5,
0,0,5.752028703689575,0,5a7a15d35542996a35c170c4,0.0,0,3,20,
0,0,11.386403799057007,1,5a88ba2c554299206df2b34b,0.0,0,6,5,
0,0,5.917022228240967,0,5a78dc4d55429970f5fffdb6,0.0,0,3,3,
0,0,5.870464563369751,0,5ae0b7cf554299603e418446,1.0,1,3,1,
0,0,5.886500120162964,0,5ae705725542995703ce8bbc,0.0,0,3,5,
0,0,5.824591398239136,0,5a813e1b55429903bc27b958,0.0,0,3,6,
0,0,5.920046329498291,0,5adc99d95542994ed6169baa,0.3333333333333333,1,3,3,
0,0,5.967663049697876,0,5adf39d55542992d7e9f92e6,0.0,0,3,2,
0,0,5.726622104644775,0,5a8dd13055429917b4a5bcba,0.3333333333333333,1,3,3,
0,0,5.858533620834351,0,5a74325055429979e28828b3,0.0,0,3,3,
0,0,5.815477132797241,0,5a753c8c55429916b01642ab,0.0,0,3,4,
0,0,5.897578954696655,0,5ae5e881554299546bf82fbb,0.0,0,3,5,
0,0,6.03007698059082,0,5a8787915542996e4f30882e,0.0,0,3,8,
0,0.5,4.08362078666687,1,5a770d785542993569682cad,0.0,0,3,5,
0,0,5.9376890659332275,0,5ab2e3c45542991669774126,0.0,0,3,5,
0,0,5.919593095779419,0,5a75d45f5542994ccc918630,0.0,0,3,3,
0,0,7.584353446960449,0,5a83d7d05542992ef85e237a,0.0,0,3,4,
0,0,5.664324045181274,0,5a8a5a1955429930ff3c0da7,0.0,0,3,2,
0,0,5.732323408126831,0,5a8fa2955542992414482b11,0.0,0,3,3,
0,0,6.051095247268677,0,5a80aeef5542992097ad301a,0.25,1,3,4,
0,0,5.7829859256744385,0,5ae67def5542991bbc9760f3,0.0,0,3,5,
0,0,5.9155189990997314,0,5ab1f494554299706120959c,0.2,1,3,5,
0,0,5.771856307983398,0,5ae78f3b554299540e5a5608,0.0,0,3,2,
0,0,5.8738014698028564,0,5ade1f0555429975fa854e74,0.0,0,3,3,
0,0,5.7456536293029785,0,5ab594545542997d4ad1f183,0.5,1,3,2,
0,0,12.917320489883423,1,5a90d25655429916514e7585,0.6666666666666666,2,6,3,
0,0,5.72937536239624,0,5a78a84d554299148911f8fd,0.16666666666666666,1,3,6,
0,0,5.898735523223877,0,5abe369055429976d4830a8a,0.5,2,3,4,
0,0,5.731328010559082,0,5a7b69b155429927d897bfbc,0.0,0,3,5,
0,0,5.770550012588501,0,5a8389445542996488c2e450,0.0,0,3,2,
0,0,5.948789834976196,0,5ae74baa5542997b22f6a68f,0.0,0,3,6,
0,0,5.743290424346924,0,5ac2a35055429967731025ce,0.0,0,3,12,
0,0,5.925997257232666,0,5ae1b1445542997283cd223d,0.0,0,3,3,
0,0,5.811060190200806,0,5ae7525f5542991e8301cc60,0.0,0,3,3,
0,0,7.498121500015259,0,5a80752b5542992bc0c4a720,0.5,2,3,4,
0,0,5.628972291946411,0,5ab94e72554299743d22eaed,0.0,0,3,3,
0,0,5.760849475860596,0,5ab82dbb5542990e739ec857,0.0,0,3,3,
0,0,5.813744783401489,0,5a7e1bae55429965cec5ea6f,0.0,0,3,5,
0,0,5.799025058746338,0,5ab9be4f554299753720f843,0.0,0,3,3,
0,0,5.846688270568848,0,5a76364d5542994ccc918719,0.0,0,3,4,
0,0,5.819830417633057,0,5a72a9145542994cef4bc3c1,0.6,3,3,5,
0,0,5.708662748336792,0,5ae76dfd5542997b22f6a755,0.0,0,3,7,
0,0,6.055433750152588,0,5adca5a45542994d58a2f692,0.0,0,3,3,
0,0,11.608846426010132,1,5ab797af5542995dae37e96c,0.0,0,6,3,
0,0,5.762446165084839,0,5a728f745542991f9a20c4e6,0.0,0,3,8,
0,0,11.558266162872314,1,5a8cb4b2554299585d9e372a,0.0,0,6,2,
0,0,5.801862716674805,0,5a8e41735542995085b37406,0.0,0,3,16,
0,0,5.901112079620361,0,5abea9a35542990832d3a07e,0.0,0,3,2,
0,0,13.204313039779663,1,5ab7b0775542992aa3b8c83e,0.0,0,6,1,
0,0,27.421245098114014,3,5adc75525542994650320d0e,0.0,0,12,3,
0,0,5.830852508544922,0,5a823b0c55429940e5e1a804,0.0,0,3,1,
0,0,5.711146593093872,0,5abc25b6554299700f9d77f9,0.0,0,3,4,
0,0,5.868042945861816,0,5adc760c5542994650320d11,0.75,3,3,4,
0,0,5.796360731124878,0,5ae33cf45542990afbd1e0ea,0.0,0,3,2,
0,0,5.789880275726318,0,5abadc355542996606241644,0.0,0,3,4,
0,0,6.022475481033325,0,5ac3ae885542995ef918c1e7,0.0,0,3,8,
0,0,5.717698574066162,0,5abcfa6f5542993a06baf9c7,0.0,0,3,2,
0,0,5.898447036743164,0,5ab29e87554299194fa9346e,0.0,0,3,5,
0,0,5.756276607513428,0,5a8d4cf35542994ba4e3dc5f,0.0,0,3,3,
0,0,5.808830976486206,0,5ac19b2c55429963665198b6,0.5,1,3,2,
0,0,5.938096523284912,0,5adc983c5542990d50227cb6,0.3333333333333333,1,3,3,
0,0,5.7002880573272705,0,5abd0ee65542996e802b46d7,0.0,0,3,3,
0,0,5.926742076873779,0,5a8d841955429941ae14dfe6,0.0,0,3,4,
0,0,5.762248277664185,0,5ae0bb2c5542993d6555ec27,0.0,0,3,4,
0,0,5.880843639373779,0,5a73b1855542992d56e7e388,0.0,0,3,12,
0,0,7.426461458206177,0,5abb7d8b5542996cc5e4a006,0.0,0,3,3,
0,0,5.732254981994629,0,5a716dc15542994082a3e82b,0.0,0,3,3,
0,0,5.813665866851807,0,5a8078d85542995d8a8ddf78,1.0,1,3,1,
0,0,5.79093599319458,0,5abd049d5542992ac4f381a8,0.0,0,3,5,
0,0,5.835092544555664,0,5a8434445542996488c2e517,0.4,2,3,5,
0,0,5.782653093338013,0,5addf3d65542990dbb2f7f0e,0.0,0,3,2,
0,0,5.9074530601501465,0,5a7577145542996c70cfaf03,0.25,1,3,4,
0,0,5.901010751724243,0,5a7747e15542994aec3b7266,0.3333333333333333,1,3,3,
0,0,5.707726716995239,0,5adc020a5542994650320c4c,0.0,0,3,4,
0,0,5.8211376667022705,0,5ac007cc5542996f0d89cb0b,0.0,0,3,1,
0,0,5.832566499710083,0,5ae7eb43554299540e5a5695,0.0,0,3,4,
0,0,5.848892688751221,0,5a72a4645542991f9a20c54c,0.0,0,3,3,
0,0,20.391485452651978,2,5ae74eeb5542991bbc9761e1,0.25,1,9,4,
0,0,5.828953266143799,0,5ae2e73a55429928c4239545,0.0,0,3,3,
0,0,5.924487590789795,0,5a75e60e55429976ec32bc88,0.14285714285714285,2,3,14,
0,0,5.906526803970337,0,5a7b2144554299042af8f6f7,0.0,0,3,9,
0,0,5.847357511520386,0,5ab8633c55429919ba4e22d6,0.0,0,3,4,
0,0,7.90286922454834,0,5adfa570554299025d62a31c,0.0,0,3,12,
0,0,5.6909894943237305,0,5ab2b6fb5542992953946848,0.0,0,3,5,
0,0,11.90515398979187,1,5ab865195542990e739ec8e3,0.5,2,6,4,
0,0,5.807190656661987,0,5abd83775542993062266cb7,0.14285714285714285,1,3,7,
0,0,5.725961208343506,0,5a7d22dc5542995ed0d16600,0.5,1,3,2,
0,0,5.730119943618774,0,5a7456ec55429979e288290f,0.0,0,3,4,
0,0,5.86055064201355,0,5a77510b5542994aec3b728b,0.5,1,3,2,
0,0,5.764065980911255,0,5a8f12705542997ba9cb31be,0.0,0,3,2,
0,0,5.870922088623047,0,5a7bd25a554299294a54ab13,0.0,0,3,4,
0,0,6.180212736129761,0,5a8482e55542997175ce1edc,0.0,0,3,3,
0,0,5.789351463317871,0,5ae1b01b5542997283cd2237,0.14285714285714285,1,3,7,
0,0,5.889117956161499,0,5a8cc08455429941ae14deea,0.0,0,3,4,
0,0,5.787777423858643,0,5adf74255542992d7e9f937d,0.5,3,3,6,
0,0,5.890897989273071,0,5add74b75542992200553b24,0.0,0,3,4,
0,0,5.793232202529907,0,5ae2e61455429928c423953e,0.2,1,3,5,
0,0,5.904228448867798,0,5a79ced45542994bb94570cb,0.0,0,3,5,
0,0,5.784528732299805,0,5a7a8d2355429941d65f26a1,0.0,0,3,4,
0,0,5.753376483917236,0,5ae400ab5542995dadf242be,0.5,1,3,2,
0,0,7.690765857696533,0,5a7fb17c5542994857a767bb,0.16666666666666666,1,3,6,
0,0,5.766698122024536,0,5a7735f55542994aec3b7226,0.5,2,3,4,
0,0,5.813979387283325,0,5a735e9155429901807db00d,0.0,0,3,4,
0,0,5.60707688331604,0,5a7f33115542992e7d278c84,0.0,0,3,1,
0,0,5.753245115280151,0,5a7b681b554299042af8f767,0.0,0,3,1,
0,0,5.900362968444824,0,5ae0a2c75542993d6555ebcf,0.0,0,3,5,
0,0,5.756233215332031,0,5ae38b115542990afbd1e183,0.0,0,3,1,
0,0,6.348486423492432,0,5a81e89d5542995ce29dcc72,0.0,0,3,2,
0,0,5.732295513153076,0,5ae2125e554299495565d9db,0.3333333333333333,1,3,3,
0,0,5.874033451080322,0,5a8dce155542994ba4e3dd24,0.0,0,3,5,
0,0,38.58725094795227,5,5a75d00a5542992db94736d1,1.0,1,18,1,
0,0,12.37222170829773,1,5a8a203c55429970aeb7026d,0.0,0,6,3,
0,0,13.987378597259521,1,5a85f4ec5542994775f606c6,0.0,0,6,1,
0,0,5.694709539413452,0,5a7e3c6e5542994959419937,0.0,0,3,3,
0,0,5.761573076248169,0,5a85d4395542996432c570f5,0.0,0,3,4,
0,0,5.688452482223511,0,5ab3bd7d55429969a97a819f,0.0,0,3,5,
0,0,5.713660001754761,0,5a8aee3d55429950cd6afc01,0.0,0,3,2,
0,0.08,5.885427474975586,0,5ab925c755429919ba4e23d6,0.0,0,3,2,
0,0,5.793757200241089,0,5a79395455429970f5fffe7d,0.0,0,3,5,
0,0,13.350203275680542,1,5ab9c7c355429939ce03dc17,0.0,0,6,5,
0,0,5.786189556121826,0,5ae33cf55542992f92d82268,0.0,0,3,7,
0,0,5.986972332000732,0,5ac439005542995c82c4acf9,0.0,0,3,2,
0,0,5.73009729385376,0,5a8a17685542993b751ca9f3,0.0,0,3,3,
0,0,13.074386835098267,1,5abbfb5e554299114383a0d0,0.0,0,6,5,
0,0,5.871851921081543,0,5a7e31c055429934daa2fbee,0.0,0,3,5,
0,0,11.395524263381958,1,5ab2f45d5542991669774151,0.16666666666666666,1,6,6,
0,0,4.373625040054321,1,5ab510cb5542996a3a96a00f,0.0,0,3,3,
0,0,5.733119010925293,0,5a758ce05542992db947367c,0.0,0,3,3,
0,0,7.576523542404175,0,5a8b2a0355429971feec465b,0.3333333333333333,1,3,3,
0,0,21.195581197738647,1,5ae15d70554299422ee9966f,0.2,1,6,5,
0,0,6.00154185295105,0,5ae830f05542997ec2727758,0.0,0,3,4,
0,0,5.696493864059448,0,5abbdaef554299642a094b5d,0.0,0,3,3,
0,0,5.891812801361084,0,5ae09a6b55429924de1b710d,0.0,0,3,2,
0,0,12.319912910461426,1,5a8408a9554299123d8c21d3,0.0,0,6,8,
0,0,5.709880828857422,0,5a8a575a554299515336136e,0.0,0,3,4,
0,0,5.7331297397613525,0,5ade126355429939a52fe7ea,0.2,1,3,5,
0,0,6.2835869789123535,0,5ae07ddb55429945ae95937b,0.0,0,3,4,
0,0,5.6923863887786865,0,5ae7f56e5542993210983fd1,0.0,0,3,6,
0,0,5.894878387451172,0,5ab3f7b05542992ade7c6efd,0.0,0,3,1,
0,0,5.78369140625,0,5ade09945542997545bbbe2c,0.25,1,3,4,
0,0,5.850222110748291,0,5adfb78f5542995ec70e9081,0.16666666666666666,1,3,6,
0,0,5.946406602859497,0,5adc6ded55429947ff17395d,0.5,1,3,2,
0,0,5.759858846664429,0,5a79c2955542994f819ef097,0.0,0,3,3,
0,0,12.226948738098145,1,5ab2e3a15542992953946893,0.0,0,6,4,
0,0,6.405108213424683,1,5ae7f1e65542994a481bbe4a,0.0,0,3,31,
0,0,5.685347080230713,0,5ab504865542991779162d52,0.0,0,3,6,
0,0,5.550878047943115,0,5abd38285542993062266c19,0.0,0,3,5,
0,0,13.095662355422974,1,5a7506f455429916b0164240,0.16666666666666666,1,6,6,
0,0,5.8420727252960205,0,5a7b215f55429931da12c9e3,0.0,0,3,2,
0,0,4.12225079536438,1,5ab7b0575542992aa3b8c83d,1.0,3,3,3,
0,0,5.683639764785767,0,5ac0060f554299012d1db578,0.0,0,3,4,
0,0.15384615384615383,5.826688528060913,0,5aba71b155429955dce3ee2a,0.0,0,3,7,
0,0,5.7682881355285645,0,5ac11139554299294b219083,0.0,0,3,4,
0,0,5.895348787307739,0,5a8763a25542993e715abf1f,0.0,0,3,4,
0,0,5.714321613311768,0,5a77626b5542993569682d77,0.0,0,3,4,
0,0,6.334139823913574,0,5ac35003554299741d48a24b,0.1,1,3,10,
0,0,5.734424829483032,0,5ae532f85542990ba0bbb20a,0.3333333333333333,1,3,3,
0,0,5.73272442817688,0,5ab8372255429919ba4e226b,0.0,0,3,7,
0,0.25,5.880829572677612,0,5ac2509755429951e9e68543,0.0,0,3,3,
0,0,11.409561395645142,1,5ae377c45542990afbd1e16b,0.5,1,6,2,
0,0,5.7380146980285645,0,5ae5ef105542996de7b71a72,0.2222222222222222,2,3,9,
0,0,7.45355749130249,0,5a821c95554299676cceb219,0.0,0,3,3,
0,0,5.7505786418914795,0,5a85e24a5542994775f6067f,0.0,0,3,6,
0,0,5.847618103027344,0,5aba768c55429901930fa7e0,0.0,0,3,4,
0,0,5.980742454528809,0,5ab926bc554299131ca42285,0.0,0,3,2,
0,0,5.671788215637207,0,5a8e2fe95542995085b373d0,0.125,1,3,8,
0,0,5.837993621826172,0,5a8ae00e5542992d82986fc7,0.0,0,3,8,
0,0,5.793070554733276,0,5a761e855542994ccc9186e0,0.0,0,3,5,
0,0,5.707134962081909,0,5add813e5542992200553b46,0.0,0,3,3,
0,0,6.014759063720703,0,5ab841d15542990e739ec89d,0.0,0,3,5,
0,0,5.727957487106323,0,5ac2ada255429967731025f9,0.0,0,3,3,
0,0,5.889508008956909,0,5ac546975542993e66e8229a,0.0,0,3,6,
0,0,34.218910694122314,4,5a9023d355429916514e742f,0.0,0,15,3,
0,0,5.7596824169158936,0,5ae22ede554299234fd0441b,0.0,0,3,12,
0,0,5.9239068031311035,0,5a88d7fc5542993b751ca879,0.0,0,3,2,
0,0,7.373647451400757,0,5a7f22005542993067513657,0.0,0,3,4,
0,0,5.705783128738403,0,5a79102a554299148911f9da,0.4,2,3,5,
0,0,5.873843431472778,0,5abe50b45542991f6610613f,0.0,0,3,7,
0,0,5.746002197265625,0,5ae505d355429908b63264e4,0.6666666666666666,2,3,3,
0,0,5.892066717147827,0,5a87e5345542993e715abffb,0.0,0,3,7,
0,0,5.769634246826172,0,5abb207d5542992ccd8e7f1d,0.0,0,3,3,
0,0,5.929314613342285,0,5abfcdb55542993fe9a41e7b,0.0,0,3,1,
0,0,37.886462450027466,5,5abd36165542993062266bfb,0.0,0,18,3,
0,0,12.240721225738525,1,5ab2d9f1554299545a2cfac9,0.0,0,6,2,
0,0,5.819711208343506,0,5a75da6d5542992db94736fa,0.2,1,3,5,
0,0,12.268970966339111,1,5a7a19765542996a35c170cf,0.0,0,6,6,
0,0,5.801397800445557,0,5ab58ee6554299488d4d99d6,0.0,0,3,4,
0,0,7.5764477252960205,0,5ab29346554299545a2cf997,0.0,0,3,1,
0,0,12.066513299942017,1,5a8468c95542990548d0b2b1,0.5,1,6,2,
0,0,5.647913932800293,0,5ae2136d5542997283cd23b6,0.3333333333333333,1,3,3,
0,0,5.937175035476685,0,5abeb91c5542994516f45400,0.0,0,3,5,
0,0,5.7768120765686035,0,5a7b542455429927d897bf92,1.0,1,3,1,
0,0,5.762206315994263,0,5a8a07af55429970aeb70222,0.0,0,3,5,
0,0,5.886151552200317,0,5a80d1ce554299260e20a178,0.0,0,3,3,
0,0,5.73443078994751,0,5a75e61c5542992d0ec06012,0.0,0,3,5,
0,0,4.56489896774292,1,5a8ec55f5542995a26add50c,0.0,0,3,4,
0,0,5.745352268218994,0,5ae077805542993d6555eb6e,0.0,0,3,6,
0,0,5.8041253089904785,0,5ade17d255429939a52fe80e,0.1,1,3,10,
0,0,5.926645278930664,0,5add3a605542990dbb2f7ddb,0.0,0,3,2,
0,0,5.834670305252075,0,5a7c9cc45542990527d554e1,0.0,0,3,7,
0,0,5.919842004776001,0,5aba9d7955429901930fa85f,0.0,0,3,3,
0,0,5.821229696273804,0,5a8ce9ed554299585d9e3764,0.0,0,3,5,
0,0,5.944581031799316,0,5abfe1115542997d64295909,0.0,0,3,3,
0,0,4.218132734298706,1,5ae24b165542996483e64962,0.0,0,3,6,
0,0,5.817202091217041,0,5a832fdd55429954d2e2ec4f,0.0,0,3,4,
0,0,7.57459831237793,0,5ac46c83554299204fd21f45,0.0,0,3,1,
0,0,5.706705570220947,0,5a81329655429926c1cdad0c,0.0,0,3,3,
0,0,5.892494201660156,0,5a81a4335542990a1d231e38,0.0,0,3,13,
0,0,5.7460618019104,0,5ab5ac345542992aa134a37f,1.0,2,3,2,
0,0,5.798115015029907,0,5ac009bf5542997d642959a7,0.3333333333333333,1,3,3,
0,0,5.943465709686279,0,5a79c1185542994bb9457065,0.0,0,3,2,
0,0,5.738789796829224,0,5abdb5b455429965af743dfa,0.5,1,3,2,
0,0,5.834916353225708,0,5a8d8e4f5542994ba4e3dca7,0.0,0,3,3,
0,0,5.775850057601929,0,5a80a654554299485f598679,0.0,0,3,4,
0,0,5.89603066444397,0,5a7327265542994cef4bc480,0.0,0,3,5,
0,0,5.738712549209595,0,5a7c762d55429935c91b51c7,0.1111111111111111,1,3,9,
0,0,5.788566827774048,0,5a89e8035542992e4fca846d,0.0,0,3,2,
0,0,5.8950276374816895,0,5abc36cc55429959677d6a50,0.0,0,3,3,
0,0,5.799829721450806,0,5ae680cc5542996d980e7ba5,0.0,0,3,10,
0,0,5.9304845333099365,0,5ac18baa5542991316484b33,0.16666666666666666,1,3,6,
0,0,5.81730842590332,0,5ab45bcd5542991779162c80,0.0,0,3,4,
0,0,5.723721265792847,0,5a7b3a2455429927d897bf5c,0.0,0,3,11,
0,0,5.94951868057251,0,5a75eb125542994ccc918659,0.0,0,3,2,
0,0,5.857414245605469,0,5a7291c35542991f9a20c4f4,0.5,1,3,2,
0,0,7.529229402542114,0,5ae180d855429901ffe4aecc,0.0,0,3,7,
0,0,12.548077821731567,1,5a776bc855429966f1a36d3a,0.3333333333333333,2,6,6,
0,0,5.687811613082886,0,5ae70369554299572ea54683,0.0,0,3,3,
0,0,12.905577659606934,1,5a8b4fcc55429949d91db541,0.0,0,6,1,
0,0,5.684047222137451,0,5ae18b555542997b2ef7d1f7,0.0,0,3,1,
0,0.16666666666666666,5.768663644790649,0,5adcdc6c5542992c1e3a2437,0.14285714285714285,1,3,7,
0,0.16666666666666666,5.738253355026245,0,5a89e92c5542993b751ca9af,0.5,1,3,2,
0,0,5.683874607086182,0,5a7e19e655429965cec5ea58,0.0,0,3,2,
0,0,5.857663631439209,0,5a7a3a2a5542996c55b2dd41,0.0,0,3,4,
0,0,5.729555130004883,0,5a7119095542994082a3e589,0.0,0,3,2,
0,0,5.845181465148926,0,5a770bb855429937353601b5,0.0,0,3,3,
0,0,5.714835166931152,0,5a738bd0554299623ed4abee,0.07692307692307693,1,3,13,
0,0,5.871673345565796,0,5ac12275554299012d1db6a3,0.0,0,3,1,
0,0,5.811141490936279,0,5adbe75455429944faac23af,0.125,1,3,8,
0,0,5.7863781452178955,0,5a732aaa5542992359bc325a,0.0,0,3,4,
0,0,5.917615652084351,0,5a7905f555429974737f7947,0.0,0,3,3,
0,0,4.2699363231658936,1,5a901b985542995651fb50b0,0.0,0,3,3,
0,0,13.160293817520142,1,5a85f98e5542996432c57152,0.0,0,6,5,
0,0.13333333333333333,5.710871458053589,0,5a7e02cf5542997cc2c474f4,0.0,0,3,4,
0,0,5.842727184295654,0,5a8f54215542992414482a54,0.25,1,3,4,
0,0,5.734560012817383,0,5abad3445542996cc5e49ea0,0.0,0,3,8,
0,0,21.182067155838013,2,5a8fd9ac5542990a98493570,0.0,0,9,3,
0,0,12.207568407058716,1,5ae0c9dd5542993d6555ec69,0.5,1,6,2,
0,0,6.005338191986084,0,5ab614e5554299488d4d9a9c,0.0,0,3,2,
0,0,12.425799369812012,1,5a83431d5542993344745ff5,0.0,0,6,9,
0,0,5.7421770095825195,0,5abe89dd55429976d4830b5d,0.0,0,3,2,
0,0,5.788057327270508,0,5ae0575755429945ae95931f,0.0,0,3,4,
0,0,5.927772521972656,0,5ab7d12f55429928e1fe391f,0.25,1,3,4,
0,0,5.771706819534302,0,5adfd42555429942ec259b52,0.4,2,3,5,
0,0,6.373448371887207,0,5ae7b6055542993210983f00,0.5,1,3,2,
0,0,5.981047630310059,0,5ae325bd5542991a06ce9936,0.5,2,3,4,
0,0,7.567567586898804,0,5abbdf8055429931dba145bb,0.0,0,3,4,
0,0,5.645740509033203,0,5ae0a48155429945ae9593df,0.0,0,3,3,
0,0,5.6940929889678955,0,5abee69c5542993fe9a41d8b,0.0,0,3,3,
0,0,5.79744029045105,0,5a8dcbc0554299068b959df4,0.0,0,3,4,
0,0,5.765710830688477,0,5a7a9ed55542995eb53be87d,0.0,0,3,2,
0,0.1111111111111111,5.950691223144531,0,5ab3cc395542992ade7c6e9f,1.0,2,3,2,
0,0,5.696994304656982,0,5a81a2e25542990a1d231e32,0.0,0,3,1,
0,0,5.672179460525513,0,5a7cc5f9554299452d57ba49,0.4,2,3,5,
0,0,5.814373254776001,0,5ab69f13554299710c8d1ef3,,,,,
0,0,5.664580345153809,0,5a90ab995542990a98493683,0.2,1,3,5,
0,0,5.88577938079834,0,5ade38d8554299728e26c680,0.0,0,3,3,
0,0,0.41228723526000977,0,5ae5cf1b554299546bf82f7a,,,,,
0,0,5.7083539962768555,0,5ab56f4b554299637185c599,0.0,0,3,2,
0,0,5.8133556842803955,0,5a74bc1555429929fddd84dd,0.2,1,3,5,
0,0,5.751683950424194,0,5a8f08c2554299458435d531,0.0,0,3,11,
0,0,5.742673635482788,0,5ab9d2e255429955dce3ed90,0.0,0,3,6,
0,0,5.909800052642822,0,5ae3f2895542995ad6573cc9,0.0,0,3,3,
0,0,5.68661642074585,0,5a9068075542990a9849361a,0.0,0,3,2,
0,0,5.8970863819122314,0,5a7344e95542991f9a20c6ce,0.0,0,3,5,
0,0,5.859172821044922,0,5a7e0ed25542991319bc9424,0.0,0,3,4,
0,0,7.524117708206177,0,5ae17a9b5542990adbacf7a2,0.0,0,3,6,
0,0.25,5.710864305496216,0,5a8d651955429941ae14dfaf,0.25,2,3,8,
0,0,5.65828275680542,0,5a8f23555542997ba9cb31e3,0.0,0,3,4,
0,0.18181818181818182,5.8518385887146,0,5a815c2e5542995ce29dcbe8,0.1111111111111111,1,3,9,
0,0,5.7718284130096436,0,5a8ad8ed5542992d82986fa3,0.6666666666666666,2,3,3,
0,0,5.921804666519165,0,5adf3f1d5542992d7e9f9310,0.0,0,3,8,
0,0,5.802497863769531,0,5adcd2435542992c1e3a241b,0.0,0,3,6,
0,0,5.674556732177734,0,5a8796345542994846c1cda3,0.0,0,3,8,
0,0,5.851904630661011,0,5abbb0655542992ccd8e7f72,0.3333333333333333,1,3,3,
0,0,5.789997339248657,0,5adbfb6855429944faac23e4,0.0,0,3,4,
0,0,8.580268144607544,0,5adfd56655429925eb1afaac,0.0,0,3,2,
0,0,5.686518907546997,0,5a79cd665542994bb94570bf,0.0,0,3,5,
0,0,5.788137674331665,0,5ae731ae5542991bbc9761c1,0.08333333333333333,1,3,12,
0,0,5.905670404434204,0,5a710a915542994082a3e504,0.0,0,3,3,
0,0,5.772665500640869,0,5abb2e6855429966062416df,0.0,0,3,3,
0,0,6.036956071853638,0,5ab4341c55429942dd415ede,0.0,0,3,3,
0,0,5.855424642562866,0,5ab9668c55429970cfb8eaba,0.0,0,3,2,
0,0,5.93257212638855,0,5abb08c65542996cc5e49f61,0.0,0,3,10,
0,0,7.467181444168091,0,5ae4818f5542995ad6573d5b,0.0,0,3,9,
0,0,5.677921772003174,0,5ade283a5542997c77aded80,0.0,0,3,7,
0,0,5.771467924118042,0,5a7c25035542997c3ec972e5,0.0,0,3,3,
0,0,4.147209882736206,1,5ae4075b55429970de88d87a,0.6666666666666666,2,3,3,
0,0,4.171419143676758,1,5ac508205542994611c8b32e,0.0,0,3,11,
0,0,5.737133264541626,0,5ac31129554299741d48a1a2,0.16666666666666666,1,3,6,
0,0,5.715777158737183,0,5ac2eec55542990b17b154c1,0.0,0,3,7,
0,0,5.815292119979858,0,5adf9b1e5542992d7e9f93b5,0.0,0,3,9,
0,0,5.774543046951294,0,5ab815865542995dae37ea2d,0.25,1,3,4,
0,0,5.885185718536377,0,5a72bd0b5542992359bc318f,0.0,0,3,4,
0,0,5.7914719581604,0,5adc7dbf5542994d58a2f618,0.4,2,3,5,
0,0.25,5.858495712280273,0,5ae0e5655542990adbacf6b8,0.0,0,3,3,
0,0,5.8644726276397705,0,5ae09ec055429924de1b7116,0.0,0,3,2,
0,0,6.106149673461914,0,5adcc21f5542990d50227d05,0.0,0,3,3,
0,0,5.918373107910156,0,5a79eef75542996c55b2dca6,0.0,0,3,6,
0,0,5.8091912269592285,0,5a89382655429951533612e8,0.0,0,3,6,
0,0,5.909753322601318,0,5a74ab6055429916b01641b9,0.0,0,3,12,
0,0,5.77232027053833,0,5ac540365542994611c8b470,0.25,1,3,4,
0,0,5.855827808380127,0,5a7e0bb65542997cc2c4750a,0.0,0,3,4,
0,0,7.58600378036499,0,5a74670855429929fddd840d,0.5,1,3,2,
0,0,5.696242094039917,0,5a79f27e5542990198eaf014,0.0,0,3,7,
0,0,5.8408143520355225,0,5a7789195542995d831811a2,0.0,0,3,5,
0,0,5.755926609039307,0,5a7a27b35542996a35c1710b,0.0,0,3,4,
0,0,5.886687517166138,0,5a7c6ed3554299683c1c6306,0.0,0,3,4,
0,0,5.684846639633179,0,5ae7eefd554299540e5a56b6,0.0,0,3,2,
0,0,6.139965057373047,0,5a790e69554299148911f9d7,0.0,0,3,3,
0,0,5.863802433013916,0,5ac11037554299294b21907a,0.0,0,3,9,
0,0,5.717047929763794,0,5abd648155429933744ab7ac,0.0,0,3,5,
0,0.16666666666666666,5.8751890659332275,0,5abacac45542996cc5e49e94,0.0,0,3,5,
0,0,5.835306644439697,0,5a760dcd5542994ccc9186a1,0.0,0,3,3,
0,0,5.905000448226929,0,5a90af865542990a9849369c,0.3333333333333333,1,3,3,
0,0,5.869953870773315,0,5adc0e0355429944faac2404,0.0,0,3,5,
0,0,5.7515974044799805,0,5a7faed65542994857a767b6,0.0,0,3,5,
0,0,5.910100698471069,0,5abf12f25542997719eab667,0.0,0,3,3,
0,0,5.810917377471924,0,5a90719b5542995b442420b7,0.0,0,3,4,
0,0,5.941159963607788,0,5a72953b5542994cef4bc357,0.0,0,3,7,
0,0,5.720566749572754,0,5abc17c25542993a06baf85b,0.0,0,3,5,
0,0,5.837837219238281,0,5a7b5af7554299042af8f752,0.3333333333333333,2,3,6,
0,0,7.554967164993286,0,5ab8919655429934fafe6e13,0.0,0,3,4,
0,0,5.7168073654174805,0,5ae074aa5542993d6555eb54,0.0,0,3,3,
0,0,5.744278430938721,0,5ae4932855429970de88d9b8,0.0,0,3,3,
0,0,7.150620222091675,0,5a7760165542993569682d74,0.0,0,3,3,
0,0,5.739352703094482,0,5ab392ec55429969a97a817d,0.0,0,3,6,
0,0,5.889271974563599,0,5adf8dd25542993344016cfe,0.16666666666666666,1,3,6,
0,0,5.870065689086914,0,5a7b1a4a55429927d897bf3b,0.2,1,3,5,
0,0,5.8687803745269775,0,5ae57d3a554299546bf82ee6,0.0,0,3,4,
0,0,5.795367240905762,0,5a8bd43c5542997f31a41dd6,0.0,0,3,4,
0,0,5.82353949546814,0,5a7f451a55429969796c19ec,0.0,0,3,5,
0,0,5.73339056968689,0,5a73cbe4554299623ed4ac5f,0.0,0,3,5,
0,0,5.860941648483276,0,5ade007e5542997545bbbdf4,0.5,1,3,2,
,,,,5a78d35e55429974737f78c3,,,,,Ollama request exceeded timeout limit for model stable-qwen with error: timed out
0,0,6.098726034164429,0,5a7d3f895542995f4f402248,0.0,0,3,2,
0,0,6.018427610397339,0,5ab3e07e55429969a97a81e5,0.2,1,3,5,
0,0,5.797414302825928,0,5adf82945542993344016ca4,0.0,0,3,2,
,,,,5ac4ecea55429919431739fd,,,,,Ollama request exceeded timeout limit for model stable-qwen with error: timed out
0,0,6.010040998458862,0,5a81346055429926c1cdad13,0.0,0,3,4,
0,0,5.798396348953247,0,5a8b349a55429971feec466b,0.0,0,3,1,
0,0,7.577753782272339,0,5ae608715542992663a4f244,0.4,2,3,5,
0,0,5.627245187759399,0,5abeebe25542993fe9a41d9c,0.0,0,3,2,
0,0,5.788057804107666,0,5a7e7d4655429934daa2fc2e,0.0,0,3,4,
0,0,5.817622900009155,0,5ac07a17554299294b219000,0.0,0,3,2,
0,0,5.750239133834839,0,5ab9d6ef5542994dbf01985b,0.0,0,3,4,
0,0,5.861197471618652,0,5ae1091055429920d523429b,0.0,0,3,5,
0,0,5.709884881973267,0,5ae268f35542994d89d5b416,0.0,0,3,3,
0,0,5.898088455200195,0,5a8809d755429938390d3ed6,0.0,0,3,3,
0,0,5.787473201751709,0,5ae6179b5542992663a4f25b,0.0,0,3,7,
0,0,4.438166379928589,1,5a72e28f5542992359bc31ba,0.0,0,3,5,
0,0,5.852360486984253,0,5adf315c5542995ec70e8f8b,0.0,0,3,6,
0,0,5.762510538101196,0,5a75eca555429976ec32bca8,0.2,1,3,5,
0,0,4.156999826431274,1,5a7b3b4f5542992d025e67ac,0.0,0,3,11,
0,0,5.755715370178223,0,5ab1e3bb554299340b52541a,0.0,0,3,2,
0,0,5.879454135894775,0,5a716eeb5542994082a3e82e,0.0,0,3,2,
0,0,5.864240884780884,0,5adbd19855429944faac236a,0.0,0,3,4,
0,0,5.762173414230347,0,5ab5035b5542996a3a969ff8,0.0,0,3,4,
0,0,5.874913215637207,0,5a756b175542996c70cfaef7,0.0,0,3,4,
0,0,13.252021074295044,1,5a8a49cd55429930ff3c0d71,0.6666666666666666,2,6,3,
0,0,5.7581353187561035,0,5a79e1275542990198eaefe7,0.0,0,3,2,
0,0,5.659445524215698,0,5ae33a6e5542992f92d8224d,0.0,0,3,6,
0,0,5.83903956413269,0,5ae172c155429920d52343de,0.0,0,3,4,
0,0,5.755971670150757,0,5adfef32554299603e4183ca,0.0,0,3,2,
0,0,5.833572149276733,0,5ae0a74e554299603e41842f,0.0,0,3,6,
0,0,5.7691028118133545,0,5adc6eb65542994650320cf3,0.0,0,3,3,
0,0,5.867860555648804,0,5a7ce0ce554299452d57ba92,0.0,0,3,7,
0,0,5.758396148681641,0,5a8a032f5542993b751ca9e5,0.25,1,3,4,
0,0,5.707690000534058,0,5ae6d3345542996d980e7c85,0.0,0,3,3,
0,0,5.937373876571655,0,5ab516485542990594ba9cfc,0.0,0,3,2,
0,0,5.727944612503052,0,5ab6be2f55429954757d335c,0.0,0,3,4,
0,0,5.858766317367554,0,5a7c784055429907fabeef98,0.0,0,3,5,
0,0.08695652173913045,4.366197824478149,1,5a82a55955429966c78a6a70,0.3333333333333333,1,3,3,
0,0,5.804612159729004,0,5a76dc2d55429972597f13eb,0.25,1,3,4,
0,0,5.895791530609131,0,5a8e4d9855429917b4a5bd8d,0.0,0,3,2,
0,0,5.789839506149292,0,5ae0d7bf5542990adbacf67b,0.0,0,3,5,
0,0,6.241168022155762,0,5abd4fe05542993062266c4e,0.0,0,3,5,
0,0,5.748897075653076,0,5ae65e6a5542996d980e7b1d,0.0,0,3,7,
0,0,7.696610450744629,0,5a791ce955429974737f798e,0.0,0,3,6,
0,0,5.65088152885437,0,5a7a60f15542990783324f35,0.3333333333333333,1,3,3,
0,0,5.793419361114502,0,5addf6135542990dbb2f7f23,0.2857142857142857,2,3,7,
0,0,4.157484531402588,1,5adcc90c5542990d50227d1b,0.0,0,3,6,
0,0,5.728421926498413,0,5ab4789e5542990594ba9c29,0.0,0,3,2,
0,0,5.930315732955933,0,5a839f985542996488c2e47d,0.0,0,3,4,
0,0,5.793832540512085,0,5abae4995542996606241666,0.5,1,3,2,
0,0,5.7679665088653564,0,5ae608c15542992663a4f246,0.0,0,3,1,
0,0,5.996795177459717,0,5ae1e8575542997f29b3c19a,0.0,0,3,1,
0,0,5.978131055831909,0,5ab42d6055429942dd415eb0,0.16666666666666666,1,3,6,
0,0,26.543373107910156,3,5ab827a555429934fafe6cf5,0.0,0,12,2,
0,0,12.565077543258667,1,5ae0413555429942ec259c61,0.3333333333333333,1,6,3,
0,0,54.973382234573364,1,5abd8c295542992ac4f382ab,0.0,0,6,4,
0,0,0.2068159580230713,0,5abf42f75542993fe9a41dee,,,,,
0,0,5.80342960357666,0,5addeb685542992200553bb1,0.0,0,3,5,
0,0,7.5374298095703125,0,5a85c41a5542994c784ddb7a,1.0,1,3,1,
0,0,0.353529691696167,0,5a7281075542994cef4bc2e9,,,,,
0,0,5.876078844070435,0,5abffc0d5542990832d3a1e2,0.0,0,3,3,
0,0,5.697793006896973,0,5ac54c435542993e66e822d1,0.0,0,3,12,
0,0,5.785967826843262,0,5ab2b863554299295394685a,0.5,1,3,2,
0,0,44.49852800369263,5,5ae72c1e554299572ea54754,0.0,0,18,1,
0,0,12.344767570495605,1,5a83a30a5542992ef85e2339,0.0,0,6,6,
0,0,5.919117212295532,0,5aba637a55429939ce03dcbb,0.25,1,3,4,
0,0,5.877027273178101,0,5a81f10055429903bc27ba06,0.0,0,3,6,
0,0,5.801292896270752,0,5a8315c055429966c78a6b2d,0.0,0,3,3,
0,0,5.888976097106934,0,5adda8d45542995b365fab59,0.0,0,3,5,
0,0,5.8708436489105225,0,5a7ae38c5542992d025e6721,0.0,0,3,1,
0,0,14.192551374435425,1,5addd6045542997dc7907049,0.4,2,6,5,
0,0,5.957467317581177,0,5a8c9e7c554299653c1aa0d1,0.3333333333333333,1,3,3,
0,0,5.812934875488281,0,5adc57325542996e6852531b,0.0,0,3,3,
0,0,5.709773540496826,0,5a78eb8155429970f5fffdd2,0.0,0,3,6,
0,0,5.862687110900879,0,5abbd34d5542993f40c73bc6,0.0,0,3,4,
0,0,5.648035526275635,0,5ac311925542995ef918c0de,0.0,0,3,2,
0,0,4.165571928024292,1,5a7b086a5542992d025e673a,0.0,0,3,2,
0,0,12.582516193389893,1,5ae74351554299572ea5479f,0.3333333333333333,1,6,3,
0,0,5.868314504623413,0,5ab29ec6554299194fa93473,0.25,2,3,8,
0,0,5.730916738510132,0,5ac164da55429964131be1bf,0.0,0,3,6,
0,0,5.860524415969849,0,5a855ca15542992a431d1b12,0.2,1,3,5,
0,0,12.692937135696411,1,5a7283365542991f9a20c4b2,0.0,0,6,3,
0,0,4.333539962768555,1,5a8e83545542990e94052b28,0.0,0,3,8,
0,0,5.810795068740845,0,5ab84c6955429916710eb021,0.0,0,3,3,
0,0,5.988681077957153,0,5a7a3dbb5542996a35c17157,0.0,0,3,4,
0,0,5.847708225250244,0,5adf9ee75542992d7e9f93c0,0.0,0,3,8,
0,0,5.700740098953247,0,5a74c3f455429979e2882a0a,0.6,3,3,5,
0,0,7.976959943771362,0,5ae7fb1155429952e35ea9eb,0.2,1,3,5,
0,0,5.731318235397339,0,5ab7d6ec5542995dae37e9b4,0.0,0,3,3,
0,0,5.768202543258667,0,5a77415b55429966f1a36cd2,0.0,0,3,6,
0,0,5.750464200973511,0,5ab3eb1955429969a97a81f6,0.5,1,3,2,
0,0,5.780690908432007,0,5a7bb7f2554299042af8f7b6,0.0,0,3,2,
0,0,4.2598044872283936,1,5ae8189655429952e35eaa11,0.0,0,3,4,
0,0,40.75396966934204,4,5a7a6ec05542990783324f49,0.0,0,15,4,
0,0,5.736942291259766,0,5ac2758b55429963665199c3,0.0,0,3,2,
0,0,5.935404062271118,0,5a7b8f5e554299294a54a9f6,0.25,1,3,4,
0,0,5.8183817863464355,0,5ae5c7fd554299546bf82f5b,0.0,0,3,3,
0,0,6.383805751800537,0,5abb6ece5542992ccd8e7f40,0.0,0,3,1,
0,0,5.776083707809448,0,5a83dd2c554299334474609e,0.0,0,3,5,
0,0,5.902882814407349,0,5ab721325542992aa3b8c7a2,0.0,0,3,6,
0,0,5.778461694717407,0,5a730a6b5542992359bc3210,0.0,0,3,7,
0,0,39.887802600860596,5,5ae4c96355429913cc204506,0.0,0,18,4,
0,0,37.58679819107056,5,5a83d42d5542992ef85e2375,0.2,1,18,5,
0,0,5.734596490859985,0,5ae72b745542991e8301cb7f,0.2,1,3,5,
0,0,30.8312509059906,4,5ac434cb5542997ea680ca2f,0.0,0,15,5,
0,0,5.863453149795532,0,5abcf14f55429959677d6b5b,0.0,0,3,3,
0,0,6.229445695877075,0,5ab85b1755429916710eb041,0.0,0,3,2,
0,0,7.890706777572632,0,5a8314bd55429966c78a6b2a,0.0,0,3,6,
0,0.10810810810810811,5.617481231689453,0,5a7331de5542994cef4bc4a8,0.5,1,3,2,
0,0,5.819700479507446,0,5ae600325542992663a4f237,0.0,0,3,7,
0,0,5.735951900482178,0,5ae1fb7a554299234fd04383,0.0,0,3,10,
0,0,5.6747636795043945,0,5a8aed1555429970aeb70334,0.0,0,3,4,
0,0,4.279802083969116,1,5ade982f554299728e26c753,0.0,0,3,2,
0,0,5.75009298324585,0,5ac2ffb755429921a00ab0cb,0.0,0,3,4,
0,0,5.899244070053101,0,5a869e845542991e7718166f,0.0,0,3,3,
0,0,5.764572620391846,0,5ab5e2645542992aa134a3c5,0.0,0,3,3,
0,0,5.784873723983765,0,5adf94e05542995534e8c7f7,0.25,1,3,4,
0,0,5.910658121109009,0,5ae780a55542997b22f6a79f,0.0,0,3,4,
0,0,5.701382637023926,0,5a738fb4554299623ed4abf9,0.0,0,3,3,
0,0,5.908912420272827,0,5a7ab1b055429927d897bef4,0.0,0,3,4,
0,0,5.763589143753052,0,5a74547755429979e2882900,0.0,0,3,6,
0,0,5.912132501602173,0,5adf434c5542993a75d26462,0.0,0,3,5,
0,0,5.784444332122803,0,5abfcd7a5542993fe9a41e7a,0.25,1,3,4,
0,0,5.739750146865845,0,5a7f38e255429930675136b6,0.3333333333333333,1,3,3,
0,0,5.858511924743652,0,5a7f7b3b5542992097ad2f81,0.5,1,3,2,
0,0,13.06989598274231,1,5a70f0a75542994082a3e403,0.6666666666666666,2,6,3,
0,0,5.685554265975952,0,5ae056c755429945ae959319,0.0,0,3,3,
0,0,44.88010811805725,5,5abea6a05542993f32c2a18d,0.6666666666666666,2,18,3,
0,0,39.236462354660034,5,5a762a645542992d0ec0603d,0.3333333333333333,1,18,3,
0,0,39.21519660949707,5,5a904f6355429916514e746e,0.3333333333333333,1,18,3,
0,0,31.190290927886963,4,5a88bb4a554299206df2b353,0.0,0,15,5,
0,0,5.755485534667969,0,5adc0d3355429944faac2400,0.3333333333333333,1,3,3,
0,0,5.7372355461120605,0,5ab94d9a554299743d22eae3,0.0,0,3,3,
0,0,5.8914031982421875,0,5a8b057255429971feec4611,0.0,0,3,2,
0,0,46.12971496582031,5,5a7630105542992d0ec0605a,0.0,0,18,3,
0,0,19.445573806762695,2,5a86f2fb554299211dda2b64,0.0,0,9,3,
0,0,4.15584659576416,1,5a754fc35542996c70cfaedc,0.0,0,3,2,
0,0,7.644594430923462,0,5a8c9164554299653c1aa0c1,0.0,0,3,3,
0,0,12.677472591400146,1,5a7148685542994082a3e761,0.0,0,6,5,
0,0,5.870522499084473,0,5ab7bfe955429928e1fe38c2,0.0,0,3,6,
0,0,5.716874837875366,0,5a81a4135542990a1d231e37,0.0,0,3,8,
0,0.18181818181818182,37.98716592788696,5,5a87572d5542994846c1cd6b,0.0,0,18,3,
0,0,6.215668439865112,0,5abe94fd55429965af743f37,0.2,1,3,5,
0,0,5.729104995727539,0,5ac2920555429921a00aafc9,0.4,2,3,5,
0,0,5.896900653839111,0,5a8d4fbf5542994ba4e3dc68,0.0,0,3,5,
0,0,4.262858152389526,1,5ab7867c5542992aa3b8c822,0.0,0,3,2,
0,0,5.90580940246582,0,5ab8a7f65542991b5579efca,0.0,0,3,2,
0,0,11.63650369644165,1,5ae5b255554299546bf82f2c,0.0,0,6,6,
0,0,7.42154335975647,0,5a8bc0485542995d1e6f143d,0.0,0,3,6,
0,0,5.707963228225708,0,5aba92da55429901930fa840,0.0,0,3,4,
0,0,5.808990001678467,0,5ae5be02554299546bf82f3e,0.0,0,3,11,
0,0,5.765741586685181,0,5a7349125542994cef4bc505,0.3333333333333333,1,3,3,
0,0,5.802858591079712,0,5a8777395542996e4f3087f3,0.0,0,3,2,
0,0,5.730413198471069,0,5add596f5542990dbb2f7e4d,0.0,0,3,2,
0,0,5.774575471878052,0,5abda2b755429933744ab80f,0.0,0,3,5,
0,0,5.845773220062256,0,5ae5c72a554299546bf82f57,0.2,1,3,5,
0,0,5.809954404830933,0,5ab480715542991751b4d798,0.0,0,3,4,
0,0,5.90376615524292,0,5ac47763554299204fd21f5b,0.0,0,3,1,
0,0,5.371628999710083,1,5a8c4ebf554299585d9e365d,0.0,0,3,3,
0,0,5.872384548187256,0,5a8bc1b85542997f31a41db8,0.25,1,3,4,
0,0,5.816251277923584,0,5a84c4b05542991dd0999deb,0.0,0,3,2,
0,0,5.8372321128845215,0,5a88a4e65542997e5c09a671,0.0,0,3,2,
0,0,5.910083770751953,0,5a8725a15542996432c57230,0.0,0,3,3,
0,0,5.795096397399902,0,5ac3d2a6554299204fd21e8c,0.2,1,3,5,
0,0,5.912010669708252,0,5a8f186055429918e830d186,0.0,0,3,3,
0,0,5.823772430419922,0,5a8c5be0554299653c1aa04b,0.0,0,3,3,
0,0,5.85764479637146,0,5a81624d5542995ce29dcbf1,0.0,0,3,2,
0,0,7.693113803863525,0,5abe8aad55429976d4830b60,0.0,0,3,4,
0,0,5.729635238647461,0,5a7de63c5542995f4f4022f5,0.25,1,3,4,
0,0,5.880085706710815,0,5ac375495542995ef918c1a3,0.0,0,3,3,
0,0,5.736108303070068,0,5a75436155429974ef308cbc,0.125,1,3,8,
0,0.22222222222222224,31.651221990585327,4,5adde16a5542997dc7907084,0.0,0,15,3,
0,0,5.939405202865601,0,5abcf70b55429959677d6b7e,0.0,0,3,4,
0,0,11.407042980194092,1,5ac4b24b5542996feb3fe933,0.0,0,6,6,
0,0,5.8688929080963135,0,5add1e565542990d50227dea,0.0,0,3,6,
0,0,5.8570921421051025,0,5a756dd65542996c70cfaef9,0.0,0,3,2,
0,0,5.903200149536133,0,5ab1e36d554299449642c7f9,0.25,1,3,4,
0,0,5.771491527557373,0,5ab61cf5554299637185c668,0.5,1,3,2,
0,0,5.867225408554077,0,5ac2a75755429967731025dc,0.0,0,3,5,
0,0,5.828908681869507,0,5a7c66d555429935c91b518f,0.0,0,3,3,
0,0,5.815979719161987,0,5ae6443355429908198fa563,0.25,1,3,4,
0,0,7.613254070281982,0,5ae4f2595542990ba0bbb1a8,0.0,0,3,5,
0,0,5.7682154178619385,0,5adf37785542992d7e9f92d3,0.0,0,3,3,
0,0,4.308090686798096,1,5adf86b45542993344016cc1,0.0,0,3,7,
0,0,11.236366033554077,1,5a7f296f55429934daa2fd10,2.0,2,6,1,
0,0,5.866179704666138,0,5ab1c693554299722f9b4c66,0.14285714285714285,1,3,7,
0,0,5.705371618270874,0,5ab67f0055429953192ad2d8,0.6666666666666666,2,3,3,
0,0,5.915851831436157,0,5ae6808f5542995703ce8b6b,0.0,0,3,5,
0,0,5.71789288520813,0,5adfc77b554299603e4183ab,0.0,0,3,2,
0,0.15384615384615383,5.889521837234497,0,5ac01e77554299012d1db5ac,0.0,0,3,2,
0,0,5.801406383514404,0,5a7f341655429930675136a0,0.0,0,3,8,
0,0,5.681002378463745,0,5ae27e19554299495565da8b,0.0,0,3,4,
0,0,5.920264005661011,0,5a81d59a55429903bc27b9d6,0.0,0,3,4,
0,0,5.729751348495483,0,5a7414d855429929fddd83db,0.2,1,3,5,
0,0,5.861283540725708,0,5a8066d15542992097ad2fe8,0.0,0,3,5,
0,0,5.747846603393555,0,5ab430fa5542991751b4d6dd,0.0,0,3,3,
0,0,5.780983924865723,0,5ab700ca5542991d32223736,0.0,0,3,5,
0,0.16666666666666666,5.901916027069092,0,5ab3c18b55429969a97a81b0,0.0,0,3,5,
0,0,5.921388864517212,0,5a8318dd55429940e5e1a95e,0.0,0,3,3,
0,0,7.5582239627838135,0,5ab9dd4c554299232ef4a22f,0.25,1,3,4,
0,0,5.733515739440918,0,5a79abef5542994bb9457035,0.0,0,3,4,
0,0,5.8221869468688965,0,5a82678a5542995ce29dccfa,0.0,0,3,9,
0,0,5.68790078163147,0,5ae5ff635542996de7b71ace,0.0,0,3,6,
0,0,13.530634641647339,1,5a838fcd5542992ef85e2305,0.5,1,6,2,
0,0,5.750139236450195,0,5adbf69c55429947ff173871,0.0,0,3,2,
0,0,5.888519525527954,0,5a7b89a3554299294a54a9e3,0.0,0,3,12,
0,0,5.8154237270355225,0,5a87191155429960ec39b73d,0.0,0,3,4,
0,0,11.480352401733398,1,5a74760b55429974ef308c03,0.5,1,6,2,
0,0,5.807948112487793,0,5a8a502b5542996c9b8d5ea6,0.0,0,3,3,
0,0,5.864496231079102,0,5a820f2c55429926c1cdae17,0.0,0,3,2,
0,0,5.808369398117065,0,5a9073405542995b442420bb,1.0,1,3,1,
0,0,5.871546030044556,0,5ac245015542992f1f2b3829,0.0,0,3,2,
0,0,5.725839376449585,0,5ae3a8985542992f92d82329,0.0,0,3,6,
0,0,5.746949672698975,0,5a7363465542991f29ee2dd5,0.5,1,3,2,
0,0,5.907018661499023,0,5a7796e05542992a6e59df0f,0.0,0,3,1,
0,0,5.726012229919434,0,5abccda855429965836004a4,0.5,2,3,4,
0,0,13.089680910110474,1,5a881d2355429938390d3eeb,0.0,0,6,3,
0,0,13.082587718963623,1,5ac17b485542994ab5c67d65,0.0,0,6,4,
0,0,5.807304859161377,0,5ae71d87554299572ea546fa,0.0,0,3,5,
0,0,5.943698406219482,0,5a7a4ca955429941d65f25a3,0.0,0,3,5,
0,0,5.795900344848633,0,5a8a09565542992d82986e66,0.0,0,3,2,
0,0,5.897784948348999,0,5a77edf955429967ab1052e8,0.5,2,3,4,
0,0,5.82611870765686,0,5adc8b5a5542994d58a2f648,0.0,0,3,7,
0,0,5.7536256313323975,0,5a83587f5542990548d0b1de,0.0,0,3,6,
0,0,15.906703233718872,1,5a81ea115542995ce29dcc78,0.0,0,6,8,
0,0,5.83289098739624,0,5ab61140554299110f2199d7,0.0,0,3,7,
0,0,5.793862819671631,0,5ab3460055429976abd1bc80,0.0,0,3,2,
0,0,7.7031333446502686,0,5a758c925542992db947367b,0.0,0,3,2,
0,0,5.924200057983398,0,5ae713af554299572ea546bb,0.0,0,3,7,
0,0,5.840355396270752,0,5a8fb5905542997ba9cb32f6,0.0,0,3,5,
0,0,5.963337421417236,0,5a8ce15d554299653c1aa12f,0.0,0,3,2,
0,0,20.723716735839844,1,5a8e276b5542995a26add468,0.0,0,6,4,
0,0,5.734490633010864,0,5a89e2ba5542992e4fca8441,0.0,0,3,3,
0,0,5.844885349273682,0,5ae4183f5542996836b02c40,0.0,0,3,3,
0,0,5.924445629119873,0,5a7248665542990c210a40b1,0.0,0,3,3,
0,0,11.51646375656128,1,5ac3b39e554299204fd21e09,0.5,1,6,2,
0,0,5.759382009506226,0,5a8fae205542997ba9cb32ec,0.3333333333333333,1,3,3,
0,0,5.759520053863525,0,5a77c09555429967ab105262,0.0,0,3,9,
0,0,5.9020843505859375,0,5ade630e55429975fa854eb7,0.0,0,3,2,
0,0,5.711944341659546,0,5ab506a05542990594ba9cd6,0.5,1,3,2,
0,0,5.840530872344971,0,5a8b429f5542995d1e6f132c,0.0,0,3,5,
0,0,5.805621862411499,0,5ab871725542990e739ec8f8,0.14285714285714285,1,3,7,
0,0,5.868741273880005,0,5a7e4af3554299495941998c,0.0,0,3,4,
0,0,5.830989837646484,0,5ab2c7ef554299545a2cfa73,0.0,0,3,5,
0,0,5.687371492385864,0,5a8ba9d255429971feec4759,0.0,0,3,10,
0,0,26.100847005844116,3,5ae136375542997b2ef7d12f,0.2,1,12,5,
0,0,7.722632884979248,0,5ab235ed5542993be8fa98c8,0.0,0,3,6,
0,0,11.268173933029175,1,5a8cddd1554299441c6b9f3a,0.0,0,6,4,
0,0,5.83444356918335,0,5abdd8d95542991f6610606a,0.0,0,3,3,
0,0,5.777521848678589,0,5ae3789b5542992e3233c412,0.5,1,3,2,
0,0,5.8771891593933105,0,5ae4cf975542990ba0bbb151,0.3333333333333333,1,3,3,
0,0,5.717354774475098,0,5ab8cd3d5542991b5579f009,0.0,0,3,6,
0,0,5.829035758972168,0,5a81537355429926c1cdad20,0.0,0,3,15,
0,0,5.90514063835144,0,5a7cef6955429909bec768ad,0.0,0,3,3,
0,0,5.745412111282349,0,5a85b2d95542997b5ce40028,0.0,0,3,9,
0,0,11.601941585540771,1,5a87ab905542996e4f3088c1,0.0,0,6,3,
0,0,5.756871700286865,0,5a7bbb64554299042af8f7cc,0.0,0,3,5,
0,0,5.955491065979004,0,5a8db19d5542994ba4e3dd00,0.0,0,3,7,
0,0,5.853960037231445,0,5a7166395542994082a3e814,0.0,0,3,6,
0,0,6.080102920532227,0,5a877e5d5542993e715abf7d,0.0,0,3,2,
0,0,5.844491004943848,0,5ab3b0bf5542992ade7c6e39,0.0,0,3,5,
0,0,5.955887317657471,0,5ab56e32554299637185c594,0.0,0,3,1,
0,0,7.4262261390686035,0,5ab6d09255429954757d337d,0.0,0,3,2,
0,0,11.656717538833618,1,5a75e05c55429976ec32bc5f,0.0,0,6,5,
0,0,5.733367919921875,0,5ab3e45655429976abd1bcd4,1.0,2,3,2,
0,0,5.810702562332153,0,5ae0d4c9554299603e418468,0.3333333333333333,1,3,3,
0,0,5.858100891113281,0,5a8133725542995ce29dcbdb,0.0,0,3,3,
0,0,5.795111417770386,0,5ae7a8175542993210983ed8,0.0,0,3,4,
0,0,5.90992546081543,0,5ae6050f55429929b0807a5e,0.0,0,3,5,
0,0,5.771441459655762,0,5adddccd5542997dc7907069,0.6666666666666666,2,3,3,
0,0,5.904587030410767,0,5ae2070a5542994d89d5b313,0.0,0,3,6,
0,0.16666666666666666,5.85975193977356,0,5ae22b8d554299234fd0440f,0.0,0,3,4,
0,0,5.941400527954102,0,5a722b8655429971e9dc9329,0.0,0,3,3,
0,0,5.842103004455566,0,5adf37a95542995ec70e8f97,0.08333333333333333,1,3,12,
0,0,6.055806636810303,0,5abd259d55429924427fcf1a,0.0,0,3,6,
0,0,6.041327714920044,0,5a828c8355429966c78a6a50,0.3333333333333333,1,3,3,
0,0,5.763120412826538,0,5a8a3e745542996c9b8d5e70,1.0,2,3,2,
0,0,5.897729396820068,0,5ac23ff0554299636651994d,0.0,0,3,3,
0,0,5.792105197906494,0,5ae4a3265542995ad6573de5,0.0,0,3,6,
0,0,5.80479097366333,0,5ae0361155429925eb1afc2c,0.3333333333333333,1,3,3,
0,0,7.566308498382568,0,5abc0a5d5542993f40c73c64,0.0,0,3,5,
0,0,5.742328643798828,0,5a7cc50e554299452d57ba3e,0.0,0,3,1,
0,0,5.740135192871094,0,5abf63f15542997ec76fd3ea,0.0,0,3,5,
0,0,5.695370197296143,0,5a8ef2a75542995a26add583,0.0,0,3,2,
0,0,5.815515995025635,0,5a80721b554299485f5985ef,0.3333333333333333,1,3,3,
0,0,5.741702556610107,0,5ab51dae5542991779162d82,0.0,0,3,3,
0,0,5.7361626625061035,0,5a7571135542992d0ec05f98,0.0,0,3,5,
0,0,5.904376745223999,0,5a7a0e1e5542990783324e1a,0.25,1,3,4,
0,0,5.79562520980835,0,5a74106b55429979e288289e,0.0,0,3,11,
0,0,5.948768615722656,0,5a79311755429970f5fffe67,0.0,0,3,4,
0,0,5.880987167358398,0,5ab2d3df554299194fa9352c,0.1,1,3,10,
0,0,5.821408271789551,0,5a760ab65542994ccc918697,0.0,0,3,5,
0,0,5.899164438247681,0,5a7d54165542995f4f402256,0.0,0,3,3,
0,0,5.8329758644104,0,5ab859a955429934fafe6d7b,0.0,0,3,3,
0,0,6.902325630187988,0,5add61d65542995b365fab21,0.14285714285714285,1,3,7,
0,0,5.753592491149902,0,5a8e068b5542995085b37384,0.0,0,3,12,
0,0.2,5.880500793457031,0,5abbf698554299114383a0b5,0.0,0,3,5,
0,0,6.2339026927948,0,5a8e1027554299653c1aa15f,0.3333333333333333,1,3,3,
0,0,5.913137435913086,0,5ab84bf555429916710eb01f,0.0,0,3,7,
0,0,7.4948952198028564,0,5a77724455429972597f153e,0.0,0,3,6,
0,0,5.725879430770874,0,5a87c13f5542996e4f30890c,0.0,0,3,2,
0,0,5.8022401332855225,0,5ab96ab755429970cfb8eacd,0.16666666666666666,1,3,6,
0,0,5.681408882141113,0,5a8a43eb5542996c9b8d5e82,0.0,0,3,3,
0,0,5.772078990936279,0,5ae73acb5542991e8301cc07,0.0,0,3,4,
0,0,5.892514228820801,0,5a7320565542991f9a20c61d,0.0,0,3,1,
0,0,5.719829559326172,0,5ae32e125542991a06ce9946,0.0,0,3,3,
0,0,5.80549168586731,0,5adc53f75542996e6852530a,1.0,1,3,1,
0,0.125,5.767750024795532,0,5a8b20335542996c9b8d5fb3,0.0,0,3,6,
0,0,5.9055397510528564,0,5a85fb085542994775f606de,0.5,1,3,2,
0,0,5.791230916976929,0,5a7be2595542997c3ec972ac,0.0,0,3,3,
0,0,5.76947546005249,0,5a77152355429966f1a36c2e,0.0,0,3,4,
0,0,5.880503177642822,0,5a8f4c8d554299458435d5a3,0.0,0,3,2,
0,0,5.775869369506836,0,5a80840f554299485f59863b,0.0,0,3,6,
0,0,5.887334108352661,0,5a8361b65542992ef85e22a0,0.0,0,3,2,
0,0,5.762795448303223,0,5ae7ba7a5542993210983f12,0.0,0,3,9,
0,0,5.806075811386108,0,5ac2acff55429921a00ab02b,0.0,0,3,6,
0,0,5.9443793296813965,0,5aba7cfe554299232ef4a2fd,1.0,1,3,1,
0,0,5.769033193588257,0,5ae5aba0554299546bf82f17,0.16666666666666666,1,3,6,
0,0,8.031856775283813,0,5ae1f4cb554299234fd0436d,0.0,0,3,5,
0,0,5.746833324432373,0,5ae7e1fc55429952e35ea9cc,0.5,1,3,2,
0,0,6.017733097076416,0,5ae37c765542992f92d822d4,0.0,0,3,5,
0,0,5.705568552017212,0,5ae33c4d5542992f92d82262,0.0,0,3,1,
0,0,5.845428705215454,0,5a77cb335542997042120b3a,0.0,0,3,1,
0,0,5.909136772155762,0,5a8979f4554299669944a52e,0.0,0,3,4,
0,0,5.729849338531494,0,5a713ea95542994082a3e6e4,0.0,0,3,6,
0,0.25,5.883626937866211,0,5a78bd9b554299078472774a,0.0,0,3,2,
0,0,5.778481721878052,0,5a7625e8554299109176e66a,0.3333333333333333,1,3,3,
0,0,5.791972637176514,0,5ae2dd2055429928c423950d,0.0,0,3,6,
0,0,5.89638876914978,0,5abdf12255429976d4830a2f,0.0,0,3,4,
0,0,5.799858093261719,0,5a88658955429938390d3f47,0.0,0,3,3,
0,0,5.961871385574341,0,5a86ebac55429960ec39b6d6,0.0,0,3,4,
0,0,27.83726930618286,3,5aba5d2e55429901930fa799,0.3333333333333333,1,12,3,
0,0,21.499305486679077,2,5ae5736e5542990ba0bbb2b3,0.0,0,9,3,
0,0,5.723245859146118,0,5ae005b555429942ec259bec,0.0,0,3,1,
0,0,19.987401723861694,2,5a7759fc5542993569682d60,0.0,0,9,3,
0,0,5.85846209526062,0,5a835478554299123d8c20ed,1.0,2,3,2,
0,0,5.782520294189453,0,5aba749055429901930fa7d8,0.0,0,3,2,
0,0,5.88880467414856,0,5abfb3425542990832d3a1c0,0.0,0,3,5,
0,0,5.762526035308838,0,5ac3165c5542995ef918c10a,0.0,0,3,4,
0,0.16666666666666666,5.750455617904663,0,5ae53b545542990ba0bbb23c,0.5,2,3,4,
0,0,5.853425979614258,0,5ae224da554299234fd043ee,0.0,0,3,4,
0,0,5.856142997741699,0,5ae2b770554299495565db0f,0.2,1,3,5,
0,0,5.848042964935303,0,5a80b3a9554299485f5986cc,0.25,1,3,4,
0,0,5.774953603744507,0,5a8e0a005542995085b373a1,0.0,0,3,7,
0,0,5.787593841552734,0,5ac1b8ee5542994d76dccedc,0.0,0,3,4,
0,0,5.950880765914917,0,5adccd795542990d50227d2c,0.0,0,3,3,
0,0,11.8566415309906,1,5a84c4135542994c784dda31,0.0,0,6,2,
0,0,5.800019025802612,0,5a85eed75542996432c5713b,0.0,0,3,1,
0,0,7.791748523712158,0,5a774e9c55429972597f14f3,0.0,0,3,5,
0,0,5.635230541229248,0,5ae738f75542991bbc9761c4,0.0,0,3,4,
0,0.16666666666666666,5.7360169887542725,0,5ac32b565542995ef918c154,0.0,0,3,6,
0,0,5.857190370559692,0,5abc8d75554299700f9d7900,0.25,1,3,4,
0,0,5.704104661941528,0,5a8bb29b554299240d9c2089,0.5,1,3,2,
0,0,5.845513105392456,0,5ab659e355429954757d324e,0.0,0,3,13,
0,0,5.684735536575317,0,5a8b8b3155429949d91db5d7,0.5,2,3,4,
0,0,5.6878697872161865,0,5ae7eaf65542994a481bbe1d,0.0,0,3,5,
0,0,5.822942733764648,0,5a8c4c625542995e66a475a1,0.0,0,3,2,
0,0,5.745435953140259,0,5a818387554299260e20a291,0.0,0,3,2,
0,0,5.876128673553467,0,5ab978855542996be2020512,0.0,0,3,3,
0,0,5.766850233078003,0,5ae63dad55429929b0807afe,0.3333333333333333,1,3,3,
0,0,5.9166882038116455,0,5a7a455c5542994f819ef1a7,0.0,0,3,2,
0,0,5.786389589309692,0,5a7dcc775542990b8f503ab5,0.0,0,3,3,
0,0,5.733195543289185,0,5a887bc0554299206df2b2b6,0.0,0,3,4,
0,0,5.891968011856079,0,5a83880e554299123d8c214e,0.0,0,3,4,
0,0,5.7904932498931885,0,5a879adb5542996e4f30887f,0.0,0,3,5,
0,0,5.901555061340332,0,5add11935542994734353827,0.0,0,3,3,
0,0,5.819977045059204,0,5a8c5569554299240d9c2126,0.4,2,3,5,
0,0,7.96734619140625,0,5a75f0ea5542994ccc91866c,0.25,1,3,4,
0,0,5.672632932662964,0,5a89f5815542993b751ca9c5,0.0,0,3,5,
0,0,5.709105014801025,0,5a8d5fc6554299585d9e37c6,0.0,0,3,2,
0,0,5.86140513420105,0,5ac120c55542992a796dedfc,0.0,0,3,3,
0,0,11.359172344207764,1,5ab7c1a955429928e1fe38c8,0.0,0,6,2,
0,0,5.832336664199829,0,5abd01205542992ac4f3819b,0.5,1,3,2,
0,0,5.7302069664001465,0,5ab69c25554299110f219a39,0.25,1,3,4,
0,0,5.963260889053345,0,5a7b12a355429927d897bf2a,0.0,0,3,12,
0,0,5.776366710662842,0,5ae0006755429925eb1afbd3,0.0,0,3,5,
0,0,5.858752250671387,0,5ae305df5542992decbdcdc3,0.0,0,3,2,
0,0,5.79021430015564,0,5a8574945542997b5ce3fffb,0.5,1,3,2,
0,0,5.849478244781494,0,5a7332935542991f9a20c67d,0.0,0,3,3,
0,0,6.015666246414185,0,5a80071f5542992bc0c4a684,0.0,0,3,5,
0,0,5.779738903045654,0,5ae73c065542991e8301cc18,0.0,0,3,4,
0,0,5.91313624382019,0,5a87d8215542994775f60800,0.0,0,3,3,
0,0,5.858242988586426,0,5ac2ffbd554299677310267b,0.0,0,3,4,
0,0,5.904113292694092,0,5a7c960655429935c91b5244,0.25,1,3,4,
0,0,7.472011566162109,0,5a7d61775542991319bc93b9,0.2,1,3,5,
0,0,5.759754419326782,0,5ac1c6805542994ab5c67e11,0.0,0,3,2,
0,0,5.800192832946777,0,5a7a230e5542996a35c170ee,0.4,2,3,5,
0,0,5.775340557098389,0,5ae4627d5542991a06ce9a4d,0.0,0,3,2,
0,0,6.503747940063477,0,5ac2d1d755429921a00ab053,1.0,1,3,1,
0,0,5.722451686859131,0,5ab4e3065542990594ba9cb4,0.0,0,3,6,
0,0.1,5.7779541015625,0,5ac298f9554299657fa28fc9,0.0,0,3,4,
0,0,5.859039306640625,0,5ab6a2be554299710c8d1f08,0.0,0,3,4,
0,0,5.728468179702759,0,5a738d27554299623ed4abf3,0.0,0,3,6,
0,0,5.917284250259399,0,5ab2a186554299295394677b,0.3333333333333333,1,3,3,
0,0,5.753051042556763,0,5a8704f8554299211dda2ba4,0.25,1,3,4,
0,0.25,5.863573312759399,0,5ab5ed505542997d4ad1f255,0.0,0,3,5,
0,0,6.397749900817871,0,5a77c1505542997042120b1b,0.25,1,3,4,
0,0,5.788560152053833,0,5a88d745554299206df2b378,0.0,0,3,3,
0,0,5.908835172653198,0,5ae748d1554299572ea547b0,0.0,0,3,9,
0,0,5.833607196807861,0,5a7a8a9c554299042af8f666,0.0,0,3,4,
0,0,5.877182245254517,0,5adffe7155429906c02daa9e,0.0,0,3,3,
0,0,5.783057451248169,0,5ab642845542995eadeeff8e,0.0,0,3,2,
0,0,29.857946157455444,3,5a906a685542990a9849362e,0.0,0,12,1,
0,0,28.40994381904602,3,5a7633ad5542992db9473741,0.0,0,12,2,
0,0,6.034509181976318,0,5a74ce9655429974ef308c6c,0.0,0,3,2,
0,0,5.708208084106445,0,5a713a5a5542994082a3e6a9,0.0,0,3,9,
0,0,5.88775110244751,0,5ab341f755429969a97a8114,0.0,0,3,5,
0,0,5.837261438369751,0,5a8325b35542990548d0b18f,0.25,1,3,4,
0,0,13.680816411972046,1,5ab9374b554299131ca422c6,0.0,0,6,3,
0,0,5.8193018436431885,0,5ae52c0f5542992663a4f12e,0.0,0,3,5,
0,0,5.900603532791138,0,5adbfbd555429947ff173893,0.25,1,3,4,
0,0,5.714862823486328,0,5ab7f0015542992aa3b8c88b,0.0,0,3,5,
0,0,5.942583084106445,0,5ac547525542993e66e822a3,0.0,0,3,8,
0,0,5.814286708831787,0,5a7cbf8c554299452d57b9f4,0.3333333333333333,1,3,3,
0,0,6.078354358673096,0,5a7ddc5a5542995f4f4022da,0.25,1,3,4,
0,0,7.581770181655884,0,5a7a1cd85542990783324e65,0.6666666666666666,2,3,3,
0,0,5.799817323684692,0,5ae0a59a55429945ae9593e2,0.0,0,3,2,
0,0,5.81561279296875,0,5a8b987f5542997f31a41d7a,0.0,0,3,3,
0,0,5.78792929649353,0,5a8739a05542994775f607ab,0.2,1,3,5,
0,0,12.710916996002197,1,5ae67dba55429908198fa5f0,0.2,1,6,5,
0,0,5.813602685928345,0,5a7b3f4d5542992d025e67bb,0.0,0,3,3,
0,0,11.582165479660034,1,5ae2dfd155429928c423951b,0.3333333333333333,1,6,3,
0,0,5.8838279247283936,0,5ab6ba245542995eadef007f,0.0,0,3,3,
0,0,5.789213180541992,0,5ab8854555429934fafe6e0c,0.0,0,3,4,
0,0,5.818714141845703,0,5a8eea4a5542990e94052bb7,0.2,1,3,5,
0,0,5.868623495101929,0,5a74c85055429916b0164218,0.0,0,3,2,
0,0,5.7410852909088135,0,5a88dcf9554299206df2b383,0.0,0,3,7,
0,0,5.983577013015747,0,5a7625c7554299109176e668,0.5,1,3,2,
0,0,5.783244848251343,0,5ac0d83a554299294b219038,0.5,2,3,4,
0,0,5.744666337966919,0,5a790d8f554299029c4b5eec,0.0,0,3,7,
0,0,5.961377143859863,0,5ab2c5e255429916697740ba,0.0,0,3,5,
0,0,5.8329949378967285,0,5abcfc365542993a06baf9d6,0.0,0,3,11,
0,0,7.607213973999023,0,5a8ee6915542990e94052bad,0.5,1,3,2,
0,0,5.746466875076294,0,5abba4855542993f40c73b68,0.0,0,3,7,
0,0,6.239254951477051,0,5ae0bae555429906c02dab08,0.3333333333333333,1,3,3,
0,0,11.400744676589966,1,5ab271fe554299449642c8a6,0.0,0,6,3,
0,0,5.883729934692383,0,5a7997a2554299029c4b5f59,0.0,0,3,2,
0,0,5.799415588378906,0,5add673e5542992ae4cec54d,0.0,0,3,6,
0,0,5.872148036956787,0,5ae819ac55429952e35eaa16,0.0,0,3,2,
0,0,5.806752681732178,0,5aba65a055429939ce03dcd2,0.0,0,3,10,
0,0,11.990065574645996,1,5a87bada5542994846c1cddc,0.0,0,6,2,
0,0,5.821864128112793,0,5ae74fc45542997b22f6a6b4,0.25,2,3,8,
0,0,5.906963586807251,0,5adf65555542992d7e9f9334,0.0,0,3,4,
0,0,5.781075716018677,0,5ade69e455429975fa854ec5,0.2,1,3,5,
0,0,6.104492425918579,0,5ae057fd55429945ae959328,0.0,0,3,4,
0,0,4.034444093704224,1,5ab28019554299722f9b4d51,0.0,0,3,8,
0,0,13.53643250465393,1,5a75f79555429976ec32bcca,0.0,0,6,6,
0,0,5.820802450180054,0,5adef80b5542993a75d263c4,0.0,0,3,5,
0,0,7.659979581832886,0,5ae0aaf455429945ae959401,0.0,0,3,4,
0,0,5.635730981826782,0,5ab47d765542991751b4d78f,1.0,1,3,1,
0,0,5.808048486709595,0,5a7ed2c655429930675135e5,0.16666666666666666,1,3,6,
0,0,5.829575538635254,0,5ac3e0f7554299194317388b,0.16666666666666666,1,3,6,
0,0,6.024598836898804,0,5a7bae20554299294a54aa96,0.0,0,3,4,
0,0,5.960873365402222,0,5ab8ee035542991b5579f04b,0.125,1,3,8,
0,0,5.795441389083862,0,5a7a276d5542996c55b2dd27,0.0,0,3,7,
0,0,5.9245429039001465,0,5a717d4c5542994082a3e854,0.0,0,3,4,
0,0,5.842261075973511,0,5ac02e31554299294b218f3f,0.2,1,3,5,
0,0,5.732692003250122,0,5a79ea435542996c55b2dc9e,0.0,0,3,4,
0,0,5.951944589614868,0,5ab7e4dc5542995dae37e9df,0.0,0,3,11,
0,0,5.688632249832153,0,5a834ed95542990548d0b1ca,0.0,0,3,4,
0,0,5.914601802825928,0,5ab41d855542996a3a969f4b,0.0,0,3,2,
0,0,5.794252872467041,0,5a7b7ff75542995eb53be93d,0.14285714285714285,1,3,7,
,,,,5a7d19d85542995ed0d165e8,,,,,Ollama request exceeded timeout limit for model stable-qwen with error: timed out
0,0,5.949016332626343,0,5ae7ed17554299540e5a56a3,0.0,0,3,5,
0,0,5.871389389038086,0,5ab2659e554299340b5254b2,0.3333333333333333,1,3,3,
0,0,5.953695297241211,0,5abd2eab5542992ac4f38210,0.0,0,3,1,
0,0,5.833889007568359,0,5abaf3195542996cc5e49f2c,1.0,1,3,1,
0,0,9.27587103843689,0,5a791a97554299148911f9f2,0.0,0,3,5,
0,0,5.841480016708374,0,5adf58f15542993a75d264d2,0.0,0,3,4,
0,0,5.699146509170532,0,5adc65e85542996e68525350,0.0,0,3,4,
0,0,5.824458599090576,0,5a87ab9b5542996e4f3088c2,0.0,0,3,3,
0,0,5.7290263175964355,0,5a738fe855429908901be2fb,0.0,0,3,2,
0,0,12.118218183517456,1,5a8c65a1554299585d9e3680,0.14285714285714285,1,6,7,
0,0,26.045973777770996,3,5ac2bbd0554299218029db09,0.0,0,12,3,
0,0,18.20910954475403,2,5adf3e355542993a75d26440,0.6666666666666666,4,9,6,
0,0,5.811841011047363,0,5ae82ae555429952e35eaa71,0.25,1,3,4,
0,0,5.977362394332886,0,5ac289ff5542996366519a02,0.0,0,3,8,
0,0,5.82309627532959,0,5a7a5b3a5542996c55b2dd71,0.0,0,3,5,
0,0,5.904596567153931,0,5ab8688b55429934fafe6daa,0.0,0,3,1,
0,0,5.876280784606934,0,5a7a3a945542996a35c17147,0.14285714285714285,1,3,7,
0,0,7.513768672943115,0,5ab9b29c554299743d22ebae,0.0,0,3,2,
0,0,5.627590894699097,0,5a8b63fa55429950cd6afcd7,0.0,0,3,4,
0,0,5.725516080856323,0,5ade51b45542997c77adedf4,1.0,1,3,1,
0,0,5.964874267578125,0,5ae4c49a5542995dadf24400,0.0,0,3,4,
0,0,5.750135898590088,0,5a7d3470554299452d57bb56,0.0,0,3,5,
0,0,5.89940619468689,0,5ae4f2c75542993aec5ec0fb,0.0,0,3,5,
0,0,5.754038095474243,0,5ab1d7ac554299449642c7e6,0.0,0,3,3,
0,0,5.759649276733398,0,5a85cead5542991dd0999ea9,0.25,2,3,8,
0,0,5.977880954742432,0,5a73a7c755429978a71e9068,0.0,0,3,3,
0,0,5.784825325012207,0,5a7f113d55429934daa2fcbe,0.0,0,3,5,
0,0,11.6898193359375,1,5ae6828f5542996d980e7bb9,0.0,0,6,2,
0,0,4.103477478027344,1,5ab31864554299233954ff06,0.14285714285714285,1,3,7,
0,0,5.861700534820557,0,5abe239355429976d4830a7d,0.0,0,3,3,
0,0,5.779198884963989,0,5ac2659b55429963665199a1,0.0,0,3,3,
0,0,5.898520231246948,0,5ae058e855429945ae959331,0.25,1,3,4,
0,0,5.721973180770874,0,5a7b8749554299294a54a9db,0.0,0,3,4,
0,0,5.923843622207642,0,5a864ff7554299211dda2af2,0.0,0,3,4,
0,0,7.457520961761475,0,5ae4d3c95542990ba0bbb165,0.0,0,3,2,
0,0,5.6211748123168945,0,5ab7f97a5542991d322237ef,0.0,0,3,4,
0,0,5.890055418014526,0,5a7b46e55542995eb53be8e5,0.0,0,3,5,
0,0,5.665501117706299,0,5a879ba55542993e715abfc3,0.0,0,3,3,
0,0,5.888492822647095,0,5ae4563e5542996836b02c7f,0.0,0,3,16,
0,0,12.381269693374634,1,5ab6ff3a5542991d3222372a,0.2,1,6,5,
0,0,5.822685241699219,0,5a7a46605542994f819ef1ad,0.5,1,3,2,
0,0,5.86221981048584,0,5ade7a435542997c77adee3a,0.0,0,3,1,
0,0,5.876878499984741,0,5ac1795f5542994ab5c67d5f,0.5,1,3,2,
0,0,5.713641166687012,0,5ab1e984554299340b525428,0.0,0,3,7,
0,0,5.8613364696502686,0,5a86769c5542994775f60776,0.0,0,3,3,
0,0,5.846683502197266,0,5ab7da6f55429928e1fe3928,0.0,0,3,3,
0,0,5.8007752895355225,0,5ae497f15542995ad6573db8,0.0,0,3,3,
0,0,5.981892347335815,0,5ae6f2a7554299572ea5464a,0.0,0,3,2,
0,0,5.709457635879517,0,5adea9ea55429939a52fe934,0.0,0,3,2,
0,0,5.828360080718994,0,5a7caae75542996dd594b971,0.25,1,3,4,
0,0,5.70469331741333,0,5ac01bb8554299012d1db5a6,0.4,2,3,5,
0,0,5.70239520072937,0,5abc3a65554299700f9d782d,0.0,0,3,3,
0,0,7.512418270111084,0,5ae3ff575542995dadf242aa,0.0,0,3,4,
0,0,5.689250707626343,0,5a89fb525542993b751ca9d6,0.6666666666666666,2,3,3,
0,0,5.7335364818573,0,5ab3d69255429969a97a81c9,0.3333333333333333,1,3,3,
0,0,5.6616363525390625,0,5ac5199a5542994611c8b38a,0.0,0,3,6,
0,0,5.843747615814209,0,5ae048a255429924de1b708e,0.0,0,3,3,
0,0,5.697995662689209,0,5a9068a95542990a98493621,0.0,0,3,1,
0,0,5.778146028518677,0,5adf9dc3554299025d62a2e6,0.0,0,3,6,
0,0,13.053399324417114,1,5ae406245542995dadf242e2,0.0,0,6,3,
0,0,5.9123475551605225,0,5ab6369655429953192ad2a1,0.0,0,3,4,
0,0,5.85956597328186,0,5ae628f55542995703ce8b32,0.0,0,3,2,
0,0,5.7233850955963135,0,5adccdd55542992c1e3a2408,0.0,0,3,3,
0,0,12.681586265563965,1,5abd1529554299114383a1e3,0.0,0,6,4,
0,0,5.950391054153442,0,5a78db8055429970f5fffdb2,0.0,0,3,5,
0,0.2,5.726800441741943,0,5ab9debb55429955dce3ed97,0.0,0,3,2,
0,0,5.949593544006348,0,5ae791ef55429952e35ea979,0.25,1,3,4,
0,0,5.806704759597778,0,5ab8f7535542991b5579f0a7,0.0,0,3,3,
0,0,5.80692195892334,0,5ac119335542992a796dede4,0.3333333333333333,1,3,3,
0,0,7.558943271636963,0,5a7d2afd5542995f4f402221,0.0,0,3,2,
0,0,5.741155624389648,0,5a8dd5f955429917b4a5bcc7,0.3333333333333333,1,3,3,
0,0.18181818181818182,5.844942331314087,0,5a83a532554299334474606f,0.0,0,3,6,
0,0,5.746497869491577,0,5a90692f5542990a98493625,0.0,0,3,4,
0,0.18181818181818182,5.695058107376099,0,5a7555215542996c70cfaee1,0.0,0,3,3,
0,0,5.957483768463135,0,5a90580655429933b8a204ef,0.0,0,3,3,
0,0.18181818181818182,5.778151750564575,0,5a88e605554299206df2b39c,0.5,2,3,4,
0,0,5.913461685180664,0,5add67915542992200553af8,0.0,0,3,7,
0,0,5.768922805786133,0,5a8463545542990548d0b2a3,0.3333333333333333,1,3,3,
0,0,5.886128902435303,0,5a74684655429929fddd8410,0.0,0,3,6,
0,0,5.728818655014038,0,5a835c9f5542992ef85e228a,0.0,0,3,5,
0,0,5.759936332702637,0,5ae7edee554299540e5a56ad,0.0,0,3,6,
0,0,6.007152795791626,0,5a8ee4315542990e94052ba7,0.3333333333333333,2,3,6,
0,0,5.851202487945557,0,5a8cb288554299585d9e3726,0.0,0,3,8,
0,0,5.899533987045288,0,5adfbca255429942ec259b2c,0.0,0,3,14,
0,0,5.797227144241333,0,5ae24abc5542994d89d5b3c3,0.0,0,3,4,
0,0,5.82574462890625,0,5ab802085542990e739ec7ca,0.25,1,3,4,
0,0,6.316114902496338,0,5adfa3da554299025d62a317,0.0,0,3,2,
0,0,5.75217866897583,0,5a76e88555429972597f13f4,0.0,0,3,3,
0,0,7.658825159072876,0,5ac3ae475542995ef918c1e5,0.0,0,3,3,
0,0,5.6772377490997314,0,5abffc41554299012d1db551,0.0,0,3,1,
0,0,5.8336803913116455,0,5ae4c39f5542995dadf243fb,0.0,0,3,3,
0,0,151.96942377090454,3,5a79c6a55542994bb9457091,0.0,0,12,3,
0,0,5.897348642349243,0,5a7be5bd5542997c3ec972ba,0.0,0,3,6,
0,0,5.653244972229004,0,5a7ec61a55429934daa2fc5f,0.0,0,3,2,
0,0,5.72884464263916,0,5a7cb9b95542990527d55515,0.0,0,3,3,
0,0,5.918611526489258,0,5a867089554299211dda2b30,0.0,0,3,5,
0,0,5.7274651527404785,0,5ae1801955429901ffe4aec4,0.0,0,3,4,
0,0,5.925943613052368,0,5a76387d554299109176e6ba,0.0,0,3,1,
0,0,5.795447587966919,0,5abd0d635542992ac4f381b8,0.16666666666666666,1,3,6,
0,0,5.880736351013184,0,5ae68fcb5542992ae0d1635b,0.0,0,3,1,
0,0,4.272110223770142,1,5ab28b12554299449642c8ee,0.0,0,3,3,
0,0,5.807728290557861,0,5a7133565542994082a3e65c,0.0,0,3,4,
0,0,5.853842258453369,0,5abbd3ac55429931dba1458b,1.0,1,3,1,
0,0,5.853886604309082,0,5a85ab905542994c784ddb35,0.0,0,3,8,
0,0,7.518912076950073,0,5a8d93ad554299653c1aa13d,0.0,0,3,5,
0,0,5.627935886383057,0,5a886886554299206df2b258,0.0,0,3,7,
0,0,5.652194261550903,0,5a7c6bcc55429935c91b519c,0.0,0,3,8,
0,0,5.814856767654419,0,5a825bb455429940e5e1a874,0.2,1,3,5,
0,0,5.726219892501831,0,5a72a0be5542992359bc3143,0.6666666666666666,2,3,3,
0,0,5.812071323394775,0,5ade15f35542997545bbbe47,0.0,0,3,3,
0,0,5.758394479751587,0,5a77cb5e55429967ab1052a7,0.0,0,3,4,
0,0,5.912213563919067,0,5a83aaeb5542996488c2e483,0.0,0,3,5,
0,0,5.799717664718628,0,5ac4392e5542997ea680ca32,0.0,0,3,2,
0,0,5.744224786758423,0,5a7f5c9f55429969796c1a0f,0.3333333333333333,1,3,3,
0,0,5.823111295700073,0,5a8b770f5542995d1e6f13a7,0.0,0,3,4,
0,0,5.825181722640991,0,5ae3dc205542992f92d823a1,0.0,0,3,2,
0,0,6.040460586547852,0,5a7cf29255429909bec768b8,0.0,0,3,3,
,,,,5a79f6ca554299029c4b5f90,,,,,Ollama request exceeded timeout limit for model stable-qwen with error: timed out
0,0,5.846343040466309,0,5a8e3dc05542995085b37401,0.3333333333333333,1,3,3,
0,0,5.850207567214966,0,5ade24e35542992fa25da6e6,0.0,0,3,7,
0,0,5.8801398277282715,0,5ab5f854554299637185c64e,0.0,0,3,4,
0,0,6.0044732093811035,0,5ab5b6c1554299637185c5e5,0.5,2,3,4,
0,0,5.822319746017456,0,5ae25ed15542992decbdccd2,0.0,0,3,3,
0,0,7.562417984008789,0,5ab808ea5542991d3222380e,0.0,0,3,6,
0,0,5.754228115081787,0,5ae5072e55429960a22e0246,0.0,0,3,3,
0,0,5.649841070175171,0,5ac01bca5542992a796dec8d,0.0,0,3,3,
0,0,5.805498123168945,0,5adf34d35542993a75d26425,0.5,1,3,2,
0,0,5.854094743728638,0,5add67555542992ae4cec54e,1.0,1,3,1,
0,0,5.85402250289917,0,5a8085705542992bc0c4a74b,0.0,0,3,3,
0,0,5.825451374053955,0,5a756fa15542996c70cfaefb,0.0,0,3,3,
0,0,5.892526626586914,0,5a7f6eab5542992097ad2f66,0.16666666666666666,1,3,6,
0,0,5.829545021057129,0,5ae5e1345542996de7b71a50,0.0,0,3,6,
0,0,5.723315954208374,0,5a72c6f65542994cef4bc402,1.0,3,3,3,
0,0,5.879988193511963,0,5a80ad7c5542992097ad3018,0.0,0,3,4,
0,0,5.724629640579224,0,5a77a65b5542992a6e59df57,0.5,1,3,2,
0,0,6.013813734054565,0,5a78b209554299148911f93e,0.0,0,3,4,
0,0,5.808664798736572,0,5ab85a1155429934fafe6d7c,0.3333333333333333,1,3,3,
0,0,5.729303598403931,0,5a8da81e554299068b959d7e,0.0,0,3,5,
0,0,5.909691572189331,0,5ab8f57b5542991b5579f097,0.0,0,3,4,
0,0,5.76501989364624,0,5ab6bf6d55429953192ad372,1.0,2,3,2,
0,0,5.985150337219238,0,5ae7385d5542992ae0d163da,0.3333333333333333,1,3,3,
0,0,6.3266003131866455,0,5a7dd9445542997cc2c474ac,0.0,0,3,5,
0,0,7.549762725830078,0,5ab446d455429942dd415f07,0.0,0,3,6,
0,0,12.172356605529785,1,5ac497025542997ea680ca8d,0.0,0,6,7,
0,0,5.814648628234863,0,5a7b7bed5542997c3ec971bc,0.0,0,3,5,
0,0,5.751388311386108,0,5a89706055429951533612f9,0.0,0,3,7,
0,0,12.24330735206604,1,5ac02edb554299294b218f41,0.4,2,6,5,
0,0,5.714864253997803,0,5ab67772554299110f219a12,0.0,0,3,6,
0,0,6.069124937057495,0,5a7b65ab5542997c3ec97144,0.0,0,3,11,
0,0,5.7501349449157715,0,5a760faa5542994ccc9186a8,0.0,0,3,2,
0,0,5.838755130767822,0,5adbe1a7554299438c868cc3,0.5,1,3,2,
0,0,5.72627592086792,0,5a80aeff5542996402f6a5eb,0.16666666666666666,1,3,6,
0,0,5.722955226898193,0,5ae74890554299572ea547af,0.0,0,3,3,
0,0,5.859018325805664,0,5ac3d9c9554299204fd21ea3,0.5,1,3,2,
0,0,5.828659772872925,0,5abc8620554299700f9d78e2,0.0,0,3,4,
0,0,5.914769172668457,0,5a7b4bc35542992d025e67e0,0.0,0,3,4,
0,0,5.806372165679932,0,5a85dfcc5542994775f60673,0.16666666666666666,1,3,6,
0,0,5.934324026107788,0,5a7b76735542997c3ec9719f,0.0,0,3,1,
0,0,7.486115217208862,0,5a8c66db554299585d9e3683,0.0,0,3,13,
0,0,5.677786111831665,0,5a7e05ba5542995f4f402392,0.0,0,3,8,
0,0,5.903685569763184,0,5a88a4245542997e5c09a668,0.0,0,3,2,
0,0,5.695487022399902,0,5a8799c55542996e4f308877,0.0,0,3,6,
0,0,5.887035846710205,0,5ac038db554299294b218f57,0.0,0,3,5,
0,0,5.686218976974487,0,5a764c0b55429976ec32bd89,0.0,0,3,7,
0,0,5.763764142990112,0,5a77309d55429972597f1487,0.0,0,3,5,
0,0,5.831179618835449,0,5ab7bae95542993667793ff4,0.25,1,3,4,
0,0,5.709580898284912,0,5a7c9f325542990527d554e6,0.25,1,3,4,
0,0,5.916214942932129,0,5a8f69b55542997ba9cb324f,0.0,0,3,5,
0,0,5.768167972564697,0,5adbda2755429944faac2385,0.25,1,3,4,
0,0,80.98506593704224,1,5ab67bd355429954757d32f2,0.0,0,6,7,
0,0,40.82242822647095,5,5a90843c5542995651fb517e,0.0,0,18,3,
0,0,7.618194580078125,0,5a8324815542990548d0b184,0.0,0,3,3,
0,0,5.784769773483276,0,5adf4a275542993a75d26498,0.0,0,3,9,
0,0,5.933314323425293,0,5ae4c5595542990ba0bbb123,0.2,1,3,5,
0,0,13.05162525177002,1,5ab5057b5542991779162d56,0.0,0,6,7,
0,0,6.100251197814941,0,5a837d9a554299123d8c213e,0.3333333333333333,1,3,3,
0,0,6.006394624710083,0,5a81ebee554299676cceb16d,0.0,0,3,3,
0,0,6.323503494262695,0,5ab48c325542996a3a969f93,0.5,1,3,2,
0,0,6.815449237823486,0,5a8488f45542992a431d1a47,0.0,0,3,5,
0,0,6.461497068405151,0,5abe689a55429976d4830b16,0.0,0,3,6,
0,0,6.218248128890991,0,5a7a014a5542996c55b2dccf,0.5,1,3,2,
0,0.125,6.534510850906372,0,5a895d305542993b751ca931,0.0,0,3,5,
0,0,6.599487066268921,0,5a85c3a15542992a431d1b97,0.0,0,3,5,
0,0,6.080351829528809,0,5ae32b6755429928c4239644,0.0,0,3,4,
0,0.0202020202020202,8.90146780014038,0,5a8d02cc554299441c6b9fb6,0.0,0,3,4,
0,0,6.021785497665405,0,5a78daf855429970f5fffdae,0.0,0,3,2,
0,0,6.3334221839904785,0,5adc094a55429947ff1738c0,0.0,0,3,3,
0,0,6.0091552734375,0,5ae77c245542997b22f6a795,0.0,0,3,12,
0,0,5.935954332351685,0,5a88f9555542995153361214,0.125,1,3,8,
0,0,7.713597059249878,0,5a874ce15542996432c57256,0.0,0,3,4,
0,0.26666666666666666,5.955386638641357,0,5a7e7ed05542991319bc94c2,0.0,0,3,4,
0,0,6.179454326629639,0,5abf44025542993fe9a41def,0.0,0,3,3,
0,0,5.751915693283081,0,5ab531cc5542990594ba9d23,0.0,0,3,3,
0,0,5.774601936340332,0,5a90605d5542995651fb514d,0.0,0,3,2,
0,0,5.865096807479858,0,5ac45b58554299076e296dad,0.0,0,3,14,
0,0,5.745334625244141,0,5a8eb4d65542990e94052b82,0.0,0,3,5,
0,0,5.921754837036133,0,5a8038b55542996402f6a485,0.0,0,3,1,
0,0,5.75260853767395,0,5ab83d595542990e739ec886,1.0,1,3,1,
0,0,5.954223394393921,0,5ae0d52e554299603e418469,0.0,0,3,4,
0,0,5.733176946640015,0,5a8f9b8c5542997ba9cb32e6,0.16666666666666666,1,3,6,
0,0,11.807383298873901,1,5ae75a4c5542997b22f6a6f1,0.0,0,6,3,
0,0,41.152846574783325,5,5ab45a0b5542991779162c7e,0.0,0,18,6,
0,0,34.08163642883301,4,5a8b452655429971feec468e,0.0,0,15,6,
0,0,6.067612409591675,0,5a8d7b1755429941ae14dfc6,0.0,0,3,3,
0,0,5.801683187484741,0,5ab6f0c25542995eadef00ea,0.0,0,3,9,
0,0,14.440131425857544,1,5ab72a025542992aa3b8c7b8,0.0,0,6,4,
0,0,5.761601448059082,0,5ade42b55542992fa25da717,0.0,0,3,3,
0,0,5.97101092338562,0,5ae4c2b95542995dadf243ef,0.0,0,3,6,
0,0,5.751499891281128,0,5abf10b75542997719eab659,0.0,0,3,3,
0,0,6.006328821182251,0,5add564a5542990dbb2f7e38,0.0,0,3,3,
0,0,5.80656361579895,0,5a738225554299623ed4abc3,0.0,0,3,3,
0,0,5.942902326583862,0,5a729e7b5542992359bc313d,0.0,0,3,5,
0,0.2,19.100651741027832,2,5a811152554299260e20a22e,0.0,0,9,5,
0,0,5.869652032852173,0,5adddd075542992200553b71,0.5,2,3,4,
0,0,7.56445050239563,0,5ade9545554299728e26c740,0.6666666666666666,2,3,3,
0,0,5.763528347015381,0,5ab25004554299722f9b4cd7,0.0,0,3,9,
0,0,5.719176292419434,0,5ac1f4495542991316484bd2,0.0,0,3,3,
0,0,5.866628646850586,0,5ac0cf0f554299294b219018,0.0,0,3,4,
0,0,5.743045806884766,0,5ab3306a55429969a97a80fd,0.5,1,3,2,
0,0,5.869549989700317,0,5ade0fb95542997545bbbe39,0.0,0,3,10,
0,0.18181818181818182,5.805938005447388,0,5ab78edc5542995dae37e95c,0.0,0,3,6,
0,0,5.875244617462158,0,5ac056385542997d64295a08,0.0,0,3,1,
0,0,5.79705023765564,0,5aba9e2455429939ce03dd3a,0.0,0,3,5,
0,0,12.269453763961792,1,5a90b43455429916514e7523,0.0,0,6,7,
0,0,5.979011058807373,0,5abb30755542996cc5e49fd8,0.3333333333333333,1,3,3,
0,0,5.969070672988892,0,5ae4ec1e5542990ba0bbb19b,0.0,0,3,5,
0,0,5.735403299331665,0,5add405f5542992c1e3a2581,1.0,1,3,1,
0,0,5.902180194854736,0,5a71717d5542994082a3e834,0.0,0,3,8,
0,0,12.621622323989868,1,5adf8fe55542993344016d0f,0.0,0,6,3,
0,0,5.998941898345947,0,5a78f59755429970f5fffdf7,0.0,0,3,5,
0,0,5.841362953186035,0,5a8099935542996402f6a58b,0.0,0,3,3,
0,0,7.620136022567749,0,5ab6aaff55429953192ad35b,0.0,0,3,3,
0,0,11.318713426589966,1,5abcc96c5542996583600492,1.0,2,6,2,
0,0,5.881967067718506,0,5a8b78775542997f31a41d3d,0.375,3,3,8,
0,0,5.6888861656188965,0,5a7252db5542990c210a4104,0.0,0,3,4,
0,0,20.049959182739258,2,5ae2ee5e5542991a06ce990a,0.0,0,9,3,
,,,,5abc5951554299114383a116,,,,,Ollama request exceeded timeout limit for model stable-qwen with error: timed out
0,0,5.794716119766235,0,5ac1a3665542994ab5c67daf,0.0,0,3,9,
0,0,30.63495683670044,3,5adc0c2b55429947ff1738db,0.0,0,12,5,
0,0,5.867402076721191,0,5a7634f155429976ec32bd6b,0.3333333333333333,1,3,3,
0,0,4.497962474822998,1,5a7574e25542996c70cfaf01,0.125,1,3,8,
0,0,5.777580261230469,0,5adc8977554299438c868de2,0.3333333333333333,1,3,3,
0,0,5.935612201690674,0,5a7dc2495542997cc2c4749a,0.4,2,3,5,
0,0,5.837697744369507,0,5a8f05b1554299458435d517,0.1111111111111111,1,3,9,
0,0,7.5971291065216064,0,5ab7bbbf55429928e1fe38bf,0.0,0,3,4,
0,0,5.759590148925781,0,5a8af28555429951533613b5,0.2,1,3,5,
0,0.23529411764705882,0.41998958587646484,0,5ae1f596554299234fd04372,,,,,
0,0,5.7963056564331055,0,5a8b3af455429971feec467b,0.0,0,3,3,
0,0,5.852889537811279,0,5add311b5542994ed6169cc5,0.0,0,3,3,
0,0,21.635596752166748,2,5ae60426554299546bf83019,0.0,0,9,5,
0,0,54.56510376930237,5,5a8cfee555429941ae14df5c,,,,,
0,0,33.25297975540161,3,5a71166d5542994082a3e576,0.0,0,12,5,
0,0,7.114368200302124,0,5ae789615542997ec2727695,0.0,0,3,4,
,,,,5a7757215542993569682d58,,,,,Ollama request exceeded timeout limit for model stable-qwen with error: timed out
0,0,6.8447346687316895,0,5a81ff62554299676cceb1c4,0.0,0,3,5,
0,0,7.039388418197632,0,5ae4890a5542995ad6573d60,0.16666666666666666,1,3,6,
0,0,6.879268407821655,0,5a79c1335542994bb9457066,0.0,0,3,2,
0,0.03389830508474576,7.079358339309692,0,5ac52fc35542994611c8b403,0.0,0,3,8,
0,0,6.918079137802124,0,5adda7585542997dc790700c,0.0,0,3,4,
0,0,7.002655982971191,0,5adf043b5542993a75d263d4,0.0,0,3,4,
0,0,7.053574562072754,0,5abd6bf055429933744ab7c8,0.0,0,3,5,
0,0,7.016991376876831,0,5ae0038655429925eb1afbe0,0.0,0,3,1,
0,0,7.069844961166382,0,5a73977d554299623ed4ac08,0.0,0,3,4,
0,0,6.99987530708313,0,5ac2a399554299218029dada,0.0,0,3,3,
0,0,7.142203092575073,0,5ae0f6f5554299422ee99583,0.6666666666666666,2,3,3,
0,0,6.893261671066284,0,5adc1ae5554299438c868d5c,0.0,0,3,5,
0,0,6.856753349304199,0,5ae6860e5542991bbc976112,0.0,0,3,6,
0,0,7.058427333831787,0,5ae1316555429901ffe4adda,0.0625,1,3,16,
0,0.06779661016949153,7.060594320297241,0,5adfeb0555429942ec259b88,0.0,0,3,3,
0,0,7.465362310409546,0,5ab5499e5542992aa134a295,0.0,0,3,2,
1,1.0,4.120168924331665,1,5adeffa85542992d7e9f926f,0.0,0,3,3,
0,0,7.000829696655273,0,5adfd2f255429925eb1afaa5,0.0,0,3,6,
0,0,8.733961343765259,0,5ae5b301554299546bf82f2d,0.0,0,3,2,
0,0,6.954132795333862,0,5ab1eac95542993be8fa987f,0.25,1,3,4,
0,0,7.016147136688232,0,5ae15e125542990adbacf773,0.0,0,3,5,
0,0,6.881507158279419,0,5a77beae5542992a6e59dfae,0.0,0,3,3,
0,0,7.028051376342773,0,5ae1f5a15542997f29b3c1b5,0.0,0,3,3,
0,0,7.431961536407471,0,5ade908b55429975fa854f13,0.0,0,3,7,
0,0,7.160903215408325,0,5ab47cd75542991751b4d78d,0.0,0,3,3,
0,0,7.107096195220947,0,5a79b7f6554299029c4b5f6f,0.0,0,3,4,
0,0,6.930018901824951,0,5ab626d555429953192ad279,0.0,0,3,4,
0,0,7.213515043258667,0,5a84873e5542997175ce1eec,0.25,1,3,4,
0,0,6.957587718963623,0,5ac537975542996feb3fea3c,0.0,0,3,4,
0,0,6.9639976024627686,0,5a8f45ca5542997ba9cb320e,0.0,0,3,6,
0,0,7.062044858932495,0,5a8ac4085542992d82986f74,0.0,0,3,2,
0,0,6.9564149379730225,0,5a7b374c5542995eb53be8cc,0.0,0,3,3,
0,0,4.221870183944702,1,5ab92e02554299753720f775,0.25,1,3,4,
0,0,7.433161735534668,0,5ab58f9a554299488d4d99da,0.0,0,3,2,
0,0,7.114497661590576,0,5adf860e5542993344016cbc,0.0,0,3,6,
0,0,6.926817178726196,0,5a7ad9865542995eb53be8aa,0.3333333333333333,1,3,3,
0,0.032258064516129024,7.082136631011963,0,5a71443f5542994082a3e727,0.0,0,3,3,
0,0,8.72464919090271,0,5a7cbf93554299452d57b9f5,0.0,0,3,3,
0,0,6.85994553565979,0,5adf98215542993344016d19,0.0,0,3,4,
0,0,6.99738621711731,0,5ae1fa2b5542997f29b3c1df,0.0,0,3,12,
0,0.06349206349206349,6.882646322250366,0,5ae650fb55429929b0807b2e,0.0,0,3,3,
0,0,7.023720979690552,0,5a85597c5542997175ce1fba,0.0,0,3,4,
0,0,7.183811664581299,0,5ac19d4c55429963665198bb,0.5,1,3,2,
0,0.034482758620689655,6.955833673477173,0,5ab611cc5542992aa134a411,0.0,0,3,3,
0,0,7.081702947616577,0,5ab7c87d55429928e1fe38de,0.0,0,3,8,
0,0,7.682579040527344,0,5ab4bea15542990594ba9cae,0.0,0,3,4,
0,0,10.17598009109497,0,5ade9c9c5542997c77adee8c,0.0,0,3,5,
0,0,7.035427093505859,0,5ae0d7315542990adbacf678,0.3333333333333333,2,3,6,
0,0,7.018904447555542,0,5ae1ba55554299234fd042d9,0.0,0,3,4,
0,0.034482758620689655,7.136364936828613,0,5a839c8b5542996488c2e479,0.0,0,3,4,
0,0,7.108274936676025,0,5abdd08d5542991f6610604c,0.3333333333333333,1,3,3,
0,0,7.083729028701782,0,5ade190f55429975fa854e40,0.0,0,3,4,
0,0,7.020896673202515,0,5a8cd381554299653c1aa12b,0.0,0,3,3,
0,0,7.386865854263306,0,5abd12bb55429933744ab703,0.0,0,3,1,
0,0.03389830508474576,7.350735664367676,0,5abb1e1b5542992ccd8e7f19,0.0,0,3,3,
0,0,7.692355155944824,0,5adeb95d5542992fa25da827,0.0,0,3,2,
0,0,9.162181854248047,0,5a8ba59a554299240d9c2058,0.0,0,3,4,
0,0,6.973372459411621,0,5a7c53a855429935c91b515d,0.2,1,3,5,
0,0,7.010221719741821,0,5ae54eea5542993aec5ec19d,0.0,0,3,4,
0,0,16.293816804885864,1,5a8026a05542992e7d278df8,0.3333333333333333,1,6,3,
0,0,49.13289761543274,5,5a7a27ce5542996c55b2dd28,0.0,0,18,2,
0,0,49.658862829208374,5,5ab9812d554299753720f821,0.0,0,18,3,
0,0,50.887580156326294,5,5ac3b5d3554299741d48a2f3,0.0,0,18,7,
,,,,5ab811e95542995dae37ea22,,,,,Ollama request exceeded timeout limit for model stable-qwen with error: timed out
0,0,49.8869788646698,5,5a80541d5542996402f6a4d2,0.25,1,18,4,
0,0,48.12101769447327,5,5ac2546a554299636651997b,0.0,0,18,5,
0,0,7.093792200088501,0,5ab8f3235542991b5579f084,0.25,1,3,4,
0,0,7.028902530670166,0,5ac31066554299741d48a19d,0.0,0,3,4,
0,0,8.718834161758423,0,5ac279345542990b17b153b0,1.0,1,3,1,
0,0,6.784983396530151,0,5adfc50355429942ec259b43,0.0,0,3,5,
0,0,7.0664756298065186,0,5ae5e1985542996de7b71a54,0.4,2,3,5,
0,0,7.080570459365845,0,5a87411d5542994846c1cd37,0.0,0,3,4,
0,0,6.908107042312622,0,5ab4107a554299753aec5a2f,0.0,0,3,4,
0,0,7.0406999588012695,0,5ae3d8415542992f92d8239a,0.3333333333333333,1,3,3,
0,0,7.027328252792358,0,5a88a19a5542997e5c09a64b,0.0,0,3,2,
0,0.03125,6.884636640548706,0,5a7e1ad155429965cec5ea66,0.0,0,3,4,
0,0,5.320136070251465,1,5a745e1455429929fddd83fd,0.6666666666666666,2,3,3,
0,0,6.883164882659912,0,5a8ca7d4554299240d9c21b8,0.0,0,3,1,
0,0,7.102065324783325,0,5a7ec90055429934daa2fc66,0.0,0,3,2,
0,0,6.936967611312866,0,5a82112955429926c1cdae25,0.0,0,3,2,
0,0.034482758620689655,7.034967422485352,0,5a85a3005542991dd0999e72,0.3333333333333333,1,3,3,
0,0,6.920541048049927,0,5ab4475c5542996a3a969f6c,0.0,0,3,12,
0,0,7.027682542800903,0,5ac1a04e5542991316484b63,0.0,0,3,2,
0,0,7.05158805847168,0,5ae09ce855429924de1b7113,0.0,0,3,7,
0,0.2,4.2697296142578125,1,5a78bc6b554299148911f979,0.0,0,3,5,
0,0,47.57126235961914,5,5ab2a8b655429929539467ab,0.0,0,18,5,
0,0,37.46295619010925,4,5a8a7d2b55429930ff3c0dfc,0.0,0,15,4,
0,0,6.822357416152954,0,5ae3f2395542995ad6573cc6,0.0,0,3,4,
0,0,6.949592113494873,0,5a90bd7b55429916514e7547,0.3333333333333333,1,3,3,
0,0,6.836050510406494,0,5ae20e265542994d89d5b325,0.0,0,3,1,
0,0,6.8942649364471436,0,5abc039a5542993f40c73c49,0.5,2,3,4,
0,0.16666666666666669,6.920472145080566,0,5a77c74155429967ab105291,0.0,0,3,3,
0,0,6.924636602401733,0,5ae48e7e55429913cc20449d,0.0,0,3,3,
0,0,38.74272656440735,4,5abaf4535542996cc5e49f35,0.0,0,15,4,
0,0,6.87860369682312,0,5a901e5c55429933b8a2047c,0.0,0,3,3,
0,0.03636363636363636,6.873374700546265,0,5ab528a3554299637185c4e5,0.5,2,3,4,
0,0,6.923984527587891,0,5a88fc4255429938390d4019,0.0,0,3,3,
0,0,6.850441217422485,0,5ae0345855429924de1b705f,0.0,0,3,5,
0,0,6.763638257980347,0,5ac1b5de5542994d76dccec6,0.0,0,3,3,
0,0,7.041296005249023,0,5a82fe5055429966c78a6ad3,0.5,1,3,2,
0,0,6.813387632369995,0,5a798f8c5542994bb9457023,0.0,0,3,4,
0,0,6.9582061767578125,0,5add63845542992ae4cec541,0.3333333333333333,1,3,3,
0,0,6.815737247467041,0,5ababbe9554299232ef4a38a,0.3333333333333333,1,3,3,
0,0,7.118575096130371,0,5ae3205c55429928c423961e,0.0,0,3,4,
0,0,6.920580625534058,0,5abcf2b4554299700f9d7937,0.2,1,3,5,
0,0,6.975024938583374,0,5a8b4a5f55429949d91db531,0.5,2,3,4,
0,0,7.276184320449829,0,5a79be0e5542994f819ef084,0.16666666666666666,1,3,6,
0,0,6.901799201965332,0,5ae69e3f5542996d980e7c61,0.5,1,3,2,
0,0,7.08061957359314,0,5a8a495055429930ff3c0d6a,0.0,0,3,4,
0,0,6.8994317054748535,0,5a8c5c6f554299653c1aa04d,0.6666666666666666,2,3,3,
0,0,28.478691816329956,2,5a80ecea55429938b6142254,0.0,0,9,3,
0,0,6.870784044265747,0,5a8242c155429940e5e1a81d,0.5,1,3,2,
0,0,7.6886467933654785,0,5a7cef5d55429909bec768ac,0.0,0,3,6,
0,0.037037037037037035,6.855645656585693,0,5a7319e755429901807daf86,0.2,1,3,5,
,,,,5ae1d0e8554299234fd0430a,,,,,Ollama request exceeded timeout limit for model stable-qwen with error: timed out
0,0,6.7965943813323975,0,5ade99295542992fa25da7d8,0.16666666666666666,1,3,6,
0,0,7.069766044616699,0,5a734bb65542994cef4bc50f,0.0,0,3,3,
0,0,4.091956377029419,1,5abe7eb05542993f32c2a12c,0.2,1,3,5,
0,0,7.417478799819946,0,5a84f7255542991dd0999e33,0.0,0,3,2,
0,0,7.344886064529419,0,5a70f1685542994082a3e40f,0.0,0,3,1,
0,0,6.851468801498413,0,5ae0de1455429924de1b71b4,1.0,1,3,1,
0,0,7.001331567764282,0,5ae4a2b25542995ad6573de0,0.5,1,3,2,
0,0,6.902869462966919,0,5abd9c2355429924427fd06c,0.0,0,3,2,
0,0,6.982344150543213,0,5a74701655429979e2882952,0.5,1,3,2,
0,0,6.857283115386963,0,5ab7f7465542993667794071,0.0,0,3,4,
0,0,7.0231099128723145,0,5a7a6ee75542996c55b2ddac,0.0,0,3,4,
0,0,6.875591278076172,0,5a85fa815542996432c57155,0.0,0,3,5,
0,0,6.918569803237915,0,5ae27f555542992decbdcd30,0.0,0,3,5,
0,0,9.068336248397827,0,5ade3d75554299728e26c68b,0.0,0,3,3,
0,0,6.776432752609253,0,5ae236da5542994d89d5b397,0.0,0,3,2,
0,0,6.828891038894653,0,5adfad2b554299603e41835c,0.5,1,3,2,
0,0,6.694050550460815,0,5abbc58455429931dba14502,0.0,0,3,3,
0,0,6.823373556137085,0,5a861fa75542994775f60706,0.4,2,3,5,
0,0,7.2005085945129395,0,5a888fe6554299206df2b2f7,0.0,0,3,6,
0,0,6.81116795539856,0,5ab865235542992aa3b8c8db,1.0,1,3,1,
0,0,7.055420398712158,0,5ae064985542993d6555eb47,0.3333333333333333,1,3,3,
0,0,6.780267000198364,0,5ae531a95542990ba0bbb1fc,0.0,0,3,6,
0,0,7.000995397567749,0,5ae533535542993aec5ec173,0.0,0,3,7,
0,0,46.96727991104126,5,5adebea1554299728e26c7b6,0.0,0,18,7,
0,0,47.456780433654785,5,5adfdc7d55429942ec259b64,1.0,1,18,1,
,,,,5adbe9fa55429944faac23ba,,,,,Ollama request exceeded timeout limit for model stable-qwen with error: timed out
0,0,14.768400192260742,1,5ae31bbd55429928c42395fc,0.75,3,6,4,
0,0,7.4263834953308105,0,5ae2120e5542997283cd23ad,0.0,0,3,5,
0,0,7.289619207382202,0,5a9052765542995651fb513d,0.0,0,3,6,
0,0,7.4749627113342285,0,5ae6795855429908198fa5e4,1.0,2,3,2,
0,0,7.408478021621704,0,5a84e61b5542997b5ce3ff86,0.0,0,3,6,
0,0,7.4972028732299805,0,5ab266b5554299340b5254b4,0.0,0,3,14,
0,0,7.364679574966431,0,5ab5ec0a5542997d4ad1f250,0.0,0,3,4,
0,0,7.438225030899048,0,5a72a9ab5542992359bc315a,0.0,0,3,2,
0,0,7.0140533447265625,0,5a848b5c5542997175ce1ef2,0.0,0,3,2,
0,0,8.521058320999146,0,5ab467975542991751b4d75f,0.0,0,3,4,
0,0,10.059639692306519,0,5a75ebfc5542992d0ec06018,0.0,0,3,6,
0,0,7.919699668884277,0,5a7cdd6b55429909bec76858,0.14285714285714285,1,3,7,
0,0,8.696069240570068,0,5a8209845542990a1d231f1f,0.0,0,3,5,
0,0,7.729163885116577,0,5a726b0f5542997f827839be,0.0,0,3,2,
1,1.0,4.701171875,1,5ac2616b5542996366519997,0.0,0,3,3,
0,0,7.800000429153442,0,5ae4f3c455429960a22e0221,0.0,0,3,8,
0,0,7.4959399700164795,0,5a8b4ec155429949d91db53f,0.0,0,3,2,
0,0,25.313521146774292,2,5ac52f455542996feb3fea12,0.2,1,9,5,
0,0,6.885902166366577,0,5ab438395542990594ba9bb9,0.0,0,3,7,
0,0,6.802961826324463,0,5a81a7f75542995ce29dcc25,0.0,0,3,10,
0,0,4.6513671875,1,5add98985542990dbb2f7e82,0.0,0,3,7,
0,0,6.866626739501953,0,5ae1465855429920d5234373,0.0,0,3,4,
0,0.03773584905660378,6.8151795864105225,0,5a721d5a55429971e9dc9283,0.5,1,3,2,
0,0.04,6.955326795578003,0,5ae7ea695542994a481bbe17,0.0,0,3,5,
0,0,6.800832986831665,0,5ae7eb3c5542994a481bbe20,0.03773584905660377,2,3,53,
0,0,6.9560394287109375,0,5adf69055542995534e8c7a4,0.0,0,3,5,
0,0,6.812236547470093,0,5a806cdf5542996402f6a508,0.0,0,3,8,
0,0,25.85878324508667,2,5a78d01d55429974737f78b3,0.0,0,9,7,
0,0,6.244647264480591,0,5adf62d05542992d7e9f932d,0.0,0,3,2,
0,0,6.190502405166626,0,5a8b3fe85542995d1e6f1323,0.5,2,3,4,
0,0,6.743378639221191,0,5a7dedef5542995f4f40231a,0.0,0,3,2,
0,0,47.781251430511475,5,5a88c68d55429938390d3fba,0.5,2,18,4,
0,0,42.781928062438965,5,5abc0bea554299658360040d,0.0,0,18,3,
0,0,46.281033992767334,5,5abb2f245542996cc5e49fd2,0.0,0,18,3,
0,0,41.38673186302185,5,5a72f74a55429901807daf59,0.0,0,18,4,
0,0,7.935075759887695,0,5ae0a54e5542993d6555ebdd,0.0,0,3,6,
0,0,41.13417983055115,5,5a866e7e554299211dda2b29,0.2,1,18,5,
0,0,41.441190004348755,5,5abaf6865542996cc5e49f3c,0.0,0,18,4,
0,0,40.57568311691284,5,5ae534bb5542990ba0bbb21d,0.0,0,18,5,
0,0,27.745269298553467,3,5ae327e05542992f92d82220,0.0,0,12,4,
0,0,42.95057129859924,5,5abebbe65542997719eab59d,0.0,0,18,3,
0,0.3076923076923077,4.263080358505249,1,5ab5e9865542992aa134a3db,0.0,0,3,3,
0,0,19.807109117507935,2,5a7a112a5542990783324e2b,0.0,0,9,4,
0,0,6.590843677520752,0,5adf430e5542993a75d2645e,0.0,0,3,6,
0,0.05,6.434380531311035,0,5a779be75542995d83181215,0.0,0,3,5,
0,0,41.86685538291931,5,5a809b575542996402f6a59c,0.0,0,18,1,
0,0,42.12855815887451,5,5abed9435542994516f45457,0.0,0,18,2,
0,0.045454545454545456,26.754836320877075,3,5adf4ba65542992d7e9f931c,0.0,0,12,5,
0,0,6.36771559715271,0,5ae491155542995ad6573da3,0.6666666666666666,2,3,3,
0,0,6.428807973861694,0,5ac440385542997ea680ca4e,0.0,0,3,1,
0,0,6.351087808609009,0,5a84d80c5542992a431d1ab5,0.0,0,3,4,
0,0,6.629172086715698,0,5ae7945d5542997b22f6a7ba,0.0,0,3,6,
0,0,6.327438116073608,0,5ab98608554299131ca42362,0.0,0,3,3,
0,0,6.34601092338562,0,5ab3eeb5554299233954fff4,0.0,0,3,4,
0,0,6.533163785934448,0,5a7ce50f55429909bec76869,0.0,0,3,2,
0,0,6.465674877166748,0,5a8fa4d95542995b4424207b,0.0,0,3,2,
0,0,6.545668363571167,0,5a72ba165542992359bc318a,0.6666666666666666,2,3,3,
0,0,6.421782970428467,0,5a85ae455542997175ce1ff0,0.0,0,3,3,
0,0,6.4162986278533936,0,5a8bbfb15542995e66a474f6,0.0,0,3,1,
0,0,6.540616750717163,0,5ac240ef55429951e9e684ef,0.3333333333333333,1,3,3,
0,0,6.499950408935547,0,5ab72b5c5542993667793f63,0.0,0,3,3,
0,0,8.158700466156006,0,5ab3af70554299233954ff81,0.0,0,3,3,
0,0,6.3403637409210205,0,5ae320a95542991a06ce992e,0.0,0,3,5,
0,0.04,6.438757658004761,0,5ae28b76554299495565daa8,0.25,1,3,4,
0,0,6.266103267669678,0,5ab6a8b5554299710c8d1f30,0.0,0,3,6,
0,0,6.4143595695495605,0,5a8b8f5b55429949d91db5e1,0.0,0,3,5,
0,0,6.530760049819946,0,5ae829ea5542997ec2727738,0.0,0,3,3,
0,0,6.3077239990234375,0,5aba14195542994dbf0198a9,0.018867924528301886,1,3,53,
0,0,6.5107386112213135,0,5ae370295542992e3233c402,0.0,0,3,4,
0,0,6.439695358276367,0,5abdba405542993f32c2a023,0.0,0,3,2,
0,0,6.429921627044678,0,5a855b5c5542997b5ce3ffeb,0.0,0,3,4,
0,0,6.531894683837891,0,5adf734b5542995ec70e9016,0.0,0,3,7,
0,0.047619047619047616,6.388827562332153,0,5a81ca835542990a1d231ebd,0.0,0,3,6,
0,0,6.532835483551025,0,5abba581554299642a094af9,0.16666666666666666,1,3,6,
0,0,6.378156661987305,0,5a887f5c554299206df2b2c0,0.0,0,3,4,
0,0,4.172474145889282,1,5a80956e5542996402f6a579,0.0,0,3,6,
0,0,6.4210205078125,0,5ac2efd65542990b17b154c7,0.16666666666666666,1,3,6,
0,0,6.447005748748779,0,5a7af32e55429931da12c99c,0.0,0,3,4,
0,0,12.397181510925293,1,5a7c9d2e55429935c91b5261,0.0,0,6,4,
0,0,8.237998723983765,0,5a8752955542994775f607d1,0.0,0,3,12,
0,0,6.225352764129639,0,5ae3e2455542994393b9e78c,0.0,0,3,2,
0,0,6.31231164932251,0,5abd552555429933744ab776,0.0,0,3,7,
0,0,6.385205030441284,0,5ac048cc554299294b218f73,0.0,0,3,5,
0,0,6.309614658355713,0,5ac048ea554299294b218f74,0.3333333333333333,1,3,3,
0,0.04651162790697674,6.484527826309204,0,5ab474135542991751b4d77b,0.0,0,3,9,
0,0,6.328991889953613,0,5a711cb45542994082a3e59f,0.0,0,3,5,
0,0,6.547908067703247,0,5ae60db1554299546bf83041,0.6,3,3,5,
0,0,6.35190486907959,0,5a8b81bc55429949d91db5b8,0.0,0,3,8,
0,0,6.374233961105347,0,5a73bcf055429978a71e909c,0.0,0,3,4,
0,0,6.550992250442505,0,5ae1436e55429901ffe4ae31,0.0,0,3,3,
0,0,41.198405504226685,5,5ab207f65542993be8fa98b8,0.0,0,18,2,
0,0,28.816200494766235,3,5a7766b15542993569682d7e,1.0,2,12,2,
0,0,28.455360651016235,3,5ac1a3fa5542991316484b7d,0.0,0,12,5,
0,0,6.429956436157227,0,5a790f5e55429970f5fffe40,0.0,0,3,3,
0,0,6.375801086425781,0,5add10ca5542994ed6169c59,0.0,0,3,3,
0,0,6.622532367706299,0,5ae1b2b9554299422ee99684,0.0,0,3,4,
0,0,6.408690452575684,0,5a7f81425542992097ad2f8e,0.0,0,3,5,
0,0,6.569611549377441,0,5a817f6655429938b6142349,0.0,0,3,3,
0,0,6.44269585609436,0,5ab6ddb655429953192ad39e,0.0,0,3,4,
0,0,6.5910890102386475,0,5a76cb9b55429966f1a36bf2,0.0,0,3,5,
0,0,6.466204881668091,0,5ae4808455429970de88d990,0.0,0,3,5,
0,0,13.684769630432129,1,5ab7f6d35542993667794070,0.0,0,6,2,
0,0,6.778320074081421,0,5abe86365542993f32c2a14d,0.0,0,3,7,
0,0,6.550933599472046,0,5a7571095542992d0ec05f97,0.0,0,3,3,
0,0,6.818144798278809,0,5adcfbf45542990d50227d86,0.0,0,3,8,
0,0,8.211448431015015,0,5ab30d1155429976abd1bc3d,0.0,0,3,6,
0,0,6.697122097015381,0,5ae6069c55429929b0807a67,0.0,0,3,2,
0,0.045454545454545456,6.6803297996521,0,5a711c535542994082a3e59b,0.2857142857142857,2,3,7,
0,0,6.49393630027771,0,5adf85e05542993344016cba,0.0,0,3,3,
0,0,6.336856126785278,0,5a77897f55429949eeb29edc,0.14285714285714285,1,3,7,
0,0,6.440967082977295,0,5ae10a5b55429920d52342a0,0.0,0,3,2,
0,0,6.360447406768799,0,5ab639e65542995eadeeff7f,0.0,0,3,6,
0,0,6.358794927597046,0,5a8bae135542996e8ac889b6,0.0,0,3,11,
0,0,6.533154487609863,0,5a75e33855429976ec32bc74,0.0,0,3,5,
0,0,6.34135890007019,0,5ae363ff5542992f92d822bc,0.0,0,3,3,
0,0,6.785984754562378,0,5ac0e6fa5542996f0d89cc35,0.0,0,3,2,
0,0,6.308495759963989,0,5ade6b67554299728e26c71c,0.0,0,3,3,
0,0,6.461731672286987,0,5ae0c7e755429945ae95944c,0.0,0,3,4,
0,0,6.534444570541382,0,5a78f753554299078472776e,0.0,0,3,4,
0,0,6.384087085723877,0,5adcde255542992c1e3a243f,0.0,0,3,2,
0,0,6.546328544616699,0,5ae73d505542991e8301cc2c,0.0,0,3,3,
0,0,12.372165203094482,1,5ae18d615542997283cd2229,0.0,0,6,1,
0,0,8.04273509979248,0,5ac3ad7f5542995ef918c1de,0.0,0,3,5,
0,0,6.317365407943726,0,5ab9d44255429939ce03dc36,0.0,0,3,4,
0,0,42.4904305934906,5,5a863b27554299211dda2ab6,2.0,2,18,1,
0,0,41.897714376449585,5,5a79118755429974737f7962,0.5,1,18,2,
,,,,5abfa9745542997ec76fd426,,,,,Ollama request exceeded timeout limit for model stable-qwen with error: timed out
0,0,45.34962224960327,5,5abfc8675542993fe9a41e52,0.0,0,18,2,
0,0,38.73478317260742,5,5a866c04554299211dda2b25,0.0,0,18,4,
0,0,38.774357080459595,5,5a80c74f554299260e20a158,0.0,0,18,3,
0,0,40.09041905403137,5,5ae5691055429960a22e02f3,0.14285714285714285,1,18,7,
0,0,38.39412593841553,5,5ab1d983554299340b52540a,0.0,0,18,2,
0,0,39.00066590309143,5,5ab28e2a5542993be8fa9947,0.16666666666666666,1,18,6,
0,0,40.74731469154358,5,5ab9547755429970cfb8ea6c,0.3333333333333333,1,18,3,
0,0,38.64736795425415,5,5a7ce0bc55429909bec76863,0.0,0,18,3,
0,0,38.69971466064453,5,5ae17daa55429901ffe4aea9,0.0,0,18,3,
0,0,18.922709703445435,2,5ae7c5ef5542993210983f44,0.0,0,9,4,
0,0,6.150619745254517,0,5a7313865542994cef4bc442,0.2727272727272727,3,3,11,
0,0,6.129023790359497,0,5adccf645542990d50227d32,0.0,0,3,6,
0,0,6.1692845821380615,0,5ac176555542994d76dcce47,0.0,0,3,2,
0,0,7.896791219711304,0,5abbf3845542993f40c73c2e,0.0,0,3,5,
0,0,5.961251497268677,0,5a8781b65542993e715abf8f,0.0,0,3,3,
0,0,6.170233488082886,0,5a807ea1554299485f598624,0.0,0,3,5,
0,0,6.435364723205566,0,5a8ec7cc5542995a26add518,0.0,0,3,2,
0,0,6.209070205688477,0,5a7a978555429941d65f26db,0.0,0,3,8,
0,0,6.816319227218628,0,5a7fc70155429969796c1b59,0.0,0,3,4,
0,0,6.891305446624756,0,5ab84d5a55429916710eb028,0.0,0,3,8,
0,0,6.8823840618133545,0,5a7f392b55429934daa2fd26,0.0,0,3,5,
0,0,7.389267206192017,0,5a877dd65542993e715abf79,0.0,0,3,2,
0,0,6.0557334423065186,0,5a8b99c355429950cd6afd28,0.0,0,3,2,
0,0,6.292553901672363,0,5a8e2ba05542995085b373b8,0.0,0,3,6,
0,0,6.040574789047241,0,5a74581555429979e2882912,0.0,0,3,6,
0,0,4.663264274597168,1,5ac1d40c5542994d76dccef5,0.0,0,3,5,
0,0,6.388580322265625,0,5a7c6b6655429935c91b519a,0.3333333333333333,1,3,3,
0,0,6.793659448623657,0,5a73522d5542994cef4bc541,0.0,0,3,4,
0,0,6.124996662139893,0,5a822a5e55429926c1cdae43,0.0,0,3,3,
0,0,6.101699113845825,0,5a7b1023554299042af8f6c2,0.0,0,3,3,
0,0,6.337255239486694,0,5a84574455429933447460e6,0.0,0,3,7,
0,0,6.023644685745239,0,5a89a02955429946c8d6e975,0.0,0,3,3,
0,0,7.804394483566284,0,5abdf1fe55429976d4830a31,0.0,0,3,12,
0,0,12.427251100540161,1,5ae1e9fd5542997f29b3c1a1,0.0,0,6,6,
0,0,19.220224857330322,2,5a77b0395542997042120ae1,0.0,0,9,2,
0,0,5.969389200210571,0,5a79c8fa5542994bb94570a1,0.0,0,3,6,
0,0,5.960759878158569,0,5ae21937554299234fd043d3,0.07692307692307693,1,3,13,
0,0,6.118920564651489,0,5a7cdcbf55429907fabef04f,0.3333333333333333,1,3,3,
0,0,5.999066114425659,0,5ac51a055542994611c8b390,0.0,0,3,4,
0,0,9.421584367752075,0,5a78c7db55429974737f7882,0.0,0,3,3,
0,0,9.32642650604248,0,5a82e25555429954d2e2ebbf,0.0,0,3,3,
0,0,9.667551517486572,0,5ab42b8955429942dd415ea6,0.5,1,3,2,
0,0,57.70684599876404,5,5a8db916554299441c6ba057,0.0,0,18,3,
0,0,11.039992570877075,0,5a79ca585542996c55b2dc71,0.0,0,3,4,
0,0,9.19961142539978,0,5abd6cb955429933744ab7cd,0.0,0,3,3,
0,0,9.339035987854004,0,5a7642f7554299109176e6e8,0.0,0,3,2,
0,0,9.800115823745728,0,5a88a42f554299206df2b317,0.0,0,3,3,
0,0,9.407964944839478,0,5a8c90db554299653c1aa0bf,0.25,1,3,4,
0,0,9.560070276260376,0,5a763986554299109176e6bd,0.0,0,3,2,
0,0,9.365023612976074,0,5a7cc0d4554299452d57ba07,0.2,1,3,5,
0,0,7.3387064933776855,1,5a86113355429960ec39b618,0.3333333333333333,1,3,3,
0,0,19.374074697494507,1,5a722fae55429971e9dc9343,0.0,0,6,1,
0,0,9.526886224746704,0,5a7af4cd55429931da12c9a6,0.0,0,3,3,
0,0,9.6937415599823,0,5a7d9bc65542990b8f5039cb,0.0,0,3,4,
0,0,28.71390700340271,2,5adbd70c55429947ff173843,0.0,0,9,3,
0,0,9.26142406463623,0,5a7e04b05542995f4f40238a,0.5,1,3,2,
0,0,9.209000587463379,0,5a90b6985542990a984936c2,0.0,0,3,4,
0,0,9.304924011230469,0,5ae164685542997b2ef7d1cb,0.4,2,3,5,
0,0,10.826300621032715,0,5a86fde6554299211dda2b7f,0.0,0,3,7,
0,0,9.226166486740112,0,5a802e135542992bc0c4a6c7,0.0,0,3,2,
0,0,9.16301155090332,0,5ac31456554299741d48a1b4,0.14285714285714285,1,3,7,
0,0,9.065279245376587,0,5ae0a6ea5542993d6555ebe9,0.0,0,3,13,
0,0,9.283355712890625,0,5a872e8e5542991e7718170c,0.0,0,3,3,
0,0,28.145885944366455,2,5a7265825542997f827839a3,0.0,0,9,1,
0,0,9.201491832733154,0,5abe2b0155429976d4830a83,0.0,0,3,2,
0,0,9.31710958480835,0,5ae135fb55429920d523431f,0.0,0,3,1,
0,0,9.156900405883789,0,5a8f0a01554299458435d539,0.0,0,3,5,
0,0,9.33700156211853,0,5ab40e1c5542996a3a969f00,0.0,0,3,3,
0,0,18.139147520065308,1,5ab28c89554299340b525513,0.0,0,6,2,
0,0,9.284418106079102,0,5a87e3d65542993e715abff8,0.16666666666666666,1,3,6,
0,0,18.410619497299194,1,5addfc425542997dc7907101,0.3333333333333333,1,6,3,
0,0,29.64224934577942,2,5ab576dc5542997d4ad1f13d,0.0,0,9,11,
0,0,9.17557954788208,0,5a8d8eb5554299068b959d3a,0.0,0,3,3,
0,0,9.246701955795288,0,5ac5101455429924173fb592,0.125,1,3,8,
0,0,9.079192399978638,0,5ab91f98554299753720f70d,0.25,1,3,4,
0,0,9.173205375671387,0,5ae6371155429929b0807af1,0.25,1,3,4,
0,0,9.104727506637573,0,5ac1bff05542994ab5c67dfc,0.5,1,3,2,
0,0,9.118280410766602,0,5a7c2f145542996dd594b8b4,0.0,0,3,2,
0,0,9.184490203857422,0,5a81e4e8554299676cceb140,0.0,0,3,5,
0,0,9.404349565505981,0,5a83041355429966c78a6ae8,0.0,0,3,3,
0,0,9.31475305557251,0,5ab7fa7b5542992aa3b8c897,0.0,0,3,6,
0,0,9.12637972831726,0,5a8cee9b554299441c6b9f87,0.3333333333333333,1,3,3,
0,0,9.12819218635559,0,5ab67bf255429954757d32f5,0.0,0,3,5,
0,0,9.2406587600708,0,5a77d65055429949eeb29f7b,0.0,0,3,3,
0,0,9.256969690322876,0,5a7f3f7c55429934daa2fd45,0.0,0,3,3,
0,0,9.275657415390015,0,5ade811e5542992fa25da7a0,0.0,0,3,3,
0,0,10.471203327178955,0,5a7633ff5542994ccc918712,0.25,1,3,4,
0,0,9.289797067642212,0,5a88a1475542997e5c09a646,0.3333333333333333,1,3,3,
0,0,9.123253107070923,0,5a8887a055429938390d3f72,0.2,1,3,5,
0,0,9.096590757369995,0,5a86399e5542994775f60733,0.0,0,3,4,
0,0,10.88260531425476,0,5a84c0765542991dd0999dd9,0.0,0,3,7,
0,0,9.036096096038818,0,5adf17f95542995ec70e8f6c,0.0,0,3,14,
0,0,9.603109359741211,0,5a7f5ab65542995d8a8dde43,0.0,0,3,3,
0,0,9.039568662643433,0,5a8cec13554299441c6b9f7d,0.0,0,3,2,
0,0,9.099478244781494,0,5abce9ca554299114383a193,0.0,0,3,6,
0,0,9.241748571395874,0,5a7a1b845542990783324e5f,0.0,0,3,5,
0,0,9.193849325180054,0,5a7363ec5542991f29ee2dd7,0.5,1,3,2,
0,0,9.228098154067993,0,5a77321355429972597f1493,0.0,0,3,3,
0,0,9.095901727676392,0,5ab5cd4f554299488d4d9a31,0.0,0,3,5,
0,0,9.270337104797363,0,5a83411655429966c78a6b5d,0.0,0,3,20,
0,0,18.21153712272644,1,5a8d50fb55429941ae14dfa2,0.0,0,6,4,
0,0,9.281891107559204,0,5ae80919554299540e5a56f6,1.0,1,3,1,
0,0,9.148474216461182,0,5ab2b8fe5542991669774070,0.0,0,3,3,
0,0,9.302871704101562,0,5a8d0efd5542994ba4e3dbc6,0.0,0,3,3,
0,0,9.170068740844727,0,5a7125b95542994082a3e5d5,0.3333333333333333,1,3,3,
0,0,9.213257789611816,0,5a8a6a2155429930ff3c0dd0,0.0,0,3,4,
0,0,9.745952606201172,0,5ae834e95542997ec272776a,0.2,2,3,10,
0,0,9.122522592544556,0,5a7ab51055429927d897bef6,0.0,0,3,5,
0,0,11.02009129524231,0,5ae250b45542996483e64977,0.0,0,3,5,
0,0,28.82695722579956,2,5a733c925542991f9a20c6b7,0.0,0,9,8,
0,0,9.625715494155884,0,5a7e5ec25542991319bc947a,0.0,0,3,3,
0,0,9.250642776489258,0,5adbf2805542994650320c15,0.0,0,3,4,
0,0,9.127763509750366,0,5a845e9055429933447460ec,0.5,2,3,4,
0,0,9.244420528411865,0,5a820c0c554299676cceb1fc,0.0,0,3,2,
0,0,9.135514736175537,0,5a88bd1d554299206df2b357,0.0,0,3,1,
0,0,9.41377592086792,0,5a79332555429907847277e7,0.0,0,3,1,
0,0,9.276717901229858,0,5abd516a5542992ac4f3825c,0.0,0,3,2,
0,0,9.409704685211182,0,5add26075542994ed6169c9c,0.0,0,3,3,
0,0,7.500852108001709,1,5a901f735542990a98493591,0.0,0,3,2,
0,0,37.534117221832275,3,5ab840e255429934fafe6d3b,0.5,1,12,2,
0,0,9.227536678314209,0,5ac3d4b6554299204fd21e93,0.0,0,3,6,
0,0,9.283066272735596,0,5a73b2cb55429908901be31a,0.3333333333333333,1,3,3,
0,0,11.015331506729126,0,5ac29cf8554299218029dac2,0.0,0,3,6,
0,0,9.578492641448975,0,5ae686535542996d980e7bdc,0.0,0,3,7,
0,0,9.155222177505493,0,5a8aa1685542992d82986f32,0.0,0,3,6,
0,0,9.287719964981079,0,5a7d7deb5542995f4f402282,0.0,0,3,2,
0,0,9.195026874542236,0,5a8c622a554299240d9c2142,0.0,0,3,5,
0,0,9.30326533317566,0,5a7b81715542997c3ec971d4,0.0,0,3,4,
0,0,18.55390954017639,1,5ae0c29c5542993d6555ec46,0.0,0,6,4,
0,0,9.173423528671265,0,5a7c290c5542990527d55468,0.0,0,3,3,
0,0,9.134625434875488,0,5a876f785542993e715abf42,0.0,0,3,6,
0,0,9.231492757797241,0,5ae1e6d95542997283cd22c3,0.0,0,3,3,
0,0,9.136829853057861,0,5ae10df355429920d52342ac,0.0,0,3,3,
0,0,9.267624855041504,0,5ae4d8475542993aec5ec0e0,0.16666666666666666,1,3,6,
0,0,9.355955123901367,0,5ab94cf0554299743d22eade,0.1111111111111111,1,3,9,
0,0,9.226072788238525,0,5ae479745542996836b02cb1,0.0,0,3,4,
0,0,9.320081233978271,0,5a852cd05542997b5ce3ffb0,0.2,1,3,5,
0,0,9.201426982879639,0,5a8babf05542996e8ac8899e,0.0,0,3,8,
0,0,9.239351034164429,0,5a82fcbd55429954d2e2ebe8,0.0,0,3,4,
0,0,9.19361424446106,0,5a77c60255429967ab105285,0.0,0,3,5,
0,0,10.87883448600769,0,5adf39ce5542995534e8c76d,0.2,1,3,5,
0,0,9.046275615692139,0,5ae694a15542991bbc976141,0.0,0,3,4,
0,0,9.066375255584717,0,5ae13bca55429901ffe4ae17,0.0,0,3,5,
0,0,9.282268524169922,0,5a8a265b5542992d82986ecc,0.0,0,3,2,
0,0,9.095681428909302,0,5a77121a5542994aec3b71db,0.0,0,3,4,
0,0,9.283070087432861,0,5ae6911955429908198fa626,0.0,0,3,5,
0,0,9.175663232803345,0,5ae53de455429908b6326599,0.0,0,3,4,
0,0,9.099082231521606,0,5a813b6f55429903bc27b951,0.0,0,3,2,
0,0.14285714285714288,18.532192945480347,1,5a84b4005542991dd0999d99,0.0,0,6,4,
0,0,9.2819242477417,0,5a8cca64554299653c1aa125,0.0,0,3,1,
0,0,9.175658941268921,0,5ab8ed305542991b5579f046,0.0,0,3,1,
0,0,9.292611122131348,0,5ae0b2f25542993d6555ec1c,0.0,0,3,4,
0,0,9.174161434173584,0,5ae207a65542994d89d5b317,0.0,0,3,11,
0,0,9.200277090072632,0,5a75383a5542996c70cfaeb3,0.0,0,3,2,
0,0,9.548368215560913,0,5ae3fd2c5542995dadf2428f,0.0,0,3,2,
0,0,9.1513831615448,0,5abffd10554299012d1db556,0.0,0,3,4,
0,0,9.41679048538208,0,5a8f812755429918e830d245,0.25,1,3,4,
0,0,9.198659420013428,0,5ae520315542993aec5ec152,0.0,0,3,3,
0,0,10.936041593551636,0,5a7631cd5542994ccc91870c,0.0,0,3,4,
0,0,0.32823705673217773,0,5ac26eed55429951e9e685bf,,,,,
0,0,9.144644021987915,0,5a7e37095542995ed0d166d5,0.0,0,3,3,
0,0,9.411755800247192,0,5adf72d35542992d7e9f9369,0.0,0,3,3,
0,0,9.196488618850708,0,5a876b265542993e715abf33,0.0,0,3,3,
0,0,9.122685432434082,0,5a77ddb855429967ab1052d8,0.0,0,3,10,
0,0.13333333333333333,9.25881552696228,0,5adcc3ed5542994d58a2f6c4,0.0,0,3,9,
0,0,9.148693084716797,0,5a76f5b155429972597f1400,0.0,0,3,2,
0,0,9.193120241165161,0,5ae2c696554299495565db32,0.0,0,3,10,
0,0,9.27284026145935,0,5a875154554299211dda2be7,0.0,0,3,6,
0,0,9.110933303833008,0,5a84cf175542992a431d1aa2,0.0,0,3,5,
0,0,9.290408611297607,0,5adbf0a255429947ff17385a,0.0,0,3,1,
0,0,9.154873371124268,0,5a8e3ea95542995a26add48d,0.0,0,3,4,
0,0,9.182360649108887,0,5abd94525542992ac4f382d2,0.0,0,3,3,
0,0,44.78316283226013,3,5a8b57f25542995d1e6f1371,0.0,0,12,5,
0,0,9.396257162094116,0,5a8c7595554299585d9e36b6,0.0,0,3,5,
0,0,10.867585182189941,0,5a85ea095542994775f606a8,0.0,0,3,3,
