exact_match,f1_score,time,step,dataset_id,hit_rate,hits,total_retrieved,expected_count
0,0.018518518518518517,2.556636095046997,0,5abc081e5542993f40c73c54,0.06666666666666667,1,3,15
0,0.0,2.518432378768921,2,5a7fe7f85542994857a7683e,1.6666666666666667,5,9,3
0,0.0,1.058281421661377,1,5ae389fc5542992f92d8230f,0.0,0,6,9
0,0.0,0.4697592258453369,0,5ac4f8705542995c82c4ad8d,0.14285714285714285,1,3,7
0,0.0,0.44933485984802246,0,5a74655b55429974ef308bf0,0.3333333333333333,1,3,3
0,0.0,0.4355804920196533,0,5ab57673554299637185c5a3,0.2,1,3,5
0,0.0,0.41890478134155273,0,5a8765ad5542996e4f3087cf,0.3333333333333333,1,3,3
0,0.0,0.4769108295440674,0,5ae5cf625542996de7b71a22,0.0,0,3,8
0,0.0,0.45263671875,0,5ae515bb55429913cc204584,0.5,1,3,2
0,0.0,0.4001190662384033,0,5ae2eb7f55429928c423955b,0.0,0,3,1
0,0.0,3.3871634006500244,5,5a8838885542994846c1ce39,0.5,1,18,2
0,0.0,0.4979829788208008,0,5a7b241b554299042af8f705,0.0,0,3,2
0,0.0,0.4893374443054199,0,5a8cc7af554299653c1aa11e,0.125,1,3,8
0,0.0,0.5195562839508057,0,5a86681c5542991e77181644,0.0,0,3,7
0,0.0,0.5343277454376221,0,5abce3015542993a06baf995,0.0,0,3,12
0,0.0909090909090909,3.467554807662964,5,5a7bf84b5542996dd594b875,0.2,1,18,5
1,1.0,0.3671858310699463,0,5ab70c41554299110f219a9d,0.2857142857142857,2,3,7
0,0.0,3.640963554382324,5,5adbcd475542996e68525240,0.3333333333333333,1,18,3
0,0.0,3.817843198776245,5,5a7fd6fc5542995d8a8ddf31,0.5,1,18,2
0,0.0,3.945624589920044,5,5a902d5155429933b8a2048d,0.5,1,18,2
0,0.0,4.832254886627197,5,5a7758895542994aec3b729c,0.0,0,18,5
0,0.0,6.705625534057617,5,5ae81032554299540e5a572a,0.6666666666666666,2,18,3
0,0.0,4.952287912368774,5,5a8e42d15542995a26add4a6,0.5,1,18,2
0,0.0,4.947305202484131,5,5abbc3a955429931dba144f9,0.3333333333333333,1,18,3
0,0.0,5.0953803062438965,5,5ae206c45542994d89d5b311,0.0,0,18,4
0,0.0,0.9743504524230957,0,5a80b9e85542992bc0c4a7ed,0.4,2,3,5
0,0.0,5.257573366165161,5,5a8a1dbc55429970aeb7025a,0.375,3,18,8
0,0.028571428571428574,10.484382152557373,5,5ab9c3e1554299753720f852,0.25,1,18,4
0,0.0,6.282844066619873,5,5a84f5865542991dd0999e30,0.0,0,18,10
0,0.0,6.741764783859253,5,5abcf299554299700f9d7936,0.5,1,18,2
0,0.0,53.6111581325531,5,5ae4581e55429970de88d92f,0.0,0,18,2
0,0.0,23.658666372299194,5,5a7785af55429949eeb29ec2,0.6666666666666666,2,18,3
0,0.0,15.116084098815918,5,5ae3639b5542991a06ce99b2,0.2,1,18,5
0,0.0,14.110466957092285,5,5ae779a555429952e35ea931,0.25,1,18,4
0,0.0,20.747180461883545,5,5abe822155429976d4830b48,1.0,1,18,1
0,0.0,14.810737371444702,5,5ae385df5542992f92d82305,0.3333333333333333,1,18,3
0,0.0,17.33261728286743,5,5a77720255429967ab10517f,1.0,1,18,1
0,0.0,13.907118558883667,5,5a80de9b55429938b6142226,0.25,1,18,4
0,0.0,24.859721660614014,5,5ae15ae25542990adbacf767,0.0,0,18,3
0,0.09523809523809523,4.537315130233765,5,5a8e8f6f5542995085b37451,0.16666666666666666,1,18,6,
0,0.3333333333333333,3.0598433017730713,2,5ae5caff554299546bf82f69,0.0,0,9,4,
0,0,1.7247111797332764,1,5abde0655542991f6610608b,0.0,0,6,7,
0,0,3.204179286956787,1,5a7c221f554299683c1c62d2,0.5,2,6,4,
0,0.0909090909090909,9.52640151977539,5,5a8782a25542993e715abf95,0.0,0,18,4,
0,0,28.540478944778442,5,5ab259b25542993be8fa98de,0.5,2,18,4,
0,0,5.703446626663208,0,5abc805a554299658360045b,0.0,0,3,4,
0,0,4.7523651123046875,0,5a721e0e55429971e9dc928d,0.2,1,3,5,
0,0,4.697240829467773,0,5ac05310554299012d1db5e7,0.0,0,3,4,
0,0,4.959433317184448,0,5add57e55542992ae4cec516,0.0,0,3,5,
0,0,5.58125114440918,0,5a778c215542995d831811ba,0.125,1,3,8,
0,0,5.677839040756226,0,5ade28b15542997c77aded83,,,,,
0,0,4.724419116973877,0,5a87106555429960ec39b71f,0.6666666666666666,2,3,3,
0,0,5.382615089416504,0,5a72f3a85542992359bc31e5,0.5,3,3,6,
0,0,5.360354423522949,0,5a7b88a85542995eb53be954,0.5,2,3,4,
0,0,4.743427038192749,0,5a7cad635542996dd594b97f,0.3333333333333333,1,3,3,
0,0,4.791057825088501,0,5a832e715542990548d0b1bf,0.14285714285714285,1,3,7,
0,0,4.78310751914978,0,5ae81060554299540e5a572c,0.0,0,3,7,
0,0,4.792827606201172,0,5a825f2155429954d2e2eb1b,0.3333333333333333,1,3,3,
0,0,10.100191354751587,1,5ab6e07b55429954757d33a0,0.0,0,6,5,
0,0,4.927457332611084,0,5aba89d555429901930fa816,0.25,1,3,4,
0,0,4.936646461486816,0,5a85d4ad5542997175ce2050,0.5,1,3,2,
0,0,4.919809103012085,0,5ac2660d55429951e9e685a1,0.3333333333333333,1,3,3,
0,0.015267175572519085,5.017349720001221,0,5a831af855429954d2e2ec1e,0.5,1,3,2,
0,0,4.941918849945068,0,5abbc4d255429931dba144fe,0.0,0,3,3,
0,0,4.937138080596924,0,5a778ce55542995d831811c0,0.0,0,3,4,
0,0.015267175572519085,4.930187702178955,0,5a8a13f45542992d82986e9e,0.25,1,3,4,
0,0,4.991624593734741,0,5a86296a55429960ec39b631,0.2,1,3,5,
0,0.015267175572519085,4.990219831466675,0,5a7f275d55429934daa2fd01,0.5,1,3,2,
0,0,4.956522464752197,0,5ae13b085542997b2ef7d146,0.25,1,3,4,
0,0,4.935746908187866,0,5a8081975542992097ad2fef,0.3333333333333333,1,3,3,
0,0,4.9979307651519775,0,5ae2e06d55429928c4239521,1.0,1,3,1,
0,0,4.900981426239014,0,5ab2383155429970612095c1,0.3333333333333333,2,3,6,
0,0,4.936724424362183,0,5ac29da5554299218029dac3,0.0,0,3,3,
0,0,4.986330986022949,0,5ab48af35542996a3a969f92,0.0,0,3,4,
0,0,4.935918569564819,0,5a902e755542995651fb50de,0.0,0,3,4,
0,0,4.950587034225464,0,5ae002ec55429925eb1afbdc,0.0,0,3,3,
0,0,4.959932804107666,0,5a74c2bd5542996c70cfadda,0.5,1,3,2,
0,0,25.000759840011597,3,5ab7a86d5542995dae37e986,0.2857142857142857,2,12,7,
0,0,5.0562639236450195,0,5ae3c71f5542991a06ce9a22,0.3333333333333333,1,3,3,
0,0,1.4849588871002197,0,5adf32ee5542995534e8c767,0.0,0,3,9,
0,0,4.9965550899505615,0,5ae573b25542990ba0bbb2b4,0.0,0,3,7,
0,0,1.4801414012908936,0,5ac3c08a5542995ef918c217,0.0,0,3,5,
0,0,5.0337042808532715,0,5ab9ddef5542994dbf019875,0.0,0,3,3,
0,0,5.027867794036865,0,5ab862b35542990e739ec8db,0.5,1,3,2,
0,0.014705882352941178,5.033986330032349,0,5adfe37c554299025d62a377,0.5,1,3,2,
0,0,1.4884140491485596,0,5ac195455542991316484b40,0.0,0,3,5,
0,0.015267175572519085,5.038392066955566,0,5adf49935542993a75d26491,0.5,1,3,2,
0,0,1.494933843612671,0,5a7244955542990c210a408a,0.0,0,3,3,
0,0,5.15143084526062,0,5a7b8cc7554299294a54a9ea,0.0,0,3,3,
0,0,5.039564847946167,0,5ae7316e554299572ea5477e,0.3333333333333333,1,3,3,
0,0,1.4934844970703125,0,5a8e0cb85542995085b373b2,0.0,0,3,3,
0,0,1.4736742973327637,0,5ae2bba35542992decbdcd89,0.0,0,3,3,
0,0,1.4692597389221191,0,5a82301155429926c1cdae4a,0.0,0,3,7,
0,0,1.4682176113128662,0,5a877fa45542993e715abf84,0.4,2,3,5,
0,0,5.058921813964844,0,5a8662da5542991e7718162f,0.25,1,3,4,
0,0,5.0139899253845215,0,5ae1b943554299492dc91b7f,0.2,1,3,5,
0,0.015037593984962405,5.028103828430176,0,5adec62e5542992fa25da841,0.14285714285714285,1,3,7,
0,0,5.014565944671631,0,5abfc9bf5542993fe9a41e60,0.5,1,3,2,
0,0,1.4717774391174316,0,5ab26b60554299449642c898,0.0,0,3,6,
0,0,1.4649138450622559,0,5adcd6705542992c1e3a2426,0.5,1,3,2,
0,0,5.031100511550903,0,5a79c9395542994bb94570a2,0.25,1,3,4,
0,0,1.4632251262664795,0,5a750d315542996c70cfae84,0.42857142857142855,3,3,7,
0,0,5.141113758087158,0,5ab7452b5542992aa3b8c806,0.25,1,3,4,
0,0,3.066986560821533,1,5ab6993f554299110f219a2b,0.14285714285714285,1,6,7,
,,,,5ae1367055429901ffe4adf3,,,,,Ollama request exceeded timeout limit for model stable-qwen with error: timed out
,,,,5ab7ba4155429928e1fe38b2,,,,,Ollama request exceeded timeout limit for model stable-qwen with error: timed out
0,0,1.4724023342132568,0,5aba5ea955429939ce03dca5,0.0,0,3,2,
0,0,1.479006052017212,0,5ab67cf455429954757d3302,0.5,2,3,4,
0,0,1.4636666774749756,0,5abae3b05542996606241661,0.2,1,3,5,
0,0,5.09515643119812,0,5a8303c255429954d2e2ec01,0.5,2,3,4,
0,0,1.4825019836425781,0,5a8b7d925542995d1e6f13bd,0.0,0,3,4,
0,0,9.133005380630493,1,5ab6fcf55542991d32223718,0.0,0,6,4,
0,0,8.571022033691406,1,5a8313a755429954d2e2ec06,1.0,2,6,2,
0,0.042857142857142864,5.090956687927246,0,5ade747555429939a52fe8c5,0.0,0,3,4,
0,0,5.073407411575317,0,5ab6f9335542991d322236fc,0.3333333333333333,1,3,3,
0,0,5.066863536834717,0,5a792ad055429907847277d1,1.0,2,3,2,
0,0,1.9914312362670898,0,5a8089535542992bc0c4a762,0.0,0,3,1,
0,0,5.07585883140564,0,5a903b7255429933b8a204ae,0.0,0,3,2,
0,0,1.4862024784088135,0,5ae022ab554299025d62a428,1.0,1,3,1,
0,0,4.993447780609131,0,5a8c7ced5542995e66a4761c,0.3333333333333333,1,3,3,
0,0,7.848945140838623,1,5a75140b5542996c70cfae87,0.2,1,6,5,
0,0.02666666666666667,3.2208192348480225,0,5a905cea55429933b8a204f4,0.3333333333333333,1,3,3,
0,0,5.038415431976318,0,5ae363e85542994393b9e6a5,0.0,0,3,1,
0,0.019607843137254898,11.792857646942139,1,5a83de04554299334474609f,0.5,2,6,4,
0,0,11.544304132461548,2,5a8d7f2b554299068b959d0c,0.5,2,6,4,
0,0,2.601400375366211,0,5ae4f2c45542990ba0bbb1a9,0.16666666666666666,1,3,6,
0,0.014925373134328361,5.025275468826294,0,5a81e097554299676cceb129,0.0,0,3,6,
0,0,5.077926874160767,0,5a776a805542993735360269,0.14285714285714285,1,3,7,
0,0,5.531597852706909,1,5a8835dc5542994846c1ce2b,0.16666666666666666,1,6,6,
0,0,3.2233693599700928,0,5ab83f9f5542990e739ec891,0.3333333333333333,1,3,3,
0,0,3.217027425765991,0,5abd69ce5542993062266c7f,0.5,1,3,2,
0,0,1.4850521087646484,0,5ab6087a554299110f2199be,0.14285714285714285,1,3,7,
0,0,3.1833229064941406,0,5a78e9a2554299148911f995,0.0,0,3,4,
0,0,3.1972107887268066,0,5ab6988a554299710c8d1edc,0.0,0,3,4,
0,0,1.4933686256408691,0,5adcb6875542994ed6169bcb,0.25,1,3,4,
0,0,6.825439691543579,1,5a8bb90f5542996e8ac88a02,0.0,0,6,5,
0,0,1.4767634868621826,0,5ac02b325542992a796decb9,0.1,1,3,10,
,,,,5abbd2575542993f40c73bbd,,,,,Ollama request exceeded timeout limit for model stable-qwen with error: timed out
0,0,1.4614620208740234,0,5a88db445542993b751ca88a,0.2,1,3,5,
0,0,1.438718557357788,0,5ac51c2855429924173fb5b5,0.25,1,3,4,
0,0,1.4670569896697998,0,5abd420f55429933744ab75c,0.2,1,3,5,
0,0,1.4571948051452637,0,5a84e21d5542997b5ce3ff7c,0.2857142857142857,2,3,7,
0,0,1.4739134311676025,0,5a8e8af55542990e94052b3f,0.0,0,3,5,
0,0,1.489518404006958,0,5a8a647b55429930ff3c0dc1,1.0,1,3,1,
0,0,1.46226167678833,0,5ae51b495542993aec5ec146,0.5,1,3,2,
0,0,1.4854795932769775,0,5a7f54665542992097ad2f1a,0.3333333333333333,1,3,3,
0,0,7.560757637023926,1,5a75d9b4554299109176e5a7,0.25,1,6,4,
0,0,1.4836351871490479,0,5a74551555429974ef308bd9,0.0,0,3,4,
0,0,5.113312005996704,0,5ae324e85542991a06ce9934,0.0,0,3,3,
0,0,1.4743714332580566,0,5ac3f18d554299204fd21ed3,0.14285714285714285,1,3,7,
0,0,5.121294021606445,0,5ae0c1be5542993d6555ec42,0.25,1,3,4,
0,0,5.120843410491943,0,5a8013e45542995d8a8ddf41,0.2,1,3,5,
0,0,3.453343152999878,1,5addda1b5542992200553b55,0.0,0,6,6,
0,0,1.4398846626281738,0,5ae35b6b5542990afbd1e116,0.125,1,3,8,
0,0,1.4633285999298096,0,5ae7739c5542997b22f6a775,1.0,1,3,1,
0,0,59.116862773895264,5,5a726ba35542997f827839c0,0.0,0,18,3,
0,0,14.02243447303772,5,5ac2d9f65542996773102631,0.16666666666666666,1,18,6,
0,0,14.591328859329224,5,5ae1305b55429901ffe4add6,2.0,2,18,1,
0,0,15.391713380813599,5,5a907bf05542995651fb5164,0.3333333333333333,1,18,3,
0,0,14.132197856903076,5,5aba7c7155429955dce3ee58,0.25,1,18,4,
0,0,24.123818159103394,5,5abfab8d5542997ec76fd42d,2.0,2,18,1,
0,0,27.447445392608643,5,5ae05c9f55429945ae959348,0.2,1,18,5,
0,0,19.07197880744934,5,5abf30185542990832d3a13f,0.5,1,18,2,
0,0,14.669750690460205,2,5ae64ba755429929b0807b25,0.1111111111111111,1,9,9,
0,0,4.249236345291138,0,5ade4e415542992fa25da73f,0.0,0,3,2,
0,0,3.1573610305786133,0,5a73073d55429901807daf69,0.5,1,3,2,
0,0,9.268497705459595,1,5ac1b3a75542994ab5c67dd2,0.5,2,6,4,
0,0,4.107061386108398,0,5a8fa32255429918e830d299,0.0,0,3,5,
0,0,4.106212377548218,0,5ac562985542993e66e823ca,0.0,0,3,6,
0,0,4.088192701339722,0,5ac2927b5542996366519a17,0.5,1,3,2,
0,0,3.1771843433380127,0,5a729fe55542991f9a20c53b,0.6666666666666666,2,3,3,
0,0,4.110939264297485,0,5a72abb95542992359bc3162,0.0,0,3,4,
0,0,42.16344857215881,5,5a7cd28c554299452d57ba80,1.0,2,18,2,
0,0,14.25747799873352,1,5a72120e55429971e9dc923f,0.25,1,6,4,
0,0,7.244767189025879,0,5ade66e1554299728e26c713,0.16666666666666666,1,3,6,
0,0,17.834339380264282,2,5ae47ae05542995ad6573d4f,0.0,0,9,6,
0,0,7.522002935409546,0,5a8ad6805542992d82986f93,0.0,0,3,4,
0,0,7.408022165298462,0,5a8f1adc554299458435d577,0.0,0,3,8,
0,0.01388888888888889,34.095667123794556,4,5a8e60ca5542995a26add4d9,0.25,1,15,4,
0,0.011428571428571429,42.54577946662903,5,5a78b386554299148911f949,0.0,0,18,8,
,,,,5a807181554299485f5985ec,,,,,Ollama request exceeded timeout limit for model stable-qwen with error: timed out
0,0,26.269171714782715,5,5ac10c5e554299294b219074,0.5,2,18,4,
0,0,16.102694749832153,5,5a88cc8f55429938390d3fc5,0.0,0,18,6,
0,0,12.877513408660889,5,5abc3d215542993a06baf8a5,0.0,0,18,5,
0,0,16.22316026687622,5,5ab8ee805542991b5579f051,0.5,3,18,6,
0,0,12.69978642463684,5,5adc020e55429947ff1738b4,0.0,0,18,8,
0,0,12.47706937789917,5,5ab9aab555429970cfb8eb65,0.0,0,18,4,
0,0,28.01480984687805,5,5abb1fd95542996cc5e49fb6,0.0,0,18,4,
0,0,36.73484754562378,5,5a8a547d55429970aeb70293,0.0,0,18,2,
0,0,41.94241642951965,5,5a7217f255429971e9dc9260,0.25,1,18,4,
0,0,28.051628828048706,5,5a89dbec554299669944a5d6,0.0,0,18,5,
0,0,4.391940355300903,1,5a89e6615542992e4fca8462,0.0,0,6,7,
0,0,14.706164836883545,5,5ae361dc5542992f92d822aa,0.25,1,18,4,
0,0,18.450369119644165,5,5a8e63d65542995085b37421,0.5,1,18,2,
0,0,27.267805576324463,5,5a88451655429938390d3f12,0.125,1,18,8,
0,0,17.54620885848999,5,5a7a05485542990198eaf04c,0.3333333333333333,1,18,3,
0,0,15.832273960113525,5,5ae25d2b554299495565da46,1.0,1,18,1,
0,0,15.809164047241211,5,5ab8f53355429916710eb0d1,0.3333333333333333,1,18,3,
0,0.09523809523809525,15.62455701828003,5,5a9042825542990a984935d6,0.2857142857142857,2,18,7,
,,,,5a7c96765542990527d554d8,,,,,Ollama request exceeded timeout limit for model stable-qwen with error: timed out
0,0,1.6262118816375732,0,5ae75c6e5542991bbc9761f8,0.2,1,3,5,
0,0,6.832597970962524,2,5adf8dea5542995534e8c7e4,0.0,0,9,3,
0,0,16.539928436279297,5,5ae1681b554299422ee9967c,0.0,0,18,12,
0,0,15.625819683074951,5,5ade286e5542997c77aded81,0.3333333333333333,1,18,3,
0,0,15.53091549873352,5,5ab938db5542996be2020454,0.0,0,18,1,
0,0,9.466992139816284,3,5a8cacce554299585d9e3718,0.4,2,12,5,
0,0,1.5982317924499512,0,5a7353795542991f29ee2d82,1.0,1,3,1,
0,0,31.9886372089386,5,5a7730f255429972597f148c,0.3333333333333333,1,15,3,
0,0,32.956958055496216,5,5a7d07a455429907fabef0ae,0.25,1,18,4,
0,0,39.85031533241272,5,5ab5eed65542997d4ad1f25c,1.0,1,18,1,
0,0,26.219073057174683,5,5a8ceddb554299441c6b9f85,0.5,2,18,4,
0,0,19.881511211395264,5,5ac4920d5542996feb3fe8d3,0.0,0,18,4,
0,0.01176470588235294,15.873237609863281,3,5ae40d405542996836b02c28,0.4,2,12,5,
0,0,16.887871026992798,5,5ac04a265542997d642959f1,0.5,1,18,2,
0,0,16.680227756500244,5,5a9084e75542990a98493667,0.3333333333333333,1,18,3,
0,0,15.74521017074585,5,5adff4a555429925eb1afb91,0.3333333333333333,1,18,3,
0,0,15.911460638046265,5,5adeb78a554299728e26c77a,0.0,0,18,3,
0,0,13.826698780059814,5,5ae20c245542997283cd2367,0.14285714285714285,1,18,7,
0,0,16.790600061416626,5,5ab482815542990594ba9c3d,0.3333333333333333,2,18,6,
0,0,16.606577157974243,5,5ab2b95c5542991669774072,0.2,1,18,5,
0,0,14.203077554702759,5,5ab41677554299753aec5a38,0.0,0,18,2,
0,0,16.559541702270508,5,5abae1e65542996cc5e49ed2,0.3333333333333333,1,18,3,
0,0.04,17.098575115203857,5,5ab4482b55429942dd415f09,0.2,1,18,5,
0,0,16.474212884902954,5,5ae6537c5542991bbc9760c1,0.16666666666666666,1,18,6,
0,0,16.827512741088867,5,5adc3a7055429947ff173913,0.5,1,18,2,
0,0,15.09162974357605,5,5a7a5cc35542996c55b2dd7c,1.0,1,18,1,
0,0,13.188013553619385,5,5ac47d7355429919431739b3,0.14285714285714285,1,18,7,
,,,,5a8b041955429971feec4604,,,,,Ollama request exceeded timeout limit for model stable-qwen with error: timed out
0,0,89.80787062644958,5,5ae56a0d5542990ba0bbb29c,0.0,0,18,4,
0,0,18.451777935028076,5,5ab6b59f5542995eadef0065,0.16666666666666666,1,18,6,
0,0,14.909518003463745,5,5a80ef1555429938b614225e,0.2,1,18,5,
,,,,5a8660ba55429960ec39b684,,,,,Ollama request exceeded timeout limit for model stable-qwen with error: timed out
0,0.04761904761904761,14.460761308670044,5,5a7a94f155429941d65f26ca,0.0,0,18,6,
0,0,4.818722486495972,1,5a78a862554299148911f8fe,0.25,1,6,4,
0,0,15.011943101882935,5,5a72a51355429901807daf21,0.0,0,18,4,
0,0,14.012556314468384,5,5ac417405542995c82c4acbb,0.0,0,18,5,
0,0.03773584905660377,13.890256881713867,5,5ae7a9765542994a481bbdbc,3.0,6,18,2,
0,0,15.264256000518799,5,5ae496735542995dadf2435d,0.25,1,18,4,
0,0,127.11084055900574,5,5ab56b3a554299637185c585,0.5,1,18,2,
0,0,13.979835987091064,5,5ab72c7d55429928e1fe3830,0.0,0,18,4,
0,0.05263157894736842,14.67783260345459,5,5a8adbf55542992d82986fab,0.2,1,18,5,
0,0,15.810586214065552,5,5a8a48ee55429930ff3c0d66,0.0,0,18,9,
0,0,16.05244255065918,5,5a74be0b5542996c70cfadc8,0.25,1,18,4,
0,0,17.834571838378906,5,5abac35055429901930fa8ae,0.18181818181818182,2,18,11,
0,0,23.36903691291809,5,5a8b19f45542996c9b8d5f9e,0.16666666666666666,1,18,6,
0,0,23.54167890548706,5,5a7f5d165542992097ad2f3c,0.5,1,18,2,
0,0,22.97307562828064,5,5ac55ea55542993e66e82377,0.125,1,18,8,
0,0,9.60727834701538,2,5abd0097554299700f9d7956,0.0,0,9,2,
0,0,143.96052837371826,5,5ae655845542991bbc9760c3,0.0,0,18,7,
0,0,12.374781131744385,4,5ade84d7554299728e26c72b,0.0,0,15,4,
0,0,14.042089939117432,5,5a8c2adc554299240d9c20a9,0.0,0,18,2,
0,0,16.566991806030273,5,5ae2661d554299495565da60,2.0,2,18,1,
0,0,15.109226942062378,5,5ac250aa5542992f1f2b384d,0.3333333333333333,1,18,3,
,,,,5a74cfed5542993748c896ea,,,,,Ollama request exceeded timeout limit for model stable-qwen with error: timed out
0,0,63.115442991256714,5,5a89fc665542993b751ca9de,0.0,0,18,4,
0,0,15.955167293548584,5,5ae2ce505542996483e64a72,0.3333333333333333,1,18,3,
0,0,18.2589213848114,5,5ab98d70554299753720f82f,0.6666666666666666,2,18,3,
0,0,16.75799250602722,5,5ab56f7a554299637185c59a,0.0,0,18,16,
0,0,15.942493677139282,5,5a83a4bc554299123d8c217f,0.0,0,18,6,
0,0,15.330966234207153,5,5a84f6c55542997175ce1f36,0.25,1,18,4,
0,0,13.879678010940552,5,5ac26ac15542992f1f2b38bc,0.2,1,18,5,
0,0,17.248838901519775,5,5a7615fb5542992db9473727,0.0,0,18,3,
0,0,18.525606632232666,5,5ade3bf75542997c77adedb8,0.2,1,18,5,
0,0,15.509878396987915,5,5ae32eca5542994393b9e640,0.3333333333333333,1,18,3,
0,0,16.137545824050903,5,5ab514c05542991779162d72,0.0,0,18,6,
0,0.0392156862745098,14.863079309463501,5,5a8a3a355542996c9b8d5e5e,0.2,1,18,5,
0,0,14.891156435012817,5,5ab5ab5d5542992aa134a37d,0.25,1,18,4,
0,0,14.750674724578857,5,5ab2999a554299194fa9342f,0.0,0,18,5,
0,0,15.443221807479858,5,5a7c6b86554299683c1c62ff,0.0,0,18,2,
0,0,5.505263090133667,1,5ab6e865554299710c8d1fad,0.3333333333333333,1,6,3,
0,0.05405405405405406,14.881433486938477,5,5adf9f6c5542992d7e9f93c2,0.25,1,18,4,
0,0,14.462541580200195,5,5a7dd6cd5542995f4f4022cd,0.0,0,18,4,
0,0,13.86881399154663,5,5a8f141e55429918e830d181,0.0,0,18,5,
0,0,14.554360628128052,5,5a8b4d5e5542995d1e6f135c,0.5,2,18,4,
0,0,14.004658460617065,5,5a778a165542995d831811a9,0.2,1,18,5,
0,0,14.623133182525635,5,5ac458f8554299204fd21f2a,0.0,0,18,13,
0,0,14.422581672668457,5,5ae4a2d05542995ad6573de1,0.0,0,18,5,
0,0,13.883059740066528,5,5a8c42d7554299240d9c20f5,0.0,0,18,3,
0,0,14.257099151611328,5,5ac2bcf55542990b17b1546e,0.14285714285714285,1,18,7,
0,0,14.124882936477661,5,5a7224ab55429971e9dc92dd,0.0,0,18,9,
,,,,5ab26a4b55429970612095fc,,,,,"BadRequestError(400, 'search_phase_execution_exception', 'failed to create query: maxClauseCount is set to 2674')"
,,,,5a80be9655429938b61421b5,,,,,Ollama request exceeded timeout limit for model stable-qwen with error: timed out
0,0,19.527819395065308,5,5adfc97255429906c02daa41,0.0,0,18,5,
0,0,17.401151180267334,5,5ab6b13b554299710c8d1f3f,0.0,0,18,4,
0,0,17.75320053100586,5,5abea05f5542991f661061b6,0.0,0,18,8,
0,0,19.275186777114868,5,5ae679ec5542996d980e7b75,0.5,1,18,2,
0,0,19.053582906723022,5,5a7de14a5542991319bc93fc,0.0,0,18,3,
0,0,17.993566751480103,5,5adf4da15542995534e8c780,0.5,1,18,2,
0,0,145.52371883392334,4,5a71419f5542994082a3e70d,0.0,0,15,9,
0,0,4.039400815963745,0,5a8a19c45542992e4fca8501,0.0,0,3,4,
0,0,4.076988458633423,0,5adde73f5542992200553b94,0.3333333333333333,1,3,3,
0,0,4.052586317062378,0,5a80f793554299260e20a1e1,0.0,0,3,4,
0,0,4.064179420471191,0,5a8a803b55429930ff3c0e04,0.6666666666666666,2,3,3,
0,0,4.065491199493408,0,5a80274e5542992e7d278dfb,0.25,1,3,4,
0,0,4.061586141586304,0,5a72c9e85542991f9a20c595,0.2,1,3,5,
0,0,4.054316520690918,0,5ab499a55542996a3a969f9f,0.0,0,3,2,
,,,,5a80838d5542992bc0c4a745,,,,,Ollama request exceeded timeout limit for model stable-qwen with error: timed out
0,0,8.42824673652649,1,5ab8750255429934fafe6dd1,0.0,0,3,7,
0,0,1.7037832736968994,0,5abac89d55429901930fa8b5,0.25,1,3,4,
0,0,25.441162109375,5,5a73090455429901807daf6e,0.0,0,18,3,
0,0,29.880852937698364,5,5ab5d27a554299494045f073,0.0,0,18,4,
0,0,30.163859605789185,5,5adc396155429944faac2479,0.3333333333333333,1,18,3,
0,0,21.712507724761963,5,5a89e2785542992e4fca843d,0.25,1,18,4,
0,0,14.42279052734375,5,5a7f7c285542994857a76746,0.0,0,18,3,
0,0,14.259972333908081,5,5a8f0796554299458435d528,0.3333333333333333,1,18,3,
0,0,16.802132844924927,5,5a8ce55f554299441c6b9f62,0.0,0,18,6,
0,0,20.643012285232544,5,5a8e3e9b5542995085b37402,0.0,0,18,2,
0,0,17.841697454452515,5,5a80e5f5554299260e20a1ae,0.25,1,18,4,
0,0,22.331552743911743,5,5ae064605542993d6555eb44,0.0,0,18,15,
0,0,21.11672329902649,5,5a81737155429903bc27b96f,0.3333333333333333,1,18,3,
0,0,20.47067904472351,5,5ae3d67f5542992f92d8238f,0.0,0,18,6,
0,0,28.195839166641235,5,5abd8ee05542993062266cc8,0.0,0,18,6,
0,0,29.540504455566406,5,5a89d3e15542992e4fca83d4,0.5,1,18,2,
0,0,21.32649064064026,5,5ab2ed62554299166977413a,0.14285714285714285,1,18,7,
0,0,22.006019115447998,5,5a85e5345542991dd0999ebb,1.0,3,18,3,
0,0,18.30192732810974,5,5a86f13c554299211dda2b5e,0.3333333333333333,2,18,6,
0,0,18.97304344177246,5,5ac562115542993e66e823bf,0.3333333333333333,1,18,3,
0,0,20.56019401550293,5,5ab3589455429976abd1bc93,0.0,0,18,6,
0,0,17.202727556228638,5,5a7eacd855429930675135c3,0.0,0,18,12,
0,0,7.381826400756836,2,5a74a8fa55429929fddd8497,0.25,1,9,4,
0,0,15.667639255523682,5,5ac05fb55542997d64295a0b,0.0,0,18,2,
0,0,14.484755754470825,5,5ae4606c5542996836b02c91,0.0,0,18,4,
0,0,14.521019458770752,5,5a73f2035542993a88ae2ea8,0.3333333333333333,1,18,3,
0,0,16.295945644378662,5,5ae666d35542991bbc9760cc,0.2,1,18,5,
0,0,18.198270320892334,5,5a7c54eb554299683c1c62e8,0.5,1,18,2,
0,0,26.693309545516968,5,5abbd58d554299660624172f,0.25,1,18,4,
,,,,5ac160bb5542994d76dccdfb,,,,,Ollama request exceeded timeout limit for model stable-qwen with error: timed out
0,0,30.903937578201294,5,5a734dad5542994cef4bc522,0.2222222222222222,2,18,9,
0,0,32.73168611526489,5,5ab94fa25542996be2020474,0.0,0,18,5,
0,0,31.00239086151123,5,5a7b2ec755429927d897bf53,0.0,0,18,6,
0,0,27.600390672683716,5,5ae604ec5542996de7b71af9,0.3333333333333333,1,18,3,
0,0,31.276938676834106,5,5adc1af75542994650320c75,0.1111111111111111,1,18,9,
0,0,27.08927631378174,5,5ab298fb554299449642c922,0.5,1,18,2,
0,0,30.07536244392395,5,5a812d0555429938b61422e1,0.0,0,18,5,
0,0,27.29509997367859,5,5adf35935542993344016c36,0.2,1,18,5,
0,0,21.348303079605103,4,5a7f669a5542994857a76729,0.3333333333333333,1,15,3,
0,0,3.2845144271850586,0,5a7ea14655429930675135ab,0.0,0,3,8,
0,0,3.2850563526153564,0,5a7db1a15542995ed0d16660,1.0,1,3,1,
0,0,10.29388427734375,1,5ac41ca75542991943173919,0.25,1,6,4,
0,0,3.783623695373535,0,5a8cbda955429941ae14dee5,1.0,1,3,1,
0,0,4.058012008666992,0,5a8463945542992ef85e23d9,0.0,0,3,14,
0,0,2.795117139816284,0,5a7fa55555429969796c1b0e,0.0,0,3,3,
0,0,3.7187092304229736,0,5a8f91c755429918e830d26c,0.2,2,3,10,
0,0,3.766636371612549,0,5ab67d2055429954757d3304,0.2,1,3,5,
0,0,3.797158718109131,0,5a73583455429901807dafcf,0.3333333333333333,1,3,3,
0,0,3.7683956623077393,0,5ae0ba1155429924de1b7156,0.5,1,3,2,
0,0,4.017832517623901,0,5a8c87aa554299653c1aa0ac,0.0,0,3,5,
0,0,3.786896228790283,0,5a74fd6d5542993748c8977d,0.0,0,3,2,
0,0,3.792600154876709,0,5a7f00b455429930675135f1,0.0,0,3,5,
0,0,3.7715089321136475,0,5ae0800055429924de1b70db,0.4,2,3,5,
0,0,6.418946027755737,0,5a7e782655429934daa2fc26,0.25,1,3,4,
0,0,8.025055170059204,1,5a721b9055429971e9dc9277,0.25,1,6,4,
0,0,2.8737642765045166,0,5ac2c7ff554299657fa2904f,0.5,1,3,2,
0,0,2.957411527633667,0,5a72b3335542994cef4bc3dc,0.6666666666666666,2,3,3,
0,0,2.934821605682373,0,5a86038455429960ec39b600,0.3333333333333333,1,3,3,
0,0,2.850463628768921,0,5ab7fa4f5542993667794080,0.0,0,3,7,
0,0,3.030357599258423,0,5ae0a09a5542993d6555ebc9,0.3333333333333333,1,3,3,
0,0,4.0100719928741455,0,5ae509f655429908b63264ef,0.25,1,3,4,
0,0,2.9161391258239746,0,5a7739f25542994aec3b7234,0.0,0,3,8,
0,0,2.977128028869629,0,5adcdea85542992c1e3a2441,0.0,0,3,3,
0,0,2.8942012786865234,0,5a83335f5542996488c2e3ec,0.25,1,3,4,
0,0,2.8577706813812256,0,5a7a4f405542994f819ef1c0,0.25,1,3,4,
0,0,2.9043636322021484,0,5a7182b65542994082a3e85b,0.0,0,3,5,
0,0,2.8525567054748535,0,5ae1a8c05542997f29b3c0ec,0.5,2,3,4,
0,0,2.9584639072418213,0,5ade063d5542997dc7907129,0.3333333333333333,1,3,3,
0,0,3.6707444190979004,0,5a81d51a55429903bc27b9d2,0.0,0,3,2,
0,0,2.8809361457824707,0,5abed44b5542990832d3a0db,0.2,1,3,5,
0,0,2.8946216106414795,0,5a86294e5542994775f60715,0.0,0,3,5,
0,0,2.8771767616271973,0,5a72a2935542991f9a20c546,0.3333333333333333,2,3,6,
0,0,2.9190332889556885,0,5ade653f55429975fa854ebb,0.25,1,3,4,
0,0,2.9179346561431885,0,5a7a3cea5542994f819ef182,0.5,1,3,2,
0,0,2.897413730621338,0,5ab56f3e5542992aa134a317,0.0,0,3,3,
0,0,2.8759984970092773,0,5ab9bc6155429970cfb8eb90,0.0,0,3,4,
0,0,2.9579851627349854,0,5a90ad595542990a9849368b,0.3333333333333333,1,3,3,
0,0,2.8865907192230225,0,5adcd5005542994d58a2f6f0,0.0,0,3,3,
0,0,2.8480446338653564,0,5a78d16455429974737f78bb,0.0,0,3,3,
0,0,2.9077506065368652,0,5a77f2af5542995d83181333,0.16666666666666666,1,3,6,
0,0,2.9723989963531494,0,5a840e8a5542992ef85e239e,0.0,0,3,3,
0,0,2.9014670848846436,0,5adea62e55429975fa854f3b,0.0,0,3,3,
0,0,2.8977019786834717,0,5a7759dd5542994aec3b729f,0.5,1,3,2,
0,0,2.9146902561187744,0,5ab81cff5542990e739ec827,0.25,1,3,4,
0,0,2.8392622470855713,0,5a7c5a87554299683c1c62eb,0.0,0,3,10,
0,0,7.691064119338989,1,5abb61c0554299642a094a86,0.5,1,6,2,
0,0,3.258258819580078,0,5ae499d755429970de88d9ca,0.25,1,3,4,
0,0,3.2643280029296875,0,5a79fac85542996c55b2dcc1,0.2857142857142857,2,3,7,
0,0,3.2462668418884277,0,5ab9c292554299131ca423f5,0.2,1,3,5,
0,0,3.2669758796691895,0,5ab5e024554299494045f097,0.14285714285714285,1,3,7,
0,0,3.216278076171875,0,5ade2bce5542997c77aded96,0.0,0,3,3,
0,0,3.272847890853882,0,5ae20c465542997283cd236a,0.5,1,3,2,
0,0,3.271818161010742,0,5a8a12ae5542992d82986e92,0.0,0,3,4,
0,0,3.2697572708129883,0,5a7350d55542994cef4bc535,0.0,0,3,4,
0,0,3.2625324726104736,0,5ac4f2235542996feb3fe995,1.0,2,3,2,
0,0,3.254499912261963,0,5ae13f3c5542997b2ef7d168,0.0,0,3,9,
0,0,7.141216039657593,1,5ab8f4ee5542991b5579f091,0.0,0,6,9,
0,0.05714285714285715,5.209331035614014,1,5ac02c6b554299294b218f38,0.0,0,6,4,
0,0,3.4850282669067383,0,5a89e57f5542992e4fca845d,0.0,0,3,13,
0,0,3.525385856628418,0,5a83c2e25542996488c2e4bc,0.16666666666666666,1,3,6,
0,0,3.3103384971618652,0,5ab850b255429916710eb036,0.0,0,3,5,
0,0,8.259886503219604,1,5a753ff455429916b01642bc,0.5,1,6,2,
0,0,3.264227867126465,0,5a75675d5542992d0ec05f87,0.5,1,3,2,
0,0,3.262087821960449,0,5a7f48e15542992e7d278ce6,0.5,1,3,2,
0,0,3.3442771434783936,0,5a7292385542994cef4bc342,0.0,0,3,3,
0,0,3.264725685119629,0,5aba75e655429955dce3ee3c,0.3333333333333333,1,3,3,
0,0,3.248199939727783,0,5ac2b8085542990b17b1546b,0.25,1,3,4,
,,,,5ae603ba5542996de7b71af4,,,,,Ollama request exceeded timeout limit for model stable-qwen with error: timed out
0,0,3.256563901901245,0,5a8b7cb95542995d1e6f13bb,0.3333333333333333,1,3,3,
0,0,3.343486785888672,0,5a88e75c5542993b751ca8c7,0.0,0,3,4,
0,0,3.280369281768799,0,5a83305d55429966c78a6b4a,0.3333333333333333,2,3,6,
0,0,3.2588629722595215,0,5a78c235554299078472775d,0.25,1,3,4,
0,0,7.882866621017456,1,5a7ba83f5542995eb53be981,0.0,0,6,3,
0,0,2.6088576316833496,0,5a7b9fac554299294a54aa2f,0.5,1,3,2,
0,0,2.6160736083984375,0,5adfd30c55429906c02daa53,0.0,0,3,4,
0,0,2.6124844551086426,0,5ab729335542993667793f5a,0.14285714285714285,1,3,7,
0,0,7.976001977920532,1,5a857cf35542994c784ddb1d,0.0,0,6,5,
0,0,2.958745002746582,0,5abba91e554299642a094b10,0.0,0,3,2,
0,0,9.17060661315918,1,5a7f90a15542995d8a8ddea5,0.3333333333333333,1,6,3,
0,0,18.073145866394043,1,5a83bfc8554299123d8c21a1,0.0,0,6,4,
0,0,2.886096477508545,0,5a80e47d55429938b6142238,0.3333333333333333,1,3,3,
0,0,6.917282581329346,1,5a7dec305542995ed0d16679,0.3333333333333333,1,6,3,
0,0,2.741737127304077,0,5ae61dce5542992663a4f262,0.0,0,3,9,
0,0,2.709986925125122,0,5a8a429955429930ff3c0d34,0.3333333333333333,1,3,3,
0,0,2.704430103302002,0,5addd82c5542990dbb2f7eb9,0.0,0,3,1,
0,0,2.917201280593872,0,5ae527085542993aec5ec165,0.5,1,3,2,
0,0,2.714632749557495,0,5adbe1b355429944faac23a0,1.0,1,3,1,
0,0,2.6887075901031494,0,5a750de95542993748c897ac,0.4,2,3,5,
0,0,2.910936117172241,0,5abff65c5542994516f45551,0.5,1,3,2,
0,0,2.7181990146636963,0,5ae552bb55429908b63265d9,0.2,1,3,5,
0,0,2.7219347953796387,0,5ab3010455429976abd1bc15,0.3333333333333333,1,3,3,
0,0,2.7187509536743164,0,5a84fd085542994c784ddaba,1.0,1,3,1,
,,,,5a7f660555429969796c1a2e,,,,,Ollama request exceeded timeout limit for model stable-qwen with error: timed out
0,0,2.6815695762634277,0,5ab47e0a5542990594ba9c32,0.0,0,3,6,
0,0,2.7029027938842773,0,5ae554ce55429960a22e02b7,0.4,2,3,5,
0,0,2.7483034133911133,0,5abba664554299642a094b02,0.0,0,3,6,
0,0,2.7079925537109375,0,5a88ac3d554299206df2b328,0.3333333333333333,1,3,3,
0,0,5.673592805862427,1,5a7323ad5542994cef4bc476,0.0,0,6,4,
0,0,2.887218475341797,0,5abd2eb255429933744ab750,0.2,1,3,5,
0,0,2.9091527462005615,0,5adddf5d5542997dc7907078,0.5,1,3,2,
0,0,2.913475513458252,0,5abc553a554299700f9d7871,1.0,2,3,2,
0,0,2.889004707336426,0,5a77d31c55429967ab1052c0,0.5,1,3,2,
0,0,2.886444568634033,0,5adc398755429947ff173912,0.0,0,3,4,
0,0,2.908703088760376,0,5ab6dbc15542995eadef00cd,,,,,
0,0,2.9305899143218994,0,5a7b59115542995eb53be923,0.25,1,3,4,
0,0,2.880254030227661,0,5adc99ba5542994ed6169ba9,0.25,1,3,4,
0,0,2.8848440647125244,0,5a863ff0554299211dda2ac6,0.2,1,3,5,
0,0,2.913743257522583,0,5ade99235542997c77adee7f,0.3333333333333333,1,3,3,
0,0,2.887549638748169,0,5a8843a455429938390d3f0c,0.5,1,3,2,
0,0,2.9179861545562744,0,5a89dfcc55429946c8d6e9f0,0.2,1,3,5,
0,0,2.921586275100708,0,5ab5c6e55542997d4ad1f1db,0.3333333333333333,1,3,3,
0,0,2.9114909172058105,0,5ae7313c5542991e8301cbbc,0.5,2,3,4,
0,0,2.9064958095550537,0,5ac31ad4554299741d48a1ee,0.0,0,3,6,
0,0,2.9034650325775146,0,5ae0f2bf5542997b2ef7d09e,0.5,1,3,2,
0,0,2.8932721614837646,0,5abab36455429955dce3eed1,0.0,0,3,2,
0,0,2.9055473804473877,0,5adf2d375542993344016c0d,0.0,0,3,3,
0,0,2.916280508041382,0,5ae4c35c55429913cc2044fb,0.25,1,3,4,
0,0,2.929065227508545,0,5a7280925542991f9a20c4a1,0.0,0,3,3,
0,0,5.8657143115997314,1,5ab6aa4c55429953192ad359,0.6666666666666666,2,6,3,
0,0,5.215217351913452,1,5a8bc1565542996e8ac88a0c,0.3333333333333333,1,6,3,
0,0,2.6170520782470703,0,5a815f445542995ce29dcbec,0.6666666666666666,2,3,3,
0,0,2.6167290210723877,0,5a8842435542994846c1ce6d,0.0,0,3,3,
0,0,2.6126112937927246,0,5a893fc855429951533612f0,1.0,2,3,2,
0,0,2.6621689796447754,0,5ab9df1f554299232ef4a239,0.0,0,3,4,
0,0,2.618234634399414,0,5a7914e155429974737f7973,0.5,2,3,4,
0,0,2.6251237392425537,0,5add23e45542992ae4cec4a1,0.0,0,3,6,
0,0,2.6114444732666016,0,5a7df6e65542995f4f402353,0.5,2,3,4,
0,0,2.608640670776367,0,5a803d695542996402f6a494,0.0,0,3,5,
0,0,2.6533432006835938,0,5a74594a55429974ef308be1,0.16666666666666666,1,3,6,
0,0,2.616957902908325,0,5a807f6a5542992bc0c4a737,0.0,0,3,8,
0,0,10.199856758117676,1,5a820f2f554299676cceb1ff,0.2857142857142857,2,6,7,
0,0,5.46973991394043,0,5ae5e852554299546bf82fb8,0.0,0,3,6,
0,0,2.6346042156219482,0,5ab9b2c7554299743d22ebaf,0.3333333333333333,1,3,3,
0,0,5.497928857803345,0,5a862b0b554299211dda2a98,0.4,2,3,5,
0,0,5.4630913734436035,0,5a79db655542994bb94570f4,0.0,0,3,13,
0,0,5.456500291824341,0,5a8796f75542996e4f308865,0.25,1,3,4,
0,0,5.48069429397583,0,5ac264195542992f1f2b38a5,0.0,0,3,4,
0,0,5.4955291748046875,0,5ac27afa5542990b17b153b5,0.0,0,3,7,
0,0,5.4676878452301025,0,5ae129115542990adbacf722,0.0,0,3,3,
0,0,9.966756343841553,2,5a7736bc554299373536021b,0.0,0,9,4,
0,0,2.623736619949341,0,5ae306115542992decbdcdc4,0.2,2,3,10,
0,0,2.633435010910034,0,5ab1ea0a554299340b52542a,0.5,2,3,4,
0,0,2.6450352668762207,0,5ab50e0a5542990594ba9cf0,0.3333333333333333,1,3,3,
0,0,2.6562814712524414,0,5ab2ce27554299545a2cfa98,0.0,0,3,6,
0,0,8.629942893981934,1,5ae1443855429920d5234362,0.1111111111111111,1,6,9,
0,0,5.273765563964844,0,5ae201465542997f29b3c1f7,0.16666666666666666,1,3,6,
0,0,2.647268772125244,0,5a8ceb7a554299441c6b9f7b,0.5,1,3,2,
0,0,2.6392202377319336,0,5add15d15542994ed6169c70,0.25,1,3,4,
0,0,2.6522576808929443,0,5a8aeadc55429950cd6afbe0,0.5,1,3,2,
0,0,2.6439402103424072,0,5a8cd6de55429941ae14df07,0.0,0,3,4,
0,0,2.6440000534057617,0,5a77bc9955429967ab105256,0.2,1,3,5,
0,0,14.931294918060303,2,5adfff0755429925eb1afbce,0.2,1,9,5,
0,0,2.9703099727630615,0,5ab2771e554299340b5254d8,0.25,1,3,4,
0,0,2.6445207595825195,0,5a727a635542994cef4bc2c9,0.0,0,3,5,
0,0,2.9357612133026123,0,5abce87e5542993a06baf9a5,0.6666666666666666,2,3,3,
0,0,2.9551339149475098,0,5a7da98e5542990b8f503a17,0.0,0,3,4,
0,0,2.922299861907959,0,5ae0a5825542993d6555ebdf,0.2857142857142857,2,3,7,
0,0,2.9673590660095215,0,5a7cff5755429907fabef09d,0.5,1,3,2,
0,0.04444444444444444,2.9646291732788086,0,5abd0803554299700f9d7979,0.5,1,3,2,
0,0,15.690361738204956,2,5a88e7a55542993b751ca8ca,0.25,1,9,4,
0,0,5.396474123001099,0,5a773ae055429972597f14b0,0.16666666666666666,1,3,6,
0,0,5.368497610092163,0,5ae625935542995703ce8b2a,0.0,0,3,5,
0,0,5.451051950454712,0,5ab828f25542992aa3b8c8a3,0.4,2,3,5,
0,0,5.388240337371826,0,5abe832a55429965af743f29,0.0,0,3,6,
0,0,5.348525762557983,0,5a778b1e55429949eeb29ee3,0.0,0,3,3,
0,0,5.3765037059783936,0,5a7c4a6455429907fabeef53,0.0,0,3,5,
0,0,5.370683908462524,0,5a7e035d5542997cc2c474f6,0.3333333333333333,1,3,3,
0,0,5.404727220535278,0,5ade8ad95542992fa25da7b8,0.5,1,3,2,
0,0,5.369853734970093,0,5a793d335542994bb9456fca,0.25,1,3,4,
0,0,5.418991804122925,0,5ae1599155429901ffe4ae7b,1.0,1,3,1,
0,0,5.377903699874878,0,5ab2beba554299166977408f,0.0,0,3,3,
0,0,5.369235038757324,0,5ac3c0495542995ef918c215,0.0,0,3,5,
0,0,5.4009528160095215,0,5a8e2147554299068b959e67,0.3333333333333333,1,3,3,
0,0,5.3842713832855225,0,5ab5a7f45542997d4ad1f1a5,0.0,0,3,5,
0,0,5.354642629623413,0,5ac2f6b8554299677310265f,1.0,1,3,1,
0,0,14.479151487350464,1,5a7509175542993748c897a3,1.0,4,6,4,
0,0,5.383878231048584,0,5abcce3355429965836004a5,0.0,0,3,3,
,,,,5add114a5542994734353826,,,,,Ollama request exceeded timeout limit for model stable-qwen with error: timed out
0,0,5.376571893692017,0,5a73595055429901807dafd6,,,,,
0,0,5.388442516326904,0,5ab5062f55429942dd415fd1,0.25,1,3,4,
0,0,5.413915395736694,0,5adcd9fe5542990d50227d46,0.0,0,3,3,
0,0,5.415233135223389,0,5a83c9e45542992ef85e2361,0.25,1,3,4,
0,0,5.386101484298706,0,5a8dbc8b554299441c6ba077,0.0,0,3,2,
0,0,5.396317958831787,0,5ab7209a554299110f219aba,0.0,0,3,3,
0,0,5.389740467071533,0,5ab809bb5542990e739ec7f9,0.2,1,3,5,
,,,,5ae765185542995703ce8c0f,,,,,Ollama request exceeded timeout limit for model stable-qwen with error: timed out
0,0,5.337039470672607,0,5adfdef9554299025d62a36b,0.2,1,3,5,
0,0,8.787972688674927,1,5ab98e2b5542996be202054e,0.0,0,6,5,
,,,,5a8b058055429971feec4612,,,,,Ollama request exceeded timeout limit for model stable-qwen with error: timed out
0,0,10.284527778625488,1,5a8f64605542992414482aaa,0.5,1,6,2,
0,0,5.8458569049835205,0,5a824e0b554299676cceb254,0.2857142857142857,2,3,7,
0,0,5.850568532943726,0,5a8b051255429971feec460e,0.0,0,3,3,
0,0,5.838951587677002,0,5ac235e355429951e9e684a2,0.0,0,3,4,
0,0,5.528725624084473,0,5ab32fc355429969a97a80fa,0.5,2,3,4,
0,0,4.824204921722412,0,5a8e8d665542995085b3744e,0.0,0,3,1,
0,0,5.818717002868652,0,5ac4f7e955429924173fb523,0.0,0,3,2,
0,0,5.892752647399902,0,5aba5c625542994dbf0198f2,0.0,0,3,5,
0,0,9.388201236724854,1,5a7a2dac5542990198eaf0b6,0.3333333333333333,2,6,6,
0,0,5.890269994735718,0,5ae26af3554299492dc91c1c,0.2,1,3,5,
0,0,5.867413282394409,0,5a7f5e0455429969796c1a12,0.0,0,3,3,
0,0,5.878941297531128,0,5ab73de755429928e1fe383b,0.0,0,3,5,
0,0,8.329254627227783,1,5a84afdc5542991dd0999d81,0.4,2,6,5,
0,0,5.360132217407227,0,5a7dc2185542990b8f503a7b,0.0,0,3,6,
0,0,12.807290077209473,2,5ab48f245542990594ba9c66,0.4444444444444444,4,9,9,
0,0,5.87780499458313,0,5a8f43795542997ba9cb3204,0.0,0,3,3,
0,0,5.890078783035278,0,5a875b755542996e4f308796,0.5,1,3,2,
0,0,5.918659925460815,0,5ab31fea554299194fa9356a,0.1111111111111111,1,3,9,
0,0,10.604439735412598,1,5a7503945542996c70cfae76,0.25,1,6,4,
0,0,5.67273736000061,0,5ae60484554299546bf8301a,0.3333333333333333,1,3,3,
0,0,5.741801977157593,0,5ae80f73554299540e5a5722,0.3333333333333333,1,3,3,
,,,,5ab5df4c5542997d4ad1f218,,,,,Ollama request exceeded timeout limit for model stable-qwen with error: timed out
0,0,5.7560906410217285,0,5ae165aa5542997b2ef7d1d1,0.16666666666666666,1,3,6,
0,0,5.764981508255005,0,5a8b027e55429950cd6afc45,0.0,0,3,9,
0,0,5.760814666748047,0,5a7fd95d5542992e7d278dc5,0.5,1,3,2,
0,0,5.9895429611206055,0,5a7a3bed5542996c55b2dd45,0.0,0,3,6,
0,0,5.743621110916138,0,5a83938c5542993344746049,0.14285714285714285,1,3,7,
0,0,5.781332731246948,0,5a7354e35542994cef4bc55b,0.0,0,3,6,
,,,,5a72644b5542997f8278399a,,,,,Ollama request exceeded timeout limit for model stable-qwen with error: timed out
0,0,5.709406852722168,0,5a7c5de155429935c91b5179,0.2,1,3,5,
0,0,5.735424280166626,0,5a73672b5542991f29ee2de7,0.0,0,3,5,
0,0,5.734591722488403,0,5ac4e07e5542996feb3fe95c,0.25,1,3,4,
0,0,5.652455568313599,0,5a8aad0d5542992d82986f55,0.3333333333333333,1,3,3,
0,0,5.708894968032837,0,5ac4db1d554299076e296e1a,0.6666666666666666,2,3,3,
0,0,5.87623929977417,0,5a80b35c5542992bc0c4a7b8,0.2,1,3,5,
0,0,10.671508073806763,1,5ab2118055429970612095b8,0.0,0,6,2,
0,0,4.71973991394043,0,5adfba9555429942ec259b1e,0.0,0,3,4,
0,0,6.053328990936279,1,5a7b895c5542997c3ec97206,0.3333333333333333,1,6,3,
0,0,3.024866819381714,0,5a72334755429971e9dc934c,0.5,2,3,4,
0,0,3.077687978744507,0,5ab720685542993667793f44,0.4,2,3,5,
0,0,3.0641443729400635,0,5ab9339f554299131ca422bb,0.3333333333333333,2,3,6,
0,0,3.107607841491699,0,5ae2c509554299492dc91c68,0.0,0,3,8,
0,0,3.0865023136138916,0,5a8341c255429954d2e2ec6e,0.6,3,3,5,
0,0,3.0750913619995117,0,5a7f44a65542992e7d278cd7,0.0,0,3,3,
0,0,13.262769222259521,2,5a887293554299206df2b273,1.0,2,9,2,
0,0,6.650391101837158,0,5a74bdce55429929fddd84e1,0.5,1,3,2,
0,0,6.683229207992554,0,5abd81ff5542993062266cb3,0.0,0,3,20,
0,0,6.659411668777466,0,5a7b4d765542995eb53be8fe,0.25,2,3,8,
0,0.01680672268907563,6.65720272064209,0,5ade662155429975fa854ebd,0.0,0,3,4,
0,0,4.571578502655029,0,5ae629215542995703ce8b34,1.0,1,3,1,
0,0,4.616676568984985,0,5a89e0ec5542992e4fca8427,0.0,0,3,3,
0,0,6.6855549812316895,0,5a90945755429933b8a2056c,0.0,0,3,2,
0,0,6.666818380355835,0,5a8335d95542993344745ff1,0.25,1,3,4,
0,0,6.660979986190796,0,5ac1a6a85542994ab5c67db6,0.3333333333333333,2,3,6,
0,0,6.664202690124512,0,5a8b46925542995d1e6f133c,0.0,0,3,5,
0,0,6.671483993530273,0,5ae444b55542996836b02c63,0.0,0,3,3,
0,0,5.731898784637451,0,5a8ba45b554299240d9c2051,0.0,0,3,3,
0,0,6.651073455810547,0,5ac3adc35542995ef918c1e2,0.3333333333333333,1,3,3,
0,0,6.699063301086426,0,5add74b95542992ae4cec56f,0.0,0,3,3,
0,0,6.682672739028931,0,5ab6b6fd5542995eadef006b,0.0,0,3,5,
0,0,6.663023471832275,0,5ae3e1e95542994393b9e78b,0.5,1,3,2,
0,0,6.6730663776397705,0,5abc87a8554299114383a13e,0.5,1,3,2,
0,0,5.430640935897827,0,5a7ba4765542995eb53be976,0.0,0,3,10,
0,0,6.669157266616821,0,5a7b1a82554299042af8f6cf,0.25,1,3,4,
0,0,4.682866811752319,0,5ae37e6e5542992f92d822e0,0.0,0,3,3,
0,0,6.629408836364746,0,5ae7ae9a5542993210983ef2,0.3333333333333333,1,3,3,
0,0,21.7827045917511,2,5ac082535542992a796ded2f,0.5,1,9,2,
,,,,5add6f975542992200553b18,,,,,Ollama request exceeded timeout limit for model stable-qwen with error: timed out
0,0,16.065032720565796,5,5a88d6df554299206df2b377,0.25,1,18,4,
0,0,16.555508852005005,5,5ab2909a5542993be8fa994f,0.0,0,18,2,
0,0,16.060335159301758,5,5ae083b75542993d6555eb85,0.5,1,18,2,
0,0,18.181421995162964,5,5ae6dd745542996d980e7ca0,0.5,1,18,2,
0,0,15.822770357131958,5,5a8dacf2554299068b959d91,0.14285714285714285,1,18,7,
0,0,13.639736413955688,4,5adcfdc555429947343537f4,0.2,1,15,5,
0,0,16.174503087997437,5,5a7a616355429941d65f25f7,0.0,0,18,6,
0,0,15.876212358474731,5,5a7ce7b755429909bec76872,0.2,1,18,5,
0,0,3.310896873474121,0,5a8dd9d25542995a26add420,0.3333333333333333,1,3,3,
0,0,15.979054689407349,5,5ac4f12d55429924173fb4f6,2.0,2,18,1,
0,0,15.135136365890503,5,5a8ad59355429950cd6afba4,0.0,0,18,5,
0,0,24.76049017906189,5,5ae1b53b5542997283cd2255,0.5,2,18,4,
0,0,25.810959100723267,5,5ae526c455429908b6326529,0.16666666666666666,1,18,6,
0,0,25.677748680114746,5,5a7e32905542991319bc943b,0.6666666666666666,2,18,3,
0,0,24.11540651321411,5,5ae8202255429952e35eaa3a,0.2,1,18,5,
0,0,25.462829113006592,5,5a81df7d55429926c1cdadaa,1.0,1,18,1,
,,,,5ac372195542995ef918c194,,,,,Ollama request exceeded timeout limit for model stable-qwen with error: timed out
0,0,18.737951040267944,5,5a7133fa5542994082a3e660,0.3333333333333333,1,18,3,
0,0,14.479347467422485,5,5ae61ac355429929b0807ac6,0.0,0,18,2,
0,0,14.695342302322388,5,5a78c69e55429974737f787c,0.375,3,18,8,
0,0,16.490725994110107,5,5a8b86645542997f31a41d62,0.3333333333333333,1,18,3,
0,0,13.994396924972534,5,5a807b44554299485f59860a,0.3333333333333333,1,18,3,
0,0,14.011169195175171,5,5ae3ffba5542995dadf242b2,0.0,0,18,3,
0,0,15.817471981048584,5,5ae0111e55429906c02daabc,0.125,1,18,8,
0,0,14.002310991287231,5,5a777fd655429949eeb29e93,0.4,2,18,5,
0,0,14.015047550201416,5,5ae70f4c5542991bbc9761b2,0.25,1,18,4,
0,0,15.41401743888855,5,5addc7e35542997545bbbdbe,0.0,0,18,3,
0,0,11.327495574951172,3,5ae73ddb554299572ea5478d,0.5,1,12,2,
0,0,14.300159215927124,5,5a7c22bb554299683c1c62d3,1.0,1,18,1,
0,0,16.741787910461426,5,5a74e9c255429974ef308c93,0.0,0,15,1,
0,0,14.354843854904175,5,5a8dde01554299653c1aa159,0.25,1,18,4,
0,0,14.622660160064697,5,5abce1af554299114383a178,0.0,0,18,2,
0,0,14.562027931213379,5,5a8257fa55429940e5e1a866,0.3333333333333333,1,18,3,
0,0,14.288833856582642,5,5a72830e5542994cef4bc2f9,0.0,0,18,5,
0,0,15.079726696014404,5,5a8de5d55542995085b3734d,0.0,0,18,5,
0,0,11.37106204032898,2,5ade895955429975fa854ef5,0.2,1,9,5,
0,0,24.273255825042725,5,5a7ecae055429934daa2fc6a,0.3333333333333333,1,18,3,
0,0,28.488179445266724,5,5adfa12c554299025d62a301,0.0,0,18,5,
0,0,28.69010877609253,5,5ae5bcbd55429960a22e0324,0.0,0,18,4,
0,0,18.491421461105347,5,5a899f4955429946c8d6e971,0.2222222222222222,2,18,9,
0,0,22.218080759048462,5,5ae14def55429901ffe4ae4a,0.0,0,18,3,
0,0,29.173804998397827,5,5adf21bc5542993344016bf4,0.0,0,18,18,
0,0,26.392457485198975,5,5a77e9c055429949eeb29fa6,0.25,1,18,4,
0,0,26.899625539779663,5,5ac19eb35542994ab5c67da3,0.0,0,18,4,
0,0,25.423738718032837,5,5a7f89c75542994857a76775,0.25,1,18,4,
0,0,26.047948598861694,5,5ab6a3a3554299710c8d1f0d,0.0,0,18,7,
0,0,23.26281976699829,5,5ac3295d5542995ef918c14d,0.5,1,18,2,
0,0,23.859909772872925,5,5add6b595542992200553b0c,0.0,0,18,2,
0,0.03076923076923077,25.99840021133423,5,5ae212c9554299495565d9de,0.2,1,18,5,
0,0,26.050830364227295,5,5adcf20f5542994ed6169c2c,0.5,1,18,2,
0,0,26.054938316345215,5,5ae2ff2055429928c4239598,0.5,1,18,2,
0,0,22.271750926971436,5,5ac55e835542993e66e82375,0.0,0,18,4,
0,0,16.989301204681396,5,5a7b9f1f554299294a54aa2a,1.0,1,18,1,
0,0,17.169239044189453,5,5ab596d95542992aa134a371,0.0,0,18,10,
0,0,18.830830812454224,5,5adf32165542993344016c15,0.0,0,18,6,
0,0,14.481284141540527,5,5ae20427554299234fd04397,0.0,0,18,7,
0,0,14.581915616989136,5,5a7fa48c5542994857a7679a,0.0,0,18,3,
,,,,5ab677e2554299110f219a13,,,,,Ollama request exceeded timeout limit for model stable-qwen with error: timed out
0,0,14.52492094039917,5,5a7d2b535542995f4f402224,0.5,1,18,2,
0,0,14.488553285598755,5,5ae720e9554299572ea54715,0.0,0,18,3,
0,0,14.560129404067993,5,5a8393665542990548d0b1ea,0.5,1,18,2,
0,0,14.537986755371094,5,5a84c01e5542991dd0999dd6,0.14285714285714285,1,18,7,
0,0,14.715011835098267,5,5abca6375542993a06baf946,0.0,0,18,2,
0,0,15.167562007904053,5,5ae7f41c5542997ec2727701,1.0,2,18,2,
,,,,5ac4fbe255429924173fb53b,,,,,Ollama request exceeded timeout limit for model stable-qwen with error: timed out
0,0,17.40623927116394,5,5a7744e45542993569682d37,0.3333333333333333,1,18,3,
0,0,14.541412830352783,5,5ae455d45542996836b02c7b,0.0,0,18,1,
0,0,13.757994890213013,5,5a8f13d55542997ba9cb31c9,0.0,0,18,4,
0,0,14.462166786193848,5,5ab809195542991d3222380f,0.2,1,18,5,
0,0,21.416239500045776,5,5a8ee7c95542990e94052bb1,0.3333333333333333,1,15,3,
0,0,11.76470136642456,4,5abea7c25542990832d3a068,0.6666666666666666,2,15,3,
0,0,2.1027071475982666,0,5a7172105542994082a3e837,0.25,1,3,4,
0,0.09523809523809523,2.1059093475341797,0,5ac3c264554299204fd21e37,0.5,1,3,2,
0,0,7.219534158706665,1,5a7542425542996c70cfaecc,0.3333333333333333,1,6,3,
0,0,14.336597681045532,5,5a8e4e7855429917b4a5bd92,0.0,0,18,5,
0,0,14.358150720596313,5,5ade89d855429975fa854ef7,0.0,0,18,2,
0,0,14.110485553741455,5,5a7636fb55429976ec32bd79,0.6666666666666666,2,18,3,
0,0,14.365068674087524,5,5adc0d2955429947ff1738e6,0.75,3,18,4,
0,0,14.702070951461792,5,5a81d1f0554299676cceb0ee,0.25,2,18,8,
0,0,21.42911982536316,5,5adfa22655429942ec259ac4,0.2857142857142857,2,18,7,
0,0,23.59588646888733,5,5abaa32655429955dce3eeaa,0.0,0,18,4,
0,0,25.05364465713501,5,5ac4f04e5542995c82c4ad81,0.0,0,18,6,
0,0,25.428677797317505,5,5ab2d65e554299545a2cfabe,0.3333333333333333,1,18,3,
0,0,19.980513095855713,5,5ab6c1da554299710c8d1f4c,0.3333333333333333,1,18,3,
0,0,14.480025053024292,5,5a76c98855429972597f13d0,0.0,0,18,8,
0,0,14.001485347747803,5,5ae537895542990ba0bbb234,0.0,0,18,6,
0,0,14.429360628128052,5,5abc00ff5542993f40c73c41,0.0,0,18,6,
0,0,15.382784128189087,5,5adcf48e5542992c1e3a24d4,1.0,1,18,1,
0,0,18.16097593307495,5,5ae2d59755429928c42394ec,0.5,1,18,2,
0,0,14.566091775894165,5,5a8ac87d55429970aeb7031d,0.1111111111111111,1,18,9,
0,0,14.578542709350586,5,5adf123f5542995ec70e8f63,0.6,3,18,5,
0,0,15.369751453399658,5,5a8d8abf5542994ba4e3dca1,0.4,2,18,5,
,,,,5ae4988655429970de88d9c1,,,,,Ollama request exceeded timeout limit for model stable-qwen with error: timed out
0,0,14.713504076004028,5,5aba9db7554299232ef4a361,0.0,0,18,4,
0,0,17.134639978408813,5,5a83c9445542992ef85e2360,0.5,1,18,2,
0,0,17.836832761764526,5,5ae56a3f5542992663a4f1f4,0.6666666666666666,2,18,3,
0,0,15.574817180633545,5,5adf5e285542992d7e9f9323,0.0,0,18,5,
0,0,16.057509422302246,5,5a839cb9554299123d8c2169,0.25,2,18,8,
0,0,15.62704062461853,5,5ae04a2755429924de1b7091,0.0,0,18,7,
0,0,15.887412071228027,5,5a859a0c5542992a431d1b69,0.25,1,18,4,
,,,,5ade02d05542997545bbbe0d,,,,,Ollama request exceeded timeout limit for model stable-qwen with error: timed out
0,0,16.316853046417236,5,5abd001d5542993a06baf9f2,0.25,1,18,4,
0,0,16.88671112060547,5,5ae5a3bb55429960a22e0314,1.0,1,18,1,
0,0,16.219805479049683,5,5a86ec9f55429960ec39b6d7,0.0,0,18,1,
0,0,16.73849368095398,5,5a8ee3a755429917b4a5be02,0.3333333333333333,1,18,3,
0,0,19.178290367126465,5,5a74397055429974ef308bbe,0.0,0,18,10,
0,0,16.14120578765869,5,5a82360055429903bc27ba46,0.2,1,18,5,
0,0,89.93860650062561,5,5ab94bc2554299743d22eacf,0.1111111111111111,1,18,9,
0,0.05263157894736842,18.405725955963135,5,5ac131575542994d76dccdb6,1.0,1,18,1,
0,0,20.257586002349854,5,5a75a76b5542992db9473697,0.0,0,18,4,
0,0,17.926194667816162,5,5adc2ae5554299438c868d64,1.0,2,18,2,
0,0,17.89581298828125,5,5ab52bd1554299637185c4ee,0.5,2,18,4,
0,0,17.643160820007324,5,5abd2af955429933744ab74b,0.5,1,18,2,
0,0,16.4601731300354,5,5a7bcd68554299294a54aaf0,1.0,1,18,1,
0,0.1212121212121212,16.529424905776978,5,5a8cefc155429941ae14df55,0.0,0,18,6,
0,0,16.575536489486694,5,5a76334c5542994ccc918710,0.0,0,18,14,
0,0,16.431957721710205,5,5a8c5d3f554299585d9e3675,0.16666666666666666,1,18,6,
0,0,15.80521559715271,5,5ae02b6c55429924de1b7044,0.0,0,18,1,
0,0,17.05994701385498,5,5a88982155429938390d3f81,0.0,0,18,5,
0,0,15.70808458328247,5,5ade3b925542992fa25da70a,1.0,2,18,2,
0,0,19.53134298324585,4,5ac23f98554299636651994b,0.0,0,15,2,
0,0,4.474217414855957,0,5a7cfb2755429907fabef084,0.16666666666666666,1,3,6,
0,0,30.265260457992554,5,5ae471fa55429970de88d965,0.0,0,18,4,
0,0,36.14437246322632,5,5abec66b5542997ec76fd360,1.0,1,18,1,
0,0,28.28129768371582,5,5a8e5a635542990e94052ae4,0.0,0,18,6,
0,0,38.43794369697571,5,5a80db5055429938b6142218,0.8,4,18,5,
0,0,11.951122522354126,2,5ac308135542990b17b154f4,0.0,0,9,9,
0,0,30.365833044052124,5,5add3aaa5542992ae4cec500,0.5,1,18,2,
0,0,30.347452640533447,5,5a7622d75542994ccc9186f1,0.6666666666666666,2,18,3,
0,0,30.46326208114624,5,5a8f03855542997ba9cb3186,0.0,0,18,3,
0,0,17.662817239761353,5,5a74be7a55429929fddd84e4,0.6666666666666666,2,18,3,
0,0,13.930194616317749,5,5abd580855429924427fcfb8,0.5,2,18,4,
0,0,14.331559658050537,5,5a88940055429938390d3f7b,0.0,0,18,5,
0,0,15.956705331802368,5,5a7bacf35542997c3ec9724b,0.5,2,18,4,
0,0,15.529552459716797,5,5ab93781554299131ca422c7,0.25,1,18,4,
0,0,15.166214942932129,5,5a87100655429960ec39b71e,0.5,1,18,2,
0,0,15.20784616470337,5,5a80abd15542996402f6a5e0,0.5,1,18,2,
0,0,15.329978942871094,5,5a7ca55b55429907fabeefe0,0.0,0,18,8,
,,,,5a8cc602554299653c1aa11a,,,,,Ollama request exceeded timeout limit for model stable-qwen with error: timed out
0,0.05128205128205128,15.199141502380371,5,5ab941c2554299743d22ea88,0.0,0,18,4,
0,0,15.72742247581482,5,5add47bf5542992200553a7f,0.16666666666666666,1,18,6,
0,0,14.242536067962646,5,5abd13b655429924427fceea,0.0,0,18,8,
0,0,18.136954307556152,5,5abffa095542990832d3a1de,0.0,0,18,6,
0,0,15.020018815994263,5,5a7c02c45542996dd594b880,0.0,0,18,1,
0,0,18.639507293701172,5,5a74512b55429974ef308bd5,0.0,0,18,6,
,,,,5ae7c2dc5542994a481bbdd3,,,,,Ollama request exceeded timeout limit for model stable-qwen with error: timed out
0,0,25.405972003936768,5,5ae22895554299495565da0c,0.0,0,18,2,
0,0,28.113850116729736,5,5aba67c255429955dce3ee10,0.0,0,18,4,
0,0,26.90932011604309,5,5ae1fd8a5542994d89d5b2ee,0.25,1,18,4,
0,0,108.31056046485901,5,5a8a6b625542996c9b8d5ed9,0.0,0,18,4,
0,0,26.826945066452026,5,5a90b2175542990a984936ae,1.0,1,18,1,
0,0,24.090850114822388,5,5ae14cf05542990adbacf742,0.2,1,18,5,
0,0,26.57795476913452,5,5add23d05542994734353871,0.25,1,18,4,
0,0,25.400082111358643,5,5a7f1ad155429934daa2fce2,0.0,0,18,6,
0,0,25.511064529418945,5,5a7fb90655429969796c1b34,0.0,0,18,2,
0,0,30.68499994277954,5,5ab531e55542990594ba9d24,0.0,0,18,4,
0,0,28.210435152053833,5,5a886b7555429938390d3f4d,0.75,3,18,4,
0,0,18.72149395942688,5,5abee4ff5542993fe9a41d7d,0.0,0,18,4,
0,0,60.141533851623535,5,5adbfffb5542994650320c39,0.0,0,18,4,
0,0,22.377585887908936,5,5a7b63eb55429931da12ca7e,0.0,0,18,2,
0,0,23.88134503364563,5,5ab3abe9554299753aec597e,0.0,0,18,3,
0,0,19.125171422958374,5,5a87144155429960ec39b72b,0.14285714285714285,1,18,7,
0,0,22.95167851448059,5,5ae497595542995ad6573db7,0.3333333333333333,1,18,3,
,,,,5a72a47d55429901807daf1f,,,,,Ollama request exceeded timeout limit for model stable-qwen with error: timed out
0,0,19.515087842941284,5,5ac05e035542992a796decf7,0.25,1,18,4,
0,0,21.516183853149414,5,5ac1725c5542994d76dcce2c,0.5,3,18,6,
0,0,20.52942419052124,5,5adec4695542992fa25da83a,0.2,1,18,5,
0,0,17.14016079902649,5,5a8a32d65542992d82986ef4,0.0,0,18,2,
0,0,18.3629047870636,5,5a846c005542990548d0b2b3,0.5,1,18,2,
0,0,16.6948664188385,5,5a7dbb295542990b8f503a4b,0.16666666666666666,1,18,6,
0,0,15.95855188369751,5,5abb8a9b5542996cc5e4a016,0.5,1,18,2,
0,0,15.76576852798462,5,5a7df1095542990b8f503afe,0.5,1,18,2,
0,0,17.56904673576355,5,5ae5086d55429908b63264eb,0.0,0,18,2,
,,,,5ae48aff5542996836b02cce,,,,,Ollama request exceeded timeout limit for model stable-qwen with error: timed out
0,0,16.50444769859314,5,5a7ca95b55429935c91b5287,0.0,0,18,1,
0,0,18.08992910385132,5,5a8b465855429949d91db522,0.0,0,18,5,
0,0,17.878010988235474,5,5ae7a2e255429952e35ea99e,0.16666666666666666,1,18,6,
0,0,16.135939359664917,5,5ab250b9554299722f9b4cd9,0.0,0,18,4,
0,0,17.977004528045654,5,5add3fe05542992c1e3a2580,0.0,0,18,11,
0,0,19.185410499572754,5,5a8bd2965542997f31a41dd1,0.5,1,18,2,
0,0,18.254958629608154,5,5a87b6215542996e4f3088d6,0.0,0,18,2,
0,0,15.327454805374146,5,5a81b2505542995ce29dcc32,0.0,0,18,3,
0,0,15.495362758636475,5,5a7cce4b554299683c1c6388,0.2,1,18,5,
0,0,10.027813196182251,3,5ac2cb09554299657fa29066,0.3333333333333333,1,12,3,
0,0,2.613903522491455,0,5ab3acc5554299233954ff7e,0.5,1,3,2,
0,0,2.6336026191711426,0,5a7c465a5542990527d5547f,0.4,2,3,5,
0,0,2.6290829181671143,0,5ac3a0b25542993915413838,0.25,2,3,8,
0,0,2.5842316150665283,0,5ac3ba0455429939154138f2,0.5,1,3,2,
0,0,2.6300151348114014,0,5ab1d6545542997061209588,0.3333333333333333,1,3,3,
0,0,2.6304879188537598,0,5abc23c45542993a06baf896,0.0,0,3,8,
0,0,2.6669833660125732,0,5a7b3fc155429931da12ca3a,0.0,0,3,7,
0,0,2.6368606090545654,0,5adc8cb45542994d58a2f651,0.5,2,3,4,
0,0,2.6437721252441406,0,5a82930655429966c78a6a5e,0.3333333333333333,2,3,6,
0,0,2.6373133659362793,0,5ae09ea05542993d6555ebc1,0.0,0,3,4,
0,0,2.659973382949829,0,5a85ecf25542991dd0999ec6,0.5,1,3,2,
0,0,2.6765358448028564,0,5ab572ff5542992aa134a31b,0.25,1,3,4,
0,0,2.631937265396118,0,5a8e16a5554299068b959e58,0.3333333333333333,1,3,3,
0,0,2.6399598121643066,0,5a71380c5542994082a3e68b,0.0,0,3,3,
0,0,2.6082968711853027,0,5ae794215542997ec27276a8,0.0,0,3,3,
0,0,2.636049270629883,0,5adc3d7455429944faac248a,0.0,0,3,6,
0,0,2.614103317260742,0,5a75e3845542994ccc91864e,0.2,1,3,5,
0,0,2.6413652896881104,0,5a794119554299029c4b5f3c,0.5,2,3,4,
0,0,2.6369669437408447,0,5abe250f5542991f661060ef,0.25,1,3,4,
0,0,2.6209793090820312,0,5a84cb255542991dd0999dfa,0.5,2,3,4,
0,0,2.6389291286468506,0,5a881cbb55429938390d3ee7,0.25,1,3,4,
0,0,2.6182847023010254,0,5a80b9df5542992bc0c4a7ec,0.0,0,3,5,
0,0.0425531914893617,2.5991530418395996,0,5a8c62f5554299585d9e367b,0.0,0,3,4,
0,0,2.6073315143585205,0,5a74a62b55429916b01641a0,0.14285714285714285,1,3,7,
0,0,2.5997154712677,0,5ab463da5542990594ba9c0d,0.5,1,3,2,
0,0,2.6376020908355713,0,5ae7b40e5542994a481bbdbd,0.25,1,3,4,
0,0,2.6405251026153564,0,5a8601f855429960ec39b5fd,0.25,1,3,4,
0,0,5.187436103820801,1,5ae8167b55429952e35eaa06,0.0,0,6,2,
0,0,2.6261231899261475,0,5adddce05542992200553b70,0.25,1,3,4,
0,0,2.6312637329101562,0,5a8e494e5542995a26add4c8,1.0,2,3,2,
0,0,2.610579013824463,0,5a8d9de2554299068b959d62,0.0,0,3,5,
0,0,2.6520097255706787,0,5a7e6f295542991319bc94b1,0.25,1,3,4,
0,0.04545454545454545,2.6291933059692383,0,5ae3992d5542994393b9e722,0.3333333333333333,1,3,3,
0,0,2.626523017883301,0,5ac406c155429919431738fc,1.0,1,3,1,
0,0,2.636667013168335,0,5ab1e97f554299340b525427,0.25,1,3,4,
0,0,2.6215436458587646,0,5a8b05c855429949d91db46a,0.75,3,3,4,
0,0,2.652866840362549,0,5ae3263455429928c4239634,0.25,1,3,4,
0,0,5.199594497680664,1,5ac249f55542992f1f2b3831,0.4,2,6,5,
0,0,2.634263515472412,0,5a9058e655429916514e747e,0.5,1,3,2,
0,0,1.7437090873718262,0,5ac371aa5542995ef918c191,1.0,2,3,2,
0,0,2.618959903717041,0,5ac0f7df554299012d1db667,0.25,1,3,4,
0,0,2.639516592025757,0,5ade1ddf55429939a52fe827,0.0,0,3,2,
0,0,2.6260178089141846,0,5ab9d7e4554299232ef4a21f,0.5,1,3,2,
0,0,2.5979509353637695,0,5ab9180b5542991b5579f0f3,0.0,0,3,2,
0,0,2.6456198692321777,0,5ab85f555542992aa3b8c8ca,0.0,0,3,5,
0,0,2.6358120441436768,0,5a77727555429972597f1540,0.2,1,3,5,
0,0,2.634619951248169,0,5ab674ee5542995eadeefff2,0.0,0,3,2,
0,0,1.7965657711029053,0,5a838a3d554299123d8c215d,0.5,1,3,2,
0,0,2.6272082328796387,0,5a8be7735542997f31a41df2,0.1111111111111111,1,3,9,
0,0,2.6355080604553223,0,5a7b55375542995eb53be91f,0.0,0,3,8,
0,0,2.6211764812469482,0,5a8297c055429954d2e2eb71,0.0,0,3,5,
0,0,2.6568689346313477,0,5a8af11a55429950cd6afc21,0.0,0,3,5,
0,0,2.6527905464172363,0,5a74879255429974ef308c1d,0.14285714285714285,1,3,7,
0,0,1.7770946025848389,0,5a84d2ea5542992a431d1aa8,1.0,1,3,1,
0,0,2.6539576053619385,0,5ab913205542991b5579f0e0,0.3333333333333333,1,3,3,
0,0,2.6001334190368652,0,5adc85b855429944faac24e9,0.0,0,3,2,
0,0,1.8083765506744385,0,5abe79c755429976d4830b2a,0.1,1,3,10,
0,0,2.6202149391174316,0,5a8f541e5542992414482a53,0.0,0,3,6,
0,0,17.240540981292725,5,5a71148b5542994082a3e567,0.3333333333333333,1,18,3,
0,0,15.609302997589111,4,5ae33f9a5542990afbd1e0f1,0.0,0,15,7,
0,0,15.64497971534729,5,5abbe40555429931dba145cd,0.3333333333333333,1,18,3,
0,0,19.711050510406494,5,5a8756f25542994775f607dc,0.3333333333333333,1,18,3,
0,0,24.460889101028442,5,5ae1c2d8554299234fd042ee,1.0,1,18,1,
0,0,3.518950939178467,0,5adc83c65542994d58a2f623,0.0,0,3,5,
0,0,4.7311577796936035,0,5ae72ca35542991e8301cb92,0.0,0,3,13,
0,0,23.808807611465454,5,5a8af92c55429950cd6afc33,0.125,1,18,8,
0,0,25.56709909439087,5,5abfa2255542993fe9a41e18,0.0,0,18,2,
0,0,29.701939582824707,5,5abafb6d5542992ccd8e7e92,0.0,0,18,5,
0,0,38.682419300079346,5,5a8340fd55429954d2e2ec6b,0.5,1,18,2,
0,0,32.908307790756226,5,5a7b493855429931da12ca58,0.0,0,18,2,
0,0,32.22498869895935,5,5adfd01f55429925eb1afa9f,0.0,0,18,1,
0,0,28.790632963180542,5,5ae5fd395542996de7b71ab3,0.5,1,18,2,
0,0,26.114880323410034,5,5ae17f1e5542990adbacf7a6,0.0,0,18,5,
0,0,25.74421262741089,5,5ae222ec5542996483e648ff,0.0,0,18,5,
0,0,23.069475173950195,5,5ab5d2fe554299488d4d9a3e,0.3333333333333333,1,18,3,
0,0,22.12561297416687,5,5a864d9e5542994775f6073d,0.3333333333333333,1,18,3,
0,0,19.99998927116394,5,5abd920e55429924427fd05d,0.5,1,18,2,
0,0,24.161798238754272,5,5ae07c6255429924de1b70d6,0.0,0,18,6,
,,,,5abbe188554299642a094ba0,,,,,Ollama request exceeded timeout limit for model stable-qwen with error: timed out
0,0,21.381919622421265,5,5adf3a0d5542992d7e9f92e8,0.0,0,18,3,
0,0,20.72899341583252,5,5a7d1bf65542995ed0d165f0,0.3333333333333333,1,18,3,
0,0,18.60869836807251,5,5ab7268b5542992aa3b8c7b1,0.6666666666666666,2,18,3,
0,0,17.673360109329224,5,5ae4ebeb55429908b63264bb,0.5,1,18,2,
,,,,5a714bb35542994082a3e78f,,,,,Ollama request exceeded timeout limit for model stable-qwen with error: timed out
,,,,5a836a2d554299334474600f,,,,,Ollama request exceeded timeout limit for model stable-qwen with error: timed out
0,0,18.391061067581177,5,5ae1d1995542997283cd226c,0.3333333333333333,1,18,3,
0,0,19.61983036994934,5,5ab965f25542996be20204c3,0.3333333333333333,1,18,3,
0,0,21.238691806793213,5,5a80f499554299260e20a1d9,0.0,0,18,3,
0,0,20.906705141067505,5,5adcf3e35542994ed6169c3a,0.25,1,18,4,
0,0,20.25763702392578,5,5adf92f15542995534e8c7f3,0.2,1,18,5,
0,0,24.17596697807312,5,5a74e6e855429974ef308c8e,0.5,1,18,2,
0,0,19.79436182975769,5,5adbd60855429944faac2377,0.0,0,18,9,
0,0,21.111348152160645,5,5a7c99705542990527d554de,0.0,0,18,6,
0,0,19.924869537353516,5,5ae3fcfc5542995dadf2428c,1.0,1,18,1,
0,0,20.76910138130188,5,5ab9618f554299743d22eb28,0.0,0,18,6,
0,0,20.80160093307495,5,5adf53dc5542995534e8c791,0.3333333333333333,1,18,3,
0,0,19.997813940048218,5,5adfecf0554299603e4183c3,0.0,0,18,7,
0,0,19.954930543899536,5,5a8662b955429960ec39b687,0.3333333333333333,1,18,3,
0,0,25.33922791481018,5,5a8f8e4d55429918e830d260,0.0,0,15,2,
0,0,2.6877517700195312,0,5a8d08ee55429941ae14df70,0.3333333333333333,1,3,3,
0,0,2.701805830001831,0,5ae72e5d5542991e8301cba8,0.0,0,3,7,
0,0,2.6956467628479004,0,5ae2979a554299495565dade,0.5,1,3,2,
0,0,2.688708782196045,0,5ae764a85542997b22f6a720,0.0,0,3,4,
0,0,2.692244291305542,0,5a8510a25542994c784ddaf0,0.25,1,3,4,
0,0,20.813661098480225,5,5a7600275542994ccc91867a,0.25,1,18,4,
0,0,21.005752086639404,5,5ae0ee2c5542993d6555eca3,0.4,2,18,5,
0,0,21.03086566925049,5,5adccaca5542994d58a2f6d5,0.0,0,18,4,
0,0,21.373953342437744,5,5a88a35c554299206df2b316,0.0,0,18,4,
0,0.039999999999999994,22.43789577484131,5,5a8367c1554299334474600e,0.2,1,16,5,
0,0,20.767684936523438,5,5ae1f17e554299234fd04349,0.6666666666666666,2,18,3,
0,0,20.365960836410522,5,5a8889405542997e5c09a5f9,0.14285714285714285,1,18,7,
0,0,21.596821784973145,5,5a71224f5542994082a3e5c1,0.5,1,18,2,
0,0,25.059720277786255,5,5ab7e3c45542995dae37e9db,0.3333333333333333,1,18,3,
0,0,24.954020977020264,5,5a8c8f24554299653c1aa0ba,0.0,0,18,3,
0,0,27.32796049118042,5,5ae73eca5542991e8301cc37,0.0,0,18,6,
0,0,25.73583984375,5,5ab285d1554299449642c8dd,0.5,1,18,2,
0,0,25.339409112930298,5,5ac11a8d5542992a796dedee,0.16666666666666666,1,18,6,
0,0,26.68584680557251,5,5a81b4cc5542995ce29dcc3c,0.5,1,18,2,
0,0,24.85349726676941,5,5ae142c455429920d5234355,0.4,2,18,5,
0,0,23.16579508781433,5,5a8651185542994775f60752,0.5,1,18,2,
0,0,25.180377960205078,5,5ae80d25554299540e5a5709,1.0,1,18,1,
0,0,21.73623037338257,5,5abbd12b55429931dba14577,0.0,0,18,2,
0,0,14.674511194229126,5,5ac1218c55429964131be15c,0.25,1,18,4,
0,0,14.70675015449524,5,5adf1c3f5542993a75d263ec,0.5,1,18,2,
0,0,16.51379632949829,5,5ade03da5542997dc7907120,0.25,1,18,4,
0,0,14.606348514556885,5,5ae55e6855429960a22e02d0,0.0,0,18,5,
0,0,14.715828895568848,5,5a7b177b55429927d897bf35,0.25,1,18,4,
0,0,14.659514427185059,5,5ab67f4c55429953192ad2d9,0.3333333333333333,1,18,3,
0,0,14.235758543014526,5,5a8db9b3554299068b959dde,2.0,2,18,1,
0,0,14.867465257644653,5,5a88f0d455429946c8d6e8dc,0.3333333333333333,1,18,3,
0,0,14.691081285476685,5,5ae336495542990afbd1e0e1,0.0,0,18,3,
0,0,14.843356609344482,5,5adc2f53554299438c868d6d,0.0,0,18,7,
0,0,15.3318030834198,5,5ac24cea55429951e9e6853a,0.0,0,18,4,
0,0,14.735879898071289,5,5ab600fb554299488d4d9a82,0.25,1,18,4,
0,0,16.469573497772217,5,5a8c6d4e5542996e8ac88aa6,0.5,1,18,2,
0,0,14.61862826347351,5,5ac005a15542997719eab6fc,0.0,0,18,4,
0,0,14.620925664901733,5,5abdc74755429965af743e36,0.25,1,18,4,
0,0,14.700005531311035,5,5a8e06785542995085b37383,0.0,0,18,3,
0,0,24.045833349227905,5,5a8bf0835542995d1e6f146b,0.16666666666666666,1,18,6,
0,0,31.741990327835083,5,5a8f25ed5542997ba9cb31f0,0.0,0,18,8,
0,0,28.583218574523926,5,5a8e024f5542995085b37375,0.0,0,18,8,
0,0,23.30255937576294,2,5a8b14125542992d82986fd5,0.2,1,9,5,
,,,,5aba6d0f55429955dce3ee19,,,,,Ollama request exceeded timeout limit for model stable-qwen with error: timed out
0,0,33.653340101242065,5,5ab71b5c5542991d3222377e,0.5,1,18,2,
0,0,29.768430948257446,5,5a8e0dbd554299068b959e3e,0.4,2,18,5,
0,0,30.086899042129517,5,5ae356045542990afbd1e10d,0.16666666666666666,1,18,6,
0,0,21.241938591003418,5,5ae075455542993d6555eb59,0.3333333333333333,1,18,3,
0,0,15.104734182357788,5,5a90503755429916514e7470,0.0,0,18,8,
0,0,15.150574445724487,5,5a75377c55429929fddd8514,0.25,1,18,4,
0,0,15.267621278762817,5,5a7eec6f55429934daa2fc7c,0.0,0,18,8,
0,0,15.396426439285278,5,5a77863555429949eeb29ec6,0.5,1,18,2,
0,0,19.783130884170532,5,5ab6e8e6554299710c8d1faf,0.0,0,18,5,
0,0,13.464513301849365,3,5a7d47da5542990b8f503975,0.0,0,12,8,
,,,,5abced075542993a06baf9ac,,,,,Ollama request exceeded timeout limit for model stable-qwen with error: timed out
0,0,15.72456693649292,5,5a71646e5542994082a3e80e,0.25,1,18,4,
0,0,15.341352224349976,5,5abd9b5255429924427fd06a,0.3333333333333333,1,18,3,
0,0,15.335014581680298,5,5ac017f4554299012d1db5a2,0.0,0,18,5,
0,0,16.824944734573364,5,5ae791cf55429952e35ea978,0.0,0,18,3,
0,0,15.787683963775635,5,5ae612f3554299546bf83065,0.3333333333333333,1,18,3,
,,,,5a84eecd5542994c784dda8e,,,,,Ollama request exceeded timeout limit for model stable-qwen with error: timed out
0,0,18.001797199249268,5,5a7eb22655429930675135cb,0.16666666666666666,1,18,6,
0,0,16.2734637260437,5,5a7f6f4b5542994857a76740,0.25,1,18,4,
0,0,16.320746421813965,5,5aba5e2555429955dce3edf1,0.0,0,18,3,
0,0,15.72484803199768,5,5ae4eb9255429908b63264ba,0.0,0,18,3,
0,0,15.694498300552368,5,5ab8ffc655429934fafe6e30,0.0,0,18,6,
,,,,5ac05c245542992a796dece5,,,,,Ollama request exceeded timeout limit for model stable-qwen with error: timed out
0,0.03773584905660377,18.850791692733765,5,5a8c03415542995e66a4752a,1.0,4,18,4,
0,0,20.02621054649353,5,5adf715b5542992d7e9f9354,0.3333333333333333,1,18,3,
0,0,19.09081196784973,5,5a73520c5542994cef4bc53f,0.3333333333333333,1,18,3,
0,0.0425531914893617,19.092288732528687,5,5addb0335542995b365fab5e,0.2,1,18,5,
0,0,18.19480872154236,5,5a8b6eba55429950cd6afcfc,0.3333333333333333,1,18,3,
0,0,16.88499355316162,5,5a89e3995542992e4fca844d,0.0,0,18,7,
0,0,15.906405925750732,5,5a7ce444554299683c1c63c1,0.0,0,18,5,
0,0,19.426324605941772,5,5a8af56855429950cd6afc2f,0.5,1,18,2,
0,0,15.282070398330688,5,5a882ffb5542994846c1ce0d,0.0,0,18,12,
,,,,5ac3b4e0554299741d48a2ec,,,,,Ollama request exceeded timeout limit for model stable-qwen with error: timed out
0,0,15.742326974868774,5,5ac0223f5542992a796dec9f,0.25,1,18,4,
0,0,16.00391912460327,5,5ab4f8c95542990594ba9cbb,0.5,2,18,4,
0,0,7.705185890197754,2,5a776cfa5542993735360274,0.0,0,9,4,
0,0,16.117555379867554,5,5ae824295542997ec272772f,0.0,0,18,4,
0,0,17.366819620132446,5,5a7561495542992db947364e,0.5,1,18,2,
0,0,30.558098077774048,5,5ab8764155429919ba4e22fe,0.3333333333333333,1,18,3,
0,0,29.913540363311768,5,5a8b6ee255429950cd6afcfd,0.3333333333333333,1,18,3,
0,0,97.24630236625671,5,5a8031d05542996402f6a47c,0.16666666666666666,1,18,6,
0,0,30.26789093017578,5,5a7bf3da5542996dd594b869,0.0,0,18,4,
0,0,30.4353449344635,5,5ab78e2e55429928e1fe387d,0.0,0,18,1,
0,0.03333333333333333,27.310255527496338,5,5a8f5bb45542992414482a77,0.25,1,18,4,
0,0,26.592846870422363,5,5ae0f3b955429920d523424e,0.25,1,18,4,
0,0,27.694716215133667,5,5a716c415542994082a3e827,0.0,0,18,5,
0,0,2.735541582107544,0,5ae0945d55429906c02daadd,0.3333333333333333,1,3,3,
0,0,5.699765920639038,0,5ae0335655429925eb1afc28,0.5,1,3,2,
0,0,11.28396725654602,1,5a819e2755429903bc27b988,0.0,0,6,3,
0,0,5.5383830070495605,0,5a74f7405542996c70cfae59,0.3333333333333333,1,3,3,
0,0,5.495583772659302,0,5ae096d755429906c02daadf,0.125,1,3,8,
0,0,5.536569595336914,0,5ade1eda55429975fa854e71,1.0,2,3,2,
0,0,5.574078559875488,0,5a80c01855429938b61421b8,0.3333333333333333,1,3,3,
0,0,5.4415693283081055,0,5a87184a5542991e771816c5,0.4,2,3,5,
0,0,5.5474443435668945,0,5a77d12755429967ab1052b8,1.0,1,3,1,
0,0,5.541628360748291,0,5a80b9ae5542992bc0c4a7eb,0.0,0,3,4,
0,0,5.548349857330322,0,5a77d3f555429967ab1052c5,0.0,0,3,7,
0,0,5.561036825180054,0,5ae121315542997b2ef7d0ee,0.0,0,3,2,
0,0,5.489820957183838,0,5abfde655542997719eab6f2,0.5,1,3,2,
0,0,7.286239385604858,1,5adc82fc554299438c868dce,0.0,0,6,6,
0,0,5.484832048416138,0,5ade1f1c55429939a52fe82d,0.16666666666666666,1,3,6,
0,0,5.480560064315796,0,5a77a7565542995d83181249,0.5,2,3,4,
0,0,5.488780975341797,0,5a8c743e5542996e8ac88ab3,0.2,1,3,5,
0,0,5.481326580047607,0,5ab2af1655429929539467eb,0.1111111111111111,1,3,9,
0,0,5.479754686355591,0,5a7e08b55542997cc2c474fe,0.0,0,3,3,
0,0,5.550161123275757,0,5a80799b5542992bc0c4a72e,0.3333333333333333,1,3,3,
0,0,5.52222466468811,0,5a8789115542994846c1cd9a,0.0,0,3,3,
0,0,5.499639272689819,0,5a7c572655429935c91b5166,0.5,1,3,2,
0,0,5.500502347946167,0,5a9051615542995651fb5136,0.25,1,3,4,
0,0,29.370126724243164,5,5a7e60a855429949594199ae,0.3333333333333333,1,18,3,
0,0,25.817813873291016,5,5abbf64055429965836003bc,0.0,0,18,5,
0,0,19.27093505859375,5,5ab8284d5542990e739ec83f,0.0,0,18,2,
0,0,19.645172595977783,5,5a808cbd5542996402f6a54b,0.0,0,18,3,
0,0,19.491722583770752,5,5a7a01b15542996c55b2dcd1,0.5,1,18,2,
0,0,22.728589296340942,5,5ae4d7fc5542990ba0bbb16f,0.0,0,18,2,
0,0,29.724146127700806,5,5a79caad5542994f819ef09f,0.0,0,18,5,
0,0,22.591766357421875,5,5ae153915542990adbacf752,0.125,1,18,8,
0,0,28.199597120285034,5,5a87f3cb5542994846c1ce03,0.3333333333333333,1,18,3,
0,0.025,23.61098599433899,5,5abd455c55429924427fcf5a,0.0,0,18,2,
,,,,5a739ef955429978a71e904b,,,,,Ollama request exceeded timeout limit for model stable-qwen with error: timed out
0,0,27.947577476501465,5,5abd889f55429924427fd046,0.5,2,18,4,
0,0,18.570388555526733,5,5ac536485542996feb3fea2e,0.0,0,18,6,
0,0,19.01827573776245,5,5adff45c55429925eb1afb8c,0.3333333333333333,1,18,3,
0,0,18.593466997146606,5,5a79e3555542994bb945712f,1.0,1,18,1,
0,0,19.198771238327026,5,5ae4bbf05542995ad6573e32,0.125,1,18,8,
0,0,9.409945011138916,1,5a8682755542996432c571cf,0.3333333333333333,1,6,3,
0,0,20.060120344161987,5,5a82f35f5542995ce29dcd14,0.0,0,18,16,
0,0,18.912307024002075,5,5ae6453e55429908198fa56c,0.5,1,18,2,
0,0,18.09511137008667,5,5a78a7025542990784727710,0.2,1,18,5,
0,0,171.12073683738708,5,5ae37ec25542990afbd1e178,0.6666666666666666,2,18,3,
0,0,18.61328125,5,5ae55a4e5542990ba0bbb285,0.0,0,18,9,
,,,,5ab69e4f554299710c8d1eee,,,,,Ollama request exceeded timeout limit for model stable-qwen with error: timed out
0,0,21.200733184814453,5,5add39ca5542992ae4cec4fb,0.0,0,18,3,
0,0,17.836802005767822,5,5adcfe7f5542992c1e3a24f1,0.16666666666666666,1,18,6,
0,0,19.019364595413208,5,5a72b2dc5542992359bc3173,0.0,0,18,5,
0,0,17.589857578277588,5,5ae122465542997b2ef7d0f4,0.0,0,18,2,
0,0,15.548960208892822,5,5abfce075542994516f454f7,0.0,0,18,2,
0,0,16.860798358917236,5,5a8abb115542992d82986f66,0.0,0,18,6,
0,0,17.612972736358643,5,5ac49a1c5542996feb3fe905,0.2,1,18,5,
0,0,20.357836723327637,5,5ae1fced5542997283cd230e,0.16666666666666666,1,18,6,
0,0,21.549494981765747,5,5a7b1c6b55429931da12c9ca,0.3333333333333333,1,18,3,
0,0,20.761211395263672,5,5a807e6f5542995d8a8ddf80,0.25,1,18,4,
0,0,21.396272897720337,5,5a712fca5542994082a3e641,0.3333333333333333,1,18,3,
0,0,23.10166645050049,5,5a771d6155429966f1a36c6d,0.2,1,18,5,
0,0,18.753201723098755,5,5ae2ad6b5542996483e64a3d,0.3333333333333333,1,18,3,
0,0.0425531914893617,17.385367393493652,5,5a8f137355429918e830d180,0.0,0,18,5,
0,0,21.149021863937378,5,5ae4f6c755429960a22e022a,0.0,0,18,4,
0,0,22.27539849281311,5,5a8dd47c5542995a26add3fa,0.5,1,18,2,
0,0,17.69943857192993,5,5ab3d764554299233954ffc7,0.0,0,18,4,
0,0,16.95352077484131,5,5ab30f9a554299233954fef2,0.3333333333333333,1,18,3,
0,0,17.005658626556396,5,5a8af0a355429950cd6afc1c,0.0,0,18,6,
0,0,16.938090085983276,5,5a85018d5542997b5ce3ff98,0.0,0,18,4,
0,0,16.63975429534912,5,5adc6c4c5542994650320ce0,0.3333333333333333,1,18,3,
0,0,15.773818731307983,5,5a73b8d655429908901be31f,0.5,1,18,2,
,,,,5ab30ebf554299753aec592c,,,,,Ollama request exceeded timeout limit for model stable-qwen with error: timed out
,,,,5ab41b8c5542996a3a969f40,,,,,Ollama request exceeded timeout limit for model stable-qwen with error: timed out
0,0,15.890767335891724,5,5ab52cb2554299637185c4f1,0.0,0,18,8,
0,0,16.989693880081177,5,5ae52ba755429908b6326538,0.2857142857142857,2,18,7,
0,0,16.352637767791748,5,5a88be405542997e5c09a6ab,0.16666666666666666,1,18,6,
0,0,16.112446069717407,5,5ae13bf1554299422ee99634,0.0,0,18,2,
0,0,15.906647682189941,5,5ae785685542994a481bbd47,0.16666666666666666,1,18,6,
0,0,16.21786904335022,5,5abd247e5542996e802b472f,0.5,1,18,2,
,,,,5a81ff1a554299676cceb1c2,,,,,Ollama request exceeded timeout limit for model stable-qwen with error: timed out
0,0.05714285714285715,16.520873069763184,5,5a890b895542995153361278,0.5,1,18,2,
0,0,16.05309820175171,5,5ae31d5a5542990afbd1e0b1,0.14285714285714285,1,18,7,
0,0,13.078356981277466,4,5add4fd15542992200553a98,0.2,1,15,5,
0,0,15.198357343673706,5,5a8f6fbf5542992414482acd,0.0,0,18,3,
0,0,16.43240261077881,5,5a8841a35542994846c1ce69,0.5,1,18,2,
0,0,16.635308265686035,5,5a8b3c5b55429971feec4684,0.6666666666666666,2,18,3,
0,0,16.151551008224487,5,5a730abe5542994cef4bc42f,0.25,1,18,4,
0,0,24.697086572647095,5,5a7c76275542990527d554b4,0.14285714285714285,1,15,7,
0,0,15.861360311508179,5,5a8df72055429917b4a5bcf2,0.16666666666666666,1,18,6,
0,0,15.827069759368896,5,5ac471305542991943173998,1.0,2,18,2,
0,0.058823529411764705,15.91586709022522,5,5a79dae35542994f819ef0d3,0.0,0,18,7,
0,0,17.006630897521973,5,5a85e57a5542994c784ddbb1,0.5,1,18,2,
0,0,33.442545652389526,5,5a84c89a5542992a431d1a9c,0.0,0,18,5,
0,0,15.9532151222229,5,5adbf3fa554299438c868ce0,0.14285714285714285,1,18,7,
0,0,18.687408447265625,5,5a8cacac554299585d9e3716,0.2,1,18,5,
0,0,16.31734037399292,5,5ab672165542995eadeeffe0,0.25,1,18,4,
0,0,16.524193286895752,5,5a7fa0d55542995d8a8dded3,0.5,2,18,4,
0,0,15.748679161071777,5,5a7cb8bc554299452d57b9be,0.0,0,18,5,
0,0,15.750274896621704,5,5ae4957155429970de88d9bc,0.5,1,18,2,
0,0,99.88803148269653,5,5a7d052255429909bec768fd,0.0,0,18,5,
0,0,15.774486541748047,5,5ab862f95542992aa3b8c8d4,0.5,1,18,2,
0,0,15.725640535354614,5,5ab692b5554299710c8d1ed6,0.0,0,18,3,
,,,,5ab87b2955429934fafe6df4,,,,,Ollama request exceeded timeout limit for model stable-qwen with error: timed out
0,0,15.909402132034302,5,5ae82c3d55429952e35eaa75,0.5,1,18,2,
,,,,5ae326d85542991a06ce9938,,,,,Ollama request exceeded timeout limit for model stable-qwen with error: timed out
0,0,15.73541808128357,5,5ade03c65542990dbb2f7f2e,1.0,1,18,1,
0,0,15.807867527008057,5,5add7c455542990dbb2f7e5f,0.25,1,18,4,
0,0,15.880585432052612,5,5adc54085542994650320cce,0.0,0,18,3,
0,0,15.734667301177979,5,5ade04465542990dbb2f7f2f,0.0,0,18,3,
0,0,15.735202312469482,5,5a7384755542992d56e7e354,0.0,0,18,6,
0,0,12.000651121139526,3,5a7dedb55542995f4f402317,0.0,0,12,5,
0,0,16.029985666275024,5,5a77e70f5542992a6e59dfeb,0.0,0,18,9,
0,0,15.945291757583618,5,5a801e68554299485f59856f,1.0,1,18,1,
0,0,15.84049940109253,5,5adcd4325542994d58a2f6ed,0.0,0,18,4,
0,0,15.444504261016846,5,5ae368715542991a06ce99bd,0.5,1,18,2,
0,0,7.439480304718018,2,5ab9753055429970cfb8eb0b,0.5,1,9,2,
0,0,2.234422206878662,0,5a8031c1554299485f598585,0.0,0,3,6,
0,0,2.2112324237823486,0,5ab6266555429953192ad277,0.0,0,3,20,
0,0,2.222489595413208,0,5a76b56d554299373536017b,0.14285714285714285,1,3,7,
0,0,2.2036123275756836,0,5a84be095542992a431d1a97,0.2,1,3,5,
0,0,2.236140012741089,0,5ab520dd5542996a3a96a02c,1.0,1,3,1,
0,0,2.2382972240448,0,5a8ce88c55429941ae14df3b,0.3333333333333333,1,3,3,
0,0,2.2352712154388428,0,5a7647b85542992d0ec0608a,0.3333333333333333,1,3,3,
0,0,2.2264039516448975,0,5a74702555429929fddd8428,0.3333333333333333,1,3,3,
0,0,2.257502317428589,0,5a73626b55429901807db01e,0.0,0,3,5,
0,0,2.2502903938293457,0,5ae1ab715542997f29b3c0f7,0.0,0,3,5,
0,0,7.5081610679626465,2,5ae1d5a3554299234fd04319,0.25,1,9,4,
0,0,15.761291265487671,5,5ae1f79f5542997283cd2302,0.14285714285714285,1,18,7,
0,0,6.111337661743164,1,5ab7c6995542993667794005,0.14285714285714285,1,6,7,
0,0,7.546409368515015,2,5a8197905542995ce29dcc10,0.3333333333333333,1,9,3,
0,0,15.913986444473267,5,5a83cce95542996488c2e4d6,0.6666666666666666,2,18,3,
0,0,16.062438011169434,5,5a8019db5542992097ad2fd5,0.0,0,18,3,
0,0,20.456161499023438,5,5adec7925542995534e8c70d,0.0,0,15,4,
0,0,18.629065990447998,5,5ab5487b554299494045ef68,0.5,1,18,2,
0,0,17.36244511604309,5,5adff1a255429925eb1afb5e,0.0,0,18,3,
0,0,16.750850439071655,5,5a8cbce1554299653c1aa103,0.0,0,18,7,
0,0,17.6049063205719,5,5aba9e235542994dbf019984,0.25,1,18,4,
,,,,5a77cba65542995d831812e2,,,,,Ollama request exceeded timeout limit for model stable-qwen with error: timed out
0,0,16.47435760498047,5,5ae27df25542992decbdcd2a,0.5,2,18,4,
0,0,16.54928159713745,5,5a7309a15542992359bc320c,0.0,0,18,6,
0,0,19.722965002059937,5,5ae3e0535542992e3233c496,0.5,1,18,2,
0,0,16.203004360198975,5,5abc6fba554299700f9d78c7,0.0,0,18,6,
0,0,15.647488832473755,5,5a75083b5542996c70cfae7e,0.0,0,18,5,
0,0,16.332343339920044,5,5ade04d75542997dc7907125,0.5,2,18,4,
0,0,18.42526388168335,5,5a7f567e5542992097ad2f22,0.2,1,18,5,
0,0,15.74355959892273,5,5ae0ce4e554299603e41845f,0.2,1,18,5,
0,0,15.837107181549072,5,5abd93115542996e802b47e0,0.14285714285714285,1,18,7,
0,0,15.590448141098022,4,5a734db15542994cef4bc523,0.0,0,15,2,
0,0,16.714574813842773,5,5a876a4a5542993e715abf30,0.5,1,18,2,
0,0,16.85761332511902,5,5a807ca5554299485f598613,0.0,0,18,8,
0,0,16.9621365070343,5,5a8badef554299240d9c2080,0.0,0,18,3,
,,,,5a771ead55429966f1a36c7c,,,,,Ollama request exceeded timeout limit for model stable-qwen with error: timed out
0,0,19.63815450668335,5,5ae07db855429945ae95937a,0.0,0,18,2,
0,0,17.575815439224243,5,5adc94dc5542990d50227cad,1.0,1,18,1,
0,0,17.355703592300415,5,5a87b2fc5542996e4f3088d0,0.125,1,18,8,
,,,,5a81108855429926c1cdace2,,,,,Ollama request exceeded timeout limit for model stable-qwen with error: timed out
0,0,6.038238525390625,1,5ab7c24e5542995dae37e998,0.1,1,6,10,
0,0,19.157182455062866,5,5ab3b42c5542992ade7c6e4f,0.6,3,18,5,
0,0,17.12445044517517,5,5ac15c1c5542994ab5c67cf7,0.0,0,18,3,
0,0,16.799869060516357,5,5a843b045542996488c2e518,0.3333333333333333,1,18,3,
0,0,15.853433609008789,5,5ac2a20055429967731025cb,0.3333333333333333,1,18,3,
0,0,15.913050651550293,5,5ab29624554299545a2cf9b5,0.0,0,18,3,
0,0,16.79301619529724,5,5a7143625542994082a3e71e,1.0,3,18,3,
0,0,15.881999015808105,5,5a76139b5542994ccc9186be,0.5,2,18,4,
0,0,16.016016721725464,5,5a8ef1e35542995a26add57a,0.2857142857142857,2,18,7,
0,0,23.216123580932617,5,5a8f7c9a55429918e830d239,0.0,0,18,5,
0,0,16.064708709716797,5,5adfc8f45542992d7e9f93d0,0.5,1,18,2,
0,0,16.22494626045227,5,5ab5cdb85542997d4ad1f1e0,1.0,2,18,2,
,,,,5a7d043755429909bec768f7,,,,,Ollama request exceeded timeout limit for model stable-qwen with error: timed out
0,0,22.952057361602783,5,5adc597d55429947ff17392f,0.0,0,17,3,
0,0,81.20735001564026,5,5abc436f5542993a06baf8c3,0.0,0,18,9,
0,0,15.145812273025513,5,5ae7a6da5542994a481bbdb9,0.14285714285714285,1,15,7,
0,0,15.74895691871643,5,5a8ed87955429917b4a5bdd2,0.0,0,18,4,
0,0,7.710390329360962,2,5a7da4865542990b8f5039ed,0.0,0,9,3,
,,,,5a7350585542992359bc32f9,,,,,Ollama request exceeded timeout limit for model stable-qwen with error: timed out
0,0,15.858201026916504,5,5ae54b6355429908b63265cc,0.5,1,18,2,
0,0,15.97493314743042,5,5abd74c95542993062266ca2,0.0,0,18,4,
0,0,16.288159132003784,5,5a79120755429974737f7966,0.6666666666666666,2,18,3,
0,0,16.677419662475586,5,5abd6f0855429933744ab7d5,0.5,1,15,2,
0,0,17.07923913002014,5,5a8c52685542995e66a475bb,0.3333333333333333,2,18,6,
0,0,21.055180549621582,5,5ae3e84b5542996836b02bf0,0.0,0,18,2,
,,,,5a7148d25542994082a3e766,,,,,Ollama request exceeded timeout limit for model stable-qwen with error: timed out
0,0,17.029452800750732,5,5a78ad26554299148911f913,0.2,1,18,5,
0,0,16.724379777908325,5,5ac0714f554299294b218fe1,0.0,0,18,6,
0,0,16.627477169036865,5,5ae2a9c6554299492dc91c42,0.3333333333333333,1,18,3,
0,0,16.454160690307617,5,5add18345542994ed6169c7e,0.0,0,18,6,
0,0,16.730785369873047,5,5a7f40de5542992e7d278cc8,0.0,0,18,6,
0,0,15.549526691436768,5,5abdb10f55429965af743dc9,0.0,0,18,6,
0,0,4.978895425796509,1,5ab6633b55429954757d3278,0.0,0,6,3,
0,0,16.04134774208069,5,5abb2a5f5542996cc5e49fca,0.4,2,18,5,
0,0,13.001415491104126,4,5a81fbc25542990a1d231f09,0.125,1,15,8,
0,0,2.2488622665405273,0,5abde7ba5542991f6610609e,0.6666666666666666,2,3,3,
0,0,17.077231407165527,5,5ab2c6d955429916697740c3,1.0,1,18,1,
0,0,16.074893951416016,5,5a81fa59554299676cceb1b0,0.5,1,18,2,
0,0,13.196950912475586,4,5adcdf455542994ed6169c11,0.3333333333333333,1,15,3,
0,0,7.072340726852417,2,5ab5d6155542997d4ad1f1fa,0.5,2,9,4,
0,0,2.499227285385132,0,5ab480c45542990594ba9c36,0.6666666666666666,2,3,3,
0,0,2.4533627033233643,0,5a7fc6e45542992e7d278d73,0.25,1,3,4,
0,0,2.4647719860076904,0,5ac0784e554299294b218ff6,0.0,0,3,4,
0,0,2.4311375617980957,0,5add56ad5542992200553abf,0.25,1,3,4,
0,0,2.372973680496216,0,5ac29f58554299657fa28fe4,0.0,0,3,2,
0,0,2.452162265777588,0,5ade6acf554299728e26c71a,0.3333333333333333,1,3,3,
0,0,2.3511810302734375,0,5ac179bf5542994ab5c67d60,0.6666666666666666,2,3,3,
0,0,2.3972034454345703,0,5a78d2b955429974737f78c0,0.0,0,3,4,
0,0,2.342203378677368,0,5a84aca95542992a431d1a89,0.2,1,3,5,
0,0,2.454627513885498,0,5ae5b81d5542990ba0bbb2c2,0.0,0,3,5,
0,0,2.492246389389038,0,5ae762835542997b22f6a711,1.0,1,3,1,
0,0,2.4316444396972656,0,5ac4d717554299076e296e0e,0.0,0,3,7,
0,0,2.475374698638916,0,5a83b4d35542996488c2e495,0.0,0,3,4,
0,0,2.4651377201080322,0,5ab5cb4f554299637185c616,1.0,2,3,2,
0,0,2.379636526107788,0,5a73266d5542994cef4bc47d,0.5,1,3,2,
0,0,2.4198434352874756,0,5a9094ba55429933b8a2056d,0.0,0,3,5,
0,0,2.482046127319336,0,5abbb42555429931dba144af,0.3333333333333333,1,3,3,
0,0,2.451796054840088,0,5add43335542995b365faae1,0.3333333333333333,1,3,3,
0,0,2.384477376937866,0,5ae7535c5542997b22f6a6d8,0.3333333333333333,1,3,3,
0,0,2.428382396697998,0,5ae226755542996483e64906,0.0,0,3,7,
0,0,2.35821533203125,0,5ab21682554299722f9b4ca9,1.0,2,3,2,
0,0,2.435208797454834,0,5ab7f22a5542991d322237d4,0.0,0,3,6,
0,0,2.362569808959961,0,5a8268aa55429940e5e1a8aa,0.0,0,3,3,
0,0,2.454484224319458,0,5adc8ab05542994d58a2f642,0.16666666666666666,1,3,6,
0,0,2.351430892944336,0,5a84bb825542991dd0999dbe,0.3333333333333333,1,3,3,
0,0,2.442427635192871,0,5a89a74e554299669944a562,0.2,1,3,5,
0,0,2.370802402496338,0,5a9051d955429916514e7474,0.0,0,3,5,
0,0,2.431650161743164,0,5add5ac95542992200553ace,0.2,1,3,5,
0,0,2.339829921722412,0,5ac34fdb554299741d48a24a,0.25,1,3,4,
0,0,2.4652950763702393,0,5a7d26fd554299452d57bb2a,0.0,0,3,1,
0,0,2.3689537048339844,0,5ab5052a5542990594ba9ccf,0.0,0,3,3,
0,0,2.4458343982696533,0,5ab5627b5542992aa134a2ff,0.0,0,3,3,
,,,,5a83316b5542993344745fe5,,,,,Ollama request exceeded timeout limit for model stable-qwen with error: timed out
0,0,2.3728137016296387,0,5a7cd7f055429909bec7683e,0.5,1,3,2,
0,0,2.495131731033325,0,5ae6f1675542991bbc9761a1,0.3333333333333333,2,3,6,
0,0,2.513866901397705,0,5abf1e825542997ec76fd3cb,0.0,0,3,11,
0,0,2.510127305984497,0,5ab416a25542996a3a969f28,0.0,0,3,4,
0,0,2.4502310752868652,0,5abb2f2f554299232ef4a3d7,1.0,1,3,1,
0,0,2.3987393379211426,0,5abb8e2d554299642a094aa4,0.0,0,3,5,
0,0,2.4086873531341553,0,5a8dae82554299068b959d99,0.0,0,3,11,
0,0,2.335696220397949,0,5ac41f1d5542991943173924,0.5,1,3,2,
0,0,2.4484739303588867,0,5ae2aa345542996483e64a25,0.25,1,3,4,
0,0,16.188573360443115,5,5a77aa8655429949eeb29f22,0.3333333333333333,1,18,3,
0,0,15.291771650314331,5,5ae4083755429970de88d885,0.0,0,18,2,
0,0,2.2542874813079834,0,5ae0847455429945ae959394,0.0,0,3,3,
0,0,2.3970749378204346,0,5ab761d955429928e1fe3856,0.25,1,3,4,
0,0,2.2320165634155273,0,5a7e801b5542997cc2c47557,0.0,0,3,5,
0,0,2.3742728233337402,0,5ae1e11c554299234fd04335,0.3333333333333333,1,3,3,
0,0,2.254819869995117,0,5ab9dd1f554299232ef4a22d,0.25,1,3,4,
0,0,26.52498769760132,5,5a88341c5542994846c1ce20,0.0,0,18,4,
0,0,16.224183559417725,5,5a8baf635542996e8ac889c6,0.5,1,18,2,
0,0.06666666666666668,16.481990337371826,5,5a7f1e805542993067513640,0.5,1,18,2,
0,0,20.116021156311035,5,5adf67e95542993344016c72,0.125,1,18,8,
0,0,10.288775444030762,3,5ae33bdc5542992f92d8225e,0.5,1,12,2,
0,0,2.2720766067504883,0,5abbfc2b554299642a094bc9,0.0,0,3,4,
0,0,2.3196325302124023,0,5ae69e6d5542996d980e7c62,0.1,1,3,10,
0,0,16.61351180076599,5,5ae75e335542991e8301cc70,0.0,0,18,5,
,,,,5ac3a2f35542993915413856,,,,,Ollama request exceeded timeout limit for model stable-qwen with error: timed out
0,0,15.98696231842041,5,5ab4eecb55429942dd415faa,0.2,1,18,5,
,,,,5adfeeed55429925eb1afb44,,,,,Ollama request exceeded timeout limit for model stable-qwen with error: timed out
0,0,16.038386583328247,5,5ac00cde554299012d1db58a,0.0,0,18,6,
0,0,13.119207620620728,4,5a7bd286554299683c1c62bd,0.2857142857142857,2,15,7,
0,0,16.288996696472168,5,5a8a38135542996c9b8d5e59,0.16666666666666666,1,18,6,
0,0,16.233831882476807,5,5a8b2ccf55429971feec4665,0.0,0,18,3,
0,0,15.672974109649658,5,5ac509e95542994611c8b333,0.3333333333333333,2,18,6,
0,0,16.083383560180664,5,5a78c56455429974737f7876,0.0,0,18,7,
0,0,16.02394676208496,5,5adf5c175542995ec70e8fd0,0.0,0,18,1,
0,0,16.037192583084106,5,5ae786c8554299540e5a55d7,0.25,1,18,4,
0,0,16.574477672576904,5,5a78abbc554299148911f90c,0.0,0,18,7,
0,0,16.285583972930908,5,5ab6d9b25542995eadef00c8,0.0,0,18,2,
0,0,16.678070545196533,5,5ae7cea355429952e35ea9c1,0.0,0,18,7,
0,0,21.280462980270386,5,5ae470815542996836b02c9f,0.0,0,18,4,
0,0,16.21686887741089,5,5ae1fd995542997283cd2313,0.0,0,18,5,
0,0,15.805779695510864,5,5a793bc95542994bb9456fc3,0.8,4,18,5,
0,0,5.474919319152832,1,5a8f25ba55429924144829e9,0.25,1,6,4,
0,0,16.059969425201416,5,5a7f4cb055429969796c1a02,0.0,0,18,9,
0,0,15.967431545257568,5,5ac2381355429951e9e684a9,0.0,0,18,7,
0,0,16.130268573760986,5,5a74ee175542996c70cfae41,0.0,0,18,9,
0,0,16.21635890007019,5,5a77b6535542995d83181274,0.0,0,18,3,
0,0,12.213488101959229,3,5a8a39195542992d82986f04,0.0,0,12,4,
0,0,16.29611897468567,5,5ab431d855429942dd415ed2,0.0,0,18,4,
0,0,4.9785542488098145,1,5a8efef05542997ba9cb3178,0.0,0,6,2,
0,0.1,2.359832763671875,0,5a8aecff55429950cd6afbef,0.0,0,3,4,
0,0,2.3231632709503174,0,5a7243915542990c210a4086,0.2,1,3,5,
0,0.10526315789473682,2.255418062210083,0,5a73235c5542994cef4bc475,0.5,1,3,2,
0,0,2.2711191177368164,0,5ac285335542996773102552,0.2,1,3,5,
0,0,2.273235321044922,0,5a75d9c05542992db94736f6,0.16666666666666666,1,3,6,
0,0.09090909090909091,2.2040205001831055,0,5ae51fa25542992663a4f11f,0.3333333333333333,1,3,3,
0,0,2.278773307800293,0,5a7fc03d5542992097ad2fbc,0.1111111111111111,1,3,9,
0,0,2.2460777759552,0,5ae1bf46554299234fd042e6,0.0,0,3,4,
0,0,2.242379903793335,0,5a80a1b25542992bc0c4a78c,0.5,1,3,2,
0,0,23.18685507774353,5,5a7f9cbd5542994857a7677c,0.0,0,18,9,
0,0,15.779816150665283,5,5abb8ebe5542993f40c73b2d,0.3333333333333333,1,18,3,
0,0,15.739615440368652,5,5ab91dc555429919ba4e23b4,0.2222222222222222,2,18,9,
0,0,16.159470558166504,5,5ab5ec2a5542992aa134a3e3,1.0,1,18,1,
,,,,5a80e03e55429938b614222c,,,,,Ollama request exceeded timeout limit for model stable-qwen with error: timed out
0,0,15.778406381607056,5,5ab82d095542990e739ec853,0.0,0,18,6,
,,,,5a89dc81554299669944a5dc,,,,,Ollama request exceeded timeout limit for model stable-qwen with error: timed out
0,0,16.847310781478882,5,5a8effb55542997ba9cb317f,0.3333333333333333,1,18,3,
0,0,15.998075008392334,5,5ab3ede755429976abd1bcf4,0.5,1,18,2,
0,0,16.619041442871094,5,5a7d2afb554299452d57bb41,0.3333333333333333,1,18,3,
0,0,16.541460752487183,5,5a8f1cfa554299458435d581,0.0,0,18,6,
0,0,72.97394347190857,5,5ac2768d5542990b17b153a8,0.0,0,18,2,
0,0,16.602983951568604,5,5ae4ce835542990ba0bbb14d,0.0,0,18,4,
0,0,16.333214044570923,5,5a8a77fd55429930ff3c0de3,0.3333333333333333,2,18,6,
0,0,16.542476654052734,5,5ab1c2bf5542997061209558,0.2,1,18,5,
0,0,15.361694574356079,5,5a758aff5542992d0ec05fb2,0.25,2,18,8,
0,0,17.752736568450928,5,5a88d7875542993b751ca876,0.4,2,18,5,
0,0,17.184077978134155,5,5ae12bcc5542997b2ef7d11a,0.125,1,18,8,
0,0,16.9357693195343,5,5ac52f8e5542996feb3fea14,0.75,3,18,4,
0,0,18.017372846603394,5,5a7d41425542997cc2c4743b,0.0,0,18,5,
0,0,16.60643696784973,5,5ab3b7c555429969a97a8190,0.3333333333333333,1,15,3,
0,0,19.073805809020996,5,5a7d72bb5542990b8f50398e,0.0,0,18,6,
0,0,24.910409927368164,5,5a89ec7b5542992e4fca8483,0.14285714285714285,1,18,7,
0,0,18.650925874710083,5,5abd8ac25542993062266cc2,0.0,0,18,6,
0,0,16.53687572479248,5,5ac2610f55429951e9e68593,0.16666666666666666,1,18,6,
0,0,18.79356813430786,5,5a85ee635542994775f606b4,0.3333333333333333,1,18,3,
0,0,96.69817399978638,5,5a7a96555542990198eaf159,0.25,1,18,4,
0,0.046511627906976744,16.370640993118286,5,5ae53c9655429960a22e0290,0.2,1,18,5,
0,0,16.821293354034424,5,5adf8c965542993344016cf5,0.0,0,18,3,
0,0,16.36525058746338,5,5a8e39475542995085b373f1,0.2,1,18,5,
0,0,16.621556520462036,5,5a74e5aa5542996c70cfae2e,0.08333333333333333,1,18,12,
0,0,17.21571922302246,5,5ab2a32f554299706120967b,0.0,0,18,4,
0,0,16.512608766555786,5,5add1d575542992c1e3a2540,0.25,1,18,4,
0,0,16.343243837356567,5,5ac3b62b554299741d48a2f6,0.0,0,18,4,
0,0,17.613313913345337,5,5a832f9d5542993344745fe4,0.0,0,18,13,
0,0,16.355191230773926,5,5a7a919455429941d65f26b5,0.0,0,18,2,
0,0,19.704291582107544,5,5a7145d55542994082a3e73c,1.0,1,18,1,
0,0,16.293681383132935,5,5abd04bd5542992ac4f381a9,0.0,0,18,4,
0,0,16.106546640396118,5,5a87bc3f5542996432c57275,0.4,2,18,5,
0,0,17.018278121948242,5,5ab27287554299722f9b4d2c,0.0,0,18,3,
0,0,17.14307475090027,5,5ab9dd9a554299232ef4a231,0.125,1,18,8,
0,0,15.709356546401978,5,5a8ed30655429917b4a5bdcd,0.3333333333333333,1,15,3,
0,0,16.080142974853516,5,5a8f06075542995b44241f2d,0.5,1,18,2,
0,0,16.335488080978394,5,5adcea3755429947343537ca,0.25,1,18,4,
0,0,16.531573057174683,5,5a8ac02d5542996c9b8d5f6f,1.0,4,18,4,
0,0,16.315353393554688,5,5a7b8d4955429927d897bfeb,1.0,1,18,1,
0,0,17.28074884414673,5,5ab3bb7b55429969a97a8198,0.5,1,18,2,
0,0,16.638954401016235,5,5ae03cd855429924de1b7072,0.0,0,18,5,
0,0,17.316596031188965,5,5aba549f554299232ef4a290,0.5,1,18,2,
0,0,17.588155508041382,5,5adea95055429939a52fe931,0.25,1,18,4,
0,0,17.510819673538208,5,5a808f3f5542992097ad2ffd,0.5,2,18,4,
0,0,19.329442977905273,5,5a8d0e305542994ba4e3dbbe,0.3333333333333333,1,18,3,
0,0,16.796996593475342,4,5a8e17ce554299653c1aa169,0.3333333333333333,1,15,3,
0,0,17.614172220230103,5,5ab6c94c554299710c8d1f5e,0.25,1,18,4,
0,0,18.422332286834717,5,5adbf81a554299438c868cfd,0.0,0,18,5,
0,0,21.384944677352905,5,5a79fe3b5542994f819ef119,0.6666666666666666,2,18,3,
0,0,19.142441749572754,5,5adf80605542995534e8c7d2,0.16666666666666666,1,18,6,
0,0,20.523915767669678,5,5ab2c418554299545a2cfa67,1.0,4,18,4,
0,0,18.69148850440979,5,5add2eab5542992ae4cec4da,0.0,0,18,2,
,,,,5abd6be55542993062266c89,,,,,Ollama request exceeded timeout limit for model stable-qwen with error: timed out
0,0,19.55237650871277,5,5ae849cc5542997ec2727798,0.2,1,18,5,
0,0,17.521389722824097,5,5a7cb993554299452d57b9c2,0.5,1,18,2,
,,,,5abfaa445542990832d3a18c,,,,,Ollama request exceeded timeout limit for model stable-qwen with error: timed out
0,0,18.484900951385498,5,5a7f251155429934daa2fcf2,0.5,1,18,2,
0,0,22.374308824539185,5,5ae13e205542997b2ef7d157,0.0,0,18,1,
0,0,19.014952659606934,5,5ae08dad55429945ae9593b9,0.0,0,18,3,
0,0.048780487804878044,18.139588356018066,5,5a86eee85542994775f60787,0.0,0,18,6,
0,0,17.984710454940796,5,5adc51375542996e68525300,0.0,0,18,2,
0,0,17.745985984802246,5,5ac5461d5542993e66e82296,0.5,2,17,4,
0,0,17.37167239189148,5,5a735c3a55429901807daff7,0.0,0,18,1,
0,0,18.410288095474243,5,5a778e8755429949eeb29ef4,0.0,0,18,1,
0,0,17.77799916267395,5,5ae3f33e5542991a06ce9a3d,1.0,2,18,2,
0,0,19.799224615097046,5,5ab41f6b5542991751b4d671,0.16666666666666666,1,18,6,
0,0,18.707078456878662,5,5ac38d1f55429939154137c3,0.2,1,18,5,
0,0,19.14150047302246,5,5ab9530a55429970cfb8ea62,0.25,1,18,4,
0,0,19.744271755218506,5,5ab8680755429934fafe6da8,0.0,0,18,3,
0,0,19.394845247268677,5,5a74e8a25542996c70cfae37,0.25,1,18,4,
,,,,5a87bd4e5542994846c1cde0,,,,,Ollama request exceeded timeout limit for model stable-qwen with error: timed out
0,0,18.393122673034668,5,5ab4c8735542996a3a969fcb,0.5,1,18,2,
0,0,18.892094373703003,5,5a89bcc85542992e4fca83a7,0.3333333333333333,1,18,3,
0,0,18.950950622558594,5,5a8f9cdb554299458435d69c,0.4,2,18,5,
0,0,17.412725687026978,5,5ae45adc55429970de88d93f,0.0,0,18,2,
0,0,16.904622554779053,5,5a8ec02e5542995a26add501,0.16666666666666666,1,18,6,
0,0,16.843945741653442,5,5a8e0c595542995085b373b0,0.0,0,18,4,
0,0,16.059385538101196,5,5abec90a5542994516f45438,0.0,0,18,2,
,,,,5a7b68a75542997c3ec97153,,,,,Ollama request exceeded timeout limit for model stable-qwen with error: timed out
0,0,17.323796033859253,5,5a7360235542991f29ee2dc7,0.0,0,18,5,
0,0,16.47188925743103,5,5a775e095542994aec3b72b4,0.0,0,18,7,
0,0,16.326467275619507,5,5a90206155429933b8a20481,0.5,2,18,4,
0,0.06451612903225806,16.566527605056763,5,5ae5d19155429929b08079bc,0.0,0,18,10,
,,,,5ab3a83d5542992ade7c6e08,,,,,Ollama request exceeded timeout limit for model stable-qwen with error: timed out
0,0,22.832095623016357,5,5a722a6855429971e9dc9320,0.0,0,18,32,
0,0,16.71269178390503,5,5a77c58b55429967ab105281,0.5,1,15,2,
0,0,18.529446125030518,5,5ae7473f5542991bbc9761d2,0.0,0,18,5,
0,0,29.34040665626526,5,5adf8f675542995534e8c7eb,0.3333333333333333,1,15,3,
0,0,16.45932102203369,5,5abf0bf95542997719eab63a,0.25,1,18,4,
0,0,16.41515851020813,5,5a7b9a8a554299042af8f78d,0.0,0,18,9,
0,0,17.59969139099121,5,5ab439bd55429942dd415eee,0.3333333333333333,1,18,3,
0,0.05405405405405406,16.202820301055908,5,5a72df275542992359bc31b3,0.2,1,18,5,
0,0,16.372019290924072,5,5a8740ee5542994846c1cd35,0.4,2,18,5,
0,0,16.39891219139099,5,5ae4ad3155429913cc2044cb,0.0,0,18,7,
0,0.0625,16.376889944076538,5,5ac2ab9455429967731025f0,0.0,0,18,13,
0,0,16.375627040863037,5,5ae5b25d5542990ba0bbb2bb,0.0,0,18,4,
0,0,22.888696432113647,5,5adfffe755429925eb1afbd1,0.6666666666666666,2,18,3,
0,0,16.168359994888306,5,5abdcad155429965af743e4d,0.3333333333333333,1,18,3,
0,0,10.503305673599243,3,5ae09b7055429906c02daae4,0.0,0,12,6,
0,0,2.326077461242676,0,5ab960d6554299743d22eb21,0.0,0,3,2,
0,0,2.302175998687744,0,5ac3090d5542990b17b154fc,0.5,1,3,2,
0,0,2.3109161853790283,0,5a7dd8cb5542995f4f4022d0,0.2857142857142857,2,3,7,
0,0,2.353672504425049,0,5a85b2895542994c784ddb49,0.3333333333333333,2,3,6,
0,0,22.339715003967285,5,5ae0ab7755429945ae959407,0.0,0,15,4,
0,0,16.843701362609863,5,5a836a765542996488c2e446,0.25,1,18,4,
0,0,13.6700279712677,4,5ab90e9755429934fafe6e51,0.3333333333333333,1,15,3,
0,0,2.4238648414611816,0,5a8d6d4e554299441c6b9fdb,0.5,2,3,4,
0,0,13.693077802658081,4,5ae4db9c55429908b6326492,1.0,1,15,1,
0,0,2.4049530029296875,0,5ae234385542992decbdcc59,0.5,2,3,4,
0,0,5.271454811096191,1,5ae3eabc5542995dadf2424f,0.25,1,6,4,
0,0,8.070473670959473,2,5ae123875542997b2ef7d0fa,1.0,1,9,1,
0,0.08333333333333333,2.437481641769409,0,5a8494b15542991dd0999d35,0.0,0,3,2,
0,0,2.401472806930542,0,5ae2b83c5542992decbdcd7f,0.0,0,3,9,
0,0,2.4131274223327637,0,5ab9cfe655429970cfb8ebaf,0.0,0,3,5,
0,0,2.3863306045532227,0,5a8ae0ae55429950cd6afbc2,0.3333333333333333,1,3,3,
0,0,2.433867931365967,0,5ab2ac3d55429929539467ce,0.0,0,3,3,
0,0,2.373967409133911,0,5a8ff83c55429916514e73f3,0.0,0,3,4,
0,0,4.827938795089722,1,5ade0a275542997545bbbe2d,0.0,0,6,4,
0,0,8.062954187393188,2,5a8834f05542994846c1ce26,0.4,2,9,5,
0,0,2.387897253036499,0,5a7f35015542992e7d278c8a,0.0,0,3,6,
0,0,2.3932859897613525,0,5a7750a155429966f1a36cef,0.0,0,3,3,
0,0,2.4256274700164795,0,5ab9ba6e554299743d22ebcd,0.25,1,3,4,
,,,,5a7db0915542990b8f503a30,,,,,Ollama request exceeded timeout limit for model stable-qwen with error: timed out
0,0,2.40907621383667,0,5a8f0986554299458435d535,0.3333333333333333,1,3,3,
0,0,2.392996311187744,0,5a7a51b95542990783324f0f,0.5,1,3,2,
0,0.08333333333333333,2.4338104724884033,0,5ab6973f554299110f219a25,0.0,0,3,4,
0,0,2.400341033935547,0,5a8f21c755429918e830d195,0.5,1,3,2,
0,0,2.362272262573242,0,5adef5fb5542993a75d263be,0.5,1,3,2,
0,0,2.4327197074890137,0,5a7613c15542994ccc9186bf,0.0,0,3,2,
0,0,2.3977527618408203,0,5adf03b35542993a75d263d3,0.16666666666666666,1,3,6,
0,0,2.416639804840088,0,5abc5603554299700f9d7875,0.0,0,3,4,
0,0,2.426954984664917,0,5abeb6645542993fe9a41d11,0.0,0,3,3,
0,0,2.4021530151367188,0,5a89e85c5542992e4fca846f,0.0,0,3,16,
0,0,2.395763635635376,0,5a7d6a2d5542991319bc93c6,0.125,1,3,8,
0,0,2.421624183654785,0,5a835a7b554299123d8c20fc,0.0,0,3,20,
0,0,2.394476890563965,0,5ac273455542992f1f2b38d4,0.3333333333333333,1,3,3,
0,0,2.4374492168426514,0,5a87ed5b5542994846c1cdfc,0.25,1,3,4,
0,0,2.372997760772705,0,5adf5fa65542993a75d264db,0.0,0,3,3,
0,0,2.412014961242676,0,5ae7821b5542997ec2727678,0.0,0,3,2,
0,0,2.4000020027160645,0,5abd2cde5542993062266bb1,0.0,0,3,5,
0,0,2.4155540466308594,0,5a8c4c5f554299585d9e3651,0.0,0,3,2,
0,0,2.412714719772339,0,5ab9b4a555429970cfb8eb75,0.5,1,3,2,
0,0,2.3899662494659424,0,5ae56c875542990ba0bbb2a2,0.0,0,3,3,
0,0,2.3486366271972656,0,5add1c485542992c1e3a253d,0.3333333333333333,1,3,3,
0,0,2.379805326461792,0,5adde2475542997545bbbdc1,0.125,1,3,8,
0,0,2.4569830894470215,0,5a841b215542990548d0b25b,0.1111111111111111,1,3,9,
0,0,2.3886821269989014,0,5ae618535542995703ce8af7,1.0,2,3,2,
0,0,2.416917562484741,0,5a7c703055429935c91b51aa,0.5,1,3,2,
0,0,2.423820734024048,0,5a90485755429933b8a204d2,0.0,0,3,3,
0,0,2.41888689994812,0,5adc393f5542996e685252e7,0.5,1,3,2,
0,0,2.366292953491211,0,5a72b9155542992359bc3187,0.5,1,3,2,
0,0,2.445134162902832,0,5abc0aba55429959677d6a00,0.3333333333333333,1,3,3,
0,0,2.4237029552459717,0,5a84b9c95542997b5ce3ff35,0.2,1,3,5,
0,0,2.403724193572998,0,5addcb215542997dc7907033,0.125,1,3,8,
0,0,2.403287887573242,0,5ade51515542992fa25da745,0.3333333333333333,2,3,6,
0,0,2.4421980381011963,0,5a7e513a5542994959419996,0.0,0,3,4,
0,0,2.440342903137207,0,5adf51595542993344016c52,0.25,1,3,4,
0,0,2.4017438888549805,0,5a737e4655429908901be2cc,0.25,2,3,8,
0,0,2.4014158248901367,0,5ab7022f5542995eadef010e,0.0,0,3,7,
0,0,2.3577780723571777,0,5ac194db55429964131be23a,0.07692307692307693,1,3,13,
0,0,2.384796380996704,0,5a7526945542993748c897d2,0.0,0,3,3,
0,0,2.426443338394165,0,5ab5b0f75542992aa134a38c,0.0,0,3,7,
0,0,2.4144394397735596,0,5ac42f42554299076e296d88,0.25,1,3,4,
0,0,2.378082036972046,0,5a72944c5542994cef4bc351,0.3333333333333333,1,3,3,
0,0,2.4334053993225098,0,5a8a44c65542996c9b8d5e85,0.2,1,3,5,
0,0,2.3929038047790527,0,5a8220db5542995ce29dccc1,0.5,1,3,2,
0,0.08695652173913045,13.091001510620117,4,5a7100435542994082a3e4a3,1.0,2,15,2,
0,0,2.4025509357452393,0,5a84b6e15542991dd0999daa,0.3333333333333333,1,3,3,
0,0,2.4326534271240234,0,5a848a725542990548d0b2c7,0.0,0,3,2,
0,0,16.784566640853882,5,5a8719fa55429960ec39b742,0.2,1,18,5,
0,0,7.946735858917236,2,5a883c175542997e5c09a5ae,0.5,2,9,4,
0,0,17.306554079055786,5,5a79f04d5542996c55b2dca7,0.0,0,18,5,
0,0,16.256412029266357,5,5add4d8f5542997545bbbd25,0.0,0,18,2,
0,0,15.647283554077148,5,5ae138d855429920d523432d,0.0,0,18,3,
0,0,16.26505160331726,5,5ab3063e554299753aec58fe,0.0,0,18,15,
0,0,16.463008880615234,5,5a83697e5542996488c2e441,0.0,0,18,4,
0,0,16.48113512992859,5,5a721a7655429971e9dc9271,0.2,1,18,5,
0,0,16.59204912185669,5,5ab2b5a0554299295394683c,0.14285714285714285,1,18,7,
0,0,16.573982000350952,5,5ae4d0ff55429913cc204511,0.14285714285714285,1,18,7,
,,,,5ae141a65542997b2ef7d18a,,,,,Ollama request exceeded timeout limit for model stable-qwen with error: timed out
0,0,16.509395360946655,5,5a90991d5542990a9849366b,0.0,0,18,5,
0,0,18.01058053970337,5,5ab2b7c1554299166977406a,0.3333333333333333,1,18,3,
0,0,16.685128688812256,5,5ac2570a5542992f1f2b3861,0.4,2,18,5,
0,0,16.85376811027527,5,5ac434ed554299204fd21f09,0.0,0,18,2,
0,0,16.96130347251892,5,5ae54e005542993aec5ec19a,1.0,1,18,1,
0,0,15.799110174179077,5,5add97c15542997545bbbd80,0.6666666666666666,2,18,3,
0,0,16.83363962173462,5,5a8359c7554299123d8c20fb,0.0,0,18,6,
0,0,19.15840220451355,5,5abe3c7555429965af743ea5,0.0,0,18,3,
0,0,17.061230659484863,5,5ab7c3ed5542991d322237b2,0.3333333333333333,1,18,3,
0,0,18.815052032470703,5,5ac083b0554299294b21900d,0.25,1,18,4,
0,0,18.512239933013916,5,5a89d2d75542992e4fca83d2,0.0,0,18,6,
0,0,16.776259660720825,5,5abdbabe5542993f32c2a028,0.16666666666666666,1,18,6,
0,0,17.01779580116272,5,5a7f1c195542993067513633,0.0,0,18,1,
0,0,16.70970058441162,5,5a7228f655429971e9dc9312,0.0,0,18,6,
0,0,17.07044219970703,5,5ab682dc55429954757d3318,0.25,1,18,4,
0,0,17.360970973968506,5,5ab294a6554299545a2cf9a6,1.0,1,18,1,
0,0,16.508953332901,5,5ae163b3554299422ee99678,0.0,0,18,5,
0,0,16.826656341552734,5,5a849c1b5542997175ce1ef9,0.0,0,18,4,
0,0,18.275790452957153,5,5ae414d855429970de88d8ec,0.0,0,18,7,
0,0,2.326124429702759,0,5ab5dcb95542992aa134a3b3,0.25,1,3,4,
0,0,2.4295639991760254,0,5ac2c4fe554299218029db3b,0.0,0,3,4,
0,0,2.315190315246582,0,5ae644c55542992663a4f27e,0.0,0,3,7,
0,0,2.343602180480957,0,5a7fc8d05542992e7d278d86,0.3333333333333333,2,3,6,
0,0,19.444283485412598,5,5ae5621655429908b63265fc,0.5,2,18,4,
0,0,18.170365571975708,5,5a72339855429971e9dc934d,0.0,0,18,7,
0,0,18.131252765655518,5,5a886211554299206df2b24a,0.125,1,18,8,
,,,,5ae1dac85542997283cd229a,,,,,Ollama request exceeded timeout limit for model stable-qwen with error: timed out
0,0,18.478550910949707,5,5ab31adc554299233954ff0a,0.2,1,18,5,
0,0,18.913144826889038,5,5a7ca33f5542990527d554ee,0.3333333333333333,1,18,3,
0,0,18.474459648132324,5,5a8a39b355429930ff3c0d13,0.0,0,18,5,
0,0,18.152687549591064,5,5a806e01554299485f5985e5,0.2,1,18,5,
0,0,18.177114486694336,5,5ab96c93554299743d22eb63,0.0,0,18,2,
0,0,18.082886695861816,5,5a79c3785542994bb9457074,0.0,0,18,3,
,,,,5ac047a3554299294b218f70,,,,,Ollama request exceeded timeout limit for model stable-qwen with error: timed out
0,0,18.281188249588013,5,5a7b74485542997c3ec97190,0.0,0,18,5,
,,,,5a8b20b85542996c9b8d5fb5,,,,,Ollama request exceeded timeout limit for model stable-qwen with error: timed out
0,0.05263157894736842,20.210148572921753,5,5abcd44655429959677d6af1,0.4,2,18,5,
0,0,18.678009271621704,5,5ae2f5b955429928c423957e,0.3333333333333333,2,18,6,
0,0,19.69700336456299,5,5ae7eed8554299540e5a56b5,0.3333333333333333,1,18,3,
0,0,18.376731634140015,5,5a8e0370554299068b959e2d,0.0,0,18,2,
0,0,18.829126119613647,5,5ab44a775542991779162c57,0.25,2,18,8,
0,0,17.854958295822144,5,5a77dbaf5542997042120b5b,0.0,0,18,2,
0,0,17.832005262374878,5,5a8481ba5542997175ce1ed4,0.5,2,18,4,
0,0,14.42479157447815,4,5abed2b45542990832d3a0d0,0.0,0,15,2,
0,0,18.019929885864258,5,5a790d9855429974737f7954,0.0,0,18,8,
0,0,17.702876567840576,5,5ae22eae554299495565da30,0.16666666666666666,1,18,6,
0,0,17.29175353050232,4,5ae70c7b5542991bbc9761aa,1.0,1,15,1,
0,0,21.032933950424194,4,5abae88c554299660624167e,1.0,1,15,1,
0,0,19.296972036361694,5,5a8d12ca5542994ba4e3dbe2,0.2,1,18,5,
0,0,19.28335452079773,5,5a7271525542997f827839d0,0.0,0,18,1,
0,0,15.988440990447998,4,5a8ea7f25542995085b37468,0.0,0,15,4,
0,0,20.638266563415527,5,5a821b4b5542995ce29dccab,0.125,1,18,8,
0,0,27.114401817321777,5,5ac2da27554299657fa2909f,0.25,1,18,4,
0,0,25.021875858306885,5,5a8771595542993e715abf46,0.25,1,18,4,
0,0,21.45033860206604,5,5a8d0c74554299585d9e37a1,0.0,0,18,3,
,,,,5abfd5c45542994516f4550e,,,,,Ollama request exceeded timeout limit for model stable-qwen with error: timed out
0,0,17.245680332183838,5,5a7d115355429909bec76934,0.25,1,18,4,
0,0,17.238372325897217,5,5a82800855429966c78a6a2f,0.0,0,18,5,
0,0,17.360506057739258,5,5a8671e95542994775f60763,0.0,0,18,4,
,,,,5ae347fb5542992e3233c368,,,,,Ollama request exceeded timeout limit for model stable-qwen with error: timed out
0,0,17.281418800354004,5,5adf744d5542992d7e9f937e,0.2,1,18,5,
0,0,25.854647874832153,5,5a773c5c55429966f1a36cbb,0.16666666666666666,1,18,6,
0,0,17.6750226020813,5,5a847edd554299123d8c2272,0.3333333333333333,1,18,3,
0,0,17.495320320129395,5,5a7d68e25542995f4f402270,0.25,1,18,4,
0,0,17.252074480056763,5,5ab5b701554299637185c5e7,0.3333333333333333,1,18,3,
0,0,17.77489137649536,5,5ab61668554299488d4d9aa6,0.0,0,18,3,
0,0,17.596298694610596,5,5a8da97c554299068b959d84,1.0,1,18,1,
0,0,14.144702196121216,4,5a73ae3b55429978a71e907c,0.3333333333333333,1,15,3,
0,0,2.3847789764404297,0,5ae00895554299025d62a3b2,0.25,1,3,4,
0,0,2.3731236457824707,0,5abd6db755429933744ab7d0,0.16666666666666666,1,3,6,
0,0,24.32012128829956,5,5a7f3361554299306751369a,1.0,2,18,2,
0,0,17.606306552886963,5,5ae1cf355542997f29b3c126,0.5,1,18,2,
0,0,17.800846338272095,5,5a8778d25542994846c1cd89,0.6666666666666666,2,18,3,
0,0,17.07848358154297,5,5abce73055429959677d6b34,0.3333333333333333,2,18,6,
0,0,17.02761483192444,5,5abae14b5542996606241657,0.25,1,18,4,
0,0,7.944349527359009,2,5ac0c84a554299012d1db633,0.3333333333333333,1,9,3,
0,0,4.6660237312316895,0,5ae5da8d55429929b08079d1,0.16666666666666666,1,3,6,
0,0,18.12252950668335,5,5a72f0e25542991f9a20c5cf,0.25,1,18,4,
0,0,16.523316383361816,5,5abe9cc95542993f32c2a184,0.2,1,18,5,
0,0,32.00079131126404,5,5a7502345542993748c89795,1.0,1,18,1,
0,0,17.390612840652466,5,5ade0e115542995b365fabf3,0.3333333333333333,1,18,3,
0,0,17.108962059020996,5,5a88a23f5542997e5c09a652,0.6666666666666666,2,18,3,
0,0,13.683629989624023,3,5a87b93c5542996e4f3088ec,0.3333333333333333,1,12,3,
0,0,3.809966564178467,0,5ab23d8a55429970612095c9,0.0,0,3,4,
0,0,3.8341386318206787,0,5abf11d45542997719eab660,0.5,1,3,2,
0,0,3.1514554023742676,0,5a70eee85542994082a3e3f0,0.125,1,3,8,
0,0,3.8834939002990723,0,5a73250a5542991f9a20c643,0.16666666666666666,1,3,6,
0,0,3.8376758098602295,0,5adfed5e55429942ec259b92,0.0,0,3,7,
0,0,3.8521313667297363,0,5a8832d355429938390d3f03,0.4,2,3,5,
0,0,3.8613474369049072,0,5ae4bb1255429913cc2044e7,0.5,1,3,2,
0,0,3.8321714401245117,0,5abe6f8455429965af743f03,0.0,0,3,3,
0,0,3.8440825939178467,0,5a88401c5542994846c1ce60,0.125,1,3,8,
0,0,3.8483450412750244,0,5a7ba11d554299294a54aa39,1.0,1,3,1,
0,0,6.585858583450317,1,5a78bd515542990784727749,0.0,0,6,4,
0,0,8.987518787384033,2,5abf64265542997ec76fd3eb,0.5,1,9,2,
0,0,17.13935875892639,5,5a7a5ec855429941d65f25e4,0.25,1,18,4,
0,0,2.9494574069976807,0,5ae038e955429942ec259c4d,0.0,0,3,5,
0,0,16.850067853927612,5,5a77d25555429949eeb29f6c,0.0,0,18,3,
0,0,16.81671404838562,5,5ab92f1f554299753720f77b,0.3333333333333333,1,18,3,
0,0,17.305616855621338,5,5ac24a035542992f1f2b3832,0.0,0,18,3,
0,0,2.7499186992645264,0,5ae55ed15542992663a4f1ea,0.0,0,3,4,
0,0,2.940601110458374,0,5a8b6d885542997f31a41d25,0.4,2,3,5,
0,0.06896551724137931,2.747535467147827,0,5a7f68365542994857a7672e,0.3333333333333333,1,3,3,
0,0,5.65576696395874,1,5ae1d4e8554299234fd04312,0.0,0,6,9,
0,0,8.600890874862671,2,5ae504a855429908b63264df,0.25,1,9,4,
0,0,2.946275472640991,0,5a8ae61955429970aeb70326,0.3333333333333333,1,3,3,
0,0,2.800584316253662,0,5ab8420555429919ba4e2290,0.0,0,3,1,
0,0,2.7748794555664062,0,5ae6316d5542996de7b71b87,0.0,0,3,5,
0,0,2.8171801567077637,0,5abb254c5542992ccd8e7f29,0.14285714285714285,1,3,7,
0,0,2.769595146179199,0,5ae0b0af55429945ae959424,1.0,2,3,2,
0,0,2.761035203933716,0,5ac3bd0c554299204fd21e21,0.3333333333333333,1,3,3,
0,0,2.780918836593628,0,5abfad3c5542990832d3a197,0.0,0,3,3,
0,0.05128205128205128,5.829117298126221,1,5adcecbd5542992c1e3a24b7,0.3333333333333333,1,6,3,
0,0,2.9090614318847656,0,5ae0120155429925eb1afbfb,0.0,0,3,4,
0,0.04878048780487805,2.8967316150665283,0,5ae5cf0b55429929b08079aa,0.5,1,3,2,
0,0,2.9112839698791504,0,5a7746cf5542994aec3b7263,0.0,0,3,6,
0,0,17.163834810256958,5,5a7109e95542994082a3e4fa,0.2,1,18,5,
0,0,17.618715047836304,5,5ae0536755429924de1b70a6,0.5,2,18,4,
0,0,18.06926941871643,5,5ae5e8dc554299546bf82fbe,0.0,0,18,3,
0,0,19.627443552017212,5,5ae4f8b755429960a22e0230,0.0,0,18,4,
0,0,17.409688711166382,5,5abd957a5542996e802b47eb,0.0,0,18,6,
0,0,16.990692377090454,5,5ab48ec25542991779162cdc,0.16666666666666666,1,18,6,
0,0,16.99993133544922,5,5adca0845542994d58a2f684,0.0,0,18,4,
0,0,16.96524691581726,5,5a8b2d3255429950cd6afc60,0.3333333333333333,1,18,3,
0,0,8.391372203826904,2,5a849c135542992a431d1a7a,0.0,0,9,4,
0,0,2.4196362495422363,0,5ab2f50a55429929539468cd,0.0,0,3,6,
0,0,2.324625015258789,0,5a87081755429960ec39b6fe,0.2,1,3,5,
0,0,2.3894381523132324,0,5ac17c865542994ab5c67d6a,0.0,0,3,3,
0,0,2.35923171043396,0,5a7943ea5542994bb9456fd3,0.5,2,3,4,
0,0,2.341823101043701,0,5abdc18555429965af743e2b,1.0,1,3,1,
0,0,2.364856243133545,0,5a8a1aea5542992e4fca8508,0.2,1,3,5,
0,0,2.364051103591919,0,5a8268215542995ce29dccfb,0.0,0,3,3,
0,0,4.699542760848999,1,5a714f6f5542994082a3e7b3,2.0,4,6,2,
,,,,5abfd3ba5542994516f4550a,,,,,Ollama request exceeded timeout limit for model stable-qwen with error: timed out
,,,,5abe7e1d55429976d4830b36,,,,,"BadRequestError(400, 'search_phase_execution_exception', 'failed to create query: maxClauseCount is set to 2674')"
0,0,17.825748682022095,5,5abbd4425542993f40c73bcc,0.3333333333333333,1,18,3,
,,,,5ac288a95542990b17b153e5,,,,,Ollama request exceeded timeout limit for model stable-qwen with error: timed out
0,0,17.163018465042114,5,5a89e28f5542992e4fca843e,0.0,0,18,6,
0,0,26.477258443832397,5,5adfb10855429942ec259af9,1.0,2,18,2,
,,,,5a7732dc55429972597f149b,,,,,Ollama request exceeded timeout limit for model stable-qwen with error: timed out
0,0,36.52464056015015,5,5aba89365542994dbf019932,0.0,0,18,6,
0,0,22.184887409210205,3,5a90a9a45542990a9849367e,0.6666666666666666,2,12,3,
0,0,9.501220703125,1,5a7baae2554299042af8f794,0.0,0,6,6,
0,0,5.08000111579895,0,5a78b5f7554299148911f95b,0.0,0,3,2,
0,0,5.097797632217407,0,5ae199305542997b2ef7d20e,0.0,0,3,3,
0,0,5.045630693435669,0,5ae362105542991a06ce99ae,0.0,0,3,4,
0,0,4.425044775009155,0,5ab833ad5542990e739ec86f,0.0,0,3,2,
,,,,5a84b8555542991dd0999db2,,,,,Ollama request exceeded timeout limit for model stable-qwen with error: timed out
0,0,4.382518768310547,0,5a78c66e55429974737f787b,0.6666666666666666,2,3,3,
0,0.016666666666666666,5.084425210952759,0,5ab5c8c5554299637185c60d,0.3333333333333333,1,3,3,
0,0.016,5.063671112060547,0,5ae544035542992663a4f1af,0.5,2,3,4,
0,0,4.907779216766357,0,5ac3a364554299391541385d,0.4,2,3,5,
0,0,4.625309705734253,0,5a77919d5542995d831811dd,1.0,1,3,1,
0,0,5.0803422927856445,0,5a899bf955429946c8d6e959,0.0,0,3,7,
0,0,5.0704426765441895,0,5adc6e035542994650320cec,0.0,0,3,4,
0,0,5.101978302001953,0,5a75495a5542996c70cfaed8,0.16666666666666666,1,3,6,
0,0,4.415970325469971,0,5aba056255429939ce03dc55,0.0,0,3,3,
0,0,5.07459831237793,0,5a7b76225542997c3ec9719c,0.3333333333333333,1,3,3,
,,,,5ac02880554299012d1db5c0,,,,,Ollama request exceeded timeout limit for model stable-qwen with error: timed out
0,0,4.906424045562744,0,5adfcc625542992d7e9f93d3,0.0,0,3,7,
0,0,6.508094549179077,0,5ae3f82a5542996836b02c01,0.0,0,3,2,
0,0,5.132303714752197,0,5ae0d85d5542990adbacf67e,0.0,0,3,5,
0,0,5.290774822235107,0,5ac2eb635542990b17b154a7,0.16666666666666666,1,3,6,
0,0,5.087040185928345,0,5a76404b5542994ccc91873d,0.0,0,3,6,
0,0,5.11103081703186,0,5abf8cc35542990832d3a14e,1.0,1,3,1,
0,0,5.046290159225464,0,5a86f94a5542991e7718169e,0.0,0,3,7,
0,0,34.61974048614502,5,5a80ad19554299485f5986a8,0.0,0,18,6,
0,0,20.623201608657837,5,5adcc7515542994ed6169bff,0.3333333333333333,1,18,3,
0,0,18.582383155822754,5,5adcfebe5542992c1e3a24f3,0.25,1,18,4,
0,0,20.218095064163208,5,5ae364285542991a06ce99b3,0.3333333333333333,1,18,3,
0,0,19.024665594100952,5,5ae5fa38554299546bf82ff1,0.0,0,18,4,
0,0,17.720852613449097,5,5ae564a155429960a22e02e4,0.0,0,18,8,
0,0,150.92278575897217,4,5ab446875542990594ba9bea,0.0,0,15,3,
0,0,3.5073769092559814,0,5adfa8d0554299025d62a32c,0.0,0,3,6,
0,0,3.6783809661865234,0,5ac30a79554299657fa290e2,0.2,1,3,5,
0,0,3.700571060180664,0,5ae3fd595542995dadf24292,0.3333333333333333,1,3,3,
0,0,3.6548898220062256,0,5a89e20a5542992e4fca8438,0.2,1,3,5,
0,0,3.6497840881347656,0,5a84524a554299123d8c2203,1.0,2,3,2,
0,0,3.6658077239990234,0,5adcbb815542994ed6169bde,0.14285714285714285,1,3,7,
0,0,3.696451187133789,0,5ab4428c5542990594ba9bda,0.0,0,3,6,
0,0,3.6516034603118896,0,5ac14d0c5542991316484ae2,0.2857142857142857,2,3,7,
0,0,3.643564224243164,0,5ac3c10a554299204fd21e33,0.0,0,3,3,
0,0.02173913043478261,3.675614356994629,0,5add5f395542990dbb2f7e50,0.0,0,3,10,
0,0,3.654451370239258,0,5a736e0155429901807db04f,0.2,1,3,5,
0,0,3.625164270401001,0,5a734a205542992359bc32e2,0.0,0,3,5,
0,0,3.6600210666656494,0,5ae484f855429970de88d999,0.0,0,3,3,
0,0,3.6837542057037354,0,5a8d18fb5542994ba4e3dbf2,0.2857142857142857,2,3,7,
0,0,3.6793627738952637,0,5ac2a10e554299657fa28fec,0.0,0,3,4,
0,0,3.5856528282165527,0,5a81e8a0554299676cceb157,0.5,1,3,2,
0,0,3.6532094478607178,0,5a84ee4c5542997175ce1f2b,0.0,0,3,3,
0,0,3.67069673538208,0,5a8e68b15542995085b3742d,0.5,1,3,2,
0,0,3.6785848140716553,0,5a8e03375542995a26add458,0.0,0,3,4,
0,0,3.648691177368164,0,5ab938fb554299131ca422ce,0.3333333333333333,1,3,3,
0,0,3.6797308921813965,0,5ac4f9db55429924173fb532,0.3333333333333333,1,3,3,
0,0,3.6635828018188477,0,5ac4f33355429924173fb507,0.0,0,3,10,
0,0,3.626359462738037,0,5a8bc3ac5542995e66a47501,0.25,2,3,8,
0,0,3.6197926998138428,0,5ab5d43f5542997d4ad1f1f6,0.0,0,3,2,
0,0,3.644775390625,0,5a8d7e1055429941ae14dfd8,0.0,0,3,7,
0,0,3.6479299068450928,0,5a8db348554299068b959dc2,0.0,0,3,4,
0,0,3.6880297660827637,0,5a76bbe85542993735360191,0.16666666666666666,1,3,6,
0,0,3.6677086353302,0,5ac39f7b554299218029dbe7,0.0,0,3,2,
0,0,3.6859066486358643,0,5a76f45a5542994aec3b719b,0.0,0,3,6,
0,0,3.673647403717041,0,5a738b855542992d56e7e363,0.0,0,3,1,
0,0,3.6711766719818115,0,5ae5b06e554299546bf82f2a,0.1,1,3,10,
0,0,3.849503993988037,0,5a76648f5542992db9473795,0.0,0,3,9,
0,0,3.6678409576416016,0,5ae0593855429945ae959333,0.3333333333333333,1,3,3,
0,0,3.669732093811035,0,5a90492655429933b8a204d8,0.3333333333333333,1,3,3,
0,0,3.680450201034546,0,5a7b443c5542992d025e67ce,0.3333333333333333,1,3,3,
0,0,3.6248512268066406,0,5a865d11554299211dda2b0d,0.6666666666666666,2,3,3,
0,0,3.561105489730835,0,5ae46ebc5542995dadf24331,0.0,0,3,3,
0,0,3.62850022315979,0,5a7fc21455429969796c1b4b,0.16666666666666666,1,3,6,
0,0,3.6874990463256836,0,5ae1dac95542997283cd229b,0.0,0,3,1,
0,0,3.6449766159057617,0,5ae48a2b55429913cc204494,0.5,2,3,4,
0,0.02247191011235955,3.7080459594726562,0,5a835a265542992ef85e2281,1.0,1,3,1,
0,0,3.6559197902679443,0,5ae4c8f35542990ba0bbb130,0.25,1,3,4,
0,0,3.649979829788208,0,5abda6b255429965af743d9a,0.25,1,3,4,
0,0,3.6647109985351562,0,5a8a07725542992d82986e5b,0.6666666666666666,2,3,3,
0,0,3.6731696128845215,0,5a8911ad554299515336129c,0.2857142857142857,2,3,7,
0,0,3.6465163230895996,0,5ade48795542992fa25da729,0.0,0,3,3,
0,0.021978021978021976,3.6381404399871826,0,5ae35c945542992e3233c3bd,0.0,0,3,10,
0,0,3.6514906883239746,0,5abb9ad4554299642a094abe,0.0,0,3,3,
0,0,3.673649311065674,0,5ae3a0be5542991a06ce9a05,0.14285714285714285,1,3,7,
0,0,3.6800801753997803,0,5ac027005542996f0d89cb3d,0.6666666666666666,2,3,3,
0,0,3.611762046813965,0,5abc6d14554299700f9d78bf,0.16666666666666666,1,3,6,
0,0,95.0204176902771,5,5ab42b905542992339550040,0.4,2,18,5,
0,0,21.65997052192688,5,5a83155c55429954d2e2ec0e,0.3333333333333333,1,18,3,
,,,,5a77b6c85542992a6e59df96,,,,,Ollama request exceeded timeout limit for model stable-qwen with error: timed out
0,0,19.894094944000244,5,5abdf06355429976d4830a2d,0.25,1,18,4,
0,0,20.528804302215576,5,5ae291bb5542996483e649f6,1.0,1,18,1,
0,0,20.507346868515015,5,5ac344d6554299741d48a23f,0.5,2,18,4,
0,0,29.993410348892212,5,5ac4f42b55429924173fb50d,0.2857142857142857,2,18,7,
,,,,5a75e29f5542992d0ec0600c,,,,,Ollama request exceeded timeout limit for model stable-qwen with error: timed out
0,0,19.981897592544556,5,5ae397df5542994393b9e71f,0.0,0,18,5,
0,0,9.515464782714844,2,5a825b0e55429954d2e2eb0c,1.0,1,9,1,
0,0,2.882272720336914,0,5ab56b9b5542997d4ad1f113,0.3333333333333333,1,3,3,
0,0,2.875600814819336,0,5ae1f48d554299234fd0436b,0.0,0,3,2,
0,0,2.824878454208374,0,5a8760e75542996e4f3087af,0.25,2,3,8,
0,0,2.8853816986083984,0,5a8f51185542992414482a3d,1.0,2,3,2,
0,0,2.8533294200897217,0,5ade66dd55429975fa854ebe,0.6666666666666666,2,3,3,
0,0,5.062728404998779,1,5ae256435542992decbdccc3,0.0,0,6,4,
0,0,2.8617939949035645,0,5ae1d52f554299234fd04315,0.1111111111111111,1,3,9,
0,0,2.866454839706421,0,5a747a3755429974ef308c09,0.2,1,3,5,
0,0,2.9374518394470215,0,5a7ec6f355429934daa2fc61,0.0,0,3,3,
0,0,5.714181423187256,1,5ab69f9a554299710c8d1ef8,0.3333333333333333,1,6,3,
0,0,2.839057683944702,0,5a75e814554299109176e5c7,0.0,0,3,10,
0,0,2.8941094875335693,0,5ab3c53955429969a97a81b9,0.0,0,3,4,
0,0,2.906540870666504,0,5ab46f4e5542991751b4d770,0.6666666666666666,2,3,3,
0,0,2.8523781299591064,0,5ae3dfb05542992e3233c490,0.2,1,3,5,
0,0,2.8702619075775146,0,5ac13f425542991316484a96,0.0,0,3,3,
0,0,2.8414158821105957,0,5ab5d2ac5542992aa134a3a6,1.0,1,3,1,
0,0,2.825899600982666,0,5ac286c055429963665199f8,0.16666666666666666,1,3,6,
0,0,2.8647053241729736,0,5abb0b5c5542996cc5e49f79,0.5,1,3,2,
0,0,2.83681321144104,0,5a90937955429933b8a20568,0.0,0,3,4,
0,0,2.885164260864258,0,5a7a5ccf55429941d65f25d7,0.6666666666666666,2,3,3,
0,0.0392156862745098,2.915700674057007,0,5a80d6be55429938b6142206,0.2,1,3,5,
0,0,5.79504919052124,1,5ae7e8b855429952e35ea9dd,0.0,0,6,2,
0,0,2.945007801055908,0,5a895f6155429946c8d6e914,0.0,0,3,4,
0,0,5.548562526702881,1,5abda8d55542992ac4f382e7,0.0,0,6,2,
0,0,2.8680686950683594,0,5abdce1b5542993062266cfe,0.0,0,3,1,
0,0,2.860032081604004,0,5ac2c338554299657fa29039,0.0,0,3,5,
0,0.04545454545454545,2.8698253631591797,0,5ade64c7554299728e26c710,0.0,0,3,5,
0,0,2.8825125694274902,0,5a8646ec5542991e771815f2,0.0,0,3,4,
0,0,2.8713979721069336,0,5a89d48c554299515336132e,0.16666666666666666,1,3,6,
0,0,2.912999391555786,0,5a84c5545542991dd0999dee,0.0,0,3,3,
0,0,2.8692781925201416,0,5a8d40585542994ba4e3dc39,1.0,1,3,1,
0,0,2.8651881217956543,0,5abbee315542993f40c73c1d,0.5,2,3,4,
0,0,2.882356643676758,0,5abbbaca55429931dba144ca,0.0,0,3,1,
0,0,2.8664510250091553,0,5ab520645542991779162d85,0.0,0,3,2,
0,0,2.9566867351531982,0,5a7f53445542992097ad2f15,0.0,0,3,4,
0,0.07547169811320754,2.8708033561706543,0,5a77ad2f55429967ab105225,0.75,3,3,4,
0,0,2.8689663410186768,0,5a84a97f5542992a431d1a87,0.2,1,3,5,
0,0,2.845438003540039,0,5ab6f7415542991d322236f4,0.0,0,3,9,
0,0,2.8480684757232666,0,5a8e0b7f5542995085b373ae,1.0,1,3,1,
0,0,2.9028539657592773,0,5a8d8f77554299068b959d3e,0.5,2,3,4,
0,0.04,2.847447156906128,0,5ae267a35542992decbdccee,0.0,0,3,4,
0,0,2.902837038040161,0,5ae721c15542996d980e7cbc,0.25,1,3,4,
0,0,2.863107919692993,0,5ac2782d55429963665199cc,0.0,0,3,5,
0,0,2.8220696449279785,0,5a758ba75542992db9473677,1.0,1,3,1,
0,0.04347826086956522,2.887183904647827,0,5a8d77525542994ba4e3dc90,0.0,0,3,2,
0,0,5.862625598907471,1,5abbfa8f55429965836003cc,0.0,0,6,2,
0,0,2.8736484050750732,0,5ae0ec48554299422ee9955a,0.0,0,3,7,
0,0,11.49929141998291,2,5a8f7a7055429918e830d230,0.14285714285714285,1,9,7,
0,0.044444444444444446,6.156357765197754,1,5ade82ba5542992fa25da7a3,0.5,1,6,2,
0,0,2.828922986984253,0,5a7a48c45542994f819ef1b7,0.2,1,3,5,
0,0,2.837830066680908,0,5ab2deb75542991669774118,0.0,0,3,6,
0,0,2.8473188877105713,0,5a823fbf55429903bc27ba54,0.25,1,3,4,
0,0,5.414198398590088,1,5a8f5a185542992414482a71,0.0,0,6,9,
0,0,2.845025062561035,0,5ab2b1e05542997061209685,0.5,2,3,4,
0,0,2.856343984603882,0,5a828c3355429940e5e1a8f0,0.4,2,3,5,
0,0,2.8562464714050293,0,5ab851e35542990e739ec8c3,0.2,1,3,5,
,,,,5a8e3ed7554299068b959e82,,,,,Ollama request exceeded timeout limit for model stable-qwen with error: timed out
0,0,6.108887672424316,1,5a7be294554299294a54ab44,0.0,0,6,4,
0,0.04255319148936171,2.8292388916015625,0,5ae04ea555429924de1b709e,0.3333333333333333,1,3,3,
0,0,2.907587766647339,0,5a728f3c5542992359bc30f4,0.0,0,3,3,
0,0,2.8282930850982666,0,5ac3959855429939154137f0,0.5,1,3,2,
0,0,2.843383550643921,0,5a8782f25542996e4f308818,0.0,0,3,4,
0,0,2.8548336029052734,0,5ae791245542997b22f6a7a3,0.09090909090909091,1,3,11,
0,0,13.484035968780518,3,5ae5366e5542990ba0bbb22b,0.0,0,12,1,
0,0,2.858356475830078,0,5abadcb35542996606241647,0.0,0,3,19,
0,0,2.826112985610962,0,5ab7f78f5542991d322237e6,0.0,0,3,7,
0,0,2.8435497283935547,0,5a79178d554299029c4b5ef9,0.0,0,3,4,
0,0,20.97864603996277,5,5a8c5eca554299240d9c213d,0.0,0,18,3,
,,,,5ae5c212554299546bf82f4b,,,,,Ollama request exceeded timeout limit for model stable-qwen with error: timed out
0,0,9.510020732879639,2,5ae736cb5542991bbc9761c2,0.2,1,9,5,
0,0,3.120685577392578,0,5ab9b939554299743d22ebca,0.5,2,3,4,
0,0,2.836674690246582,0,5a8463d05542990548d0b2a5,0.0,0,3,3,
0,0,2.856956720352173,0,5a7da6015542995f4f40229d,0.0,0,3,3,
0,0,2.862745523452759,0,5ab2f85b55429929539468dc,0.0,0,3,5,
0,0,2.843496322631836,0,5a75f7db5542994ccc918670,0.0,0,3,4,
0,0,2.874410629272461,0,5abfa5fb5542990832d3a183,0.5,1,3,2,
0,0,2.8704776763916016,0,5ae588cb55429960a22e0300,0.0,0,3,2,
0,0,2.817518949508667,0,5a7ab1e955429931da12c95d,0.0,0,3,3,
0,0,9.416661262512207,2,5a79c8945542994bb945709e,0.0,0,9,2,
0,0,21.457103729248047,5,5ac0805f5542992a796ded29,1.0,2,18,2,
0,0,20.433207511901855,5,5ab310bb554299233954fef9,0.5,1,18,2,
0,0,166.2638943195343,5,5ade4801554299728e26c6ab,0.0,0,15,6,
0,0,20.115981817245483,5,5aba33985542994dbf0198c3,0.14285714285714285,1,18,7,
0,0,18.928215980529785,5,5ac3e01d5542997ea680c969,1.0,4,18,4,
0,0,17.9059419631958,5,5ab3a84b554299233954ff7b,0.5,1,18,2,
0,0,10.453527927398682,2,5ab8723c55429934fafe6dbc,0.2,1,9,5,
0,0,16.553852319717407,4,5a8ad2f3554299515336138d,0.0,0,15,3,
0,0,6.080219030380249,1,5a83a7e15542992ef85e2347,0.25,1,6,4,
0,0,5.749090194702148,1,5ab9625e55429970cfb8eaa9,0.6666666666666666,4,6,6,
0,0,2.7688446044921875,0,5a77b1a75542992a6e59df8d,0.0,0,3,7,
0,0.05,2.9035563468933105,0,5a8612d45542996432c5719b,0.0,0,3,2,
0,0,2.885765314102173,0,5a8f2fed55429918e830d1c7,0.2,1,3,5,
0,0,2.7645504474639893,0,5a78ce5d55429974737f78ac,0.3333333333333333,1,3,3,
0,0,2.746880531311035,0,5ae7f6be554299540e5a56db,0.0,0,3,4,
0,0,2.735398530960083,0,5a7bc5f255429927d897c03e,0.0,0,3,5,
0,0,2.716646671295166,0,5a88b513554299206df2b338,0.3333333333333333,1,3,3,
0,0,2.741734504699707,0,5ac0e0c75542997d64295a6e,0.2,1,3,5,
0,0,2.902421474456787,0,5a7284c85542991f9a20c4c0,0.0,0,3,4,
0,0,2.920142412185669,0,5a7263e05542997f82783998,0.5,1,3,2,
0,0,6.022046089172363,1,5ab96bf15542996be20204d8,0.2,1,6,5,
0,0,20.28945565223694,5,5addfdf65542992200553bd2,0.0,0,18,4,
0,0,9.770734310150146,2,5ac06e24554299294b218fd1,0.5,1,9,2,
0,0,2.748297691345215,0,5adc914d5542994ed6169b90,0.5,2,3,4,
0,0.044444444444444446,2.7575788497924805,0,5addc79d5542995b365fab7b,0.25,2,3,8,
0,0,2.7329630851745605,0,5aba7a22554299232ef4a2e7,0.0,0,3,4,
0,0.047619047619047616,2.7257821559906006,0,5ab6644655429954757d327d,0.0,0,3,9,
0,0,2.7693755626678467,0,5a8edb7f55429917b4a5bdeb,0.0,0,3,6,
0,0.05,2.7708323001861572,0,5a8e341c5542995085b373d6,0.25,1,3,4,
0,0,2.7294108867645264,0,5ab931475542991b5579f12f,0.25,1,3,4,
0,0,17.780015230178833,5,5a731c205542994cef4bc45d,0.5,3,18,6,
0,0,15.630553007125854,4,5a7b971255429927d897bff3,0.25,1,15,4,
0,0,9.356554985046387,2,5a8ced46554299441c6b9f82,0.5,1,9,2,
0,0,20.42417812347412,5,5a7c988755429935c91b524d,0.0,0,18,3,
0,0,2.7642202377319336,0,5ac175635542994ab5c67d4b,0.3333333333333333,2,3,6,
0,0,3.2482199668884277,0,5a835b88554299123d8c2101,0.0,0,3,1,
0,0,2.726647138595581,0,5a7a1f795542996c55b2dd1b,0.0,0,3,6,
0,0,2.728127956390381,0,5abb7ff15542996cc5e4a015,0.0,0,3,3,
0,0,2.791468620300293,0,5a84b5ac5542991dd0999da4,0.2222222222222222,2,3,9,
0,0,2.7056422233581543,0,5a88a5645542997e5c09a679,0.0,0,3,6,
0,0,5.948226451873779,1,5a8bba645542995e66a474e5,1.0,1,6,1,
0,0,2.715174674987793,0,5a73024f5542991f9a20c5fc,0.0,0,3,2,
0,0,2.7518794536590576,0,5ab68a71554299710c8d1ec2,1.0,1,3,1,
0,0,2.7065837383270264,0,5a78f18855429974737f7915,0.3333333333333333,1,3,3,
0,0,2.7487049102783203,0,5abb729b5542993f40c73af4,0.25,1,3,4,
0,0,2.762343406677246,0,5ae490a85542995ad6573d9d,0.3333333333333333,1,3,3,
0,0,2.744046449661255,0,5a796bfd55429970f5fffeac,1.0,1,3,1,
0,0,2.7943193912506104,0,5a7c6c9d554299683c1c6302,0.0,0,3,1,
0,0,11.550891399383545,1,5ac0fd56554299012d1db679,0.5,1,6,2,
0,0,3.305722951889038,0,5a777ca855429949eeb29e6a,0.0,0,3,8,
0,0,3.3194692134857178,0,5a909a1a55429916514e7506,0.0,0,3,4,
0,0,3.2438015937805176,0,5a734ca85542994cef4bc51b,0.6666666666666666,2,3,3,
0,0.03125,3.302554130554199,0,5a82028a554299676cceb1d6,0.6666666666666666,2,3,3,
0,0,3.3815159797668457,0,5ac43ddf5542995c82c4ad08,1.0,2,3,2,
0,0,3.3152763843536377,0,5ae644cc55429908198fa568,0.0,0,3,4,
0,0,3.253446340560913,0,5adfec5f55429942ec259b8d,0.1111111111111111,1,3,9,
0,0,3.388667345046997,0,5a749e1855429979e28829c3,0.3333333333333333,1,3,3,
0,0,3.2406256198883057,0,5ae31ca155429928c4239608,0.0,0,3,4,
0,0,3.3203678131103516,0,5a79cabc5542994f819ef0a1,0.3333333333333333,1,3,3,
0,0,3.3676950931549072,0,5a77a3a355429967ab105211,0.0,0,3,1,
0,0,3.355015516281128,0,5ae55ec855429908b63265f5,0.0,0,3,6,
0,0,3.3464884757995605,0,5ae14b0655429920d52343a6,0.0,0,3,4,
0,0,3.3740718364715576,0,5a74f8235542993748c89766,0.14285714285714285,2,3,14,
0,0,5.259409189224243,1,5adf8a065542992d7e9f9392,0.0,0,6,9,
0,0,3.3293545246124268,0,5a7a0201554299029c4b5f9e,1.0,1,3,1,
0,0,3.3461592197418213,0,5ac322c95542995ef918c117,0.0,0,3,3,
0,0,3.376887321472168,0,5abc184a5542993a06baf863,0.5,1,3,2,
0,0,3.3415868282318115,0,5ae798ce55429952e35ea995,0.2,1,3,5,
0,0,3.2931408882141113,0,5ae61e7555429929b0807adf,0.6,3,3,5,
0,0,3.2928357124328613,0,5a71278c5542994082a3e5e2,0.0,0,3,2,
0,0,3.3255584239959717,0,5ab91ef3554299753720f708,0.2,1,3,5,
0,0,3.2987661361694336,0,5ae3376455429928c4239688,0.25,1,3,4,
0,0,9.970061302185059,2,5a8c7057554299653c1aa066,0.0,0,9,4,
0,0,3.397397041320801,0,5a8e08ab5542995085b37393,0.0,0,3,4,
0,0,3.3580048084259033,0,5ac19ff65542994d76dcce8f,0.0,0,3,3,
0,0,3.3556630611419678,0,5ab88c075542991b5579efbe,0.5,1,3,2,
0,0,3.3545212745666504,0,5a7438ec55429979e28828b8,0.14285714285714285,1,3,7,
0,0,3.346639394760132,0,5a7663665542992d0ec060d3,1.0,1,3,1,
0,0,3.3069398403167725,0,5a737d3c55429908901be2c8,0.0,0,3,3,
0,0,3.3594415187835693,0,5a75e16055429976ec32bc6a,0.25,1,3,4,
0,0,6.9816179275512695,1,5ab46d195542991751b4d76a,0.0,0,6,3,
0,0,3.3705475330352783,0,5ae1d32a554299492dc91b9c,0.3333333333333333,1,3,3,
0,0,3.3641819953918457,0,5ac4edf155429924173fb4e3,0.0,0,3,5,
0,0.031746031746031744,3.3364834785461426,0,5a861ea85542994775f60700,0.3333333333333333,1,3,3,
0,0,3.299476385116577,0,5ae0aabc55429945ae9593fe,1.0,1,3,1,
0,0,3.3538522720336914,0,5a7c4e655542990527d55489,0.3333333333333333,1,3,3,
0,0,3.337311029434204,0,5a7e058f5542995f4f402390,0.0,0,3,1,
0,0,3.314908742904663,0,5a7ef6b35542994959419a94,0.2,1,3,5,
0,0,7.55144476890564,1,5adcf8155542990d50227d6a,0.0,0,6,5,
0,0,3.44187068939209,0,5a778d7855429967ab1051fa,0.3333333333333333,2,3,6,
,,,,5ae26b5f5542992decbdccf8,,,,,Ollama request exceeded timeout limit for model stable-qwen with error: timed out
0,0,3.3448569774627686,0,5a8ba3ff55429971feec4744,0.6666666666666666,2,3,3,
0,0,5.37714147567749,1,5a85fc995542996432c5715f,0.6666666666666666,2,6,3,
0,0,3.346773862838745,0,5a8efb5a55429918e830d172,0.2857142857142857,2,3,7,
0,0,3.373051643371582,0,5a7cd66a554299452d57ba90,0.0,0,3,3,
0,0,3.386918783187866,0,5ac0dcf25542996f0d89cc2c,0.0,0,3,8,
0,0,3.309739112854004,0,5ab9d0b755429955dce3ed8f,0.2,1,3,5,
0,0,3.3269577026367188,0,5a90cb205542995651fb51fe,0.0,0,3,6,
0,0,3.326131820678711,0,5ae198bf5542997b2ef7d20d,0.3333333333333333,1,3,3,
0,0,3.361117362976074,0,5ab36c3f55429969a97a8146,0.2,1,3,5,
0,0,3.3446719646453857,0,5ab278745542997061209617,0.0,0,3,3,
0,0,3.3764164447784424,0,5ae3dcc05542991a06ce9a33,0.3333333333333333,1,3,3,
0,0,3.351461172103882,0,5a75639255429916b01642f7,0.0,0,3,5,
0,0,3.3487236499786377,0,5a7619765542992db9473728,0.0,0,3,10,
0,0,3.3165907859802246,0,5ae76e615542997ec2727647,0.0,0,3,3,
0,0.031746031746031744,6.346012592315674,1,5ac3d9135542995c82c4ac4c,0.4,2,6,5,
0,0,3.3247931003570557,0,5a85441f5542997175ce1faa,0.3333333333333333,1,3,3,
0,0.03333333333333333,3.354531764984131,0,5a82accd55429966c78a6a78,0.14285714285714285,1,3,7,
0,0,3.329136848449707,0,5ae1847e55429920d52343ee,0.0,0,3,2,
0,0,3.347914934158325,0,5a7b581a5542992d025e6815,0.3333333333333333,1,3,3,
0,0,3.3476977348327637,0,5a72f45a5542992359bc31e6,0.25,1,3,4,
0,0,3.321551561355591,0,5a74d4f355429974ef308c79,0.0,0,3,3,
0,0,3.3005595207214355,0,5ab9d02155429970cfb8ebb0,0.0,0,3,6,
0,0,3.336975574493408,0,5ab71a6a5542991d3222377c,0.0,0,3,4,
0,0,3.3625893592834473,0,5a7dab795542990b8f503a22,0.0,0,3,4,
0,0,3.354586124420166,0,5a779fd95542997042120ab5,0.0,0,3,4,
0,0,3.2972819805145264,0,5a78d9c455429970f5fffda7,0.3333333333333333,2,3,6,
0,0,6.7573113441467285,1,5a719bf25542994082a3e891,0.0,0,6,1,
0,0,3.3313167095184326,0,5adf37955542993a75d2642e,0.0,0,3,3,
0,0,15.972476482391357,0,5ab70f79554299110f219aa9,0.0,0,3,11,
0,0,3.719635486602783,0,5ae236b2554299495565da3e,0.3333333333333333,1,3,3,
0,0,3.2890782356262207,0,5ae3599b5542992e3233c39d,0.5,1,3,2,
0,0,3.3348920345306396,0,5ae1f8235542997f29b3c1cf,0.5,1,3,2,
0,0,3.365725040435791,0,5ae7bdc05542993210983f29,0.0,0,3,3,
0,0,3.3401968479156494,0,5a7ef49a5542994959419a91,0.0,0,3,7,
0,0,3.3131978511810303,0,5a8f1672554299458435d558,0.0,0,3,5,
0,0,3.280916690826416,0,5a835e215542992ef85e2296,0.0,0,3,5,
0,0.030303030303030304,3.321605920791626,0,5adffc8d55429925eb1afbc6,1.0,1,3,1,
0,0,3.3551363945007324,0,5ae1e1e55542997f29b3c15e,0.0,0,3,5,
0,0,3.293938398361206,0,5ab27f7b554299722f9b4d4f,0.3333333333333333,1,3,3,
0,0,15.95574951171875,0,5ae30aa05542992decbdcdd7,0.0,0,3,5,
0,0,3.5200183391571045,0,5ab502ae5542991779162d4c,0.25,1,3,4,
0,0,3.3139185905456543,0,5ac1b6845542994d76dccecb,0.5,1,3,2,
0,0,3.3152222633361816,0,5a7323ef5542994cef4bc477,0.0,0,3,5,
0,0,3.345676898956299,0,5adcfba05542990d50227d83,0.0,0,3,8,
0,0,3.3594961166381836,0,5a72239a55429971e9dc92cf,0.25,1,3,4,
0,0,3.3478305339813232,0,5ab521575542996a3a96a02e,0.0,0,3,3,
0,0,3.3253824710845947,0,5ab6c4e055429953192ad386,0.16666666666666666,1,3,6,
0,0,3.3219337463378906,0,5a7c0dab5542997c3ec972d2,0.3333333333333333,1,3,3,
0,0,3.3637030124664307,0,5abccb235542996583600497,0.0,0,3,6,
0,0,3.2885489463806152,0,5a8b9cd65542997f31a41d8b,1.0,1,3,1,
0,0,3.316859006881714,0,5a8ce584554299585d9e375c,1.0,1,3,1,
0,0,3.3822782039642334,0,5ab6c47e55429954757d3368,0.0,0,3,4,
0,0,7.298573017120361,1,5a7211e655429971e9dc923c,0.2,1,6,5,
0,0.031746031746031744,3.3230817317962646,0,5ae114f155429901ffe4ad5c,0.0,0,3,2,
0,0.028985507246376815,3.318634271621704,0,5ab6faec5542991d32223708,0.5,2,3,4,
0,0,3.3306801319122314,0,5a7f3d9b5542992e7d278cb8,0.0,0,3,4,
0,0,3.301408290863037,0,5ade8f5955429975fa854f10,0.3333333333333333,1,3,3,
0,0,3.307109832763672,0,5a8e32d35542995a26add480,0.2,1,3,5,
0,0,3.3222808837890625,0,5ae0bc185542993d6555ec29,0.0,0,3,6,
0,0,3.4816067218780518,0,5abd0814554299700f9d797a,0.5,2,3,4,
0,0.031746031746031744,3.2867555618286133,0,5ae560155542990ba0bbb293,0.0,0,3,4,
0,0,3.320709228515625,0,5a8901a2554299515336125a,0.3333333333333333,1,3,3,
0,0,3.362992286682129,0,5ade4fcc5542997c77adeded,1.0,1,3,1,
0,0,11.566681623458862,1,5a74c6a655429974ef308c5d,0.0,0,6,1,
0,0,3.3208305835723877,0,5a84a4e35542992a431d1a81,0.0,0,3,5,
0,0,3.441194772720337,0,5adf9ea05542992d7e9f93bf,0.0,0,3,5,
0,0,3.332857370376587,0,5ab2e9b4554299340b525565,1.0,1,3,1,
0,0,3.2997398376464844,0,5abdbf3755429933744ab818,0.3333333333333333,1,3,3,
0,0,3.276685953140259,0,5adf04915542995534e8c72f,0.5,2,3,4,
0,0,3.2977187633514404,0,5ae127ba55429920d52342d3,0.75,3,3,4,
0,0,3.3780267238616943,0,5a7353b35542994cef4bc54f,0.0,0,3,5,
0,0,7.822668075561523,1,5abe436455429976d4830ac6,0.0,0,6,3,
0,0,3.4250049591064453,0,5abd72475542993062266c9a,0.0,0,3,6,
0,0,3.370645523071289,0,5a7326cd5542991f29ee2d11,0.14285714285714285,1,3,7,
0,0,3.412641763687134,0,5ac3d7f8554299076e296cb0,0.0,0,3,1,
0,0,3.454657793045044,0,5adf8ad25542993344016ce7,0.25,1,3,4,
0,0,3.3895323276519775,0,5ab9631a55429970cfb8eaad,0.3333333333333333,1,3,3,
0,0,3.3823299407958984,0,5ae72ab25542991e8301cb77,0.0,0,3,5,
0,0,3.3758440017700195,0,5abe5ee955429976d4830b03,0.125,1,3,8,
0,0,3.409240245819092,0,5a871a5e5542996432c5721e,0.0,0,3,3,
0,0,3.387169361114502,0,5a7607b6554299109176e619,0.0,0,3,8,
0,0,10.235910654067993,1,5a865bbf5542991e77181615,0.6666666666666666,2,6,3,
0,0,3.3915319442749023,0,5ab878ba55429916710eb06c,0.0,0,3,5,
0,0,3.461953639984131,0,5ac2f34455429921a00ab0b6,0.0,0,3,5,
0,0,3.409404754638672,0,5a82626655429966c78a6a08,0.25,1,3,4,
0,0,3.4036130905151367,0,5a7cb84a554299683c1c6350,0.0,0,3,5,
0,0,3.399501323699951,0,5a7aa07d55429941d65f2703,0.5,1,3,2,
0,0,3.4339168071746826,0,5ac0e74d554299294b219052,0.0,0,3,4,
0,0,6.648152828216553,1,5a7b2c9155429927d897bf51,0.6666666666666666,2,6,3,
0,0,3.347184181213379,0,5ae7fa5a554299540e5a56e4,0.3333333333333333,1,3,3,
0,0,3.355648994445801,0,5a84b0705542991dd0999d86,0.0,0,3,4,
0,0,5.732024431228638,1,5ae712fa554299572ea546b9,1.0,2,6,2,
0,0,3.2956137657165527,0,5abc3c545542993a06baf89f,0.0,0,3,10,
0,0,3.305978775024414,0,5a8135cc55429903bc27b943,0.16666666666666666,1,3,6,
0,0,6.683194875717163,1,5a8dd5b855429917b4a5bcc6,0.5,1,6,2,
0,0,3.307650327682495,0,5ab9188c5542991b5579f0f5,0.5,1,3,2,
0,0,3.2923593521118164,0,5ab615cf554299488d4d9aa3,0.25,1,3,4,
0,0,3.306546449661255,0,5ab299d6554299449642c926,0.25,1,3,4,
0,0,6.749145030975342,0,5ab801da5542990e739ec7c9,0.5,1,3,2,
0,0.025316455696202535,4.224736213684082,0,5ab83e1a55429919ba4e2280,0.0,0,3,7,
0,0,3.3292455673217773,0,5a70f11a5542994082a3e40b,0.0,0,3,9,
0,0,3.3207123279571533,0,5a7a098d5542996c55b2dce3,0.5,1,3,2,
0,0,6.687768936157227,1,5ae614215542992663a4f254,0.0,0,6,3,
0,0,7.2660229206085205,1,5a8f6b7c5542992414482abc,0.3333333333333333,1,6,3,
0,0,7.323659658432007,1,5ac24ad7554299636651995a,0.0,0,6,7,
0,0,3.299957752227783,0,5adc0e395542996e685252c1,0.375,3,3,8,
0,0,3.2730302810668945,0,5a778f515542995d831811cd,0.25,1,3,4,
0,0,3.316685438156128,0,5abe67ae5542991f6610616b,0.16666666666666666,1,3,6,
0,0,3.2958388328552246,0,5ac35a7e554299741d48a257,0.0,0,3,6,
0,0,3.313570022583008,0,5abfe2a15542997d6429591c,0.0,0,3,5,
0,0,3.314052104949951,0,5ae034bd55429925eb1afc2a,1.0,2,3,2,
0,0,3.3184454441070557,0,5adebbbd554299728e26c793,0.0,0,3,11,
0,0,3.3189501762390137,0,5ac0d5a1554299294b219025,0.3333333333333333,1,3,3,
0,0,3.3650760650634766,0,5a8a5c0d554299515336137b,0.0,0,3,4,
0,0,3.326373815536499,0,5abc3f505542993a06baf8b2,0.0,0,3,12,
0,0,3.314189910888672,0,5add78bf5542992ae4cec57b,0.14285714285714285,1,3,7,
0,0,7.839222192764282,0,5ae326e95542990afbd1e0b6,0.0,0,3,5,
0,0,3.319922924041748,0,5a8f536c5542992414482a4e,0.0,0,3,4,
0,0,3.346417188644409,0,5ac4a5de5542995c82c4ad6e,0.25,1,3,4,
0,0,3.3022334575653076,0,5a77452155429972597f14e1,0.0,0,3,3,
0,0,3.286288261413574,0,5a80427c5542996402f6a49f,0.2,1,3,5,
0,0,3.349402666091919,0,5ab3849a55429969a97a8170,0.16666666666666666,1,3,6,
0,0,3.280449151992798,0,5a8b3de95542997f31a41cc3,0.0,0,3,4,
0,0,3.27986478805542,0,5a843de75542992ef85e23b4,0.5,2,3,4,
0,0,3.290412187576294,0,5a80ad205542992bc0c4a79d,0.0,0,3,1,
0,0,3.3452932834625244,0,5ae69df255429908198fa664,0.14285714285714285,1,3,7,
0,0,3.3384816646575928,0,5ac2455e55429951e9e68512,0.0,0,3,6,
0,0.030769230769230767,3.2776525020599365,0,5ac3b07055429939154138b8,0.16666666666666666,1,3,6,
0,0,3.331106662750244,0,5a7339c85542991f9a20c6a2,0.2,1,3,5,
0,0.030303030303030307,3.3136074542999268,0,5abcef9e55429959677d6b52,0.5,1,3,2,
0,0,3.292712450027466,0,5a8f122955429918e830d17f,0.2,1,3,5,
0,0,3.330059051513672,0,5a7f22005542993067513656,0.5,1,3,2,
0,0,3.3094964027404785,0,5ae077735542993d6555eb6d,1.0,1,3,1,
0,0,3.3168463706970215,0,5ac0e0e25542997d64295a6f,0.0,0,3,6,
0,0,3.315138578414917,0,5a7c80ab55429907fabeefa3,0.25,1,3,4,
0,0,3.339792251586914,0,5abe03635542991f661060a5,0.5,1,3,2,
0,0,4.162193536758423,0,5ac272f95542992f1f2b38d3,0.0,0,3,7,
0,0,3.3326621055603027,0,5ae3cd685542990afbd1e1de,0.0,0,3,3,
0,0,3.317289352416992,0,5ae1c90e554299234fd042f7,0.3333333333333333,1,3,3,
0,0,3.323263645172119,0,5ab67ce2554299710c8d1ead,1.0,1,3,1,
0,0,3.286409378051758,0,5a7a59d15542996c55b2dd67,0.0,0,3,5,
0,0,3.3234379291534424,0,5a8849ac5542996e4f308932,0.3333333333333333,1,3,3,
0,0,3.3286550045013428,0,5a72bb045542994cef4bc3e4,0.25,1,3,4,
0,0,3.3203341960906982,0,5ae331fb55429928c4239670,1.0,1,3,1,
0,0.03225806451612903,3.3395371437072754,0,5ae5390355429960a22e0271,0.6666666666666666,2,3,3,
0,0,3.3881964683532715,0,5a7da9ae5542995f4f4022b1,0.2,1,3,5,
0,0,3.3032727241516113,0,5a8b77705542995d1e6f13aa,0.3333333333333333,1,3,3,
0,0,3.3265786170959473,0,5a89810655429946c8d6e929,0.4,2,3,5,
0,0,5.815628290176392,0,5abbd8655542992ccd8e7fba,0.0,0,3,4,
0,0,3.335893392562866,0,5ac3c1805542995ef918c21f,0.0,0,3,9,
0,0,3.3709497451782227,0,5ab627d555429953192ad27e,0.0,0,3,2,
0,0,3.3285999298095703,0,5ac2ae4155429921a00ab030,0.3333333333333333,1,3,3,
0,0,3.32195782661438,0,5a74d9c555429929fddd84fb,0.0,0,3,2,
0,0,3.3230385780334473,0,5ab8829d55429934fafe6e08,0.3333333333333333,1,3,3,
0,0,3.329617977142334,0,5ab5b732554299494045f03c,0.5,1,3,2,
0,0.030303030303030307,3.313109874725342,0,5a751bbe5542993748c897ba,0.0,0,3,5,
0,0,3.345257520675659,0,5aba11d25542994dbf0198a6,0.0,0,3,2,
0,0,3.6680850982666016,0,5abcfd7e5542993a06baf9df,0.0,0,3,5,
0,0,3.2930686473846436,0,5a8072a5554299485f5985f1,0.0,0,3,7,
0,0,3.9918949604034424,0,5a7507455542993748c8979d,0.0,0,3,5,
0,0,3.307009696960449,0,5ade0bc55542997545bbbe30,0.0,0,3,2,
0,0,3.348433017730713,0,5a7af08655429931da12c989,0.0,0,3,3,
0,0,3.2995383739471436,0,5a8e463a5542995a26add4b7,0.25,1,3,4,
0,0,3.3069002628326416,0,5ab6ecd85542991d322236cf,1.0,1,3,1,
0,0,3.341535806655884,0,5ae3f0c85542995ad6573cb1,0.0,0,3,4,
0,0,3.3162543773651123,0,5a8319b255429940e5e1a960,0.05263157894736842,1,3,19,
0,0,3.3078649044036865,0,5a8c2bb4554299240d9c20ac,0.6666666666666666,2,3,3,
0,0,3.348940134048462,0,5ae1ebf95542997283cd22f2,0.0,0,3,10,
0,0,3.3309106826782227,0,5ac471a5554299194317399a,0.5,1,3,2,
0,0,3.3204262256622314,0,5a78f8e555429970f5fffe01,0.0,0,3,3,
0,0,3.322237014770508,0,5ae47dd95542995ad6573d57,0.5,1,3,2,
0,0,3.3158390522003174,0,5abfd83f5542997ec76fd45c,1.0,1,3,1,
0,0,3.3140711784362793,0,5ab8ae585542991b5579efd8,0.5,1,3,2,
0,0,3.2920455932617188,0,5a84bda45542992a431d1a96,0.09090909090909091,1,3,11,
0,0,3.3358941078186035,0,5a710bb15542994082a3e50d,0.0,0,3,5,
0,0,3.326087713241577,0,5a7270395542992359bc30a8,0.5,1,3,2,
0,0,3.2978806495666504,0,5a73d3ea5542992d56e7e3af,1.0,2,3,2,
0,0,3.3055567741394043,0,5a90b1635542990a984936a9,0.25,1,3,4,
0,0,3.3052163124084473,0,5ae1f528554299234fd04370,0.0,0,3,1,
0,0,3.3125767707824707,0,5a8ee02955429917b4a5bdfa,0.0,0,3,6,
0,0,3.3332395553588867,0,5a7d9d2b5542997cc2c47464,0.0,0,3,1,
0,0,3.330848217010498,0,5ae3f1bb5542995ad6573cbe,0.0,0,3,6,
0,0,3.324819326400757,0,5ac3908e554299741d48a297,0.25,1,3,4,
0,0,3.3126490116119385,0,5ae0e8c35542997b2ef7d064,1.0,1,3,1,
0,0,3.604520559310913,0,5a8f45385542997ba9cb320a,0.0,0,3,6,
0,0,3.298093557357788,0,5ab82fe155429919ba4e225a,0.0,0,3,4,
0,0,3.316636562347412,0,5a89dca8554299669944a5dd,0.3333333333333333,1,3,3,
0,0,3.3085339069366455,0,5ac0aa595542992a796ded5a,0.2857142857142857,2,3,7,
0,0,3.306443929672241,0,5a7e694a5542997cc2c4753d,0.5,1,3,2,
0,0,3.3314414024353027,0,5a889d18554299206df2b310,0.2,1,3,5,
0,0,3.319762706756592,0,5ab72d925542993667793f6e,0.0,0,3,5,
0,0,3.34360671043396,0,5ae031c455429924de1b7055,0.5,1,3,2,
0,0,3.3032872676849365,0,5a7180205542994082a3e856,0.25,1,3,4,
0,0,3.315248727798462,0,5a88f2cc55429938390d3ffb,0.25,1,3,4,
0,0,3.320634603500366,0,5a8a793555429930ff3c0de7,0.2,1,3,5,
0,0,3.280264377593994,0,5ac4241e5542997ea680ca10,0.25,1,3,4,
0,0,5.3768837451934814,1,5a8db788554299653c1aa145,0.0,0,6,12,
0,0,3.3432459831237793,0,5ae49f2c5542995ad6573dc1,0.0,0,3,5,
0,0,3.372053623199463,0,5a89217455429938390d4039,0.2,1,3,5,
0,0,3.299565553665161,0,5ae402085542995dadf242ca,0.6666666666666666,2,3,3,
0,0,3.303049325942993,0,5ae760415542997b22f6a708,0.0,0,3,3,
0,0,3.310253620147705,0,5a8f5273554299458435d5b1,0.3333333333333333,1,3,3,
0,0,3.3553719520568848,0,5ab4234f5542991751b4d685,0.0,0,3,1,
0,0,3.391813278198242,0,5a83d7535542993344746093,0.0,0,3,2,
0,0,3.3146491050720215,0,5a8933fe55429951533612df,0.125,1,3,8,
0,0,3.3402347564697266,0,5ac3d2ac554299741d48a330,0.16666666666666666,1,3,6,
0,0,3.3233323097229004,0,5a83d0ed5542996488c2e4e7,0.0,0,3,5,
0,0,3.853703260421753,0,5a8c758d5542995e66a475ff,0.25,1,3,4,
0,0,3.3679187297821045,0,5adcb30b5542994d58a2f69f,0.2,1,3,5,
0,0,3.3139986991882324,0,5a8f2cc855429918e830d1be,0.0,0,3,3,
0,0,3.334434747695923,0,5adcd28c5542994d58a2f6ea,0.25,1,3,4,
0,0,3.3259007930755615,0,5a862c38554299211dda2a9a,0.0,0,3,4,
0,0,3.305968761444092,0,5ae12d5355429920d52342eb,0.0,0,3,5,
0,0,3.330164909362793,0,5ac4e476554299076e296e34,0.0,0,3,5,
0,0,3.366201400756836,0,5ae13c5155429920d5234336,0.0,0,3,4,
0,0,3.333047389984131,0,5a81d6cd55429903bc27b9e0,0.0,0,3,5,
0,0,3.9879751205444336,0,5ab624b855429953192ad26d,0.0,0,3,6,
0,0,3.2640044689178467,0,5ae6940e5542991bbc97613f,0.0,0,3,4,
0,0,6.64164662361145,1,5a89a128554299669944a552,0.0,0,6,9,
0,0,3.3081281185150146,0,5a8708ba55429960ec39b701,0.0,0,3,5,
0,0,3.3027701377868652,0,5ade595e5542992fa25da761,0.0,0,3,3,
0,0,3.345954418182373,0,5aba71be5542994dbf01990c,0.0,0,3,17,
0,0,3.312533378601074,0,5a90b4fe55429916514e7525,0.0,0,3,6,
0,0,3.3171591758728027,0,5ab281f45542993be8fa9938,0.25,1,3,4,
0,0.030303030303030307,3.31626296043396,0,5adc9ebc5542994d58a2f681,0.0,0,3,4,
0,0.02985074626865672,3.349623203277588,0,5add750c5542990dbb2f7e53,0.0,0,3,6,
0,0.03076923076923077,3.4554977416992188,0,5ab80faf55429916710eafd9,0.0,0,3,1,
0,0,3.3561036586761475,0,5aba7cb455429901930fa7eb,0.0,0,3,4,
0,0,3.307421922683716,0,5a7e71ab55429949594199bc,0.5,1,3,2,
0,0,3.301609992980957,0,5a7c34905542996dd594b8d5,1.0,2,3,2,
0,0,3.3430674076080322,0,5abdcaea55429965af743e4e,0.2,1,3,5,
0,0,3.2987546920776367,0,5a7ddfc55542995f4f4022e9,0.0,0,3,12,
0,0,3.3341410160064697,0,5adca8215542994ed6169bbc,0.0,0,3,8,
0,0,3.3118274211883545,0,5a7f9cb55542995d8a8ddec1,0.42857142857142855,3,3,7,
0,0,3.3135669231414795,0,5ae7ad385542993210983ef0,0.25,1,3,4,
0,0,3.327850818634033,0,5a8f157e554299458435d54d,0.2,1,3,5,
0,0,3.3020801544189453,0,5ae61bfd5542992663a4f261,0.0,0,3,7,
0,0,3.3579814434051514,0,5ae2c8b05542992decbdcd9d,0.14285714285714285,1,3,7,
0,0,3.3450863361358643,0,5ab2f6bd554299166977415e,1.0,2,3,2,
0,0,3.3193490505218506,0,5a7744555542994aec3b725b,1.0,1,3,1,
0,0,3.348855495452881,0,5a8639545542991e771815c7,0.25,1,3,4,
0,0,3.2881007194519043,0,5ae40a2955429970de88d8a3,0.5,1,3,2,
0,0,3.2633564472198486,0,5a7415cf55429979e28828a6,0.2857142857142857,2,3,7,
0,0,3.3027565479278564,0,5abe3dc65542993f32c2a0c4,0.5,1,3,2,
0,0,3.4222140312194824,0,5add566b5542995b365fab14,0.5,1,3,2,
0,0,4.345719337463379,0,5ab925fd554299131ca42281,0.0,0,3,4,
0,0,3.3133137226104736,0,5a72fc865542991f9a20c5e9,0.25,1,3,4,
0,0,3.4748823642730713,0,5ae22a08554299234fd0440b,0.25,1,3,4,
0,0,3.3339805603027344,0,5ab225565542993be8fa98bf,0.5,1,3,2,
0,0,3.336359977722168,0,5a8b78f055429971feec471a,0.0,0,3,2,
0,0,3.297846794128418,0,5ac5632e5542993e66e823d9,0.1111111111111111,1,3,9,
0,0,3.276294708251953,0,5a79186f55429907847277af,0.0,0,3,5,
0,0,4.728509902954102,0,5ac39bd8554299657fa290fe,0.0,0,3,5,
0,0,3.437509775161743,0,5a75fa8c55429976ec32bcda,0.2,1,3,5,
0,0,3.3018085956573486,0,5a7b1bb5554299042af8f6d4,0.0,0,3,2,
0,0,3.2957637310028076,0,5ab53ef1554299488d4d9920,0.5,1,3,2,
0,0,3.3666934967041016,0,5abe3e545542993f32c2a0c7,0.5,1,3,2,
0,0,3.325916290283203,0,5a83108d55429966c78a6b1e,0.5,1,3,2,
0,0,3.366511344909668,0,5ab3e4ee554299233954ffe1,0.25,1,3,4,
0,0,6.67444920539856,1,5ab844815542992aa3b8c8af,0.0,0,6,4,
0,0,3.279529094696045,0,5a79f95d5542996c55b2dcbd,0.0,0,3,2,
0,0,3.306875467300415,0,5add8ec55542997545bbbd7e,0.0,0,3,4,
0,0,3.3304309844970703,0,5a8f6e295542992414482ac6,1.0,1,3,1,
0,0,3.305835008621216,0,5ade26db5542997c77aded77,0.3333333333333333,2,3,6,
0,0,3.2860913276672363,0,5a74167455429929fddd83dc,0.0,0,3,5,
0,0,6.563533306121826,1,5a8da2b05542994ba4e3dcdc,0.3333333333333333,1,6,3,
0,0,3.3308942317962646,0,5a8bbb8c5542995d1e6f142e,1.0,2,3,2,
0,0,7.4367406368255615,1,5a7115475542994082a3e56d,0.0,0,6,4,
0,0,3.337787628173828,0,5a8fbfcd5542997ba9cb3316,0.0,0,3,4,
0,0,14.816333293914795,1,5abfb4235542990832d3a1ca,0.25,1,6,4,
0,0,3.313124895095825,0,5abd077055429965836004f4,0.0,0,3,2,
0,0,3.328406572341919,0,5a7cb5f0554299452d57b9b5,0.16666666666666666,1,3,6,
0,0,3.3478353023529053,0,5adf33b35542993a75d26420,1.0,1,3,1,
0,0,3.330225706100464,0,5abf877c5542990832d3a147,0.0,0,3,2,
0,0,3.3225278854370117,0,5a80abec5542996402f6a5e1,0.1111111111111111,1,3,9,
,,,,5ac2a277554299657fa28ff3,,,,,Ollama request exceeded timeout limit for model stable-qwen with error: timed out
0,0,3.3373916149139404,0,5abbe20d55429931dba145c6,0.3333333333333333,1,3,3,
0,0,3.5418293476104736,0,5ae23d945542996483e64939,0.18181818181818182,2,3,11,
0,0,3.3176281452178955,0,5a8ba761554299240d9c2066,0.3333333333333333,1,3,3,
0,0,9.000325918197632,1,5a8d838955429941ae14dfe5,1.0,1,3,1,
0,0,3.369417428970337,0,5a8732505542991e77181713,0.3333333333333333,1,3,3,
0,0,3.3482391834259033,0,5ab3f24c5542992ade7c6eef,0.4,2,3,5,
0,0,3.315307140350342,0,5a7f46115542994857a766d9,0.0,0,3,4,
0,0,7.850647449493408,1,5add889b5542997545bbbd68,0.2,1,6,5,
0,0,4.293398380279541,0,5a7bc1bf55429927d897c033,0.25,1,3,4,
0,0,4.326171398162842,0,5ac42a64554299076e296d7b,0.25,1,3,4,
0,0,4.266787528991699,0,5a7cf59b55429909bec768c7,0.25,1,3,4,
0,0,4.262518405914307,0,5add433b5542997545bbbd02,0.5,1,3,2,
0,0,4.251596689224243,0,5a846acc5542993344746117,0.14285714285714285,1,3,7,
0,0,4.281054735183716,0,5a7f75e95542992e7d278d09,1.0,1,3,1,
0,0,4.273116111755371,0,5ab3244c554299233954ff29,0.0,0,3,7,
0,0,4.287668466567993,0,5ae45cba5542991a06ce9a4a,0.0,0,3,3,
0,0.021739130434782608,4.27872633934021,0,5ade90aa554299728e26c733,0.3333333333333333,1,3,3,
0,0,4.286749362945557,0,5a82bb3c55429966c78a6a86,0.0,0,3,6,
0,0,4.238141775131226,0,5a888a625542997e5c09a602,0.2,1,3,5,
0,0.044444444444444446,4.303671598434448,0,5ae0e183554299422ee9953f,0.5,1,3,2,
0,0,6.5870654582977295,1,5ae2c4d75542991a06ce98d0,0.0,0,6,4,
0,0,4.321826219558716,0,5ab8b02d5542991b5579efdb,0.3333333333333333,1,3,3,
0,0,4.275406360626221,0,5abe4fd95542991f6610613d,0.0,0,3,5,
0,0,4.388155460357666,0,5a74a26a55429979e28829d6,0.6666666666666666,2,3,3,
0,0.02298850574712644,4.3912718296051025,0,5ac31a73554299741d48a1e9,0.0,0,3,7,
0,0,4.3455939292907715,0,5a728f015542991f9a20c4e4,0.0,0,3,6,
0,0,4.30821681022644,0,5a75f1a755429976ec32bcb1,0.0,0,3,3,
0,0.02247191011235955,4.2883265018463135,0,5a8319a05542990548d0b178,0.0,0,3,3,
0,0,4.29196310043335,0,5a80fd17554299260e20a1f1,0.0,0,3,4,
0,0,4.28314471244812,0,5a72634d5542997f82783994,0.16666666666666666,1,3,6,
0,0,4.291658401489258,0,5a89b1de5542992e4fca8378,1.0,1,3,1,
0,0,4.2814717292785645,0,5a8841ee5542994846c1ce6b,0.25,1,3,4,
0,0,4.293889999389648,0,5a8eabf755429917b4a5bdaa,0.0,0,3,4,
0,0,4.370823383331299,0,5ae0159855429925eb1afc09,0.0,0,3,4,
0,0,4.264737844467163,0,5adf74075542992d7e9f937c,0.0,0,3,4,
0,0,4.327771902084351,0,5ae765bf5542995703ce8c12,0.0,0,3,4,
0,0.022727272727272728,4.259963274002075,0,5ac4e03f5542995c82c4ad75,0.0,0,3,4,
0,0,4.313844203948975,0,5a7129685542994082a3e5fa,0.3333333333333333,1,3,3,
0,0,4.4037766456604,0,5ac1682855429964131be1d2,0.16666666666666666,1,3,6,
0,0,4.277076721191406,0,5ade79335542997c77adee38,0.0,0,3,5,
0,0,4.293084144592285,0,5a8a1a9c5542992d82986ebb,0.3333333333333333,1,3,3,
0,0,10.023470878601074,1,5a7b85ac5542997c3ec971ef,1.0,1,6,1,
0,0,4.34199070930481,0,5a83ab355542990548d0b218,0.0,0,3,6,
0,0,4.530582904815674,0,5ade15ae5542990dbb2f7f4c,0.07142857142857142,1,3,14,
0,0,4.499303102493286,0,5adc985e5542990d50227cb7,0.3333333333333333,1,3,3,
0,0,4.497479200363159,0,5adcb0ab5542994d58a2f69a,0.3333333333333333,1,3,3,
0,0,4.457682132720947,0,5a8b71915542995d1e6f1393,0.3333333333333333,1,3,3,
0,0,4.50180983543396,0,5a8c9fc2554299653c1aa0d4,0.0,0,3,10,
0,0.0198019801980198,4.523319959640503,0,5ae7936d5542997ec27276a7,0.0,0,3,10,
0,0,4.517390251159668,0,5ac4e13f554299076e296e2d,0.5,1,3,2,
0,0,6.56217360496521,1,5abbda84554299642a094b5b,0.5,2,6,4,
0,0,3.342811107635498,0,5ac238c555429951e9e684ab,0.0,0,3,4,
0,0,3.3239245414733887,0,5aba18ee5542994dbf0198b4,0.0,0,3,4,
0,0,3.2914834022521973,0,5abbd5a75542993f40c73bd3,0.0,0,3,13,
0,0,3.300135374069214,0,5ae7620f5542997ec2727627,0.0,0,3,6,
0,0.03225806451612903,3.320157766342163,0,5a774a9855429972597f14ea,0.0,0,3,4,
0,0,3.3297252655029297,0,5a88a1bb5542997e5c09a64c,0.25,1,3,4,
0,0,3.3130507469177246,0,5ab2bc80554299194fa934d7,,,,,
0,0,3.3426077365875244,0,5ae81b2755429952e35eaa1e,0.5,1,3,2,
0,0,3.3222832679748535,0,5a8b97485542995d1e6f140f,0.2,1,3,5,
0,0,3.3059213161468506,0,5a89cde555429946c8d6e9c4,1.0,1,3,1,
0,0,3.29306697845459,0,5ac13a3d5542996f0d89cc75,0.3333333333333333,1,3,3,
0,0,3.3984460830688477,0,5ab52a255542996a3a96a048,0.16666666666666666,1,3,6,
0,0,5.7829976081848145,1,5ae3294155429928c423963d,1.0,2,6,2,
0,0,3.2802176475524902,0,5a89761d5542995153361310,0.3333333333333333,1,3,3,
0,0,3.353605031967163,0,5ade9c9355429975fa854f1b,0.2,1,3,5,
0,0,4.2992212772369385,0,5abe65e25542993f32c2a101,0.0,0,3,3,
0,0,3.295236587524414,0,5a7130365542994082a3e645,0.3333333333333333,1,3,3,
0,0,3.27114200592041,0,5ae28f43554299492dc91c2f,0.5,2,3,4,
0,0,3.326716184616089,0,5ab3eac5554299753aec59ec,0.5,2,3,4,
0,0,3.275705337524414,0,5abd7d0c55429924427fd010,0.2,1,3,5,
0,0,3.3148112297058105,0,5a8e4a7355429917b4a5bd80,0.0,0,3,3,
0,0,3.363908052444458,0,5a70f9335542994082a3e46a,0.0,0,3,3,
0,0,3.2948153018951416,0,5ab2a292554299194fa93496,0.3333333333333333,1,3,3,
0,0,3.2974610328674316,0,5a7f79155542995d8a8dde86,0.5,1,3,2,
0,0,6.505265235900879,1,5abf12005542997719eab661,0.2,1,6,5,
0,0,3.3208086490631104,0,5ae5ff845542996de7b71ad0,0.16666666666666666,1,3,6,
0,0,3.3439366817474365,0,5a87c6a75542997e5c09a56f,0.16666666666666666,1,3,6,
0,0,3.3574719429016113,0,5adf73a45542992d7e9f9378,0.0,0,3,5,
0,0,3.3521530628204346,0,5ae0504055429942ec259c6a,0.0,0,3,4,
0,0,3.3306381702423096,0,5a7bacf2554299294a54aa8d,0.5,2,3,4,
0,0,3.335261583328247,0,5a8720885542991e771816d8,0.3333333333333333,1,3,3,
0,0,3.348446846008301,0,5abbcfaf5542993f40c73ba9,0.3333333333333333,2,3,6,
0,0,3.370152711868286,0,5ac02c4a5542992a796decbd,0.0,0,3,3,
0,0,6.672594785690308,1,5ae6e36155429908198fa6d3,0.3333333333333333,1,6,3,
0,0,3.41192364692688,0,5ae2c2c05542996483e64a4a,0.2,1,3,5,
0,0,3.396109104156494,0,5a7326cb5542994cef4bc47f,0.0,0,3,5,
0,0,3.2868096828460693,0,5adc6ca85542994650320ce1,0.25,1,3,4,
0,0,3.4067749977111816,0,5a74629255429929fddd8402,0.0,0,3,7,
0,0,3.372567892074585,0,5abbaf6c554299660624171c,1.0,1,3,1,
0,0.03125,3.4130752086639404,0,5ae2fca555429928c423958a,0.0,0,3,3,
0,0,3.417283058166504,0,5ac116595542992a796dedd1,0.0,0,3,4,
0,0,7.2645604610443115,0,5a89e95c5542992e4fca8474,1.0,1,3,1,
0,0,3.3879752159118652,0,5a7631c05542994ccc91870b,0.2,1,3,5,
0,0,3.421344757080078,0,5a81b7205542990a1d231e79,0.16666666666666666,1,3,6,
0,0,3.3761885166168213,0,5adc02905542994650320c50,0.25,1,3,4,
0,0,4.278043508529663,0,5a74f63e5542993748c89758,0.4,2,3,5,
0,0,6.761197805404663,1,5a8f53ad5542992414482a50,0.16666666666666666,1,6,6,
0,0,10.760993003845215,1,5ab2b2a7554299295394681d,0.25,1,3,4,
0,0,3.2817699909210205,0,5ae67fad5542991bbc976100,0.09090909090909091,1,3,11,
0,0,3.310899257659912,0,5ae807d25542993210984045,0.0,0,3,2,
0,0,3.3223631381988525,0,5abe45b855429976d4830ad0,0.5,2,3,4,
0,0.02985074626865672,3.328399181365967,0,5a81d0515542990a1d231ed4,0.3333333333333333,1,3,3,
0,0.030303030303030307,3.3241539001464844,0,5a8a21a455429930ff3c0caf,0.25,1,3,4,
0,0,3.3053245544433594,0,5a8051265542992bc0c4a6f8,0.5,1,3,2,
0,0,3.285013198852539,0,5adc8c545542994734353734,0.0,0,3,5,
0,0,3.3384859561920166,0,5a7e49e05542991319bc9463,0.6666666666666666,2,3,3,
0,0.030769230769230767,3.3576066493988037,0,5a713f395542994082a3e6ea,0.3333333333333333,1,3,3,
0,0,3.305907726287842,0,5a8e5f1f5542995a26add4d6,0.3333333333333333,1,3,3,
0,0,3.440269708633423,0,5ab7f2d05542993667794064,0.5,2,3,4,
0,0,3.413771629333496,0,5a793b5b55429970f5fffe82,0.125,1,3,8,
0,0,3.5638580322265625,0,5a8911dd554299515336129d,0.0,0,3,3,
0,0,3.8677361011505127,0,5ab3f8c25542992ade7c6f02,0.2,1,3,5,
0,0,3.3185367584228516,0,5a811667554299260e20a23d,0.5,1,3,2,
0,0,3.3756957054138184,0,5ab30336554299166977417c,1.0,1,3,1,
0,0,3.341367483139038,0,5abbd66a5542993f40c73bd8,0.3333333333333333,1,3,3,
0,0,3.361682653427124,0,5ac2610455429951e9e68592,0.0,0,3,7,
0,0,3.3272831439971924,0,5abb01025542992ccd8e7eab,0.16666666666666666,1,3,6,
0,0,3.8249974250793457,0,5add647a5542995b365fab26,0.0,0,3,4,
0,0,3.3000662326812744,0,5a8b5c8155429949d91db56d,1.0,1,3,1,
0,0,3.328883647918701,0,5a90984f55429933b8a20578,0.3333333333333333,1,3,3,
0,0,3.3500447273254395,0,5adf2ba05542993a75d26411,0.0,0,3,5,
0,0,3.335555076599121,0,5a77bdcb5542997042120b0b,0.6666666666666666,2,3,3,
0,0,3.3551747798919678,0,5a88c4175542997e5c09a6ae,0.0,0,3,10,
0,0,3.3857665061950684,0,5a7666095542992d0ec060db,0.3333333333333333,1,3,3,
0,0,3.3659205436706543,0,5ac312ee5542995ef918c0ec,0.2,1,3,5,
0,0,3.3487629890441895,0,5a7db0a05542991319bc93f5,0.0,0,3,6,
0,0,3.327993154525757,0,5a78d38455429970f5fffd94,0.25,1,3,4,
0,0.02631578947368421,7.590866327285767,1,5ac37dd6554299218029dbdb,0.0,0,6,5,
0,0,3.7810819149017334,0,5ab66a3555429954757d3290,0.5,2,3,4,
0,0,3.7103230953216553,0,5ab59ffe5542997d4ad1f193,0.0,0,3,1,
0,0,3.6435766220092773,0,5add7b0c5542992200553b39,0.3333333333333333,1,3,3,
0,0,3.749559164047241,0,5ab661ac5542995eadeeffb1,0.0,0,3,2,
0,0,3.7181034088134766,0,5ae601e45542992663a4f23b,0.0,0,3,4,
0,0,3.754601001739502,0,5a72d7b35542991f9a20c5be,0.125,1,3,8,
0,0,3.668107032775879,0,5ac2d85e55429921a00ab06b,0.25,1,3,4,
0,0.02631578947368421,3.7230031490325928,0,5a80a587554299485f598676,0.0,0,3,2,
0,0,3.729339361190796,0,5ae2fa1b55429928c4239583,0.16666666666666666,1,3,6,
0,0,15.58876085281372,3,5ac50bca55429924173fb57f,0.3333333333333333,1,12,3,
,,,,5ae143ed55429920d5234360,,,,,"BadRequestError(400, 'search_phase_execution_exception', 'failed to create query: maxClauseCount is set to 2674')"
0,0,2.0757129192352295,0,5ac43e0f554299076e296d8e,1.0,1,3,1,
0,0,2.109137773513794,0,5a7a0e745542990783324e1d,0.5,3,3,6,
0,0,2.0608952045440674,0,5ac43530554299204fd21f0a,0.0,0,3,5,
0,0,2.0856564044952393,0,5a78e3b955429974737f78f1,1.0,1,3,1,
0,0,2.18274188041687,0,5a87279b5542991e771816f7,1.0,2,3,2,
0,0,3.119802474975586,0,5a8f8c6d5542997ba9cb32b1,1.0,2,3,2,
0,0,4.758399486541748,1,5ab327bc554299233954ff33,0.6666666666666666,2,6,3,
0,0,2.052955389022827,0,5a8b56d655429949d91db557,0.0,0,3,2,
0,0,2.0937294960021973,0,5ac033495542996f0d89cb59,0.0,0,3,3,
0,0,2.1030197143554688,0,5ab6cd0e554299710c8d1f68,1.0,1,3,1,
0,0,2.1059060096740723,0,5a7a2ec35542990783324eae,0.25,1,3,4,
0,0,7.810525178909302,1,5a7e42df5542994959419954,0.0,0,6,4,
0,0,2.0634915828704834,0,5a7b78c35542997c3ec971a9,0.1111111111111111,1,3,9,
0,0,2.1105902194976807,0,5a7dafe15542991319bc93f3,0.0,0,3,6,
0,0,2.0876269340515137,0,5adf8c375542995534e8c7dd,0.16666666666666666,1,3,6,
0,0,2.0673341751098633,0,5a79fbd3554299029c4b5f93,0.0,0,3,3,
0,0,2.0638482570648193,0,5ab8627f5542990e739ec8da,0.6666666666666666,2,3,3,
0,0,2.0960452556610107,0,5ac2ffea55429921a00ab0cc,0.1111111111111111,1,3,9,
0,0,2.086526870727539,0,5ab5467e554299494045ef5e,0.6666666666666666,2,3,3,
0,0,9.44405484199524,2,5a7e2e3a55429934daa2fbe6,0.2,1,9,5,
0,0,3.170792818069458,0,5a78f1b555429970f5fffde9,0.0,0,3,7,
0,0,3.2142748832702637,0,5ae269955542992decbdccf3,0.3333333333333333,1,3,3,
0,0,3.1652016639709473,0,5ac3ce74554299204fd21e71,0.6666666666666666,2,3,3,
0,0,7.819934368133545,2,5abab18d55429901930fa89e,0.0,0,9,7,
0,0,2.1089303493499756,0,5abc3d505542993a06baf8a7,1.0,1,3,1,
0,0,6.759867906570435,1,5ab67aba55429954757d32e7,0.0,0,6,5,
0,0,3.5847184658050537,0,5ab2be71554299166977408c,0.08333333333333333,1,3,12,
0,0,3.557868242263794,0,5ae531695542990ba0bbb1fb,0.5,1,3,2,
0,0,3.5769526958465576,0,5a738093554299623ed4abbb,0.3333333333333333,1,3,3,
0,0,3.7947826385498047,0,5a8c2d23554299240d9c20b7,1.0,2,3,2,
0,0,3.506537914276123,0,5a7b413a5542992d025e67c4,0.5,1,3,2,
0,0,3.585923671722412,0,5adfda9655429925eb1afac0,0.0,0,3,4,
0,0,3.5643019676208496,0,5adbf44355429944faac23ce,0.5,1,3,2,
0,0,3.580078125,0,5abb66c05542992ccd8e7f3e,1.0,1,3,1,
0,0,3.5760231018066406,0,5ac39df8554299741d48a2b6,0.5,1,3,2,
0,0,3.576817512512207,0,5a89fc305542993b751ca9dc,0.0,0,3,2,
0,0,5.782239198684692,1,5adffb4655429925eb1afbbf,0.3333333333333333,2,6,6,
0,0,3.395759105682373,0,5adfa6db55429942ec259ad6,0.0,0,3,2,
0,0,5.772136926651001,1,5ae3e5d05542994393b9e79f,0.0,0,6,2,
0,0,8.409229278564453,2,5a81ed345542995ce29dcc85,0.3333333333333333,1,9,3,
0,0,6.826652765274048,1,5a7f650755429969796c1a2c,0.0,0,6,3,
0,0,2.7972798347473145,0,5a84564c5542990548d0b288,0.0,0,3,4,
0,0,8.197211742401123,2,5a7736d85542994aec3b722b,0.6666666666666666,2,6,3,
0,0,3.483532428741455,0,5ae492955542995ad6573daa,0.5,1,3,2,
0,0,3.4948484897613525,0,5a845d735542996488c2e52e,0.25,1,3,4,
0,0,2.1252644062042236,0,5a8a484f5542996c9b8d5e94,0.0,0,3,17,
0,0,3.4827911853790283,0,5a83161555429940e5e1a958,0.16666666666666666,1,3,6,
0,0,3.4568896293640137,0,5ae60530554299546bf8301e,0.14285714285714285,1,3,7,
0,0,3.492326259613037,0,5a8b34705542995d1e6f130d,0.0,0,3,1,
0,0,3.5094876289367676,0,5a810d5255429926c1cdacd8,0.1111111111111111,1,3,9,
0,0,3.5045812129974365,0,5a7e23655542997cc2c47528,0.3333333333333333,1,3,3,
0,0,3.441348075866699,0,5a836d8a554299123d8c2113,0.0,0,3,4,
0,0.03225806451612903,3.4894111156463623,0,5abba3255542996cc5e4a031,0.4,2,3,5,
0,0,8.200186729431152,2,5ab6f17d5542995eadef00ee,0.0,0,9,3,
0,0,6.1429619789123535,1,5abe34095542993f32c2a088,1.0,2,6,2,
0,0,2.130533218383789,0,5a790364554299029c4b5ee6,0.0,0,3,2,
0,0,2.092054605484009,0,5abd27ba5542993062266ba7,0.5,1,3,2,
0,0,2.1106903553009033,0,5abff0785542997d64295957,0.3333333333333333,1,3,3,
0,0,2.132291316986084,0,5a7e02e05542995ed0d1667c,1.0,1,3,1,
0,0,3.6552236080169678,0,5ab43b9d5542990594ba9bc3,0.2,1,3,5,
0,0,2.062074899673462,0,5a8b6a5155429949d91db5a3,0.75,3,3,4,
0,0,2.074892282485962,0,5abcc818554299658360048b,0.3333333333333333,1,3,3,
0,0,3.5482256412506104,0,5a84af3e5542991dd0999d7c,1.0,2,3,2,
0,0,5.053887844085693,1,5ae0ead25542990adbacf6c8,0.0,0,6,3,
0,0,2.1508922576904297,0,5a891e1e5542993b751ca913,0.25,1,3,4,
0,0,2.131791591644287,0,5add2ba55542994ed6169ca8,0.75,3,3,4,
0,0,2.1382031440734863,0,5a75176a5542993748c897b6,0.0,0,3,3,
0,0,2.0993568897247314,0,5ae5c74d554299546bf82f58,0.2,1,3,5,
0,0,2.1045491695404053,0,5a77a7695542997042120ac4,0.0,0,3,4,
0,0,2.1021175384521484,0,5a851ba95542997175ce1f81,0.2,1,3,5,
0,0,3.7899272441864014,0,5adc02445542994650320c4e,0.0,0,3,3,
0,0,8.185387372970581,2,5a7cc58f554299452d57ba45,0.3333333333333333,2,9,6,
0,0,3.6003808975219727,0,5a8db42f5542994ba4e3dd11,0.0,0,3,3,
0,0.028571428571428574,3.6454248428344727,0,5ac299b155429967731025ad,0.0,0,3,6,
0,0,6.183858871459961,1,5a7312675542994cef4bc43d,0.0,0,6,5,
0,0,3.7847957611083984,0,5adde5155542997dc7907092,1.0,1,3,1,
0,0,3.738006830215454,0,5abba8545542993f40c73b72,0.3333333333333333,1,3,3,
0,0,3.807338237762451,0,5a771e0b55429966f1a36c75,0.3333333333333333,1,3,3,
0,0,10.989600658416748,1,5add3e2b5542997545bbbcf5,0.0,0,6,2,
0,0,3.773685932159424,0,5a7fcd9c5542992e7d278da9,0.0,0,3,4,
0,0,3.7789950370788574,0,5a7c43c65542990527d5547e,0.25,1,3,4,
0,0,8.32308840751648,2,5ae6097c55429929b0807a9a,0.3333333333333333,1,9,3,
0,0,2.0976691246032715,0,5a77322055429972597f1494,0.0,0,3,3,
0,0,2.1024370193481445,0,5ac24d725542996366519966,0.0,0,3,10,
0,0,2.0857529640197754,0,5a78ae8b5542990784727730,0.3333333333333333,1,3,3,
0,0,5.143287181854248,1,5a86578755429960ec39b668,0.3333333333333333,1,6,3,
0,0,2.126312255859375,0,5a7c7c225542996dd594b93f,0.0,0,3,3,
0,0,2.0980420112609863,0,5a8e4b7c5542990e94052ab7,0.5,1,3,2,
0,0,2.1126997470855713,0,5a81736255429903bc27b96e,0.0,0,3,1,
0,0,2.099933624267578,0,5abb14a55542992ccd8e7f06,0.0,0,3,9,
0,0,2.121938467025757,0,5a7c8e7955429935c91b521a,0.0,0,3,3,
0,0,4.052321434020996,0,5a7e30b255429934daa2fbeb,0.0,0,3,10,
0,0,2.1269900798797607,0,5ac3a4ab5542993915413870,0.0,0,3,4,
0,0,2.099187135696411,0,5a8ad8305542992d82986f9d,0.0,0,3,3,
0,0,2.0730724334716797,0,5a79caec5542994bb94570ad,0.3333333333333333,1,3,3,
0,0,2.1389458179473877,0,5ae49a1855429970de88d9cc,0.25,1,3,4,
0,0,4.052555799484253,0,5a77b13655429967ab105235,0.0,0,3,4,
0,0,2.1039788722991943,0,5ae7f7d85542994a481bbe52,0.0,0,3,3,
0,0,4.125348091125488,0,5ab3cecd5542992ade7c6eae,0.3333333333333333,1,3,3,
0,0,4.026886701583862,0,5a847e0a5542990548d0b2c3,0.0,0,3,4,
0,0,2.096656084060669,0,5a88364c5542994846c1ce2e,0.5,1,3,2,
0,0,4.525399446487427,1,5a7eb8f655429934daa2fc50,0.5,2,6,4,
0,0,2.058701515197754,0,5ae528e655429908b632652c,0.3333333333333333,1,3,3,
0,0,2.098310708999634,0,5abc9fb055429959677d6ac9,0.5,1,3,2,
0,0,6.462104558944702,2,5a74d64055429916b0164223,0.0,0,9,6,
0,0,2.1105599403381348,0,5ab7484c5542992aa3b8c80d,0.0,0,3,4,
0,0,2.0815820693969727,0,5a7ce100554299683c1c63b5,0.125,1,3,8,
0,0,2.094676971435547,0,5a909a0355429916514e7505,0.6666666666666666,2,3,3,
0,0,4.131275415420532,1,5a7337715542991f9a20c690,0.2,1,6,5,
0,0,2.145189046859741,0,5ae73c00554299572ea5478a,1.0,1,3,1,
0,0,2.096020460128784,0,5a89d8d055429946c8d6e9df,0.0,0,3,1,
0,0,4.212812185287476,1,5ac507725542994611c8b32a,0.0,0,6,7,
0,0,2.150724411010742,0,5ab262e2554299722f9b4cfd,0.3333333333333333,1,3,3,
0,0,2.1331748962402344,0,5ae205fd554299234fd043a9,0.3333333333333333,1,3,3,
0,0,4.230211973190308,1,5a74adb455429916b01641c6,0.0,0,6,6,
0,0,2.160240650177002,0,5ae30a4655429928c42395bb,0.5,1,3,2,
0,0,2.098520517349243,0,5a8a416955429930ff3c0d2b,0.16666666666666666,1,3,6,
0,0.022727272727272724,3.974405527114868,0,5a87c0945542996e4f30890b,0.25,1,3,4,
0,0,7.216026306152344,1,5abcf46255429959677d6b6b,0.6666666666666666,2,6,3,
0,0,4.018635034561157,0,5ab7178f5542991d32223774,0.5,2,3,4,
0,0.021505376344086023,4.032503843307495,0,5aba454855429901930fa794,0.0,0,3,2,
0,0,4.034677743911743,0,5adfa73b55429942ec259ad8,0.3333333333333333,1,3,3,
0,0,4.041891813278198,0,5ab3dbd8554299233954ffd6,0.2,1,3,5,
0,0,5.3135130405426025,1,5a7a93115542995eb53be86f,0.6666666666666666,2,6,3,
0,0,2.0407087802886963,0,5a79f6825542996c55b2dcb4,0.0,0,3,6,
0,0,2.1159162521362305,0,5a7c646e55429907fabeef7c,0.5,2,3,4,
0,0,2.0827455520629883,0,5a7a650355429941d65f2615,0.0,0,3,1,
0,0,2.1322274208068848,0,5ae4903855429913cc2044a0,0.25,2,3,8,
0,0,2.128525495529175,0,5ab3d1b85542992ade7c6eba,0.14285714285714285,1,3,7,
0,0,2.08736252784729,0,5ab8337a55429919ba4e225f,0.4,2,3,5,
0,0,2.107252836227417,0,5a7bea3d5542996dd594b847,0.0,0,3,3,
0,0,2.137902021408081,0,5a882d9a5542997e5c09a599,0.0,0,3,3,
0,0,2.1436328887939453,0,5ab602405542992aa134a401,0.3333333333333333,1,3,3,
0,0,2.118684768676758,0,5ab6cce1554299710c8d1f67,0.0,0,3,4,
0,0,2.084256649017334,0,5a72814f5542994cef4bc2eb,0.3333333333333333,1,3,3,
0,0,2.121840476989746,0,5abbdb9a55429931dba145ad,0.0,0,3,3,
0,0,2.098728656768799,0,5ab488bc5542990594ba9c55,0.5,1,3,2,
0,0,2.1156158447265625,0,5abf1a6b5542997ec76fd3c1,0.2857142857142857,2,3,7,
0,0,2.107940673828125,0,5a9070dd5542995b442420b5,0.25,1,3,4,
0,0,2.136157989501953,0,5ab3d2595542992ade7c6ebf,0.16666666666666666,1,3,6,
0,0,6.151210784912109,1,5ab6c63755429953192ad38b,0.0,0,6,6,
0,0,4.067689657211304,0,5a8b1a925542997f31a41c6e,0.2,1,3,5,
0,0,4.003170490264893,0,5a77afcd5542997042120adf,0.5,1,3,2,
0,0,4.03599739074707,0,5a8600665542994775f606ee,0.3333333333333333,1,3,3,
0,0,7.1629319190979,1,5ac2583b55429951e9e68565,0.5,1,6,2,
0,0.022727272727272724,4.006563425064087,0,5a8d9f35554299441c6ba018,0.6666666666666666,2,3,3,
0,0,3.995199680328369,0,5a8284b555429954d2e2eb5f,0.25,1,3,4,
0,0,4.022084474563599,0,5ac1c7605542994ab5c67e14,0.0,0,3,12,
0,0,4.073964834213257,0,5ae22670554299234fd043fc,0.3333333333333333,1,3,3,
0,0,4.000027418136597,0,5a810c44554299260e20a221,0.0,0,3,2,
0,0,4.007820129394531,0,5a7ec7f355429934daa2fc64,0.5,2,3,4,
0,0,4.011153936386108,0,5ae7257a554299572ea54731,1.0,2,3,2,
0,0.022222222222222223,4.025357961654663,0,5a755f0a5542996c70cfaee7,1.0,1,3,1,
0,0,7.367583751678467,1,5adf6b405542992d7e9f9341,0.0,0,6,12,
0,0,4.012510061264038,0,5ab74eb85542993667793fb8,0.25,1,3,4,
0,0,4.041419506072998,0,5a76fe7b5542994aec3b71b2,0.08333333333333333,1,3,12,
0,0,4.039143323898315,0,5ab91b6c55429934fafe6e5f,0.0,0,3,3,
0,0,3.9928348064422607,0,5a83172455429954d2e2ec14,0.0,0,3,6,
0,0,4.050987482070923,0,5abece075542997ec76fd36d,0.16666666666666666,1,3,6,
0,0,4.037106275558472,0,5a8a833855429970aeb702fe,0.2,1,3,5,
0,0,4.012475490570068,0,5abface75542990832d3a196,0.0,0,3,8,
0,0,4.0495665073394775,0,5abd882f55429924427fd045,0.4,2,3,5,
0,0,4.009598731994629,0,5ac4d314554299076e296e02,0.2,1,3,5,
0,0,3.98122239112854,0,5a85bc2d5542994c784ddb70,0.0,0,3,2,
0,0,4.006444931030273,0,5a88fa1c5542995153361219,0.0,0,3,3,
0,0,4.057394027709961,0,5ae1e4095542997283cd22bf,0.4,2,3,5,
0,0,3.978926420211792,0,5abd96fe5542992ac4f382d9,0.2,1,3,5,
0,0,4.018024682998657,0,5a7c67c15542990527d55498,0.0,0,3,2,
0,0,4.017733573913574,0,5ae256c35542994d89d5b3e9,0.0,0,3,3,
0,0.02197802197802198,4.006575345993042,0,5ae1c3cd554299492dc91b87,0.0,0,3,3,
0,0,4.0564024448394775,0,5a8a1a975542992e4fca8505,0.0,0,3,5,
0,0,4.020009517669678,0,5ac160605542994ab5c67d02,0.0,0,3,4,
0,0,4.013678789138794,0,5a75ac415542992d0ec05fdb,0.0,0,3,8,
0,0,4.122612714767456,0,5ae5a63c5542992663a4f203,0.0,0,3,3,
0,0,5.2733564376831055,1,5a77d5b855429949eeb29f77,0.5,1,6,2,
0,0,4.021329164505005,0,5a8c5bff554299240d9c2139,0.4,2,3,5,
0,0.04301075268817204,3.998225212097168,0,5a8a573355429970aeb7029a,0.0,0,3,4,
0,0.02105263157894737,4.022076845169067,0,5ae4ca6355429913cc204507,0.6666666666666666,2,3,3,
0,0.022222222222222223,4.02953314781189,0,5a7264ed5542990c210a411a,0.0,0,3,4,
0,0.022727272727272724,4.020950078964233,0,5add2df85542992ae4cec4d6,1.0,1,3,1,
0,0,4.015744209289551,0,5a77e62b5542992a6e59dfea,0.3333333333333333,1,3,3,
0,0,4.054235458374023,0,5ac19ba355429963665198b7,0.0,0,3,1,
0,0,2.112868070602417,0,5ab32256554299233954ff22,0.0,0,3,4,
0,0,4.046039819717407,0,5a728b1c5542992359bc30e0,0.0,0,3,7,
0,0,7.573882818222046,1,5abec8e45542997ec76fd364,0.4,2,6,5,
0,0,4.043671369552612,0,5a8753c05542994846c1cd62,0.2857142857142857,2,3,7,
0,0,4.042293310165405,0,5ae6638555429908198fa5ba,0.0,0,3,4,
0,0,4.010477304458618,0,5a77857155429949eeb29ebf,0.0,0,3,10,
0,0,4.057026147842407,0,5ae1f70c5542997f29b3c1c5,0.0,0,3,5,
0,0,4.0349016189575195,0,5ac10832554299012d1db687,0.25,1,3,4,
0,0.04255319148936171,4.041847229003906,0,5ae0b0ab55429945ae959423,0.16666666666666666,1,3,6,
0,0,4.010119676589966,0,5ab7a1f65542991d3222378f,0.0,0,3,2,
0,0,4.017253160476685,0,5a7563a45542996c70cfaeec,0.5,2,3,4,
0,0,4.033526182174683,0,5ae792f55542994a481bbdae,0.07142857142857142,1,3,14,
0,0,4.022514343261719,0,5ac3ac1855429939154138ab,0.0,0,3,4,
0,0,4.02629542350769,0,5a802b595542995d8a8ddf51,0.5,1,3,2,
0,0,3.998556137084961,0,5a79c1095542996c55b2dc62,1.0,2,3,2,
0,0,4.04126501083374,0,5adc93a4554299438c868e01,0.3333333333333333,1,3,3,
0,0,7.241442918777466,1,5ab91e3255429916710eb117,0.0,0,6,3,
0,0,7.511173725128174,1,5a804f01554299485f5985bf,0.0,0,6,4,
0,0,2.117445707321167,0,5a7fa22b5542992097ad2fa6,0.3333333333333333,1,3,3,
0,0,4.0325846672058105,0,5abc1ca15542993a06baf88d,0.0,0,3,2,
0,0,4.023171424865723,0,5ab204795542993be8fa98ad,0.0,0,3,3,
0,0,4.041061639785767,0,5addf05a5542997dc79070cd,0.4,2,3,5,
0,0,4.011307239532471,0,5a79bed05542994bb9457053,0.0,0,3,1,
0,0,5.42630672454834,1,5a8ffd705542995651fb5096,1.0,1,6,1,
0,0,4.0121917724609375,0,5a8cac04554299240d9c21ce,0.0,0,3,5,
0,0,3.991553783416748,0,5ab5fcae554299110f2199ad,0.3333333333333333,1,3,3,
0,0,3.9772372245788574,0,5a8f876e5542997ba9cb32a1,0.3333333333333333,1,3,3,
0,0,3.9228880405426025,0,5adfb992554299603e418391,0.0,0,3,11,
0,0,3.9789161682128906,0,5adcc7395542990d50227d13,0.5,2,3,4,
,,,,5ab85d6c55429919ba4e22cb,,,,,Ollama request exceeded timeout limit for model stable-qwen with error: timed out
0,0,4.017622470855713,0,5a796c805542990784727805,0.0,0,3,2,
0,0,4.032417058944702,0,5ae21154554299495565d9d4,0.4,2,3,5,
0,0,4.019249439239502,0,5adcc6765542994d58a2f6c9,0.16666666666666666,1,3,6,
0,0,3.8958230018615723,0,5abd64cb55429933744ab7ad,0.5,1,3,2,
0,0,8.100327968597412,1,5ab7cc145542995dae37e9a1,0.5,2,6,4,
0,0,3.9975876808166504,0,5a77a14655429949eeb29f13,0.16666666666666666,1,3,6,
0,0,3.8783535957336426,0,5ae00b9f554299025d62a3c3,0.5,2,3,4,
0,0,3.8833682537078857,0,5ab3acc9554299753aec5985,0.0,0,3,5,
0,0,4.02642822265625,0,5a79cd395542994bb94570be,1.0,2,3,2,
0,0,4.030205965042114,0,5ab236645542993be8fa98c9,0.0,0,3,5,
0,0,4.074453115463257,0,5ae8027d5542993210984031,0.0,0,3,4,
0,0,4.039527416229248,0,5a879dae5542996e4f308885,0.0,0,3,4,
0,0,4.019257545471191,0,5a7a03225542996c55b2dcd5,0.0,0,3,7,
0,0,4.014151096343994,0,5a7dc3275542997cc2c4749c,0.0,0,3,3,
0,0,4.018415927886963,0,5a89f6235542993b751ca9c7,0.0,0,3,4,
0,0,7.89780068397522,1,5a775cdb5542993735360244,0.0,0,6,10,
0,0,3.9832870960235596,0,5a8efba955429918e830d173,0.0,0,3,12,
0,0,4.049200534820557,0,5ae2952a5542994d89d5b42b,0.0,0,3,3,
0,0,4.041002988815308,0,5adfa97555429942ec259ae1,0.0,0,3,5,
0,0,3.8705708980560303,0,5a8b3d795542997f31a41cc1,0.6666666666666666,2,3,3,
0,0,4.019840955734253,0,5a7717635542994aec3b71e3,0.25,1,3,4,
0,0,4.054823637008667,0,5a83b01c5542996488c2e489,1.0,1,3,1,
0,0,4.07880711555481,0,5ab7d33d5542992aa3b8c859,0.16666666666666666,1,3,6,
,,,,5a8c6bd55542995e66a475ea,,,,,Ollama request exceeded timeout limit for model stable-qwen with error: timed out
0,0,4.044311046600342,0,5a773c7755429972597f14b5,0.0,0,3,3,
0,0,4.028912782669067,0,5ab1ec725542993be8fa9883,0.3333333333333333,1,3,3,
0,0,2.1021111011505127,0,5ae49bb755429970de88d9d7,0.0,0,3,7,
0,0,3.7248637676239014,0,5ac2e9c45542990b17b154a0,0.5,1,3,2,
0,0,4.03999137878418,0,5a77c0c05542995d831812a1,0.0,0,3,4,
0,0,4.042093276977539,0,5a80870d5542992bc0c4a752,0.3333333333333333,1,3,3,
0,0,5.628222703933716,1,5a772c925542993735360208,0.0,0,6,3,
0,0,2.088660717010498,0,5a8a09765542992d82986e67,0.0,0,3,5,
0,0,2.071817636489868,0,5a7b220855429931da12c9e5,0.0,0,3,6,
0,0,2.0541610717773438,0,5ac51c2255429924173fb5b4,0.5,1,3,2,
0,0,2.0865538120269775,0,5ab868e755429919ba4e22e3,0.5,1,3,2,
0,0,2.0593597888946533,0,5ab3c7df55429969a97a81be,,,,,
0,0,2.0824220180511475,0,5a7294b65542991f9a20c509,1.0,1,3,1,
0,0,2.050858974456787,0,5a8595a85542992a431d1b48,0.14285714285714285,1,3,7,
0,0,2.084463119506836,0,5a887771554299206df2b294,0.5,2,3,4,
0,0,2.074026346206665,0,5a88b3b4554299206df2b336,0.0,0,3,3,
0,0,2.1134755611419678,0,5ae6fee3554299572ea54670,0.0,0,3,8,
0,0,2.054056167602539,0,5ab97a315542996be2020517,0.0,0,3,2,
0,0,2.131573438644409,0,5a714b645542994082a3e78b,0.3333333333333333,1,3,3,
0,0,2.118433713912964,0,5abd0553554299700f9d7963,0.0,0,3,7,
0,0,2.1040585041046143,0,5add1d435542990d50227de8,0.3333333333333333,1,3,3,
0,0,2.06431245803833,0,5a8a0ed55542992e4fca84e8,0.16666666666666666,1,3,6,
0,0,2.111807346343994,0,5ab2861b554299449642c8df,1.0,2,3,2,
0,0,2.075864315032959,0,5a76394c5542994ccc918725,0.0,0,3,5,
0,0,2.0633444786071777,0,5adc995d5542994ed6169ba8,0.0,0,3,5,
0,0,2.0854299068450928,0,5abd0b9a5542996e802b46b7,0.3333333333333333,1,3,3,
0,0,4.1387670040130615,1,5ab7948b5542995dae37e969,0.0,0,6,9,
0,0,2.0711135864257812,0,5a7f1d3c5542993067513639,0.3333333333333333,2,3,6,
0,0,2.0855350494384766,0,5a8661535542994775f60758,0.3333333333333333,1,3,3,
0,0,2.0852108001708984,0,5ab4396555429942dd415eed,0.2,1,3,5,
0,0.02173913043478261,10.721351146697998,3,5ae3776e5542992e3233c40c,0.5,1,12,2,
0,0,4.065529823303223,0,5ac259585542992f1f2b3868,0.0,0,3,4,
0,0,4.039016962051392,0,5a77671255429966f1a36d21,0.25,1,3,4,
0,0,4.0013954639434814,0,5ae1b8075542997283cd2262,0.3333333333333333,2,3,6,
0,0,4.036411762237549,0,5ae773eb5542997b22f6a777,0.0,0,3,4,
0,0,4.011354684829712,0,5ab72b5855429928e1fe3828,0.0,0,3,5,
0,0.02173913043478261,8.625427484512329,2,5ab7b3cc55429928e1fe3893,0.0,0,9,4,
0,0,4.039892911911011,0,5ab8261655429934fafe6cf1,0.0,0,3,4,
0,0,8.092899799346924,1,5ab8848d55429916710eb07b,0.3333333333333333,1,6,3,
0,0,4.039632081985474,0,5ae26c435542994d89d5b420,0.0,0,3,3,
0,0,4.150940179824829,1,5ab6c181554299110f219a5f,0.0,0,6,13,
0,0,2.089341163635254,0,5ab707d65542991d32223761,0.1111111111111111,1,3,9,
0,0.075,3.7624847888946533,0,5a7fa2ad5542994857a76792,0.4,2,3,5,
0,0,2.0875234603881836,0,5ae346365542991a06ce9985,0.5,1,3,2,
0,0,2.088873863220215,0,5a8645825542991e771815eb,0.14285714285714285,1,3,7,
0,0,2.089399814605713,0,5a8e0d04554299068b959e3a,0.3333333333333333,2,3,6,
0,0,2.1260228157043457,0,5a7a96b055429941d65f26d7,0.3333333333333333,1,3,3,
0,0,2.1235265731811523,0,5abc5955554299114383a118,0.0,0,3,3,
0,0,2.091393232345581,0,5ae780bf554299540e5a55d0,0.3333333333333333,1,3,3,
0,0,2.156414747238159,0,5ae1452c554299422ee99654,0.0,0,3,6,
0,0,2.0767834186553955,0,5ac3ac8255429939154138ad,0.0,0,3,1,
0,0,2.124458074569702,0,5abdd30c5542991f66106052,0.0,0,3,7,
0,0,2.1099743843078613,0,5a7fa1b05542994857a7678e,0.4,2,3,5,
0,0,2.1076900959014893,0,5a88fa145542997e5c09a6e1,0.3333333333333333,1,3,3,
0,0,2.092320442199707,0,5ab90db455429916710eb0f2,0.0,0,3,2,
0,0,2.102142572402954,0,5ab95dd8554299743d22eb13,0.0,0,3,3,
0,0,7.363785982131958,1,5a7bbc59554299294a54aaa9,0.3333333333333333,1,6,3,
0,0,3.766869068145752,0,5a8595005542992a431d1b40,0.2,1,3,5,
0,0,5.863199234008789,1,5a884adb5542996e4f308938,0.0,0,6,3,
0,0,7.006086349487305,1,5ae0db8955429924de1b71a1,0.25,1,6,4,
0,0,4.0062172412872314,0,5ae5fc345542993aec5ec1f8,1.0,1,3,1,
0,0,4.020123720169067,0,5a84800f554299123d8c2276,0.5,2,3,4,
0,0,10.260001420974731,2,5ab1d2585542997061209581,0.0,0,9,4,
0,0,3.8660078048706055,0,5abd0077554299700f9d7954,0.0,0,3,4,
0,0,3.911970376968384,0,5ae0cf8355429945ae959464,0.4,2,3,5,
0,0,12.656124830245972,1,5ae63cc55542992ae0d16298,0.0,0,6,7,
0,0,3.7532620429992676,0,5a7d70d45542990b8f50398a,0.0,0,3,4,
0,0,9.0423583984375,2,5abd578a5542993062266c5d,0.0,0,9,4,
0,0,3.878230333328247,0,5ae361605542994393b9e69b,0.0,0,3,2,
0,0,3.8402278423309326,0,5adc46665542994650320cc8,0.0,0,3,4,
0,0,3.794851541519165,0,5a87964c5542996e4f30885f,0.3333333333333333,1,3,3,
0,0,22.064350128173828,3,5a842f705542996488c2e4fc,0.2,1,12,5,
0,0,2.090869903564453,0,5ab2929a554299449642c900,0.3333333333333333,1,3,3,
0,0,2.0882136821746826,0,5a89d36e554299515336132a,0.0,0,3,2,
,,,,5ae46c9d5542996836b02c9d,,,,,Ollama request exceeded timeout limit for model stable-qwen with error: timed out
0,0,2.0778391361236572,0,5ae1cf785542997f29b3c12a,0.0,0,3,3,
0,0,2.087960720062256,0,5a8de4595542995085b37348,0.0,0,3,6,
0,0,2.0949296951293945,0,5ab7f0995542995dae37e9fb,0.5,1,3,2,
0,0,2.1263060569763184,0,5a7345ed5542992359bc32ce,0.3333333333333333,1,3,3,
0,0,2.0925207138061523,0,5abf92c45542993fe9a41e07,0.0,0,3,3,
0,0,2.112128257751465,0,5a8ba67755429971feec4748,0.5,2,3,4,
0,0,2.115548610687256,0,5a874f20554299211dda2bd6,1.0,1,3,1,
0,0,2.083130121231079,0,5abbdd6955429931dba145b5,0.5,1,3,2,
0,0,2.1118245124816895,0,5ae635505542992ae0d16282,0.0,0,3,4,
0,0,7.240656614303589,1,5a7a3d435542996a35c17154,1.0,1,6,1,
0,0,4.661627292633057,1,5a7d598d5542995f4f402262,0.5,1,6,2,
0,0,2.106858253479004,0,5ae0f8a05542997b2ef7d0bc,0.3333333333333333,1,3,3,
0,0,2.136845588684082,0,5a7af4bb55429927d897bf1d,0.0,0,3,8,
0,0,2.111326217651367,0,5a81778355429926c1cdad2e,0.0,0,3,2,
0,0,2.0825586318969727,0,5a77b9a35542995d83181280,0.4,2,3,5,
0,0,2.1072096824645996,0,5ab724b45542991d32223785,0.0,0,3,3,
0,0,4.230313777923584,1,5a7c25895542997c3ec972e6,0.125,1,6,8,
0,0,4.151180744171143,1,5ac415445542995c82c4acb7,0.0,0,6,3,
0,0,2.1099419593811035,0,5ab95a63554299743d22eb06,0.0,0,3,4,
0,0,2.12422251701355,0,5ab3b50055429969a97a818c,0.25,1,3,4,
0,0,2.077813148498535,0,5ae1568a55429901ffe4ae6b,0.0,0,3,9,
0,0,4.350913047790527,1,5a7f10e2554299306751360b,0.2857142857142857,2,6,7,
0,0,4.051861524581909,0,5a7af2a455429931da12c998,0.2857142857142857,2,3,7,
0,0,3.9220142364501953,0,5ae1810555429901ffe4aecf,0.3333333333333333,1,3,3,
,,,,5ae0ae4555429945ae959419,,,,,Ollama request exceeded timeout limit for model stable-qwen with error: timed out
0,0,3.7907464504241943,0,5abb8afe5542993f40c73b1e,0.0,0,3,2,
0,0,9.183318138122559,2,5ab82e195542992aa3b8c8a8,0.3333333333333333,1,9,3,
0,0,4.006807565689087,0,5a8d227a554299585d9e37b1,0.0,0,3,2,
0,0.02197802197802198,4.01561427116394,0,5add60905542995b365fab1d,1.0,1,3,1,
0,0,4.00342059135437,0,5a77c6e05542995d831812c7,0.0,0,3,5,
0,0.022988505747126436,6.035358667373657,1,5ae1ee6d5542997283cd22fd,1.0,1,6,1,
0,0,15.38675045967102,5,5add2b865542992c1e3a2550,0.5,1,18,2,
,,,,5ab5ee055542997d4ad1f259,,,,,"BadRequestError(400, 'search_phase_execution_exception', 'failed to create query: maxClauseCount is set to 2674')"
0,0.022988505747126436,3.5524094104766846,0,5ac514d05542994611c8b372,0.5,1,3,2,
0,0,3.557705879211426,0,5a8836445542997e5c09a5a5,1.0,1,3,1,
0,0,3.7366156578063965,0,5a8010685542992bc0c4a69a,0.16666666666666666,1,3,6,
0,0,3.5638680458068848,0,5a728dc65542992359bc30ef,0.2,1,3,5,
0,0,78.25074505805969,3,5a7c38c955429935c91b5132,0.4,2,12,5,
0,0.029411764705882353,11.439842939376831,1,5ab4378f5542991751b4d6f3,0.3333333333333333,1,6,3,
0,0,3.3000316619873047,0,5ab4028555429976abd1bd2b,0.0,0,3,5,
0,0,3.323340892791748,0,5ac2a41e55429967731025d0,0.5,1,3,2,
0,0,3.2965965270996094,0,5adeaec455429939a52fe952,0.3333333333333333,2,3,6,
0,0,3.3137195110321045,0,5a7f84225542994857a76756,0.125,1,3,8,
0,0,3.3445277214050293,0,5addce005542997dc790703c,0.3333333333333333,2,3,6,
0,0,3.323535680770874,0,5a87ef2f55429938390d3eb9,0.0,0,3,3,
0,0,7.539305686950684,1,5abd1b5e55429933744ab728,0.25,1,6,4,
0,0,3.3092563152313232,0,5a7a5ea15542994f819ef1c7,0.3333333333333333,2,3,6,
0,0,3.2698917388916016,0,5a8d42c95542994ba4e3dc43,0.0,0,3,14,
0,0,3.3314781188964844,0,5abb342055429966062416e8,0.25,1,3,4,
0,0,3.288299798965454,0,5ab2b630554299545a2cfa17,0.1111111111111111,1,3,9,
0,0,3.291259288787842,0,5a7320ac5542991f9a20c620,0.0,0,3,5,
0,0,17.911879062652588,4,5a8febb555429916514e73e4,0.25,1,15,4,
,,,,5a86481b5542996432c571b5,,,,,"BadRequestError(400, 'search_phase_execution_exception', 'failed to create query: maxClauseCount is set to 2674')"
,,,,5a7d93945542990b8f5039b8,,,,,Ollama request exceeded timeout limit for model stable-qwen with error: timed out
0,0,3.1739304065704346,0,5ae150ab55429901ffe4ae53,0.0,0,3,5,
0,0,3.1504857540130615,0,5a7528e955429929fddd850e,0.0,0,3,4,
0,0,3.1757729053497314,0,5ae5dae2554299546bf82fa4,0.25,1,3,4,
0,0,4.583033800125122,0,5ae12f105542997b2ef7d11e,0.0,0,3,2,
0,0,2.9297237396240234,0,5a72dcb45542992359bc31af,0.6666666666666666,2,3,3,
0,0,3.1791605949401855,0,5ae530e355429908b6326561,0.5,2,3,4,
0,0,3.202007532119751,0,5abe3abb55429965af743ea1,0.14285714285714285,1,3,7,
0,0,3.1351735591888428,0,5a77a15b5542995d83181226,0.0,0,3,3,
0,0,3.1371545791625977,0,5ae409d955429970de88d89d,0.0,0,3,5,
0,0,3.1228644847869873,0,5ae3fe635542996836b02c07,0.0,0,3,5,
0,0,3.1573121547698975,0,5a7322a25542991f9a20c634,0.2,1,3,5,
0,0,10.667258739471436,2,5a7324e055429901807daf8f,3.0,3,9,1,
0,0.03225806451612903,3.1406490802764893,0,5addcfd65542997dc790703e,0.0,0,3,7,
0,0,3.12602162361145,0,5abe92de5542993f32c2a16b,0.3333333333333333,2,3,6,
0,0,3.1579511165618896,0,5a80f42b55429938b614226c,0.3333333333333333,1,3,3,
,,,,5ab94ade554299743d22eac7,,,,,Ollama request exceeded timeout limit for model stable-qwen with error: timed out
0,0.03225806451612903,3.1139583587646484,0,5aba89fb5542994dbf019933,0.25,1,3,4,
0,0,3.1346843242645264,0,5a7651825542992d0ec060a3,0.3333333333333333,1,3,3,
0,0,3.1667251586914062,0,5ac3c1585542995ef918c21d,0.3333333333333333,1,3,3,
0,0,3.187995433807373,0,5a797bd95542994bb9457016,0.0,0,3,8,
0,0,18.395800590515137,5,5ade5a645542997c77adee0d,0.3333333333333333,1,18,3,
,,,,5ae36ee05542992f92d822c4,,,,,Ollama request exceeded timeout limit for model stable-qwen with error: timed out
0,0,19.400064945220947,5,5a8b231055429949d91db4c9,0.0,0,18,3,
0,0,21.195836067199707,5,5addd41b5542990dbb2f7e94,0.0,0,18,3,
0,0,18.053520917892456,5,5a8a5bd355429970aeb702b9,0.6666666666666666,2,18,3,
0,0,19.780129194259644,5,5adbfc945542996e68525296,0.0,0,18,2,
0,0,28.476800203323364,5,5adc294c5542996e685252cf,0.6666666666666666,2,18,3,
0,0,22.796639919281006,3,5a7351785542994cef4bc539,0.4,2,12,5,
0,0,48.93942165374756,5,5adbc8e25542996e68525230,0.3333333333333333,1,15,3,
0,0,32.63621997833252,3,5ae0247955429925eb1afc22,0.0,0,12,11,
0,0,6.948818683624268,0,5a8cdcb0554299441c6b9f33,0.16666666666666666,1,3,6,
0,0,51.147024154663086,5,5a888abc5542997e5c09a604,0.0,0,15,3,
0,0,49.93010067939758,5,5ab9e2055542994dbf019884,0.14285714285714285,1,18,7,
0,0,17.125935554504395,1,5a851b0d5542997175ce1f7f,0.3333333333333333,1,6,3,
0,0.011695906432748537,38.891236543655396,5,5abd0eae5542996e802b46d4,0.25,1,18,4,
0,0,42.02639651298523,5,5ab930c75542996be202043a,0.5,1,18,2,
0,0,30.604716300964355,5,5abc0dfe55429959677d6a05,0.6666666666666666,2,18,3,
0,0,10.210527420043945,2,5a82ebb855429966c78a6a9c,0.25,1,9,4,
0,0,18.902921438217163,5,5a7a1d305542990783324e66,0.2,1,18,5,
0,0,13.370501279830933,4,5ac290e85542992f1f2b3916,0.5,1,15,2,
0,0,29.777478456497192,5,5a7b116a554299042af8f6c4,0.3333333333333333,1,18,3,
0,0,43.402021408081055,5,5ab553e2554299494045ef81,0.0,0,18,6,
0,0,42.60507297515869,5,5ab587f85542992aa134a34d,0.25,1,18,4,
0,0,42.39476680755615,5,5a732ab25542991f29ee2d25,0.0,0,18,5,
0,0,42.40806722640991,5,5ac283f7554299677310254a,1.0,1,18,1,
0,0,42.34202694892883,5,5a7aa5e75542992d025e66d9,0.0,0,18,14,
0,0,6.169334650039673,0,5ae237cf5542992decbdcc78,0.3333333333333333,1,3,3,
0,0.013157894736842106,6.18016791343689,0,5abe4a365542993f32c2a0dc,0.3333333333333333,1,3,3,
0,0,13.272504568099976,1,5a84f4c75542997175ce1f31,0.2,1,6,5,
0,0,6.1797194480896,0,5add64e35542992200553ae8,0.0,0,3,4,
0,0,6.161222457885742,0,5ac02d59554299294b218f3b,0.3333333333333333,1,3,3,
0,0,6.1955037117004395,0,5adbe27c55429947ff173854,0.2,1,3,5,
0,0,6.1877968311309814,0,5a84e0a45542991dd0999e11,0.25,1,3,4,
0,0,6.176803827285767,0,5ac2e97d554299657fa290c0,0.0,0,3,8,
0,0,6.153031826019287,0,5a8ec3205542995a26add506,0.6666666666666666,2,3,3,
0,0,6.147193193435669,0,5ae39e9c5542990afbd1e195,0.0,0,3,3,
0,0,32.522321462631226,5,5a8c92dd554299653c1aa0c4,0.0,0,18,3,
0,0,12.006618976593018,1,5a81dbfc55429903bc27b9f2,0.2,1,6,5,
,,,,5ab5e4e15542997d4ad1f229,,,,,Ollama request exceeded timeout limit for model stable-qwen with error: timed out
0,0,37.52456498146057,5,5add00775542992c1e3a2503,0.0,0,18,2,
0,0.018018018018018018,17.28326940536499,2,5ae7a8d35542994a481bbdbb,0.0,0,9,3,
0,0,5.227773189544678,0,5ab439f055429942dd415eef,0.0,0,3,5,
0,0,5.174968719482422,0,5a8b6efd5542997f31a41d2b,0.4,2,3,5,
0,0,5.19246244430542,0,5ac02d345542992a796decc0,0.3333333333333333,1,3,3,
0,0,5.186811923980713,0,5a892d6f55429951533612d1,0.5,1,3,2,
0,0.018518518518518517,5.191991806030273,0,5abd68d655429933744ab7c0,0.2,1,3,5,
0,0,5.18323278427124,0,5ac3891f554299741d48a284,0.125,1,3,8,
0,0,5.201529502868652,0,5a8135eb55429938b61422fa,0.5,1,3,2,
0,0,5.2030394077301025,0,5a7e355055429934daa2fbf4,0.5,3,3,6,
0,0.018018018018018018,5.2128660678863525,0,5ab5d4eb5542992aa134a3aa,0.0,0,3,3,
0,0,6.550952911376953,0,5a84e4bc5542997b5ce3ff81,0.0,0,3,3,
0,0,5.160954475402832,0,5adfbd4655429942ec259b31,0.6666666666666666,2,3,3,
0,0,5.185635328292847,0,5ab85e195542992aa3b8c8c5,0.0,0,3,9,
0,0,5.191364049911499,0,5ab6c65e554299710c8d1f58,0.0,0,3,8,
0,0.01818181818181818,5.144002676010132,0,5adf9b415542995ec70e904c,0.0,0,3,1,
0,0,39.96583580970764,5,5a7a5aea5542996c55b2dd6f,,,,,
0,0,40.84016299247742,5,5ae446175542995ad6573d1f,0.5,2,18,4,
,,,,5abbd3b4554299642a094b4f,,,,,Ollama request exceeded timeout limit for model stable-qwen with error: timed out
0,0.012738853503184714,6.727837324142456,0,5a89875655429938390d4047,0.0,0,3,3,
0,0,6.739461898803711,0,5adeab4555429975fa854f5f,0.0,0,3,5,
0,0,9.545891046524048,1,5a72e4375542992359bc31bf,0.0,0,6,4,
0,0.012578616352201259,6.745145559310913,0,5add64065542995b365fab25,0.5,1,3,2,
0,0,6.775943994522095,0,5ae0b4c15542993d6555ec21,0.0,0,3,15,
0,0,6.7852771282196045,0,5a8a42ec55429970aeb7027c,0.2,1,3,5,
0,0,6.82166862487793,0,5ae113de55429901ffe4ad51,0.0,0,3,6,
0,0,6.820458650588989,0,5add5f925542997545bbbd48,1.0,1,3,1,
0,0,6.793548345565796,0,5a7fd1515542992e7d278db1,0.0,0,3,3,
0,0,6.779017925262451,0,5a7222b155429971e9dc92c4,0.0,0,3,3,
0,0,40.860962867736816,5,5abb7e4f5542996cc5e4a00b,0.0,0,18,5,
0,0.012422360248447206,40.93886041641235,5,5abcf84d55429959677d6b86,0.0,0,18,1,
0,0,41.3750684261322,5,5a7d119d5542995ed0d165d5,0.14285714285714285,1,18,7,
0,0,41.05852031707764,5,5a8a4a4055429930ff3c0d77,0.0,0,18,7,
0,0,24.183228015899658,5,5a7754d85542993735360234,0.4,2,18,5,
0,0,18.717456340789795,5,5ac44813554299194317396b,0.0,0,18,5,
0,0,29.17062997817993,5,5adbe447554299438c868ccd,0.0,0,18,6,
0,0,27.87885022163391,5,5ae4b8fc55429913cc2044e5,1.0,1,18,1,
0,0,25.2790367603302,5,5ae26fad554299495565da6f,1.0,1,18,1,
0,0,20.10406255722046,4,5ab53436554299637185c504,1.0,1,15,1,
0,0.3333333333333333,2.200286626815796,0,5a7e36815542995ed0d166d4,0.0,0,3,11,
0,0,2.216766834259033,0,5a906f9f5542995b442420b3,0.3333333333333333,1,3,3,
0,0,6.763439416885376,1,5ac0aab35542992a796ded5c,0.0,0,6,4,
0,0,2.254930019378662,0,5abc8507554299700f9d78de,0.4,2,3,5,
0,0,2.242192506790161,0,5ae5d82f554299546bf82f9a,0.0,0,3,4,
0,0,2.225945472717285,0,5abcf51c554299700f9d7949,0.0,0,3,7,
0,0,2.233928680419922,0,5a7a7dc15542994f819ef1f2,0.125,1,3,8,
0,0,2.285090446472168,0,5a77984d5542992a6e59df14,0.0,0,3,3,
0,0.2222222222222222,2.2194535732269287,0,5a775bab5542994aec3b72a8,0.0,0,3,2,
0,0,2.2370316982269287,0,5ab5574b554299488d4d994e,0.2,1,3,5,
0,0,2.239952802658081,0,5a8e7c095542990e94052b22,1.0,2,3,2,
0,0,2.1695055961608887,0,5ac2ad5355429921a00ab02c,0.3333333333333333,1,3,3,
0,0,2.2541987895965576,0,5a7f97c05542995d8a8ddeb0,0.5,1,3,2,
0,0,2.197943687438965,0,5a84f8555542997175ce1f3a,0.5,2,3,4,
0,0,2.211430072784424,0,5ab9fe1255429939ce03dc40,0.3333333333333333,2,3,6,
0,0,2.2224621772766113,0,5a77a8b45542995d83181253,0.3333333333333333,1,3,3,
0,0,2.219099283218384,0,5a7296815542991f9a20c515,0.6666666666666666,2,3,3,
0,0,2.2651281356811523,0,5ae1925a554299492dc91b48,0.5,1,3,2,
0,0,2.212569236755371,0,5a90997b5542995651fb51af,0.0,0,3,11,
0,0,2.207218647003174,0,5ab42e55554299753aec5a53,0.5,1,3,2,
0,0,2.2019734382629395,0,5a83972f5542996488c2e46d,0.0,0,3,5,
0,0,2.209714889526367,0,5a7b47765542992d025e67d8,0.3333333333333333,1,3,3,
0,0,18.763789176940918,5,5ac0aa955542997d64295a49,1.0,4,18,4,
0,0,35.546650409698486,5,5a8b3c0055429949d91db4f8,0.0,0,18,3,
0,0.25,13.329601526260376,5,5a8361f35542996488c2e431,0.3333333333333333,1,18,3,
0,0.02197802197802198,17.28160071372986,5,5ab54056554299488d4d9923,1.0,1,18,1,
0,0,19.318777322769165,5,5a8a06455542992e4fca84db,0.5,1,18,2,
0,0,16.442599296569824,5,5ae0b9b155429924de1b7152,0.3333333333333333,1,18,3,
0,0,13.325495719909668,5,5ae1384355429920d5234329,0.0,0,18,5,
0,0,13.293401002883911,5,5ab946d7554299743d22eaaf,0.0,0,18,9,
0,0,21.172263860702515,5,5a8d427f5542994ba4e3dc41,0.5,1,18,2,
0,0,26.96615695953369,5,5a7268235542992359bc3081,0.25,1,18,4,
0,0,31.107460737228394,5,5ae26905554299492dc91c17,0.0,0,18,4,
0,0,30.180919647216797,5,5adcd1665542994d58a2f6e6,0.5,1,18,2,
0,0,32.066513776779175,5,5adfd0d655429942ec259b4e,0.0,0,18,4,
0,0,32.57430720329285,5,5a8b24f255429950cd6afc56,0.25,1,18,4,
0,0,33.234837770462036,5,5a8008b95542992097ad2fcf,0.25,1,18,4,
0,0,35.11444616317749,5,5ae274dd5542996483e649ad,0.0,0,18,4,
0,0,31.385698795318604,5,5ac1089f554299012d1db688,1.0,1,18,1,
0,0,26.127694606781006,5,5a81ad9855429903bc27b9a3,0.5,1,18,2,
0,0,27.45936131477356,5,5a8ac5595542992d82986f77,0.2,1,18,5,
0,0,25.096866846084595,5,5a75447b55429974ef308cbf,0.0,0,18,2,
0,0,23.978341579437256,5,5a87defa5542993e715abfec,1.0,1,15,1,
0,0,32.365702390670776,5,5ae12a4b55429920d52342df,0.5,2,18,4,
0,0,24.992215156555176,5,5a7b68525542997c3ec97151,0.4,2,18,5,
0,0,31.534841060638428,5,5ade18df5542990dbb2f7f53,0.3333333333333333,1,18,3,
0,0,30.42517375946045,5,5a8430335542996488c2e500,0.5,1,18,2,
,,,,5a875fee5542996e4f3087ab,,,,,Ollama request exceeded timeout limit for model stable-qwen with error: timed out
0,0,29.914233922958374,5,5ab3d5f355429969a97a81c5,0.0,0,18,2,
0,0,17.686734199523926,3,5ae56fb85542993aec5ec1a9,0.5,1,12,2,
0,0,2.797858715057373,0,5adea2435542992fa25da7e4,0.0,0,3,2,
0,0,2.786247730255127,0,5a7b695f5542997c3ec97156,0.3333333333333333,1,3,3,
0,0,2.799255609512329,0,5ae164cf5542997b2ef7d1cd,0.25,2,3,8,
0,0,2.8034722805023193,0,5ac2070755429964131be2bd,0.2,1,3,5,
0,0,2.8357784748077393,0,5ae1892f5542997b2ef7d1f3,0.5,2,3,4,
0,0.10256410256410257,2.817275285720825,0,5ade636255429939a52fe896,0.0,0,3,3,
0,0.06666666666666668,2.8092424869537354,0,5a8b128455429971feec463b,0.25,1,3,4,
0,0,2.7834620475769043,0,5a8affca55429971feec45e3,0.5,1,3,2,
0,0,2.8140251636505127,0,5ae5a8435542992663a4f208,0.0,0,3,1,
0,0,23.18161654472351,5,5a8e82ff5542995a26add4e2,0.8,4,18,5,
0,0,25.506413221359253,5,5ab874ba5542990e739ec904,0.14285714285714285,1,18,7,
0,0,25.13021445274353,5,5ae2d8fb55429928c42394fa,0.5,1,18,2,
0,0,25.95150136947632,5,5ab7ba7555429928e1fe38b5,0.3333333333333333,1,18,3,
0,0,25.81016206741333,5,5ae1894f5542997b2ef7d1f4,0.0,0,18,2,
0,0,25.81205940246582,5,5a7734ce5542993735360217,0.3333333333333333,1,18,3,
0,0,25.834184408187866,5,5ab55e015542992aa134a2d3,1.0,2,18,2,
0,0,25.84685754776001,5,5a8bcad45542995e66a47512,0.0,0,18,3,
0,0,24.555999994277954,5,5a7df25a5542990b8f503b02,1.5,3,18,2,
0,0.02247191011235955,27.408082962036133,5,5a8f6a025542992414482ab8,0.3333333333333333,1,18,3,
0,0.022727272727272724,26.094651460647583,5,5ac113e2554299294b21909a,0.25,1,18,4,
0,0,26.54110550880432,5,5a72224755429971e9dc92be,0.5,2,18,4,
0,0,25.993659496307373,5,5a84c66a5542994c784dda45,0.0,0,18,6,
0,0,26.916481733322144,5,5adc2b6255429947ff173901,0.0,0,18,4,
0,0,27.150664567947388,5,5a73984355429908901be307,0.3333333333333333,1,18,3,
0,0.022727272727272728,28.3327739238739,5,5a7a4f335542990198eaf11e,0.0,0,18,9,
0,0,23.31789779663086,5,5a7c49dc55429935c91b514f,0.0,0,18,3,
0,0,27.108459949493408,5,5a8db2105542994ba4e3dd04,0.3333333333333333,3,18,9,
0,0,25.729900121688843,5,5ae11bc455429901ffe4ad94,0.25,1,18,4,
0,0,26.562317848205566,5,5ae48d1755429913cc204499,0.0,0,18,1,
0,0,26.833415508270264,5,5ab521175542996a3a96a02d,1.0,1,18,1,
0,0,25.182790994644165,5,5ae5559c55429960a22e02ba,0.2,1,15,5,
0,0,26.300610303878784,5,5ae75eb15542995703ce8bf8,0.2,1,18,5,
0,0,26.234384059906006,5,5ae3305c55429928c423965f,0.0,0,18,1,
0,0,8.765555620193481,1,5a89dd4d554299669944a5e3,0.5,1,6,2,
0,0,26.511409282684326,5,5a8f51695542992414482a3e,0.3333333333333333,1,18,3,
0,0,37.21877717971802,5,5adc0f8d55429947ff1738ef,0.0,0,15,5,
,,,,5a8da70a5542994ba4e3dcea,,,,,Ollama request exceeded timeout limit for model stable-qwen with error: timed out
0,0,38.72414684295654,5,5a8a5dd055429970aeb702c7,0.0,0,18,1,
0,0,23.467695474624634,3,5a74b4e555429929fddd84c2,0.1111111111111111,1,12,9,
0,0,34.90397667884827,5,5ade7feb5542992fa25da799,0.4,2,18,5,
0,0,27.835046768188477,5,5a7293655542991f9a20c4ff,0.0,0,18,4,
0,0,27.04388666152954,5,5a832a625542990548d0b1b4,0.3333333333333333,1,18,3,
0,0,23.608617782592773,5,5a7f87755542994857a76769,0.3333333333333333,1,18,3,
0,0,103.38968324661255,5,5a7bae775542995eb53be995,0.3333333333333333,1,18,3,
0,0,26.116849660873413,5,5a7c6e435542996dd594b933,0.5,1,18,2,
0,0.024096385542168676,25.927256107330322,5,5ac259125542992f1f2b3867,0.5,2,18,4,
0,0,36.83738136291504,5,5ab2acbc55429929539467d2,1.0,2,15,2,
0,0,24.986703157424927,5,5ab54e145542992aa134a2a1,0.0,0,18,2,
0,0,25.10404062271118,5,5ae47fe255429913cc204482,0.5,1,18,2,
0,0,25.035831928253174,5,5a7b782455429927d897bfd7,0.1111111111111111,1,18,9,
0,0,24.58808207511902,5,5aba05cb55429939ce03dc56,0.0,0,18,7,
0,0,26.081305027008057,5,5ae4f96755429913cc204551,0.2,1,18,5,
0,0,25.798012495040894,5,5a7fb5ce5542994857a767ca,0.16666666666666666,1,18,6,
0,0,27.237666845321655,5,5a7336bd5542991f9a20c68c,0.0,0,15,1,
0,0,25.93271827697754,5,5a77c1d95542995d831812a6,0.0,0,18,8,
0,0,23.63360905647278,5,5a7723fa55429966f1a36ca0,1.0,4,18,4,
0,0,28.786256551742554,5,5a8b40b055429949d91db50c,0.3333333333333333,1,18,3,
0,0,32.20370841026306,5,5a79ad485542994bb9457036,0.0,0,18,4,
0,0,33.22041392326355,5,5a84b5f05542991dd0999da5,0.0,0,18,4,
0,0,29.726327896118164,5,5ae8161555429952e35eaa04,0.3333333333333333,1,18,3,
0,0.058823529411764705,32.25610089302063,5,5ae0fb8855429920d523425b,0.0,0,18,7,
0,0,21.999110460281372,5,5abb17e75542996cc5e49fa2,0.5,1,18,2,
0,0,30.006056785583496,5,5a7b1e22554299042af8f6e4,0.0,0,18,5,
0,0,24.687763929367065,5,5ab2d28b55429916697740ee,0.6666666666666666,2,18,3,
0,0,23.204034090042114,5,5a7a43245542994f819ef19d,0.0,0,18,4,
0,0,24.665914297103882,5,5a7d003b55429907fabef0a1,0.6666666666666666,2,18,3,
0,0,26.422579526901245,5,5aba9813554299232ef4a357,0.5,1,18,2,
0,0,27.92547917366028,5,5ae731c4554299572ea54781,0.25,1,18,4,
0,0.0196078431372549,26.54223370552063,5,5ae78d155542994a481bbd99,0.0,0,18,3,
0,0,23.280256986618042,4,5a76a2b55542993569682c6c,0.0,0,15,10,
0,0,26.769256114959717,5,5ab455dc5542991779162c77,0.14285714285714285,2,18,14,
0,0,33.403231143951416,5,5ae63b2255429908198fa526,0.14285714285714285,1,18,7,
0,0,31.79805874824524,5,5a7cde68554299683c1c63ac,0.0,0,18,6,
0,0,29.780060529708862,5,5a76641e5542992d0ec060d8,0.08333333333333333,1,18,12,
0,0,30.836413860321045,5,5ade56ed5542997c77adee04,0.5,1,18,2,
0,0,30.291232347488403,5,5ade74285542992fa25da78c,1.0,4,18,4,
0,0,29.048274278640747,5,5a7bbee85542997c3ec97270,0.2,1,18,5,
0,0,3.2535345554351807,0,5adf68ac5542993344016c79,0.2857142857142857,2,3,7,
0,0,3.2540395259857178,0,5a81937e5542995ce29dcc08,1.0,1,3,1,
0,0,3.254537582397461,0,5ae665795542991bbc9760c9,0.25,1,3,4,
0,0,5.830743074417114,1,5a8cf064554299585d9e3775,0.0,0,6,4,
0,0,3.197167158126831,0,5abbc7a055429931dba1451b,0.3333333333333333,1,3,3,
0,0,3.2462716102600098,0,5a7b01645542992d025e6734,0.0,0,3,3,
0,0,3.2345118522644043,0,5a81456855429938b614231e,0.2,1,3,5,
0,0,3.25369930267334,0,5adf72095542992d7e9f935d,0.6666666666666666,2,3,3,
0,0,32.633604526519775,5,5a771e3255429966f1a36c78,0.0,0,18,2,
0,0,9.440399408340454,1,5a73551e5542991f29ee2d84,0.5,2,6,4,
0,0.030769230769230767,26.023743629455566,4,5a75abbb5542992d0ec05fd9,1.0,2,15,2,
0,0,3.6341326236724854,0,5abc219655429959677d6a1d,0.25,1,3,4,
0,0,30.12219262123108,5,5abee70a5542994516f45476,0.0,0,18,7,
0,0,34.35558581352234,5,5a776bd155429966f1a36d3b,0.25,1,18,4,
0,0,30.523090362548828,5,5a809fe75542996402f6a5ba,0.0,0,18,2,
0,0,31.07219433784485,5,5a7cefcf55429909bec768af,0.0,0,18,4,
0,0,32.862184047698975,5,5adf400a5542993a75d2644e,0.14285714285714285,1,18,7,
0,0,31.036354064941406,5,5adfa1f9554299025d62a308,0.2222222222222222,2,18,9,
0,0,32.05945372581482,5,5a7797175542992a6e59df10,0.0,0,18,3,
0,0,23.186649799346924,5,5ac4c16b5542997ea680cab4,0.5,2,18,4,
0,0,22.57350778579712,5,5a863b87554299211dda2ab7,0.5,1,18,2,
,,,,5a81a63c5542990a1d231e45,,,,,Ollama request exceeded timeout limit for model stable-qwen with error: timed out
0,0,24.612334966659546,5,5a8ac38855429970aeb70300,0.25,1,18,4,
0,0,23.9681715965271,5,5a7653d25542992db9473765,0.25,1,18,4,
0,0,31.602909326553345,5,5ab9988b554299131ca4238e,0.0,0,18,3,
0,0,29.273361444473267,5,5a88a8f4554299206df2b320,0.0,0,18,3,
0,0,26.893988132476807,5,5adcc5715542990d50227d0a,0.16666666666666666,1,18,6,
0,0,3.1093387603759766,0,5a7455eb55429979e2882908,0.0,0,3,2,
0,0,17.594663619995117,3,5a88ca4e55429938390d3fc2,0.0,0,12,6,
0,0,29.790222644805908,5,5a8a410655429970aeb70279,1.0,2,18,2,
0,0,26.764633655548096,5,5ac2ed41554299218029db96,0.25,1,18,4,
0,0,25.837234497070312,5,5abdb7ff5542993f32c2a011,0.3333333333333333,1,18,3,
0,0,21.535921096801758,5,5ab1e7685542993be8fa9877,0.25,1,18,4,
,,,,5a773ec45542994aec3b7245,,,,,Ollama request exceeded timeout limit for model stable-qwen with error: timed out
0,0,117.40291476249695,5,5adf6aca5542993344016c8d,2.0,4,18,2,
0,0,27.938432455062866,5,5a70ff335542994082a3e49c,0.0,0,18,4,
0,0,26.737784385681152,5,5ade25ed5542997c77aded70,0.5,2,18,4,
0,0,26.504343271255493,5,5ae46b615542995dadf24327,0.3333333333333333,1,18,3,
0,0,6.901484489440918,1,5ae682c45542995703ce8b6f,0.25,1,6,4,
0,0,3.1124866008758545,0,5a7ba8fc5542995eb53be986,0.3333333333333333,1,3,3,
0,0,3.146531343460083,0,5a7d1868554299452d57bae2,0.2,1,3,5,
0,0.049999999999999996,3.114736318588257,0,5a87556d5542994846c1cd65,0.5,2,3,4,
0,0,3.1198415756225586,0,5abffafe5542997d64295988,0.5,1,3,2,
0,0,3.1147403717041016,0,5a8460d5554299123d8c2229,0.5,1,3,2,
0,0.05263157894736842,3.0914716720581055,0,5ac2db67554299657fa290a6,0.5,1,3,2,
0,0.048780487804878044,3.114849328994751,0,5ae25c815542992decbdcccc,0.0,0,3,5,
0,0,3.1513431072235107,0,5adfc8cf554299603e4183ad,0.0,0,3,3,
0,0,3.118894100189209,0,5ac3a7ce554299391541388f,0.16666666666666666,1,3,6,
0,0,3.125213146209717,0,5a8f0de35542995b44241f40,0.2,1,3,5,
0,0,3.1462061405181885,0,5ae37d265542994393b9e6e7,0.2,1,3,5,
0,0,28.168379545211792,5,5ae66d785542996d980e7b67,0.5,1,18,2,
0,0,18.015344619750977,4,5a7768cb5542993569682d88,0.6666666666666666,2,15,3,
0,0,6.818378925323486,1,5a8f503c5542992414482a34,0.0,0,6,6,
0,0,3.1161365509033203,0,5ae4e2ca55429908b63264aa,0.5,1,3,2,
0,0,3.124514579772949,0,5a733b835542991f9a20c6b2,0.0,0,3,5,
0,0,3.1032586097717285,0,5a8b67b655429950cd6afcde,0.2,1,3,5,
0,0,3.0846080780029297,0,5a806aca5542996402f6a503,0.3333333333333333,1,3,3,
0,0,25.66871976852417,5,5a89d26b5542992e4fca83d1,0.4,2,18,5,
0,0,3.099853992462158,0,5adec5055542995534e8c707,0.5,1,3,2,
0,0,3.097304105758667,0,5ae2120c5542997283cd23ac,0.0,0,3,9,
0,0.12000000000000001,3.091289758682251,0,5a75c02f5542992db94736b4,0.0,0,3,10,
0,0,3.117017984390259,0,5a8483b45542992a431d1a40,0.0,0,3,2,
0,0,3.1238462924957275,0,5ae0ff95554299422ee995b0,0.0,0,3,4,
0,0,3.1305065155029297,0,5ae12f16554299422ee9961f,0.0,0,3,2,
0,0,3.0917153358459473,0,5adc3aff5542996e685252eb,0.0,0,3,1,
0,0,3.1361608505249023,0,5adde99b5542992200553ba1,0.4,2,3,5,
0,0,3.0667922496795654,0,5a8c493e554299653c1aa020,0.16666666666666666,1,3,6,
0,0.049999999999999996,3.1169817447662354,0,5a728fbd5542992359bc30f8,0.0,0,3,2,
0,0,3.128911018371582,0,5ae395d85542992f92d82313,0.3333333333333333,1,3,3,
0,0,3.106816053390503,0,5ab7ff1d5542990e739ec7b9,0.3333333333333333,2,3,6,
0,0,3.113616704940796,0,5a846da0554299334474611e,0.6,3,3,5,
0,0,6.675590753555298,1,5a78f89055429974737f792b,0.0,0,6,1,
0,0,13.658658742904663,2,5ab9788155429970cfb8eb1a,1.0,3,9,3,
0,0.05263157894736842,6.862188339233398,1,5a8534305542997b5ce3ffc4,0.5,1,6,2,
0,0,3.120689630508423,0,5abbc4f955429931dba144ff,0.25,1,3,4,
0,0,3.129296064376831,0,5a7af23a55429931da12c994,0.0,0,3,7,
0,0,3.1096110343933105,0,5a77101d5542994aec3b71d7,0.0,0,3,4,
0,0.07272727272727272,3.130326986312866,0,5a84b2995542994c784dda11,0.14285714285714285,1,3,7,
0,0,3.1172516345977783,0,5abc7bc45542993a06baf8ef,0.3333333333333333,1,3,3,
0,0,3.071892738342285,0,5a75441c55429916b01642cf,0.75,3,3,4,
0,0,3.152231216430664,0,5add22bc5542992ae4cec49f,0.0,0,3,3,
0,0,3.099383592605591,0,5abff9905542997d64295980,0.2,1,3,5,
0,0,3.125089645385742,0,5ac31602554299741d48a1bf,0.4,2,3,5,
0,0,3.186229944229126,0,5ade5b835542997c77adee10,0.0,0,3,2,
0,0,4.249154090881348,0,5ab811395542990e739ec80f,0.09090909090909091,1,3,11,
0,0,3.125770092010498,0,5ab51dbd5542996a3a96a023,1.0,1,3,1,
0,0,3.147721290588379,0,5a78e86f55429974737f78fb,0.0,0,3,6,
0,0,3.160033941268921,0,5a714de95542994082a3e7a8,0.2,1,3,5,
0,0,3.0879111289978027,0,5ae254565542992decbdccbb,0.0,0,3,6,
0,0,3.1007444858551025,0,5a8ad6db55429950cd6afba7,0.0,0,3,1,
0,0.049999999999999996,3.1085543632507324,0,5ac55ba05542993e66e8233d,0.14285714285714285,1,3,7,
0,0,3.120525598526001,0,5a89bb0b5542992e4fca83a0,0.08333333333333333,1,3,12,
0,0,3.132218599319458,0,5abe7c515542993f32c2a128,0.0,0,3,6,
0,0,25.37247633934021,5,5abdcea955429965af743e5a,0.14285714285714285,1,18,7,
0,0,24.157153367996216,5,5a831fc955429954d2e2ec28,0.5,1,18,2,
0,0,23.4914128780365,5,5a83870f554299123d8c2149,0.0,0,18,3,
,,,,5ab431e65542991751b4d6e2,,,,,Ollama request exceeded timeout limit for model stable-qwen with error: timed out
0,0,23.755291223526,5,5adf1b8a5542995534e8c750,0.16666666666666666,1,18,6,
0,0,24.556073904037476,5,5a7ad6045542992d025e6706,0.0,0,18,8,
0,0,22.46961236000061,5,5a88f7bf5542997e5c09a6dd,0.2857142857142857,2,18,7,
0,0,22.348297595977783,5,5a76fda05542994aec3b71b0,0.25,1,18,4,
,,,,5ae762985542995703ce8c04,,,,,Ollama request exceeded timeout limit for model stable-qwen with error: timed out
0,0,22.368194818496704,5,5a7184675542994082a3e864,0.0,0,18,6,
,,,,5abfdc185542994516f45513,,,,,Ollama request exceeded timeout limit for model stable-qwen with error: timed out
,,,,5ac00584554299012d1db575,,,,,Ollama request exceeded timeout limit for model stable-qwen with error: timed out
0,0,3.1428751945495605,0,5ab5cc4a554299637185c61b,0.5,1,3,2,
0,0,3.1011557579040527,0,5ae0c7b055429945ae95944b,0.0,0,3,2,
0,0,7.26454496383667,1,5a7391b655429978a71e902c,0.25,1,6,4,
0,0,3.109748363494873,0,5a90213255429933b8a20482,0.0,0,3,4,
0,0,19.556466579437256,4,5adcba885542994ed6169bd9,0.0,0,15,5,
0,0,3.1821770668029785,0,5a8512035542992a431d1ace,0.0,0,3,2,
0,0,19.77367091178894,4,5abff00c5542994516f45537,0.0,0,15,6,
0,0,81.55197310447693,5,5abd14c455429924427fceec,0.0,0,18,2,
0,0,31.85424017906189,5,5ac448185542995c82c4ad1b,0.0,0,18,15,
0,0.0392156862745098,38.42644453048706,5,5a810221554299260e20a1f9,0.0,0,18,1,
0,0,11.78282904624939,1,5ac4e9ab5542996feb3fe974,1.0,1,6,1,
0,0,5.095909357070923,0,5ac1276c554299294b2190bc,0.25,1,3,4,
0,0.020833333333333336,31.835263967514038,5,5add7c9c5542990dbb2f7e60,0.5,1,18,2,
0,0,5.117614269256592,0,5a8351fd55429954d2e2ec98,0.0,0,3,6,
0,0,4.846774339675903,0,5a8318955542990548d0b177,0.045454545454545456,1,3,22,
0,0,4.87915301322937,0,5ab51ddf5542990594ba9d11,0.5,1,3,2,
0,0,5.1470842361450195,0,5abaca935542996606241610,0.0,0,3,2,
0,0,4.886213302612305,0,5a7c634c55429907fabeef79,0.5,2,3,4,
0,0.02105263157894737,5.077903509140015,0,5abe9b095542991f661061ad,0.0,0,3,2,
0,0,5.102167844772339,0,5a7369da55429901807db037,0.0,0,3,11,
0,0,5.1349310874938965,0,5a8511185542992a431d1aca,0.25,1,3,4,
0,0,132.02062726020813,5,5a77ace855429967ab105223,0.25,1,18,4,
0,0,33.22743892669678,5,5ab97c0255429970cfb8eb1f,0.125,1,18,8,
0,0,159.00016808509827,5,5a8f08c2554299458435d530,0.0,0,18,3,
0,0,30.174419403076172,5,5ade64b655429939a52fe89a,0.3333333333333333,1,18,3,
0,0,32.934858560562134,5,5abbeb7d554299114383a09b,0.5,1,18,2,
0,0,17.851050853729248,2,5a7149595542994082a3e76f,0.0,0,9,5,
0,0,27.093284606933594,5,5aba7d8655429901930fa7ec,0.0,0,18,6,
0,0,31.577019929885864,5,5add65355542995b365fab27,0.0,0,18,4,
0,0,27.734216928482056,5,5a75fbe855429976ec32bcde,0.5,1,18,2,
0,0,27.68941354751587,5,5ade5e335542992fa25da766,0.3333333333333333,1,18,3,
0,0,28.038853406906128,5,5a7cc59c55429909bec767fb,0.0,0,18,5,
0,0,25.083435773849487,5,5a7c8a3b55429935c91b5204,0.125,1,18,8,
0,0,24.486880779266357,5,5a7f962655429969796c1ac8,1.0,1,18,1,
0,0,25.25655436515808,5,5ac0c1cf5542992a796ded7c,0.0,0,18,4,
0,0.021052631578947368,26.327090978622437,5,5a82c51055429966c78a6a8d,0.5,2,18,4,
0,0,25.0065495967865,5,5ae3287f5542991a06ce993b,0.0,0,18,7,
0,0,23.718536138534546,5,5a7329a15542991f9a20c65f,0.16666666666666666,1,18,6,
0,0,23.746720790863037,5,5a71231a5542994082a3e5c4,0.0,0,18,7,
0,0,29.6491961479187,5,5abc41315542993a06baf8bb,1.0,2,18,2,
0,0,21.286131858825684,4,5a8622ae554299211dda2a7e,0.3333333333333333,1,15,3,
0,0,24.436044692993164,5,5abdc8e755429965af743e3f,0.0,0,18,2,
0,0,30.238934755325317,5,5abba3cd554299642a094aee,0.0,0,18,4,
0,0,36.28888750076294,5,5ae7cb9b5542994a481bbde2,0.0,0,18,5,
0,0.02127659574468085,27.556905269622803,5,5adbd1d25542994650320bf6,0.5,2,18,4,
0,0,23.650776863098145,4,5ab741005542992aa3b8c800,0.0,0,15,7,
0,0,26.16283082962036,5,5ab3ec51554299753aec59f1,0.5,1,18,2,
0,0,28.110241651535034,5,5ae7d03b55429952e35ea9c2,0.0,0,18,8,
0,0,26.698628425598145,5,5a7a06485542990198eaf04e,0.5,2,18,4,
0,0,25.899394750595093,5,5a865e785542991e7718161b,0.2,1,18,5,
0,0,28.19973850250244,5,5ab29b07554299194fa93440,0.0,0,18,12,
0,0,27.171006679534912,5,5a8f533d5542992414482a4c,0.25,1,18,4,
0,0,28.947118282318115,5,5ade04a65542997545bbbe20,0.3333333333333333,1,18,3,
0,0,28.727036237716675,5,5a772c395542993735360207,0.2,1,18,5,
0,0,28.61032772064209,5,5ab2958a554299449642c911,0.3333333333333333,1,18,3,
0,0,29.15635323524475,5,5ae603a65542996de7b71af3,0.0,0,18,4,
0,0,29.686464071273804,5,5add13b15542994ed6169c65,0.3333333333333333,1,18,3,
0,0,29.080806732177734,5,5a8f15ec554299458435d552,0.3333333333333333,1,18,3,
0,0,28.461536645889282,5,5abbf9b355429931dba145fe,0.0,0,18,1,
0,0,28.38516855239868,5,5a75a4135542992d0ec05fcd,0.0,0,18,15,
0,0,28.120731592178345,5,5abc550e554299700f9d7870,0.0,0,18,6,
0,0,28.413912057876587,5,5ae152a65542990adbacf74f,0.5,1,18,2,
0,0,26.594745635986328,5,5ac561315542993e66e823a9,0.6666666666666666,2,18,3,
0,0,26.838284730911255,5,5a82119155429926c1cdae28,0.5,1,18,2,
0,0,28.93674063682556,5,5a85a37d5542997175ce1fe5,0.0,0,18,5,
0,0,28.4116268157959,5,5a886c0c55429938390d3f51,0.0,0,18,1,
0,0.020202020202020204,28.894542694091797,5,5ab7fbbb5542990e739ec7b0,0.5,1,18,2,
0,0,36.44103217124939,5,5abbe09d55429931dba145c0,0.0,0,18,5,
0,0,27.577181339263916,5,5a7147fd5542994082a3e758,0.125,1,15,8,
0,0,29.722657203674316,5,5ac26d4d55429951e9e685b7,0.125,1,18,8,
0,0,28.612873554229736,5,5a7f74975542992097ad2f77,0.0,0,18,5,
0,0,27.99459671974182,5,5abefbc15542990832d3a117,1.0,2,18,2,
0,0,30.632801055908203,5,5ae3df6e5542992e3233c48e,0.25,1,18,4,
0,0,30.26571798324585,5,5ae0bf3a55429906c02dab21,0.0,0,18,3,
0,0,30.12801456451416,5,5a8e8bed5542990e94052b47,0.4,2,18,5,
0,0,27.118515253067017,5,5a859a9c5542997175ce1fd6,0.0,0,18,6,
0,0,34.14432501792908,5,5a721bbc55429971e9dc9279,0.0,0,18,6,
0,0,31.36036443710327,5,5a75d35d5542992d0ec05ffe,0.25,1,18,4,
0,0,31.626798152923584,5,5ae32c935542990afbd1e0bd,0.25,1,18,4,
0,0,31.005254983901978,5,5ab43179554299233955004d,0.0,0,18,6,
0,0,29.156111001968384,5,5a7cd280554299452d57ba7f,0.5,2,18,4,
0,0,28.391758680343628,5,5a8f64e0554299458435d60b,0.0,0,18,7,
0,0,27.23059368133545,5,5a712beb5542994082a3e61c,0.2222222222222222,2,18,9,
0,0,26.7689151763916,5,5ae4885e55429970de88d99d,0.0,0,18,2,
0,0,30.34439253807068,5,5abbdb335542992ccd8e7fc1,1.0,2,18,2,
0,0,27.985509872436523,5,5a8b2dc055429950cd6afc62,0.5,1,18,2,
0,0,28.30853009223938,5,5ab91799554299753720f6ea,0.0,0,18,3,
0,0,27.507843732833862,5,5ae3c0245542990afbd1e1c3,0.14285714285714285,1,18,7,
0,0,34.48821759223938,5,5ab846e155429919ba4e229c,0.3333333333333333,1,18,3,
0,0,36.76434516906738,5,5abc546b554299700f9d786c,0.0,0,18,5,
0,0,9.438110113143921,1,5adfde09554299025d62a369,0.0,0,6,7,
0,0.013245033112582783,36.80534386634827,5,5ab681ea55429953192ad2e0,0.5,2,18,4,
0,0,35.67469072341919,5,5a77dadd5542997042120b59,0.0,0,18,2,
0,0,33.44361639022827,5,5a80abb65542996402f6a5df,0.25,1,18,4,
0,0,4.266757488250732,0,5abd5b0355429933744ab789,0.14285714285714285,1,3,7,
0,0,28.155263900756836,5,5a8642045542991e771815e2,0.0,0,18,7,
0,0,28.816418647766113,5,5aba926f55429901930fa83e,0.25,1,18,4,
0,0,26.207929849624634,5,5a84a5385542990548d0b2d9,0.0,0,15,3,
0,0,36.728559494018555,5,5a73b0975542992d56e7e387,1.0,2,18,2,
0,0,28.763190031051636,5,5a73b55855429978a71e9086,0.0,0,18,6,
0,0,26.654717683792114,5,5abb14d85542996cc5e49f92,0.1111111111111111,1,18,9,
0,0,27.055847883224487,5,5abaa954554299232ef4a362,0.5,1,18,2,
0,0,29.304898023605347,5,5a88dc5a5542993b751ca890,0.2857142857142857,2,18,7,
0,0,27.859666347503662,5,5ade7fa3554299728e26c727,0.0,0,18,4,
0,0,15.805343866348267,3,5ab80e1455429916710eafd7,0.0,0,12,9,
0,0,26.467634201049805,5,5ae5faf555429929b0807a4c,0.25,1,18,4,
,,,,5a745a6055429974ef308be4,,,,,Ollama request exceeded timeout limit for model stable-qwen with error: timed out
0,0,16.699349641799927,3,5a7c78c955429935c91b51d2,0.0,0,12,6,
0,0,27.316359281539917,5,5ab6a78b554299710c8d1f28,0.0,0,18,4,
0,0,26.118235111236572,5,5adf38ae5542993a75d26433,0.25,1,18,4,
0,0,20.187684774398804,4,5add84a15542997545bbbd5e,1.0,1,15,1,
0,0,25.763903617858887,5,5a834cea5542990548d0b1c6,0.0,0,18,2,
0,0,39.50362539291382,5,5a7787b655429949eeb29ed3,0.0,0,18,2,
0,0.025641025641025637,24.220346927642822,5,5ae234e85542994d89d5b395,0.5,1,18,2,
0,0.022727272727272728,3.9604833126068115,0,5a899b6455429946c8d6e955,0.14285714285714285,1,3,7,
0,0,25.683637857437134,5,5ae6e0485542996d980e7ca6,0.2,1,18,5,
0,0,26.387861728668213,5,5add016e5542992c1e3a250b,0.0,0,18,6,
0,0,30.068589687347412,5,5a7d2b2b5542995ed0d1661b,0.0,0,18,4,
0,0.017094017094017092,28.579115390777588,5,5ab28b395542993be8fa9941,0.25,1,18,4,
0,0,28.510966777801514,5,5ac29aa655429967731025b2,0.0,0,18,7,
0,0,22.239630222320557,4,5a81018755429938b6142287,0.6,3,15,5,
0,0,3.2190346717834473,0,5ac3d21e554299204fd21e8b,0.3333333333333333,1,3,3,
0,0,8.84661865234375,1,5a7f8d755542992097ad2f9d,0.25,1,6,4,
0,0,4.15047025680542,0,5a85b2ac5542991dd0999e90,0.16666666666666666,1,3,6,
0,0,24.340877294540405,5,5ab3bacc55429969a97a8197,0.0,0,15,3,
0,0,11.221013307571411,2,5ab9dbc2554299232ef4a224,0.3333333333333333,1,9,3,
0,0,3.1775693893432617,0,5add7a335542992200553b37,0.1,1,3,10,
0,0,3.1701526641845703,0,5aba74ad55429955dce3ee35,0.25,1,3,4,
0,0,3.1047749519348145,0,5ab288a05542993be8fa993b,0.16666666666666666,1,3,6,
0,0,7.2187659740448,1,5ab1d49b554299722f9b4c8e,0.14285714285714285,1,6,7,
0,0,19.3747079372406,4,5ab2da13554299194fa93542,0.3333333333333333,1,15,3,
0,0.04347826086956522,3.1521670818328857,0,5a800ddd5542992097ad2fd0,0.0,0,3,7,
0,0,3.0868332386016846,0,5a90a14d5542990a98493672,1.0,1,3,1,
0,0,3.1427958011627197,0,5ac3a76e554299741d48a2be,0.0,0,3,7,
0,0,3.094092607498169,0,5ab959905542996be2020497,0.0,0,3,3,
0,0,3.1015923023223877,0,5a76067e55429976ec32bce9,0.5,1,3,2,
0,0,3.1405539512634277,0,5a8f92fb55429918e830d271,0.0,0,3,4,
0,0,3.127652168273926,0,5a7ced4355429909bec76895,0.0,0,3,6,
0,0,19.368486642837524,4,5a8701b3554299211dda2b9a,0.2,1,15,5,
0,0,15.201335191726685,3,5a87a47c5542994846c1cdbd,0.5,1,12,2,
0,0,3.1350812911987305,0,5ae518655542993aec5ec139,0.25,1,3,4,
0,0,3.1451597213745117,0,5a77e96c5542995d8318132d,0.5,1,3,2,
0,0,3.1432411670684814,0,5a7d32af55429907fabef0ca,0.0,0,3,3,
0,0,3.1579363346099854,0,5ae76d185542997ec2727641,0.09090909090909091,1,3,11,
0,0,3.1799726486206055,0,5ab7f1b65542991d322237d3,0.6666666666666666,2,3,3,
0,0,10.375325918197632,2,5adead1855429939a52fe948,0.0,0,9,3,
0,0,3.164703607559204,0,5a7ccc1e55429909bec7680e,0.2,1,3,5,
0,0,3.1320929527282715,0,5abce7d755429959677d6b3a,0.0,0,3,3,
0,0,3.148474931716919,0,5ae5ead6554299546bf82fd0,0.5,2,3,4,
0,0.04878048780487806,3.1607189178466797,0,5a80b4d1554299260e20a134,0.0,0,3,9,
0,0.08791208791208792,4.155233860015869,0,5ae1e4e2554299492dc91bab,0.125,1,3,8,
0,0,3.182516098022461,0,5ac1c4e85542994ab5c67e0c,0.0,0,3,7,
0,0,3.1535701751708984,0,5ae388ea5542994393b9e6f0,0.0,0,3,2,
0,0,3.133809804916382,0,5a86b13f55429960ec39b6c3,0.125,1,3,8,
0,0,73.40703392028809,1,5a78f35455429970f5fffded,0.25,1,6,4,
0,0,12.343794584274292,2,5a7d2b5755429907fabef0c2,0.25,1,9,4,
0,0,16.28343653678894,3,5a89a92a55429946c8d6e98c,0.0,0,12,4,
0,0,24.526301622390747,5,5a77685e5542993569682d83,0.0,0,18,11,
0,0,24.414411544799805,5,5a79fc8b5542994f819ef114,0.14285714285714285,1,18,7,
0,0.024390243902439022,24.51695418357849,5,5abc817c5542993a06baf8fd,0.6666666666666666,2,18,3,
0,0,3.261227607727051,0,5a8549c65542997b5ce3ffe6,0.5,1,3,2,
0,0,24.840372323989868,5,5ab487f55542990594ba9c4f,0.2222222222222222,2,18,9,
0,0,24.266324520111084,5,5ae406f055429970de88d874,0.0,0,18,5,
0,0,3.2764453887939453,0,5a8f25d755429924144829ea,0.0,0,3,3,
0,0,3.244706869125366,0,5a78cc7c55429974737f789f,0.0,0,3,1,
0,0,3.2580220699310303,0,5ade66f055429939a52fe8a0,0.0,0,3,5,
0,0,3.2442846298217773,0,5ab8effd5542991b5579f062,0.3333333333333333,1,3,3,
0,0,3.2838306427001953,0,5a737dc455429908901be2c9,0.3333333333333333,1,3,3,
0,0,3.235191822052002,0,5add0f635542994ed6169c56,0.3333333333333333,1,3,3,
0,0,3.220330238342285,0,5adfa92d55429942ec259ae0,0.3333333333333333,1,3,3,
0,0,3.2563304901123047,0,5ab7ece25542995dae37e9f3,0.0,0,3,3,
0,0,3.2386701107025146,0,5a7da8065542995f4f4022a7,0.0,0,3,5,
0,0,21.34347367286682,3,5a7269fa5542992359bc308d,0.16666666666666666,1,12,6,
0,0,3.193171739578247,0,5abc0ba05542996583600409,0.0,0,3,1,
0,0,4.1258533000946045,0,5ae2196b554299495565da02,0.3333333333333333,1,3,3,
0,0,26.81356143951416,5,5adf3c155542993a75d2643a,0.0,0,18,6,
0,0.020833333333333336,27.842950344085693,5,5ae12b6755429920d52342e4,0.6666666666666666,2,18,3,
0,0.02631578947368421,27.069103240966797,5,5ae0616255429924de1b70ca,0.2,1,18,5,
0,0.025,4.138142824172974,0,5abd830455429924427fd033,0.0,0,3,4,
0,0,4.054604768753052,0,5a7e86245542991319bc94ce,0.25,1,3,4,
0,0,30.96623969078064,5,5a8eed625542995085b374b9,0.4,2,18,5,
0,0,26.21803879737854,5,5ac0c3275542992a796ded7d,0.3333333333333333,1,15,3,
0,0.017699115044247787,15.082300662994385,2,5a776a7055429966f1a36d32,0.0,0,9,3,
0,0,29.388413190841675,5,5adbd3405542994650320bf8,0.0,0,18,5,
0,0,5.333008766174316,0,5a8c781c554299653c1aa083,0.3333333333333333,1,3,3,
0,0,4.977419137954712,0,5a72f1cf5542994cef4bc414,0.0,0,3,2,
0,0,4.9584128856658936,0,5ac313145542995ef918c0ed,0.0,0,3,4,
0,0,4.974417448043823,0,5a7b8f66554299294a54a9f7,0.0,0,3,5,
0,0.017543859649122806,4.9814839363098145,0,5adda7275542995b365fab57,0.3333333333333333,1,3,3,
0,0,4.9793689250946045,0,5a7bf0d75542996dd594b85c,0.0,0,3,3,
0,0.018181818181818184,4.985887289047241,0,5ae4d9985542990ba0bbb175,1.0,1,3,1,
0,0.035398230088495575,4.953459024429321,0,5a758f775542992db9473682,0.0,0,3,5,
0,0,4.9541566371917725,0,5a8af3b155429950cd6afc2c,0.25,1,3,4,
0,0,4.945282697677612,0,5a87aa135542996e4f3088b8,0.0,0,3,5,
0,0,24.2273371219635,4,5ae31ee75542992decbdcdde,0.0,0,15,4,
0,0,4.658670902252197,0,5ae17cd055429901ffe4aea3,0.16666666666666666,1,3,6,
0,0,3.7668867111206055,0,5a907d1855429933b8a2052a,0.0,0,3,4,
0,0,18.971463441848755,3,5ac3a049554299741d48a2ba,0.0,0,12,3,
0,0,4.663326025009155,0,5ac41b9e5542995c82c4acc4,0.25,1,3,4,
0,0,23.381994247436523,4,5a89cc99554299669944a5ae,0.3333333333333333,1,15,3,
0,0,13.264914751052856,2,5ae1ab2f554299234fd042ba,0.25,1,9,4,
0,0.0625,4.343948125839233,0,5a70f0e75542994082a3e408,0.6666666666666666,2,3,3,
0,0,4.356481313705444,0,5ae4094655429970de88d896,0.0,0,3,7,
0,0,4.319700241088867,0,5a83ef745542996488c2e4f8,0.5,1,3,2,
0,0,8.727427959442139,1,5a820897554299676cceb1f4,0.5,1,6,2,
0,0,4.336065292358398,0,5a7b41b555429931da12ca3f,0.3333333333333333,1,3,3,
0,0,4.343811273574829,0,5a7bb52355429927d897c01a,0.4,2,3,5,
0,0,4.343769311904907,0,5ab2b7405542991669774069,0.4,2,3,5,
0,0.021978021978021976,4.37826943397522,0,5a73d33e5542992d56e7e3a9,0.3333333333333333,1,3,3,
0,0,4.318046569824219,0,5aba8f1b55429955dce3ee85,0.25,1,3,4,
0,0,4.2953691482543945,0,5a8d0c1b5542994ba4e3dbb3,0.3333333333333333,1,3,3,
0,0,27.418097257614136,5,5abbd72d55429931dba1459e,0.0,0,18,4,
0,0,25.68717336654663,5,5abd848455429924427fd03a,0.0,0,18,5,
0,0,19.180954456329346,3,5a7a633a55429941d65f2609,0.25,1,9,4,
0,0,4.290715932846069,0,5a81b99c5542995ce29dcc56,0.5,1,3,2,
0,0,4.32507848739624,0,5a8aa5835542996c9b8d5f4e,0.3333333333333333,1,3,3,
0,0,25.733205318450928,5,5a88cf7e5542993b751ca85b,0.3333333333333333,1,15,3,
0,0,3.0940029621124268,0,5ab8eabb5542991b5579f03d,0.5,2,3,4,
0,0,3.0840377807617188,0,5a7525405542993748c897ce,0.0,0,3,13,
0,0.04761904761904761,3.1111574172973633,0,5a862f985542991e771815af,0.0,0,3,3,
0,0.05882352941176471,3.072019577026367,0,5a8a3dd55542995153361360,0.3333333333333333,1,3,3,
0,0,3.11739444732666,0,5ae377415542992e3233c40a,1.0,2,3,2,
0,0,16.305659294128418,3,5add00805542992c1e3a2504,0.14285714285714285,1,12,7,
0,0,3.121774673461914,0,5aba5dfd55429955dce3edf0,0.75,3,3,4,
0,0,3.1548962593078613,0,5a7f63645542992e7d278cf1,0.5,2,3,4,
0,0,3.1094627380371094,0,5a80ddc555429938b6142224,0.3333333333333333,1,3,3,
0,0,3.1242949962615967,0,5ade157e55429939a52fe802,0.14285714285714285,1,3,7,
0,0,3.0878701210021973,0,5a7a06525542990198eaf04f,0.16666666666666666,1,3,6,
0,0,3.1339166164398193,0,5ae5d008554299546bf82f7d,0.5,1,3,2,
0,0,3.1182663440704346,0,5ae68fb45542991bbc97612a,0.6666666666666666,2,3,3,
0,0,3.13795804977417,0,5ab3952e5542992ade7c6de8,0.0,0,3,3,
0,0,3.1114912033081055,0,5a843f305542996488c2e51d,0.0,0,3,5,
0,0,3.093426465988159,0,5a8587dd5542997b5ce40000,1.0,1,3,1,
0,0,6.156529188156128,1,5ae73d415542991e8301cc2b,0.2857142857142857,2,6,7,
0,0,11.668486595153809,2,5a7b77d95542997c3ec971a5,0.5,1,9,2,
0,0,20.33373236656189,4,5a820cb355429903bc27ba2f,0.5,1,15,2,
0,0.05882352941176471,3.0642600059509277,0,5abaee4f5542996cc5e49f15,0.6666666666666666,2,3,3,
0,0.05555555555555556,3.0926904678344727,0,5ac2dc4b55429921a00ab083,0.2,1,3,5,
0,0,3.0771665573120117,0,5ab5a3fb5542997d4ad1f19b,0.25,1,3,4,
0,0.023529411764705882,27.668758630752563,5,5ab295eb554299194fa93412,1.0,2,18,2,
0,0,7.301701307296753,1,5ae4bc7955429913cc2044e9,0.0,0,6,1,
0,0.054054054054054064,3.072021007537842,0,5ae62c385542995703ce8b3e,0.3333333333333333,2,3,6,
0,0,3.068497896194458,0,5ade8b2655429975fa854eff,0.0,0,3,2,
0,0,3.0957655906677246,0,5a7afdc85542992d025e672e,0.2,1,3,5,
0,0,3.079986572265625,0,5a7e96f655429934daa2fc39,0.16666666666666666,1,3,6,
0,0,3.0560731887817383,0,5a8b8b3a5542995d1e6f13e5,0.5,1,3,2,
0,0,3.0840072631835938,0,5a7e3117554299495941991b,0.0,0,3,4,
0,0,3.0731709003448486,0,5adf0d2d5542993a75d263e1,0.0,0,3,5,
0,0,14.043227434158325,3,5a860d09554299211dda2a53,0.5,2,12,4,
0,0.05882352941176471,3.114023447036743,0,5a86ac555542996432c571e4,0.3333333333333333,1,3,3,
0,0,23.848432540893555,4,5a86d7825542996432c571ec,0.5,1,15,2,
0,0,27.458003997802734,5,5a762d53554299109176e6a7,0.0,0,18,10,
0,0,32.47525238990784,5,5a75357c5542996c70cfaeab,0.5,1,15,2,
0,0,24.207799196243286,5,5ac07fff554299294b219006,0.3333333333333333,1,18,3,
0,0,11.317446947097778,2,5ac2b2e2554299218029dafa,1.0,2,9,2,
0,0,24.341377019882202,5,5a728f505542992359bc30f5,0.25,1,18,4,
0,0,7.071493148803711,1,5ae55dda5542992663a4f1e9,0.0,0,6,3,
0,0,25.63416290283203,5,5a8cfa2e554299585d9e378b,0.5,1,18,2,
0,0,19.394679069519043,4,5add47085542997545bbbd13,0.5,1,15,2,
0,0,12.653373003005981,2,5ae2eda355429928c4239570,0.3333333333333333,1,6,3,
0,0,5.6983160972595215,1,5ac0e064554299012d1db64e,0.0,0,6,3,
0,0,3.107945680618286,0,5ab746c8554299110f219aef,0.25,1,3,4,
0,0,3.085146903991699,0,5a72bbfa5542992359bc318d,0.0,0,3,5,
0,0,3.077042579650879,0,5a7fa5b05542994857a7679b,0.0,0,3,5,
0,0,3.0750017166137695,0,5addbf645542997dc7907014,0.0,0,3,3,
0,0,3.111827850341797,0,5ac50c0355429924173fb581,0.0,0,3,5,
0,0,3.1142807006835938,0,5a7929c8554299029c4b5f11,0.0,0,3,2,
0,0,3.1951444149017334,0,5a7195a05542994082a3e881,0.0,0,3,3,
0,0,3.0904743671417236,0,5a8c9641554299585d9e36f5,1.0,1,3,1,
0,0,3.1419501304626465,0,5a7fc41455429969796c1b51,0.0,0,3,8,
0,0,3.0877580642700195,0,5a7131565542994082a3e64f,0.25,1,3,4,
0,0,3.0715887546539307,0,5ab7f0b9554299366779405d,0.0,0,3,4,
0,0,3.098860740661621,0,5ac54cef5542993e66e822da,0.0,0,3,4,
0,0,23.36697816848755,5,5aba725455429901930fa7cc,0.25,1,18,4,
0,0,3.0700671672821045,0,5a7774e155429967ab10518d,0.14285714285714285,1,3,7,
0,0,3.0852291584014893,0,5ab680d15542995eadef0011,0.5,1,3,2,
0,0,3.0832018852233887,0,5a75e67d5542992db9473709,0.5,1,3,2,
0,0,3.0596542358398438,0,5adcf3a45542994ed6169c38,0.2,1,3,5,
0,0,3.0578255653381348,0,5ac1928655429964131be234,0.0,0,3,7,
0,0,3.0713322162628174,0,5ab5d9af554299494045f07e,0.3333333333333333,1,3,3,
0,0,3.1920573711395264,0,5ab2d15e554299545a2cfaa6,0.0,0,3,3,
0,0,42.54845380783081,5,5a72df8d5542992359bc31b4,0.25,1,18,4,
0,0,24.33367943763733,5,5a8843cd5542994846c1ce75,0.16666666666666666,1,18,6,
,,,,5adf51e05542995534e8c78a,,,,,Ollama request exceeded timeout limit for model stable-qwen with error: timed out
0,0,27.38439154624939,5,5ac274fc55429963665199c1,0.25,1,18,4,
0,0,24.65939211845398,5,5a7f5f655542994857a7670b,0.2,1,18,5,
0,0,26.262698650360107,5,5a7736ef55429972597f14a7,0.5,1,18,2,
0,0,24.986167907714844,5,5ae52bc75542992663a4f12d,0.3333333333333333,1,18,3,
0,0,3.1152143478393555,0,5ab5c984554299488d4d9a21,0.1111111111111111,1,3,9,
0,0,108.35916543006897,5,5a7d1e685542995ed0d165f7,0.0,0,18,4,
0,0,27.689298629760742,5,5a7d97205542990b8f5039c7,0.5,1,18,2,
0,0,28.221424341201782,5,5ae241005542994d89d5b3a4,1.0,1,18,1,
0,0,26.975216150283813,5,5a7b537555429927d897bf90,0.3333333333333333,1,18,3,
0,0,24.829569816589355,5,5ab989f755429970cfb8eb38,0.0,0,18,3,
0,0,25.917919635772705,5,5ae33a3b5542992f92d8224a,0.0,0,18,5,
0,0,24.764581441879272,5,5abec12b5542997ec76fd358,0.14285714285714285,1,18,7,
0,0,24.864370107650757,5,5ae2c416554299492dc91c67,1.0,2,18,2,
0,0,25.289196252822876,5,5a7a43f25542996a35c1716c,0.3333333333333333,1,18,3,
0,0,24.94773530960083,5,5a87a7235542996e4f3088a8,0.25,1,18,4,
0,0,31.146697521209717,5,5a85c3225542992a431d1b95,0.4,2,18,5,
0,0,25.440151929855347,5,5ab928c255429934fafe6e6e,0.0,0,18,5,
0,0,25.031818151474,5,5a7aa2a255429941d65f270e,1.0,1,18,1,
0,0,29.972174644470215,5,5ab61798554299488d4d9aaa,0.25,1,18,4,
0,0,12.173378229141235,2,5a7662745542992db9473786,0.2,1,9,5,
0,0,25.81710958480835,5,5ae53fcb55429960a22e029e,1.0,1,15,1,
0,0,25.759493350982666,5,5a7adaa35542992d025e670c,0.3333333333333333,1,18,3,
0,0,19.717029094696045,4,5abe407155429976d4830ab4,0.6666666666666666,2,15,3,
0,0,23.254961729049683,5,5ae340a85542994393b9e668,1.0,2,18,2,
0,0,22.78865361213684,5,5abe36aa5542993f32c2a08f,0.0,0,18,2,
0,0,3.1122705936431885,0,5abbf519554299114383a0ad,0.0,0,3,5,
0,0,3.13958477973938,0,5a7b1c0a55429931da12c9c9,0.0,0,3,4,
0,0,3.178311586380005,0,5ae29d8a5542996483e64a0f,0.0,0,3,7,
0,0,3.1661465167999268,0,5ae157ed5542990adbacf75d,0.0,0,3,8,
0,0,3.1027321815490723,0,5ae17e4255429901ffe4aeae,0.125,1,3,8,
0,0,3.143007278442383,0,5a8a2e465542996c9b8d5e32,0.0,0,3,3,
0,0,3.1177310943603516,0,5a8aff3d55429971feec45df,0.0,0,3,4,
0,0,3.150542974472046,0,5ae6152d5542996de7b71b38,0.4,2,3,5,
0,0,3.1128311157226562,0,5a8eaa74554299068b959e88,0.0,0,3,8,
0,0.049999999999999996,3.168229103088379,0,5a8de02b554299068b959e13,1.0,1,3,1,
0,0,3.1589181423187256,0,5a8c7703554299585d9e36b9,0.0,0,3,7,
0,0,26.1596462726593,5,5a72688c5542997f827839b2,0.5,1,18,2,
0,0,27.20253014564514,5,5a77789d55429949eeb29e4e,0.14285714285714285,1,18,7,
0,0,27.308431148529053,5,5ab57fc4554299488d4d99c0,0.0,0,18,7,
0,0,25.849848747253418,5,5a72a5a75542992359bc314e,0.0,0,18,9,
0,0,24.35396409034729,5,5a8b2f2b5542995d1e6f12fa,0.3333333333333333,1,18,3,
0,0,25.224106788635254,5,5ab96ecb5542996be20204e6,0.0,0,18,5,
0,0,22.818761587142944,5,5a710d155542994082a3e520,0.5,1,18,2,
0,0,22.670235872268677,5,5a77388e55429966f1a36cb1,1.0,2,18,2,
0,0,22.919011116027832,5,5ade0fbb5542995b365fabfb,0.16666666666666666,1,18,6,
0,0,25.573259592056274,5,5ab2e8ad554299340b525562,0.5,1,18,2,
0,0.041666666666666664,20.959510803222656,5,5aba971a55429955dce3ee94,0.0,0,18,4,
0,0,20.92194890975952,5,5ae7f7ec554299540e5a56de,0.16666666666666666,1,18,6,
0,0,20.30317187309265,5,5ac557975542993e66e8231c,0.0,0,18,4,
0,0,21.104315280914307,5,5a85f8665542994775f606ce,0.16666666666666666,1,18,6,
0,0,21.163738250732422,5,5aba72d75542994dbf019912,0.0,0,18,3,
0,0,3.715958833694458,0,5ade78e255429939a52fe8d0,0.0,0,3,8,
0,0,2.7940380573272705,0,5a746ddc55429929fddd8423,0.5,1,3,2,
,,,,5ae21ef35542994d89d5b35d,,,,,Ollama request exceeded timeout limit for model stable-qwen with error: timed out
0,0,2.7988994121551514,0,5a8dafbd554299068b959da0,0.0,0,3,3,
0,0,2.7611043453216553,0,5ae3006c55429928c423959f,0.5,1,3,2,
0,0,9.30516505241394,2,5a7905ca554299148911f9c8,0.3333333333333333,1,9,3,
0,0,17.03538727760315,4,5ae678915542996d980e7b70,0.3333333333333333,1,15,3,
0,0,3.4852960109710693,0,5ae195bf5542997b2ef7d207,0.2,1,3,5,
0,0,2.7619528770446777,0,5a733caa5542992359bc32a3,0.0,0,3,15,
0,0,2.7457401752471924,0,5a7ccb3655429909bec7680b,0.5,2,3,4,
0,0,20.36134433746338,5,5addc2b75542997dc7907017,0.16666666666666666,1,18,6,
0,0,22.016557693481445,5,5a89a13c55429946c8d6e97a,0.2,1,18,5,
0,0,17.065423011779785,4,5adbc9a4554299438c868caf,0.125,1,15,8,
0,0,6.283295154571533,1,5a71474b5542994082a3e74f,0.3333333333333333,1,6,3,
0,0,2.7137510776519775,0,5ae5c27b554299546bf82f4c,1.0,1,3,1,
0,0,2.735379695892334,0,5ae40b2b55429970de88d8b3,0.0,0,3,3,
0,0,2.7384538650512695,0,5abe54585542991f66106148,0.0,0,3,3,
0,0,2.743501663208008,0,5ae6529a55429929b0807b32,1.0,2,3,2,
0,0,2.776190996170044,0,5a8e43455542990e94052aa1,0.3333333333333333,1,3,3,
0,0,2.7381224632263184,0,5ae68a065542991bbc97611e,0.25,1,3,4,
0,0,2.7612056732177734,0,5a8b64695542997f31a41d04,0.0,0,3,3,
0,0,2.770329236984253,0,5ac44b47554299194317396c,0.0,0,3,6,
0,0,2.735541343688965,0,5adeda67554299728e26c7db,0.5,2,3,4,
0,0,2.718172073364258,0,5abd0f4b55429933744ab6e3,0.25,1,3,4,
0,0,2.749983787536621,0,5ade9c2155429939a52fe8fe,1.0,3,3,3,
0,0.14285714285714288,2.7671587467193604,0,5ab900045542991b5579f0c0,0.0,0,3,3,
0,0,2.80157470703125,0,5a7f0c4b5542993067513600,0.0,0,3,2,
0,0,2.7677555084228516,0,5ae524415542992663a4f121,0.25,1,3,4,
0,0,2.7686469554901123,0,5ae28c0a554299495565daaa,0.0,0,3,5,
0,0,2.769190549850464,0,5ab3fc215542992339550027,0.2,1,3,5,
0,0,2.752575397491455,0,5a88f180554299206df2b3cc,0.0,0,3,5,
0,0,2.7622032165527344,0,5a80afcf554299485f5986b9,0.0,0,3,2,
0,0,5.387402772903442,1,5abc7d6d5542993a06baf8f3,0.42857142857142855,3,6,7,
0,0,2.743363618850708,0,5a7265a95542992359bc307a,0.5,2,3,4,
0,0,2.765653610229492,0,5ab6f39c554299110f219a79,0.5,1,3,2,
0,0,2.727647542953491,0,5a77414155429972597f14d7,0.0,0,3,2,
0,0,2.7487359046936035,0,5a8e07b25542995085b3738d,0.1,1,3,10,
0,0,2.713585138320923,0,5ae72f75554299572ea5476c,0.25,1,3,4,
0,0,2.7261974811553955,0,5ab90a2055429916710eb0ea,0.3333333333333333,1,3,3,
0,0,6.3224828243255615,1,5ab28120554299449642c8cc,0.0,0,6,8,
0,0,2.7387452125549316,0,5a8afb9955429971feec45c2,0.0,0,3,4,
0,0,2.7272562980651855,0,5a8080365542992097ad2fed,0.75,3,3,4,
0,0,7.558636903762817,1,5a73d4385542992d56e7e3b1,0.3333333333333333,1,6,3,
0,0,2.7475063800811768,0,5ab2e84855429929539468a6,0.0,0,3,4,
0,0,2.7435669898986816,0,5a81cf64554299676cceb0ed,1.0,1,3,1,
0,0,2.7628226280212402,0,5abbb64455429931dba144b4,0.3333333333333333,2,3,6,
0,0,2.7486701011657715,0,5ae49b705542995ad6573dbc,0.0,0,3,4,
0,0,2.79300594329834,0,5a7e279d5542995ed0d166b5,0.0,0,3,5,
0,0,2.757357358932495,0,5a7dbb605542997cc2c47486,0.25,1,3,4,
0,0,2.778742551803589,0,5ae1afe9554299234fd042c6,0.3333333333333333,2,3,6,
0,0,2.7167019844055176,0,5a8ceb4955429941ae14df43,0.0,0,3,7,
0,0,2.7665843963623047,0,5a88082055429938390d3ed2,0.5,1,3,2,
0,0,2.7344512939453125,0,5ab2f53d5542991669774157,0.5,2,3,4,
0,0,2.750680446624756,0,5ae8295955429952e35eaa6d,1.0,1,3,1,
0,0,2.7245309352874756,0,5ab6a261554299710c8d1f07,0.25,1,3,4,
0,0,2.763098955154419,0,5a78d70b55429974737f78d1,1.0,1,3,1,
0,0,2.743222713470459,0,5ae4bcfc55429913cc2044eb,0.0,0,3,4,
0,0,6.809854507446289,1,5ae5f9b355429929b0807a4b,0.125,1,6,8,
0,0,2.752265214920044,0,5a7286865542991f9a20c4cb,0.2,1,3,5,
0,0,2.7645962238311768,0,5a8ba60b554299240d9c205b,0.14285714285714285,1,3,7,
0,0,2.700108766555786,0,5a7a32225542990783324eb4,0.3333333333333333,1,3,3,
0,0,2.731519937515259,0,5ae0e0125542993d6555ec79,0.0,0,3,5,
0,0,2.7527949810028076,0,5a7c75045542990527d554b2,0.5,1,3,2,
0,0,6.462022066116333,1,5add8f055542990dbb2f7e6d,0.3333333333333333,1,6,3,
0,0,2.74434757232666,0,5a85f2f55542997b5ce40036,0.0,0,3,7,
0,0,2.7495486736297607,0,5abbd4035542993f40c73bcb,0.0,0,3,6,
,,,,5addb7b65542997545bbbdba,,,,,Ollama request exceeded timeout limit for model stable-qwen with error: timed out
0,0,2.7336580753326416,0,5a8b69f45542997f31a41d19,0.0,0,3,3,
0,0,2.779512405395508,0,5ac3e68b5542997ea680c98b,1.0,1,3,1,
0,0,2.7758071422576904,0,5ac54f8d5542993e66e822f5,1.0,1,3,1,
0,0,2.7825872898101807,0,5ac3bff15542995ef918c213,0.0,0,3,12,
0,0,6.073232173919678,1,5ab283d9554299449642c8d8,0.6666666666666666,2,6,3,
0,0,2.775879144668579,0,5a9092cc55429916514e74fd,0.25,1,3,4,
0,0,2.786914348602295,0,5ab9bb8355429970cfb8eb8b,0.5,1,3,2,
0,0,2.7881546020507812,0,5a8a70ea55429970aeb702e4,0.14285714285714285,1,3,7,
0,0,5.677177667617798,1,5ae5a0765542992663a4f1fb,0.0,0,6,5,
0,0,2.784515619277954,0,5a8fa89c55429918e830d29f,0.5,1,3,2,
0,0,2.719330072402954,0,5a711ef85542994082a3e5ac,0.14285714285714285,1,3,7,
0,0,2.748908042907715,0,5a7fa97d5542994857a767a9,0.0,0,3,8,
0,0,2.8157958984375,0,5a7336d05542992359bc3293,0.0,0,3,8,
0,0,2.7839436531066895,0,5add559e5542992ae4cec511,1.0,1,3,1,
0,0,2.7732648849487305,0,5ade45c75542992fa25da720,0.5,2,3,4,
0,0.2,2.7948358058929443,0,5ae47cab5542996836b02cb9,0.0,0,3,5,
0,0,2.801647901535034,0,5ac2cb3e5542996773102627,0.6666666666666666,2,3,3,
0,0,6.668084621429443,1,5ab965bb554299743d22eb56,0.3333333333333333,1,3,3,
0,0,2.780885696411133,0,5a81549055429938b6142338,1.0,1,3,1,
0,0,2.7529890537261963,0,5ac3b40a554299741d48a2e5,0.25,1,3,4,
0,0,2.7913026809692383,0,5ab6e848554299710c8d1faa,0.3333333333333333,1,3,3,
0,0,2.7421085834503174,0,5a7fb6625542994857a767cc,0.1,1,3,10,
0,0,2.719661235809326,0,5ae537e45542990ba0bbb235,0.3333333333333333,1,3,3,
0,0,2.728553295135498,0,5a76244c554299109176e65d,0.0625,1,3,16,
0,0,2.7609806060791016,0,5ab568af554299494045efaf,0.2,1,3,5,
0,0,2.8089051246643066,0,5a89a99f55429946c8d6e98f,0.3333333333333333,1,3,3,
0,0,2.7828996181488037,0,5adbfa38554299438c868d00,0.2,1,3,5,
0,0,2.71699595451355,0,5a74e93e55429974ef308c92,0.5,1,3,2,
0,0,2.7276337146759033,0,5a75b7475542992d0ec05feb,0.0,0,3,9,
0,0,2.7721567153930664,0,5ab7fd6b5542990e739ec7b5,0.2,1,3,5,
0,0,2.740082263946533,0,5a769b0d5542993569682c50,0.0,0,3,6,
0,0,2.728381872177124,0,5ae086d35542993d6555eb97,0.3333333333333333,1,3,3,
0,0,2.756385326385498,0,5a7183575542994082a3e85e,0.5,1,3,2,
0,0,2.987440347671509,0,5a769b115542993569682c51,0.3333333333333333,1,3,3,
0,0,2.7659237384796143,0,5a8f2ba155429918e830d1b9,0.3333333333333333,2,3,6,
0,0,2.770596504211426,0,5a729cc25542991f9a20c532,1.0,1,3,1,
0,0,2.75938081741333,0,5abbf8be554299114383a0c1,1.0,1,3,1,
0,0,2.729792356491089,0,5a7d27f05542995ed0d1660d,0.25,1,3,4,
0,0,2.795522451400757,0,5a77666555429966f1a36d1f,0.0,0,3,6,
0,0,2.7483839988708496,0,5a8b24f955429949d91db4cd,0.5,1,3,2,
0,0,12.352594137191772,2,5ae27b535542996483e649b6,0.0,0,9,6,
0,0,2.7591054439544678,0,5a7f7b365542992097ad2f80,0.08333333333333333,1,3,12,
0,0,6.98508882522583,1,5ae4a1ef55429970de88d9e7,0.25,1,6,4,
0,0,2.75028920173645,0,5a876cd55542993e715abf36,0.0,0,3,4,
0,0,2.7368505001068115,0,5a7e4414554299495941995c,0.0,0,3,7,
0,0,2.7125983238220215,0,5ae5064e5542993aec5ec113,0.14285714285714285,1,3,7,
0,0,2.767022132873535,0,5a7770f855429966f1a36d4e,0.25,1,3,4,
0,0,2.752546787261963,0,5ae1e80b5542997f29b3c197,0.2,1,3,5,
0,0,2.8136062622070312,0,5a7fc6645542992e7d278d6e,0.5,1,3,2,
0,0,2.728301525115967,0,5a8331f15542993344745fe8,0.0,0,3,5,
0,0,2.7132914066314697,0,5ab85c8d55429934fafe6d84,0.25,1,3,4,
0,0,2.7407710552215576,0,5a772e465542994aec3b7209,0.25,1,3,4,
0,0,2.7414276599884033,0,5a8f7e785542992414482ae6,0.5,1,3,2,
0,0,2.710569381713867,0,5a7def0d5542990b8f503af9,0.2,1,3,5,
0,0,2.7618491649627686,0,5adcde475542994d58a2f709,0.5,1,3,2,
0,0,2.780017375946045,0,5ae1b44c554299234fd042cd,0.0,0,3,5,
0,0,2.7334377765655518,0,5a79e7b45542994f819ef0ff,0.0,0,3,5,
0,0,2.740626573562622,0,5a84ac585542991dd0999d72,0.0,0,3,8,
0,0,2.7776472568511963,0,5ae1ce895542997f29b3c11e,0.0,0,3,3,
0,0,2.7586498260498047,0,5adc99cf554299438c868e0d,0.0,0,3,3,
0,0,2.7860324382781982,0,5a7c07e15542997c3ec972c7,0.0,0,3,5,
0,0,2.7534732818603516,0,5ac3a8525542993915413895,0.3333333333333333,1,3,3,
0,0,2.726036787033081,0,5ac3caa15542995ef918c23a,1.0,2,3,2,
0,0,2.7241907119750977,0,5addf0fd5542997dc79070d2,0.3333333333333333,1,3,3,
0,0,14.612144708633423,1,5a8f60175542992414482a90,0.2,1,6,5,
0,0,11.219033479690552,1,5a87bd4e5542996432c57279,0.16666666666666666,1,6,6,
0,0,12.781630516052246,3,5a76f7e855429972597f1404,0.0,0,12,5,
0,0,6.079056739807129,1,5ab97b27554299131ca4233c,0.3333333333333333,1,6,3,
0,0,15.418891429901123,4,5add7ce55542992ae4cec585,1.0,2,15,2,
0,0,6.126975774765015,1,5ac3a2fa5542993915413857,0.0,0,6,3,
0,0,2.7075552940368652,0,5ae1fc24554299492dc91bbd,0.0,0,3,5,
0,0,2.75508189201355,0,5abce2fc5542993a06baf994,0.16666666666666666,1,3,6,
0,0,2.794887065887451,0,5ae328f45542991a06ce993c,1.0,1,3,1,
0,0,5.427076101303101,1,5a7a83b3554299042af8f652,0.5,1,6,2,
0,0,2.7648000717163086,0,5ab414295542996a3a969f1d,0.0,0,3,1,
0,0,2.7631888389587402,0,5ae184185542990adbacf7ac,0.0,0,3,5,
0,0,2.7427828311920166,0,5ab529b8554299637185c4e7,0.3333333333333333,1,3,3,
0,0,2.7404119968414307,0,5ae733dc5542991e8301cbd1,0.0,0,3,6,
0,0,2.7086892127990723,0,5a8900c75542997e5c09a6ed,0.0,0,3,3,
0,0,2.7524991035461426,0,5abbf43d5542993f40c73c2f,0.2222222222222222,2,3,9,
0,0,2.7130484580993652,0,5abb9928554299642a094ab9,0.0,0,3,4,
0,0,17.43854808807373,3,5a88bedb554299206df2b35a,0.6666666666666666,2,12,3,
0,0,23.38126230239868,5,5a858dc85542997b5ce40002,0.0,0,18,3,
0,0,27.19568419456482,5,5a8c5b635542996e8ac88a75,0.0,0,18,3,
0,0,25.519189834594727,5,5ae707a25542991bbc9761a7,0.2,1,18,5,
0,0,20.698049783706665,5,5a8abcab5542996c9b8d5f67,1.0,1,18,1,
0,0,16.269888639450073,4,5ae622495542995703ce8b20,0.0,0,15,4,
0,0,20.25593614578247,5,5ac385f8554299741d48a279,0.0,0,18,2,
0,0,26.011253833770752,5,5a7739e255429972597f14ad,0.25,1,18,4,
0,0,9.4792320728302,2,5ac3def75542997ea680c95f,0.0,0,9,5,
0,0,2.7623884677886963,0,5a78f05155429970f5fffde3,0.2,1,3,5,
0,0,2.750490665435791,0,5a778a8e5542992a6e59deca,0.5,1,3,2,
0,0,2.7609920501708984,0,5add21555542992ae4cec496,0.3333333333333333,1,3,3,
0,0,2.769777774810791,0,5adff056554299603e4183cc,0.25,1,3,4,
0,0,2.705486536026001,0,5ae4d1a355429913cc204513,0.0,0,3,5,
0,0,2.767390727996826,0,5ab4355555429942dd415ee3,0.5,1,3,2,
0,0,2.7672276496887207,0,5a7bc42e554299294a54aabe,0.0,0,3,4,
0,0,6.140658140182495,1,5a8bc29a5542995d1e6f1446,0.0,0,6,1,
0,0,2.751537799835205,0,5a87560d5542994775f607d9,0.3333333333333333,2,3,6,
0,0,2.7707908153533936,0,5a77372b554299373536021c,0.5,2,3,4,
0,0,2.7624475955963135,0,5abdf8c45542993f32c2a072,0.75,3,3,4,
0,0,2.835759401321411,0,5a7128b05542994082a3e5f2,0.5,2,3,4,
0,0,2.800734758377075,0,5ac3e07b5542997ea680c96c,0.3333333333333333,1,3,3,
0,0,2.774725914001465,0,5abd8bf95542996e802b47ba,0.0,0,3,7,
0,0,2.8031344413757324,0,5a875cd65542996e4f30879d,0.3333333333333333,1,3,3,
0,0,2.712064743041992,0,5ac3a928554299391541389f,0.0,0,3,10,
0,0,22.075331926345825,5,5a84ad3a5542992a431d1a8b,0.0,0,18,3,
0,0,20.357863903045654,5,5ab7de455542992aa3b8c864,0.0,0,18,4,
0,0,6.248905181884766,1,5ae4cb2f55429960a22e01e8,0.0,0,6,5,
0,0,16.65541958808899,4,5ae3d2715542990afbd1e1e9,1.3333333333333333,4,15,3,
0,0,2.7621870040893555,0,5a8b42be55429949d91db515,0.5,1,3,2,
0,0,2.76784086227417,0,5a8afa4d55429949d91db44c,0.0,0,3,4,
0,0,2.7152183055877686,0,5a7f5da85542992097ad2f3e,0.25,1,3,4,
0,0,2.7572646141052246,0,5a87b30c5542994846c1cdcf,0.25,1,3,4,
0,0,5.496455430984497,1,5abd72d155429933744ab7e0,0.3333333333333333,1,6,3,
0,0,16.444283723831177,4,5a724dc25542990c210a40df,0.5,2,15,4,
0,0,2.7812564373016357,0,5ac24cc45542996366519963,0.0,0,3,3,
0,0,2.7783005237579346,0,5ae4a45b55429970de88d9ed,0.0,0,3,8,
0,0,2.6902213096618652,0,5ae3d5ec5542992f92d8238c,0.14285714285714285,1,3,7,
0,0,20.261733531951904,5,5a81b92a5542995ce29dcc52,0.5,1,18,2,
0,0,12.944827318191528,2,5a732ca45542992359bc325d,0.14285714285714285,1,9,7,
0,0,2.746753692626953,0,5a85d6d95542996432c570fb,0.0,0,3,2,
0,0,20.97764539718628,5,5a7a11c85542996a35c170b4,0.25,1,18,4,
0,0,20.254066228866577,5,5abfa18f5542990832d3a176,0.0,0,18,10,
0,0.2,14.987480401992798,4,5ae0f4645542997b2ef7d0aa,0.5,1,15,2,
0,0,11.606870174407959,3,5a714dea5542994082a3e7a9,0.0,0,12,3,
0,0,8.205111026763916,2,5a7cdc54554299683c1c63a5,0.3333333333333333,1,9,3,
0,0,2.761669397354126,0,5ab42ae95542991751b4d6c4,0.5,1,3,2,
0,0,2.757952928543091,0,5ac0b1835542992a796ded65,0.125,1,3,8,
0,0,11.60777497291565,3,5a73bddb55429978a71e909d,0.3333333333333333,1,12,3,
0,0,19.84251356124878,5,5ab3ddbc55429969a97a81dc,0.0,0,15,4,
0,0,20.249566078186035,5,5ac4deff554299076e296e26,0.5,1,18,2,
0,0,19.424511909484863,5,5ab73eaf5542992aa3b8c7ef,0.0,0,18,1,
0,0.2222222222222222,17.810722827911377,5,5ab92f52554299131ca422a9,0.0,0,18,9,
0,0,13.738865613937378,4,5a7943c655429970f5fffe89,0.0,0,15,16,
0,0,17.84474468231201,5,5a860baa554299211dda2a4c,0.0,0,18,7,
0,0,5.5437586307525635,1,5a731a635542994cef4bc458,0.3333333333333333,1,6,3,
0,0,2.842031478881836,0,5ab953a45542996be202047f,0.16666666666666666,1,3,6,
0,0,12.344805240631104,3,5ae26c795542992decbdccfb,0.0,0,12,7,
0,0,2.7407519817352295,0,5a8fb65d5542997ba9cb32fa,0.5,1,3,2,
0,0,2.728349208831787,0,5a7ef18c55429934daa2fc84,0.125,1,3,8,
0,0,17.205435514450073,5,5a75e67f55429976ec32bc8b,0.5,2,18,4,
0,0,2.6960532665252686,0,5a81967a55429926c1cdad44,0.0,0,3,6,
0,0,2.7582428455352783,0,5ae0fd9655429920d5234264,0.25,1,3,4,
0,0,2.7293546199798584,0,5a7a103b5542990783324e27,0.14285714285714285,1,3,7,
0,0,2.7153358459472656,0,5aba510f5542994dbf0198d6,0.0,0,3,3,
0,0,3.4637606143951416,0,5a7602d8554299109176e5fb,0.25,1,3,4,
0,0,2.721343994140625,0,5adcca7f5542994ed6169c06,0.5,2,3,4,
0,0,2.7452938556671143,0,5a73471a5542991f9a20c6d7,0.16666666666666666,1,3,6,
0,0,2.7450380325317383,0,5ae64b015542992ae0d162bc,0.0,0,3,5,
0,0,2.7339212894439697,0,5a7380e855429905862fe041,0.5,1,3,2,
0,0,2.7760419845581055,0,5ac21ac05542991316484bee,0.125,1,3,8,
0,0,2.7155063152313232,0,5ae7247b5542992ae0d163c1,0.0,0,3,4,
0,0,2.742502450942993,0,5ae446825542995ad6573d21,0.3333333333333333,2,3,6,
0,0,14.797497749328613,3,5ae6c7b35542992ae0d1639c,0.16666666666666666,1,12,6,
0,0,8.173909425735474,2,5a84c0885542994c784dda28,0.5,1,9,2,
0,0,2.755760908126831,0,5a84be845542991dd0999dcf,0.2,1,3,5,
0,0,2.753021478652954,0,5adf03765542995534e8c72b,0.3333333333333333,1,3,3,
0,0,2.791962146759033,0,5ae35b035542992e3233c3ae,0.0,0,3,4,
0,0,2.7433271408081055,0,5adebc9b554299728e26c79d,0.3333333333333333,1,3,3,
0,0.2,2.746108293533325,0,5a7b22f8554299042af8f6ff,0.0,0,3,11,
0,0,2.7943296432495117,0,5ae0432a55429924de1b7081,0.3333333333333333,1,3,3,
0,0,2.7395293712615967,0,5ab55455554299488d4d993b,0.0,0,3,2,
0,0,2.784330368041992,0,5ae676915542995703ce8b66,0.6666666666666666,2,3,3,
0,0,2.7657511234283447,0,5a7782b95542995d8318117f,1.0,1,3,1,
0,0,12.108913898468018,3,5a81e8ea5542995ce29dcc73,0.0,0,12,3,
0,0,2.9937703609466553,0,5a879fe05542996e4f30888a,0.0,0,3,11,
0,0,2.7749080657958984,0,5adffd4755429906c02daa9b,0.0,0,3,5,
0,0,17.04868459701538,5,5abcf1ce554299700f9d7930,0.6666666666666666,2,18,3,
0,0,2.772291421890259,0,5ac13d5c5542996f0d89cc78,0.5,1,3,2,
0,0,2.7154130935668945,0,5a7aa9425542992d025e66e4,0.3333333333333333,1,3,3,
0,0,18.303187370300293,5,5a8241a855429940e5e1a819,0.5,4,18,8,
0,0,5.66770339012146,1,5ab29caa554299545a2cf9d3,1.5,6,6,4,
0,0,8.146037578582764,2,5a7a33a35542994f819ef14c,0.0,0,9,4,
0,0,3.249486207962036,0,5ae4dd0955429960a22e0201,0.16666666666666666,1,3,6,
0,0,5.6365814208984375,1,5aba7d7d554299232ef4a303,0.0,0,6,3,
0,0,17.896901845932007,5,5ab2c0de5542992953946870,0.3333333333333333,1,18,3,
0,0,2.7113468647003174,0,5a8459aa5542996488c2e51e,0.0,0,3,3,
0,0,2.745277166366577,0,5a7481d755429974ef308c12,0.5,1,3,2,
0,0,2.7437243461608887,0,5ac31bbd554299741d48a1f9,0.5,1,3,2,
0,0,2.718043088912964,0,5a7780e855429949eeb29e9f,0.25,1,3,4,
0,0,11.578259706497192,3,5a7c9ead5542990527d554e4,0.0,0,12,1,
0,0,2.9351747035980225,0,5ab2eff05542991669774140,0.2,1,3,5,
0,0,5.586395740509033,1,5ab67c0055429954757d32f6,0.0,0,6,2,
0,0,2.7729251384735107,0,5ae0198455429942ec259c1e,0.0,0,3,2,
0,0,2.7442123889923096,0,5a75da235542992db94736f9,0.0,0,3,3,
0,0,2.7533493041992188,0,5ae532e955429908b632656f,0.0,0,3,5,
0,0,2.75213885307312,0,5a73aeb855429908901be311,0.0,0,3,4,
0,0,16.42356538772583,5,5abaccd1554299660624161b,0.5,1,18,2,
0,0,6.255462408065796,1,5a7f6fd75542992e7d278cfa,0.4,2,6,5,
0,0,2.7453627586364746,0,5a75b7bd5542992d0ec05fec,0.5,1,3,2,
0,0,2.7663159370422363,0,5abd7aba55429924427fcfed,0.5,1,3,2,
0,0,14.1264488697052,3,5ae4c7c65542990ba0bbb12b,0.16666666666666666,1,12,6,
0,0,2.6322574615478516,0,5ab6d04c554299710c8d1f70,0.5,1,3,2,
0,0,2.6272008419036865,0,5a8b768655429949d91db5a9,0.5,1,3,2,
0,0,6.173241138458252,1,5ae1c214554299234fd042ed,0.4,2,6,5,
0,0,6.255218982696533,1,5abdb4a755429965af743df0,0.3333333333333333,1,6,3,
0,0,2.7556674480438232,0,5a81df4b55429903bc27b9f8,0.3333333333333333,1,3,3,
0,0,5.471515893936157,1,5ae3f6775542991a06ce9a3f,0.3333333333333333,1,6,3,
0,0,5.468052387237549,1,5abc7bf5554299114383a129,1.0,1,6,1,
0,0,2.7370762825012207,0,5ae26197554299495565da51,0.0,0,3,9,
0,0,2.7751970291137695,0,5a8391f55542996488c2e45c,0.0,0,3,5,
0,0,2.7925899028778076,0,5a8a367a55429930ff3c0d03,0.0,0,3,2,
0,0,2.7315328121185303,0,5adf41a45542993a75d26456,0.5,1,3,2,
0,0,2.7403969764709473,0,5a8e92b55542995085b37458,0.0,0,3,9,
0,0,2.722411632537842,0,5ac029655542992a796decb3,0.16666666666666666,1,3,6,
0,0,2.7468483448028564,0,5ade09a15542995b365fabdf,0.0,0,3,12,
0,0,2.7622601985931396,0,5abae1725542996cc5e49ece,0.25,1,3,4,
0,0,2.7440075874328613,0,5a7ca74c55429907fabeefe9,1.0,1,3,1,
0,0,2.7868120670318604,0,5a82ffef55429954d2e2ebf2,0.3333333333333333,1,3,3,
0,0,3.01558256149292,0,5a8da0b85542994ba4e3dcd3,0.1111111111111111,1,3,9,
0,0,2.7904016971588135,0,5a8193275542995ce29dcc07,0.0,0,3,5,
0,0,5.581770181655884,1,5a861c0d5542994775f606f7,0.3333333333333333,1,6,3,
0,0,2.7704339027404785,0,5a863114554299211dda2aa5,0.25,1,3,4,
0,0,2.7198598384857178,0,5ae37ca55542992f92d822d5,0.3333333333333333,1,3,3,
0,0,2.700195550918579,0,5ae6196d5542995703ce8afd,0.2857142857142857,2,3,7,
0,0,2.694166898727417,0,5ae4b5935542995ad6573e27,0.0,0,3,5,
0,0,2.7530078887939453,0,5abffdec554299012d1db55d,0.3333333333333333,1,3,3,
0,0,2.750089168548584,0,5a86458b5542991e771815ec,0.3333333333333333,1,3,3,
0,0,2.763763427734375,0,5a8a59c955429930ff3c0da6,0.3333333333333333,1,3,3,
0,0,2.7780940532684326,0,5a81d69055429903bc27b9de,1.0,1,3,1,
0,0,2.784477949142456,0,5a7299465542992359bc3131,0.5,3,3,6,
0,0,2.7670366764068604,0,5a8af1e255429950cd6afc28,0.0,0,3,3,
0,0,2.72240948677063,0,5a773ec355429966f1a36ccb,1.0,1,3,1,
0,0,2.7334132194519043,0,5a7da6c25542995ed0d16652,0.6666666666666666,2,3,3,
0,0,2.753638505935669,0,5ab1e75f554299340b525422,0.0,0,3,7,
0,0,2.7475948333740234,0,5a7a99db55429941d65f26ea,0.5,2,3,4,
0,0,19.59001398086548,5,5adbd68155429947ff173842,0.5,1,15,2,
0,0,10.372160196304321,2,5a78f3d255429970f5fffdf1,0.1111111111111111,1,9,9,
0,0,2.771981954574585,0,5a8c51f0554299240d9c2111,0.6666666666666666,2,3,3,
0,0,2.7902934551239014,0,5a808afb5542992bc0c4a76b,0.0,0,3,2,
0,0,2.611659288406372,0,5a84a7f95542992a431d1a85,0.2,1,3,5,
0,0.09523809523809525,6.652448654174805,1,5ab5f372554299488d4d9a60,1.0,2,6,2,
0,0,2.640899896621704,0,5aba916c55429901930fa83b,0.125,1,3,8,
0,0,2.6588592529296875,0,5ae5669755429960a22e02ec,0.2,1,3,5,
0,0,2.6391189098358154,0,5ab5cd0d554299488d4d9a30,0.3333333333333333,1,3,3,
0,0,2.7711591720581055,0,5ae6c2285542995703ce8b9a,0.5,1,3,2,
0,0,2.6400725841522217,0,5a843cf35542996488c2e51b,0.2,1,3,5,
0,0,2.792654037475586,0,5a76db3555429972597f13e7,0.6666666666666666,2,3,3,
0,0,2.7887775897979736,0,5a74524455429979e28828f6,0.3333333333333333,1,3,3,
0,0,2.7880892753601074,0,5ac531ea5542994611c8b419,0.0,0,3,8,
0,0,2.774627685546875,0,5ab2fccb5542991669774176,0.6666666666666666,2,3,3,
0,0,2.7707881927490234,0,5a7618d85542994ccc9186cf,0.0,0,3,8,
0,0,2.7841780185699463,0,5a8d75f35542994ba4e3dc8b,0.0,0,3,2,
0,0,2.745375633239746,0,5a7790ed5542992a6e59defb,0.0,0,3,2,
0,0,2.79974627494812,0,5a8c7623554299653c1aa07a,0.25,1,3,4,
0,0,2.7866244316101074,0,5abcd77755429965836004ce,0.2,1,3,5,
0,0,2.804302453994751,0,5abe0e4e55429976d4830a62,0.0,0,3,3,
0,0.125,2.794375419616699,0,5ab6fc8a5542991d32223714,0.5,1,3,2,
0,0,2.784648895263672,0,5add9bfa5542990dbb2f7e85,0.4,2,3,5,
0,0,2.945826530456543,0,5adfc06d55429906c02daa2a,0.3333333333333333,1,3,3,
0,0,2.8213613033294678,0,5ac298805542990b17b15429,1.0,1,3,1,
0,0,2.7618906497955322,0,5a8089dc5542992bc0c4a765,0.3333333333333333,1,3,3,
0,0,2.788478374481201,0,5ae4e29855429908b63264a9,0.0,0,3,3,
0,0,11.358824968338013,2,5a8e942b5542995085b3745c,0.0,0,6,5,
0,0,4.673092365264893,0,5abaf0e055429966062416a3,0.3333333333333333,1,3,3,
0,0,2.781550645828247,0,5aba3bb855429955dce3ede7,0.5,1,3,2,
0,0,2.669142723083496,0,5a81e107554299676cceb12a,0.3333333333333333,1,3,3,
0,0,2.616941452026367,0,5ae2133e554299495565d9e3,0.14285714285714285,1,3,7,
0,0,2.6165895462036133,0,5a738a5955429908901be2f6,0.16666666666666666,1,3,6,
0,0,2.6148927211761475,0,5a7f354b5542992e7d278c8c,0.5,1,3,2,
0,0,2.6050028800964355,0,5a8656ca554299211dda2afc,0.5,1,3,2,
0,0,2.6093685626983643,0,5ae6c0f35542991bbc97616f,0.0,0,3,6,
0,0,2.601945638656616,0,5a776f8555429972597f1534,0.16666666666666666,1,3,6,
0,0,2.62829327583313,0,5a81db0b5542990a1d231ee2,0.0,0,3,3,
0,0,2.747654438018799,0,5ab90d8955429916710eb0f1,0.25,1,3,4,
0,0,2.613166093826294,0,5aba8d4655429901930fa82b,0.2,1,3,5,
0,0,2.611854314804077,0,5a8f15d2554299458435d551,0.0,0,3,13,
0,0,2.6051857471466064,0,5add352b5542990dbb2f7dc4,0.0,0,3,5,
0,0,2.6136205196380615,0,5a8249b85542990a1d231f8f,0.16666666666666666,1,3,6,
0,0,2.6599576473236084,0,5ae4a91d5542995ad6573e09,0.5,1,3,2,
0,0,2.609921932220459,0,5ab57022554299637185c59e,0.3333333333333333,1,3,3,
0,0,2.658186197280884,0,5a7fc5c25542992e7d278d6a,0.14285714285714285,1,3,7,
0,0,2.595890998840332,0,5a7300b85542994cef4bc41a,0.3333333333333333,1,3,3,
0,0,2.592798948287964,0,5abffda6554299012d1db55b,0.0,0,3,2,
0,0,2.6534392833709717,0,5ab9b7d555429970cfb8eb7a,0.5,2,3,4,
0,0,2.622556209564209,0,5a70f4695542994082a3e435,0.0,0,3,7,
0,0,2.792576313018799,0,5a82ffe755429940e5e1a949,0.0,0,3,9,
0,0,3.32013201713562,0,5a7b5aff55429931da12ca6d,0.3333333333333333,1,3,3,
0,0,2.616361141204834,0,5a78e49855429974737f78f3,0.25,1,3,4,
0,0,2.6493473052978516,0,5a7bcc0f554299042af8f7e2,0.125,1,3,8,
0,0,2.644322156906128,0,5ac29a835542990b17b1542f,0.3333333333333333,1,3,3,
0,0,2.603511095046997,0,5abd245555429924427fcf0f,0.0,0,3,3,
0,0,2.7729029655456543,0,5adcd7325542994d58a2f6f6,0.0,0,3,2,
0,0,10.701077222824097,1,5a74994a55429974ef308c2e,0.0,0,6,4,
0,0,2.5868892669677734,0,5a90b7f355429916514e752d,0.2,1,3,5,
0,0,2.64338755607605,0,5adfc11e55429942ec259b3a,0.125,1,3,8,
0,0,2.607698917388916,0,5ae8242455429952e35eaa54,1.0,2,3,2,
0,0,2.6029858589172363,0,5ac3d1d9554299204fd21e8a,1.0,2,3,2,
0,0,2.610647439956665,0,5a7724715542994aec3b71fd,0.0,0,3,3,
0,0,2.6438567638397217,0,5a862da855429960ec39b640,0.0,0,3,7,
0,0,2.6025478839874268,0,5a7f677455429969796c1a37,0.0,0,3,4,
0,0,2.617794990539551,0,5a72429355429971e9dc9375,1.0,1,3,1,
0,0,2.621617078781128,0,5a73cf5e55429978a71e909f,0.0,0,3,3,
0,0,2.8278229236602783,0,5ab916e155429919ba4e23a4,0.5,1,3,2,
0,0,2.6890532970428467,0,5abae1055542996cc5e49ec9,0.2,1,3,5,
0,0,2.6548476219177246,0,5addd5965542997dc7907047,0.6666666666666666,2,3,3,
0,0,2.6700174808502197,0,5ae547f85542990ba0bbb254,0.0,0,3,4,
0,0,2.642853021621704,0,5a75321555429916b0164290,0.25,1,3,4,
0,0,2.629094123840332,0,5ab2d61155429916697740ff,0.0,0,3,9,
0,0,112.15255904197693,1,5ab29bdc554299545a2cf9d1,0.0,0,6,4,
0,0,19.939836978912354,5,5ab4da5b55429942dd415f96,0.6666666666666666,2,18,3,
0,0,16.10565209388733,4,5a76d15e55429966f1a36bfa,0.3333333333333333,1,15,3,
0,0,2.9828226566314697,0,5ab29486554299545a2cf9a4,0.0,0,3,4,
0,0,2.907693386077881,0,5ac282875542996773102546,0.2857142857142857,2,3,7,
0,0,16.449801206588745,3,5a7ee0d05542994959419a88,0.16666666666666666,1,12,6,
0,0,2.9556257724761963,0,5a823fc055429940e5e1a810,0.0,0,3,4,
0,0,37.860684633255005,5,5ae322b75542994393b9e622,2.0,4,18,2,
0,0,2.8164374828338623,0,5ac173d85542994d76dcce37,0.25,1,3,4,
0,0,2.8752903938293457,0,5a7b57155542992d025e680f,0.25,1,3,4,
0,0,2.8929696083068848,0,5a7f3c8f55429930675136c9,0.3333333333333333,1,3,3,
0,0,2.8954482078552246,0,5a8333115542993344745feb,0.0,0,3,14,
0,0,7.811561584472656,1,5adf8ade5542993344016ce8,0.07142857142857142,1,6,14,
0,0,2.9328219890594482,0,5ab850795542990e739ec8bd,0.0,0,3,4,
0,0,22.622734546661377,5,5adcf37e5542994ed6169c37,0.6666666666666666,2,18,3,
0,0,2.90567946434021,0,5a7cdd1c554299683c1c63a8,0.0,0,3,2,
0,0,6.235630512237549,1,5a8b8a745542995d1e6f13e4,0.0,0,6,4,
0,0,17.030960083007812,4,5ac325495542995ef918c12e,0.6666666666666666,2,15,3,
0,0,2.918431282043457,0,5adf29f05542993344016c09,1.0,2,3,2,
0,0,2.939288854598999,0,5abd605155429924427fcfc9,0.2,1,3,5,
0,0,2.9092071056365967,0,5a8a4b9955429930ff3c0d88,0.5,1,3,2,
0,0,2.9001705646514893,0,5aded1595542995ec70e8f29,0.0,0,3,3,
0,0,2.870623826980591,0,5a7eb9f355429934daa2fc53,0.2,1,3,5,
0,0,2.9424257278442383,0,5a7f96a95542995d8a8ddead,1.0,1,3,1,
0,0,2.9092531204223633,0,5ab92e3c554299753720f777,0.25,1,3,4,
0,0,2.9141597747802734,0,5abc2e1c554299700f9d7806,0.0,0,3,9,
0,0,2.8931820392608643,0,5adc7f4a5542994650320d28,0.14285714285714285,1,3,7,
0,0,8.49411129951477,1,5ae083e855429924de1b70fb,0.4,2,6,5,
0,0,22.07600688934326,5,5a7755c65542993569682d54,0.2,1,18,5,
0,0,7.016756772994995,1,5adf36c55542993344016c3e,0.0,0,6,5,
0,0,3.198066473007202,0,5ae140f95542997b2ef7d182,0.0,0,3,6,
0,0,9.537444591522217,2,5ab5820e554299488d4d99c3,0.6666666666666666,2,9,3,
0,0,3.3091602325439453,0,5abaaf9355429955dce3eecb,0.3333333333333333,1,3,3,
0,0.05128205128205128,3.341423273086548,0,5ac19bf55542994ab5c67d97,0.5,2,3,4,
0,0,3.309393882751465,0,5a8dab16554299068b959d89,0.2,1,3,5,
0,0,3.3326189517974854,0,5ab29cef554299449642c936,0.5,1,3,2,
0,0,3.2809035778045654,0,5ae7b001554299540e5a5645,0.25,1,3,4,
0,0,25.490320920944214,5,5ab5e13c5542992aa134a3bf,0.2,1,18,5,
0,0,25.475899696350098,5,5a88ba465542993e715ac089,0.0,0,18,4,
0,0.029411764705882353,8.650634288787842,1,5a7efa7a55429930675135ea,0.5,2,6,4,
0,0,3.829301357269287,0,5ab82d345542990e739ec854,0.0,0,3,2,
0,0,8.590879440307617,1,5ac3dc9e5542997ea680c950,0.0,0,6,2,
0,0,3.7877607345581055,0,5a81d92f554299676cceb0f9,0.2,1,3,5,
0,0,3.8453266620635986,0,5a710a1e5542994082a3e4fd,0.5,2,3,4,
,,,,5a8f55f9554299458435d5bd,,,,,Ollama request exceeded timeout limit for model stable-qwen with error: timed out
0,0,7.603241205215454,1,5abc089b5542993f40c73c57,0.3333333333333333,1,6,3,
0,0,3.823169708251953,0,5a74ae6a55429916b01641c9,1.0,1,3,1,
0,0,3.7995717525482178,0,5a7380b955429908901be2d4,0.0,0,3,5,
0,0,16.46816635131836,3,5ab2b61d5542991669774065,0.25,1,9,4,
0,0,3.828496217727661,0,5ac2f79e5542996773102661,0.25,1,3,4,
0,0,3.817749500274658,0,5adea8cf55429939a52fe92d,1.0,1,3,1,
0,0,3.813286304473877,0,5a84e1095542997175ce1f25,0.0,0,3,5,
0,0,3.8178675174713135,0,5ae29d92554299492dc91c36,1.0,1,3,1,
,,,,5a7e1cd955429965cec5ea76,,,,,Ollama request exceeded timeout limit for model stable-qwen with error: timed out
0,0,3.812333345413208,0,5ac4a7615542996feb3fe92a,0.3333333333333333,1,3,3,
0,0,3.8157193660736084,0,5ade4da055429939a52fe878,0.0,0,3,3,
0,0.028169014084507043,3.8405699729919434,0,5a7cd8da55429909bec76845,0.0,0,3,4,
0,0,13.755398273468018,2,5a89019a5542995153361259,0.3333333333333333,1,9,3,
0,0,3.9819812774658203,0,5a7518cb55429916b0164259,0.25,1,3,4,
0,0,4.04005765914917,0,5ae3b30f5542994393b9e74f,0.6666666666666666,2,3,3,
0,0,3.9986588954925537,0,5ab5cedf554299488d4d9a34,0.3333333333333333,1,3,3,
0,0,3.9468257427215576,0,5abc0ac455429959677d6a01,0.6666666666666666,2,3,3,
0,0,3.999316692352295,0,5a8c8828554299653c1aa0ae,0.25,1,3,4,
0,0,3.987189769744873,0,5a84bbb35542991dd0999dc0,0.125,1,3,8,
0,0,3.983552932739258,0,5a7cf3d655429909bec768bf,0.5,2,3,4,
0,0,3.9603006839752197,0,5ac1620855429964131be1bc,0.0,0,3,1,
0,0,3.9379401206970215,0,5a7148005542994082a3e759,0.5,1,3,2,
0,0.02666666666666667,3.980236291885376,0,5a87868c5542996e4f308828,0.2,1,3,5,
0,0,9.115269660949707,1,5a8a5c9855429970aeb702be,1.0,1,6,1,
0,0.02666666666666667,3.976482629776001,0,5ae0f73d55429920d5234252,0.3333333333333333,2,3,6,
0,0,3.9674715995788574,0,5a84ed765542994c784dda8b,0.0,0,3,3,
0,0,3.9406650066375732,0,5ab42a2b5542996a3a969f5a,0.3333333333333333,1,3,3,
0,0.027397260273972605,3.9740984439849854,0,5adfee9c55429906c02daa8a,0.0,0,3,5,
0,0,4.00161075592041,0,5ab29842554299194fa93420,0.0,0,3,3,
0,0,6.819491147994995,1,5ac0b8395542996f0d89cc21,0.0,0,6,4,
0,0,9.196637630462646,1,5ac3a10b5542995ef918c1c3,0.0,0,6,4,
0,0,3.9638214111328125,0,5abfea825542994516f45527,0.0,0,3,7,
0,0,3.9948675632476807,0,5a77baac5542992a6e59dfa2,0.0,0,3,2,
0,0,3.940781831741333,0,5abdf7055542993f32c2a06c,0.0,0,3,3,
0,0,3.93886399269104,0,5a900b575542995b44242099,1.0,1,3,1,
0,0,3.967454433441162,0,5ac38ce255429939154137c2,0.0,0,3,4,
0,0,3.0574324131011963,0,5ac0c5805542992a796ded80,0.5,1,3,2,
0,0,3.9812445640563965,0,5ae3dce45542994393b9e783,1.0,1,3,1,
0,0,2.8453478813171387,0,5ae32e1a55429928c423964e,0.0,0,3,3,
0,0,3.9357967376708984,0,5ac45cfd554299076e296db5,0.0,0,3,2,
0,0.027027027027027032,9.268527746200562,1,5ab472a35542991779162c98,0.3333333333333333,1,6,3,
0,0,3.971140146255493,0,5ac23f5255429951e9e684d8,0.25,1,3,4,
0,0,8.260406017303467,1,5ae6dba85542996d980e7c9b,0.0,0,6,1,
,,,,5a8f47785542997ba9cb3217,,,,,Ollama request exceeded timeout limit for model stable-qwen with error: timed out
0,0,4.017580032348633,0,5a8ba07d5542996e8ac88985,0.0,0,3,3,
,,,,5a746a4455429974ef308bf6,,,,,Ollama request exceeded timeout limit for model stable-qwen with error: timed out
0,0,3.984461784362793,0,5a75642c5542996c70cfaeed,0.5,1,3,2,
0,0,3.9763858318328857,0,5a845b2d5542996488c2e520,0.5,1,3,2,
0,0,3.9522528648376465,0,5a74c1c05542996c70cfadd8,0.0,0,3,7,
0,0,3.9635212421417236,0,5a8c6ebd5542996e8ac88aa9,0.0,0,3,6,
0,0,3.957385301589966,0,5ab430f655429942dd415eca,0.25,1,3,4,
0,0,4.007647275924683,0,5a7cfea2554299452d57babe,0.25,1,3,4,
0,0,3.9925308227539062,0,5a7bc0755542995eb53be9a5,0.0,0,3,5,
0,0,3.9671809673309326,0,5abfdfcb5542997d642958fe,0.0,0,3,3,
0,0,3.9615938663482666,0,5ac4a94a5542996feb3fe92b,0.3333333333333333,1,3,3,
0,0,3.9603939056396484,0,5ab2082f554299722f9b4c9f,0.5,1,3,2,
0,0,4.00589919090271,0,5ade61fd554299728e26c704,0.0,0,3,4,
0,0,4.100280284881592,0,5a8e482c5542995a26add4c3,0.0,0,3,4,
0,0.02666666666666667,4.0098652839660645,0,5ae537a855429960a22e0266,0.0,0,3,3,
0,0,4.064387083053589,0,5ab5895f554299637185c5c2,0.5,1,3,2,
0,0,3.9389660358428955,0,5adcc975554299473435379f,0.0,0,3,2,
0,0,3.989997625350952,0,5a829fab55429954d2e2eb83,0.5,2,3,4,
0,0,4.0121750831604,0,5a90970d5542995651fb51a5,0.0,0,3,18,
0,0,3.9857842922210693,0,5ae1dadf5542997f29b3c14f,0.125,1,3,8,
0,0,3.9766931533813477,0,5ab819065542995dae37ea3c,0.5,2,3,4,
0,0,4.264500379562378,0,5ab5fddb554299110f2199af,0.2,1,3,5,
0,0,3.9657821655273438,0,5ab3f6b9554299753aec5a03,0.25,1,3,4,
0,0,4.018311977386475,0,5ae1bc7b554299234fd042df,0.25,1,3,4,
0,0.05263157894736842,3.943166494369507,0,5ac07327554299012d1db5f2,0.3333333333333333,1,3,3,
0,0,4.008406400680542,0,5a8e612b5542995085b3741b,0.0,0,3,3,
0,0,3.9967844486236572,0,5a72ac8a5542992359bc3164,0.3333333333333333,1,3,3,
0,0,4.007089614868164,0,5a826d2f5542995ce29dcd05,0.5,1,3,2,
0,0,4.007674932479858,0,5abea85f5542990832d3a070,0.0,0,3,6,
0,0,3.9910097122192383,0,5ae66d515542992ae0d16346,0.25,1,3,4,
0,0,3.9932923316955566,0,5ac1b95655429963665198fd,1.0,1,3,1,
0,0,3.9461960792541504,0,5ac3e1075542995c82c4ac78,0.0,0,3,7,
0,0,3.9880728721618652,0,5adebc51554299728e26c799,0.0,0,3,5,
0,0,3.971329927444458,0,5a8ce851554299441c6b9f6c,0.3333333333333333,1,3,3,
0,0,3.97436785697937,0,5a78ce79554299029c4b5ea1,0.3333333333333333,1,3,3,
0,0,3.9430572986602783,0,5a8a03985542992e4fca84d6,0.0,0,3,5,
0,0,3.963789463043213,0,5ac5630e5542993e66e823d5,1.0,1,3,1,
0,0,4.003701448440552,0,5a7dbf4e5542990b8f503a68,0.0,0,3,5,
0,0,3.956223726272583,0,5ac324ad5542995ef918c127,0.0,0,3,6,
0,0,3.962860107421875,0,5a8888e35542997e5c09a5f6,0.2,1,3,5,
0,0,3.949647903442383,0,5ae72fd95542991e8301cbb4,0.3333333333333333,1,3,3,
0,0,4.004140377044678,0,5abc3f725542993a06baf8b3,0.0,0,3,5,
0,0,3.9189772605895996,0,5ab3c270554299233954ff9e,0.6666666666666666,2,3,3,
0,0,3.967719793319702,0,5a746abf55429929fddd8417,0.2,1,3,5,
0,0,4.000001430511475,0,5ac42c6d5542997ea680ca1a,0.5,1,3,2,
0,0.02631578947368421,3.944312572479248,0,5a7a69365542996c55b2dd9b,0.5,1,3,2,
0,0,3.968811511993408,0,5a737fff554299623ed4abb9,0.0,0,3,4,
0,0,6.9180097579956055,1,5ab3b2fb554299753aec59af,0.2222222222222222,2,6,9,
0,0,3.9818193912506104,0,5ab6654455429954757d3281,0.0,0,3,2,
0,0,6.896902322769165,1,5a7385c45542992d56e7e359,0.25,1,6,4,
0,0,3.9668540954589844,0,5ae71d2d554299572ea546f7,0.2,1,3,5,
0,0,3.9955155849456787,0,5a836ce55542993344746012,0.5,1,3,2,
0,0,3.964160442352295,0,5ade0cc85542990dbb2f7f37,0.25,1,3,4,
0,0,3.9747416973114014,0,5a802fb8554299485f598582,0.5,1,3,2,
0,0,3.924379587173462,0,5ac3e22d5542997ea680c976,0.0,0,3,5,
0,0,3.9695494174957275,0,5ac2ca84554299218029db55,0.16666666666666666,1,3,6,
0,0.02777777777777778,7.620209217071533,1,5add695a5542992ae4cec557,0.0,0,6,3,
0,0,3.982578992843628,0,5ae71c4c554299572ea546ee,0.6,3,3,5,
0,0,3.947570562362671,0,5ae16bce5542997b2ef7d1e8,0.0,0,3,7,
0,0,3.94191837310791,0,5adbfb3f55429947ff17388a,0.4,2,3,5,
0,0,3.913853168487549,0,5a79a26d554299029c4b5f63,0.16666666666666666,1,3,6,
0,0,5.647555589675903,0,5ab9405c554299743d22ea7c,1.0,3,3,3,
0,0,4.032298803329468,0,5ade6fcd55429975fa854ecf,0.5,1,3,2,
0,0,3.9503772258758545,0,5ac275e755429921a00aaf81,0.0,0,3,4,
0,0,3.979562520980835,0,5a8cd291554299441c6b9f14,0.6666666666666666,2,3,3,
0,0,3.9740986824035645,0,5a72aec45542994cef4bc3d7,0.25,1,3,4,
0,0,3.9930009841918945,0,5a745a2955429929fddd83f8,0.25,1,3,4,
0,0,3.916440963745117,0,5a737ef85542992d56e7e336,0.25,1,3,4,
0,0,4.007373809814453,0,5ac43c7b5542997ea680ca34,0.25,1,3,4,
0,0,3.9457573890686035,0,5a7f66f155429969796c1a33,0.16666666666666666,1,3,6,
0,0,3.980790376663208,0,5a8b99a45542997f31a41d7f,0.42857142857142855,3,3,7,
0,0,7.444546222686768,1,5a851cc85542997b5ce3ffa3,0.125,1,6,8,
0,0,3.9755096435546875,0,5ab678f455429954757d32d3,0.2,1,3,5,
0,0,4.0183234214782715,0,5ac0a18a5542992a796ded41,0.0,0,3,2,
0,0,3.9888172149658203,0,5a7b88b45542997c3ec97201,0.16666666666666666,1,3,6,
0,0,3.9681806564331055,0,5ab8524f5542990e739ec8c4,0.3333333333333333,1,3,3,
0,0,3.9360885620117188,0,5a8fa4a5554299458435d6a3,0.14285714285714285,1,3,7,
0,0,3.9480133056640625,0,5ac0d9a35542992a796ded90,0.3333333333333333,1,3,3,
0,0,3.931246757507324,0,5a72f7df5542991f9a20c5d7,0.08333333333333333,1,3,12,
0,0,3.9862592220306396,0,5a8f43555542992414482a21,0.3333333333333333,1,3,3,
0,0,3.977625608444214,0,5abe48675542991f66106119,0.25,1,3,4,
0,0,3.9768078327178955,0,5ae0b8bb55429924de1b7145,0.2,1,3,5,
0,0,3.9718563556671143,0,5a793ea55542994bb9456fce,0.0,0,3,2,
0,0,3.943551540374756,0,5ab682f85542995eadef001f,0.0,0,3,3,
0,0,3.9208624362945557,0,5abdc0ad55429933744ab81b,0.5,2,3,4,
0,0,3.9923439025878906,0,5adcf2b55542992c1e3a24cd,0.5,1,3,2,
0,0.026666666666666665,3.9621517658233643,0,5a7571835542992db9473669,0.25,1,3,4,
0,0,3.9925875663757324,0,5abe9c1a5542993f32c2a183,0.0,0,3,5,
0,0,3.9480555057525635,0,5ab90d2755429916710eb0f0,1.0,2,3,2,
,,,,5ac16c2b5542994d76dcce19,,,,,Ollama request exceeded timeout limit for model stable-qwen with error: timed out
0,0,3.9675917625427246,0,5a7b48b15542995eb53be8eb,0.25,1,3,4,
0,0,4.010441541671753,0,5abe84a95542991f6610619b,0.3333333333333333,1,3,3,
0,0,4.023154258728027,0,5a7e43c9554299495941995a,0.3333333333333333,1,3,3,
0,0,8.471574544906616,1,5ae151985542990adbacf74d,0.0,0,6,8,
0,0,3.918713092803955,0,5a81ee385542995ce29dcc88,1.0,1,3,1,
0,0.049999999999999996,3.967747926712036,0,5a8c301d554299240d9c20cb,0.3333333333333333,1,3,3,
0,0,3.9288570880889893,0,5aba749855429955dce3ee34,0.25,1,3,4,
0,0,4.664976119995117,0,5abb291355429939ce03dd9e,0.0,0,3,4,
0,0,3.9793665409088135,0,5a80297f5542992e7d278e08,0.5,1,3,2,
0,0,3.982089042663574,0,5ae5f82a554299546bf82feb,0.0,0,3,2,
0,0,3.9412124156951904,0,5ae088525542993d6555eba1,0.3333333333333333,2,3,6,
0,0,3.9933419227600098,0,5adec53655429975fa854f87,0.0,0,3,3,
0,0,3.9439492225646973,0,5ae2c4b8554299495565db31,0.25,1,3,4,
0,0,3.930115222930908,0,5ae328df55429928c423963c,0.0,0,3,3,
0,0,3.933642864227295,0,5ae71bee554299572ea546ea,0.0,0,3,4,
0,0,3.95485520362854,0,5ab57759554299637185c5a5,0.0,0,3,1,
0,0,3.9839377403259277,0,5ae724ec5542995703ce8bd8,0.3333333333333333,1,3,3,
0,0,4.04304313659668,0,5abbdaac5542992ccd8e7fc0,0.3333333333333333,1,3,3,
0,0,3.945009231567383,0,5abf1ad15542997ec76fd3c2,0.3333333333333333,1,3,3,
0,0,3.924063205718994,0,5a81141855429938b61422ad,0.14285714285714285,1,3,7,
0,0,3.976795196533203,0,5ab2f4c95542991669774155,0.2,1,3,5,
0,0,3.973466157913208,0,5ae5429355429908b63265c5,0.0,0,3,6,
0,0,3.9106764793395996,0,5ac3e5de554299204fd21ebc,0.0,0,3,5,
0,0,3.992433786392212,0,5adf81105542992d7e9f9388,0.0,0,3,5,
0,0,3.976208448410034,0,5adcfb5f5542990d50227d81,0.2,1,3,5,
0,0,7.95119309425354,1,5a750ccc5542993748c897a8,0.0,0,6,12,
0,0,27.510656595230103,5,5a7103b35542994082a3e4c0,0.5,1,18,2,
0,0,23.092548847198486,4,5ae688065542996d980e7beb,0.0,0,15,5,
0,0,3.975545644760132,0,5a8ba0855542995d1e6f1427,0.16666666666666666,1,3,6,
0,0,4.004070281982422,0,5ae2f97555429928c4239582,0.25,1,3,4,
0,0,3.9705469608306885,0,5ac3a7f75542993915413890,0.0,0,3,1,
0,0,3.9910995960235596,0,5a8f5b6f554299458435d5e7,0.0,0,3,5,
0,0,3.9578912258148193,0,5add53fe5542992200553ab1,0.42857142857142855,3,3,7,
0,0.051948051948051945,3.96490478515625,0,5a8b3e985542995d1e6f131c,0.0,0,3,7,
,,,,5ae25e835542992decbdccd1,,,,,Ollama request exceeded timeout limit for model stable-qwen with error: timed out
0,0,23.369582414627075,5,5a74d7685542996c70cfae0a,0.0,0,18,1,
0,0,25.63117218017578,5,5a866fa855429960ec39b6a5,1.0,1,18,1,
0,0,12.207667112350464,2,5adde8a05542997dc79070a4,0.05555555555555555,1,9,18,
0,0,3.6585371494293213,0,5a9087ac5542990a98493668,0.0,0,3,5,
0,0,3.6513473987579346,0,5a840a9e5542992ef85e2397,0.0,0,3,9,
0,0,29.492790460586548,5,5ae791a55542994a481bbdaa,0.2,1,18,5,
0,0,16.481858253479004,3,5ae357745542992f92d8229b,0.2,1,12,5,
0,0,3.6084117889404297,0,5a823b355542990a1d231f6e,0.3333333333333333,1,3,3,
0,0,22.429978609085083,5,5a7effeb5542994959419aa0,0.3333333333333333,1,18,3,
,,,,5a81a2055542990a1d231e2d,,,,,Ollama request exceeded timeout limit for model stable-qwen with error: timed out
0,0,21.81517219543457,5,5ade6eb65542992fa25da782,0.0,0,18,3,
0,0,21.382055282592773,5,5adc6a3b55429947ff173953,0.0,0,18,6,
0,0,13.47444772720337,3,5ac3b8b8554299741d48a301,0.0,0,12,4,
0,0,2.7861998081207275,0,5ae320f855429928c4239620,0.0,0,3,5,
0,0,20.690547227859497,5,5a8bd49d5542997f31a41dd7,0.1,1,18,10,
,,,,5ae0ba9055429924de1b715c,,,,,Ollama request exceeded timeout limit for model stable-qwen with error: timed out
0,0,22.15670084953308,5,5a74b4dc55429979e2882a00,0.5,2,18,4,
0,0,21.666447401046753,5,5ab5f75e554299637185c64b,0.5,1,18,2,
0,0,21.812204122543335,5,5ae0fe8855429945ae959495,0.5,2,18,4,
0,0,16.235992431640625,4,5ae3c1515542992f92d8236a,0.4,2,15,5,
0,0,25.94629144668579,5,5a77b6325542997042120af7,1.0,2,18,2,
0,0,21.5846905708313,5,5a7750de55429966f1a36cf0,0.6666666666666666,2,18,3,
0,0,19.761115789413452,5,5a7cc700554299452d57ba4e,0.1,1,18,10,
0,0,20.10684370994568,5,5ac39d22554299391541381f,0.5,1,18,2,
0,0,19.74807620048523,5,5a81c90a5542990a1d231eb4,0.25,1,18,4,
0,0,21.84612488746643,5,5abd332e5542993062266bdd,0.0,0,18,4,
0,0,21.128262281417847,5,5ae641f65542992ae0d162a3,0.0,0,18,9,
0,0,20.341272115707397,5,5a7912f655429974737f796c,0.5,2,18,4,
0,0.047619047619047616,20.37168574333191,5,5a765fe85542992d0ec060c5,0.0,0,18,6,
0,0,21.10328483581543,5,5abd82dc5542993062266cb6,0.1111111111111111,1,18,9,
0,0,21.238313674926758,5,5ae10572554299422ee995cd,0.0,0,18,9,
0,0,8.97825837135315,2,5ac4c0fc5542997ea680cab1,1.0,2,9,2,
0,0,19.792478799819946,5,5a88644455429938390d3f3f,1.0,1,18,1,
0,0,9.280354976654053,2,5ac2716f5542992f1f2b38cb,0.3333333333333333,1,9,3,
0,0,2.7822864055633545,0,5ae0aaf35542993d6555ec02,0.0,0,3,6,
0,0,2.76802659034729,0,5ab56555554299494045ef97,1.0,1,3,1,
0,0,2.8448095321655273,0,5a83b1e75542990548d0b220,0.0,0,3,3,
0,0,2.7925965785980225,0,5abd02605542992ac4f381a2,0.16666666666666666,1,3,6,
0,0,2.785867929458618,0,5ae701b2554299572ea54680,0.0,0,3,9,
0,0,2.727139711380005,0,5a7b2a2255429927d897bf4c,1.0,1,3,1,
0,0,2.7545437812805176,0,5a8f979255429918e830d288,1.0,2,3,2,
0,0,2.7599477767944336,0,5a810006554299260e20a1f6,0.25,1,3,4,
0,0,19.7453932762146,5,5a90740a5542990a98493658,1.0,2,18,2,
,,,,5ac261265542992f1f2b3896,,,,,Ollama request exceeded timeout limit for model stable-qwen with error: timed out
0,0,11.89690089225769,1,5a809e9f5542996402f6a5b1,0.3333333333333333,1,6,3,
0,0,2.7787911891937256,0,5a8fb0be5542997ba9cb32ed,1.0,1,3,1,
0,0,2.842681407928467,0,5ab6f222554299110f219a78,0.3333333333333333,1,3,3,
0,0,2.755981206893921,0,5a7a562355429941d65f25ba,0.0,0,3,6,
0,0,2.7862601280212402,0,5addfe1c5542995b365fabaf,0.25,1,3,4,
0,0,2.764235019683838,0,5ade28cf5542997c77aded85,0.0,0,3,3,
0,0,5.414444446563721,1,5a7720d05542993569682cde,0.5,3,6,6,
0,0,2.6532201766967773,0,5a7cb2ed5542990527d55505,1.0,2,3,2,
0,0,2.7442212104797363,0,5ae2e8e05542991a06ce98fb,0.16666666666666666,1,3,6,
0,0,2.788992166519165,0,5ae358c05542990afbd1e10f,0.4,2,3,5,
0,0,2.7996506690979004,0,5ab9e477554299232ef4a25d,0.0,0,3,9,
0,0,2.7258682250976562,0,5abb07e95542992ccd8e7ec4,0.0,0,3,4,
0,0,2.8046395778656006,0,5a75e06155429976ec32bc60,0.6666666666666666,2,3,3,
0,0,2.760751962661743,0,5ab8e70b5542991b5579f031,0.3333333333333333,2,3,6,
0,0,2.78151273727417,0,5ae3a3835542990afbd1e19c,0.5,1,3,2,
0,0,2.784797191619873,0,5a8c620c554299240d9c2141,0.2,1,3,5,
0,0,2.7491416931152344,0,5a871e265542991e771816d1,0.0,0,3,6,
0,0,2.8618435859680176,0,5ab7af9d5542993667793fe9,0.0,0,3,3,
0,0,2.763798236846924,0,5a8aed1755429950cd6afbf1,0.0,0,3,3,
0,0,2.7923803329467773,0,5ac46a8b5542991943173980,0.5,1,3,2,
0,0,2.7020926475524902,0,5a77731955429972597f1541,0.0,0,3,16,
0,0,2.669487476348877,0,5abc17555542993a06baf858,0.5,2,3,4,
,,,,5a7f8b8c5542995d8a8ddea1,,,,,Ollama request exceeded timeout limit for model stable-qwen with error: timed out
0,0,2.726708173751831,0,5a8fab8c5542995b4424208a,0.0,0,3,3,
0,0,2.7818329334259033,0,5a7e1f5655429965cec5ea81,0.3333333333333333,1,3,3,
0,0,2.805640459060669,0,5ae7fd085542993210984007,0.2,1,3,5,
0,0,2.8084282875061035,0,5adff34555429942ec259baa,0.0,0,3,5,
0,0,2.8151979446411133,0,5a7a7e9f5542994f819ef1f4,0.2,1,3,5,
0,0,2.7521822452545166,0,5ae1054055429920d5234284,0.0,0,3,2,
0,0,2.7725889682769775,0,5ae3281a5542991a06ce9939,0.5,1,3,2,
0,0,2.787078380584717,0,5a7365b155429901807db02a,0.25,1,3,4,
0,0,2.781712293624878,0,5a8835245542994846c1ce27,0.0,0,3,3,
0,0,3.1956260204315186,0,5a7dc7895542995ed0d16673,0.3333333333333333,1,3,3,
0,0,2.7762861251831055,0,5abb03325542992ccd8e7eae,0.0,0,3,2,
0,0,6.1744232177734375,1,5a82f05255429966c78a6aa2,0.25,1,6,4,
0,0,3.2260494232177734,0,5ab524595542996a3a96a034,0.5,1,3,2,
0,0,8.654228687286377,0,5abdff775542993f32c2a082,0.0,0,3,5,
0,0,2.769536018371582,0,5ab997ad554299131ca4238c,1.0,2,3,2,
0,0,2.7849459648132324,0,5a73987c55429978a71e9039,0.0,0,3,8,
0,0,8.68501329421997,0,5a901d6c5542995651fb50bd,0.0,0,3,6,
0,0,2.7609496116638184,0,5ae237ac554299492dc91be1,0.0,0,3,21,
0,0,2.9754185676574707,0,5a7f18a35542994959419aa6,0.3333333333333333,2,3,6,
0,0,2.719822883605957,0,5a79f37a5542996a35c17045,0.0,0,3,9,
0,0,8.714731693267822,0,5a792f3e554299029c4b5f20,0.5,1,3,2,
0,0,2.737589120864868,0,5ae7cb575542997ec27276ea,0.0,0,3,3,
0,0,2.803988456726074,0,5ab2a308554299340b52553b,0.6666666666666666,2,3,3,
0,0,2.7692747116088867,0,5a7e72dd55429949594199bf,0.3333333333333333,2,3,6,
0,0,2.7804884910583496,0,5a8f84505542992414482aef,0.3333333333333333,1,3,3,
0,0,2.7678308486938477,0,5abc030e554299642a094bdc,0.0,0,3,8,
,,,,5add6cf45542992ae4cec55f,,,,,Ollama request exceeded timeout limit for model stable-qwen with error: timed out
0,0,8.68161940574646,0,5ae7e9af5542994a481bbe0e,0.0,0,3,5,
0,0,3.207763910293579,0,5a88651b55429938390d3f45,0.0,0,3,6,
0,0,5.508305072784424,1,5a74f3f55542993748c8974b,0.0,0,6,5,
0,0.15384615384615383,6.825310230255127,1,5a8f608d5542992414482a94,0.2857142857142857,2,6,7,
0,0,2.7827658653259277,0,5a831fcc55429940e5e1a96a,0.2222222222222222,2,3,9,
0,0,2.765324831008911,0,5ac1a4ed5542994d76dcce90,0.16666666666666666,1,3,6,
0,0,2.751340866088867,0,5a874ec35542994846c1cd57,0.3333333333333333,1,3,3,
0,0,5.388688325881958,1,5ae07e5b55429945ae959381,0.0,0,6,5,
0,0,19.291966199874878,5,5a7137dc5542994082a3e68a,0.0,0,18,2,
0,0,12.405263900756836,3,5a89fea655429970aeb701eb,1.0,1,12,1,
0,0,2.7808849811553955,0,5ae234005542994d89d5b392,0.3333333333333333,1,3,3,
0,0,3.424212694168091,0,5ab4ec2755429942dd415fa6,0.0,0,3,9,
0,0,2.7615182399749756,0,5a72d3525542991f9a20c5ab,0.0,0,3,6,
0,0,5.368329763412476,1,5ae1d1a55542997f29b3c138,0.16666666666666666,1,6,6,
0,0,2.781425714492798,0,5a8b397955429971feec4674,1.0,1,3,1,
0,0,2.7105712890625,0,5ab84de95542990e739ec8b4,0.0,0,3,3,
0,0,2.6779704093933105,0,5adbdc8a55429944faac238e,0.3333333333333333,1,3,3,
0,0,2.6982624530792236,0,5a88981c554299206df2b307,0.75,3,3,4,
0,0,2.7534425258636475,0,5ac2943a55429921a00aafce,0.0,0,3,3,
0,0,2.7508604526519775,0,5a89ddf25542992e4fca83ff,0.0,0,3,4,
0,0,2.7793495655059814,0,5ae18ae6554299234fd04289,0.6666666666666666,2,3,3,
0,0,2.6872408390045166,0,5adfb4b8554299603e418381,0.3333333333333333,1,3,3,
0,0,2.7126266956329346,0,5a8b7dab5542997f31a41d4c,0.0,0,3,6,
0,0,5.996988773345947,1,5ae361d15542990afbd1e126,0.2,1,6,5,
0,0,2.7411913871765137,0,5a804032554299485f5985a0,0.0,0,3,5,
0,0,2.736377000808716,0,5a7d215255429909bec76979,0.25,1,3,4,
0,0,2.7543063163757324,0,5ae203d6554299234fd04394,1.0,1,3,1,
0,0,2.768099546432495,0,5adea61155429939a52fe922,0.0,0,3,4,
0,0,2.7317137718200684,0,5ab6e6c7554299710c8d1fa4,0.14285714285714285,1,3,7,
0,0,2.7314445972442627,0,5ae16d9655429920d52343ce,0.2,1,3,5,
0,0,2.7947943210601807,0,5ae28058554299495565da90,0.0,0,3,6,
0,0,2.74631667137146,0,5a827e8455429940e5e1a8dd,0.3333333333333333,1,3,3,
0,0,2.745544910430908,0,5adcb7eb5542994ed6169bd0,0.5,1,3,2,
0,0,2.7557291984558105,0,5a76f22055429972597f13fa,1.0,1,3,1,
0,0,2.7845137119293213,0,5ac281e355429963665199eb,0.0,0,3,5,
0,0,2.682302236557007,0,5abdd0f15542991f6610604d,0.0,0,3,5,
0,0,2.733398914337158,0,5add1eed5542992ae4cec485,0.3333333333333333,1,3,3,
0,0,2.7548134326934814,0,5adc126f5542996e685252c5,0.5,1,3,2,
0,0,2.7737972736358643,0,5a7d1765554299452d57bade,0.0,0,3,3,
0,0,2.7679173946380615,0,5a7cdf89554299683c1c63b0,0.4,2,3,5,
0,0,5.444280624389648,1,5a8f5be9554299458435d5ed,0.75,3,6,4,
0,0,2.7557742595672607,0,5ae4b55455429913cc2044db,0.0,0,3,4,
0,0,2.748114585876465,0,5a89e98955429946c8d6ea0c,0.3333333333333333,1,3,3,
0,0,20.063372373580933,5,5a8a03245542992e4fca84d5,0.5,1,18,2,
0,0,19.381649494171143,5,5ae4be5455429960a22e019c,0.25,1,18,4,
0,0,19.516661643981934,5,5add44c25542997545bbbd0a,0.25,1,18,4,
0,0,9.254260063171387,2,5a72a6d855429901807daf27,0.5,1,9,2,
0,0,2.704871416091919,0,5ade949b5542997c77adee63,0.0,0,3,2,
0,0,2.740311861038208,0,5adc0644554299438c868d08,0.6666666666666666,2,3,3,
0,0,2.7278738021850586,0,5a8d5ec2554299585d9e37c4,0.3333333333333333,1,3,3,
0,0,6.338589906692505,1,5adf5daf5542995534e8c79d,0.2,1,6,5,
0,0,2.6898930072784424,0,5ae64ad25542995703ce8b4f,0.0,0,3,5,
0,0,12.960113048553467,3,5abba4b4554299642a094af3,0.5,2,12,4,
0,0,2.7541344165802,0,5a801e845542992097ad2fd9,0.0,0,3,4,
0,0,28.402363538742065,4,5ae39f405542991a06ce9a02,0.0,0,15,2,
0,0,2.769606828689575,0,5ae2e0fd55429928c4239524,0.0,0,3,7,
0,0,2.741464138031006,0,5ac0d732554299294b219030,0.14285714285714285,1,3,7,
0,0,2.755305290222168,0,5ae54bbd5542990ba0bbb262,0.2,1,3,5,
0,0,2.786499261856079,0,5a8637415542994775f60724,0.0,0,3,6,
0,0,6.559457540512085,1,5a7621bb554299109176e650,0.0,0,6,4,
0,0,2.746077060699463,0,5ac3a47f554299391541386d,0.5,1,3,2,
0,0,2.773118495941162,0,5a89b8f0554299669944a580,0.0,0,3,3,
0,0,2.736593723297119,0,5ab870ee5542990e739ec8f6,0.3333333333333333,1,3,3,
0,0,2.7707440853118896,0,5ac15f6c5542994d76dccdf3,0.2,1,3,5,
0,0,2.7569875717163086,0,5a8c6342554299240d9c214a,0.0,0,3,9,
0,0,2.794832229614258,0,5adcbc645542994d58a2f6b6,0.0,0,3,3,
0,0,5.7905261516571045,1,5aba7fd055429955dce3ee5e,0.0,0,6,4,
0,0,2.794201374053955,0,5ac270e05542992f1f2b38c9,0.0,0,3,10,
0,0,2.755897045135498,0,5ab64cfa55429953192ad2b7,0.5,1,3,2,
0,0,2.80876088142395,0,5ac39844554299741d48a2ac,0.2,1,3,5,
0,0,9.24563455581665,2,5a8b84875542995d1e6f13d7,0.3333333333333333,1,9,3,
0,0,2.7568938732147217,0,5a8bd2f95542997f31a41dd2,0.3333333333333333,2,3,6,
0,0,2.782958745956421,0,5a7f39d055429934daa2fd2a,0.0,0,3,2,
0,0,2.72940993309021,0,5a7a49d85542994f819ef1bc,0.3333333333333333,1,3,3,
0,0,2.750394344329834,0,5abd573c55429924427fcfb7,0.5,1,3,2,
0,0,2.7779510021209717,0,5addffa75542992200553bdc,0.5,1,3,2,
0,0,7.3575053215026855,1,5ab613985542992aa134a418,0.3333333333333333,1,6,3,
0,0,2.782972574234009,0,5ac09d265542992a796ded39,0.14285714285714285,1,3,7,
0,0,2.7655580043792725,0,5a904b0c5542995651fb510e,0.0,0,3,2,
0,0,6.743789434432983,1,5abda6e955429965af743d9b,0.5,1,6,2,
0,0,2.769721031188965,0,5abcee275542993a06baf9af,0.0,0,3,6,
0,0,9.306278944015503,2,5a8484495542997175ce1ee8,0.3333333333333333,1,9,3,
0,0,12.396949291229248,3,5ab852c05542990e739ec8c5,0.16666666666666666,1,12,6,
0,0,2.6657891273498535,0,5ac3a0db554299391541383a,0.0,0,3,5,
0,0,2.799257278442383,0,5a8cea40554299441c6b9f76,0.3333333333333333,1,3,3,
0,0,2.766286611557007,0,5ac3d68f554299076e296ca6,0.4,2,3,5,
0,0.16666666666666666,2.75842547416687,0,5ab969ca55429970cfb8eac9,0.0,0,3,4,
0,0,2.7397701740264893,0,5ac1a6bf5542991316484b8d,0.3333333333333333,1,3,3,
0,0.5,2.667513847351074,0,5a8f4d895542992414482a2d,0.5,1,3,2,
0,0,2.675234079360962,0,5a84de255542991dd0999e06,0.125,1,3,8,
0,0,2.776068925857544,0,5adf3feb5542993a75d2644c,0.2,1,3,5,
0,0,2.746781587600708,0,5ab3c48755429969a97a81b8,0.25,1,3,4,
0,0,2.7328712940216064,0,5a83093c55429966c78a6b01,0.2,1,3,5,
0,0,2.7020514011383057,0,5ae5fb2d554299546bf82ff5,0.16666666666666666,1,3,6,
0,0,2.7355573177337646,0,5add24375542992c1e3a2542,0.25,1,3,4,
0,0,2.8183045387268066,0,5ac3ba1855429939154138f3,1.0,1,3,1,
0,0,5.469749212265015,1,5ab46a0f5542990594ba9c1b,0.0,0,6,4,
0,0,4.5758256912231445,0,5a7f40055542992e7d278cc0,1.0,1,3,1,
0,0,2.7234914302825928,0,5a865e8a55429960ec39b67a,0.4,2,3,5,
0,0,5.423184156417847,1,5abb326055429966062416e7,0.0,0,6,3,
0,0,2.727917432785034,0,5ab545d3554299494045ef5c,0.0,0,3,4,
0,0,2.7553584575653076,0,5a74cfc75542996c70cfadfe,1.0,1,3,1,
0,0,2.7359821796417236,0,5ae0b82855429906c02daaff,0.0,0,3,3,
0,0,2.7804501056671143,0,5ae1a7c8554299234fd042b0,0.3333333333333333,1,3,3,
0,0,2.7763512134552,0,5a7c99d555429935c91b5254,0.3333333333333333,1,3,3,
0,0,2.7289249897003174,0,5a8b7ca65542997f31a41d49,1.0,1,3,1,
0,0,2.786341428756714,0,5a86141f5542996432c571a5,0.0,0,3,3,
0,0,2.7207372188568115,0,5abe87cb5542993f32c2a156,0.0,0,3,3,
,,,,5a78eff155429974737f790a,,,,,Ollama request exceeded timeout limit for model stable-qwen with error: timed out
,,,,5a8b84905542997f31a41d5d,,,,,Ollama request exceeded timeout limit for model stable-qwen with error: timed out
0,0,2.751081943511963,0,5abecdf45542997719eab5d4,0.0,0,3,3,
0,0,2.8284616470336914,0,5abbf8bc5542993f40c73c35,1.0,1,3,1,
0,0,2.7579827308654785,0,5abace6b5542996cc5e49e99,0.0,0,3,7,
0,0,2.76074481010437,0,5adfb790554299603e418389,0.3333333333333333,1,3,3,
0,0,2.786844253540039,0,5ac11ee45542997d64295a7d,0.25,1,3,4,
0,0,2.7989461421966553,0,5a7e1b7155429965cec5ea6c,0.2,1,3,5,
0,0,2.8032779693603516,0,5a89f58f5542992e4fca84af,0.125,1,3,8,
0,0,2.75567889213562,0,5add2dae5542992c1e3a2558,0.25,1,3,4,
0,0,2.7600581645965576,0,5abce1fa5542993a06baf993,1.0,1,3,1,
0,0,2.742445945739746,0,5a89e47f5542992e4fca8457,1.0,1,3,1,
0,0,2.7927796840667725,0,5ae658855542992ae0d162e3,0.0,0,3,4,
0,0,2.7753665447235107,0,5ae69cfe55429908198fa65f,0.0,0,3,11,
0,0,2.768700361251831,0,5a7e689f55429934daa2fc1c,0.25,1,3,4,
0,0,2.803236484527588,0,5a886364554299206df2b24b,0.3333333333333333,1,3,3,
0,0,2.7967286109924316,0,5a7a70b355429941d65f2647,0.5,1,3,2,
0,0,2.770603656768799,0,5a7335b55542992359bc3290,0.0,0,3,5,
0,0,2.7665634155273438,0,5a78b3f7554299148911f94c,0.2,1,3,5,
0,0,2.789595127105713,0,5a80a25d5542995d8a8ddfb7,0.5,1,3,2,
0,0,2.7628891468048096,0,5a8f25175542997ba9cb31ea,0.0,0,3,5,
0,0,2.7718453407287598,0,5adeacf955429975fa854f66,0.16666666666666666,1,3,6,
0,0,2.725587844848633,0,5ab28156554299449642c8ce,0.0,0,3,4,
0,0,2.746107578277588,0,5a84d71c5542997b5ce3ff75,0.25,1,3,4,
0,0,2.7974486351013184,0,5a810506554299260e20a202,0.0,0,3,3,
0,0,2.7398393154144287,0,5ab5279d5542996a3a96a03f,0.0,0,3,5,
0,0,2.776052951812744,0,5ae1cb04554299234fd042fd,0.5,1,3,2,
0,0,6.0053870677948,1,5a90b3c65542990a984936b7,0.0,0,6,4,
0,0,2.6380884647369385,0,5a8dff3f5542995085b37370,0.5,1,3,2,
0,0,2.7805442810058594,0,5ab3fa095542992ade7c6f0a,0.5,1,3,2,
0,0,2.8878426551818848,0,5a76a8bb5542993569682c76,0.3333333333333333,1,3,3,
0,0,2.7539021968841553,0,5ae1f2f3554299234fd0435a,0.25,1,3,4,
0,0,2.75696063041687,0,5ab42f3c55429942dd415ebc,0.3333333333333333,1,3,3,
0,0,2.7449803352355957,0,5ab726415542993667793f52,0.0,0,3,4,
0,0,2.7587742805480957,0,5a77767a55429967ab10519b,0.0,0,3,5,
0,0,2.7574880123138428,0,5a89f90a5542992e4fca84be,0.25,1,3,4,
0,0,2.752992868423462,0,5ab48a7c5542991751b4d7ab,0.0,0,3,5,
0,0,2.7497646808624268,0,5a7e02b75542997cc2c474f3,0.5,1,3,2,
0,0,2.767639636993408,0,5a773e3955429972597f14c9,0.3333333333333333,1,3,3,
0,0,2.748631238937378,0,5ae0036a55429942ec259bdf,0.0,0,3,5,
0,0,2.770477056503296,0,5a8bd4d65542997f31a41dd8,0.125,1,3,8,
0,0,2.7731990814208984,0,5ab87fa255429934fafe6e00,0.3333333333333333,1,3,3,
0,0,2.774989366531372,0,5abeab375542990832d3a091,0.0,0,3,3,
0,0,2.731581211090088,0,5a793f505542994bb9456fd1,0.0,0,3,1,
0,0,2.741483211517334,0,5a7d1d825542995ed0d165f5,0.25,1,3,4,
0,0,2.7522904872894287,0,5ae5be86554299546bf82f40,0.0,0,3,6,
0,0,9.490779638290405,2,5a8208ee5542990a1d231f1e,0.0,0,9,4,
0,0,2.7657833099365234,0,5ab73b2e5542993667793f9b,0.0,0,3,5,
0,0,2.745182752609253,0,5adc8d4f554299473435373d,0.25,1,3,4,
0,0,2.7534146308898926,0,5abac27855429966062415ff,0.0,0,3,3,
0,0,2.767899513244629,0,5ae4869755429970de88d99a,0.0,0,3,4,
0,0,2.791823148727417,0,5ae202f2554299234fd0438d,0.0,0,3,4,
0,0,2.7781569957733154,0,5a84c6df5542997b5ce3ff61,1.0,1,3,1,
0,0,2.747950792312622,0,5ac292175542996366519a14,0.0,0,3,4,
0,0,2.7805285453796387,0,5a77a4fd5542997042120abc,0.0,0,3,2,
0,0,2.741769313812256,0,5a85fb5e5542994775f606df,1.0,2,3,2,
0,0,2.7716143131256104,0,5a908aaa55429933b8a20545,1.0,1,3,1,
0,0,5.891751050949097,1,5ae74fb95542991e8301cc57,0.5,2,6,4,
0,0,2.729717969894409,0,5ae7b271554299540e5a564d,0.6,3,3,5,
0,0,2.73630428314209,0,5ab514dc5542990594ba9cfa,1.0,1,3,1,
0,0,2.780853271484375,0,5abb93275542993f40c73b3c,0.0,0,3,3,
0,0,2.747042179107666,0,5ac02835554299294b218f2e,0.3333333333333333,1,3,3,
0,0,2.7567508220672607,0,5ae5df84554299546bf82fa8,0.5,1,3,2,
0,0,2.75093936920166,0,5ae7db435542993210983f9a,0.3333333333333333,1,3,3,
0,0,2.759399890899658,0,5a7c827e55429907fabeefa7,0.25,1,3,4,
0,0,2.7594544887542725,0,5a7d2c8d5542995ed0d16624,0.25,1,3,4,
0,0,2.753628969192505,0,5ac017945542997d642959bc,0.125,1,3,8,
0,0,3.046874523162842,0,5a739d8755429978a71e9048,0.2,1,3,5,
0,0,2.7426841259002686,0,5ac300905542996773102682,0.0,0,3,4,
0,0,2.7618606090545654,0,5a713b325542994082a3e6b5,0.5,3,3,6,
0,0,2.7820374965667725,0,5a808c215542995d8a8ddf90,0.5,1,3,2,
0,0,2.748734951019287,0,5a81028b55429938b614228a,0.0,0,3,6,
0,0,2.7912845611572266,0,5a860642554299211dda2a3e,0.1111111111111111,1,3,9,
0,0,2.7542176246643066,0,5a90362f55429933b8a2049d,0.0,0,3,4,
0,0,2.769402503967285,0,5a829a7055429966c78a6a66,0.4,2,3,5,
0,0,2.7278242111206055,0,5a7fd7a25542992e7d278dc3,0.3333333333333333,1,3,3,
0,0,8.48367977142334,1,5a716f575542994082a3e82f,0.0,0,6,2,
0,0,2.7738797664642334,0,5a8ec6fd55429917b4a5bdc1,0.16666666666666666,1,3,6,
0,0,2.760162591934204,0,5a7f7ca25542994857a76747,0.0,0,3,3,
0,0,2.7829535007476807,0,5ab5c263554299488d4d9a18,0.5,1,3,2,
0,0,2.7467212677001953,0,5ac19ff35542991316484b61,0.0,0,3,15,
0,0,2.770385265350342,0,5a7570a65542996c70cfaefd,0.0,0,3,6,
0,0,2.7626333236694336,0,5a8a57fe55429930ff3c0da0,0.0,0,3,4,
0,0,2.761880874633789,0,5ac3ade05542995ef918c1e3,0.14285714285714285,1,3,7,
0,0,2.7366976737976074,0,5a7f2d3e5542993067513675,0.5,1,3,2,
0,0,2.797922134399414,0,5a7723ce55429966f1a36c9f,0.6666666666666666,2,3,3,
0,0,2.733217239379883,0,5ab21c3b554299722f9b4cb4,1.0,1,3,1,
0,0,2.7470715045928955,0,5ab492155542991779162ce3,0.3333333333333333,1,3,3,
0,0,2.7553112506866455,0,5a7568805542992db9473658,0.3333333333333333,1,3,3,
0,0,2.8026413917541504,0,5ae67fba5542996d980e7b9a,0.0,0,3,11,
0,0,2.7765414714813232,0,5adc905e5542994d58a2f662,0.25,1,3,4,
0,0,2.792729139328003,0,5abe49765542991f6610611f,0.0,0,3,7,
0,0,2.7328009605407715,0,5ab8494d55429916710eb016,0.4,2,3,5,
0,0,2.7826201915740967,0,5a74872655429979e2882978,0.0,0,3,3,
0,0,2.9485344886779785,0,5a79b525554299029c4b5f67,0.2,1,3,5,
0,0,2.708254814147949,0,5ae7940c55429952e35ea984,1.0,1,3,1,
0,0,2.9498798847198486,0,5a8712095542991e771816af,0.0,0,3,6,
0,0.2,2.774470806121826,0,5ac38c0755429939154137bb,0.3333333333333333,1,3,3,
0,0,2.7252447605133057,0,5ab529005542996a3a96a045,0.0,0,3,3,
0,0,6.636317729949951,1,5a8787305542996e4f30882d,0.0,0,6,3,
0,0,2.6775078773498535,0,5a894bea55429946c8d6e910,0.0,0,3,4,
0,0,2.6296370029449463,0,5a7b1c745542992d025e6777,0.0,0,3,5,
0,0,2.654383659362793,0,5a79b495554299148911fa3b,0.3333333333333333,1,3,3,
0,0,2.636019706726074,0,5aba3e3355429901930fa78c,0.0,0,3,4,
0,0,2.6093509197235107,0,5a8307c055429966c78a6af9,0.0,0,3,3,
0,0,2.620187759399414,0,5abbb116554299642a094b1d,0.2,1,3,5,
0,0,2.652831792831421,0,5aba52e655429939ce03dc94,0.0,0,3,7,
0,0,2.6670472621917725,0,5a7a3edd5542990783324ed9,0.16666666666666666,1,3,6,
0,0,2.65746808052063,0,5a870a8e55429960ec39b707,0.25,1,3,4,
0,0,2.680159091949463,0,5ab736a65542992aa3b8c7db,0.0,0,3,3,
0,0,2.689842700958252,0,5ae3ff2d5542995dadf242a9,0.3333333333333333,1,3,3,
0,0,2.6500773429870605,0,5ae5415055429908b63265b7,0.5,1,3,2,
0,0,2.6474199295043945,0,5ac413ca5542997ea680c9e9,0.0,0,3,5,
0,0,2.6110053062438965,0,5a7322165542994cef4bc470,0.0,0,3,4,
0,0,2.675546169281006,0,5a828a7b55429954d2e2eb69,0.0,0,3,6,
0,0,2.6372196674346924,0,5ab2421555429970612095cc,0.1,1,3,10,
0,0,2.6441473960876465,0,5ab28a87554299449642c8ec,0.0,0,3,5,
0,0,2.7009265422821045,0,5a85f5115542991dd0999ed9,0.0,0,3,7,
0,0,2.6386163234710693,0,5a73677455429901807db030,0.5,1,3,2,
0,0,2.6253671646118164,0,5a7380e055429908901be2d6,0.0,0,3,5,
0,0,2.630089521408081,0,5a7a10755542996a35c170b1,0.0,0,3,5,
0,0,2.694131851196289,0,5abce85755429959677d6b3e,0.0,0,3,5,
0,0,2.6398723125457764,0,5a807ceb554299485f598616,0.0,0,3,2,
0,0,20.680037260055542,5,5a77137455429972597f142a,0.6666666666666666,2,18,3,
0,0,9.43623661994934,2,5ae3368b5542991a06ce995b,0.3333333333333333,1,9,3,
0,0,2.71604323387146,0,5a84b6ed5542994c784dda18,0.0,0,3,5,
0,0,2.7559797763824463,0,5adccdab5542994d58a2f6db,0.3333333333333333,1,3,3,
0,0,2.7723281383514404,0,5a8ac4dd5542992d82986f76,0.25,1,3,4,
0,0,5.397284507751465,1,5a79d8ec5542996c55b2dc7e,0.2857142857142857,2,6,7,
0,0,2.761035680770874,0,5ab2f88755429976abd1bbe0,0.0,0,3,2,
0,0,2.743712902069092,0,5ae610e55542995703ce8ae1,0.3333333333333333,1,3,3,
0,0,2.673628091812134,0,5abbfbcf55429965836003cf,0.08333333333333333,1,3,12,
0,0,2.738851547241211,0,5a736f7c5542991f29ee2e18,0.0,0,3,3,
0,0,2.716811180114746,0,5a727ca45542994cef4bc2d8,0.0,0,3,3,
0,0,2.7465171813964844,0,5a7587705542992db9473674,0.5,3,3,6,
0,0,12.609748363494873,3,5ab915ad55429919ba4e239c,0.3333333333333333,1,12,3,
0,0,20.223727464675903,5,5a9080275542995651fb5175,0.0,0,18,4,
0,0,19.474229097366333,5,5a778b345542992a6e59decf,0.5,1,18,2,
0,0,104.54891324043274,5,5ac3b9c5554299657fa2911b,0.2,1,18,5,
0,0,102.87429308891296,5,5ab2d3c5554299295394687a,0.3333333333333333,1,18,3,
0,0,21.34562659263611,5,5a81a2705542990a1d231e30,0.3333333333333333,1,18,3,
0,0,20.820554971694946,5,5a7dbc175542995ed0d1666b,0.5,2,18,4,
0,0,20.133653163909912,5,5a84a5dc5542992a431d1a82,0.5,1,18,2,
0,0,19.686984539031982,5,5ab3357d554299166977419d,0.0,0,18,5,
0,0,23.475534915924072,5,5abd4c6d5542993062266c47,0.0,0,18,6,
0,0,21.924790382385254,5,5ae1af14554299234fd042c4,0.0,0,18,3,
,,,,5a88f7855542993b751ca8da,,,,,Ollama request exceeded timeout limit for model stable-qwen with error: timed out
0,0,19.79907774925232,5,5adf0e7c5542992d7e9f9297,0.0,0,18,5,
0,0,19.691158533096313,5,5a77d2d25542992a6e59dfe2,0.5,1,18,2,
0,0,19.496750593185425,5,5a7c90125542990527d554d1,0.0,0,18,4,
0,0,13.32400918006897,3,5adefcf15542995ec70e8f4c,0.0,0,12,5,
0,0,2.7492735385894775,0,5a73f4f75542993a88ae2ebc,0.5,1,3,2,
0,0,2.8022541999816895,0,5ae1e8ab5542997283cd22ca,0.0,0,3,4,
0,0,2.7425081729888916,0,5ae1408a55429901ffe4ae2a,0.0,0,3,7,
0,0,2.770049571990967,0,5a7b23d355429931da12c9f1,0.16666666666666666,1,3,6,
0,0,2.7244317531585693,0,5a81adfc55429903bc27b9a4,0.0,0,3,1,
0,0,2.7328402996063232,0,5a7716ee55429937353601cc,0.4,2,3,5,
0,0,2.727189302444458,0,5a8fa20555429918e830d298,0.2,1,3,5,
0,0,20.537256717681885,5,5ae095f055429924de1b7103,0.3333333333333333,1,18,3,
0,0,19.665833711624146,5,5ab72a035542993667793f5c,0.0,0,18,1,
0,0,19.606669664382935,5,5a8a09ff5542992d82986e6b,0.42857142857142855,3,18,7,
0,0,20.610738039016724,5,5ab822ef55429916710eafff,0.3333333333333333,1,18,3,
0,0.058823529411764705,20.382628440856934,5,5abd724b55429924427fcfd9,0.5,1,18,2,
0,0,19.571733951568604,5,5a8b7d7d5542997f31a41d4b,0.5,1,18,2,
0,0,6.1045286655426025,1,5ae4be5c5542995ad6573e3a,0.0,0,6,4,
0,0,6.042301416397095,1,5add3acb5542990dbb2f7ddc,0.0,0,6,1,
0,0,2.6886403560638428,0,5abb23655542992ccd8e7f25,1.0,3,3,3,
0,0,2.7290022373199463,0,5ae4a0ca5542995ad6573dcb,0.0,0,3,5,
0,0,19.592020273208618,5,5ae535bc55429960a22e0260,0.0,0,18,4,
0,0,6.880831718444824,1,5a8d9573554299068b959d51,0.0,0,6,12,
0,0,2.7713510990142822,0,5ade279e5542992fa25da6fa,0.3333333333333333,1,3,3,
0,0,9.101569414138794,2,5a7f19eb55429934daa2fcdb,0.5,2,9,4,
0,0,16.07219696044922,4,5ade3af855429939a52fe867,0.0,0,15,4,
0,0,2.9259274005889893,0,5adfecd755429942ec259b90,0.14285714285714285,1,3,7,
0,0,9.517602920532227,2,5a7fc5875542992e7d278d67,0.5,1,9,2,
0,0,12.943006992340088,3,5ab428915542991751b4d6b2,0.3333333333333333,1,12,3,
0,0,2.709761142730713,0,5ae71f06554299572ea54708,0.3333333333333333,1,3,3,
0,0,20.525657176971436,5,5ae12aa6554299422ee99617,0.0,0,18,3,
0,0,2.820573568344116,0,5a89a82c5542993b751ca973,0.25,1,3,4,
0,0.2,2.7653374671936035,0,5a829c1d55429966c78a6a67,0.14285714285714285,1,3,7,
0,0,2.765125274658203,0,5a7125165542994082a3e5d0,0.2,1,3,5,
0,0,6.221744537353516,1,5a79ecd05542996c55b2dca1,0.3333333333333333,2,6,6,
0,0,2.7845780849456787,0,5a8edb5c55429917b4a5bde9,0.0,0,3,5,
0,0,2.770808696746826,0,5ac0cfb45542997d64295a58,0.25,1,3,4,
0,0,8.653432846069336,2,5abcffc2554299700f9d7951,1.0,1,9,1,
0,0,2.7366926670074463,0,5ae634355542995703ce8b41,0.16666666666666666,1,3,6,
0,0,2.8155436515808105,0,5a832ad55542990548d0b1b5,0.0,0,3,5,
0,0,2.7766947746276855,0,5a903b7f55429933b8a204af,0.0,0,3,2,
0,0,2.808180332183838,0,5a74b66a55429929fddd84cb,0.3333333333333333,1,3,3,
0,0,5.394472122192383,1,5ac3aa3655429939154138a2,0.0,0,6,1,
0,0,2.80582332611084,0,5a7471f655429979e2882955,0.16666666666666666,1,3,6,
0,0,2.7470028400421143,0,5ae628fd5542995703ce8b33,0.16666666666666666,1,3,6,
0,0,2.7105915546417236,0,5ab2a1f35542997061209677,0.0,0,3,4,
0,0,5.991474866867065,1,5a84edf65542994c784dda8d,0.4,2,6,5,
0,0,2.7604739665985107,0,5a7ae2f2554299042af8f6aa,1.0,1,3,1,
0,0,2.7545676231384277,0,5adbcc085542996e6852523c,0.3333333333333333,2,3,6,
0,0,2.728416681289673,0,5ae127c9554299422ee99612,0.0,0,3,3,
0,0,2.7958154678344727,0,5a7c17c95542990527d5544d,0.2857142857142857,2,3,7,
0,0,2.7620508670806885,0,5ae4d2a55542990ba0bbb161,0.0,0,3,6,
0,0,2.7568657398223877,0,5ae200655542994d89d5b2f4,0.1111111111111111,1,3,9,
0,0,2.7821242809295654,0,5a72ba1a5542992359bc318b,0.2,1,3,5,
0,0,2.728273391723633,0,5ae489ab5542995ad6573d62,0.25,1,3,4,
0,0,18.908788919448853,4,5a8563c05542997b5ce3fff4,0.3,3,15,10,
0,0,12.304187774658203,2,5ae3b1ba5542992f92d82343,0.14285714285714285,1,9,7,
0,0,2.7885470390319824,0,5ab29426554299545a2cf99f,0.0,0,3,14,
0,0,2.746800661087036,0,5a8d40715542994ba4e3dc3a,0.0,0,3,4,
0,0,2.7100489139556885,0,5adfc35755429906c02daa30,0.5,1,3,2,
0,0,2.7768733501434326,0,5a7f7e3a5542992097ad2f89,0.0,0,3,5,
0,0,5.406018018722534,1,5a86ea445542994775f60780,0.0,0,6,10,
0,0,2.6490702629089355,0,5ab56200554299494045ef88,0.2,1,3,5,
0,0,2.6596455574035645,0,5ae0380955429925eb1afc2e,0.3333333333333333,1,3,3,
0,0,2.821315288543701,0,5ab875bd55429916710eb062,0.5,1,3,2,
0,0,2.7416484355926514,0,5abfa0285542990832d3a171,0.0,0,3,4,
0,0,2.7710137367248535,0,5a7fb23f5542994857a767be,0.2,1,3,5,
0,0,2.668170690536499,0,5a7a34bf5542994f819ef151,0.0,0,3,8,
0,0,2.7972757816314697,0,5a77a3905542992a6e59df40,0.14285714285714285,1,3,7,
0,0,2.7685701847076416,0,5ae3d6bd5542991a06ce9a2b,0.0,0,3,3,
0,0,2.787768840789795,0,5a8b98665542995d1e6f1413,0.0,0,3,5,
0,0,2.8131701946258545,0,5a8bbddf5542997f31a41db2,0.0,0,3,6,
0,0,2.7666192054748535,0,5a7e6df35542997cc2c47544,0.25,1,3,4,
0,0,2.768387794494629,0,5ae2fffe55429928c423959c,0.25,1,3,4,
0,0,2.7603518962860107,0,5ae721885542996d980e7cba,0.0,0,3,7,
0,0,12.762011289596558,3,5a77ca3955429967ab1052a3,0.4,2,12,5,
0,0,21.309452056884766,5,5ac0d1555542997d64295a5d,0.5,1,18,2,
0,0,19.983207941055298,5,5ae685fd5542996d980e7bda,1.0,1,18,1,
0,0,19.948972702026367,5,5ae141475542997b2ef7d185,0.0,0,18,7,
0,0,23.03816795349121,5,5a862974554299211dda2a95,0.3333333333333333,2,18,6,
0,0,20.106128931045532,5,5ab9b1fd5542996be202058e,0.0,0,18,3,
0,0,19.760667085647583,2,5a8c78a8554299585d9e36bc,0.0,0,9,3,
0,0,2.724982738494873,0,5a77769e5542997042120a65,0.25,1,3,4,
0,0,6.959165811538696,1,5a78f59755429970f5fffdf8,0.0,0,6,5,
0,0,2.72741961479187,0,5a7bb983554299042af8f7c1,0.25,1,3,4,
0,0,2.656604290008545,0,5abea98d5542990832d3a07d,0.3333333333333333,1,3,3,
0,0,2.7583675384521484,0,5a86f204554299211dda2b60,0.16666666666666666,1,3,6,
0,0,2.682772159576416,0,5ac1846d55429964131be20b,0.3333333333333333,1,3,3,
0,0,2.6836583614349365,0,5a8eb63455429917b4a5bdb7,0.25,1,3,4,
0,0,2.67460298538208,0,5a8591715542994c784ddb27,0.3333333333333333,1,3,3,
0,0,8.370760917663574,2,5a84c6e65542994c784dda48,1.2,6,9,5,
0,0,2.669405460357666,0,5abdb9775542993f32c2a01b,0.0,0,3,6,
0,0,2.7005035877227783,0,5a877df15542993e715abf7a,0.16666666666666666,1,3,6,
0,0,2.627722978591919,0,5a808f96554299485f598655,0.14285714285714285,1,3,7,
0,0,2.7933390140533447,0,5a89df265542992e4fca840d,0.3333333333333333,1,3,3,
0,0,2.75335431098938,0,5a7a73e45542996c55b2ddb6,0.2,1,3,5,
0,0,2.66964054107666,0,5ae50eff55429908b6326500,0.3333333333333333,1,3,3,
0,0,2.7065184116363525,0,5ae16ea85542990adbacf790,0.2,1,3,5,
0,0,2.7909045219421387,0,5ae657d55542995703ce8b5b,0.5,1,3,2,
0,0,2.6632752418518066,0,5a8c42445542996e8ac88a3f,0.0,0,3,2,
0,0,5.428795337677002,1,5a82a1ae55429954d2e2eb89,0.3333333333333333,2,6,6,
0,0,2.7434298992156982,0,5add292b5542990d50227e0a,0.0,0,3,3,
0,0,2.7991247177124023,0,5a7cc9db55429907fabef036,1.0,2,3,2,
0,0,2.7614896297454834,0,5a7b735c5542997c3ec9718a,0.5,2,3,4,
0,0,2.773793935775757,0,5ac213805542992f1f2b37e7,0.0,0,3,10,
0,0,2.741909980773926,0,5ae72c7d5542991e8301cb91,0.3333333333333333,1,3,3,
0,0,2.7829387187957764,0,5a711bb55542994082a3e597,0.4,2,3,5,
0,0,2.794959545135498,0,5ae684925542995703ce8b71,0.0,0,3,9,
0,0,2.822859287261963,0,5a7283355542991f9a20c4b1,0.3333333333333333,1,3,3,
0,0,2.651580572128296,0,5a7557d75542992d0ec05f68,0.3333333333333333,1,3,3,
0,0,5.636190414428711,1,5a75227955429929fddd8508,0.5,2,6,4,
0,0,2.771880865097046,0,5abc0e095542996583600417,1.0,2,3,2,
0,0,2.748635768890381,0,5a8e00515542995a26add454,0.0,0,3,8,
0,0,2.7958052158355713,0,5ae75c395542991bbc9761f7,0.0,0,3,4,
0,0,2.8039073944091797,0,5ae43d7f5542996836b02c59,0.0,0,3,5,
0,0,5.312077522277832,1,5a8ccceb554299653c1aa128,0.0,0,6,6,
0,0,2.656320095062256,0,5adf95745542995534e8c7f8,0.5,2,3,4,
0,0,2.690871238708496,0,5ac473e4554299204fd21f54,0.3333333333333333,1,3,3,
0,0,2.647681713104248,0,5ae1f3df554299234fd04364,0.0,0,3,6,
0,0,2.644033193588257,0,5ade86b255429939a52fe8e0,0.5,1,3,2,
0,0,2.6654577255249023,0,5ab48bab5542991779162cd3,0.0,0,3,5,
0,0,2.6546552181243896,0,5a7458ff55429979e2882918,0.0,0,3,5,
0,0,2.6806254386901855,0,5a8ea03e5542990e94052b81,0.25,1,3,4,
0,0,2.629267692565918,0,5ae1e22a5542997f29b3c160,0.0,0,3,5,
0,0,2.599456787109375,0,5abe364e5542993f32c2a08e,0.5,2,3,4,
0,0,2.649933338165283,0,5a8f44135542992414482a24,0.1111111111111111,1,3,9,
0,0,2.6198620796203613,0,5a7a1e635542990783324e69,0.4,2,3,5,
0,0,2.663674831390381,0,5a752fb75542993748c897df,0.6666666666666666,2,3,3,
0,0,2.6089141368865967,0,5a7793275542992a6e59df04,0.0,0,3,3,
0,0,2.6619880199432373,0,5ae2b794554299495565db10,0.4,2,3,5,
0,0,5.427270174026489,1,5a86e6f65542994775f6077c,0.25,1,6,4,
0,0,2.6739373207092285,0,5a77d4eb55429949eeb29f74,0.0,0,3,2,
0,0,2.6265556812286377,0,5a8126265542995ce29dcbc9,0.5,2,3,4,
0,0,2.6604371070861816,0,5a8182e255429938b614234d,0.0,0,3,3,
0,0,2.680954933166504,0,5ac27d2555429963665199dc,0.6666666666666666,2,3,3,
0,0,2.627418279647827,0,5adee8ff55429975fa854fb8,1.0,1,3,1,
0,0,2.6553962230682373,0,5a7730015542994aec3b7210,0.25,1,3,4,
0,0,2.642261505126953,0,5a8b45765542995d1e6f1333,0.0,0,3,5,
0,0,2.6510732173919678,0,5ae72a975542991e8301cb75,0.0,0,3,4,
0,0,2.666949987411499,0,5ade3e69554299728e26c68d,0.16666666666666666,1,3,6,
0,0,2.64505934715271,0,5ae3d0bb5542990afbd1e1e5,0.4,2,3,5,
0,0,2.62935209274292,0,5abfa0be5542990832d3a173,0.5,1,3,2,
0,0,2.6473608016967773,0,5a7ca98f55429935c91b5288,0.125,1,3,8,
0,0,2.6063361167907715,0,5a7776b955429967ab10519e,0.3333333333333333,1,3,3,
0,0,2.685560941696167,0,5a7b72e15542997c3ec97187,0.0,0,3,2,
0,0,2.6469380855560303,0,5a7fb7985542994857a767d2,0.0,0,3,4,
0,0,2.640932321548462,0,5ab56ed0554299637185c597,0.0,0,3,8,
0,0,2.6195926666259766,0,5ae09d6155429945ae9593d4,0.2,1,3,5,
0,0,6.025082588195801,1,5ae2c6bf554299492dc91c6c,1.0,2,6,2,
0,0,2.6621618270874023,0,5abdf68c5542993f32c2a06b,0.2,1,3,5,
0,0,2.6289730072021484,0,5a7fe0b55542994857a76818,0.2,1,3,5,
0,0,2.6699414253234863,0,5adcad175542994ed6169bc3,0.3333333333333333,1,3,3,
0,0,2.775428533554077,0,5a7c220b5542990527d5545c,0.25,1,3,4,
0,0,2.773729085922241,0,5ab96d405542996be20204de,0.0,0,3,3,
0,0,2.693040609359741,0,5a7149cf5542994082a3e773,0.25,1,3,4,
0,0,7.051032781600952,1,5a7616755542992d0ec06028,0.0,0,6,4,
0,0,2.754258871078491,0,5ac1a9cc5542994ab5c67dc0,0.0,0,3,2,
0,0,2.7473278045654297,0,5ac45b23554299204fd21f31,0.0,0,3,2,
0,0,2.7535147666931152,0,5ab9560855429970cfb8ea73,0.0,0,3,1,
0,0,2.784698009490967,0,5a84f06f5542994c784dda92,0.25,1,3,4,
0,0,2.7867448329925537,0,5adf6a5c5542995ec70e8ff9,0.0,0,3,11,
0,0,2.7771947383880615,0,5ac03b395542992a796decce,0.3333333333333333,1,3,3,
0,0,5.356998920440674,1,5ab4071955429976abd1bd38,0.0,0,6,6,
0,0,2.762124538421631,0,5a85cd295542997175ce202b,0.3333333333333333,1,3,3,
0,0,2.6656360626220703,0,5a86ed6155429960ec39b6d9,0.0,0,3,6,
0,0,2.64479660987854,0,5a90bb4e55429916514e7536,0.5,1,3,2,
0,0,2.7888858318328857,0,5ac257fe55429951e9e68562,0.0,0,3,7,
0,0,2.665865659713745,0,5a90ba1b55429933b8a205c6,0.5,1,3,2,
0,0,2.6184842586517334,0,5aba94e355429901930fa845,0.0,0,3,6,
0,0,2.660552978515625,0,5ae1f2d4554299234fd04358,0.0,0,3,3,
0,0,2.635061502456665,0,5a75462d5542996c70cfaed3,1.0,1,3,1,
0,0,7.18709135055542,1,5ae0ac1c5542993d6555ec07,1.0,1,6,1,
0,0,2.9038774967193604,0,5adc6f6255429947ff173961,0.0,0,3,3,
0,0,2.921644926071167,0,5a8756aa5542994846c1cd69,0.0,0,3,2,
0,0,2.8684940338134766,0,5ab8736455429916710eb058,0.5,1,3,2,
0,0,2.8364269733428955,0,5ae0fe4e554299422ee995a9,0.0,0,3,9,
0,0,2.8886637687683105,0,5a878d795542993e715abf9d,0.1111111111111111,1,3,9,
0,0,2.8647594451904297,0,5a7781c955429949eeb29ea8,0.25,1,3,4,
0,0,2.8994245529174805,0,5a8d51355542994ba4e3dc6b,0.0,0,3,5,
0,0,2.8434910774230957,0,5a70f6425542994082a3e44c,0.25,1,3,4,
0,0,2.950573205947876,0,5aba7e2c55429955dce3ee5a,0.4,2,3,5,
0,0,2.8492681980133057,0,5a7c651a55429935c91b5188,0.25,1,3,4,
0,0,2.966776132583618,0,5a81ca0d5542990a1d231ebb,0.0,0,3,5,
0,0,2.875398635864258,0,5a825da055429954d2e2eb17,0.5,1,3,2,
0,0,2.901024103164673,0,5a73630655429901807db020,0.5,1,3,2,
0,0,2.854212522506714,0,5a77aa095542995d83181260,1.0,1,3,1,
0,0,2.97159743309021,0,5ab97cd0554299753720f81a,0.3333333333333333,1,3,3,
0,0,2.882622718811035,0,5a84de5f5542991dd0999e07,0.0,0,3,5,
0,0,2.9193882942199707,0,5ae06ee755429945ae959352,0.25,1,3,4,
0,0,2.8758368492126465,0,5ab84bab55429934fafe6d49,0.5,1,3,2,
0,0,2.87679386138916,0,5ae6793e5542991bbc9760e2,0.16666666666666666,1,3,6,
0,0,2.8817265033721924,0,5a81418455429903bc27b95f,0.0,0,3,10,
0,0,2.843778371810913,0,5adc872b5542994d58a2f62f,0.3333333333333333,2,3,6,
0,0,2.8606667518615723,0,5ae81b895542997ec272770c,0.3333333333333333,1,3,3,
0,0,2.9127233028411865,0,5a7e910a554299306751357f,0.3333333333333333,1,3,3,
0,0,2.856951951980591,0,5a8f75e6554299458435d635,0.0,0,3,5,
0,0,2.893270254135132,0,5a7e040f5542990b8f503b13,0.6666666666666666,2,3,3,
0,0,2.883937358856201,0,5addb1515542995b365fab60,0.25,1,3,4,
0,0,2.9122085571289062,0,5ab80bbf5542991d32223818,0.0,0,3,4,
0,0,2.8471999168395996,0,5a848a685542997b5ce3feae,0.0,0,3,4,
0,0,2.9310224056243896,0,5ab6238e554299710c8d1e6d,0.0,0,3,2,
0,0,2.85153865814209,0,5ab92307554299753720f72d,0.0,0,3,2,
0,0,2.8768467903137207,0,5abba3b1554299642a094aed,0.5,1,3,2,
0,0,2.854544162750244,0,5a8173fa554299260e20a28e,0.0,0,3,4,
0,0,2.9037251472473145,0,5a8caf1d554299585d9e3720,0.3333333333333333,1,3,3,
0,0,2.8920018672943115,0,5ac132a755429964131be17c,0.0,0,3,4,
0,0,2.9096925258636475,0,5ae675245542991bbc9760dc,0.0,0,3,4,
0,0,2.8956551551818848,0,5a80b0565542996402f6a5f0,0.0,0,3,6,
0,0,2.909808397293091,0,5adde3a45542997545bbbdc2,0.1,1,3,10,
0,0,2.8906898498535156,0,5ac26b7f55429951e9e685ae,0.0,0,3,5,
0,0,2.9321413040161133,0,5adf39295542992d7e9f92df,0.5,1,3,2,
0,0,2.8973710536956787,0,5abc19705542993a06baf86e,0.3333333333333333,1,3,3,
0,0,2.9122352600097656,0,5ae6914755429908198fa627,0.2,1,3,5,
0,0,2.8728089332580566,0,5adc9b7a5542994d58a2f679,0.5,2,3,4,
0,0,2.8777472972869873,0,5a721dfd55429971e9dc928b,1.0,2,3,2,
0,0,2.863903045654297,0,5a8b50475542997f31a41cd4,0.3333333333333333,1,3,3,
0,0,2.918732166290283,0,5a860aa6554299211dda2a45,0.5,1,3,2,
0,0,2.83258318901062,0,5ae4585c5542996836b02c89,0.0,0,3,8,
0,0,2.9289379119873047,0,5adfcb5455429906c02daa48,0.5,1,3,2,
0,0,2.847156524658203,0,5a77a41a5542997042120ab9,0.25,1,3,4,
0,0,2.8497860431671143,0,5a8759395542994775f607e0,0.0,0,3,4,
0,0,2.869877338409424,0,5a84992e5542992a431d1a6d,0.0,0,3,3,
0,0,2.8965072631835938,0,5ac1bce45542994ab5c67def,0.0,0,3,3,
0,0,2.8965466022491455,0,5ac0641f554299294b218fbe,0.6666666666666666,2,3,3,
0,0,2.8607161045074463,0,5a87954f5542996e4f308856,0.2,1,3,5,
0,0,2.841808319091797,0,5a8bc03d5542996e8ac88a0b,0.0,0,3,6,
0,0,2.896310806274414,0,5ab8869155429916710eb081,0.3333333333333333,1,3,3,
0,0,2.8429596424102783,0,5adde17f5542992200553b87,0.0,0,3,3,
0,0,2.78961181640625,0,5a776ac75542993569682d9b,0.16666666666666666,1,3,6,
0,0,2.9044225215911865,0,5ae70ed7554299572ea546a1,0.6666666666666666,2,3,3,
0,0,2.9111199378967285,0,5ae1fbf05542997f29b3c1e7,0.5,1,3,2,
0,0,2.8696577548980713,0,5ac1c9a15542994ab5c67e1c,0.5,1,3,2,
0,0,2.8258931636810303,0,5a77c8905542995d831812ce,0.25,1,3,4,
0,0,2.847325563430786,0,5a89f68f5542992e4fca84b6,0.0,0,3,2,
0,0,5.738447427749634,1,5a7f62405542992e7d278cf0,1.0,3,6,3,
0,0,2.701040506362915,0,5a7ca4485542990527d554f1,0.0,0,3,4,
0,0,2.7691197395324707,0,5a8347d65542996488c2e3f6,0.0,0,3,9,
0,0,2.789494514465332,0,5ab8634e5542990e739ec8de,0.2857142857142857,2,3,7,
0,0,2.8052425384521484,0,5ab85e9e55429934fafe6d8b,0.0,0,3,2,
0,0,2.8382976055145264,0,5a79c9c05542994bb94570a5,0.25,1,3,4,
0,0,2.7657079696655273,0,5a8c616f5542995e66a475de,0.3333333333333333,1,3,3,
0,0,5.5012366771698,1,5ab90fdd55429916710eb0fc,2.0,2,6,1,
0,0,2.7588422298431396,0,5abe7f695542993f32c2a12d,0.0,0,3,8,
0,0,2.7484822273254395,0,5abeb0da5542997ec76fd34b,0.25,1,3,4,
0,0,2.649632215499878,0,5a7521c55542993748c897c6,0.2,1,3,5,
0,0,2.8047964572906494,0,5adfda5255429942ec259b5e,0.0,0,3,3,
0,0,2.780273199081421,0,5abaeda95542992ccd8e7e5d,0.5,1,3,2,
0,0,2.7896194458007812,0,5ae68e0055429908198fa607,0.0,0,3,3,
0,0,2.663952589035034,0,5a7577785542992d0ec05fa0,0.3333333333333333,1,3,3,
0,0,7.102559566497803,1,5a7d147955429909bec76942,0.16666666666666666,1,6,6,
0,0,2.8197174072265625,0,5a83a2a15542993344746063,0.0,0,3,3,
0,0,2.7682220935821533,0,5ac079e9554299294b218fff,0.6666666666666666,2,3,3,
0,0,2.8102705478668213,0,5adca8375542990d50227cd4,0.1111111111111111,1,3,9,
0,0,6.867547273635864,1,5add4f3a5542997545bbbd2c,0.0,0,6,9,
0,0,2.769821882247925,0,5ae26cb15542994d89d5b421,0.0,0,3,6,
0,0,2.6697239875793457,0,5a73cad5554299623ed4ac5e,0.2,1,3,5,
0,0,2.754619836807251,0,5ae0d5335542990adbacf674,0.0,0,3,2,
0,0,2.797518014907837,0,5ab344fc55429969a97a811e,0.5,1,3,2,
0,0,2.693026304244995,0,5ae1319c55429920d5234301,0.0,0,3,5,
0,0,2.775346279144287,0,5abee41a5542993fe9a41d79,0.16666666666666666,1,3,6,
0,0,2.6786816120147705,0,5a7daad55542995f4f4022b7,0.6666666666666666,2,3,3,
0,0,2.779602527618408,0,5a8ff6635542995651fb5086,0.16666666666666666,1,3,6,
0,0,2.7552192211151123,0,5ae3c0cc5542992f92d82369,0.25,1,3,4,
0,0,2.791726589202881,0,5a8485fa5542992a431d1a41,0.0,0,3,1,
0,0,2.7330119609832764,0,5ae1389655429901ffe4ae05,0.5,2,3,4,
0,0,2.770867109298706,0,5a7b73ad5542997c3ec9718c,0.2,1,3,5,
0,0,2.776394844055176,0,5a7a68d25542996c55b2dd98,0.5,1,3,2,
0,0,2.801339626312256,0,5ae2bb545542992decbdcd88,0.0,0,3,5,
0,0,2.8135762214660645,0,5a8f47a55542997ba9cb3219,0.07692307692307693,1,3,13,
0,0,2.808547019958496,0,5ab1ebff5542993be8fa9882,0.0,0,3,6,
0,0,2.8747031688690186,0,5a7fd7305542992e7d278dc2,0.0,0,3,3,
0,0,5.443328619003296,1,5abb8aaf5542993f40c73b1c,0.2,1,6,5,
0,0,5.673969984054565,1,5abba584554299642a094afa,0.6666666666666666,2,6,3,
0,0,2.6818878650665283,0,5a804510554299485f5985af,0.6666666666666666,2,3,3,
0,0,5.25604510307312,1,5abb11c15542992ccd8e7ef8,0.3333333333333333,1,6,3,
0,0,5.327190160751343,1,5ae376a35542990afbd1e163,0.3333333333333333,1,6,3,
0,0,2.6914708614349365,0,5adc5b875542996e68525328,0.2,1,3,5,
0,0,2.679293394088745,0,5ae6b6065542991bbc976168,0.3333333333333333,1,3,3,
0,0,5.629220485687256,1,5a79d2fe5542994f819ef0c3,0.3333333333333333,1,6,3,
0,0,2.6851062774658203,0,5ab38cdd5542992ade7c6de2,0.3333333333333333,1,3,3,
0,0,2.6483612060546875,0,5ae73d235542991e8301cc29,0.0,0,3,2,
0,0,2.6225054264068604,0,5a7a33205542996a35c1712f,0.1,1,3,10,
0,0,2.674907684326172,0,5a799dfb5542994bb9457029,0.25,2,3,8,
0,0,2.717761993408203,0,5a71095e5542994082a3e4f3,0.25,1,3,4,
0,0,2.6737265586853027,0,5aba77be55429955dce3ee44,0.5,2,3,4,
0,0,2.6320838928222656,0,5a8af94455429971feec45b6,0.0,0,3,2,
0,0,2.678574562072754,0,5abcedb355429959677d6b4f,0.0,0,3,13,
0,0,2.798133134841919,0,5a713dcb5542994082a3e6d9,0.0,0,3,14,
0,0,2.664377450942993,0,5ae383e15542992f92d822fb,0.5,1,3,2,
0,0,5.267126083374023,1,5a85df525542994c784ddb9f,0.0,0,6,5,
0,0,2.769256353378296,0,5a9030ef5542995651fb50e4,0.0,0,3,6,
0,0,2.7563960552215576,0,5a8a2d2155429930ff3c0cdc,0.5,1,3,2,
0,0,2.7932982444763184,0,5a88fa9e5542993b751ca8de,0.0,0,3,1,
0,0,5.447148084640503,1,5ae7882b554299540e5a55dd,0.3333333333333333,1,6,3,
0,0,2.692789316177368,0,5a81dacc55429926c1cdada0,0.0,0,3,5,
0,0,2.6690380573272705,0,5ab322b1554299194fa93570,0.5,1,3,2,
0,0.2,5.8004372119903564,1,5a8a764555429930ff3c0de1,1.3333333333333333,4,6,3,
0,0,2.7763218879699707,0,5a8d93bf554299068b959d46,0.3333333333333333,1,3,3,
0,0,3.2989509105682373,0,5abf04ae5542993fe9a41dbf,0.5,2,3,4,
0,0,2.771653175354004,0,5ab55b0c554299488d4d995e,0.5,1,3,2,
0,0,2.672051429748535,0,5ae4a1875542995ad6573dd2,0.14285714285714285,1,3,7,
0,0,2.7360591888427734,0,5abae3205542996cc5e49edc,0.2,1,3,5,
0,0,5.219746828079224,1,5ab5a4555542997d4ad1f19c,2.0,2,6,1,
0,0,2.6871917247772217,0,5abbd85a5542993f40c73be1,0.0,0,3,1,
0,0,2.6351537704467773,0,5abe731255429965af743f0e,0.6666666666666666,2,3,3,
0,0,2.6549694538116455,0,5a77bef05542992a6e59dfaf,0.0,0,3,4,
0,0,2.7933177947998047,0,5a9064d05542990a9849360f,0.16666666666666666,2,3,12,
0,0,2.710029125213623,0,5a8c30f6554299240d9c20d1,0.6666666666666666,2,3,3,
0,0,5.597304821014404,1,5ae5ffbb5542996de7b71ad4,0.2,1,6,5,
0,0,6.00277042388916,1,5ae213de5542997283cd23b9,0.5,2,6,4,
0,0,2.8231287002563477,0,5a81cb2c5542990a1d231ec4,0.2857142857142857,2,3,7,
0,0,2.752479076385498,0,5a7605f85542994ccc91868d,0.6666666666666666,2,3,3,
0,0,2.7448978424072266,0,5ae07b0155429945ae95935d,0.14285714285714285,1,3,7,
0,0,2.74446439743042,0,5abcf17655429959677d6b5c,0.6666666666666666,2,3,3,
0,0,2.721682548522949,0,5ae1b1aa5542997283cd223f,0.0,0,3,7,
0,0,2.657616376876831,0,5ab9587d55429970cfb8ea7e,0.0,0,3,1,
0,0,2.780517101287842,0,5ab81cd955429916710eaff7,0.25,2,3,8,
0,0,2.735321044921875,0,5a77a9df55429967ab10521c,0.0,0,3,3,
0,0,2.763715982437134,0,5a85a2845542997175ce1fe1,0.5,2,3,4,
0,0,2.6725265979766846,0,5a800ca555429969796c1bac,0.0,0,3,3,
0,0,2.668769598007202,0,5a73c958554299623ed4ac5c,0.0,0,3,2,
0,0,2.752182960510254,0,5ae528ed5542993aec5ec16e,0.3333333333333333,1,3,3,
0,0,2.6992499828338623,0,5a8aee2c55429970aeb70338,0.25,1,3,4,
0,0,2.7691526412963867,0,5ae7ef625542994a481bbe40,1.0,1,3,1,
0,0,2.6747167110443115,0,5ae2cda55542992decbdcdb7,0.3333333333333333,1,3,3,
0,0,2.753133773803711,0,5a7af1a955429931da12c98f,0.25,1,3,4,
0,0,6.159950494766235,1,5a8b017155429949d91db463,0.0,0,6,1,
0,0,2.7119030952453613,0,5abe535055429976d4830aea,1.0,2,3,2,
0,0,2.792006492614746,0,5ae3f2d25542995ad6573ccc,0.5,1,3,2,
0,0,2.7479493618011475,0,5a74122f55429929fddd83da,1.0,1,3,1,
0,0,2.759617328643799,0,5ae803915542994a481bbe80,1.0,1,3,1,
0,0,6.32047176361084,1,5a734e6d5542994cef4bc528,0.125,1,6,8,
0,0,10.783023595809937,1,5ae3bb0d5542992f92d82357,0.5,2,3,4,
0,0,2.666936159133911,0,5a7624b85542992db947372c,0.0,0,3,4,
0,0,2.684101104736328,0,5a8091515542996402f6a563,0.0,0,3,2,
0,0,2.6679489612579346,0,5a7a1b165542996c55b2dd10,0.3333333333333333,1,3,3,
0,0,2.649874448776245,0,5ac38bf355429939154137ba,0.5,1,3,2,
0,0,2.6727499961853027,0,5a7502715542996c70cfae74,0.6666666666666666,2,3,3,
0,0,2.630913734436035,0,5a724ba25542990c210a40c7,0.0,0,3,6,
0,0,2.6458709239959717,0,5abd0b6b5542996e802b46b4,0.0,0,3,9,
0,0,2.6701176166534424,0,5ac00f795542996f0d89cb16,0.3333333333333333,1,3,3,
0,0,2.6556849479675293,0,5ac3af895542995ef918c1f0,0.0,0,3,9,
0,0,5.521963357925415,1,5ac3bab155429939154138fb,0.0,0,6,4,
0,0,2.6816458702087402,0,5ab1f13e554299449642c81c,0.16666666666666666,1,3,6,
,,,,5a7652435542992d0ec060a5,,,,,Ollama request exceeded timeout limit for model stable-qwen with error: timed out
0,0,2.667808771133423,0,5ade881f5542992fa25da7af,0.25,1,3,4,
0,0,2.706644296646118,0,5a83e98e5542992ef85e2387,0.25,1,3,4,
,,,,5a7b60605542995eb53be931,,,,,Ollama request exceeded timeout limit for model stable-qwen with error: timed out
0,0,2.702070713043213,0,5a8df1a65542995085b3735f,0.5,1,3,2,
0,0,2.7829599380493164,0,5a7e0c045542995f4f4023c5,0.3333333333333333,1,3,3,
0,0,2.637937068939209,0,5a81711455429938b614233e,0.0,0,3,5,
0,0,2.6906068325042725,0,5ac275f155429921a00aaf82,0.0,0,3,4,
0,0,2.661257743835449,0,5a7ed5af5542994959419a84,0.2857142857142857,2,3,7,
0,0,2.6673545837402344,0,5a83ed9b55429933447460b8,,,,,
0,0,2.689069986343384,0,5ae648b955429929b0807b1d,0.3333333333333333,1,3,3,
0,0,2.6522252559661865,0,5a8f24cc55429924144829e7,0.16666666666666666,1,3,6,
0,0,2.601717472076416,0,5addda9b5542992200553b5b,0.6666666666666666,2,3,3,
0,0,2.6980538368225098,0,5a77c4fe55429967ab10527b,0.5,1,3,2,
0,0,2.6963040828704834,0,5adce36e5542990d50227d55,0.0,0,3,5,
0,0,2.7829840183258057,0,5a8f155e554299458435d54c,0.0,0,3,6,
0,0,2.6796016693115234,0,5ac532335542994611c8b41c,0.42857142857142855,3,3,7,
0,0,2.715517520904541,0,5a77ba6c55429967ab10524c,0.0,0,3,6,
0,0,2.61337947845459,0,5ac3b0885542995ef918c1f8,0.0,0,3,3,
0,0,2.681288719177246,0,5ab6006a554299110f2199b5,0.5,1,3,2,
0,0,2.6679253578186035,0,5ab53ad6554299488d4d9917,0.0,0,3,4,
0,0,2.702789306640625,0,5a844fd35542990548d0b274,0.3333333333333333,1,3,3,
0,0,2.6722893714904785,0,5ab2d1c45542992953946877,0.0,0,3,12,
0,0,2.6638667583465576,0,5a71674f5542994082a3e819,0.0,0,3,4,
,,,,5a8f38fa55429924144829f5,,,,,Ollama request exceeded timeout limit for model stable-qwen with error: timed out
0,0,2.68436861038208,0,5a7a651b5542990783324f40,0.25,2,3,8,
0,0,2.6769866943359375,0,5a76a0005542993569682c64,0.25,1,3,4,
0,0,2.6244640350341797,0,5a8747915542994775f607bb,0.0,0,3,1,
0,0,2.666717052459717,0,5ae66b055542995703ce8b61,0.0,0,3,17,
0,0,2.6923012733459473,0,5ab5dc44554299494045f089,0.6666666666666666,2,3,3,
0,0,51.97312545776367,1,5ae0d9c555429924de1b719a,0.5,1,6,2,
0,0,5.5428009033203125,1,5a7ec95b55429934daa2fc67,1.0,2,6,2,
0,0,22.147318363189697,5,5ac4ec9955429924173fb4da,0.2,1,18,5,
0,0,22.229647397994995,5,5ac097b05542996f0d89cc18,0.2,1,18,5,
0,0,21.95108461380005,5,5ac270025542990b17b15390,0.0,0,18,3,
0,0,21.264000415802002,5,5a863d2d5542991e771815d2,0.0,0,18,2,
,,,,5ab1e76c554299449642c800,,,,,Ollama request exceeded timeout limit for model stable-qwen with error: timed out
0,0,22.62528133392334,5,5a8a9bc15542996c9b8d5f36,0.2,1,18,5,
0,0.030303030303030304,3.8022701740264893,0,5a84f5195542994c784dda9d,0.0,0,3,2,
0,0,22.25847601890564,4,5a8b515e55429971feec46bb,0.25,2,15,8,
0,0,3.244913101196289,0,5ab44ab25542991779162c58,0.5,1,3,2,
0,0,3.332892417907715,0,5ab701395542991d3222373a,0.25,1,3,4,
0,0,3.2487127780914307,0,5ae5305b5542990ba0bbb1f5,0.125,1,3,8,
0,0.045454545454545456,3.337458610534668,0,5ae0b60655429945ae959437,1.0,1,3,1,
0,0,3.302055597305298,0,5a8fc0065542997ba9cb3318,0.07692307692307693,1,3,13,
0,0,3.240854263305664,0,5ac036b95542992a796deccd,0.0,0,3,8,
0,0,3.273414373397827,0,5ac1a2f755429964131be258,0.0,0,3,3,
0,0,3.3245649337768555,0,5ac41379554299204fd21ef1,0.5,1,3,2,
0,0,3.31089186668396,0,5ac2ba4855429921a00ab048,0.6666666666666666,2,3,3,
0,0,5.0973124504089355,0,5a7119f75542994082a3e58e,0.0,0,3,4,
0,0,3.2990834712982178,0,5ac55c135542993e66e82345,0.0,0,3,5,
0,0,3.4296929836273193,0,5ae7fde25542994a481bbe66,0.3333333333333333,1,3,3,
0,0,3.344585657119751,0,5ac54ca45542993e66e822d5,0.6666666666666666,2,3,3,
0,0,3.222801685333252,0,5a8da1815542994ba4e3dcd7,0.0,0,3,13,
0,0,3.202056407928467,0,5ae2075f5542994d89d5b315,0.16666666666666666,1,3,6,
0,0.05128205128205128,3.2401325702667236,0,5abe953b5542993f32c2a170,0.0,0,3,5,
0,0,3.2450110912323,0,5abff0645542994516f45539,0.0,0,3,3,
0,0,3.2686767578125,0,5a7199725542994082a3e88f,0.3333333333333333,1,3,3,
0,0,3.2671587467193604,0,5abbd7985542992ccd8e7fb8,0.14285714285714285,1,3,7,
0,0,3.2568581104278564,0,5a80ae105542992bc0c4a7a2,0.3333333333333333,1,3,3,
0,0,3.2803738117218018,0,5ab9cfb455429970cfb8ebae,0.0,0,3,4,
0,0,3.285959243774414,0,5ae4c01e55429913cc2044f3,0.0,0,3,5,
0,0,5.15562891960144,0,5ae7922f5542994a481bbdac,1.0,1,3,1,
0,0,3.2810816764831543,0,5ac2f1d1554299218029dba4,0.16666666666666666,1,3,6,
0,0,3.2190322875976562,0,5ac09da45542996f0d89cc1d,0.0,0,3,3,
0,0,12.388479948043823,1,5ab42d5755429942dd415eaf,0.0,0,3,9,
0,0,3.3169467449188232,0,5ae5d7b755429929b08079cd,0.4,2,3,5,
0,0,13.059572219848633,2,5a8198565542995ce29dcc13,1.0,1,9,1,
0,0,35.04747700691223,5,5ac3271e554299218029dbd3,0.0,0,18,1,
0,0,32.634833574295044,5,5a8baf775542996e8ac889c8,0.14285714285714285,1,18,7,
0,0,26.766226291656494,5,5abbdb195542993f40c73bf1,0.0,0,18,7,
0,0.029411764705882356,11.053962230682373,2,5ac46cb85542991943173987,0.6666666666666666,2,9,3,
0,0.024390243902439022,30.16606116294861,5,5ab69e8755429954757d3334,0.0,0,18,5,
0,0,3.874208688735962,0,5adfd22255429906c02daa4f,0.3333333333333333,1,3,3,
0,0,3.8815746307373047,0,5add2b435542990d50227e11,0.0,0,3,6,
0,0,26.398213863372803,5,5a8d0d7b55429941ae14df79,0.0,0,18,2,
0,0,16.638250589370728,3,5a874e9b554299211dda2bd3,0.1111111111111111,1,12,9,
0,0,3.7257039546966553,0,5a7c3178554299683c1c62e1,0.2857142857142857,2,3,7,
0,0.03389830508474576,3.69402813911438,0,5a8ee6145542990e94052bab,0.5,1,3,2,
0,0,3.7137413024902344,0,5a8b7e9c5542995d1e6f13c1,0.0,0,3,6,
0,0,3.730086088180542,0,5ae020f5554299025d62a41b,0.0,0,3,3,
0,0.032786885245901634,3.691105842590332,0,5a7cc28f554299452d57ba1c,0.25,1,3,4,
0,0,24.92027521133423,4,5a7e08305542995f4f4023ab,0.2,1,15,5,
0,0,3.6529057025909424,0,5adf0ae45542992d7e9f9286,0.5,1,3,2,
0,0,7.902386426925659,1,5a82efe355429966c78a6aa1,0.16666666666666666,1,6,6,
0,0,13.667823314666748,2,5a86204d5542994775f60709,0.0,0,7,21,
0,0,3.6733760833740234,0,5ab930655542991b5579f12a,0.2,1,3,5,
0,0,9.427313327789307,1,5abc32cb55429959677d6a40,0.0,0,6,3,
0,0,3.70867919921875,0,5a8dee2455429917b4a5bce1,0.0,0,3,6,
0,0,3.6869866847991943,0,5a75e7b255429976ec32bc95,0.3333333333333333,1,3,3,
0,0,3.8484158515930176,0,5a8c8502554299585d9e36d0,0.0,0,3,7,
0,0.03333333333333333,3.6801111698150635,0,5ae3de615542992f92d823a5,0.07692307692307693,1,3,13,
0,0,3.6915626525878906,0,5abee75f5542993fe9a41d8e,0.3333333333333333,1,3,3,
0,0.034482758620689655,3.6861298084259033,0,5a8f73455542997ba9cb3269,0.125,1,3,8,
0,0,7.067372560501099,1,5a7a9b9a5542990198eaf160,0.5,2,6,4,
0,0,9.023872375488281,1,5ab66b63554299110f219a0a,0.6,3,6,5,
0,0,3.643885612487793,0,5ae457a95542996836b02c85,0.0,0,3,5,
0,0.03571428571428571,3.679607391357422,0,5ac1c73e55429964131be28a,0.0,0,3,4,
0,0,9.779870986938477,1,5adef1b35542993a75d263af,0.5,1,6,2,
0,0,3.9286885261535645,0,5ab29956554299194fa9342d,0.4,2,3,5,
0,0,7.6913580894470215,1,5a7b1d3b5542992d025e677a,0.25,1,6,4,
0,0,3.829486846923828,0,5ac373195542995ef918c199,0.0,0,3,6,
0,0,4.056836128234863,0,5a7e052d5542995f4f40238e,0.14285714285714285,1,3,7,
0,0,3.833542823791504,0,5ac41850554299194317390b,0.0,0,3,16,
0,0,3.916796922683716,0,5a8c06bb5542995e66a47530,0.3333333333333333,1,3,3,
0,0,3.8434321880340576,0,5a8fc3b155429933b8a20454,0.0,0,3,6,
0,0,3.87961483001709,0,5ab94acd554299743d22eac6,0.3333333333333333,1,3,3,
0,0,3.894885301589966,0,5ac1b1345542994ab5c67dd0,0.0,0,3,2,
0,0,3.885160446166992,0,5ac3b04f55429939154138b7,0.3333333333333333,1,3,3,
0,0,3.894279718399048,0,5adf0cbd5542993a75d263e0,0.0,0,3,2,
0,0,3.8628621101379395,0,5ae3790f5542992e3233c415,0.14285714285714285,1,3,7,
0,0,3.8465542793273926,0,5a7b820c5542997c3ec971d8,0.3333333333333333,1,3,3,
0,0,3.87465238571167,0,5a90b1a15542990a984936ab,0.25,1,3,4,
0,0,3.878445863723755,0,5a7cdc1b55429907fabef04d,0.0,0,3,3,
0,0,3.9129579067230225,0,5a8e08d35542995085b37395,0.0,0,3,6,
0,0,3.862072467803955,0,5a7a9a2255429941d65f26eb,0.5,1,3,2,
0,0,3.890681266784668,0,5a87ee7b55429938390d3eb6,0.0,0,3,5,
0,0,3.911292791366577,0,5a8ba92c554299240d9c2071,0.25,1,3,4,
0,0,3.84566330909729,0,5a8b036d55429971feec45fe,0.0,0,3,4,
0,0,4.033461570739746,0,5adfed45554299603e4183c5,0.5,1,3,2,
0,0,3.861570358276367,0,5adbf84555429947ff17387c,0.3333333333333333,2,3,6,
0,0,3.848625421524048,0,5ac2dfac554299657fa290b3,0.16666666666666666,1,3,6,
0,0,3.8815419673919678,0,5ae0cddc55429945ae959459,0.3333333333333333,1,3,3,
0,0,3.899813413619995,0,5abb02fe554299232ef4a39f,0.0,0,3,5,
0,0,3.8733572959899902,0,5ac43d575542997ea680ca39,0.5,1,3,2,
0,0,3.85001540184021,0,5a82817555429954d2e2eb5a,0.0,0,3,1,
0,0,7.593995809555054,1,5adce0f455429947343537bd,0.25,1,6,4,
0,0.03125,3.8532555103302,0,5ac21bac5542991316484bf2,0.0,0,3,5,
0,0,3.801734685897827,0,5a84fea85542994c784ddabf,1.0,1,3,1,
0,0,3.9041309356689453,0,5ae7690c5542995703ce8c22,0.2,1,3,5,
0,0,3.8543457984924316,0,5a7e7c725542991319bc94be,0.6666666666666666,2,3,3,
0,0,3.889890670776367,0,5a70f39c5542994082a3e429,0.2,1,3,5,
0,0,3.8973886966705322,0,5a8332815542993344745fe9,0.0,0,3,5,
0,0,3.8459813594818115,0,5adf227a5542992d7e9f92a6,0.125,1,3,8,
0,0,3.8954854011535645,0,5ae6143f5542996de7b71b2d,0.2,1,3,5,
0,0,3.801088333129883,0,5ae6368a5542992ae0d16284,0.0,0,3,5,
0,0,3.892470121383667,0,5ae759b25542991e8301cc6b,0.0,0,3,5,
0,0,3.865708351135254,0,5ac4d2cd5542995c82c4ad73,0.0,0,3,3,
0,0,3.841198682785034,0,5adf4b335542993a75d264a5,0.25,1,3,4,
0,0,3.8459348678588867,0,5a8b04df55429950cd6afc49,0.0,0,3,3,
0,0,3.9172096252441406,0,5ae7da705542993210983f96,0.5,1,3,2,
0,0,3.843491315841675,0,5a8ec4875542995a26add508,0.2,1,3,5,
0,0,3.848843812942505,0,5ae7d0675542994a481bbdf2,0.5,1,3,2,
0,0.029850746268656716,3.89213490486145,0,5ab209ec554299722f9b4ca2,0.0,0,3,3,
0,0,3.8791253566741943,0,5a7a4a1d5542990198eaf108,0.1,1,3,10,
0,0,3.8710405826568604,0,5a7ce6bf55429909bec7686c,0.2,1,3,5,
0,0,3.894909620285034,0,5a732aa055429901807daf9f,0.3333333333333333,1,3,3,
0,0,3.8891680240631104,0,5abec2ca5542997719eab5b9,0.2,1,3,5,
0,0,3.8399300575256348,0,5a7f3bcd55429930675136c3,0.3333333333333333,1,3,3,
0,0,9.15774130821228,1,5ab3e577554299233954ffe3,0.25,1,6,4,
0,0,3.878305435180664,0,5a90c8165542995651fb51ee,0.5,1,3,2,
0,0,3.9016005992889404,0,5ab27389554299722f9b4d2f,0.16666666666666666,1,3,6,
0,0,3.8807129859924316,0,5abe19895542991f661060c2,0.0,0,3,6,
0,0,3.8922266960144043,0,5ab3c05d55429969a97a81aa,0.3333333333333333,1,3,3,
0,0,3.8801543712615967,0,5ab9ccef55429955dce3ed86,0.5,1,3,2,
0,0,3.888604164123535,0,5a72c6565542992359bc31a7,0.0,0,3,5,
0,0,3.8443689346313477,0,5a72908f5542994cef4bc33b,0.2,1,3,5,
0,0,7.649837255477905,1,5a73830d55429908901be2da,0.5,1,6,2,
0,0,6.783939599990845,1,5a7982435542994bb945701f,0.0,0,6,2,
0,0,3.8798067569732666,0,5ae5c8cf554299546bf82f5f,0.0,0,3,3,
0,0,3.854504108428955,0,5ae0132d55429925eb1afc00,0.3333333333333333,1,3,3,
0,0,3.877923011779785,0,5adf9d135542995534e8c817,0.5,2,3,4,
0,0,7.1219470500946045,1,5abbc2245542992ccd8e7f8a,0.0,0,6,3,
0,0,3.8664820194244385,0,5a83c56d5542996488c2e4c3,0.0,0,3,8,
0,0,3.8318912982940674,0,5ab870ed55429934fafe6db9,0.0,0,3,9,
0,0,3.857616901397705,0,5abb76fa5542992ccd8e7f48,0.0,0,3,8,
0,0,3.861013650894165,0,5a7b55bc55429927d897bf98,0.5,2,3,4,
0,0,3.9095799922943115,0,5ae518ae5542993aec5ec13c,0.0,0,3,7,
0,0,3.860933780670166,0,5ac1c18855429964131be279,0.5,1,3,2,
0,0,7.596134424209595,1,5ac199955542994ab5c67d8c,0.0,0,6,6,
0,0,3.8144567012786865,0,5ae27f22554299495565da8d,0.5,2,3,4,
0,0,8.29789662361145,1,5ac2680055429963665199a8,0.0,0,6,5,
0,0,3.914449691772461,0,5ae351405542994393b9e67f,0.0,0,3,4,
0,0,3.8862767219543457,0,5ae1da385542997283cd2297,0.0,0,3,5,
0,0,3.8717870712280273,0,5adc69ef554299438c868daf,0.5,1,3,2,
0,0,3.9006845951080322,0,5a7a954855429941d65f26cd,0.0,0,3,6,
0,0,10.37033748626709,1,5ab9ddaa5542994dbf019873,0.5,1,6,2,
0,0,3.727701425552368,0,5abbdd565542993f40c73bfb,0.0,0,3,4,
0,0,11.0658438205719,2,5a8b544855429950cd6afcae,0.0,0,9,8,
0,0,3.683776378631592,0,5aba480c55429939ce03dc77,0.25,1,3,4,
0,0,3.7047739028930664,0,5a8518a75542994c784ddaf7,0.0,0,3,3,
0,0,3.7093117237091064,0,5a81b43d5542995ce29dcc39,0.0,0,3,5,
0,0,3.741370916366577,0,5a79e3925542994bb9457130,0.5,1,3,2,
0,0,3.74247145652771,0,5adbf34955429947ff173862,0.0,0,3,3,
0,0,3.8789618015289307,0,5ac5275755429924173fb617,0.0,0,3,4,
0,0,3.691826105117798,0,5a77519c55429972597f14fa,0.0,0,3,2,
0,0,3.6527581214904785,0,5a7a05485542990783324def,0.0,0,3,6,
0,0,8.686602592468262,1,5ae3fd195542995dadf2428d,0.3333333333333333,1,6,3,
0,0,3.7607288360595703,0,5ab3b2c4554299233954ff8a,0.0,0,3,7,
0,0,3.710407018661499,0,5a74f7f15542993748c89765,0.25,1,3,4,
0,0,3.676689386367798,0,5abaad5855429901930fa88f,1.0,1,3,1,
0,0,3.6912989616394043,0,5a770eb65542994aec3b71d4,0.5,1,3,2,
0,0,3.7193968296051025,0,5a7a845755429941d65f2684,0.16666666666666666,1,3,6,
0,0,3.684556484222412,0,5ab42b24554299753aec5a43,0.5,1,3,2,
0,0,3.703097343444824,0,5a8141cc55429938b6142316,0.5,1,3,2,
0,0,7.735058307647705,1,5abdb8ba5542993f32c2a015,0.2,1,6,5,
0,0,3.8711347579956055,0,5ab90f5755429934fafe6e57,0.5,1,3,2,
0,0,3.9436142444610596,0,5a8492ab5542992a431d1a5b,0.2,1,3,5,
0,0.029850746268656716,3.898401975631714,0,5a83c3275542996488c2e4be,0.0,0,3,6,
0,0,7.7698516845703125,1,5a8bde565542995d1e6f1454,0.14285714285714285,1,6,7,
0,0.029411764705882353,3.9101409912109375,0,5ac249bd55429951e9e68528,0.0,0,3,4,
0,0,3.9007022380828857,0,5a80f4c2554299260e20a1da,0.3333333333333333,1,3,3,
0,0,3.9319510459899902,0,5ae12fcf5542990adbacf72c,0.5,2,3,4,
0,0,3.871929168701172,0,5a898872554299669944a540,0.6666666666666666,2,3,3,
0,0,3.677114725112915,0,5ade858a55429975fa854eea,1.0,1,3,1,
0,0,3.8734474182128906,0,5a8f54165542992414482a52,0.0,0,3,2,
0,0.038461538461538464,3.6816091537475586,0,5a8b448255429971feec468c,0.0,0,3,3,
0,0.029850746268656716,3.9387238025665283,0,5a8f18d555429918e830d189,0.25,1,3,4,
0,0,3.916130781173706,0,5ae7308d5542991e8301cbb8,0.125,1,3,8,
0,0,4.023315191268921,0,5ae305355542992decbdcdc2,0.3333333333333333,1,3,3,
0,0,7.787060737609863,1,5a8530cc5542992a431d1aeb,0.0,0,6,2,
,,,,5adc459255429944faac24ad,,,,,Ollama request exceeded timeout limit for model stable-qwen with error: timed out
0,0.029850746268656716,3.9099817276000977,0,5a866fed554299211dda2b2e,0.25,1,3,4,
0,0,3.908881664276123,0,5abeafbb5542997ec76fd347,0.25,1,3,4,
0,0,3.90386700630188,0,5ab6391755429953192ad2a7,0.3333333333333333,1,3,3,
0,0,3.886691093444824,0,5a7c68575542996dd594b91c,0.2857142857142857,2,3,7,
0,0,7.714639186859131,1,5ac524e55542994611c8b3d0,0.3333333333333333,1,6,3,
0,0,22.701844215393066,4,5abed6905542990832d3a0ed,0.5,2,15,4,
0,0,3.898966073989868,0,5a7bd791554299683c1c62c2,0.14285714285714285,1,3,7,
0,0,3.9107749462127686,0,5ae75a5a5542991bbc9761f3,0.6666666666666666,2,3,3,
0,0,3.851999282836914,0,5a7741775542994aec3b724f,0.0,0,3,3,
0,0,3.8850278854370117,0,5a80d2c6554299260e20a17c,0.3333333333333333,1,3,3,
0,0,3.8926894664764404,0,5a8a1b7a5542992d82986ec0,0.3333333333333333,1,3,3,
0,0,3.8690073490142822,0,5a8638945542994775f6072d,0.0,0,3,3,
0,0,3.8714029788970947,0,5adc2e3d554299438c868d6b,1.0,1,3,1,
0,0,7.7835533618927,1,5ae5f3bb5542996de7b71a7e,0.5,1,6,2,
0,0,3.9145820140838623,0,5a85d25b5542996432c570ee,0.5,1,3,2,
0,0,15.25708794593811,2,5ab66fd355429954757d32b7,0.8,4,9,5,
0,0,4.071026802062988,0,5a7153d05542994082a3e7dc,0.0,0,3,2,
0,0,4.046971321105957,0,5ae249925542994d89d5b3c1,0.0,0,3,6,
0,0,4.006433486938477,0,5ac170af5542994d76dcce20,0.25,1,3,4,
0,0,4.017688751220703,0,5a80cddd554299260e20a169,0.0,0,3,4,
0,0,3.946476936340332,0,5a89ab1355429946c8d6e996,0.6666666666666666,2,3,3,
0,0,4.0125627517700195,0,5a7319bc5542992359bc3235,0.14285714285714285,1,3,7,
0,0,3.986039161682129,0,5ae638865542992ae0d1628c,0.0,0,3,4,
0,0,4.0627124309539795,0,5a72af155542992359bc316c,0.2,1,3,5,
0,0,4.0192296504974365,0,5abd09585542996e802b469b,0.0,0,3,4,
0,0,4.019258499145508,0,5a71214d5542994082a3e5b9,0.25,2,3,8,
0,0,4.006512403488159,0,5a8a0cb75542992d82986e7d,0.25,1,3,4,
0,0.029411764705882353,6.8788652420043945,1,5a79c7ac5542994bb9457097,0.0,0,6,3,
0,0.028985507246376812,7.9082746505737305,1,5abbc96755429931dba1452c,0.0,0,6,4,
0,0,28.12334704399109,5,5ade664555429939a52fe89c,0.0,0,18,4,
0,0,26.918575048446655,5,5a8a06c35542992d82986e57,0.0,0,18,3,
,,,,5ae2cbc9554299495565db36,,,,,Ollama request exceeded timeout limit for model stable-qwen with error: timed out
0,0,22.96824884414673,5,5abf16965542993fe9a41dd3,0.0,0,18,5,
0,0,20.954660177230835,5,5ab7ccf455429928e1fe3910,0.25,1,18,4,
0,0,25.66766929626465,5,5abd0b685542996583600501,0.2,1,18,5,
0,0.04819277108433734,27.886111974716187,5,5a7fa08d55429969796c1af7,1.0,1,18,1,
0,0,25.843329668045044,5,5a7306a655429901807daf67,0.0,0,18,4,
0,0,25.793434858322144,5,5adce2ee5542992c1e3a2461,0.1111111111111111,1,18,9,
0,0,3.8252451419830322,0,5ab4f7fc5542991779162d43,0.5,2,3,4,
0,0,3.8265926837921143,0,5ae0d3da5542990adbacf66d,0.25,1,3,4,
0,0,3.8178598880767822,0,5a81d19b55429926c1cdad90,0.25,1,3,4,
0,0,3.7823567390441895,0,5ab4fd0b55429942dd415fbb,0.0,0,3,3,
0,0,29.921274662017822,5,5ae5d0b5554299546bf82f80,0.3333333333333333,1,18,3,
0,0,8.174009561538696,1,5a78e9d155429970f5fffdcc,0.3333333333333333,1,6,3,
0,0,3.7827508449554443,0,5a8adc935542992d82986fb0,0.5,2,3,4,
0,0,3.7880189418792725,0,5a8763475542996e4f3087c0,0.3333333333333333,1,3,3,
0,0,4.726725816726685,0,5a8c7232554299585d9e36a6,1.0,2,3,2,
0,0,3.8228580951690674,0,5ac156d05542994ab5c67ce9,0.16666666666666666,1,3,6,
0,0,3.797288179397583,0,5adcc9f35542990d50227d20,0.3333333333333333,1,3,3,
0,0,3.85383677482605,0,5ae1d656554299234fd04322,0.0,0,3,1,
0,0,3.802708387374878,0,5ae788fa55429952e35ea964,0.6666666666666666,2,3,3,
0,0,3.8156344890594482,0,5adf39d45542992d7e9f92e5,0.5,1,3,2,
0,0,3.8001739978790283,0,5ab503db5542990594ba9cc8,1.0,1,3,1,
0,0.03333333333333333,3.799488067626953,0,5ae617285542996de7b71b4c,0.3333333333333333,1,3,3,
0,0,3.788461446762085,0,5aba9e545542994dbf019986,0.16666666666666666,1,3,6,
0,0,3.8217458724975586,0,5a8841195542994846c1ce65,0.0,0,3,2,
0,0,3.7898447513580322,0,5a80b8845542992bc0c4a7de,0.0,0,3,6,
0,0.031746031746031744,3.851184129714966,0,5add92885542990dbb2f7e72,0.0,0,3,5,
0,0,3.762631893157959,0,5a8b595855429949d91db563,0.0,0,3,8,
0,0,3.804572820663452,0,5a88e3cc5542997e5c09a6c2,0.0,0,3,6,
0,0,3.7906272411346436,0,5ac294b955429921a00aafd0,0.6666666666666666,2,3,3,
0,0.03278688524590164,3.7873716354370117,0,5a75fa14554299109176e5dc,0.3333333333333333,1,3,3,
0,0,3.785529613494873,0,5adf88995542993344016cd4,0.0,0,3,10,
0,0,10.442927598953247,2,5ae0850055429945ae959396,0.5,2,9,4,
0,0,3.755371332168579,0,5ae835f25542997ec272776f,0.16666666666666666,1,3,6,
0,0,3.817949056625366,0,5a8d7a8d55429941ae14dfc2,0.5,1,3,2,
0,0,3.8258438110351562,0,5a8555ea5542992a431d1b07,0.0,0,3,4,
0,0,3.791779041290283,0,5a7a8d15554299042af8f669,0.0,0,3,4,
,,,,5a7bcbc8554299294a54aae2,,,,,Ollama request exceeded timeout limit for model stable-qwen with error: timed out
0,0,3.7993104457855225,0,5a84807d554299123d8c2278,0.25,1,3,4,
0,0,3.7940077781677246,0,5a7a030c5542996a35c17077,0.0,0,3,4,
0,0,3.7897167205810547,0,5ae1388e5542997b2ef7d13a,0.3333333333333333,1,3,3,
0,0.03389830508474576,3.826544761657715,0,5ae5a4e5554299546bf82f01,0.0,0,3,2,
0,0,3.7825543880462646,0,5a87c19a5542994846c1cde6,0.5,1,3,2,
0,0,3.7856829166412354,0,5a74af7e55429916b01641d2,0.25,1,3,4,
0,0,3.8065173625946045,0,5a7c8ae855429935c91b5207,0.0,0,3,4,
0,0.03225806451612903,3.801466226577759,0,5ab808b85542991d3222380d,0.2857142857142857,2,3,7,
0,0,3.7901337146759033,0,5a7d158155429909bec76947,0.0,0,3,8,
0,0,3.7963621616363525,0,5abad70d5542996606241631,0.0,0,3,5,
0,0,3.7486014366149902,0,5a75092b55429916b0164242,0.0,0,3,6,
0,0.03278688524590164,3.7932121753692627,0,5ae7766455429952e35ea920,0.25,1,3,4,
0,0,3.749654769897461,0,5a840e395542992ef85e239d,0.25,1,3,4,
0,0,3.7237937450408936,0,5ac023045542996f0d89cb32,0.0,0,3,1,
0,0,3.726562976837158,0,5ac0b6b15542996f0d89cc1e,0.3333333333333333,1,3,3,
0,0,3.807504653930664,0,5a7b24fe55429931da12c9f7,0.3333333333333333,1,3,3,
0,0,3.8025288581848145,0,5abf8ae85542990832d3a14b,0.0,0,3,1,
0,0,3.7500123977661133,0,5a77e2095542995d8318131d,0.0,0,3,3,
0,0,3.79655385017395,0,5a775f615542993735360250,0.125,1,3,8,
0,0,3.800133228302002,0,5ade15a45542997545bbbe46,0.3333333333333333,1,3,3,
0,0,3.823146104812622,0,5abf2e605542993fe9a41de4,0.0,0,3,6,
0,0,3.7517447471618652,0,5ab5744e554299494045efdf,1.0,1,3,1,
0,0,3.7361257076263428,0,5a7c6d98554299683c1c6304,0.25,1,3,4,
0,0,3.7963016033172607,0,5ab864945542990e739ec8e1,0.0,0,3,5,
0,0,3.779541015625,0,5adcb4ae5542994734353774,0.16666666666666666,1,3,6,
0,0,3.7880187034606934,0,5a8675b1554299211dda2b44,0.0,0,3,1,
0,0,3.7762680053710938,0,5ac11201554299294b21908c,0.16666666666666666,1,3,6,
0,0,3.8113465309143066,0,5ae663b05542992ae0d16316,0.25,1,3,4,
0,0,3.802748680114746,0,5a9057795542990a984935f7,0.0,0,3,8,
0,0,3.832343101501465,0,5a8d0e4e5542994ba4e3dbbf,0.5,2,3,4,
0,0,9.633382320404053,1,5ab4313a554299233955004c,0.16666666666666666,1,6,6,
0,0,3.723529815673828,0,5abaee665542992ccd8e7e5f,0.0,0,3,7,
0,0,3.797456741333008,0,5ae16b925542997b2ef7d1e7,0.0,0,3,4,
0,0,3.7431480884552,0,5a7faa215542995d8a8ddee8,0.0,0,3,8,
0,0,3.807417392730713,0,5a8add4c5542992d82986fb4,0.0,0,3,2,
0,0,3.7608234882354736,0,5ab9ba6855429970cfb8eb87,0.5,1,3,2,
0,0,3.741974115371704,0,5abb7ea4554299642a094a96,0.0,0,3,3,
0,0,3.7387571334838867,0,5ab94cca554299753720f7dd,0.3333333333333333,1,3,3,
0,0,11.15071439743042,1,5a83438955429966c78a6b61,0.3333333333333333,1,6,3,
0,0,3.732602834701538,0,5a7dff595542997cc2c474eb,0.0,0,3,4,
0,0,3.7724545001983643,0,5ac401bb55429919431738f4,0.2,1,3,5,
0,0,3.731578826904297,0,5a77846f5542995d83181187,0.0,0,3,2,
0,0,3.7066566944122314,0,5aba6d4b5542994dbf019906,0.0,0,3,2,
0,0,3.793888568878174,0,5a7da0915542990b8f5039d4,0.2,1,3,5,
0,0,3.7802529335021973,0,5a7499eb55429929fddd8470,0.0,0,3,2,
0,0,3.7610628604888916,0,5a7331705542991f9a20c67a,0.5,1,3,2,
0,0.0625,3.803021192550659,0,5a7d7d895542995f4f402281,0.0,0,3,2,
0,0,12.033452272415161,2,5a873ec75542996432c57244,0.1111111111111111,1,9,9,
0,0,6.893937587738037,1,5adf3ab95542992d7e9f92f3,0.4,2,6,5,
0,0,3.7938482761383057,0,5aba85335542994dbf01992d,0.25,1,3,4,
0,0,7.542297124862671,1,5adbe1c5554299438c868cc4,0.16666666666666666,1,6,6,
0,0,10.006473541259766,1,5abd6a7455429933744ab7c5,0.0,0,6,8,
0,0,3.815073013305664,0,5adec62a55429975fa854f89,0.125,1,3,8,
0,0,3.8134515285491943,0,5abcf5ec55429959677d6b76,0.0,0,3,7,
0,0,3.7624452114105225,0,5a80a7f6554299485f598680,1.0,1,3,1,
0,0.06060606060606061,3.7532482147216797,0,5ab281ec554299449642c8d1,0.5,1,3,2,
0,0,3.8079588413238525,0,5a7643675542994ccc918747,1.0,1,3,1,
0,0,3.8188133239746094,0,5a88696b554299206df2b25b,0.125,1,3,8,
0,0,8.83266830444336,1,5a712af15542994082a3e614,0.0,0,6,5,
0,0,3.7827391624450684,0,5a7b43735542992d025e67cb,0.16666666666666666,1,3,6,
0,0,3.76218581199646,0,5ac25fa955429951e9e6858c,0.0,0,3,6,
0,0,3.796895742416382,0,5a8077ca5542992bc0c4a729,0.0,0,3,9,
0,0,3.7688724994659424,0,5ac397fe554299218029dbe2,0.1111111111111111,1,3,9,
0,0,3.807159662246704,0,5ab9aed855429970cfb8eb6d,0.0,0,3,4,
0,0,3.789618968963623,0,5ac23f9555429951e9e684db,0.0,0,3,8,
0,0,3.78761887550354,0,5ae76c625542997ec272763e,1.0,1,3,1,
0,0,3.7401442527770996,0,5ac3e0ab554299204fd21eae,0.0,0,3,5,
0,0,3.8162763118743896,0,5a8e69565542990e94052afb,0.0,0,3,5,
0,0,16.235823392868042,3,5ae65c925542992ae0d162f9,0.0,0,12,5,
0,0,37.36167788505554,5,5a9068f85542990a98493623,0.0,0,18,3,
0,0,3.7874743938446045,0,5ae238375542994d89d5b39a,0.0,0,3,7,
0,0.03225806451612903,3.790085554122925,0,5a80e4b255429938b6142239,0.0,0,3,6,
0,0,3.7920727729797363,0,5a8e40f65542995a26add498,0.0,0,3,7,
0,0,10.145310163497925,1,5a7e1cad55429965cec5ea75,0.0,0,6,9,
0,0,3.786600112915039,0,5a7560585542992d0ec05f76,0.0,0,3,3,
0,0.05797101449275363,3.7611818313598633,0,5ae35e8c5542990afbd1e120,0.0,0,3,4,
0,0,3.816286325454712,0,5a8210f355429926c1cdae24,0.25,1,3,4,
0,0.03448275862068965,8.231110334396362,1,5a868ca055429960ec39b6be,1.0,1,6,1,
0,0,3.7950568199157715,0,5abdaa0f55429965af743dad,0.0,0,3,3,
0,0,7.535050630569458,1,5ae0613d5542993d6555eb22,0.25,1,6,4,
0,0,3.8228046894073486,0,5add3b035542997545bbbcce,0.1,1,3,10,
0,0,3.8075649738311768,0,5a85db6e5542994c784ddb96,0.0,0,3,1,
0,0,8.26980209350586,1,5a7a88e455429941d65f268c,0.1111111111111111,1,6,9,
0,0,3.794476270675659,0,5a8b120755429949d91db4a4,0.0,0,3,6,
0,0,3.8049004077911377,0,5ac4f9dc55429924173fb533,0.0,0,3,5,
0,0,3.796430826187134,0,5a8eb51655429917b4a5bdb5,0.3333333333333333,1,3,3,
0,0,3.7663087844848633,0,5ae446fc5542995ad6573d24,0.25,1,3,4,
0,0,3.789950132369995,0,5a905d085542995651fb5147,0.25,1,3,4,
0,0,3.8162789344787598,0,5a8327fd5542990548d0b1a3,0.3333333333333333,1,3,3,
0,0,3.791015148162842,0,5a80522b5542996402f6a4c1,0.3333333333333333,1,3,3,
0,0,3.773090124130249,0,5ab67c3f55429954757d32f9,0.25,1,3,4,
0,0,3.7829642295837402,0,5a7da0de5542990b8f5039d7,0.25,1,3,4,
0,0,3.770376205444336,0,5ae2295c554299495565da13,0.0,0,3,6,
0,0,3.806770086288452,0,5adf24155542992d7e9f92af,0.5,1,3,2,
0,0,3.8163955211639404,0,5ab2a54b554299295394678e,0.2857142857142857,2,3,7,
0,0,3.85779070854187,0,5a7f85505542995d8a8dde95,0.0,0,3,5,
0,0,13.929170370101929,1,5ae60ea9554299546bf8304e,0.2,1,6,5,
0,0,3.821974992752075,0,5a77253455429972597f1449,0.3333333333333333,1,3,3,
0,0,3.8205406665802,0,5abaee845542996606241696,1.0,1,3,1,
0,0,3.908203363418579,0,5ac13e195542994ab5c67cc5,0.0,0,3,5,
0,0,3.8005619049072266,0,5a7e283655429965cec5eaab,0.0,0,3,17,
0,0,3.8078887462615967,0,5a8baf4b5542996e8ac889c5,0.0,0,3,3,
0,0.03389830508474576,3.8201963901519775,0,5ae5b99a5542993aec5ec1ce,0.25,1,3,4,
0,0,7.598778247833252,1,5abf08985542997719eab625,0.6666666666666666,2,6,3,
0,0,3.8138930797576904,0,5a8bb7f95542996e8ac889ff,0.5,1,3,2,
0,0,3.7662160396575928,0,5a7b1a225542992d025e6770,0.1111111111111111,1,3,9,
0,0.031746031746031744,3.7519397735595703,0,5ac0d5cf554299294b219026,0.5,1,3,2,
0,0,6.931040287017822,1,5a8a756555429970aeb702f2,0.2,1,6,5,
0,0,3.8090193271636963,0,5a77b5c255429967ab10523c,0.25,1,3,4,
0,0,9.015922546386719,1,5ab6c5be55429954757d336c,0.0,0,3,4,
0,0,3.813535213470459,0,5a78f26055429970f5fffdeb,1.0,1,3,1,
0,0,3.955873489379883,0,5ae5e8c85542996de7b71a69,0.0,0,3,7,
0,0,4.006434202194214,0,5adf27775542993344016c00,0.2,1,3,5,
0,0.029411764705882353,3.9244372844696045,0,5ade450b5542997c77adedc5,0.0,0,3,10,
0,0,3.8873140811920166,0,5abbcba05542992ccd8e7fa3,0.6666666666666666,2,3,3,
0,0,3.9291179180145264,0,5a75a0725542992d0ec05fc9,0.25,1,3,4,
0,0,3.9038920402526855,0,5ac2a23a55429967731025cc,0.3333333333333333,1,3,3,
0,0,3.8840293884277344,0,5a7b66135542997c3ec97145,0.3333333333333333,1,3,3,
0,0,3.846330404281616,0,5a72a9ac5542991f9a20c55f,0.14285714285714285,1,3,7,
0,0,3.955981731414795,0,5ae0819155429924de1b70ea,0.0,0,3,4,
0,0,3.8771066665649414,0,5ab7ee895542995dae37e9f6,0.3333333333333333,1,3,3,
0,0,3.904959201812744,0,5a8f791c5542992414482ad9,0.5,1,3,2,
0,0,3.8348922729492188,0,5a712e895542994082a3e636,0.3333333333333333,1,3,3,
0,0,3.912477731704712,0,5a8398405542993344746050,0.0,0,3,3,
0,0,3.882366418838501,0,5ab5e8935542997d4ad1f23b,0.3333333333333333,1,3,3,
0,0.03225806451612903,3.9315896034240723,0,5ae74818554299572ea547ad,0.3333333333333333,1,3,3,
0,0,3.872957468032837,0,5a739323554299623ed4abff,0.6,3,3,5,
0,0,3.934295415878296,0,5abc7bf75542993a06baf8f0,0.3333333333333333,1,3,3,
0,0,20.259937047958374,3,5a72125055429971e9dc9241,0.25,1,12,4,
0,0,3.842031717300415,0,5a7e1a5455429965cec5ea5f,0.2,1,3,5,
0,0,3.7687175273895264,0,5ab576c4554299637185c5a4,0.0,0,3,4,
0,0,73.87427306175232,5,5a8466a75542993344746108,1.0,2,18,2,
0,0,27.024337768554688,5,5a75f32055429976ec32bcb7,0.0,0,18,7,
0,0,27.543793439865112,5,5a8762205542996e4f3087b8,0.25,1,18,4,
0,0,27.387337923049927,5,5ac1d4ad5542994d76dccef7,1.0,1,18,1,
0,0,27.502002477645874,5,5a7150c75542994082a3e7be,0.0,0,18,4,
0,0,27.01577877998352,5,5a9072dd5542990a98493656,0.25,1,18,4,
0,0,8.660218715667725,1,5a8d0be85542994ba4e3dbb2,0.14285714285714285,1,6,7,
0,0,4.008670330047607,0,5a7f924c55429969796c1aba,0.3333333333333333,1,3,3,
0,0,4.015553712844849,0,5adca5eb5542994d58a2f693,0.0,0,3,9,
0,0,3.997812509536743,0,5a77474855429972597f14e4,0.0,0,3,4,
0,0,4.007222414016724,0,5a86edcc55429960ec39b6da,0.0,0,3,7,
0,0,8.676040887832642,1,5a80762a5542996402f6a536,0.0,0,6,10,
0,0,4.012142181396484,0,5a8bf6cf5542995e66a47525,0.0,0,3,7,
0,0,4.048654079437256,0,5ae6545f5542991bbc9760c2,0.0,0,3,4,
0,0,4.002779245376587,0,5a736aa95542991f29ee2dfa,0.1111111111111111,1,3,9,
0,0.028169014084507043,3.99109148979187,0,5abeb1925542994516f453f0,0.2,1,3,5,
0,0,4.036090135574341,0,5a8b5b1c5542995d1e6f1387,0.2,1,3,5,
0,0,4.01777982711792,0,5adf076f5542992d7e9f9277,0.0,0,3,7,
0,0,4.006941556930542,0,5abc091555429965836003f6,0.6666666666666666,2,3,3,
0,0,4.047417402267456,0,5a7f95685542995d8a8ddeaa,0.3333333333333333,1,3,3,
0,0,4.011121511459351,0,5ab8903555429916710eb08e,0.5,1,3,2,
0,0,4.055570602416992,0,5ae454355542996836b02c77,0.0,0,3,6,
0,0,4.024640321731567,0,5abc095c5542993f40c73c5d,0.2,1,3,5,
0,0,4.051875352859497,0,5ade9545554299728e26c741,0.0,0,3,3,
0,0,4.075314283370972,0,5ab8179f5542990e739ec817,0.3333333333333333,1,3,3,
0,0,4.049708366394043,0,5ae01fcf554299025d62a411,0.2,1,3,5,
0,0,4.006587266921997,0,5ac1b8cd55429963665198fc,0.3333333333333333,1,3,3,
0,0,4.017390966415405,0,5a83d0845542996488c2e4e6,0.0,0,3,3,
0,0,4.016180753707886,0,5ae72b96554299572ea5474e,0.0,0,3,2,
0,0,4.100347280502319,0,5ae4d15255429908b6326483,0.0,0,3,5,
0,0,4.028912782669067,0,5a7d2aa05542995f4f40221f,0.16666666666666666,1,3,6,
0,0,4.005306243896484,0,5a906c795542990a98493640,0.5,2,3,4,
0,0,4.029841661453247,0,5ade914b55429939a52fe8f9,0.125,2,3,16,
0,0,4.032716989517212,0,5aba6f3e55429955dce3ee21,0.0,0,3,5,
0,0,3.993819236755371,0,5a8dad37554299068b959d94,0.0,0,3,6,
0,0,4.011495113372803,0,5ae00de055429906c02daab5,0.0,0,3,3,
0,0,4.020078182220459,0,5aba902455429901930fa834,0.14285714285714285,1,3,7,
0,0,4.0166544914245605,0,5adea83b55429975fa854f53,0.0,0,3,4,
0,0,4.058448791503906,0,5abbe4c0554299642a094bc0,0.3333333333333333,1,3,3,
0,0,4.030593395233154,0,5a893f305542993b751ca91e,0.2,1,3,5,
0,0,3.9609124660491943,0,5abef8fd5542990832d3a111,0.5,1,3,2,
0,0,4.045511722564697,0,5adfc9a555429906c02daa42,0.0,0,3,4,
0,0,6.833049297332764,1,5ae7954b554299540e5a5620,1.0,2,6,2,
0,0,3.998908281326294,0,5abcf9d155429959677d6b90,0.75,3,3,4,
0,0,3.9983971118927,0,5adc91865542994ed6169b93,0.1111111111111111,1,3,9,
0,0,4.0102550983428955,0,5ab78a445542992aa3b8c826,0.0,0,3,9,
0,0,4.01662015914917,0,5a727e1b5542991f9a20c497,0.0,0,3,4,
0,0.0273972602739726,4.044901609420776,0,5a7261635542997f8278398a,0.0,0,3,5,
0,0,3.9809322357177734,0,5ac560235542993e66e82396,1.0,1,3,1,
0,0,4.007174968719482,0,5a7cb9985542990527d55514,1.0,1,3,1,
0,0,4.0578453540802,0,5a7f725355429969796c1a55,0.25,1,3,4,
0,0,4.027833461761475,0,5a8dfae55542995085b3736b,0.0,0,3,5,
0,0,4.062835454940796,0,5adf86355542993344016cbd,0.0,0,3,6,
0,0,4.047976016998291,0,5a7dc7735542990b8f503a93,0.0,0,3,3,
0,0,4.045973300933838,0,5a83a31c554299123d8c2179,0.3333333333333333,1,3,3,
0,0,4.00724720954895,0,5a8d64305542994ba4e3dc80,0.5,2,3,4,
0,0,4.026350975036621,0,5a733d5d5542991f29ee2d71,0.0,0,3,4,
0,0,4.0810546875,0,5ae3f1fb5542995ad6573cc1,0.0,0,3,4,
0,0,4.044401407241821,0,5ab2e3a35542991669774124,0.3333333333333333,1,3,3,
0,0,4.027531385421753,0,5ac3e80b554299076e296ccd,0.5,1,3,2,
0,0,4.025140285491943,0,5ac002705542996f0d89cb05,0.3333333333333333,1,3,3,
0,0,4.0390424728393555,0,5a7df5635542990b8f503b0a,0.0,0,3,1,
0,0,4.023417949676514,0,5adfe0de55429925eb1afae9,0.6666666666666666,2,3,3,
0,0,3.9887290000915527,0,5ab83bd055429919ba4e2279,0.0,0,3,5,
0,0,8.038695335388184,1,5a8fb3af5542997ba9cb32ee,0.5,1,6,2,
0,0,4.032395124435425,0,5ae7ff745542994a481bbe6e,0.14285714285714285,1,3,7,
0,0,4.037933111190796,0,5ae394e05542990afbd1e18d,0.0,0,3,7,
0,0,17.56723117828369,3,5adf3a4f5542992d7e9f92ec,0.25,1,12,4,
0,0.03278688524590164,3.8372550010681152,0,5ae826675542997ec2727733,1.0,2,3,2,
0,0,3.846513509750366,0,5a8c72545542995e66a475f3,0.5,2,3,4,
0,0,3.8708035945892334,0,5ae5d06a55429929b08079b4,0.0,0,3,6,
0,0,3.8387656211853027,0,5a7bbcd65542997c3ec97268,1.0,1,3,1,
0,0,3.8848166465759277,0,5ae32ce75542992f92d8223d,1.0,2,3,2,
0,0,3.8546504974365234,0,5a8cc8c2554299441c6b9efc,0.0,0,3,10,
0,0,6.731813192367554,1,5a847e805542993344746140,1.0,2,6,2,
0,0,3.8355553150177,0,5a77a7db5542995d8318124d,0.3333333333333333,1,3,3,
0,0,3.805510997772217,0,5a74639a55429929fddd8404,0.6666666666666666,2,3,3,
0,0,3.841115713119507,0,5a713fb15542994082a3e6f0,0.0,0,3,7,
0,0,3.884186267852783,0,5ab9d13455429939ce03dc31,0.4,2,3,5,
0,0,3.8114066123962402,0,5a8986fd55429938390d4046,0.2,1,3,5,
0,0.03278688524590164,3.8683929443359375,0,5a89e1bf5542992e4fca8433,0.3333333333333333,1,3,3,
0,0,3.848365306854248,0,5adce88b5542992c1e3a249a,0.2,1,3,5,
0,0,3.8851118087768555,0,5a724a2b5542990c210a40bc,0.0,0,3,3,
0,0,3.8805158138275146,0,5ae54b4f5542990ba0bbb261,0.0,0,3,3,
0,0,3.8271188735961914,0,5a77c3d55542995d831812af,0.25,1,3,4,
0,0,10.050999402999878,1,5abaa8b355429901930fa87f,0.0,0,6,7,
0,0,4.024409055709839,0,5a716ec85542994082a3e82d,0.0,0,3,5,
0,0,3.894259452819824,0,5a8456ef5542990548d0b289,0.0,0,3,6,
0,0,3.994460105895996,0,5ac5382c5542996feb3fea43,0.0,0,3,5,
0,0,4.037559509277344,0,5add95035542990dbb2f7e77,0.3333333333333333,1,3,3,
0,0,4.014230728149414,0,5a7a567255429941d65f25bd,0.3333333333333333,1,3,3,
0,0,4.04297661781311,0,5adea0c5554299728e26c776,0.2,1,3,5,
0,0,3.9836721420288086,0,5add38355542990dbb2f7dd0,0.3333333333333333,1,3,3,
0,0,7.914942502975464,1,5ae0af5555429945ae95941e,0.25,1,6,4,
0,0,3.829005002975464,0,5a802ff25542992bc0c4a6d2,1.0,1,3,1,
0,0,3.88046932220459,0,5adf099a5542992d7e9f927f,0.0,0,3,5,
0,0,3.8401365280151367,0,5abbf7d755429931dba145eb,0.25,1,3,4,
0,0,3.802340269088745,0,5a8f7a135542992414482adc,0.4,2,3,5,
0,0,3.9044737815856934,0,5ab3bcc55542992ade7c6e66,0.5,1,3,2,
0,0,3.855165958404541,0,5ae3c5535542991a06ce9a20,0.2,2,3,10,
0,0,3.8892123699188232,0,5ae2098e5542997f29b3c21b,0.0,0,3,4,
0,0,3.8325746059417725,0,5ab849d955429916710eb017,0.3333333333333333,1,3,3,
0,0,3.839676856994629,0,5a82bc7455429940e5e1a926,0.5,1,3,2,
0,0,3.838514804840088,0,5ac5484d5542994611c8b48d,0.0,0,3,1,
0,0,3.8506057262420654,0,5a89432b554299669944a519,0.2,1,3,5,
0,0,3.806382417678833,0,5a8f077b554299458435d526,0.2,1,3,5,
0,0,3.841444492340088,0,5a80735b554299485f5985f3,0.2,1,3,5,
0,0,3.8435308933258057,0,5adcceda5542990d50227d31,0.3333333333333333,1,3,3,
0,0,3.8533124923706055,0,5a8bd9c95542997f31a41de2,0.0,0,3,15,
0,0,3.849637508392334,0,5ae08a0455429924de1b70fc,0.0,0,3,1,
0,0,7.692850112915039,1,5a8b3f8a5542995d1e6f131f,0.5,1,6,2,
,,,,5a8d5f16554299585d9e37c5,,,,,Ollama request exceeded timeout limit for model stable-qwen with error: timed out
0,0,3.8375985622406006,0,5ae37e525542992e3233c42d,0.3333333333333333,1,3,3,
0,0,3.880666732788086,0,5ab973b35542996be20204fd,0.5,2,3,4,
0,0,3.9075474739074707,0,5ab7c3df5542993667794003,0.0,0,3,3,
0,0,3.876516819000244,0,5ade8802554299728e26c72d,1.0,2,3,2,
0,0.0967741935483871,12.519779443740845,2,5ae4ea2a5542993aec5ec0ee,0.5,1,9,2,
0,0,3.917964220046997,0,5abd44d955429933744ab760,0.2,1,3,5,
0,0,3.8970859050750732,0,5a75e62f5542992d0ec06013,0.0,0,3,2,
0,0,3.851534366607666,0,5ac173295542994ab5c67d45,0.3333333333333333,1,3,3,
0,0,8.691676616668701,1,5ac1ff2255429964131be2b3,0.14285714285714285,1,6,7,
0,0,3.8692493438720703,0,5a8838635542997e5c09a5a9,0.0,0,3,4,
0,0,3.909815549850464,0,5a7e3a3f5542995ed0d166dd,0.25,1,3,4,
0,0,3.8756682872772217,0,5a771de05542993569682cc8,0.3333333333333333,1,3,3,
0,0,8.353815078735352,1,5ab6bae95542995eadef0086,0.0,0,6,3,
0,0,9.569087266921997,1,5ac46bb05542991943173983,0.2,1,6,5,
0,0.03278688524590164,3.9224836826324463,0,5ae7ed9555429952e35ea9e6,0.3333333333333333,1,3,3,
0,0,8.438154458999634,1,5ac18b585542994ab5c67d76,0.0,0,6,1,
0,0,3.9044981002807617,0,5a8e296f554299068b959e71,1.0,2,3,2,
0,0,11.422160387039185,1,5a848eff5542990548d0b2cd,0.3333333333333333,1,6,3,
0,0,3.922133445739746,0,5ae1d4e75542997f29b3c143,0.0,0,3,3,
0,0,3.9304988384246826,0,5ae0f97a5542997b2ef7d0c1,0.5,2,3,4,
0,0,3.8554277420043945,0,5a7e14505542995ed0d16685,0.0,0,3,6,
0,0,3.8483006954193115,0,5a8e36835542995085b373e2,0.0,0,3,6,
0,0,3.8608646392822266,0,5ae63e3255429929b0807aff,0.0,0,3,4,
0,0.03333333333333333,13.544698238372803,2,5adcfe5f5542992c1e3a24f0,0.3333333333333333,1,9,3,
0,0,3.9021241664886475,0,5ac4f2e755429924173fb503,1.0,1,3,1,
0,0,8.954466104507446,1,5adf50c05542992d7e9f931e,0.0,0,6,3,
0,0,8.23633623123169,1,5ae5b971554299546bf82f3a,0.16666666666666666,1,6,6,
0,0,3.863170623779297,0,5abbdc3f55429931dba145af,0.0,0,3,5,
0,0,8.290728569030762,1,5ab71f7d554299110f219ab9,0.0,0,6,3,
0,0,3.8895184993743896,0,5ae527945542993aec5ec167,0.0,0,3,4,
0,0,3.888404607772827,0,5ae3ac665542994393b9e73f,0.25,1,3,4,
0,0,3.8541247844696045,0,5aba943c554299232ef4a33e,0.25,1,3,4,
0,0,3.9347751140594482,0,5a7fb1b25542992097ad2fb2,0.0,0,3,5,
0,0,3.880061388015747,0,5ae47df15542996836b02cba,0.5,1,3,2,
0,0.02898550724637681,3.8683395385742188,0,5adbfaa655429947ff173888,0.5,1,3,2,
0,0,8.405264377593994,1,5a7cffb755429907fabef09f,0.16666666666666666,1,6,6,
0,0,13.569127798080444,2,5a73354f5542991f9a20c687,0.0,0,6,3,
0,0,8.387609481811523,1,5ae33fa95542990afbd1e0f2,0.5,1,6,2,
0,0,3.8702080249786377,0,5a835c895542993344746009,0.0,0,3,8,
0,0,27.770111322402954,5,5a776fc15542997042120a3a,0.0,0,18,3,
0,0,4.366567611694336,0,5adf04c95542993a75d263d5,0.0,0,3,6,
0,0,3.840524911880493,0,5a84a8ce5542997175ce1f1c,0.375,3,3,8,
0,0,3.8468897342681885,0,5a75eda35542994ccc918661,0.0,0,3,6,
0,0,8.244712352752686,1,5adf33965542993344016c20,0.2,1,6,5,
0,0,3.847609519958496,0,5ae5eb0d554299546bf82fd2,0.3333333333333333,1,3,3,
0,0,8.264750719070435,1,5a8603f655429960ec39b601,0.0,0,6,7,
0,0.03333333333333333,3.8308351039886475,0,5add4dd35542992ae4cec507,0.3333333333333333,1,3,3,
0,0,8.40541386604309,1,5a7d109855429909bec7692f,0.5,1,6,2,
0,0,3.811069965362549,0,5a7a37b85542996c55b2dd3f,0.0,0,3,5,
0,0.023809523809523808,105.00782346725464,5,5a824858554299676cceb247,0.5,2,18,4,
0,0,25.94124746322632,5,5ac538025542996feb3fea41,0.25,1,18,4,
0,0,7.055287599563599,1,5ac44629554299194317395d,0.6666666666666666,2,6,3,
0,0.03333333333333333,3.8715901374816895,0,5a778a3b5542992a6e59dec7,1.0,1,3,1,
0,0,3.821852445602417,0,5a7a36e65542990198eaf0ea,0.0,0,3,2,
0,0,3.873401403427124,0,5a7c084d5542997c3ec972c8,0.16666666666666666,1,3,6,
0,0,3.851292133331299,0,5a80c79155429938b61421da,0.0,0,3,6,
0,0,3.85947847366333,0,5a85fe2f5542996432c57165,0.0,0,3,2,
0,0,3.812130928039551,0,5a77174f55429966f1a36c4c,0.5,2,3,4,
0,0,3.820162057876587,0,5a8d7edc55429941ae14dfdc,0.0,0,3,2,
0,0,6.642628908157349,1,5a74f8bd5542993748c8976a,0.0,0,6,5,
0,0,10.655140399932861,1,5a7aa0a55542990198eaf165,0.16666666666666666,1,6,6,
0,0,3.8522558212280273,0,5adbf43655429947ff173864,0.0,0,3,1,
0,0,3.897657632827759,0,5ab64285554299637185c67c,0.2,1,3,5,
0,0,3.836768388748169,0,5a713f3c5542994082a3e6eb,0.2,1,3,5,
0,0,3.866018533706665,0,5ac50dd05542994611c8b343,0.0,0,3,2,
0,0,3.8156867027282715,0,5ae1500655429920d52343cc,0.5,1,3,2,
0,0,8.263432741165161,1,5a80993d5542996402f6a589,0.0,0,6,10,
0,0,3.85244083404541,0,5add3ccc5542997545bbbce5,0.0,0,3,4,
0,0,8.501559734344482,1,5ac34ed0554299741d48a248,0.3333333333333333,2,6,6,
0,0,3.853191375732422,0,5a8634fe554299211dda2aac,0.2,1,3,5,
0,0,6.561169147491455,1,5adf34955542993a75d26423,0.0,0,6,4,
0,0,8.337279558181763,1,5ae3f4fe5542995ad6573ce8,0.3333333333333333,1,6,3,
0,0,6.825274229049683,1,5abd1daa55429933744ab72e,1.0,2,6,2,
0,0,3.8303909301757812,0,5a73b2fd55429978a71e907f,0.14285714285714285,1,3,7,
0,0,3.8284263610839844,0,5a7d3cbb5542995f4f402243,0.25,1,3,4,
0,0,3.876298666000366,0,5a773d8955429966f1a36cc4,0.4,2,3,5,
0,0,30.806580305099487,3,5a8d0940554299585d9e379e,0.1,1,12,10,
0,0.032258064516129024,3.8946938514709473,0,5ac160af5542994d76dccdfa,0.18181818181818182,2,3,11,
0,0,3.8239152431488037,0,5ab6cebd55429954757d3378,0.25,1,3,4,
0,0.03389830508474576,3.840588331222534,0,5ab5f9a0554299488d4d9a6d,0.0,0,3,3,
0,0,8.331693172454834,1,5a801f215542992bc0c4a6b2,0.0,0,6,1,
0,0,3.8492393493652344,0,5ae72fc5554299572ea54770,0.0,0,3,3,
0,0.06557377049180327,3.8414218425750732,0,5a83eaae55429933447460b4,0.4,2,3,5,
0,0,3.908695697784424,0,5a7b3d565542992d025e67b6,0.0,0,3,4,
0,0.03389830508474576,6.573870658874512,1,5a7f244255429934daa2fcec,0.0,0,6,5,
0,0,3.85793137550354,0,5a8ac0595542992d82986f6c,0.2,1,3,5,
0,0,14.322635173797607,3,5ac3044f5542990b17b154dc,1.0,2,12,2,
0,0,13.321218729019165,2,5ac23f5655429951e9e684d9,0.5,1,9,2,
0,0,3.8391575813293457,0,5adbe0df554299438c868cc0,0.6666666666666666,2,3,3,
0,0,3.8601174354553223,0,5a7dcdea5542990b8f503abc,0.5,1,3,2,
0,0,4.113059043884277,0,5a72b8de5542994cef4bc3df,0.2,1,3,5,
0,0.03333333333333333,3.8121044635772705,0,5a7c2819554299683c1c62db,0.0,0,3,3,
0,0,3.8361282348632812,0,5a7da6cb5542990b8f5039ff,0.25,1,3,4,
0,0,12.69978380203247,2,5ae7909f5542994a481bbda6,0.3333333333333333,1,9,3,
0,0,3.829159736633301,0,5ab465095542991751b4d75a,0.3333333333333333,1,3,3,
0,0,12.252540826797485,2,5abda4dd55429965af743d95,0.25,1,9,4,
0,0.03389830508474576,11.256742715835571,1,5a75d8a3554299109176e5a6,0.25,1,6,4,
0,0,3.83650541305542,0,5abe91895542993f32c2a168,0.0,0,3,2,
0,0,14.757373809814453,3,5ac5188255429924173fb5a3,0.0,0,12,7,
0,0,3.8762919902801514,0,5ae531ee5542990ba0bbb1ff,0.0,0,3,9,
0,0.024390243902439022,4.6903486251831055,0,5ab804305542995dae37ea14,0.0,0,3,7,
0,0,3.8585400581359863,0,5ac4da3b554299076e296e17,0.0,0,3,5,
0,0,3.797487735748291,0,5ae75eb45542991bbc976201,0.0,0,3,2,
0,0,26.2150297164917,5,5ae5be475542990ba0bbb2c6,0.09090909090909091,1,18,11,
0,0.03389830508474576,8.333929777145386,1,5ab8111c5542991d3222382b,0.3333333333333333,1,6,3,
0,0,3.8705341815948486,0,5ac3dfb15542995c82c4ac71,0.3333333333333333,1,3,3,
0,0,3.871678352355957,0,5ae4a2e25542996836b02cee,0.07142857142857142,1,3,14,
0,0,3.864241600036621,0,5a8f799d55429918e830d22d,0.0,0,3,2,
0,0,3.8355844020843506,0,5ac2ea1a5542990b17b154a1,0.25,1,3,4,
0,0,3.832270860671997,0,5a88e2f35542993b751ca8ad,0.0,0,3,4,
0,0,3.8231706619262695,0,5ae55d1e55429960a22e02cb,0.4,2,3,5,
0,0,26.305848598480225,5,5a8d263f554299653c1aa139,0.0,0,18,9,
0,0,3.8781094551086426,0,5ae3606b5542991a06ce99a8,0.3333333333333333,1,3,3,
0,0,3.882258892059326,0,5adefdd75542995ec70e8f4e,0.3333333333333333,1,3,3,
0,0,3.8351945877075195,0,5a734acf5542991f9a20c6ec,0.3333333333333333,1,3,3,
0,0.03389830508474576,3.8126418590545654,0,5a8750945542996432c57264,0.0,0,3,7,
0,0,3.795628070831299,0,5ab1cdf8554299722f9b4c84,0.75,3,3,4,
0,0,4.453459978103638,0,5adf490a5542993a75d26488,0.0,0,3,5,
0,0,4.4363791942596436,0,5ab43b8a5542991779162c22,0.25,1,3,4,
0,0,3.8384225368499756,0,5abb73425542996cc5e49ff5,0.0,0,3,3,
0,0.03389830508474576,3.827470302581787,0,5a84a65d5542992a431d1a83,0.0,0,3,11,
0,0,3.86763334274292,0,5adff2aa554299603e4183d0,0.14285714285714285,1,3,7,
0,0,3.8468549251556396,0,5ac046c65542996f0d89cb71,0.0,0,3,4,
0,0,13.939989805221558,2,5a90386455429916514e7435,0.3333333333333333,1,9,3,
,,,,5aded04755429975fa854fa7,,,,,Ollama request exceeded timeout limit for model stable-qwen with error: timed out
0,0,12.0548574924469,2,5ae063085542993d6555eb37,0.0,0,9,6,
0,0,157.04845786094666,5,5ae6363b55429929b0807af0,0.5,1,18,2,
0,0,26.869564294815063,5,5adc6825554299438c868da1,0.6666666666666666,2,18,3,
,,,,5abec9b25542997ec76fd366,,,,,Ollama request exceeded timeout limit for model stable-qwen with error: timed out
0,0,30.537157773971558,5,5a7a18b05542990783324e53,0.2,1,18,5,
0,0,25.466683387756348,5,5ac1a4745542991316484b82,0.0,0,18,3,
0,0,24.255544662475586,5,5a7302b75542991f9a20c5fd,0.0,0,18,6,
0,0,25.18281316757202,5,5a825a9d55429940e5e1a870,0.0,0,18,4,
0,0,20.732192277908325,4,5a8501915542997175ce1f5a,0.0,0,15,7,
0,0,3.7323825359344482,0,5ae7ee41554299540e5a56b0,0.0,0,3,4,
0,0,3.736950159072876,0,5add2397554299473435386f,0.0,0,3,6,
0,0,3.7382991313934326,0,5ae4cda05542990ba0bbb148,0.6666666666666666,2,3,3,
0,0,3.748405694961548,0,5ae1412a55429920d523434c,0.5,2,3,4,
0,0,27.581101417541504,5,5a8ed7b455429917b4a5bdd1,0.0,0,18,4,
0,0.043010752688172046,25.05638289451599,5,5abb61735542993f40c73aef,0.0,0,18,4,
0,0,8.053949356079102,1,5ae2a0a1554299495565dae9,0.5,1,6,2,
0,0,25.34739923477173,5,5ae60dcc554299546bf83043,0.0,0,18,6,
0,0,3.80403208732605,0,5a7cd72055429909bec7683b,1.0,2,3,2,
0,0,20.37509298324585,4,5ab865ad5542992aa3b8c8dd,0.16666666666666666,1,15,6,
0,0,3.7838051319122314,0,5adface25542995ec70e906c,0.0,0,3,4,
0,0,3.7654311656951904,0,5aba901055429955dce3ee87,0.0,0,3,6,
0,0,3.793184518814087,0,5ae544d75542990ba0bbb249,0.3333333333333333,1,3,3,
0,0,3.7884271144866943,0,5ae14b5c55429920d52343aa,0.2,1,3,5,
0,0,3.78053879737854,0,5abbaed855429931dba144aa,0.2,1,3,5,
0,0,3.818915605545044,0,5adfb698554299603e418385,0.16666666666666666,1,3,6,
0,0,3.785926342010498,0,5a8481945542997175ce1ed3,0.0,0,3,6,
0,0,3.7470433712005615,0,5ab1dcab5542993be8fa985e,0.3333333333333333,1,3,3,
0,0.03846153846153846,21.11437177658081,4,5add44f35542997545bbbd0c,0.2,1,15,5,
0,0,3.7628610134124756,0,5a7f404a55429930675136dd,0.0,0,3,4,
0,0,3.834164619445801,0,5ab60aec554299110f2199c3,0.5,1,3,2,
0,0,3.752747058868408,0,5a8f93f5554299458435d67e,0.3333333333333333,1,3,3,
0,0.0392156862745098,3.7708723545074463,0,5a8a231a55429930ff3c0cb4,1.0,1,3,1,
0,0,3.753657817840576,0,5adec96e5542995534e8c712,0.0,0,3,2,
0,0,3.7438573837280273,0,5a77691455429966f1a36d2b,0.0,0,3,3,
0,0,3.7689905166625977,0,5a774e415542994aec3b7280,0.0,0,3,4,
0,0,3.7811434268951416,0,5abb189e5542996cc5e49fa4,0.0,0,3,4,
0,0,3.746737241744995,0,5ab8756755429934fafe6dd3,0.2,1,3,5,
0,0,3.7479634284973145,0,5adbe2c65542996e68525274,0.07692307692307693,1,3,13,
0,0,3.834113836288452,0,5a838eba5542992ef85e22fe,0.0,0,3,10,
0,0,3.7104899883270264,0,5a888c9d5542997e5c09a612,0.0,0,3,4,
0,0,3.8099162578582764,0,5ab2342a5542993be8fa98c3,0.5,1,3,2,
0,0,3.774526834487915,0,5abd0296554299114383a1d1,0.3333333333333333,1,3,3,
0,0,3.7915008068084717,0,5abb07ec5542996cc5e49f55,0.0,0,3,8,
0,0.0392156862745098,3.727003335952759,0,5a81c7d15542990a1d231ea9,0.25,1,3,4,
0,0,3.7669641971588135,0,5a7652785542992db9473760,0.2,1,3,5,
0,0,3.770199775695801,0,5abd0ac45542992ac4f381b5,0.3333333333333333,1,3,3,
0,0,3.8331780433654785,0,5ae0ba15554299603e41844d,0.0,0,3,2,
0,0,3.72381591796875,0,5ae1338d55429901ffe4ade1,0.0,0,3,6,
0,0,3.821511745452881,0,5ae65b845542992ae0d162f1,0.3333333333333333,1,3,3,
0,0,3.7193403244018555,0,5ae2138c5542997283cd23b7,0.25,1,3,4,
0,0.04,3.8260366916656494,0,5a7e3b585542995ed0d166df,0.0,0,3,3,
0,0,3.771451950073242,0,5ae54b3d5542990ba0bbb260,0.5,1,3,2,
0,0.07272727272727272,3.7550580501556396,0,5ab4774d5542991751b4d781,0.5,1,3,2,
0,0.03773584905660377,3.712982177734375,0,5ae7ac495542993210983eee,0.2,1,3,5,
0,0,3.785468101501465,0,5a7d26bd554299452d57bb28,0.5,1,3,2,
0,0,3.7952115535736084,0,5ae690b055429908198fa622,0.0,0,3,4,
0,0,3.810852527618408,0,5a7299e75542991f9a20c524,0.3333333333333333,1,3,3,
0,0,3.713613510131836,0,5abb4b4a5542993f40c73aea,0.0,0,3,4,
0,0,3.753018856048584,0,5a7fb1e55542995d8a8ddef7,0.3333333333333333,1,3,3,
0,0,3.7245266437530518,0,5abe36745542991f66106101,0.0,0,3,6,
0,0,3.8262040615081787,0,5ab84dea55429934fafe6d4f,0.3333333333333333,1,3,3,
0,0,3.773921489715576,0,5abe765a55429976d4830b1f,0.5,1,3,2,
0,0,3.7865967750549316,0,5a85a8655542997b5ce40011,0.0,0,3,3,
0,0,7.874518156051636,1,5ac31b0a554299741d48a1f0,0.0,0,6,2,
0,0,3.6665186882019043,0,5ae6479a55429929b0807b1b,0.5,1,3,2,
0,0,3.6541213989257812,0,5ac2cfab554299657fa29079,0.25,1,3,4,
0,0,3.6916329860687256,0,5a7c64bc5542996dd594b913,0.0,0,3,5,
0,0,3.68699312210083,0,5ade27e05542997c77aded7d,0.16666666666666666,1,3,6,
0,0,3.636194944381714,0,5adfa6c7554299025d62a326,0.3333333333333333,1,3,3,
0,0,3.6568233966827393,0,5ae361805542992e3233c3c9,0.0,0,3,4,
,,,,5add870b5542995b365fab3c,,,,,Ollama request exceeded timeout limit for model stable-qwen with error: timed out
0,0,3.6654906272888184,0,5ab84f2c55429934fafe6d54,0.5,1,3,2,
0,0,22.329219579696655,2,5a8ee2855542995a26add550,0.0,0,6,7,
0,0,9.878552913665771,1,5abeb3525542993fe9a41d03,0.3333333333333333,1,3,3,
0,0,3.617961883544922,0,5ab762fb55429928e1fe3857,0.0,0,3,5,
0,0,3.6106667518615723,0,5a739d8c55429905862fe073,1.0,3,3,3,
0,0,12.929790496826172,2,5abc715f5542993a06baf8ea,0.0,0,9,1,
0,0,3.675724983215332,0,5ab804065542990e739ec7e0,0.2,1,3,5,
0,0,3.648886203765869,0,5a7e21165542995ed0d166a2,0.25,1,3,4,
0,0,3.6750080585479736,0,5ae473545542995dadf2433d,,,,,
0,0,3.6733133792877197,0,5a84973e5542992a431d1a67,0.0,0,3,5,
0,0,3.710059404373169,0,5a7a47be5542994f819ef1b2,0.0,0,3,5,
0,0,7.9162657260894775,1,5abc8d00554299700f9d78fd,0.0,0,6,4,
0,0.04,4.530095815658569,0,5ab1c6c5554299722f9b4c67,0.0,0,3,3,
0,0,11.47909164428711,2,5ab2a01d5542992953946778,0.4,2,9,5,
0,0,3.694608688354492,0,5ab42ef55542991751b4d6d9,0.25,1,3,4,
0,0.0392156862745098,3.6878583431243896,0,5ae0968955429924de1b7105,0.0,0,3,8,
0,0,3.6559998989105225,0,5adefe645542992d7e9f926c,0.0,0,3,3,
0,0,3.6813831329345703,0,5a82edae55429966c78a6a9f,1.0,1,3,1,
0,0,3.610637903213501,0,5abd68b45542993062266c77,0.0,0,3,8,
0,0,3.6304919719696045,0,5a7345185542992359bc32cb,0.0,0,3,6,
0,0,3.6113412380218506,0,5adde6535542990dbb2f7ef9,0.0,0,3,5,
0,0,3.6811208724975586,0,5ab7ef0f5542991d322237ca,0.0,0,3,3,
0,0,8.278501033782959,1,5ae20cd25542997283cd2376,0.0,0,6,2,
0,0,7.0380847454071045,1,5a7da3a95542990b8f5039e6,0.0,0,6,4,
0,0,3.610114336013794,0,5ac2c22e5542990b17b15485,0.0,0,3,3,
0,0,3.692797899246216,0,5ae4d3a55542990ba0bbb164,0.3333333333333333,2,3,6,
0,0,3.580815553665161,0,5ac19f405542991316484b5b,0.0,0,3,6,
0,0,3.6818811893463135,0,5ac00278554299012d1db56b,0.07692307692307693,1,3,13,
0,0,3.6680798530578613,0,5a7d2ecc5542995ed0d16629,0.06666666666666667,1,3,15,
0,0,3.6113553047180176,0,5abd5a135542992ac4f3829f,0.0,0,3,4,
0,0.03773584905660377,19.91626262664795,4,5ab8f33155429919ba4e237f,0.2,1,13,5,
0,0,3.6422462463378906,0,5a7f57a45542992097ad2f29,0.25,1,3,4,
0,0,3.6201250553131104,0,5a7e14a65542995ed0d16686,0.25,1,3,4,
0,0,7.214404106140137,1,5a859a755542992a431d1b6d,0.25,2,6,8,
0,0,3.6462926864624023,0,5ab4304a55429942dd415ec5,0.0,0,3,8,
0,0,3.696002960205078,0,5a81d54a55429903bc27b9d4,0.14285714285714285,1,3,7,
0,0,3.6412014961242676,0,5a79257b55429974737f79a7,0.5,1,3,2,
0,0,8.214384317398071,1,5ae5feaf5542996de7b71ac6,0.5,1,6,2,
0,0,3.6509289741516113,0,5ac1767a5542994d76dcce48,0.0,0,3,7,
0,0,3.6404290199279785,0,5a74feb75542996c70cfae6d,0.4,2,3,5,
0,0,3.6827657222747803,0,5adf3e835542993a75d26442,0.75,3,3,4,
0,0,8.131129264831543,1,5ae608f2554299546bf83026,0.14285714285714285,1,6,7,
0,0,3.6717584133148193,0,5a88a6975542994846c1cea4,0.0,0,3,1,
0,0,3.6493749618530273,0,5a83f07455429933447460be,0.0,0,3,4,
0,0.037037037037037035,3.696129560470581,0,5ab2979c554299449642c919,0.0,0,3,4,
0,0,3.6787242889404297,0,5a79131a554299148911f9e3,0.0,0,3,7,
0,0,12.93521499633789,2,5a87d8355542993e715abfe4,0.0,0,9,8,
0,0.034482758620689655,3.7053937911987305,0,5a80707e5542992bc0c4a70e,0.0,0,3,4,
0,0,3.620368480682373,0,5ab3f6935542992339550019,0.0,0,3,4,
0,0,3.6293506622314453,0,5a81a84e5542990a1d231e4e,1.0,1,3,1,
0,0.04081632653061224,3.6196982860565186,0,5ae5f1a8554299546bf82fd9,0.5,1,3,2,
0,0,3.6277289390563965,0,5a8a2a5555429930ff3c0ccc,0.3333333333333333,1,3,3,
0,0.037037037037037035,3.646501302719116,0,5adfeab455429942ec259b86,0.0,0,3,3,
0,0,3.669337511062622,0,5abd56355542993062266c58,0.0,0,3,6,
0,0,3.6424005031585693,0,5a7e22ed5542995ed0d166a7,0.3333333333333333,1,3,3,
0,0,3.6142539978027344,0,5a881ea055429938390d3ef3,0.5,2,3,4,
0,0,3.665046215057373,0,5ab4e48655429942dd415f9c,0.0,0,3,11,
0,0,3.6298952102661133,0,5a84bc5b5542991dd0999dc3,0.0,0,3,6,
0,0,3.634075164794922,0,5a739b1955429978a71e9044,0.2,1,3,5,
0,0,3.6524972915649414,0,5adc368155429944faac2468,0.5,1,3,2,
0,0,3.6423823833465576,0,5ac519a95542994611c8b38b,0.3333333333333333,1,3,3,
0,0,3.6498773097991943,0,5a88abf75542997e5c09a6a1,0.0,0,3,4,
0,0,3.6390252113342285,0,5ac3d90b5542995c82c4ac4b,0.0,0,3,7,
0,0,3.655585527420044,0,5ab97d0a5542996be202051e,0.16666666666666666,1,3,6,
0,0,3.6624364852905273,0,5a7553a95542996c70cfaedf,0.0,0,3,4,
0,0,3.63883113861084,0,5adc035c554299438c868d04,0.3333333333333333,2,3,6,
0,0.03846153846153846,3.651421546936035,0,5ae60d36554299546bf8303e,0.4,2,3,5,
0,0,3.6259429454803467,0,5a7543d555429916b01642ce,0.5,1,3,2,
0,0,3.6735949516296387,0,5ae5d63b5542996de7b71a2d,0.0,0,3,5,
0,0,3.6429226398468018,0,5ab442645542991751b4d70c,0.16666666666666666,1,3,6,
0,0,3.6727092266082764,0,5a802bf05542992bc0c4a6b7,0.0,0,3,7,
0,0,3.6881535053253174,0,5ac072ef554299294b218fe4,0.6666666666666666,2,3,3,
0,0,3.66412615776062,0,5ab4b7d15542996a3a969fbc,0.14285714285714285,1,3,7,
0,0,3.640166759490967,0,5add1aa65542990d50227de1,0.0,0,3,3,
0,0,3.655524492263794,0,5a7354d55542994cef4bc55a,0.2857142857142857,2,3,7,
0,0,3.651993989944458,0,5ade1c9e55429939a52fe822,0.5,1,3,2,
0,0,3.669877767562866,0,5adce3b95542990d50227d56,0.5,1,3,2,
0,0,3.6852364540100098,0,5ac313a0554299741d48a1b0,0.0,0,3,5,
0,0,3.662022829055786,0,5abf931f5542990832d3a158,0.25,1,3,4,
0,0,7.846947431564331,1,5ae324775542994393b9e62f,0.6666666666666666,2,6,3,
0,0,3.6483066082000732,0,5a79093955429974737f794b,0.3333333333333333,1,3,3,
0,0,3.6159608364105225,0,5ade8bd955429975fa854f04,0.5,1,3,2,
0,0,3.662001609802246,0,5a84a1c85542992a431d1a7c,0.0,0,3,5,
0,0,3.6810994148254395,0,5abed7d75542990832d3a0f7,0.5,1,3,2,
0,0,3.678380012512207,0,5ae365205542990afbd1e12d,0.2,1,3,5,
0,0,3.6396596431732178,0,5a8f9dca55429918e830d295,0.09090909090909091,1,3,11,
0,0,3.602001190185547,0,5ae61351554299546bf83066,0.25,1,3,4,
0,0,3.6665124893188477,0,5ae50c345542993aec5ec11f,0.0,0,3,3,
0,0,3.596750497817993,0,5abcefc45542993a06baf9b4,0.5,1,3,2,
0,0,3.628798484802246,0,5a887898554299206df2b2a2,0.125,1,3,8,
0,0,3.628169059753418,0,5a803ed45542996402f6a496,0.14285714285714285,1,3,7,
0,0,3.6594998836517334,0,5a8f97305542997ba9cb32e3,0.2,1,3,5,
0,0,11.307669162750244,2,5ab5ceb65542997d4ad1f1e2,0.0,0,9,3,
0,0,3.623567819595337,0,5ae7e8f55542994a481bbe06,0.3333333333333333,1,3,3,
0,0,3.661097764968872,0,5a8c7ac2554299653c1aa08e,0.3333333333333333,1,3,3,
0,0,3.6975650787353516,0,5a8192045542995ce29dcc04,0.6666666666666666,2,3,3,
0,0,3.630059242248535,0,5a866b5b554299211dda2b23,0.3333333333333333,1,3,3,
0,0,3.643759250640869,0,5ae1a525554299234fd042a9,0.5,1,3,2,
0,0,3.6106598377227783,0,5abb23035542992ccd8e7f22,0.5,1,3,2,
0,0,3.6751809120178223,0,5abce43855429959677d6b18,0.3333333333333333,1,3,3,
0,0,8.086584329605103,1,5a8e07185542995085b37389,0.5,1,6,2,
0,0,3.651723861694336,0,5a8ed10b5542995085b374a0,1.0,1,3,1,
0,0,3.6902220249176025,0,5adf2fa35542993344016c11,0.5,1,3,2,
0,0,3.6668455600738525,0,5a804e845542992bc0c4a6e9,0.2,1,3,5,
0,0,3.6839096546173096,0,5a78d06355429974737f78b4,0.3333333333333333,1,3,3,
0,0,3.662801504135132,0,5ac3dfee554299204fd21eab,0.0,0,3,4,
0,0,3.6668851375579834,0,5add48465542992200553a80,0.5,1,3,2,
0,0,26.89303207397461,5,5a7c917e5542990527d554d3,0.0,0,18,5,
0,0,25.6010799407959,5,5a7e6c725542991319bc94a4,0.25,1,18,4,
0,0,24.69580054283142,5,5a7558425542992db9473647,0.3333333333333333,2,18,6,
0,0,30.256917476654053,5,5a849cc95542997175ce1efa,0.0,0,18,1,
0,0,27.346736669540405,5,5a84e9d35542994c784dda84,0.0,0,18,5,
0,0,13.658787965774536,2,5ab6bdd255429953192ad36e,0.0,0,9,2,
0,0,11.666641473770142,2,5ac3126f5542995ef918c0e8,0.0,0,9,6,
0,0,26.989562273025513,5,5a81e04455429903bc27b9f9,0.0,0,18,4,
,,,,5ab3d2b7554299233954ffb8,,,,,Ollama request exceeded timeout limit for model stable-qwen with error: timed out
0,0.03225806451612903,13.011003255844116,2,5a8d1f015542994ba4e3dc08,0.0,0,9,4,
0,0,12.865754842758179,3,5adf8d275542993344016cfb,0.3333333333333333,1,12,3,
0,0,2.7014057636260986,0,5a7949d45542994bb9456fdd,0.0,0,3,3,
0,0,2.8535633087158203,0,5aba0c2655429955dce3edb7,0.16666666666666666,1,3,6,
0,0,2.7087111473083496,0,5a89bbb05542992e4fca83a3,0.0,0,3,5,
0,0,2.6924736499786377,0,5ab4b2935542996a3a969fb5,0.0,0,3,7,
0,0,2.690105438232422,0,5a7cf4e355429907fabef062,0.16666666666666666,1,3,6,
0,0,2.747992992401123,0,5ab2be12554299295394686b,0.3333333333333333,1,3,3,
0,0,6.403343439102173,1,5a7cd5b05542990527d5553d,0.0,0,6,22,
0,0,9.785547256469727,1,5a70f4c45542994082a3e437,0.0,0,6,3,
0,0,12.97729229927063,1,5ae0818e55429924de1b70e9,0.5,1,6,2,
0,0,5.05219030380249,0,5adfb60655429942ec259b08,0.6666666666666666,2,3,3,
0,0,4.99199914932251,0,5ab5de535542992aa134a3b6,0.5,1,3,2,
0,0,5.315977573394775,0,5ac2ffe7554299218029dbb3,0.25,1,3,4,
0,0.019607843137254898,5.01565408706665,0,5a8769475542993e715abf2b,0.3333333333333333,1,3,3,
0,0,4.762146711349487,0,5a77f4755542992a6e59e01f,0.0,0,3,4,
0,0,2.7408294677734375,0,5a78caa955429970f5fffd83,0.0,0,3,3,
0,0,5.008189678192139,0,5a8790785542993e715abfac,0.0,0,3,6,
0,0.019417475728155335,10.085614681243896,1,5ab6bb575542995eadef0088,0.0,0,6,3,
0,0,5.273828506469727,0,5ac2cdaa554299657fa29070,0.3333333333333333,1,3,3,
0,0,5.308166742324829,0,5a729fa15542994cef4bc397,0.0,0,3,3,
0,0,5.273536205291748,0,5ae64ffd5542992ae0d162ce,0.1111111111111111,1,3,9,
0,0,5.32063889503479,0,5a88a1e55542997e5c09a64d,0.5,1,3,2,
0,0,32.05093240737915,5,5ac34994554299741d48a242,0.0,0,18,4,
0,0.03539823008849558,27.55134606361389,5,5ae382ee5542992e3233c430,1.0,2,18,2,
0,0.019230769230769232,29.877769470214844,5,5a8a40015542996c9b8d5e72,0.0,0,18,4,
0,0,28.52098798751831,5,5a8810485542997e5c09a590,0.0,0,18,5,
0,0,28.701117515563965,5,5a7249b85542990c210a40b9,0.16666666666666666,1,18,6,
0,0,5.042847394943237,0,5ae7281c5542991e8301cb69,0.0,0,3,4,
0,0,24.15755033493042,5,5a888d535542997e5c09a617,0.3333333333333333,2,18,6,
0,0,2.912855386734009,0,5ae48c4e55429913cc204498,0.0,0,3,4,
0,0,2.7846486568450928,0,5a7e05635542995f4f40238f,0.0,0,3,7,
0,0,2.87412166595459,0,5ae3fec55542995dadf242a4,0.2,1,3,5,
0,0,2.8660078048706055,0,5add39c45542995b365faac5,1.0,1,3,1,
0,0,2.7493669986724854,0,5a90629855429916514e749e,0.0,0,3,10,
,,,,5a85e2775542994775f60680,,,,,Ollama request exceeded timeout limit for model stable-qwen with error: timed out
0,0,2.769920825958252,0,5abba17a5542992ccd8e7f60,0.25,1,3,4,
0,0,2.8897998332977295,0,5a8ece2e5542995085b37497,0.25,1,3,4,
0,0,7.546609401702881,1,5a7a749d5542994f819ef1e0,0.25,1,6,4,
0,0,4.022603273391724,0,5a7e075c5542995f4f4023a3,0.16666666666666666,1,3,6,
0,0,2.917727470397949,0,5abcfcf0554299114383a1b4,0.0,0,3,6,
0,0,2.6736581325531006,0,5a78ed6855429970f5fffdd9,0.0,0,3,2,
0,0,2.7610299587249756,0,5a8be8215542995e66a47518,0.5,2,3,4,
0,0,2.7345926761627197,0,5a8f495c5542997ba9cb3220,0.4,2,3,5,
0,0,2.761767864227295,0,5a7db62d5542997cc2c4747c,1.0,1,3,1,
0,0,2.6966755390167236,0,5ae5db98554299546bf82fa6,0.0,0,3,5,
0,0,2.7467763423919678,0,5a8a423255429930ff3c0d30,1.0,1,3,1,
0,0,2.731095790863037,0,5a80fb97554299260e20a1eb,0.3333333333333333,1,3,3,
0,0,2.713773012161255,0,5ab27587554299449642c8af,0.2,1,3,5,
0,0,2.6895992755889893,0,5a7c74a65542990527d554b0,0.0,0,3,5,
0,0,2.699843168258667,0,5a7ff71a5542992e7d278dd0,0.0,0,3,3,
0,0,21.163337230682373,4,5a89bf18554299669944a591,0.0,0,15,4,
0,0,2.7732040882110596,0,5ae22f4e5542996483e6492f,0.5,2,3,4,
0,0,4.47228479385376,0,5ab8c3c65542991b5579effd,0.5,2,3,4,
0,0,8.918295621871948,1,5a7d61645542997cc2c47455,0.14285714285714285,1,6,7,
0,0,4.426245927810669,0,5a82d71555429966c78a6a94,0.0,0,3,9,
0,0,5.448484659194946,1,5a8ae5d355429970aeb70325,0.0,0,6,4,
0,0,4.4093101024627686,0,5abccf6755429965836004ab,0.0,0,3,9,
0,0,4.373656988143921,0,5adcfc135542990d50227d87,0.5,1,3,2,
0,0,4.3770129680633545,0,5a77c15f5542997042120b1c,1.0,1,3,1,
0,0,4.396000146865845,0,5a9064c755429916514e74a6,0.0,0,3,2,
0,0,4.433925628662109,0,5ab43b755542991779162c21,0.3333333333333333,1,3,3,
0,0,4.380244970321655,0,5adf39765542993a75d26435,0.0,0,3,5,
0,0,4.447435140609741,0,5a8ccea555429941ae14deeb,0.3333333333333333,1,3,3,
0,0,13.572739839553833,2,5ab6390f5542995eadeeff7a,0.5,2,9,4,
0,0,4.344159364700317,0,5abd4f2e5542993062266c4b,0.0,0,3,3,
0,0,4.382075786590576,0,5ac0d981554299012d1db646,0.1111111111111111,1,3,9,
0,0,4.35334587097168,0,5a7c716d55429935c91b51b3,0.0,0,3,3,
0,0,2.783740997314453,0,5a77a44d5542997042120aba,0.125,1,3,8,
0,0,4.41525936126709,0,5a7cd0fd55429909bec76823,0.2,1,3,5,
0,0,4.404919862747192,0,5ac2a55b55429921a00ab018,0.0,0,3,3,
0,0.025316455696202535,4.409257888793945,0,5ab8ca5d5542991b5579f005,0.5,1,3,2,
0,0,4.362144708633423,0,5ac3f1c9554299204fd21ed4,0.0,0,3,2,
0,0,4.405182600021362,0,5ac559bd5542993e66e82328,0.3333333333333333,2,3,6,
0,0,9.290283441543579,1,5ade00855542997dc7907118,0.3333333333333333,1,6,3,
0,0.024096385542168676,4.389711856842041,0,5a8e61165542995085b3741a,0.25,1,3,4,
0,0,2.714574098587036,0,5abd05e655429965836004f1,0.0,0,3,5,
0,0.024390243902439025,4.386832237243652,0,5a7fb1765542992e7d278d20,0.3333333333333333,2,3,6,
0,0,4.430834531784058,0,5a722c2255429971e9dc932c,0.3333333333333333,1,3,3,
0,0,4.375570774078369,0,5ae1408a5542997b2ef7d17c,0.2,1,3,5,
0,0,7.174383163452148,1,5a7562045542992db947364f,1.0,2,6,2,
0,0,2.733684539794922,0,5ae6233c5542992ae0d1623e,0.2,1,3,5,
0,0,2.7149977684020996,0,5a7cb94f554299683c1c6353,0.0,0,3,4,
0,0,2.734443426132202,0,5ae17d6855429901ffe4aea7,0.0,0,3,6,
0,0,2.7171685695648193,0,5ae69fa755429908198fa66c,0.08333333333333333,1,3,12,
0,0,2.7364580631256104,0,5ab56e085542992aa134a315,0.25,1,3,4,
0,0,5.4870641231536865,1,5a79305755429907847277dd,0.6666666666666666,2,6,3,
0,0,2.8077101707458496,0,5a7b18d25542992d025e6768,0.0,0,3,4,
0,0,2.726837635040283,0,5add56a85542992200553abe,0.0,0,3,3,
0,0.5,2.6716928482055664,0,5ab44cd555429942dd415f10,1.0,1,3,1,
0,0,2.691692352294922,0,5a7140585542994082a3e6fa,1.0,1,3,1,
0,0,2.7421748638153076,0,5ae1f079554299234fd04343,0.1,1,3,10,
0,0,4.667513132095337,0,5ab4314955429942dd415ecd,0.3333333333333333,1,3,3,
0,0,2.765082836151123,0,5ae3249555429928c423962f,0.75,3,3,4,
0,0,2.7303340435028076,0,5a89ba6b554299669944a584,0.0,0,3,6,
,,,,5ae226bd5542994d89d5b379,,,,,Ollama request exceeded timeout limit for model stable-qwen with error: timed out
0,0,2.7371597290039062,0,5ae0156455429942ec259c15,0.5,1,3,2,
0,0,3.7991061210632324,0,5a7b85c4554299294a54a9d7,0.3333333333333333,1,3,3,
0,0,2.7287373542785645,0,5ab262a4554299340b5254ac,0.0,0,3,3,
0,0,2.7794036865234375,0,5a81d81e554299676cceb0f6,0.5,1,3,2,
0,0,4.459612846374512,0,5abee2df5542994516f4546a,0.0,0,3,3,
0,0,2.7143428325653076,0,5ac42ae45542997ea680ca18,0.3333333333333333,2,3,6,
0,0,5.620819330215454,1,5abdf72055429976d4830a37,0.16666666666666666,1,6,6,
0,0,2.7558701038360596,0,5ae618325542996de7b71b56,0.25,1,3,4,
0,0,18.525836944580078,1,5a8fdd9c55429916514e73de,0.0,0,6,7,
0,0,4.108846664428711,0,5a875b2a5542993e715abf0f,0.3333333333333333,1,3,3,
0,0,4.056109428405762,0,5a8ac44055429970aeb70304,0.2,1,3,5,
0,0,4.085902214050293,0,5ab55a9b5542992aa134a2ba,0.0,0,3,3,
0,0.025974025974025972,4.095193386077881,0,5a88c92d5542993b751ca84e,0.0,0,3,2,
0,0,4.079158067703247,0,5ab972485542996be20204f6,0.2,1,3,5,
0,0,4.06452751159668,0,5adcaa7f5542990d50227cdb,0.0,0,3,3,
0,0,4.089279413223267,0,5a7933b255429907847277eb,1.0,1,3,1,
0,0.02702702702702703,4.030581951141357,0,5ae30d4b55429928c42395cc,0.0,0,3,7,
0,0,4.055867910385132,0,5a7a6c1a5542994f819ef1d5,0.2,1,3,5,
0,0,4.054566860198975,0,5adfdd1c55429906c02daa74,0.3333333333333333,1,3,3,
0,0,4.085070848464966,0,5a7265815542990c210a411b,0.0,0,3,6,
0,0,4.021544933319092,0,5a8c5794554299240d9c2131,0.5,2,3,4,
0,0,4.084213495254517,0,5a85ac1e5542997b5ce4001f,0.25,1,3,4,
0,0,2.7920913696289062,0,5a7a45425542990783324ee2,0.0,0,3,4,
0,0,4.074192523956299,0,5abc40835542993a06baf8ba,0.0,0,3,4,
0,0,4.054821252822876,0,5a883afc5542994846c1ce48,0.0,0,3,6,
0,0.025974025974025972,4.034724950790405,0,5ae0b68e55429906c02daafb,0.3333333333333333,1,3,3,
0,0,2.7049145698547363,0,5a7dacff5542991319bc93e0,0.5,1,3,2,
0,0.026666666666666665,4.05194878578186,0,5adf6f075542993344016c91,0.0,0,3,3,
0,0,4.045868635177612,0,5a7be1ab5542997c3ec972a9,0.0,0,3,4,
0,0,4.073015451431274,0,5a8753d95542994846c1cd63,1.0,1,3,1,
0,0,2.7664647102355957,0,5a794f8155429970f5fffe95,0.16666666666666666,1,3,6,
0,0.02531645569620253,4.098249435424805,0,5ab53bee554299637185c526,0.0,0,3,4,
0,0,4.0671021938323975,0,5ac1a5b45542991316484b8b,0.25,1,3,4,
0,0,4.081818342208862,0,5a79edfe5542990198eaf006,0.125,1,3,8,
0,0,8.490179777145386,1,5a72a3c45542994cef4bc3ac,0.0,0,6,3,
0,0,4.5007524490356445,0,5abfd3d65542994516f4550b,0.0,0,3,3,
0,0,4.514622926712036,0,5ae39fb85542990afbd1e197,0.4,2,3,5,
0,0,4.506910800933838,0,5a7e1a2955429965cec5ea5d,0.2222222222222222,2,3,9,
0,0,4.068187952041626,0,5ab7bf3f5542991d322237a8,0.6666666666666666,2,3,3,
0,0.07407407407407407,4.109804153442383,0,5a837121554299123d8c2128,0.3333333333333333,1,3,3,
0,0.023255813953488372,4.2553932666778564,0,5ae616ce5542992663a4f259,0.3333333333333333,1,3,3,
0,0,8.860185384750366,1,5ae375955542990afbd1e15d,0.3333333333333333,1,6,3,
0,0,9.008576154708862,1,5abcff225542993a06baf9ea,0.6666666666666666,2,6,3,
0,0,6.97198224067688,1,5a74f5155542993748c89750,0.2,1,6,5,
0,0,3.941596746444702,0,5ab5c31b554299488d4d9a19,0.3333333333333333,1,3,3,
0,0,3.8837578296661377,0,5ab7f3285542992aa3b8c88f,0.14285714285714285,1,3,7,
0,0,3.8980185985565186,0,5a7f53ff5542992097ad2f17,0.5,1,3,2,
0,0,3.8939621448516846,0,5a7b88165542997c3ec971fe,0.0,0,3,1,
0,0,3.81960391998291,0,5a7b3ec95542995eb53be8d3,0.4,2,3,5,
0,0.038461538461538464,3.809591770172119,0,5ae4843455429970de88d997,0.2,1,3,5,
0,0,3.890458106994629,0,5a73d951554299623ed4ac77,0.0,0,3,11,
0,0.029850746268656723,3.8553590774536133,0,5adce22c5542990d50227d51,0.0,0,3,7,
0,0,3.9438202381134033,0,5ab412da5542996a3a969f15,0.5,1,3,2,
0,0,3.933607578277588,0,5a762cf0554299109176e6a4,0.0,0,3,8,
0,0,3.8939778804779053,0,5a7ddd565542997cc2c474b2,0.25,1,3,4,
0,0,4.024101495742798,0,5a7b4073554299042af8f733,0.0,0,3,5,
0,0,8.38274073600769,1,5a873b0d5542994775f607ad,0.3333333333333333,1,6,3,
0,0,4.465256452560425,0,5a778cae55429949eeb29eeb,0.14285714285714285,1,3,7,
0,0,4.507730007171631,0,5a7c00a55542996dd594b87e,0.3333333333333333,1,3,3,
0,0,4.539823055267334,0,5a8f68795542992414482ab5,0.5,1,3,2,
0,0,4.512651205062866,0,5a8b6f9a5542995d1e6f138f,0.0,0,3,6,
0,0,29.410449028015137,5,5add98ef5542997545bbbd82,0.3333333333333333,1,18,3,
0,0,30.085060596466064,5,5a7a5cc955429941d65f25d6,0.0,0,18,4,
0,0,31.108730792999268,5,5adc9d145542994d58a2f67d,1.0,1,18,1,
0,0,26.861485242843628,5,5a8af05d55429950cd6afc1a,0.0,0,18,7,
0,0,25.23331117630005,5,5ae8164d5542994a481bbeb6,0.0,0,18,10,
0,0,20.783324241638184,5,5a8fdb955542990a98493572,0.0,0,18,4,
0,0,6.044628858566284,1,5abc6c2655429959677d6aac,0.0,0,6,5,
0,0,2.719080686569214,0,5a81a4615542995ce29dcc1e,0.0,0,3,7,
0,0,2.718400716781616,0,5a827ce155429940e5e1a8d7,0.0,0,3,6,
0,0,2.6999571323394775,0,5a81f49c5542995ce29dcc9a,0.5,1,3,2,
0,0,2.6927273273468018,0,5a82bdd655429940e5e1a92a,0.0,0,3,3,
0,0,2.7282626628875732,0,5a8457835542990548d0b28a,0.5,2,3,4,
0,0,2.72961163520813,0,5ae00a27554299025d62a3bb,1.0,1,3,1,
0,0,2.7257065773010254,0,5ae4aba25542995ad6573e12,0.5,1,3,2,
0,0,2.7313232421875,0,5ade99ad554299728e26c75d,0.16666666666666666,1,3,6,
0,0,2.707566976547241,0,5ab3c470554299233954ffa1,0.3333333333333333,1,3,3,
0,0,2.735232353210449,0,5abca1a55542993a06baf937,1.0,1,3,1,
0,0,2.7597427368164062,0,5ab56db7554299494045efc6,0.6666666666666666,2,3,3,
0,0,2.707935094833374,0,5a905f2a55429933b8a204fb,1.0,1,3,1,
0,0,2.7587170600891113,0,5ab9379a554299753720f79d,0.0,0,3,2,
0,0,2.7060701847076416,0,5adc861c5542994d58a2f62c,0.2,1,3,5,
0,0,2.770979404449463,0,5ae5e62455429929b0807a07,0.3333333333333333,1,3,3,
0,0,2.7029643058776855,0,5ae64b1d55429929b0807b24,0.125,1,3,8,
0,0,2.7402114868164062,0,5a71299e5542994082a3e5fe,0.0,0,3,4,
0,0,2.7735233306884766,0,5aba7bb4554299232ef4a2ee,0.14285714285714285,1,3,7,
0,0,2.752671241760254,0,5a71446b5542994082a3e72a,0.2,1,3,5,
0,0,2.715172529220581,0,5a78fe8155429970f5fffe11,0.125,1,3,8,
0,0,2.714249610900879,0,5adddb415542992200553b61,0.09090909090909091,1,3,11,
0,0,2.739891767501831,0,5a7545605542993748c89807,0.5,1,3,2,
0,0,2.715700387954712,0,5a90bdea55429916514e754b,0.0,0,3,4,
0,0,2.7282772064208984,0,5abde4ed5542991f66106097,0.0,0,3,5,
0,0,2.742786407470703,0,5a7b4fee554299042af8f748,0.3333333333333333,1,3,3,
0,0,2.7027640342712402,0,5ab527205542996a3a96a03d,0.25,1,3,4,
0,0,2.834343910217285,0,5adf5cd25542992d7e9f9320,0.25,1,3,4,
0,0,2.762514114379883,0,5a77d5e655429967ab1052cc,0.0,0,3,3,
0,0,2.7365806102752686,0,5a7bb16f554299294a54aa9f,0.5,1,3,2,
0,0,2.767110824584961,0,5abebb8f5542994516f4540a,0.0,0,3,10,
0,0,2.764193058013916,0,5adfa451554299025d62a319,0.0,0,3,8,
0,0,2.726388931274414,0,5ab34a76554299233954ff3f,0.0,0,3,7,
0,0,2.7050962448120117,0,5ae178a155429901ffe4ae92,0.5,1,3,2,
0,0,2.7422592639923096,0,5a823f61554299676cceb234,0.0,0,3,3,
0,0,2.74873948097229,0,5abefa5b5542997ec76fd3a3,0.0,0,3,7,
0,0,2.7207460403442383,0,5abe80a855429976d4830b43,0.3333333333333333,1,3,3,
0,0,2.755516290664673,0,5a7698c2554299373536010d,0.0,0,3,4,
0,0.4,2.7523858547210693,0,5abd85375542993062266cba,0.3333333333333333,1,3,3,
0,0,2.766470193862915,0,5a8de7c65542995085b37353,0.0,0,3,8,
0,0,5.735831022262573,1,5a734f4455429901807dafba,2.0,2,6,1,
0,0,2.76383638381958,0,5a7647505542992d0ec06089,0.5,1,3,2,
0,0,7.233628988265991,1,5a8f9c3f554299458435d69a,0.3333333333333333,1,6,3,
0,0,6.258227825164795,1,5ae0aefe554299603e418437,0.0,0,6,4,
0,0,2.7474992275238037,0,5ab93841554299131ca422cb,0.0,0,3,6,
0,0,2.705410957336426,0,5a749af055429979e28829b7,0.0,0,3,4,
0,0,2.712048292160034,0,5ab587ad5542992aa134a34b,0.0,0,3,1,
0,0,7.1092095375061035,1,5a8d9e0f554299441c6ba015,0.3333333333333333,2,6,6,
0,0,3.892446279525757,0,5ae0039555429942ec259be1,0.25,1,3,4,
0,0,3.893110513687134,0,5ae4758b5542995dadf24342,0.0,0,3,1,
0,0,3.894728660583496,0,5a7280105542994cef4bc2e4,0.3333333333333333,1,3,3,
0,0,3.8568172454833984,0,5a8b922e55429949d91db5e6,1.0,2,3,2,
0,0,3.8842954635620117,0,5a89fa2655429970aeb701d2,0.25,1,3,4,
0,0,7.14486026763916,1,5ac2a3c7554299218029dadb,0.3333333333333333,1,6,3,
0,0,2.7298288345336914,0,5a75f0bf5542994ccc91866b,0.3333333333333333,2,3,6,
0,0,2.717316150665283,0,5a7bb2595542995eb53be99b,0.6666666666666666,2,3,3,
0,0,2.7435708045959473,0,5ae3a1aa5542994393b9e72d,0.14285714285714285,1,3,7,
0,0,2.760258197784424,0,5ab65e1e55429954757d3261,0.0,0,3,3,
0,0,2.7246673107147217,0,5a8078e95542992bc0c4a72c,0.0,0,3,3,
0,0,2.7073707580566406,0,5a72160e55429971e9dc9253,0.0,0,3,5,
0,0,3.904289722442627,0,5ab981555542996be2020532,0.0,0,3,3,
0,0,2.7071683406829834,0,5ac15de55542991316484afb,0.14285714285714285,1,3,7,
0,0,5.377080678939819,1,5a76538d5542992db9473764,0.0,0,6,11,
0,0,2.8871376514434814,0,5abeb7eb5542993fe9a41d1f,0.2,1,3,5,
0,0,2.736325263977051,0,5ab4832e5542991751b4d79d,0.3333333333333333,1,3,3,
0,0,2.7001373767852783,0,5adf33a05542993344016c22,0.0,0,3,6,
0,0,2.7270708084106445,0,5a84c4bb5542991dd0999dec,0.0,0,3,2,
0,0,2.777731418609619,0,5adc7b855542994650320d1e,0.0,0,3,1,
0,0,2.6790900230407715,0,5a7a2be25542996a35c17118,0.2,1,3,5,
0,0,2.797473192214966,0,5a8016215542992bc0c4a6a3,1.0,1,3,1,
0,0,5.451326131820679,1,5adce3265542992c1e3a2466,0.2,1,6,5,
0,0,2.767568588256836,0,5ae8096f5542994a481bbe99,0.25,1,3,4,
0,0,2.751305341720581,0,5a776b82554299373536026f,0.0,0,3,3,
0,0,2.739274024963379,0,5a78eea555429970f5fffddf,0.6666666666666666,2,3,3,
0,0,2.76125168800354,0,5a816db055429903bc27b961,0.25,1,3,4,
0,0,2.679946184158325,0,5abfca465542993fe9a41e65,0.0,0,3,2,
0,0,2.72499942779541,0,5a75d8dc5542992db94736f0,0.0,0,3,4,
0,0,2.7320687770843506,0,5ac3d667554299076e296ca5,0.1111111111111111,1,3,9,
0,0,2.744915723800659,0,5ae52cb955429908b6326540,0.0,0,3,2,
0,0,2.7178618907928467,0,5ac17c025542994d76dcce70,0.0,0,3,5,
0,0,2.755558967590332,0,5abde4595542991f66106095,1.0,2,3,2,
0,0,2.703434944152832,0,5abe18e055429976d4830a74,0.0,0,3,3,
0,0,2.7467474937438965,0,5a7fac0055429969796c1b1b,0.375,3,3,8,
0,0,2.7314109802246094,0,5ab984a2554299131ca4235a,0.25,1,3,4,
0,0,2.7666053771972656,0,5a84d2775542994c784dda5f,0.125,1,3,8,
0,0,2.6988697052001953,0,5a7324205542994cef4bc478,0.0,0,3,2,
0,0,2.720424175262451,0,5ab28c73554299340b525512,0.25,1,3,4,
0,0,2.699664354324341,0,5a8b91d25542995d1e6f13fc,0.5,1,3,2,
0,0,2.7316770553588867,0,5ac2759655429921a00aaf7f,0.2,1,3,5,
0,0,2.727095365524292,0,5ac2eaab5542990b17b154a4,0.0,0,3,3,
0,0,2.746519088745117,0,5ab93262554299131ca422b6,0.0,0,3,4,
0,0,2.7372186183929443,0,5a85ebe75542996432c5712a,0.5,1,3,2,
0,0,2.6885926723480225,0,5ae6a5d15542991bbc97615d,0.0,0,3,4,
0,0,2.771561861038208,0,5ae54c085542992663a4f1c4,0.0,0,3,5,
0,0,2.728952407836914,0,5ac248fd55429951e9e68525,0.0,0,3,2,
0,0,6.303727149963379,1,5add16b65542990d50227dd2,0.16666666666666666,1,6,6,
0,0,2.7744243144989014,0,5a84cd4b5542991dd0999dfe,0.0,0,3,2,
0,0,2.7475311756134033,0,5a81f85d55429926c1cdadca,0.0,0,3,5,
0,0,2.7315545082092285,0,5a7c35025542996dd594b8d7,0.0,0,3,9,
0,0,2.7134015560150146,0,5a774c0155429966f1a36ce2,0.5,1,3,2,
0,0,2.712719440460205,0,5ab2c6a955429916697740c2,0.1,1,3,10,
0,0,2.7407619953155518,0,5ae5e0a6554299546bf82fa9,0.16666666666666666,1,3,6,
0,0,2.762537956237793,0,5abd1b6e55429933744ab729,0.0,0,3,3,
0,0,2.7362375259399414,0,5ae3d4345542992f92d82387,0.0,0,3,8,
0,0,2.7641797065734863,0,5a82a91155429940e5e1a911,0.0,0,3,2,
0,0,2.7354578971862793,0,5ab5ecd75542992aa134a3e6,0.25,1,3,4,
0,0,2.725153684616089,0,5a8e1577554299068b959e54,0.5,1,3,2,
0,0,2.6476941108703613,0,5a7c8cea55429935c91b5214,0.0,0,3,6,
0,0,2.744446039199829,0,5ae532365542992663a4f150,0.4,2,3,5,
0,0,2.759413719177246,0,5ae1467a554299422ee99659,0.0,0,3,5,
0,0,2.698915481567383,0,5a80b322554299485f5986c8,0.0,0,3,3,
0,0,2.760587453842163,0,5abe044d5542991f661060a7,0.0,0,3,5,
0,0,2.745779275894165,0,5ab2b666554299194fa934ca,0.3333333333333333,1,3,3,
0,0,2.7625792026519775,0,5a75404a55429916b01642be,0.0,0,3,5,
0,0,2.7260053157806396,0,5adc411f5542994650320cbc,0.16666666666666666,1,3,6,
0,0,2.761502504348755,0,5ae01b8855429925eb1afc14,0.0,0,3,5,
0,0,2.748353958129883,0,5a8c49655542995e66a47598,0.0,0,3,8,
0,0,2.6981112957000732,0,5a79c9cc554299148911fa53,0.2,1,3,5,
0,0,2.7080020904541016,0,5abf8e135542990832d3a14f,0.16666666666666666,1,3,6,
0,0,2.7521684169769287,0,5adcf83855429947343537e1,0.0,0,3,2,
0,0,2.6935360431671143,0,5abcd19c5542993a06baf971,1.0,1,3,1,
0,0,2.692917585372925,0,5ab816b05542990e739ec815,0.25,1,3,4,
0,0,2.7492783069610596,0,5ab3bfd3554299233954ff99,0.16666666666666666,1,3,6,
0,0,2.763984441757202,0,5ae55b8255429908b63265ef,0.125,1,3,8,
0,0,2.7322354316711426,0,5a7108fa5542994082a3e4ef,0.0,0,3,3,
0,0,2.727260112762451,0,5ae34b275542992e3233c371,1.0,1,3,1,
0,0.029411764705882353,3.8968186378479004,0,5a812cd555429926c1cdacfc,0.2857142857142857,2,3,7,
0,0.4,5.546731472015381,1,5ade063d5542995b365fabcd,0.14285714285714285,1,6,7,
0,0,6.08778190612793,1,5ac4efa85542991943173a04,0.25,1,6,4,
0,0,2.865267276763916,0,5ab33ef955429969a97a810e,0.3333333333333333,1,3,3,
0,0,2.893462896347046,0,5a7df7115542990b8f503b0f,0.5,1,3,2,
0,0,4.008772373199463,0,5adfd0d455429942ec259b4d,0.25,1,3,4,
0,0,2.7790110111236572,0,5a7f697c5542992097ad2f59,0.0,0,3,6,
0,0,2.8732359409332275,0,5ab5ec795542997d4ad1f252,0.3333333333333333,1,3,3,
0,0,2.8324694633483887,0,5ab5f249554299488d4d9a5d,0.5,1,3,2,
0,0,2.8960866928100586,0,5a810d7655429903bc27b915,0.4,2,3,5,
0,0,3.9994394779205322,0,5ac00de75542996f0d89cb13,0.75,3,3,4,
0,0,2.8355681896209717,0,5adecc7755429975fa854f9d,0.3333333333333333,1,3,3,
0,0,2.857105255126953,0,5a7412b655429979e28828a1,0.0,0,3,7,
0,0,2.854712724685669,0,5ab484415542990594ba9c44,0.0,0,3,5,
0,0,16.76020097732544,3,5ac1436f5542991316484aad,1.0,1,12,1,
0,0,23.006240129470825,4,5ab234c65542993be8fa98c6,0.25,1,15,4,
0,0,2.7543346881866455,0,5a775bd65542993569682d6b,0.25,1,3,4,
0,0,12.814019441604614,2,5add67705542992ae4cec54f,0.3333333333333333,1,9,3,
0,0,9.696575403213501,1,5a74b55455429974ef308c39,0.0,0,6,7,
0,0,2.87267804145813,0,5a89e4585542992e4fca8454,0.0,0,3,3,
0,0,2.8938815593719482,0,5ae32fc655429928c423965d,0.0,0,3,5,
0,0,2.8968470096588135,0,5abaf0ec5542996cc5e49f22,0.0,0,3,2,
0,0,2.859191417694092,0,5a80b52f554299485f5986d6,0.5,1,3,2,
0,0,2.8677914142608643,0,5a7c47c35542990527d55481,0.5,1,3,2,
0,0,2.779346227645874,0,5ab487765542990594ba9c4e,0.25,1,3,4,
0,0,2.8551411628723145,0,5ae72e79554299572ea54763,0.25,1,3,4,
0,0,2.847719669342041,0,5a8672e4554299211dda2b39,0.0,0,3,5,
0,0,2.86783504486084,0,5a8e27d45542995a26add46a,0.0,0,3,6,
0,0,2.8264901638031006,0,5ac3d10b5542993915413952,1.0,2,3,2,
0,0,2.886012315750122,0,5ae37b4d5542991a06ce99ce,1.0,1,3,1,
0,0,7.160520076751709,1,5a7f010955429934daa2fc8b,0.0,0,6,7,
0,0,2.7486660480499268,0,5ac3b4cc554299741d48a2eb,0.2857142857142857,2,3,7,
0,0,2.7198586463928223,0,5a8f55aa554299458435d5bc,0.0,0,3,1,
0,0,2.723579168319702,0,5ab4147a5542996a3a969f1e,0.0,0,3,6,
0,0,2.6853623390197754,0,5a7b40cd5542995eb53be8d4,0.2,1,3,5,
0,0,2.7579355239868164,0,5ae3e59a5542994393b9e79e,1.0,1,3,1,
0,0,2.777941942214966,0,5ae34a225542992e3233c370,0.25,1,3,4,
0,0,2.7358882427215576,0,5ab950bd55429970cfb8ea4c,0.6666666666666666,2,3,3,
0,0,2.6975150108337402,0,5a8ed8b955429917b4a5bdd3,0.0,0,3,4,
0,0,2.7441611289978027,0,5ae45b6b55429970de88d943,0.3333333333333333,1,3,3,
,,,,5a8ff69655429916514e73f1,,,,,Ollama request exceeded timeout limit for model stable-qwen with error: timed out
0,0,2.745891571044922,0,5ab4b9f75542990594ba9ca4,0.0,0,3,6,
0,0,2.7464685440063477,0,5aba97ed55429901930fa84d,0.14285714285714285,1,3,7,
0,0,2.720189332962036,0,5a7af8fa55429927d897bf25,0.0,0,3,3,
0,0,2.719567060470581,0,5a8d09a955429941ae14df71,0.0,0,3,2,
0,0,2.7151782512664795,0,5a8727dd5542991e771816f8,0.3333333333333333,1,3,3,
0,0,2.7640295028686523,0,5adbfb6b55429947ff17388d,1.0,1,3,1,
0,0,2.7531423568725586,0,5ae494575542995dadf2434d,0.14285714285714285,1,3,7,
0,0,2.7231132984161377,0,5a808b57554299485f598651,0.0,0,3,4,
0,0,2.7553493976593018,0,5a8b59a65542995d1e6f137c,0.0,0,3,7,
0,0,2.7265942096710205,0,5ac06191554299294b218fab,0.5,1,3,2,
0,0,2.7450084686279297,0,5a8205b755429926c1cdadee,0.2222222222222222,2,3,9,
0,0,2.758185863494873,0,5ae2090a5542997f29b3c214,0.6666666666666666,2,3,3,
0,0,2.666372299194336,0,5ae4ad375542995dadf243a4,0.16666666666666666,1,3,6,
0,0,2.774569034576416,0,5a716a9b5542994082a3e821,0.0,0,3,2,
0,0,2.765207052230835,0,5ab674b7554299110f219a0c,1.0,2,3,2,
0,0,2.7096798419952393,0,5ac370ce5542995ef918c18c,0.5,1,3,2,
0,0,2.758638620376587,0,5ae76c235542991e8301cc97,0.5,1,3,2,
0,0,2.73486328125,0,5a7e05f75542995f4f402394,0.0,0,3,7,
0,0,2.7783215045928955,0,5ab7f1315542991d322237d1,0.3333333333333333,1,3,3,
0,0,2.7304437160491943,0,5a8b6ac055429949d91db5a5,0.0,0,3,8,
0,0,2.769590139389038,0,5ab9535a5542996be202047e,0.6666666666666666,2,3,3,
0,0,2.721306085586548,0,5a7c0aa15542997c3ec972cd,0.125,1,3,8,
0,0,2.749152421951294,0,5ab6ba045542995eadef007e,0.0,0,3,5,
0,0,2.7297229766845703,0,5ab89cc25542991b5579efc3,0.0,0,3,3,
0,0,2.7273330688476562,0,5ae1e2765542997f29b3c162,0.0,0,3,8,
0,0,2.807476282119751,0,5ae5e762554299546bf82faf,0.0,0,3,7,
0,0,2.6862337589263916,0,5a75428b55429916b01642c8,0.2,1,3,5,
0,0,2.710449457168579,0,5a84b5975542991dd0999da3,0.0,0,3,7,
0,0,2.758972644805908,0,5a7797a555429967ab105208,0.0,0,3,4,
0,0,2.762946367263794,0,5abe64bf55429976d4830b13,0.0,0,3,4,
0,0,2.733285427093506,0,5a7af74e55429931da12c9b5,0.3333333333333333,2,3,6,
0,0,2.7229998111724854,0,5adea19a55429939a52fe919,0.5,1,3,2,
0,0,2.7857110500335693,0,5addffff5542992200553bdd,0.0,0,3,6,
0,0,2.70633602142334,0,5adce4f65542992c1e3a2474,0.0,0,3,5,
0,0,2.7200822830200195,0,5a85f4425542994775f606c4,0.0,0,3,5,
0,0,8.204423427581787,1,5ab7f27e5542991d322237d6,0.2,1,6,5,
0,0,2.6974072456359863,0,5ae236445542992decbdcc69,0.0,0,3,7,
0,0,2.742607831954956,0,5ab8397155429919ba4e2272,0.0,0,3,7,
0,0,2.746785879135132,0,5a88016b5542997e5c09a58a,0.2,1,3,5,
0,0,2.720952033996582,0,5ac2cb125542996773102626,1.0,1,3,1,
0,0,2.6980135440826416,0,5a7220f055429971e9dc92ac,0.3333333333333333,1,3,3,
0,0,2.708707332611084,0,5a7a073a5542990783324dfb,0.25,1,3,4,
0,0,2.734248399734497,0,5ab985eb554299131ca42360,0.1111111111111111,1,3,9,
0,0,2.79449725151062,0,5a84abaf5542997b5ce3ff06,0.16666666666666666,1,3,6,
0,0,2.7587599754333496,0,5ab8883455429916710eb084,0.3333333333333333,1,3,3,
0,0,5.552111864089966,1,5a80caac554299260e20a161,0.6666666666666666,2,6,3,
0,0,2.719367265701294,0,5a7b6e1d5542997c3ec9716e,0.0,0,3,4,
0,0,2.7623679637908936,0,5ab935c755429934fafe6e74,0.0,0,3,4,
0,0,2.731506824493408,0,5a8e3f2d5542995a26add48f,0.0,0,3,4,
0,0,2.728928327560425,0,5a89da93554299669944a5cc,0.3333333333333333,1,3,3,
0,0,8.980717658996582,1,5a7efd2f5542994959419a9c,0.5,1,6,2,
0,0,3.9269776344299316,0,5abed4d55542990832d3a0e0,0.5,1,3,2,
0,0,31.5926833152771,5,5abd583255429924427fcfb9,0.0,0,18,2,
0,0,25.844370126724243,4,5ae684fe5542991bbc97610e,0.0,0,15,3,
0,0,5.045102834701538,0,5ab2958c554299449642c912,0.3333333333333333,1,3,3,
0,0,5.012445688247681,0,5a7c6753554299683c1c62f9,0.16666666666666666,1,3,6,
0,0,4.9741528034210205,0,5a74bfa55542996c70cfadcf,0.5,3,3,6,
0,0,4.95694899559021,0,5aba55f25542994dbf0198e0,0.0,0,3,9,
0,0,4.972058296203613,0,5ac507825542994611c8b32b,0.0,0,3,3,
0,0,4.919862270355225,0,5a79258a55429974737f79a8,0.5,1,3,2,
0,0,4.984654664993286,0,5a7f732d5542992e7d278d02,0.0,0,3,6,
0,0,4.98067569732666,0,5a87c7dc5542996e4f30891b,0.125,1,3,8,
0,0,4.994347095489502,0,5a7769a35542993569682d8f,0.3333333333333333,1,3,3,
0,0,4.986212253570557,0,5a712c4b5542994082a3e622,1.0,2,3,2,
0,0,21.264298677444458,3,5addd5795542990dbb2f7e9d,0.5,2,12,4,
0,0,4.9624342918396,0,5a7a77425542995eb53be83e,0.2,1,3,5,
0,0,4.903269052505493,0,5a84995d5542997b5ce3fee4,0.0,0,3,8,
0,0,4.938639163970947,0,5a7e618155429949594199b0,0.16666666666666666,1,3,6,
0,0,4.965864181518555,0,5ac258cc554299636651998e,0.0,0,3,5,
0,0,4.911844491958618,0,5adf75e35542993344016c98,0.25,1,3,4,
0,0,4.890026330947876,0,5a775f8a5542994aec3b72ba,0.125,1,3,8,
0,0,4.953199148178101,0,5a84b7db5542991dd0999db0,0.25,1,3,4,
0,0,21.724682807922363,2,5abe024c5542991f661060a2,0.0,0,9,7,
0,0,4.940480947494507,0,5ac5391e5542994611c8b439,0.25,1,3,4,
0,0,18.792829275131226,3,5abff0625542997ec76fd476,0.0,0,12,4,
0,0,4.624266862869263,0,5ae277575542996483e649b2,0.25,1,3,4,
0,0,4.551524877548218,0,5a7ca0ef55429907fabeefd3,0.0,0,3,5,
0,0,4.497389078140259,0,5ae3eeb25542995dadf2425e,0.0,0,3,2,
0,0,9.286117315292358,1,5a886098554299206df2b248,0.2,1,6,5,
0,0,4.459599256515503,0,5ae1e9635542997f29b3c19e,0.0,0,3,5,
0,0,29.915061235427856,5,5a85b0c85542994c784ddb40,0.0,0,15,8,
0,0,4.492280721664429,0,5abe9f7d5542997ec76fd331,0.0,0,3,6,
0,0,4.498989820480347,0,5ae692e35542996d980e7c0e,1.0,1,3,1,
0,0,4.478480100631714,0,5a762f4755429976ec32bd44,0.0,0,3,10,
0,0,4.484649658203125,0,5ae763aa5542995703ce8c09,1.0,1,3,1,
0,0,4.49704122543335,0,5adfe6c455429906c02daa85,0.5,1,3,2,
0,0,4.498021364212036,0,5a8230af554299676cceb227,0.0,0,3,9,
0,0.02469135802469136,9.307628393173218,1,5a79240955429974737f79a4,0.3333333333333333,2,6,6,
0,0.02380952380952381,4.524260520935059,0,5a888b8e5542997e5c09a60a,0.0,0,3,5,
0,0,4.484584331512451,0,5ab529965542990594ba9d1e,0.0,0,3,4,
0,0,4.515103578567505,0,5abe3f3455429976d4830aa8,0.3333333333333333,1,3,3,
0,0,4.531000137329102,0,5ae352285542994393b9e685,0.5,1,3,2,
0,0,4.493358135223389,0,5a8b82a05542995d1e6f13d0,0.0,0,3,5,
0,0,4.490063667297363,0,5ab2bc6b554299545a2cfa40,0.5,1,3,2,
0,0,4.481244087219238,0,5adf07f25542992d7e9f9279,0.3333333333333333,1,3,3,
0,0,4.541091680526733,0,5a7dca645542990b8f503aab,0.125,1,3,8,
0,0,4.463388919830322,0,5a7136e25542994082a3e67e,0.09090909090909091,1,3,11,
0,0,2.741927146911621,0,5ae1faf15542997f29b3c1e3,0.25,1,3,4,
0,0,4.537771940231323,0,5a7d5c175542991319bc93b1,0.5,1,3,2,
0,0.06666666666666667,4.481146812438965,0,5addfdfa5542997dc790710b,0.25,1,3,4,
0,0,4.492771863937378,0,5a7c6fde55429907fabeef87,0.0,0,3,3,
0,0,24.90582036972046,5,5ade043d5542997dc7907122,0.5,1,18,2,
,,,,5ae7376f5542992ae0d163d2,,,,,Ollama request exceeded timeout limit for model stable-qwen with error: timed out
0,0,21.260370016098022,5,5ae2994d554299492dc91c31,0.16666666666666666,1,18,6,
0,0,12.973722696304321,3,5a7a0a2d5542990783324e06,0.3333333333333333,1,12,3,
0,0,2.7135229110717773,0,5a8ad8b65542992d82986fa2,0.25,1,3,4,
0,0,21.40251326560974,5,5a89007355429938390d4026,0.16666666666666666,1,18,6,
0,0,20.389313459396362,5,5ab934465542996be202043e,0.3333333333333333,1,18,3,
0,0,16.394136428833008,4,5ae4a75a55429913cc2044bc,0.5,1,15,2,
0,0,23.33314299583435,5,5a865cac55429960ec39b675,0.0,0,18,1,
0,0,12.928912878036499,3,5a82e36255429940e5e1a93b,0.25,1,12,4,
0,0,9.49898624420166,2,5a7348555542994cef4bc503,0.0,0,9,11,
0,0,6.172962665557861,1,5adf34ff5542992d7e9f92ce,0.25,1,6,4,
0,0,8.895334959030151,2,5a7568175542992d0ec05f88,1.0,2,9,2,
0,0,2.8583102226257324,0,5a817d8c55429903bc27b974,0.0,0,3,22,
0,0,2.926703691482544,0,5a74d92555429929fddd84fa,0.3333333333333333,1,3,3,
0,0,2.8770365715026855,0,5ae7793c554299540e5a55c2,0.0,0,3,4,
0,0,6.067526340484619,1,5ab296a6554299194fa93415,0.0,0,6,6,
0,0,5.479815721511841,1,5a7d1c525542995ed0d165f2,0.16666666666666666,1,6,6,
0,0,12.917128086090088,3,5ac403c45542997ea680c9b5,0.5,1,12,2,
0,0,6.268253564834595,1,5a84d4555542992a431d1aac,0.2222222222222222,2,6,9,
0,0,2.889814615249634,0,5a8b83bc55429949d91db5c0,0.0,0,3,10,
0,0,2.8735222816467285,0,5ab8338155429919ba4e2260,0.0,0,3,4,
0,0,2.872598886489868,0,5ab66e1355429954757d32b2,0.5,2,3,4,
0,0,6.517012119293213,1,5a8a521d5542992d82986f15,1.0,1,6,1,
0,0,2.902555465698242,0,5ab99a215542996be202056a,0.0,0,3,7,
0,0,9.654996156692505,2,5ae7a5f05542993210983ece,0.0,0,9,5,
0,0,2.7702231407165527,0,5a7e59c855429934daa2fc0f,0.5,1,3,2,
0,0,2.7361698150634766,0,5a735bae55429901807dafef,0.5,1,3,2,
0,0,2.7490878105163574,0,5a7f0be055429930675135fe,0.0,0,3,7,
0,0,2.8736863136291504,0,5adce12e5542990d50227d4f,0.0,0,3,1,
0,0,2.8886985778808594,0,5a8ab6be5542992d82986f5f,0.0,0,3,5,
0,0,2.8790745735168457,0,5ae796af554299540e5a5623,0.0,0,3,4,
0,0,2.8426525592803955,0,5a80e468554299260e20a1a9,0.75,3,3,4,
0,0,2.766875743865967,0,5ae4accf5542995ad6573e19,0.25,1,3,4,
0,0,2.879789352416992,0,5ab632aa55429953192ad296,0.3333333333333333,1,3,3,
0,0,2.870710849761963,0,5a7c96e55542990527d554d9,0.0,0,3,3,
0,0,2.784036636352539,0,5ab6ba9d5542995eadef0083,0.0,0,3,2,
0,0,2.8950090408325195,0,5ac2a288554299657fa28ff5,0.0,0,3,8,
0,0,2.8988375663757324,0,5ab2123155429970612095b9,1.0,3,3,3,
0,0,2.879469156265259,0,5a7b192855429927d897bf39,0.0,0,3,4,
0,0,2.89207124710083,0,5ac510255542994611c8b353,0.3333333333333333,1,3,3,
0,0,2.886434555053711,0,5ae5fb55554299546bf82ff6,0.0,0,3,6,
0,0,11.10430908203125,2,5ac4e593554299076e296e37,0.0,0,9,3,
0,0,3.1025390625,0,5ae5f47c5542996de7b71a82,0.0,0,3,6,
0,0,3.060302734375,0,5ab2da99554299194fa93544,1.0,1,3,1,
0,0,2.9875869750976562,0,5a7cba005542990527d55516,0.5,1,3,2,
0,0,3.031343698501587,0,5a80ac53554299485f5986a0,0.2,1,3,5,
0,0,14.683079957962036,3,5ae3f7575542995dadf24277,0.0,0,12,4,
0,0,2.7646377086639404,0,5a76a1a35542993735360122,0.0,0,3,1,
0,0,2.759068250656128,0,5a8f72de5542997ba9cb3266,0.0,0,3,4,
0,0,7.790927410125732,1,5ade618e554299728e26c700,0.25,1,6,4,
0,0,2.8802454471588135,0,5ab474b35542990594ba9c25,0.0,0,3,4,
0,0,2.749586343765259,0,5addf9e05542997dc79070f9,0.0,0,3,4,
0,0,7.556915283203125,1,5a7a06775542996a35c1708c,0.25,1,6,4,
0,0,2.8790767192840576,0,5a8a58f355429930ff3c0da3,0.5,1,3,2,
0,0,5.732074975967407,1,5a86265f55429960ec39b625,1.0,1,6,1,
0,0,2.875018835067749,0,5add39e75542997545bbbcc4,0.16666666666666666,1,3,6,
0,0,2.9087557792663574,0,5ab82bbb5542990e739ec84c,0.0,0,3,3,
0,0,2.9277114868164062,0,5a86ab7755429960ec39b6bf,0.2,1,3,5,
0,0,2.899709939956665,0,5a872c3f5542994775f607a8,0.0,0,3,7,
0,0,5.693061590194702,1,5ab201765542993be8fa98a4,0.0,0,6,2,
0,0,2.85707688331604,0,5ae7f0c75542994a481bbe44,0.3333333333333333,1,3,3,
0,0,2.897183418273926,0,5a747a9a55429929fddd8444,0.25,1,3,4,
0,0.04878048780487805,194.8001790046692,5,5a80cf4c55429938b61421f6,0.0,0,18,6,
0,0,6.264235019683838,1,5adf72335542992d7e9f935f,0.6666666666666666,2,6,3,
0,0,2.8583016395568848,0,5abe76c255429965af743f15,0.2,1,3,5,
0,0,2.957580089569092,0,5a8545ba5542997b5ce3ffdd,0.6666666666666666,2,3,3,
0,0,2.894540309906006,0,5a87136e5542991e771816b2,0.3333333333333333,1,3,3,
0,0,2.8756020069122314,0,5a7c04c85542996dd594b881,1.0,3,3,3,
0,0,2.8751606941223145,0,5adf99065542992d7e9f93b0,0.2,1,3,5,
0,0,2.90442156791687,0,5a7a15d35542996a35c170c4,0.0,0,3,20,
0,0,5.403715133666992,0,5a88ba2c554299206df2b34b,0.4,2,3,5,
0,0,2.903968572616577,0,5a78dc4d55429970f5fffdb6,0.0,0,3,3,
0,0,2.9240176677703857,0,5ae0b7cf554299603e418446,1.0,1,3,1,
0,0,2.9114038944244385,0,5ae705725542995703ce8bbc,0.0,0,3,5,
0,0,2.912067413330078,0,5a813e1b55429903bc27b958,0.0,0,3,6,
0,0,2.925175905227661,0,5adc99d95542994ed6169baa,0.0,0,3,3,
0,0,2.925766706466675,0,5adf39d55542992d7e9f92e6,0.5,1,3,2,
0,0,2.883949041366577,0,5a8dd13055429917b4a5bcba,0.0,0,3,3,
0,0,2.8723857402801514,0,5a74325055429979e28828b3,0.3333333333333333,1,3,3,
0,0,2.8960959911346436,0,5a753c8c55429916b01642ab,0.0,0,3,4,
0,0,2.9387805461883545,0,5ae5e881554299546bf82fbb,0.0,0,3,5,
0,0,2.868594169616699,0,5a8787915542996e4f30882e,0.125,1,3,8,
0,0,2.924124240875244,0,5a770d785542993569682cad,0.2,1,3,5,
0,0,2.95295786857605,0,5ab2e3c45542991669774126,0.0,0,3,5,
0,0,2.8652760982513428,0,5a75d45f5542994ccc918630,0.0,0,3,3,
0,0,6.019120931625366,1,5a83d7d05542992ef85e237a,0.25,1,6,4,
0,0,2.842916250228882,0,5a8a5a1955429930ff3c0da7,0.0,0,3,2,
0,0,2.8893556594848633,0,5a8fa2955542992414482b11,0.3333333333333333,1,3,3,
0,0,2.923367977142334,0,5a80aeef5542992097ad301a,0.75,3,3,4,
0,0,2.9705848693847656,0,5ae67def5542991bbc9760f3,0.0,0,3,5,
0,0,2.916746139526367,0,5ab1f494554299706120959c,0.6,3,3,5,
0,0,2.855846643447876,0,5ae78f3b554299540e5a5608,0.0,0,3,2,
0,0,2.8665294647216797,0,5ade1f0555429975fa854e74,0.0,0,3,3,
0,0,2.8694021701812744,0,5ab594545542997d4ad1f183,0.5,1,3,2,
0,0,2.8542070388793945,0,5a90d25655429916514e7585,0.6666666666666666,2,3,3,
0,0,2.870425224304199,0,5a78a84d554299148911f8fd,0.16666666666666666,1,3,6,
0,0,3.422044515609741,0,5abe369055429976d4830a8a,0.5,2,3,4,
0,0.1142857142857143,25.414166688919067,5,5a7b69b155429927d897bfbc,0.2,1,18,5,
0,0,20.253170490264893,5,5a8389445542996488c2e450,0.5,1,18,2,
0,0,20.30847430229187,5,5ae74baa5542997b22f6a68f,0.0,0,18,6,
0,0,23.01901650428772,5,5ac2a35055429967731025ce,0.0,0,18,12,
0,0,20.72568964958191,5,5ae1b1445542997283cd223d,0.0,0,18,3,
0,0,20.295802116394043,5,5ae7525f5542991e8301cc60,0.0,0,18,3,
0,0,19.826552391052246,5,5a80752b5542992bc0c4a720,0.25,1,18,4,
0,0,25.11047625541687,5,5ab94e72554299743d22eaed,0.3333333333333333,1,18,3,
0,0,20.604257345199585,5,5ab82dbb5542990e739ec857,0.6666666666666666,2,18,3,
0,0,22.133944511413574,5,5a7e1bae55429965cec5ea6f,0.2,1,18,5,
,,,,5ab9be4f554299753720f843,,,,,Ollama request exceeded timeout limit for model stable-qwen with error: timed out
0,0,20.513285160064697,5,5a76364d5542994ccc918719,0.0,0,18,4,
0,0,20.486756324768066,5,5a72a9145542994cef4bc3c1,0.4,2,18,5,
0,0,6.322343349456787,1,5ae76dfd5542997b22f6a755,0.0,0,6,7,
0,0,2.9018561840057373,0,5adca5a45542994d58a2f692,0.3333333333333333,1,3,3,
0,0,2.9299075603485107,0,5ab797af5542995dae37e96c,0.3333333333333333,1,3,3,
0,0,2.8745970726013184,0,5a728f745542991f9a20c4e6,0.25,2,3,8,
0,0,9.798490762710571,2,5a8cb4b2554299585d9e372a,0.0,0,9,2,
0,0,2.8969790935516357,0,5a8e41735542995085b37406,0.0625,1,3,16,
0,0,5.715567588806152,1,5abea9a35542990832d3a07e,0.0,0,6,2,
0,0,20.017976760864258,5,5ab7b0775542992aa3b8c83e,0.0,0,18,1,
0,0,2.8717615604400635,0,5adc75525542994650320d0e,0.0,0,3,3,
0,0,5.787052631378174,1,5a823b0c55429940e5e1a804,0.0,0,6,1,
,,,,5abc25b6554299700f9d77f9,,,,,Ollama request exceeded timeout limit for model stable-qwen with error: timed out
0,0,2.884777307510376,0,5adc760c5542994650320d11,0.25,1,3,4,
0,0,2.8801052570343018,0,5ae33cf45542990afbd1e0ea,0.0,0,3,2,
0,0,2.9173836708068848,0,5abadc355542996606241644,0.5,2,3,4,
0,0,2.9145336151123047,0,5ac3ae885542995ef918c1e7,0.0,0,3,8,
0,0,2.883298635482788,0,5abcfa6f5542993a06baf9c7,0.0,0,3,2,
0,0,2.880610466003418,0,5ab29e87554299194fa9346e,0.0,0,3,5,
0,0,2.8790884017944336,0,5a8d4cf35542994ba4e3dc5f,0.0,0,3,3,
0,0,3.843787908554077,0,5ac19b2c55429963665198b6,0.5,1,3,2,
0,0,20.849741458892822,5,5adc983c5542990d50227cb6,0.3333333333333333,1,18,3,
0,0,8.857163429260254,2,5abd0ee65542996e802b46d7,0.3333333333333333,1,9,3,
0,0,2.8664560317993164,0,5a8d841955429941ae14dfe6,0.0,0,3,4,
0,0,2.852635622024536,0,5ae0bb2c5542993d6555ec27,0.25,1,3,4,
0,0,2.92012357711792,0,5a73b1855542992d56e7e388,0.0,0,3,12,
0,0,2.904611587524414,0,5abb7d8b5542996cc5e4a006,0.0,0,3,3,
0,0,2.9438209533691406,0,5a716dc15542994082a3e82b,0.6666666666666666,2,3,3,
0,0,72.04447889328003,1,5a8078d85542995d8a8ddf78,1.0,1,6,1,
0,0,6.305144786834717,1,5abd049d5542992ac4f381a8,0.0,0,6,5,
0,0,2.965235471725464,0,5a8434445542996488c2e517,0.4,2,3,5,
0,0,2.955139398574829,0,5addf3d65542990dbb2f7f0e,0.0,0,3,2,
0,0,2.903111219406128,0,5a7577145542996c70cfaf03,0.25,1,3,4,
0,0,7.1467976570129395,1,5a7747e15542994aec3b7266,0.6666666666666666,2,6,3,
0,0,2.91903018951416,0,5adc020a5542994650320c4c,0.25,1,3,4,
0,0,20.889652729034424,5,5ac007cc5542996f0d89cb0b,1.0,1,18,1,
0,0,7.7608630657196045,1,5ae7eb43554299540e5a5695,0.0,0,6,4,
0,0,22.500735759735107,5,5a72a4645542991f9a20c54c,0.6666666666666666,2,18,3,
0,0,8.71690821647644,1,5ae74eeb5542991bbc9761e1,0.0,0,6,4,
0,0,2.930997133255005,0,5ae2e73a55429928c4239545,0.3333333333333333,1,3,3,
0,0,2.931413412094116,0,5a75e60e55429976ec32bc88,0.14285714285714285,2,3,14,
0,0,22.081374645233154,5,5a7b2144554299042af8f6f7,0.1111111111111111,1,18,9,
0,0,22.02486491203308,5,5ab8633c55429919ba4e22d6,0.25,1,18,4,
0,0,6.556809663772583,1,5adfa570554299025d62a31c,0.0,0,6,12,
0,0,2.8677287101745605,0,5ab2b6fb5542992953946848,0.0,0,3,5,
0,0,2.893014430999756,0,5ab865195542990e739ec8e3,0.5,2,3,4,
0,0,2.86960506439209,0,5abd83775542993062266cb7,0.2857142857142857,2,3,7,
0,0,2.9409937858581543,0,5a7d22dc5542995ed0d16600,0.5,1,3,2,
0,0,2.892535448074341,0,5a7456ec55429979e288290f,0.25,1,3,4,
0,0,2.8936028480529785,0,5a77510b5542994aec3b728b,0.5,1,3,2,
0,0,2.906343936920166,0,5a8f12705542997ba9cb31be,0.5,1,3,2,
0,0,2.8540143966674805,0,5a7bd25a554299294a54ab13,0.5,2,3,4,
0,0,2.8866310119628906,0,5a8482e55542997175ce1edc,0.0,0,3,3,
0,0,2.94564151763916,0,5ae1b01b5542997283cd2237,0.2857142857142857,2,3,7,
0,0,23.221480131149292,5,5a8cc08455429941ae14deea,0.25,1,18,4,
0,0,19.821210622787476,5,5adf74255542992d7e9f937d,0.0,0,18,6,
0,0,2.9587583541870117,0,5add74b75542992200553b24,0.0,0,3,4,
0,0,2.9406204223632812,0,5ae2e61455429928c423953e,0.2,1,3,5,
0,0,2.8929085731506348,0,5a79ced45542994bb94570cb,0.0,0,3,5,
0,0,2.895467758178711,0,5a7a8d2355429941d65f26a1,0.0,0,3,4,
0,0,2.937864303588867,0,5ae400ab5542995dadf242be,1.0,2,3,2,
0,0,2.9155211448669434,0,5a7fb17c5542994857a767bb,0.16666666666666666,1,3,6,
0,0,9.378522157669067,2,5a7735f55542994aec3b7226,0.25,1,9,4,
0,0,2.9400174617767334,0,5a735e9155429901807db00d,0.0,0,3,4,
0,0,2.889942169189453,0,5a7f33115542992e7d278c84,1.0,1,3,1,
0,0,2.9139018058776855,0,5a7b681b554299042af8f767,0.0,0,3,1,
0,0,2.9146018028259277,0,5ae0a2c75542993d6555ebcf,0.2,1,3,5,
0,0,2.938476324081421,0,5ae38b115542990afbd1e183,1.0,1,3,1,
0,0,2.9118289947509766,0,5a81e89d5542995ce29dcc72,0.0,0,3,2,
0,0,2.8946690559387207,0,5ae2125e554299495565d9db,0.0,0,3,3,
0,0,6.478876113891602,1,5a8dce155542994ba4e3dd24,0.2,1,6,5,
0,0,16.472503662109375,4,5a75d00a5542992db94736d1,1.0,1,15,1,
,,,,5a8a203c55429970aeb7026d,,,,,Ollama request exceeded timeout limit for model stable-qwen with error: timed out
0,0,19.680063247680664,5,5a85f4ec5542994775f606c6,1.0,1,18,1,
0,0,20.955500841140747,5,5a7e3c6e5542994959419937,0.0,0,18,3,
0,0,21.727646589279175,5,5a85d4395542996432c570f5,0.25,1,18,4,
0,0,20.058573484420776,5,5ab3bd7d55429969a97a819f,0.2,1,18,5,
0,0,19.89360499382019,5,5a8aee3d55429950cd6afc01,0.0,0,18,2,
0,0.043478260869565216,21.16604447364807,5,5ab925c755429919ba4e23d6,1.0,2,18,2,
,,,,5a79395455429970f5fffe7d,,,,,Ollama request exceeded timeout limit for model stable-qwen with error: timed out
0,0,20.309494495391846,5,5ab9c7c355429939ce03dc17,0.0,0,18,5,
0,0,20.713447093963623,5,5ae33cf55542992f92d82268,0.0,0,18,7,
0,0,6.290468692779541,1,5ac439005542995c82c4acf9,0.5,1,6,2,
0,0,2.8836400508880615,0,5a8a17685542993b751ca9f3,0.3333333333333333,1,3,3,
0,0,2.9458601474761963,0,5abbfb5e554299114383a0d0,0.2,1,3,5,
0,0,20.508818864822388,5,5a7e31c055429934daa2fbee,0.0,0,18,5,
0,0,18.25400137901306,4,5ab2f45d5542991669774151,0.3333333333333333,2,15,6,
0,0,9.626925706863403,2,5ab510cb5542996a3a96a00f,0.0,0,9,3,
0,0,2.914515495300293,0,5a758ce05542992db947367c,0.3333333333333333,1,3,3,
0,0,23.800991535186768,5,5a8b2a0355429971feec465b,0.3333333333333333,1,18,3,
0,0,20.240455389022827,5,5ae15d70554299422ee9966f,0.2,1,18,5,
0,0,20.12869429588318,5,5ae830f05542997ec2727758,0.5,2,18,4,
0,0,6.649109840393066,1,5abbdaef554299642a094b5d,0.0,0,6,3,
0,0,3.302626609802246,0,5ae09a6b55429924de1b710d,0.0,0,3,2,
0,0,3.243276357650757,0,5a8408a9554299123d8c21d3,0.0,0,3,8,
0,0,3.2838387489318848,0,5a8a575a554299515336136e,0.25,1,3,4,
0,0,3.2368927001953125,0,5ade126355429939a52fe7ea,0.4,2,3,5,
0,0,16.12284779548645,3,5ae07ddb55429945ae95937b,0.0,0,12,4,
0,0,6.1851513385772705,1,5ae7f56e5542993210983fd1,0.3333333333333333,2,6,6,
0,0,3.217634677886963,0,5ab3f7b05542992ade7c6efd,0.0,0,3,1,
0,0,3.3061158657073975,0,5ade09945542997545bbbe2c,0.0,0,3,4,
0,0,3.2571794986724854,0,5adfb78f5542995ec70e9081,0.0,0,3,6,
0,0,3.23921537399292,0,5adc6ded55429947ff17395d,1.0,2,3,2,
0,0,23.55367088317871,5,5a79c2955542994f819ef097,0.0,0,18,3,
0,0,19.77371597290039,5,5ab2e3a15542992953946893,0.25,1,18,4,
0,0,6.626984119415283,1,5ae7f1e65542994a481bbe4a,0.03225806451612903,1,6,31,
0,0,3.208984851837158,0,5ab504865542991779162d52,0.0,0,3,6,
,,,,5abd38285542993062266c19,,,,,Ollama request exceeded timeout limit for model stable-qwen with error: timed out
0,0,3.252875804901123,0,5a7506f455429916b0164240,0.16666666666666666,1,3,6,
0,0,3.215008497238159,0,5a7b215f55429931da12c9e3,0.0,0,3,2,
,,,,5ab7b0575542992aa3b8c83d,,,,,Ollama request exceeded timeout limit for model stable-qwen with error: timed out
0,0,3.24080753326416,0,5ac0060f554299012d1db578,0.25,1,3,4,
0,0,3.232531785964966,0,5aba71b155429955dce3ee2a,0.14285714285714285,1,3,7,
0,0,3.2774641513824463,0,5ac11139554299294b219083,0.75,3,3,4,
0,0,3.2989439964294434,0,5a8763a25542993e715abf1f,0.25,1,3,4,
0,0,3.2866687774658203,0,5a77626b5542993569682d77,0.5,2,3,4,
0,0,3.298811912536621,0,5ac35003554299741d48a24b,0.0,0,3,10,
0,0,6.872262477874756,1,5ae532f85542990ba0bbb20a,0.3333333333333333,1,6,3,
0,0,3.282353639602661,0,5ab8372255429919ba4e226b,0.14285714285714285,1,3,7,
0,0,19.869150400161743,5,5ac2509755429951e9e68543,0.3333333333333333,1,18,3,
0,0,3.2738595008850098,0,5ae377c45542990afbd1e16b,0.5,1,3,2,
0,0,3.276061534881592,0,5ae5ef105542996de7b71a72,0.2222222222222222,2,3,9,
0,0,11.360453128814697,2,5a821c95554299676cceb219,0.0,0,9,3,
0,0,7.00516414642334,1,5a85e24a5542994775f6067f,0.5,3,6,6,
0,0,3.5942132472991943,0,5aba768c55429901930fa7e0,0.0,0,3,4,
0,0,3.5512654781341553,0,5ab926bc554299131ca42285,0.5,1,3,2,
0,0,3.2974841594696045,0,5a8e2fe95542995085b373d0,0.125,1,3,8,
0,0,3.564197540283203,0,5a8ae00e5542992d82986fc7,0.0,0,3,8,
0,0,3.5915157794952393,0,5a761e855542994ccc9186e0,0.2,1,3,5,
0,0,3.5847012996673584,0,5add813e5542992200553b46,0.3333333333333333,1,3,3,
0,0,3.5794432163238525,0,5ab841d15542990e739ec89d,0.2,1,3,5,
0,0,3.5944268703460693,0,5ac2ada255429967731025f9,0.0,0,3,3,
0,0,3.5541234016418457,0,5ac546975542993e66e8229a,0.0,0,3,6,
0,0,3.532696008682251,0,5a9023d355429916514e742f,0.3333333333333333,1,3,3,
0,0,3.560696601867676,0,5ae22ede554299234fd0441b,0.0,0,3,12,
0,0,3.515139579772949,0,5a88d7fc5542993b751ca879,0.5,1,3,2,
0,0,3.2999353408813477,0,5a7f22005542993067513657,0.0,0,3,4,
0,0,3.5121920108795166,0,5a79102a554299148911f9da,0.4,2,3,5,
0,0,3.5723724365234375,0,5abe50b45542991f6610613f,0.2857142857142857,2,3,7,
0,0,3.536565065383911,0,5ae505d355429908b63264e4,0.3333333333333333,1,3,3,
0,0,3.537766218185425,0,5a87e5345542993e715abffb,0.14285714285714285,1,3,7,
0,0,3.5580928325653076,0,5abb207d5542992ccd8e7f1d,0.6666666666666666,2,3,3,
0,0,3.5326242446899414,0,5abfcdb55542993fe9a41e7b,1.0,1,3,1,
0,0,3.568155527114868,0,5abd36165542993062266bfb,0.0,0,3,3,
0,0,3.3086776733398438,0,5ab2d9f1554299545a2cfac9,1.0,2,3,2,
0,0,6.97564435005188,1,5a75da6d5542992db94736fa,0.2,1,6,5,
0,0,3.256626605987549,0,5a7a19765542996a35c170cf,0.0,0,3,6,
0,0,3.2753732204437256,0,5ab58ee6554299488d4d99d6,0.0,0,3,4,
0,0,3.2271478176116943,0,5ab29346554299545a2cf997,1.0,1,3,1,
0,0,3.1895711421966553,0,5a8468c95542990548d0b2b1,0.0,0,3,2,
0,0,3.2903876304626465,0,5ae2136d5542997283cd23b6,0.6666666666666666,2,3,3,
0,0,3.2605807781219482,0,5abeb91c5542994516f45400,0.0,0,3,5,
0,0,3.4031593799591064,0,5a7b542455429927d897bf92,1.0,1,3,1,
0,0,3.1954267024993896,0,5a8a07af55429970aeb70222,0.2,1,3,5,
0,0,3.2711880207061768,0,5a80d1ce554299260e20a178,0.3333333333333333,1,3,3,
0,0,3.2795464992523193,0,5a75e61c5542992d0ec06012,0.2,1,3,5,
0,0,3.692178964614868,0,5a8ec55f5542995a26add50c,0.25,1,3,4,
0,0,3.2364466190338135,0,5ae077805542993d6555eb6e,0.0,0,3,6,
0,0,3.2602603435516357,0,5ade17d255429939a52fe80e,0.0,0,3,10,
0,0,3.224491834640503,0,5add3a605542990dbb2f7ddb,0.5,1,3,2,
0,0,3.244589328765869,0,5a7c9cc45542990527d554e1,0.14285714285714285,1,3,7,
0,0,3.293553590774536,0,5aba9d7955429901930fa85f,0.3333333333333333,1,3,3,
0,0,3.227971076965332,0,5a8ce9ed554299585d9e3764,0.0,0,3,5,
0,0,3.688847541809082,0,5abfe1115542997d64295909,0.3333333333333333,1,3,3,
0,0,3.233525276184082,0,5ae24b165542996483e64962,0.0,0,3,6,
0,0,3.6472713947296143,0,5a832fdd55429954d2e2ec4f,0.0,0,3,4,
0,0,3.2521920204162598,0,5ac46c83554299204fd21f45,0.0,0,3,1,
0,0,3.2548036575317383,0,5a81329655429926c1cdad0c,0.3333333333333333,1,3,3,
0,0,3.2980620861053467,0,5a81a4335542990a1d231e38,0.0,0,3,13,
0,0,6.701636075973511,1,5ab5ac345542992aa134a37f,1.0,2,6,2,
0,0,3.2848901748657227,0,5ac009bf5542997d642959a7,0.3333333333333333,1,3,3,
0,0,7.174781322479248,1,5a79c1185542994bb9457065,0.5,1,6,2,
0,0,3.312513589859009,0,5abdb5b455429965af743dfa,0.5,1,3,2,
0,0,6.563205242156982,1,5a8d8e4f5542994ba4e3dca7,0.3333333333333333,1,6,3,
0,0,3.249805212020874,0,5a80a654554299485f598679,0.25,1,3,4,
0,0,3.268988847732544,0,5a7327265542994cef4bc480,0.2,1,3,5,
0,0,3.242677688598633,0,5a7c762d55429935c91b51c7,0.0,0,3,9,
0,0,6.2421722412109375,1,5a89e8035542992e4fca846d,1.0,2,6,2,
0,0,3.2390801906585693,0,5abc36cc55429959677d6a50,0.0,0,3,3,
0,0,3.28079891204834,0,5ae680cc5542996d980e7ba5,0.0,0,3,10,
0,0,3.2768309116363525,0,5ac18baa5542991316484b33,0.0,0,3,6,
0,0,3.2782115936279297,0,5ab45bcd5542991779162c80,0.25,1,3,4,
0,0,3.301199436187744,0,5a7b3a2455429927d897bf5c,0.0,0,3,11,
0,0,3.298661231994629,0,5a75eb125542994ccc918659,0.0,0,3,2,
0,0,3.2922091484069824,0,5a7291c35542991f9a20c4f4,0.5,1,3,2,
0,0,3.26389479637146,0,5ae180d855429901ffe4aecc,0.14285714285714285,1,3,7,
0,0,3.2474775314331055,0,5a776bc855429966f1a36d3a,0.3333333333333333,2,3,6,
0,0,3.2430293560028076,0,5ae70369554299572ea54683,0.0,0,3,3,
0,0,3.2967324256896973,0,5a8b4fcc55429949d91db541,1.0,1,3,1,
0,0,3.2329916954040527,0,5ae18b555542997b2ef7d1f7,1.0,1,3,1,
0,0,3.297520875930786,0,5adcdc6c5542992c1e3a2437,0.2857142857142857,2,3,7,
0,0,3.277742862701416,0,5a89e92c5542993b751ca9af,0.5,1,3,2,
0,0,3.292471408843994,0,5a7e19e655429965cec5ea58,0.5,1,3,2,
0,0,3.0893077850341797,0,5a7a3a2a5542996c55b2dd41,0.0,0,3,4,
0,0,3.274665355682373,0,5a7119095542994082a3e589,0.5,1,3,2,
0,0,3.2042760848999023,0,5a770bb855429937353601b5,0.0,0,3,3,
0,0,3.25125789642334,0,5a738bd0554299623ed4abee,0.0,0,3,13,
0,0,6.945619344711304,1,5ac12275554299012d1db6a3,0.0,0,6,1,
0,0,3.266242742538452,0,5adbe75455429944faac23af,0.125,1,3,8,
0,0,3.245279312133789,0,5a732aaa5542992359bc325a,0.0,0,3,4,
0,0,3.270669937133789,0,5a7905f555429974737f7947,0.3333333333333333,1,3,3,
0,0,3.2496910095214844,0,5a901b985542995651fb50b0,0.0,0,3,3,
0,0,3.299186944961548,0,5a85f98e5542996432c57152,0.2,1,3,5,
0,0,3.2408673763275146,0,5a7e02cf5542997cc2c474f4,0.0,0,3,4,
0,0,21.972418785095215,5,5a8f54215542992414482a54,0.25,1,18,4,
0,0,22.09776210784912,5,5abad3445542996cc5e49ea0,0.125,1,18,8,
0,0,20.18528413772583,5,5a8fd9ac5542990a98493570,0.0,0,18,3,
0,0,20.47654151916504,5,5ae0c9dd5542993d6555ec69,1.0,2,18,2,
0,0,17.186589002609253,3,5ab614e5554299488d4d9a9c,0.0,0,12,2,
0,0,3.270522356033325,0,5a83431d5542993344745ff5,0.0,0,3,9,
0,0,3.3342621326446533,0,5abe89dd55429976d4830b5d,0.0,0,3,2,
0,0,3.2926344871520996,0,5ae0575755429945ae95931f,0.25,1,3,4,
0,0,3.220290184020996,0,5ab7d12f55429928e1fe391f,0.25,1,3,4,
0,0,3.2680890560150146,0,5adfd42555429942ec259b52,0.2,1,3,5,
0,0,3.2629199028015137,0,5ae7b6055542993210983f00,1.0,2,3,2,
0,0,3.24594783782959,0,5ae325bd5542991a06ce9936,0.5,2,3,4,
0,0,3.3375658988952637,0,5abbdf8055429931dba145bb,0.5,2,3,4,
0,0,3.2810678482055664,0,5ae0a48155429945ae9593df,0.0,0,3,3,
0,0.06666666666666667,3.3283112049102783,0,5abee69c5542993fe9a41d8b,0.0,0,3,3,
0,0,3.292858839035034,0,5a8dcbc0554299068b959df4,0.0,0,3,4,
0,0,3.3104257583618164,0,5a7a9ed55542995eb53be87d,0.5,1,3,2,
0,0,3.251338243484497,0,5ab3cc395542992ade7c6e9f,0.5,1,3,2,
0,0,3.2876992225646973,0,5a81a2e25542990a1d231e32,1.0,1,3,1,
0,0,3.2371532917022705,0,5a7cc5f9554299452d57ba49,0.4,2,3,5,
0,0,3.246065855026245,0,5ab69f13554299710c8d1ef3,,,,,
0,0,3.251185655593872,0,5a90ab995542990a98493683,0.2,1,3,5,
0,0,3.281097173690796,0,5ade38d8554299728e26c680,0.0,0,3,3,
0,0,15.114434719085693,3,5ae5cf1b554299546bf82f7a,0.0,0,12,8,
0,0,2.9346628189086914,0,5ab56f4b554299637185c599,0.5,1,3,2,
0,0,2.886420726776123,0,5a74bc1555429929fddd84dd,0.6,3,3,5,
0,0,2.8950893878936768,0,5a8f08c2554299458435d531,0.0,0,3,11,
0,0,2.9010069370269775,0,5ab9d2e255429955dce3ed90,0.16666666666666666,1,3,6,
0,0,2.8955695629119873,0,5ae3f2895542995ad6573cc9,0.6666666666666666,2,3,3,
0,0,7.756575345993042,1,5a9068075542990a9849361a,1.0,2,6,2,
0,0,2.968510150909424,0,5a7344e95542991f9a20c6ce,0.0,0,3,5,
0,0,2.9256277084350586,0,5a7e0ed25542991319bc9424,0.0,0,3,4,
0,0,2.947986125946045,0,5ae17a9b5542990adbacf7a2,0.0,0,3,6,
0,0,20.322014331817627,5,5a8d651955429941ae14dfaf,0.25,2,18,8,
0,0,13.138253211975098,3,5a8f23555542997ba9cb31e3,0.0,0,12,4,
0,0.15384615384615383,2.8788599967956543,0,5a815c2e5542995ce29dcbe8,0.0,0,3,9,
0,0,2.978869915008545,0,5a8ad8ed5542992d82986fa3,0.6666666666666666,2,3,3,
0,0,2.8801913261413574,0,5adf3f1d5542992d7e9f9310,0.125,1,3,8,
0,0,2.9128198623657227,0,5adcd2435542992c1e3a241b,0.0,0,3,6,
0,0,2.9481430053710938,0,5a8796345542994846c1cda3,0.125,1,3,8,
0,0,2.8771121501922607,0,5abbb0655542992ccd8e7f72,0.3333333333333333,1,3,3,
0,0,2.8682217597961426,0,5adbfb6855429944faac23e4,0.0,0,3,4,
0,0,2.9021365642547607,0,5adfd56655429925eb1afaac,0.0,0,3,2,
0,0,2.939072608947754,0,5a79cd665542994bb94570bf,0.4,2,3,5,
0,0,2.932168483734131,0,5ae731ae5542991bbc9761c1,0.08333333333333333,1,3,12,
0,0,6.253765344619751,1,5a710a915542994082a3e504,0.3333333333333333,1,6,3,
0,0,2.9388866424560547,0,5abb2e6855429966062416df,0.0,0,3,3,
0,0,6.257529258728027,1,5ab4341c55429942dd415ede,0.0,0,6,3,
0,0,2.9323036670684814,0,5ab9668c55429970cfb8eaba,0.0,0,3,2,
0,0,19.782752990722656,5,5abb08c65542996cc5e49f61,0.0,0,18,10,
0,0,12.916740894317627,3,5ae4818f5542995ad6573d5b,0.0,0,12,9,
0,0,2.897369861602783,0,5ade283a5542997c77aded80,0.0,0,3,7,
0,0,9.584476709365845,2,5a7c25035542997c3ec972e5,0.0,0,9,3,
0,0,2.864335775375366,0,5ae4075b55429970de88d87a,0.3333333333333333,1,3,3,
0,0,2.876631736755371,0,5ac508205542994611c8b32e,0.0,0,3,11,
0,0,2.9206955432891846,0,5ac31129554299741d48a1a2,0.16666666666666666,1,3,6,
0,0,2.924337863922119,0,5ac2eec55542990b17b154c1,0.0,0,3,7,
0,0,11.495835304260254,1,5adf9b1e5542992d7e9f93b5,0.0,0,6,9,
0,0,2.9097578525543213,0,5ab815865542995dae37ea2d,0.25,1,3,4,
0,0,2.9128921031951904,0,5a72bd0b5542992359bc318f,0.25,1,3,4,
0,0,2.885127305984497,0,5adc7dbf5542994d58a2f618,0.4,2,3,5,
,,,,5ae0e5655542990adbacf6b8,,,,,Ollama request exceeded timeout limit for model stable-qwen with error: timed out
0,0,5.885046005249023,0,5ae09ec055429924de1b7116,0.5,1,3,2,
0,0,21.165533542633057,5,5adcc21f5542990d50227d05,0.3333333333333333,1,18,3,
0,0,9.211062669754028,2,5a79eef75542996c55b2dca6,0.0,0,9,6,
0,0,2.930791139602661,0,5a89382655429951533612e8,0.0,0,3,6,
0,0,6.3372602462768555,1,5a74ab6055429916b01641b9,0.0,0,6,12,
0,0,2.7688357830047607,0,5ac540365542994611c8b470,0.5,2,3,4,
0,0,2.9130756855010986,0,5a7e0bb65542997cc2c4750a,0.5,2,3,4,
0,0,11.512235641479492,1,5a74670855429929fddd840d,0.5,1,6,2,
0,0,15.449082136154175,1,5a79f27e5542990198eaf014,0.14285714285714285,1,6,7,
0,0,3.0501253604888916,0,5a7789195542995d831811a2,0.4,2,3,5,
0,0,3.077300548553467,0,5a7a27b35542996a35c1710b,0.0,0,3,4,
0,0,3.048614263534546,0,5a7c6ed3554299683c1c6306,0.0,0,3,4,
0,0,3.0354084968566895,0,5ae7eefd554299540e5a56b6,0.5,1,3,2,
0,0,3.0355520248413086,0,5a790e69554299148911f9d7,0.3333333333333333,1,3,3,
0,0,3.048039674758911,0,5ac11037554299294b21907a,0.0,0,3,9,
0,0,3.0364837646484375,0,5abd648155429933744ab7ac,0.0,0,3,5,
0,0,2.999887228012085,0,5abacac45542996cc5e49e94,0.0,0,3,5,
0,0,3.0650501251220703,0,5a760dcd5542994ccc9186a1,0.6666666666666666,2,3,3,
0,0,3.0427744388580322,0,5a90af865542990a9849369c,0.3333333333333333,1,3,3,
0,0,3.0375449657440186,0,5adc0e0355429944faac2404,0.0,0,3,5,
0,0,2.989394426345825,0,5a7faed65542994857a767b6,0.0,0,3,5,
0,0,3.0364184379577637,0,5abf12f25542997719eab667,0.0,0,3,3,
0,0,2.9530880451202393,0,5a90719b5542995b442420b7,0.0,0,3,4,
0,0,3.0423572063446045,0,5a72953b5542994cef4bc357,0.14285714285714285,1,3,7,
0,0,2.970989227294922,0,5abc17c25542993a06baf85b,0.0,0,3,5,
0,0,3.0027127265930176,0,5a7b5af7554299042af8f752,0.3333333333333333,2,3,6,
0,0,3.0239927768707275,0,5ab8919655429934fafe6e13,0.25,1,3,4,
,,,,5ae074aa5542993d6555eb54,,,,,Ollama request exceeded timeout limit for model stable-qwen with error: timed out
0,0,6.355679035186768,1,5ae4932855429970de88d9b8,0.6666666666666666,2,6,3,
0,0,3.114421844482422,0,5a7760165542993569682d74,0.0,0,3,3,
0,0,3.1077566146850586,0,5ab392ec55429969a97a817d,0.0,0,3,6,
0,0,3.010226011276245,0,5adf8dd25542993344016cfe,0.3333333333333333,2,3,6,
0,0,3.0373713970184326,0,5a7b1a4a55429927d897bf3b,0.2,1,3,5,
0,0,3.0477302074432373,0,5ae57d3a554299546bf82ee6,0.25,1,3,4,
0,0,3.0578386783599854,0,5a8bd43c5542997f31a41dd6,0.25,1,3,4,
0,0,3.055852174758911,0,5a7f451a55429969796c19ec,0.2,1,3,5,
0,0,3.0492632389068604,0,5a73cbe4554299623ed4ac5f,0.2,1,3,5,
0,0,2.999154806137085,0,5ade007e5542997545bbbdf4,0.5,1,3,2,
0,0,3.0842015743255615,0,5a78d35e55429974737f78c3,0.0,0,3,4,
0,0,8.508048295974731,1,5a7d3f895542995f4f402248,0.0,0,6,2,
0,0,2.8947665691375732,0,5ab3e07e55429969a97a81e5,0.0,0,3,5,
0,0,2.93172550201416,0,5adf82945542993344016ca4,0.5,1,3,2,
0,0,2.888923406600952,0,5ac4ecea55429919431739fd,0.0,0,3,6,
0,0,2.966937303543091,0,5a81346055429926c1cdad13,0.25,1,3,4,
0,0,2.9690167903900146,0,5a8b349a55429971feec466b,1.0,1,3,1,
0,0,2.887439727783203,0,5ae608715542992663a4f244,0.2,1,3,5,
0,0,2.940483570098877,0,5abeebe25542993fe9a41d9c,0.0,0,3,2,
0,0,2.9414150714874268,0,5a7e7d4655429934daa2fc2e,0.25,1,3,4,
0,0,2.9025685787200928,0,5ac07a17554299294b219000,0.5,1,3,2,
0,0,2.8895206451416016,0,5ab9d6ef5542994dbf01985b,0.25,1,3,4,
0,0,2.920491933822632,0,5ae1091055429920d523429b,0.0,0,3,5,
0,0,2.9365413188934326,0,5ae268f35542994d89d5b416,0.3333333333333333,1,3,3,
0,0,2.8921432495117188,0,5a8809d755429938390d3ed6,0.3333333333333333,1,3,3,
0,0,2.926194667816162,0,5ae6179b5542992663a4f25b,0.14285714285714285,1,3,7,
0,0,2.921577215194702,0,5a72e28f5542992359bc31ba,0.0,0,3,5,
0,0,2.9333932399749756,0,5adf315c5542995ec70e8f8b,0.16666666666666666,1,3,6,
0,0,2.922614336013794,0,5a75eca555429976ec32bca8,0.2,1,3,5,
0,0,2.9590117931365967,0,5a7b3b4f5542992d025e67ac,0.0,0,3,11,
0,0,7.355961322784424,1,5ab1e3bb554299340b52541a,0.5,1,6,2,
0,0,2.9084665775299072,0,5a716eeb5542994082a3e82e,0.5,1,3,2,
0,0,2.9420928955078125,0,5adbd19855429944faac236a,0.25,1,3,4,
0,0,2.940643072128296,0,5ab5035b5542996a3a969ff8,0.25,1,3,4,
0,0,2.891580820083618,0,5a756b175542996c70cfaef7,0.0,0,3,4,
0,0,2.9158761501312256,0,5a8a49cd55429930ff3c0d71,0.3333333333333333,1,3,3,
0,0,2.8924992084503174,0,5a79e1275542990198eaefe7,0.0,0,3,2,
0,0,2.9312400817871094,0,5ae33a6e5542992f92d8224d,0.0,0,3,6,
0,0,5.819479465484619,1,5ae172c155429920d52343de,0.25,1,6,4,
0,0,2.943199396133423,0,5adfef32554299603e4183ca,0.5,1,3,2,
0,0,2.9109156131744385,0,5ae0a74e554299603e41842f,0.0,0,3,6,
0,0,9.322319030761719,1,5adc6eb65542994650320cf3,0.6666666666666666,2,6,3,
0,0,3.0845179557800293,0,5a7ce0ce554299452d57ba92,0.0,0,3,7,
0,0,3.1114041805267334,0,5a8a032f5542993b751ca9e5,0.25,1,3,4,
0,0,3.1720707416534424,0,5ae6d3345542996d980e7c85,0.3333333333333333,1,3,3,
0,0,3.0696322917938232,0,5ab516485542990594ba9cfc,0.5,1,3,2,
0,0,3.128046751022339,0,5ab6be2f55429954757d335c,0.5,2,3,4,
0,0,3.093203067779541,0,5a7c784055429907fabeef98,0.2,1,3,5,
0,0,3.1259591579437256,0,5a82a55955429966c78a6a70,0.0,0,3,3,
0,0,3.0755956172943115,0,5a76dc2d55429972597f13eb,0.0,0,3,4,
0,0,3.064038038253784,0,5a8e4d9855429917b4a5bd8d,0.0,0,3,2,
0,0,3.117788076400757,0,5ae0d7bf5542990adbacf67b,0.0,0,3,5,
0,0,3.11680006980896,0,5abd4fe05542993062266c4e,0.0,0,3,5,
0,0,5.86179518699646,1,5ae65e6a5542996d980e7b1d,0.0,0,6,7,
0,0,6.1448986530303955,0,5a791ce955429974737f798e,0.16666666666666666,1,3,6,
0,0,23.279971837997437,5,5a7a60f15542990783324f35,1.3333333333333333,4,18,3,
0,0,21.7729594707489,5,5addf6135542990dbb2f7f23,0.0,0,18,7,
0,0,10.062623500823975,2,5adcc90c5542990d50227d1b,0.16666666666666666,1,9,6,
0,0,3.1135895252227783,0,5ab4789e5542990594ba9c29,0.0,0,3,2,
0,0,3.1492953300476074,0,5a839f985542996488c2e47d,0.0,0,3,4,
0,0,3.1350042819976807,0,5abae4995542996606241666,0.5,1,3,2,
0,0,22.770832061767578,5,5ae608c15542992663a4f246,1.0,1,18,1,
0,0,3.088465929031372,0,5ae1e8575542997f29b3c19a,1.0,1,3,1,
0,0,21.468135833740234,5,5ab42d6055429942dd415eb0,0.16666666666666666,1,18,6,
0,0,21.70788073539734,5,5ab827a555429934fafe6cf5,0.5,1,18,2,
0,0,6.726808547973633,1,5ae0413555429942ec259c61,0.3333333333333333,1,6,3,
0,0,3.1139767169952393,0,5abd8c295542992ac4f382ab,0.0,0,3,4,
0,0,3.0482826232910156,0,5abf42f75542993fe9a41dee,0.0,0,3,4,
0,0,3.1266486644744873,0,5addeb685542992200553bb1,0.0,0,3,5,
0,0,21.694711208343506,5,5a85c41a5542994c784ddb7a,1.0,1,18,1,
0,0,3.116577386856079,0,5a7281075542994cef4bc2e9,0.0,0,3,2,
0,0,3.1172032356262207,0,5abffc0d5542990832d3a1e2,0.3333333333333333,1,3,3,
0,0,3.165281295776367,0,5ac54c435542993e66e822d1,0.0,0,3,12,
0,0,3.075641632080078,0,5ab2b863554299295394685a,0.5,1,3,2,
0,0,3.1073973178863525,0,5ae72c1e554299572ea54754,1.0,1,3,1,
0,0,3.0893349647521973,0,5a83a30a5542992ef85e2339,0.0,0,3,6,
0,0,30.71110510826111,5,5aba637a55429939ce03dcbb,0.0,0,18,4,
0,0.08,6.1400368213653564,1,5a81f10055429903bc27ba06,0.3333333333333333,2,6,6,
0,0,6.739715576171875,1,5a8315c055429966c78a6b2d,0.3333333333333333,1,6,3,
0,0,3.0753133296966553,0,5adda8d45542995b365fab59,0.0,0,3,5,
0,0,3.1011924743652344,0,5a7ae38c5542992d025e6721,1.0,1,3,1,
0,0,3.1005313396453857,0,5addd6045542997dc7907049,0.6,3,3,5,
0,0,3.1115520000457764,0,5a8c9e7c554299653c1aa0d1,0.3333333333333333,1,3,3,
0,0,3.0876026153564453,0,5adc57325542996e6852531b,0.0,0,3,3,
0,0,3.1090245246887207,0,5a78eb8155429970f5fffdd2,0.3333333333333333,2,3,6,
0,0,20.922603845596313,5,5abbd34d5542993f40c73bc6,0.0,0,18,4,
0,0,10.481876611709595,2,5ac311925542995ef918c0de,0.5,1,9,2,
0,0,3.097135543823242,0,5a7b086a5542992d025e673a,0.0,0,3,2,
0,0,3.0671486854553223,0,5ae74351554299572ea5479f,0.3333333333333333,1,3,3,
0,0,11.795496702194214,2,5ab29ec6554299194fa93473,0.0,0,9,8,
0,0,3.068274736404419,0,5ac164da55429964131be1bf,0.16666666666666666,1,3,6,
0,0,3.1389224529266357,0,5a855ca15542992a431d1b12,0.2,1,3,5,
0,0,22.20067858695984,5,5a7283365542991f9a20c4b2,0.0,0,18,3,
0,0,3.1043269634246826,0,5a8e83545542990e94052b28,0.125,1,3,8,
0,0,17.699196100234985,4,5ab84c6955429916710eb021,0.3333333333333333,1,15,3,
0,0,9.798136234283447,2,5a7a3dbb5542996a35c17157,0.0,0,9,4,
0,0,3.101655960083008,0,5adf9ee75542992d7e9f93c0,0.0,0,3,8,
0,0,9.491769790649414,2,5a74c3f455429979e2882a0a,0.8,4,9,5,
0,0,9.754080533981323,2,5ae7fb1155429952e35ea9eb,0.8,4,9,5,
0,0,17.7255961894989,4,5ab7d6ec5542995dae37e9b4,1.3333333333333333,4,15,3,
0,0,6.518833875656128,1,5a77415b55429966f1a36cd2,0.0,0,3,6,
0,0,3.0949816703796387,0,5ab3eb1955429969a97a81f6,0.5,1,3,2,
0,0,3.120684862136841,0,5a7bb7f2554299042af8f7b6,0.0,0,3,2,
0,0,3.1381990909576416,0,5ae8189655429952e35eaa11,0.5,2,3,4,
0,0,3.1063649654388428,0,5a7a6ec05542990783324f49,0.25,1,3,4,
0,0,13.682724714279175,2,5ac2758b55429963665199c3,0.0,0,9,2,
0,0,3.073848247528076,0,5a7b8f5e554299294a54a9f6,0.0,0,3,4,
0,0,3.1555259227752686,0,5ae5c7fd554299546bf82f5b,0.3333333333333333,1,3,3,
0,0,3.1521120071411133,0,5abb6ece5542992ccd8e7f40,1.0,1,3,1,
0,0,6.579280853271484,1,5a83dd2c554299334474609e,0.2,1,6,5,
0,0.08,3.1079418659210205,0,5ab721325542992aa3b8c7a2,0.16666666666666666,1,3,6,
0,0,6.707008600234985,1,5a730a6b5542992359bc3210,0.0,0,6,7,
0,0,6.661686182022095,1,5ae4c96355429913cc204506,0.0,0,6,4,
0,0,3.0777814388275146,0,5a83d42d5542992ef85e2375,0.2,1,3,5,
0,0,3.099182367324829,0,5ae72b745542991e8301cb7f,0.0,0,3,5,
0,0,3.1411712169647217,0,5ac434cb5542997ea680ca2f,0.0,0,3,5,
0,0,3.126262664794922,0,5abcf14f55429959677d6b5b,0.0,0,3,3,
0,0,3.0953903198242188,0,5ab85b1755429916710eb041,1.0,2,3,2,
0,0,3.1532211303710938,0,5a8314bd55429966c78a6b2a,0.0,0,3,6,
0,0.0816326530612245,3.12605619430542,0,5a7331de5542994cef4bc4a8,0.5,1,3,2,
0,0,6.699348449707031,1,5ae600325542992663a4f237,0.5714285714285714,4,6,7,
0,0,3.109384775161743,0,5ae1fb7a554299234fd04383,0.0,0,3,10,
0,0,3.182734966278076,0,5a8aed1555429970aeb70334,0.25,1,3,4,
0,0,3.1446661949157715,0,5ade982f554299728e26c753,0.0,0,3,2,
0,0,6.698730230331421,1,5ac2ffb755429921a00ab0cb,1.0,4,6,4,
0,0,3.1111350059509277,0,5a869e845542991e7718166f,0.0,0,3,3,
0,0,3.1290056705474854,0,5ab5e2645542992aa134a3c5,0.0,0,3,3,
0,0,3.1079013347625732,0,5adf94e05542995534e8c7f7,0.0,0,3,4,
0,0,3.127174139022827,0,5ae780a55542997b22f6a79f,0.25,1,3,4,
0,0,3.112863779067993,0,5a738fb4554299623ed4abf9,0.0,0,3,3,
0,0,3.1204099655151367,0,5a7ab1b055429927d897bef4,0.25,1,3,4,
0,0,3.1456079483032227,0,5a74547755429979e2882900,0.0,0,3,6,
0,0,3.1055986881256104,0,5adf434c5542993a75d26462,0.4,2,3,5,
0,0,3.126591682434082,0,5abfcd7a5542993fe9a41e7a,0.25,1,3,4,
0,0,3.4592342376708984,0,5a7f38e255429930675136b6,0.0,0,3,3,
0,0,3.143824577331543,0,5a7f7b3b5542992097ad2f81,0.0,0,3,2,
0,0,3.134199619293213,0,5a70f0a75542994082a3e403,0.3333333333333333,1,3,3,
0,0,3.1264307498931885,0,5ae056c755429945ae959319,0.3333333333333333,1,3,3,
0,0,3.0750062465667725,0,5abea6a05542993f32c2a18d,0.3333333333333333,1,3,3,
0,0,3.1071934700012207,0,5a762a645542992d0ec0603d,0.3333333333333333,1,3,3,
0,0,3.1756227016448975,0,5a904f6355429916514e746e,0.6666666666666666,2,3,3,
0,0,3.1072819232940674,0,5a88bb4a554299206df2b353,0.2,1,3,5,
0,0,3.115140914916992,0,5adc0d3355429944faac2400,0.3333333333333333,1,3,3,
0,0,3.5369248390197754,0,5ab94d9a554299743d22eae3,0.0,0,3,3,
0,0,6.596851110458374,1,5a8b057255429971feec4611,0.0,0,6,2,
0,0,3.150297164916992,0,5a7630105542992d0ec0605a,0.0,0,3,3,
0,0,3.0926802158355713,0,5a86f2fb554299211dda2b64,0.3333333333333333,1,3,3,
0,0,15.628092050552368,1,5a754fc35542996c70cfaedc,0.0,0,6,2,
0,0,3.0907113552093506,0,5a8c9164554299653c1aa0c1,0.3333333333333333,1,3,3,
0,0,3.113159656524658,0,5a7148685542994082a3e761,0.0,0,3,5,
0,0,3.1697778701782227,0,5ab7bfe955429928e1fe38c2,0.0,0,3,6,
0,0,3.1169426441192627,0,5a81a4135542990a1d231e37,0.0,0,3,8,
0,0.08695652173913043,6.5477635860443115,1,5a87572d5542994846c1cd6b,0.0,0,6,3,
0,0,3.1139845848083496,0,5abe94fd55429965af743f37,0.4,2,3,5,
0,0,3.1044349670410156,0,5ac2920555429921a00aafc9,0.4,2,3,5,
0,0,3.126906156539917,0,5a8d4fbf5542994ba4e3dc68,0.0,0,3,5,
0,0,3.1114699840545654,0,5ab7867c5542992aa3b8c822,0.0,0,3,2,
0,0,3.147681951522827,0,5ab8a7f65542991b5579efca,0.5,1,3,2,
0,0,3.100346326828003,0,5ae5b255554299546bf82f2c,0.0,0,3,6,
0,0,3.6380984783172607,0,5a8bc0485542995d1e6f143d,0.0,0,3,6,
0,0,3.0949442386627197,0,5aba92da55429901930fa840,0.0,0,3,4,
0,0,3.1203768253326416,0,5ae5be02554299546bf82f3e,0.0,0,3,11,
0,0,3.117790460586548,0,5a7349125542994cef4bc505,0.3333333333333333,1,3,3,
0,0,3.142592430114746,0,5a8777395542996e4f3087f3,0.0,0,3,2,
0,0,3.1224277019500732,0,5add596f5542990dbb2f7e4d,0.5,1,3,2,
0,0,3.128383159637451,0,5abda2b755429933744ab80f,0.0,0,3,5,
0,0,3.0636746883392334,0,5ae5c72a554299546bf82f57,0.4,2,3,5,
0,0,3.0744898319244385,0,5ab480715542991751b4d798,0.0,0,3,4,
0,0,3.111262321472168,0,5ac47763554299204fd21f5b,0.0,0,3,1,
0,0,3.1415977478027344,0,5a8c4ebf554299585d9e365d,0.0,0,3,3,
0,0,19.658828496932983,1,5a8bc1b85542997f31a41db8,0.0,0,6,4,
0,0,3.181853771209717,0,5a84c4b05542991dd0999deb,0.5,1,3,2,
0,0,3.1259756088256836,0,5a88a4e65542997e5c09a671,0.0,0,3,2,
0,0,3.1208126544952393,0,5a8725a15542996432c57230,0.3333333333333333,1,3,3,
0,0,3.138073682785034,0,5ac3d2a6554299204fd21e8c,0.2,1,3,5,
0,0,3.1500065326690674,0,5a8f186055429918e830d186,0.3333333333333333,1,3,3,
0,0,3.105166435241699,0,5a8c5be0554299653c1aa04b,0.0,0,3,3,
0,0,3.072990655899048,0,5a81624d5542995ce29dcbf1,0.5,1,3,2,
0,0.058823529411764705,3.1133573055267334,0,5abe8aad55429976d4830b60,0.25,1,3,4,
0,0,3.954932928085327,0,5a7de63c5542995f4f4022f5,0.25,1,3,4,
0,0,3.126598834991455,0,5ac375495542995ef918c1a3,0.3333333333333333,1,3,3,
0,0,3.0989794731140137,0,5a75436155429974ef308cbc,0.125,1,3,8,
0,0,3.179150342941284,0,5adde16a5542997dc7907084,0.3333333333333333,1,3,3,
0,0,3.086500883102417,0,5abcf70b55429959677d6b7e,0.0,0,3,4,
0,0,7.450155735015869,1,5ac4b24b5542996feb3fe933,0.0,0,6,6,
0,0,3.1162261962890625,0,5add1e565542990d50227dea,0.16666666666666666,1,3,6,
0,0,3.103823661804199,0,5a756dd65542996c70cfaef9,1.0,2,3,2,
0,0,3.1023623943328857,0,5ab1e36d554299449642c7f9,0.25,1,3,4,
0,0,7.286197900772095,1,5ab61cf5554299637185c668,1.0,2,6,2,
0,0,3.0845203399658203,0,5ac2a75755429967731025dc,0.0,0,3,5,
0,0,3.171941041946411,0,5a7c66d555429935c91b518f,0.3333333333333333,1,3,3,
0,0,3.092033624649048,0,5ae6443355429908198fa563,0.25,1,3,4,
0,0,3.12349271774292,0,5ae4f2595542990ba0bbb1a8,0.2,1,3,5,
0,0,3.132110595703125,0,5adf37785542992d7e9f92d3,0.0,0,3,3,
0,0,3.1368653774261475,0,5adf86b45542993344016cc1,0.14285714285714285,1,3,7,
0,0,3.0906448364257812,0,5a7f296f55429934daa2fd10,1.0,1,3,1,
0,0,3.139188528060913,0,5ab1c693554299722f9b4c66,0.14285714285714285,1,3,7,
0,0,3.1208980083465576,0,5ab67f0055429953192ad2d8,0.6666666666666666,2,3,3,
0,0,3.1293981075286865,0,5ae6808f5542995703ce8b6b,0.2,1,3,5,
0,0,3.0918991565704346,0,5adfc77b554299603e4183ab,0.0,0,3,2,
0,0,6.283216714859009,1,5ac01e77554299012d1db5ac,0.0,0,6,2,
0,0,3.101383686065674,0,5a7f341655429930675136a0,0.0,0,3,8,
0,0,3.077592372894287,0,5ae27e19554299495565da8b,0.25,1,3,4,
0,0,3.124736785888672,0,5a81d59a55429903bc27b9d6,0.5,2,3,4,
0,0,3.11940336227417,0,5a7414d855429929fddd83db,0.2,1,3,5,
0,0,3.1169912815093994,0,5a8066d15542992097ad2fe8,0.0,0,3,5,
0,0,3.0752615928649902,0,5ab430fa5542991751b4d6dd,0.0,0,3,3,
0,0,3.0663516521453857,0,5ab700ca5542991d32223736,0.0,0,3,5,
0,0,3.092759370803833,0,5ab3c18b55429969a97a81b0,0.2,1,3,5,
0,0,3.0694096088409424,0,5a8318dd55429940e5e1a95e,0.3333333333333333,1,3,3,
0,0,9.854758977890015,1,5ab9dd4c554299232ef4a22f,0.25,1,6,4,
0,0,3.119063138961792,0,5a79abef5542994bb9457035,0.25,1,3,4,
0,0,3.1563096046447754,0,5a82678a5542995ce29dccfa,0.1111111111111111,1,3,9,
0,0,14.595783948898315,3,5ae5ff635542996de7b71ace,0.0,0,12,6,
0,0,6.760165691375732,1,5a838fcd5542992ef85e2305,0.5,1,6,2,
0,0,3.0667741298675537,0,5adbf69c55429947ff173871,0.0,0,3,2,
0,0,3.0745913982391357,0,5a7b89a3554299294a54a9e3,0.0,0,3,12,
0,0,6.854881525039673,1,5a87191155429960ec39b73d,0.0,0,6,4,
0,0,3.549078941345215,0,5a74760b55429974ef308c03,0.5,1,3,2,
0,0,3.0789976119995117,0,5a8a502b5542996c9b8d5ea6,0.6666666666666666,2,3,3,
0,0,3.0713188648223877,0,5a820f2c55429926c1cdae17,0.5,1,3,2,
0,0,3.1116034984588623,0,5a9073405542995b442420bb,1.0,1,3,1,
0,0,3.598541736602783,0,5ac245015542992f1f2b3829,0.5,1,3,2,
0,0,3.0614774227142334,0,5ae3a8985542992f92d82329,0.16666666666666666,1,3,6,
0,0,3.1373651027679443,0,5a7363465542991f29ee2dd5,0.5,1,3,2,
0,0,3.1004693508148193,0,5a7796e05542992a6e59df0f,0.0,0,3,1,
0,0,3.12251353263855,0,5abccda855429965836004a4,0.0,0,3,4,
0,0,3.097321033477783,0,5a881d2355429938390d3eeb,0.3333333333333333,1,3,3,
0,0,3.1830315589904785,0,5ac17b485542994ab5c67d65,0.25,1,3,4,
0,0,3.0853958129882812,0,5ae71d87554299572ea546fa,0.0,0,3,5,
0,0,3.096503496170044,0,5a7a4ca955429941d65f25a3,0.0,0,3,5,
0,0,7.627784729003906,1,5a8a09565542992d82986e66,0.5,1,6,2,
0,0,3.1392931938171387,0,5a77edf955429967ab1052e8,0.5,2,3,4,
0,0,3.1224985122680664,0,5adc8b5a5542994d58a2f648,0.0,0,3,7,
0,0,3.0713424682617188,0,5a83587f5542990548d0b1de,0.0,0,3,6,
0,0,3.2044806480407715,0,5a81ea115542995ce29dcc78,0.0,0,3,8,
0,0,3.829552173614502,0,5ab61140554299110f2199d7,0.0,0,3,7,
0,0,3.1099636554718018,0,5ab3460055429976abd1bc80,0.5,1,3,2,
0,0,3.2678964138031006,0,5a758c925542992db947367b,0.0,0,3,2,
0,0,3.1165072917938232,0,5ae713af554299572ea546bb,0.0,0,3,7,
0,0,21.541637897491455,1,5a8fb5905542997ba9cb32f6,0.0,0,6,5,
0,0,68.21467065811157,5,5a8ce15d554299653c1aa12f,0.5,1,18,2,
0,0,22.33345675468445,4,5a8e276b5542995a26add468,0.0,0,15,4,
0,0,22.004638195037842,5,5a89e2ba5542992e4fca8441,0.6666666666666666,2,18,3,
0,0,22.779231071472168,5,5ae4183f5542996836b02c40,0.3333333333333333,1,18,3,
0,0,18.39408302307129,4,5a7248665542990c210a40b1,0.0,0,15,3,
0,0,3.131549119949341,0,5ac3b39e554299204fd21e09,1.0,2,3,2,
0,0,63.86481761932373,5,5a8fae205542997ba9cb32ec,1.0,3,18,3,
0,0,22.853070974349976,5,5a77c09555429967ab105262,0.1111111111111111,1,18,9,
0,0,22.661646366119385,5,5ade630e55429975fa854eb7,0.5,1,18,2,
,,,,5ab506a05542990594ba9cd6,,,,,Ollama request exceeded timeout limit for model stable-qwen with error: timed out
0,0,22.78340792655945,5,5a8b429f5542995d1e6f132c,0.2,1,18,5,
0,0,27.52509617805481,5,5ab871725542990e739ec8f8,0.0,0,18,7,
0,0,14.631319761276245,3,5a7e4af3554299495941998c,0.25,1,12,4,
0,0,21.5508873462677,5,5ab2c7ef554299545a2cfa73,0.0,0,18,5,
0,0,6.809061050415039,1,5a8ba9d255429971feec4759,0.0,0,6,10,
0,0,20.950904369354248,5,5ae136375542997b2ef7d12f,0.2,1,18,5,
0,0,21.94904065132141,5,5ab235ed5542993be8fa98c8,0.16666666666666666,1,18,6,
0,0,20.68297553062439,5,5a8cddd1554299441c6b9f3a,0.5,2,18,4,
0,0,20.897144079208374,5,5abdd8d95542991f6610606a,0.0,0,18,3,
0,0,6.397806644439697,1,5ae3789b5542992e3233c412,0.0,0,6,2,
0,0,3.0738401412963867,0,5ae4cf975542990ba0bbb151,0.3333333333333333,1,3,3,
0,0,16.778798818588257,4,5ab8cd3d5542991b5579f009,0.0,0,15,6,
0,0,2.9574506282806396,0,5a81537355429926c1cdad20,0.0,0,3,15,
0,0,2.978429079055786,0,5a7cef6955429909bec768ad,0.3333333333333333,1,3,3,
0,0,16.88003706932068,2,5a85b2d95542997b5ce40028,0.0,0,9,9,
0,0,2.9212520122528076,0,5a87ab905542996e4f3088c1,0.0,0,3,3,
0,0,2.890455961227417,0,5a7bbb64554299042af8f7cc,0.0,0,3,5,
0,0,2.8609368801116943,0,5a8db19d5542994ba4e3dd00,0.0,0,3,7,
0,0,6.257880210876465,1,5a7166395542994082a3e814,0.16666666666666666,1,6,6,
0,0,2.912916660308838,0,5a877e5d5542993e715abf7d,0.0,0,3,2,
0,0,3.1268627643585205,0,5ab3b0bf5542992ade7c6e39,0.4,2,3,5,
0,0,5.600251197814941,1,5ab56e32554299637185c594,1.0,1,6,1,
0,0,2.893913745880127,0,5ab6d09255429954757d337d,0.5,1,3,2,
0,0,2.748776435852051,0,5a75e05c55429976ec32bc5f,0.2,1,3,5,
0,0,2.9277267456054688,0,5ab3e45655429976abd1bcd4,0.5,1,3,2,
0,0,2.760859727859497,0,5ae0d4c9554299603e418468,0.3333333333333333,1,3,3,
0,0,2.7730119228363037,0,5a8133725542995ce29dcbdb,0.6666666666666666,2,3,3,
0,0,2.9781711101531982,0,5ae7a8175542993210983ed8,0.0,0,3,4,
0,0,6.105870246887207,1,5ae6050f55429929b0807a5e,0.0,0,6,5,
0,0,2.7929224967956543,0,5adddccd5542997dc7907069,0.6666666666666666,2,3,3,
0,0,3.0906734466552734,0,5ae2070a5542994d89d5b313,0.16666666666666666,1,3,6,
0,0,2.748276472091675,0,5ae22b8d554299234fd0440f,0.0,0,3,4,
0,0,2.7743473052978516,0,5a722b8655429971e9dc9329,0.0,0,3,3,
0,0,2.7299716472625732,0,5adf37a95542995ec70e8f97,0.16666666666666666,2,3,12,
0,0,2.787092924118042,0,5abd259d55429924427fcf1a,0.16666666666666666,1,3,6,
0,0,6.311134338378906,1,5a828c8355429966c78a6a50,0.6666666666666666,2,6,3,
0,0,2.930417776107788,0,5a8a3e745542996c9b8d5e70,1.0,2,3,2,
0,0,2.935697555541992,0,5ac23ff0554299636651994d,0.3333333333333333,1,3,3,
0,0,2.9668996334075928,0,5ae4a3265542995ad6573de5,0.3333333333333333,2,3,6,
0,0,2.938621759414673,0,5ae0361155429925eb1afc2c,0.3333333333333333,1,3,3,
0,0,2.9294378757476807,0,5abc0a5d5542993f40c73c64,0.2,1,3,5,
0,0,2.795928478240967,0,5a7cc50e554299452d57ba3e,0.0,0,3,1,
0,0,2.8976573944091797,0,5abf63f15542997ec76fd3ea,0.2,1,3,5,
0,0,2.7840442657470703,0,5a8ef2a75542995a26add583,0.5,1,3,2,
0,0,2.9126787185668945,0,5a80721b554299485f5985ef,0.0,0,3,3,
0,0,2.789849281311035,0,5ab51dae5542991779162d82,0.3333333333333333,1,3,3,
0,0,2.7808332443237305,0,5a7571135542992d0ec05f98,0.0,0,3,5,
0,0,2.9417004585266113,0,5a7a0e1e5542990783324e1a,0.5,2,3,4,
0,0,2.903327465057373,0,5a74106b55429979e288289e,0.0,0,3,11,
0,0,2.923837423324585,0,5a79311755429970f5fffe67,0.0,0,3,4,
0,0,2.952547550201416,0,5ab2d3df554299194fa9352c,0.0,0,3,10,
0,0,2.8253800868988037,0,5a760ab65542994ccc918697,0.2,1,3,5,
0,0,2.9159789085388184,0,5a7d54165542995f4f402256,0.3333333333333333,1,3,3,
0,0,6.414743185043335,1,5ab859a955429934fafe6d7b,0.0,0,6,3,
0,0,2.770937204360962,0,5add61d65542995b365fab21,0.14285714285714285,1,3,7,
0,0,2.796067714691162,0,5a8e068b5542995085b37384,0.08333333333333333,1,3,12,
0,0,2.723714590072632,0,5abbf698554299114383a0b5,0.0,0,3,5,
0,0,2.7685654163360596,0,5a8e1027554299653c1aa15f,0.0,0,3,3,
0,0,93.66032457351685,3,5ab84bf555429916710eb01f,0.0,0,12,7,
0,0,20.399561166763306,5,5a77724455429972597f153e,0.16666666666666666,1,18,6,
0,0,17.948161125183105,4,5a87c13f5542996e4f30890c,0.5,1,15,2,
0,0,2.972259283065796,0,5ab96ab755429970cfb8eacd,0.16666666666666666,1,3,6,
0,0,2.879087448120117,0,5a8a43eb5542996c9b8d5e82,0.3333333333333333,1,3,3,
0,0,15.805128812789917,4,5ae73acb5542991e8301cc07,0.5,2,15,4,
0,0,2.9632387161254883,0,5a7320565542991f9a20c61d,1.0,1,3,1,
0,0,2.9173834323883057,0,5ae32e125542991a06ce9946,0.0,0,3,3,
0,0,2.91499924659729,0,5adc53f75542996e6852530a,1.0,1,3,1,
0,0.1111111111111111,2.9330241680145264,0,5a8b20335542996c9b8d5fb3,0.16666666666666666,1,3,6,
0,0,2.9167473316192627,0,5a85fb085542994775f606de,0.5,1,3,2,
0,0,2.9205965995788574,0,5a7be2595542997c3ec972ac,0.3333333333333333,1,3,3,
0,0,2.92313289642334,0,5a77152355429966f1a36c2e,0.25,1,3,4,
0,0,2.888345241546631,0,5a8f4c8d554299458435d5a3,0.0,0,3,2,
0,0,2.914851188659668,0,5a80840f554299485f59863b,0.16666666666666666,1,3,6,
0,0,2.9663703441619873,0,5a8361b65542992ef85e22a0,0.0,0,3,2,
0,0,2.9524362087249756,0,5ae7ba7a5542993210983f12,0.0,0,3,9,
0,0,2.9465320110321045,0,5ac2acff55429921a00ab02b,0.0,0,3,6,
0,0,2.9942169189453125,0,5aba7cfe554299232ef4a2fd,1.0,1,3,1,
0,0,2.944023609161377,0,5ae5aba0554299546bf82f17,0.16666666666666666,1,3,6,
0,0,2.932682991027832,0,5ae1f4cb554299234fd0436d,0.0,0,3,5,
0,0,2.9304749965667725,0,5ae7e1fc55429952e35ea9cc,0.5,1,3,2,
0,0,2.9383416175842285,0,5ae37c765542992f92d822d4,0.0,0,3,5,
0,0,2.9864306449890137,0,5ae33c4d5542992f92d82262,0.0,0,3,1,
0,0,2.9953274726867676,0,5a77cb335542997042120b3a,1.0,1,3,1,
0,0,2.933037281036377,0,5a8979f4554299669944a52e,0.0,0,3,4,
0,0,2.917297124862671,0,5a713ea95542994082a3e6e4,0.3333333333333333,2,3,6,
0,0,13.224987745285034,3,5a78bd9b554299078472774a,0.5,1,12,2,
0,0,2.9197208881378174,0,5a7625e8554299109176e66a,0.0,0,3,3,
0,0,10.51663875579834,2,5ae2dd2055429928c423950d,0.16666666666666666,1,9,6,
0,0,10.001133918762207,2,5abdf12255429976d4830a2f,0.0,0,9,4,
0,0,6.420017242431641,1,5a88658955429938390d3f47,0.0,0,6,3,
0,0,2.912994861602783,0,5a86ebac55429960ec39b6d6,0.5,2,3,4,
0,0,19.14269709587097,4,5aba5d2e55429901930fa799,0.0,0,13,3,
0,0,6.389280319213867,1,5ae5736e5542990ba0bbb2b3,0.0,0,6,3,
0,0,2.8859915733337402,0,5ae005b555429942ec259bec,0.0,0,3,1,
0,0.16666666666666666,2.8972394466400146,0,5a7759fc5542993569682d60,0.3333333333333333,1,3,3,
0,0,2.9439022541046143,0,5a835478554299123d8c20ed,1.0,2,3,2,
0,0,2.969834327697754,0,5aba749055429901930fa7d8,0.5,1,3,2,
0,0,2.960861921310425,0,5abfb3425542990832d3a1c0,0.0,0,3,5,
0,0,2.974336862564087,0,5ac3165c5542995ef918c10a,0.25,1,3,4,
0,0.14285714285714285,2.976181745529175,0,5ae53b545542990ba0bbb23c,0.25,1,3,4,
0,0,2.941270351409912,0,5ae224da554299234fd043ee,0.25,1,3,4,
0,0,2.8931429386138916,0,5ae2b770554299495565db0f,0.2,1,3,5,
0,0,2.929603338241577,0,5a80b3a9554299485f5986cc,0.25,1,3,4,
0,0,2.8964951038360596,0,5a8e0a005542995085b373a1,0.0,0,3,7,
0,0,2.9260950088500977,0,5ac1b8ee5542994d76dccedc,0.25,1,3,4,
,,,,5adccd795542990d50227d2c,,,,,Ollama request exceeded timeout limit for model stable-qwen with error: timed out
0,0,2.9880173206329346,0,5a84c4135542994c784dda31,0.5,1,3,2,
0,0,2.9205334186553955,0,5a85eed75542996432c5713b,0.0,0,3,1,
0,0,2.9612274169921875,0,5a774e9c55429972597f14f3,0.0,0,3,5,
0,0,2.95574951171875,0,5ae738f75542991bbc9761c4,0.0,0,3,4,
0,0.14285714285714285,2.941516876220703,0,5ac32b565542995ef918c154,0.16666666666666666,1,3,6,
0,0,2.95641827583313,0,5abc8d75554299700f9d7900,0.25,1,3,4,
0,0,2.9161124229431152,0,5a8bb29b554299240d9c2089,0.5,1,3,2,
0,0,3.59143328666687,0,5ab659e355429954757d324e,0.0,0,3,13,
0,0,2.8812527656555176,0,5a8b8b3155429949d91db5d7,0.25,1,3,4,
0,0,2.967545986175537,0,5ae7eaf65542994a481bbe1d,0.0,0,3,5,
0,0,2.947704315185547,0,5a8c4c625542995e66a475a1,0.5,1,3,2,
0,0,2.7756094932556152,0,5a818387554299260e20a291,0.5,1,3,2,
0,0,14.841559410095215,1,5ab978855542996be2020512,0.3333333333333333,1,3,3,
0,0,13.052860260009766,3,5ae63dad55429929b0807afe,0.3333333333333333,1,12,3,
0,0,9.869305849075317,2,5a7a455c5542994f819ef1a7,0.5,1,9,2,
0,0,6.56300163269043,1,5a7dcc775542990b8f503ab5,0.0,0,6,3,
0,0,13.188015460968018,3,5a887bc0554299206df2b2b6,0.25,1,12,4,
0,0,10.03430438041687,2,5a83880e554299123d8c214e,0.0,0,9,4,
0,0,2.9547910690307617,0,5a879adb5542996e4f30887f,0.0,0,3,5,
0,0,9.83864164352417,2,5add11935542994734353827,0.3333333333333333,1,9,3,
0,0,5.800601959228516,1,5a8c5569554299240d9c2126,0.4,2,6,5,
0,0,16.498236656188965,4,5a75f0ea5542994ccc91866c,0.0,0,15,4,
0,0,2.9063925743103027,0,5a89f5815542993b751ca9c5,0.2,1,3,5,
0,0,60.580575704574585,1,5a8d5fc6554299585d9e37c6,0.5,1,6,2,
0,0,6.3844826221466064,1,5ac120c55542992a796dedfc,0.0,0,6,3,
0,0,6.384853363037109,1,5ab7c1a955429928e1fe38c8,0.5,1,6,2,
0,0,6.408480405807495,1,5abd01205542992ac4f3819b,0.5,1,6,2,
0,0,2.9429028034210205,0,5ab69c25554299110f219a39,0.5,2,3,4,
0,0,10.909028053283691,2,5a7b12a355429927d897bf2a,0.08333333333333333,1,9,12,
0,0,2.9343795776367188,0,5ae0006755429925eb1afbd3,0.2,1,3,5,
,,,,5ae305df5542992decbdcdc3,,,,,"BadRequestError(400, 'search_phase_execution_exception', 'failed to create query: maxClauseCount is set to 2674')"
0,0,43.46719193458557,5,5a8574945542997b5ce3fffb,0.5,1,18,2,
0,0,59.37836813926697,5,5a7332935542991f9a20c67d,0.3333333333333333,1,18,3,
0,0,26.9306218624115,2,5a80071f5542992bc0c4a684,0.2,1,9,5,
0,0,49.48495054244995,4,5ae73c065542991e8301cc18,0.0,0,15,4,
0,0,19.902684450149536,1,5a87d8215542994775f60800,0.0,0,6,3,
0,0,10.193514108657837,0,5ac2ffbd554299677310267b,0.0,0,3,4,
0,0,10.286283493041992,0,5a7c960655429935c91b5244,0.25,1,3,4,
0,0,10.165888547897339,0,5a7d61775542991319bc93b9,0.2,1,3,5,
0,0.013513513513513513,10.257596731185913,0,5ac1c6805542994ab5c67e11,0.0,0,3,2,
0,0,11.861500024795532,0,5a7a230e5542996a35c170ee,0.4,2,3,5,
0,0,10.363926887512207,0,5ae4627d5542991a06ce9a4d,0.5,1,3,2,
0,0,10.16077184677124,0,5ac2d1d755429921a00ab053,1.0,1,3,1,
0,0,10.17819881439209,0,5ab4e3065542990594ba9cb4,0.3333333333333333,2,3,6,
0,0.006688963210702341,10.16251015663147,0,5ac298f9554299657fa28fc9,0.25,1,3,4,
0,0,10.184422969818115,0,5ab6a2be554299710c8d1f08,0.25,1,3,4,
0,0,10.182514190673828,0,5a738d27554299623ed4abf3,0.16666666666666666,1,3,6,
0,0,10.22846269607544,0,5ab2a186554299295394677b,0.3333333333333333,1,3,3,
0,0,10.22367811203003,0,5a8704f8554299211dda2ba4,0.25,1,3,4,
0,0,10.45192837715149,0,5ab5ed505542997d4ad1f255,0.2,1,3,5,
0,0,10.342176914215088,0,5a77c1505542997042120b1b,0.25,1,3,4,
0,0.006944444444444445,10.586313724517822,0,5a88d745554299206df2b378,0.3333333333333333,1,3,3,
0,0,10.460883378982544,0,5ae748d1554299572ea547b0,0.1111111111111111,1,3,9,
0,0,10.642570734024048,0,5a7a8a9c554299042af8f666,0.25,1,3,4,
0,0,10.261132717132568,0,5adffe7155429906c02daa9e,0.0,0,3,3,
0,0,10.148501873016357,0,5ab642845542995eadeeff8e,0.0,0,3,2,
0,0,11.777703046798706,0,5a906a685542990a9849362e,0.0,0,3,1,
0,0,10.204625129699707,0,5a7633ad5542992db9473741,0.0,0,3,2,
0,0,10.450906038284302,0,5a74ce9655429974ef308c6c,0.5,1,3,2,
0,0,10.307486057281494,0,5a713a5a5542994082a3e6a9,0.0,0,3,9,
0,0,10.189800024032593,0,5ab341f755429969a97a8114,0.2,1,3,5,
0,0,10.561462163925171,0,5a8325b35542990548d0b18f,0.25,1,3,4,
0,0,10.20211148262024,0,5ab9374b554299131ca422c6,0.3333333333333333,1,3,3,
0,0,10.21445918083191,0,5ae52c0f5542992663a4f12e,0.0,0,3,5,
0,0,10.418193101882935,0,5adbfbd555429947ff173893,0.0,0,3,4,
0,0,14.840184450149536,0,5ab7f0015542992aa3b8c88b,0.0,0,3,5,
0,0.006896551724137931,10.171679496765137,0,5ac547525542993e66e822a3,0.125,1,3,8,
0,0,10.509262561798096,0,5a7cbf8c554299452d57b9f4,0.6666666666666666,2,3,3,
0,0,10.190716743469238,0,5a7ddc5a5542995f4f4022da,0.25,1,3,4,
0,0,10.404393196105957,0,5a7a1cd85542990783324e65,0.3333333333333333,1,3,3,
0,0,10.22800874710083,0,5ae0a59a55429945ae9593e2,0.5,1,3,2,
0,0,10.461876630783081,0,5a8b987f5542997f31a41d7a,0.3333333333333333,1,3,3,
0,0,10.326610803604126,0,5a8739a05542994775f607ab,0.2,1,3,5,
0,0,11.584850072860718,0,5ae67dba55429908198fa5f0,0.0,0,3,5,
0,0,14.891253471374512,0,5a7b3f4d5542992d025e67bb,0.3333333333333333,1,3,3,
0,0,10.182798147201538,0,5ae2dfd155429928c423951b,0.3333333333333333,1,3,3,
0,0,28.35103178024292,2,5ab6ba245542995eadef007f,0.6666666666666666,2,9,3,
0,0,10.448186874389648,0,5ab8854555429934fafe6e0c,0.0,0,3,4,
0,0,10.435227632522583,0,5a8eea4a5542990e94052bb7,0.6,3,3,5,
0,0,10.41580581665039,0,5a74c85055429916b0164218,0.5,1,3,2,
0,0,10.484662771224976,0,5a88dcf9554299206df2b383,0.14285714285714285,1,3,7,
0,0,10.462043523788452,0,5a7625c7554299109176e668,1.0,2,3,2,
0,0,10.479425430297852,0,5ac0d83a554299294b219038,0.25,1,3,4,
0,0,10.447915315628052,0,5a790d8f554299029c4b5eec,0.0,0,3,7,
0,0.00558659217877095,10.45104193687439,0,5ab2c5e255429916697740ba,0.0,0,3,5,
0,0,10.454550504684448,0,5abcfc365542993a06baf9d6,0.09090909090909091,1,3,11,
0,0,10.459173440933228,0,5a8ee6915542990e94052bad,1.0,2,3,2,
0,0,11.615747690200806,0,5abba4855542993f40c73b68,0.14285714285714285,1,3,7,
0,0,10.47252631187439,0,5ae0bae555429906c02dab08,0.3333333333333333,1,3,3,
0,0,10.466178894042969,0,5ab271fe554299449642c8a6,0.0,0,3,3,
0,0,10.405130624771118,0,5a7997a2554299029c4b5f59,0.0,0,3,2,
0,0,10.626887798309326,0,5add673e5542992ae4cec54d,0.0,0,3,6,
0,0,10.623307943344116,0,5ae819ac55429952e35eaa16,0.5,1,3,2,
0,0,10.482924938201904,0,5aba65a055429939ce03dcd2,0.0,0,3,10,
0,0,10.473861932754517,0,5a87bada5542994846c1cddc,0.0,0,3,2,
0,0,10.523668050765991,0,5ae74fc45542997b22f6a6b4,0.125,1,3,8,
0,0,10.452253103256226,0,5adf65555542992d7e9f9334,0.0,0,3,4,
0,0,10.440057516098022,0,5ade69e455429975fa854ec5,0.4,2,3,5,
0,0,10.431668043136597,0,5ae057fd55429945ae959328,0.0,0,3,4,
0,0,10.470186710357666,0,5ab28019554299722f9b4d51,0.0,0,3,8,
0,0,10.48084831237793,0,5a75f79555429976ec32bcca,0.16666666666666666,1,3,6,
0,0,10.482192039489746,0,5adef80b5542993a75d263c4,0.2,1,3,5,
0,0,10.47131896018982,0,5ae0aaf455429945ae959401,0.25,1,3,4,
0,0,10.465929508209229,0,5ab47d765542991751b4d78f,1.0,1,3,1,
0,0,10.435344219207764,0,5a7ed2c655429930675135e5,0.3333333333333333,2,3,6,
0,0,10.347621440887451,0,5ac3e0f7554299194317388b,0.16666666666666666,1,3,6,
0,0,10.470317363739014,0,5a7bae20554299294a54aa96,0.25,1,3,4,
0,0,30.685899019241333,1,5ab8ee035542991b5579f04b,0.125,1,6,8,
0,0,10.42560076713562,0,5a7a276d5542996c55b2dd27,0.14285714285714285,1,3,7,
,,,,5a717d4c5542994082a3e854,,,,,Ollama request exceeded timeout limit for model stable-qwen with error: timed out
,,,,5ac02e31554299294b218f3f,,,,,Ollama request exceeded timeout limit for model stable-qwen with error: timed out
0,0,10.412798643112183,0,5a79ea435542996c55b2dc9e,0.25,1,3,4,
0,0,10.47631287574768,0,5ab7e4dc5542995dae37e9df,0.0,0,3,11,
0,0,10.46289873123169,0,5a834ed95542990548d0b1ca,0.0,0,3,4,
0,0,10.485194206237793,0,5ab41d855542996a3a969f4b,1.0,2,3,2,
0,0,21.612250804901123,1,5a7b7ff75542995eb53be93d,0.2857142857142857,2,6,7,
0,0,10.660377025604248,0,5a7d19d85542995ed0d165e8,0.5,2,3,4,
0,0,10.668249130249023,0,5ae7ed17554299540e5a56a3,0.2,1,3,5,
0,0,10.671488523483276,0,5ab2659e554299340b5254b2,0.0,0,3,3,
0,0,19.942147970199585,1,5abd2eab5542992ac4f38210,0.0,0,6,1,
0,0,10.168679237365723,0,5abaf3195542996cc5e49f2c,1.0,1,3,1,
0,0,10.424074172973633,0,5a791a97554299148911f9f2,0.0,0,3,5,
0,0,10.183025121688843,0,5adf58f15542993a75d264d2,0.25,1,3,4,
0,0,10.167477369308472,0,5adc65e85542996e68525350,0.25,1,3,4,
0,0,10.207725524902344,0,5a87ab9b5542996e4f3088c2,0.0,0,3,3,
0,0,10.212564706802368,0,5a738fe855429908901be2fb,0.5,1,3,2,
0,0,10.193970918655396,0,5a8c65a1554299585d9e3680,0.14285714285714285,1,3,7,
0,0,10.190171003341675,0,5ac2bbd0554299218029db09,0.3333333333333333,1,3,3,
0,0,16.39645218849182,1,5adf3e355542993a75d26440,0.0,0,6,6,
0,0,11.169188976287842,0,5ae82ae555429952e35eaa71,0.5,2,3,4,
0,0,11.117402076721191,0,5ac289ff5542996366519a02,0.0,0,3,8,
0,0,11.172388553619385,0,5a7a5b3a5542996c55b2dd71,0.0,0,3,5,
0,0,11.137817621231079,0,5ab8688b55429934fafe6daa,0.0,0,3,1,
0,0,9.533995866775513,0,5a7a3a945542996a35c17147,0.0,0,3,7,
0,0,10.473849058151245,0,5ab9b29c554299743d22ebae,0.0,0,3,2,
0,0,39.57839107513428,5,5a8b63fa55429950cd6afcd7,0.0,0,18,4,
0,0,39.416903495788574,5,5ade51b45542997c77adedf4,1.0,1,18,1,
0,0,34.476436376571655,5,5ae4c49a5542995dadf24400,0.0,0,18,4,
0,0,34.01121520996094,5,5a7d3470554299452d57bb56,0.0,0,18,5,
0,0,39.80129361152649,5,5ae4f2c75542993aec5ec0fb,0.0,0,18,5,
0,0,35.7296199798584,5,5ab1d7ac554299449642c7e6,0.3333333333333333,1,18,3,
0,0,33.59813094139099,5,5a85cead5542991dd0999ea9,0.25,2,18,8,
0,0,38.28321433067322,5,5a73a7c755429978a71e9068,0.0,0,18,3,
0,0,42.220306158065796,5,5a7f113d55429934daa2fcbe,0.0,0,18,5,
0,0,35.264211654663086,5,5ae6828f5542996d980e7bb9,0.0,0,18,2,
,,,,5ab31864554299233954ff06,,,,,Ollama request exceeded timeout limit for model stable-qwen with error: timed out
0,0,6.0424933433532715,0,5abe239355429976d4830a7d,0.0,0,3,3,
0,0,6.125861167907715,0,5ac2659b55429963665199a1,0.0,0,3,3,
0,0,41.500903606414795,5,5ae058e855429945ae959331,0.0,0,18,4,
0,0,39.45147657394409,5,5a7b8749554299294a54a9db,0.25,1,18,4,
0,0,40.72133994102478,5,5a864ff7554299211dda2af2,0.5,2,18,4,
0,0,37.96969175338745,5,5ae4d3c95542990ba0bbb165,0.5,1,18,2,
0,0,34.26580333709717,5,5ab7f97a5542991d322237ef,0.25,1,18,4,
0,0,33.659430503845215,5,5a7b46e55542995eb53be8e5,0.0,0,18,5,
0,0,33.381115198135376,5,5a879ba55542993e715abfc3,0.3333333333333333,1,18,3,
0,0.0606060606060606,3.603325843811035,0,5ae4563e5542996836b02c7f,0.0,0,3,16,
0,0,35.154019355773926,5,5ab6ff3a5542991d3222372a,0.0,0,18,5,
0,0,36.13849592208862,5,5a7a46605542994f819ef1ad,1.0,2,18,2,
0,0,34.40289807319641,5,5ade7a435542997c77adee3a,0.0,0,18,1,
0,0,42.15160059928894,5,5ac1795f5542994ab5c67d5f,0.5,1,18,2,
0,0,37.2295446395874,5,5ab1e984554299340b525428,0.0,0,18,7,
0,0,40.95592975616455,5,5a86769c5542994775f60776,0.0,0,18,3,
0,0,39.085060119628906,5,5ab7da6f55429928e1fe3928,0.3333333333333333,1,18,3,
0,0,35.28239178657532,5,5ae497f15542995ad6573db8,0.6666666666666666,2,18,3,
0,0,36.68442487716675,5,5ae6f2a7554299572ea5464a,0.0,0,18,2,
0,0,37.09401535987854,5,5adea9ea55429939a52fe934,1.0,2,18,2,
0,0,37.29636287689209,5,5a7caae75542996dd594b971,0.0,0,18,4,
0,0,37.58718752861023,5,5ac01bb8554299012d1db5a6,0.4,2,18,5,
0,0,39.11752676963806,5,5abc3a65554299700f9d782d,0.0,0,18,3,
0,0,38.6208770275116,5,5ae3ff575542995dadf242aa,0.0,0,18,4,
0,0,40.343018770217896,5,5a89fb525542993b751ca9d6,1.0,3,18,3,
0,0,39.73372769355774,5,5ab3d69255429969a97a81c9,0.6666666666666666,2,18,3,
0,0,38.147149324417114,5,5ac5199a5542994611c8b38a,0.0,0,18,6,
0,0,37.07617521286011,5,5ae048a255429924de1b708e,0.3333333333333333,1,18,3,
0,0,37.32186269760132,5,5a9068a95542990a98493621,0.0,0,18,1,
0,0,37.10691785812378,5,5adf9dc3554299025d62a2e6,0.16666666666666666,1,18,6,
0,0,39.58828663825989,5,5ae406245542995dadf242e2,0.6666666666666666,2,18,3,
0,0,33.74585843086243,5,5ab6369655429953192ad2a1,0.25,1,18,4,
0,0,38.200016260147095,5,5ae628f55542995703ce8b32,0.0,0,18,2,
0,0,31.969154119491577,4,5adccdd55542992c1e3a2408,0.3333333333333333,1,15,3,
0,0,34.127588748931885,5,5abd1529554299114383a1e3,1.0,4,18,4,
0,0,36.20594143867493,5,5a78db8055429970f5fffdb2,0.0,0,18,5,
0,0,11.498096466064453,1,5ab9debb55429955dce3ed97,0.5,1,6,2,
0,0,171.6685106754303,5,5ae791ef55429952e35ea979,0.0,0,15,4,
0,0,36.687599658966064,5,5ab8f7535542991b5579f0a7,0.3333333333333333,1,18,3,
0,0,35.929513454437256,5,5ac119335542992a796dede4,0.0,0,18,3,
0,0,36.27021527290344,5,5a7d2afd5542995f4f402221,0.0,0,18,2,
0,0,39.697843074798584,5,5a8dd5f955429917b4a5bcc7,0.6666666666666666,2,18,3,
0,0,36.678510665893555,5,5a83a532554299334474606f,0.0,0,18,6,
0,0,40.72681212425232,5,5a90692f5542990a98493625,0.75,3,18,4,
0,0,35.887983560562134,5,5a7555215542996c70cfaee1,0.0,0,18,3,
0,0,33.68625807762146,5,5a90580655429933b8a204ef,0.3333333333333333,1,18,3,
,,,,5a88e605554299206df2b39c,,,,,Ollama request exceeded timeout limit for model stable-qwen with error: timed out
0,0.02531645569620253,27.371732234954834,4,5add67915542992200553af8,0.2857142857142857,2,15,7,
0,0,22.378705263137817,3,5a8463545542990548d0b2a3,0.3333333333333333,1,12,3,
0,0,34.29824256896973,5,5a74684655429929fddd8410,0.0,0,18,6,
0,0,4.640587568283081,0,5a835c9f5542992ef85e228a,0.0,0,3,5,
0,0,21.52778458595276,3,5ae7edee554299540e5a56ad,0.0,0,12,6,
0,0,9.35392141342163,1,5a8ee4315542990e94052ba7,0.16666666666666666,1,6,6,
,,,,5a8cb288554299585d9e3726,,,,,Ollama request exceeded timeout limit for model stable-qwen with error: timed out
0,0,36.18941617012024,5,5adfbca255429942ec259b2c,0.0,0,18,14,
0,0,37.32314348220825,5,5ae24abc5542994d89d5b3c3,0.0,0,18,4,
,,,,5ab802085542990e739ec7ca,,,,,Ollama request exceeded timeout limit for model stable-qwen with error: timed out
0,0,34.350011110305786,5,5adfa3da554299025d62a317,0.5,1,18,2,
0,0,31.63495135307312,5,5a76e88555429972597f13f4,0.3333333333333333,1,18,3,
,,,,5ac3ae475542995ef918c1e5,,,,,Ollama request exceeded timeout limit for model stable-qwen with error: timed out
0,0,28.369972467422485,4,5abffc41554299012d1db551,0.0,0,15,1,
0,0,32.39129853248596,5,5ae4c39f5542995dadf243fb,0.0,0,18,3,
0,0,36.10993218421936,5,5a79c6a55542994bb9457091,0.3333333333333333,1,18,3,
0,0.019999999999999997,36.892295837402344,5,5a7be5bd5542997c3ec972ba,0.0,0,18,6,
0,0,38.74721622467041,5,5a7ec61a55429934daa2fc5f,0.5,1,18,2,
0,0,35.64184617996216,5,5a7cb9b95542990527d55515,0.0,0,18,3,
0,0,37.992528200149536,5,5a867089554299211dda2b30,0.2,1,18,5,
0,0,38.35087037086487,5,5ae1801955429901ffe4aec4,0.25,1,17,4,
0,0,5.868240594863892,0,5a76387d554299109176e6ba,1.0,1,3,1,
0,0,27.832939624786377,5,5abd0d635542992ac4f381b8,0.16666666666666666,1,18,6,
0,0,27.095792293548584,5,5ae68fcb5542992ae0d1635b,2.0,2,18,1,
0,0,21.499922037124634,4,5ab28b12554299449642c8ee,0.0,0,15,3,
0,0,3.0685198307037354,0,5a7133565542994082a3e65c,0.0,0,3,4,
0,0,3.3732385635375977,0,5abbd3ac55429931dba1458b,0.0,0,3,1,
0,0,3.389181137084961,0,5a85ab905542994c784ddb35,0.125,1,3,8,
0,0,20.532099723815918,2,5a8d93ad554299653c1aa13d,0.8,4,9,5,
0,0.01360544217687075,7.557121753692627,0,5a886886554299206df2b258,0.14285714285714285,1,3,7,
0,0,12.223519563674927,1,5a7c6bcc55429935c91b519c,0.0,0,6,8,
0,0,7.710979223251343,0,5a825bb455429940e5e1a874,0.4,2,3,5,
0,0,7.415774345397949,0,5a72a0be5542992359bc3143,0.3333333333333333,1,3,3,
0,0,7.723615407943726,0,5ade15f35542997545bbbe47,0.6666666666666666,2,3,3,
0,0,7.70477819442749,0,5a77cb5e55429967ab1052a7,0.25,1,3,4,
0,0,7.644361972808838,0,5a83aaeb5542996488c2e483,0.4,2,3,5,
0,0,7.718245983123779,0,5ac4392e5542997ea680ca32,0.0,0,3,2,
0,0,12.118769884109497,1,5a7f5c9f55429969796c1a0f,0.3333333333333333,1,3,3,
,,,,5a8b770f5542995d1e6f13a7,,,,,Ollama request exceeded timeout limit for model stable-qwen with error: timed out
0,0,8.267788410186768,0,5ae3dc205542992f92d823a1,0.5,1,3,2,
0,0,8.260984659194946,0,5a7cf29255429909bec768b8,0.3333333333333333,1,3,3,
0,0,8.070618629455566,0,5a79f6ca554299029c4b5f90,0.14285714285714285,1,3,7,
0,0,8.232569932937622,0,5a8e3dc05542995085b37401,0.0,0,3,3,
0,0,7.359976291656494,0,5ade24e35542992fa25da6e6,0.0,0,3,7,
0,0,8.266230821609497,0,5ab5f854554299637185c64e,0.25,1,3,4,
0,0,8.299654960632324,0,5ab5b6c1554299637185c5e5,0.75,3,3,4,
0,0,7.2802770137786865,0,5ae25ed15542992decbdccd2,0.0,0,3,3,
0,0,7.483358860015869,0,5ab808ea5542991d3222380e,0.0,0,3,6,
0,0,8.239234209060669,0,5ae5072e55429960a22e0246,0.0,0,3,3,
0,0,8.236151456832886,0,5ac01bca5542992a796dec8d,0.3333333333333333,1,3,3,
0,0,10.736406564712524,1,5adf34d35542993a75d26425,1.0,2,6,2,
0,0,7.429455995559692,0,5add67555542992ae4cec54e,1.0,1,3,1,
0,0,7.422718286514282,0,5a8085705542992bc0c4a74b,0.6666666666666666,2,3,3,
0,0,7.225943326950073,0,5a756fa15542996c70cfaefb,0.3333333333333333,1,3,3,
0,0,7.470598936080933,0,5a7f6eab5542992097ad2f66,0.16666666666666666,1,3,6,
0,0,8.014647006988525,0,5ae5e1345542996de7b71a50,0.16666666666666666,1,3,6,
0,0,7.478434801101685,0,5a72c6f65542994cef4bc402,1.0,3,3,3,
0,0,7.383331537246704,0,5a80ad7c5542992097ad3018,0.25,1,3,4,
0,0,7.445078372955322,0,5a77a65b5542992a6e59df57,1.0,2,3,2,
0,0,7.4337146282196045,0,5a78b209554299148911f93e,0.25,1,3,4,
0,0,7.50701642036438,0,5ab85a1155429934fafe6d7c,0.3333333333333333,1,3,3,
0,0,7.4486284255981445,0,5a8da81e554299068b959d7e,0.2,1,3,5,
0,0,7.335984945297241,0,5ab8f57b5542991b5579f097,0.25,1,3,4,
,,,,5ab6bf6d55429953192ad372,,,,,Ollama request exceeded timeout limit for model stable-qwen with error: timed out
0,0,7.477184534072876,0,5ae7385d5542992ae0d163da,0.6666666666666666,2,3,3,
0,0,7.440680503845215,0,5a7dd9445542997cc2c474ac,0.0,0,3,5,
0,0,7.4653685092926025,0,5ab446d455429942dd415f07,0.0,0,3,6,
0,0.02777777777777778,7.451574802398682,0,5ac497025542997ea680ca8d,0.14285714285714285,1,3,7,
0,0.014285714285714285,7.452631711959839,0,5a7b7bed5542997c3ec971bc,0.2,1,3,5,
0,0,7.452333688735962,0,5a89706055429951533612f9,0.14285714285714285,1,3,7,
0,0,7.478567361831665,0,5ac02edb554299294b218f41,0.0,0,3,5,
0,0,7.463485479354858,0,5ab67772554299110f219a12,0.0,0,3,6,
,,,,5a7b65ab5542997c3ec97144,,,,,Ollama request exceeded timeout limit for model stable-qwen with error: timed out
0,0,7.714712381362915,0,5a760faa5542994ccc9186a8,0.5,1,3,2,
0,0,7.4906604290008545,0,5adbe1a7554299438c868cc3,0.5,1,3,2,
0,0.014184397163120567,7.4946324825286865,0,5a80aeff5542996402f6a5eb,0.16666666666666666,1,3,6,
0,0,7.441505432128906,0,5ae74890554299572ea547af,0.0,0,3,3,
0,0,7.380165338516235,0,5ac3d9c9554299204fd21ea3,1.0,2,3,2,
0,0,7.987774610519409,0,5abc8620554299700f9d78e2,0.0,0,3,4,
0,0,14.888737678527832,1,5a7b4bc35542992d025e67e0,0.25,1,4,4,
0,0,8.013108015060425,0,5a85dfcc5542994775f60673,0.3333333333333333,2,3,6,
0,0,8.034327745437622,0,5a7b76735542997c3ec9719f,0.0,0,3,1,
0,0,8.03714919090271,0,5a8c66db554299585d9e3683,0.0,0,3,13,
0,0,8.015540838241577,0,5a7e05ba5542995f4f402392,0.125,1,3,8,
0,0.02580645161290323,8.058017253875732,0,5a88a4245542997e5c09a668,0.5,1,3,2,
0,0,8.038522243499756,0,5a8799c55542996e4f308877,0.16666666666666666,1,3,6,
0,0,8.031754732131958,0,5ac038db554299294b218f57,0.2,1,3,5,
0,0.013071895424836602,8.035285472869873,0,5a764c0b55429976ec32bd89,0.0,0,3,7,
0,0,7.454656362533569,0,5a77309d55429972597f1487,0.2,1,3,5,
0,0,8.060871601104736,0,5ab7bae95542993667793ff4,0.25,1,3,4,
0,0,8.019402742385864,0,5a7c9f325542990527d554e6,0.25,1,3,4,
0,0,8.047138214111328,0,5a8f69b55542997ba9cb324f,0.0,0,3,5,
0,0,8.034399509429932,0,5adbda2755429944faac2385,0.5,2,3,4,
0,0,7.989487648010254,0,5ab67bd355429954757d32f2,0.0,0,3,7,
0,0,8.026677131652832,0,5a90843c5542995651fb517e,0.0,0,3,3,
0,0,8.014232635498047,0,5a8324815542990548d0b184,0.3333333333333333,1,3,3,
0,0,8.139058351516724,0,5adf4a275542993a75d26498,0.0,0,3,9,
0,0,7.25367546081543,0,5ae4c5595542990ba0bbb123,0.0,0,3,5,
0,0,8.061949729919434,0,5ab5057b5542991779162d56,0.0,0,3,7,
0,0,8.082958459854126,0,5a837d9a554299123d8c213e,0.3333333333333333,1,3,3,
0,0,8.006873607635498,0,5a81ebee554299676cceb16d,0.3333333333333333,1,3,3,
0,0,6.1338560581207275,0,5ab48c325542996a3a969f93,1.0,2,3,2,
0,0,8.038144826889038,0,5a8488f45542992a431d1a47,0.2,1,3,5,
0,0,8.226644515991211,0,5abe689a55429976d4830b16,0.16666666666666666,1,3,6,
0,0,8.088188171386719,0,5a7a014a5542996c55b2dccf,0.5,1,3,2,
0,0.025477707006369428,8.036074161529541,0,5a895d305542993b751ca931,0.0,0,3,5,
0,0,7.76839804649353,0,5a85c3a15542992a431d1b97,0.2,1,3,5,
0,0.013245033112582783,8.050585985183716,0,5ae32b6755429928c4239644,0.0,0,3,4,
0,0,8.126754999160767,0,5a8d02cc554299441c6b9fb6,0.25,1,3,4,
0,0,8.02647590637207,0,5a78daf855429970f5fffdae,0.5,1,3,2,
0,0,8.018057823181152,0,5adc094a55429947ff1738c0,0.3333333333333333,1,3,3,
0,0,8.015871286392212,0,5ae77c245542997b22f6a795,0.0,0,3,12,
0,0,8.063506841659546,0,5a88f9555542995153361214,0.25,2,3,8,
0,0,7.999576568603516,0,5a874ce15542996432c57256,0.0,0,3,4,
0,0,8.026942014694214,0,5a7e7ed05542991319bc94c2,0.0,0,3,4,
0,0,11.922070503234863,1,5abf44025542993fe9a41def,0.6666666666666666,2,6,3,
0,0,7.926923751831055,0,5ab531cc5542990594ba9d23,0.0,0,3,3,
0,0.012658227848101266,8.11120867729187,0,5a90605d5542995651fb514d,0.0,0,3,2,
0,0,7.624254465103149,0,5ac45b58554299076e296dad,0.0,0,3,14,
0,0,7.50687313079834,0,5a8eb4d65542990e94052b82,0.0,0,3,5,
0,0,7.942420244216919,0,5a8038b55542996402f6a485,1.0,1,3,1,
0,0,13.642146825790405,1,5ab83d595542990e739ec886,1.0,1,6,1,
0,0,7.559895992279053,0,5ae0d52e554299603e418469,0.25,1,3,4,
0,0,7.639094352722168,0,5a8f9b8c5542997ba9cb32e6,0.16666666666666666,1,3,6,
0,0,7.583858966827393,0,5ae75a4c5542997b22f6a6f1,0.3333333333333333,1,3,3,
0,0,7.597659349441528,0,5ab45a0b5542991779162c7e,0.0,0,3,6,
0,0,7.59936261177063,0,5a8b452655429971feec468e,0.0,0,3,6,
0,0,7.868453502655029,0,5a8d7b1755429941ae14dfc6,0.3333333333333333,1,3,3,
0,0,7.668313026428223,0,5ab6f0c25542995eadef00ea,0.1111111111111111,1,3,9,
0,0,7.613388776779175,0,5ab72a025542992aa3b8c7b8,0.25,1,3,4,
0,0,7.612864255905151,0,5ade42b55542992fa25da717,0.0,0,3,3,
0,0,7.543646574020386,0,5ae4c2b95542995dadf243ef,0.16666666666666666,1,3,6,
0,0,7.606859445571899,0,5abf10b75542997719eab659,0.0,0,3,3,
0,0,8.119612455368042,0,5add564a5542990dbb2f7e38,0.3333333333333333,1,3,3,
0,0.016,7.179469347000122,0,5a738225554299623ed4abc3,0.3333333333333333,1,3,3,
0,0,7.641812324523926,0,5a729e7b5542992359bc313d,0.0,0,3,5,
0,0,7.605697870254517,0,5a811152554299260e20a22e,0.2,1,3,5,
0,0,7.57843804359436,0,5adddd075542992200553b71,0.5,2,3,4,
0,0,7.608680248260498,0,5ade9545554299728e26c740,0.3333333333333333,1,3,3,
0,0,7.633050918579102,0,5ab25004554299722f9b4cd7,0.0,0,3,9,
0,0,7.625162363052368,0,5ac1f4495542991316484bd2,0.3333333333333333,1,3,3,
0,0,7.617327928543091,0,5ac0cf0f554299294b219018,0.25,1,3,4,
0,0,7.633019685745239,0,5ab3306a55429969a97a80fd,0.5,1,3,2,
0,0,7.583160638809204,0,5ade0fb95542997545bbbe39,0.1,1,3,10,
0,0.013793103448275862,7.85964298248291,0,5ab78edc5542995dae37e95c,0.0,0,3,6,
0,0,7.847173452377319,0,5ac056385542997d64295a08,1.0,1,3,1,
0,0,8.200866937637329,0,5aba9e2455429939ce03dd3a,0.0,0,3,5,
0,0,7.514626979827881,0,5a90b43455429916514e7523,0.14285714285714285,1,3,7,
0,0,7.6175925731658936,0,5abb30755542996cc5e49fd8,0.3333333333333333,1,3,3,
0,0,7.576084136962891,0,5ae4ec1e5542990ba0bbb19b,0.4,2,3,5,
0,0,7.568480968475342,0,5add405f5542992c1e3a2581,1.0,1,3,1,
0,0,7.624335527420044,0,5a71717d5542994082a3e834,0.125,1,3,8,
0,0.014388489208633096,7.614015579223633,0,5adf8fe55542993344016d0f,0.0,0,3,3,
,,,,5a78f59755429970f5fffdf7,,,,,Ollama request exceeded timeout limit for model stable-qwen with error: timed out
0,0,7.678323984146118,0,5a8099935542996402f6a58b,0.3333333333333333,1,3,3,
0,0,7.628579378128052,0,5ab6aaff55429953192ad35b,0.0,0,3,3,
0,0,7.6517016887664795,0,5abcc96c5542996583600492,0.5,1,3,2,
0,0,7.629371643066406,0,5a8b78775542997f31a41d3d,0.25,2,3,8,
0,0,7.643512725830078,0,5a7252db5542990c210a4104,0.0,0,3,4,
0,0,7.884202241897583,0,5ae2ee5e5542991a06ce990a,0.6666666666666666,2,3,3,
0,0,7.540229797363281,0,5abc5951554299114383a116,0.5,1,3,2,
0,0.014285714285714287,7.565581798553467,0,5ac1a3665542994ab5c67daf,0.0,0,3,9,
0,0.012269938650306747,8.652257680892944,0,5adc0c2b55429947ff1738db,0.0,0,3,5,
0,0,7.6287617683410645,0,5a7634f155429976ec32bd6b,0.3333333333333333,1,3,3,
0,0,7.601648330688477,0,5a7574e25542996c70cfaf01,0.125,1,3,8,
0,0.028368794326241134,7.58272910118103,0,5adc8977554299438c868de2,0.3333333333333333,1,3,3,
0,0,10.139376401901245,0,5a7dc2495542997cc2c4749a,0.4,2,3,5,
0,0,8.904575109481812,0,5a8f05b1554299458435d517,0.1111111111111111,1,3,9,
0,0,7.858622074127197,0,5ab7bbbf55429928e1fe38bf,0.5,2,3,4,
0,0,7.6277947425842285,0,5a8af28555429951533613b5,0.0,0,3,5,
0,0,4.929976224899292,0,5ae1f596554299234fd04372,0.3333333333333333,1,3,3,
0,0,8.03902292251587,0,5a8b3af455429971feec467b,0.3333333333333333,1,3,3,
0,0,7.60465931892395,0,5add311b5542994ed6169cc5,0.3333333333333333,1,3,3,
0,0,7.631982803344727,0,5ae60426554299546bf83019,0.2,1,3,5,
0,0,7.603059768676758,0,5a8cfee555429941ae14df5c,,,,,
0,0,7.608003616333008,0,5a71166d5542994082a3e576,0.0,0,3,5,
0,0,6.825934410095215,0,5ae789615542997ec2727695,0.0,0,3,4,
0,0,7.5919365882873535,0,5a7757215542993569682d58,0.5,1,3,2,
0,0,7.594208717346191,0,5a81ff62554299676cceb1c4,0.2,1,3,5,
0,0,6.81638765335083,0,5ae4890a5542995ad6573d60,0.16666666666666666,1,3,6,
0,0,10.14933156967163,0,5a79c1335542994bb9457066,1.0,2,3,2,
0,0,4.876840829849243,0,5ac52fc35542994611c8b403,0.0,0,3,8,
0,0,7.655096769332886,0,5adda7585542997dc790700c,0.25,1,3,4,
0,0,6.872958183288574,0,5adf043b5542993a75d263d4,0.0,0,3,4,
0,0,7.638510465621948,0,5abd6bf055429933744ab7c8,0.0,0,3,5,
0,0,7.835280656814575,0,5ae0038655429925eb1afbe0,1.0,1,3,1,
0,0,8.921777725219727,0,5a73977d554299623ed4ac08,0.25,1,3,4,
0,0,7.87249231338501,0,5ac2a399554299218029dada,0.0,0,3,3,
0,0,7.555325746536255,0,5ae0f6f5554299422ee99583,0.6666666666666666,2,3,3,
0,0,7.446983337402344,0,5adc1ae5554299438c868d5c,0.0,0,3,5,
0,0,7.5743348598480225,0,5ae6860e5542991bbc976112,0.0,0,3,6,
0,0,8.079944849014282,0,5ae1316555429901ffe4adda,0.125,2,3,16,
0,0.014285714285714287,7.58860182762146,0,5adfeb0555429942ec259b88,0.3333333333333333,1,3,3,
0,0,7.89713454246521,0,5ab5499e5542992aa134a295,0.0,0,3,2,
0,0,7.611512184143066,0,5adeffa85542992d7e9f926f,0.0,0,3,3,
0,0,7.583925485610962,0,5adfd2f255429925eb1afaa5,0.16666666666666666,1,3,6,
0,0,7.636665344238281,0,5ae5b301554299546bf82f2d,0.5,1,3,2,
0,0,7.645842552185059,0,5ab1eac95542993be8fa987f,0.0,0,3,4,
0,0,7.862205266952515,0,5ae15e125542990adbacf773,0.2,1,3,5,
0,0,10.099258184432983,0,5a77beae5542992a6e59dfae,0.3333333333333333,1,3,3,
0,0,7.908832788467407,0,5ae1f5a15542997f29b3c1b5,0.0,0,3,3,
0,0,7.636375665664673,0,5ade908b55429975fa854f13,0.0,0,3,7,
0,0,7.659165620803833,0,5ab47cd75542991751b4d78d,0.3333333333333333,1,3,3,
0,0,7.628561973571777,0,5a79b7f6554299029c4b5f6f,0.0,0,3,4,
0,0,7.6387598514556885,0,5ab626d555429953192ad279,0.25,1,3,4,
0,0,7.59040904045105,0,5a84873e5542997175ce1eec,0.5,2,3,4,
0,0,7.5881006717681885,0,5ac537975542996feb3fea3c,0.25,1,3,4,
0,0,4.855082988739014,0,5a8f45ca5542997ba9cb320e,0.0,0,3,6,
0,0,7.601123809814453,0,5a8ac4085542992d82986f74,0.5,1,3,2,
0,0,7.569224834442139,0,5a7b374c5542995eb53be8cc,0.0,0,3,3,
0,0,7.19799017906189,0,5ab92e02554299753720f775,0.0,0,3,4,
0,0,7.630387306213379,0,5ab58f9a554299488d4d99da,0.5,1,3,2,
0,0,7.629685878753662,0,5adf860e5542993344016cbc,0.0,0,3,6,
0,0,7.611203670501709,0,5a7ad9865542995eb53be8aa,0.3333333333333333,1,3,3,
0,0.013986013986013986,7.6024391651153564,0,5a71443f5542994082a3e727,0.3333333333333333,1,3,3,
0,0,7.499304533004761,0,5a7cbf93554299452d57b9f5,0.0,0,3,3,
0,0,7.616779565811157,0,5adf98215542993344016d19,0.0,0,3,4,
0,0,7.552273511886597,0,5ae1fa2b5542997f29b3c1df,0.0,0,3,12,
0,0.024539877300613498,8.302980899810791,0,5ae650fb55429929b0807b2e,0.0,0,3,3,
0,0,7.6387646198272705,0,5a85597c5542997175ce1fba,0.0,0,3,4,
0,0,10.14467167854309,0,5ac19d4c55429963665198bb,0.5,1,3,2,
0,0.014388489208633096,7.589684963226318,0,5ab611cc5542992aa134a411,0.3333333333333333,1,3,3,
0,0,7.1219799518585205,0,5ab7c87d55429928e1fe38de,0.125,1,3,8,
0,0,7.895113706588745,0,5ab4bea15542990594ba9cae,0.25,1,3,4,
0,0,10.156258821487427,0,5ade9c9c5542997c77adee8c,0.2,1,3,5,
0,0,7.601262807846069,0,5ae0d7315542990adbacf678,0.16666666666666666,1,3,6,
0,0,7.877885818481445,0,5ae1ba55554299234fd042d9,0.25,1,3,4,
0,0,7.659407138824463,0,5a839c8b5542996488c2e479,0.5,2,3,4,
0,0,7.628514051437378,0,5abdd08d5542991f6610604c,0.0,0,3,3,
0,0,5.372624158859253,0,5ade190f55429975fa854e40,0.0,0,3,4,
0,0,4.904032468795776,0,5a8cd381554299653c1aa12b,0.3333333333333333,1,3,3,
0,0,4.98553729057312,0,5abd12bb55429933744ab703,1.0,1,3,1,
0,0.014285714285714287,7.604400873184204,0,5abb1e1b5542992ccd8e7f19,0.3333333333333333,1,3,3,
0,0,7.591130256652832,0,5adeb95d5542992fa25da827,0.0,0,3,2,
0,0,7.516525030136108,0,5a8ba59a554299240d9c2058,0.25,1,3,4,
0,0,7.220148801803589,0,5a7c53a855429935c91b515d,0.2,1,3,5,
0,0.014492753623188406,7.623774766921997,0,5ae54eea5542993aec5ec19d,0.25,1,3,4,
0,0,7.518811464309692,0,5a8026a05542992e7d278df8,0.3333333333333333,1,3,3,
0,0,7.680607080459595,0,5a7a27ce5542996c55b2dd28,0.0,0,3,2,
0,0,7.579013347625732,0,5ab9812d554299753720f821,0.3333333333333333,1,3,3,
0,0,8.66818881034851,0,5ac3b5d3554299741d48a2f3,0.0,0,3,7,
0,0,7.6279425621032715,0,5ab811e95542995dae37ea22,0.16666666666666666,1,3,6,
0,0,7.592130184173584,0,5a80541d5542996402f6a4d2,0.25,1,3,4,
0,0,7.542492151260376,0,5ac2546a554299636651997b,0.4,2,3,5,
0,0,8.137596368789673,0,5ab8f3235542991b5579f084,0.25,1,3,4,
0,0,7.913909435272217,0,5ac31066554299741d48a19d,0.0,0,3,4,
0,0,7.913670778274536,0,5ac279345542990b17b153b0,1.0,1,3,1,
0,0,7.2478861808776855,0,5adfc50355429942ec259b43,0.2,1,3,5,
0,0,7.750414848327637,0,5ae5e1985542996de7b71a54,0.4,2,3,5,
0,0,7.603152275085449,0,5a87411d5542994846c1cd37,0.0,0,3,4,
0,0,7.659104824066162,0,5ab4107a554299753aec5a2f,0.0,0,3,4,
0,0,7.5641114711761475,0,5ae3d8415542992f92d8239a,0.0,0,3,3,
0,0,7.6278977394104,0,5a88a19a5542997e5c09a64b,0.0,0,3,2,
0,0.013793103448275862,7.640503406524658,0,5a7e1ad155429965cec5ea66,0.25,1,3,4,
0,0,10.091521978378296,0,5a745e1455429929fddd83fd,0.3333333333333333,1,3,3,
0,0,7.5934858322143555,0,5a8ca7d4554299240d9c21b8,1.0,1,3,1,
0,0,7.633882522583008,0,5a7ec90055429934daa2fc66,0.0,0,3,2,
0,0,4.670426607131958,0,5a82112955429926c1cdae25,0.0,0,3,2,
0,0,7.873416185379028,0,5a85a3005542991dd0999e72,0.6666666666666666,2,3,3,
0,0,7.5931196212768555,0,5ab4475c5542996a3a969f6c,0.08333333333333333,1,3,12,
0,0,4.672032594680786,0,5ac1a04e5542991316484b63,1.0,2,3,2,
0,0,4.883889198303223,0,5ae09ce855429924de1b7113,0.0,0,3,7,
0,0,7.18762731552124,0,5a78bc6b554299148911f979,0.0,0,3,5,
0,0,7.586443662643433,0,5ab2a8b655429929539467ab,0.2,1,3,5,
0,0,7.571335077285767,0,5a8a7d2b55429930ff3c0dfc,0.0,0,3,4,
0,0,7.452112197875977,0,5ae3f2395542995ad6573cc6,0.25,1,3,4,
0,0,7.893626928329468,0,5a90bd7b55429916514e7547,0.3333333333333333,1,3,3,
0,0,7.563232421875,0,5ae20e265542994d89d5b325,0.0,0,3,1,
0,0,7.6161110401153564,0,5abc039a5542993f40c73c49,0.25,1,3,4,
0,0.04109589041095891,7.613702774047852,0,5a77c74155429967ab105291,0.3333333333333333,1,3,3,
0,0,7.609416246414185,0,5ae48e7e55429913cc20449d,0.6666666666666666,2,3,3,
0,0,8.646364212036133,0,5abaf4535542996cc5e49f35,0.25,1,3,4,
0,0,7.65010666847229,0,5a901e5c55429933b8a2047c,0.0,0,3,3,
0,0.013333333333333332,8.05210018157959,0,5ab528a3554299637185c4e5,0.5,2,3,4,
0,0,7.608372449874878,0,5a88fc4255429938390d4019,0.0,0,3,3,
0,0.014084507042253523,7.545166254043579,0,5ae0345855429924de1b705f,0.0,0,3,5,
0,0,7.872636079788208,0,5ac1b5de5542994d76dccec6,0.6666666666666666,2,3,3,
0,0,7.626859426498413,0,5a82fe5055429966c78a6ad3,0.5,1,3,2,
0,0,7.591090202331543,0,5a798f8c5542994bb9457023,0.0,0,3,4,
0,0.014084507042253521,7.581125259399414,0,5add63845542992ae4cec541,0.6666666666666666,2,3,3,
0,0,7.608628034591675,0,5ababbe9554299232ef4a38a,0.3333333333333333,1,3,3,
0,0,7.595820188522339,0,5ae3205c55429928c423961e,0.25,1,3,4,
0,0,7.258092641830444,0,5abcf2b4554299700f9d7937,0.2,1,3,5,
0,0,7.873215675354004,0,5a8b4a5f55429949d91db531,0.5,2,3,4,
0,0,7.5454418659210205,0,5a79be0e5542994f819ef084,0.16666666666666666,1,3,6,
0,0,7.6225316524505615,0,5ae69e3f5542996d980e7c61,0.5,1,3,2,
0,0,7.606420993804932,0,5a8a495055429930ff3c0d6a,0.25,1,3,4,
0,0,7.5775511264801025,0,5a8c5c6f554299653c1aa04d,0.3333333333333333,1,3,3,
0,0,7.612457036972046,0,5a80ecea55429938b6142254,0.0,0,3,3,
0,0,7.4820966720581055,0,5a8242c155429940e5e1a81d,0.5,1,3,2,
0,0,7.617185354232788,0,5a7cef5d55429909bec768ac,0.16666666666666666,1,3,6,
0,0.014084507042253521,7.575787305831909,0,5a7319e755429901807daf86,0.2,1,3,5,
0,0,7.2074034214019775,0,5ae1d0e8554299234fd0430a,0.125,1,3,8,
0,0,7.6219305992126465,0,5ade99295542992fa25da7d8,0.16666666666666666,1,3,6,
0,0,7.598799467086792,0,5a734bb65542994cef4bc50f,0.6666666666666666,2,3,3,
0,0,7.856076717376709,0,5abe7eb05542993f32c2a12c,0.2,1,3,5,
0,0,4.977158546447754,0,5a84f7255542991dd0999e33,0.5,1,3,2,
0,0,6.889539480209351,0,5a70f1685542994082a3e40f,1.0,1,3,1,
0,0,7.5521464347839355,0,5ae0de1455429924de1b71b4,1.0,1,3,1,
0,0,7.578991889953613,0,5ae4a2b25542995ad6573de0,0.5,1,3,2,
0,0,7.588921070098877,0,5abd9c2355429924427fd06c,0.5,1,3,2,
0,0,7.643394708633423,0,5a74701655429979e2882952,0.5,1,3,2,
0,0,7.617629766464233,0,5ab7f7465542993667794071,0.25,1,3,4,
0,0,7.621474981307983,0,5a7a6ee75542996c55b2ddac,0.25,1,3,4,
0,0,4.897758960723877,0,5a85fa815542996432c57155,0.0,0,3,5,
0,0,7.461273193359375,0,5ae27f555542992decbdcd30,0.0,0,3,5,
0,0,7.628095388412476,0,5ade3d75554299728e26c68b,0.3333333333333333,1,3,3,
0,0,7.622889518737793,0,5ae236da5542994d89d5b397,0.5,1,3,2,
0,0,7.689736604690552,0,5adfad2b554299603e41835c,0.5,1,3,2,
0,0,7.576921463012695,0,5abbc58455429931dba14502,0.3333333333333333,1,3,3,
0,0,7.49048924446106,0,5a861fa75542994775f60706,0.2,1,3,5,
0,0,7.583568811416626,0,5a888fe6554299206df2b2f7,0.3333333333333333,2,3,6,
0,0,7.595757722854614,0,5ab865235542992aa3b8c8db,1.0,1,3,1,
0,0,7.920313835144043,0,5ae064985542993d6555eb47,0.3333333333333333,1,3,3,
0,0,7.581788063049316,0,5ae531a95542990ba0bbb1fc,0.16666666666666666,1,3,6,
0,0,7.5582380294799805,0,5ae533535542993aec5ec173,0.0,0,3,7,
0,0,7.5578999519348145,0,5adebea1554299728e26c7b6,0.14285714285714285,1,3,7,
0,0,7.475613117218018,0,5adfdc7d55429942ec259b64,1.0,1,3,1,
0,0,7.628363370895386,0,5adbe9fa55429944faac23ba,0.5,1,3,2,
0,0,7.672200679779053,0,5ae31bbd55429928c42395fc,0.25,1,3,4,
0,0,7.571196794509888,0,5ae2120e5542997283cd23ad,0.4,2,3,5,
0,0,7.617381572723389,0,5a9052765542995651fb513d,0.16666666666666666,1,3,6,
0,0,7.551124572753906,0,5ae6795855429908198fa5e4,0.5,1,3,2,
0,0,7.942518949508667,0,5a84e61b5542997b5ce3ff86,0.0,0,3,6,
0,0.014285714285714287,7.595784664154053,0,5ab266b5554299340b5254b4,0.0,0,3,14,
0,0,7.583422660827637,0,5ab5ec0a5542997d4ad1f250,0.0,0,3,4,
0,0,4.961169481277466,0,5a72a9ab5542992359bc315a,0.5,1,3,2,
0,0,7.636085510253906,0,5a848b5c5542997175ce1ef2,0.0,0,3,2,
0,0,7.515149354934692,0,5ab467975542991751b4d75f,0.25,1,3,4,
0,0,7.582706928253174,0,5a75ebfc5542992d0ec06018,0.16666666666666666,1,3,6,
0,0,7.900594711303711,0,5a7cdd6b55429909bec76858,0.14285714285714285,1,3,7,
0,0,7.614718198776245,0,5a8209845542990a1d231f1f,0.2,1,3,5,
0,0,8.362808227539062,0,5a726b0f5542997f827839be,0.0,0,3,2,
0,0,7.901270866394043,0,5ac2616b5542996366519997,0.0,0,3,3,
0,0,7.8848443031311035,0,5ae4f3c455429960a22e0221,0.125,1,3,8,
0,0,7.688935995101929,0,5a8b4ec155429949d91db53f,0.0,0,3,2,
0,0,7.880690336227417,0,5ac52f455542996feb3fea12,0.2,1,3,5,
0,0,7.595200538635254,0,5ab438395542990594ba9bb9,0.0,0,3,7,
0,0,7.6302525997161865,0,5a81a7f75542995ce29dcc25,0.0,0,3,10,
0,0.030303030303030304,4.894549608230591,0,5add98985542990dbb2f7e82,0.2857142857142857,2,3,7,
0,0,10.149523258209229,0,5ae1465855429920d5234373,0.0,0,3,4,
0,0.013986013986013986,7.606414079666138,0,5a721d5a55429971e9dc9283,0.5,1,3,2,
0,0,7.599833250045776,0,5ae7ea695542994a481bbe17,0.0,0,3,5,
0,0,7.654951810836792,0,5ae7eb3c5542994a481bbe20,0.0,0,3,53,
0,0,7.6249120235443115,0,5adf69055542995534e8c7a4,0.0,0,3,5,
0,0,7.223534345626831,0,5a806cdf5542996402f6a508,0.0,0,3,8,
0,0,7.587348699569702,0,5a78d01d55429974737f78b3,0.0,0,3,7,
0,0,7.581984043121338,0,5adf62d05542992d7e9f932d,0.0,0,3,2,
0,0,7.532825469970703,0,5a8b3fe85542995d1e6f1323,0.25,1,3,4,
0,0,7.905128717422485,0,5a7dedef5542995f4f40231a,0.0,0,3,2,
0,0,7.57446026802063,0,5a88c68d55429938390d3fba,0.75,3,3,4,
0,0,10.107585191726685,0,5abc0bea554299658360040d,0.3333333333333333,1,3,3,
0,0,7.559316873550415,0,5abb2f245542996cc5e49fd2,0.3333333333333333,1,3,3,
0,0,4.6114325523376465,0,5a72f74a55429901807daf59,0.0,0,3,4,
0,0,7.602160215377808,0,5ae0a54e5542993d6555ebdd,0.0,0,3,6,
0,0,7.51767897605896,0,5a866e7e554299211dda2b29,0.0,0,3,5,
0,0,7.619386196136475,0,5abaf6865542996cc5e49f3c,0.0,0,3,4,
0,0,7.5274412631988525,0,5ae534bb5542990ba0bbb21d,0.2,1,3,5,
0,0,8.323748350143433,0,5ae327e05542992f92d82220,0.25,1,3,4,
0,0,7.587750434875488,0,5abebbe65542997719eab59d,0.0,0,3,3,
0,0,7.567386627197266,0,5ab5e9865542992aa134a3db,0.0,0,3,3,
0,0,7.624420404434204,0,5a7a112a5542990783324e2b,0.25,1,3,4,
0,0,7.6572771072387695,0,5adf430e5542993a75d2645e,0.16666666666666666,1,3,6,
0,0,10.124922037124634,0,5a779be75542995d83181215,0.0,0,3,5,
0,0,7.60570216178894,0,5a809b575542996402f6a59c,0.0,0,3,1,
0,0,7.641663551330566,0,5abed9435542994516f45457,0.5,1,3,2,
0,0.013422818791946308,7.902491092681885,0,5adf4ba65542992d7e9f931c,0.2,1,3,5,
0,0,7.222238302230835,0,5ae491155542995ad6573da3,0.3333333333333333,1,3,3,
0,0,6.268271446228027,0,5ac440385542997ea680ca4e,1.0,1,3,1,
0,0,7.606163501739502,0,5a84d80c5542992a431d1ab5,0.0,0,3,4,
0,0,6.89458703994751,0,5ae7945d5542997b22f6a7ba,0.16666666666666666,1,3,6,
0,0,7.439107656478882,0,5ab98608554299131ca42362,0.0,0,3,3,
0,0,7.571140289306641,0,5ab3eeb5554299233954fff4,0.25,1,3,4,
0,0,6.2459001541137695,0,5a7ce50f55429909bec76869,0.0,0,3,2,
0,0,7.612074851989746,0,5a8fa4d95542995b4424207b,0.5,1,3,2,
0,0,8.091073989868164,0,5a72ba165542992359bc318a,0.3333333333333333,1,3,3,
0,0,6.23596453666687,0,5a85ae455542997175ce1ff0,0.3333333333333333,1,3,3,
0,0,7.612471580505371,0,5a8bbfb15542995e66a474f6,1.0,1,3,1,
0,0,7.577544927597046,0,5ac240ef55429951e9e684ef,0.3333333333333333,1,3,3,
0,0,7.876730680465698,0,5ab72b5c5542993667793f63,0.3333333333333333,1,3,3,
0,0,7.225731134414673,0,5ab3af70554299233954ff81,0.0,0,3,3,
0,0,7.8938634395599365,0,5ae320a95542991a06ce992e,0.2,1,3,5,
0,0.04081632653061225,7.602349281311035,0,5ae28b76554299495565daa8,0.25,1,3,4,
0,0,7.576714515686035,0,5ab6a8b5554299710c8d1f30,0.0,0,3,6,
0,0,7.6639556884765625,0,5a8b8f5b55429949d91db5e1,0.0,0,3,5,
0,0,6.881752967834473,0,5ae829ea5542997ec2727738,0.0,0,3,3,
0,0,7.629861831665039,0,5aba14195542994dbf0198a9,0.0,0,3,53,
0,0,7.462859630584717,0,5ae370295542992e3233c402,0.25,1,3,4,
0,0,7.8469133377075195,0,5abdba405542993f32c2a023,0.5,1,3,2,
0,0,7.619767189025879,0,5a855b5c5542997b5ce3ffeb,0.0,0,3,4,
0,0,7.656564235687256,0,5adf734b5542995ec70e9016,0.14285714285714285,1,3,7,
0,0.014814814814814815,7.3951027393341064,0,5a81ca835542990a1d231ebd,0.0,0,3,6,
0,0,7.591902732849121,0,5abba581554299642a094af9,0.0,0,3,6,
0,0,7.567047357559204,0,5a887f5c554299206df2b2c0,0.5,2,3,4,
0,0,7.611906051635742,0,5a80956e5542996402f6a579,0.3333333333333333,2,3,6,
0,0,7.563680410385132,0,5ac2efd65542990b17b154c7,0.16666666666666666,1,3,6,
0,0,7.6228392124176025,0,5a7af32e55429931da12c99c,0.25,1,3,4,
0,0,6.092081785202026,0,5a7c9d2e55429935c91b5261,0.0,0,3,4,
0,0,7.624480962753296,0,5a8752955542994775f607d1,0.16666666666666666,2,3,12,
0,0,7.886284112930298,0,5ae3e2455542994393b9e78c,0.5,1,3,2,
0,0,7.8644208908081055,0,5abd552555429933744ab776,0.14285714285714285,1,3,7,
0,0.029850746268656716,7.400779485702515,0,5ac048cc554299294b218f73,0.2,1,3,5,
0,0,7.6023242473602295,0,5ac048ea554299294b218f74,0.6666666666666666,2,3,3,
0,0,7.585927248001099,0,5ab474135542991751b4d77b,0.0,0,3,9,
0,0,4.894551753997803,0,5a711cb45542994082a3e59f,0.2,1,3,5,
0,0,7.689659118652344,0,5ae60db1554299546bf83041,0.4,2,3,5,
0,0,15.614984035491943,1,5a8b81bc55429949d91db5b8,0.25,2,6,8,
0,0,9.437804222106934,1,5a73bcf055429978a71e909c,0.25,1,6,4,
0,0,4.927824020385742,0,5ae1436e55429901ffe4ae31,0.0,0,3,3,
0,0,5.666240215301514,0,5ab207f65542993be8fa98b8,0.5,1,3,2,
0,0,5.057586908340454,0,5a7766b15542993569682d7e,0.5,1,3,2,
0,0,9.118900537490845,1,5ac1a3fa5542991316484b7d,0.0,0,6,5,
0,0,5.582799434661865,0,5a790f5e55429970f5fffe40,0.0,0,3,3,
0,0,4.543200969696045,0,5add10ca5542994ed6169c59,0.3333333333333333,1,3,3,
0,0,7.615891218185425,0,5ae1b2b9554299422ee99684,0.25,1,3,4,
0,0,5.654114246368408,0,5a7f81425542992097ad2f8e,0.0,0,3,5,
0,0,5.60528302192688,0,5a817f6655429938b6142349,0.3333333333333333,1,3,3,
0,0,5.620276212692261,0,5ab6ddb655429953192ad39e,0.0,0,3,4,
0,0,4.576806545257568,0,5a76cb9b55429966f1a36bf2,0.2,1,3,5,
0,0,5.6062188148498535,0,5ae4808455429970de88d990,0.2,1,3,5,
0,0,5.525033712387085,0,5ab7f6d35542993667794070,0.0,0,3,2,
,,,,5abe86365542993f32c2a14d,,,,,Ollama request exceeded timeout limit for model stable-qwen with error: timed out
0,0,4.751202821731567,0,5a7571095542992d0ec05f97,0.0,0,3,3,
0,0,5.663524866104126,0,5adcfbf45542990d50227d86,0.0,0,3,8,
0,0,5.602311134338379,0,5ab30d1155429976abd1bc3d,0.0,0,3,6,
0,0,5.552161455154419,0,5ae6069c55429929b0807a67,0.5,1,3,2,
0,0,4.957679748535156,0,5a711c535542994082a3e59b,0.42857142857142855,3,3,7,
0,0,4.596535921096802,0,5adf85e05542993344016cba,0.6666666666666666,2,3,3,
0,0,5.659019231796265,0,5a77897f55429949eeb29edc,0.2857142857142857,2,3,7,
0,0,4.54532790184021,0,5ae10a5b55429920d52342a0,0.0,0,3,2,
0,0,4.568573713302612,0,5ab639e65542995eadeeff7f,0.0,0,3,6,
0,0,5.581288814544678,0,5a8bae135542996e8ac889b6,0.18181818181818182,2,3,11,
0,0,5.608444452285767,0,5a75e33855429976ec32bc74,0.2,1,3,5,
0,0,5.644930362701416,0,5ae363ff5542992f92d822bc,0.0,0,3,3,
0,0,5.090913772583008,0,5ac0e6fa5542996f0d89cc35,0.5,1,3,2,
0,0,5.617068767547607,0,5ade6b67554299728e26c71c,0.3333333333333333,1,3,3,
,,,,5ae0c7e755429945ae95944c,,,,,Ollama request exceeded timeout limit for model stable-qwen with error: timed out
0,0,5.6009135246276855,0,5a78f753554299078472776e,0.25,1,3,4,
0,0,5.654108762741089,0,5adcde255542992c1e3a243f,1.0,2,3,2,
0,0,5.616042852401733,0,5ae73d505542991e8301cc2c,0.3333333333333333,1,3,3,
0,0,5.643805503845215,0,5ae18d615542997283cd2229,1.0,1,3,1,
0,0,5.665847063064575,0,5ac3ad7f5542995ef918c1de,0.0,0,3,5,
0,0,5.6586432456970215,0,5ab9d44255429939ce03dc36,0.25,1,3,4,
0,0,5.701549053192139,0,5a863b27554299211dda2ab6,1.0,1,3,1,
0,0,5.104671955108643,0,5a79118755429974737f7962,1.0,2,3,2,
0,0,5.649618625640869,0,5abfa9745542997ec76fd426,0.3333333333333333,1,3,3,
0,0,7.272909164428711,0,5abfc8675542993fe9a41e52,0.0,0,3,2,
0,0,4.573501825332642,0,5a866c04554299211dda2b25,0.0,0,3,4,
0,0,5.603134632110596,0,5a80c74f554299260e20a158,0.0,0,3,3,
0,0,5.595514535903931,0,5ae5691055429960a22e02f3,0.14285714285714285,1,3,7,
0,0,5.5942723751068115,0,5ab1d983554299340b52540a,0.0,0,3,2,
0,0,5.6222755908966064,0,5ab28e2a5542993be8fa9947,0.0,0,3,6,
0,0,5.569941759109497,0,5ab9547755429970cfb8ea6c,0.3333333333333333,1,3,3,
0,0,4.62027382850647,0,5a7ce0bc55429909bec76863,0.0,0,3,3,
0,0,5.652923107147217,0,5ae17daa55429901ffe4aea9,0.3333333333333333,1,3,3,
0,0,5.596993684768677,0,5ae7c5ef5542993210983f44,0.25,1,3,4,
0,0,5.620669364929199,0,5a7313865542994cef4bc442,0.18181818181818182,2,3,11,
0,0,5.578698635101318,0,5adccf645542990d50227d32,0.0,0,3,6,
0,0,5.592836856842041,0,5ac176555542994d76dcce47,0.5,1,3,2,
0,0,4.5438477993011475,0,5abbf3845542993f40c73c2e,0.0,0,3,5,
0,0,5.604049444198608,0,5a8781b65542993e715abf8f,0.3333333333333333,1,3,3,
0,0,5.625776052474976,0,5a807ea1554299485f598624,0.0,0,3,5,
0,0,5.647471189498901,0,5a8ec7cc5542995a26add518,0.0,0,3,2,
0,0,7.29896354675293,0,5a7a978555429941d65f26db,0.125,1,3,8,
0,0,10.856378555297852,1,5a7fc70155429969796c1b59,0.5,2,6,4,
0,0,13.28647780418396,1,5ab84d5a55429916710eb028,0.0,0,6,8,
0,0,7.673745632171631,0,5a7f392b55429934daa2fd26,0.0,0,3,5,
0,0,7.6942949295043945,0,5a877dd65542993e715abf79,0.0,0,3,2,
0,0,5.94434380531311,0,5a8b99c355429950cd6afd28,0.0,0,3,2,
0,0,7.6574859619140625,0,5a8e2ba05542995085b373b8,0.16666666666666666,1,3,6,
0,0,7.733413219451904,0,5a74581555429979e2882912,0.0,0,3,6,
0,0,7.633986949920654,0,5ac1d40c5542994d76dccef5,0.0,0,3,5,
0,0,7.678182125091553,0,5a7c6b6655429935c91b519a,0.3333333333333333,1,3,3,
0,0,7.665717840194702,0,5a73522d5542994cef4bc541,0.25,1,3,4,
0,0,7.692675352096558,0,5a822a5e55429926c1cdae43,0.3333333333333333,1,3,3,
0,0,8.070918321609497,0,5a7b1023554299042af8f6c2,0.3333333333333333,1,3,3,
0,0,7.685261011123657,0,5a84574455429933447460e6,0.14285714285714285,1,3,7,
0,0,6.232591867446899,0,5a89a02955429946c8d6e975,0.0,0,3,3,
0,0.016000000000000004,7.487550735473633,0,5abdf1fe55429976d4830a31,0.08333333333333333,1,3,12,
0,0,7.708076477050781,0,5ae1e9fd5542997f29b3c1a1,0.3333333333333333,2,3,6,
0,0,7.711201906204224,0,5a77b0395542997042120ae1,0.5,1,3,2,
0,0,7.708971261978149,0,5a79c8fa5542994bb94570a1,0.0,0,3,6,
0,0,7.68133282661438,0,5ae21937554299234fd043d3,0.07692307692307693,1,3,13,
0,0,7.717467308044434,0,5a7cdcbf55429907fabef04f,0.3333333333333333,1,3,3,
0,0,7.621193885803223,0,5ac51a055542994611c8b390,0.0,0,3,4,
0,0,7.756514310836792,0,5a78c7db55429974737f7882,0.3333333333333333,1,3,3,
0,0,8.183387517929077,0,5a82e25555429954d2e2ebbf,0.0,0,3,3,
0,0,4.558760404586792,0,5ab42b8955429942dd415ea6,0.5,1,3,2,
0,0,7.730884313583374,0,5a8db916554299441c6ba057,0.0,0,3,3,
0,0,7.966921091079712,0,5a79ca585542996c55b2dc71,0.0,0,3,4,
0,0,6.276641368865967,0,5abd6cb955429933744ab7cd,0.3333333333333333,1,3,3,
0,0,7.781533718109131,0,5a7642f7554299109176e6e8,0.5,1,3,2,
0,0.013071895424836602,8.04969048500061,0,5a88a42f554299206df2b317,0.3333333333333333,1,3,3,
0,0,7.709796667098999,0,5a8c90db554299653c1aa0bf,0.25,1,3,4,
0,0,7.760782957077026,0,5a763986554299109176e6bd,0.0,0,3,2,
0,0,7.732381820678711,0,5a7cc0d4554299452d57ba07,0.2,1,3,5,
0,0,8.1602041721344,0,5a86113355429960ec39b618,0.3333333333333333,1,3,3,
0,0,7.2125020027160645,0,5a722fae55429971e9dc9343,1.0,1,3,1,
0,0,7.6765077114105225,0,5a7af4cd55429931da12c9a6,0.3333333333333333,1,3,3,
0,0,5.95443320274353,0,5a7d9bc65542990b8f5039cb,0.0,0,3,4,
0,0,7.755101680755615,0,5adbd70c55429947ff173843,0.0,0,3,3,
0,0,7.611825704574585,0,5a7e04b05542995f4f40238a,0.5,1,3,2,
,,,,5a90b6985542990a984936c2,,,,,Ollama request exceeded timeout limit for model stable-qwen with error: timed out
0,0,7.71500563621521,0,5ae164685542997b2ef7d1cb,0.2,1,3,5,
0,0,7.717737674713135,0,5a86fde6554299211dda2b7f,0.14285714285714285,1,3,7,
0,0,7.727537631988525,0,5a802e135542992bc0c4a6c7,0.0,0,3,2,
0,0,7.776393175125122,0,5ac31456554299741d48a1b4,0.14285714285714285,1,3,7,
0,0,7.7108964920043945,0,5ae0a6ea5542993d6555ebe9,0.07692307692307693,1,3,13,
0,0,7.573707818984985,0,5a872e8e5542991e7718170c,0.6666666666666666,2,3,3,
0,0,7.655493974685669,0,5a7265825542997f827839a3,0.0,0,3,1,
0,0,6.531970500946045,0,5abe2b0155429976d4830a83,0.0,0,3,2,
0,0,7.697744131088257,0,5ae135fb55429920d523431f,0.0,0,3,1,
0,0,7.669638395309448,0,5a8f0a01554299458435d539,0.0,0,3,5,
0,0,7.666643142700195,0,5ab40e1c5542996a3a969f00,0.0,0,3,3,
0,0,7.699328422546387,0,5ab28c89554299340b525513,0.0,0,3,2,
0,0,7.753095865249634,0,5a87e3d65542993e715abff8,0.16666666666666666,1,3,6,
0,0,7.68166708946228,0,5addfc425542997dc7907101,0.3333333333333333,1,3,3,
0,0,7.720121383666992,0,5ab576dc5542997d4ad1f13d,0.0,0,3,11,
0,0,14.719447374343872,1,5a8d8eb5554299068b959d3a,0.3333333333333333,1,6,3,
0,0,7.701243162155151,0,5ac5101455429924173fb592,0.25,2,3,8,
0,0,7.889622211456299,0,5ab91f98554299753720f70d,0.25,1,3,4,
0,0,7.885469198226929,0,5ae6371155429929b0807af1,0.25,1,3,4,
0,0,7.854649543762207,0,5ac1bff05542994ab5c67dfc,0.5,1,3,2,
0,0,7.799638032913208,0,5a7c2f145542996dd594b8b4,0.5,1,3,2,
0,0,11.771490097045898,1,5a81e4e8554299676cceb140,0.0,0,6,5,
0,0,7.636355400085449,0,5a83041355429966c78a6ae8,0.3333333333333333,1,3,3,
0,0,7.665782928466797,0,5ab7fa7b5542992aa3b8c897,0.16666666666666666,1,3,6,
0,0,7.6881797313690186,0,5a8cee9b554299441c6b9f87,0.0,0,3,3,
0,0,7.66540265083313,0,5ab67bf255429954757d32f5,0.0,0,3,5,
0,0,7.63412880897522,0,5a77d65055429949eeb29f7b,0.0,0,3,3,
0,0,7.655218839645386,0,5a7f3f7c55429934daa2fd45,0.3333333333333333,1,3,3,
0,0,7.661104917526245,0,5ade811e5542992fa25da7a0,0.3333333333333333,1,3,3,
0,0,7.609936714172363,0,5a7633ff5542994ccc918712,0.25,1,3,4,
0,0,7.636714696884155,0,5a88a1475542997e5c09a646,0.0,0,3,3,
0,0,7.6190431118011475,0,5a8887a055429938390d3f72,0.2,1,3,5,
0,0,7.701290607452393,0,5a86399e5542994775f60733,0.0,0,3,4,
0,0,7.728007078170776,0,5a84c0765542991dd0999dd9,0.14285714285714285,1,3,7,
0,0,7.641999244689941,0,5adf17f95542995ec70e8f6c,0.0,0,3,14,
0,0.014184397163120567,7.6955859661102295,0,5a7f5ab65542995d8a8dde43,0.0,0,3,3,
0,0,7.642255544662476,0,5a8cec13554299441c6b9f7d,0.5,1,3,2,
0,0.014814814814814814,7.6340882778167725,0,5abce9ca554299114383a193,0.0,0,3,6,
0,0,7.265424013137817,0,5a7a1b845542990783324e5f,0.2,1,3,5,
0,0,7.351338863372803,0,5a7363ec5542991f29ee2dd7,0.5,1,3,2,
0,0,7.696354627609253,0,5a77321355429972597f1493,0.0,0,3,3,
0,0,7.680647611618042,0,5ab5cd4f554299488d4d9a31,0.0,0,3,5,
0,0,7.627501010894775,0,5a83411655429966c78a6b5d,0.05,1,3,20,
0,0,7.2637574672698975,0,5a8d50fb55429941ae14dfa2,0.0,0,3,4,
0,0,7.67477822303772,0,5ae80919554299540e5a56f6,1.0,1,3,1,
0,0,7.6545562744140625,0,5ab2b8fe5542991669774070,0.3333333333333333,1,3,3,
0,0,7.666669845581055,0,5a8d0efd5542994ba4e3dbc6,0.3333333333333333,1,3,3,
0,0,10.49529242515564,1,5a7125b95542994082a3e5d5,0.3333333333333333,1,6,3,
0,0,5.890522480010986,0,5a8a6a2155429930ff3c0dd0,0.25,1,3,4,
0,0,5.897708415985107,0,5ae834e95542997ec272776a,0.2,2,3,10,
0,0,5.873550891876221,0,5a7ab51055429927d897bef6,0.0,0,3,5,
0,0,7.645116329193115,0,5ae250b45542996483e64977,0.2,1,3,5,
0,0,7.60485053062439,0,5a733c925542991f9a20c6b7,0.25,2,3,8,
0,0,5.9111268520355225,0,5a7e5ec25542991319bc947a,0.6666666666666666,2,3,3,
0,0,5.908848762512207,0,5adbf2805542994650320c15,0.25,1,3,4,
0,0,7.70247220993042,0,5a845e9055429933447460ec,0.25,1,3,4,
0,0,5.947631597518921,0,5a820c0c554299676cceb1fc,0.5,1,3,2,
0,0,7.642046928405762,0,5a88bd1d554299206df2b357,0.0,0,3,1,
0,0,12.359760046005249,1,5a79332555429907847277e7,1.0,1,6,1,
0,0,7.161097288131714,0,5abd516a5542992ac4f3825c,0.5,1,3,2,
0,0,8.064220428466797,0,5add26075542994ed6169c9c,0.3333333333333333,1,3,3,
0,0,8.087006092071533,0,5a901f735542990a98493591,0.5,1,3,2,
0,0,8.056025981903076,0,5ab840e255429934fafe6d3b,0.5,1,3,2,
0,0,7.789154529571533,0,5ac3d4b6554299204fd21e93,0.16666666666666666,1,3,6,
0,0,7.869546413421631,0,5a73b2cb55429908901be31a,0.6666666666666666,2,3,3,
0,0,7.80949330329895,0,5ac29cf8554299218029dac2,0.3333333333333333,2,3,6,
0,0,8.073813438415527,0,5ae686535542996d980e7bdc,0.14285714285714285,1,3,7,
0,0,7.170115947723389,0,5a8aa1685542992d82986f32,0.3333333333333333,2,3,6,
0,0,8.105605125427246,0,5a7d7deb5542995f4f402282,1.0,2,3,2,
0,0,7.998316287994385,0,5a8c622a554299240d9c2142,0.2,1,3,5,
0,0,6.524327754974365,0,5a7b81715542997c3ec971d4,0.5,2,3,4,
0,0.0136986301369863,8.061283826828003,0,5ae0c29c5542993d6555ec46,0.25,1,3,4,
0,0,8.104514598846436,0,5a7c290c5542990527d55468,0.3333333333333333,1,3,3,
0,0.013986013986013986,8.090675592422485,0,5a876f785542993e715abf42,0.0,0,3,6,
0,0,6.128339052200317,0,5ae1e6d95542997283cd22c3,0.0,0,3,3,
0,0,8.09926724433899,0,5ae10df355429920d52342ac,0.3333333333333333,1,3,3,
0,0,4.865204334259033,0,5ae4d8475542993aec5ec0e0,0.16666666666666666,1,3,6,
0,0,8.053270816802979,0,5ab94cf0554299743d22eade,0.2222222222222222,2,3,9,
0,0,8.080878973007202,0,5ae479745542996836b02cb1,0.25,1,3,4,
0,0,7.902944326400757,0,5a852cd05542997b5ce3ffb0,0.0,0,3,5,
0,0,8.056563377380371,0,5a8babf05542996e8ac8899e,0.0,0,3,8,
0,0,8.096460103988647,0,5a82fcbd55429954d2e2ebe8,0.25,1,3,4,
0,0.01379310344827586,8.048032760620117,0,5a77c60255429967ab105285,0.0,0,3,5,
0,0,8.072726726531982,0,5adf39ce5542995534e8c76d,0.2,1,3,5,
0,0,7.821901798248291,0,5ae694a15542991bbc976141,0.25,1,3,4,
0,0,7.840816497802734,0,5ae13bca55429901ffe4ae17,0.2,1,3,5,
0,0,8.038042068481445,0,5a8a265b5542992d82986ecc,0.0,0,3,2,
0,0.027027027027027032,7.1412718296051025,0,5a77121a5542994aec3b71db,0.0,0,3,4,
0,0.01408450704225352,8.055064916610718,0,5ae6911955429908198fa626,0.2,1,3,5,
0,0,8.071128129959106,0,5ae53de455429908b6326599,0.0,0,3,4,
0,0,8.133568286895752,0,5a813b6f55429903bc27b951,0.0,0,3,2,
0,0,8.115310907363892,0,5a84b4005542991dd0999d99,0.0,0,3,4,
0,0,7.122206211090088,0,5a8cca64554299653c1aa125,1.0,1,3,1,
0,0,8.077144145965576,0,5ab8ed305542991b5579f046,1.0,1,3,1,
0,0,8.10884165763855,0,5ae0b2f25542993d6555ec1c,0.25,1,3,4,
0,0,8.047623872756958,0,5ae207a65542994d89d5b317,0.0,0,3,11,
0,0,8.072197675704956,0,5a75383a5542996c70cfaeb3,0.0,0,3,2,
0,0,11.86852478981018,1,5ae3fd2c5542995dadf2428f,0.5,1,6,2,
0,0,4.829010963439941,0,5abffd10554299012d1db556,0.0,0,3,4,
0,0,7.4087464809417725,0,5a8f812755429918e830d245,0.25,1,3,4,
0,0,28.812973737716675,2,5ae520315542993aec5ec152,0.0,0,9,3,
0,0,7.895211219787598,0,5a7631cd5542994ccc91870c,0.25,1,3,4,
0,0,8.00688624382019,0,5ac26eed55429951e9e685bf,0.0,0,3,5,
0,0,7.780510187149048,0,5a7e37095542995ed0d166d5,0.3333333333333333,1,3,3,
0,0,7.89241361618042,0,5adf72d35542992d7e9f9369,0.3333333333333333,1,3,3,
0,0.013698630136986302,7.865123271942139,0,5a876b265542993e715abf33,0.3333333333333333,1,3,3,
0,0,7.97817063331604,0,5a77ddb855429967ab1052d8,0.0,0,3,10,
0,0,14.410308122634888,1,5adcc3ed5542994d58a2f6c4,0.0,0,6,9,
0,0,7.774094104766846,0,5a76f5b155429972597f1400,0.5,1,3,2,
0,0,7.622799396514893,0,5ae2c696554299495565db32,0.0,0,3,10,
0,0,7.795788049697876,0,5a875154554299211dda2be7,0.5,3,3,6,
0,0,7.77688455581665,0,5a84cf175542992a431d1aa2,0.2,1,3,5,
0,0,7.895552158355713,0,5adbf0a255429947ff17385a,1.0,1,3,1,
0,0,7.795259237289429,0,5a8e3ea95542995a26add48d,0.0,0,3,4,
0,0,7.85924506187439,0,5abd94525542992ac4f382d2,0.3333333333333333,1,3,3,
0,0,7.802290201187134,0,5a8b57f25542995d1e6f1371,0.2,1,3,5,
0,0,21.71943163871765,1,5a8c7595554299585d9e36b6,0.4,2,6,5,
0,0,7.883431434631348,0,5a85ea095542994775f606a8,0.0,0,3,3,
