exact_match,f1_score,time,step,dataset_id,hit_rate,hits,total_retrieved,expected_count
0,0,37.39409255981445,5,5abc081e5542993f40c73c54,0.06666666666666667,1,18,15
0,0,21.336198091506958,5,5a7fe7f85542994857a7683e,3.3333333333333335,10,18,3
0,0,14.37488317489624,5,5ae389fc5542992f92d8230f,0.0,0,18,9
0,0,13.800273180007935,5,5ac4f8705542995c82c4ad8d,0.14285714285714285,1,18,7
0,0,13.710857152938843,5,5a74655b55429974ef308bf0,0.3333333333333333,1,18,3
0,0,16.68418598175049,5,5ab57673554299637185c5a3,0.2,1,18,5
0,0,24.32396125793457,5,5a8765ad5542996e4f3087cf,0.6666666666666666,2,18,3
0,0,6.711701393127441,2,5ae5cf625542996de7b71a22,0.0,0,9,8
0,0,13.706427812576294,5,5ae515bb55429913cc204584,0.5,1,18,2
0,0,15.212242126464844,5,5ae2eb7f55429928c423955b,0.0,0,18,1
0,0,4.2590813636779785,1,5a8838885542994846c1ce39,0.5,1,6,2
0,0,1.7976572513580322,0,5a7b241b554299042af8f705,0.0,0,3,2
0,0,1.8324754238128662,0,5a8cc7af554299653c1aa11e,0.125,1,3,8
0,0,0.518430233001709,1,5a86681c5542991e77181644,0.0,0,3,7
0,0,1.8413994312286377,0,5abce3015542993a06baf995,0.0,0,3,12
0,0,3.7606914043426514,1,5a7bf84b5542996dd594b875,0.2,1,6,5
0,0,1.82417631149292,0,5ab70c41554299110f219a9d,0.2857142857142857,2,3,7
0,0,1.8073234558105469,0,5adbcd475542996e68525240,0.3333333333333333,1,3,3
0,0,12.844441175460815,5,5a7fd6fc5542995d8a8ddf31,1.0,2,15,2
0,0,0.258746862411499,1,5a902d5155429933b8a2048d,0.5,1,3,2
0,0,3.7466366291046143,1,5a7758895542994aec3b729c,0.0,0,6,5
0,0,1.8326480388641357,0,5ae81032554299540e5a572a,0.6666666666666666,2,3,3
0,0,1.8014123439788818,0,5a8e42d15542995a26add4a6,0.5,1,3,2
0,0,0.44282054901123047,1,5abbc3a955429931dba144f9,0.0,0,3,3
0,0,7.902192831039429,1,5ae206c45542994d89d5b311,0.0,0,3,4
0,0,3.7487294673919678,1,5a80b9e85542992bc0c4a7ed,0.4,2,6,5
0,0,6.451232433319092,2,5a8a1dbc55429970aeb7025a,0.375,3,9,8
0,0,3.9207956790924072,1,5ab9c3e1554299753720f852,0.5,2,6,4
0,0,1.8299801349639893,0,5a84f5865542991dd0999e30,0.0,0,3,10
0,0,1.8434693813323975,0,5abcf299554299700f9d7936,0.5,1,3,2
0,0,1.8410634994506836,0,5ae4581e55429970de88d92f,0.0,0,3,2
0,0,1.8002641201019287,0,5a7785af55429949eeb29ec2,0.3333333333333333,1,3,3
0,0,16.290415048599243,5,5ae3639b5542991a06ce99b2,0.2,1,18,5
0,0,15.912606477737427,5,5ae779a555429952e35ea931,0.25,1,18,4
0,0,14.517977237701416,3,5abe822155429976d4830b48,1.0,1,12,1
0,0,16.19029140472412,5,5ae385df5542992f92d82305,0.6666666666666666,2,18,3
0,0,15.632372379302979,5,5a77720255429967ab10517f,1.0,1,18,1
0,0,7.663810729980469,0,5a80de9b55429938b6142226,0.25,1,3,4,
0,0,12.29914379119873,1,5ae15ae25542990adbacf767,0.0,0,6,3,
0,0,7.835392236709595,0,5a8e8f6f5542995085b37451,0.16666666666666666,1,3,6,
0,0,7.9479944705963135,0,5ae5caff554299546bf82f69,0.0,0,3,4,
0,0,7.907233238220215,0,5abde0655542991f6610608b,0.0,0,3,7,
0,0,8.01761794090271,0,5a7c221f554299683c1c62d2,0.25,1,3,4,
0,0,8.06111764907837,0,5a8782a25542993e715abf95,0.0,0,3,4,
0,0,0.27069830894470215,1,5ab259b25542993be8fa98de,0.0,0,3,4,
0,0,7.966767311096191,0,5abc805a554299658360045b,0.0,0,3,4,
0,0,7.829028129577637,0,5a721e0e55429971e9dc928d,0.2,1,3,5,
0,0,7.793826580047607,0,5ac05310554299012d1db5e7,0.0,0,3,4,
0,0,8.039161443710327,0,5add57e55542992ae4cec516,0.0,0,3,5,
0,0,7.834510803222656,0,5a778c215542995d831811ba,0.125,1,3,8,
0,0,7.973067760467529,0,5ade28b15542997c77aded83,,,,,
0,0,7.694279670715332,0,5a87106555429960ec39b71f,0.6666666666666666,2,3,3,
0,0,7.820956707000732,0,5a72f3a85542992359bc31e5,0.5,3,3,6,
0,0,12.555081129074097,1,5a7b88a85542995eb53be954,1.0,4,6,4,
0,0,7.845806837081909,0,5a7cad635542996dd594b97f,0.3333333333333333,1,3,3,
0,0,8.025540590286255,0,5a832e715542990548d0b1bf,0.14285714285714285,1,3,7,
0,0,8.042712926864624,0,5ae81060554299540e5a572c,0.0,0,3,7,
0,0,7.832927465438843,0,5a825f2155429954d2e2eb1b,0.3333333333333333,1,3,3,
0,0,7.841000318527222,0,5ab6e07b55429954757d33a0,0.0,0,3,5,
0,0,7.937418222427368,0,5aba89d555429901930fa816,0.25,1,3,4,
0,0,7.783787965774536,0,5a85d4ad5542997175ce2050,0.5,1,3,2,
0,0,7.8027825355529785,0,5ac2660d55429951e9e685a1,0.3333333333333333,1,3,3,
0,0,7.847391843795776,0,5a831af855429954d2e2ec1e,0.5,1,3,2,
0,0,7.83678936958313,0,5abbc4d255429931dba144fe,0.0,0,3,3,
0,0,7.82153844833374,0,5a778ce55542995d831811c0,0.0,0,3,4,
0,0,7.8209450244903564,0,5a8a13f45542992d82986e9e,0.25,1,3,4,
0,0,7.884249925613403,0,5a86296a55429960ec39b631,0.2,1,3,5,
0,0,7.778217554092407,0,5a7f275d55429934daa2fd01,0.5,1,3,2,
0,0,6.879060983657837,0,5ae13b085542997b2ef7d146,0.25,1,3,4,
0,0,7.840563774108887,0,5a8081975542992097ad2fef,0.3333333333333333,1,3,3,
0,0,8.005039930343628,0,5ae2e06d55429928c4239521,1.0,1,3,1,
0,0,7.865494012832642,0,5ab2383155429970612095c1,0.3333333333333333,2,3,6,
0,0,7.877351999282837,0,5ac29da5554299218029dac3,0.0,0,3,3,
0,0,7.831852674484253,0,5ab48af35542996a3a969f92,0.0,0,3,4,
0,0,8.006149530410767,0,5a902e755542995651fb50de,0.0,0,3,4,
0,0,7.855083227157593,0,5ae002ec55429925eb1afbdc,0.0,0,3,3,
0,0,7.987229347229004,0,5a74c2bd5542996c70cfadda,0.5,1,3,2,
0,0,4.678201198577881,0,5ab7a86d5542995dae37e986,0.14285714285714285,1,3,7,
0,0,7.850545644760132,0,5ae3c71f5542991a06ce9a22,0.3333333333333333,1,3,3,
0,0,7.9648191928863525,0,5adf32ee5542995534e8c767,0.0,0,3,9,
0,0,7.835623264312744,0,5ae573b25542990ba0bbb2b4,0.0,0,3,7,
0,0,7.949238061904907,0,5ac3c08a5542995ef918c217,0.0,0,3,5,
0,0,7.993900775909424,0,5ab9ddef5542994dbf019875,0.0,0,3,3,
0,0,7.880580425262451,0,5ab862b35542990e739ec8db,0.5,1,3,2,
0,0.013888888888888888,7.87529993057251,0,5adfe37c554299025d62a377,0.5,1,3,2,
0,0,7.939395189285278,0,5ac195455542991316484b40,0.0,0,3,5,
0,0,7.789471387863159,0,5adf49935542993a75d26491,0.5,1,3,2,
0,0,7.812014818191528,0,5a7244955542990c210a408a,0.0,0,3,3,
0,0,7.9798290729522705,0,5a7b8cc7554299294a54a9ea,0.0,0,3,3,
0,0.014084507042253523,7.837029933929443,0,5ae7316e554299572ea5477e,0.3333333333333333,1,3,3,
0,0,7.793384075164795,0,5a8e0cb85542995085b373b2,0.0,0,3,3,
0,0.014084507042253523,7.8297178745269775,0,5ae2bba35542992decbdcd89,0.0,0,3,3,
0,0.014084507042253523,7.89046835899353,0,5a82301155429926c1cdae4a,0.0,0,3,7,
0,0,7.926808834075928,0,5a877fa45542993e715abf84,0.4,2,3,5,
0,0,7.802470684051514,0,5a8662da5542991e7718162f,0.25,1,3,4,
0,0,10.975966691970825,1,5ae1b943554299492dc91b7f,0.4,2,6,5,
0,0.013793103448275864,7.984265327453613,0,5adec62e5542992fa25da841,0.14285714285714285,1,3,7,
0,0,8.248780488967896,0,5abfc9bf5542993fe9a41e60,0.5,1,3,2,
0,0,7.9973976612091064,0,5ab26b60554299449642c898,0.0,0,3,6,
0,0,8.032754898071289,0,5adcd6705542992c1e3a2426,0.5,1,3,2,
0,0,8.048640489578247,0,5a79c9395542994bb94570a2,0.25,1,3,4,
0,0,7.915112495422363,0,5a750d315542996c70cfae84,0.42857142857142855,3,3,7,
0,0,7.796902418136597,0,5ab7452b5542992aa3b8c806,0.25,1,3,4,
0,0,7.9380104541778564,0,5ab6993f554299110f219a2b,0.14285714285714285,1,3,7,
0,0,7.976378917694092,0,5ae1367055429901ffe4adf3,0.25,1,3,4,
0,0,11.035881757736206,1,5ab7ba4155429928e1fe38b2,0.0,0,6,6,
0,0,7.8521833419799805,0,5aba5ea955429939ce03dca5,0.0,0,3,2,
0,0,7.842674493789673,0,5ab67cf455429954757d3302,0.5,2,3,4,
0,0,7.833299160003662,0,5abae3b05542996606241661,0.2,1,3,5,
0,0,7.825232028961182,0,5a8303c255429954d2e2ec01,0.5,2,3,4,
0,0,7.830974102020264,0,5a8b7d925542995d1e6f13bd,0.0,0,3,4,
0,0,14.657364130020142,1,5ab6fcf55542991d32223718,0.0,0,6,4,
0,0,8.002028942108154,0,5a8313a755429954d2e2ec06,0.5,1,3,2,
0,0.0392156862745098,8.036017894744873,0,5ade747555429939a52fe8c5,0.0,0,3,4,
0,0,8.034989595413208,0,5ab6f9335542991d322236fc,0.3333333333333333,1,3,3,
0,0,8.030638456344604,0,5a792ad055429907847277d1,1.0,2,3,2,
0,0,8.016772985458374,0,5a8089535542992bc0c4a762,0.0,0,3,1,
0,0,8.030906200408936,0,5a903b7255429933b8a204ae,0.0,0,3,2,
0,0,10.504209756851196,1,5ae022ab554299025d62a428,1.0,1,6,1,
0,0,5.672231912612915,0,5a8c7ced5542995e66a4761c,0.3333333333333333,1,3,3,
0,0,5.667783737182617,0,5a75140b5542996c70cfae87,0.2,1,3,5,
0,0.02150537634408602,5.634998798370361,0,5a905cea55429933b8a204f4,0.3333333333333333,1,3,3,
0,0,10.646015644073486,1,5ae363e85542994393b9e6a5,0.0,0,6,1,
0,0.014388489208633094,7.7604570388793945,0,5a83de04554299334474609f,0.25,1,3,4,
0,0,5.7812581062316895,0,5a8d7f2b554299068b959d0c,0.25,1,3,4,
0,0,7.764069557189941,0,5ae4f2c45542990ba0bbb1a9,0.16666666666666666,1,3,6,
0,0.014388489208633094,7.7407426834106445,0,5a81e097554299676cceb129,0.0,0,3,6,
0,0,5.680804967880249,0,5a776a805542993735360269,0.14285714285714285,1,3,7,
0,0,7.696088790893555,0,5a8835dc5542994846c1ce2b,0.16666666666666666,1,3,6,
0,0,7.748033285140991,0,5ab83f9f5542990e739ec891,0.3333333333333333,1,3,3,
0,0.01388888888888889,7.72266411781311,0,5abd69ce5542993062266c7f,0.5,1,3,2,
0,0,8.288633584976196,0,5ab6087a554299110f2199be,0.14285714285714285,1,3,7,
0,0,6.259317636489868,0,5a78e9a2554299148911f995,0.0,0,3,4,
0,0.014285714285714285,7.761074542999268,0,5ab6988a554299710c8d1edc,0.0,0,3,4,
0,0,8.235512256622314,0,5adcb6875542994ed6169bcb,0.25,1,3,4,
0,0,5.689180612564087,0,5a8bb90f5542996e8ac88a02,0.0,0,3,5,
0,0,7.734442234039307,0,5ac02b325542992a796decb9,0.1,1,3,10,
0,0,7.784231901168823,0,5abbd2575542993f40c73bbd,0.0,0,3,4,
0,0,7.79200005531311,0,5a88db445542993b751ca88a,0.2,1,3,5,
0,0,9.261768579483032,1,5ac51c2855429924173fb5b5,0.25,1,6,4,
0,0.03508771929824562,4.764964580535889,0,5abd420f55429933744ab75c,0.2,1,3,5,
0,0,4.739291429519653,0,5a84e21d5542997b5ce3ff7c,0.2857142857142857,2,3,7,
0,0,4.751546621322632,0,5a8e8af55542990e94052b3f,0.0,0,3,5,
0,0,4.78071665763855,0,5a8a647b55429930ff3c0dc1,1.0,1,3,1,
0,0,4.8007588386535645,0,5ae51b495542993aec5ec146,0.5,1,3,2,
0,0.03508771929824562,4.748758792877197,0,5a7f54665542992097ad2f1a,0.3333333333333333,1,3,3,
0,0,4.791977167129517,0,5a75d9b4554299109176e5a7,0.25,1,3,4,
0,0,4.730503797531128,0,5a74551555429974ef308bd9,0.0,0,3,4,
0,0,4.803650379180908,0,5ae324e85542991a06ce9934,0.0,0,3,3,
0,0,4.783494710922241,0,5ac3f18d554299204fd21ed3,0.14285714285714285,1,3,7,
0,0,4.772842884063721,0,5ae0c1be5542993d6555ec42,0.25,1,3,4,
0,0,4.81865119934082,0,5a8013e45542995d8a8ddf41,0.2,1,3,5,
0,0,4.792737722396851,0,5addda1b5542992200553b55,0.0,0,3,6,
0,0,4.716923475265503,0,5ae35b6b5542990afbd1e116,0.125,1,3,8,
0,0,4.819454193115234,0,5ae7739c5542997b22f6a775,1.0,1,3,1,
0,0,4.837667465209961,0,5a726ba35542997f827839c0,0.0,0,3,3,
0,0,4.717860698699951,0,5ac2d9f65542996773102631,0.16666666666666666,1,3,6,
0,0,8.027561902999878,1,5ae1305b55429901ffe4add6,1.0,1,3,1,
0,0,4.760846853256226,0,5a907bf05542995651fb5164,0.3333333333333333,1,3,3,
0,0,4.76807975769043,0,5aba7c7155429955dce3ee58,0.25,1,3,4,
0,0,4.760765075683594,0,5abfab8d5542997ec76fd42d,1.0,1,3,1,
0,0,4.788676500320435,0,5ae05c9f55429945ae959348,0.2,1,3,5,
0,0,4.628509283065796,0,5abf30185542990832d3a13f,0.5,1,3,2,
0,0,4.79137110710144,0,5ae64ba755429929b0807b25,0.1111111111111111,1,3,9,
0,0,4.749411582946777,0,5ade4e415542992fa25da73f,0.0,0,3,2,
,,,,5a73073d55429901807daf69,,,,,Ollama request exceeded timeout limit for model stable-qwen with error: timed out
0,0,4.732445240020752,0,5ac1b3a75542994ab5c67dd2,0.5,2,3,4,
0,0,4.8027260303497314,0,5a8fa32255429918e830d299,0.0,0,3,5,
0,0,9.43074655532837,1,5ac562985542993e66e823ca,0.0,0,6,6,
0,0,4.750487565994263,0,5ac2927b5542996366519a17,0.5,1,3,2,
0,0,4.761709690093994,0,5a729fe55542991f9a20c53b,0.6666666666666666,2,3,3,
0,0,4.637831211090088,0,5a72abb95542992359bc3162,0.0,0,3,4,
0,0,4.762380361557007,0,5a7cd28c554299452d57ba80,1.0,2,3,2,
0,0,4.7781054973602295,0,5a72120e55429971e9dc923f,0.25,1,3,4,
0,0.03508771929824561,4.775365829467773,0,5ade66e1554299728e26c713,0.16666666666666666,1,3,6,
0,0,4.793566465377808,0,5ae47ae05542995ad6573d4f,0.0,0,3,6,
0,0,4.746589422225952,0,5a8ad6805542992d82986f93,0.0,0,3,4,
0,0,4.732430458068848,0,5a8f1adc554299458435d577,0.0,0,3,8,
0,0,4.768993377685547,0,5a8e60ca5542995a26add4d9,0.25,1,3,4,
0,0.031746031746031744,4.69895076751709,0,5a78b386554299148911f949,0.0,0,3,8,
0,0,4.755171537399292,0,5a807181554299485f5985ec,0.0,0,3,2,
0,0,4.804311752319336,0,5ac10c5e554299294b219074,0.5,2,3,4,
0,0,4.76041054725647,0,5a88cc8f55429938390d3fc5,0.0,0,3,6,
0,0,4.781323432922363,0,5abc3d215542993a06baf8a5,0.0,0,3,5,
0,0,7.910024166107178,1,5ab8ee805542991b5579f051,0.5,3,3,6,
0,0.03389830508474576,4.781507968902588,0,5adc020e55429947ff1738b4,0.0,0,3,8,
0,0,7.629406452178955,1,5ab9aab555429970cfb8eb65,0.0,0,6,4,
0,0,4.744899749755859,0,5abb1fd95542996cc5e49fb6,0.0,0,3,4,
0,0,4.725303888320923,0,5a8a547d55429970aeb70293,0.0,0,3,2,
0,0,4.721399307250977,0,5a7217f255429971e9dc9260,0.25,1,3,4,
0,0,4.740525245666504,0,5a89dbec554299669944a5d6,0.0,0,3,5,
0,0,4.770027160644531,0,5a89e6615542992e4fca8462,0.0,0,3,7,
0,0,4.7930872440338135,0,5ae361dc5542992f92d822aa,0.25,1,3,4,
0,0,4.752579689025879,0,5a8e63d65542995085b37421,0.5,1,3,2,
0,0,4.740102291107178,0,5a88451655429938390d3f12,0.125,1,3,8,
0,0,0.29755520820617676,1,5a7a05485542990198eaf04c,0.0,0,3,3,
0,0,4.900393724441528,0,5ae25d2b554299495565da46,1.0,1,3,1,
0,0,4.759254455566406,0,5ab8f53355429916710eb0d1,0.3333333333333333,1,3,3,
0,0.034482758620689655,4.730287790298462,0,5a9042825542990a984935d6,0.2857142857142857,2,3,7,
0,0.034482758620689655,4.747800350189209,0,5a7c96765542990527d554d8,0.5,1,3,2,
,,,,5ae75c6e5542991bbc9761f8,,,,,Ollama request exceeded timeout limit for model stable-qwen with error: timed out
0,0,4.734615087509155,0,5adf8dea5542995534e8c7e4,0.0,0,3,3,
,,,,5ae1681b554299422ee9967c,,,,,Ollama request exceeded timeout limit for model stable-qwen with error: timed out
0,0,4.764141082763672,0,5ade286e5542997c77aded81,0.3333333333333333,1,3,3,
0,0,4.722913026809692,0,5ab938db5542996be2020454,0.0,0,3,1,
0,0,4.782352447509766,0,5a8cacce554299585d9e3718,0.4,2,3,5,
0,0,4.729995965957642,0,5a7353795542991f29ee2d82,1.0,1,3,1,
0,0.034482758620689655,4.721559524536133,0,5a7730f255429972597f148c,0.3333333333333333,1,3,3,
0,0,4.792016506195068,0,5a7d07a455429907fabef0ae,0.25,1,3,4,
0,0,4.777545928955078,0,5ab5eed65542997d4ad1f25c,1.0,1,3,1,
0,0,4.71032977104187,0,5a8ceddb554299441c6b9f85,0.5,2,3,4,
0,0,8.962282419204712,1,5ac4920d5542996feb3fe8d3,0.0,0,6,4,
0,0.029850746268656716,5.721115350723267,0,5ae40d405542996836b02c28,0.4,2,3,5,
0,0,75.50091195106506,1,5ac04a265542997d642959f1,0.5,1,6,2,
0,0,7.511452913284302,1,5a9084e75542990a98493667,0.6666666666666666,2,6,3,
0,0.03636363636363637,4.720761775970459,0,5adff4a555429925eb1afb91,0.3333333333333333,1,3,3,
0,0,15.173970460891724,2,5adeb78a554299728e26c77a,0.0,0,9,3,
0,0.03389830508474576,4.975412130355835,0,5ae20c245542997283cd2367,0.14285714285714285,1,3,7,
0,0,4.923861026763916,0,5ab482815542990594ba9c3d,0.3333333333333333,2,3,6,
0,0,4.9685258865356445,0,5ab2b95c5542991669774072,0.2,1,3,5,
0,0,4.965787172317505,0,5ab41677554299753aec5a38,0.0,0,3,2,
0,0,4.962758302688599,0,5abae1e65542996cc5e49ed2,0.3333333333333333,1,3,3,
0,0.03333333333333333,4.97012186050415,0,5ab4482b55429942dd415f09,0.2,1,3,5,
,,,,5ae6537c5542991bbc9760c1,,,,,Ollama request exceeded timeout limit for model stable-qwen with error: timed out
,,,,5adc3a7055429947ff173913,,,,,Ollama request exceeded timeout limit for model stable-qwen with error: timed out
0,0,5.000080823898315,0,5a7a5cc35542996c55b2dd7c,1.0,1,3,1,
0,0,4.808376789093018,0,5ac47d7355429919431739b3,0.14285714285714285,1,3,7,
0,0,18.896414518356323,3,5a8b041955429971feec4604,0.0,0,12,4,
,,,,5ae56a0d5542990ba0bbb29c,,,,,Ollama request exceeded timeout limit for model stable-qwen with error: timed out
0,0,14.546696186065674,2,5ab6b59f5542995eadef0065,0.16666666666666666,1,9,6,
0,0,11.487921237945557,1,5a80ef1555429938b614225e,0.2,1,6,5,
0,0,4.884849786758423,0,5a8660ba55429960ec39b684,1.0,1,3,1,
0,0,4.891004800796509,0,5a7a94f155429941d65f26ca,0.0,0,3,6,
0,0,4.886236906051636,0,5a78a862554299148911f8fe,0.25,1,3,4,
0,0,4.897817373275757,0,5a72a51355429901807daf21,0.0,0,3,4,
0,0,31.340169191360474,5,5ac417405542995c82c4acbb,1.0,5,18,5,
0,0.07894736842105263,30.63739037513733,5,5ae7a9765542994a481bbdbc,1.0,2,18,2,
0,0,30.306164026260376,5,5ae496735542995dadf2435d,0.25,1,18,4,
0,0,28.319299936294556,5,5ab56b3a554299637185c585,0.5,1,18,2,
0,0,0.32512402534484863,1,5ab72c7d55429928e1fe3830,0.0,0,3,4,
0,0.03508771929824561,28.107962369918823,5,5a8adbf55542992d82986fab,0.2,1,18,5,
0,0,28.009719610214233,5,5a8a48ee55429930ff3c0d66,0.0,0,18,9,
,,,,5a74be0b5542996c70cfadc8,,,,,Ollama request exceeded timeout limit for model stable-qwen with error: timed out
0,0,26.01604413986206,5,5abac35055429901930fa8ae,0.36363636363636365,4,18,11,
0,0,28.12800145149231,5,5a8b19f45542996c9b8d5f9e,0.16666666666666666,1,18,6,
0,0,28.892080783843994,5,5a7f5d165542992097ad2f3c,0.5,1,18,2,
0,0,28.60044550895691,5,5ac55ea55542993e66e82377,0.25,2,18,8,
0,0,0.2676877975463867,1,5abd0097554299700f9d7956,0.0,0,3,2,
0,0,8.95808482170105,1,5ae655845542991bbc9760c3,0.0,0,6,7,
0,0,3.727179527282715,0,5ade84d7554299728e26c72b,0.0,0,3,4,
0,0,4.1902666091918945,0,5a8c2adc554299240d9c20a9,0.0,0,3,2,
0,0,17.77629542350769,3,5ae2661d554299495565da60,1.0,1,12,1,
0,0,31.495161294937134,5,5ac250aa5542992f1f2b384d,0.3333333333333333,1,18,3,
0,0,33.73900055885315,5,5a74cfed5542993748c896ea,0.2,1,18,5,
0,0,33.58902096748352,5,5a89fc665542993b751ca9de,0.0,0,18,4,
0,0,32.72264838218689,5,5ae2ce505542996483e64a72,0.3333333333333333,1,18,3,
0,0,42.86044669151306,5,5ab98d70554299753720f82f,0.3333333333333333,1,18,3,
0,0,44.486035108566284,5,5ab56f7a554299637185c59a,0.0,0,18,16,
0,0,43.16481828689575,5,5a83a4bc554299123d8c217f,0.0,0,18,6,
0,0,35.50650119781494,4,5a84f6c55542997175ce1f36,0.25,1,15,4,
0,0,6.6720051765441895,0,5ac26ac15542992f1f2b38bc,0.2,1,3,5,
0,0.02898550724637681,6.71966552734375,0,5a7615fb5542992db9473727,0.0,0,3,3,
0,0,6.629609823226929,0,5ade3bf75542997c77adedb8,0.2,1,3,5,
0,0,6.6448469161987305,0,5ae32eca5542994393b9e640,0.3333333333333333,1,3,3,
0,0,6.6090521812438965,0,5ab514c05542991779162d72,0.0,0,3,6,
0,0.014925373134328356,6.623482704162598,0,5a8a3a355542996c9b8d5e5e,0.2,1,3,5,
0,0,7.296623229980469,0,5ab5ab5d5542992aa134a37d,0.25,1,3,4,
0,0,6.6464455127716064,0,5ab2999a554299194fa9342f,0.0,0,3,5,
0,0,6.6156463623046875,0,5a7c6b86554299683c1c62ff,0.0,0,3,2,
0,0,6.712018966674805,0,5ab6e865554299710c8d1fad,0.3333333333333333,1,3,3,
0,0.014925373134328356,6.637695550918579,0,5adf9f6c5542992d7e9f93c2,0.25,1,3,4,
0,0,6.6366658210754395,0,5a7dd6cd5542995f4f4022cd,0.0,0,3,4,
0,0,6.639566898345947,0,5a8f141e55429918e830d181,0.0,0,3,5,
0,0,6.66017746925354,0,5a8b4d5e5542995d1e6f135c,0.5,2,3,4,
0,0,32.15874361991882,4,5a778a165542995d831811a9,0.2,1,15,5,
0,0,6.710595607757568,0,5ac458f8554299204fd21f2a,0.0,0,3,13,
0,0,6.735148668289185,0,5ae4a2d05542995ad6573de1,0.0,0,3,5,
0,0,6.679238796234131,0,5a8c42d7554299240d9c20f5,0.0,0,3,3,
0,0,6.691287994384766,0,5ac2bcf55542990b17b1546e,0.14285714285714285,1,3,7,
0,0,6.654283761978149,0,5a7224ab55429971e9dc92dd,0.0,0,3,9,
0,0,6.674433708190918,0,5ab26a4b55429970612095fc,0.0,0,3,7,
0,0,6.679765701293945,0,5a80be9655429938b61421b5,0.16666666666666666,1,3,6,
0,0,6.721972942352295,0,5adfc97255429906c02daa41,0.0,0,3,5,
0,0,6.660782337188721,0,5ab6b13b554299710c8d1f3f,0.0,0,3,4,
0,0.02816901408450704,6.709610462188721,0,5abea05f5542991f661061b6,0.0,0,3,8,
0,0,6.693897485733032,0,5ae679ec5542996d980e7b75,0.5,1,3,2,
0,0,6.613112926483154,0,5a7de14a5542991319bc93fc,0.0,0,3,3,
0,0,6.675502061843872,0,5adf4da15542995534e8c780,0.5,1,3,2,
0,0,6.696302652359009,0,5a71419f5542994082a3e70d,0.0,0,3,9,
0,0,6.669681549072266,0,5a8a19c45542992e4fca8501,0.0,0,3,4,
0,0,6.663208961486816,0,5adde73f5542992200553b94,0.3333333333333333,1,3,3,
0,0,6.65942645072937,0,5a80f793554299260e20a1e1,0.0,0,3,4,
0,0,6.6657555103302,0,5a8a803b55429930ff3c0e04,0.6666666666666666,2,3,3,
0,0,6.6655542850494385,0,5a80274e5542992e7d278dfb,0.25,1,3,4,
0,0,6.688182353973389,0,5a72c9e85542991f9a20c595,0.2,1,3,5,
0,0,6.653067111968994,0,5ab499a55542996a3a969f9f,0.0,0,3,2,
0,0,6.692677974700928,0,5a80838d5542992bc0c4a745,0.5,2,3,4,
0,0,6.6644041538238525,0,5ab8750255429934fafe6dd1,0.0,0,3,7,
0,0,6.681113958358765,0,5abac89d55429901930fa8b5,0.25,1,3,4,
,,,,5a73090455429901807daf6e,,,,,Ollama request exceeded timeout limit for model stable-qwen with error: timed out
0,0,6.627280950546265,0,5ab5d27a554299494045f073,0.0,0,3,4,
0,0,6.634425163269043,0,5adc396155429944faac2479,0.3333333333333333,1,3,3,
0,0,6.6610493659973145,0,5a89e2785542992e4fca843d,0.25,1,3,4,
0,0,6.655606985092163,0,5a7f7c285542994857a76746,0.0,0,3,3,
0,0,6.711519718170166,0,5a8f0796554299458435d528,0.3333333333333333,1,3,3,
0,0,6.70742392539978,0,5a8ce55f554299441c6b9f62,0.0,0,3,6,
0,0,6.652352571487427,0,5a8e3e9b5542995085b37402,0.0,0,3,2,
0,0,6.704364061355591,0,5a80e5f5554299260e20a1ae,0.25,1,3,4,
0,0,6.695301294326782,0,5ae064605542993d6555eb44,0.0,0,3,15,
0,0,6.678254127502441,0,5a81737155429903bc27b96f,0.3333333333333333,1,3,3,
0,0,6.708267688751221,0,5ae3d67f5542992f92d8238f,0.0,0,3,6,
0,0,48.66983127593994,5,5abd8ee05542993062266cc8,0.0,0,18,6,
,,,,5a89d3e15542992e4fca83d4,,,,,Ollama request exceeded timeout limit for model stable-qwen with error: timed out
0,0,37.014012575149536,4,5ab2ed62554299166977413a,0.14285714285714285,1,15,7,
0,0,0.25557661056518555,1,5a85e5345542991dd0999ebb,0.6666666666666666,2,3,3,
0,0,21.98413634300232,2,5a86f13c554299211dda2b5e,0.16666666666666666,1,9,6,
0,0.012048192771084338,45.548975467681885,5,5ac562115542993e66e823bf,0.3333333333333333,1,18,3,
0,0.02469135802469136,43.444966316223145,5,5ab3589455429976abd1bc93,0.0,0,18,6,
0,0,42.504616260528564,5,5a7eacd855429930675135c3,0.0,0,18,12,
0,0,46.478089332580566,5,5a74a8fa55429929fddd8497,0.25,1,18,4,
0,0,39.4199914932251,5,5ac05fb55542997d64295a0b,0.0,0,18,2,
0,0,47.33242630958557,5,5ae4606c5542996836b02c91,0.0,0,18,4,
0,0,10.631559133529663,0,5a73f2035542993a88ae2ea8,0.3333333333333333,1,3,3,
0,0,34.134265661239624,4,5ae666d35542991bbc9760cc,0.4,2,15,5,
0,0,22.662479162216187,2,5a7c54eb554299683c1c62e8,0.5,1,9,2,
0,0,43.033549308776855,5,5abbd58d554299660624172f,0.25,1,18,4,
0,0,32.68129110336304,3,5ac160bb5542994d76dccdfb,0.25,1,12,4,
0,0,8.248637676239014,0,5a734dad5542994cef4bc522,0.1111111111111111,1,3,9,
0,0,8.234334945678711,0,5ab94fa25542996be2020474,0.0,0,3,5,
0,0,8.284446477890015,0,5a7b2ec755429927d897bf53,0.0,0,3,6,
0,0,8.276739835739136,0,5ae604ec5542996de7b71af9,0.3333333333333333,1,3,3,
0,0,8.29202151298523,0,5adc1af75542994650320c75,0.1111111111111111,1,3,9,
0,0,8.301932573318481,0,5ab298fb554299449642c922,0.5,1,3,2,
,,,,5a812d0555429938b61422e1,,,,,Ollama request exceeded timeout limit for model stable-qwen with error: timed out
0,0,17.097245931625366,1,5adf35935542993344016c36,0.4,2,6,5,
0,0,8.316896200180054,0,5a7f669a5542994857a76729,0.3333333333333333,1,3,3,
0,0,8.308369159698486,0,5a7ea14655429930675135ab,0.0,0,3,8,
0,0,8.292184829711914,0,5a7db1a15542995ed0d16660,1.0,1,3,1,
0,0,8.294914484024048,0,5ac41ca75542991943173919,0.25,1,3,4,
0,0,8.270387887954712,0,5a8cbda955429941ae14dee5,1.0,1,3,1,
0,0,46.14182639122009,5,5a8463945542992ef85e23d9,0.0,0,18,14,
0,0,49.17075824737549,5,5a7fa55555429969796c1b0e,0.0,0,18,3,
0,0,31.80463695526123,3,5a8f91c755429918e830d26c,0.2,2,12,10,
0,0,7.079801797866821,0,5ab67d2055429954757d3304,0.2,1,3,5,
0,0,7.120106935501099,0,5a73583455429901807dafcf,0.3333333333333333,1,3,3,
0,0,23.554320573806763,2,5ae0ba1155429924de1b7156,0.5,1,9,2,
0,0,7.132323265075684,0,5a8c87aa554299653c1aa0ac,0.0,0,3,5,
0,0,7.1420745849609375,0,5a74fd6d5542993748c8977d,0.0,0,3,2,
0,0,7.140913724899292,0,5a7f00b455429930675135f1,0.0,0,3,5,
0,0.013986013986013986,7.089035511016846,0,5ae0800055429924de1b70db,0.4,2,3,5,
0,0,7.1070849895477295,0,5a7e782655429934daa2fc26,0.25,1,3,4,
0,0,7.1473939418792725,0,5a721b9055429971e9dc9277,0.25,1,3,4,
0,0,7.167876958847046,0,5ac2c7ff554299657fa2904f,0.5,1,3,2,
0,0,7.136159658432007,0,5a72b3335542994cef4bc3dc,0.6666666666666666,2,3,3,
0,0,7.147822856903076,0,5a86038455429960ec39b600,0.3333333333333333,1,3,3,
0,0,7.146472692489624,0,5ab7fa4f5542993667794080,0.0,0,3,7,
0,0,7.105953216552734,0,5ae0a09a5542993d6555ebc9,0.3333333333333333,1,3,3,
0,0.013513513513513513,7.092179298400879,0,5ae509f655429908b63264ef,0.25,1,3,4,
0,0,7.135371446609497,0,5a7739f25542994aec3b7234,0.0,0,3,8,
0,0,7.071831941604614,0,5adcdea85542992c1e3a2441,0.0,0,3,3,
0,0,7.1256890296936035,0,5a83335f5542996488c2e3ec,0.25,1,3,4,
0,0,7.092864513397217,0,5a7a4f405542994f819ef1c0,0.25,1,3,4,
0,0,0.3481285572052002,1,5a7182b65542994082a3e85b,0.0,0,3,5,
0,0.2222222222222222,0.315340518951416,1,5ae1a8c05542997f29b3c0ec,0.5,2,3,4,
0,0,7.219693660736084,0,5ade063d5542997dc7907129,0.3333333333333333,1,3,3,
0,0,7.100911617279053,0,5a81d51a55429903bc27b9d2,0.0,0,3,2,
0,0,7.126964569091797,0,5abed44b5542990832d3a0db,0.2,1,3,5,
0,0,7.144283771514893,0,5a86294e5542994775f60715,0.0,0,3,5,
0,0,7.141318321228027,0,5a72a2935542991f9a20c546,0.3333333333333333,2,3,6,
0,0,7.164660930633545,0,5ade653f55429975fa854ebb,0.25,1,3,4,
0,0,7.133222579956055,0,5a7a3cea5542994f819ef182,0.5,1,3,2,
0,0,7.110422849655151,0,5ab56f3e5542992aa134a317,0.0,0,3,3,
0,0,15.539407730102539,1,5ab9bc6155429970cfb8eb90,0.0,0,6,4,
0,0,7.133804798126221,0,5a90ad595542990a9849368b,0.3333333333333333,1,3,3,
0,0,7.12692666053772,0,5adcd5005542994d58a2f6f0,0.0,0,3,3,
0,0,7.159766674041748,0,5a78d16455429974737f78bb,0.0,0,3,3,
0,0,7.125946998596191,0,5a77f2af5542995d83181333,0.16666666666666666,1,3,6,
0,0,7.160634756088257,0,5a840e8a5542992ef85e239e,0.0,0,3,3,
0,0,5.931097745895386,0,5adea62e55429975fa854f3b,0.0,0,3,3,
0,0,7.149104595184326,0,5a7759dd5542994aec3b729f,0.5,1,3,2,
0,0,7.1776158809661865,0,5ab81cff5542990e739ec827,0.25,1,3,4,
0,0,7.161783933639526,0,5a7c5a87554299683c1c62eb,0.0,0,3,10,
0,0,7.12919282913208,0,5abb61c0554299642a094a86,0.5,1,3,2,
0,0.01388888888888889,7.1178059577941895,0,5ae499d755429970de88d9ca,0.25,1,3,4,
0,0,7.180300712585449,0,5a79fac85542996c55b2dcc1,0.2857142857142857,2,3,7,
0,0,7.161384582519531,0,5ab9c292554299131ca423f5,0.2,1,3,5,
0,0,7.09525203704834,0,5ab5e024554299494045f097,0.14285714285714285,1,3,7,
0,0,7.105590581893921,0,5ade2bce5542997c77aded96,0.0,0,3,3,
0,0,7.055683851242065,0,5ae20c465542997283cd236a,0.5,1,3,2,
0,0,7.109162330627441,0,5a8a12ae5542992d82986e92,0.0,0,3,4,
0,0.01388888888888889,7.118563413619995,0,5a7350d55542994cef4bc535,0.0,0,3,4,
0,0,6.010817289352417,0,5ac4f2235542996feb3fe995,1.0,2,3,2,
0,0.013793103448275862,7.118476867675781,0,5ae13f3c5542997b2ef7d168,0.0,0,3,9,
0,0,7.163392066955566,0,5ab8f4ee5542991b5579f091,0.0,0,3,9,
0,0.026845637583892613,7.159879207611084,0,5ac02c6b554299294b218f38,0.0,0,3,4,
0,0,7.140106201171875,0,5a89e57f5542992e4fca845d,0.0,0,3,13,
0,0,7.097821235656738,0,5a83c2e25542996488c2e4bc,0.16666666666666666,1,3,6,
0,0.013986013986013986,7.153247833251953,0,5ab850b255429916710eb036,0.0,0,3,5,
0,0,7.103841543197632,0,5a753ff455429916b01642bc,0.5,1,3,2,
0,0,7.124392032623291,0,5a75675d5542992d0ec05f87,0.5,1,3,2,
0,0,7.096452951431274,0,5a7f48e15542992e7d278ce6,0.5,1,3,2,
0,0,7.104706287384033,0,5a7292385542994cef4bc342,0.0,0,3,3,
0,0,7.1766417026519775,0,5aba75e655429955dce3ee3c,0.3333333333333333,1,3,3,
0,0,7.135446786880493,0,5ac2b8085542990b17b1546b,0.25,1,3,4,
0,0,7.156227350234985,0,5ae603ba5542996de7b71af4,1.0,2,3,2,
0,0,7.146561622619629,0,5a8b7cb95542995d1e6f13bb,0.3333333333333333,1,3,3,
0,0,7.084151268005371,0,5a88e75c5542993b751ca8c7,0.0,0,3,4,
0,0,7.101408958435059,0,5a83305d55429966c78a6b4a,0.3333333333333333,2,3,6,
0,0,48.08568859100342,5,5a78c235554299078472775d,0.25,1,18,4,
0,0,48.33916354179382,5,5a7ba83f5542995eb53be981,0.0,0,18,3,
0,0,98.94108200073242,4,5a7b9fac554299294a54aa2f,0.5,1,15,2,
0,0,47.8902428150177,5,5adfd30c55429906c02daa53,0.0,0,18,4,
0,0,48.22257685661316,5,5ab729335542993667793f5a,0.14285714285714285,1,18,7,
,,,,5a857cf35542994c784ddb1d,,,,,Ollama request exceeded timeout limit for model stable-qwen with error: timed out
0,0,0.4687032699584961,1,5abba91e554299642a094b10,0.0,0,3,2,
0,0,48.046693086624146,5,5a7f90a15542995d8a8ddea5,0.3333333333333333,1,18,3,
0,0,0.24384140968322754,1,5a83bfc8554299123d8c21a1,0.0,0,3,4,
0,0,48.14533448219299,5,5a80e47d55429938b6142238,0.3333333333333333,1,18,3,
0,0,15.188531398773193,1,5a7dec305542995ed0d16679,0.3333333333333333,1,6,3,
0,0,7.43446683883667,0,5ae61dce5542992663a4f262,0.0,0,3,9,
0,0,7.1212873458862305,0,5a8a429955429930ff3c0d34,0.3333333333333333,1,3,3,
0,0,7.150508165359497,0,5addd82c5542990dbb2f7eb9,0.0,0,3,1,
0,0,7.122676372528076,0,5ae527085542993aec5ec165,0.5,1,3,2,
0,0,7.067338228225708,0,5adbe1b355429944faac23a0,1.0,1,3,1,
0,0,7.172333240509033,0,5a750de95542993748c897ac,0.4,2,3,5,
0,0,7.147848129272461,0,5abff65c5542994516f45551,0.5,1,3,2,
0,0,7.203282833099365,0,5ae552bb55429908b63265d9,0.2,1,3,5,
0,0,7.163402795791626,0,5ab3010455429976abd1bc15,0.3333333333333333,1,3,3,
0,0,23.153083086013794,2,5a84fd085542994c784ddaba,1.0,1,9,1,
0,0,7.147623300552368,0,5a7f660555429969796c1a2e,0.5,1,3,2,
0,0,7.115756273269653,0,5ab47e0a5542990594ba9c32,0.0,0,3,6,
0,0,7.137054681777954,0,5ae554ce55429960a22e02b7,0.4,2,3,5,
0,0,15.092075824737549,1,5abba664554299642a094b02,0.0,0,6,6,
0,0,7.172628402709961,0,5a88ac3d554299206df2b328,0.3333333333333333,1,3,3,
0,0,7.082934617996216,0,5a7323ad5542994cef4bc476,0.0,0,3,4,
0,0,7.1421380043029785,0,5abd2eb255429933744ab750,0.2,1,3,5,
0,0,7.15625,0,5adddf5d5542997dc7907078,0.5,1,3,2,
0,0,7.130933046340942,0,5abc553a554299700f9d7871,1.0,2,3,2,
0,0,7.2100841999053955,0,5a77d31c55429967ab1052c0,0.5,1,3,2,
0,0,7.19550633430481,0,5adc398755429947ff173912,0.0,0,3,4,
,,,,5ab6dbc15542995eadef00cd,,,,,Ollama request exceeded timeout limit for model stable-qwen with error: timed out
0,0.013793103448275862,7.151111364364624,0,5a7b59115542995eb53be923,0.25,1,3,4,
0,0,15.116589546203613,1,5adc99ba5542994ed6169ba9,0.25,1,6,4,
0,0,7.072781324386597,0,5a863ff0554299211dda2ac6,0.2,1,3,5,
0,0,7.120315790176392,0,5ade99235542997c77adee7f,0.3333333333333333,1,3,3,
0,0,11.375010013580322,1,5a8843a455429938390d3f0c,0.5,1,6,2,
0,0,7.113587856292725,0,5a89dfcc55429946c8d6e9f0,0.2,1,3,5,
0,0,7.201952934265137,0,5ab5c6e55542997d4ad1f1db,0.3333333333333333,1,3,3,
0,0,7.177597761154175,0,5ae7313c5542991e8301cbbc,0.5,2,3,4,
0,0,10.279857158660889,1,5ac31ad4554299741d48a1ee,0.0,0,6,6,
0,0,16.534204483032227,2,5ae0f2bf5542997b2ef7d09e,0.5,1,9,2,
0,0.03680981595092024,7.6102821826934814,0,5abab36455429955dce3eed1,0.0,0,3,2,
0,0,7.920625448226929,0,5adf2d375542993344016c0d,0.0,0,3,3,
0,0,7.59108567237854,0,5ae4c35c55429913cc2044fb,0.25,1,3,4,
0,0,0.22312521934509277,1,5a7280925542991f9a20c4a1,0.0,0,3,3,
0,0,7.756362199783325,0,5ab6aa4c55429953192ad359,0.6666666666666666,2,3,3,
0,0,7.572332382202148,0,5a8bc1565542996e8ac88a0c,0.3333333333333333,1,3,3,
0,0,7.630406856536865,0,5a815f445542995ce29dcbec,0.6666666666666666,2,3,3,
0,0,13.430885076522827,1,5a8842435542994846c1ce6d,0.0,0,6,3,
0,0,7.433504104614258,0,5a893fc855429951533612f0,1.0,2,3,2,
0,0,7.427081346511841,0,5ab9df1f554299232ef4a239,0.0,0,3,4,
0,0,7.6891093254089355,0,5a7914e155429974737f7973,0.5,2,3,4,
0,0,7.436236619949341,0,5add23e45542992ae4cec4a1,0.0,0,3,6,
0,0,30.228963613510132,3,5a7df6e65542995f4f402353,0.5,2,12,4,
0,0.010256410256410256,8.566324472427368,0,5a803d695542996402f6a494,0.0,0,3,5,
0,0,8.55512523651123,0,5a74594a55429974ef308be1,0.16666666666666666,1,3,6,
0,0,14.407129764556885,1,5a807f6a5542992bc0c4a737,0.0,0,6,8,
0,0,8.597919225692749,0,5a820f2f554299676cceb1ff,0.2857142857142857,2,3,7,
0,0,16.425654888153076,1,5ae5e852554299546bf82fb8,0.0,0,6,6,
0,0.010416666666666668,8.56534481048584,0,5ab9b2c7554299743d22ebaf,0.3333333333333333,1,3,3,
0,0,8.533719778060913,0,5a862b0b554299211dda2a98,0.4,2,3,5,
0,0,8.615087270736694,0,5a79db655542994bb94570f4,0.0,0,3,13,
0,0,8.591800451278687,0,5a8796f75542996e4f308865,0.25,1,3,4,
0,0,8.560353755950928,0,5ac264195542992f1f2b38a5,0.0,0,3,4,
0,0,8.62030553817749,0,5ac27afa5542990b17b153b5,0.0,0,3,7,
0,0,8.587031126022339,0,5ae129115542990adbacf722,0.0,0,3,3,
0,0,8.597399473190308,0,5a7736bc554299373536021b,0.0,0,3,4,
0,0,8.58446741104126,0,5ae306115542992decbdcdc4,0.2,2,3,10,
0,0,0.22815299034118652,1,5ab1ea0a554299340b52542a,0.5,2,3,4,
0,0,8.699269771575928,0,5ab50e0a5542990594ba9cf0,0.3333333333333333,1,3,3,
0,0,8.574963092803955,0,5ab2ce27554299545a2cfa98,0.0,0,3,6,
0,0,8.51706314086914,0,5ae1443855429920d5234362,0.1111111111111111,1,3,9,
0,0,8.568216323852539,0,5ae201465542997f29b3c1f7,0.16666666666666666,1,3,6,
0,0,8.58860468864441,0,5a8ceb7a554299441c6b9f7b,0.5,1,3,2,
0,0,8.543687105178833,0,5add15d15542994ed6169c70,0.25,1,3,4,
0,0,0.41625547409057617,1,5a8aeadc55429950cd6afbe0,0.5,1,3,2,
0,0,8.728583574295044,0,5a8cd6de55429941ae14df07,0.0,0,3,4,
0,0,8.603099822998047,0,5a77bc9955429967ab105256,0.2,1,3,5,
0,0,8.558557987213135,0,5adfff0755429925eb1afbce,0.2,1,3,5,
0,0,8.534701824188232,0,5ab2771e554299340b5254d8,0.25,1,3,4,
0,0,8.562704086303711,0,5a727a635542994cef4bc2c9,0.0,0,3,5,
0,0,8.636169195175171,0,5abce87e5542993a06baf9a5,0.6666666666666666,2,3,3,
0,0,8.510006666183472,0,5a7da98e5542990b8f503a17,0.0,0,3,4,
0,0.010416666666666668,8.555190563201904,0,5ae0a5825542993d6555ebdf,0.2857142857142857,2,3,7,
0,0,8.33791995048523,0,5a7cff5755429907fabef09d,0.5,1,3,2,
0,0.010256410256410256,8.591614007949829,0,5abd0803554299700f9d7979,0.5,1,3,2,
0,0.010309278350515464,8.53519582748413,0,5a88e7a55542993b751ca8ca,0.25,1,3,4,
0,0,8.56783151626587,0,5a773ae055429972597f14b0,0.16666666666666666,1,3,6,
0,0,8.52014970779419,0,5ae625935542995703ce8b2a,0.0,0,3,5,
0,0,8.576843500137329,0,5ab828f25542992aa3b8c8a3,0.4,2,3,5,
0,0,9.332757472991943,0,5abe832a55429965af743f29,0.0,0,3,6,
0,0,8.553104639053345,0,5a778b1e55429949eeb29ee3,0.0,0,3,3,
0,0,9.389562606811523,0,5a7c4a6455429907fabeef53,0.0,0,3,5,
0,0,8.579766035079956,0,5a7e035d5542997cc2c474f6,0.3333333333333333,1,3,3,
0,0,27.64095115661621,1,5ade8ad95542992fa25da7b8,0.5,1,6,2,
0,0,13.273352146148682,0,5a793d335542994bb9456fca,0.25,1,3,4,
0,0,13.265373945236206,0,5ae1599155429901ffe4ae7b,1.0,1,3,1,
0,0,13.275773763656616,0,5ab2beba554299166977408f,0.0,0,3,3,
0,0,13.249335050582886,0,5ac3c0495542995ef918c215,0.0,0,3,5,
0,0,13.249475002288818,0,5a8e2147554299068b959e67,0.3333333333333333,1,3,3,
0,0,13.241605520248413,0,5ab5a7f45542997d4ad1f1a5,0.0,0,3,5,
0,0,13.295485019683838,0,5ac2f6b8554299677310265f,1.0,1,3,1,
0,0,13.20341444015503,0,5a7509175542993748c897a3,0.5,2,3,4,
0,0,13.288595914840698,0,5abcce3355429965836004a5,0.0,0,3,3,
0,0,13.291382551193237,0,5add114a5542994734353826,0.0,0,3,2,
0,0,0.34895896911621094,1,5a73595055429901807dafd6,,,,,
0,0,29.25202202796936,1,5ab5062f55429942dd415fd1,0.5,2,6,4,
0,0,13.257686138153076,0,5adcd9fe5542990d50227d46,0.0,0,3,3,
0,0,13.264760732650757,0,5a83c9e45542992ef85e2361,0.25,1,3,4,
0,0,13.220742464065552,0,5a8dbc8b554299441c6ba077,0.0,0,3,2,
0,0,13.249647617340088,0,5ab7209a554299110f219aba,0.0,0,3,3,
0,0,13.30454683303833,0,5ab809bb5542990e739ec7f9,0.2,1,3,5,
0,0,13.26376986503601,0,5ae765185542995703ce8c0f,0.3333333333333333,1,3,3,
0,0,13.265100479125977,0,5adfdef9554299025d62a36b,0.2,1,3,5,
0,0,13.311553716659546,0,5ab98e2b5542996be202054e,0.0,0,3,5,
0,0.006006006006006007,13.228788614273071,0,5a8b058055429971feec4612,0.0,0,3,1,
0,0.00606060606060606,13.215101718902588,0,5a8f64605542992414482aaa,0.5,1,3,2,
0,0,13.227239847183228,0,5a824e0b554299676cceb254,0.2857142857142857,2,3,7,
0,0,13.333376407623291,0,5a8b051255429971feec460e,0.0,0,3,3,
0,0,13.237202882766724,0,5ac235e355429951e9e684a2,0.0,0,3,4,
0,0,13.242496252059937,0,5ab32fc355429969a97a80fa,0.5,2,3,4,
0,0,13.233676195144653,0,5a8e8d665542995085b3744e,0.0,0,3,1,
,,,,5ac4f7e955429924173fb523,,,,,Ollama request exceeded timeout limit for model stable-qwen with error: timed out
0,0,13.288114070892334,0,5aba5c625542994dbf0198f2,0.0,0,3,5,
0,0,13.301907539367676,0,5a7a2dac5542990198eaf0b6,0.3333333333333333,2,3,6,
0,0,13.750304937362671,0,5ae26af3554299492dc91c1c,0.2,1,3,5,
0,0,13.255035877227783,0,5a7f5e0455429969796c1a12,0.0,0,3,3,
0,0,13.280121564865112,0,5ab73de755429928e1fe383b,0.0,0,3,5,
0,0,13.270300149917603,0,5a84afdc5542991dd0999d81,0.2,1,3,5,
0,0,13.80424976348877,0,5a7dc2185542990b8f503a7b,0.0,0,3,6,
0,0,13.227064847946167,0,5ab48f245542990594ba9c66,0.2222222222222222,2,3,9,
0,0,13.244311571121216,0,5a8f43795542997ba9cb3204,0.0,0,3,3,
0,0,13.315014123916626,0,5a875b755542996e4f308796,0.5,1,3,2,
0,0,13.24474573135376,0,5ab31fea554299194fa9356a,0.1111111111111111,1,3,9,
0,0,13.35037875175476,0,5a7503945542996c70cfae76,0.25,1,3,4,
0,0,13.282897710800171,0,5ae60484554299546bf8301a,0.3333333333333333,1,3,3,
0,0,13.717405319213867,0,5ae80f73554299540e5a5722,0.3333333333333333,1,3,3,
0,0,13.24632978439331,0,5ab5df4c5542997d4ad1f218,0.0,0,3,2,
0,0,13.249098539352417,0,5ae165aa5542997b2ef7d1d1,0.16666666666666666,1,3,6,
0,0,13.246497869491577,0,5a8b027e55429950cd6afc45,0.0,0,3,9,
0,0,13.298759937286377,0,5a7fd95d5542992e7d278dc5,0.5,1,3,2,
0,0,13.253256797790527,0,5a7a3bed5542996c55b2dd45,0.0,0,3,6,
0,0,13.282738447189331,0,5a83938c5542993344746049,0.14285714285714285,1,3,7,
0,0,13.244822263717651,0,5a7354e35542994cef4bc55b,0.0,0,3,6,
0,0,13.234931707382202,0,5a72644b5542997f8278399a,1.0,1,3,1,
0,0,13.195688724517822,0,5a7c5de155429935c91b5179,0.2,1,3,5,
0,0,13.27376413345337,0,5a73672b5542991f29ee2de7,0.0,0,3,5,
0,0,13.27407431602478,0,5ac4e07e5542996feb3fe95c,0.25,1,3,4,
0,0,13.238304615020752,0,5a8aad0d5542992d82986f55,0.3333333333333333,1,3,3,
0,0,0.18458342552185059,0,5ac4db1d554299076e296e1a,,,,,
0,0,13.359177350997925,0,5a80b35c5542992bc0c4a7b8,0.2,1,3,5,
0,0,13.203036785125732,0,5ab2118055429970612095b8,0.0,0,3,2,
0,0,30.045714378356934,1,5adfba9555429942ec259b1e,0.0,0,6,4,
0,0,24.60711121559143,1,5a7b895c5542997c3ec97206,0.3333333333333333,1,6,3,
0,0,15.459094285964966,0,5a72334755429971e9dc934c,0.5,2,3,4,
0,0,15.298657178878784,0,5ab720685542993667793f44,0.4,2,3,5,
0,0,15.293038129806519,0,5ab9339f554299131ca422bb,0.3333333333333333,2,3,6,
0,0,0.2701904773712158,1,5ae2c509554299492dc91c68,0.0,0,3,8,
0,0,15.36514163017273,0,5a8341c255429954d2e2ec6e,0.6,3,3,5,
0,0,15.261472463607788,0,5a7f44a65542992e7d278cd7,0.0,0,3,3,
0,0,15.19994854927063,0,5a887293554299206df2b273,1.0,2,3,2,
,,,,5a74bdce55429929fddd84e1,,,,,Ollama request exceeded timeout limit for model stable-qwen with error: timed out
0,0,24.0186550617218,1,5abd81ff5542993062266cb3,0.0,0,6,20,
0,0,15.34583067893982,0,5a7b4d765542995eb53be8fe,0.25,2,3,8,
0,0,0.21897196769714355,1,5ade662155429975fa854ebd,0.25,1,3,4,
0,0,9.786389589309692,0,5ae629215542995703ce8b34,1.0,1,3,1,
0,0,15.475316762924194,0,5a89e0ec5542992e4fca8427,0.0,0,3,3,
0,0,15.366754055023193,0,5a90945755429933b8a2056c,0.0,0,3,2,
0,0,11.783979177474976,0,5a8335d95542993344745ff1,0.25,1,3,4,
0,0,15.309411525726318,0,5ac1a6a85542994ab5c67db6,0.3333333333333333,2,3,6,
0,0,15.296362400054932,0,5a8b46925542995d1e6f133c,0.0,0,3,5,
0,0,15.422422409057617,0,5ae444b55542996836b02c63,0.0,0,3,3,
0,0,11.892464876174927,0,5a8ba45b554299240d9c2051,0.0,0,3,3,
0,0,15.315589666366577,0,5ac3adc35542995ef918c1e2,0.3333333333333333,1,3,3,
0,0.004807692307692308,15.295914888381958,0,5add74b95542992ae4cec56f,0.0,0,3,3,
0,0,11.934501647949219,0,5ab6b6fd5542995eadef006b,0.0,0,3,5,
0,0,15.463531255722046,0,5ae3e1e95542994393b9e78b,0.5,1,3,2,
0,0,15.35444450378418,0,5abc87a8554299114383a13e,0.5,1,3,2,
0,0,15.332282543182373,0,5a7ba4765542995eb53be976,0.0,0,3,10,
0,0,15.350072860717773,0,5a7b1a82554299042af8f6cf,0.25,1,3,4,
0,0.004784688995215311,15.359142780303955,0,5ae37e6e5542992f92d822e0,0.0,0,3,3,
0,0,15.278939723968506,0,5ae7ae9a5542993210983ef2,0.3333333333333333,1,3,3,
0,0,9.729351997375488,0,5ac082535542992a796ded2f,0.5,1,3,2,
0,0,20.076008796691895,1,5add6f975542992200553b18,0.5,2,6,4,
0,0,29.997052669525146,1,5a88d6df554299206df2b377,0.25,1,6,4,
0,0,12.90879774093628,0,5ab2909a5542993be8fa994f,0.0,0,3,2,
0,0,12.943525075912476,0,5ae083b75542993d6555eb85,0.5,1,3,2,
0,0,12.935394287109375,0,5ae6dd745542996d980e7ca0,0.5,1,3,2,
0,0,13.413889646530151,0,5a8dacf2554299068b959d91,0.14285714285714285,1,3,7,
0,0,13.337163925170898,0,5adcfdc555429947343537f4,0.2,1,3,5,
0,0,9.8453049659729,0,5a7a616355429941d65f25f7,0.0,0,3,6,
0,0,12.807024717330933,0,5a7ce7b755429909bec76872,0.2,1,3,5,
0,0,12.919299364089966,0,5a8dd9d25542995a26add420,0.3333333333333333,1,3,3,
0,0.008403361344537815,9.868991374969482,0,5ac4f12d55429924173fb4f6,1.0,1,3,1,
0,0,13.277211904525757,0,5a8ad59355429950cd6afba4,0.0,0,3,5,
0,0,12.909127235412598,0,5ae1b53b5542997283cd2255,0.5,2,3,4,
0,0,12.894488096237183,0,5ae526c455429908b6326529,0.16666666666666666,1,3,6,
0,0,12.884395837783813,0,5a7e32905542991319bc943b,0.6666666666666666,2,3,3,
0,0,12.887869834899902,0,5ae8202255429952e35eaa3a,0.2,1,3,5,
0,0,8.974968194961548,0,5a81df7d55429926c1cdadaa,1.0,1,3,1,
0,0,12.871559619903564,0,5ac372195542995ef918c194,0.25,1,3,4,
0,0,12.897698879241943,0,5a7133fa5542994082a3e660,0.3333333333333333,1,3,3,
0,0,12.911561012268066,0,5ae61ac355429929b0807ac6,0.0,0,3,2,
0,0,9.076861381530762,0,5a78c69e55429974737f787c,0.375,3,3,8,
0,0,12.908098697662354,0,5a8b86645542997f31a41d62,0.3333333333333333,1,3,3,
0,0,9.009151220321655,0,5a807b44554299485f59860a,0.3333333333333333,1,3,3,
0,0,12.745481967926025,0,5ae3ffba5542995dadf242b2,0.0,0,3,3,
0,0,29.930750131607056,1,5ae0111e55429906c02daabc,0.125,1,6,8,
0,0,11.562448501586914,0,5a777fd655429949eeb29e93,0.4,2,3,5,
0,0,11.605827808380127,0,5ae70f4c5542991bbc9761b2,0.25,1,3,4,
0,0.006024096385542168,11.608792543411255,0,5addc7e35542997545bbbdbe,0.0,0,3,3,
0,0,11.586876392364502,0,5ae73ddb554299572ea5478d,0.5,1,3,2,
0,0.011299435028248588,13.37900185585022,0,5a7c22bb554299683c1c62d3,1.0,1,3,1,
0,0,9.75779676437378,0,5a74e9c255429974ef308c93,0.0,0,3,1,
0,0,11.595537900924683,0,5a8dde01554299653c1aa159,0.25,1,3,4,
0,0,10.644343614578247,0,5abce1af554299114383a178,0.0,0,3,2,
0,0,14.909974098205566,0,5a8257fa55429940e5e1a866,0.3333333333333333,1,3,3,
0,0,11.583182573318481,0,5a72830e5542994cef4bc2f9,0.0,0,3,5,
0,0.006191950464396284,11.573934316635132,0,5a8de5d55542995085b3734d,0.0,0,3,5,
0,0,11.566591739654541,0,5ade895955429975fa854ef5,0.2,1,3,5,
0,0,9.954914331436157,0,5a7ecae055429934daa2fc6a,0.3333333333333333,1,3,3,
0,0,0.36808085441589355,1,5adfa12c554299025d62a301,0.0,0,3,5,
0,0,0.45352935791015625,0,5ae5bcbd55429960a22e0324,,,,,
0,0,10.82847547531128,0,5a899f4955429946c8d6e971,0.1111111111111111,1,3,9,
0,0,11.541804075241089,0,5ae14def55429901ffe4ae4a,0.0,0,3,3,
0,0,11.591413736343384,0,5adf21bc5542993344016bf4,0.0,0,3,18,
0,0,11.623897552490234,0,5a77e9c055429949eeb29fa6,0.25,1,3,4,
0,0,43.86795687675476,2,5ac19eb35542994ab5c67da3,0.0,0,9,4,
0,0,15.500913381576538,0,5a7f89c75542994857a76775,0.25,1,3,4,
0,0,140.0513095855713,2,5ab6a3a3554299710c8d1f0d,0.0,0,9,7,
0,0,54.22162938117981,5,5ac3295d5542995ef918c14d,0.5,1,18,2,
0,0,40.78448486328125,3,5add6b595542992200553b0c,0.0,0,12,2,
0,0.009345794392523364,54.70611381530762,5,5ae212c9554299495565d9de,0.2,1,18,5,
0,0,54.768381118774414,5,5adcf20f5542994ed6169c2c,0.5,1,18,2,
0,0,12.690711259841919,1,5ae2ff2055429928c4239598,0.5,1,6,2,
0,0,3.5972766876220703,0,5ac55e835542993e66e82375,0.0,0,3,4,
0,0,20.825066089630127,2,5a7b9f1f554299294a54aa2a,2.0,2,9,1,
0,0,3.6055688858032227,0,5ab596d95542992aa134a371,0.0,0,3,10,
0,0,3.6224687099456787,0,5adf32165542993344016c15,0.0,0,3,6,
0,0,3.62446928024292,0,5ae20427554299234fd04397,0.0,0,3,7,
0,0,3.6115150451660156,0,5a7fa48c5542994857a7679a,0.0,0,3,3,
0,0,3.53690767288208,0,5ab677e2554299110f219a13,0.5,2,3,4,
0,0,3.654633045196533,0,5a7d2b535542995f4f402224,0.5,1,3,2,
0,0,3.588019371032715,0,5ae720e9554299572ea54715,0.0,0,3,3,
0,0,3.58365797996521,0,5a8393665542990548d0b1ea,0.5,1,3,2,
0,0,3.5566036701202393,0,5a84c01e5542991dd0999dd6,0.14285714285714285,1,3,7,
0,0,3.5674374103546143,0,5abca6375542993a06baf946,0.0,0,3,2,
0,0,3.62709379196167,0,5ae7f41c5542997ec2727701,1.0,2,3,2,
0,0,3.5964534282684326,0,5ac4fbe255429924173fb53b,0.25,1,3,4,
0,0,3.567142963409424,0,5a7744e45542993569682d37,0.3333333333333333,1,3,3,
0,0,3.6050305366516113,0,5ae455d45542996836b02c7b,0.0,0,3,1,
0,0,3.5996148586273193,0,5a8f13d55542997ba9cb31c9,0.0,0,3,4,
0,0,3.6366543769836426,0,5ab809195542991d3222380f,0.2,1,3,5,
0,0,3.5835318565368652,0,5a8ee7c95542990e94052bb1,0.3333333333333333,1,3,3,
0,0,3.532919406890869,0,5abea7c25542990832d3a068,0.6666666666666666,2,3,3,
0,0,3.5942132472991943,0,5a7172105542994082a3e837,0.25,1,3,4,
0,0,3.6100330352783203,0,5ac3c264554299204fd21e37,0.5,1,3,2,
0,0,3.5832550525665283,0,5a7542425542996c70cfaecc,0.3333333333333333,1,3,3,
0,0,54.53793025016785,5,5a8e4e7855429917b4a5bd92,0.0,0,18,5,
0,0,47.89050912857056,5,5ade89d855429975fa854ef7,0.0,0,18,2,
0,0,46.349085330963135,5,5a7636fb55429976ec32bd79,0.3333333333333333,1,18,3,
0,0,45.59119439125061,5,5adc0d2955429947ff1738e6,0.75,3,18,4,
0,0,34.61022877693176,5,5a81d1f0554299676cceb0ee,0.25,2,18,8,
0,0,32.979726791381836,5,5adfa22655429942ec259ac4,0.2857142857142857,2,18,7,
0,0,30.630125045776367,5,5abaa32655429955dce3eeaa,0.0,0,15,4,
0,0,44.65691375732422,5,5ac4f04e5542995c82c4ad81,0.0,0,18,6,
,,,,5ab2d65e554299545a2cfabe,,,,,Ollama request exceeded timeout limit for model stable-qwen with error: timed out
0,0.02352941176470588,30.199657440185547,5,5ab6c1da554299710c8d1f4c,0.6666666666666666,2,18,3,
0,0,39.97189903259277,5,5a76c98855429972597f13d0,0.0,0,18,8,
0,0,31.474737405776978,5,5ae537895542990ba0bbb234,0.0,0,18,6,
0,0,8.649735450744629,1,5abc00ff5542993f40c73c41,0.0,0,6,6,
0,0,34.4196937084198,5,5adcf48e5542992c1e3a24d4,2.0,2,18,1,
0,0,8.624595880508423,1,5ae2d59755429928c42394ec,0.5,1,6,2,
0,0,30.25853419303894,5,5a8ac87d55429970aeb7031d,0.1111111111111111,1,18,9,
0,0.023529411764705882,30.343202590942383,5,5adf123f5542995ec70e8f63,0.6,3,18,5,
0,0,30.290058612823486,5,5a8d8abf5542994ba4e3dca1,0.4,2,18,5,
0,0,30.428257942199707,5,5ae4988655429970de88d9c1,0.6666666666666666,2,18,3,
0,0.05194805194805195,29.10356616973877,5,5aba9db7554299232ef4a361,0.0,0,18,4,
0,0,13.473952531814575,2,5a83c9445542992ef85e2360,0.5,1,9,2,
0,0,8.423765182495117,1,5ae56a3f5542992663a4f1f4,0.3333333333333333,1,6,3,
0,0,24.15321373939514,5,5adf5e285542992d7e9f9323,0.0,0,18,5,
0,0,13.75948190689087,3,5a839cb9554299123d8c2169,0.25,2,12,8,
0,0,17.535303592681885,3,5ae04a2755429924de1b7091,0.0,0,12,7,
0,0,14.831610679626465,3,5a859a0c5542992a431d1b69,0.25,1,12,4,
0,0,23.28750967979431,5,5ade02d05542997545bbbe0d,0.0,0,18,5,
0,0,10.951055526733398,2,5abd001d5542993a06baf9f2,0.25,1,9,4,
0,0,22.329581022262573,5,5ae5a3bb55429960a22e0314,1.0,1,18,1,
0,0,22.616705656051636,5,5a86ec9f55429960ec39b6d7,0.0,0,18,1,
,,,,5a8ee3a755429917b4a5be02,,,,,Ollama request exceeded timeout limit for model stable-qwen with error: timed out
0,0,15.087373495101929,2,5a74397055429974ef308bbe,0.0,0,9,10,
0,0,18.52938675880432,4,5a82360055429903bc27ba46,0.2,1,15,5,
0,0,22.696625471115112,5,5ab94bc2554299743d22eacf,0.2222222222222222,2,18,9,
0,0,10.858734607696533,2,5ac131575542994d76dccdb6,1.0,1,9,1,
0,0,22.44019842147827,5,5a75a76b5542992db9473697,0.0,0,18,4,
0,0,23.054753303527832,5,5adc2ae5554299438c868d64,1.0,2,18,2,
0,0,22.64605689048767,5,5ab52bd1554299637185c4ee,0.5,2,18,4,
0,0,26.90698790550232,5,5abd2af955429933744ab74b,0.5,1,18,2,
0,0,23.66805100440979,5,5a7bcd68554299294a54aaf0,1.0,1,18,1,
0,0.044444444444444446,24.46985936164856,5,5a8cefc155429941ae14df55,0.0,0,18,6,
0,0,24.46095085144043,5,5a76334c5542994ccc918710,0.0,0,18,14,
0,0.0975609756097561,30.576639890670776,5,5a8c5d3f554299585d9e3675,0.3333333333333333,2,18,6,
0,0,23.745693683624268,5,5ae02b6c55429924de1b7044,0.0,0,18,1,
0,0,28.573311805725098,5,5a88982155429938390d3f81,0.0,0,18,5,
0,0,34.157081604003906,5,5ade3b925542992fa25da70a,1.0,2,18,2,
0,0,35.51756405830383,5,5ac23f98554299636651994b,0.0,0,18,2,
0,0,4.0027077198028564,0,5a7cfb2755429907fabef084,0.16666666666666666,1,3,6,
0,0,3.394972085952759,0,5ae471fa55429970de88d965,0.0,0,3,4,
0,0,94.50159645080566,5,5abec66b5542997ec76fd360,1.0,1,18,1,
0,0,23.16802144050598,3,5a8e5a635542990e94052ae4,0.0,0,12,6,
0,0,34.822325229644775,5,5a80db5055429938b6142218,0.4,2,18,5,
0,0,36.5769100189209,5,5ac308135542990b17b154f4,0.0,0,18,9,
0,0,34.47887325286865,4,5add3aaa5542992ae4cec500,0.5,1,15,2,
0,0,12.268646001815796,1,5a7622d75542994ccc9186f1,0.6666666666666666,2,6,3,
0,0,12.818911075592041,1,5a8f03855542997ba9cb3186,0.0,0,6,3,
0,0,5.877342939376831,0,5a74be7a55429929fddd84e4,0.6666666666666666,2,3,3,
0,0,5.8428051471710205,0,5abd580855429924427fcfb8,0.5,2,3,4,
0,0,5.8357367515563965,0,5a88940055429938390d3f7b,0.0,0,3,5,
0,0,5.824445009231567,0,5a7bacf35542997c3ec9724b,0.5,2,3,4,
0,0.01886792452830189,6.112864971160889,0,5ab93781554299131ca422c7,0.25,1,3,4,
0,0,5.615304231643677,0,5a87100655429960ec39b71e,0.5,1,3,2,
0,0,5.892275094985962,0,5a80abd15542996402f6a5e0,0.5,1,3,2,
0,0,5.839903354644775,0,5a7ca55b55429907fabeefe0,0.0,0,3,8,
0,0,5.927292346954346,0,5a8cc602554299653c1aa11a,0.5,1,3,2,
0,0.03703703703703704,5.798975229263306,0,5ab941c2554299743d22ea88,0.0,0,3,4,
0,0,5.888231039047241,0,5add47bf5542992200553a7f,0.16666666666666666,1,3,6,
0,0,5.901429891586304,0,5abd13b655429924427fceea,0.0,0,3,8,
0,0,5.877708911895752,0,5abffa095542990832d3a1de,0.0,0,3,6,
0,0,6.177525520324707,0,5a7c02c45542996dd594b880,0.0,0,3,1,
0,0,5.900799751281738,0,5a74512b55429974ef308bd5,0.0,0,3,6,
0,0,12.337161302566528,1,5ae7c2dc5542994a481bbdd3,0.1,1,6,10,
0,0,5.90523362159729,0,5ae22895554299495565da0c,0.0,0,3,2,
0,0,11.844010353088379,1,5aba67c255429955dce3ee10,0.0,0,6,4,
0,0,4.297684669494629,0,5ae1fd8a5542994d89d5b2ee,0.25,1,3,4,
0,0,6.087216377258301,0,5a8a6b625542996c9b8d5ed9,0.0,0,3,4,
0,0,6.218848943710327,0,5a90b2175542990a984936ae,1.0,1,3,1,
0,0,6.17844295501709,0,5ae14cf05542990adbacf742,0.2,1,3,5,
0,0.01886792452830189,6.234041690826416,0,5add23d05542994734353871,0.25,1,3,4,
0,0,6.220304489135742,0,5a7f1ad155429934daa2fce2,0.0,0,3,6,
0,0,96.7114520072937,1,5a7fb90655429969796c1b34,0.0,0,6,2,
0,0,5.621066570281982,0,5ab531e55542990594ba9d24,0.0,0,3,4,
0,0,6.131055116653442,0,5a886b7555429938390d3f4d,0.75,3,3,4,
0,0,5.6463189125061035,0,5abee4ff5542993fe9a41d7d,0.0,0,3,4,
0,0,11.772738456726074,1,5adbfffb5542994650320c39,0.0,0,6,4,
0,0,21.178659200668335,2,5a7b63eb55429931da12ca7e,0.0,0,9,2,
0,0,5.598194360733032,0,5ab3abe9554299753aec597e,0.0,0,3,3,
0,0,5.600581407546997,0,5a87144155429960ec39b72b,0.14285714285714285,1,3,7,
0,0,5.594423055648804,0,5ae497595542995ad6573db7,0.3333333333333333,1,3,3,
0,0.022222222222222223,5.55178165435791,0,5a72a47d55429901807daf1f,0.2,1,3,5,
0,0,5.579664468765259,0,5ac05e035542992a796decf7,0.25,1,3,4,
0,0,5.570287466049194,0,5ac1725c5542994d76dcce2c,0.5,3,3,6,
0,0,5.615990400314331,0,5adec4695542992fa25da83a,0.2,1,3,5,
0,0,5.577272653579712,0,5a8a32d65542992d82986ef4,0.0,0,3,2,
0,0,5.589083194732666,0,5a846c005542990548d0b2b3,0.5,1,3,2,
0,0,5.582732677459717,0,5a7dbb295542990b8f503a4b,0.16666666666666666,1,3,6,
0,0,5.599982500076294,0,5abb8a9b5542996cc5e4a016,0.5,1,3,2,
0,0,11.426401615142822,1,5a7df1095542990b8f503afe,0.5,1,6,2,
0,0,5.5879456996917725,0,5ae5086d55429908b63264eb,0.0,0,3,2,
0,0,5.555978775024414,0,5ae48aff5542996836b02cce,0.0,0,3,5,
0,0,9.681285619735718,1,5a7ca95b55429935c91b5287,0.0,0,6,1,
0,0.019801980198019802,5.826625108718872,0,5a8b465855429949d91db522,0.0,0,3,5,
0,0,5.919830560684204,0,5ae7a2e255429952e35ea99e,0.16666666666666666,1,3,6,
0,0,11.762196063995361,1,5ab250b9554299722f9b4cd9,0.0,0,6,4,
0,0,5.898478031158447,0,5add3fe05542992c1e3a2580,0.0,0,3,11,
0,0,11.761204481124878,1,5a8bd2965542997f31a41dd1,0.5,1,6,2,
0,0,5.8247175216674805,0,5a87b6215542996e4f3088d6,0.0,0,3,2,
0,0,11.176660299301147,1,5a81b2505542995ce29dcc32,0.0,0,6,3,
0,0,5.627113103866577,0,5a7cce4b554299683c1c6388,0.2,1,3,5,
0,0,5.884944915771484,0,5ac2cb09554299657fa29066,0.3333333333333333,1,3,3,
0,0,13.341822385787964,1,5ab3acc5554299233954ff7e,0.5,1,6,2,
0,0,11.784265041351318,1,5a7c465a5542990527d5547f,0.4,2,6,5,
0,0,47.5860013961792,5,5ac3a0b25542993915413838,0.25,2,18,8,
,,,,5ac3ba0455429939154138f2,,,,,Ollama request exceeded timeout limit for model stable-qwen with error: timed out
0,0,33.847517251968384,5,5ab1d6545542997061209588,0.3333333333333333,1,18,3,
0,0,34.2316575050354,5,5abc23c45542993a06baf896,0.0,0,18,8,
0,0.01639344262295082,27.262794971466064,3,5a7b3fc155429931da12ca3a,0.0,0,12,7,
0,0,6.986639022827148,0,5adc8cb45542994d58a2f651,0.5,2,3,4,
0,0,6.995727062225342,0,5a82930655429966c78a6a5e,0.3333333333333333,2,3,6,
0,0,12.40406584739685,1,5ae09ea05542993d6555ebc1,0.0,0,6,4,
0,0,8.353278636932373,0,5a85ecf25542991dd0999ec6,0.5,1,3,2,
0,0,8.336976766586304,0,5ab572ff5542992aa134a31b,0.25,1,3,4,
0,0,14.351436614990234,1,5a8e16a5554299068b959e58,0.3333333333333333,1,6,3,
0,0,8.383020162582397,0,5a71380c5542994082a3e68b,0.0,0,3,3,
0,0,8.282860040664673,0,5ae794215542997ec27276a8,0.0,0,3,3,
0,0,41.039016008377075,5,5adc3d7455429944faac248a,0.0,0,18,6,
0,0,26.789469957351685,3,5a75e3845542994ccc91864e,0.2,1,12,5,
0,0,3.318774461746216,0,5a794119554299029c4b5f3c,0.5,2,3,4,
0,0,3.4116764068603516,0,5abe250f5542991f661060ef,0.25,1,3,4,
,,,,5a84cb255542991dd0999dfa,,,,,Ollama request exceeded timeout limit for model stable-qwen with error: timed out
0,0,3.4209487438201904,0,5a881cbb55429938390d3ee7,0.25,1,3,4,
0,0,0.2124640941619873,1,5a80b9df5542992bc0c4a7ec,0.0,0,3,5,
0,0.06896551724137931,0.646216630935669,0,5a8c62f5554299585d9e367b,,,,,
0,0,50.25380229949951,4,5a74a62b55429916b01641a0,0.14285714285714285,1,15,7,
0,0,4.055542230606079,0,5ab463da5542990594ba9c0d,0.5,1,3,2,
0,0,4.058687686920166,0,5ae7b40e5542994a481bbdbd,0.25,1,3,4,
0,0,4.141768455505371,0,5a8601f855429960ec39b5fd,0.25,1,3,4,
0,0,4.0621984004974365,0,5ae8167b55429952e35eaa06,0.0,0,3,2,
0,0,25.912853479385376,5,5adddce05542992200553b70,0.5,2,18,4,
0,0,22.712618112564087,4,5a8e494e5542995a26add4c8,1.0,2,15,2,
0,0,31.29062056541443,5,5a8d9de2554299068b959d62,0.0,0,16,5,
0,0,27.541616439819336,5,5a7e6f295542991319bc94b1,0.25,1,18,4,
,,,,5ae3992d5542994393b9e722,,,,,Ollama request exceeded timeout limit for model stable-qwen with error: timed out
0,0,38.005560874938965,5,5ac406c155429919431738fc,1.0,1,18,1,
0,0,5.985791206359863,0,5ab1e97f554299340b525427,0.25,1,3,4,
0,0,29.68950319290161,3,5a8b05c855429949d91db46a,0.75,3,12,4,
0,0,6.644456148147583,0,5ae3263455429928c4239634,0.25,1,3,4,
0,0,6.649225473403931,0,5ac249f55542992f1f2b3831,0.4,2,3,5,
0,0,6.617013216018677,0,5a9058e655429916514e747e,0.5,1,3,2,
0,0,27.960965633392334,5,5ac371aa5542995ef918c191,1.0,2,18,2,
0,0,24.754009008407593,5,5ac0f7df554299012d1db667,0.25,1,18,4,
0,0,14.642946720123291,3,5ade1ddf55429939a52fe827,0.0,0,12,2,
0,0,15.709869146347046,3,5ab9d7e4554299232ef4a21f,0.5,1,12,2,
0,0,11.59464693069458,2,5ab9180b5542991b5579f0f3,0.0,0,9,2,
0,0,3.456784725189209,0,5ab85f555542992aa3b8c8ca,0.0,0,3,5,
0,0,28.931490182876587,5,5a77727555429972597f1540,0.4,2,18,5,
0,0,26.920809745788574,5,5ab674ee5542995eadeefff2,0.0,0,18,2,
0,0,26.013508319854736,5,5a838a3d554299123d8c215d,0.5,1,18,2,
0,0,27.883957147598267,5,5a8be7735542997f31a41df2,0.1111111111111111,1,18,9,
0,0,8.785927295684814,1,5a7b55375542995eb53be91f,0.0,0,6,8,
0,0,23.946810722351074,5,5a8297c055429954d2e2eb71,0.0,0,18,5,
0,0,43.56734275817871,5,5a8af11a55429950cd6afc21,0.0,0,18,5,
0,0,47.913729667663574,5,5a74879255429974ef308c1d,0.14285714285714285,1,18,7,
0,0,24.666489601135254,5,5a84d2ea5542992a431d1aa8,1.0,1,18,1,
0,0,24.6813862323761,5,5ab913205542991b5579f0e0,0.3333333333333333,1,18,3,
0,0,25.60778307914734,5,5adc85b855429944faac24e9,0.0,0,18,2,
0,0,0.27639007568359375,1,5abe79c755429976d4830b2a,0.0,0,3,10,
0,0,7.657866954803467,1,5a8f541e5542992414482a53,0.0,0,6,6,
0,0.03846153846153846,31.554189682006836,5,5a71148b5542994082a3e567,0.3333333333333333,1,15,3,
0,0,0.411379337310791,0,5ae33f9a5542990afbd1e0f1,,,,,
0,0,25.15433621406555,5,5abbe40555429931dba145cd,0.3333333333333333,1,18,3,
0,0,24.98127794265747,5,5a8756f25542994775f607dc,0.3333333333333333,1,18,3,
0,0,26.06730604171753,5,5ae1c2d8554299234fd042ee,1.0,1,18,1,
0,0,26.116965293884277,5,5adc83c65542994d58a2f623,0.0,0,18,5,
0,0,25.090752363204956,5,5ae72ca35542991e8301cb92,0.0,0,18,13,
0,0,24.94157385826111,5,5a8af92c55429950cd6afc33,0.125,1,18,8,
0,0.039999999999999994,24.94575548171997,5,5abfa2255542993fe9a41e18,0.0,0,18,2,
0,0,25.51108956336975,5,5abafb6d5542992ccd8e7e92,0.0,0,18,5,
0,0,20.0723295211792,4,5a8340fd55429954d2e2ec6b,0.5,1,15,2,
0,0,15.73425817489624,3,5a7b493855429931da12ca58,0.0,0,12,2,
0,0,3.3952252864837646,0,5adfd01f55429925eb1afa9f,0.0,0,3,1,
0,0,3.449225425720215,0,5ae5fd395542996de7b71ab3,0.5,1,3,2,
0,0,3.377383232116699,0,5ae17f1e5542990adbacf7a6,0.0,0,3,5,
0,0,3.369802951812744,0,5ae222ec5542996483e648ff,0.0,0,3,5,
0,0,0.24517250061035156,1,5ab5d2fe554299488d4d9a3e,0.3333333333333333,1,3,3,
0,0,3.468966484069824,0,5a864d9e5542994775f6073d,0.3333333333333333,1,3,3,
0,0,3.3678061962127686,0,5abd920e55429924427fd05d,0.5,1,3,2,
0,0,28.881200790405273,5,5ae07c6255429924de1b70d6,0.0,0,18,6,
0,0,7.795002698898315,1,5abbe188554299642a094ba0,0.25,1,6,4,
0,0,3.5682668685913086,0,5adf3a0d5542992d7e9f92e8,0.0,0,3,3,
0,0,3.4756686687469482,0,5a7d1bf65542995ed0d165f0,0.3333333333333333,1,3,3,
0,0,3.4748940467834473,0,5ab7268b5542992aa3b8c7b1,0.6666666666666666,2,3,3,
0,0,3.4464352130889893,0,5ae4ebeb55429908b63264bb,0.5,1,3,2,
0,0,11.30255937576294,2,5a714bb35542994082a3e78f,0.25,1,9,4,
0,0,25.2587308883667,5,5a836a2d554299334474600f,0.0,0,18,5,
0,0,25.321162700653076,5,5ae1d1995542997283cd226c,0.3333333333333333,1,18,3,
0,0,24.3586905002594,5,5ab965f25542996be20204c3,0.6666666666666666,2,18,3,
0,0,7.714599370956421,1,5a80f499554299260e20a1d9,0.0,0,6,3,
0,0,19.390949010849,3,5adcf3e35542994ed6169c3a,0.25,1,12,4,
0,0,7.7841973304748535,1,5adf92f15542995534e8c7f3,0.2,1,6,5,
0,0,0.25269293785095215,1,5a74e6e855429974ef308c8e,0.5,1,3,2,
0,0,28.015660524368286,5,5adbd60855429944faac2377,0.0,0,18,9,
0,0,3.5344183444976807,0,5a7c99705542990527d554de,0.0,0,3,6,
0,0,25.578229904174805,5,5ae3fcfc5542995dadf2428c,1.0,1,18,1,
0,0,28.888875484466553,5,5ab9618f554299743d22eb28,0.0,0,18,6,
0,0,13.44388747215271,2,5adf53dc5542995534e8c791,0.3333333333333333,1,9,3,
0,0,28.487581729888916,5,5adfecf0554299603e4183c3,0.0,0,18,7,
0,0,28.214775562286377,4,5a8662b955429960ec39b687,0.3333333333333333,1,15,3,
0,0,23.34488272666931,4,5a8f8e4d55429918e830d260,0.0,0,15,2,
0,0,3.4841628074645996,0,5a8d08ee55429941ae14df70,0.3333333333333333,1,3,3,
0,0,32.128955364227295,5,5ae72e5d5542991e8301cba8,0.0,0,18,7,
0,0,47.41285824775696,5,5ae2979a554299495565dade,0.5,1,18,2,
0,0,39.12933540344238,5,5ae764a85542997b22f6a720,0.0,0,18,4,
0,0,37.797857999801636,5,5a8510a25542994c784ddaf0,0.25,1,15,4,
0,0,14.28396201133728,2,5a7600275542994ccc91867a,0.25,1,9,4,
0,0,43.13624811172485,5,5ae0ee2c5542993d6555eca3,0.4,2,18,5,
0,0,49.021395206451416,5,5adccaca5542994d58a2f6d5,0.0,0,18,4,
0,0,43.16841793060303,5,5a88a35c554299206df2b316,0.0,0,18,4,
0,0,38.43023347854614,4,5a8367c1554299334474600e,0.2,1,15,5,
0,0,7.837082624435425,0,5ae1f17e554299234fd04349,0.6666666666666666,2,3,3,
0,0,27.219144582748413,2,5a8889405542997e5c09a5f9,0.14285714285714285,1,9,7,
0,0,8.41955041885376,0,5a71224f5542994082a3e5c1,0.5,1,3,2,
,,,,5ab7e3c45542995dae37e9db,,,,,Ollama request exceeded timeout limit for model stable-qwen with error: timed out
0,0,8.093690156936646,0,5a8c8f24554299653c1aa0ba,0.0,0,3,3,
0,0,8.401224851608276,0,5ae73eca5542991e8301cc37,0.0,0,3,6,
0,0,8.158897638320923,0,5ab285d1554299449642c8dd,0.5,1,3,2,
0,0,8.446844339370728,0,5ac11a8d5542992a796dedee,0.16666666666666666,1,3,6,
0,0,8.414385318756104,0,5a81b4cc5542995ce29dcc3c,0.5,1,3,2,
0,0,18.070616483688354,1,5ae142c455429920d5234355,0.4,2,6,5,
0,0,10.41648268699646,0,5a8651185542994775f60752,0.5,1,3,2,
0,0,10.459556818008423,0,5ae80d25554299540e5a5709,1.0,1,3,1,
0,0,10.4195237159729,0,5abbd12b55429931dba14577,0.0,0,3,2,
0,0,10.386419773101807,0,5ac1218c55429964131be15c,0.25,1,3,4,
0,0.007633587786259542,10.372865676879883,0,5adf1c3f5542993a75d263ec,0.5,1,3,2,
0,0,10.445180177688599,0,5ade03da5542997dc7907120,0.25,1,3,4,
0,0,9.881768226623535,0,5ae55e6855429960a22e02d0,0.0,0,3,5,
0,0,10.46801233291626,0,5a7b177b55429927d897bf35,0.25,1,3,4,
0,0,10.38919186592102,0,5ab67f4c55429953192ad2d9,0.3333333333333333,1,3,3,
0,0,10.44159746170044,0,5a8db9b3554299068b959dde,1.0,1,3,1,
0,0,10.3984375,0,5a88f0d455429946c8d6e8dc,0.3333333333333333,1,3,3,
0,0,10.406368732452393,0,5ae336495542990afbd1e0e1,0.0,0,3,3,
0,0.007874015748031496,10.437167406082153,0,5adc2f53554299438c868d6d,0.0,0,3,7,
0,0,10.419885635375977,0,5ac24cea55429951e9e6853a,0.0,0,3,4,
0,0,9.146517753601074,0,5ab600fb554299488d4d9a82,0.25,1,3,4,
0,0,10.406854152679443,0,5a8c6d4e5542996e8ac88aa6,0.5,1,3,2,
0,0.007874015748031496,10.424705743789673,0,5ac005a15542997719eab6fc,0.0,0,3,4,
0,0,48.52501606941223,4,5abdc74755429965af743e36,0.25,1,15,4,
0,0,8.731127738952637,0,5a8e06785542995085b37383,0.0,0,3,3,
0,0,8.649967193603516,0,5a8bf0835542995d1e6f146b,0.16666666666666666,1,3,6,
0,0,8.661827087402344,0,5a8f25ed5542997ba9cb31f0,0.0,0,3,8,
0,0,8.702780723571777,0,5a8e024f5542995085b37375,0.0,0,3,8,
0,0,8.632691621780396,0,5a8b14125542992d82986fd5,0.2,1,3,5,
0,0,8.680605173110962,0,5aba6d0f55429955dce3ee19,0.0,0,3,5,
0,0,8.695383548736572,0,5ab71b5c5542991d3222377e,0.5,1,3,2,
0,0,8.6385018825531,0,5a8e0dbd554299068b959e3e,0.4,2,3,5,
0,0.009569377990430623,8.675728559494019,0,5ae356045542990afbd1e10d,0.16666666666666666,1,3,6,
0,0,8.695987701416016,0,5ae075455542993d6555eb59,0.3333333333333333,1,3,3,
0,0,0.5082945823669434,1,5a90503755429916514e7470,0.0,0,3,8,
0,0,8.77356219291687,0,5a75377c55429929fddd8514,0.25,1,3,4,
0,0,17.076966285705566,1,5a7eec6f55429934daa2fc7c,0.0,0,6,8,
0,0,8.6984703540802,0,5a77863555429949eeb29ec6,0.5,1,3,2,
0,0,8.611674785614014,0,5ab6e8e6554299710c8d1faf,0.0,0,3,5,
0,0,8.655694961547852,0,5a7d47da5542990b8f503975,0.0,0,3,8,
0,0,8.652850866317749,0,5abced075542993a06baf9ac,0.0,0,3,5,
0,0,8.635424137115479,0,5a71646e5542994082a3e80e,0.25,1,3,4,
0,0,8.620448589324951,0,5abd9b5255429924427fd06a,0.3333333333333333,1,3,3,
0,0,8.668663740158081,0,5ac017f4554299012d1db5a2,0.0,0,3,5,
0,0,8.764987707138062,0,5ae791cf55429952e35ea978,0.0,0,3,3,
0,0,8.69394564628601,0,5ae612f3554299546bf83065,0.3333333333333333,1,3,3,
0,0,8.692789793014526,0,5a84eecd5542994c784dda8e,0.3333333333333333,1,3,3,
0,0,8.737193822860718,0,5a7eb22655429930675135cb,0.16666666666666666,1,3,6,
0,0,8.674099922180176,0,5a7f6f4b5542994857a76740,0.25,1,3,4,
0,0,8.687760353088379,0,5aba5e2555429955dce3edf1,0.0,0,3,3,
0,0.009900990099009901,16.929592609405518,1,5ae4eb9255429908b63264ba,0.0,0,6,3,
0,0,8.951347351074219,0,5ab8ffc655429934fafe6e30,0.0,0,3,6,
0,0,8.32754397392273,0,5ac05c245542992a796dece5,0.0,0,3,5,
0,0,8.468825340270996,0,5a8c03415542995e66a4752a,0.5,2,3,4,
0,0,8.374671697616577,0,5adf715b5542992d7e9f9354,0.3333333333333333,1,3,3,
0,0,8.368421077728271,0,5a73520c5542994cef4bc53f,0.3333333333333333,1,3,3,
0,0,8.337425947189331,0,5addb0335542995b365fab5e,0.2,1,3,5,
0,0,8.36666488647461,0,5a8b6eba55429950cd6afcfc,0.3333333333333333,1,3,3,
0,0,17.699147701263428,1,5a89e3995542992e4fca844d,0.0,0,6,7,
0,0,12.592387199401855,1,5a7ce444554299683c1c63c1,0.0,0,6,5,
0,0,8.473765134811401,0,5a8af56855429950cd6afc2f,0.5,1,3,2,
0,0.5,0.24519610404968262,1,5a882ffb5542994846c1ce0d,0.0,0,3,12,
0,0,8.404995441436768,0,5ac3b4e0554299741d48a2ec,0.2,1,3,5,
0,0,8.397810697555542,0,5ac0223f5542992a796dec9f,0.25,1,3,4,
0,0,8.412754774093628,0,5ab4f8c95542990594ba9cbb,0.5,2,3,4,
0,0,8.33574366569519,0,5a776cfa5542993735360274,0.0,0,3,4,
0,0,8.455053329467773,0,5ae824295542997ec272772f,0.0,0,3,4,
0,0,7.610152959823608,0,5a7561495542992db947364e,0.5,1,3,2,
0,0,8.353142738342285,0,5ab8764155429919ba4e22fe,0.3333333333333333,1,3,3,
0,0,8.417076110839844,0,5a8b6ee255429950cd6afcfd,0.3333333333333333,1,3,3,
0,0,8.356772422790527,0,5a8031d05542996402f6a47c,0.16666666666666666,1,3,6,
0,0,8.401008367538452,0,5a7bf3da5542996dd594b869,0.0,0,3,4,
0,0,8.355300903320312,0,5ab78e2e55429928e1fe387d,0.0,0,3,1,
0,0,8.331442832946777,0,5a8f5bb45542992414482a77,0.25,1,3,4,
0,0,12.053221464157104,0,5ae0f3b955429920d523424e,0.25,1,3,4,
0,0,8.308176279067993,0,5a716c415542994082a3e827,0.0,0,3,5,
0,0,8.358270645141602,0,5ae0945d55429906c02daadd,0.3333333333333333,1,3,3,
0,0,8.407990455627441,0,5ae0335655429925eb1afc28,0.5,1,3,2,
0,0,6.529483318328857,0,5a819e2755429903bc27b988,0.0,0,3,3,
0,0,8.425755500793457,0,5a74f7405542996c70cfae59,0.3333333333333333,1,3,3,
0,0.5,0.2899463176727295,1,5ae096d755429906c02daadf,0.125,1,3,8,
0,0,8.494743824005127,0,5ade1eda55429975fa854e71,1.0,2,3,2,
0,0,8.386138677597046,0,5a80c01855429938b61421b8,0.3333333333333333,1,3,3,
0,0.013157894736842105,14.471121788024902,1,5a87184a5542991e771816c5,0.4,2,4,5,
0,0,7.536617279052734,0,5a77d12755429967ab1052b8,1.0,1,3,1,
0,0,7.891774892807007,0,5a80b9ae5542992bc0c4a7eb,0.0,0,3,4,
0,0,7.522111654281616,0,5a77d3f555429967ab1052c5,0.0,0,3,7,
0,0,7.53398871421814,0,5ae121315542997b2ef7d0ee,0.0,0,3,2,
0,0,8.33497929573059,0,5abfde655542997719eab6f2,0.5,1,3,2,
0,0,19.00110101699829,1,5adc82fc554299438c868dce,0.0,0,6,6,
0,0,14.627923965454102,1,5ade1f1c55429939a52fe82d,0.16666666666666666,1,3,6,
0,0,8.5417320728302,0,5a77a7565542995d83181249,0.5,2,3,4,
0,0,9.369984149932861,0,5a8c743e5542996e8ac88ab3,0.2,1,3,5,
0,0,9.400848150253296,0,5ab2af1655429929539467eb,0.1111111111111111,1,3,9,
0,0,8.718395948410034,0,5a7e08b55542997cc2c474fe,0.0,0,3,3,
0,0,9.422940731048584,0,5a80799b5542992bc0c4a72e,0.3333333333333333,1,3,3,
0,0,9.409536600112915,0,5a8789115542994846c1cd9a,0.0,0,3,3,
0,0,9.436053276062012,0,5a7c572655429935c91b5166,0.5,1,3,2,
0,0,9.431802988052368,0,5a9051615542995651fb5136,0.25,1,3,4,
0,0,7.715655088424683,0,5a7e60a855429949594199ae,0.3333333333333333,1,3,3,
0,0,8.527964115142822,0,5abbf64055429965836003bc,0.0,0,3,5,
0,0,9.436647891998291,0,5ab8284d5542990e739ec83f,0.0,0,3,2,
0,0,14.32637882232666,1,5a808cbd5542996402f6a54b,0.0,0,6,3,
0,0,8.69248366355896,0,5a7a01b15542996c55b2dcd1,0.5,1,3,2,
0,0,8.61374020576477,0,5ae4d7fc5542990ba0bbb16f,0.0,0,3,2,
0,0,17.054762363433838,1,5a79caad5542994f819ef09f,0.0,0,3,5,
0,0,8.503298282623291,0,5ae153915542990adbacf752,0.125,1,3,8,
0,0,8.586833238601685,0,5a87f3cb5542994846c1ce03,0.3333333333333333,1,3,3,
0,0.010101010101010102,8.518902778625488,0,5abd455c55429924427fcf5a,0.0,0,3,2,
0,0,6.2637999057769775,0,5a739ef955429978a71e904b,0.3333333333333333,1,3,3,
0,0,8.455384016036987,0,5abd889f55429924427fd046,0.25,1,3,4,
0,0,8.520891904830933,0,5ac536485542996feb3fea2e,0.0,0,3,6,
0,0,8.58040189743042,0,5adff45c55429925eb1afb8c,0.3333333333333333,1,3,3,
0,0,34.042338848114014,5,5a79e3555542994bb945712f,1.0,1,18,1,
0,0,194.73576498031616,5,5ae4bbf05542995ad6573e32,0.125,1,18,8,
0,0,29.104326725006104,5,5a8682755542996432c571cf,0.3333333333333333,1,18,3,
0,0,0.22284889221191406,1,5a82f35f5542995ce29dcd14,0.0,0,3,16,
0,0,33.72577476501465,5,5ae6453e55429908198fa56c,0.5,1,18,2,
0,0,12.077059030532837,1,5a78a7025542990784727710,0.2,1,6,5,
0,0,29.985109090805054,5,5ae37ec25542990afbd1e178,0.6666666666666666,2,18,3,
0,0,28.882264375686646,5,5ae55a4e5542990ba0bbb285,0.0,0,18,9,
0,0,30.81871485710144,5,5ab69e4f554299710c8d1eee,0.5,1,18,2,
0,0,31.677886962890625,5,5add39ca5542992ae4cec4fb,0.0,0,18,3,
0,0,29.14666199684143,5,5adcfe7f5542992c1e3a24f1,0.16666666666666666,1,18,6,
0,0,28.938509464263916,5,5a72b2dc5542992359bc3173,0.0,0,18,5,
0,0,28.07625389099121,5,5ae122465542997b2ef7d0f4,0.0,0,16,2,
0,0,27.391752243041992,5,5abfce075542994516f454f7,0.0,0,18,2,
0,0,8.63191843032837,1,5a8abb115542992d82986f66,0.0,0,6,6,
0,0,47.39716672897339,5,5ac49a1c5542996feb3fe905,0.2,1,18,5,
0,0,13.926610469818115,1,5ae1fced5542997283cd230e,0.16666666666666666,1,6,6,
0,0,8.035817384719849,0,5a7b1c6b55429931da12c9ca,0.3333333333333333,1,3,3,
0,0,8.000102043151855,0,5a807e6f5542995d8a8ddf80,0.25,1,3,4,
0,0,7.981860637664795,0,5a712fca5542994082a3e641,0.3333333333333333,1,3,3,
0,0,7.524048566818237,0,5a771d6155429966f1a36c6d,0.2,1,3,5,
0,0,8.000483512878418,0,5ae2ad6b5542996483e64a3d,0.3333333333333333,1,3,3,
0,0.030303030303030297,43.96196126937866,5,5a8f137355429918e830d180,0.0,0,18,5,
0,0,45.73246145248413,5,5ae4f6c755429960a22e022a,0.0,0,18,4,
0,0,182.88870692253113,5,5a8dd47c5542995a26add3fa,0.5,1,18,2,
0,0,33.51157259941101,5,5ab3d764554299233954ffc7,0.0,0,18,4,
0,0,32.25840997695923,5,5ab30f9a554299233954fef2,0.3333333333333333,1,18,3,
0,0,36.372751235961914,5,5a8af0a355429950cd6afc1c,0.0,0,18,6,
0,0,32.32691478729248,5,5a85018d5542997b5ce3ff98,0.0,0,18,4,
,,,,5adc6c4c5542994650320ce0,,,,,Ollama request exceeded timeout limit for model stable-qwen with error: timed out
0,0,180.27455234527588,3,5a73b8d655429908901be31f,0.5,1,12,2,
0,0,5.380080938339233,0,5ab30ebf554299753aec592c,0.5,1,3,2,
0,0.4444444444444445,0.3388211727142334,1,5ab41b8c5542996a3a969f40,0.0,0,3,6,
0,0,5.477125883102417,0,5ab52cb2554299637185c4f1,0.0,0,3,8,
0,0,108.19612097740173,5,5ae52ba755429908b6326538,0.5714285714285714,4,18,7,
0,0,44.36164736747742,5,5a88be405542997e5c09a6ab,0.16666666666666666,1,18,6,
0,0,41.523176193237305,5,5ae13bf1554299422ee99634,0.0,0,18,2,
,,,,5ae785685542994a481bbd47,,,,,Ollama request exceeded timeout limit for model stable-qwen with error: timed out
0,0.020202020202020204,31.564478874206543,5,5abd247e5542996e802b472f,0.5,1,18,2,
0,0,34.17402625083923,5,5a81ff1a554299676cceb1c2,0.0,0,15,4,
0,0.019607843137254898,29.82076406478882,5,5a890b895542995153361278,1.0,2,18,2,
0,0,29.733999729156494,5,5ae31d5a5542990afbd1e0b1,0.14285714285714285,1,18,7,
0,0,27.868469715118408,5,5add4fd15542992200553a98,0.2,1,18,5,
0,0.33333333333333337,0.3479580879211426,1,5a8f6fbf5542992414482acd,0.0,0,3,3,
0,0,27.841348886489868,5,5a8841a35542994846c1ce69,0.5,1,18,2,
0,0,27.907517910003662,5,5a8b3c5b55429971feec4684,0.6666666666666666,2,18,3,
0,0,27.845683813095093,5,5a730abe5542994cef4bc42f,0.25,1,18,4,
0,0,27.501669883728027,5,5a7c76275542990527d554b4,0.14285714285714285,1,18,7,
0,0,27.87825608253479,5,5a8df72055429917b4a5bcf2,0.16666666666666666,1,18,6,
0,0,34.42346906661987,5,5ac471305542991943173998,1.0,2,18,2,
0,0,30.696834564208984,5,5a79dae35542994f819ef0d3,0.0,0,18,7,
0,0,20.994112253189087,3,5a85e57a5542994c784ddbb1,0.5,1,12,2,
0,0,37.83240008354187,5,5a84c89a5542992a431d1a9c,0.0,0,18,5,
0,0,30.352278232574463,5,5adbf3fa554299438c868ce0,0.2857142857142857,2,18,7,
0,0,29.63838267326355,5,5a8cacac554299585d9e3716,0.2,1,18,5,
0,0,31.458821535110474,5,5ab672165542995eadeeffe0,0.25,1,18,4,
0,0,27.731953144073486,4,5a7fa0d55542995d8a8dded3,0.5,2,15,4,
0,0,33.635525703430176,5,5a7cb8bc554299452d57b9be,0.0,0,18,5,
0,0,0.23283982276916504,0,5ae4957155429970de88d9bc,,,,,
0,0,35.8781943321228,5,5a7d052255429909bec768fd,0.0,0,18,5,
0,0,111.8622477054596,5,5ab862f95542992aa3b8c8d4,0.5,1,18,2,
0,0,33.155317544937134,5,5ab692b5554299710c8d1ed6,0.0,0,18,3,
0,0,35.83811545372009,5,5ab87b2955429934fafe6df4,0.16666666666666666,1,18,6,
0,0,34.379464864730835,5,5ae82c3d55429952e35eaa75,0.5,1,18,2,
0,0,34.08302974700928,5,5ae326d85542991a06ce9938,0.0,0,18,4,
0,0,10.949623584747314,1,5ade03c65542990dbb2f7f2e,1.0,1,6,1,
0,0,5.2371392250061035,0,5add7c455542990dbb2f7e5f,0.25,1,3,4,
0,0,35.097052335739136,5,5adc54085542994650320cce,0.0,0,18,3,
0,0,27.632228136062622,5,5ade04465542990dbb2f7f2f,0.0,0,18,3,
0,0.19047619047619047,0.5384840965270996,1,5a7384755542992d56e7e354,0.0,0,3,6,
0,0,28.29496192932129,5,5a7dedb55542995f4f402317,0.0,0,18,5,
0,0,27.51129126548767,5,5a77e70f5542992a6e59dfeb,0.0,0,18,9,
0,0,27.61748766899109,5,5a801e68554299485f59856f,1.0,1,18,1,
,,,,5adcd4325542994d58a2f6ed,,,,,Ollama request exceeded timeout limit for model stable-qwen with error: timed out
0,0,27.71877098083496,5,5ae368715542991a06ce99bd,0.5,1,18,2,
0,0,27.41591715812683,5,5ab9753055429970cfb8eb0b,0.5,1,18,2,
0,0.03389830508474576,27.47124218940735,5,5a8031c1554299485f598585,0.0,0,18,6,
0,0,30.045976638793945,5,5ab6266555429953192ad277,0.0,0,15,20,
0,0,29.00142788887024,5,5a76b56d554299373536017b,0.14285714285714285,1,18,7,
0,0,29.129058837890625,5,5a84be095542992a431d1a97,0.2,1,18,5,
0,0,18.9472873210907,3,5ab520dd5542996a3a96a02c,1.0,1,12,1,
0,0,4.473555326461792,0,5a8ce88c55429941ae14df3b,0.3333333333333333,1,3,3,
0,0,4.424592971801758,0,5a7647b85542992d0ec0608a,0.3333333333333333,1,3,3,
0,0,4.423853397369385,0,5a74702555429929fddd8428,0.3333333333333333,1,3,3,
0,0,4.492851495742798,0,5a73626b55429901807db01e,0.0,0,3,5,
0,0,29.74203062057495,5,5ae1ab715542997f29b3c0f7,0.0,0,18,5,
0,0,32.79090213775635,5,5ae1d5a3554299234fd04319,0.5,2,18,4,
0,0,28.79657769203186,5,5ae1f79f5542997283cd2302,0.14285714285714285,1,18,7,
0,0,32.030396699905396,5,5ab7c6995542993667794005,0.14285714285714285,1,18,7,
,,,,5a8197905542995ce29dcc10,,,,,Ollama request exceeded timeout limit for model stable-qwen with error: timed out
0,0,29.505334615707397,5,5a83cce95542996488c2e4d6,0.6666666666666666,2,18,3,
0,0,31.88235855102539,5,5a8019db5542992097ad2fd5,0.0,0,18,3,
0,0,31.759724855422974,5,5adec7925542995534e8c70d,0.0,0,18,4,
0,0,31.65472912788391,5,5ab5487b554299494045ef68,0.5,1,18,2,
,,,,5adff1a255429925eb1afb5e,,,,,Ollama request exceeded timeout limit for model stable-qwen with error: timed out
0,0,32.148802280426025,5,5a8cbce1554299653c1aa103,0.0,0,18,7,
0,0.023255813953488372,31.678691625595093,5,5aba9e235542994dbf019984,0.25,1,18,4,
0,0,10.782971620559692,1,5a77cba65542995d831812e2,0.5,1,6,2,
0,0.01886792452830189,37.47624135017395,5,5ae27df25542992decbdcd2a,0.25,1,18,4,
0,0,36.350996255874634,5,5a7309a15542992359bc320c,0.0,0,18,6,
0,0.01886792452830189,40.039623975753784,5,5ae3e0535542992e3233c496,0.5,1,18,2,
0,0,37.99129557609558,5,5abc6fba554299700f9d78c7,0.0,0,18,6,
,,,,5a75083b5542996c70cfae7e,,,,,Ollama request exceeded timeout limit for model stable-qwen with error: timed out
0,0,26.006524324417114,3,5ade04d75542997dc7907125,0.5,2,12,4,
0,0,7.346212148666382,0,5a7f567e5542992097ad2f22,0.2,1,3,5,
0,0,7.319819211959839,0,5ae0ce4e554299603e41845f,0.2,1,3,5,
0,0,7.28507399559021,0,5abd93115542996e802b47e0,0.14285714285714285,1,3,7,
0,0,7.326067686080933,0,5a734db15542994cef4bc523,0.0,0,3,2,
0,0,7.315719366073608,0,5a876a4a5542993e715abf30,0.5,1,3,2,
0,0,7.803612947463989,0,5a807ca5554299485f598613,0.0,0,3,8,
0,0,17.668370962142944,1,5a8badef554299240d9c2080,0.0,0,6,3,
0,0,26.087754011154175,2,5a771ead55429966f1a36c7c,0.6666666666666666,2,9,3,
0,0,26.136747121810913,3,5ae07db855429945ae95937a,0.0,0,12,2,
0,0,6.689002513885498,0,5adc94dc5542990d50227cad,1.0,1,3,1,
0,0,6.657647132873535,0,5a87b2fc5542996e4f3088d0,0.125,1,3,8,
0,0,6.685756206512451,0,5a81108855429926c1cdace2,1.0,2,3,2,
0,0,6.635986566543579,0,5ab7c24e5542995dae37e998,0.1,1,3,10,
0,0,6.647176265716553,0,5ab3b42c5542992ade7c6e4f,0.6,3,3,5,
0,0,6.693795204162598,0,5ac15c1c5542994ab5c67cf7,0.0,0,3,3,
0,0,6.639760494232178,0,5a843b045542996488c2e518,0.3333333333333333,1,3,3,
0,0.01639344262295082,14.139891386032104,1,5ac2a20055429967731025cb,0.6666666666666666,2,6,3,
0,0,6.743678092956543,0,5ab29624554299545a2cf9b5,0.0,0,3,3,
0,0,6.717669248580933,0,5a7143625542994082a3e71e,1.0,3,3,3,
0,0,32.89691781997681,4,5a76139b5542994ccc9186be,0.5,2,15,4,
0,0,6.948114633560181,0,5a8ef1e35542995a26add57a,0.2857142857142857,2,3,7,
0,0,6.917662858963013,0,5a8f7c9a55429918e830d239,0.0,0,3,5,
0,0,6.982293605804443,0,5adfc8f45542992d7e9f93d0,0.5,1,3,2,
0,0,6.927903413772583,0,5ab5cdb85542997d4ad1f1e0,0.5,1,3,2,
0,0,13.984204530715942,1,5a7d043755429909bec768f7,0.5,1,6,2,
0,0,7.057660341262817,0,5adc597d55429947ff17392f,0.0,0,3,3,
0,0,7.029675483703613,0,5abc436f5542993a06baf8c3,0.0,0,3,9,
0,0,7.0875771045684814,0,5ae7a6da5542994a481bbdb9,0.14285714285714285,1,3,7,
0,0,7.083247661590576,0,5a8ed87955429917b4a5bdd2,0.0,0,3,4,
0,0,20.78053092956543,2,5a7da4865542990b8f5039ed,0.0,0,9,3,
,,,,5a7350585542992359bc32f9,,,,,Ollama request exceeded timeout limit for model stable-qwen with error: timed out
0,0,39.174020528793335,5,5ae54b6355429908b63265cc,0.5,1,18,2,
0,0,13.63328504562378,1,5abd74c95542993062266ca2,0.0,0,6,4,
0,0,54.1532564163208,5,5a79120755429974737f7966,0.6666666666666666,2,18,3,
0,0,39.14413905143738,5,5abd6f0855429933744ab7d5,0.5,1,18,2,
0,0,37.28977918624878,5,5a8c52685542995e66a475bb,0.3333333333333333,2,18,6,
0,0,43.01508641242981,5,5ae3e84b5542996836b02bf0,0.0,0,18,2,
0,0,34.11111259460449,5,5a7148d25542994082a3e766,0.25,1,18,4,
0,0,31.4292471408844,5,5a78ad26554299148911f913,0.2,1,18,5,
0,0,31.40784788131714,5,5ac0714f554299294b218fe1,0.0,0,18,6,
0,0,31.24006676673889,5,5ae2a9c6554299492dc91c42,0.3333333333333333,1,18,3,
0,0,30.702504634857178,5,5add18345542994ed6169c7e,0.0,0,18,6,
0,0,29.22785496711731,5,5a7f40de5542992e7d278cc8,0.0,0,18,6,
0,0,31.041147708892822,5,5abdb10f55429965af743dc9,0.0,0,18,6,
0,0,31.361803770065308,5,5ab6633b55429954757d3278,0.0,0,18,3,
,,,,5abb2a5f5542996cc5e49fca,,,,,Ollama request exceeded timeout limit for model stable-qwen with error: timed out
0,0,30.831238985061646,5,5a81fbc25542990a1d231f09,0.25,2,18,8,
0,0,33.72807550430298,5,5abde7ba5542991f6610609e,0.6666666666666666,2,18,3,
0,0,29.51103711128235,5,5ab2c6d955429916697740c3,1.0,1,15,1,
0,0,29.751563549041748,5,5a81fa59554299676cceb1b0,0.5,1,18,2,
0,0,29.736408710479736,5,5adcdf455542994ed6169c11,0.3333333333333333,1,18,3,
0,0,29.60723066329956,5,5ab5d6155542997d4ad1f1fa,0.25,1,18,4,
0,0,29.03153967857361,5,5ab480c45542990594ba9c36,0.6666666666666666,2,18,3,
0,0,39.62071180343628,5,5a7fc6e45542992e7d278d73,0.25,1,18,4,
0,0,33.19303321838379,5,5ac0784e554299294b218ff6,0.0,0,18,4,
0,0,35.560197830200195,5,5add56ad5542992200553abf,0.25,1,18,4,
0,0,18.26255512237549,2,5ac29f58554299657fa28fe4,0.0,0,9,2,
0,0,5.424696683883667,0,5ade6acf554299728e26c71a,0.3333333333333333,1,3,3,
0,0.021276595744680854,17.16561794281006,2,5ac179bf5542994ab5c67d60,0.6666666666666666,2,9,3,
0,0,5.446392059326172,0,5a78d2b955429974737f78c0,0.0,0,3,4,
0,0,5.459822654724121,0,5a84aca95542992a431d1a89,0.2,1,3,5,
0,0,5.4632604122161865,0,5ae5b81d5542990ba0bbb2c2,0.0,0,3,5,
0,0,5.425220489501953,0,5ae762835542997b22f6a711,1.0,1,3,1,
0,0,5.489084959030151,0,5ac4d717554299076e296e0e,0.0,0,3,7,
0,0.020833333333333336,5.490325927734375,0,5a83b4d35542996488c2e495,0.0,0,3,4,
0,0,44.43816590309143,5,5ab5cb4f554299637185c616,1.0,2,15,2,
0,0,51.996237993240356,5,5a73266d5542994cef4bc47d,0.5,1,18,2,
0,0,8.181625604629517,0,5a9094ba55429933b8a2056d,0.0,0,3,5,
0,0,8.178463697433472,0,5abbb42555429931dba144af,0.3333333333333333,1,3,3,
0,0,31.703760862350464,3,5add43335542995b365faae1,0.3333333333333333,1,12,3,
0,0,8.180579662322998,0,5ae7535c5542997b22f6a6d8,0.3333333333333333,1,3,3,
0,0,51.07501792907715,5,5ae226755542996483e64906,0.0,0,18,7,
0,0,45.952040910720825,5,5ab21682554299722f9b4ca9,1.0,2,18,2,
0,0.020942408376963352,47.55088949203491,5,5ab7f22a5542991d322237d4,0.0,0,18,6,
0,0,45.32274842262268,5,5a8268aa55429940e5e1a8aa,0.0,0,18,3,
0,0,38.232784271240234,4,5adc8ab05542994d58a2f642,0.16666666666666666,1,15,6,
0,0,7.697746753692627,0,5a84bb825542991dd0999dbe,0.3333333333333333,1,3,3,
0,0,7.735969066619873,0,5a89a74e554299669944a562,0.2,1,3,5,
0,0,7.738334894180298,0,5a9051d955429916514e7474,0.0,0,3,5,
,,,,5add5ac95542992200553ace,,,,,Ollama request exceeded timeout limit for model stable-qwen with error: timed out
0,0,15.172903537750244,1,5ac34fdb554299741d48a24a,0.25,1,6,4,
0,0.02162162162162162,7.639202833175659,0,5a7d26fd554299452d57bb2a,0.0,0,3,1,
0,0,29.978435277938843,3,5ab5052a5542990594ba9ccf,0.0,0,12,3,
0,0,18.73921823501587,1,5ab5627b5542992aa134a2ff,0.0,0,6,3,
0,0,46.11055088043213,5,5a83316b5542993344745fe5,0.0,0,18,3,
0,0,22.085283517837524,2,5a7cd7f055429909bec7683e,0.5,1,9,2,
0,0,7.163806676864624,0,5ae6f1675542991bbc9761a1,0.3333333333333333,2,3,6,
0,0,7.200735092163086,0,5abf1e825542997ec76fd3cb,0.0,0,3,11,
0,0,7.204338312149048,0,5ab416a25542996a3a969f28,0.0,0,3,4,
0,0,7.246091842651367,0,5abb2f2f554299232ef4a3d7,1.0,1,3,1,
0,0,7.215615510940552,0,5abb8e2d554299642a094aa4,0.0,0,3,5,
0,0,7.165524244308472,0,5a8dae82554299068b959d99,0.0,0,3,11,
0,0,7.189356327056885,0,5ac41f1d5542991943173924,0.5,1,3,2,
0,0,7.230422735214233,0,5ae2aa345542996483e64a25,0.25,1,3,4,
0,0,7.1978089809417725,0,5a77aa8655429949eeb29f22,0.3333333333333333,1,3,3,
0,0,7.2248265743255615,0,5ae4083755429970de88d885,0.0,0,3,2,
0,0.01234567901234568,7.172898769378662,0,5ae0847455429945ae959394,0.0,0,3,3,
0,0,6.9848620891571045,0,5ab761d955429928e1fe3856,0.25,1,3,4,
0,0,14.467782735824585,1,5a7e801b5542997cc2c47557,0.0,0,6,5,
0,0,6.659790515899658,0,5ae1e11c554299234fd04335,0.3333333333333333,1,3,3,
0,0,6.660456418991089,0,5ab9dd1f554299232ef4a22d,0.25,1,3,4,
0,0,6.697993278503418,0,5a88341c5542994846c1ce20,0.0,0,3,4,
,,,,5a8baf635542996e8ac889c6,,,,,Ollama request exceeded timeout limit for model stable-qwen with error: timed out
0,0.014492753623188404,13.318542003631592,1,5a7f1e805542993067513640,0.5,1,6,2,
0,0,6.467849969863892,0,5adf67e95542993344016c72,0.125,1,3,8,
0,0,6.977439641952515,0,5ae33bdc5542992f92d8225e,0.5,1,3,2,
0,0,6.505633592605591,0,5abbfc2b554299642a094bc9,0.0,0,3,4,
0,0,6.4418017864227295,0,5ae69e6d5542996d980e7c62,0.1,1,3,10,
0,0,6.478002309799194,0,5ae75e335542991e8301cc70,0.0,0,3,5,
0,0.014492753623188404,6.523427486419678,0,5ac3a2f35542993915413856,0.0,0,3,11,
0,0.014814814814814815,6.49544620513916,0,5ab4eecb55429942dd415faa,0.2,1,3,5,
0,0,6.468918561935425,0,5adfeeed55429925eb1afb44,0.5,1,3,2,
0,0.014814814814814815,6.511432886123657,0,5ac00cde554299012d1db58a,0.0,0,3,6,
0,0,6.469528436660767,0,5a7bd286554299683c1c62bd,0.2857142857142857,2,3,7,
0,0,6.454561471939087,0,5a8a38135542996c9b8d5e59,0.16666666666666666,1,3,6,
0,0,6.499384880065918,0,5a8b2ccf55429971feec4665,0.0,0,3,3,
0,0,6.433254241943359,0,5ac509e95542994611c8b333,0.16666666666666666,1,3,6,
0,0,6.881773233413696,0,5a78c56455429974737f7876,0.0,0,3,7,
0,0,6.480176687240601,0,5adf5c175542995ec70e8fd0,0.0,0,3,1,
0,0,6.443662166595459,0,5ae786c8554299540e5a55d7,0.25,1,3,4,
0,0,6.562022686004639,0,5a78abbc554299148911f90c,0.0,0,3,7,
0,0,6.463190078735352,0,5ab6d9b25542995eadef00c8,0.0,0,3,2,
0,0,6.449936866760254,0,5ae7cea355429952e35ea9c1,0.0,0,3,7,
0,0,6.481745481491089,0,5ae470815542996836b02c9f,0.0,0,3,4,
0,0,6.462343454360962,0,5ae1fd995542997283cd2313,0.0,0,3,5,
0,0,6.44970440864563,0,5a793bc95542994bb9456fc3,0.4,2,3,5,
0,0,16.968968629837036,2,5a8f25ba55429924144829e9,0.25,1,9,4,
0,0,6.634779453277588,0,5a7f4cb055429969796c1a02,0.0,0,3,9,
0,0,6.628798484802246,0,5ac2381355429951e9e684a9,0.0,0,3,7,
0,0,6.4947874546051025,0,5a74ee175542996c70cfae41,0.0,0,3,9,
0,0,19.079432010650635,1,5a77b6535542995d83181274,0.0,0,6,3,
0,0,6.844519138336182,0,5a8a39195542992d82986f04,0.0,0,3,4,
0,0,8.701070308685303,0,5ab431d855429942dd415ed2,0.0,0,3,4,
0,0,8.721830368041992,0,5a8efef05542997ba9cb3178,0.0,0,3,2,
0,0.00892857142857143,8.727727174758911,0,5a8aecff55429950cd6afbef,0.0,0,3,4,
0,0,8.651281833648682,0,5a7243915542990c210a4086,0.2,1,3,5,
0,0,8.597985744476318,0,5a73235c5542994cef4bc475,0.5,1,3,2,
0,0,8.73655390739441,0,5ac285335542996773102552,0.2,1,3,5,
0,0,8.753953218460083,0,5a75d9c05542992db94736f6,0.16666666666666666,1,3,6,
0,0,8.767494678497314,0,5ae51fa25542992663a4f11f,0.3333333333333333,1,3,3,
0,0,8.702341079711914,0,5a7fc03d5542992097ad2fbc,0.1111111111111111,1,3,9,
0,0,8.666083335876465,0,5ae1bf46554299234fd042e6,0.0,0,3,4,
0,0.00900900900900901,8.745216369628906,0,5a80a1b25542992bc0c4a78c,0.5,1,3,2,
0,0,8.780574560165405,0,5a7f9cbd5542994857a7677c,0.0,0,3,9,
0,0,8.753657817840576,0,5abb8ebe5542993f40c73b2d,0.3333333333333333,1,3,3,
0,0,14.062912464141846,1,5ab91dc555429919ba4e23b4,0.2222222222222222,2,6,9,
0,0,8.155221462249756,0,5ab5ec2a5542992aa134a3e3,1.0,1,3,1,
,,,,5a80e03e55429938b614222c,,,,,Ollama request exceeded timeout limit for model stable-qwen with error: timed out
0,0,8.136984825134277,0,5ab82d095542990e739ec853,0.0,0,3,6,
0,0,8.186904668807983,0,5a89dc81554299669944a5dc,0.0,0,3,3,
0,0,20.367347955703735,1,5a8effb55542997ba9cb317f,0.3333333333333333,1,6,3,
0,0,8.00875973701477,0,5ab3ede755429976abd1bcf4,0.5,1,3,2,
0,0,8.12936806678772,0,5a7d2afb554299452d57bb41,0.3333333333333333,1,3,3,
0,0,8.052001237869263,0,5a8f1cfa554299458435d581,0.0,0,3,6,
0,0,8.071460247039795,0,5ac2768d5542990b17b153a8,0.0,0,3,2,
0,0,8.117725610733032,0,5ae4ce835542990ba0bbb14d,0.0,0,3,4,
0,0,8.025142908096313,0,5a8a77fd55429930ff3c0de3,0.3333333333333333,2,3,6,
0,0,8.054486989974976,0,5ab1c2bf5542997061209558,0.2,1,3,5,
0,0,8.070303201675415,0,5a758aff5542992d0ec05fb2,0.125,1,3,8,
0,0,8.049111604690552,0,5a88d7875542993b751ca876,0.4,2,3,5,
0,0.010416666666666668,8.020341157913208,0,5ae12bcc5542997b2ef7d11a,0.125,1,3,8,
0,0,8.072527170181274,0,5ac52f8e5542996feb3fea14,0.75,3,3,4,
0,0,8.035999536514282,0,5a7d41425542997cc2c4743b,0.0,0,3,5,
0,0,8.101279020309448,0,5ab3b7c555429969a97a8190,0.3333333333333333,1,3,3,
0,0.0101010101010101,8.078451871871948,0,5a7d72bb5542990b8f50398e,0.0,0,3,6,
0,0.010256410256410256,8.09540057182312,0,5a89ec7b5542992e4fca8483,0.14285714285714285,1,3,7,
0,0,8.090080261230469,0,5abd8ac25542993062266cc2,0.0,0,3,6,
0,0,8.067275047302246,0,5ac2610f55429951e9e68593,0.16666666666666666,1,3,6,
,,,,5a85ee635542994775f606b4,,,,,Ollama request exceeded timeout limit for model stable-qwen with error: timed out
0,0,22.237837553024292,1,5a7a96555542990198eaf159,0.25,1,6,4,
0,0.007547169811320756,10.042954206466675,0,5ae53c9655429960a22e0290,0.2,1,3,5,
0,0,9.996243715286255,0,5adf8c965542993344016cf5,0.0,0,3,3,
0,0,8.235387563705444,0,5a8e39475542995085b373f1,0.2,1,3,5,
0,0,9.988417148590088,0,5a74e5aa5542996c70cfae2e,0.08333333333333333,1,3,12,
0,0,8.280123233795166,0,5ab2a32f554299706120967b,0.0,0,3,4,
0,0,9.619777917861938,0,5add1d575542992c1e3a2540,0.25,1,3,4,
0,0,16.90510106086731,1,5ac3b62b554299741d48a2f6,0.0,0,6,4,
0,0.012738853503184714,6.997920513153076,0,5a832f9d5542993344745fe4,0.0,0,3,13,
0,0,7.049243688583374,0,5a7a919455429941d65f26b5,0.0,0,3,2,
0,0,16.135812282562256,1,5a7145d55542994082a3e73c,1.0,1,6,1,
0,0,11.432214975357056,0,5abd04bd5542992ac4f381a9,0.0,0,3,4,
0,0.01015228426395939,8.219701051712036,0,5a87bc3f5542996432c57275,0.4,2,3,5,
0,0,8.284374475479126,0,5ab27287554299722f9b4d2c,0.0,0,3,3,
0,0,8.230536699295044,0,5ab9dd9a554299232ef4a231,0.125,1,3,8,
0,0,10.165627002716064,0,5a8ed30655429917b4a5bdcd,0.3333333333333333,1,3,3,
0,0,11.46215271949768,0,5a8f06075542995b44241f2d,0.5,1,3,2,
0,0,11.379665851593018,0,5adcea3755429947343537ca,0.25,1,3,4,
0,0.01020408163265306,8.229023933410645,0,5a8ac02d5542996c9b8d5f6f,0.5,2,3,4,
0,0,8.233234405517578,0,5a7b8d4955429927d897bfeb,1.0,1,3,1,
0,0.01015228426395939,8.314488649368286,0,5ab3bb7b55429969a97a8198,0.5,1,3,2,
0,0,17.162137985229492,1,5ae03cd855429924de1b7072,0.0,0,6,5,
0,0,9.175911664962769,0,5aba549f554299232ef4a290,0.5,1,3,2,
0,0,9.199784994125366,0,5adea95055429939a52fe931,0.25,1,3,4,
0,0,47.59026551246643,5,5a808f3f5542992097ad2ffd,0.5,2,18,4,
0,0,46.077861070632935,5,5a8d0e305542994ba4e3dbbe,0.3333333333333333,1,18,3,
0,0,44.53014421463013,5,5a8e17ce554299653c1aa169,0.3333333333333333,1,18,3,
0,0,53.48511266708374,5,5ab6c94c554299710c8d1f5e,0.25,1,18,4,
0,0.011764705882352941,47.0338249206543,5,5adbf81a554299438c868cfd,0.0,0,18,5,
0,0,27.636014461517334,3,5a79fe3b5542994f819ef119,0.6666666666666666,2,12,3,
0,0,46.39578437805176,5,5adf80605542995534e8c7d2,0.16666666666666666,1,18,6,
0,0,45.96284103393555,5,5ab2c418554299545a2cfa67,0.5,2,18,4,
0,0,53.7947838306427,5,5add2eab5542992ae4cec4da,0.0,0,18,2,
,,,,5abd6be55542993062266c89,,,,,Ollama request exceeded timeout limit for model stable-qwen with error: timed out
0,0.023952095808383235,44.60153388977051,5,5ae849cc5542997ec2727798,0.2,1,18,5,
0,0,29.33942723274231,3,5a7cb993554299452d57b9c2,0.5,1,12,2,
0,0,46.41347527503967,5,5abfaa445542990832d3a18c,0.0,0,18,2,
0,0,22.11646580696106,1,5a7f251155429934daa2fcf2,0.5,1,6,2,
0,0,40.42958998680115,5,5ae13e205542997b2ef7d157,0.0,0,18,1,
0,0,27.62735342979431,3,5ae08dad55429945ae9593b9,0.0,0,12,3,
0,0.013245033112582781,38.90878868103027,5,5a86eee85542994775f60787,0.0,0,18,6,
0,0,42.60392904281616,5,5adc51375542996e68525300,0.0,0,18,2,
0,0,39.295453786849976,5,5ac5461d5542993e66e82296,1.0,4,18,4,
0,0,43.261882305145264,5,5a735c3a55429901807daff7,0.0,0,18,1,
0,0,42.72069549560547,5,5a778e8755429949eeb29ef4,0.0,0,18,1,
0,0,40.53499507904053,5,5ae3f33e5542991a06ce9a3d,1.0,2,18,2,
0,0,8.688451766967773,0,5ab41f6b5542991751b4d671,0.16666666666666666,1,3,6,
0,0,42.54878377914429,5,5ac38d1f55429939154137c3,0.2,1,18,5,
0,0,44.352428674697876,5,5ab9530a55429970cfb8ea62,0.25,1,18,4,
0,0,43.44284629821777,5,5ab8680755429934fafe6da8,0.0,0,18,3,
,,,,5a74e8a25542996c70cfae37,,,,,Ollama request exceeded timeout limit for model stable-qwen with error: timed out
0,0.016666666666666666,40.04625177383423,5,5a87bd4e5542994846c1cde0,0.6666666666666666,2,18,3,
0,0,36.6525502204895,5,5ab4c8735542996a3a969fcb,0.5,1,18,2,
0,0,35.691219329833984,5,5a89bcc85542992e4fca83a7,0.3333333333333333,1,18,3,
,,,,5a8f9cdb554299458435d69c,,,,,Ollama request exceeded timeout limit for model stable-qwen with error: timed out
0,0.051948051948051945,31.30744743347168,5,5ae45adc55429970de88d93f,0.0,0,18,2,
0,0,31.72754168510437,5,5a8ec02e5542995a26add501,0.16666666666666666,1,18,6,
0,0,31.458393812179565,5,5a8e0c595542995085b373b0,0.0,0,18,4,
0,0,18.30055809020996,2,5abec90a5542994516f45438,0.0,0,9,2,
0,0,21.791916847229004,2,5a7b68a75542997c3ec97153,0.2,1,9,5,
0,0,5.7154974937438965,0,5a7360235542991f29ee2dc7,0.0,0,3,5,
0,0,5.7431793212890625,0,5a775e095542994aec3b72b4,0.0,0,3,7,
0,0,5.776025056838989,0,5a90206155429933b8a20481,0.5,2,3,4,
0,0.02150537634408602,5.709357976913452,0,5ae5d19155429929b08079bc,0.0,0,3,10,
0,0,5.679504871368408,0,5ab3a83d5542992ade7c6e08,0.0,0,3,5,
0,0,5.702683687210083,0,5a722a6855429971e9dc9320,0.0,0,3,32,
0,0,5.8101019859313965,0,5a77c58b55429967ab105281,0.5,1,3,2,
0,0,5.661571741104126,0,5ae7473f5542991bbc9761d2,0.0,0,3,5,
0,0,5.779475688934326,0,5adf8f675542995534e8c7eb,0.3333333333333333,1,3,3,
0,0,5.684971570968628,0,5abf0bf95542997719eab63a,0.25,1,3,4,
0,0,5.70632791519165,0,5a7b9a8a554299042af8f78d,0.0,0,3,9,
0,0,5.732201814651489,0,5ab439bd55429942dd415eee,0.3333333333333333,1,3,3,
0,0,5.808962345123291,0,5a72df275542992359bc31b3,0.2,1,3,5,
0,0,5.699356555938721,0,5a8740ee5542994846c1cd35,0.4,2,3,5,
0,0,16.02940583229065,1,5ae4ad3155429913cc2044cb,0.0,0,6,7,
0,0,11.48207950592041,1,5ac2ab9455429967731025f0,0.0,0,6,13,
0,0,5.6218249797821045,0,5ae5b25d5542990ba0bbb2bb,0.0,0,3,4,
0,0,5.573329210281372,0,5adfffe755429925eb1afbd1,0.6666666666666666,2,3,3,
0,0,13.09476351737976,1,5abdcad155429965af743e4d,0.3333333333333333,1,6,3,
0,0,0.6527526378631592,1,5ae09b7055429906c02daae4,0.0,0,3,6,
0,0,5.924132347106934,0,5ab960d6554299743d22eb21,0.0,0,3,2,
0,0,5.795963287353516,0,5ac3090d5542990b17b154fc,0.5,1,3,2,
0,0,5.79347825050354,0,5a7dd8cb5542995f4f4022d0,0.2857142857142857,2,3,7,
0,0,6.226060152053833,0,5a85b2895542994c784ddb49,0.3333333333333333,2,3,6,
0,0,9.12644100189209,1,5ae0ab7755429945ae959407,0.0,0,4,4,
0,0,5.785572528839111,0,5a836a765542996488c2e446,0.25,1,3,4,
0,0,5.7617104053497314,0,5ab90e9755429934fafe6e51,0.3333333333333333,1,3,3,
0,0,5.9416351318359375,0,5a8d6d4e554299441c6b9fdb,0.5,2,3,4,
0,0,10.84072732925415,1,5ae4db9c55429908b6326492,1.0,1,6,1,
0,0,5.198663234710693,0,5ae234385542992decbdcc59,0.5,2,3,4,
0,0,15.142443180084229,1,5ae3eabc5542995dadf2424f,0.25,1,6,4,
0,0,5.899738788604736,0,5ae123875542997b2ef7d0fa,1.0,1,3,1,
0,0.020000000000000004,5.916189670562744,0,5a8494b15542991dd0999d35,0.0,0,3,2,
0,0,5.322256565093994,0,5ae2b83c5542992decbdcd7f,0.0,0,3,9,
0,0,5.929854393005371,0,5ab9cfe655429970cfb8ebaf,0.0,0,3,5,
0,0,5.3566625118255615,0,5a8ae0ae55429950cd6afbc2,0.3333333333333333,1,3,3,
0,0,5.29201078414917,0,5ab2ac3d55429929539467ce,0.0,0,3,3,
0,0,10.78203272819519,1,5a8ff83c55429916514e73f3,0.0,0,6,4,
0,0,5.124990701675415,0,5ade0a275542997545bbbe2d,0.0,0,3,4,
0,0,40.057748794555664,5,5a8834f05542994846c1ce26,0.4,2,18,5,
0,0,0.28607606887817383,1,5a7f35015542992e7d278c8a,0.0,0,3,6,
0,0,33.103774309158325,5,5a7750a155429966f1a36cef,0.0,0,18,3,
0,0,37.67614150047302,5,5ab9ba6e554299743d22ebcd,0.25,1,18,4,
0,0,38.953163146972656,5,5a7db0915542990b8f503a30,0.25,1,18,4,
0,0,39.33054208755493,5,5a8f0986554299458435d535,0.3333333333333333,1,18,3,
0,0,37.423667430877686,5,5a7a51b95542990783324f0f,0.5,1,18,2,
0,0.017241379310344827,35.9053053855896,5,5ab6973f554299110f219a25,0.0,0,18,4,
0,0,35.96159076690674,5,5a8f21c755429918e830d195,0.5,1,18,2,
0,0,38.41691565513611,5,5adef5fb5542993a75d263be,0.5,1,18,2,
0,0,38.165865898132324,5,5a7613c15542994ccc9186bf,0.0,0,18,2,
0,0,17.08410668373108,1,5adf03b35542993a75d263d3,0.16666666666666666,1,6,6,
0,0,37.44254779815674,5,5abc5603554299700f9d7875,0.0,0,18,4,
0,0,38.533440828323364,5,5abeb6645542993fe9a41d11,0.0,0,18,3,
0,0,38.20509052276611,5,5a89e85c5542992e4fca846f,0.0,0,18,16,
0,0,37.16055774688721,5,5a7d6a2d5542991319bc93c6,0.125,1,16,8,
0,0,33.952048778533936,5,5a835a7b554299123d8c20fc,0.0,0,18,20,
0,0,37.945730447769165,5,5ac273455542992f1f2b38d4,0.3333333333333333,1,18,3,
0,0,36.1262583732605,5,5a87ed5b5542994846c1cdfc,0.25,1,18,4,
0,0,36.03013324737549,5,5adf5fa65542993a75d264db,0.0,0,18,3,
0,0,35.721195697784424,5,5ae7821b5542997ec2727678,0.0,0,18,2,
0,0,36.0359411239624,5,5abd2cde5542993062266bb1,0.0,0,18,5,
0,0,36.96887159347534,5,5a8c4c5f554299585d9e3651,0.0,0,18,2,
0,0,37.27616834640503,5,5ab9b4a555429970cfb8eb75,0.5,1,18,2,
0,0,33.20583200454712,5,5ae56c875542990ba0bbb2a2,0.0,0,18,3,
,,,,5add1c485542992c1e3a253d,,,,,Ollama request exceeded timeout limit for model stable-qwen with error: timed out
0,0,164.15272665023804,3,5adde2475542997545bbbdc1,0.125,1,12,8,
0,0.011363636363636364,7.974130392074585,0,5a841b215542990548d0b25b,0.1111111111111111,1,3,9,
0,0.01020408163265306,8.425674200057983,0,5ae618535542995703ce8af7,1.0,2,3,2,
0,0,8.034119606018066,0,5a7c703055429935c91b51aa,0.5,1,3,2,
0,0,7.95705246925354,0,5a90485755429933b8a204d2,0.0,0,3,3,
0,0.011494252873563218,7.975350856781006,0,5adc393f5542996e685252e7,0.5,1,3,2,
,,,,5a72b9155542992359bc3187,,,,,Ollama request exceeded timeout limit for model stable-qwen with error: timed out
0,0,7.991086959838867,0,5abc0aba55429959677d6a00,0.3333333333333333,1,3,3,
0,0,7.931044340133667,0,5a84b9c95542997b5ce3ff35,0.2,1,3,5,
0,0,7.98758602142334,0,5addcb215542997dc7907033,0.125,1,3,8,
0,0.23529411764705882,0.7151482105255127,1,5ade51515542992fa25da745,0.3333333333333333,2,3,6,
0,0,8.059546709060669,0,5a7e513a5542994959419996,0.0,0,3,4,
0,0,0.4218430519104004,1,5adf51595542993344016c52,0.25,1,3,4,
0,0,40.33233833312988,5,5a737e4655429908901be2cc,0.25,2,18,8,
0,0,35.4349319934845,5,5ab7022f5542995eadef010e,0.0,0,18,7,
0,0,37.06590247154236,5,5ac194db55429964131be23a,0.07692307692307693,1,18,13,
,,,,5a7526945542993748c897d2,,,,,Ollama request exceeded timeout limit for model stable-qwen with error: timed out
0,0,36.94869112968445,5,5ab5b0f75542992aa134a38c,0.0,0,18,7,
0,0,41.94842553138733,5,5ac42f42554299076e296d88,0.25,1,18,4,
0,0,36.94601893424988,5,5a72944c5542994cef4bc351,0.3333333333333333,1,18,3,
0,0,36.62062883377075,5,5a8a44c65542996c9b8d5e85,0.2,1,18,5,
0,0,36.23803234100342,5,5a8220db5542995ce29dccc1,0.5,1,18,2,
0,0.032520325203252036,36.324936866760254,5,5a7100435542994082a3e4a3,0.5,1,18,2,
0,0,6.246603488922119,0,5a84b6e15542991dd0999daa,0.3333333333333333,1,3,3,
0,0,36.44809103012085,5,5a848a725542990548d0b2c7,0.0,0,18,2,
0,0,35.12942552566528,5,5a8719fa55429960ec39b742,0.2,1,18,5,
0,0,33.66860342025757,5,5a883c175542997e5c09a5ae,0.5,2,18,4,
0,0,40.45434522628784,5,5a79f04d5542996c55b2dca7,0.0,0,18,5,
0,0.01652892561983471,36.52522373199463,5,5add4d8f5542997545bbbd25,0.0,0,18,2,
0,0,35.997214794158936,5,5ae138d855429920d523432d,0.0,0,18,3,
0,0,35.541051149368286,5,5ab3063e554299753aec58fe,0.0,0,18,15,
0,0,34.85336136817932,5,5a83697e5542996488c2e441,0.0,0,18,4,
0,0,33.8691349029541,5,5a721a7655429971e9dc9271,0.2,1,15,5,
0,0.017857142857142856,36.009971141815186,5,5ab2b5a0554299295394683c,0.14285714285714285,1,18,7,
0,0,32.75291705131531,5,5ae4d0ff55429913cc204511,0.2857142857142857,2,18,7,
0,0,33.636555910110474,5,5ae141a65542997b2ef7d18a,0.0,0,18,7,
0,0,28.875887870788574,5,5a90991d5542990a9849366b,0.0,0,18,5,
0,0,28.899067878723145,5,5ab2b7c1554299166977406a,0.3333333333333333,1,18,3,
0,0,28.27698302268982,5,5ac2570a5542992f1f2b3861,0.8,4,18,5,
0,0,29.001994132995605,5,5ac434ed554299204fd21f09,0.0,0,18,2,
0,0,28.55182695388794,5,5ae54e005542993aec5ec19a,1.0,1,15,1,
,,,,5add97c15542997545bbbd80,,,,,Ollama request exceeded timeout limit for model stable-qwen with error: timed out
0,0,29.447660446166992,5,5a8359c7554299123d8c20fb,0.0,0,18,6,
0,0,29.189197778701782,5,5abe3c7555429965af743ea5,0.0,0,18,3,
0,0,29.288963556289673,5,5ab7c3ed5542991d322237b2,0.3333333333333333,1,18,3,
0,0,19.53017258644104,3,5ac083b0554299294b21900d,0.25,1,12,4,
,,,,5a89d2d75542992e4fca83d2,,,,,Ollama request exceeded timeout limit for model stable-qwen with error: timed out
,,,,5abdbabe5542993f32c2a028,,,,,Ollama request exceeded timeout limit for model stable-qwen with error: timed out
0,0,34.35085201263428,5,5a7f1c195542993067513633,0.0,0,18,1,
0,0,41.098408222198486,5,5a7228f655429971e9dc9312,0.0,0,18,6,
0,0,41.67122459411621,5,5ab682dc55429954757d3318,0.25,1,18,4,
0,0,46.936429023742676,5,5ab294a6554299545a2cf9a6,1.0,1,18,1,
0,0.04,25.683847904205322,5,5ae163b3554299422ee99678,0.0,0,18,5,
0,0,26.988232851028442,5,5a849c1b5542997175ce1ef9,0.0,0,18,4,
0,0,26.217294454574585,5,5ae414d855429970de88d8ec,0.0,0,18,7,
0,0,26.030901670455933,5,5ab5dcb95542992aa134a3b3,0.25,1,18,4,
0,0.03921568627450981,25.63731813430786,5,5ac2c4fe554299218029db3b,0.0,0,18,4,
0,0,26.399816036224365,5,5ae644c55542992663a4f27e,0.0,0,18,7,
0,0,20.172281742095947,3,5a7fc8d05542992e7d278d86,0.3333333333333333,2,12,6,
0,0,7.573824882507324,0,5ae5621655429908b63265fc,0.5,2,3,4,
0,0,6.16365647315979,0,5a72339855429971e9dc934d,0.0,0,3,7,
0,0,6.020871162414551,0,5a886211554299206df2b24a,0.125,1,3,8,
0,0,5.993736743927002,0,5ae1dac85542997283cd229a,0.3333333333333333,2,3,6,
0,0,52.910629749298096,5,5ab31adc554299233954ff0a,0.2,1,18,5,
0,0,45.59901428222656,5,5a7ca33f5542990527d554ee,0.6666666666666666,2,18,3,
0,0,43.48482036590576,5,5a8a39b355429930ff3c0d13,0.0,0,18,5,
0,0,40.19591307640076,5,5a806e01554299485f5985e5,0.2,1,18,5,
0,0,19.869802951812744,1,5ab96c93554299743d22eb63,0.0,0,6,2,
0,0.012048192771084336,7.279632806777954,0,5a79c3785542994bb9457074,0.0,0,3,3,
0,0,7.223487138748169,0,5ac047a3554299294b218f70,0.6666666666666666,2,3,3,
0,0,12.542051315307617,1,5a7b74485542997c3ec97190,0.0,0,6,5,
0,0.01183431952662722,7.338258266448975,0,5a8b20b85542996c9b8d5fb5,0.1111111111111111,1,3,9,
0,0.012578616352201259,7.212399244308472,0,5abcd44655429959677d6af1,0.2,1,3,5,
0,0,7.210410833358765,0,5ae2f5b955429928c423957e,0.3333333333333333,2,3,6,
0,0,7.21023416519165,0,5ae7eed8554299540e5a56b5,0.3333333333333333,1,3,3,
0,0,7.181644439697266,0,5a8e0370554299068b959e2d,0.0,0,3,2,
0,0,19.115227460861206,1,5ab44a775542991779162c57,0.125,1,6,8,
0,0,7.2072858810424805,0,5a77dbaf5542997042120b5b,0.0,0,3,2,
0,0,7.268383264541626,0,5a8481ba5542997175ce1ed4,0.5,2,3,4,
0,0,7.039363145828247,0,5abed2b45542990832d3a0d0,0.0,0,3,2,
0,0,6.981917381286621,0,5a790d9855429974737f7954,0.0,0,3,8,
0,0,6.987530469894409,0,5ae22eae554299495565da30,0.16666666666666666,1,3,6,
0,0,7.0246734619140625,0,5ae70c7b5542991bbc9761aa,1.0,1,3,1,
0,0,11.50512433052063,0,5abae88c554299660624167e,1.0,1,3,1,
0,0,7.013386487960815,0,5a8d12ca5542994ba4e3dbe2,0.2,1,3,5,
0,0.4,0.31172800064086914,1,5a7271525542997f827839d0,0.0,0,3,1,
0,0,7.100908994674683,0,5a8ea7f25542995085b37468,0.0,0,3,4,
0,0,11.947161674499512,0,5a821b4b5542995ce29dccab,0.125,1,3,8,
0,0,7.075723648071289,0,5ac2da27554299657fa2909f,0.25,1,3,4,
0,0,7.420882225036621,0,5a8771595542993e715abf46,0.25,1,3,4,
0,0,7.00813889503479,0,5a8d0c74554299585d9e37a1,0.0,0,3,3,
0,0,6.999055624008179,0,5abfd5c45542994516f4550e,0.0,0,3,5,
0,0,7.216227293014526,0,5a7d115355429909bec76934,0.25,1,3,4,
0,0,7.1971142292022705,0,5a82800855429966c78a6a2f,0.0,0,3,5,
0,0,15.178348064422607,1,5a8671e95542994775f60763,0.0,0,6,4,
0,0,7.0348169803619385,0,5ae347fb5542992e3233c368,0.25,1,3,4,
0,0,17.698167085647583,1,5adf744d5542992d7e9f937e,0.2,1,6,5,
0,0,10.530543804168701,0,5a773c5c55429966f1a36cbb,0.16666666666666666,1,3,6,
0,0,10.717153310775757,0,5a847edd554299123d8c2272,0.3333333333333333,1,3,3,
0,0,10.898148775100708,0,5a7d68e25542995f4f402270,0.25,1,3,4,
0,0,14.395175457000732,1,5ab5b701554299637185c5e7,0.3333333333333333,1,6,3,
0,0,7.1634180545806885,0,5ab61668554299488d4d9aa6,0.0,0,3,3,
0,0,7.186882972717285,0,5a8da97c554299068b959d84,1.0,1,3,1,
0,0,7.691925764083862,0,5a73ae3b55429978a71e907c,0.3333333333333333,1,3,3,
0,0,7.127948522567749,0,5ae00895554299025d62a3b2,0.25,1,3,4,
0,0,7.075606107711792,0,5abd6db755429933744ab7d0,0.16666666666666666,1,3,6,
0,0,7.136872053146362,0,5a7f3361554299306751369a,0.5,1,3,2,
0,0.013245033112582783,7.064147472381592,0,5ae1cf355542997f29b3c126,0.5,1,3,2,
0,0,7.109294652938843,0,5a8778d25542994846c1cd89,0.6666666666666666,2,3,3,
0,0,7.09160852432251,0,5abce73055429959677d6b34,0.16666666666666666,1,3,6,
0,0,7.7787251472473145,0,5abae14b5542996606241657,0.25,1,3,4,
0,0,7.109850883483887,0,5ac0c84a554299012d1db633,0.3333333333333333,1,3,3,
0,0,7.083545923233032,0,5ae5da8d55429929b08079d1,0.16666666666666666,1,3,6,
0,0,7.769616603851318,0,5a72f0e25542991f9a20c5cf,0.25,1,3,4,
0,0,6.853217601776123,0,5abe9cc95542993f32c2a184,0.2,1,3,5,
0,0,0.24138975143432617,1,5a7502345542993748c89795,1.0,1,3,1,
0,0,7.4286558628082275,0,5ade0e115542995b365fabf3,0.3333333333333333,1,3,3,
0,0,7.067466497421265,0,5a88a23f5542997e5c09a652,0.6666666666666666,2,3,3,
0,0,7.7461998462677,0,5a87b93c5542996e4f3088ec,0.3333333333333333,1,3,3,
0,0,7.120699882507324,0,5ab23d8a55429970612095c9,0.0,0,3,4,
0,0,7.081982851028442,0,5abf11d45542997719eab660,0.5,1,3,2,
0,0,7.084393501281738,0,5a70eee85542994082a3e3f0,0.125,1,3,8,
0,0,19.80529236793518,1,5a73250a5542991f9a20c643,0.16666666666666666,1,6,6,
0,0,9.338867664337158,0,5adfed5e55429942ec259b92,0.0,0,3,7,
0,0,9.275819301605225,0,5a8832d355429938390d3f03,0.4,2,3,5,
0,0,9.410709857940674,0,5ae4bb1255429913cc2044e7,0.5,1,3,2,
0,0,9.2727632522583,0,5abe6f8455429965af743f03,0.0,0,3,3,
0,0,7.880771160125732,0,5a88401c5542994846c1ce60,0.125,1,3,8,
0,0,9.332697629928589,0,5a7ba11d554299294a54aa39,1.0,1,3,1,
0,0,9.30474042892456,0,5a78bd515542990784727749,0.0,0,3,4,
0,0,7.838134288787842,0,5abf64265542997ec76fd3eb,0.5,1,3,2,
0,0,9.296572208404541,0,5a7a5ec855429941d65f25e4,0.25,1,3,4,
0,0,16.993481874465942,1,5ae038e955429942ec259c4d,0.0,0,6,5,
0,0,6.112368583679199,0,5a77d25555429949eeb29f6c,0.0,0,3,3,
0,0,6.0475075244903564,0,5ab92f1f554299753720f77b,0.3333333333333333,1,3,3,
0,0,7.044971227645874,0,5ac24a035542992f1f2b3832,0.0,0,3,3,
0,0,6.025153398513794,0,5ae55ed15542992663a4f1ea,0.0,0,3,4,
0,0,6.989532709121704,0,5a8b6d885542997f31a41d25,0.4,2,3,5,
0,0,6.0436859130859375,0,5a7f68365542994857a7672e,0.3333333333333333,1,3,3,
0,0,35.53411626815796,5,5ae1d4e8554299234fd04312,0.0,0,18,9,
0,0,34.5517942905426,5,5ae504a855429908b63264df,0.5,2,18,4,
,,,,5a8ae61955429970aeb70326,,,,,Ollama request exceeded timeout limit for model stable-qwen with error: timed out
0,0,40.54161024093628,5,5ab8420555429919ba4e2290,0.0,0,18,1,
0,0,19.847938537597656,3,5ae6316d5542996de7b71b87,0.0,0,12,5,
0,0,9.902567386627197,1,5abb254c5542992ccd8e7f29,0.14285714285714285,1,6,7,
0,0,3.9778523445129395,0,5ae0b0af55429945ae959424,1.0,2,3,2,
0,0,3.9986467361450195,0,5ac3bd0c554299204fd21e21,0.3333333333333333,1,3,3,
0,0,3.940603256225586,0,5abfad3c5542990832d3a197,0.0,0,3,3,
0,0,3.9864039421081543,0,5adcecbd5542992c1e3a24b7,0.3333333333333333,1,3,3,
0,0,23.601807832717896,3,5ae0120155429925eb1afbfb,0.0,0,9,4,
0,0.12121212121212122,0.654773473739624,1,5ae5cf0b55429929b08079aa,0.5,1,3,2,
0,0,5.71882700920105,0,5a7746cf5542994aec3b7263,0.0,0,3,6,
0,0,5.611988067626953,0,5a7109e95542994082a3e4fa,0.2,1,3,5,
0,0,5.722180128097534,0,5ae0536755429924de1b70a6,0.25,1,3,4,
0,0,5.654581546783447,0,5ae5e8dc554299546bf82fbe,0.0,0,3,3,
0,0,5.661005020141602,0,5ae4f8b755429960a22e0230,0.0,0,3,4,
0,0,42.17974543571472,5,5abd957a5542996e802b47eb,0.0,0,18,6,
0,0,36.068604946136475,5,5ab48ec25542991779162cdc,0.16666666666666666,1,18,6,
0,0,19.174999237060547,2,5adca0845542994d58a2f684,0.0,0,9,4,
0,0,5.3681910037994385,0,5a8b2d3255429950cd6afc60,0.3333333333333333,1,3,3,
0,0,5.461077690124512,0,5a849c135542992a431d1a7a,0.0,0,3,4,
0,0,5.443737745285034,0,5ab2f50a55429929539468cd,0.0,0,3,6,
0,0,5.507704019546509,0,5a87081755429960ec39b6fe,0.2,1,3,5,
0,0,5.484508037567139,0,5ac17c865542994ab5c67d6a,0.0,0,3,3,
0,0,5.492060661315918,0,5a7943ea5542994bb9456fd3,0.5,2,3,4,
0,0,5.484203338623047,0,5abdc18555429965af743e2b,1.0,1,3,1,
0,0,5.446601390838623,0,5a8a1aea5542992e4fca8508,0.2,1,3,5,
0,0,5.519233703613281,0,5a8268215542995ce29dccfb,0.0,0,3,3,
0,0,54.73225116729736,2,5a714f6f5542994082a3e7b3,1.0,2,9,2,
0,0,5.496110200881958,0,5abfd3ba5542994516f4550a,0.3333333333333333,1,3,3,
0,0,5.5404157638549805,0,5abe7e1d55429976d4830b36,0.0,0,3,2,
0,0,5.443905830383301,0,5abbd4425542993f40c73bcc,0.3333333333333333,1,3,3,
0,0,5.524394989013672,0,5ac288a95542990b17b153e5,0.0,0,3,6,
0,0,10.437152862548828,1,5a89e28f5542992e4fca843e,0.0,0,6,6,
0,0,5.537445068359375,0,5adfb10855429942ec259af9,1.0,2,3,2,
0,0,5.485988140106201,0,5a7732dc55429972597f149b,0.5,1,3,2,
0,0,5.496773958206177,0,5aba89365542994dbf019932,0.0,0,3,6,
0,0,5.458012342453003,0,5a90a9a45542990a9849367e,0.6666666666666666,2,3,3,
0,0,5.477733373641968,0,5a7baae2554299042af8f794,0.0,0,3,6,
0,0,5.520304918289185,0,5a78b5f7554299148911f95b,0.0,0,3,2,
0,0,5.486551523208618,0,5ae199305542997b2ef7d20e,0.0,0,3,3,
0,0,1.392120122909546,1,5ae362105542991a06ce99ae,0.0,0,3,4,
0,0,31.392725706100464,4,5ab833ad5542990e739ec86f,0.0,0,15,2,
0,0,5.882277011871338,0,5a84b8555542991dd0999db2,1.0,1,3,1,
0,0,5.928337097167969,0,5a78c66e55429974737f787b,0.6666666666666666,2,3,3,
0,0,6.005881309509277,0,5ab5c8c5554299637185c60d,0.3333333333333333,1,3,3,
0,0.01904761904761905,5.8989033699035645,0,5ae544035542992663a4f1af,0.5,2,3,4,
0,0,5.9992570877075195,0,5ac3a364554299391541385d,0.4,2,3,5,
0,0,6.019155740737915,0,5a77919d5542995d831811dd,1.0,1,3,1,
0,0,5.904969692230225,0,5a899bf955429946c8d6e959,0.0,0,3,7,
0,0,5.917267084121704,0,5adc6e035542994650320cec,0.0,0,3,4,
0,0,5.857101917266846,0,5a75495a5542996c70cfaed8,0.16666666666666666,1,3,6,
0,0,5.941608667373657,0,5aba056255429939ce03dc55,0.0,0,3,3,
0,0,5.949095726013184,0,5a7b76225542997c3ec9719c,0.3333333333333333,1,3,3,
0,0,9.604977369308472,1,5ac02880554299012d1db5c0,0.0,0,6,4,
0,0,5.936054944992065,0,5adfcc625542992d7e9f93d3,0.0,0,3,7,
0,0,5.969116687774658,0,5ae3f82a5542996836b02c01,0.0,0,3,2,
0,0,6.053115129470825,0,5ae0d85d5542990adbacf67e,0.0,0,3,5,
0,0,5.951720237731934,0,5ac2eb635542990b17b154a7,0.16666666666666666,1,3,6,
0,0,15.098135709762573,1,5a76404b5542994ccc91873d,0.0,0,6,6,
0,0,30.848531007766724,2,5abf8cc35542990832d3a14e,2.0,2,9,1,
0,0,6.517712831497192,0,5a86f94a5542991e7718169e,0.0,0,3,7,
0,0,6.337667465209961,0,5a80ad19554299485f5986a8,0.0,0,3,6,
0,0,6.263227939605713,0,5adcc7515542994ed6169bff,0.3333333333333333,1,3,3,
0,0,6.27515435218811,0,5adcfebe5542992c1e3a24f3,0.25,1,3,4,
0,0,6.307337999343872,0,5ae364285542991a06ce99b3,0.3333333333333333,1,3,3,
0,0,6.272420883178711,0,5ae5fa38554299546bf82ff1,0.0,0,3,4,
0,0,6.61590313911438,0,5ae564a155429960a22e02e4,0.0,0,3,8,
0,0,6.296794891357422,0,5ab446875542990594ba9bea,0.0,0,3,3,
0,0,6.256434679031372,0,5adfa8d0554299025d62a32c,0.0,0,3,6,
0,0,6.270596981048584,0,5ac30a79554299657fa290e2,0.2,1,3,5,
0,0,6.271975755691528,0,5ae3fd595542995dadf24292,0.3333333333333333,1,3,3,
0,0,6.296956300735474,0,5a89e20a5542992e4fca8438,0.2,1,3,5,
0,0,6.332732677459717,0,5a84524a554299123d8c2203,1.0,2,3,2,
0,0,6.284279823303223,0,5adcbb815542994ed6169bde,0.14285714285714285,1,3,7,
0,0,6.334818124771118,0,5ab4428c5542990594ba9bda,0.0,0,3,6,
0,0,6.3015546798706055,0,5ac14d0c5542991316484ae2,0.2857142857142857,2,3,7,
0,0.017094017094017092,10.217321634292603,1,5ac3c10a554299204fd21e33,0.0,0,6,3,
0,0.016666666666666666,6.194804906845093,0,5add5f395542990dbb2f7e50,0.0,0,3,10,
0,0,0.532742977142334,1,5a736e0155429901807db04f,0.2,1,3,5,
0,0,11.349401235580444,1,5a734a205542992359bc32e2,0.0,0,6,5,
0,0,6.146475791931152,0,5ae484f855429970de88d999,0.0,0,3,3,
0,0,6.75064492225647,0,5a8d18fb5542994ba4e3dbf2,0.2857142857142857,2,3,7,
0,0,6.275946855545044,0,5ac2a10e554299657fa28fec,0.0,0,3,4,
0,0,6.2063071727752686,0,5a81e8a0554299676cceb157,0.5,1,3,2,
0,0,6.177088737487793,0,5a84ee4c5542997175ce1f2b,0.0,0,3,3,
0,0,6.279702425003052,0,5a8e68b15542995085b3742d,0.5,1,3,2,
0,0,6.126538991928101,0,5a8e03375542995a26add458,0.0,0,3,4,
0,0,6.153467178344727,0,5ab938fb554299131ca422ce,0.3333333333333333,1,3,3,
0,0,6.5261476039886475,0,5ac4f9db55429924173fb532,0.3333333333333333,1,3,3,
0,0,6.177518844604492,0,5ac4f33355429924173fb507,0.0,0,3,10,
0,0,6.137331962585449,0,5a8bc3ac5542995e66a47501,0.25,2,3,8,
0,0,6.345364332199097,0,5ab5d43f5542997d4ad1f1f6,0.0,0,3,2,
0,0,6.211386680603027,0,5a8d7e1055429941ae14dfd8,0.0,0,3,7,
0,0,6.192525386810303,0,5a8db348554299068b959dc2,0.0,0,3,4,
0,0,6.55745530128479,0,5a76bbe85542993735360191,0.16666666666666666,1,3,6,
0,0,14.824746131896973,1,5ac39f7b554299218029dbe7,0.0,0,6,2,
0,0,35.4090621471405,5,5a76f45a5542994aec3b719b,0.0,0,18,6,
0,0,13.43991732597351,1,5a738b855542992d56e7e363,0.0,0,6,1,
0,0,35.08421850204468,5,5ae5b06e554299546bf82f2a,0.1,1,18,10,
0,0,37.314467906951904,5,5a76648f5542992db9473795,0.0,0,18,9,
0,0,35.38801288604736,5,5ae0593855429945ae959333,0.3333333333333333,1,18,3,
0,0,9.795616388320923,1,5a90492655429933b8a204d8,0.6666666666666666,2,6,3,
0,0,25.654889822006226,4,5a7b443c5542992d025e67ce,0.6666666666666666,2,15,3,
0,0,3.942507028579712,0,5a865d11554299211dda2b0d,0.6666666666666666,2,3,3,
0,0,16.805389881134033,2,5ae46ebc5542995dadf24331,0.0,0,9,3,
0,0,11.448747396469116,1,5a7fc21455429969796c1b4b,0.16666666666666666,1,6,6,
0,0,36.847346782684326,5,5ae1dac95542997283cd229b,0.0,0,18,1,
0,0,35.48651146888733,5,5ae48a2b55429913cc204494,0.5,2,18,4,
0,0.024096385542168676,19.025341749191284,2,5a835a265542992ef85e2281,1.0,1,9,1,
0,0,29.16615319252014,4,5ae4c8f35542990ba0bbb130,0.25,1,15,4,
0,0,5.6437647342681885,0,5abda6b255429965af743d9a,0.25,1,3,4,
0,0,5.694093704223633,0,5a8a07725542992d82986e5b,0.6666666666666666,2,3,3,
0,0,5.695945501327515,0,5a8911ad554299515336129c,0.2857142857142857,2,3,7,
0,0,5.6827781200408936,0,5ade48795542992fa25da729,0.0,0,3,3,
0,0.021505376344086023,5.684640645980835,0,5ae35c945542992e3233c3bd,0.0,0,3,10,
0,0,5.661853313446045,0,5abb9ad4554299642a094abe,0.0,0,3,3,
0,0,5.668851852416992,0,5ae3a0be5542991a06ce9a05,0.14285714285714285,1,3,7,
0,0,5.693876504898071,0,5ac027005542996f0d89cb3d,0.6666666666666666,2,3,3,
0,0,5.64919900894165,0,5abc6d14554299700f9d78bf,0.16666666666666666,1,3,6,
0,0,5.65442681312561,0,5ab42b905542992339550040,0.2,1,3,5,
0,0,5.662892580032349,0,5a83155c55429954d2e2ec0e,0.3333333333333333,1,3,3,
0,0,5.6529436111450195,0,5a77b6c85542992a6e59df96,0.0,0,3,6,
0,0,5.726743459701538,0,5abdf06355429976d4830a2d,0.25,1,3,4,
0,0.02173913043478261,11.526942014694214,1,5ae291bb5542996483e649f6,1.0,1,6,1,
0,0,5.554294586181641,0,5ac344d6554299741d48a23f,0.5,2,3,4,
0,0,5.578415870666504,0,5ac4f42b55429924173fb50d,0.14285714285714285,1,3,7,
0,0,5.646582126617432,0,5a75e29f5542992d0ec0600c,0.0,0,3,7,
0,0,5.653884172439575,0,5ae397df5542994393b9e71f,0.0,0,3,5,
0,0,17.735255241394043,2,5a825b0e55429954d2e2eb0c,1.0,1,9,1,
0,0,5.632887840270996,0,5ab56b9b5542997d4ad1f113,0.3333333333333333,1,3,3,
0,0,5.613481044769287,0,5ae1f48d554299234fd0436b,0.0,0,3,2,
0,0,5.726322174072266,0,5a8760e75542996e4f3087af,0.25,2,3,8,
0,0,5.679213762283325,0,5a8f51185542992414482a3d,1.0,2,3,2,
0,0,0.259901762008667,1,5ade66dd55429975fa854ebe,0.6666666666666666,2,3,3,
0,0,5.780228137969971,0,5ae256435542992decbdccc3,0.0,0,3,4,
0,0,15.185397624969482,2,5ae1d52f554299234fd04315,0.3333333333333333,3,9,9,
0,0.02173913043478261,5.588480710983276,0,5a747a3755429974ef308c09,0.2,1,3,5,
0,0,162.60612273216248,5,5a7ec6f355429934daa2fc61,0.0,0,18,3,
0,0,34.823453426361084,5,5ab69f9a554299710c8d1ef8,0.6666666666666666,2,18,3,
0,0,35.81693172454834,5,5a75e814554299109176e5c7,0.0,0,18,10,
0,0,15.043298959732056,1,5ab3c53955429969a97a81b9,0.0,0,6,4,
0,0,32.73073697090149,5,5ab46f4e5542991751b4d770,0.6666666666666666,2,18,3,
0,0,30.909784078598022,5,5ae3dfb05542992e3233c490,0.2,1,18,5,
0,0,32.584197759628296,5,5ac13f425542991316484a96,0.0,0,18,3,
0,0,36.549641609191895,5,5ab5d2ac5542992aa134a3a6,1.0,1,18,1,
0,0,38.60780453681946,5,5ac286c055429963665199f8,0.16666666666666666,1,18,6,
0,0,41.47212195396423,5,5abb0b5c5542996cc5e49f79,0.5,1,18,2,
0,0,39.398327589035034,5,5a90937955429933b8a20568,0.0,0,18,4,
0,0,37.673402547836304,5,5a7a5ccf55429941d65f25d7,0.6666666666666666,2,18,3,
0,0,34.32433199882507,5,5a80d6be55429938b6142206,0.2,1,18,5,
0,0,34.274718046188354,5,5ae7e8b855429952e35ea9dd,0.0,0,18,2,
0,0,22.133913040161133,3,5a895f6155429946c8d6e914,0.0,0,12,4,
0,0,5.223278760910034,0,5abda8d55542992ac4f382e7,0.0,0,3,2,
0,0,5.169527769088745,0,5abdce1b5542993062266cfe,0.0,0,3,1,
0,0,5.229673862457275,0,5ac2c338554299657fa29039,0.0,0,3,5,
0,0,5.2252514362335205,0,5ade64c7554299728e26c710,0.0,0,3,5,
0,0,10.693093061447144,1,5a8646ec5542991e771815f2,0.0,0,6,4,
,,,,5a89d48c554299515336132e,,,,,Ollama request exceeded timeout limit for model stable-qwen with error: timed out
0,0,5.09758186340332,0,5a84c5545542991dd0999dee,0.0,0,3,3,
0,0,0.43459415435791016,1,5a8d40585542994ba4e3dc39,1.0,1,3,1,
0,0,0.6773543357849121,0,5abbee315542993f40c73c1d,,,,,
0,0,5.364741802215576,0,5abbbaca55429931dba144ca,0.0,0,3,1,
0,0,5.15685248374939,0,5ab520645542991779162d85,0.0,0,3,2,
0,0,5.141607046127319,0,5a7f53445542992097ad2f15,0.0,0,3,4,
0,0.028985507246376815,5.218188762664795,0,5a77ad2f55429967ab105225,0.75,3,3,4,
0,0,5.1250646114349365,0,5a84a97f5542992a431d1a87,0.2,1,3,5,
0,0,5.12576699256897,0,5ab6f7415542991d322236f4,0.0,0,3,9,
0,0,5.100736856460571,0,5a8e0b7f5542995085b373ae,1.0,1,3,1,
0,0,5.1174476146698,0,5a8d8f77554299068b959d3e,0.5,2,3,4,
0,0.01801801801801802,39.272327184677124,5,5ae267a35542992decbdccee,0.0,0,18,4,
0,0,35.94912052154541,5,5ae721c15542996d980e7cbc,0.25,1,18,4,
0,0,24.864107847213745,2,5ac2782d55429963665199cc,0.0,0,9,5,
0,0,10.497114181518555,0,5a758ba75542992db9473677,1.0,1,3,1,
0,0.007326007326007326,10.546710729598999,0,5a8d77525542994ba4e3dc90,0.0,0,3,2,
0,0,10.499284267425537,0,5abbfa8f55429965836003cc,0.0,0,3,2,
0,0,10.548755168914795,0,5ae0ec48554299422ee9955a,0.0,0,3,7,
0,0,10.557509660720825,0,5a8f7a7055429918e830d230,0.14285714285714285,1,3,7,
0,0,10.49954342842102,0,5ade82ba5542992fa25da7a3,0.5,1,3,2,
0,0,10.493443489074707,0,5a7a48c45542994f819ef1b7,0.2,1,3,5,
0,0,9.946675062179565,0,5ab2deb75542991669774118,0.0,0,3,6,
0,0,10.52389931678772,0,5a823fbf55429903bc27ba54,0.25,1,3,4,
,,,,5a8f5a185542992414482a71,,,,,Ollama request exceeded timeout limit for model stable-qwen with error: timed out
0,0,45.79455494880676,5,5ab2b1e05542997061209685,0.5,2,18,4,
0,0,48.0941264629364,5,5a828c3355429940e5e1a8f0,0.4,2,16,5,
0,0,36.83000469207764,5,5ab851e35542990e739ec8c3,0.2,1,18,5,
,,,,5a8e3ed7554299068b959e82,,,,,Ollama request exceeded timeout limit for model stable-qwen with error: timed out
0,0,36.14939284324646,5,5a7be294554299294a54ab44,0.0,0,18,4,
0,0,28.52267098426819,3,5ae04ea555429924de1b709e,0.3333333333333333,1,12,3,
0,0,45.109896659851074,5,5a728f3c5542992359bc30f4,0.0,0,18,3,
0,0,25.58102011680603,3,5ac3959855429939154137f0,1.0,2,12,2,
0,0,7.494647026062012,0,5a8782f25542996e4f308818,0.0,0,3,4,
0,0,7.420439004898071,0,5ae791245542997b22f6a7a3,0.09090909090909091,1,3,11,
0,0,7.476200819015503,0,5ae5366e5542990ba0bbb22b,0.0,0,3,1,
0,0.02631578947368421,7.4115800857543945,0,5abadcb35542996606241647,0.0,0,3,19,
0,0,7.466630935668945,0,5ab7f78f5542991d322237e6,0.0,0,3,7,
0,0,7.414172172546387,0,5a79178d554299029c4b5ef9,0.0,0,3,4,
0,0.012738853503184714,7.452416658401489,0,5a8c5eca554299240d9c213d,0.0,0,3,3,
0,0,7.424347877502441,0,5ae5c212554299546bf82f4b,0.0,0,3,4,
0,0,14.119721412658691,1,5ae736cb5542991bbc9761c2,0.2,1,6,5,
0,0,7.786520957946777,0,5ab9b939554299743d22ebca,0.5,2,3,4,
0,0,16.374818801879883,1,5a8463d05542990548d0b2a5,0.0,0,6,3,
0,0,7.836279630661011,0,5a7da6015542995f4f40229d,0.0,0,3,3,
0,0.012987012987012988,7.860424041748047,0,5ab2f85b55429929539468dc,0.0,0,3,5,
0,0,7.962223291397095,0,5a75f7db5542994ccc918670,0.0,0,3,4,
0,0,7.8590474128723145,0,5abfa5fb5542990832d3a183,0.5,1,3,2,
0,0,7.969836711883545,0,5ae588cb55429960a22e0300,0.0,0,3,2,
0,0,7.81896448135376,0,5a7ab1e955429931da12c95d,0.0,0,3,3,
0,0,8.209692001342773,0,5a79c8945542994bb945709e,0.0,0,3,2,
0,0,7.8074774742126465,0,5ac0805f5542992a796ded29,1.0,2,3,2,
0,0,7.831274747848511,0,5ab310bb554299233954fef9,0.5,1,3,2,
0,0.012903225806451615,7.838095188140869,0,5ade4801554299728e26c6ab,0.0,0,3,6,
0,0,13.210840225219727,1,5aba33985542994dbf0198c3,0.2857142857142857,2,6,7,
0,0,8.464396238327026,0,5ac3e01d5542997ea680c969,0.5,2,3,4,
0,0,8.023093938827515,0,5ab3a84b554299233954ff7b,0.5,1,3,2,
0,0,7.857280492782593,0,5ab8723c55429934fafe6dbc,0.2,1,3,5,
0,0,8.082081079483032,0,5a8ad2f3554299515336138d,0.0,0,3,3,
0,0,7.872177362442017,0,5a83a7e15542992ef85e2347,0.25,1,3,4,
0,0,7.85625433921814,0,5ab9625e55429970cfb8eaa9,0.3333333333333333,2,3,6,
0,0,8.064248085021973,0,5a77b1a75542992a6e59df8d,0.0,0,3,7,
0,0,7.857279062271118,0,5a8612d45542996432c5719b,0.0,0,3,2,
0,0,7.908726692199707,0,5a8f2fed55429918e830d1c7,0.2,1,3,5,
0,0.012820512820512818,7.883625268936157,0,5a78ce5d55429974737f78ac,0.3333333333333333,1,3,3,
0,0,7.844338417053223,0,5ae7f6be554299540e5a56db,0.0,0,3,4,
0,0,7.827996253967285,0,5a7bc5f255429927d897c03e,0.0,0,3,5,
0,0,7.996539831161499,0,5a88b513554299206df2b338,0.3333333333333333,1,3,3,
0,0,7.9168665409088135,0,5ac0e0c75542997d64295a6e,0.2,1,3,5,
0,0,7.907578468322754,0,5a7284c85542991f9a20c4c0,0.0,0,3,4,
0,0,7.975644826889038,0,5a7263e05542997f82783998,0.5,1,3,2,
0,0,7.8845555782318115,0,5ab96bf15542996be20204d8,0.2,1,3,5,
0,0,8.195016145706177,0,5addfdf65542992200553bd2,0.0,0,3,4,
0,0,7.890743732452393,0,5ac06e24554299294b218fd1,0.5,1,3,2,
0,0,7.84232497215271,0,5adc914d5542994ed6169b90,0.5,2,3,4,
0,0.022988505747126436,8.454810619354248,0,5addc79d5542995b365fab7b,0.25,2,3,8,
0,0,7.8844523429870605,0,5aba7a22554299232ef4a2e7,0.0,0,3,4,
0,0,7.8901262283325195,0,5ab6644655429954757d327d,0.0,0,3,9,
0,0,7.903461694717407,0,5a8edb7f55429917b4a5bdeb,0.0,0,3,6,
0,0,16.295379877090454,1,5a8e341c5542995085b373d6,0.25,1,6,4,
0,0,8.01532244682312,0,5ab931475542991b5579f12f,0.25,1,3,4,
0,0,8.006961822509766,0,5a731c205542994cef4bc45d,0.16666666666666666,1,3,6,
0,0,8.011045217514038,0,5a7b971255429927d897bff3,0.25,1,3,4,
0,0,7.943004608154297,0,5a8ced46554299441c6b9f82,0.5,1,3,2,
0,0,8.24485993385315,0,5a7c988755429935c91b524d,0.0,0,3,3,
0,0,7.9914116859436035,0,5ac175635542994ab5c67d4b,0.3333333333333333,2,3,6,
0,0,8.020848035812378,0,5a835b88554299123d8c2101,0.0,0,3,1,
0,0,8.04265546798706,0,5a7a1f795542996c55b2dd1b,0.0,0,3,6,
0,0,7.991606950759888,0,5abb7ff15542996cc5e4a015,0.0,0,3,3,
0,0,8.032838344573975,0,5a84b5ac5542991dd0999da4,0.2222222222222222,2,3,9,
0,0,7.980068206787109,0,5a88a5645542997e5c09a679,0.0,0,3,6,
0,0,8.235708475112915,0,5a8bba645542995e66a474e5,1.0,1,3,1,
0,0,8.986010313034058,0,5a73024f5542991f9a20c5fc,0.0,0,3,2,
0,0,7.997964859008789,0,5ab68a71554299710c8d1ec2,1.0,1,3,1,
0,0,8.067883968353271,0,5a78f18855429974737f7915,0.3333333333333333,1,3,3,
0,0,8.06075143814087,0,5abb729b5542993f40c73af4,0.25,1,3,4,
0,0,9.065017700195312,0,5ae490a85542995ad6573d9d,0.3333333333333333,1,3,3,
0,0,8.03122067451477,0,5a796bfd55429970f5fffeac,1.0,1,3,1,
0,0,8.019689798355103,0,5a7c6c9d554299683c1c6302,0.0,0,3,1,
0,0,8.026580333709717,0,5ac0fd56554299012d1db679,0.5,1,3,2,
0,0,7.6984782218933105,0,5a777ca855429949eeb29e6a,0.0,0,3,8,
0,0,8.248669385910034,0,5a909a1a55429916514e7506,0.0,0,3,4,
0,0,7.948403596878052,0,5a734ca85542994cef4bc51b,0.6666666666666666,2,3,3,
0,0,8.008806467056274,0,5a82028a554299676cceb1d6,0.6666666666666666,2,3,3,
0,0,8.060730457305908,0,5ac43ddf5542995c82c4ad08,1.0,2,3,2,
0,0,8.041184425354004,0,5ae644cc55429908198fa568,0.0,0,3,4,
0,0,7.9764463901519775,0,5adfec5f55429942ec259b8d,0.1111111111111111,1,3,9,
0,0,8.037176609039307,0,5a749e1855429979e28829c3,0.3333333333333333,1,3,3,
0,0,8.070010662078857,0,5ae31ca155429928c4239608,0.0,0,3,4,
0,0,8.015964269638062,0,5a79cabc5542994f819ef0a1,0.3333333333333333,1,3,3,
0,0,7.978151321411133,0,5a77a3a355429967ab105211,0.0,0,3,1,
0,0,7.960239410400391,0,5ae55ec855429908b63265f5,0.0,0,3,6,
0,0,7.9521262645721436,0,5ae14b0655429920d52343a6,0.0,0,3,4,
0,0,8.199306011199951,0,5a74f8235542993748c89766,0.14285714285714285,2,3,14,
0,0,7.962783336639404,0,5adf8a065542992d7e9f9392,0.0,0,3,9,
0,0,7.985655069351196,0,5a7a0201554299029c4b5f9e,1.0,1,3,1,
0,0,8.012373924255371,0,5ac322c95542995ef918c117,0.0,0,3,3,
0,0,7.938726902008057,0,5abc184a5542993a06baf863,0.5,1,3,2,
0,0,7.989985942840576,0,5ae798ce55429952e35ea995,0.2,1,3,5,
0,0,8.019975185394287,0,5ae61e7555429929b0807adf,0.6,3,3,5,
0,0,9.02600622177124,0,5a71278c5542994082a3e5e2,0.0,0,3,2,
0,0,8.00509524345398,0,5ab91ef3554299753720f708,0.2,1,3,5,
0,0,8.129233837127686,0,5ae3376455429928c4239688,0.25,1,3,4,
0,0,7.977372884750366,0,5a8c7057554299653c1aa066,0.0,0,3,4,
0,0.01234567901234568,18.969833612442017,1,5a8e08ab5542995085b37393,0.0,0,6,4,
0,0,8.129492282867432,0,5ac19ff65542994d76dcce8f,0.0,0,3,3,
0,0,8.08173394203186,0,5ab88c075542991b5579efbe,0.5,1,3,2,
0,0,8.036383628845215,0,5a7438ec55429979e28828b8,0.14285714285714285,1,3,7,
0,0,8.098966598510742,0,5a7663665542992d0ec060d3,1.0,1,3,1,
0,0,8.1170072555542,0,5a737d3c55429908901be2c8,0.0,0,3,3,
0,0,8.0562584400177,0,5a75e16055429976ec32bc6a,0.25,1,3,4,
0,0,8.097338438034058,0,5ab46d195542991751b4d76a,0.0,0,3,3,
0,0,8.0640287399292,0,5ae1d32a554299492dc91b9c,0.3333333333333333,1,3,3,
0,0,8.072150230407715,0,5ac4edf155429924173fb4e3,0.0,0,3,5,
0,0,15.306069612503052,1,5a861ea85542994775f60700,0.3333333333333333,1,6,3,
0,0,161.18940544128418,5,5ae0aabc55429945ae9593fe,1.0,1,15,1,
0,0,34.75780439376831,5,5a7c4e655542990527d55489,0.3333333333333333,1,18,3,
,,,,5a7e058f5542995f4f402390,,,,,Ollama request exceeded timeout limit for model stable-qwen with error: timed out
0,0,33.39032292366028,5,5a7ef6b35542994959419a94,0.4,2,18,5,
0,0,36.05088973045349,5,5adcf8155542990d50227d6a,0.0,0,18,5,
0,0,35.68980884552002,5,5a778d7855429967ab1051fa,0.3333333333333333,2,18,6,
0,0,33.748852252960205,5,5ae26b5f5542992decbdccf8,0.6666666666666666,2,18,3,
0,0,35.41986536979675,5,5a8ba3ff55429971feec4744,0.6666666666666666,2,16,3,
0,0,31.7751202583313,5,5a85fc995542996432c5715f,0.6666666666666666,2,18,3,
0,0,0.27834010124206543,0,5a8efb5a55429918e830d172,,,,,
,,,,5a7cd66a554299452d57ba90,,,,,Ollama request exceeded timeout limit for model stable-qwen with error: timed out
0,0,30.705408334732056,5,5ac0dcf25542996f0d89cc2c,0.0,0,18,8,
0,0,36.615416526794434,5,5ab9d0b755429955dce3ed8f,0.2,1,18,5,
0,0,33.26175856590271,5,5a90cb205542995651fb51fe,0.0,0,18,6,
0,0,33.33242344856262,5,5ae198bf5542997b2ef7d20d,0.3333333333333333,1,18,3,
0,0,32.79439401626587,5,5ab36c3f55429969a97a8146,0.4,2,18,5,
0,0,34.40873980522156,5,5ab278745542997061209617,0.0,0,18,3,
0,0,11.365371227264404,1,5ae3dcc05542991a06ce9a33,0.3333333333333333,1,6,3,
0,0,33.439120292663574,5,5a75639255429916b01642f7,0.0,0,18,5,
0,0,34.354559659957886,5,5a7619765542992db9473728,0.0,0,18,10,
0,0,33.11203670501709,5,5ae76e615542997ec2727647,0.0,0,18,3,
0,0,38.38626027107239,5,5ac3d9135542995c82c4ac4c,0.2,1,18,5,
0,0,35.964834213256836,5,5a85441f5542997175ce1faa,0.3333333333333333,1,18,3,
0,0,35.32326626777649,5,5a82accd55429966c78a6a78,0.14285714285714285,1,18,7,
0,0,34.46846795082092,5,5ae1847e55429920d52343ee,0.0,0,18,2,
0,0,33.40688943862915,5,5a7b581a5542992d025e6815,0.3333333333333333,1,18,3,
0,0,36.032567739486694,5,5a72f45a5542992359bc31e6,0.25,1,18,4,
0,0.16,0.7357711791992188,1,5a74d4f355429974ef308c79,0.0,0,3,3,
0,0,36.33615827560425,5,5ab9d02155429970cfb8ebb0,0.0,0,18,6,
0,0,35.939555168151855,5,5ab71a6a5542991d3222377c,0.0,0,18,4,
0,0,36.04867362976074,5,5a7dab795542990b8f503a22,0.0,0,18,4,
0,0,35.00602912902832,5,5a779fd95542997042120ab5,0.0,0,18,4,
0,0,33.85638213157654,5,5a78d9c455429970f5fffda7,0.3333333333333333,2,18,6,
0,0,29.554776906967163,5,5a719bf25542994082a3e891,0.0,0,18,1,
0,0,34.23876619338989,5,5adf37955542993a75d2642e,0.0,0,18,3,
0,0,40.36614418029785,5,5ab70f79554299110f219aa9,0.0,0,18,11,
0,0,37.68929362297058,5,5ae236b2554299495565da3e,0.3333333333333333,1,18,3,
0,0.049999999999999996,99.71756601333618,5,5ae3599b5542992e3233c39d,0.5,1,18,2,
0,0,37.326454877853394,5,5ae1f8235542997f29b3c1cf,0.5,1,18,2,
0,0,38.39382982254028,5,5ae7bdc05542993210983f29,0.0,0,15,3,
0,0,18.22857904434204,2,5a7ef49a5542994959419a91,0.0,0,9,7,
0,0,35.535725593566895,5,5a8f1672554299458435d558,0.0,0,18,5,
0,0,35.898035764694214,5,5a835e215542992ef85e2296,0.0,0,18,5,
,,,,5adffc8d55429925eb1afbc6,,,,,Ollama request exceeded timeout limit for model stable-qwen with error: timed out
0,0,35.36487293243408,5,5ae1e1e55542997f29b3c15e,0.0,0,18,5,
0,0,37.99720287322998,5,5ab27f7b554299722f9b4d4f,0.3333333333333333,1,18,3,
0,0,36.92420291900635,5,5ae30aa05542992decbdcdd7,0.0,0,18,5,
0,0,37.112969398498535,5,5ab502ae5542991779162d4c,0.25,1,18,4,
0,0,18.313422203063965,2,5ac1b6845542994d76dccecb,0.5,1,9,2,
0,0,37.005504846572876,5,5a7323ef5542994cef4bc477,0.0,0,18,5,
0,0,34.865859031677246,5,5adcfba05542990d50227d83,0.0,0,18,8,
0,0,31.875303268432617,5,5a72239a55429971e9dc92cf,0.25,1,18,4,
0,0,32.75455093383789,5,5ab521575542996a3a96a02e,0.0,0,18,3,
0,0,32.29339051246643,5,5ab6c4e055429953192ad386,0.16666666666666666,1,18,6,
0,0,32.3489785194397,5,5a7c0dab5542997c3ec972d2,0.3333333333333333,1,18,3,
,,,,5abccb235542996583600497,,,,,Ollama request exceeded timeout limit for model stable-qwen with error: timed out
0,0,30.91090679168701,5,5a8b9cd65542997f31a41d8b,1.0,1,18,1,
0,0,31.839797258377075,5,5a8ce584554299585d9e375c,1.0,1,18,1,
0,0,25.615435123443604,4,5ab6c47e55429954757d3368,0.0,0,15,4,
0,0,4.9015796184539795,0,5a7211e655429971e9dc923c,0.2,1,3,5,
0,0,31.377020359039307,5,5ae114f155429901ffe4ad5c,0.0,0,18,2,
0,0,38.687238454818726,5,5ab6faec5542991d32223708,0.5,2,18,4,
0,0,30.43778967857361,5,5a7f3d9b5542992e7d278cb8,0.0,0,18,4,
0,0,24.83096718788147,4,5ade8f5955429975fa854f10,0.3333333333333333,1,15,3,
0,0,34.91093993186951,5,5a8e32d35542995a26add480,0.2,1,18,5,
0,0,33.72465801239014,5,5ae0bc185542993d6555ec29,0.0,0,18,6,
0,0,37.023863315582275,5,5abd0814554299700f9d797a,0.5,2,18,4,
0,0.031746031746031744,32.94069242477417,5,5ae560155542990ba0bbb293,0.0,0,18,4,
0,0,30.990994691848755,5,5a8901a2554299515336125a,0.3333333333333333,1,18,3,
0,0,30.594672679901123,5,5ade4fcc5542997c77adeded,1.0,1,18,1,
0,0,31.05137825012207,5,5a74c6a655429974ef308c5d,0.0,0,18,1,
0,0,34.026947259902954,5,5a84a4e35542992a431d1a81,0.0,0,18,5,
0,0,30.628840446472168,5,5adf9ea05542992d7e9f93bf,0.0,0,18,5,
0,0,27.99461030960083,5,5ab2e9b4554299340b525565,1.0,1,15,1,
0,0,27.766489267349243,5,5abdbf3755429933744ab818,0.3333333333333333,1,18,3,
0,0,27.514039039611816,5,5adf04915542995534e8c72f,0.5,2,18,4,
0,0,30.533090114593506,5,5ae127ba55429920d52342d3,0.75,3,18,4,
0,0,28.77411198616028,5,5a7353b35542994cef4bc54f,0.0,0,18,5,
0,0,27.798396110534668,5,5abe436455429976d4830ac6,0.0,0,18,3,
0,0,27.79160761833191,5,5abd72475542993062266c9a,0.0,0,18,6,
0,0,28.243149995803833,5,5a7326cd5542991f29ee2d11,0.14285714285714285,1,18,7,
0,0,27.04062056541443,5,5ac3d7f8554299076e296cb0,0.0,0,18,1,
0,0,27.12340497970581,5,5adf8ad25542993344016ce7,0.25,1,18,4,
0,0,34.207459449768066,5,5ab9631a55429970cfb8eaad,0.3333333333333333,1,18,3,
,,,,5ae72ab25542991e8301cb77,,,,,Ollama request exceeded timeout limit for model stable-qwen with error: timed out
0,0,30.07798409461975,5,5abe5ee955429976d4830b03,0.125,1,18,8,
0,0,27.59198021888733,5,5a871a5e5542996432c5721e,0.0,0,18,3,
0,0,27.637728929519653,5,5a7607b6554299109176e619,0.0,0,18,8,
0,0,27.687424898147583,5,5a865bbf5542991e77181615,0.3333333333333333,1,18,3,
0,0,27.730613470077515,5,5ab878ba55429916710eb06c,0.0,0,18,5,
0,0,27.637202739715576,5,5ac2f34455429921a00ab0b6,0.0,0,18,5,
0,0,28.993707180023193,5,5a82626655429966c78a6a08,0.25,1,18,4,
0,0,27.638001441955566,5,5a7cb84a554299683c1c6350,0.0,0,18,5,
0,0,27.56776523590088,5,5a7aa07d55429941d65f2703,0.5,1,18,2,
0,0,27.604899406433105,5,5ac0e74d554299294b219052,0.0,0,18,4,
0,0,37.286890506744385,5,5a7b2c9155429927d897bf51,0.6666666666666666,2,18,3,
0,0,28.11036229133606,5,5ae7fa5a554299540e5a56e4,0.3333333333333333,1,18,3,
,,,,5a84b0705542991dd0999d86,,,,,Ollama request exceeded timeout limit for model stable-qwen with error: timed out
0,0,31.028488874435425,5,5ae712fa554299572ea546b9,0.5,1,18,2,
0,0,33.96675109863281,5,5abc3c545542993a06baf89f,0.0,0,18,10,
0,0,30.556697607040405,5,5a8135cc55429903bc27b943,0.16666666666666666,1,18,6,
0,0.6666666666666666,0.24265551567077637,1,5a8dd5b855429917b4a5bcc6,0.5,1,3,2,
0,0,30.012054204940796,5,5ab9188c5542991b5579f0f5,1.0,2,18,2,
0,0,28.43451452255249,5,5ab615cf554299488d4d9aa3,0.25,1,18,4,
0,0,29.26469659805298,5,5ab299d6554299449642c926,0.25,1,18,4,
0,0,28.70570182800293,5,5ab801da5542990e739ec7c9,0.5,1,18,2,
0,0,28.78273344039917,5,5ab83e1a55429919ba4e2280,0.0,0,18,7,
0,0,34.552472829818726,5,5a70f11a5542994082a3e40b,0.0,0,18,9,
0,0,34.91809678077698,5,5a7a098d5542996c55b2dce3,0.5,1,18,2,
0,0,26.163650274276733,3,5ae614215542992663a4f254,0.0,0,12,3,
0,0,39.0454158782959,5,5a8f6b7c5542992414482abc,0.3333333333333333,1,18,3,
0,0,42.69839930534363,5,5ac24ad7554299636651995a,0.0,0,18,7,
0,0,42.36122918128967,5,5adc0e395542996e685252c1,0.375,3,18,8,
0,0,36.798869371414185,5,5a778f515542995d831811cd,0.25,1,18,4,
0,0,41.29457974433899,5,5abe67ae5542991f6610616b,0.16666666666666666,1,18,6,
0,0,42.23801064491272,5,5ac35a7e554299741d48a257,0.0,0,18,6,
0,0,37.78964352607727,5,5abfe2a15542997d6429591c,0.0,0,18,5,
0,0,39.44205641746521,5,5ae034bd55429925eb1afc2a,1.0,2,18,2,
0,0,35.92358756065369,5,5adebbbd554299728e26c793,0.0,0,18,11,
0,0,38.41158127784729,5,5ac0d5a1554299294b219025,0.3333333333333333,1,18,3,
0,0,12.558153629302979,1,5a8a5c0d554299515336137b,0.0,0,6,4,
,,,,5abc3f505542993a06baf8b2,,,,,Ollama request exceeded timeout limit for model stable-qwen with error: timed out
0,0,43.120519161224365,5,5add78bf5542992ae4cec57b,0.14285714285714285,1,18,7,
0,0.024096385542168672,38.47262406349182,5,5ae326e95542990afbd1e0b6,0.0,0,18,5,
0,0,37.70562529563904,5,5a8f536c5542992414482a4e,0.0,0,18,4,
0,0,101.1479172706604,5,5ac4a5de5542995c82c4ad6e,0.25,1,18,4,
0,0,39.03420972824097,5,5a77452155429972597f14e1,0.0,0,18,3,
0,0,40.31025433540344,5,5a80427c5542996402f6a49f,0.2,1,18,5,
0,0,42.339834451675415,5,5ab3849a55429969a97a8170,0.16666666666666666,1,18,6,
0,0,6.742131948471069,0,5a8b3de95542997f31a41cc3,0.0,0,3,4,
0,0,6.788278579711914,0,5a843de75542992ef85e23b4,0.5,2,3,4,
0,0,6.733745336532593,0,5a80ad205542992bc0c4a79d,0.0,0,3,1,
0,0,6.871166706085205,0,5ae69df255429908198fa664,0.14285714285714285,1,3,7,
0,0,6.827252626419067,0,5ac2455e55429951e9e68512,0.0,0,3,6,
0,0,6.783302307128906,0,5ac3b07055429939154138b8,0.16666666666666666,1,3,6,
0,0,12.541361808776855,1,5a7339c85542991f9a20c6a2,0.2,1,6,5,
0,0,5.8040382862091064,0,5abcef9e55429959677d6b52,0.5,1,3,2,
0,0,5.801555633544922,0,5a8f122955429918e830d17f,0.2,1,3,5,
0,0,5.813987970352173,0,5a7f22005542993067513656,0.5,1,3,2,
,,,,5ae077735542993d6555eb6d,,,,,Ollama request exceeded timeout limit for model stable-qwen with error: timed out
,,,,5ac0e0e25542997d64295a6f,,,,,Ollama request exceeded timeout limit for model stable-qwen with error: timed out
0,0,11.13852834701538,1,5a7c80ab55429907fabeefa3,0.25,1,6,4,
0,0,5.025929689407349,0,5abe03635542991f661060a5,0.5,1,3,2,
0,0,5.073297739028931,0,5ac272f95542992f1f2b38d3,0.0,0,3,7,
0,0,0.5541567802429199,1,5ae3cd685542990afbd1e1de,0.0,0,3,3,
0,0.30769230769230765,0.3033468723297119,0,5ae1c90e554299234fd042f7,,,,,
0,0,5.11831521987915,0,5ab67ce2554299710c8d1ead,1.0,1,3,1,
0,0.04081632653061224,4.9914515018463135,0,5a7a59d15542996c55b2dd67,0.0,0,3,5,
0,0,5.011721134185791,0,5a8849ac5542996e4f308932,0.3333333333333333,1,3,3,
0,0,11.228278875350952,1,5a72bb045542994cef4bc3e4,0.25,1,6,4,
0,0,0.47461795806884766,1,5ae331fb55429928c4239670,1.0,1,3,1,
0,0,6.043138742446899,0,5ae5390355429960a22e0271,0.6666666666666666,2,3,3,
0,0,5.82841682434082,0,5a7da9ae5542995f4f4022b1,0.2,1,3,5,
0,0,5.3803510665893555,0,5a8b77705542995d1e6f13aa,0.3333333333333333,1,3,3,
0,0,5.62525200843811,0,5a89810655429946c8d6e929,0.4,2,3,5,
0,0,5.341229677200317,0,5abbd8655542992ccd8e7fba,0.0,0,3,4,
0,0,5.70128059387207,0,5ac3c1805542995ef918c21f,0.0,0,3,9,
0,0,5.85027813911438,0,5ab627d555429953192ad27e,0.0,0,3,2,
0,0,5.8018810749053955,0,5ac2ae4155429921a00ab030,0.3333333333333333,1,3,3,
0,0,5.840335845947266,0,5a74d9c555429929fddd84fb,0.0,0,3,2,
0,0,5.815053701400757,0,5ab8829d55429934fafe6e08,0.3333333333333333,1,3,3,
0,0,5.749332666397095,0,5ab5b732554299494045f03c,0.5,1,3,2,
0,0,5.828776836395264,0,5a751bbe5542993748c897ba,0.0,0,3,5,
0,0,5.826664447784424,0,5aba11d25542994dbf0198a6,0.0,0,3,2,
0,0,5.783135890960693,0,5abcfd7e5542993a06baf9df,0.0,0,3,5,
0,0,5.798583269119263,0,5a8072a5554299485f5985f1,0.0,0,3,7,
0,0.034482758620689655,5.818320989608765,0,5a7507455542993748c8979d,0.0,0,3,5,
0,0.03508771929824561,5.907901763916016,0,5ade0bc55542997545bbbe30,0.0,0,3,2,
0,0,5.839541673660278,0,5a7af08655429931da12c989,0.0,0,3,3,
0,0,10.579209804534912,1,5a8e463a5542995a26add4b7,0.25,1,6,4,
0,0,5.685230731964111,0,5ab6ecd85542991d322236cf,1.0,1,3,1,
0,0,5.338655710220337,0,5ae3f0c85542995ad6573cb1,0.0,0,3,4,
0,0,5.6678221225738525,0,5a8319b255429940e5e1a960,0.05263157894736842,1,3,19,
0,0,5.450376510620117,0,5a8c2bb4554299240d9c20ac,0.6666666666666666,2,3,3,
0,0,5.657142162322998,0,5ae1ebf95542997283cd22f2,0.0,0,3,10,
0,0,5.709927320480347,0,5ac471a5554299194317399a,0.5,1,3,2,
0,0,5.700471639633179,0,5a78f8e555429970f5fffe01,0.0,0,3,3,
0,0,17.288286447525024,1,5ae47dd95542995ad6573d57,0.5,1,6,2,
0,0,13.10638689994812,1,5abfd83f5542997ec76fd45c,1.0,1,6,1,
0,0,4.035797357559204,0,5ab8ae585542991b5579efd8,0.5,1,3,2,
0,0,4.015494108200073,0,5a84bda45542992a431d1a96,0.09090909090909091,1,3,11,
0,0,4.090879678726196,0,5a710bb15542994082a3e50d,0.0,0,3,5,
0,0,3.9995696544647217,0,5a7270395542992359bc30a8,0.5,1,3,2,
0,0,31.595600128173828,5,5a73d3ea5542992d56e7e3af,1.0,2,18,2,
0,0,27.961328506469727,5,5a90b1635542990a984936a9,0.25,1,18,4,
0,0,29.970553636550903,5,5ae1f528554299234fd04370,0.0,0,18,1,
,,,,5a8ee02955429917b4a5bdfa,,,,,Ollama request exceeded timeout limit for model stable-qwen with error: timed out
0,0,27.69917392730713,5,5a7d9d2b5542997cc2c47464,0.0,0,18,1,
0,0,27.683079719543457,5,5ae3f1bb5542995ad6573cbe,0.0,0,18,6,
0,0,27.49909734725952,5,5ac3908e554299741d48a297,0.5,2,18,4,
0,0,14.923675298690796,2,5ae0e8c35542997b2ef7d064,1.0,1,9,1,
0,0,163.14539909362793,5,5a8f45385542997ba9cb320a,0.0,0,18,6,
0,0,0.2140493392944336,1,5ab82fe155429919ba4e225a,0.0,0,3,4,
0,0,41.56362962722778,5,5a89dca8554299669944a5dd,0.3333333333333333,1,18,3,
0,0,37.44504189491272,5,5ac0aa595542992a796ded5a,0.2857142857142857,2,18,7,
0,0,39.590739488601685,5,5a7e694a5542997cc2c4753d,0.5,1,18,2,
0,0,36.584155797958374,5,5a889d18554299206df2b310,0.2,1,18,5,
0,0,39.605698347091675,5,5ab72d925542993667793f6e,0.0,0,18,5,
0,0,27.822903156280518,3,5ae031c455429924de1b7055,0.5,1,12,2,
0,0,6.248520135879517,0,5a7180205542994082a3e856,0.25,1,3,4,
0,0,6.25863790512085,0,5a88f2cc55429938390d3ffb,0.25,1,3,4,
0,0,6.196218490600586,0,5a8a793555429930ff3c0de7,0.2,1,3,5,
0,0,6.262727499008179,0,5ac4241e5542997ea680ca10,0.25,1,3,4,
0,0,12.864709377288818,1,5a8db788554299653c1aa145,0.0,0,6,12,
0,0,6.269801139831543,0,5ae49f2c5542995ad6573dc1,0.0,0,3,5,
0,0,6.207126140594482,0,5a89217455429938390d4039,0.2,1,3,5,
0,0,6.2628397941589355,0,5ae402085542995dadf242ca,0.6666666666666666,2,3,3,
0,0,6.248950958251953,0,5ae760415542997b22f6a708,0.0,0,3,3,
0,0,6.202682971954346,0,5a8f5273554299458435d5b1,0.3333333333333333,1,3,3,
0,0,6.260520696640015,0,5ab4234f5542991751b4d685,0.0,0,3,1,
0,0.026315789473684213,6.244169473648071,0,5a83d7535542993344746093,0.0,0,3,2,
0,0,6.173014879226685,0,5a8933fe55429951533612df,0.125,1,3,8,
0,0,6.1749587059021,0,5ac3d2ac554299741d48a330,0.16666666666666666,1,3,6,
0,0,6.249627351760864,0,5a83d0ed5542996488c2e4e7,0.0,0,3,5,
0,0,6.047200441360474,0,5a8c758d5542995e66a475ff,0.25,1,3,4,
0,0,6.202561140060425,0,5adcb30b5542994d58a2f69f,0.2,1,3,5,
0,0,6.24684739112854,0,5a8f2cc855429918e830d1be,0.0,0,3,3,
0,0,6.097232103347778,0,5adcd28c5542994d58a2f6ea,0.25,1,3,4,
0,0,6.159901857376099,0,5a862c38554299211dda2a9a,0.0,0,3,4,
0,0,6.245102882385254,0,5ae12d5355429920d52342eb,0.0,0,3,5,
0,0,6.240041971206665,0,5ac4e476554299076e296e34,0.0,0,3,5,
0,0,13.216522693634033,1,5ae13c5155429920d5234336,0.0,0,6,4,
0,0.02298850574712644,6.548855304718018,0,5a81d6cd55429903bc27b9e0,0.0,0,3,5,
0,0,4.976784706115723,0,5ab624b855429953192ad26d,0.0,0,3,6,
0,0,4.934729337692261,0,5ae6940e5542991bbc97613f,0.0,0,3,4,
0,0,4.948506116867065,0,5a89a128554299669944a552,0.0,0,3,9,
0,0,3.997864007949829,0,5a8708ba55429960ec39b701,0.0,0,3,5,
0,0,6.554633617401123,0,5ade595e5542992fa25da761,0.0,0,3,3,
0,0,6.4903388023376465,0,5aba71be5542994dbf01990c,0.0,0,3,17,
0,0,12.416291236877441,1,5a90b4fe55429916514e7525,0.0,0,6,6,
0,0,6.178382396697998,0,5ab281f45542993be8fa9938,0.25,1,3,4,
0,0,6.449924468994141,0,5adc9ebc5542994d58a2f681,0.0,0,3,4,
0,0.025974025974025976,6.355209112167358,0,5add750c5542990dbb2f7e53,0.0,0,3,6,
0,0,19.23166513442993,2,5ab80faf55429916710eafd9,0.0,0,9,1,
0,0,6.235211372375488,0,5aba7cb455429901930fa7eb,0.0,0,3,4,
0,0,19.85780906677246,2,5a7e71ab55429949594199bc,0.5,1,9,2,
0,0,40.99688196182251,5,5a7c34905542996dd594b8d5,1.0,2,18,2,
0,0,26.1468346118927,3,5abdcaea55429965af743e4e,0.2,1,12,5,
0,0,5.875127553939819,0,5a7ddfc55542995f4f4022e9,0.0,0,3,12,
0,0,5.778108358383179,0,5adca8215542994ed6169bbc,0.0,0,3,8,
0,0,19.51008415222168,2,5a7f9cb55542995d8a8ddec1,0.42857142857142855,3,9,7,
0,0,5.32635498046875,0,5ae7ad385542993210983ef0,0.25,1,3,4,
0,0,5.35005259513855,0,5a8f157e554299458435d54d,0.2,1,3,5,
0,0,5.335418701171875,0,5ae61bfd5542992663a4f261,0.0,0,3,7,
0,0,5.298135280609131,0,5ae2c8b05542992decbdcd9d,0.14285714285714285,1,3,7,
0,0,5.360661268234253,0,5ab2f6bd554299166977415e,1.0,2,3,2,
0,0,5.311364650726318,0,5a7744555542994aec3b725b,1.0,1,3,1,
0,0,35.57407736778259,5,5a8639545542991e771815c7,0.25,1,18,4,
0,0,4.414402484893799,0,5ae40a2955429970de88d8a3,0.5,1,3,2,
0,0,33.04519248008728,5,5a7415cf55429979e28828a6,0.2857142857142857,2,18,7,
0,0,29.28979468345642,5,5abe3dc65542993f32c2a0c4,0.5,1,18,2,
0,0,27.705275535583496,5,5add566b5542995b365fab14,0.5,1,18,2,
0,0,35.0150887966156,5,5ab925fd554299131ca42281,0.0,0,18,4,
0,0,34.0791540145874,5,5a72fc865542991f9a20c5e9,0.25,1,18,4,
0,0,32.449925899505615,5,5ae22a08554299234fd0440b,0.25,1,18,4,
0,0,32.26974892616272,5,5ab225565542993be8fa98bf,0.5,1,18,2,
0,0,31.556116342544556,5,5a8b78f055429971feec471a,0.0,0,18,2,
,,,,5ac5632e5542993e66e823d9,,,,,Ollama request exceeded timeout limit for model stable-qwen with error: timed out
,,,,5a79186f55429907847277af,,,,,Ollama request exceeded timeout limit for model stable-qwen with error: timed out
0,0,30.35136389732361,5,5ac39bd8554299657fa290fe,0.0,0,18,5,
0,0,28.997962474822998,5,5a75fa8c55429976ec32bcda,0.2,1,18,5,
0,0,29.413047313690186,5,5a7b1bb5554299042af8f6d4,0.0,0,18,2,
,,,,5ab53ef1554299488d4d9920,,,,,Ollama request exceeded timeout limit for model stable-qwen with error: timed out
0,0,29.689706802368164,5,5abe3e545542993f32c2a0c7,1.0,2,18,2,
0,0,31.529828786849976,5,5a83108d55429966c78a6b1e,0.5,1,18,2,
0,0,31.280363082885742,5,5ab3e4ee554299233954ffe1,0.25,1,18,4,
,,,,5ab844815542992aa3b8c8af,,,,,Ollama request exceeded timeout limit for model stable-qwen with error: timed out
0,0,35.06744742393494,5,5a79f95d5542996c55b2dcbd,0.0,0,18,2,
0,0,33.6134307384491,5,5add8ec55542997545bbbd7e,0.0,0,18,4,
0,0,39.917102575302124,5,5a8f6e295542992414482ac6,1.0,1,18,1,
0,0,36.396607398986816,5,5ade26db5542997c77aded77,0.3333333333333333,2,18,6,
0,0,37.336488246917725,5,5a74167455429929fddd83dc,0.0,0,18,5,
0,0,33.55875253677368,5,5a8da2b05542994ba4e3dcdc,0.3333333333333333,1,18,3,
0,0,5.303957223892212,0,5a8bbb8c5542995d1e6f142e,1.0,2,3,2,
0,0,5.382750988006592,0,5a7115475542994082a3e56d,0.0,0,3,4,
0,0,5.30023193359375,0,5a8fbfcd5542997ba9cb3316,0.0,0,3,4,
0,0,5.321818113327026,0,5abfb4235542990832d3a1ca,0.25,1,3,4,
0,0,11.42043685913086,1,5abd077055429965836004f4,0.0,0,6,2,
0,0,5.3585216999053955,0,5a7cb5f0554299452d57b9b5,0.16666666666666666,1,3,6,
0,0,5.378592014312744,0,5adf33b35542993a75d26420,1.0,1,3,1,
0,0,5.3693366050720215,0,5abf877c5542990832d3a147,0.0,0,3,2,
0,0,5.353641748428345,0,5a80abec5542996402f6a5e1,0.1111111111111111,1,3,9,
0,0,5.331660270690918,0,5ac2a277554299657fa28ff3,1.0,1,3,1,
0,0,29.964129209518433,4,5abbe20d55429931dba145c6,0.3333333333333333,1,15,3,
0,0,4.751249074935913,0,5ae23d945542996483e64939,0.18181818181818182,2,3,11,
0,0,5.857873439788818,0,5a8ba761554299240d9c2066,0.3333333333333333,1,3,3,
0,0,4.689743518829346,0,5a8d838955429941ae14dfe5,1.0,1,3,1,
0,0,12.981073379516602,1,5a8732505542991e77181713,0.3333333333333333,1,6,3,
0,0,35.412482023239136,5,5ab3f24c5542992ade7c6eef,0.4,2,18,5,
0,0,5.407372713088989,0,5a7f46115542994857a766d9,0.0,0,3,4,
0,0,17.456206560134888,2,5add889b5542997545bbbd68,0.2,1,9,5,
0,0,11.259073257446289,1,5a7bc1bf55429927d897c033,0.25,1,6,4,
0,0,5.02278470993042,0,5ac42a64554299076e296d7b,0.25,1,3,4,
0,0,22.45310139656067,3,5a7cf59b55429909bec768c7,0.5,2,12,4,
0,0,29.69184708595276,4,5add433b5542997545bbbd02,0.5,1,15,2,
0,0,35.63448739051819,5,5a846acc5542993344746117,0.14285714285714285,1,18,7,
0,0,4.899599313735962,0,5a7f75e95542992e7d278d09,1.0,1,3,1,
0,0,4.856060266494751,0,5ab3244c554299233954ff29,0.0,0,3,7,
0,0,4.829143285751343,0,5ae45cba5542991a06ce9a4a,0.0,0,3,3,
0,0.0625,4.837500095367432,0,5ade90aa554299728e26c733,0.3333333333333333,1,3,3,
0,0,4.75980281829834,0,5a82bb3c55429966c78a6a86,0.0,0,3,6,
0,0,36.57586455345154,5,5a888a625542997e5c09a602,0.2,1,18,5,
0,0,19.10705852508545,2,5ae0e183554299422ee9953f,0.5,1,9,2,
0,0,5.150805234909058,0,5ae2c4d75542991a06ce98d0,0.0,0,3,4,
,,,,5ab8b02d5542991b5579efdb,,,,,Ollama request exceeded timeout limit for model stable-qwen with error: timed out
,,,,5abe4fd95542991f6610613d,,,,,Ollama request exceeded timeout limit for model stable-qwen with error: timed out
0,0,5.134194850921631,0,5a74a26a55429979e28829d6,0.6666666666666666,2,3,3,
0,0,5.429788827896118,0,5ac31a73554299741d48a1e9,0.0,0,3,7,
0,0,5.213375806808472,0,5a728f015542991f9a20c4e4,0.0,0,3,6,
0,0,5.095757246017456,0,5a75f1a755429976ec32bcb1,0.0,0,3,3,
0,0,8.694815874099731,1,5a8319a05542990548d0b178,0.0,0,6,3,
0,0,5.088744163513184,0,5a80fd17554299260e20a1f1,0.0,0,3,4,
0,0,33.22399544715881,5,5a72634d5542997f82783994,0.16666666666666666,1,18,6,
0,0,32.833451986312866,5,5a89b1de5542992e4fca8378,2.0,2,18,1,
0,0,35.15309119224548,5,5a8841ee5542994846c1ce6b,0.25,1,18,4,
0,0,35.533352851867676,5,5a8eabf755429917b4a5bdaa,0.0,0,18,4,
0,0,37.34537172317505,5,5ae0159855429925eb1afc09,0.0,0,18,4,
0,0,37.574936628341675,5,5adf74075542992d7e9f937c,0.0,0,18,4,
0,0,30.78800058364868,4,5ae765bf5542995703ce8c12,0.0,0,15,4,
0,0.039999999999999994,5.908276796340942,0,5ac4e03f5542995c82c4ad75,0.0,0,3,4,
0,0,5.685502290725708,0,5a7129685542994082a3e5fa,0.3333333333333333,1,3,3,
0,0,5.740378379821777,0,5ac1682855429964131be1d2,0.16666666666666666,1,3,6,
0,0,5.666685104370117,0,5ade79335542997c77adee38,0.0,0,3,5,
0,0,33.7190625667572,5,5a8a1a9c5542992d82986ebb,0.6666666666666666,2,18,3,
,,,,5a7b85ac5542997c3ec971ef,,,,,Ollama request exceeded timeout limit for model stable-qwen with error: timed out
0,0,35.525986194610596,5,5a83ab355542990548d0b218,0.0,0,18,6,
0,0,27.527929306030273,4,5ade15ae5542990dbb2f7f4c,0.07142857142857142,1,15,14,
0,0,4.568262815475464,0,5adc985e5542990d50227cb7,0.3333333333333333,1,3,3,
0,0,38.815213680267334,5,5adcb0ab5542994d58a2f69a,0.3333333333333333,1,18,3,
0,0,32.78554344177246,5,5a8b71915542995d1e6f1393,0.3333333333333333,1,18,3,
0,0,11.025850296020508,1,5a8c9fc2554299653c1aa0d4,0.0,0,6,10,
0,0,5.07469367980957,0,5ae7936d5542997ec27276a7,0.0,0,3,10,
0,0,5.009855508804321,0,5ac4e13f554299076e296e2d,0.5,1,3,2,
0,0,5.0535547733306885,0,5abbda84554299642a094b5b,0.5,2,3,4,
0,0,5.102284669876099,0,5ac238c555429951e9e684ab,0.0,0,3,4,
0,0,5.121177434921265,0,5aba18ee5542994dbf0198b4,0.0,0,3,4,
0,0,0.2275698184967041,1,5abbd5a75542993f40c73bd3,0.07692307692307693,1,3,13,
0,0,5.272465705871582,0,5ae7620f5542997ec2727627,0.0,0,3,6,
0,0,4.97019624710083,0,5a774a9855429972597f14ea,0.0,0,3,4,
0,0,5.142980337142944,0,5a88a1bb5542997e5c09a64c,0.25,1,3,4,
0,0,0.3567664623260498,1,5ab2bc80554299194fa934d7,,,,,
0,0,5.121340274810791,0,5ae81b2755429952e35eaa1e,0.5,1,3,2,
0,0,5.245697975158691,0,5a8b97485542995d1e6f140f,0.2,1,3,5,
0,0,5.055087089538574,0,5a89cde555429946c8d6e9c4,1.0,1,3,1,
0,0,5.050943851470947,0,5ac13a3d5542996f0d89cc75,0.3333333333333333,1,3,3,
0,0,5.074787139892578,0,5ab52a255542996a3a96a048,0.16666666666666666,1,3,6,
0,0,5.1147425174713135,0,5ae3294155429928c423963d,0.5,1,3,2,
0,0,5.012927532196045,0,5a89761d5542995153361310,0.3333333333333333,1,3,3,
0,0,5.020537853240967,0,5ade9c9355429975fa854f1b,0.2,1,3,5,
0,0,5.045679330825806,0,5abe65e25542993f32c2a101,0.0,0,3,3,
0,0,5.040947914123535,0,5a7130365542994082a3e645,0.3333333333333333,1,3,3,
0,0,10.964854955673218,1,5ae28f43554299492dc91c2f,0.5,2,6,4,
0,0,33.97273135185242,5,5ab3eac5554299753aec59ec,0.5,2,18,4,
0,0,10.402019023895264,1,5abd7d0c55429924427fd010,0.2,1,6,5,
0,0,36.96431112289429,5,5a8e4a7355429917b4a5bd80,0.0,0,18,3,
0,0.025974025974025972,40.86047005653381,5,5a70f9335542994082a3e46a,0.0,0,18,3,
0,0,39.569836139678955,5,5ab2a292554299194fa93496,0.3333333333333333,1,18,3,
0,0,36.767542600631714,5,5a7f79155542995d8a8dde86,0.5,1,18,2,
0,0,42.617167711257935,5,5abf12005542997719eab661,0.2,1,18,5,
0,0,37.734904527664185,5,5ae5ff845542996de7b71ad0,0.16666666666666666,1,18,6,
0,0,169.93273735046387,5,5a87c6a75542997e5c09a56f,0.3333333333333333,2,18,6,
0,0,41.02581739425659,5,5adf73a45542992d7e9f9378,0.0,0,18,5,
0,0,25.746657371520996,3,5ae0504055429942ec259c6a,0.0,0,12,4,
0,0,5.300012588500977,0,5a7bacf2554299294a54aa8d,0.5,2,3,4,
0,0,5.3764660358428955,0,5a8720885542991e771816d8,0.3333333333333333,1,3,3,
0,0,5.332111835479736,0,5abbcfaf5542993f40c73ba9,0.3333333333333333,2,3,6,
0,0,15.538668632507324,1,5ac02c4a5542992a796decbd,0.0,0,6,3,
0,0,5.408088207244873,0,5ae6e36155429908198fa6d3,0.3333333333333333,1,3,3,
0,0,5.3671228885650635,0,5ae2c2c05542996483e64a4a,0.2,1,3,5,
0,0,5.471478700637817,0,5a7326cb5542994cef4bc47f,0.0,0,3,5,
0,0,5.364121675491333,0,5adc6ca85542994650320ce1,0.25,1,3,4,
0,0,5.359798431396484,0,5a74629255429929fddd8402,0.0,0,3,7,
0,0,5.3398051261901855,0,5abbaf6c554299660624171c,1.0,1,3,1,
0,0,5.339813470840454,0,5ae2fca555429928c423958a,0.0,0,3,3,
0,0,5.375686407089233,0,5ac116595542992a796dedd1,0.0,0,3,4,
0,0,5.366847276687622,0,5a89e95c5542992e4fca8474,1.0,1,3,1,
0,0,5.405352830886841,0,5a7631c05542994ccc91870b,0.2,1,3,5,
0,0,5.363013744354248,0,5a81b7205542990a1d231e79,0.16666666666666666,1,3,6,
0,0,5.311633110046387,0,5adc02905542994650320c50,0.25,1,3,4,
0,0,5.411362648010254,0,5a74f63e5542993748c89758,0.4,2,3,5,
0,0,5.345275640487671,0,5a8f53ad5542992414482a50,0.16666666666666666,1,3,6,
0,0,5.370646715164185,0,5ab2b2a7554299295394681d,0.25,1,3,4,
0,0,5.359959363937378,0,5ae67fad5542991bbc976100,0.09090909090909091,1,3,11,
0,0.034482758620689655,15.156428575515747,1,5ae807d25542993210984045,0.0,0,6,2,
0,0,49.429282665252686,5,5abe45b855429976d4830ad0,0.5,2,18,4,
0,0,35.25453996658325,4,5a81d0515542990a1d231ed4,0.3333333333333333,1,15,3,
0,0,6.1802778244018555,0,5a8a21a455429930ff3c0caf,0.25,1,3,4,
0,0,6.040918588638306,0,5a8051265542992bc0c4a6f8,0.5,1,3,2,
0,0,6.05696964263916,0,5adc8c545542994734353734,0.0,0,3,5,
0,0,18.687023401260376,2,5a7e49e05542991319bc9463,0.6666666666666666,2,9,3,
0,0,6.017352819442749,0,5a713f395542994082a3e6ea,0.3333333333333333,1,3,3,
0,0,6.088412284851074,0,5a8e5f1f5542995a26add4d6,0.3333333333333333,1,3,3,
0,0,6.111904621124268,0,5ab7f2d05542993667794064,0.5,2,3,4,
0,0,6.037602663040161,0,5a793b5b55429970f5fffe82,0.125,1,3,8,
0,0,10.199275493621826,1,5a8911dd554299515336129d,0.0,0,6,3,
0,0,6.084634780883789,0,5ab3f8c25542992ade7c6f02,0.2,1,3,5,
0,0,6.131113052368164,0,5a811667554299260e20a23d,0.5,1,3,2,
0,0,6.0976502895355225,0,5ab30336554299166977417c,1.0,1,3,1,
0,0,6.111891984939575,0,5abbd66a5542993f40c73bd8,0.3333333333333333,1,3,3,
0,0,6.251523733139038,0,5ac2610455429951e9e68592,0.0,0,3,7,
0,0,6.152118682861328,0,5abb01025542992ccd8e7eab,0.16666666666666666,1,3,6,
0,0,92.66037917137146,5,5add647a5542995b365fab26,0.0,0,18,4,
0,0,15.208527565002441,1,5a8b5c8155429949d91db56d,1.0,1,6,1,
0,0,5.678755283355713,0,5a90984f55429933b8a20578,0.3333333333333333,1,3,3,
0,0,5.690539598464966,0,5adf2ba05542993a75d26411,0.0,0,3,5,
0,0,5.71759819984436,0,5a77bdcb5542997042120b0b,0.6666666666666666,2,3,3,
0,0,43.48497247695923,5,5a88c4175542997e5c09a6ae,0.0,0,18,10,
0,0,37.49505281448364,5,5a7666095542992d0ec060db,0.3333333333333333,1,18,3,
0,0,40.8611626625061,5,5ac312ee5542995ef918c0ec,0.2,1,18,5,
0,0,39.51291227340698,5,5a7db0a05542991319bc93f5,0.0,0,18,6,
0,0,29.849283456802368,4,5a78d38455429970f5fffd94,0.25,1,15,4,
0,0,23.991899728775024,3,5ac37dd6554299218029dbdb,0.0,0,12,5,
0,0,3.979649305343628,0,5ab66a3555429954757d3290,0.5,2,3,4,
0,0,3.9325220584869385,0,5ab59ffe5542997d4ad1f193,0.0,0,3,1,
0,0,3.91636061668396,0,5add7b0c5542992200553b39,0.3333333333333333,1,3,3,
0,0,3.903761863708496,0,5ab661ac5542995eadeeffb1,0.0,0,3,2,
0,0.8,0.21534156799316406,1,5ae601e45542992663a4f23b,0.0,0,3,4,
0,0,4.064449310302734,0,5a72d7b35542991f9a20c5be,0.125,1,3,8,
0,0,3.895880937576294,0,5ac2d85e55429921a00ab06b,0.25,1,3,4,
0,0,16.94007420539856,2,5a80a587554299485f598676,0.0,0,9,2,
0,0,3.995579719543457,0,5ae2fa1b55429928c4239583,0.16666666666666666,1,3,6,
0,0,4.008613109588623,0,5ac50bca55429924173fb57f,0.3333333333333333,1,3,3,
0,0,4.030853033065796,0,5ae143ed55429920d5234360,1.0,1,3,1,
0,0,17.15630054473877,2,5ac43e0f554299076e296d8e,1.0,1,9,1,
0,0,4.000774383544922,0,5a7a0e745542990783324e1d,0.5,3,3,6,
0,0,4.058727264404297,0,5ac43530554299204fd21f0a,0.0,0,3,5,
0,0,3.987819194793701,0,5a78e3b955429974737f78f1,1.0,1,3,1,
0,0,4.044804334640503,0,5a87279b5542991e771816f7,1.0,2,3,2,
0,0,4.083194017410278,0,5a8f8c6d5542997ba9cb32b1,1.0,2,3,2,
0,0,10.213294982910156,1,5ab327bc554299233954ff33,0.3333333333333333,1,6,3,
0,0,4.396857261657715,0,5a8b56d655429949d91db557,0.0,0,3,2,
0,0,4.079442024230957,0,5ac033495542996f0d89cb59,0.0,0,3,3,
0,0,4.062509536743164,0,5ab6cd0e554299710c8d1f68,1.0,1,3,1,
0,0,24.039363622665405,3,5a7a2ec35542990783324eae,0.25,1,12,4,
0,0,10.083858728408813,1,5a7e42df5542994959419954,0.0,0,6,4,
0,0,10.089072465896606,1,5a7b78c35542997c3ec971a9,0.1111111111111111,1,6,9,
0,0,4.039254665374756,0,5a7dafe15542991319bc93f3,0.0,0,3,6,
0,0,3.9995858669281006,0,5adf8c375542995534e8c7dd,0.16666666666666666,1,3,6,
0,0,16.632096529006958,2,5a79fbd3554299029c4b5f93,0.0,0,9,3,
0,0,3.9618136882781982,0,5ab8627f5542990e739ec8da,0.6666666666666666,2,3,3,
0,0,4.006711959838867,0,5ac2ffea55429921a00ab0cc,0.1111111111111111,1,3,9,
0,0,4.080271005630493,0,5ab5467e554299494045ef5e,0.6666666666666666,2,3,3,
0,0,4.005190134048462,0,5a7e2e3a55429934daa2fbe6,0.2,1,3,5,
0,0,4.012629985809326,0,5a78f1b555429970f5fffde9,0.0,0,3,7,
0,0,4.0285632610321045,0,5ae269955542992decbdccf3,0.3333333333333333,1,3,3,
0,0,5.693975925445557,0,5ac3ce74554299204fd21e71,0.6666666666666666,2,3,3,
0,0,4.025647878646851,0,5abab18d55429901930fa89e,0.0,0,3,7,
0,0,31.933355808258057,4,5abc3d505542993a06baf8a7,2.0,2,12,1,
,,,,5ab67aba55429954757d32e7,,,,,Ollama request exceeded timeout limit for model stable-qwen with error: timed out
0,0,35.929879903793335,5,5ab2be71554299166977408c,0.08333333333333333,1,18,12,
0,0,34.165929555892944,5,5ae531695542990ba0bbb1fb,0.5,1,18,2,
0,0,35.73553943634033,5,5a738093554299623ed4abbb,0.3333333333333333,1,18,3,
0,0,34.154033184051514,5,5a8c2d23554299240d9c20b7,1.0,2,18,2,
0,0,34.25161290168762,5,5a7b413a5542992d025e67c4,0.5,1,18,2,
0,0,32.16201329231262,5,5adfda9655429925eb1afac0,0.0,0,18,4,
0,0,12.74682068824768,1,5adbf44355429944faac23ce,0.5,1,6,2,
0,0,5.688363790512085,0,5abb66c05542992ccd8e7f3e,1.0,1,3,1,
0,0,12.04923939704895,1,5ac39df8554299741d48a2b6,0.5,1,6,2,
0,0,6.255678176879883,0,5a89fc305542993b751ca9dc,0.0,0,3,2,
0,0,6.354372501373291,0,5adffb4655429925eb1afbbf,0.3333333333333333,2,3,6,
0,0,13.566926956176758,1,5adfa6db55429942ec259ad6,0.0,0,6,2,
0,0,6.1206793785095215,0,5ae3e5d05542994393b9e79f,0.0,0,3,2,
0,0,6.191605567932129,0,5a81ed345542995ce29dcc85,0.3333333333333333,1,3,3,
0,0,6.230013370513916,0,5a7f650755429969796c1a2c,0.0,0,3,3,
0,0,15.492515802383423,1,5a84564c5542990548d0b288,0.0,0,6,4,
0,0,7.254222869873047,0,5a7736d85542994aec3b722b,0.6666666666666666,2,3,3,
0,0,7.30743408203125,0,5ae492955542995ad6573daa,0.5,1,3,2,
0,0,7.328213930130005,0,5a845d735542996488c2e52e,0.25,1,3,4,
0,0,7.299804925918579,0,5a8a484f5542996c9b8d5e94,0.0,0,3,17,
0,0,7.383427858352661,0,5a83161555429940e5e1a958,0.16666666666666666,1,3,6,
0,0,7.398853063583374,0,5ae60530554299546bf8301e,0.14285714285714285,1,3,7,
0,0,7.261528253555298,0,5a8b34705542995d1e6f130d,0.0,0,3,1,
0,0,7.358484745025635,0,5a810d5255429926c1cdacd8,0.1111111111111111,1,3,9,
0,0,7.350531339645386,0,5a7e23655542997cc2c47528,0.3333333333333333,1,3,3,
0,0,7.312749862670898,0,5a836d8a554299123d8c2113,0.0,0,3,4,
0,0,12.546834945678711,1,5abba3255542996cc5e4a031,0.4,2,6,5,
0,0,6.2601478099823,0,5ab6f17d5542995eadef00ee,0.0,0,3,3,
0,0,6.944852590560913,0,5abe34095542993f32c2a088,1.0,2,3,2,
0,0,6.9189348220825195,0,5a790364554299029c4b5ee6,0.0,0,3,2,
0,0,33.32797312736511,4,5abd27ba5542993062266ba7,0.5,1,15,2,
0,0,6.267653942108154,0,5abff0785542997d64295957,0.3333333333333333,1,3,3,
0,0,12.511313915252686,1,5a7e02e05542995ed0d1667c,1.0,1,6,1,
0,0,6.1463165283203125,0,5ab43b9d5542990594ba9bc3,0.2,1,3,5,
0,0,6.2393646240234375,0,5a8b6a5155429949d91db5a3,0.75,3,3,4,
0,0,6.252536296844482,0,5abcc818554299658360048b,0.3333333333333333,1,3,3,
0,0,6.245830059051514,0,5a84af3e5542991dd0999d7c,1.0,2,3,2,
0,0,37.57083582878113,5,5ae0ead25542990adbacf6c8,0.0,0,18,3,
0,0,39.95512914657593,5,5a891e1e5542993b751ca913,0.5,2,18,4,
0,0,37.33436822891235,5,5add2ba55542994ed6169ca8,0.75,3,18,4,
0,0,32.17826223373413,5,5a75176a5542993748c897b6,0.0,0,18,3,
,,,,5ae5c74d554299546bf82f58,,,,,Ollama request exceeded timeout limit for model stable-qwen with error: timed out
0,0,4.099442481994629,0,5a77a7695542997042120ac4,0.0,0,3,4,
0,0,16.2260799407959,2,5a851ba95542997175ce1f81,0.2,1,9,5,
0,0,19.8832790851593,3,5adc02445542994650320c4e,0.0,0,12,3,
0,0,9.917768955230713,1,5a7cc58f554299452d57ba45,0.16666666666666666,1,6,6,
0,0,4.081002235412598,0,5a8db42f5542994ba4e3dd11,0.0,0,3,3,
0,0,4.093164443969727,0,5ac299b155429967731025ad,0.0,0,3,6,
0,0,35.765170097351074,5,5a7312675542994cef4bc43d,0.0,0,18,5,
0,0,35.12631821632385,5,5adde5155542997dc7907092,1.0,1,18,1,
0,0,35.834187507629395,5,5abba8545542993f40c73b72,0.3333333333333333,1,18,3,
0,0,9.988630771636963,1,5a771e0b55429966f1a36c75,0.3333333333333333,1,6,3,
0,0,4.020889043807983,0,5add3e2b5542997545bbbcf5,0.0,0,3,2,
0,0,4.052420139312744,0,5a7fcd9c5542992e7d278da9,0.0,0,3,4,
0,0,4.110310316085815,0,5a7c43c65542990527d5547e,0.25,1,3,4,
0,0,9.866855382919312,1,5ae6097c55429929b0807a9a,0.3333333333333333,1,6,3,
0,0,8.229510068893433,1,5a77322055429972597f1494,0.0,0,3,3,
0,0,4.0095884799957275,0,5ac24d725542996366519966,0.0,0,3,10,
0,0,4.045651435852051,0,5a78ae8b5542990784727730,0.3333333333333333,1,3,3,
0,0,4.077319145202637,0,5a86578755429960ec39b668,0.3333333333333333,1,3,3,
0,0,4.036648511886597,0,5a7c7c225542996dd594b93f,0.0,0,3,3,
0,0,26.11266565322876,3,5a8e4b7c5542990e94052ab7,0.5,1,12,2,
0,0,10.953285217285156,1,5a81736255429903bc27b96e,0.0,0,6,1,
0,0,0.1901085376739502,1,5abb14a55542992ccd8e7f06,0.0,0,3,9,
0,0,4.25041127204895,0,5a7c8e7955429935c91b521a,0.0,0,3,3,
0,0,39.24404263496399,5,5a7e30b255429934daa2fbeb,0.0,0,18,10,
0,0.018348623853211007,40.693690061569214,5,5ac3a4ab5542993915413870,0.0,0,15,4,
0,0,11.077844381332397,1,5a8ad8305542992d82986f9d,0.0,0,6,3,
0,0,0.396303653717041,1,5a79caec5542994bb94570ad,0.0,0,3,3,
0,0,4.260890483856201,0,5ae49a1855429970de88d9cc,0.25,1,3,4,
0,0,42.93611168861389,5,5a77b13655429967ab105235,0.0,0,18,4,
0,0.01785714285714286,42.991307497024536,5,5ae7f7d85542994a481bbe52,0.0,0,18,3,
0,0,42.14346122741699,5,5ab3cecd5542992ade7c6eae,0.3333333333333333,1,18,3,
0,0,40.29742074012756,5,5a847e0a5542990548d0b2c3,0.0,0,18,4,
0,0,40.05691909790039,5,5a88364c5542994846c1ce2e,0.5,1,18,2,
0,0,40.628275632858276,5,5a7eb8f655429934daa2fc50,0.5,2,18,4,
0,0,30.067130088806152,4,5ae528e655429908b632652c,0.6666666666666666,2,15,3,
0,0,4.069001197814941,0,5abc9fb055429959677d6ac9,0.5,1,3,2,
0,0,4.019007205963135,0,5a74d64055429916b0164223,0.0,0,3,6,
0,0.020408163265306124,40.58032488822937,5,5ab7484c5542992aa3b8c80d,0.0,0,18,4,
0,0,19.991228818893433,2,5a7ce100554299683c1c63b5,0.125,1,9,8,
0,0,4.090821266174316,0,5a909a0355429916514e7505,0.6666666666666666,2,3,3,
0,0,30.81544589996338,4,5a7337715542991f9a20c690,0.2,1,15,5,
0,0,4.021419048309326,0,5ae73c00554299572ea5478a,1.0,1,3,1,
0,0,4.106361150741577,0,5a89d8d055429946c8d6e9df,0.0,0,3,1,
0,0,4.069968223571777,0,5ac507725542994611c8b32a,0.0,0,3,7,
0,0,4.059698581695557,0,5ab262e2554299722f9b4cfd,0.3333333333333333,1,3,3,
0,0,4.037584066390991,0,5ae205fd554299234fd043a9,0.3333333333333333,1,3,3,
0,0,27.80155301094055,4,5a74adb455429916b01641c6,0.0,0,15,6,
0,0,39.45839500427246,5,5ae30a4655429928c42395bb,0.5,1,18,2,
0,0,34.793217420578,4,5a8a416955429930ff3c0d2b,0.16666666666666666,1,15,6,
0,0.017391304347826087,44.25590181350708,5,5a87c0945542996e4f30890b,0.5,2,18,4,
0,0,38.37755298614502,5,5abcf46255429959677d6b6b,0.6666666666666666,2,18,3,
0,0,11.272390365600586,1,5ab7178f5542991d32223774,0.5,2,6,4,
0,0,42.170291900634766,5,5aba454855429901930fa794,0.0,0,18,2,
0,0,41.391024112701416,5,5adfa73b55429942ec259ad8,0.3333333333333333,1,18,3,
0,0,36.85345411300659,5,5ab3dbd8554299233954ffd6,0.2,1,18,5,
0,0,34.94627547264099,5,5a7a93115542995eb53be86f,0.6666666666666666,2,18,3,
0,0,36.40141987800598,5,5a79f6825542996c55b2dcb4,0.0,0,18,6,
0,0,35.32469940185547,5,5a7c646e55429907fabeef7c,0.5,2,18,4,
0,0,32.65773129463196,5,5a7a650355429941d65f2615,0.0,0,18,1,
0,0,31.562354803085327,5,5ae4903855429913cc2044a0,0.25,2,18,8,
0,0,36.961151123046875,5,5ab3d1b85542992ade7c6eba,0.14285714285714285,1,18,7,
0,0,39.33961582183838,5,5ab8337a55429919ba4e225f,0.4,2,18,5,
0,0,42.07277464866638,5,5a7bea3d5542996dd594b847,0.0,0,18,3,
0,0,43.11981534957886,5,5a882d9a5542997e5c09a599,0.0,0,15,3,
0,0,14.05531907081604,1,5ab602405542992aa134a401,0.3333333333333333,1,6,3,
0,0,6.61557674407959,0,5ab6cce1554299710c8d1f67,0.0,0,3,4,
0,0,6.184732437133789,0,5a72814f5542994cef4bc2eb,0.3333333333333333,1,3,3,
0,0,6.626958131790161,0,5abbdb9a55429931dba145ad,0.0,0,3,3,
0,0,13.533040761947632,1,5ab488bc5542990594ba9c55,0.5,1,6,2,
0,0,6.136560440063477,0,5abf1a6b5542997ec76fd3c1,0.2857142857142857,2,3,7,
0,0,6.401678085327148,0,5a9070dd5542995b442420b5,0.25,1,3,4,
0,0,6.46767258644104,0,5ab3d2595542992ade7c6ebf,0.16666666666666666,1,3,6,
0,0,6.395820617675781,0,5ab6c63755429953192ad38b,0.0,0,3,6,
0,0,10.449414253234863,1,5a8b1a925542997f31a41c6e,0.4,2,6,5,
0,0,10.401843070983887,1,5a77afcd5542997042120adf,0.5,1,3,2,
0,0,6.3584253787994385,0,5a8600665542994775f606ee,0.3333333333333333,1,3,3,
0,0,6.427478075027466,0,5ac2583b55429951e9e68565,0.5,1,3,2,
0,0,6.411997556686401,0,5a8d9f35554299441c6ba018,0.6666666666666666,2,3,3,
0,0,28.936638355255127,3,5a8284b555429954d2e2eb5f,0.25,1,12,4,
0,0,0.38340306282043457,1,5ac1c7605542994ab5c67e14,0.0,0,3,12,
0,0,6.9843363761901855,0,5ae22670554299234fd043fc,0.3333333333333333,1,3,3,
0,0,6.8984434604644775,0,5a810c44554299260e20a221,0.0,0,3,2,
0,0,6.8479530811309814,0,5a7ec7f355429934daa2fc64,0.5,2,3,4,
0,0,6.900442123413086,0,5ae7257a554299572ea54731,1.0,2,3,2,
0,0.08695652173913045,6.936144590377808,0,5a755f0a5542996c70cfaee7,1.0,1,3,1,
0,0,6.83819317817688,0,5adf6b405542992d7e9f9341,0.0,0,3,12,
0,0,48.03635382652283,5,5ab74eb85542993667793fb8,0.25,1,18,4,
0,0,32.52310633659363,5,5a76fe7b5542994aec3b71b2,0.16666666666666666,2,18,12,
0,0,34.85254955291748,5,5ab91b6c55429934fafe6e5f,0.0,0,18,3,
0,0,0.412311315536499,1,5a83172455429954d2e2ec14,0.0,0,3,6,
0,0,37.29674029350281,5,5abece075542997ec76fd36d,0.16666666666666666,1,18,6,
,,,,5a8a833855429970aeb702fe,,,,,Ollama request exceeded timeout limit for model stable-qwen with error: timed out
0,0,7.782670259475708,1,5abface75542990832d3a196,0.0,0,3,8,
0,0,4.023235559463501,0,5abd882f55429924427fd045,0.4,2,3,5,
0,0,3.996788263320923,0,5ac4d314554299076e296e02,0.2,1,3,5,
0,0,3.98078989982605,0,5a85bc2d5542994c784ddb70,0.0,0,3,2,
0,0,4.03857421875,0,5a88fa1c5542995153361219,0.0,0,3,3,
0,0,3.968093156814575,0,5ae1e4095542997283cd22bf,0.4,2,3,5,
0,0,3.9393367767333984,0,5abd96fe5542992ac4f382d9,0.2,1,3,5,
0,0,3.864509344100952,0,5a7c67c15542990527d55498,0.0,0,3,2,
0,0,3.957023859024048,0,5ae256c35542994d89d5b3e9,0.0,0,3,3,
0,0,3.9050240516662598,0,5ae1c3cd554299492dc91b87,0.0,0,3,3,
0,0,4.008012533187866,0,5a8a1a975542992e4fca8505,0.0,0,3,5,
0,0,3.9362568855285645,0,5ac160605542994ab5c67d02,0.0,0,3,4,
0,0,3.984391927719116,0,5a75ac415542992d0ec05fdb,0.0,0,3,8,
0,0,3.9426634311676025,0,5ae5a63c5542992663a4f203,0.0,0,3,3,
0,0,4.010772228240967,0,5a77d5b855429949eeb29f77,0.5,1,3,2,
0,0,3.939157247543335,0,5a8c5bff554299240d9c2139,0.4,2,3,5,
0,0.03614457831325301,25.578325033187866,2,5a8a573355429970aeb7029a,0.0,0,9,4,
0,0.011904761904761904,7.549724102020264,0,5ae4ca6355429913cc204507,0.6666666666666666,2,3,3,
0,0.024691358024691357,5.319624900817871,0,5a7264ed5542990c210a411a,0.0,0,3,4,
0,0,4.950969696044922,0,5add2df85542992ae4cec4d6,1.0,1,3,1,
0,0,7.604135751724243,0,5a77e62b5542992a6e59dfea,0.3333333333333333,1,3,3,
0,0,11.361634731292725,1,5ac19ba355429963665198b7,0.0,0,6,1,
0,0,7.533190727233887,0,5ab32256554299233954ff22,0.0,0,3,4,
0,0,7.599370002746582,0,5a728b1c5542992359bc30e0,0.0,0,3,7,
0,0,7.599334478378296,0,5abec8e45542997ec76fd364,0.2,1,3,5,
0,0.01234567901234568,7.622436761856079,0,5a8753c05542994846c1cd62,0.2857142857142857,2,3,7,
0,0,7.575344562530518,0,5ae6638555429908198fa5ba,0.0,0,3,4,
0,0,7.566005706787109,0,5a77857155429949eeb29ebf,0.0,0,3,10,
0,0,7.545177221298218,0,5ae1f70c5542997f29b3c1c5,0.0,0,3,5,
0,0,7.585418939590454,0,5ac10832554299012d1db687,0.25,1,3,4,
0,0.011976047904191616,7.593640327453613,0,5ae0b0ab55429945ae959423,0.16666666666666666,1,3,6,
0,0,15.13166880607605,1,5ab7a1f65542991d3222378f,0.0,0,6,2,
0,0,7.846328258514404,0,5a7563a45542996c70cfaeec,0.5,2,3,4,
0,0,7.834455490112305,0,5ae792f55542994a481bbdae,0.07142857142857142,1,3,14,
0,0,46.77419590950012,5,5ac3ac1855429939154138ab,0.0,0,18,4,
0,0,7.740642786026001,0,5a802b595542995d8a8ddf51,0.5,1,3,2,
0,0,7.872495174407959,0,5a79c1095542996c55b2dc62,1.0,2,3,2,
0,0,44.606528997421265,5,5adc93a4554299438c868e01,0.3333333333333333,1,18,3,
0,0,12.306052207946777,1,5ab91e3255429916710eb117,0.0,0,6,3,
0,0,5.083054542541504,0,5a804f01554299485f5985bf,0.0,0,3,4,
0,0,5.094946622848511,0,5a7fa22b5542992097ad2fa6,0.3333333333333333,1,3,3,
0,0,5.039297342300415,0,5abc1ca15542993a06baf88d,0.0,0,3,2,
0,0,5.051410913467407,0,5ab204795542993be8fa98ad,0.0,0,3,3,
0,0,5.0582826137542725,0,5addf05a5542997dc79070cd,0.4,2,3,5,
0,0,5.084815979003906,0,5a79bed05542994bb9457053,0.0,0,3,1,
0,0,5.0672876834869385,0,5a8ffd705542995651fb5096,1.0,1,3,1,
0,0,5.0733654499053955,0,5a8cac04554299240d9c21ce,0.0,0,3,5,
0,0,5.086904048919678,0,5ab5fcae554299110f2199ad,0.3333333333333333,1,3,3,
0,0,5.036172151565552,0,5a8f876e5542997ba9cb32a1,0.3333333333333333,1,3,3,
0,0,0.40612363815307617,1,5adfb992554299603e418391,0.09090909090909091,1,3,11,
0,0,5.235440254211426,0,5adcc7395542990d50227d13,0.5,2,3,4,
0,0,5.08028769493103,0,5ab85d6c55429919ba4e22cb,0.0,0,3,4,
0,0,5.005576133728027,0,5a796c805542990784727805,0.0,0,3,2,
0,0,5.046273231506348,0,5ae21154554299495565d9d4,0.4,2,3,5,
0,0,40.6819589138031,5,5adcc6765542994d58a2f6c9,0.3333333333333333,2,18,6,
0,0.006578947368421052,8.685875654220581,0,5abd64cb55429933744ab7ad,0.5,1,3,2,
0,0,45.12716341018677,5,5ab7cc145542995dae37e9a1,0.25,1,18,4,
0,0,44.18393683433533,5,5a77a14655429949eeb29f13,0.16666666666666666,1,18,6,
0,0,14.710094928741455,1,5ae00b9f554299025d62a3c3,0.5,2,6,4,
0,0,7.340607404708862,0,5ab3acc9554299753aec5985,0.0,0,3,5,
0,0,0.2573082447052002,1,5a79cd395542994bb94570be,1.0,2,3,2,
0,0.01183431952662722,7.550840139389038,0,5ab236645542993be8fa98c9,0.0,0,3,5,
0,0,7.380806922912598,0,5ae8027d5542993210984031,0.0,0,3,4,
0,0,7.396976947784424,0,5a879dae5542996e4f308885,0.0,0,3,4,
0,0,0.5004878044128418,1,5a7a03225542996c55b2dcd5,0.0,0,3,7,
0,0,7.528138160705566,0,5a7dc3275542997cc2c4749c,0.0,0,3,3,
0,0,25.090200662612915,2,5a89f6235542993b751ca9c7,0.0,0,9,4,
0,0,7.299715518951416,0,5a775cdb5542993735360244,0.0,0,3,10,
0,0,7.387470960617065,0,5a8efba955429918e830d173,0.0,0,3,12,
0,0,7.326326131820679,0,5ae2952a5542994d89d5b42b,0.0,0,3,3,
0,0,8.624814987182617,0,5adfa97555429942ec259ae1,0.0,0,3,5,
0,0,7.34389066696167,0,5a8b3d795542997f31a41cc1,0.6666666666666666,2,3,3,
0,0,7.474906921386719,0,5a7717635542994aec3b71e3,0.25,1,3,4,
0,0,7.3343493938446045,0,5a83b01c5542996488c2e489,1.0,1,3,1,
0,0,7.352399826049805,0,5ab7d33d5542992aa3b8c859,0.16666666666666666,1,3,6,
0,0,8.604235887527466,0,5a8c6bd55542995e66a475ea,0.0,0,3,3,
0,0,7.340152263641357,0,5a773c7755429972597f14b5,0.0,0,3,3,
0,0,7.385317802429199,0,5ab1ec725542993be8fa9883,0.3333333333333333,1,3,3,
0,0,7.41735577583313,0,5ae49bb755429970de88d9d7,0.0,0,3,7,
0,0,14.32992148399353,1,5ac2e9c45542990b17b154a0,0.5,1,6,2,
0,0,7.287712335586548,0,5a77c0c05542995d831812a1,0.0,0,3,4,
0,0,7.3392653465271,0,5a80870d5542992bc0c4a752,0.3333333333333333,1,3,3,
0,0,7.190803527832031,0,5a772c925542993735360208,0.0,0,3,3,
0,0,7.348257541656494,0,5a8a09765542992d82986e67,0.0,0,3,5,
0,0.023255813953488372,7.2831339836120605,0,5a7b220855429931da12c9e5,0.0,0,3,6,
0,0,7.313819885253906,0,5ac51c2255429924173fb5b4,0.5,1,3,2,
0,0,7.302308559417725,0,5ab868e755429919ba4e22e3,0.5,1,3,2,
0,0,7.1855340003967285,0,5ab3c7df55429969a97a81be,,,,,
0,0,7.295561790466309,0,5a7294b65542991f9a20c509,1.0,1,3,1,
0,0,7.328239917755127,0,5a8595a85542992a431d1b48,0.14285714285714285,1,3,7,
0,0,6.592987537384033,0,5a887771554299206df2b294,0.5,2,3,4,
0,0,7.19070029258728,0,5a88b3b4554299206df2b336,0.0,0,3,3,
0,0,7.359346866607666,0,5ae6fee3554299572ea54670,0.0,0,3,8,
0,0,6.725826263427734,0,5ab97a315542996be2020517,0.0,0,3,2,
0,0,7.272693157196045,0,5a714b645542994082a3e78b,0.3333333333333333,1,3,3,
0,0.012422360248447206,7.182153940200806,0,5abd0553554299700f9d7963,0.0,0,3,7,
0,0,7.293240070343018,0,5add1d435542990d50227de8,0.3333333333333333,1,3,3,
0,0,7.324859619140625,0,5a8a0ed55542992e4fca84e8,0.16666666666666666,1,3,6,
0,0,7.2662036418914795,0,5ab2861b554299449642c8df,1.0,2,3,2,
0,0,7.291369915008545,0,5a76394c5542994ccc918725,0.0,0,3,5,
0,0,7.184933423995972,0,5adc995d5542994ed6169ba8,0.0,0,3,5,
0,0,7.27520751953125,0,5abd0b9a5542996e802b46b7,0.3333333333333333,1,3,3,
0,0.012121212121212121,7.350820302963257,0,5ab7948b5542995dae37e969,0.0,0,3,9,
0,0,7.27649450302124,0,5a7f1d3c5542993067513639,0.3333333333333333,2,3,6,
0,0.13333333333333336,0.45635461807250977,1,5a8661535542994775f60758,0.6666666666666666,2,3,3,
0,0,7.4031617641448975,0,5ab4396555429942dd415eed,0.2,1,3,5,
0,0,6.63341212272644,0,5ae3776e5542992e3233c40c,0.5,1,3,2,
0,0,0.39295125007629395,1,5ac259585542992f1f2b3868,0.0,0,3,4,
0,0,7.350188493728638,0,5a77671255429966f1a36d21,0.25,1,3,4,
0,0,7.329432249069214,0,5ae1b8075542997283cd2262,0.3333333333333333,2,3,6,
0,0,12.702608823776245,1,5ae773eb5542997b22f6a777,0.0,0,6,4,
0,0,7.440207004547119,0,5ab72b5855429928e1fe3828,0.0,0,3,5,
0,0.012121212121212121,7.355833053588867,0,5ab7b3cc55429928e1fe3893,0.0,0,3,4,
0,0,7.419292211532593,0,5ab8261655429934fafe6cf1,0.0,0,3,4,
0,0,7.4012298583984375,0,5ab8848d55429916710eb07b,0.3333333333333333,1,3,3,
0,0,11.617581367492676,1,5ae26c435542994d89d5b420,0.0,0,6,3,
0,0,7.40631103515625,0,5ab6c181554299110f219a5f,0.0,0,3,13,
0,0,7.233142852783203,0,5ab707d65542991d32223761,0.1111111111111111,1,3,9,
0,0.023255813953488372,7.316287517547607,0,5a7fa2ad5542994857a76792,0.4,2,3,5,
0,0.01183431952662722,7.227722883224487,0,5ae346365542991a06ce9985,0.5,1,3,2,
0,0,6.501147747039795,0,5a8645825542991e771815eb,0.14285714285714285,1,3,7,
0,0,7.23319935798645,0,5a8e0d04554299068b959e3a,0.3333333333333333,2,3,6,
0,0,7.287691593170166,0,5a7a96b055429941d65f26d7,0.3333333333333333,1,3,3,
0,0,7.258398771286011,0,5abc5955554299114383a118,0.0,0,3,3,
0,0,7.261814594268799,0,5ae780bf554299540e5a55d0,0.3333333333333333,1,3,3,
0,0,7.550399303436279,0,5ae1452c554299422ee99654,0.0,0,3,6,
0,0,7.273826360702515,0,5ac3ac8255429939154138ad,0.0,0,3,1,
0,0,7.287553787231445,0,5abdd30c5542991f66106052,0.0,0,3,7,
0,0,7.308869361877441,0,5a7fa1b05542994857a7678e,0.4,2,3,5,
0,0.022857142857142854,7.567490577697754,0,5a88fa145542997e5c09a6e1,0.3333333333333333,1,3,3,
0,0,7.2799177169799805,0,5ab90db455429916710eb0f2,0.0,0,3,2,
0,0.011904761904761904,7.298921823501587,0,5ab95dd8554299743d22eb13,0.0,0,3,3,
0,0,7.239158868789673,0,5a7bbc59554299294a54aaa9,0.3333333333333333,1,3,3,
0,0,7.301466703414917,0,5a8595005542992a431d1b40,0.2,1,3,5,
0,0,7.252514839172363,0,5a884adb5542996e4f308938,0.0,0,3,3,
0,0,7.284700632095337,0,5ae0db8955429924de1b71a1,0.25,1,3,4,
0,0,16.355045080184937,1,5ae5fc345542993aec5ec1f8,1.0,1,6,1,
0,0,8.120042085647583,0,5a84800f554299123d8c2276,0.5,2,3,4,
0,0,7.997127532958984,0,5ab1d2585542997061209581,0.0,0,3,4,
0,0,7.939642906188965,0,5abd0077554299700f9d7954,0.0,0,3,4,
0,0,8.022332668304443,0,5ae0cf8355429945ae959464,0.4,2,3,5,
0,0,8.127819299697876,0,5ae63cc55542992ae0d16298,0.0,0,3,7,
0,0,8.128039836883545,0,5a7d70d45542990b8f50398a,0.0,0,3,4,
0,0,8.02450942993164,0,5abd578a5542993062266c5d,0.0,0,3,4,
0,0,8.087226152420044,0,5ae361605542994393b9e69b,0.0,0,3,2,
0,0,5.679707288742065,0,5adc46665542994650320cc8,0.0,0,3,4,
0,0,8.104799747467041,0,5a87964c5542996e4f30885f,0.3333333333333333,1,3,3,
0,0,8.082628011703491,0,5a842f705542996488c2e4fc,0.2,1,3,5,
0,0,8.047914981842041,0,5ab2929a554299449642c900,0.3333333333333333,1,3,3,
0,0,8.11137080192566,0,5a89d36e554299515336132a,0.0,0,3,2,
,,,,5ae46c9d5542996836b02c9d,,,,,Ollama request exceeded timeout limit for model stable-qwen with error: timed out
0,0,8.096055269241333,0,5ae1cf785542997f29b3c12a,0.0,0,3,3,
0,0,8.209164142608643,0,5a8de4595542995085b37348,0.0,0,3,6,
0,0.010471204188481674,13.859438180923462,1,5ab7f0995542995dae37e9fb,1.0,2,6,2,
0,0.010256410256410256,8.071689128875732,0,5a7345ed5542992359bc32ce,0.3333333333333333,1,3,3,
0,0,8.139151811599731,0,5abf92c45542993fe9a41e07,0.0,0,3,3,
0,0,8.06462836265564,0,5a8ba67755429971feec4748,0.5,2,3,4,
0,0,8.059959888458252,0,5a874f20554299211dda2bd6,1.0,1,3,1,
0,0,8.043609380722046,0,5abbdd6955429931dba145b5,0.5,1,3,2,
0,0,8.101700782775879,0,5ae635505542992ae0d16282,0.0,0,3,4,
0,0,8.167960166931152,0,5a7a3d435542996a35c17154,1.0,1,3,1,
0,0,8.190383911132812,0,5a7d598d5542995f4f402262,0.5,1,3,2,
0,0,8.077117681503296,0,5ae0f8a05542997b2ef7d0bc,0.3333333333333333,1,3,3,
0,0,0.21436762809753418,1,5a7af4bb55429927d897bf1d,0.125,1,3,8,
0,0,8.210628986358643,0,5a81778355429926c1cdad2e,0.0,0,3,2,
0,0,13.47249460220337,1,5a77b9a35542995d83181280,0.8,4,6,5,
0,0,8.17396330833435,0,5ab724b45542991d32223785,0.0,0,3,3,
0,0,8.055257558822632,0,5a7c25895542997c3ec972e6,0.125,1,3,8,
0,0,8.125444889068604,0,5ac415445542995c82c4acb7,0.0,0,3,3,
0,0,8.169084548950195,0,5ab95a63554299743d22eb06,0.0,0,3,4,
0,0,8.116426944732666,0,5ab3b50055429969a97a818c,0.25,1,3,4,
0,0,13.715327978134155,1,5ae1568a55429901ffe4ae6b,0.0,0,6,9,
0,0.010471204188481674,11.728039979934692,1,5a7f10e2554299306751360b,0.5714285714285714,4,6,7,
0,0,7.832950830459595,0,5a7af2a455429931da12c998,0.2857142857142857,2,3,7,
0,0,7.88261604309082,0,5ae1810555429901ffe4aecf,0.3333333333333333,1,3,3,
0,0,7.869375228881836,0,5ae0ae4555429945ae959419,0.0,0,3,3,
0,0.010471204188481674,7.894497394561768,0,5abb8afe5542993f40c73b1e,0.0,0,3,2,
0,0,7.850771188735962,0,5ab82e195542992aa3b8c8a8,0.3333333333333333,1,3,3,
0,0,7.858047723770142,0,5a8d227a554299585d9e37b1,0.0,0,3,2,
0,0.010309278350515464,7.9688920974731445,0,5add60905542995b365fab1d,1.0,1,3,1,
0,0,7.880598783493042,0,5a77c6e05542995d831812c7,0.0,0,3,5,
0,0.010204081632653062,7.835638046264648,0,5ae1ee6d5542997283cd22fd,1.0,1,3,1,
0,0,7.912033557891846,0,5add2b865542992c1e3a2550,0.5,1,3,2,
0,0.04545454545454545,16.63186240196228,2,5ab5ee055542997d4ad1f259,0.0,0,9,4,
0,0.02061855670103093,5.655679702758789,0,5ac514d05542994611c8b372,0.5,1,3,2,
0,0,5.789002180099487,0,5a8836445542997e5c09a5a5,1.0,1,3,1,
0,0,5.663742542266846,0,5a8010685542992bc0c4a69a,0.16666666666666666,1,3,6,
0,0,5.667542219161987,0,5a728dc65542992359bc30ef,0.2,1,3,5,
0,0,5.646388530731201,0,5a7c38c955429935c91b5132,0.4,2,3,5,
0,0,5.66720986366272,0,5ab4378f5542991751b4d6f3,0.3333333333333333,1,3,3,
0,0,5.633708715438843,0,5ab4028555429976abd1bd2b,0.0,0,3,5,
0,0,11.229259490966797,1,5ac2a41e55429967731025d0,0.5,1,6,2,
0,0,5.597867727279663,0,5adeaec455429939a52fe952,0.3333333333333333,2,3,6,
0,0,5.662984132766724,0,5a7f84225542994857a76756,0.125,1,3,8,
0,0,5.5842366218566895,0,5addce005542997dc790703c,0.3333333333333333,2,3,6,
0,0,10.14043402671814,0,5a87ef2f55429938390d3eb9,0.0,0,3,3,
0,0,5.619388818740845,0,5abd1b5e55429933744ab728,0.25,1,3,4,
0,0,5.624127388000488,0,5a7a5ea15542994f819ef1c7,0.3333333333333333,2,3,6,
0,0,0.31862688064575195,1,5a8d42c95542994ba4e3dc43,0.0,0,3,14,
0,0,5.719888925552368,0,5abb342055429966062416e8,0.25,1,3,4,
0,0,5.542431354522705,0,5ab2b630554299545a2cfa17,0.1111111111111111,1,3,9,
0,0,5.529652833938599,0,5a7320ac5542991f9a20c620,0.0,0,3,5,
0,0,5.612139701843262,0,5a8febb555429916514e73e4,0.25,1,3,4,
0,0,5.600960969924927,0,5a86481b5542996432c571b5,1.0,1,3,1,
0,0,10.09141731262207,0,5a7d93945542990b8f5039b8,0.0,0,3,4,
,,,,5ae150ab55429901ffe4ae53,,,,,Ollama request exceeded timeout limit for model stable-qwen with error: timed out
0,0,5.589666128158569,0,5a7528e955429929fddd850e,0.0,0,3,4,
0,0,10.238200664520264,0,5ae5dae2554299546bf82fa4,0.25,1,3,4,
0,0,6.241633892059326,0,5ae12f105542997b2ef7d11e,0.0,0,3,2,
0,0,10.553405284881592,1,5a72dcb45542992359bc31af,0.6666666666666666,2,6,3,
0,0,5.608283519744873,0,5ae530e355429908b6326561,0.5,2,3,4,
0,0,5.780474424362183,0,5abe3abb55429965af743ea1,0.14285714285714285,1,3,7,
0,0,5.6086485385894775,0,5a77a15b5542995d83181226,0.0,0,3,3,
0,0,5.596116781234741,0,5ae409d955429970de88d89d,0.0,0,3,5,
0,0,5.633359670639038,0,5ae3fe635542996836b02c07,0.0,0,3,5,
0,0,5.59550666809082,0,5a7322a25542991f9a20c634,0.2,1,3,5,
0,0,5.617326259613037,0,5a7324e055429901807daf8f,1.0,1,3,1,
0,0,11.047351360321045,1,5addcfd65542997dc790703e,0.0,0,6,7,
0,0,5.571265935897827,0,5abe92de5542993f32c2a16b,0.3333333333333333,2,3,6,
0,0,13.17803144454956,1,5a80f42b55429938b614226c,0.3333333333333333,1,6,3,
0,0,5.587869167327881,0,5ab94ade554299743d22eac7,0.08333333333333333,1,3,12,
0,0.021978021978021976,5.64072322845459,0,5aba89fb5542994dbf019933,0.25,1,3,4,
0,0,5.590681552886963,0,5a7651825542992d0ec060a3,0.3333333333333333,1,3,3,
0,0,5.6210291385650635,0,5ac3c1585542995ef918c21d,0.3333333333333333,1,3,3,
0,0,12.851071119308472,1,5a797bd95542994bb9457016,0.0,0,6,8,
0,0,10.014797449111938,1,5ade5a645542997c77adee0d,0.6666666666666666,2,6,3,
0,0,5.622676372528076,0,5ae36ee05542992f92d822c4,0.3333333333333333,1,3,3,
0,0,5.528639793395996,0,5a8b231055429949d91db4c9,0.0,0,3,3,
0,0,5.5991785526275635,0,5addd41b5542990dbb2f7e94,0.0,0,3,3,
0,0,5.577349662780762,0,5a8a5bd355429970aeb702b9,0.3333333333333333,1,3,3,
0,0,0.24968600273132324,1,5adbfc945542996e68525296,0.0,0,3,2,
0,0,5.7036097049713135,0,5adc294c5542996e685252cf,0.6666666666666666,2,3,3,
0,0,5.572021961212158,0,5a7351785542994cef4bc539,0.2,1,3,5,
0,0.021978021978021976,5.569949626922607,0,5adbc8e25542996e68525230,0.3333333333333333,1,3,3,
0,0,5.612701416015625,0,5ae0247955429925eb1afc22,0.0,0,3,11,
0,0,5.603355884552002,0,5a8cdcb0554299441c6b9f33,0.16666666666666666,1,3,6,
0,0,9.973071575164795,1,5a888abc5542997e5c09a604,0.0,0,6,3,
0,0,5.571572780609131,0,5ab9e2055542994dbf019884,0.14285714285714285,1,3,7,
0,0,12.553067922592163,1,5a851b0d5542997175ce1f7f,0.3333333333333333,1,6,3,
0,0,5.576992034912109,0,5abd0eae5542996e802b46d4,0.25,1,3,4,
0,0,5.605147361755371,0,5ab930c75542996be202043a,0.5,1,3,2,
0,0,5.635064363479614,0,5abc0dfe55429959677d6a05,0.6666666666666666,2,3,3,
0,0,5.606983184814453,0,5a82ebb855429966c78a6a9c,0.25,1,3,4,
0,0,5.568607330322266,0,5a7a1d305542990783324e66,0.2,1,3,5,
0,0,5.608416557312012,0,5ac290e85542992f1f2b3916,0.5,1,3,2,
0,0,5.687335729598999,0,5a7b116a554299042af8f6c4,0.3333333333333333,1,3,3,
0,0,5.647640943527222,0,5ab553e2554299494045ef81,0.0,0,3,6,
0,0,11.065546989440918,1,5ab587f85542992aa134a34d,0.25,1,6,4,
0,0,5.620439052581787,0,5a732ab25542991f29ee2d25,0.0,0,3,5,
0,0.021978021978021976,5.6187427043914795,0,5ac283f7554299677310254a,1.0,1,3,1,
0,0,5.672569990158081,0,5a7aa5e75542992d025e66d9,0.0,0,3,14,
,,,,5ae237cf5542992decbdcc78,,,,,Ollama request exceeded timeout limit for model stable-qwen with error: timed out
0,0.02222222222222222,5.604553461074829,0,5abe4a365542993f32c2a0dc,0.3333333333333333,1,3,3,
0,0,5.660135269165039,0,5a84f4c75542997175ce1f31,0.2,1,3,5,
0,0,5.619304418563843,0,5add64e35542992200553ae8,0.0,0,3,4,
0,0,5.563351631164551,0,5ac02d59554299294b218f3b,0.3333333333333333,1,3,3,
0,0,5.610511064529419,0,5adbe27c55429947ff173854,0.2,1,3,5,
0,0,5.647943019866943,0,5a84e0a45542991dd0999e11,0.25,1,3,4,
0,0,0.2795839309692383,1,5ac2e97d554299657fa290c0,0.0,0,3,8,
0,0,5.767367124557495,0,5a8ec3205542995a26add506,0.6666666666666666,2,3,3,
,,,,5ae39e9c5542990afbd1e195,,,,,Ollama request exceeded timeout limit for model stable-qwen with error: timed out
0,0,5.591105937957764,0,5a8c92dd554299653c1aa0c4,0.0,0,3,3,
0,0,5.62787652015686,0,5a81dbfc55429903bc27b9f2,0.2,1,3,5,
0,0,5.621985673904419,0,5ab5e4e15542997d4ad1f229,0.0,0,3,7,
0,0,5.5936877727508545,0,5add00775542992c1e3a2503,0.0,0,3,2,
0,0.02222222222222222,5.601215362548828,0,5ae7a8d35542994a481bbdbb,0.0,0,3,3,
0,0,9.611051797866821,1,5ab439f055429942dd415eef,0.0,0,6,5,
0,0,5.579911231994629,0,5a8b6efd5542997f31a41d2b,0.4,2,3,5,
0,0,5.576272010803223,0,5ac02d345542992a796decc0,0.3333333333333333,1,3,3,
0,0,5.590226173400879,0,5a892d6f55429951533612d1,0.5,1,3,2,
0,0,5.554617404937744,0,5abd68d655429933744ab7c0,0.2,1,3,5,
0,0,5.5687878131866455,0,5ac3891f554299741d48a284,0.125,1,3,8,
0,0,5.5856029987335205,0,5a8135eb55429938b61422fa,0.5,1,3,2,
0,0,5.583834171295166,0,5a7e355055429934daa2fbf4,0.5,3,3,6,
0,0.02222222222222222,5.611588001251221,0,5ab5d4eb5542992aa134a3aa,0.0,0,3,3,
0,0,5.607691287994385,0,5a84e4bc5542997b5ce3ff81,0.0,0,3,3,
0,0,5.6231162548065186,0,5adfbd4655429942ec259b31,0.6666666666666666,2,3,3,
0,0,5.6424219608306885,0,5ab85e195542992aa3b8c8c5,0.0,0,3,9,
0,0,8.912939310073853,0,5ab6c65e554299710c8d1f58,0.0,0,3,8,
0,0.02247191011235955,5.59171986579895,0,5adf9b415542995ec70e904c,0.0,0,3,1,
0,0,0.5580909252166748,0,5a7a5aea5542996c55b2dd6f,,,,,
0,0,5.6950860023498535,0,5ae446175542995ad6573d1f,0.5,2,3,4,
0,0,5.610235691070557,0,5abbd3b4554299642a094b4f,0.5,1,3,2,
0,0,16.320035219192505,1,5a89875655429938390d4047,0.0,0,6,3,
0,0,5.539033651351929,0,5adeab4555429975fa854f5f,0.0,0,3,5,
0,0,5.557466745376587,0,5a72e4375542992359bc31bf,0.0,0,3,4,
0,0.02247191011235955,9.965304374694824,1,5add64065542995b365fab25,0.5,1,6,2,
0,0,5.531035423278809,0,5ae0b4c15542993d6555ec21,0.0,0,3,15,
0,0,5.592391729354858,0,5a8a42ec55429970aeb7027c,0.2,1,3,5,
0,0,5.544041156768799,0,5ae113de55429901ffe4ad51,0.0,0,3,6,
0,0.25,0.32546162605285645,1,5add5f925542997545bbbd48,1.0,1,2,1,
0,0,5.648876190185547,0,5a7fd1515542992e7d278db1,0.0,0,3,3,
0,0,5.515661239624023,0,5a7222b155429971e9dc92c4,0.0,0,3,3,
0,0,5.6006388664245605,0,5abb7e4f5542996cc5e4a00b,0.0,0,3,5,
0,0,5.578504800796509,0,5abcf84d55429959677d6b86,0.0,0,3,1,
0,0,5.5775370597839355,0,5a7d119d5542995ed0d165d5,0.14285714285714285,1,3,7,
0,0,5.570206165313721,0,5a8a4a4055429930ff3c0d77,0.0,0,3,7,
0,0,5.6710474491119385,0,5a7754d85542993735360234,0.4,2,3,5,
0,0,5.581841945648193,0,5ac44813554299194317396b,0.0,0,3,5,
0,0,5.666107892990112,0,5adbe447554299438c868ccd,0.0,0,3,6,
0,0,5.601324796676636,0,5ae4b8fc55429913cc2044e5,1.0,1,3,1,
0,0,5.6253180503845215,0,5ae26fad554299495565da6f,1.0,1,3,1,
0,0,5.643754005432129,0,5ab53436554299637185c504,1.0,1,3,1,
0,0.02247191011235955,5.683701038360596,0,5a7e36815542995ed0d166d4,0.0,0,3,11,
0,0,10.948187112808228,1,5a906f9f5542995b442420b3,0.3333333333333333,1,6,3,
0,0,5.59563136100769,0,5ac0aab35542992a796ded5c,0.0,0,3,4,
0,0.022727272727272724,5.518963575363159,0,5abc8507554299700f9d78de,0.4,2,3,5,
0,0,5.605618953704834,0,5ae5d82f554299546bf82f9a,0.0,0,3,4,
0,0,5.524397611618042,0,5abcf51c554299700f9d7949,0.0,0,3,7,
0,0,5.5504066944122314,0,5a7a7dc15542994f819ef1f2,0.125,1,3,8,
0,0,5.582350015640259,0,5a77984d5542992a6e59df14,0.0,0,3,3,
0,0.02173913043478261,5.547156095504761,0,5a775bab5542994aec3b72a8,0.0,0,3,2,
0,0,5.652719736099243,0,5ab5574b554299488d4d994e,0.2,1,3,5,
0,0,5.552675485610962,0,5a8e7c095542990e94052b22,1.0,2,3,2,
0,0,7.687985897064209,0,5ac2ad5355429921a00ab02c,0.3333333333333333,1,3,3,
0,0,5.592872858047485,0,5a7f97c05542995d8a8ddeb0,0.5,1,3,2,
0,0,5.596057891845703,0,5a84f8555542997175ce1f3a,0.5,2,3,4,
0,0,5.614591360092163,0,5ab9fe1255429939ce03dc40,0.3333333333333333,2,3,6,
0,0.6666666666666666,0.26213550567626953,1,5a77a8b45542995d83181253,0.3333333333333333,1,3,3,
0,0,5.715102434158325,0,5a7296815542991f9a20c515,0.6666666666666666,2,3,3,
0,0,5.566176414489746,0,5ae1925a554299492dc91b48,0.5,1,3,2,
0,0,5.555949449539185,0,5a90997b5542995651fb51af,0.0,0,3,11,
0,0,5.657945156097412,0,5ab42e55554299753aec5a53,0.5,1,3,2,
0,0,5.5992138385772705,0,5a83972f5542996488c2e46d,0.0,0,3,5,
0,0,5.5882062911987305,0,5a7b47765542992d025e67d8,0.3333333333333333,1,3,3,
0,0,5.631296157836914,0,5ac0aa955542997d64295a49,0.5,2,3,4,
0,0,5.661687850952148,0,5a8b3c0055429949d91db4f8,0.0,0,3,3,
0,0.02247191011235955,5.653196096420288,0,5a8361f35542996488c2e431,0.3333333333333333,1,3,3,
0,0,5.630770206451416,0,5ab54056554299488d4d9923,1.0,1,3,1,
0,0,5.555858850479126,0,5a8a06455542992e4fca84db,0.5,1,3,2,
0,0,5.601709604263306,0,5ae0b9b155429924de1b7152,0.3333333333333333,1,3,3,
0,0,5.566100358963013,0,5ae1384355429920d5234329,0.0,0,3,5,
0,0.0909090909090909,0.47841644287109375,1,5ab946d7554299743d22eaaf,0.0,0,3,9,
0,0,5.7134177684783936,0,5a8d427f5542994ba4e3dc41,0.5,1,3,2,
0,0,5.578390836715698,0,5a7268235542992359bc3081,0.25,1,3,4,
0,0,5.624162912368774,0,5ae26905554299492dc91c17,0.0,0,3,4,
0,0,5.6046013832092285,0,5adcd1665542994d58a2f6e6,0.5,1,3,2,
0,0,14.000065088272095,1,5adfd0d655429942ec259b4e,0.0,0,6,4,
0,0,5.598764419555664,0,5a8b24f255429950cd6afc56,0.25,1,3,4,
0,0,5.588330030441284,0,5a8008b95542992097ad2fcf,0.25,1,3,4,
0,0,5.527996063232422,0,5ae274dd5542996483e649ad,0.0,0,3,4,
0,0,5.558042764663696,0,5ac1089f554299012d1db688,1.0,1,3,1,
0,0,5.556622743606567,0,5a81ad9855429903bc27b9a3,0.5,1,3,2,
0,0,5.541585683822632,0,5a8ac5595542992d82986f77,0.2,1,3,5,
0,0,5.5381019115448,0,5a75447b55429974ef308cbf,0.0,0,3,2,
0,0,5.6337199211120605,0,5a87defa5542993e715abfec,1.0,1,3,1,
0,0,5.613903522491455,0,5ae12a4b55429920d52342df,0.25,1,3,4,
0,0,5.59318733215332,0,5a7b68525542997c3ec97151,0.4,2,3,5,
0,0,5.5885889530181885,0,5ade18df5542990dbb2f7f53,0.3333333333333333,1,3,3,
0,0,5.616200685501099,0,5a8430335542996488c2e500,0.5,1,3,2,
0,0,5.635622024536133,0,5a875fee5542996e4f3087ab,0.5,1,3,2,
0,0,0.24369597434997559,1,5ab3d5f355429969a97a81c5,0.5,1,3,2,
0,0,4.46502423286438,0,5ae56fb85542993aec5ec1a9,0.5,1,3,2,
0,0,5.571964740753174,0,5adea2435542992fa25da7e4,0.0,0,3,2,
0,0,5.567384243011475,0,5a7b695f5542997c3ec97156,0.3333333333333333,1,3,3,
0,0,5.545058488845825,0,5ae164cf5542997b2ef7d1cd,0.25,2,3,8,
0,0,5.63070273399353,0,5ac2070755429964131be2bd,0.2,1,3,5,
0,0,0.43914318084716797,0,5ae1892f5542997b2ef7d1f3,,,,,
0,0,9.450704097747803,1,5ade636255429939a52fe896,0.0,0,6,3,
0,0.02222222222222222,5.544275760650635,0,5a8b128455429971feec463b,0.25,1,3,4,
0,0,6.207805871963501,0,5a8affca55429971feec45e3,0.5,1,3,2,
0,0,5.560967683792114,0,5ae5a8435542992663a4f208,0.0,0,3,1,
0,0,5.571564197540283,0,5a8e82ff5542995a26add4e2,0.4,2,3,5,
0,0,10.010528326034546,1,5ab874ba5542990e739ec904,0.2857142857142857,2,6,7,
0,0,5.558185577392578,0,5ae2d8fb55429928c42394fa,0.5,1,3,2,
0,0,5.538831949234009,0,5ab7ba7555429928e1fe38b5,0.3333333333333333,1,3,3,
0,0,5.552245855331421,0,5ae1894f5542997b2ef7d1f4,0.0,0,3,2,
0,0,5.575213193893433,0,5a7734ce5542993735360217,0.3333333333333333,1,3,3,
0,0,4.315151929855347,0,5ab55e015542992aa134a2d3,1.0,2,3,2,
0,0,4.363238334655762,0,5a8bcad45542995e66a47512,0.0,0,3,3,
0,0,5.632827997207642,0,5a7df25a5542990b8f503b02,0.5,1,3,2,
0,0.021978021978021976,5.545387506484985,0,5a8f6a025542992414482ab8,0.3333333333333333,1,3,3,
0,0.02222222222222222,5.594805002212524,0,5ac113e2554299294b21909a,0.25,1,3,4,
0,0,10.95693302154541,1,5a72224755429971e9dc92be,1.0,4,6,4,
0,0,5.595113754272461,0,5a84c66a5542994c784dda45,0.0,0,3,6,
0,0,5.559038162231445,0,5adc2b6255429947ff173901,0.0,0,3,4,
0,0,5.648312091827393,0,5a73984355429908901be307,0.3333333333333333,1,3,3,
0,0.024096385542168676,5.631209135055542,0,5a7a4f335542990198eaf11e,0.0,0,3,9,
0,0,5.692227602005005,0,5a7c49dc55429935c91b514f,0.0,0,3,3,
0,0,5.634850978851318,0,5a8db2105542994ba4e3dd04,0.3333333333333333,3,3,9,
0,0,5.748039960861206,0,5ae11bc455429901ffe4ad94,0.25,1,3,4,
0,0,5.6530468463897705,0,5ae48d1755429913cc204499,0.0,0,3,1,
0,0,11.963152408599854,1,5ab521175542996a3a96a02d,1.0,1,6,1,
0,0,5.530561208724976,0,5ae5559c55429960a22e02ba,0.2,1,3,5,
0,0,5.6957831382751465,0,5ae75eb15542995703ce8bf8,0.2,1,3,5,
0,0,5.594660997390747,0,5ae3305c55429928c423965f,0.0,0,3,1,
0,0,5.556248903274536,0,5a89dd4d554299669944a5e3,0.5,1,3,2,
0,0,8.55207109451294,1,5a8f51695542992414482a3e,0.3333333333333333,1,6,3,
0,0,4.980853796005249,0,5adc0f8d55429947ff1738ef,0.0,0,3,5,
0,0,4.890923738479614,0,5a8da70a5542994ba4e3dcea,0.25,1,3,4,
0,0,5.51836633682251,0,5a8a5dd055429970aeb702c7,0.0,0,3,1,
0,0,4.939621686935425,0,5a74b4e555429929fddd84c2,0.1111111111111111,1,3,9,
0,0,4.914901494979858,0,5ade7feb5542992fa25da799,0.4,2,3,5,
0,0,4.90587854385376,0,5a7293655542991f9a20c4ff,0.0,0,3,4,
0,0,4.34265661239624,0,5a832a625542990548d0b1b4,0.3333333333333333,1,3,3,
0,0,4.9604270458221436,0,5a7f87755542994857a76769,0.3333333333333333,1,3,3,
0,0,4.911847829818726,0,5a7bae775542995eb53be995,0.3333333333333333,1,3,3,
0,0,4.89978814125061,0,5a7c6e435542996dd594b933,0.5,1,3,2,
0,0.06349206349206349,4.938936233520508,0,5ac259125542992f1f2b3867,0.5,2,3,4,
0,0,4.368226051330566,0,5ab2acbc55429929539467d2,0.5,1,3,2,
0,0,4.349867820739746,0,5ab54e145542992aa134a2a1,0.0,0,3,2,
0,0.03389830508474576,4.917888164520264,0,5ae47fe255429913cc204482,0.5,1,3,2,
0,0,157.93080854415894,3,5a7b782455429927d897bfd7,0.1111111111111111,1,12,9,
0,0,14.131799697875977,1,5aba05cb55429939ce03dc56,0.0,0,6,7,
,,,,5ae4f96755429913cc204551,,,,,Ollama request exceeded timeout limit for model stable-qwen with error: timed out
0,0,14.824958324432373,1,5a7fb5ce5542994857a767ca,0.16666666666666666,1,6,6,
0,0,7.751449823379517,0,5a7336bd5542991f9a20c68c,0.0,0,3,1,
0,0,8.073318481445312,0,5a77c1d95542995d831812a6,0.0,0,3,8,
0,0,8.11565637588501,0,5a7723fa55429966f1a36ca0,0.5,2,3,4,
0,0,8.0801682472229,0,5a8b40b055429949d91db50c,0.3333333333333333,1,3,3,
0,0,0.3143889904022217,1,5a79ad485542994bb9457036,0.0,0,3,4,
0,0,8.26981782913208,0,5a84b5f05542991dd0999da5,0.0,0,3,4,
0,0,8.094163417816162,0,5ae8161555429952e35eaa04,0.3333333333333333,1,3,3,
0,0.019607843137254905,8.033320665359497,0,5ae0fb8855429920d523425b,0.0,0,3,7,
0,0,8.069082498550415,0,5abb17e75542996cc5e49fa2,0.5,1,3,2,
0,0,38.00173091888428,2,5a7b1e22554299042af8f6e4,0.0,0,9,5,
0,0,8.40886402130127,0,5ab2d28b55429916697740ee,0.6666666666666666,2,3,3,
0,0,7.37932014465332,0,5a7a43245542994f819ef19d,0.0,0,3,4,
0,0,7.391723155975342,0,5a7d003b55429907fabef0a1,0.6666666666666666,2,3,3,
0,0,8.310072183609009,0,5aba9813554299232ef4a357,0.5,1,3,2,
0,0,8.333840131759644,0,5ae731c4554299572ea54781,0.25,1,3,4,
0,0.007874015748031496,58.151785373687744,1,5ae78d155542994a481bbd99,0.0,0,6,3,
0,0,17.751968145370483,1,5a76a2b55542993569682c6c,0.0,0,6,10,
0,0,7.594404458999634,0,5ab455dc5542991779162c77,0.14285714285714285,2,3,14,
0,0,7.690816640853882,0,5ae63b2255429908198fa526,0.14285714285714285,1,3,7,
0,0,129.57722330093384,5,5a7cde68554299683c1c63ac,0.0,0,18,6,
0,0,38.04373788833618,5,5a76641e5542992d0ec060d8,0.08333333333333333,1,18,12,
0,0,34.72233772277832,5,5ade56ed5542997c77adee04,1.0,2,18,2,
,,,,5ade74285542992fa25da78c,,,,,Ollama request exceeded timeout limit for model stable-qwen with error: timed out
0,0,36.183589458465576,5,5a7bbee85542997c3ec97270,0.2,1,18,5,
0,0,33.428030014038086,5,5adf68ac5542993344016c79,0.2857142857142857,2,18,7,
0,0,33.42369794845581,5,5a81937e5542995ce29dcc08,1.0,1,18,1,
0,0,28.739269495010376,4,5ae665795542991bbc9760c9,0.25,1,15,4,
0,0,38.9970498085022,5,5a8cf064554299585d9e3775,0.0,0,18,4,
0,0.33333333333333337,0.2772557735443115,1,5abbc7a055429931dba1451b,0.0,0,3,3,
0,0,37.402204275131226,5,5a7b01645542992d025e6734,0.0,0,18,3,
0,0,36.14150428771973,5,5a81456855429938b614231e,0.2,1,18,5,
0,0,33.52324151992798,5,5adf72095542992d7e9f935d,0.6666666666666666,2,18,3,
0,0,35.0817666053772,5,5a771e3255429966f1a36c78,0.0,0,18,2,
0,0,38.401543855667114,5,5a73551e5542991f29ee2d84,0.5,2,18,4,
0,0,32.80639719963074,5,5a75abbb5542992d0ec05fd9,2.0,4,18,2,
0,0,42.12213110923767,5,5abc219655429959677d6a1d,0.5,2,18,4,
0,0,37.789461612701416,5,5abee70a5542994516f45476,0.0,0,18,7,
,,,,5a776bd155429966f1a36d3b,,,,,Ollama request exceeded timeout limit for model stable-qwen with error: timed out
0,0,38.002500772476196,5,5a809fe75542996402f6a5ba,0.0,0,18,2,
0,0,38.266539096832275,5,5a7cefcf55429909bec768af,0.0,0,18,4,
0,0,39.56547021865845,5,5adf400a5542993a75d2644e,0.14285714285714285,1,18,7,
0,0,37.04876089096069,5,5adfa1f9554299025d62a308,0.2222222222222222,2,18,9,
0,0,36.73442268371582,5,5a7797175542992a6e59df10,0.0,0,18,3,
0,0,34.173672914505005,5,5ac4c16b5542997ea680cab4,0.5,2,18,4,
0,0,36.23554277420044,5,5a863b87554299211dda2ab7,0.5,1,18,2,
0,0,26.95564365386963,3,5a81a63c5542990a1d231e45,0.2,1,12,5,
0,0,121.94103193283081,5,5a8ac38855429970aeb70300,0.25,1,18,4,
,,,,5a7653d25542992db9473765,,,,,Ollama request exceeded timeout limit for model stable-qwen with error: timed out
0,0,37.54056978225708,5,5ab9988b554299131ca4238e,0.0,0,18,3,
0,0,35.74477505683899,5,5a88a8f4554299206df2b320,0.0,0,18,3,
0,0.015037593984962407,37.22637748718262,5,5adcc5715542990d50227d0a,0.16666666666666666,1,18,6,
0,0,44.50131368637085,5,5a7455eb55429979e2882908,0.0,0,18,2,
0,0,41.62845540046692,5,5a88ca4e55429938390d3fc2,0.0,0,18,6,
0,0,36.92032051086426,5,5a8a410655429970aeb70279,2.0,4,18,2,
0,0,16.078789472579956,1,5ac2ed41554299218029db96,0.25,1,6,4,
0,0,7.369237184524536,0,5abdb7ff5542993f32c2a011,0.3333333333333333,1,3,3,
0,0,7.364081859588623,0,5ab1e7685542993be8fa9877,0.25,1,3,4,
0,0,7.347077369689941,0,5a773ec45542994aec3b7245,1.0,2,3,2,
0,0,7.426762819290161,0,5adf6aca5542993344016c8d,1.0,2,3,2,
0,0,7.335363149642944,0,5a70ff335542994082a3e49c,0.0,0,3,4,
0,0,7.395775079727173,0,5ade25ed5542997c77aded70,0.25,1,3,4,
0,0,7.304741621017456,0,5ae46b615542995dadf24327,0.3333333333333333,1,3,3,
0,0,14.504262447357178,1,5ae682c45542995703ce8b6f,0.25,1,6,4,
0,0,6.3215861320495605,0,5a7ba8fc5542995eb53be986,0.3333333333333333,1,3,3,
0,0,6.301739931106567,0,5a7d1868554299452d57bae2,0.2,1,3,5,
0,0.017699115044247787,9.95138955116272,0,5a87556d5542994846c1cd65,0.5,2,3,4,
0,0,6.325554370880127,0,5abffafe5542997d64295988,0.5,1,3,2,
0,0,6.286884307861328,0,5a8460d5554299123d8c2229,0.5,1,3,2,
0,0.018018018018018018,6.305710315704346,0,5ac2db67554299657fa290a6,0.5,1,3,2,
0,0.017543859649122806,6.2690958976745605,0,5ae25c815542992decbdcccc,0.0,0,3,5,
0,0,6.316693305969238,0,5adfc8cf554299603e4183ad,0.0,0,3,3,
0,0,6.320597410202026,0,5ac3a7ce554299391541388f,0.16666666666666666,1,3,6,
0,0,6.392887592315674,0,5a8f0de35542995b44241f40,0.2,1,3,5,
0,0,6.295597076416016,0,5ae37d265542994393b9e6e7,0.2,1,3,5,
0,0,11.2239089012146,1,5ae66d785542996d980e7b67,1.0,2,6,2,
0,0,6.292098522186279,0,5a7768cb5542993569682d88,0.3333333333333333,1,3,3,
0,0,6.248660326004028,0,5a8f503c5542992414482a34,0.0,0,3,6,
0,0,6.2001166343688965,0,5ae4e2ca55429908b63264aa,0.5,1,3,2,
0,0,6.2849555015563965,0,5a733b835542991f9a20c6b2,0.0,0,3,5,
0,0,0.2735753059387207,1,5a8b67b655429950cd6afcde,0.2,1,3,5,
0,0,6.354508638381958,0,5a806aca5542996402f6a503,0.3333333333333333,1,3,3,
0,0,6.245266914367676,0,5a89d26b5542992e4fca83d1,0.4,2,3,5,
0,0,6.2437944412231445,0,5adec5055542995534e8c707,0.5,1,3,2,
0,0,6.276538133621216,0,5ae2120c5542997283cd23ac,0.0,0,3,9,
0,0.016260162601626015,6.275659561157227,0,5a75c02f5542992db94736b4,0.0,0,3,10,
0,0,13.547707319259644,1,5a8483b45542992a431d1a40,0.0,0,6,2,
0,0,7.331195116043091,0,5ae0ff95554299422ee995b0,0.0,0,3,4,
0,0,7.370261192321777,0,5ae12f16554299422ee9961f,0.0,0,3,2,
0,0,7.338833808898926,0,5adc3aff5542996e685252eb,0.0,0,3,1,
0,0,7.375738143920898,0,5adde99b5542992200553ba1,0.4,2,3,5,
0,0,7.3694539070129395,0,5a8c493e554299653c1aa020,0.16666666666666666,1,3,6,
0,0.00966183574879227,8.4150869846344,0,5a728fbd5542992359bc30f8,0.0,0,3,2,
0,0,8.923794031143188,0,5ae395d85542992f92d82313,0.3333333333333333,1,3,3,
0,0,8.44602632522583,0,5ab7ff1d5542990e739ec7b9,0.3333333333333333,2,3,6,
0,0,7.3445727825164795,0,5a846da0554299334474611e,0.6,3,3,5,
0,0,7.354532957077026,0,5a78f89055429974737f792b,0.0,0,3,1,
1,1.0,0.22970247268676758,1,5ab9788155429970cfb8eb1a,1.0,3,3,3,
0,0.012903225806451613,7.50333046913147,0,5a8534305542997b5ce3ffc4,0.5,1,3,2,
0,0,7.345293283462524,0,5abbc4f955429931dba144ff,0.25,1,3,4,
0,0,7.3589253425598145,0,5a7af23a55429931da12c994,0.0,0,3,7,
0,0,7.386300563812256,0,5a77101d5542994aec3b71d7,0.0,0,3,4,
0,0.03488372093023255,7.3832173347473145,0,5a84b2995542994c784dda11,0.14285714285714285,1,3,7,
0,0,16.503535509109497,1,5abc7bc45542993a06baf8ef,0.3333333333333333,1,6,3,
0,0,8.39938759803772,0,5a75441c55429916b01642cf,0.75,3,3,4,
0,0,6.795727252960205,0,5add22bc5542992ae4cec49f,0.0,0,3,3,
0,0,6.360529661178589,0,5abff9905542997d64295980,0.2,1,3,5,
0,0,7.88701319694519,0,5ac31602554299741d48a1bf,0.4,2,3,5,
0,0,6.282307863235474,0,5ade5b835542997c77adee10,0.0,0,3,2,
0,0,6.331916093826294,0,5ab811395542990e739ec80f,0.09090909090909091,1,3,11,
0,0,6.280558824539185,0,5ab51dbd5542996a3a96a023,1.0,1,3,1,
0,0,13.074357271194458,1,5a78e86f55429974737f78fb,0.0,0,6,6,
0,0,6.424649477005005,0,5a714de95542994082a3e7a8,0.2,1,3,5,
0,0,7.7823779582977295,0,5ae254565542992decbdccbb,0.0,0,3,6,
0,0,7.281872987747192,0,5a8ad6db55429950cd6afba7,0.0,0,3,1,
0,0.00966183574879227,8.588030576705933,0,5ac55ba05542993e66e8233d,0.14285714285714285,1,3,7,
0,0,6.327861547470093,0,5a89bb0b5542992e4fca83a0,0.08333333333333333,1,3,12,
0,0,6.373430252075195,0,5abe7c515542993f32c2a128,0.0,0,3,6,
0,0,7.794280290603638,0,5abdcea955429965af743e5a,0.14285714285714285,1,3,7,
0,0,6.339874744415283,0,5a831fc955429954d2e2ec28,0.5,1,3,2,
0,0,12.231678485870361,1,5a83870f554299123d8c2149,0.0,0,6,3,
0,0,6.1538331508636475,0,5ab431e65542991751b4d6e2,0.0,0,3,2,
0,0,23.622717142105103,2,5adf1b8a5542995534e8c750,0.16666666666666666,1,9,6,
0,0,5.942707061767578,0,5a7ad6045542992d025e6706,0.0,0,3,8,
0,0,86.12113213539124,5,5a88f7bf5542997e5c09a6dd,0.2857142857142857,2,18,7,
0,0,38.11973285675049,5,5a76fda05542994aec3b71b0,0.25,1,18,4,
0,0,33.04459857940674,5,5ae762985542995703ce8c04,0.0,0,18,6,
0,0,31.77923846244812,5,5a7184675542994082a3e864,0.0,0,18,6,
0,0,35.02034401893616,4,5abfdc185542994516f45513,0.0,0,15,3,
0,0,5.441406965255737,0,5ac00584554299012d1db575,0.0,0,3,7,
0,0,6.501162052154541,0,5ab5cc4a554299637185c61b,0.5,1,3,2,
0,0.5,0.24799227714538574,1,5ae0c7b055429945ae95944b,0.0,0,3,2,
0,0,5.589301109313965,0,5a7391b655429978a71e902c,0.25,1,3,4,
0,0,5.412236213684082,0,5a90213255429933b8a20482,0.0,0,3,4,
0,0,5.403595447540283,0,5adcba885542994ed6169bd9,0.0,0,3,5,
0,0,6.54526948928833,0,5a8512035542992a431d1ace,0.0,0,3,2,
0,0,5.45618200302124,0,5abff00c5542994516f45537,0.0,0,3,6,
0,0,5.3978800773620605,0,5abd14c455429924427fceec,0.0,0,3,2,
0,0,13.57434892654419,1,5ac448185542995c82c4ad1b,0.0,0,6,15,
0,0.05063291139240506,5.274988889694214,0,5a810221554299260e20a1f9,0.0,0,3,1,
0,0,0.3815147876739502,0,5ac4e9ab5542996feb3fe974,,,,,
0,0,5.530458211898804,0,5ac1276c554299294b2190bc,0.25,1,3,4,
0,0,5.425607919692993,0,5add7c9c5542990dbb2f7e60,0.5,1,3,2,
0,0,5.488514184951782,0,5a8351fd55429954d2e2ec98,0.0,0,3,6,
0,0.02631578947368421,5.313857793807983,0,5a8318955542990548d0b177,0.045454545454545456,1,3,22,
0,0,5.4269654750823975,0,5ab51ddf5542990594ba9d11,0.5,1,3,2,
0,0,5.3174073696136475,0,5abaca935542996606241610,0.0,0,3,2,
0,0,5.371936559677124,0,5a7c634c55429907fabeef79,0.5,2,3,4,
0,0,5.242210626602173,0,5abe9b095542991f661061ad,0.0,0,3,2,
0,0,5.2781031131744385,0,5a7369da55429901807db037,0.0,0,3,11,
0,0,5.347902536392212,0,5a8511185542992a431d1aca,0.25,1,3,4,
0,0,5.317997217178345,0,5a77ace855429967ab105223,0.25,1,3,4,
0,0,5.3453404903411865,0,5ab97c0255429970cfb8eb1f,0.125,1,3,8,
0,0,5.306047677993774,0,5a8f08c2554299458435d530,0.0,0,3,3,
0,0.02631578947368421,5.274335622787476,0,5ade64b655429939a52fe89a,0.3333333333333333,1,3,3,
0,0,5.32969856262207,0,5abbeb7d554299114383a09b,0.5,1,3,2,
0,0,5.3660829067230225,0,5a7149595542994082a3e76f,0.0,0,3,5,
0,0,6.502393960952759,0,5aba7d8655429901930fa7ec,0.0,0,3,6,
0,0,5.359962701797485,0,5add65355542995b365fab27,0.0,0,3,4,
0,0,5.300616979598999,0,5a75fbe855429976ec32bcde,0.5,1,3,2,
0,0,5.320513010025024,0,5ade5e335542992fa25da766,0.3333333333333333,1,3,3,
0,0,5.400074005126953,0,5a7cc59c55429909bec767fb,0.0,0,3,5,
0,0,5.2853920459747314,0,5a7c8a3b55429935c91b5204,0.125,1,3,8,
0,0,11.82866096496582,1,5a7f962655429969796c1ac8,1.0,1,6,1,
0,0,5.385984182357788,0,5ac0c1cf5542992a796ded7c,0.0,0,3,4,
0,0.046511627906976744,5.404067516326904,0,5a82c51055429966c78a6a8d,0.25,1,3,4,
0,0,5.454000949859619,0,5ae3287f5542991a06ce993b,0.0,0,3,7,
0,0,5.491253614425659,0,5a7329a15542991f9a20c65f,0.16666666666666666,1,3,6,
0,0,5.428055286407471,0,5a71231a5542994082a3e5c4,0.0,0,3,7,
0,0,5.431625604629517,0,5abc41315542993a06baf8bb,0.5,1,3,2,
0,0,5.431168079376221,0,5a8622ae554299211dda2a7e,0.3333333333333333,1,3,3,
0,0,5.426788330078125,0,5abdc8e755429965af743e3f,0.0,0,3,2,
0,0,5.51029634475708,0,5abba3cd554299642a094aee,0.0,0,3,4,
0,0,5.357467412948608,0,5ae7cb9b5542994a481bbde2,0.0,0,3,5,
0,0.04938271604938271,14.195229053497314,1,5adbd1d25542994650320bf6,0.5,2,6,4,
0,0,5.325990676879883,0,5ab741005542992aa3b8c800,0.0,0,3,7,
0,0,9.640085697174072,1,5ab3ec51554299753aec59f1,0.5,1,6,2,
0,0,5.309601783752441,0,5ae7d03b55429952e35ea9c2,0.0,0,3,8,
0,0,5.35079026222229,0,5a7a06485542990198eaf04e,0.25,1,3,4,
0,0,13.105213642120361,1,5a865e785542991e7718161b,0.4,2,6,5,
0,0,5.307899236679077,0,5ab29b07554299194fa93440,0.0,0,3,12,
0,0,5.347892761230469,0,5a8f533d5542992414482a4c,0.25,1,3,4,
0,0,5.2977776527404785,0,5ade04a65542997545bbbe20,0.3333333333333333,1,3,3,
0,0,5.316100597381592,0,5a772c395542993735360207,0.2,1,3,5,
0,0,5.298088312149048,0,5ab2958a554299449642c911,0.3333333333333333,1,3,3,
0,0,5.311175346374512,0,5ae603a65542996de7b71af3,0.0,0,3,4,
0,0.06896551724137931,0.6852700710296631,1,5add13b15542994ed6169c65,0.3333333333333333,1,3,3,
0,0,5.5230255126953125,0,5a8f15ec554299458435d552,0.3333333333333333,1,3,3,
0,0,13.990007877349854,1,5abbf9b355429931dba145fe,0.0,0,6,1,
0,0,5.300049304962158,0,5a75a4135542992d0ec05fcd,0.0,0,3,15,
0,0,5.370502948760986,0,5abc550e554299700f9d7870,0.0,0,3,6,
0,0,5.319892168045044,0,5ae152a65542990adbacf74f,0.5,1,3,2,
0,0,5.284974098205566,0,5ac561315542993e66e823a9,0.6666666666666666,2,3,3,
0,0,14.21926760673523,2,5a82119155429926c1cdae28,1.0,2,9,2,
0,0.02666666666666666,14.653526544570923,1,5a85a37d5542997175ce1fe5,0.0,0,6,5,
0,0,5.330430746078491,0,5a886c0c55429938390d3f51,0.0,0,3,1,
0,0.02564102564102564,5.30118203163147,0,5ab7fbbb5542990e739ec7b0,0.5,1,3,2,
0,0,5.308324337005615,0,5abbe09d55429931dba145c0,0.0,0,3,5,
0,0,5.303730010986328,0,5a7147fd5542994082a3e758,0.125,1,3,8,
0,0,5.333480358123779,0,5ac26d4d55429951e9e685b7,0.125,1,3,8,
0,0,5.2972540855407715,0,5a7f74975542992097ad2f77,0.0,0,3,5,
0,0,5.325568914413452,0,5abefbc15542990832d3a117,0.5,1,3,2,
0,0,5.287170171737671,0,5ae3df6e5542992e3233c48e,0.25,1,3,4,
0,0,12.92755389213562,1,5ae0bf3a55429906c02dab21,0.0,0,6,3,
0,0,7.267406463623047,0,5a8e8bed5542990e94052b47,0.2,1,3,5,
0,0,34.48434901237488,5,5a859a9c5542997175ce1fd6,0.0,0,18,6,
0,0,30.585463762283325,4,5a721bbc55429971e9dc9279,0.0,0,15,6,
0,0,5.871402263641357,0,5a75d35d5542992d0ec05ffe,0.25,1,3,4,
0,0,5.779717206954956,0,5ae32c935542990afbd1e0bd,0.25,1,3,4,
0,0,7.34534478187561,0,5ab43179554299233955004d,0.0,0,3,6,
0,0,38.1290328502655,5,5a7cd280554299452d57ba7f,0.25,1,18,4,
0,0,5.734339952468872,0,5a8f64e0554299458435d60b,0.0,0,3,7,
0,0,5.7892186641693115,0,5a712beb5542994082a3e61c,0.1111111111111111,1,3,9,
0,0,5.758211851119995,0,5ae4885e55429970de88d99d,0.0,0,3,2,
0,0,23.157967567443848,1,5abbdb335542992ccd8e7fc1,0.5,1,6,2,
0,0,15.966858148574829,1,5a8b2dc055429950cd6afc62,0.5,1,6,2,
0,0,24.649351835250854,1,5ab91799554299753720f6ea,0.0,0,6,3,
0,0,7.9603331089019775,0,5ae3c0245542990afbd1e1c3,0.14285714285714285,1,3,7,
0,0,9.628655195236206,0,5ab846e155429919ba4e229c,0.3333333333333333,1,3,3,
0,0,16.48496103286743,0,5abc546b554299700f9d786c,0.0,0,3,5,
0,0,16.591790676116943,0,5adfde09554299025d62a369,0.0,0,3,7,
0,0,16.477715492248535,0,5ab681ea55429953192ad2e0,0.5,2,3,4,
0,0,134.47355961799622,5,5a77dadd5542997042120b59,0.0,0,18,2,
0,0,30.187886476516724,5,5a80abb65542996402f6a5df,0.5,2,18,4,
0,0.03278688524590164,36.72083401679993,5,5abd5b0355429933744ab789,0.14285714285714285,1,18,7,
0,0,33.435643672943115,5,5a8642045542991e771815e2,0.0,0,18,7,
0,0,31.951477527618408,5,5aba926f55429901930fa83e,0.25,1,16,4,
0,0,30.194567441940308,5,5a84a5385542990548d0b2d9,0.0,0,18,3,
0,0,18.285820484161377,2,5a73b0975542992d56e7e387,1.0,2,6,2,
0,0,5.853895902633667,0,5a73b55855429978a71e9086,0.0,0,3,6,
0,0,28.15928339958191,3,5abb14d85542996cc5e49f92,0.1111111111111111,1,12,9,
0,0,33.76685929298401,5,5abaa954554299232ef4a362,0.5,1,18,2,
0,0,33.49804925918579,5,5a88dc5a5542993b751ca890,0.14285714285714285,1,17,7,
0,0,32.266475439071655,5,5ade7fa3554299728e26c727,0.0,0,18,4,
0,0,11.746342897415161,1,5ab80e1455429916710eafd7,0.0,0,6,9,
0,0,31.91015648841858,5,5ae5faf555429929b0807a4c,0.5,2,18,4,
0,0,9.946678400039673,1,5a745a6055429974ef308be4,0.2,1,6,5,
0,0,4.846641302108765,0,5a7c78c955429935c91b51d2,0.0,0,3,6,
0,0,5.291588544845581,0,5ab6a78b554299710c8d1f28,0.0,0,3,4,
0,0,5.219194412231445,0,5adf38ae5542993a75d26433,0.25,1,3,4,
0,0,4.923916578292847,0,5add84a15542997545bbbd5e,1.0,1,3,1,
0,0,4.914858818054199,0,5a834cea5542990548d0b1c6,0.0,0,3,2,
0,0,4.829058408737183,0,5a7787b655429949eeb29ed3,0.0,0,3,2,
0,0,0.3811345100402832,0,5ae234e85542994d89d5b395,,,,,
0,0,5.065484046936035,0,5a899b6455429946c8d6e955,0.14285714285714285,1,3,7,
0,0,4.871379375457764,0,5ae6e0485542996d980e7ca6,0.2,1,3,5,
0,0,4.892131090164185,0,5add016e5542992c1e3a250b,0.0,0,3,6,
,,,,5a7d2b2b5542995ed0d1661b,,,,,Ollama request exceeded timeout limit for model stable-qwen with error: timed out
0,0.04545454545454545,4.906579256057739,0,5ab28b395542993be8fa9941,0.25,1,3,4,
0,0,4.87105917930603,0,5ac29aa655429967731025b2,0.0,0,3,7,
0,0,4.834481716156006,0,5a81018755429938b6142287,0.6,3,3,5,
0,0,32.34465575218201,5,5ac3d21e554299204fd21e8b,0.3333333333333333,1,18,3,
0,0,32.31672501564026,5,5a7f8d755542992097ad2f9d,0.25,1,18,4,
0,0,31.271570444107056,5,5a85b2ac5542991dd0999e90,0.16666666666666666,1,18,6,
0,0,31.00689435005188,5,5ab3bacc55429969a97a8197,0.0,0,18,3,
0,0,36.29423475265503,5,5ab9dbc2554299232ef4a224,0.3333333333333333,1,18,3,
0,0,36.5805459022522,5,5add7a335542992200553b37,0.1,1,18,10,
0,0,71.08362984657288,5,5aba74ad55429955dce3ee35,0.5,2,18,4,
0,0,40.11993193626404,5,5ab288a05542993be8fa993b,0.16666666666666666,1,18,6,
0,0,41.198020219802856,5,5ab1d49b554299722f9b4c8e,0.14285714285714285,1,18,7,
0,0,63.34926080703735,5,5ab2da13554299194fa93542,0.3333333333333333,1,18,3,
0,0.012269938650306749,7.743841171264648,0,5a800ddd5542992097ad2fd0,0.0,0,3,7,
0,0.03225806451612903,51.022679567337036,5,5a90a14d5542990a98493672,1.0,1,18,1,
0,0,24.7526912689209,3,5ac3a76e554299741d48a2be,0.0,0,12,7,
0,0,13.284477949142456,1,5ab959905542996be2020497,0.0,0,6,3,
0,0,6.180915832519531,0,5a76067e55429976ec32bce9,0.5,1,3,2,
0,0,6.181500673294067,0,5a8f92fb55429918e830d271,0.0,0,3,4,
0,0,6.14839243888855,0,5a7ced4355429909bec76895,0.0,0,3,6,
0,0,6.14625358581543,0,5a8701b3554299211dda2b9a,0.2,1,3,5,
0,0,6.189235687255859,0,5a87a47c5542994846c1cdbd,0.5,1,3,2,
0,0,6.205368518829346,0,5ae518655542993aec5ec139,0.25,1,3,4,
0,0,6.207093954086304,0,5a77e96c5542995d8318132d,0.5,1,3,2,
0,0,25.674952268600464,3,5a7d32af55429907fabef0ca,0.0,0,12,3,
0,0,6.4907917976379395,0,5ae76d185542997ec2727641,0.09090909090909091,1,3,11,
0,0,24.675061225891113,3,5ab7f1b65542991d322237d3,1.3333333333333333,4,12,3,
0,0,6.632069826126099,0,5adead1855429939a52fe948,0.0,0,3,3,
0,0,16.363377809524536,1,5a7ccc1e55429909bec7680e,0.2,1,6,5,
0,0,6.611475944519043,0,5abce7d755429959677d6b3a,0.0,0,3,3,
0,0,6.622959613800049,0,5ae5ead6554299546bf82fd0,0.5,2,3,4,
0,0,6.575995445251465,0,5a80b4d1554299260e20a134,0.0,0,3,9,
0,0,6.672463417053223,0,5ae1e4e2554299492dc91bab,0.125,1,3,8,
0,0,6.650375604629517,0,5ac1c4e85542994ab5c67e0c,0.0,0,3,7,
0,0,6.793780326843262,0,5ae388ea5542994393b9e6f0,0.0,0,3,2,
0,0,31.737947940826416,1,5a86b13f55429960ec39b6c3,0.125,1,6,8,
,,,,5a78f35455429970f5fffded,,,,,Ollama request exceeded timeout limit for model stable-qwen with error: timed out
0,0,9.691277265548706,0,5a7d2b5755429907fabef0c2,0.25,1,3,4,
0,0,33.196919441223145,5,5a89a92a55429946c8d6e98c,0.0,0,18,4,
0,0,31.52648091316223,5,5a77685e5542993569682d83,0.0,0,18,11,
0,0,30.645097732543945,5,5a79fc8b5542994f819ef114,0.14285714285714285,1,18,7,
0,0.022988505747126436,31.883304595947266,5,5abc817c5542993a06baf8fd,0.6666666666666666,2,18,3,
,,,,5a8549c65542997b5ce3ffe6,,,,,Ollama request exceeded timeout limit for model stable-qwen with error: timed out
0,0,36.37356424331665,5,5ab487f55542990594ba9c4f,0.4444444444444444,4,18,9,
0,0,36.917245388031006,5,5ae406f055429970de88d874,0.0,0,18,5,
0,0,36.551947593688965,5,5a8f25d755429924144829ea,0.0,0,18,3,
0,0,35.730278730392456,5,5a78cc7c55429974737f789f,0.0,0,18,1,
0,0,35.46911144256592,5,5ade66f055429939a52fe8a0,0.0,0,18,5,
0,0,52.31721544265747,5,5ab8effd5542991b5579f062,0.3333333333333333,1,18,3,
0,0,38.38552951812744,5,5a737dc455429908901be2c9,0.3333333333333333,1,18,3,
0,0,35.63068962097168,5,5add0f635542994ed6169c56,0.3333333333333333,1,18,3,
0,0,32.03750038146973,5,5adfa92d55429942ec259ae0,0.3333333333333333,1,18,3,
0,0,0.5134360790252686,1,5ab7ece25542995dae37e9f3,0.0,0,3,3,
0,0,31.639034509658813,5,5a7da8065542995f4f4022a7,0.0,0,18,5,
0,0,10.129899501800537,1,5a7269fa5542992359bc308d,0.16666666666666666,1,6,6,
0,0,4.8097004890441895,0,5abc0ba05542996583600409,0.0,0,3,1,
0,0,40.440293073654175,5,5ae2196b554299495565da02,0.3333333333333333,1,18,3,
0,0,72.47648811340332,5,5adf3c155542993a75d2643a,0.0,0,18,6,
0,0.033898305084745756,32.10863637924194,5,5ae12b6755429920d52342e4,0.6666666666666666,2,18,3,
0,0,34.93381452560425,5,5ae0616255429924de1b70ca,0.2,1,18,5,
0,0,31.469779014587402,5,5abd830455429924427fd033,0.0,0,18,4,
0,0,33.23668909072876,5,5a7e86245542991319bc94ce,0.25,1,18,4,
0,0,35.24246573448181,5,5a8eed625542995085b374b9,0.4,2,18,5,
0,0,32.336395263671875,5,5ac0c3275542992a796ded7d,0.3333333333333333,1,18,3,
0,0.03125,35.391337871551514,5,5a776a7055429966f1a36d32,0.0,0,18,3,
0,0,32.411498069763184,5,5adbd3405542994650320bf8,0.0,0,18,5,
0,0,33.123793840408325,5,5a8c781c554299653c1aa083,0.3333333333333333,1,18,3,
,,,,5a72f1cf5542994cef4bc414,,,,,Ollama request exceeded timeout limit for model stable-qwen with error: timed out
0,0,32.53387403488159,5,5ac313145542995ef918c0ed,0.0,0,18,4,
0,0,32.45053005218506,5,5a7b8f66554299294a54a9f7,0.0,0,18,5,
0,0.4210526315789473,0.5657515525817871,1,5adda7275542995b365fab57,0.0,0,3,3,
0,0,15.7799973487854,2,5a7bf0d75542996dd594b85c,0.0,0,9,3,
0,0,4.89833927154541,0,5ae4d9985542990ba0bbb175,1.0,1,3,1,
0,0.04651162790697674,4.9516518115997314,0,5a758f775542992db9473682,0.0,0,3,5,
0,0,33.72103834152222,5,5a8af3b155429950cd6afc2c,0.25,1,17,4,
0,0,4.853537559509277,0,5a87aa135542996e4f3088b8,0.0,0,3,5,
0,0,4.8940675258636475,0,5ae31ee75542992decbdcdde,0.0,0,3,4,
0,0,4.852818250656128,0,5ae17cd055429901ffe4aea3,0.16666666666666666,1,3,6,
0,0,168.98884439468384,5,5a907d1855429933b8a2052a,0.0,0,18,4,
0,0,31.967165231704712,5,5ac3a049554299741d48a2ba,0.0,0,18,3,
0,0,26.565715551376343,4,5ac41b9e5542995c82c4acc4,0.25,1,15,4,
0,0.041666666666666664,4.8754189014434814,0,5a89cc99554299669944a5ae,0.3333333333333333,1,3,3,
0,0,4.876024961471558,0,5ae1ab2f554299234fd042ba,0.25,1,3,4,
0,0.08823529411764706,32.731146812438965,5,5a70f0e75542994082a3e408,0.6666666666666666,2,18,3,
0,0,32.291316986083984,5,5ae4094655429970de88d896,0.0,0,18,7,
0,0,32.27375817298889,5,5a83ef745542996488c2e4f8,0.5,1,18,2,
0,0,34.48976230621338,5,5a820897554299676cceb1f4,0.5,1,18,2,
0,0,31.072131156921387,5,5a7b41b555429931da12ca3f,0.3333333333333333,1,18,3,
0,0,6.924967527389526,0,5a7bb52355429927d897c01a,0.4,2,3,5,
0,0,33.01978540420532,5,5ab2b7405542991669774069,0.4,2,18,5,
,,,,5a73d33e5542992d56e7e3a9,,,,,Ollama request exceeded timeout limit for model stable-qwen with error: timed out
0,0,32.49916076660156,5,5aba8f1b55429955dce3ee85,0.25,1,18,4,
0,0,33.17084074020386,5,5a8d0c1b5542994ba4e3dbb3,0.3333333333333333,1,18,3,
0,0,32.29666543006897,5,5abbd72d55429931dba1459e,0.0,0,18,4,
,,,,5abd848455429924427fd03a,,,,,Ollama request exceeded timeout limit for model stable-qwen with error: timed out
0,0,122.8540587425232,5,5a7a633a55429941d65f2609,0.25,1,18,4,
0,0,5.455130338668823,0,5a81b99c5542995ce29dcc56,0.5,1,3,2,
0,0,5.46353554725647,0,5a8aa5835542996c9b8d5f4e,0.3333333333333333,1,3,3,
0,0,5.497969388961792,0,5a88cf7e5542993b751ca85b,0.3333333333333333,1,3,3,
0,0,17.64898943901062,2,5ab8eabb5542991b5579f03d,0.5,2,9,4,
0,0,5.5528576374053955,0,5a7525405542993748c897ce,0.0,0,3,13,
0,0,5.557832479476929,0,5a862f985542991e771815af,0.0,0,3,3,
0,0,5.484369993209839,0,5a8a3dd55542995153361360,0.3333333333333333,1,3,3,
0,0,5.617782831192017,0,5ae377415542992e3233c40a,1.0,2,3,2,
0,0,5.440669298171997,0,5add00805542992c1e3a2504,0.14285714285714285,1,3,7,
0,0,5.487144231796265,0,5aba5dfd55429955dce3edf0,0.75,3,3,4,
0,0,5.441431999206543,0,5a7f63645542992e7d278cf1,0.5,2,3,4,
0,0,5.605548858642578,0,5a80ddc555429938b6142224,0.3333333333333333,1,3,3,
0,0,5.453229904174805,0,5ade157e55429939a52fe802,0.14285714285714285,1,3,7,
0,0,5.507972955703735,0,5a7a06525542990198eaf04f,0.16666666666666666,1,3,6,
0,0,5.513493299484253,0,5ae5d008554299546bf82f7d,0.5,1,3,2,
0,0,5.441282510757446,0,5ae68fb45542991bbc97612a,0.6666666666666666,2,3,3,
0,0,5.4734227657318115,0,5ab3952e5542992ade7c6de8,0.0,0,3,3,
0,0,5.47543740272522,0,5a843f305542996488c2e51d,0.0,0,3,5,
0,0,5.508692026138306,0,5a8587dd5542997b5ce40000,1.0,1,3,1,
0,0.03278688524590164,5.4918906688690186,0,5ae73d415542991e8301cc2b,0.14285714285714285,1,3,7,
0,0,5.462891578674316,0,5a7b77d95542997c3ec971a5,0.5,1,3,2,
0,0,5.4826812744140625,0,5a820cb355429903bc27ba2f,0.5,1,3,2,
0,0,5.480144262313843,0,5abaee4f5542996cc5e49f15,0.6666666666666666,2,3,3,
0,0,5.4895312786102295,0,5ac2dc4b55429921a00ab083,0.2,1,3,5,
0,0,5.4507668018341064,0,5ab5a3fb5542997d4ad1f19b,0.25,1,3,4,
0,0,5.464954137802124,0,5ab295eb554299194fa93412,0.5,1,3,2,
0,0,5.381029844284058,0,5ae4bc7955429913cc2044e9,0.0,0,3,1,
0,0,5.472243309020996,0,5ae62c385542995703ce8b3e,0.3333333333333333,2,3,6,
0,0,13.003554582595825,1,5ade8b2655429975fa854eff,0.0,0,6,2,
,,,,5a7afdc85542992d025e672e,,,,,Ollama request exceeded timeout limit for model stable-qwen with error: timed out
0,0,6.4748618602752686,0,5a7e96f655429934daa2fc39,0.16666666666666666,1,3,6,
0,0,6.460800409317017,0,5a8b8b3a5542995d1e6f13e5,0.5,1,3,2,
0,0,5.613753080368042,0,5a7e3117554299495941991b,0.0,0,3,4,
0,0,6.4871134757995605,0,5adf0d2d5542993a75d263e1,0.0,0,3,5,
0,0,6.507424592971802,0,5a860d09554299211dda2a53,0.25,1,3,4,
0,0,6.409169673919678,0,5a86ac555542996432c571e4,0.3333333333333333,1,3,3,
0,0,6.3002142906188965,0,5a86d7825542996432c571ec,0.5,1,3,2,
0,0,6.011721134185791,0,5a762d53554299109176e6a7,0.0,0,3,10,
0,0,6.479319334030151,0,5a75357c5542996c70cfaeab,0.5,1,3,2,
0,0,6.255529165267944,0,5ac07fff554299294b219006,0.3333333333333333,1,3,3,
0,0,6.453891277313232,0,5ac2b2e2554299218029dafa,1.0,2,3,2,
0,0,6.462346076965332,0,5a728f505542992359bc30f5,0.25,1,3,4,
0,0,6.2913641929626465,0,5ae55dda5542992663a4f1e9,0.0,0,3,3,
0,0,5.969811916351318,0,5a8cfa2e554299585d9e378b,0.5,1,3,2,
0,0,11.918730974197388,1,5add47085542997545bbbd13,0.5,1,6,2,
0,0,5.472364664077759,0,5ae2eda355429928c4239570,0.3333333333333333,1,3,3,
0,0,5.493583917617798,0,5ac0e064554299012d1db64e,0.0,0,3,3,
0,0,5.419766187667847,0,5ab746c8554299110f219aef,0.25,1,3,4,
0,0,5.437011480331421,0,5a72bbfa5542992359bc318d,0.0,0,3,5,
0,0,5.482786417007446,0,5a7fa5b05542994857a7679b,0.0,0,3,5,
0,0,5.4295899868011475,0,5addbf645542997dc7907014,0.0,0,3,3,
0,0,5.455785751342773,0,5ac50c0355429924173fb581,0.0,0,3,5,
0,0,5.470858812332153,0,5a7929c8554299029c4b5f11,0.0,0,3,2,
0,0,0.23374724388122559,1,5a7195a05542994082a3e881,0.0,0,3,3,
0,0,11.304060459136963,1,5a8c9641554299585d9e36f5,1.0,1,6,1,
0,0,14.729496479034424,1,5a7fc41455429969796c1b51,0.0,0,6,8,
0,0,5.409628868103027,0,5a7131565542994082a3e64f,0.25,1,3,4,
0,0,5.4703049659729,0,5ab7f0b9554299366779405d,0.0,0,3,4,
0,0,5.432377576828003,0,5ac54cef5542993e66e822da,0.0,0,3,4,
0,0,5.431504249572754,0,5aba725455429901930fa7cc,0.25,1,3,4,
0,0,5.42352294921875,0,5a7774e155429967ab10518d,0.14285714285714285,1,3,7,
0,0,5.925111770629883,0,5ab680d15542995eadef0011,0.5,1,3,2,
0,0.031746031746031744,5.447798252105713,0,5a75e67d5542992db9473709,0.5,1,3,2,
0,0.03278688524590164,5.514025926589966,0,5adcf3a45542994ed6169c38,0.2,1,3,5,
0,0,5.464228630065918,0,5ac1928655429964131be234,0.0,0,3,7,
0,0.03225806451612903,5.462270498275757,0,5ab5d9af554299494045f07e,0.3333333333333333,1,3,3,
0,0,5.490534543991089,0,5ab2d15e554299545a2cfaa6,0.0,0,3,3,
0,0,5.488146543502808,0,5a72df8d5542992359bc31b4,0.25,1,3,4,
0,0,9.579421997070312,1,5a8843cd5542994846c1ce75,0.16666666666666666,1,5,6,
0,0,111.60699582099915,5,5adf51e05542995534e8c78a,0.5,1,18,2,
0,0,49.51249623298645,5,5ac274fc55429963665199c1,0.5,2,18,4,
0,0,10.394737482070923,0,5a7f5f655542994857a7670b,0.2,1,3,5,
0,0,10.438028573989868,0,5a7736ef55429972597f14a7,0.5,1,3,2,
0,0,10.339981317520142,0,5ae52bc75542992663a4f12d,0.3333333333333333,1,3,3,
0,0,10.383522510528564,0,5ab5c984554299488d4d9a21,0.1111111111111111,1,3,9,
0,0,10.441324949264526,0,5a7d1e685542995ed0d165f7,0.0,0,3,4,
0,0,10.418504238128662,0,5a7d97205542990b8f5039c7,0.5,1,3,2,
0,0,10.433743715286255,0,5ae241005542994d89d5b3a4,1.0,1,3,1,
0,0,10.454623222351074,0,5a7b537555429927d897bf90,0.3333333333333333,1,3,3,
0,0,10.377977848052979,0,5ab989f755429970cfb8eb38,0.0,0,3,3,
0,0,7.914446592330933,0,5ae33a3b5542992f92d8224a,0.0,0,3,5,
0,0,45.35705327987671,5,5abec12b5542997ec76fd358,0.14285714285714285,1,18,7,
0,0,7.635724067687988,0,5ae2c416554299492dc91c67,1.0,2,3,2,
0,0,7.746724605560303,0,5a7a43f25542996a35c1716c,0.3333333333333333,1,3,3,
0,0,28.77266025543213,2,5a87a7235542996e4f3088a8,0.25,1,9,4,
0,0,13.564237833023071,0,5a85c3225542992a431d1b95,0.4,2,3,5,
0,0,7.81336784362793,0,5ab928c255429934fafe6e6e,0.0,0,3,5,
0,0,13.543872117996216,0,5a7aa2a255429941d65f270e,1.0,1,3,1,
0,0,48.74322557449341,5,5ab61798554299488d4d9aaa,0.25,1,18,4,
0,0,49.11061668395996,5,5a7662745542992db9473786,0.2,1,18,5,
0,0,49.9004282951355,5,5ae53fcb55429960a22e029e,1.0,1,18,1,
0,0,50.437458515167236,5,5a7adaa35542992d025e670c,0.6666666666666666,2,18,3,
0,0,48.765974283218384,5,5abe407155429976d4830ab4,0.6666666666666666,2,18,3,
0,0,46.22428035736084,5,5ae340a85542994393b9e668,0.5,1,18,2,
0,0,48.39949059486389,5,5abe36aa5542993f32c2a08f,0.0,0,18,2,
0,0,49.44801878929138,5,5abbf519554299114383a0ad,0.0,0,18,5,
0,0,55.083858013153076,1,5a7b1c0a55429931da12c9c9,0.0,0,6,4,
0,0,46.13941478729248,5,5ae29d8a5542996483e64a0f,0.0,0,18,7,
0,0,49.31474781036377,5,5ae157ed5542990adbacf75d,0.0,0,18,8,
0,0,47.77841258049011,5,5ae17e4255429901ffe4aeae,0.25,2,18,8,
0,0,50.62988519668579,5,5a8a2e465542996c9b8d5e32,0.0,0,18,3,
0,0,50.697505712509155,5,5a8aff3d55429971feec45df,0.0,0,18,4,
0,0,43.60559153556824,4,5ae6152d5542996de7b71b38,0.4,2,15,5,
0,0,25.52991771697998,2,5a8eaa74554299068b959e88,0.0,0,9,8,
0,0,50.8015398979187,5,5a8de02b554299068b959e13,1.0,1,18,1,
0,0,46.92895841598511,5,5a8c7703554299585d9e36b9,0.0,0,18,7,
0,0,40.4807345867157,5,5a72688c5542997f827839b2,0.5,1,18,2,
0,0,44.598060607910156,5,5a77789d55429949eeb29e4e,0.14285714285714285,1,18,7,
0,0,23.544548273086548,2,5ab57fc4554299488d4d99c0,0.0,0,9,7,
0,0,7.893341064453125,0,5a72a5a75542992359bc314e,0.0,0,3,9,
0,0,18.12681770324707,1,5a8b2f2b5542995d1e6f12fa,0.3333333333333333,1,6,3,
0,0,8.191569089889526,0,5ab96ecb5542996be20204e6,0.0,0,3,5,
0,0,8.148647546768188,0,5a710d155542994082a3e520,0.5,1,3,2,
0,0,8.20237421989441,0,5a77388e55429966f1a36cb1,0.5,1,3,2,
0,0,8.165857315063477,0,5ade0fbb5542995b365fabfb,0.16666666666666666,1,3,6,
0,0,49.07144212722778,5,5ab2e8ad554299340b525562,0.5,1,18,2,
0,0.023121387283236993,40.350242614746094,4,5aba971a55429955dce3ee94,0.0,0,15,4,
0,0.01212121212121212,8.123217582702637,0,5ae7f7ec554299540e5a56de,0.16666666666666666,1,3,6,
0,0,8.091724872589111,0,5ac557975542993e66e8231c,0.0,0,3,4,
0,0,28.38924241065979,3,5a85f8665542994775f606ce,0.16666666666666666,1,12,6,
0,0,47.08146119117737,5,5aba72d75542994dbf019912,0.0,0,18,3,
0,0,170.61991834640503,5,5ade78e255429939a52fe8d0,0.0,0,18,8,
0,0,44.823137283325195,5,5a746ddc55429929fddd8423,0.5,1,18,2,
0,0,41.922274589538574,5,5ae21ef35542994d89d5b35d,0.0,0,18,3,
0,0,33.16509485244751,5,5a8dafbd554299068b959da0,0.0,0,18,3,
0,0,36.47770023345947,4,5ae3006c55429928c423959f,0.5,1,15,2,
0,0,5.967851877212524,0,5a7905ca554299148911f9c8,0.3333333333333333,1,3,3,
0,0,6.331843137741089,0,5ae678915542996d980e7b70,0.3333333333333333,1,3,3,
0,0,5.94026255607605,0,5ae195bf5542997b2ef7d207,0.2,1,3,5,
0,0,6.396015405654907,0,5a733caa5542992359bc32a3,0.0,0,3,15,
0,0,6.420464515686035,0,5a7ccb3655429909bec7680b,0.5,2,3,4,
0,0,6.414397239685059,0,5addc2b75542997dc7907017,0.16666666666666666,1,3,6,
0,0,6.448481321334839,0,5a89a13c55429946c8d6e97a,0.2,1,3,5,
0,0.025974025974025972,6.432538986206055,0,5adbc9a4554299438c868caf,0.125,1,3,8,
0,0,6.444918155670166,0,5a71474b5542994082a3e74f,0.3333333333333333,1,3,3,
0,0,6.343307256698608,0,5ae5c27b554299546bf82f4c,1.0,1,3,1,
0,0,6.391075611114502,0,5ae40b2b55429970de88d8b3,0.0,0,3,3,
0,0,5.951242446899414,0,5abe54585542991f66106148,0.0,0,3,3,
0,0,9.65811038017273,0,5ae6529a55429929b0807b32,1.0,2,3,2,
0,0,7.702309846878052,0,5a8e43455542990e94052aa1,0.3333333333333333,1,3,3,
0,0,6.39751124382019,0,5ae68a065542991bbc97611e,0.25,1,3,4,
0,0,6.3708086013793945,0,5a8b64695542997f31a41d04,0.0,0,3,3,
0,0,10.769752502441406,1,5ac44b47554299194317396c,0.0,0,6,6,
0,0,5.978920221328735,0,5adeda67554299728e26c7db,0.5,2,3,4,
0,0,6.319162130355835,0,5abd0f4b55429933744ab6e3,0.25,1,3,4,
0,0,6.533868312835693,0,5ade9c2155429939a52fe8fe,1.0,3,3,3,
0,0,10.808926582336426,0,5ab900045542991b5579f0c0,0.0,0,3,3,
0,0,6.333496332168579,0,5a7f0c4b5542993067513600,0.0,0,3,2,
0,0,6.322234392166138,0,5ae524415542992663a4f121,0.25,1,3,4,
0,0,6.305055856704712,0,5ae28c0a554299495565daaa,0.0,0,3,5,
0,0,5.9891557693481445,0,5ab3fc215542992339550027,0.2,1,3,5,
0,0,6.30449104309082,0,5a88f180554299206df2b3cc,0.0,0,3,5,
0,0,6.367215871810913,0,5a80afcf554299485f5986b9,0.0,0,3,2,
0,0,5.976860523223877,0,5abc7d6d5542993a06baf8f3,0.42857142857142855,3,3,7,
0,0,25.070746898651123,3,5a7265a95542992359bc307a,0.5,2,12,4,
0,0,6.448052406311035,0,5ab6f39c554299110f219a79,0.5,1,3,2,
0,0,6.437976360321045,0,5a77414155429972597f14d7,0.0,0,3,2,
0,0,12.71924638748169,1,5a8e07b25542995085b3738d,0.1,1,6,10,
0,0,21.993206024169922,1,5ae72f75554299572ea5476c,0.25,1,6,4,
0,0,7.013471364974976,0,5ab90a2055429916710eb0ea,0.3333333333333333,1,3,3,
0,0,6.995260238647461,0,5ab28120554299449642c8cc,0.0,0,3,8,
0,0,6.887246370315552,0,5a8afb9955429971feec45c2,0.0,0,3,4,
0,0,6.9057066440582275,0,5a8080365542992097ad2fed,0.75,3,3,4,
0,0,6.96493124961853,0,5a73d4385542992d56e7e3b1,0.3333333333333333,1,3,3,
0,0,6.923335790634155,0,5ab2e84855429929539468a6,0.0,0,3,4,
0,0,6.503647089004517,0,5a81cf64554299676cceb0ed,1.0,1,3,1,
0,0,6.961827039718628,0,5abbb64455429931dba144b4,0.3333333333333333,2,3,6,
0,0.03960396039603961,6.953620433807373,0,5ae49b705542995ad6573dbc,0.0,0,3,4,
0,0,6.9297308921813965,0,5a7e279d5542995ed0d166b5,0.0,0,3,5,
0,0,6.463572263717651,0,5a7dbb605542997cc2c47486,0.25,1,3,4,
0,0,6.952944278717041,0,5ae1afe9554299234fd042c6,0.3333333333333333,2,3,6,
0,0,6.92353081703186,0,5a8ceb4955429941ae14df43,0.0,0,3,7,
0,0,6.959672689437866,0,5a88082055429938390d3ed2,0.5,1,3,2,
0,0,6.975943326950073,0,5ab2f53d5542991669774157,0.5,2,3,4,
0,0,6.486651659011841,0,5ae8295955429952e35eaa6d,1.0,1,3,1,
0,0,6.3703978061676025,0,5ab6a261554299710c8d1f07,0.25,1,3,4,
0,0.02061855670103093,6.916037082672119,0,5a78d70b55429974737f78d1,1.0,1,3,1,
0,0,6.427263498306274,0,5ae4bcfc55429913cc2044eb,0.0,0,3,4,
0,0,7.007680654525757,0,5ae5f9b355429929b0807a4b,0.125,1,3,8,
0,0.040816326530612256,6.915042877197266,0,5a7286865542991f9a20c4cb,0.2,1,3,5,
0,0,6.977118015289307,0,5a8ba60b554299240d9c205b,0.14285714285714285,1,3,7,
0,0,6.448617935180664,0,5a7a32225542990783324eb4,0.3333333333333333,1,3,3,
0,0,6.969358921051025,0,5ae0e0125542993d6555ec79,0.0,0,3,5,
0,0,6.89520525932312,0,5a7c75045542990527d554b2,0.5,1,3,2,
0,0,6.955538749694824,0,5add8f055542990dbb2f7e6d,0.3333333333333333,1,3,3,
0,0,6.929651498794556,0,5a85f2f55542997b5ce40036,0.0,0,3,7,
0,0,6.955447673797607,0,5abbd4035542993f40c73bcb,0.0,0,3,6,
0,0,6.916188478469849,0,5addb7b65542997545bbbdba,0.0,0,3,10,
0,0.04938271604938272,6.577752351760864,0,5a8b69f45542997f31a41d19,0.0,0,3,3,
0,0,6.420526027679443,0,5ac3e68b5542997ea680c98b,1.0,1,3,1,
0,0,12.587950229644775,1,5ac54f8d5542993e66e822f5,2.0,2,6,1,
0,0.023529411764705882,6.5290796756744385,0,5ac3bff15542995ef918c213,0.0,0,3,12,
0,0,6.958685398101807,0,5ab283d9554299449642c8d8,0.3333333333333333,1,3,3,
0,0,6.9587461948394775,0,5a9092cc55429916514e74fd,0.25,1,3,4,
0,0,6.921955108642578,0,5ab9bb8355429970cfb8eb8b,0.5,1,3,2,
0,0,6.970393657684326,0,5a8a70ea55429970aeb702e4,0.14285714285714285,1,3,7,
0,0,6.545604705810547,0,5ae5a0765542992663a4f1fb,0.0,0,3,5,
0,0,6.928571939468384,0,5a8fa89c55429918e830d29f,0.5,1,3,2,
0,0,7.003147602081299,0,5a711ef85542994082a3e5ac,0.14285714285714285,1,3,7,
0,0,6.9722137451171875,0,5a7fa97d5542994857a767a9,0.0,0,3,8,
0,0,8.553102493286133,0,5a7336d05542992359bc3293,0.0,0,3,8,
0,0,7.009366750717163,0,5add559e5542992ae4cec511,1.0,1,3,1,
0,0,6.959397315979004,0,5ade45c75542992fa25da720,0.5,2,3,4,
0,0,6.466348886489868,0,5ae47cab5542996836b02cb9,0.0,0,3,5,
0,0,6.928910970687866,0,5ac2cb3e5542996773102627,0.6666666666666666,2,3,3,
0,0,6.950488805770874,0,5ab965bb554299743d22eb56,0.3333333333333333,1,3,3,
0,0,6.933173179626465,0,5a81549055429938b6142338,1.0,1,3,1,
0,0,6.9766833782196045,0,5ac3b40a554299741d48a2e5,0.25,1,3,4,
0,0,6.850140571594238,0,5ab6e848554299710c8d1faa,0.3333333333333333,1,3,3,
0,0,6.9763805866241455,0,5a7fb6625542994857a767cc,0.1,1,3,10,
0,0,6.992748022079468,0,5ae537e45542990ba0bbb235,0.3333333333333333,1,3,3,
0,0,6.958560943603516,0,5a76244c554299109176e65d,0.0625,1,3,16,
0,0,6.953440189361572,0,5ab568af554299494045efaf,0.2,1,3,5,
0,0,6.952747106552124,0,5a89a99f55429946c8d6e98f,0.3333333333333333,1,3,3,
0,0,6.969560384750366,0,5adbfa38554299438c868d00,0.2,1,3,5,
0,0,6.911719799041748,0,5a74e93e55429974ef308c92,0.5,1,3,2,
0,0,6.9725871086120605,0,5a75b7475542992d0ec05feb,0.0,0,3,9,
0,0,14.056218147277832,1,5ab7fd6b5542990e739ec7b5,0.2,1,6,5,
0,0,6.500310659408569,0,5a769b0d5542993569682c50,0.0,0,3,6,
0,0,6.446363687515259,0,5ae086d35542993d6555eb97,0.3333333333333333,1,3,3,
0,0,6.504879951477051,0,5a7183575542994082a3e85e,0.5,1,3,2,
0,0,6.450441360473633,0,5a769b115542993569682c51,0.3333333333333333,1,3,3,
0,0,6.384196758270264,0,5a8f2ba155429918e830d1b9,0.3333333333333333,2,3,6,
0,0,6.453405857086182,0,5a729cc25542991f9a20c532,1.0,1,3,1,
0,0,12.680302143096924,1,5abbf8be554299114383a0c1,1.0,1,6,1,
0,0,6.361998796463013,0,5a7d27f05542995ed0d1660d,0.25,1,3,4,
0,0,6.381584167480469,0,5a77666555429966f1a36d1f,0.0,0,3,6,
0,0,6.4290525913238525,0,5a8b24f955429949d91db4cd,0.5,1,3,2,
0,0,6.9783360958099365,0,5ae27b535542996483e649b6,0.0,0,3,6,
0,0,6.331839561462402,0,5a7f7b365542992097ad2f80,0.08333333333333333,1,3,12,
0,0,6.441153287887573,0,5ae4a1ef55429970de88d9e7,0.25,1,3,4,
0,0,6.378830909729004,0,5a876cd55542993e715abf36,0.0,0,3,4,
0,0,9.336134910583496,0,5a7e4414554299495941995c,0.0,0,3,7,
0,0,6.391231298446655,0,5ae5064e5542993aec5ec113,0.14285714285714285,1,3,7,
0,0,49.13361835479736,5,5a7770f855429966f1a36d4e,0.25,1,18,4,
0,0,49.58821177482605,5,5ae1e80b5542997f29b3c197,0.2,1,18,5,
0,0,11.190157890319824,0,5a7fc6645542992e7d278d6e,0.5,1,3,2,
0,0,7.434865474700928,0,5a8331f15542993344745fe8,0.0,0,3,5,
0,0,11.160610675811768,0,5ab85c8d55429934fafe6d84,0.25,1,3,4,
0,0,7.381135702133179,0,5a772e465542994aec3b7209,0.25,1,3,4,
0,0,7.499020338058472,0,5a8f7e785542992414482ae6,0.5,1,3,2,
0,0,11.17878246307373,0,5a7def0d5542990b8f503af9,0.2,1,3,5,
0,0,7.473642349243164,0,5adcde475542994d58a2f709,0.5,1,3,2,
0,0,7.442142724990845,0,5ae1b44c554299234fd042cd,0.0,0,3,5,
0,0,11.218181848526001,0,5a79e7b45542994f819ef0ff,0.0,0,3,5,
0,0,7.38911509513855,0,5a84ac585542991dd0999d72,0.0,0,3,8,
0,0,7.468873500823975,0,5ae1ce895542997f29b3c11e,0.0,0,3,3,
0,0,7.3859703540802,0,5adc99cf554299438c868e0d,0.0,0,3,3,
0,0,7.485609769821167,0,5a7c07e15542997c3ec972c7,0.0,0,3,5,
0,0,31.088277101516724,1,5ac3a8525542993915413895,0.3333333333333333,1,6,3,
0,0,7.534855127334595,0,5ac3caa15542995ef918c23a,1.0,2,3,2,
0,0,7.55799126625061,0,5addf0fd5542997dc79070d2,0.3333333333333333,1,3,3,
0,0,11.303650617599487,0,5a8f60175542992414482a90,0.2,1,3,5,
0,0,7.490806579589844,0,5a87bd4e5542996432c57279,0.16666666666666666,1,3,6,
0,0,7.491645336151123,0,5a76f7e855429972597f1404,0.0,0,3,5,
0,0.015873015873015876,7.572084426879883,0,5ab97b27554299131ca4233c,0.3333333333333333,1,3,3,
0,0,7.553330183029175,0,5add7ce55542992ae4cec585,0.5,1,3,2,
0,0,7.498315811157227,0,5ac3a2fa5542993915413857,0.0,0,3,3,
,,,,5ae1fc24554299492dc91bbd,,,,,Ollama request exceeded timeout limit for model stable-qwen with error: timed out
0,0,7.554071426391602,0,5abce2fc5542993a06baf994,0.16666666666666666,1,3,6,
0,0,7.520656108856201,0,5ae328f45542991a06ce993c,1.0,1,3,1,
0,0,7.506637096405029,0,5a7a83b3554299042af8f652,0.5,1,3,2,
0,0,7.525395393371582,0,5ab414295542996a3a969f1d,0.0,0,3,1,
0,0,7.4908833503723145,0,5ae184185542990adbacf7ac,0.0,0,3,5,
0,0,7.474123001098633,0,5ab529b8554299637185c4e7,0.3333333333333333,1,3,3,
0,0,7.5587687492370605,0,5ae733dc5542991e8301cbd1,0.0,0,3,6,
0,0,7.547516822814941,0,5a8900c75542997e5c09a6ed,0.0,0,3,3,
0,0,7.528783798217773,0,5abbf43d5542993f40c73c2f,0.2222222222222222,2,3,9,
0,0,7.490463495254517,0,5abb9928554299642a094ab9,0.0,0,3,4,
0,0,7.501859188079834,0,5a88bedb554299206df2b35a,0.6666666666666666,2,3,3,
0,0,7.49862813949585,0,5a858dc85542997b5ce40002,0.0,0,3,3,
0,0,7.510843992233276,0,5a8c5b635542996e8ac88a75,0.0,0,3,3,
0,0,7.5292370319366455,0,5ae707a25542991bbc9761a7,0.2,1,3,5,
0,0,7.484628438949585,0,5a8abcab5542996c9b8d5f67,1.0,1,3,1,
0,0,7.456872224807739,0,5ae622495542995703ce8b20,0.0,0,3,4,
0,0,7.5195136070251465,0,5ac385f8554299741d48a279,0.0,0,3,2,
0,0,7.549176454544067,0,5a7739e255429972597f14ad,0.25,1,3,4,
0,0,7.508162021636963,0,5ac3def75542997ea680c95f,0.0,0,3,5,
0,0,7.496237277984619,0,5a78f05155429970f5fffde3,0.2,1,3,5,
0,0,7.362417459487915,0,5a778a8e5542992a6e59deca,0.5,1,3,2,
0,0,7.557683229446411,0,5add21555542992ae4cec496,0.3333333333333333,1,3,3,
0,0,7.498956680297852,0,5adff056554299603e4183cc,0.25,1,3,4,
0,0.015873015873015876,7.517934560775757,0,5ae4d1a355429913cc204513,0.0,0,3,5,
0,0,18.073402166366577,0,5ab4355555429942dd415ee3,0.5,1,3,2,
0,0,7.524129152297974,0,5a7bc42e554299294a54aabe,0.0,0,3,4,
0,0,0.40938758850097656,1,5a8bc29a5542995d1e6f1446,0.0,0,3,1,
0,0,7.718281269073486,0,5a87560d5542994775f607d9,0.3333333333333333,2,3,6,
0,0,7.548163414001465,0,5a77372b554299373536021c,0.5,2,3,4,
0,0,7.497330188751221,0,5abdf8c45542993f32c2a072,0.75,3,3,4,
0,0,7.466428518295288,0,5a7128b05542994082a3e5f2,0.5,2,3,4,
,,,,5ac3e07b5542997ea680c96c,,,,,Ollama request exceeded timeout limit for model stable-qwen with error: timed out
0,0,7.514195203781128,0,5abd8bf95542996e802b47ba,0.0,0,3,7,
0,0,7.5048136711120605,0,5a875cd65542996e4f30879d,0.3333333333333333,1,3,3,
0,0.015267175572519087,7.49999475479126,0,5ac3a928554299391541389f,0.0,0,3,10,
0,0,7.537637948989868,0,5a84ad3a5542992a431d1a8b,0.0,0,3,3,
0,0,9.367407083511353,0,5ab7de455542992aa3b8c864,0.0,0,3,4,
0,0,7.571019887924194,0,5ae4cb2f55429960a22e01e8,0.0,0,3,5,
0,0,7.528049945831299,0,5ae3d2715542990afbd1e1e9,0.6666666666666666,2,3,3,
0,0,7.600893020629883,0,5a8b42be55429949d91db515,0.5,1,3,2,
0,0,7.493485689163208,0,5a8afa4d55429949d91db44c,0.0,0,3,4,
0,0,7.528666257858276,0,5a7f5da85542992097ad2f3e,0.25,1,3,4,
0,0,7.514872312545776,0,5a87b30c5542994846c1cdcf,0.25,1,3,4,
0,0,7.500469923019409,0,5abd72d155429933744ab7e0,0.3333333333333333,1,3,3,
0,0,7.5181968212127686,0,5a724dc25542990c210a40df,0.25,1,3,4,
0,0,7.523502588272095,0,5ac24cc45542996366519963,0.0,0,3,3,
0,0,7.560410022735596,0,5ae4a45b55429970de88d9ed,0.0,0,3,8,
0,0.030303030303030307,7.535505771636963,0,5ae3d5ec5542992f92d8238c,0.14285714285714285,1,3,7,
0,0,7.526055335998535,0,5a81b92a5542995ce29dcc52,0.5,1,3,2,
0,0,0.29326295852661133,1,5a732ca45542992359bc325d,0.14285714285714285,1,3,7,
0,0,7.638453483581543,0,5a85d6d95542996432c570fb,0.0,0,3,2,
0,0,7.5104005336761475,0,5a7a11c85542996a35c170b4,0.25,1,3,4,
0,0,7.484997510910034,0,5abfa18f5542990832d3a176,0.0,0,3,10,
0,0.016,15.870975017547607,1,5ae0f4645542997b2ef7d0aa,0.5,1,6,2,
0,0.015873015873015876,7.511800527572632,0,5a714dea5542994082a3e7a9,0.0,0,3,3,
0,0,7.548412084579468,0,5a7cdc54554299683c1c63a5,0.3333333333333333,1,3,3,
0,0,6.318774700164795,0,5ab42ae95542991751b4d6c4,0.5,1,3,2,
0,0,11.352904796600342,0,5ac0b1835542992a796ded65,0.125,1,3,8,
0,0,7.519449949264526,0,5a73bddb55429978a71e909d,0.3333333333333333,1,3,3,
0,0,7.470515727996826,0,5ab3ddbc55429969a97a81dc,0.0,0,3,4,
0,0,7.535402536392212,0,5ac4deff554299076e296e26,0.5,1,3,2,
0,0,7.482499122619629,0,5ab73eaf5542992aa3b8c7ef,0.0,0,3,1,
0,0,7.475926160812378,0,5ab92f52554299131ca422a9,0.0,0,3,9,
0,0,7.497507333755493,0,5a7943c655429970f5fffe89,0.0,0,3,16,
0,0,7.507789850234985,0,5a860baa554299211dda2a4c,0.0,0,3,7,
0,0,6.31195855140686,0,5a731a635542994cef4bc458,0.3333333333333333,1,3,3,
0,0,7.518140554428101,0,5ab953a45542996be202047f,0.16666666666666666,1,3,6,
0,0,7.509769678115845,0,5ae26c795542992decbdccfb,0.0,0,3,7,
0,0,17.550513744354248,1,5a8fb65d5542997ba9cb32fa,0.5,1,6,2,
0,0,7.552151441574097,0,5a7ef18c55429934daa2fc84,0.125,1,3,8,
0,0,7.568875551223755,0,5a75e67f55429976ec32bc8b,0.5,2,3,4,
0,0,7.5546746253967285,0,5a81967a55429926c1cdad44,0.0,0,3,6,
0,0,26.143996477127075,1,5ae0fd9655429920d5234264,0.25,1,6,4,
0,0,7.567468643188477,0,5a7a103b5542990783324e27,0.14285714285714285,1,3,7,
0,0,7.579458713531494,0,5aba510f5542994dbf0198d6,0.0,0,3,3,
0,0,7.618553638458252,0,5a7602d8554299109176e5fb,0.25,1,3,4,
0,0,7.536516904830933,0,5adcca7f5542994ed6169c06,0.5,2,3,4,
0,0,7.618033409118652,0,5a73471a5542991f9a20c6d7,0.16666666666666666,1,3,6,
0,0,7.5474693775177,0,5ae64b015542992ae0d162bc,0.0,0,3,5,
0,0,15.569365739822388,1,5a7380e855429905862fe041,0.5,1,6,2,
0,0,7.609169244766235,0,5ac21ac05542991316484bee,0.125,1,3,8,
0,0,59.53532910346985,5,5ae7247b5542992ae0d163c1,0.0,0,18,4,
0,0,18.5068097114563,1,5ae446825542995ad6573d21,0.3333333333333333,2,6,6,
0,0.010362694300518135,9.152947187423706,0,5ae6c7b35542992ae0d1639c,0.16666666666666666,1,3,6,
0,0,51.073116302490234,5,5a84c0885542994c784dda28,1.0,2,18,2,
0,0,57.87177348136902,5,5a84be845542991dd0999dcf,0.2,1,18,5,
0,0,18.69258403778076,1,5adf03765542995534e8c72b,0.3333333333333333,1,6,3,
0,0,8.460363149642944,0,5ae35b035542992e3233c3ae,0.0,0,3,4,
0,0,9.24605417251587,0,5adebc9b554299728e26c79d,0.3333333333333333,1,3,3,
0,0,0.24124979972839355,0,5a7b22f8554299042af8f6ff,,,,,
0,0,9.447661399841309,0,5ae0432a55429924de1b7081,0.3333333333333333,1,3,3,
0,0.022099447513812154,18.051427841186523,1,5ab55455554299488d4d993b,0.0,0,6,2,
0,0,8.592693328857422,0,5ae676915542995703ce8b66,0.6666666666666666,2,3,3,
0,0,12.577790260314941,1,5a7782b95542995d8318117f,2.0,2,6,1,
0,0,29.095216274261475,1,5a81e8ea5542995ce29dcc73,0.0,0,6,3,
0,0,15.018721103668213,0,5a879fe05542996e4f30888a,0.0,0,3,11,
0,0,14.59495997428894,0,5adffd4755429906c02daa9b,0.0,0,3,5,
0,0,14.419394493103027,0,5abcf1ce554299700f9d7930,0.6666666666666666,2,3,3,
0,0,14.510187149047852,0,5ac13d5c5542996f0d89cc78,0.5,1,3,2,
0,0,30.9083194732666,1,5a7aa9425542992d025e66e4,0.3333333333333333,1,6,3,
0,0,14.292096614837646,0,5a8241a855429940e5e1a819,0.25,2,3,8,
0,0,14.30515432357788,0,5ab29caa554299545a2cf9d3,0.75,3,3,4,
0,0,16.02055788040161,0,5a7a33a35542994f819ef14c,0.0,0,3,4,
0,0,14.265137434005737,0,5ae4dd0955429960a22e0201,0.16666666666666666,1,3,6,
0,0,14.249526262283325,0,5aba7d7d554299232ef4a303,0.0,0,3,3,
0,0,14.243208646774292,0,5ab2c0de5542992953946870,0.3333333333333333,1,3,3,
0,0,14.245566368103027,0,5a8459aa5542996488c2e51e,0.0,0,3,3,
0,0,14.526600122451782,0,5a7481d755429974ef308c12,0.5,1,3,2,
0,0,14.495050191879272,0,5ac31bbd554299741d48a1f9,0.5,1,3,2,
0,0,26.074597120285034,1,5a7780e855429949eeb29e9f,0.25,1,6,4,
0,0,14.10734224319458,0,5a7c9ead5542990527d554e4,0.0,0,3,1,
0,0.010810810810810811,14.136281728744507,0,5ab2eff05542991669774140,0.2,1,3,5,
0,0,14.338371276855469,0,5ab67c0055429954757d32f6,0.0,0,3,2,
0,0,14.302183628082275,0,5ae0198455429942ec259c1e,0.0,0,3,2,
0,0,14.088894844055176,0,5a75da235542992db94736f9,0.0,0,3,3,
0,0,14.047947406768799,0,5ae532e955429908b632656f,0.0,0,3,5,
0,0,13.97906494140625,0,5a73aeb855429908901be311,0.0,0,3,4,
0,0,14.114052534103394,0,5abaccd1554299660624161b,0.5,1,3,2,
0,0,14.008658647537231,0,5a7f6fd75542992e7d278cfa,0.2,1,3,5,
0,0,14.112685203552246,0,5a75b7bd5542992d0ec05fec,0.5,1,3,2,
0,0,14.03435730934143,0,5abd7aba55429924427fcfed,0.5,1,3,2,
0,0,14.053298950195312,0,5ae4c7c65542990ba0bbb12b,0.16666666666666666,1,3,6,
0,0.005249343832020997,14.342613697052002,0,5ab6d04c554299710c8d1f70,0.5,1,3,2,
0,0,13.976218700408936,0,5a8b768655429949d91db5a9,0.5,1,3,2,
0,0,14.031830072402954,0,5ae1c214554299234fd042ed,0.4,2,3,5,
0,0,14.362773180007935,0,5abdb4a755429965af743df0,0.3333333333333333,1,3,3,
0,0,14.591557264328003,0,5a81df4b55429903bc27b9f8,0.3333333333333333,1,3,3,
0,0,25.410978317260742,1,5ae3f6775542991a06ce9a3f,0.3333333333333333,1,6,3,
0,0,14.395472288131714,0,5abc7bf5554299114383a129,1.0,1,3,1,
0,0.005277044854881266,14.456871509552002,0,5ae26197554299495565da51,0.0,0,3,9,
0,0,14.369706392288208,0,5a8391f55542996488c2e45c,0.0,0,3,5,
0,0,14.363911151885986,0,5a8a367a55429930ff3c0d03,0.0,0,3,2,
0,0,14.3805673122406,0,5adf41a45542993a75d26456,0.5,1,3,2,
0,0,14.370126962661743,0,5a8e92b55542995085b37458,0.0,0,3,9,
0,0,22.272891998291016,1,5ac029655542992a796decb3,0.16666666666666666,1,6,6,
0,0,12.483745098114014,0,5ade09a15542995b365fabdf,0.0,0,3,12,
0,0,12.513471126556396,0,5abae1725542996cc5e49ece,0.25,1,3,4,
0,0,12.531988620758057,0,5a7ca74c55429907fabeefe9,1.0,1,3,1,
0,0.2222222222222222,0.39585113525390625,1,5a82ffef55429954d2e2ebf2,0.3333333333333333,1,3,3,
0,0,12.698177099227905,0,5a8da0b85542994ba4e3dcd3,0.1111111111111111,1,3,9,
0,0,153.38124251365662,5,5a8193275542995ce29dcc07,0.0,0,18,5,
0,0,38.30641412734985,5,5a861c0d5542994775f606f7,0.3333333333333333,1,18,3,
0,0,38.83150815963745,5,5a863114554299211dda2aa5,0.5,2,18,4,
0,0,35.34672570228577,5,5ae37ca55542992f92d822d5,0.3333333333333333,1,18,3,
0,0,6.907427787780762,0,5ae6196d5542995703ce8afd,0.2857142857142857,2,3,7,
0,0,35.04497194290161,5,5ae4b5935542995ad6573e27,0.0,0,18,5,
0,0,38.336472034454346,5,5abffdec554299012d1db55d,0.3333333333333333,1,18,3,
0,0,17.73930263519287,1,5a86458b5542991e771815ec,0.3333333333333333,1,6,3,
0,0,9.105283260345459,0,5a8a59c955429930ff3c0da6,0.3333333333333333,1,3,3,
0,0,9.062656879425049,0,5a81d69055429903bc27b9de,1.0,1,3,1,
0,0,41.533488035202026,5,5a7299465542992359bc3131,0.5,3,18,6,
,,,,5a8af1e255429950cd6afc28,,,,,Ollama request exceeded timeout limit for model stable-qwen with error: timed out
0,0,41.502381324768066,5,5a773ec355429966f1a36ccb,1.0,1,18,1,
0,0,43.82449460029602,5,5a7da6c25542995ed0d16652,0.6666666666666666,2,18,3,
0,0,42.885781049728394,5,5ab1e75f554299340b525422,0.0,0,18,7,
0,0,50.65454578399658,5,5a7a99db55429941d65f26ea,0.5,2,18,4,
0,0,45.90997290611267,5,5adbd68155429947ff173842,0.5,1,18,2,
0,0,46.1891872882843,5,5a78f3d255429970f5fffdf1,0.1111111111111111,1,18,9,
0,0,44.09755825996399,5,5a8c51f0554299240d9c2111,2.0,6,18,3,
0,0,40.391271352767944,5,5a808afb5542992bc0c4a76b,0.0,0,18,2,
0,0,24.963692665100098,3,5a84a7f95542992a431d1a85,0.2,1,12,5,
0,0.03225806451612903,78.63456702232361,5,5ab5f372554299488d4d9a60,0.5,1,18,2,
0,0,36.42213153839111,5,5aba916c55429901930fa83b,0.125,1,18,8,
0,0,32.2451331615448,5,5ae5669755429960a22e02ec,0.4,2,18,5,
0,0,33.270278453826904,5,5ab5cd0d554299488d4d9a30,0.3333333333333333,1,18,3,
0,0,24.893120050430298,3,5ae6c2285542995703ce8b9a,0.5,1,12,2,
0,0,33.930928230285645,5,5a843cf35542996488c2e51b,0.2,1,18,5,
0,0,35.434598445892334,5,5a76db3555429972597f13e7,1.3333333333333333,4,18,3,
0,0,33.689162254333496,5,5a74524455429979e28828f6,0.3333333333333333,1,18,3,
0,0.044444444444444446,4.952220678329468,0,5ac531ea5542994611c8b419,0.0,0,3,8,
0,0,4.993517875671387,0,5ab2fccb5542991669774176,0.6666666666666666,2,3,3,
0,0,5.0699379444122314,0,5a7618d85542994ccc9186cf,0.0,0,3,8,
0,0,4.968120098114014,0,5a8d75f35542994ba4e3dc8b,0.0,0,3,2,
0,0.2,0.31380605697631836,1,5a7790ed5542992a6e59defb,0.0,0,3,2,
0,0,10.918606519699097,1,5a8c7623554299653c1aa07a,0.25,1,6,4,
0,0,20.717398166656494,3,5abcd77755429965836004ce,0.2,1,9,5,
0,0,22.716829299926758,3,5abe0e4e55429976d4830a62,0.0,0,12,3,
0,0,24.178927421569824,3,5ab6fc8a5542991d32223714,1.0,2,12,2,
0,0,28.52631902694702,4,5add9bfa5542990dbb2f7e85,0.4,2,15,5,
0,0,5.0307745933532715,0,5adfc06d55429906c02daa2a,0.3333333333333333,1,3,3,
0,0,4.987902641296387,0,5ac298805542990b17b15429,1.0,1,3,1,
0,0,4.9947168827056885,0,5a8089dc5542992bc0c4a765,0.3333333333333333,1,3,3,
0,0,4.9973766803741455,0,5ae4e29855429908b63264a9,0.0,0,3,3,
0,0,4.935334205627441,0,5a8e942b5542995085b3745c,0.0,0,3,5,
0,0,4.995934247970581,0,5abaf0e055429966062416a3,0.3333333333333333,1,3,3,
0,0,4.982125759124756,0,5aba3bb855429955dce3ede7,0.5,1,3,2,
0,0,4.99636173248291,0,5a81e107554299676cceb12a,0.3333333333333333,1,3,3,
0,0,5.021328449249268,0,5ae2133e554299495565d9e3,0.14285714285714285,1,3,7,
0,0,4.984574556350708,0,5a738a5955429908901be2f6,0.16666666666666666,1,3,6,
0,0,5.033031225204468,0,5a7f354b5542992e7d278c8c,0.5,1,3,2,
0,0,4.994945287704468,0,5a8656ca554299211dda2afc,0.5,1,3,2,
,,,,5ae6c0f35542991bbc97616f,,,,,Ollama request exceeded timeout limit for model stable-qwen with error: timed out
0,0,4.973438024520874,0,5a776f8555429972597f1534,0.16666666666666666,1,3,6,
0,0,5.010413646697998,0,5a81db0b5542990a1d231ee2,0.0,0,3,3,
0,0,5.023226261138916,0,5ab90d8955429916710eb0f1,0.25,1,3,4,
0,0,4.9534828662872314,0,5aba8d4655429901930fa82b,0.2,1,3,5,
0,0,5.07938814163208,0,5a8f15d2554299458435d551,0.0,0,3,13,
0,0,4.991562843322754,0,5add352b5542990dbb2f7dc4,0.0,0,3,5,
0,0,5.006373405456543,0,5a8249b85542990a1d231f8f,0.16666666666666666,1,3,6,
0,0,0.260364294052124,1,5ae4a91d5542995ad6573e09,0.0,0,3,2,
0,0,5.13044810295105,0,5ab57022554299637185c59e,0.3333333333333333,1,3,3,
0,0,4.991687536239624,0,5a7fc5c25542992e7d278d6a,0.14285714285714285,1,3,7,
0,0,4.945068120956421,0,5a7300b85542994cef4bc41a,0.3333333333333333,1,3,3,
0,0,4.97259521484375,0,5abffda6554299012d1db55b,0.0,0,3,2,
0,0,4.993469476699829,0,5ab9b7d555429970cfb8eb7a,0.5,2,3,4,
0,0,4.964965581893921,0,5a70f4695542994082a3e435,0.0,0,3,7,
0,0,9.706623077392578,1,5a82ffe755429940e5e1a949,0.0,0,6,9,
0,0,5.100178241729736,0,5a7b5aff55429931da12ca6d,0.3333333333333333,1,3,3,
0,0,5.037932395935059,0,5a78e49855429974737f78f3,0.25,1,3,4,
0,0,5.026715040206909,0,5a7bcc0f554299042af8f7e2,0.125,1,3,8,
0,0.047619047619047616,5.001562833786011,0,5ac29a835542990b17b1542f,0.3333333333333333,1,3,3,
0,0,4.992387056350708,0,5abd245555429924427fcf0f,0.0,0,3,3,
0,0,5.033366918563843,0,5adcd7325542994d58a2f6f6,0.0,0,3,2,
0,0,4.986845016479492,0,5a74994a55429974ef308c2e,0.0,0,3,4,
0,0,4.987849712371826,0,5a90b7f355429916514e752d,0.2,1,3,5,
0,0,5.015130043029785,0,5adfc11e55429942ec259b3a,0.125,1,3,8,
0,0,5.007737636566162,0,5ae8242455429952e35eaa54,1.0,2,3,2,
0,0,5.001575231552124,0,5ac3d1d9554299204fd21e8a,1.0,2,3,2,
0,0,5.026250600814819,0,5a7724715542994aec3b71fd,0.0,0,3,3,
0,0,4.970184087753296,0,5a862da855429960ec39b640,0.0,0,3,7,
0,0,4.968103408813477,0,5a7f677455429969796c1a37,0.0,0,3,4,
0,0,4.984044790267944,0,5a72429355429971e9dc9375,1.0,1,3,1,
0,0,35.26108908653259,5,5a73cf5e55429978a71e909f,0.0,0,18,3,
0,0,10.84745740890503,1,5ab916e155429919ba4e23a4,0.5,1,6,2,
0,0,10.69196891784668,1,5abae1055542996cc5e49ec9,0.2,1,6,5,
0,0,16.678694248199463,2,5addd5965542997dc7907047,0.6666666666666666,2,9,3,
0,0,5.020489454269409,0,5ae547f85542990ba0bbb254,0.0,0,3,4,
0,0,0.5056068897247314,0,5a75321555429916b0164290,,,,,
0,0,10.892728805541992,1,5ab2d61155429916697740ff,0.0,0,6,9,
0,0,4.877651929855347,0,5ab29bdc554299545a2cf9d1,0.0,0,3,4,
0,0,4.875294208526611,0,5ab4da5b55429942dd415f96,0.3333333333333333,1,3,3,
0,0,4.940783262252808,0,5a76d15e55429966f1a36bfa,0.3333333333333333,1,3,3,
0,0,4.9574480056762695,0,5ab29486554299545a2cf9a4,0.0,0,3,4,
0,0,4.935604810714722,0,5ac282875542996773102546,0.2857142857142857,2,3,7,
0,0,10.097561836242676,1,5a7ee0d05542994959419a88,0.3333333333333333,2,6,6,
0,0,12.420397996902466,1,5a823fc055429940e5e1a810,0.0,0,6,4,
0,0,5.09512996673584,0,5ae322b75542994393b9e622,1.0,2,3,2,
0,0,5.011944770812988,0,5ac173d85542994d76dcce37,0.25,1,3,4,
0,0,181.3229010105133,4,5a7b57155542992d025e680f,0.75,3,15,4,
0,0.014925373134328361,7.281898260116577,0,5a7f3c8f55429930675136c9,0.3333333333333333,1,3,3,
0,0,30.146663427352905,5,5a8333115542993344745feb,0.0,0,18,14,
0,0,29.975300312042236,5,5adf8ade5542993344016ce8,0.07142857142857142,1,18,14,
0,0,30.0042827129364,5,5ab850795542990e739ec8bd,0.0,0,18,4,
0,0,30.06212306022644,5,5adcf37e5542994ed6169c37,0.6666666666666666,2,18,3,
0,0,31.534430027008057,5,5a7cdd1c554299683c1c63a8,0.0,0,18,2,
0,0,100.23778033256531,1,5a8b8a745542995d1e6f13e4,0.0,0,6,4,
0,0,5.451837539672852,0,5ac325495542995ef918c12e,0.6666666666666666,2,3,3,
0,0,11.38719367980957,1,5adf29f05542993344016c09,1.0,2,6,2,
0,0,5.388178825378418,0,5abd605155429924427fcfc9,0.2,1,3,5,
0,0,5.472052574157715,0,5a8a4b9955429930ff3c0d88,0.5,1,3,2,
0,0,5.4152960777282715,0,5aded1595542995ec70e8f29,0.0,0,3,3,
0,0,5.382783651351929,0,5a7eb9f355429934daa2fc53,0.2,1,3,5,
0,0.03125,5.4176647663116455,0,5a7f96a95542995d8a8ddead,1.0,1,3,1,
0,0,5.424013614654541,0,5ab92e3c554299753720f777,0.25,1,3,4,
0,0,5.452175140380859,0,5abc2e1c554299700f9d7806,0.0,0,3,9,
0,0,5.426946401596069,0,5adc7f4a5542994650320d28,0.14285714285714285,1,3,7,
0,0,25.506540536880493,3,5ae083e855429924de1b70fb,0.8,4,12,5,
0,0,5.441298961639404,0,5a7755c65542993569682d54,0.2,1,3,5,
0,0,5.409586429595947,0,5adf36c55542993344016c3e,0.0,0,3,5,
0,0,5.3965489864349365,0,5ae140f95542997b2ef7d182,0.0,0,3,6,
0,0,5.459710121154785,0,5ab5820e554299488d4d99c3,0.3333333333333333,1,3,3,
,,,,5abaaf9355429955dce3eecb,,,,,Ollama request exceeded timeout limit for model stable-qwen with error: timed out
,,,,5ac19bf55542994ab5c67d97,,,,,Ollama request exceeded timeout limit for model stable-qwen with error: timed out
0,0,5.416455984115601,0,5a8dab16554299068b959d89,0.2,1,3,5,
0,0,5.391558408737183,0,5ab29cef554299449642c936,0.5,1,3,2,
0,0,5.41025447845459,0,5ae7b001554299540e5a5645,0.25,1,3,4,
0,0,31.27454972267151,5,5ab5e13c5542992aa134a3bf,0.4,2,18,5,
0,0,15.867867946624756,2,5a88ba465542993e715ac089,0.0,0,9,4,
0,0,21.775417804718018,3,5a7efa7a55429930675135ea,0.5,2,12,4,
0,0,5.424212455749512,0,5ab82d345542990e739ec854,0.0,0,3,2,
0,0,5.446651458740234,0,5ac3dc9e5542997ea680c950,0.0,0,3,2,
0,0,5.492513179779053,0,5a81d92f554299676cceb0f9,0.2,1,3,5,
0,0,16.69934391975403,2,5a710a1e5542994082a3e4fd,0.5,2,7,4,
0,0,31.87268614768982,4,5a8f55f9554299458435d5bd,0.5,1,15,2,
0,0,10.852765798568726,1,5abc089b5542993f40c73c57,0.6666666666666666,2,6,3,
0,0,7.013998031616211,0,5a74ae6a55429916b01641c9,1.0,1,3,1,
0,0,6.964296817779541,0,5a7380b955429908901be2d4,0.0,0,3,5,
0,0,7.056042194366455,0,5ab2b61d5542991669774065,0.25,1,3,4,
0,0,6.962317705154419,0,5ac2f79e5542996773102661,0.25,1,3,4,
0,0,6.000271320343018,0,5adea8cf55429939a52fe92d,1.0,1,3,1,
0,0,5.184345960617065,0,5a84e1095542997175ce1f25,0.0,0,3,5,
0,0,39.96949481964111,5,5ae29d92554299492dc91c36,2.0,2,18,1,
,,,,5a7e1cd955429965cec5ea76,,,,,Ollama request exceeded timeout limit for model stable-qwen with error: timed out
0,0,45.116366386413574,5,5ac4a7615542996feb3fe92a,0.3333333333333333,1,18,3,
0,0,26.220425128936768,3,5ade4da055429939a52fe878,0.0,0,12,3,
0,0.03508771929824561,6.614835500717163,0,5a7cd8da55429909bec76845,0.0,0,3,4,
0,0,6.601202011108398,0,5a89019a5542995153361259,0.3333333333333333,1,3,3,
0,0,6.652935028076172,0,5a7518cb55429916b0164259,0.25,1,3,4,
0,0,6.617452621459961,0,5ae3b30f5542994393b9e74f,0.6666666666666666,2,3,3,
0,0,6.672519683837891,0,5ab5cedf554299488d4d9a34,0.3333333333333333,1,3,3,
0,0,6.637305498123169,0,5abc0ac455429959677d6a01,0.6666666666666666,2,3,3,
0,0.017699115044247784,6.600839853286743,0,5a8c8828554299653c1aa0ae,0.25,1,3,4,
0,0,46.50487756729126,5,5a84bbb35542991dd0999dc0,0.125,1,18,8,
0,0,14.669761180877686,1,5a7cf3d655429909bec768bf,0.5,2,6,4,
0,0,5.6690332889556885,0,5ac1620855429964131be1bc,0.0,0,3,1,
0,0,5.652186632156372,0,5a7148005542994082a3e759,0.5,1,3,2,
0,0.029411764705882353,5.686374187469482,0,5a87868c5542996e4f308828,0.2,1,3,5,
0,0,55.53767776489258,5,5a8a5c9855429970aeb702be,1.0,1,18,1,
0,0,51.01155662536621,5,5ae0f73d55429920d5234252,0.3333333333333333,2,15,6,
0,0,34.35073661804199,1,5a84ed765542994c784dda8b,0.0,0,6,3,
0,0,11.081321716308594,0,5ab42a2b5542996a3a969f5a,0.3333333333333333,1,3,3,
0,0.008097165991902834,11.107722520828247,0,5adfee9c55429906c02daa8a,0.0,0,3,5,
0,0,78.56520080566406,5,5ab29842554299194fa93420,0.0,0,18,3,
0,0,10.464322805404663,0,5ac0b8395542996f0d89cc21,0.0,0,3,4,
0,0,11.002936363220215,0,5ac3a10b5542995ef918c1c3,0.0,0,3,4,
0,0,10.499489545822144,0,5abfea825542994516f45527,0.0,0,3,7,
0,0,11.822354316711426,0,5a77baac5542992a6e59dfa2,0.0,0,3,2,
0,0,10.506524085998535,0,5abdf7055542993f32c2a06c,0.0,0,3,3,
0,0,10.593443393707275,0,5a900b575542995b44242099,1.0,1,3,1,
0,0,10.473734617233276,0,5ac38ce255429939154137c2,0.0,0,3,4,
0,0,49.143500566482544,5,5ac0c5805542992a796ded80,0.5,1,18,2,
0,0,36.8683021068573,4,5ae3dce45542994393b9e783,1.0,1,12,1,
0,0,43.061604738235474,5,5ae32e1a55429928c423964e,0.0,0,13,3,
0,0,97.50207710266113,4,5ac45cfd554299076e296db5,0.0,0,15,2,
0,0.018018018018018018,39.374385833740234,5,5ab472a35542991779162c98,0.3333333333333333,1,18,3,
0,0,38.99550819396973,5,5ac23f5255429951e9e684d8,0.25,1,18,4,
0,0,38.607012033462524,5,5ae6dba85542996d980e7c9b,0.0,0,18,1,
0,0,53.185662031173706,5,5a8f47785542997ba9cb3217,0.3333333333333333,1,18,3,
0,0,9.851259469985962,0,5a8ba07d5542996e8ac88985,0.0,0,3,3,
0,0,9.840930700302124,0,5a746a4455429974ef308bf6,0.0,0,3,6,
0,0,9.851288557052612,0,5a75642c5542996c70cfaeed,0.5,1,3,2,
0,0,9.720442533493042,0,5a845b2d5542996488c2e520,0.5,1,3,2,
0,0,19.599889993667603,1,5a74c1c05542996c70cfadd8,0.0,0,6,7,
0,0,0.44531869888305664,1,5a8c6ebd5542996e8ac88aa9,0.0,0,3,6,
0,0,25.803484201431274,1,5ab430f655429942dd415eca,0.5,2,6,4,
0,0,33.14767384529114,3,5a7cfea2554299452d57babe,0.5,2,12,4,
0,0,9.701182842254639,0,5a7bc0755542995eb53be9a5,0.0,0,3,5,
0,0,9.477223873138428,0,5abfdfcb5542997d642958fe,0.0,0,3,3,
0,0,9.480173587799072,0,5ac4a94a5542996feb3fe92b,0.3333333333333333,1,3,3,
0,0,9.49523663520813,0,5ab2082f554299722f9b4c9f,0.5,1,3,2,
0,0,10.200281858444214,0,5ade61fd554299728e26c704,0.0,0,3,4,
0,0,9.497299194335938,0,5a8e482c5542995a26add4c3,0.0,0,3,4,
0,0,9.494559049606323,0,5ae537a855429960a22e0266,0.0,0,3,3,
0,0,9.523716926574707,0,5ab5895f554299637185c5c2,0.5,1,3,2,
0,0,21.452821493148804,1,5adcc975554299473435379f,0.0,0,6,2,
0,0,10.385496854782104,0,5a829fab55429954d2e2eb83,0.5,2,3,4,
0,0,10.272390127182007,0,5a90970d5542995651fb51a5,0.0,0,3,18,
0,0,10.184445142745972,0,5ae1dadf5542997f29b3c14f,0.125,1,3,8,
0,0,10.026794195175171,0,5ab819065542995dae37ea3c,0.5,2,3,4,
0,0,10.178184509277344,0,5ab5fddb554299110f2199af,0.2,1,3,5,
0,0,19.202096939086914,1,5ab3f6b9554299753aec5a03,0.25,1,6,4,
0,0,9.860906600952148,0,5ae1bc7b554299234fd042df,0.25,1,3,4,
0,0,9.805472135543823,0,5ac07327554299012d1db5f2,0.3333333333333333,1,3,3,
0,0,9.82425832748413,0,5a8e612b5542995085b3741b,0.0,0,3,3,
0,0,9.828770399093628,0,5a72ac8a5542992359bc3164,0.3333333333333333,1,3,3,
0,0,9.780505180358887,0,5a826d2f5542995ce29dcd05,0.5,1,3,2,
0,0,9.900777101516724,0,5abea85f5542990832d3a070,0.0,0,3,6,
0,0,9.786818265914917,0,5ae66d515542992ae0d16346,0.25,1,3,4,
0,0,9.836212873458862,0,5ac1b95655429963665198fd,1.0,1,3,1,
0,0,9.871558666229248,0,5ac3e1075542995c82c4ac78,0.0,0,3,7,
0,0,9.831384658813477,0,5adebc51554299728e26c799,0.0,0,3,5,
0,0,9.864616394042969,0,5a8ce851554299441c6b9f6c,0.3333333333333333,1,3,3,
0,0,9.86114239692688,0,5a78ce79554299029c4b5ea1,0.3333333333333333,1,3,3,
0,0,9.840948104858398,0,5a8a03985542992e4fca84d6,0.0,0,3,5,
0,0,9.797582149505615,0,5ac5630e5542993e66e823d5,1.0,1,3,1,
0,0,9.858574151992798,0,5a7dbf4e5542990b8f503a68,0.0,0,3,5,
0,0,9.848975896835327,0,5ac324ad5542995ef918c127,0.0,0,3,6,
0,0,9.83248519897461,0,5a8888e35542997e5c09a5f6,0.2,1,3,5,
0,0,19.92480492591858,1,5ae72fd95542991e8301cbb4,0.3333333333333333,1,6,3,
0,0,19.006025791168213,1,5abc3f725542993a06baf8b3,0.0,0,6,5,
0,0,9.7435884475708,0,5ab3c270554299233954ff9e,0.6666666666666666,2,3,3,
0,0,18.771353244781494,1,5a746abf55429929fddd8417,0.2,1,6,5,
0,0,9.801591396331787,0,5ac42c6d5542997ea680ca1a,0.5,1,3,2,
0,0.010050251256281405,9.718389987945557,0,5a7a69365542996c55b2dd9b,0.5,1,3,2,
0,0,9.721562385559082,0,5a737fff554299623ed4abb9,0.0,0,3,4,
0,0,9.746670722961426,0,5ab3b2fb554299753aec59af,0.2222222222222222,2,3,9,
0,0,14.410125255584717,1,5ab6654455429954757d3281,0.0,0,3,2,
0,0,9.569783449172974,0,5a7385c45542992d56e7e359,0.25,1,3,4,
0,0,9.553592205047607,0,5ae71d2d554299572ea546f7,0.2,1,3,5,
0,0,9.594078302383423,0,5a836ce55542993344746012,0.5,1,3,2,
0,0,9.599721193313599,0,5ade0cc85542990dbb2f7f37,0.25,1,3,4,
0,0,9.410607099533081,0,5a802fb8554299485f598582,0.5,1,3,2,
0,0,9.223576784133911,0,5ac3e22d5542997ea680c976,0.0,0,3,5,
0,0,9.56475830078125,0,5ac2ca84554299218029db55,0.16666666666666666,1,3,6,
0,0.010204081632653062,9.54541301727295,0,5add695a5542992ae4cec557,0.0,0,3,3,
0,0,9.570780754089355,0,5ae71c4c554299572ea546ee,0.6,3,3,5,
0,0,9.52849268913269,0,5ae16bce5542997b2ef7d1e8,0.0,0,3,7,
0,0.01,9.632062673568726,0,5adbfb3f55429947ff17388a,0.4,2,3,5,
0,0,9.739202976226807,0,5a79a26d554299029c4b5f63,0.16666666666666666,1,3,6,
0,0,9.719851970672607,0,5ab9405c554299743d22ea7c,1.0,3,3,3,
0,0,9.525372982025146,0,5ade6fcd55429975fa854ecf,0.5,1,3,2,
0,0,17.909027814865112,1,5ac275e755429921a00aaf81,0.0,0,6,4,
0,0,9.219850301742554,0,5a8cd291554299441c6b9f14,0.6666666666666666,2,3,3,
0,0,9.183353662490845,0,5a72aec45542994cef4bc3d7,0.25,1,3,4,
0,0,9.149885892868042,0,5a745a2955429929fddd83f8,0.25,1,3,4,
0,0,9.24262022972107,0,5a737ef85542992d56e7e336,0.25,1,3,4,
0,0,9.1627836227417,0,5ac43c7b5542997ea680ca34,0.25,1,3,4,
0,0,9.24743127822876,0,5a7f66f155429969796c1a33,0.16666666666666666,1,3,6,
0,0,9.200137615203857,0,5a8b99a45542997f31a41d7f,0.42857142857142855,3,3,7,
0,0,9.21607255935669,0,5a851cc85542997b5ce3ffa3,0.125,1,3,8,
0,0,9.137694358825684,0,5ab678f455429954757d32d3,0.2,1,3,5,
0,0,18.22071862220764,1,5ac0a18a5542992a796ded41,0.0,0,6,2,
0,0,52.32345271110535,5,5a7b88b45542997c3ec97201,0.16666666666666666,1,18,6,
0,0,45.03506803512573,5,5ab8524f5542990e739ec8c4,0.6666666666666666,2,18,3,
0,0,47.359872579574585,5,5a8fa4a5554299458435d6a3,0.14285714285714285,1,18,7,
0,0,47.39982199668884,5,5ac0d9a35542992a796ded90,0.3333333333333333,1,18,3,
0,0,45.97568464279175,4,5a72f7df5542991f9a20c5d7,0.08333333333333333,1,15,12,
0,0,10.459855318069458,0,5a8f43555542992414482a21,0.3333333333333333,1,3,3,
0,0,10.492284059524536,0,5abe48675542991f66106119,0.25,1,3,4,
0,0,10.355364084243774,0,5ae0b8bb55429924de1b7145,0.2,1,3,5,
0,0,9.513004064559937,0,5a793ea55542994bb9456fce,0.0,0,3,2,
0,0,10.440979957580566,0,5ab682f85542995eadef001f,0.0,0,3,3,
0,0,10.43894338607788,0,5abdc0ad55429933744ab81b,0.5,2,3,4,
0,0,10.413355827331543,0,5adcf2b55542992c1e3a24cd,0.5,1,3,2,
0,0.009523809523809523,10.381940364837646,0,5a7571835542992db9473669,0.25,1,3,4,
0,0,10.217576742172241,0,5abe9c1a5542993f32c2a183,0.0,0,3,5,
0,0,10.438840866088867,0,5ab90d2755429916710eb0f0,1.0,2,3,2,
0,0,9.52009654045105,0,5ac16c2b5542994d76dcce19,0.0,0,3,2,
0,0,10.38931679725647,0,5a7b48b15542995eb53be8eb,0.25,1,3,4,
0,0,9.487722635269165,0,5abe84a95542991f6610619b,0.3333333333333333,1,3,3,
0,0,17.36296582221985,1,5a7e43c9554299495941995a,0.3333333333333333,1,6,3,
0,0,9.56594204902649,0,5ae151985542990adbacf74d,0.0,0,3,8,
0,0,9.746891498565674,0,5a81ee385542995ce29dcc88,1.0,1,3,1,
0,0.019047619047619046,9.772788286209106,0,5a8c301d554299240d9c20cb,0.3333333333333333,1,3,3,
0,0,9.597447633743286,0,5aba749855429955dce3ee34,0.25,1,3,4,
0,0,9.746411085128784,0,5abb291355429939ce03dd9e,0.0,0,3,4,
0,0,9.708446979522705,0,5a80297f5542992e7d278e08,0.5,1,3,2,
0,0,9.73204493522644,0,5ae5f82a554299546bf82feb,0.0,0,3,2,
0,0,9.70430588722229,0,5ae088525542993d6555eba1,0.3333333333333333,2,3,6,
0,0,12.422177076339722,0,5adec53655429975fa854f87,0.0,0,3,3,
0,0,9.72639274597168,0,5ae2c4b8554299495565db31,0.25,1,3,4,
0,0,9.771912336349487,0,5ae328df55429928c423963c,0.0,0,3,3,
0,0,9.731724500656128,0,5ae71bee554299572ea546ea,0.0,0,3,4,
0,0,9.791325092315674,0,5ab57759554299637185c5a5,0.0,0,3,1,
0,0,9.662435531616211,0,5ae724ec5542995703ce8bd8,0.3333333333333333,1,3,3,
0,0,9.577032327651978,0,5abbdaac5542992ccd8e7fc0,0.3333333333333333,1,3,3,
0,0,9.748943328857422,0,5abf1ad15542997ec76fd3c2,0.3333333333333333,1,3,3,
0,0,9.745729684829712,0,5a81141855429938b61422ad,0.14285714285714285,1,3,7,
0,0,9.71933364868164,0,5ab2f4c95542991669774155,0.2,1,3,5,
0,0,9.786507844924927,0,5ae5429355429908b63265c5,0.0,0,3,6,
0,0,9.713356733322144,0,5ac3e5de554299204fd21ebc,0.0,0,3,5,
0,0.00966183574879227,9.653021097183228,0,5adf81105542992d7e9f9388,0.0,0,3,5,
0,0,9.699143409729004,0,5adcfb5f5542990d50227d81,0.2,1,3,5,
0,0,9.702048778533936,0,5a750ccc5542993748c897a8,0.0,0,3,12,
0,0,20.354892253875732,1,5a7103b35542994082a3e4c0,0.5,1,6,2,
0,0,10.60309648513794,0,5ae688065542996d980e7beb,0.0,0,3,5,
0,0,10.486216068267822,0,5a8ba0855542995d1e6f1427,0.16666666666666666,1,3,6,
0,0.009302325581395349,10.60472321510315,0,5ae2f97555429928c4239582,0.25,1,3,4,
0,0,10.04164171218872,0,5ac3a7f75542993915413890,0.0,0,3,1,
0,0,24.070091485977173,1,5a8f5b6f554299458435d5e7,0.0,0,6,5,
0,0,9.059839487075806,0,5add53fe5542992200553ab1,0.42857142857142855,3,3,7,
0,0.02185792349726776,9.011841773986816,0,5a8b3e985542995d1e6f131c,0.0,0,3,7,
0,0,9.021542310714722,0,5ae25e835542992decbdccd1,0.0,0,3,2,
0,0,8.963945150375366,0,5a74d7685542996c70cfae0a,0.0,0,3,1,
0,0,8.971015930175781,0,5a866fa855429960ec39b6a5,1.0,1,3,1,
0,0,9.017696142196655,0,5adde8a05542997dc79070a4,0.05555555555555555,1,3,18,
0,0.021978021978021976,9.031073093414307,0,5a9087ac5542990a98493668,0.0,0,3,5,
0,0,8.998787641525269,0,5a840a9e5542992ef85e2397,0.0,0,3,9,
0,0,9.06936264038086,0,5ae791a55542994a481bbdaa,0.2,1,3,5,
0,0,9.030624389648438,0,5ae357745542992f92d8229b,0.2,1,3,5,
0,0,21.087547302246094,1,5a823b355542990a1d231f6e,0.3333333333333333,1,6,3,
0,0,9.904097557067871,0,5a7effeb5542994959419aa0,0.3333333333333333,1,3,3,
0,0,9.876621007919312,0,5a81a2055542990a1d231e2d,0.0,0,3,7,
0,0,21.986729860305786,1,5ade6eb65542992fa25da782,0.0,0,6,3,
0,0,10.7188241481781,0,5adc6a3b55429947ff173953,0.0,0,3,6,
0,0,10.288217544555664,0,5ac3b8b8554299741d48a301,0.0,0,3,4,
0,0,10.612481117248535,0,5ae320f855429928c4239620,0.0,0,3,5,
0,0,10.292110681533813,0,5a8bd49d5542997f31a41dd7,0.1,1,3,10,
0,0,10.227564334869385,0,5ae0ba9055429924de1b715c,0.3333333333333333,1,3,3,
0,0,10.23990273475647,0,5a74b4dc55429979e2882a00,0.25,1,3,4,
0,0,33.92520022392273,2,5ab5f75e554299637185c64b,0.5,1,9,2,
0,0,9.657643795013428,0,5ae0fe8855429945ae959495,0.25,1,3,4,
0,0,9.689062356948853,0,5ae3c1515542992f92d8236a,0.4,2,3,5,
0,0,9.740150928497314,0,5a77b6325542997042120af7,0.5,1,3,2,
0,0,0.5622279644012451,1,5a7750de55429966f1a36cf0,0.6666666666666666,2,3,3,
0,0,9.872877836227417,0,5a7cc700554299452d57ba4e,0.1,1,3,10,
0,0,9.713287115097046,0,5ac39d22554299391541381f,0.5,1,3,2,
0,0,9.814738988876343,0,5a81c90a5542990a1d231eb4,0.25,1,3,4,
0,0.009615384615384616,9.653423070907593,0,5abd332e5542993062266bdd,0.0,0,3,4,
0,0,9.673149824142456,0,5ae641f65542992ae0d162a3,0.0,0,3,9,
0,0,9.66011381149292,0,5a7912f655429974737f796c,0.25,1,3,4,
0,0.029556650246305417,21.39915633201599,1,5a765fe85542992d0ec060c5,0.0,0,6,6,
0,0.010050251256281407,9.416236639022827,0,5abd82dc5542993062266cb6,0.1111111111111111,1,3,9,
0,0,9.418109655380249,0,5ae10572554299422ee995cd,0.0,0,3,9,
0,0,9.433280229568481,0,5ac4c0fc5542997ea680cab1,0.5,1,3,2,
0,0,9.457160949707031,0,5a88644455429938390d3f3f,1.0,1,3,1,
0,0,9.425829410552979,0,5ac2716f5542992f1f2b38cb,0.3333333333333333,1,3,3,
0,0,9.448495149612427,0,5ae0aaf35542993d6555ec02,0.0,0,3,6,
0,0,6.208404779434204,0,5ab56555554299494045ef97,1.0,1,3,1,
0,0,23.514848470687866,1,5a83b1e75542990548d0b220,0.0,0,6,3,
0,0.00784313725490196,11.26724886894226,0,5abd02605542992ac4f381a2,0.16666666666666666,1,3,6,
0,0,11.763454675674438,0,5ae701b2554299572ea54680,0.0,0,3,9,
0,0,17.45506238937378,1,5a7b2a2255429927d897bf4c,2.0,2,6,1,
0,0,13.06356930732727,0,5a8f979255429918e830d288,1.0,2,3,2,
0,0,13.067612886428833,0,5a810006554299260e20a1f6,0.25,1,3,4,
0,0,13.125630378723145,0,5a90740a5542990a98493658,1.0,2,3,2,
0,0,13.052711963653564,0,5ac261265542992f1f2b3896,0.0,0,3,5,
0,0,15.881961107254028,0,5a809e9f5542996402f6a5b1,0.3333333333333333,1,3,3,
0,0,9.655497789382935,0,5a8fb0be5542997ba9cb32ed,1.0,1,3,1,
,,,,5ab6f222554299110f219a78,,,,,Ollama request exceeded timeout limit for model stable-qwen with error: timed out
0,0,11.212083339691162,0,5a7a562355429941d65f25ba,0.0,0,3,6,
0,0.007999999999999998,11.226492404937744,0,5addfe1c5542995b365fabaf,0.25,1,3,4,
0,0,29.727503299713135,2,5ade28cf5542997c77aded85,0.0,0,9,3,
0,0,31.186373233795166,2,5a7720d05542993569682cde,0.5,3,9,6,
0,0,0.44499945640563965,1,5a7cb2ed5542990527d55505,1.0,2,3,2,
0,0,19.143070697784424,1,5ae2e8e05542991a06ce98fb,0.16666666666666666,1,6,6,
0,0,0.33076047897338867,1,5ae358c05542990afbd1e10f,0.4,2,3,5,
0,0,9.42936635017395,0,5ab9e477554299232ef4a25d,0.0,0,3,9,
0,0.004024144869215291,17.359432458877563,0,5abb07e95542992ccd8e7ec4,0.0,0,3,4,
0,0,9.268609046936035,0,5a75e06155429976ec32bc60,0.6666666666666666,2,3,3,
0,0,9.176273584365845,0,5ab8e70b5542991b5579f031,0.3333333333333333,2,3,6,
0,0,9.326047420501709,0,5ae3a3835542990afbd1e19c,0.5,1,3,2,
0,0.010526315789473682,9.182694911956787,0,5a8c620c554299240d9c2141,0.2,1,3,5,
0,0,9.192700386047363,0,5a871e265542991e771816d1,0.0,0,3,6,
0,0,9.27811884880066,0,5ab7af9d5542993667793fe9,0.0,0,3,3,
0,0.00975609756097561,9.238439321517944,0,5a8aed1755429950cd6afbf1,0.0,0,3,3,
0,0,9.22286605834961,0,5ac46a8b5542991943173980,0.5,1,3,2,
0,0,9.289576530456543,0,5a77731955429972597f1541,0.0,0,3,16,
0,0,9.281471252441406,0,5abc17555542993a06baf858,0.5,2,3,4,
0,0,9.27822494506836,0,5a7f8b8c5542995d8a8ddea1,0.0,0,3,3,
0,0,9.207497358322144,0,5a8fab8c5542995b4424208a,0.0,0,3,3,
0,0,10.449234247207642,0,5a7e1f5655429965cec5ea81,0.3333333333333333,1,3,3,
0,0,17.17476773262024,1,5ae7fd085542993210984007,0.2,1,6,5,
0,0.02197802197802198,8.631933689117432,0,5adff34555429942ec259baa,0.0,0,3,5,
0,0,8.643475770950317,0,5a7a7e9f5542994f819ef1f4,0.2,1,3,5,
0,0,8.717259407043457,0,5ae1054055429920d5234284,0.0,0,3,2,
0,0.01129943502824859,8.61559534072876,0,5ae3281a5542991a06ce9939,0.5,1,3,2,
0,0,11.87520694732666,0,5a7365b155429901807db02a,0.25,1,3,4,
0,0.011428571428571429,22.196965217590332,1,5a8835245542994846c1ce27,0.0,0,6,3,
0,0,8.625389575958252,0,5a7dc7895542995ed0d16673,0.3333333333333333,1,3,3,
0,0,10.18990182876587,0,5abb03325542992ccd8e7eae,0.0,0,3,2,
0,0,8.672983646392822,0,5a82f05255429966c78a6aa2,0.25,1,3,4,
0,0,8.664169311523438,0,5ab524595542996a3a96a034,0.5,1,3,2,
0,0,8.065710544586182,0,5abdff775542993f32c2a082,0.0,0,3,5,
0,0,8.644576787948608,0,5ab997ad554299131ca4238c,1.0,2,3,2,
0,0,10.046152591705322,0,5a73987c55429978a71e9039,0.0,0,3,8,
0,0,8.624271154403687,0,5a901d6c5542995651fb50bd,0.0,0,3,6,
0,0,8.65028190612793,0,5ae237ac554299492dc91be1,0.0,0,3,21,
0,0,8.184653282165527,0,5a7f18a35542994959419aa6,0.3333333333333333,2,3,6,
0,0.026315789473684213,8.219505548477173,0,5a79f37a5542996a35c17045,0.0,0,3,9,
0,0,8.639107465744019,0,5a792f3e554299029c4b5f20,0.5,1,3,2,
0,0,20.452974319458008,1,5ae7cb575542997ec27276ea,0.0,0,6,3,
0,0,11.43426251411438,0,5ab2a308554299340b52553b,0.6666666666666666,2,3,3,
0,0,8.487784624099731,0,5a7e72dd55429949594199bf,0.3333333333333333,2,3,6,
0,0.006211180124223603,12.48122787475586,0,5a8f84505542992414482aef,0.3333333333333333,1,3,3,
0,0,11.314746379852295,0,5abc030e554299642a094bdc,0.0,0,3,8,
0,0,11.410645008087158,0,5add6cf45542992ae4cec55f,0.0,0,3,1,
0,0,8.45378589630127,0,5ae7e9af5542994a481bbe0e,0.0,0,3,5,
0,0,7.8145506381988525,0,5a88651b55429938390d3f45,0.0,0,3,6,
0,0,11.3325035572052,0,5a74f3f55542993748c8974b,0.0,0,3,5,
0,0.007407407407407406,11.39543628692627,0,5a8f608d5542992414482a94,0.14285714285714285,1,3,7,
0,0,11.352996110916138,0,5a831fcc55429940e5e1a96a,0.2222222222222222,2,3,9,
0,0,8.109477996826172,0,5ac1a4ed5542994d76dcce90,0.16666666666666666,1,3,6,
0,0.014598540145985401,11.346948623657227,0,5a874ec35542994846c1cd57,0.3333333333333333,1,3,3,
0,0,22.118528604507446,1,5ae07e5b55429945ae959381,0.0,0,6,5,
0,0,9.36481785774231,0,5a7137dc5542994082a3e68a,0.0,0,3,2,
0,0.010362694300518137,9.21130633354187,0,5a89fea655429970aeb701eb,1.0,1,3,1,
0,0,8.031664848327637,0,5ae234005542994d89d5b392,0.3333333333333333,1,3,3,
0,0,25.168214797973633,1,5ab4ec2755429942dd415fa6,0.0,0,6,9,
0,0,61.65142846107483,5,5a72d3525542991f9a20c5ab,0.0,0,18,6,
0,0,52.12254786491394,5,5ae1d1a55542997f29b3c138,0.16666666666666666,1,18,6,
0,0,63.42199444770813,5,5a8b397955429971feec4674,1.0,1,18,1,
,,,,5ab84de95542990e739ec8b4,,,,,Ollama request exceeded timeout limit for model stable-qwen with error: timed out
0,0,62.60478734970093,5,5adbdc8a55429944faac238e,0.3333333333333333,1,18,3,
0,0,59.98261737823486,5,5a88981c554299206df2b307,0.75,3,18,4,
0,0,24.305229425430298,2,5ac2943a55429921a00aafce,0.0,0,9,3,
,,,,5a89ddf25542992e4fca83ff,,,,,Ollama request exceeded timeout limit for model stable-qwen with error: timed out
0,0,59.687599182128906,5,5ae18ae6554299234fd04289,0.6666666666666666,2,18,3,
0,0,53.788947343826294,5,5adfb4b8554299603e418381,0.6666666666666666,2,18,3,
0,0,56.56095910072327,5,5a8b7dab5542997f31a41d4c,0.0,0,18,6,
0,0,10.419353246688843,0,5ae361d15542990afbd1e126,0.2,1,3,5,
0,0,10.524677515029907,0,5a804032554299485f5985a0,0.0,0,3,5,
0,0,10.43462324142456,0,5a7d215255429909bec76979,0.25,1,3,4,
0,0,10.453622341156006,0,5ae203d6554299234fd04394,1.0,1,3,1,
0,0,10.066622495651245,0,5adea61155429939a52fe922,0.0,0,3,4,
0,0,10.912544012069702,0,5ab6e6c7554299710c8d1fa4,0.14285714285714285,1,3,7,
0,0,10.46966814994812,0,5ae16d9655429920d52343ce,0.2,1,3,5,
0,0,27.61694884300232,2,5ae28058554299495565da90,0.0,0,6,6,
0,0.017699115044247787,10.04031229019165,0,5a827e8455429940e5e1a8dd,0.3333333333333333,1,3,3,
0,0,10.164204835891724,0,5adcb7eb5542994ed6169bd0,0.5,1,3,2,
0,0,10.14461374282837,0,5a76f22055429972597f13fa,1.0,1,3,1,
0,0,10.040243864059448,0,5ac281e355429963665199eb,0.0,0,3,5,
0,0.008403361344537816,10.425690412521362,0,5abdd0f15542991f6610604d,0.0,0,3,5,
0,0,10.005191802978516,0,5add1eed5542992ae4cec485,0.3333333333333333,1,3,3,
0,0,10.068618535995483,0,5adc126f5542996e685252c5,0.5,1,3,2,
0,0,56.61628341674805,5,5a7d1765554299452d57bade,0.0,0,18,3,
0,0,49.52119207382202,5,5a7cdf89554299683c1c63b0,0.8,4,18,5,
0,0,13.883913516998291,1,5a8f5be9554299458435d5ed,0.75,3,6,4,
0,0,37.90664792060852,5,5ae4b55455429913cc2044db,0.0,0,18,4,
0,0,5.79538369178772,0,5a89e98955429946c8d6ea0c,0.3333333333333333,1,3,3,
0,0,5.51888108253479,0,5a8a03245542992e4fca84d5,0.5,1,3,2,
0,0,25.65520691871643,3,5ae4be5455429960a22e019c,0.25,1,12,4,
0,0,5.528270721435547,0,5add44c25542997545bbbd0a,0.25,1,3,4,
0,0,5.587561368942261,0,5a72a6d855429901807daf27,0.5,1,3,2,
0,0,5.531304121017456,0,5ade949b5542997c77adee63,0.0,0,3,2,
0,0,5.533818483352661,0,5adc0644554299438c868d08,0.6666666666666666,2,3,3,
0,0,5.563147306442261,0,5a8d5ec2554299585d9e37c4,0.3333333333333333,1,3,3,
0,0,5.566133260726929,0,5adf5daf5542995534e8c79d,0.2,1,3,5,
0,0,0.4410059452056885,1,5ae64ad25542995703ce8b4f,0.0,0,3,5,
0,0,5.67389702796936,0,5abba4b4554299642a094af3,0.5,2,3,4,
0,0,5.515524625778198,0,5a801e845542992097ad2fd9,0.0,0,3,4,
0,0,9.967194080352783,1,5ae39f405542991a06ce9a02,0.0,0,6,2,
0,0,5.504653215408325,0,5ae2e0fd55429928c4239524,0.0,0,3,7,
0,0,0.2276020050048828,0,5ac0d732554299294b219030,,,,,
0,0,0.3703172206878662,1,5ae54bbd5542990ba0bbb262,0.4,2,3,5,
0,0,5.652706623077393,0,5a8637415542994775f60724,0.0,0,3,6,
0,0,5.568728923797607,0,5a7621bb554299109176e650,0.0,0,3,4,
0,0,38.193711280822754,5,5ac3a47f554299391541386d,0.5,1,15,2,
0,0,39.755276679992676,5,5a89b8f0554299669944a580,0.0,0,18,3,
0,0,40.29190516471863,5,5ab870ee5542990e739ec8f6,0.3333333333333333,1,18,3,
0,0,19.266298055648804,2,5ac15f6c5542994d76dccdf3,0.2,1,9,5,
0,0,5.785814046859741,0,5a8c6342554299240d9c214a,0.0,0,3,9,
0,0,5.75569748878479,0,5adcbc645542994d58a2f6b6,0.0,0,3,3,
0,0,5.805062532424927,0,5aba7fd055429955dce3ee5e,0.0,0,3,4,
0,0.03225806451612903,5.740667819976807,0,5ac270e05542992f1f2b38c9,0.0,0,3,10,
0,0,5.708799123764038,0,5ab64cfa55429953192ad2b7,0.5,1,3,2,
0,0,11.12575364112854,1,5ac39844554299741d48a2ac,0.2,1,6,5,
0,0,17.219682931900024,2,5a8b84875542995d1e6f13d7,0.3333333333333333,1,9,3,
0,0,4.989964962005615,0,5a8bd2f95542997f31a41dd2,0.3333333333333333,2,3,6,
0,0,5.004605770111084,0,5a7f39d055429934daa2fd2a,0.0,0,3,2,
0,0,5.038722038269043,0,5a7a49d85542994f819ef1bc,0.3333333333333333,1,3,3,
0,0,5.016788959503174,0,5abd573c55429924427fcfb7,0.5,1,3,2,
0,0,5.060304164886475,0,5addffa75542992200553bdc,0.5,1,3,2,
0,0,5.046258211135864,0,5ab613985542992aa134a418,0.3333333333333333,1,3,3,
0,0,5.056129217147827,0,5ac09d265542992a796ded39,0.14285714285714285,1,3,7,
0,0,5.071192502975464,0,5a904b0c5542995651fb510e,0.0,0,3,2,
0,0,9.667767763137817,1,5abda6e955429965af743d9b,0.5,1,6,2,
0,0,0.4309542179107666,1,5abcee275542993a06baf9af,0.0,0,3,6,
0,0,5.15064811706543,0,5a8484495542997175ce1ee8,0.3333333333333333,1,3,3,
0,0,5.065701723098755,0,5ab852c05542990e739ec8c5,0.16666666666666666,1,3,6,
0,0,5.034393787384033,0,5ac3a0db554299391541383a,0.0,0,3,5,
0,0,5.020427465438843,0,5a8cea40554299441c6b9f76,0.3333333333333333,1,3,3,
0,0,5.008764982223511,0,5ac3d68f554299076e296ca6,0.4,2,3,5,
0,0,0.31958436965942383,1,5ab969ca55429970cfb8eac9,0.0,0,3,4,
0,0,5.165152311325073,0,5ac1a6bf5542991316484b8d,0.3333333333333333,1,3,3,
0,0,36.00135374069214,5,5a8f4d895542992414482a2d,1.0,2,18,2,
0,0,36.00862455368042,5,5a84de255542991dd0999e06,0.25,2,18,8,
0,0,65.11343312263489,5,5adf3feb5542993a75d2644c,0.2,1,18,5,
0,0,10.331711292266846,0,5ab3c48755429969a97a81b8,0.25,1,3,4,
0,0,10.341848373413086,0,5a83093c55429966c78a6b01,0.2,1,3,5,
0,0,0.23014450073242188,1,5ae5fb2d554299546bf82ff5,0.3333333333333333,2,3,6,
0,0,40.46926188468933,3,5add24375542992c1e3a2542,0.25,1,12,4,
0,0,12.427313804626465,0,5ac3ba1855429939154138f3,1.0,1,3,1,
0,0,12.446757555007935,0,5ab46a0f5542990594ba9c1b,0.0,0,3,4,
0,0,12.41419768333435,0,5a7f40055542992e7d278cc0,1.0,1,3,1,
0,0,39.83238959312439,3,5a865e8a55429960ec39b67a,0.4,2,12,5,
0,0,10.400184154510498,0,5abb326055429966062416e7,0.0,0,3,3,
0,0,21.082683324813843,1,5ab545d3554299494045ef5c,0.0,0,6,4,
0,0,10.457228660583496,0,5a74cfc75542996c70cfadfe,1.0,1,3,1,
0,0,10.51558542251587,0,5ae0b82855429906c02daaff,0.0,0,3,3,
0,0,10.480817079544067,0,5ae1a7c8554299234fd042b0,0.3333333333333333,1,3,3,
0,0,22.83833122253418,1,5a7c99d555429935c91b5254,0.3333333333333333,1,6,3,
0,0.888888888888889,0.3070695400238037,1,5a8b7ca65542997f31a41d49,1.0,1,3,1,
0,0,10.684582233428955,0,5a86141f5542996432c571a5,0.0,0,3,3,
0,0,10.768126249313354,0,5abe87cb5542993f32c2a156,0.0,0,3,3,
0,0,10.553695917129517,0,5a78eff155429974737f790a,0.0,0,3,5,
0,0,11.887238502502441,0,5a8b84905542997f31a41d5d,0.0,0,3,6,
0,0,10.736101627349854,0,5abecdf45542997719eab5d4,0.0,0,3,3,
0,0,10.797659158706665,0,5abbf8bc5542993f40c73c35,1.0,1,3,1,
0,0,10.664191722869873,0,5abace6b5542996cc5e49e99,0.0,0,3,7,
0,0,10.80119776725769,0,5adfb790554299603e418389,0.3333333333333333,1,3,3,
0,0,10.576210498809814,0,5ac11ee45542997d64295a7d,0.25,1,3,4,
0,0,10.823952674865723,0,5a7e1b7155429965cec5ea6c,0.2,1,3,5,
0,0,22.922316074371338,1,5a89f58f5542992e4fca84af,0.125,1,6,8,
0,0,10.401478290557861,0,5add2dae5542992c1e3a2558,0.25,1,3,4,
0,0,10.597132921218872,0,5abce1fa5542993a06baf993,1.0,1,3,1,
0,0,10.536871910095215,0,5a89e47f5542992e4fca8457,1.0,1,3,1,
0,0,21.881994485855103,1,5ae658855542992ae0d162e3,0.0,0,6,4,
0,0,10.96632719039917,0,5ae69cfe55429908198fa65f,0.0,0,3,11,
0,0,10.987064599990845,0,5a7e689f55429934daa2fc1c,0.25,1,3,4,
0,0,10.991897821426392,0,5a886364554299206df2b24b,0.3333333333333333,1,3,3,
0,0,10.9673490524292,0,5a7a70b355429941d65f2647,0.5,1,3,2,
0,0,0.34357309341430664,1,5a7335b55542992359bc3290,0.0,0,3,5,
0,0,11.104497194290161,0,5a78b3f7554299148911f94c,0.2,1,3,5,
0,0,10.957596778869629,0,5a80a25d5542995d8a8ddfb7,0.5,1,3,2,
0,0,10.965043544769287,0,5a8f25175542997ba9cb31ea,0.0,0,3,5,
0,0,10.908981084823608,0,5adeacf955429975fa854f66,0.16666666666666666,1,3,6,
0,0,10.950729608535767,0,5ab28156554299449642c8ce,0.0,0,3,4,
0,0,10.979599237442017,0,5a84d71c5542997b5ce3ff75,0.25,1,3,4,
0,0,10.506060361862183,0,5a810506554299260e20a202,0.0,0,3,3,
0,0,10.467286348342896,0,5ab5279d5542996a3a96a03f,0.0,0,3,5,
0,0.009523809523809523,10.95231032371521,0,5ae1cb04554299234fd042fd,0.5,1,3,2,
0,0,11.224993467330933,0,5a90b3c65542990a984936b7,0.0,0,3,4,
0,0,16.678969144821167,1,5a8dff3f5542995085b37370,0.5,1,6,2,
0,0,10.497347593307495,0,5ab3fa095542992ade7c6f0a,0.5,1,3,2,
0,0,10.504247903823853,0,5a76a8bb5542993569682c76,0.3333333333333333,1,3,3,
0,0,10.495475769042969,0,5ae1f2f3554299234fd0435a,0.25,1,3,4,
0,0.5,0.2512061595916748,1,5ab42f3c55429942dd415ebc,0.3333333333333333,1,3,3,
0,0,10.593967914581299,0,5ab726415542993667793f52,0.0,0,3,4,
0,0,20.72232699394226,1,5a77767a55429967ab10519b,0.0,0,6,5,
0,0,24.668431758880615,1,5a89f90a5542992e4fca84be,0.25,1,6,4,
0,0,12.379108428955078,0,5ab48a7c5542991751b4d7ab,0.0,0,3,5,
0,0,12.383285284042358,0,5a7e02b75542997cc2c474f3,0.5,1,3,2,
0,0,12.319215536117554,0,5a773e3955429972597f14c9,0.3333333333333333,1,3,3,
0,0,25.555198669433594,1,5ae0036a55429942ec259bdf,0.0,0,6,5,
0,0,12.05345106124878,0,5a8bd4d65542997f31a41dd8,0.125,1,3,8,
0,0,12.054701566696167,0,5ab87fa255429934fafe6e00,0.3333333333333333,1,3,3,
0,0,12.005907773971558,0,5abeab375542990832d3a091,0.0,0,3,3,
0,0,12.066741943359375,0,5a793f505542994bb9456fd1,0.0,0,3,1,
0,0,12.014864206314087,0,5a7d1d825542995ed0d165f5,0.25,1,3,4,
0,0,12.041578531265259,0,5ae5be86554299546bf82f40,0.0,0,3,6,
0,0,20.377909183502197,1,5a8208ee5542990a1d231f1e,0.0,0,6,4,
0,0,12.25548768043518,0,5ab73b2e5542993667793f9b,0.0,0,3,5,
0,0,12.226354360580444,0,5adc8d4f554299473435373d,0.25,1,3,4,
0,0,12.140345096588135,0,5abac27855429966062415ff,0.0,0,3,3,
0,0,12.716179609298706,0,5ae4869755429970de88d99a,0.0,0,3,4,
0,0,12.241429090499878,0,5ae202f2554299234fd0438d,0.0,0,3,4,
0,0,12.278556823730469,0,5a84c6df5542997b5ce3ff61,1.0,1,3,1,
0,0,12.250537633895874,0,5ac292175542996366519a14,0.0,0,3,4,
0,0,12.291792869567871,0,5a77a4fd5542997042120abc,0.0,0,3,2,
0,0,12.369460105895996,0,5a85fb5e5542994775f606df,1.0,2,3,2,
0,0,12.248781442642212,0,5a908aaa55429933b8a20545,1.0,1,3,1,
0,0,12.313148498535156,0,5ae74fb95542991e8301cc57,0.25,1,3,4,
0,0,12.293286085128784,0,5ae7b271554299540e5a564d,0.6,3,3,5,
0,0,12.288465976715088,0,5ab514dc5542990594ba9cfa,1.0,1,3,1,
0,0,12.235575675964355,0,5abb93275542993f40c73b3c,0.0,0,3,3,
0,0,12.299772500991821,0,5ac02835554299294b218f2e,0.3333333333333333,1,3,3,
0,0,12.306452512741089,0,5ae5df84554299546bf82fa8,0.5,1,3,2,
0,0,12.690835237503052,0,5ae7db435542993210983f9a,0.3333333333333333,1,3,3,
0,0,12.286812543869019,0,5a7c827e55429907fabeefa7,0.25,1,3,4,
0,0,12.273008823394775,0,5a7d2c8d5542995ed0d16624,0.25,1,3,4,
0,0,12.29122805595398,0,5ac017945542997d642959bc,0.125,1,3,8,
0,0,12.244552612304688,0,5a739d8755429978a71e9048,0.2,1,3,5,
0,0,12.276845693588257,0,5ac300905542996773102682,0.0,0,3,4,
0,0,12.259602308273315,0,5a713b325542994082a3e6b5,0.5,3,3,6,
0,0,12.269515037536621,0,5a808c215542995d8a8ddf90,0.5,1,3,2,
0,0,12.326077222824097,0,5a81028b55429938b614228a,0.0,0,3,6,
0,0,12.263448476791382,0,5a860642554299211dda2a3e,0.1111111111111111,1,3,9,
0,0,12.324769973754883,0,5a90362f55429933b8a2049d,0.0,0,3,4,
0,0,12.316856622695923,0,5a829a7055429966c78a6a66,0.4,2,3,5,
0,0,12.222046852111816,0,5a7fd7a25542992e7d278dc3,0.3333333333333333,1,3,3,
0,0,12.315515756607056,0,5a716f575542994082a3e82f,0.0,0,3,2,
0,0,12.263670206069946,0,5a8ec6fd55429917b4a5bdc1,0.16666666666666666,1,3,6,
0,0,22.373621702194214,1,5a7f7ca25542994857a76747,0.0,0,6,3,
0,0,12.179298162460327,0,5ab5c263554299488d4d9a18,0.5,1,3,2,
0,0.007380073800738007,12.242666721343994,0,5ac19ff35542991316484b61,0.0,0,3,15,
0,0,12.248435497283936,0,5a7570a65542996c70cfaefd,0.0,0,3,6,
0,0,12.27658748626709,0,5a8a57fe55429930ff3c0da0,0.0,0,3,4,
0,0,12.195120334625244,0,5ac3ade05542995ef918c1e3,0.14285714285714285,1,3,7,
0,0,12.217004537582397,0,5a7f2d3e5542993067513675,0.5,1,3,2,
0,0,12.383072137832642,0,5a7723ce55429966f1a36c9f,0.6666666666666666,2,3,3,
0,0,12.103655338287354,0,5ab21c3b554299722f9b4cb4,1.0,1,3,1,
0,0,12.30249547958374,0,5ab492155542991779162ce3,0.3333333333333333,1,3,3,
0,0,12.321515321731567,0,5a7568805542992db9473658,0.3333333333333333,1,3,3,
0,0,12.243431091308594,0,5ae67fba5542996d980e7b9a,0.0,0,3,11,
0,0,12.37872838973999,0,5adc905e5542994d58a2f662,0.25,1,3,4,
0,0,12.282776594161987,0,5abe49765542991f6610611f,0.0,0,3,7,
0,0,12.314009428024292,0,5ab8494d55429916710eb016,0.4,2,3,5,
0,0,12.302947998046875,0,5a74872655429979e2882978,0.0,0,3,3,
0,0,12.272038698196411,0,5a79b525554299029c4b5f67,0.2,1,3,5,
0,0,12.218137502670288,0,5ae7940c55429952e35ea984,1.0,1,3,1,
0,0,12.32672381401062,0,5a8712095542991e771816af,0.0,0,3,6,
0,0,12.320361852645874,0,5ac38c0755429939154137bb,0.3333333333333333,1,3,3,
0,0,12.239202737808228,0,5ab529005542996a3a96a045,0.0,0,3,3,
0,0,12.190303325653076,0,5a8787305542996e4f30882d,0.0,0,3,3,
0,0.007352941176470588,12.315202474594116,0,5a894bea55429946c8d6e910,0.0,0,3,4,
0,0.01465201465201465,22.034424543380737,1,5a7b1c745542992d025e6777,0.0,0,6,5,
0,0,12.3008291721344,0,5a79b495554299148911fa3b,0.3333333333333333,1,3,3,
0,0,12.407870054244995,0,5aba3e3355429901930fa78c,0.0,0,3,4,
0,0,12.144303798675537,0,5a8307c055429966c78a6af9,0.0,0,3,3,
0,0,12.03736162185669,0,5abbb116554299642a094b1d,0.2,1,3,5,
0,0,12.096293926239014,0,5aba52e655429939ce03dc94,0.0,0,3,7,
0,0,12.22295594215393,0,5a7a3edd5542990783324ed9,0.16666666666666666,1,3,6,
0,0,12.113018035888672,0,5a870a8e55429960ec39b707,0.25,1,3,4,
0,0,12.214039325714111,0,5ab736a65542992aa3b8c7db,0.0,0,3,3,
0,0,12.061971187591553,0,5ae3ff2d5542995dadf242a9,0.3333333333333333,1,3,3,
0,0,12.223048448562622,0,5ae5415055429908b63265b7,0.5,1,3,2,
0,0,12.079720497131348,0,5ac413ca5542997ea680c9e9,0.0,0,3,5,
0,0,12.627034187316895,0,5a7322165542994cef4bc470,0.0,0,3,4,
0,0,12.427426815032959,0,5a828a7b55429954d2e2eb69,0.0,0,3,6,
0,0,12.230419158935547,0,5ab2421555429970612095cc,0.1,1,3,10,
0,0,12.111661195755005,0,5ab28a87554299449642c8ec,0.0,0,3,5,
0,0,12.141282558441162,0,5a85f5115542991dd0999ed9,0.0,0,3,7,
0,0,12.062682628631592,0,5a73677455429901807db030,0.5,1,3,2,
0,0,12.033805131912231,0,5a7380e055429908901be2d6,0.0,0,3,5,
0,0.014598540145985401,12.109062671661377,0,5a7a10755542996a35c170b1,0.0,0,3,5,
0,0,12.085275888442993,0,5abce85755429959677d6b3e,0.0,0,3,5,
0,0,12.110068082809448,0,5a807ceb554299485f598616,0.0,0,3,2,
0,0,12.425586223602295,0,5a77137455429972597f142a,0.6666666666666666,2,3,3,
0,0.007380073800738007,12.186474800109863,0,5ae3368b5542991a06ce995b,0.3333333333333333,1,3,3,
0,0,17.62998867034912,1,5a84b6ed5542994c784dda18,0.0,0,6,5,
0,0,5.073498010635376,0,5adccdab5542994d58a2f6db,0.3333333333333333,1,3,3,
0,0,11.077923059463501,1,5a8ac4dd5542992d82986f76,0.25,1,6,4,
0,0,5.053305149078369,0,5a79d8ec5542996c55b2dc7e,0.2857142857142857,2,3,7,
0,0,5.069520473480225,0,5ab2f88755429976abd1bbe0,0.0,0,3,2,
0,0,5.071473598480225,0,5ae610e55542995703ce8ae1,0.3333333333333333,1,3,3,
0,0,27.609651803970337,1,5abbfbcf55429965836003cf,0.08333333333333333,1,6,12,
0,0,12.340033769607544,0,5a736f7c5542991f29ee2e18,0.0,0,3,3,
0,0,24.39861488342285,2,5a727ca45542994cef4bc2d8,0.0,0,9,3,
0,0,1.195950984954834,0,5a7587705542992db9473674,,,,,
0,0,12.478716135025024,0,5ab915ad55429919ba4e239c,0.3333333333333333,1,3,3,
0,0,18.603944540023804,1,5a9080275542995651fb5175,0.0,0,6,4,
0,0,11.461658716201782,0,5a778b345542992a6e59decf,0.5,1,3,2,
0,0,11.343042373657227,0,5ac3b9c5554299657fa2911b,0.2,1,3,5,
0,0,11.386023759841919,0,5ab2d3c5554299295394687a,0.3333333333333333,1,3,3,
0,0,11.379953622817993,0,5a81a2705542990a1d231e30,0.3333333333333333,1,3,3,
0,0,11.383740663528442,0,5a7dbc175542995ed0d1666b,0.5,2,3,4,
0,0,17.976425409317017,1,5a84a5dc5542992a431d1a82,0.5,1,6,2,
0,0,10.632908582687378,0,5ab3357d554299166977419d,0.0,0,3,5,
0,0,11.538585186004639,0,5abd4c6d5542993062266c47,0.0,0,3,6,
0,0,10.626269578933716,0,5ae1af14554299234fd042c4,0.0,0,3,3,
0,0,11.21466612815857,0,5a88f7855542993b751ca8da,0.4,2,3,5,
0,0,10.637109518051147,0,5adf0e7c5542992d7e9f9297,0.0,0,3,5,
0,0,10.666747093200684,0,5a77d2d25542992a6e59dfe2,0.5,1,3,2,
0,0,78.56298851966858,1,5a7c90125542990527d554d1,0.0,0,6,4,
0,0,0.38718390464782715,1,5adefcf15542995ec70e8f4c,0.0,0,3,5,
0,0,11.357189655303955,0,5a73f4f75542993a88ae2ebc,0.5,1,3,2,
0,0,19.870482444763184,1,5ae1e8ab5542997283cd22ca,0.0,0,6,4,
0,0,12.628491640090942,0,5ae1408a55429901ffe4ae2a,0.0,0,3,7,
0,0,10.96461296081543,0,5a7b23d355429931da12c9f1,0.16666666666666666,1,3,6,
0,0,11.239466667175293,0,5a81adfc55429903bc27b9a4,0.0,0,3,1,
0,0,11.202585697174072,0,5a7716ee55429937353601cc,0.4,2,3,5,
0,0,11.311153888702393,0,5a8fa20555429918e830d298,0.2,1,3,5,
0,0,11.252015352249146,0,5ae095f055429924de1b7103,0.3333333333333333,1,3,3,
0,0,15.81304383277893,1,5ab72a035542993667793f5c,0.0,0,6,1,
0,0,21.880106210708618,1,5a8a09ff5542992d82986e6b,0.42857142857142855,3,6,7,
0,0,11.366647243499756,0,5ab822ef55429916710eafff,0.3333333333333333,1,3,3,
0,0.016666666666666666,11.383735179901123,0,5abd724b55429924427fcfd9,0.5,1,3,2,
0,0,11.71543550491333,0,5a8b7d7d5542997f31a41d4b,0.5,1,3,2,
0,0,0.6351404190063477,0,5ae4be5c5542995ad6573e3a,,,,,
0,0,10.799345254898071,0,5add3acb5542990dbb2f7ddc,0.0,0,3,1,
0,0,10.280885457992554,0,5abb23655542992ccd8e7f25,1.0,3,3,3,
0,0,11.369457960128784,0,5ae4a0ca5542995ad6573dcb,0.0,0,3,5,
0,0.01680672268907563,11.349863052368164,0,5ae535bc55429960a22e0260,0.0,0,3,4,
0,0,11.264940023422241,0,5a8d9573554299068b959d51,0.0,0,3,12,
0,0,11.285820007324219,0,5ade279e5542992fa25da6fa,0.3333333333333333,1,3,3,
0,0,11.467864036560059,0,5a7f19eb55429934daa2fcdb,0.5,2,3,4,
0,0,10.715404033660889,0,5ade3af855429939a52fe867,0.0,0,3,4,
0,0,0.21728992462158203,1,5adfecd755429942ec259b90,0.14285714285714285,1,3,7,
0,0,10.4261634349823,0,5a7fc5875542992e7d278d67,0.5,1,3,2,
0,0,10.1051185131073,0,5ab428915542991751b4d6b2,0.3333333333333333,1,3,3,
0,0,15.762884378433228,1,5ae71f06554299572ea54708,0.6666666666666666,2,6,3,
0,0,34.95660853385925,2,5ae12aa6554299422ee99617,0.0,0,9,3,
0,0,22.616341829299927,1,5a89a82c5542993b751ca973,0.25,1,6,4,
0,0.008658008658008658,11.07994794845581,0,5a829c1d55429966c78a6a67,0.14285714285714285,1,3,7,
0,0,15.7165048122406,1,5a7125165542994082a3e5d0,0.2,1,3,5,
0,0,11.403433799743652,0,5a79ecd05542996c55b2dca1,0.3333333333333333,2,3,6,
0,0,11.390599250793457,0,5a8edb5c55429917b4a5bde9,0.0,0,3,5,
0,0,11.369778871536255,0,5ac0cfb45542997d64295a58,0.25,1,3,4,
0,0,11.431746006011963,0,5abcffc2554299700f9d7951,1.0,1,3,1,
0,0,11.424189567565918,0,5ae634355542995703ce8b41,0.16666666666666666,1,3,6,
0,0,11.414401292800903,0,5a832ad55542990548d0b1b5,0.0,0,3,5,
0,0,11.393632650375366,0,5a903b7f55429933b8a204af,0.0,0,3,2,
0,0,11.392662525177002,0,5a74b66a55429929fddd84cb,0.3333333333333333,1,3,3,
0,0,11.841511249542236,0,5ac3aa3655429939154138a2,0.0,0,3,1,
0,0,11.413243293762207,0,5a7471f655429979e2882955,0.16666666666666666,1,3,6,
0,0,11.418100833892822,0,5ae628fd5542995703ce8b33,0.16666666666666666,1,3,6,
0,0,11.398714542388916,0,5ab2a1f35542997061209677,0.0,0,3,4,
0,0,11.422382593154907,0,5a84edf65542994c784dda8d,0.4,2,3,5,
0,0,11.755030870437622,0,5a7ae2f2554299042af8f6aa,1.0,1,3,1,
0,0,0.28040146827697754,1,5adbcc085542996e6852523c,0.16666666666666666,1,3,6,
0,0,11.48675799369812,0,5ae127c9554299422ee99612,0.0,0,3,3,
0,0,23.634681940078735,1,5a7c17c95542990527d5544d,0.2857142857142857,2,6,7,
0,0.006993006993006992,12.387458562850952,0,5ae4d2a55542990ba0bbb161,0.0,0,3,6,
0,0,12.201266050338745,0,5ae200655542994d89d5b2f4,0.1111111111111111,1,3,9,
0,0,29.780906438827515,1,5a72ba1a5542992359bc318b,0.2,1,6,5,
0,0,11.6179039478302,0,5ae489ab5542995ad6573d62,0.25,1,3,4,
0,0,11.63435173034668,0,5a8563c05542997b5ce3fff4,0.1,1,3,10,
0,0,11.578744649887085,0,5ae3b1ba5542992f92d82343,0.14285714285714285,1,3,7,
0,0,11.603048086166382,0,5ab29426554299545a2cf99f,0.0,0,3,14,
0,0,11.623775959014893,0,5a8d40715542994ba4e3dc3a,0.0,0,3,4,
0,0,11.754924297332764,0,5adfc35755429906c02daa30,0.5,1,3,2,
0,0,11.617446184158325,0,5a7f7e3a5542992097ad2f89,0.0,0,3,5,
0,0,11.621261835098267,0,5a86ea445542994775f60780,0.0,0,3,10,
0,0,11.76950478553772,0,5ab56200554299494045ef88,0.2,1,3,5,
0,0,11.517363786697388,0,5ae0380955429925eb1afc2e,0.3333333333333333,1,3,3,
0,0,11.544323444366455,0,5ab875bd55429916710eb062,0.5,1,3,2,
0,0,11.612100839614868,0,5abfa0285542990832d3a171,0.0,0,3,4,
0,0,11.546151399612427,0,5a7fb23f5542994857a767be,0.2,1,3,5,
0,0,11.607000350952148,0,5a7a34bf5542994f819ef151,0.0,0,3,8,
0,0,11.573738098144531,0,5a77a3905542992a6e59df40,0.14285714285714285,1,3,7,
0,0,11.781304359436035,0,5ae3d6bd5542991a06ce9a2b,0.0,0,3,3,
0,0,11.570687532424927,0,5a8b98665542995d1e6f1413,0.0,0,3,5,
0,0,11.805297374725342,0,5a8bbddf5542997f31a41db2,0.0,0,3,6,
0,0,13.25664210319519,0,5a7e6df35542997cc2c47544,0.25,1,3,4,
0,0,11.60565733909607,0,5ae2fffe55429928c423959c,0.25,1,3,4,
0,0,11.711893081665039,0,5ae721885542996d980e7cba,0.0,0,3,7,
0,0,11.61882472038269,0,5a77ca3955429967ab1052a3,0.4,2,3,5,
0,0,11.573678016662598,0,5ac0d1555542997d64295a5d,0.5,1,3,2,
0,0,15.99929404258728,1,5ae685fd5542996d980e7bda,2.0,2,6,1,
0,0,11.769253730773926,0,5ae141475542997b2ef7d185,0.0,0,3,7,
0,0,11.493111610412598,0,5a862974554299211dda2a95,0.16666666666666666,1,3,6,
0,0,11.787808656692505,0,5ab9b1fd5542996be202058e,0.0,0,3,3,
0,0,11.598611831665039,0,5a8c78a8554299585d9e36bc,0.0,0,3,3,
0,0,11.563374996185303,0,5a77769e5542997042120a65,0.25,1,3,4,
0,0,11.615290641784668,0,5a78f59755429970f5fffdf8,0.0,0,3,5,
0,0,11.586294651031494,0,5a7bb983554299042af8f7c1,0.25,1,3,4,
0,0,110.05063962936401,5,5abea98d5542990832d3a07d,0.3333333333333333,1,18,3,
0,0,47.63624048233032,5,5a86f204554299211dda2b60,0.16666666666666666,1,18,6,
0,0,33.3763701915741,3,5ac1846d55429964131be20b,0.3333333333333333,1,12,3,
,,,,5a8eb63455429917b4a5bdb7,,,,,Ollama request exceeded timeout limit for model stable-qwen with error: timed out
0,0.014492753623188404,47.1975314617157,5,5a8591715542994c784ddb27,0.3333333333333333,1,18,3,
0,0,47.79145646095276,5,5a84c6e65542994c784dda48,0.6,3,18,5,
0,0,47.606369733810425,5,5abdb9775542993f32c2a01b,0.0,0,18,6,
0,0,47.062504053115845,5,5a877df15542993e715abf7a,0.16666666666666666,1,18,6,
0,0.013986013986013986,47.641395807266235,5,5a808f96554299485f598655,0.14285714285714285,1,18,7,
0,0,44.95723533630371,5,5a89df265542992e4fca840d,0.6666666666666666,2,18,3,
0,0,46.96338152885437,5,5a7a73e45542996c55b2ddb6,0.2,1,18,5,
0,0,47.33888792991638,5,5ae50eff55429908b6326500,0.3333333333333333,1,18,3,
0,0,43.613598108291626,5,5ae16ea85542990adbacf790,0.4,2,18,5,
0,0,7.521567344665527,0,5ae657d55542995703ce8b5b,0.5,1,3,2,
0,0,7.366520404815674,0,5a8c42445542996e8ac88a3f,0.0,0,3,2,
0,0,7.416963577270508,0,5a82a1ae55429954d2e2eb89,0.16666666666666666,1,3,6,
0,0,7.375465393066406,0,5add292b5542990d50227e0a,0.0,0,3,3,
0,0,7.448500871658325,0,5a7cc9db55429907fabef036,1.0,2,3,2,
0,0.015873015873015872,7.333791494369507,0,5a7b735c5542997c3ec9718a,0.5,2,3,4,
0,0,7.364342451095581,0,5ac213805542992f1f2b37e7,0.0,0,3,10,
0,0,7.4047229290008545,0,5ae72c7d5542991e8301cb91,0.3333333333333333,1,3,3,
0,0.031746031746031744,7.426824569702148,0,5a711bb55542994082a3e597,0.4,2,3,5,
0,0,14.63344120979309,1,5ae684925542995703ce8b71,0.0,0,6,9,
0,0,7.359373092651367,0,5a7283355542991f9a20c4b1,0.3333333333333333,1,3,3,
0,0,7.410252571105957,0,5a7557d75542992d0ec05f68,0.3333333333333333,1,3,3,
0,0,50.56320834159851,5,5a75227955429929fddd8508,0.25,1,18,4,
0,0,49.65817356109619,5,5abc0e095542996583600417,1.0,2,18,2,
0,0,39.52989864349365,4,5a8e00515542995a26add454,0.0,0,15,8,
0,0,22.44239854812622,1,5ae75c395542991bbc9761f7,0.0,0,6,4,
0,0,8.666931390762329,0,5ae43d7f5542996836b02c59,0.0,0,3,5,
0,0,8.603947162628174,0,5a8ccceb554299653c1aa128,0.0,0,3,6,
0,0,8.647714853286743,0,5adf95745542995534e8c7f8,0.5,2,3,4,
0,0,8.6682767868042,0,5ac473e4554299204fd21f54,0.3333333333333333,1,3,3,
0,0,0.47062015533447266,0,5ae1f3df554299234fd04364,,,,,
0,0,8.804935455322266,0,5ade86b255429939a52fe8e0,0.5,1,3,2,
0,0,8.646763563156128,0,5ab48bab5542991779162cd3,0.0,0,3,5,
0,0,8.623638153076172,0,5a7458ff55429979e2882918,0.0,0,3,5,
0,0,8.634951829910278,0,5a8ea03e5542990e94052b81,0.25,1,3,4,
0,0,8.611518621444702,0,5ae1e22a5542997f29b3c160,0.0,0,3,5,
0,0,29.634140729904175,2,5abe364e5542993f32c2a08e,1.0,4,9,4,
0,0,0.25785017013549805,1,5a8f44135542992414482a24,0.1111111111111111,1,3,9,
0,0,8.745058298110962,0,5a7a1e635542990783324e69,0.4,2,3,5,
0,0,8.645986795425415,0,5a752fb75542993748c897df,0.6666666666666666,2,3,3,
0,0,0.3778657913208008,1,5a7793275542992a6e59df04,0.0,0,3,3,
0,0,8.753554344177246,0,5ae2b794554299495565db10,0.4,2,3,5,
0,0,8.607301950454712,0,5a86e6f65542994775f6077c,0.25,1,3,4,
0,0,8.626213550567627,0,5a77d4eb55429949eeb29f74,0.0,0,3,2,
0,0,8.847002029418945,0,5a8126265542995ce29dcbc9,0.5,2,3,4,
0,0,8.683429718017578,0,5a8182e255429938b614234d,0.0,0,3,3,
0,0,8.662881135940552,0,5ac27d2555429963665199dc,0.6666666666666666,2,3,3,
0,0,8.631302833557129,0,5adee8ff55429975fa854fb8,1.0,1,3,1,
0,0,8.622762441635132,0,5a7730015542994aec3b7210,0.25,1,3,4,
0,0,8.396647453308105,0,5a8b45765542995d1e6f1333,0.0,0,3,5,
0,0.012987012987012988,8.601548910140991,0,5ae72a975542991e8301cb75,0.0,0,3,4,
0,0,8.445038080215454,0,5ade3e69554299728e26c68d,0.16666666666666666,1,3,6,
0,0,8.617585897445679,0,5ae3d0bb5542990afbd1e1e5,0.4,2,3,5,
0,0,8.657310247421265,0,5abfa0be5542990832d3a173,0.5,1,3,2,
0,0,17.59211802482605,1,5a7ca98f55429935c91b5288,0.125,1,6,8,
0,0,10.27754259109497,0,5a7776b955429967ab10519e,0.3333333333333333,1,3,3,
0,0.009132420091324202,10.324399709701538,0,5a7b72e15542997c3ec97187,0.0,0,3,2,
0,0,10.28478717803955,0,5a7fb7985542994857a767d2,0.0,0,3,4,
0,0,10.315620183944702,0,5ab56ed0554299637185c597,0.0,0,3,8,
0,0,10.529335260391235,0,5ae09d6155429945ae9593d4,0.2,1,3,5,
0,0,10.258668422698975,0,5ae2c6bf554299492dc91c6c,0.5,1,3,2,
0,0,10.386069297790527,0,5abdf68c5542993f32c2a06b,0.2,1,3,5,
0,0.009389671361502346,10.257178544998169,0,5a7fe0b55542994857a76818,0.2,1,3,5,
0,0.0091324200913242,10.300158739089966,0,5adcad175542994ed6169bc3,0.3333333333333333,1,3,3,
0,0,10.278306722640991,0,5a7c220b5542990527d5545c,0.25,1,3,4,
0,0,10.395279169082642,0,5ab96d405542996be20204de,0.0,0,3,3,
0,0,8.732635974884033,0,5a7149cf5542994082a3e773,0.25,1,3,4,
0,0,10.266136646270752,0,5a7616755542992d0ec06028,0.0,0,3,4,
0,0,24.752042531967163,1,5ac1a9cc5542994ab5c67dc0,0.0,0,6,2,
0,0,10.16083288192749,0,5ac45b23554299204fd21f31,0.0,0,3,2,
0,0.009389671361502348,10.160757541656494,0,5ab9560855429970cfb8ea73,0.0,0,3,1,
0,0,9.826536655426025,0,5a84f06f5542994c784dda92,0.25,1,3,4,
0,0,8.710436582565308,0,5adf6a5c5542995ec70e8ff9,0.0,0,3,11,
0,0,10.167316198348999,0,5ac03b395542992a796decce,0.3333333333333333,1,3,3,
0,0,10.174448728561401,0,5ab4071955429976abd1bd38,0.0,0,3,6,
0,0,0.3282163143157959,1,5a85cd295542997175ce202b,0.0,0,3,3,
0,0,10.340713739395142,0,5a86ed6155429960ec39b6d9,0.0,0,3,6,
0,0,10.17245078086853,0,5a90bb4e55429916514e7536,0.5,1,3,2,
0,0,10.122246026992798,0,5ac257fe55429951e9e68562,0.0,0,3,7,
0,0,10.219547510147095,0,5a90ba1b55429933b8a205c6,0.5,1,3,2,
0,0,10.179426431655884,0,5aba94e355429901930fa845,0.0,0,3,6,
0,0,9.895920753479004,0,5ae1f2d4554299234fd04358,0.0,0,3,3,
0,0,10.194363117218018,0,5a75462d5542996c70cfaed3,1.0,1,3,1,
0,0,10.192739248275757,0,5ae0ac1c5542993d6555ec07,1.0,1,3,1,
0,0,10.207157373428345,0,5adc6f6255429947ff173961,0.0,0,3,3,
0,0,10.167104721069336,0,5a8756aa5542994846c1cd69,0.0,0,3,2,
0,0,8.523740291595459,0,5ab8736455429916710eb058,0.5,1,3,2,
0,0,10.852813959121704,0,5ae0fe4e554299422ee995a9,0.0,0,3,9,
0,0,10.167168140411377,0,5a878d795542993e715abf9d,0.1111111111111111,1,3,9,
0,0,10.27567982673645,0,5a7781c955429949eeb29ea8,0.25,1,3,4,
0,0,10.149661540985107,0,5a8d51355542994ba4e3dc6b,0.0,0,3,5,
0,0,10.200942754745483,0,5a70f6425542994082a3e44c,0.25,1,3,4,
0,0,10.132576942443848,0,5aba7e2c55429955dce3ee5a,0.4,2,3,5,
0,0,10.256113767623901,0,5a7c651a55429935c91b5188,0.25,1,3,4,
0,0,10.61685061454773,0,5a81ca0d5542990a1d231ebb,0.0,0,3,5,
0,0,10.223402976989746,0,5a825da055429954d2e2eb17,0.5,1,3,2,
0,0,10.228159427642822,0,5a73630655429901807db020,0.5,1,3,2,
0,0,11.131597518920898,0,5a77aa095542995d83181260,1.0,1,3,1,
0,0,10.13347339630127,0,5ab97cd0554299753720f81a,0.3333333333333333,1,3,3,
0,0,10.189997673034668,0,5a84de5f5542991dd0999e07,0.0,0,3,5,
,,,,5ae06ee755429945ae959352,,,,,Ollama request exceeded timeout limit for model stable-qwen with error: timed out
0,0,10.40353536605835,0,5ab84bab55429934fafe6d49,0.5,1,3,2,
0,0,0.4641547203063965,0,5ae6793e5542991bbc9760e2,,,,,
0,0,10.36188530921936,0,5a81418455429903bc27b95f,0.0,0,3,10,
0,0,10.165895938873291,0,5adc872b5542994d58a2f62f,0.3333333333333333,2,3,6,
0,0,10.037718057632446,0,5ae81b895542997ec272770c,0.3333333333333333,1,3,3,
0,0,10.224352359771729,0,5a7e910a554299306751357f,0.3333333333333333,1,3,3,
0,0,10.173884630203247,0,5a8f75e6554299458435d635,0.0,0,3,5,
0,0,10.241106510162354,0,5a7e040f5542990b8f503b13,0.6666666666666666,2,3,3,
0,0,10.141913652420044,0,5addb1515542995b365fab60,0.25,1,3,4,
0,0,10.172993421554565,0,5ab80bbf5542991d32223818,0.0,0,3,4,
0,0,10.158783674240112,0,5a848a685542997b5ce3feae,0.0,0,3,4,
0,0.009345794392523366,10.173371315002441,0,5ab6238e554299710c8d1e6d,0.0,0,3,2,
0,0,10.149722576141357,0,5ab92307554299753720f72d,0.0,0,3,2,
0,0.009433962264150945,10.17732548713684,0,5abba3b1554299642a094aed,0.5,1,3,2,
0,0,10.134183645248413,0,5a8173fa554299260e20a28e,0.0,0,3,4,
0,0,10.224167346954346,0,5a8caf1d554299585d9e3720,0.3333333333333333,1,3,3,
0,0,10.23403286933899,0,5ac132a755429964131be17c,0.0,0,3,4,
0,0,0.33437490463256836,1,5ae675245542991bbc9760dc,0.0,0,3,4,
0,0,10.420381307601929,0,5a80b0565542996402f6a5f0,0.0,0,3,6,
0,0,10.213547468185425,0,5adde3a45542997545bbbdc2,0.1,1,3,10,
0,0,10.129801511764526,0,5ac26b7f55429951e9e685ae,0.0,0,3,5,
0,0,10.207489252090454,0,5adf39295542992d7e9f92df,0.5,1,3,2,
0,0,10.191715717315674,0,5abc19705542993a06baf86e,0.3333333333333333,1,3,3,
0,0,10.183976173400879,0,5ae6914755429908198fa627,0.2,1,3,5,
0,0,10.22726559638977,0,5adc9b7a5542994d58a2f679,0.5,2,3,4,
0,0,10.21596097946167,0,5a721dfd55429971e9dc928b,1.0,2,3,2,
0,0,10.320383787155151,0,5a8b50475542997f31a41cd4,0.3333333333333333,1,3,3,
0,0,10.17973518371582,0,5a860aa6554299211dda2a45,0.5,1,3,2,
0,0,11.221764326095581,0,5ae4585c5542996836b02c89,0.0,0,3,8,
0,0,7.832565784454346,0,5adfcb5455429906c02daa48,0.5,1,3,2,
0,0,10.171550512313843,0,5a77a41a5542997042120ab9,0.25,1,3,4,
0,0,10.246936559677124,0,5a8759395542994775f607e0,0.0,0,3,4,
0,0,10.157956838607788,0,5a84992e5542992a431d1a6d,0.0,0,3,3,
0,0,10.1445894241333,0,5ac1bce45542994ab5c67def,0.0,0,3,3,
0,0,10.150219678878784,0,5ac0641f554299294b218fbe,0.6666666666666666,2,3,3,
0,0,10.15271282196045,0,5a87954f5542996e4f308856,0.2,1,3,5,
0,0,8.60825777053833,0,5a8bc03d5542996e8ac88a0b,0.0,0,3,6,
0,0,10.200745344161987,0,5ab8869155429916710eb081,0.3333333333333333,1,3,3,
0,0,10.181858539581299,0,5adde17f5542992200553b87,0.0,0,3,3,
0,0,10.050132274627686,0,5a776ac75542993569682d9b,0.16666666666666666,1,3,6,
0,0,10.12468409538269,0,5ae70ed7554299572ea546a1,0.6666666666666666,2,3,3,
0,0,10.460500717163086,0,5ae1fbf05542997f29b3c1e7,0.5,1,3,2,
0,0,10.20798921585083,0,5ac1c9a15542994ab5c67e1c,0.5,1,3,2,
0,0,10.169804334640503,0,5a77c8905542995d831812ce,0.25,1,3,4,
0,0,10.204687356948853,0,5a89f68f5542992e4fca84b6,0.0,0,3,2,
0,0,10.178723573684692,0,5a7f62405542992e7d278cf0,1.0,3,3,3,
0,0,12.14533257484436,0,5a7ca4485542990527d554f1,0.0,0,3,4,
0,0,10.084264278411865,0,5a8347d65542996488c2e3f6,0.0,0,3,9,
0,0,10.326172590255737,0,5ab8634e5542990e739ec8de,0.2857142857142857,2,3,7,
0,0,8.66419529914856,0,5ab85e9e55429934fafe6d8b,0.0,0,3,2,
0,0,10.219093561172485,0,5a79c9c05542994bb94570a5,0.25,1,3,4,
0,0,10.122992515563965,0,5a8c616f5542995e66a475de,0.3333333333333333,1,3,3,
0,0,0.29936814308166504,0,5ab90fdd55429916710eb0fc,,,,,
0,0.009132420091324202,10.306722402572632,0,5abe7f695542993f32c2a12d,0.0,0,3,8,
0,0,10.282599449157715,0,5abeb0da5542997ec76fd34b,0.25,1,3,4,
0,0,17.778144598007202,1,5a7521c55542993748c897c6,0.2,1,6,5,
0,0,10.486996412277222,0,5adfda5255429942ec259b5e,0.0,0,3,3,
0,0,10.542102575302124,0,5abaeda95542992ccd8e7e5d,0.5,1,3,2,
0,0,9.977014064788818,0,5ae68e0055429908198fa607,0.0,0,3,3,
0,0,9.122982740402222,0,5a7577785542992d0ec05fa0,0.3333333333333333,1,3,3,
0,0,9.122037887573242,0,5a7d147955429909bec76942,0.16666666666666666,1,3,6,
0,0,9.054743766784668,0,5a83a2a15542993344746063,0.0,0,3,3,
0,0,9.10401177406311,0,5ac079e9554299294b218fff,0.6666666666666666,2,3,3,
0,0,10.020468950271606,0,5adca8375542990d50227cd4,0.1111111111111111,1,3,9,
0,0,9.08568811416626,0,5add4f3a5542997545bbbd2c,0.0,0,3,9,
0,0,10.001012563705444,0,5ae26cb15542994d89d5b421,0.0,0,3,6,
0,0,9.05308985710144,0,5a73cad5554299623ed4ac5e,0.2,1,3,5,
0,0.012121212121212121,9.097784280776978,0,5ae0d5335542990adbacf674,0.0,0,3,2,
0,0,9.096596479415894,0,5ab344fc55429969a97a811e,0.5,1,3,2,
0,0,9.116037607192993,0,5ae1319c55429920d5234301,0.0,0,3,5,
0,0,9.100532054901123,0,5abee41a5542993fe9a41d79,0.16666666666666666,1,3,6,
0,0,9.969462156295776,0,5a7daad55542995f4f4022b7,0.6666666666666666,2,3,3,
0,0,9.131246328353882,0,5a8ff6635542995651fb5086,0.16666666666666666,1,3,6,
0,0,9.101372241973877,0,5ae3c0cc5542992f92d82369,0.25,1,3,4,
0,0,9.077169179916382,0,5a8485fa5542992a431d1a41,0.0,0,3,1,
0,0,9.158882141113281,0,5ae1389655429901ffe4ae05,0.5,2,3,4,
0,0,9.173168182373047,0,5a7b73ad5542997c3ec9718c,0.2,1,3,5,
0,0,9.092512607574463,0,5a7a68d25542996c55b2dd98,0.5,1,3,2,
0,0.011976047904191616,9.201461791992188,0,5ae2bb545542992decbdcd88,0.0,0,3,5,
0,0,9.149386405944824,0,5a8f47a55542997ba9cb3219,0.07692307692307693,1,3,13,
0,0,9.157810926437378,0,5ab1ebff5542993be8fa9882,0.0,0,3,6,
0,0.012269938650306747,9.098059892654419,0,5a7fd7305542992e7d278dc2,0.0,0,3,3,
0,0,9.126554727554321,0,5abb8aaf5542993f40c73b1c,0.2,1,3,5,
0,0,9.137120008468628,0,5abba584554299642a094afa,0.3333333333333333,1,3,3,
0,0,9.707651853561401,0,5a804510554299485f5985af,0.6666666666666666,2,3,3,
0,0,10.053523302078247,0,5abb11c15542992ccd8e7ef8,0.3333333333333333,1,3,3,
0,0,9.074654579162598,0,5ae376a35542990afbd1e163,0.3333333333333333,1,3,3,
0,0,10.033849477767944,0,5adc5b875542996e68525328,0.2,1,3,5,
0,0,9.099103927612305,0,5ae6b6065542991bbc976168,0.3333333333333333,1,3,3,
0,0,9.122478485107422,0,5a79d2fe5542994f819ef0c3,0.3333333333333333,1,3,3,
0,0,9.152760982513428,0,5ab38cdd5542992ade7c6de2,0.3333333333333333,1,3,3,
0,0,23.13114309310913,1,5ae73d235542991e8301cc29,0.0,0,6,2,
0,0,9.672705173492432,0,5a7a33205542996a35c1712f,0.1,1,3,10,
0,0,9.097561359405518,0,5a799dfb5542994bb9457029,0.25,2,3,8,
1,1.0,0.20978593826293945,1,5a71095e5542994082a3e4f3,0.25,1,3,4,
0,0,9.845641374588013,0,5aba77be55429955dce3ee44,0.5,2,3,4,
0,0,11.709413528442383,0,5a8af94455429971feec45b6,0.0,0,3,2,
0,0,9.679442167282104,0,5abcedb355429959677d6b4f,0.0,0,3,13,
0,0,9.744277238845825,0,5a713dcb5542994082a3e6d9,0.0,0,3,14,
0,0,9.739981174468994,0,5ae383e15542992f92d822fb,0.5,1,3,2,
0,0,9.645627498626709,0,5a85df525542994c784ddb9f,0.0,0,3,5,
0,0,9.116232633590698,0,5a9030ef5542995651fb50e4,0.0,0,3,6,
0,0,9.125355958938599,0,5a8a2d2155429930ff3c0cdc,0.5,1,3,2,
0,0,9.68857216835022,0,5a88fa9e5542993b751ca8de,0.0,0,3,1,
0,0,24.135690212249756,1,5ae7882b554299540e5a55dd,0.3333333333333333,1,6,3,
0,0,10.571308612823486,0,5a81dacc55429926c1cdada0,0.0,0,3,5,
0,0,10.563838720321655,0,5ab322b1554299194fa93570,0.5,1,3,2,
0,0.008658008658008658,10.618797779083252,0,5a8a764555429930ff3c0de1,0.6666666666666666,2,3,3,
0,0,10.615419149398804,0,5a8d93bf554299068b959d46,0.3333333333333333,1,3,3,
0,0,10.640231132507324,0,5abf04ae5542993fe9a41dbf,0.5,2,3,4,
0,0,10.544582605361938,0,5ab55b0c554299488d4d995e,0.5,1,3,2,
0,0,10.685715913772583,0,5ae4a1875542995ad6573dd2,0.14285714285714285,1,3,7,
0,0.008583690987124463,10.524161338806152,0,5abae3205542996cc5e49edc,0.2,1,3,5,
0,0,10.645381927490234,0,5ab5a4555542997d4ad1f19c,1.0,1,3,1,
0,0,10.537309169769287,0,5abbd85a5542993f40c73be1,0.0,0,3,1,
0,0,10.551712989807129,0,5abe731255429965af743f0e,0.6666666666666666,2,3,3,
0,0,10.623594045639038,0,5a77bef05542992a6e59dfaf,0.0,0,3,4,
0,0,10.584728956222534,0,5a9064d05542990a9849360f,0.16666666666666666,2,3,12,
,,,,5a8c30f6554299240d9c20d1,,,,,Ollama request exceeded timeout limit for model stable-qwen with error: timed out
0,0,73.36106371879578,5,5ae5ffbb5542996de7b71ad4,0.2,1,18,5,
0,0,69.00682973861694,5,5ae213de5542997283cd23b9,0.25,1,18,4,
0,0,11.492218971252441,0,5a81cb2c5542990a1d231ec4,0.2857142857142857,2,3,7,
0,0,11.53012752532959,0,5a7605f85542994ccc91868d,0.6666666666666666,2,3,3,
0,0,11.507518768310547,0,5ae07b0155429945ae95935d,0.14285714285714285,1,3,7,
0,0,20.126444101333618,1,5abcf17655429959677d6b5c,1.3333333333333333,4,6,3,
0,0,11.503478288650513,0,5ae1b1aa5542997283cd223f,0.0,0,3,7,
0,0,71.03814601898193,5,5ab9587d55429970cfb8ea7e,0.0,0,18,1,
0,0,0.2831385135650635,1,5ab81cd955429916710eaff7,0.375,3,3,8,
0,0,35.48614978790283,2,5a77a9df55429967ab10521c,0.0,0,9,3,
0,0,11.680684328079224,0,5a85a2845542997175ce1fe1,0.5,2,3,4,
0,0,46.741222858428955,3,5a800ca555429969796c1bac,0.0,0,12,3,
0,0,21.413078784942627,1,5a73c958554299623ed4ac5c,0.0,0,6,2,
0,0,10.15326476097107,0,5ae528ed5542993aec5ec16e,0.3333333333333333,1,3,3,
0,0,10.07950758934021,0,5a8aee2c55429970aeb70338,0.25,1,3,4,
0,0,11.815773010253906,0,5ae7ef625542994a481bbe40,1.0,1,3,1,
0,0,10.148706197738647,0,5ae2cda55542992decbdcdb7,0.3333333333333333,1,3,3,
0,1.0,0.21869754791259766,0,5a7af1a955429931da12c98f,,,,,
0,0,10.355905294418335,0,5a8b017155429949d91db463,0.0,0,3,1,
0,0,10.07697057723999,0,5abe535055429976d4830aea,1.0,2,3,2,
0,0,20.71064305305481,1,5ae3f2d25542995ad6573ccc,0.5,1,6,2,
0,0,10.132737636566162,0,5a74122f55429929fddd83da,1.0,1,3,1,
0,0,10.259621858596802,0,5ae803915542994a481bbe80,1.0,1,3,1,
0,0.009345794392523366,10.20926308631897,0,5a734e6d5542994cef4bc528,0.125,1,3,8,
0,0,53.46944975852966,5,5ae3bb0d5542992f92d82357,0.5,2,18,4,
0,0,19.342904567718506,1,5a7624b85542992db947372c,0.0,0,6,4,
0,0,9.685688495635986,0,5a8091515542996402f6a563,0.0,0,3,2,
0,0,9.674419403076172,0,5a7a1b165542996c55b2dd10,0.3333333333333333,1,3,3,
0,0,53.72182035446167,5,5ac38bf355429939154137ba,1.0,2,18,2,
0,0,53.13012742996216,5,5a7502715542996c70cfae74,0.6666666666666666,2,15,3,
0,0,49.951091051101685,5,5a724ba25542990c210a40c7,0.0,0,18,6,
0,0,49.493176221847534,5,5abd0b6b5542996e802b46b4,0.0,0,18,9,
0,0,8.62384033203125,0,5ac00f795542996f0d89cb16,0.3333333333333333,1,3,3,
0,0,8.6788911819458,0,5ac3af895542995ef918c1f0,0.0,0,3,9,
0,0,8.698562383651733,0,5ac3bab155429939154138fb,0.0,0,3,4,
0,0.01360544217687075,8.636634349822998,0,5ab1f13e554299449642c81c,0.16666666666666666,1,3,6,
0,0,8.693515539169312,0,5a7652435542992d0ec060a5,0.6666666666666666,2,3,3,
0,0,8.69041895866394,0,5ade881f5542992fa25da7af,0.25,1,3,4,
0,0,45.808265924453735,5,5a83e98e5542992ef85e2387,0.5,2,18,4,
0,0,49.864726305007935,5,5a7b60605542995eb53be931,0.5,1,18,2,
0,0,50.313846826553345,5,5a8df1a65542995085b3735f,1.0,2,18,2,
0,0,49.541768312454224,5,5a7e0c045542995f4f4023c5,0.3333333333333333,1,18,3,
0,0,49.35314989089966,5,5a81711455429938b614233e,0.0,0,18,5,
0,0,48.43919897079468,5,5ac275f155429921a00aaf82,0.0,0,18,4,
0,0.011764705882352941,14.551240921020508,1,5a7ed5af5542994959419a84,0.2857142857142857,2,6,7,
0,0,9.204170942306519,0,5a83ed9b55429933447460b8,,,,,
0,0,6.086467266082764,0,5ae648b955429929b0807b1d,0.3333333333333333,1,3,3,
0,0,9.24980616569519,0,5a8f24cc55429924144829e7,0.16666666666666666,1,3,6,
0,0,9.226472854614258,0,5addda9b5542992200553b5b,0.6666666666666666,2,3,3,
0,0,9.249676704406738,0,5a77c4fe55429967ab10527b,0.5,1,3,2,
0,0,9.282166719436646,0,5adce36e5542990d50227d55,0.0,0,3,5,
0,0.011695906432748539,9.244250774383545,0,5a8f155e554299458435d54c,0.0,0,3,6,
0,0,9.160707473754883,0,5ac532335542994611c8b41c,0.42857142857142855,3,3,7,
0,0,9.226888656616211,0,5a77ba6c55429967ab10524c,0.0,0,3,6,
0,0,9.285263299942017,0,5ac3b0885542995ef918c1f8,0.0,0,3,3,
0,0,9.721168994903564,0,5ab6006a554299110f2199b5,0.5,1,3,2,
0,0,45.778034687042236,5,5ab53ad6554299488d4d9917,0.0,0,16,4,
0,0,47.47879934310913,5,5a844fd35542990548d0b274,0.3333333333333333,1,18,3,
0,0,49.17852520942688,5,5ab2d1c45542992953946877,0.0,0,18,12,
0,0,48.48926401138306,5,5a71674f5542994082a3e819,0.0,0,18,4,
0,0,49.214351177215576,5,5a8f38fa55429924144829f5,0.5,1,18,2,
0,0,28.08141851425171,3,5a7a651b5542990783324f40,0.5,4,12,8,
0,0,6.4605302810668945,0,5a76a0005542993569682c64,0.25,1,3,4,
0,0,6.443913698196411,0,5a8747915542994775f607bb,0.0,0,3,1,
0,0,7.400169849395752,0,5ae66b055542995703ce8b61,0.0,0,3,17,
0,0,6.466188192367554,0,5ab5dc44554299494045f089,0.6666666666666666,2,3,3,
0,0,6.46323561668396,0,5ae0d9c555429924de1b719a,0.5,1,3,2,
0,0,7.346545696258545,0,5a7ec95b55429934daa2fc67,0.5,1,3,2,
0,0,6.464842796325684,0,5ac4ec9955429924173fb4da,0.2,1,3,5,
0,0,6.540603160858154,0,5ac097b05542996f0d89cc18,0.2,1,3,5,
0,0.5,0.25306129455566406,1,5ac270025542990b17b15390,0.0,0,3,3,
0,0,7.477662563323975,0,5a863d2d5542991e771815d2,0.0,0,3,2,
0,0,6.392407178878784,0,5ab1e76c554299449642c800,0.0,0,3,2,
0,0,6.451173782348633,0,5a8a9bc15542996c9b8d5f36,0.2,1,3,5,
0,0,6.380072355270386,0,5a84f5195542994c784dda9d,0.0,0,3,2,
0,0,6.388358116149902,0,5a8b515e55429971feec46bb,0.125,1,3,8,
0,0,5.876288175582886,0,5ab44ab25542991779162c58,0.5,1,3,2,
0,0,6.441136837005615,0,5ab701395542991d3222373a,0.25,1,3,4,
0,0,6.4643919467926025,0,5ae5305b5542990ba0bbb1f5,0.125,1,3,8,
0,0,5.917621612548828,0,5ae0b60655429945ae959437,1.0,1,3,1,
0,0,6.468886852264404,0,5a8fc0065542997ba9cb3318,0.07692307692307693,1,3,13,
0,0,6.4710657596588135,0,5ac036b95542992a796deccd,0.0,0,3,8,
0,0,15.04586124420166,1,5ac1a2f755429964131be258,0.0,0,6,3,
0,0,7.157407283782959,0,5ac41379554299204fd21ef1,0.5,1,3,2,
0,0,7.07804274559021,0,5ac2ba4855429921a00ab048,0.6666666666666666,2,3,3,
0,0,7.376535892486572,0,5a7119f75542994082a3e58e,0.0,0,3,4,
0,0,7.3822057247161865,0,5ac55c135542993e66e82345,0.0,0,3,5,
0,0,49.88479280471802,5,5ae7fde25542994a481bbe66,0.3333333333333333,1,18,3,
0,0,49.78439521789551,5,5ac54ca45542993e66e822d5,0.6666666666666666,2,18,3,
0,0,45.08402442932129,5,5a8da1815542994ba4e3dcd7,0.0,0,18,13,
0,0,48.99028515815735,5,5ae2075f5542994d89d5b315,0.16666666666666666,1,18,6,
0,0,48.935672760009766,5,5abe953b5542993f32c2a170,0.0,0,18,5,
0,0,46.325554847717285,5,5abff0645542994516f45539,0.0,0,18,3,
0,0,50.7994749546051,5,5a7199725542994082a3e88f,0.3333333333333333,1,18,3,
0,0,25.221243143081665,2,5abbd7985542992ccd8e7fb8,0.14285714285714285,1,9,7,
0,0,48.96635317802429,5,5a80ae105542992bc0c4a7a2,0.3333333333333333,1,18,3,
0,0,47.66058659553528,5,5ab9cfb455429970cfb8ebae,0.0,0,18,4,
0,0,48.9648802280426,5,5ae4c01e55429913cc2044f3,0.0,0,18,5,
0,0,49.525259017944336,5,5ae7922f5542994a481bbdac,1.0,1,18,1,
0,0,49.034806966781616,5,5ac2f1d1554299218029dba4,0.3333333333333333,2,18,6,
0,0,45.95924353599548,5,5ac09da45542996f0d89cc1d,0.0,0,18,3,
0,0,48.72778081893921,5,5ab42d5755429942dd415eaf,0.0,0,18,9,
0,0.4,0.36248183250427246,1,5ae5d7b755429929b08079cd,0.4,2,3,5,
0,0,49.47195911407471,5,5a8198565542995ce29dcc13,1.0,1,18,1,
0,0,49.7130491733551,5,5ac3271e554299218029dbd3,0.0,0,18,1,
0,0,51.102200746536255,5,5a8baf775542996e8ac889c8,0.14285714285714285,1,18,7,
0,0,51.547892808914185,5,5abbdb195542993f40c73bf1,0.0,0,18,7,
0,0,47.57503581047058,5,5ac46cb85542991943173987,0.3333333333333333,1,18,3,
0,0,48.354036808013916,5,5ab69e8755429954757d3334,0.0,0,18,5,
0,0,51.16641354560852,5,5adfd22255429906c02daa4f,0.3333333333333333,1,18,3,
0,0,50.35468626022339,5,5add2b435542990d50227e11,0.0,0,18,6,
0,0,42.37767243385315,4,5a8d0d7b55429941ae14df79,0.0,0,15,2,
0,0,47.194825172424316,5,5a874e9b554299211dda2bd3,0.1111111111111111,1,18,9,
0,0,51.058799743652344,5,5a7c3178554299683c1c62e1,0.2857142857142857,2,18,7,
0,0.013793103448275862,51.274141788482666,5,5a8ee6145542990e94052bab,0.5,1,18,2,
0,0,48.33824324607849,5,5a8b7e9c5542995d1e6f13c1,0.0,0,18,6,
0,0,51.95175862312317,5,5ae020f5554299025d62a41b,0.0,0,15,3,
0,0.02758620689655172,46.44509935379028,4,5a7cc28f554299452d57ba1c,0.25,1,15,4,
0,0,17.136905908584595,1,5a7e08305542995f4f4023ab,0.2,1,6,5,
0,0,51.32730054855347,5,5adf0ae45542992d7e9f9286,0.5,1,18,2,
0,0,50.681102991104126,5,5a82efe355429966c78a6aa1,0.16666666666666666,1,18,6,
0,0,46.13624429702759,5,5a86204d5542994775f60709,0.0,0,18,21,
0,0,46.3547203540802,5,5ab930655542991b5579f12a,0.6,3,18,5,
,,,,5abc32cb55429959677d6a40,,,,,Ollama request exceeded timeout limit for model stable-qwen with error: timed out
0,0,47.40126919746399,5,5a8dee2455429917b4a5bce1,0.0,0,18,6,
,,,,5a75e7b255429976ec32bc95,,,,,Ollama request exceeded timeout limit for model stable-qwen with error: timed out
0,0,25.598644256591797,2,5a8c8502554299585d9e36d0,0.0,0,9,7,
0,0.012987012987012986,8.71259069442749,0,5ae3de615542992f92d823a5,0.07692307692307693,1,3,13,
0,0,8.746332168579102,0,5abee75f5542993fe9a41d8e,0.3333333333333333,1,3,3,
0,0.010752688172043012,41.07931041717529,4,5a8f73455542997ba9cb3269,0.25,2,12,8,
0,0,80.5380232334137,5,5a7a9b9a5542990198eaf160,0.25,1,18,4,
,,,,5ab66b63554299110f219a0a,,,,,Ollama request exceeded timeout limit for model stable-qwen with error: timed out
0,0,48.746981382369995,4,5ae457a95542996836b02c85,0.0,0,15,5,
0,0,4.817567825317383,0,5ac1c73e55429964131be28a,0.0,0,3,4,
0,0,4.852994203567505,0,5adef1b35542993a75d263af,0.5,1,3,2,
0,0,4.835511684417725,0,5ab29956554299194fa9342d,0.4,2,3,5,
0,0,4.800994157791138,0,5a7b1d3b5542992d025e677a,0.25,1,3,4,
0,0,32.15073037147522,5,5ac373195542995ef918c199,0.0,0,18,6,
0,0,32.92432928085327,5,5a7e052d5542995f4f40238e,0.14285714285714285,1,18,7,
0,0,32.23128366470337,5,5ac41850554299194317390b,0.0,0,18,16,
0,0,32.88740420341492,5,5a8c06bb5542995e66a47530,0.3333333333333333,1,18,3,
0,0,33.477237701416016,5,5a8fc3b155429933b8a20454,0.0,0,18,6,
0,0,35.70776653289795,5,5ab94acd554299743d22eac6,0.3333333333333333,1,18,3,
0,0,32.683887004852295,5,5ac1b1345542994ab5c67dd0,0.0,0,18,2,
0,0,45.56241965293884,5,5ac3b04f55429939154138b7,0.3333333333333333,1,18,3,
0,0,15.158756017684937,1,5adf0cbd5542993a75d263e0,0.0,0,6,2,
0,0.016,46.267072439193726,5,5ae3790f5542992e3233c415,0.14285714285714285,1,18,7,
0,0,26.876811981201172,2,5a7b820c5542997c3ec971d8,0.3333333333333333,1,9,3,
0,0,52.89825367927551,5,5a90b1a15542990a984936ab,0.25,1,18,4,
0,0,45.846354246139526,5,5a7cdc1b55429907fabef04d,0.0,0,18,3,
0,0,60.65631675720215,5,5a8e08d35542995085b37395,0.0,0,18,6,
0,0,23.148770093917847,2,5a7a9a2255429941d65f26eb,0.5,1,9,2,
0,0,6.7622199058532715,0,5a87ee7b55429938390d3eb6,0.0,0,3,5,
0,0,6.653853893280029,0,5a8ba92c554299240d9c2071,0.25,1,3,4,
0,0,6.739685535430908,0,5a8b036d55429971feec45fe,0.0,0,3,4,
0,0,6.713221311569214,0,5adfed45554299603e4183c5,0.5,1,3,2,
0,0.020618556701030924,6.694581985473633,0,5adbf84555429947ff17387c,0.3333333333333333,2,3,6,
0,0,14.670269012451172,1,5ac2dfac554299657fa290b3,0.16666666666666666,1,6,6,
0,0,14.520095348358154,0,5ae0cddc55429945ae959459,0.3333333333333333,1,3,3,
0,0,6.696033000946045,0,5abb02fe554299232ef4a39f,0.0,0,3,5,
0,0,6.735982179641724,0,5ac43d575542997ea680ca39,0.5,1,3,2,
0,0,17.812705278396606,1,5a82817555429954d2e2eb5a,0.0,0,6,1,
0,0,7.945926904678345,0,5adce0f455429947343537bd,0.25,1,3,4,
0,0.014598540145985401,7.958471059799194,0,5ac21bac5542991316484bf2,0.0,0,3,5,
0,0,7.88330864906311,0,5a84fea85542994c784ddabf,1.0,1,3,1,
0,0,7.970224618911743,0,5ae7690c5542995703ce8c22,0.2,1,3,5,
0,0,7.895593881607056,0,5a7e7c725542991319bc94be,0.6666666666666666,2,3,3,
0,0,7.96921443939209,0,5a70f39c5542994082a3e429,0.2,1,3,5,
0,0,7.961040019989014,0,5a8332815542993344745fe9,0.0,0,3,5,
0,0,7.895390510559082,0,5adf227a5542992d7e9f92a6,0.125,1,3,8,
0,0,7.987393140792847,0,5ae6143f5542996de7b71b2d,0.2,1,3,5,
0,0.014388489208633094,7.902774095535278,0,5ae6368a5542992ae0d16284,0.0,0,3,5,
0,0,7.90025782585144,0,5ae759b25542991e8301cc6b,0.0,0,3,5,
0,0,7.971294403076172,0,5ac4d2cd5542995c82c4ad73,0.0,0,3,3,
0,0,7.932298421859741,0,5adf4b335542993a75d264a5,0.25,1,3,4,
0,0,7.956920385360718,0,5a8b04df55429950cd6afc49,0.0,0,3,3,
0,0,18.667644739151,1,5ae7da705542993210983f96,0.5,1,5,2,
0,0,8.037100791931152,0,5a8ec4875542995a26add508,0.2,1,3,5,
0,0,8.03369688987732,0,5ae7d0675542994a481bbdf2,0.5,1,3,2,
0,0.014084507042253521,8.070225238800049,0,5ab209ec554299722f9b4ca2,0.0,0,3,3,
0,0,8.063196897506714,0,5a7a4a1d5542990198eaf108,0.1,1,3,10,
0,0,7.979809761047363,0,5a7ce6bf55429909bec7686c,0.2,1,3,5,
0,0,0.2500951290130615,1,5a732aa055429901807daf9f,0.3333333333333333,1,3,3,
0,0,8.162070751190186,0,5abec2ca5542997719eab5b9,0.2,1,3,5,
0,0,14.179184913635254,1,5a7f3bcd55429930675136c3,0.3333333333333333,1,6,3,
0,0,8.045268058776855,0,5ab3e577554299233954ffe3,0.25,1,3,4,
0,0,7.983334302902222,0,5a90c8165542995651fb51ee,0.5,1,3,2,
0,0,16.323877334594727,1,5ab27389554299722f9b4d2f,0.16666666666666666,1,6,6,
0,0,8.00284743309021,0,5abe19895542991f661060c2,0.0,0,3,6,
0,0,24.98370885848999,1,5ab3c05d55429969a97a81aa,0.3333333333333333,1,6,3,
0,0,12.509737253189087,0,5ab9ccef55429955dce3ed86,0.5,1,3,2,
0,0,12.47851300239563,0,5a72c6565542992359bc31a7,0.0,0,3,5,
0,0,12.526658773422241,0,5a72908f5542994cef4bc33b,0.2,1,3,5,
0,0,12.535187244415283,0,5a73830d55429908901be2da,0.5,1,3,2,
0,0,12.447452306747437,0,5a7982435542994bb945701f,0.0,0,3,2,
0,0,12.479480743408203,0,5ae5c8cf554299546bf82f5f,0.0,0,3,3,
0,0,12.478480577468872,0,5ae0132d55429925eb1afc00,0.3333333333333333,1,3,3,
0,0.007042253521126761,12.5654137134552,0,5adf9d135542995534e8c817,0.5,2,3,4,
0,0,17.64345097541809,1,5abbc2245542992ccd8e7f8a,0.0,0,6,3,
0,0,12.51480484008789,0,5a83c56d5542996488c2e4c3,0.0,0,3,8,
0,0,12.89680528640747,0,5ab870ed55429934fafe6db9,0.0,0,3,9,
0,0,12.508290767669678,0,5abb76fa5542992ccd8e7f48,0.0,0,3,8,
0,0,12.490493535995483,0,5a7b55bc55429927d897bf98,0.5,2,3,4,
0,0.006993006993006993,25.66216492652893,1,5ae518ae5542993aec5ec13c,0.0,0,6,7,
0,0,26.374629259109497,1,5ac1c18855429964131be279,0.5,1,6,2,
0,0,12.690872430801392,0,5ac199955542994ab5c67d8c,0.0,0,3,6,
0,0,12.707766771316528,0,5ae27f22554299495565da8d,0.5,2,3,4,
0,0,25.74188256263733,1,5ac2680055429963665199a8,0.0,0,6,5,
0,0,12.68715786933899,0,5ae351405542994393b9e67f,0.0,0,3,4,
0,0,12.729183673858643,0,5ae1da385542997283cd2297,0.0,0,3,5,
0,0,25.444602251052856,1,5adc69ef554299438c868daf,0.5,1,6,2,
0,0,13.077117681503296,0,5a7a954855429941d65f26cd,0.0,0,3,6,
0,0,13.044433355331421,0,5ab9ddaa5542994dbf019873,0.5,1,3,2,
0,0,13.084035158157349,0,5abbdd565542993f40c73bfb,0.0,0,3,4,
0,0,13.030685186386108,0,5a8b544855429950cd6afcae,0.0,0,3,8,
0,0,13.062079668045044,0,5aba480c55429939ce03dc77,0.25,1,3,4,
0,0,13.00747275352478,0,5a8518a75542994c784ddaf7,0.0,0,3,3,
0,0,13.067063570022583,0,5a81b43d5542995ce29dcc39,0.0,0,3,5,
0,0,26.38985538482666,1,5a79e3925542994bb9457130,0.5,1,5,2,
0,0,12.691035032272339,0,5adbf34955429947ff173862,0.0,0,3,3,
0,0,12.75103759765625,0,5ac5275755429924173fb617,0.0,0,3,4,
0,0,12.383181810379028,0,5a77519c55429972597f14fa,0.0,0,3,2,
0,0,12.373890399932861,0,5a7a05485542990783324def,0.0,0,3,6,
0,0.007380073800738007,12.351892232894897,0,5ae3fd195542995dadf2428d,0.3333333333333333,1,3,3,
0,0,12.712112665176392,0,5ab3b2c4554299233954ff8a,0.0,0,3,7,
0,0,12.543903589248657,0,5a74f7f15542993748c89765,0.25,1,3,4,
0,0,12.710199117660522,0,5abaad5855429901930fa88f,1.0,1,3,1,
0,0,12.717101573944092,0,5a770eb65542994aec3b71d4,0.5,1,3,2,
0,0,19.868590593338013,1,5a7a845755429941d65f2684,0.16666666666666666,1,6,6,
0,0,114.5360198020935,1,5ab42b24554299753aec5a43,0.5,1,6,2,
0,0,12.519599914550781,0,5a8141cc55429938b6142316,0.5,1,3,2,
0,0,12.645934104919434,0,5abdb8ba5542993f32c2a015,0.2,1,3,5,
0,0,12.989410161972046,0,5ab90f5755429934fafe6e57,0.5,1,3,2,
0,0,13.087082386016846,0,5a8492ab5542992a431d1a5b,0.2,1,3,5,
0,0.006756756756756756,13.092691898345947,0,5a83c3275542996488c2e4be,0.0,0,3,6,
0,0,17.937142372131348,1,5a8bde565542995d1e6f1454,0.2857142857142857,2,6,7,
0,0.07692307692307693,0.5891263484954834,1,5ac249bd55429951e9e68528,0.0,0,3,4,
0,0,12.602995872497559,0,5a80f4c2554299260e20a1da,0.3333333333333333,1,3,3,
0,0,12.327185153961182,0,5ae12fcf5542990adbacf72c,0.5,2,3,4,
0,0,13.394849300384521,0,5a898872554299669944a540,0.6666666666666666,2,3,3,
0,0,13.467667579650879,0,5ade858a55429975fa854eea,1.0,1,3,1,
0,0,13.480216979980469,0,5a8f54165542992414482a52,0.0,0,3,2,
0,0.006711409395973154,13.405638456344604,0,5a8b448255429971feec468c,0.0,0,3,3,
0,0.006711409395973154,13.45250678062439,0,5a8f18d555429918e830d189,0.25,1,3,4,
0,0,13.447518825531006,0,5ae7308d5542991e8301cbb8,0.125,1,3,8,
0,0,13.48507308959961,0,5ae305355542992decbdcdc2,0.3333333333333333,1,3,3,
0,0,13.45788860321045,0,5a8530cc5542992a431d1aeb,0.0,0,3,2,
0,0,18.218692541122437,1,5adc459255429944faac24ad,0.0,0,6,8,
0,0.007220216606498195,12.4147207736969,0,5a866fed554299211dda2b2e,0.25,1,3,4,
0,0,12.445012331008911,0,5abeafbb5542997ec76fd347,0.25,1,3,4,
0,0,17.929210901260376,1,5ab6391755429953192ad2a7,0.6666666666666666,2,6,3,
0,0.006557377049180328,13.792341470718384,0,5a7c68575542996dd594b91c,0.2857142857142857,2,3,7,
0,0,13.805281639099121,0,5ac524e55542994611c8b3d0,0.3333333333333333,1,3,3,
0,0,12.454376220703125,0,5abed6905542990832d3a0ed,0.5,2,3,4,
0,0,13.756687641143799,0,5a7bd791554299683c1c62c2,0.14285714285714285,1,3,7,
0,0,12.547800064086914,0,5ae75a5a5542991bbc9761f3,0.6666666666666666,2,3,3,
0,0,12.403244972229004,0,5a7741775542994aec3b724f,0.0,0,3,3,
0,0,12.47568964958191,0,5a80d2c6554299260e20a17c,0.3333333333333333,1,3,3,
0,0,13.799390077590942,0,5a8a1b7a5542992d82986ec0,0.3333333333333333,1,3,3,
0,0.007352941176470588,72.33360314369202,1,5a8638945542994775f6072d,0.0,0,6,3,
0,0,12.655518531799316,0,5adc2e3d554299438c868d6b,1.0,1,3,1,
0,0,6.621823072433472,0,5ae5f3bb5542996de7b71a7e,0.5,1,3,2,
0,0,13.341459274291992,0,5a85d25b5542996432c570ee,0.5,1,3,2,
0,0,12.62242603302002,0,5ab66fd355429954757d32b7,0.4,2,3,5,
0,0,13.390620946884155,0,5a7153d05542994082a3e7dc,0.0,0,3,2,
0,0,22.980631828308105,1,5ae249925542994d89d5b3c1,0.0,0,6,6,
0,0,12.521561622619629,0,5ac170af5542994d76dcce20,0.25,1,3,4,
,,,,5a80cddd554299260e20a169,,,,,Ollama request exceeded timeout limit for model stable-qwen with error: timed out
0,0,12.669195413589478,0,5a89ab1355429946c8d6e996,0.6666666666666666,2,3,3,
0,0,24.603063344955444,1,5a7319bc5542992359bc3235,0.14285714285714285,1,6,7,
0,0,12.781179189682007,0,5ae638865542992ae0d1628c,0.0,0,3,4,
0,0,12.808568239212036,0,5a72af155542992359bc316c,0.2,1,3,5,
0,0,11.876888751983643,0,5abd09585542996e802b469b,0.0,0,3,4,
0,0,12.743796586990356,0,5a71214d5542994082a3e5b9,0.25,2,3,8,
0,0,12.984216213226318,0,5a8a0cb75542992d82986e7d,0.25,1,3,4,
0,0.007490636704119849,17.74839425086975,1,5a79c7ac5542994bb9457097,0.0,0,4,3,
,,,,5abbc96755429931dba1452c,,,,,Ollama request exceeded timeout limit for model stable-qwen with error: timed out
0,0,12.737283706665039,0,5ade664555429939a52fe89c,0.0,0,3,4,
0,0,12.84593152999878,0,5a8a06c35542992d82986e57,0.0,0,3,3,
0,0,12.713783025741577,0,5ae2cbc9554299495565db36,0.2,1,3,5,
0,0,11.959502696990967,0,5abf16965542993fe9a41dd3,0.0,0,3,5,
0,0,19.926307678222656,1,5ab7ccf455429928e1fe3910,0.5,2,6,4,
0,0,12.781294822692871,0,5abd0b685542996583600501,0.2,1,3,5,
0,0.014598540145985401,12.739711999893188,0,5a7fa08d55429969796c1af7,1.0,1,3,1,
0,0,13.01980209350586,0,5a7306a655429901807daf67,0.0,0,3,4,
0,0,19.77049970626831,1,5adce2ee5542992c1e3a2461,0.1111111111111111,1,6,9,
0,0,13.07325029373169,0,5ab4f7fc5542991779162d43,0.5,2,3,4,
0,0,13.012900590896606,0,5ae0d3da5542990adbacf66d,0.25,1,3,4,
0,0,13.013813495635986,0,5a81d19b55429926c1cdad90,0.25,1,3,4,
0,0,13.317842960357666,0,5ab4fd0b55429942dd415fbb,0.0,0,3,3,
0,0,13.062269449234009,0,5ae5d0b5554299546bf82f80,0.3333333333333333,1,3,3,
0,0,13.036935091018677,0,5a78e9d155429970f5fffdcc,0.3333333333333333,1,3,3,
0,0.007092198581560284,12.826332569122314,0,5a8adc935542992d82986fb0,0.5,2,3,4,
0,0,13.109645128250122,0,5a8763475542996e4f3087c0,0.3333333333333333,1,3,3,
0,0,13.11878514289856,0,5a8c7232554299585d9e36a6,1.0,2,3,2,
0,0,18.054619550704956,1,5ac156d05542994ab5c67ce9,0.16666666666666666,1,6,6,
0,0,13.073997259140015,0,5adcc9f35542990d50227d20,0.3333333333333333,1,3,3,
0,0,13.007723331451416,0,5ae1d656554299234fd04322,0.0,0,3,1,
0,0.006896551724137931,13.087913513183594,0,5ae788fa55429952e35ea964,0.6666666666666666,2,3,3,
0,0,13.05952000617981,0,5adf39d45542992d7e9f92e5,0.5,1,3,2,
0,0,13.006855487823486,0,5ab503db5542990594ba9cc8,1.0,1,3,1,
0,0.007092198581560284,25.98032569885254,1,5ae617285542996de7b71b4c,0.3333333333333333,1,6,3,
0,0,12.712062358856201,0,5aba9e545542994dbf019986,0.16666666666666666,1,3,6,
0,0,12.902156352996826,0,5a8841195542994846c1ce65,0.0,0,3,2,
0,0,12.830275535583496,0,5a80b8845542992bc0c4a7de,0.0,0,3,6,
0,0.007042253521126762,12.841139554977417,0,5add92885542990dbb2f7e72,0.0,0,3,5,
0,0,15.543469667434692,0,5a8b595855429949d91db563,0.0,0,3,8,
0,0,12.84609603881836,0,5a88e3cc5542997e5c09a6c2,0.0,0,3,6,
0,0,12.871426105499268,0,5ac294b955429921a00aafd0,0.6666666666666666,2,3,3,
0,0,12.825189590454102,0,5a75fa14554299109176e5dc,0.3333333333333333,1,3,3,
0,0,12.797958374023438,0,5adf88995542993344016cd4,0.0,0,3,10,
0,0,12.87034797668457,0,5ae0850055429945ae959396,0.25,1,3,4,
0,0,12.793283939361572,0,5ae835f25542997ec272776f,0.16666666666666666,1,3,6,
0,0,12.818054437637329,0,5a8d7a8d55429941ae14dfc2,0.5,1,3,2,
0,0,12.845407009124756,0,5a8555ea5542992a431d1b07,0.0,0,3,4,
0,0,12.9015793800354,0,5a7a8d15554299042af8f669,0.0,0,3,4,
0,0,12.900276899337769,0,5a7bcbc8554299294a54aae2,0.0,0,3,2,
0,0,12.856434345245361,0,5a84807d554299123d8c2278,0.25,1,3,4,
0,0,12.880685567855835,0,5a7a030c5542996a35c17077,0.0,0,3,4,
0,0.007092198581560284,12.799699068069458,0,5ae1388e5542997b2ef7d13a,0.3333333333333333,1,3,3,
0,0.0071428571428571435,12.789630651473999,0,5ae5a4e5554299546bf82f01,0.0,0,3,2,
0,0,12.796775102615356,0,5a87c19a5542994846c1cde6,0.5,1,3,2,
0,0,12.848751544952393,0,5a74af7e55429916b01641d2,0.25,1,3,4,
0,0,12.797780752182007,0,5a7c8ae855429935c91b5207,0.0,0,3,4,
0,0.00706713780918728,12.895502805709839,0,5ab808b85542991d3222380d,0.2857142857142857,2,3,7,
0,0,12.771543025970459,0,5a7d158155429909bec76947,0.0,0,3,8,
0,0,12.845353364944458,0,5abad70d5542996606241631,0.0,0,3,5,
0,0,12.788021326065063,0,5a75092b55429916b0164242,0.0,0,3,6,
0,0.007092198581560284,12.844157457351685,0,5ae7766455429952e35ea920,0.25,1,3,4,
0,0.007194244604316546,12.845558166503906,0,5a840e395542992ef85e239d,0.25,1,3,4,
0,0,12.851622104644775,0,5ac023045542996f0d89cb32,0.0,0,3,1,
0,0,12.853008031845093,0,5ac0b6b15542996f0d89cc1e,0.3333333333333333,1,3,3,
0,0,12.86958384513855,0,5a7b24fe55429931da12c9f7,0.3333333333333333,1,3,3,
0,0.6666666666666666,0.21205377578735352,1,5abf8ae85542990832d3a14b,0.0,0,3,1,
0,0,12.901364803314209,0,5a77e2095542995d8318131d,0.0,0,3,3,
0,0,12.816112041473389,0,5a775f615542993735360250,0.125,1,3,8,
0,0,12.780195713043213,0,5ade15a45542997545bbbe46,0.3333333333333333,1,3,3,
0,0,12.8205885887146,0,5abf2e605542993fe9a41de4,0.0,0,3,6,
0,0,12.796541929244995,0,5ab5744e554299494045efdf,1.0,1,3,1,
0,0,12.822312831878662,0,5a7c6d98554299683c1c6304,0.25,1,3,4,
0,0,12.849528789520264,0,5ab864945542990e739ec8e1,0.0,0,3,5,
0,0,12.884451389312744,0,5adcb4ae5542994734353774,0.16666666666666666,1,3,6,
0,0.007194244604316546,17.892385244369507,1,5a8675b1554299211dda2b44,0.0,0,6,1,
0,0,12.816781520843506,0,5ac11201554299294b21908c,0.16666666666666666,1,3,6,
0,0,12.797038793563843,0,5ae663b05542992ae0d16316,0.25,1,3,4,
0,0.007042253521126762,12.815292358398438,0,5a9057795542990a984935f7,0.0,0,3,8,
0,0,10.352697849273682,0,5a8d0e4e5542994ba4e3dbbf,0.5,2,3,4,
0,0,12.823787927627563,0,5ab4313a554299233955004c,0.16666666666666666,1,3,6,
0,0.011627906976744186,17.784807682037354,1,5abaee665542992ccd8e7e5f,0.0,0,6,7,
0,0,8.420854330062866,0,5ae16b925542997b2ef7d1e7,0.0,0,3,4,
0,0,8.41590404510498,0,5a7faa215542995d8a8ddee8,0.0,0,3,8,
0,0,8.353793144226074,0,5a8add4c5542992d82986fb4,0.0,0,3,2,
0,0,8.41564679145813,0,5ab9ba6855429970cfb8eb87,0.5,1,3,2,
0,0,8.434969425201416,0,5abb7ea4554299642a094a96,0.0,0,3,3,
0,0,9.331483840942383,0,5ab94cca554299753720f7dd,0.3333333333333333,1,3,3,
0,0,8.39515733718872,0,5a83438955429966c78a6b61,0.3333333333333333,1,3,3,
0,0,8.346573829650879,0,5a7dff595542997cc2c474eb,0.0,0,3,4,
0,0,18.254202604293823,1,5ac401bb55429919431738f4,0.2,1,3,5,
0,0,25.676979541778564,1,5a77846f5542995d83181187,0.0,0,6,2,
0,0,12.96367859840393,0,5aba6d4b5542994dbf019906,0.0,0,3,2,
0,0,12.933012962341309,0,5a7da0915542990b8f5039d4,0.2,1,3,5,
0,0,12.913136005401611,0,5a7499eb55429929fddd8470,0.0,0,3,2,
0,0,12.863878726959229,0,5a7331705542991f9a20c67a,0.5,1,3,2,
0,0.014285714285714287,12.905929565429688,0,5a7d7d895542995f4f402281,0.0,0,3,2,
0,0,12.907034158706665,0,5a873ec75542996432c57244,0.1111111111111111,1,3,9,
0,0,13.007484674453735,0,5adf3ab95542992d7e9f92f3,0.2,1,3,5,
0,0,22.077096939086914,1,5aba85335542994dbf01992d,0.25,1,6,4,
0,0,12.54320740699768,0,5adbe1c5554299438c868cc4,0.16666666666666666,1,3,6,
0,0,13.027446508407593,0,5abd6a7455429933744ab7c5,0.0,0,3,8,
0,0,12.923925638198853,0,5adec62a55429975fa854f89,0.125,1,3,8,
0,0,12.933330535888672,0,5abcf5ec55429959677d6b76,0.0,0,3,7,
0,0,12.923888683319092,0,5a80a7f6554299485f598680,1.0,1,3,1,
0,0.01360544217687075,12.953089237213135,0,5ab281ec554299449642c8d1,0.5,1,3,2,
0,0,12.987144708633423,0,5a7643675542994ccc918747,1.0,1,3,1,
0,0,12.923640251159668,0,5a88696b554299206df2b25b,0.125,1,3,8,
0,0,12.552558898925781,0,5a712af15542994082a3e614,0.0,0,3,5,
0,0,12.945576429367065,0,5a7b43735542992d025e67cb,0.16666666666666666,1,3,6,
0,0,12.963455200195312,0,5ac25fa955429951e9e6858c,0.0,0,3,6,
0,0,13.023369312286377,0,5a8077ca5542992bc0c4a729,0.0,0,3,9,
0,0,12.960208892822266,0,5ac397fe554299218029dbe2,0.1111111111111111,1,3,9,
0,0.007017543859649122,12.954229593276978,0,5ab9aed855429970cfb8eb6d,0.0,0,3,4,
0,0,12.7078378200531,0,5ac23f9555429951e9e684db,0.0,0,3,8,
0,0,12.891164302825928,0,5ae76c625542997ec272763e,1.0,1,3,1,
0,0,12.981938600540161,0,5ac3e0ab554299204fd21eae,0.0,0,3,5,
0,0,12.844892978668213,0,5a8e69565542990e94052afb,0.0,0,3,5,
0,0,12.941475629806519,0,5ae65c925542992ae0d162f9,0.0,0,3,5,
0,0,0.22004270553588867,1,5a9068f85542990a98493623,0.0,0,3,3,
0,0,13.121403694152832,0,5ae238375542994d89d5b39a,0.0,0,3,7,
0,0.006896551724137932,13.035664081573486,0,5a80e4b255429938b6142239,0.0,0,3,6,
0,0,12.96135401725769,0,5a8e40f65542995a26add498,0.0,0,3,7,
0,0,12.871521472930908,0,5a7e1cad55429965cec5ea75,0.0,0,3,9,
0,0,12.96628212928772,0,5a7560585542992d0ec05f76,0.0,0,3,3,
0,0.013468013468013471,12.895249128341675,0,5ae35e8c5542990afbd1e120,0.0,0,3,4,
0,0,12.90799069404602,0,5a8210f355429926c1cdae24,0.25,1,3,4,
0,0,12.947406768798828,0,5a868ca055429960ec39b6be,1.0,1,3,1,
0,0,12.967094659805298,0,5abdaa0f55429965af743dad,0.0,0,3,3,
0,0,12.437887907028198,0,5ae0613d5542993d6555eb22,0.25,1,3,4,
0,0,0.21646523475646973,1,5add3b035542997545bbbcce,0.1,1,3,10,
0,0,12.713955879211426,0,5a85db6e5542994c784ddb96,0.0,0,3,1,
0,0,13.009779214859009,0,5a7a88e455429941d65f268c,0.1111111111111111,1,3,9,
0,0.4,0.270296573638916,1,5a8b120755429949d91db4a4,0.0,0,3,6,
0,0,13.136675834655762,0,5ac4f9dc55429924173fb533,0.0,0,3,5,
0,0,12.973609447479248,0,5a8eb51655429917b4a5bdb5,0.3333333333333333,1,3,3,
0,0,12.93688678741455,0,5ae446fc5542995ad6573d24,0.25,1,3,4,
0,0.006944444444444445,12.954436540603638,0,5a905d085542995651fb5147,0.25,1,3,4,
0,0,12.964465618133545,0,5a8327fd5542990548d0b1a3,0.3333333333333333,1,3,3,
0,0,12.936585664749146,0,5a80522b5542996402f6a4c1,0.3333333333333333,1,3,3,
0,0.007407407407407408,12.927210330963135,0,5ab67c3f55429954757d32f9,0.25,1,3,4,
0,0,12.951584815979004,0,5a7da0de5542990b8f5039d7,0.25,1,3,4,
0,0,13.012295484542847,0,5ae2295c554299495565da13,0.0,0,3,6,
0,0,13.010424375534058,0,5adf24155542992d7e9f92af,0.5,1,3,2,
0,0,12.883037090301514,0,5ab2a54b554299295394678e,0.2857142857142857,2,3,7,
0,0,12.992811679840088,0,5a7f85505542995d8a8dde95,0.0,0,3,5,
0,0,12.537432670593262,0,5ae60ea9554299546bf8304e,0.2,1,3,5,
0,0,12.984518051147461,0,5a77253455429972597f1449,0.3333333333333333,1,3,3,
0,0,12.958803653717041,0,5abaee845542996606241696,1.0,1,3,1,
0,0,12.980938911437988,0,5ac13e195542994ab5c67cc5,0.0,0,3,5,
0,0,12.548094987869263,0,5a7e283655429965cec5eaab,0.0,0,3,17,
0,0,12.572372436523438,0,5a8baf4b5542996e8ac889c5,0.0,0,3,3,
0,0.00447427293064877,34.42280626296997,1,5ae5b99a5542993aec5ec1ce,0.25,1,6,4,
0,0,44.22052979469299,2,5abf08985542997719eab625,0.6666666666666666,2,9,3,
0,0,33.15881848335266,1,5a8bb7f95542996e8ac889ff,0.5,1,6,2,
0,0,14.098178625106812,0,5a7b1a225542992d025e6770,0.1111111111111111,1,3,9,
0,0.0057306590257879654,29.282695293426514,1,5ac0d5cf554299294b219026,0.5,1,6,2,
0,0,14.882559061050415,0,5a8a756555429970aeb702f2,0.2,1,3,5,
0,0,14.731632232666016,0,5a77b5c255429967ab10523c,0.25,1,3,4,
0,0,64.21628999710083,5,5ab6c5be55429954757d336c,0.0,0,18,4,
0,0,71.70227146148682,5,5a78f26055429970f5fffdeb,1.0,1,18,1,
0,0,71.53296065330505,5,5ae5e8c85542996de7b71a69,0.0,0,18,7,
0,0,181.8398883342743,5,5adf27775542993344016c00,0.2,1,18,5,
0,0.007220216606498195,46.19182753562927,3,5ade450b5542997c77adedc5,0.0,0,12,10,
0,0,0.3842787742614746,1,5abbcba05542992ccd8e7fa3,0.6666666666666666,2,3,3,
0,0,12.059237957000732,0,5a75a0725542992d0ec05fc9,0.25,1,3,4,
0,0,11.812885999679565,0,5ac2a23a55429967731025cc,0.3333333333333333,1,3,3,
0,0,11.86695408821106,0,5a7b66135542997c3ec97145,0.3333333333333333,1,3,3,
0,0,11.90087103843689,0,5a72a9ac5542991f9a20c55f,0.14285714285714285,1,3,7,
0,0,11.871730089187622,0,5ae0819155429924de1b70ea,0.0,0,3,4,
0,0,11.878284692764282,0,5ab7ee895542995dae37e9f6,0.3333333333333333,1,3,3,
0,0,11.917981386184692,0,5a8f791c5542992414482ad9,0.5,1,3,2,
0,0,11.897536516189575,0,5a712e895542994082a3e636,0.3333333333333333,1,3,3,
0,0,23.37177872657776,1,5a8398405542993344746050,0.0,0,6,3,
0,0,27.639235496520996,1,5ab5e8935542997d4ad1f23b,0.3333333333333333,1,6,3,
0,0.00881057268722467,26.043333768844604,1,5ae74818554299572ea547ad,0.3333333333333333,1,6,3,
0,0,11.273448467254639,0,5a739323554299623ed4abff,0.6,3,3,5,
0,0,11.601188659667969,0,5abc7bf75542993a06baf8f0,0.3333333333333333,1,3,3,
0,0,10.079535722732544,0,5a72125055429971e9dc9241,0.25,1,3,4,
0,0,11.642763376235962,0,5a7e1a5455429965cec5ea5f,0.2,1,3,5,
0,0,9.75813364982605,0,5ab576c4554299637185c5a4,0.0,0,3,4,
0,0,11.619717121124268,0,5a8466a75542993344746108,0.5,1,3,2,
0,0,79.893070936203,1,5a75f32055429976ec32bcb7,0.0,0,6,7,
0,0,6.030581474304199,0,5a8762205542996e4f3087b8,0.25,1,3,4,
0,0,40.73943519592285,3,5ac1d4ad5542994d76dccef7,2.0,2,9,1,
0,0,12.010010719299316,0,5a7150c75542994082a3e7be,0.0,0,3,4,
0,0,22.253493785858154,1,5a9072dd5542990a98493656,0.25,1,6,4,
0,0,10.617497205734253,0,5a8d0be85542994ba4e3dbb2,0.14285714285714285,1,3,7,
0,0,10.626426458358765,0,5a7f924c55429969796c1aba,0.3333333333333333,1,3,3,
0,0,10.639228343963623,0,5adca5eb5542994d58a2f693,0.0,0,3,9,
0,0,10.582029581069946,0,5a77474855429972597f14e4,0.0,0,3,4,
0,0,10.646496534347534,0,5a86edcc55429960ec39b6da,0.0,0,3,7,
0,0,9.994058609008789,0,5a80762a5542996402f6a536,0.0,0,3,10,
0,0,10.63976502418518,0,5a8bf6cf5542995e66a47525,0.0,0,3,7,
0,0,10.615020990371704,0,5ae6545f5542991bbc9760c2,0.0,0,3,4,
0,0,10.592771768569946,0,5a736aa95542991f29ee2dfa,0.1111111111111111,1,3,9,
0,0,10.395713090896606,0,5abeb1925542994516f453f0,0.2,1,3,5,
0,0,10.63065505027771,0,5a8b5b1c5542995d1e6f1387,0.2,1,3,5,
0,0,10.633566617965698,0,5adf076f5542992d7e9f9277,0.0,0,3,7,
0,0,10.59994626045227,0,5abc091555429965836003f6,0.6666666666666666,2,3,3,
0,0,11.181883096694946,0,5a7f95685542995d8a8ddeaa,0.3333333333333333,1,3,3,
0,0,10.272531270980835,0,5ab8903555429916710eb08e,0.5,1,3,2,
0,0,28.905201196670532,1,5ae454355542996836b02c77,0.0,0,6,6,
0,0,10.910915613174438,0,5abc095c5542993f40c73c5d,0.2,1,3,5,
0,0,10.786114931106567,0,5ade9545554299728e26c741,0.0,0,3,3,
0,0,10.87582802772522,0,5ab8179f5542990e739ec817,0.3333333333333333,1,3,3,
0,0,10.930495977401733,0,5ae01fcf554299025d62a411,0.2,1,3,5,
0,0,10.90778398513794,0,5ac1b8cd55429963665198fc,0.3333333333333333,1,3,3,
0,0,10.934555530548096,0,5a83d0845542996488c2e4e6,0.0,0,3,3,
0,0,11.700855255126953,0,5ae72b96554299572ea5474e,0.0,0,3,2,
0,0,10.956590414047241,0,5ae4d15255429908b6326483,0.0,0,3,5,
0,0,10.939677000045776,0,5a7d2aa05542995f4f40221f,0.16666666666666666,1,3,6,
0,0,10.955146074295044,0,5a906c795542990a98493640,0.5,2,3,4,
0,0,44.884308099746704,3,5ade914b55429939a52fe8f9,0.125,2,9,16,
0,0,10.867218017578125,0,5aba6f3e55429955dce3ee21,0.0,0,3,5,
0,0,10.831705331802368,0,5a8dad37554299068b959d94,0.0,0,3,6,
0,0,10.618125438690186,0,5ae00de055429906c02daab5,0.0,0,3,3,
0,0,24.82987880706787,1,5aba902455429901930fa834,0.14285714285714285,1,6,7,
0,0,11.681851863861084,0,5adea83b55429975fa854f53,0.0,0,3,4,
0,0,11.591692924499512,0,5abbe4c0554299642a094bc0,0.3333333333333333,1,3,3,
0,0,11.686104536056519,0,5a893f305542993b751ca91e,0.2,1,3,5,
0,0,11.761255979537964,0,5abef8fd5542990832d3a111,0.5,1,3,2,
0,0,11.579509973526001,0,5adfc9a555429906c02daa42,0.0,0,3,4,
0,0,11.663164377212524,0,5ae7954b554299540e5a5620,0.5,1,3,2,
0,0,11.626168727874756,0,5abcf9d155429959677d6b90,0.75,3,3,4,
0,0,11.711958408355713,0,5adc91865542994ed6169b93,0.1111111111111111,1,3,9,
0,0,11.684298038482666,0,5ab78a445542992aa3b8c826,0.0,0,3,9,
0,0,11.678696870803833,0,5a727e1b5542991f9a20c497,0.0,0,3,4,
0,0.00706713780918728,46.189178228378296,1,5a7261635542997f8278398a,0.0,0,6,5,
,,,,5ac560235542993e66e82396,,,,,Ollama request exceeded timeout limit for model stable-qwen with error: timed out
0,0,12.300495862960815,0,5a7cb9985542990527d55514,1.0,1,3,1,
0,0,24.723429441452026,1,5a7f725355429969796c1a55,0.5,2,6,4,
,,,,5a8dfae55542995085b3736b,,,,,Ollama request exceeded timeout limit for model stable-qwen with error: timed out
0,0,12.303653955459595,0,5adf86355542993344016cbd,0.0,0,3,6,
0,0,12.13590383529663,0,5a7dc7735542990b8f503a93,0.0,0,3,3,
0,0,0.2412278652191162,1,5a83a31c554299123d8c2179,0.3333333333333333,1,3,3,
0,0,12.053475379943848,0,5a8d64305542994ba4e3dc80,0.5,2,3,4,
0,0,12.249828338623047,0,5a733d5d5542991f29ee2d71,0.0,0,3,4,
0,0,12.262861728668213,0,5ae3f1fb5542995ad6573cc1,0.0,0,3,4,
0,0,12.103095769882202,0,5ab2e3a35542991669774124,0.3333333333333333,1,3,3,
0,0,12.29729437828064,0,5ac3e80b554299076e296ccd,0.5,1,3,2,
0,0.007968127490039839,22.874372959136963,1,5ac002705542996f0d89cb05,0.3333333333333333,1,6,3,
0,0,12.674960613250732,0,5a7df5635542990b8f503b0a,0.0,0,3,1,
0,0,11.312560558319092,0,5adfe0de55429925eb1afae9,0.6666666666666666,2,3,3,
0,0,11.208914279937744,0,5ab83bd055429919ba4e2279,0.0,0,3,5,
0,0,13.081549406051636,0,5a8fb3af5542997ba9cb32ee,0.5,1,3,2,
0,0,11.261503219604492,0,5ae7ff745542994a481bbe6e,0.14285714285714285,1,3,7,
0,0,23.412156581878662,1,5ae394e05542990afbd1e18d,0.0,0,6,7,
,,,,5adf3a4f5542992d7e9f92ec,,,,,Ollama request exceeded timeout limit for model stable-qwen with error: timed out
0,0.008130081300813009,27.013736248016357,1,5ae826675542997ec2727733,1.0,2,3,2,
0,0,11.448823690414429,0,5a8c72545542995e66a475f3,0.5,2,3,4,
0,0,11.203809976577759,0,5ae5d06a55429929b08079b4,0.0,0,3,6,
0,0,11.177229166030884,0,5a7bbcd65542997c3ec97268,1.0,1,3,1,
0,0,11.144314527511597,0,5ae32ce75542992f92d8223d,1.0,2,3,2,
0,0,11.146701574325562,0,5a8cc8c2554299441c6b9efc,0.0,0,3,10,
0,0,11.158274173736572,0,5a847e805542993344746140,0.5,1,3,2,
0,0,11.118936777114868,0,5a77a7db5542995d8318124d,0.3333333333333333,1,3,3,
0,0,11.11236572265625,0,5a74639a55429929fddd8404,0.6666666666666666,2,3,3,
0,0,11.126217365264893,0,5a713fb15542994082a3e6f0,0.0,0,3,7,
0,0,11.669309139251709,0,5ab9d13455429939ce03dc31,0.4,2,3,5,
0,0,11.620564937591553,0,5a8986fd55429938390d4046,0.2,1,3,5,
0,0.00816326530612245,11.16437029838562,0,5a89e1bf5542992e4fca8433,0.3333333333333333,1,3,3,
0,0,11.15309190750122,0,5adce88b5542992c1e3a249a,0.2,1,3,5,
0,0,10.97963809967041,0,5a724a2b5542990c210a40bc,0.0,0,3,3,
0,0,21.215892553329468,1,5ae54b4f5542990ba0bbb261,0.0,0,6,3,
0,0.5,0.27532243728637695,1,5a77c3d55542995d831812af,0.25,1,3,4,
0,0,11.754782676696777,0,5abaa8b355429901930fa87f,0.0,0,3,7,
0,0,21.02017378807068,1,5a716ec85542994082a3e82d,0.0,0,6,5,
0,0,10.859652757644653,0,5a8456ef5542990548d0b289,0.0,0,3,6,
0,0,11.289279460906982,0,5ac5382c5542996feb3fea43,0.0,0,3,5,
0,0,11.37907361984253,0,5add95035542990dbb2f7e77,0.3333333333333333,1,3,3,
0,0,11.19088077545166,0,5a7a567255429941d65f25bd,0.3333333333333333,1,3,3,
0,0.008438818565400843,11.330052137374878,0,5adea0c5554299728e26c776,0.2,1,3,5,
0,0,10.680939197540283,0,5add38355542990dbb2f7dd0,0.3333333333333333,1,3,3,
0,0,11.413995742797852,0,5ae0af5555429945ae95941e,0.25,1,3,4,
0,0,11.318734407424927,0,5a802ff25542992bc0c4a6d2,1.0,1,3,1,
0,0,11.065691709518433,0,5adf099a5542992d7e9f927f,0.0,0,3,5,
0,0,11.394273519515991,0,5abbf7d755429931dba145eb,0.25,1,3,4,
0,0,10.83498501777649,0,5a8f7a135542992414482adc,0.4,2,3,5,
0,0,11.36045527458191,0,5ab3bcc55542992ade7c6e66,0.5,1,3,2,
0,0,11.341888904571533,0,5ae3c5535542991a06ce9a20,0.2,2,3,10,
0,0,10.970311641693115,0,5ae2098e5542997f29b3c21b,0.0,0,3,4,
0,0,11.30902099609375,0,5ab849d955429916710eb017,0.3333333333333333,1,3,3,
0,0,11.357074975967407,0,5a82bc7455429940e5e1a926,0.5,1,3,2,
0,0,39.18829894065857,2,5ac5484d5542994611c8b48d,0.0,0,6,1,
0,0.0072992700729927,25.285112380981445,1,5a89432b554299669944a519,0.2,1,6,5,
0,0,12.749117374420166,0,5a8f077b554299458435d526,0.2,1,3,5,
0,0,12.84787368774414,0,5a80735b554299485f5985f3,0.2,1,3,5,
0,0,12.788588047027588,0,5adcceda5542990d50227d31,0.3333333333333333,1,3,3,
0,0,25.661866426467896,1,5a8bd9c95542997f31a41de2,0.0,0,6,15,
0,0,12.703622817993164,0,5ae08a0455429924de1b70fc,0.0,0,3,1,
0,0,12.58825969696045,0,5a8b3f8a5542995d1e6f131f,0.5,1,3,2,
0,0,12.715511560440063,0,5a8d5f16554299585d9e37c5,0.5,1,3,2,
0,0,12.90558671951294,0,5ae37e525542992e3233c42d,0.3333333333333333,1,3,3,
0,0,12.424245357513428,0,5ab973b35542996be20204fd,0.5,2,3,4,
0,0,12.696293354034424,0,5ab7c3df5542993667794003,0.0,0,3,3,
,,,,5ade8802554299728e26c72d,,,,,Ollama request exceeded timeout limit for model stable-qwen with error: timed out
0,0,12.744082927703857,0,5ae4ea2a5542993aec5ec0ee,0.5,1,3,2,
0,0,12.725110054016113,0,5abd44d955429933744ab760,0.2,1,3,5,
0,0,11.621070623397827,0,5a75e62f5542992d0ec06013,0.0,0,3,2,
0,0,12.660672664642334,0,5ac173295542994ab5c67d45,0.3333333333333333,1,3,3,
0,0,12.702230453491211,0,5ac1ff2255429964131be2b3,0.14285714285714285,1,3,7,
0,0,12.726181507110596,0,5a8838635542997e5c09a5a9,0.0,0,3,4,
0,0,12.846125602722168,0,5a7e3a3f5542995ed0d166dd,0.25,1,3,4,
0,0,12.685262203216553,0,5a771de05542993569682cc8,0.3333333333333333,1,3,3,
0,0,12.693889856338501,0,5ab6bae95542995eadef0086,0.0,0,3,3,
0,0.007352941176470588,12.709496259689331,0,5ac46bb05542991943173983,0.2,1,3,5,
0,0.0072992700729927,12.699818134307861,0,5ae7ed9555429952e35ea9e6,0.3333333333333333,1,3,3,
0,0,12.72595739364624,0,5ac18b585542994ab5c67d76,0.0,0,3,1,
0,0,12.93271517753601,0,5a8e296f554299068b959e71,1.0,2,3,2,
0,0,17.56909728050232,1,5a848eff5542990548d0b2cd,0.6666666666666666,2,6,3,
0,0,12.694627046585083,0,5ae1d4e75542997f29b3c143,0.0,0,3,3,
0,0,12.699549674987793,0,5ae0f97a5542997b2ef7d0c1,0.5,2,3,4,
0,0,12.733590364456177,0,5a7e14505542995ed0d16685,0.0,0,3,6,
0,0,12.413621187210083,0,5a8e36835542995085b373e2,0.0,0,3,6,
0,0,12.693328857421875,0,5ae63e3255429929b0807aff,0.0,0,3,4,
0,0,12.857683181762695,0,5adcfe5f5542992c1e3a24f0,0.3333333333333333,1,3,3,
0,0,12.707408905029297,0,5ac4f2e755429924173fb503,1.0,1,3,1,
0,0.007352941176470588,12.697622537612915,0,5adf50c05542992d7e9f931e,0.0,0,3,3,
0,0,12.618330001831055,0,5ae5b971554299546bf82f3a,0.16666666666666666,1,3,6,
0,0,12.700747013092041,0,5abbdc3f55429931dba145af,0.0,0,3,5,
0,0,12.792911767959595,0,5ab71f7d554299110f219ab9,0.0,0,3,3,
0,0,12.700093984603882,0,5ae527945542993aec5ec167,0.0,0,3,4,
0,0,0.29932093620300293,1,5ae3ac665542994393b9e73f,0.5,2,3,4,
0,0,12.798544883728027,0,5aba943c554299232ef4a33e,0.25,1,3,4,
0,0,12.635101795196533,0,5a7fb1b25542992097ad2fb2,0.0,0,3,5,
0,0,17.87968134880066,1,5ae47df15542996836b02cba,1.0,2,6,2,
0,0.007067137809187278,12.830769062042236,0,5adbfaa655429947ff173888,0.5,1,3,2,
0,0,12.83675765991211,0,5a7cffb755429907fabef09f,0.16666666666666666,1,3,6,
0,0,12.808220863342285,0,5a73354f5542991f9a20c687,0.0,0,3,3,
0,0.007326007326007326,12.850855588912964,0,5ae33fa95542990afbd1e0f2,0.5,1,3,2,
0,0,25.35095739364624,1,5a835c895542993344746009,0.0,0,4,8,
0,0,11.251272678375244,0,5a776fc15542997042120a3a,0.0,0,3,3,
0,0,11.69241976737976,0,5adf04c95542993a75d263d5,0.0,0,3,6,
0,0,0.4066445827484131,1,5a84a8ce5542997175ce1f1c,0.25,2,3,8,
0,0,11.984178304672241,0,5a75eda35542994ccc918661,0.0,0,3,6,
0,0,11.676703691482544,0,5adf33965542993344016c20,0.2,1,3,5,
0,0,11.673360586166382,0,5ae5eb0d554299546bf82fd2,0.3333333333333333,1,3,3,
0,0,11.704112529754639,0,5a8603f655429960ec39b601,0.0,0,3,7,
0,0,11.591679334640503,0,5add4dd35542992ae4cec507,0.3333333333333333,1,3,3,
0,0,0.2570533752441406,1,5a7d109855429909bec7692f,0.5,1,3,2,
0,0,11.848774194717407,0,5a7a37b85542996c55b2dd3f,0.0,0,3,5,
0,0,11.744832754135132,0,5a824858554299676cceb247,0.5,2,3,4,
0,0,11.720577239990234,0,5ac538025542996feb3fea41,0.25,1,3,4,
0,0,11.682880640029907,0,5ac44629554299194317395d,0.3333333333333333,1,3,3,
0,0,23.154857635498047,1,5a778a3b5542992a6e59dec7,1.0,1,6,1,
0,0,0.21524596214294434,1,5a7a36e65542990198eaf0ea,0.0,0,3,2,
0,0,11.907832384109497,0,5a7c084d5542997c3ec972c8,0.16666666666666666,1,3,6,
0,0,18.94252634048462,1,5a80c79155429938b61421da,0.0,0,3,6,
0,0,22.85365104675293,1,5a85fe2f5542996432c57165,0.0,0,6,2,
0,0,11.811990737915039,0,5a77174f55429966f1a36c4c,0.5,2,3,4,
0,0,11.509264469146729,0,5a8d7edc55429941ae14dfdc,0.0,0,3,2,
0,0,11.633852481842041,0,5a74f8bd5542993748c8976a,0.0,0,3,5,
0,0,11.61405086517334,0,5a7aa0a55542990198eaf165,0.16666666666666666,1,3,6,
0,0,11.519408702850342,0,5adbf43655429947ff173864,0.0,0,3,1,
0,0,11.614647388458252,0,5ab64285554299637185c67c,0.2,1,3,5,
0,0,11.560426473617554,0,5a713f3c5542994082a3e6eb,0.2,1,3,5,
0,0,11.580833911895752,0,5ac50dd05542994611c8b343,0.0,0,3,2,
0,0,11.629989385604858,0,5ae1500655429920d52343cc,0.5,1,3,2,
0,0,23.332005500793457,1,5a80993d5542996402f6a589,0.0,0,6,10,
0,0,11.702239513397217,0,5add3ccc5542997545bbbce5,0.0,0,3,4,
0,0,11.777091264724731,0,5ac34ed0554299741d48a248,0.3333333333333333,2,3,6,
0,0,11.71158218383789,0,5a8634fe554299211dda2aac,0.2,1,3,5,
0,0,11.728776693344116,0,5adf34955542993a75d26423,0.0,0,3,4,
0,0.008658008658008658,11.729816675186157,0,5ae3f4fe5542995ad6573ce8,0.3333333333333333,1,3,3,
0,0,11.72154450416565,0,5abd1daa55429933744ab72e,0.5,1,3,2,
0,0,11.765771389007568,0,5a73b2fd55429978a71e907f,0.14285714285714285,1,3,7,
0,0,13.331404685974121,0,5a7d3cbb5542995f4f402243,0.25,1,3,4,
0,0,11.739136219024658,0,5a773d8955429966f1a36cc4,0.4,2,3,5,
0,0,11.73841142654419,0,5a8d0940554299585d9e379e,0.1,1,3,10,
0,0.008438818565400845,11.770119667053223,0,5ac160af5542994d76dccdfa,0.18181818181818182,2,3,11,
0,0,11.664451360702515,0,5ab6cebd55429954757d3378,0.25,1,3,4,
0,0,27.293920755386353,1,5ab5f9a0554299488d4d9a6d,0.0,0,6,3,
0,0,11.905590057373047,0,5a801f215542992bc0c4a6b2,0.0,0,3,1,
0,0,11.76913595199585,0,5ae72fc5554299572ea54770,0.0,0,3,3,
0,0,11.759328126907349,0,5a83eaae55429933447460b4,0.4,2,3,5,
0,0,11.761423349380493,0,5a7b3d565542992d025e67b6,0.0,0,3,4,
0,0,11.973824739456177,0,5a7f244255429934daa2fcec,0.0,0,3,5,
0,0,23.68533492088318,1,5a8ac0595542992d82986f6c,0.2,1,6,5,
0,0,11.869067907333374,0,5ac3044f5542990b17b154dc,0.5,1,3,2,
0,0,11.896145105361938,0,5ac23f5655429951e9e684d9,0.5,1,3,2,
0,0,11.92426347732544,0,5adbe0df554299438c868cc0,0.6666666666666666,2,3,3,
0,0,28.69119143486023,2,5a7dcdea5542990b8f503abc,0.5,1,9,2,
0,0,57.69563889503479,5,5a72b8de5542994cef4bc3df,0.4,2,18,5,
0,0.007936507936507936,38.699183225631714,2,5a7c2819554299683c1c62db,0.0,0,9,3,
0,0,11.986957550048828,0,5a7da6cb5542990b8f5039ff,0.25,1,3,4,
0,0,17.482275247573853,1,5ae7909f5542994a481bbda6,0.6666666666666666,2,6,3,
0,0,59.97444295883179,5,5ab465095542991751b4d75a,0.3333333333333333,1,18,3,
0,0,54.26517605781555,5,5abda4dd55429965af743d95,0.25,1,18,4,
0,0,54.02044081687927,5,5a75d8a3554299109176e5a6,0.25,1,18,4,
0,0,59.41656994819641,5,5abe91895542993f32c2a168,0.0,0,12,2,
0,0,82.06905031204224,5,5ac5188255429924173fb5a3,0.0,0,18,7,
,,,,5ae531ee5542990ba0bbb1ff,,,,,Ollama request exceeded timeout limit for model stable-qwen with error: timed out
0,0.014814814814814815,25.96776270866394,2,5ab804305542995dae37ea14,0.0,0,9,7,
,,,,5ac4da3b554299076e296e17,,,,,Ollama request exceeded timeout limit for model stable-qwen with error: timed out
,,,,5ae75eb45542991bbc976201,,,,,"BadRequestError(400, 'search_phase_execution_exception', 'failed to create query: maxClauseCount is set to 2674')"
0,0,10.69419264793396,0,5ae5be475542990ba0bbb2c6,0.09090909090909091,1,3,11,
0,0.007326007326007325,19.210510730743408,1,5ab8111c5542991d3222382b,0.3333333333333333,1,6,3,
0,0,13.734297275543213,0,5ac3dfb15542995c82c4ac71,0.3333333333333333,1,3,3,
0,0,13.74752926826477,0,5ae4a2e25542996836b02cee,0.07142857142857142,1,3,14,
0,0,13.700491428375244,0,5a8f799d55429918e830d22d,0.0,0,3,2,
0,0,13.743398904800415,0,5ac2ea1a5542990b17b154a1,0.25,1,3,4,
0,0,13.686352014541626,0,5a88e2f35542993b751ca8ad,0.0,0,3,4,
0,0,13.749206781387329,0,5ae55d1e55429960a22e02cb,0.4,2,3,5,
0,0,13.705080270767212,0,5a8d263f554299653c1aa139,0.0,0,3,9,
0,0.02531645569620253,49.62968683242798,5,5ae3606b5542991a06ce99a8,0.3333333333333333,1,18,3,
,,,,5adefdd75542995ec70e8f4e,,,,,Ollama request exceeded timeout limit for model stable-qwen with error: timed out
0,0,39.45675849914551,5,5a734acf5542991f9a20c6ec,0.3333333333333333,1,18,3,
0,0,43.55536222457886,5,5a8750945542996432c57264,0.0,0,18,7,
0,0,88.97139549255371,5,5ab1cdf8554299722f9b4c84,0.75,3,18,4,
0,0,69.41461873054504,5,5adf490a5542993a75d26488,0.0,0,18,5,
0,0,92.59345173835754,5,5ab43b8a5542991779162c22,0.25,1,18,4,
0,0,39.55382680892944,5,5abb73425542996cc5e49ff5,0.0,0,18,3,
0,0,39.506598711013794,5,5a84a65d5542992a431d1a83,0.0,0,18,11,
0,0,39.422672748565674,5,5adff2aa554299603e4183d0,0.14285714285714285,1,18,7,
0,0,39.1247034072876,5,5ac046c65542996f0d89cb71,0.0,0,18,4,
0,0,37.80099153518677,5,5a90386455429916514e7435,0.3333333333333333,1,18,3,
0,0,39.714112758636475,5,5aded04755429975fa854fa7,0.3333333333333333,1,18,3,
0,0,43.063469648361206,5,5ae063085542993d6555eb37,0.0,0,18,6,
0,0,49.56214380264282,5,5ae6363b55429929b0807af0,0.5,1,18,2,
0,0,43.031153440475464,5,5adc6825554299438c868da1,0.6666666666666666,2,15,3,
0,0,5.4290525913238525,0,5abec9b25542997ec76fd366,0.0,0,3,8,
0,0,33.54445505142212,4,5a7a18b05542990783324e53,0.2,1,15,5,
0,0,5.296683311462402,0,5ac1a4745542991316484b82,0.0,0,3,3,
0,0,46.73539185523987,5,5a7302b75542991f9a20c5fd,0.0,0,18,6,
0,0,38.48100566864014,5,5a825a9d55429940e5e1a870,0.0,0,18,4,
0,0,48.18769645690918,5,5a8501915542997175ce1f5a,0.0,0,18,7,
0,0,38.26793909072876,5,5ae7ee41554299540e5a56b0,0.0,0,18,4,
0,0,50.54309439659119,5,5add2397554299473435386f,0.0,0,18,6,
0,0.0099009900990099,58.76896929740906,5,5ae4cda05542990ba0bbb148,0.6666666666666666,2,18,3,
0,0,49.34650230407715,5,5ae1412a55429920d523434c,0.5,2,18,4,
0,0,36.32672142982483,5,5a8ed7b455429917b4a5bdd1,0.0,0,18,4,
0,0.03508771929824561,35.94789099693298,5,5abb61735542993f40c73aef,0.0,0,18,4,
,,,,5ae2a0a1554299495565dae9,,,,,Ollama request exceeded timeout limit for model stable-qwen with error: timed out
0,0,35.72960305213928,5,5ae60dcc554299546bf83043,0.0,0,18,6,
0,0,35.81005668640137,5,5a7cd72055429909bec7683b,1.0,2,18,2,
0,0,5.439860582351685,0,5ab865ad5542992aa3b8c8dd,0.16666666666666666,1,3,6,
0,0,29.357332944869995,4,5adface25542995ec70e906c,0.0,0,15,4,
0,0,5.524662494659424,0,5aba901055429955dce3ee87,0.0,0,3,6,
0,0,5.433497905731201,0,5ae544d75542990ba0bbb249,0.3333333333333333,1,3,3,
,,,,5ae14b5c55429920d52343aa,,,,,Ollama request exceeded timeout limit for model stable-qwen with error: timed out
0,0,0.2079026699066162,1,5abbaed855429931dba144aa,0.4,2,3,5,
0,0,5.474612712860107,0,5adfb698554299603e418385,0.16666666666666666,1,3,6,
0,0,5.388413667678833,0,5a8481945542997175ce1ed3,0.0,0,3,6,
0,0,5.506659746170044,0,5ab1dcab5542993be8fa985e,0.3333333333333333,1,3,3,
0,0,5.424828290939331,0,5add44f35542997545bbbd0c,0.2,1,3,5,
0,0,5.443231821060181,0,5a7f404a55429930675136dd,0.0,0,3,4,
0,0,5.51804518699646,0,5ab60aec554299110f2199c3,0.5,1,3,2,
0,0,5.437894821166992,0,5a8f93f5554299458435d67e,0.3333333333333333,1,3,3,
0,0,5.427427530288696,0,5a8a231a55429930ff3c0cb4,1.0,1,3,1,
0,0,5.447192907333374,0,5adec96e5542995534e8c712,0.0,0,3,2,
0,0,5.381402969360352,0,5a77691455429966f1a36d2b,0.0,0,3,3,
0,0,5.3726887702941895,0,5a774e415542994aec3b7280,0.0,0,3,4,
0,0,5.4038848876953125,0,5abb189e5542996cc5e49fa4,0.0,0,3,4,
0,0,5.400274038314819,0,5ab8756755429934fafe6dd3,0.2,1,3,5,
0,0,5.427325963973999,0,5adbe2c65542996e68525274,0.07692307692307693,1,3,13,
0,0,5.449582576751709,0,5a838eba5542992ef85e22fe,0.0,0,3,10,
,,,,5a888c9d5542997e5c09a612,,,,,Ollama request exceeded timeout limit for model stable-qwen with error: timed out
0,0,55.506789445877075,5,5ab2342a5542993be8fa98c3,1.0,2,18,2,
0,0,57.09950542449951,5,5abd0296554299114383a1d1,0.3333333333333333,1,18,3,
0,0,48.738059282302856,5,5abb07ec5542996cc5e49f55,0.0,0,18,8,
0,0,53.18609380722046,5,5a81c7d15542990a1d231ea9,0.25,1,18,4,
0,0,54.80600643157959,5,5a7652785542992db9473760,0.2,1,18,5,
0,0,52.66012763977051,5,5abd0ac45542992ac4f381b5,0.3333333333333333,1,18,3,
0,0,45.37187933921814,5,5ae0ba15554299603e41844d,0.0,0,18,2,
0,0,12.843224048614502,1,5ae1338d55429901ffe4ade1,0.0,0,6,6,
0,0,6.568603992462158,0,5ae65b845542992ae0d162f1,0.3333333333333333,1,3,3,
0,0,22.785292148590088,2,5ae2138c5542997283cd23b7,0.25,1,9,4,
0,0,5.646804332733154,0,5a7e3b585542995ed0d166df,0.0,0,3,3,
0,0,17.794762134552002,2,5ae54b3d5542990ba0bbb260,0.5,1,9,2,
0,0,36.82725977897644,5,5ab4774d5542991751b4d781,0.5,1,18,2,
0,0.08333333333333333,37.13114285469055,5,5ae7ac495542993210983eee,0.2,1,18,5,
0,0,37.36077880859375,5,5a7d26bd554299452d57bb28,0.5,1,18,2,
0,0,38.471365451812744,5,5ae690b055429908198fa622,0.0,0,18,4,
0,0,36.84597992897034,5,5a7299e75542991f9a20c524,0.3333333333333333,1,18,3,
0,0,39.48300242424011,5,5abb4b4a5542993f40c73aea,0.0,0,18,4,
0,0,35.28687930107117,5,5a7fb1e55542995d8a8ddef7,0.3333333333333333,1,18,3,
0,0,40.913522243499756,5,5abe36745542991f66106101,0.0,0,17,6,
0,0,38.52032732963562,5,5ab84dea55429934fafe6d4f,0.3333333333333333,1,15,3,
0,0,42.58572602272034,5,5abe765a55429976d4830b1f,0.5,1,18,2,
0,0,34.89905023574829,5,5a85a8655542997b5ce40011,0.0,0,18,3,
0,0,39.03736901283264,5,5ac31b0a554299741d48a1f0,0.0,0,18,2,
0,0,47.42204260826111,5,5ae6479a55429929b0807b1b,0.5,1,18,2,
0,0,5.5842649936676025,0,5ac2cfab554299657fa29079,0.25,1,3,4,
0,0,34.79294943809509,5,5a7c64bc5542996dd594b913,0.0,0,18,5,
0,0,5.683557748794556,0,5ade27e05542997c77aded7d,0.16666666666666666,1,3,6,
0,0,11.328524112701416,1,5adfa6c7554299025d62a326,0.3333333333333333,1,6,3,
0,0,20.88093090057373,3,5ae361805542992e3233c3c9,0.0,0,12,4,
0,0,4.788167476654053,0,5add870b5542995b365fab3c,0.0,0,3,9,
0,0,4.76345157623291,0,5ab84f2c55429934fafe6d54,0.5,1,3,2,
0,0,4.773425102233887,0,5a8ee2855542995a26add550,0.0,0,3,7,
0,0,4.745330333709717,0,5abeb3525542993fe9a41d03,0.3333333333333333,1,3,3,
0,0,4.817211151123047,0,5ab762fb55429928e1fe3857,0.0,0,3,5,
0,0,4.772667407989502,0,5a739d8c55429905862fe073,1.0,3,3,3,
0,0,4.716087579727173,0,5abc715f5542993a06baf8ea,0.0,0,3,1,
0,0,11.505785942077637,1,5ab804065542990e739ec7e0,0.2,1,6,5,
0,0,17.157073974609375,2,5a7e21165542995ed0d166a2,0.25,1,9,4,
0,0,0.2939581871032715,1,5ae473545542995dadf2433d,,,,,
0,0,5.769262313842773,0,5a84973e5542992a431d1a67,0.0,0,3,5,
0,0,5.493169784545898,0,5a7a47be5542994f819ef1b2,0.0,0,3,5,
0,0,5.536634683609009,0,5abc8d00554299700f9d78fd,0.0,0,3,4,
0,0,5.567936897277832,0,5ab1c6c5554299722f9b4c67,0.0,0,3,3,
0,0,5.432506084442139,0,5ab2a01d5542992953946778,0.4,2,3,5,
0,0,5.547276020050049,0,5ab42ef55542991751b4d6d9,0.25,1,3,4,
0,0,5.610382556915283,0,5ae0968955429924de1b7105,0.0,0,3,8,
0,0,5.522310972213745,0,5adefe645542992d7e9f926c,0.0,0,3,3,
0,0,5.5713090896606445,0,5a82edae55429966c78a6a9f,1.0,1,3,1,
0,0,5.495687246322632,0,5abd68b45542993062266c77,0.0,0,3,8,
0,0,11.738598585128784,1,5a7345185542992359bc32cb,0.0,0,6,6,
0,0,5.595890045166016,0,5adde6535542990dbb2f7ef9,0.0,0,3,5,
0,0,23.785141706466675,3,5ab7ef0f5542991d322237ca,0.0,0,12,3,
0,0,29.15818953514099,4,5ae20cd25542997283cd2376,0.0,0,15,2,
0,0,5.020172834396362,0,5a7da3a95542990b8f5039e6,0.0,0,3,4,
0,0,5.038235664367676,0,5ac2c22e5542990b17b15485,0.0,0,3,3,
0,0,4.9403791427612305,0,5ae4d3a55542990ba0bbb164,0.3333333333333333,2,3,6,
0,0,4.9558422565460205,0,5ac19f405542991316484b5b,0.0,0,3,6,
0,0,7.214599847793579,0,5ac00278554299012d1db56b,0.07692307692307693,1,3,13,
0,0,7.314531564712524,0,5a7d2ecc5542995ed0d16629,0.06666666666666667,1,3,15,
0,0,13.312737226486206,1,5abd5a135542992ac4f3829f,0.0,0,6,4,
0,0,6.788950443267822,0,5ab8f33155429919ba4e237f,0.2,1,3,5,
0,0,6.74247932434082,0,5a7f57a45542992097ad2f29,0.25,1,3,4,
0,0,6.773519039154053,0,5a7e14a65542995ed0d16686,0.25,1,3,4,
0,0,17.985218048095703,2,5a859a755542992a431d1b6d,0.25,2,9,8,
0,0,5.863371133804321,0,5ab4304a55429942dd415ec5,0.0,0,3,8,
0,0,5.838572978973389,0,5a81d54a55429903bc27b9d4,0.14285714285714285,1,3,7,
0,0,5.819149494171143,0,5a79257b55429974737f79a7,0.5,1,3,2,
0,0,5.887282371520996,0,5ae5feaf5542996de7b71ac6,0.5,1,3,2,
0,0,7.037469387054443,0,5ac1767a5542994d76dcce48,0.0,0,3,7,
0,0,5.8948142528533936,0,5a74feb75542996c70cfae6d,0.4,2,3,5,
0,0,5.911839246749878,0,5adf3e835542993a75d26442,0.75,3,3,4,
1,1.0,0.3072631359100342,0,5ae608f2554299546bf83026,,,,,
0,0,6.428014755249023,0,5a88a6975542994846c1cea4,0.0,0,3,1,
0,0,5.8811585903167725,0,5a83f07455429933447460be,0.0,0,3,4,
0,0,5.910722494125366,0,5ab2979c554299449642c919,0.0,0,3,4,
0,0,5.880152940750122,0,5a79131a554299148911f9e3,0.0,0,3,7,
0,0,5.87985372543335,0,5a87d8355542993e715abfe4,0.0,0,3,8,
0,0,5.78253698348999,0,5a80707e5542992bc0c4a70e,0.0,0,3,4,
0,0,5.858816385269165,0,5ab3f6935542992339550019,0.0,0,3,4,
0,0,5.856155633926392,0,5a81a84e5542990a1d231e4e,1.0,1,3,1,
0,0,6.834136724472046,0,5ae5f1a8554299546bf82fd9,0.5,1,3,2,
0,0,5.874753952026367,0,5a8a2a5555429930ff3c0ccc,0.3333333333333333,1,3,3,
0,0,5.8428568840026855,0,5adfeab455429942ec259b86,0.0,0,3,3,
0,0,5.838898420333862,0,5abd56355542993062266c58,0.0,0,3,6,
0,0,5.897724390029907,0,5a7e22ed5542995ed0d166a7,0.3333333333333333,1,3,3,
0,0,5.854858875274658,0,5a881ea055429938390d3ef3,0.5,2,3,4,
0,0,0.47565674781799316,1,5ab4e48655429942dd415f9c,0.0,0,3,11,
0,0,5.982176303863525,0,5a84bc5b5542991dd0999dc3,0.0,0,3,6,
0,0,6.76359224319458,0,5a739b1955429978a71e9044,0.2,1,3,5,
0,0,5.859865665435791,0,5adc368155429944faac2468,0.5,1,3,2,
0,0,5.877010822296143,0,5ac519a95542994611c8b38b,0.3333333333333333,1,3,3,
0,0,5.853219270706177,0,5a88abf75542997e5c09a6a1,0.0,0,3,4,
0,0,6.2542901039123535,0,5ac3d90b5542995c82c4ac4b,0.0,0,3,7,
0,0,5.875629663467407,0,5ab97d0a5542996be202051e,0.16666666666666666,1,3,6,
0,0,5.857606410980225,0,5a7553a95542996c70cfaedf,0.0,0,3,4,
0,0,5.92273736000061,0,5adc035c554299438c868d04,0.3333333333333333,2,3,6,
0,0,6.231088399887085,0,5ae60d36554299546bf8303e,0.4,2,3,5,
0,0,5.923597097396851,0,5a7543d555429916b01642ce,0.5,1,3,2,
0,0,5.814845323562622,0,5ae5d63b5542996de7b71a2d,0.0,0,3,5,
0,0,5.901092767715454,0,5ab442645542991751b4d70c,0.16666666666666666,1,3,6,
0,0,5.853697776794434,0,5a802bf05542992bc0c4a6b7,0.0,0,3,7,
0,0,5.856543779373169,0,5ac072ef554299294b218fe4,0.6666666666666666,2,3,3,
0,0,5.908616304397583,0,5ab4b7d15542996a3a969fbc,0.14285714285714285,1,3,7,
0,0,5.897918939590454,0,5add1aa65542990d50227de1,0.0,0,3,3,
0,0,5.86025595664978,0,5a7354d55542994cef4bc55a,0.2857142857142857,2,3,7,
0,0,5.855827331542969,0,5ade1c9e55429939a52fe822,0.5,1,3,2,
0,0,5.872519493103027,0,5adce3b95542990d50227d56,0.5,1,3,2,
0,0,5.848006725311279,0,5ac313a0554299741d48a1b0,0.0,0,3,5,
0,0,5.808931589126587,0,5abf931f5542990832d3a158,0.25,1,3,4,
0,0,14.225144624710083,1,5ae324775542994393b9e62f,0.6666666666666666,2,6,3,
0,0,6.31505560874939,0,5a79093955429974737f794b,0.3333333333333333,1,3,3,
0,0,6.276313781738281,0,5ade8bd955429975fa854f04,0.5,1,3,2,
0,0,6.20686149597168,0,5a84a1c85542992a431d1a7c,0.0,0,3,5,
0,0,6.204554319381714,0,5abed7d75542990832d3a0f7,0.5,1,3,2,
0,0,6.254361629486084,0,5ae365205542990afbd1e12d,0.2,1,3,5,
0,0,6.1999804973602295,0,5a8f9dca55429918e830d295,0.09090909090909091,1,3,11,
0,0,6.23593282699585,0,5ae61351554299546bf83066,0.25,1,3,4,
0,0,6.195278644561768,0,5ae50c345542993aec5ec11f,0.0,0,3,3,
0,0,6.222956418991089,0,5abcefc45542993a06baf9b4,0.5,1,3,2,
0,0,6.2572667598724365,0,5a887898554299206df2b2a2,0.125,1,3,8,
0,0,6.246286153793335,0,5a803ed45542996402f6a496,0.14285714285714285,1,3,7,
0,0,6.203811407089233,0,5a8f97305542997ba9cb32e3,0.2,1,3,5,
0,0,6.301148891448975,0,5ab5ceb65542997d4ad1f1e2,0.0,0,3,3,
0,0,7.339936971664429,0,5ae7e8f55542994a481bbe06,0.3333333333333333,1,3,3,
0,0,6.295877695083618,0,5a8c7ac2554299653c1aa08e,0.3333333333333333,1,3,3,
0,0,6.27265191078186,0,5a8192045542995ce29dcc04,0.6666666666666666,2,3,3,
0,0,6.232121229171753,0,5a866b5b554299211dda2b23,0.3333333333333333,1,3,3,
0,0,6.246510028839111,0,5ae1a525554299234fd042a9,0.5,1,3,2,
0,0,6.2139973640441895,0,5abb23035542992ccd8e7f22,0.5,1,3,2,
0,0,6.295531511306763,0,5abce43855429959677d6b18,0.3333333333333333,1,3,3,
0,0,38.837178230285645,2,5a8e07185542995085b37389,0.5,1,9,2,
0,0,6.304436683654785,0,5a8ed10b5542995085b374a0,1.0,1,3,1,
0,0,6.399749040603638,0,5adf2fa35542993344016c11,0.5,1,3,2,
0,0,6.4004456996917725,0,5a804e845542992bc0c4a6e9,0.2,1,3,5,
0,0,6.411210536956787,0,5a78d06355429974737f78b4,0.3333333333333333,1,3,3,
0,0,6.445952415466309,0,5ac3dfee554299204fd21eab,0.0,0,3,4,
0,0,6.221365928649902,0,5add48465542992200553a80,0.5,1,3,2,
,,,,5a7c917e5542990527d554d3,,,,,Ollama request exceeded timeout limit for model stable-qwen with error: timed out
0,0,6.5137903690338135,0,5a7e6c725542991319bc94a4,0.25,1,3,4,
0,0,6.468411445617676,0,5a7558425542992db9473647,0.16666666666666666,1,3,6,
0,0,6.484965085983276,0,5a849cc95542997175ce1efa,0.0,0,3,1,
0,0,6.399570941925049,0,5a84e9d35542994c784dda84,0.0,0,3,5,
0,0,8.316386938095093,0,5ab6bdd255429953192ad36e,0.0,0,3,2,
0,0,5.814903259277344,0,5ac3126f5542995ef918c0e8,0.0,0,3,6,
0,0,6.407524108886719,0,5a81e04455429903bc27b9f9,0.0,0,3,4,
0,0,6.492797374725342,0,5ab3d2b7554299233954ffb8,0.3333333333333333,1,3,3,
0,0,6.471564769744873,0,5a8d1f015542994ba4e3dc08,0.0,0,3,4,
0,0,6.406034231185913,0,5adf8d275542993344016cfb,0.3333333333333333,1,3,3,
0,0,6.267884254455566,0,5a7949d45542994bb9456fdd,0.0,0,3,3,
0,0,6.458660840988159,0,5aba0c2655429955dce3edb7,0.16666666666666666,1,3,6,
0,0,6.230122804641724,0,5a89bbb05542992e4fca83a3,0.0,0,3,5,
0,0,6.380507707595825,0,5ab4b2935542996a3a969fb5,0.0,0,3,7,
0,0,6.412399530410767,0,5a7cf4e355429907fabef062,0.16666666666666666,1,3,6,
0,0,6.456576824188232,0,5ab2be12554299295394686b,0.3333333333333333,1,3,3,
0,0,6.429195165634155,0,5a7cd5b05542990527d5553d,0.0,0,3,22,
0,0,11.773871898651123,0,5a70f4c45542994082a3e437,0.0,0,3,3,
0,0,6.442828178405762,0,5ae0818e55429924de1b70e9,0.5,1,3,2,
0,0,6.46319317817688,0,5adfb60655429942ec259b08,0.6666666666666666,2,3,3,
0,0,6.279921054840088,0,5ab5de535542992aa134a3b6,0.5,1,3,2,
0,0,6.372889995574951,0,5ac2ffe7554299218029dbb3,0.25,1,3,4,
0,0,6.435523271560669,0,5a8769475542993e715abf2b,0.3333333333333333,1,3,3,
0,0,6.422175884246826,0,5a77f4755542992a6e59e01f,0.0,0,3,4,
0,0,6.403803586959839,0,5a78caa955429970f5fffd83,0.0,0,3,3,
0,0,11.823173999786377,0,5a8790785542993e715abfac,0.0,0,3,6,
0,0.014492753623188406,142.90089774131775,1,5ab6bb575542995eadef0088,0.0,0,6,3,
0,0,0.545978307723999,0,5ac2cdaa554299657fa29070,,,,,
0,0,9.241248607635498,0,5a729fa15542994cef4bc397,0.0,0,3,3,
0,0,10.150679588317871,0,5ae64ffd5542992ae0d162ce,0.1111111111111111,1,3,9,
0,0,10.04842209815979,0,5a88a1e55542997e5c09a64d,0.5,1,3,2,
0,0,10.051422834396362,0,5ac34994554299741d48a242,0.0,0,3,4,
0,0.027586206896551724,10.055809497833252,0,5ae382ee5542992e3233c430,0.5,1,3,2,
0,0.013986013986013986,62.23582100868225,5,5a8a40015542996c9b8d5e72,0.0,0,18,4,
0,0,10.732018232345581,0,5a8810485542997e5c09a590,0.0,0,3,5,
0,0,54.60059905052185,5,5a7249b85542990c210a40b9,0.16666666666666666,1,18,6,
0,0,69.12181234359741,5,5ae7281c5542991e8301cb69,0.0,0,18,4,
0,0.36363636363636365,0.30452823638916016,1,5a888d535542997e5c09a617,0.3333333333333333,2,3,6,
0,0,11.617291688919067,1,5ae48c4e55429913cc204498,0.0,0,6,4,
0,0,13.684107065200806,1,5a7e05635542995f4f40238f,0.0,0,6,7,
0,0,5.549537897109985,0,5ae3fec55542995dadf242a4,0.2,1,3,5,
0,0,5.6080708503723145,0,5add39c45542995b365faac5,1.0,1,3,1,
0,0,0.5305840969085693,1,5a90629855429916514e749e,0.2,2,3,10,
0,0,5.700336933135986,0,5a85e2775542994775f60680,0.16666666666666666,1,3,6,
0,0,5.6059205532073975,0,5abba17a5542992ccd8e7f60,0.25,1,3,4,
0,0,5.514730930328369,0,5a8ece2e5542995085b37497,0.25,1,3,4,
0,0,5.626997947692871,0,5a7a749d5542994f819ef1e0,0.25,1,3,4,
0,0,5.563066244125366,0,5a7e075c5542995f4f4023a3,0.16666666666666666,1,3,6,
0,0,5.526052474975586,0,5abcfcf0554299114383a1b4,0.0,0,3,6,
0,0,0.3405177593231201,1,5a78ed6855429970f5fffdd9,0.0,0,3,2,
0,0,5.75443959236145,0,5a8be8215542995e66a47518,0.5,2,3,4,
0,0,5.6025402545928955,0,5a8f495c5542997ba9cb3220,0.4,2,3,5,
0,0,5.531002044677734,0,5a7db62d5542997cc2c4747c,1.0,1,3,1,
0,0,5.615163803100586,0,5ae5db98554299546bf82fa6,0.0,0,3,5,
0,0,5.545122861862183,0,5a8a423255429930ff3c0d30,1.0,1,3,1,
0,0,5.538617134094238,0,5a80fb97554299260e20a1eb,0.3333333333333333,1,3,3,
0,0,5.57335352897644,0,5ab27587554299449642c8af,0.2,1,3,5,
0,0,5.5626442432403564,0,5a7c74a65542990527d554b0,0.0,0,3,5,
0,0,11.431681394577026,1,5a7ff71a5542992e7d278dd0,0.0,0,6,3,
0,0,5.551088333129883,0,5a89bf18554299669944a591,0.0,0,3,4,
0,0,35.526787757873535,5,5ae22f4e5542996483e6492f,0.5,2,18,4,
0,0,37.26079702377319,5,5ab8c3c65542991b5579effd,0.5,2,18,4,
0,0,41.3914315700531,5,5a7d61645542997cc2c47455,0.14285714285714285,1,18,7,
0,0,37.90733790397644,5,5a82d71555429966c78a6a94,0.0,0,18,9,
0,0,41.47968077659607,4,5a8ae5d355429970aeb70325,0.0,0,15,4,
,,,,5abccf6755429965836004ab,,,,,Ollama request exceeded timeout limit for model stable-qwen with error: timed out
0,0,49.15524673461914,4,5adcfc135542990d50227d87,0.5,1,15,2,
0,0,24.744272232055664,1,5a77c15f5542997042120b1c,1.0,1,6,1,
0,0,11.698095321655273,0,5a9064c755429916514e74a6,0.0,0,3,2,
0,0,25.29246950149536,1,5ab43b755542991779162c21,0.3333333333333333,1,6,3,
0,0,11.902655124664307,0,5adf39765542993a75d26435,0.0,0,3,5,
0,0.00847457627118644,39.14235544204712,2,5a8ccea555429941ae14deeb,0.3333333333333333,1,9,3,
0,0,12.069873332977295,0,5ab6390f5542995eadeeff7a,0.5,2,3,4,
0,0,74.94934296607971,5,5abd4f2e5542993062266c4b,0.0,0,17,3,
0,0,12.747479915618896,0,5ac0d981554299012d1db646,0.1111111111111111,1,3,9,
0,0,0.2778053283691406,1,5a7c716d55429935c91b51b3,0.3333333333333333,1,3,3,
0,0,25.427741527557373,1,5a77a44d5542997042120aba,0.125,1,6,8,
0,0,11.93613314628601,0,5a7cd0fd55429909bec76823,0.2,1,3,5,
0,0,11.858544111251831,0,5ac2a55b55429921a00ab018,0.0,0,3,3,
0,0,12.008378744125366,0,5ab8ca5d5542991b5579f005,0.5,1,3,2,
0,0,12.041136503219604,0,5ac3f1c9554299204fd21ed4,0.0,0,3,2,
0,0,11.89380168914795,0,5ac559bd5542993e66e82328,0.3333333333333333,2,3,6,
0,0,11.837176084518433,0,5ade00855542997dc7907118,0.3333333333333333,1,3,3,
0,0.008658008658008656,11.863974809646606,0,5a8e61165542995085b3741a,0.25,1,3,4,
0,0,11.861003875732422,0,5abd05e655429965836004f1,0.0,0,3,5,
0,0.017391304347826084,11.882516145706177,0,5a7fb1765542992e7d278d20,0.3333333333333333,2,3,6,
0,0,11.892934560775757,0,5a722c2255429971e9dc932c,0.3333333333333333,1,3,3,
0,0,11.99397349357605,0,5ae1408a5542997b2ef7d17c,0.2,1,3,5,
0,0,11.942020893096924,0,5a7562045542992db947364f,1.0,2,3,2,
0,0.016877637130801686,11.89882755279541,0,5ae6233c5542992ae0d1623e,0.2,1,3,5,
0,0.008733624454148471,12.34394121170044,0,5a7cb94f554299683c1c6353,0.0,0,3,4,
0,0,11.880972623825073,0,5ae17d6855429901ffe4aea7,0.0,0,3,6,
0,0,12.04259204864502,0,5ae69fa755429908198fa66c,0.08333333333333333,1,3,12,
0,0,12.371072769165039,0,5ab56e085542992aa134a315,0.25,1,3,4,
0,0,22.026616096496582,1,5a79305755429907847277dd,0.3333333333333333,1,6,3,
0,0,13.168423891067505,0,5a7b18d25542992d025e6768,0.0,0,3,4,
0,0,13.246853828430176,0,5add56a85542992200553abe,0.0,0,3,3,
0,0,13.34348440170288,0,5ab44cd555429942dd415f10,1.0,1,3,1,
0,0,0.2817959785461426,1,5a7140585542994082a3e6fa,1.0,1,3,1,
0,0,13.447134256362915,0,5ae1f079554299234fd04343,0.1,1,3,10,
0,0,0.2431654930114746,1,5ab4314955429942dd415ecd,0.3333333333333333,1,3,3,
0,0.007434944237918215,13.401871681213379,0,5ae3249555429928c423962f,0.75,3,3,4,
0,0,13.248876571655273,0,5a89ba6b554299669944a584,0.0,0,3,6,
0,0,13.102633953094482,0,5ae226bd5542994d89d5b379,0.0,0,3,5,
0,0,14.137451887130737,0,5ae0156455429942ec259c15,0.5,1,3,2,
0,0,13.286884784698486,0,5a7b85c4554299294a54a9d7,0.3333333333333333,1,3,3,
0,0.006802721088435374,14.17758560180664,0,5ab262a4554299340b5254ac,0.0,0,3,3,
0,0,13.142212390899658,0,5a81d81e554299676cceb0f6,0.5,1,3,2,
0,0,13.297943830490112,0,5abee2df5542994516f4546a,0.0,0,3,3,
0,0,13.292613983154297,0,5ac42ae45542997ea680ca18,0.3333333333333333,2,3,6,
0,0,13.259898900985718,0,5abdf72055429976d4830a37,0.16666666666666666,1,3,6,
0,0,13.270704507827759,0,5ae618325542996de7b71b56,0.25,1,3,4,
0,0,30.323644161224365,1,5a8fdd9c55429916514e73de,0.0,0,6,7,
0,0,13.122419595718384,0,5a875b2a5542993e715abf0f,0.3333333333333333,1,3,3,
0,0,13.35137939453125,0,5a8ac44055429970aeb70304,0.2,1,3,5,
0,0,12.384189367294312,0,5ab55a9b5542992aa134a2ba,0.0,0,3,3,
,,,,5a88c92d5542993b751ca84e,,,,,Ollama request exceeded timeout limit for model stable-qwen with error: timed out
0,0,13.020509004592896,0,5ab972485542996be20204f6,0.2,1,3,5,
0,0,13.315855026245117,0,5adcaa7f5542990d50227cdb,0.0,0,3,3,
0,0,25.08428168296814,1,5a7933b255429907847277eb,1.0,1,6,1,
0,0.01092896174863388,11.19866418838501,0,5ae30d4b55429928c42395cc,0.0,0,3,7,
0,0,5.687755107879639,0,5a7a6c1a5542994f819ef1d5,0.2,1,3,5,
0,0,11.235949039459229,0,5adfdd1c55429906c02daa74,0.3333333333333333,1,3,3,
0,0,11.177143573760986,0,5a7265815542990c210a411b,0.0,0,3,6,
0,0,11.23729920387268,0,5a8c5794554299240d9c2131,0.5,2,3,4,
0,0,0.47969651222229004,1,5a85ac1e5542997b5ce4001f,0.25,1,3,4,
0,0,11.402517080307007,0,5a7a45425542990783324ee2,0.0,0,3,4,
0,0,11.814645767211914,0,5abc40835542993a06baf8ba,0.0,0,3,4,
0,0,5.637027740478516,0,5a883afc5542994846c1ce48,0.0,0,3,6,
0,0.010752688172043012,11.140241384506226,0,5ae0b68e55429906c02daafb,0.3333333333333333,1,3,3,
0,0,11.168911933898926,0,5a7dacff5542991319bc93e0,0.5,1,3,2,
0,0.010869565217391304,11.154064416885376,0,5adf6f075542993344016c91,0.0,0,3,3,
0,0,11.16908049583435,0,5a7be1ab5542997c3ec972a9,0.0,0,3,4,
0,0,11.18080186843872,0,5a8753d95542994846c1cd63,1.0,1,3,1,
0,0,11.162901639938354,0,5a794f8155429970f5fffe95,0.16666666666666666,1,3,6,
0,0,5.6305015087127686,0,5ab53bee554299637185c526,0.0,0,3,4,
0,0,11.23266077041626,0,5ac1a5b45542991316484b8b,0.25,1,3,4,
0,0,11.2190101146698,0,5a79edfe5542990198eaf006,0.125,1,3,8,
0,0,18.657440423965454,1,5a72a3c45542994cef4bc3ac,0.0,0,6,3,
0,0.008620689655172414,12.84280014038086,0,5abfd3d65542994516f4550b,0.0,0,3,3,
0,0,27.57556915283203,1,5ae39fb85542990afbd1e197,0.4,2,6,5,
0,0,12.243464946746826,0,5a7e1a2955429965cec5ea5d,0.2222222222222222,2,3,9,
0,0,12.2451651096344,0,5ab7bf3f5542991d322237a8,0.6666666666666666,2,3,3,
0,0.017094017094017092,12.275470495223999,0,5a837121554299123d8c2128,0.3333333333333333,1,3,3,
0,0.00892857142857143,24.442566394805908,1,5ae616ce5542992663a4f259,0.3333333333333333,1,6,3,
0,0,12.273115873336792,0,5ae375955542990afbd1e15d,0.3333333333333333,1,3,3,
0,0,20.882039070129395,1,5abcff225542993a06baf9ea,0.6666666666666666,2,6,3,
0,0,12.367591857910156,0,5a74f5155542993748c89750,0.2,1,3,5,
0,0,12.311117887496948,0,5ab5c31b554299488d4d9a19,0.3333333333333333,1,3,3,
0,0,12.336568832397461,0,5ab7f3285542992aa3b8c88f,0.14285714285714285,1,3,7,
0,0,12.337053298950195,0,5a7f53ff5542992097ad2f17,0.5,1,3,2,
0,0,12.353248834609985,0,5a7b88165542997c3ec971fe,0.0,0,3,1,
0,0,12.278510570526123,0,5a7b3ec95542995eb53be8d3,0.4,2,3,5,
0,0,12.209185361862183,0,5ae4843455429970de88d997,0.2,1,3,5,
0,0,12.331631660461426,0,5a73d951554299623ed4ac77,0.0,0,3,11,
0,0,25.241780042648315,1,5adce22c5542990d50227d51,0.0,0,6,7,
0,0,12.164231061935425,0,5ab412da5542996a3a969f15,0.5,1,3,2,
0,0,12.295693635940552,0,5a762cf0554299109176e6a4,0.0,0,3,8,
0,0,12.165729761123657,0,5a7ddd565542997cc2c474b2,0.25,1,3,4,
0,0,12.147342920303345,0,5a7b4073554299042af8f733,0.0,0,3,5,
0,0,12.14126467704773,0,5a873b0d5542994775f607ad,0.3333333333333333,1,3,3,
0,0,12.248779773712158,0,5a778cae55429949eeb29eeb,0.14285714285714285,1,3,7,
0,0,12.569475889205933,0,5a7c00a55542996dd594b87e,0.3333333333333333,1,3,3,
0,0,12.14182424545288,0,5a8f68795542992414482ab5,0.5,1,3,2,
0,0,12.215322017669678,0,5a8b6f9a5542995d1e6f138f,0.0,0,3,6,
0,0,12.135670900344849,0,5add98ef5542997545bbbd82,0.3333333333333333,1,3,3,
0,0,12.252142429351807,0,5a7a5cc955429941d65f25d6,0.0,0,3,4,
0,0,12.125398635864258,0,5adc9d145542994d58a2f67d,1.0,1,3,1,
0,0,12.119568586349487,0,5a8af05d55429950cd6afc1a,0.0,0,3,7,
0,0,12.118917226791382,0,5ae8164d5542994a481bbeb6,0.0,0,3,10,
0,0,12.09358286857605,0,5a8fdb955542990a98493572,0.0,0,3,4,
0,0,12.379173517227173,0,5abc6c2655429959677d6aac,0.0,0,3,5,
0,0,0.4151942729949951,1,5a81a4615542995ce29dcc1e,0.0,0,3,7,
0,0,12.335475444793701,0,5a827ce155429940e5e1a8d7,0.0,0,3,6,
0,0,12.070395946502686,0,5a81f49c5542995ce29dcc9a,0.5,1,3,2,
0,0,12.107432126998901,0,5a82bdd655429940e5e1a92a,0.0,0,3,3,
0,0,12.102412939071655,0,5a8457835542990548d0b28a,0.5,2,3,4,
0,0,12.350528955459595,0,5ae00a27554299025d62a3bb,1.0,1,3,1,
0,0,12.25278639793396,0,5ae4aba25542995ad6573e12,0.5,1,3,2,
0,0,14.706000328063965,0,5ade99ad554299728e26c75d,0.16666666666666666,1,3,6,
0,0,12.115329027175903,0,5ab3c470554299233954ffa1,0.3333333333333333,1,3,3,
0,0,12.116326570510864,0,5abca1a55542993a06baf937,1.0,1,3,1,
0,0,12.112199544906616,0,5ab56db7554299494045efc6,0.6666666666666666,2,3,3,
0,0.008968609865470852,12.253042936325073,0,5a905f2a55429933b8a204fb,1.0,1,3,1,
0,0,12.311312675476074,0,5ab9379a554299753720f79d,0.0,0,3,2,
0,0,0.2955451011657715,1,5adc861c5542994d58a2f62c,0.2,1,3,5,
0,0,20.432624101638794,1,5ae5e62455429929b0807a07,0.3333333333333333,1,6,3,
0,0,14.984861612319946,0,5ae64b1d55429929b0807b24,0.125,1,3,8,
0,0,31.573657751083374,1,5a71299e5542994082a3e5fe,0.0,0,6,4,
0,0,14.676752805709839,0,5aba7bb4554299232ef4a2ee,0.14285714285714285,1,3,7,
0,0,14.709571361541748,0,5a71446b5542994082a3e72a,0.2,1,3,5,
,,,,5a78fe8155429970f5fffe11,,,,,Ollama request exceeded timeout limit for model stable-qwen with error: timed out
0,0,14.69286823272705,0,5adddb415542992200553b61,0.09090909090909091,1,3,11,
0,0,40.59989905357361,2,5a7545605542993748c89807,0.5,1,9,2,
0,0,0.2809772491455078,1,5a90bdea55429916514e754b,0.0,0,3,4,
0,0,14.561604261398315,0,5abde4ed5542991f66106097,0.0,0,3,5,
0,0,14.398913621902466,0,5a7b4fee554299042af8f748,0.3333333333333333,1,3,3,
0,0,14.335609674453735,0,5ab527205542996a3a96a03d,0.25,1,3,4,
0,0,12.370245933532715,0,5adf5cd25542992d7e9f9320,0.25,1,3,4,
0,0,15.463221549987793,0,5a77d5e655429967ab1052cc,0.0,0,3,3,
0,0,14.352230072021484,0,5a7bb16f554299294a54aa9f,0.5,1,3,2,
0,0,14.38920259475708,0,5abebb8f5542994516f4540a,0.0,0,3,10,
0,0,14.575448513031006,0,5adfa451554299025d62a319,0.0,0,3,8,
0,0,14.38953447341919,0,5ab34a76554299233954ff3f,0.0,0,3,7,
0,0,14.39490008354187,0,5ae178a155429901ffe4ae92,0.5,1,3,2,
0,0,14.383550882339478,0,5a823f61554299676cceb234,0.0,0,3,3,
0,0,14.411051511764526,0,5abefa5b5542997ec76fd3a3,0.0,0,3,7,
0,0,14.389194250106812,0,5abe80a855429976d4830b43,0.3333333333333333,1,3,3,
0,0,15.283409357070923,0,5a7698c2554299373536010d,0.0,0,3,4,
0,0,14.411364078521729,0,5abd85375542993062266cba,0.3333333333333333,1,3,3,
0,0,22.59909176826477,1,5a8de7c65542995085b37353,0.0,0,6,8,
0,0,11.459526300430298,0,5a734f4455429901807dafba,1.0,1,3,1,
0,0,7.504143238067627,0,5a7647505542992d0ec06089,0.5,1,3,2,
0,0,7.51092267036438,0,5a8f9c3f554299458435d69a,0.3333333333333333,1,3,3,
0,0,14.557281494140625,0,5ae0aefe554299603e418437,0.0,0,3,4,
0,0,7.506419658660889,0,5ab93841554299131ca422cb,0.0,0,3,6,
0,0,7.553706407546997,0,5a749af055429979e28829b7,0.0,0,3,4,
0,0,7.474447965621948,0,5ab587ad5542992aa134a34b,0.0,0,3,1,
0,0,11.448466300964355,0,5a8d9e0f554299441c6ba015,0.3333333333333333,2,3,6,
0,0,25.22478723526001,1,5ae0039555429942ec259be1,0.25,1,6,4,
0,0,15.297973394393921,0,5ae4758b5542995dadf24342,0.0,0,3,1,
0,0,11.312148332595825,0,5a7280105542994cef4bc2e4,0.3333333333333333,1,3,3,
0,0,11.269527435302734,0,5a8b922e55429949d91db5e6,1.0,2,3,2,
0,0,11.265430688858032,0,5a89fa2655429970aeb701d2,0.25,1,3,4,
0,0,28.806077480316162,2,5ac2a3c7554299218029dadb,0.6666666666666666,2,9,3,
0,0,11.455926656723022,0,5a75f0bf5542994ccc91866b,0.3333333333333333,2,3,6,
0,0,14.34912109375,0,5a7bb2595542995eb53be99b,0.6666666666666666,2,3,3,
0,0,14.587103605270386,0,5ae3a1aa5542994393b9e72d,0.14285714285714285,1,3,7,
0,0,26.314196348190308,1,5ab65e1e55429954757d3261,0.0,0,6,3,
,,,,5a8078e95542992bc0c4a72c,,,,,Ollama request exceeded timeout limit for model stable-qwen with error: timed out
0,0,11.496050357818604,0,5a72160e55429971e9dc9253,0.0,0,3,5,
0,0,11.43199896812439,0,5ab981555542996be2020532,0.0,0,3,3,
0,0,26.68136167526245,1,5ac15de55542991316484afb,0.14285714285714285,1,4,7,
0,0,11.757098913192749,0,5a76538d5542992db9473764,0.0,0,3,11,
0,0,14.802951574325562,0,5abeb7eb5542993fe9a41d1f,0.2,1,3,5,
0,0,11.668693542480469,0,5ab4832e5542991751b4d79d,0.3333333333333333,1,3,3,
0,0,14.568019151687622,0,5adf33a05542993344016c22,0.0,0,3,6,
0,0,11.392266273498535,0,5a84c4bb5542991dd0999dec,0.0,0,3,2,
0,0,11.663350343704224,0,5adc7b855542994650320d1e,0.0,0,3,1,
,,,,5a7a2be25542996a35c17118,,,,,Ollama request exceeded timeout limit for model stable-qwen with error: timed out
0,0,14.89952301979065,0,5a8016215542992bc0c4a6a3,1.0,1,3,1,
0,0,13.510723352432251,0,5adce3265542992c1e3a2466,0.2,1,3,5,
0,0,13.544611692428589,0,5ae8096f5542994a481bbe99,0.25,1,3,4,
0,0,13.573920965194702,0,5a776b82554299373536026f,0.0,0,3,3,
0,0,21.214767456054688,1,5a78eea555429970f5fffddf,1.3333333333333333,4,6,3,
0,0,14.268771648406982,0,5a816db055429903bc27b961,0.25,1,3,4,
,,,,5abfca465542993fe9a41e65,,,,,Ollama request exceeded timeout limit for model stable-qwen with error: timed out
0,0,19.832998752593994,1,5a75d8dc5542992db94736f0,0.0,0,6,4,
0,0,13.404462099075317,0,5ac3d667554299076e296ca5,0.1111111111111111,1,3,9,
0,0,0.5703434944152832,1,5ae52cb955429908b6326540,0.0,0,3,2,
0,0,13.495033979415894,0,5ac17c025542994d76dcce70,0.0,0,3,5,
0,0,0.2376255989074707,1,5abde4595542991f66106095,1.0,2,3,2,
0,0.006993006993006993,13.478077173233032,0,5abe18e055429976d4830a74,0.0,0,3,3,
0,0,16.16384983062744,0,5a7fac0055429969796c1b1b,0.375,3,3,8,
0,0,13.30856966972351,0,5ab984a2554299131ca4235a,0.25,1,3,4,
0,0,13.361008882522583,0,5a84d2775542994c784dda5f,0.125,1,3,8,
0,0.006557377049180327,13.1646409034729,0,5a7324205542994cef4bc478,0.0,0,3,2,
,,,,5ab28c73554299340b525512,,,,,Ollama request exceeded timeout limit for model stable-qwen with error: timed out
0,0,35.95624542236328,2,5a8b91d25542995d1e6f13fc,1.0,2,9,2,
0,0,13.117902040481567,0,5ac2759655429921a00aaf7f,0.2,1,3,5,
0,0,13.209144115447998,0,5ac2eaab5542990b17b154a4,0.0,0,3,3,
0,0,13.123624324798584,0,5ab93262554299131ca422b6,0.0,0,3,4,
0,0,13.083513736724854,0,5a85ebe75542996432c5712a,0.5,1,3,2,
0,0,13.125728130340576,0,5ae6a5d15542991bbc97615d,0.0,0,3,4,
0,0,13.089947700500488,0,5ae54c085542992663a4f1c4,0.0,0,3,5,
0,0,0.41176867485046387,1,5ac248fd55429951e9e68525,0.0,0,3,2,
0,0,13.22050929069519,0,5add16b65542990d50227dd2,0.16666666666666666,1,3,6,
0,0,12.990350484848022,0,5a84cd4b5542991dd0999dfe,0.0,0,3,2,
0,0,71.3426296710968,2,5a81f85d55429926c1cdadca,0.0,0,9,5,
0,0,14.818615436553955,0,5a7c35025542996dd594b8d7,0.0,0,3,9,
,,,,5a774c0155429966f1a36ce2,,,,,Ollama request exceeded timeout limit for model stable-qwen with error: timed out
0,0,77.04456424713135,5,5ab2c6a955429916697740c2,0.1,1,18,10,
0,0,0.23876023292541504,1,5ae5e0a6554299546bf82fa9,0.16666666666666666,1,3,6,
0,0,52.81456804275513,3,5abd1b6e55429933744ab729,0.0,0,9,3,
0,0,16.6592276096344,0,5ae3d4345542992f92d82387,0.0,0,3,8,
0,0,16.703291654586792,0,5a82a91155429940e5e1a911,0.0,0,3,2,
0,0,16.690425157546997,0,5ab5ecd75542992aa134a3e6,0.25,1,3,4,
0,0,16.643697500228882,0,5a8e1577554299068b959e54,0.5,1,3,2,
0,0,16.56428337097168,0,5a7c8cea55429935c91b5214,0.0,0,3,6,
0,0,16.65247392654419,0,5ae532365542992663a4f150,0.4,2,3,5,
0,0,16.619057416915894,0,5ae1467a554299422ee99659,0.0,0,3,5,
0,0,16.68938636779785,0,5a80b322554299485f5986c8,0.0,0,3,3,
0,0,16.72060203552246,0,5abe044d5542991f661060a7,0.0,0,3,5,
0,0,16.69253182411194,0,5ab2b666554299194fa934ca,0.3333333333333333,1,3,3,
0,0,16.714386463165283,0,5a75404a55429916b01642be,0.0,0,3,5,
0,0,16.829251289367676,0,5adc411f5542994650320cbc,0.16666666666666666,1,3,6,
0,0,16.703540563583374,0,5ae01b8855429925eb1afc14,0.0,0,3,5,
0,0,16.643648386001587,0,5a8c49655542995e66a47598,0.0,0,3,8,
0,0.004761904761904762,16.68013882637024,0,5a79c9cc554299148911fa53,0.2,1,3,5,
0,0,47.026668310165405,4,5abf8e135542990832d3a14f,0.16666666666666666,1,15,6,
0,0,6.205451250076294,0,5adcf83855429947343537e1,0.0,0,3,2,
0,0,6.424676895141602,0,5abcd19c5542993a06baf971,1.0,1,3,1,
,,,,5ab816b05542990e739ec815,,,,,Ollama request exceeded timeout limit for model stable-qwen with error: timed out
,,,,5ab3bfd3554299233954ff99,,,,,Ollama request exceeded timeout limit for model stable-qwen with error: timed out
,,,,5ae55b8255429908b63265ef,,,,,Ollama request exceeded timeout limit for model stable-qwen with error: timed out
,,,,5a7108fa5542994082a3e4ef,,,,,Ollama request exceeded timeout limit for model stable-qwen with error: timed out
0,0.03076923076923077,37.161736726760864,5,5ae34b275542992e3233c371,1.0,1,18,1,
0,0.038461538461538464,34.812450647354126,5,5a812cd555429926c1cdacfc,0.5714285714285714,4,18,7,
0,0,35.29492473602295,5,5ade063d5542995b365fabcd,0.14285714285714285,1,18,7,
0,0,36.99522113800049,5,5ac4efa85542991943173a04,0.25,1,18,4,
0,0,36.690027952194214,5,5ab33ef955429969a97a810e,0.3333333333333333,1,18,3,
0,0,34.13839054107666,5,5a7df7115542990b8f503b0f,0.5,1,18,2,
0,0,43.7272789478302,5,5adfd0d455429942ec259b4d,0.5,2,18,4,
0,0,33.74194359779358,5,5a7f697c5542992097ad2f59,0.0,0,18,6,
0,0,37.69938778877258,5,5ab5ec795542997d4ad1f252,0.3333333333333333,1,18,3,
0,0,77.36991310119629,5,5ab5f249554299488d4d9a5d,1.0,2,18,2,
0,0,35.27238631248474,5,5a810d7655429903bc27b915,0.4,2,18,5,
0,0,35.11264991760254,5,5ac00de75542996f0d89cb13,0.75,3,18,4,
0,0,34.49439597129822,5,5adecc7755429975fa854f9d,0.3333333333333333,1,18,3,
0,0,36.16987442970276,5,5a7412b655429979e28828a1,0.0,0,18,7,
0,0,34.76179528236389,5,5ab484415542990594ba9c44,0.0,0,18,5,
0,0,34.872050762176514,5,5ac1436f5542991316484aad,1.0,1,18,1,
0,0,35.91441345214844,5,5ab234c65542993be8fa98c6,0.25,1,18,4,
0,0,35.64679408073425,5,5a775bd65542993569682d6b,0.25,1,18,4,
0,0,40.22788405418396,5,5add67705542992ae4cec54f,0.3333333333333333,1,18,3,
0,0,46.38453125953674,5,5a74b55455429974ef308c39,0.0,0,18,7,
0,0.021739130434782608,23.24967098236084,2,5a89e4585542992e4fca8454,0.0,0,9,3,
0,0,7.211129665374756,0,5ae32fc655429928c423965d,0.0,0,3,5,
0,0,27.872366428375244,3,5abaf0ec5542996cc5e49f22,0.0,0,12,2,
0,0,27.581965923309326,2,5a80b52f554299485f5986d6,1.0,2,9,2,
0,0,7.092338562011719,0,5a7c47c35542990527d55481,0.5,1,3,2,
0,0,42.12296938896179,5,5ab487765542990594ba9c4e,0.25,1,18,4,
0,0,43.99124526977539,5,5ae72e79554299572ea54763,0.25,1,18,4,
0,0,42.66554117202759,5,5a8672e4554299211dda2b39,0.0,0,18,5,
,,,,5a8e27d45542995a26add46a,,,,,Ollama request exceeded timeout limit for model stable-qwen with error: timed out
0,0,42.64716815948486,5,5ac3d10b5542993915413952,1.0,2,18,2,
0,0,36.27064085006714,5,5ae37b4d5542991a06ce99ce,1.0,1,18,1,
0,0,33.58684182167053,5,5a7f010955429934daa2fc8b,0.0,0,18,7,
0,0,35.18758153915405,5,5ac3b4cc554299741d48a2eb,0.2857142857142857,2,18,7,
0,0,37.734787464141846,5,5a8f55aa554299458435d5bc,0.0,0,18,1,
0,0,37.05565285682678,5,5ab4147a5542996a3a969f1e,0.0,0,18,6,
0,0,37.515475034713745,5,5a7b40cd5542995eb53be8d4,0.2,1,18,5,
0,0,177.10921716690063,5,5ae3e59a5542994393b9e79e,1.0,1,18,1,
0,0,42.71356534957886,5,5ae34a225542992e3233c370,0.5,2,18,4,
0,0,40.45586133003235,5,5ab950bd55429970cfb8ea4c,1.3333333333333333,4,18,3,
0,0,41.31035661697388,5,5a8ed8b955429917b4a5bdd3,0.0,0,18,4,
0,0,35.3891806602478,5,5ae45b6b55429970de88d943,0.3333333333333333,1,18,3,
0,0,35.498669385910034,5,5a8ff69655429916514e73f1,0.5,1,18,2,
0,0,48.43862175941467,0,5ab4b9f75542990594ba9ca4,0.0,0,3,6,
0,0.04,35.519829511642456,5,5aba97ed55429901930fa84d,0.14285714285714285,1,18,7,
0,0,37.78905439376831,5,5a7af8fa55429927d897bf25,0.0,0,18,3,
0,0.027777777777777776,40.4166841506958,5,5a8d09a955429941ae14df71,0.0,0,18,2,
0,0,41.029916286468506,5,5a8727dd5542991e771816f8,0.3333333333333333,1,18,3,
0,0,40.83398389816284,5,5adbfb6b55429947ff17388d,1.0,1,18,1,
0,0,39.71161341667175,5,5ae494575542995dadf2434d,0.14285714285714285,1,18,7,
0,0,36.7258403301239,5,5a808b57554299485f598651,0.0,0,18,4,
0,0,38.27940797805786,5,5a8b59a65542995d1e6f137c,0.0,0,18,7,
0,0,42.26592206954956,5,5ac06191554299294b218fab,0.5,1,18,2,
0,0,46.25783610343933,5,5a8205b755429926c1cdadee,0.2222222222222222,2,18,9,
0,0,53.136675119400024,5,5ae2090a5542997f29b3c214,0.6666666666666666,2,18,3,
,,,,5ae4ad375542995dadf243a4,,,,,Ollama request exceeded timeout limit for model stable-qwen with error: timed out
0,0,59.27814841270447,5,5a716a9b5542994082a3e821,0.0,0,15,2,
0,0,52.796987771987915,5,5ab674b7554299110f219a0c,1.0,2,18,2,
0,0,50.22083044052124,5,5ac370ce5542995ef918c18c,0.5,1,18,2,
0,0,46.17396640777588,5,5ae76c235542991e8301cc97,0.5,1,18,2,
0,0,46.470523834228516,5,5a7e05f75542995f4f402394,0.0,0,18,7,
0,0,43.477152585983276,5,5ab7f1315542991d322237d1,0.6666666666666666,2,18,3,
0,0,45.615487575531006,5,5a8b6ac055429949d91db5a5,0.0,0,18,8,
0,0,45.09230446815491,5,5ab9535a5542996be202047e,0.6666666666666666,2,18,3,
0,0,45.61651611328125,5,5a7c0aa15542997c3ec972cd,0.125,1,18,8,
0,0,45.01120972633362,5,5ab6ba045542995eadef007e,0.0,0,18,5,
,,,,5ab89cc25542991b5579efc3,,,,,Ollama request exceeded timeout limit for model stable-qwen with error: timed out
0,0,43.919517993927,5,5ae1e2765542997f29b3c162,0.0,0,18,8,
0,0,43.79587149620056,5,5ae5e762554299546bf82faf,0.0,0,18,7,
0,0,28.6054368019104,3,5a75428b55429916b01642c8,0.2,1,12,5,
0,0,33.600663900375366,4,5a84b5975542991dd0999da3,0.0,0,15,7,
0,0,6.662084341049194,0,5a7797a555429967ab105208,0.0,0,3,4,
0,0,37.24125075340271,3,5abe64bf55429976d4830b13,0.0,0,12,4,
0,0,47.468284606933594,5,5a7af74e55429931da12c9b5,0.6666666666666666,4,18,6,
0,0,50.15385961532593,5,5adea19a55429939a52fe919,0.5,1,18,2,
0,0,24.71828842163086,2,5addffff5542992200553bdd,0.0,0,6,6,
0,0.016129032258064516,51.64490294456482,5,5adce4f65542992c1e3a2474,0.0,0,18,5,
0,0,8.418180465698242,0,5a85f4425542994775f606c4,0.0,0,3,5,
0,0,49.468902826309204,5,5ab7f27e5542991d322237d6,0.2,1,18,5,
0,0,15.393502235412598,1,5ae236445542992decbdcc69,0.0,0,6,7,
0,0,0.25307655334472656,1,5ab8397155429919ba4e2272,0.0,0,3,7,
0,0,46.96848511695862,5,5a88016b5542997e5c09a58a,0.2,1,18,5,
0,0.01680672268907563,48.60126614570618,5,5ac2cb125542996773102626,1.0,1,18,1,
0,0,39.5478081703186,4,5a7220f055429971e9dc92ac,0.3333333333333333,1,15,3,
0,0,23.645678758621216,2,5a7a073a5542990783324dfb,0.25,1,9,4,
0,0,6.979978084564209,0,5ab985eb554299131ca42360,0.1111111111111111,1,3,9,
0,0,7.029719591140747,0,5a84abaf5542997b5ce3ff06,0.16666666666666666,1,3,6,
0,0,7.0725579261779785,0,5ab8883455429916710eb084,0.3333333333333333,1,3,3,
0,0.023529411764705882,6.996793508529663,0,5a80caac554299260e20a161,0.3333333333333333,1,3,3,
0,0,12.053608655929565,1,5a7b6e1d5542997c3ec9716e,0.0,0,3,4,
0,0,6.984713315963745,0,5ab935c755429934fafe6e74,0.0,0,3,4,
0,0,6.9941160678863525,0,5a8e3f2d5542995a26add48f,0.0,0,3,4,
0,0,6.946845531463623,0,5a89da93554299669944a5cc,0.3333333333333333,1,3,3,
0,0,6.975514888763428,0,5a7efd2f5542994959419a9c,0.5,1,3,2,
0,0,6.95891809463501,0,5abed4d55542990832d3a0e0,0.5,1,3,2,
0,0,7.0270891189575195,0,5abd583255429924427fcfb9,0.0,0,3,2,
0,0,6.977925777435303,0,5ae684fe5542991bbc97610e,0.0,0,3,3,
0,0,12.249592542648315,1,5ab2958c554299449642c912,0.3333333333333333,1,6,3,
0,0,53.215062856674194,5,5a7c6753554299683c1c62f9,0.16666666666666666,1,15,6,
0,0,53.34356760978699,5,5a74bfa55542996c70cfadcf,0.5,3,18,6,
0,0,57.88996982574463,5,5aba55f25542994dbf0198e0,0.0,0,18,9,
0,0.014084507042253521,9.02738642692566,0,5ac507825542994611c8b32b,0.0,0,3,3,
0,0,25.821571588516235,1,5a79258a55429974737f79a8,0.5,1,6,2,
0,0,13.100089311599731,0,5a7f732d5542992e7d278d02,0.0,0,3,6,
0,0,13.178956031799316,0,5a87c7dc5542996e4f30891b,0.125,1,3,8,
0,0,13.188177585601807,0,5a7769a35542993569682d8f,0.3333333333333333,1,3,3,
0,0,12.69582986831665,0,5a712c4b5542994082a3e622,1.0,2,3,2,
0,0,13.07713770866394,0,5addd5795542990dbb2f7e9d,0.25,1,3,4,
0,0,12.59958529472351,0,5a7a77425542995eb53be83e,0.2,1,3,5,
0,0,13.107433557510376,0,5a84995d5542997b5ce3fee4,0.0,0,3,8,
0,0,23.09268355369568,1,5a7e618155429949594199b0,0.16666666666666666,1,6,6,
0,0,12.355972528457642,0,5ac258cc554299636651998e,0.0,0,3,5,
0,0,12.276407241821289,0,5adf75e35542993344016c98,0.25,1,3,4,
0,0,12.343995094299316,0,5a775f8a5542994aec3b72ba,0.125,1,3,8,
0,0,12.3057541847229,0,5a84b7db5542991dd0999db0,0.25,1,3,4,
0,0,12.338852882385254,0,5abe024c5542991f661060a2,0.0,0,3,7,
0,0,12.30795693397522,0,5ac5391e5542994611c8b439,0.25,1,3,4,
0,0,12.303327560424805,0,5abff0625542997ec76fd476,0.0,0,3,4,
0,0,12.357897996902466,0,5ae277575542996483e649b2,0.25,1,3,4,
0,0,12.73756217956543,0,5a7ca0ef55429907fabeefd3,0.0,0,3,5,
0,0,12.27798581123352,0,5ae3eeb25542995dadf2425e,0.0,0,3,2,
0,0,12.314903497695923,0,5a886098554299206df2b248,0.2,1,3,5,
0,0,12.691496133804321,0,5ae1e9635542997f29b3c19e,0.0,0,3,5,
0,0,12.298604965209961,0,5a85b0c85542994c784ddb40,0.0,0,3,8,
0,0,26.877214670181274,1,5abe9f7d5542997ec76fd331,0.0,0,6,6,
0,0,12.936320543289185,0,5ae692e35542996d980e7c0e,1.0,1,3,1,
0,0,12.840944290161133,0,5a762f4755429976ec32bd44,0.0,0,3,10,
0,0,12.877669095993042,0,5ae763aa5542995703ce8c09,1.0,1,3,1,
0,0,13.697001218795776,0,5adfe6c455429906c02daa85,0.5,1,3,2,
0,0,13.664660453796387,0,5a8230af554299676cceb227,0.0,0,3,9,
0,0,12.887942552566528,0,5a79240955429974737f79a4,0.3333333333333333,2,3,6,
0,0,12.856577396392822,0,5a888b8e5542997e5c09a60a,0.0,0,3,5,
0,0,12.947447776794434,0,5ab529965542990594ba9d1e,0.0,0,3,4,
0,0,12.634750366210938,0,5abe3f3455429976d4830aa8,0.3333333333333333,1,3,3,
0,0,12.951317071914673,0,5ae352285542994393b9e685,0.5,1,3,2,
0,0,13.689310789108276,0,5a8b82a05542995d1e6f13d0,0.0,0,3,5,
0,0,13.664037466049194,0,5ab2bc6b554299545a2cfa40,0.5,1,3,2,
0,0,12.764222145080566,0,5adf07f25542992d7e9f9279,0.3333333333333333,1,3,3,
0,0,14.258391380310059,0,5a7dca645542990b8f503aab,0.125,1,3,8,
0,0,13.592604160308838,0,5a7136e25542994082a3e67e,0.09090909090909091,1,3,11,
0,0,13.432383060455322,0,5ae1faf15542997f29b3c1e3,0.25,1,3,4,
0,0,12.970590591430664,0,5a7d5c175542991319bc93b1,0.5,1,3,2,
0,0.031446540880503145,13.683197498321533,0,5addfdfa5542997dc790710b,0.25,1,3,4,
0,0,64.3953902721405,5,5a7c6fde55429907fabeef87,0.0,0,18,3,
0,0,57.755542516708374,5,5ade043d5542997dc7907122,0.5,1,18,2,
0,0,58.23518466949463,5,5ae7376f5542992ae0d163d2,0.0,0,18,7,
,,,,5ae2994d554299492dc91c31,,,,,Ollama request exceeded timeout limit for model stable-qwen with error: timed out
0,0,54.76269721984863,5,5a7a0a2d5542990783324e06,0.3333333333333333,1,18,3,
0,0,51.70205044746399,5,5a8ad8b65542992d82986fa2,0.25,1,18,4,
0,0,49.44235587120056,5,5a89007355429938390d4026,0.16666666666666666,1,18,6,
0,0,33.68194222450256,3,5ab934465542996be202043e,0.3333333333333333,1,12,3,
0,0,7.991570949554443,0,5ae4a75a55429913cc2044bc,0.5,1,3,2,
0,0,45.93844127655029,5,5a865cac55429960ec39b675,0.0,0,18,1,
0,0,40.317522287368774,5,5a82e36255429940e5e1a93b,0.25,1,18,4,
0,0,40.27607345581055,5,5a7348555542994cef4bc503,0.0,0,18,11,
0,0,41.95540475845337,5,5adf34ff5542992d7e9f92ce,0.25,1,18,4,
0,0,42.54151678085327,5,5a7568175542992d0ec05f88,1.5,3,18,2,
0,0,39.130934953689575,5,5a817d8c55429903bc27b974,0.0,0,18,22,
0,0,39.79843735694885,5,5a74d92555429929fddd84fa,0.3333333333333333,1,18,3,
0,0,38.599573373794556,5,5ae7793c554299540e5a55c2,0.0,0,18,4,
0,0,18.610973834991455,2,5ab296a6554299194fa93415,0.0,0,9,6,
0,0,5.791578769683838,0,5a7d1c525542995ed0d165f2,0.16666666666666666,1,3,6,
0,0,5.820872068405151,0,5ac403c45542997ea680c9b5,0.5,1,3,2,
0,0,5.885088205337524,0,5a84d4555542992a431d1aac,0.2222222222222222,2,3,9,
0,0,5.9100775718688965,0,5a8b83bc55429949d91db5c0,0.0,0,3,10,
0,0,11.512309312820435,1,5ab8338155429919ba4e2260,0.0,0,6,4,
0,0,5.834941148757935,0,5ab66e1355429954757d32b2,0.5,2,3,4,
0,0,5.8683154582977295,0,5a8a521d5542992d82986f15,1.0,1,3,1,
0,0,5.89725399017334,0,5ab99a215542996be202056a,0.0,0,3,7,
0,0,5.865187883377075,0,5ae7a5f05542993210983ece,0.0,0,3,5,
0,0,5.876124858856201,0,5a7e59c855429934daa2fc0f,0.5,1,3,2,
0,0,5.813091516494751,0,5a735bae55429901807dafef,0.5,1,3,2,
0,0,37.740662574768066,5,5a7f0be055429930675135fe,0.0,0,18,7,
0,0,13.477321147918701,1,5adce12e5542990d50227d4f,0.0,0,6,1,
0,0,6.436242341995239,0,5a8ab6be5542992d82986f5f,0.0,0,3,5,
0,0,6.3765153884887695,0,5ae796af554299540e5a5623,0.0,0,3,4,
0,0,6.399038791656494,0,5a80e468554299260e20a1a9,0.75,3,3,4,
0,0,6.443209171295166,0,5ae4accf5542995ad6573e19,0.25,1,3,4,
0,0,6.422049045562744,0,5ab632aa55429953192ad296,0.3333333333333333,1,3,3,
0,0,6.36534571647644,0,5a7c96e55542990527d554d9,0.0,0,3,3,
0,0,26.478816509246826,1,5ab6ba9d5542995eadef0083,0.0,0,6,2,
0,0,11.03711199760437,0,5ac2a288554299657fa28ff5,0.0,0,3,8,
0,0,11.043508291244507,0,5ab2123155429970612095b9,1.0,3,3,3,
0,0,11.01685881614685,0,5a7b192855429927d897bf39,0.0,0,3,4,
0,0,11.00866961479187,0,5ac510255542994611c8b353,0.3333333333333333,1,3,3,
0,0,11.041357517242432,0,5ae5fb55554299546bf82ff6,0.0,0,3,6,
0,0,80.27616047859192,5,5ac4e593554299076e296e37,0.0,0,18,3,
0,0,14.389530658721924,0,5ae5f47c5542996de7b71a82,0.0,0,3,6,
0,0,0.257857084274292,1,5ab2da99554299194fa93544,1.0,1,3,1,
0,0,20.193889617919922,1,5a7cba005542990527d55516,0.5,1,6,2,
0,0,19.18998646736145,1,5a80ac53554299485f5986a0,0.2,1,6,5,
0,0,60.49255323410034,4,5ae3f7575542995dadf24277,0.0,0,15,4,
0,0,6.59782338142395,0,5a76a1a35542993735360122,0.0,0,3,1,
0,0,41.68263530731201,4,5a8f72de5542997ba9cb3266,0.0,0,15,4,
0,0,47.75025820732117,5,5ade618e554299728e26c700,0.25,1,18,4,
0,0,15.843226194381714,1,5ab474b35542990594ba9c25,0.0,0,6,4,
0,0,47.332547187805176,5,5addf9e05542997dc79070f9,0.0,0,18,4,
0,0,50.58814787864685,5,5a7a06775542996a35c1708c,0.25,1,18,4,
0,0,58.809749364852905,5,5a8a58f355429930ff3c0da3,0.5,1,18,2,
,,,,5a86265f55429960ec39b625,,,,,Ollama request exceeded timeout limit for model stable-qwen with error: timed out
0,0,56.65358591079712,5,5add39e75542997545bbbcc4,0.16666666666666666,1,18,6,
0,0,27.822426557540894,2,5ab82bbb5542990e739ec84c,0.0,0,9,3,
0,0,51.94382929801941,5,5a86ab7755429960ec39b6bf,0.2,1,18,5,
0,0.008849557522123894,54.21355056762695,5,5a872c3f5542994775f607a8,0.0,0,18,7,
0,0,62.77580809593201,5,5ab201765542993be8fa98a4,0.0,0,18,2,
0,0,66.85466647148132,5,5ae7f0c75542994a481bbe44,0.6666666666666666,2,18,3,
0,0,54.33587574958801,5,5a747a9a55429929fddd8444,0.25,1,18,4,
0,0.02777777777777778,51.25155591964722,5,5a80cf4c55429938b61421f6,0.0,0,18,6,
0,0,52.34541964530945,5,5adf72335542992d7e9f935f,0.6666666666666666,2,18,3,
,,,,5abe76c255429965af743f15,,,,,Ollama request exceeded timeout limit for model stable-qwen with error: timed out
0,0.02564102564102564,26.96892786026001,2,5a8545ba5542997b5ce3ffdd,0.6666666666666666,2,9,3,
0,0.013157894736842105,14.287996530532837,1,5a87136e5542991e771816b2,0.6666666666666666,2,6,3,
,,,,5a7c04c85542996dd594b881,,,,,Ollama request exceeded timeout limit for model stable-qwen with error: timed out
0,0,7.6427857875823975,0,5adf99065542992d7e9f93b0,0.2,1,3,5,
0,0,7.655504941940308,0,5a7a15d35542996a35c170c4,0.0,0,3,20,
0,0,7.670246839523315,0,5a88ba2c554299206df2b34b,0.4,2,3,5,
0,0,12.671190738677979,1,5a78dc4d55429970f5fffdb6,0.0,0,6,3,
0,0,51.71448612213135,5,5ae0b7cf554299603e418446,1.0,1,18,1,
0,0,51.44820833206177,5,5ae705725542995703ce8bbc,0.0,0,18,5,
0,0,42.58886361122131,4,5a813e1b55429903bc27b958,0.0,0,15,6,
0,0,9.3284592628479,0,5adc99d95542994ed6169baa,0.0,0,3,3,
0,0,8.539185523986816,0,5adf39d55542992d7e9f92e6,0.5,1,3,2,
0,0,8.472002744674683,0,5a8dd13055429917b4a5bcba,0.0,0,3,3,
0,0,8.516979694366455,0,5a74325055429979e28828b3,0.3333333333333333,1,3,3,
0,0,8.565468072891235,0,5a753c8c55429916b01642ab,0.0,0,3,4,
0,0,8.525272130966187,0,5ae5e881554299546bf82fbb,0.0,0,3,5,
0,0,8.485876083374023,0,5a8787915542996e4f30882e,0.125,1,3,8,
0,0,0.3886146545410156,1,5a770d785542993569682cad,0.2,1,3,5,
0,0,8.597915172576904,0,5ab2e3c45542991669774126,0.0,0,3,5,
0,0,8.50832462310791,0,5a75d45f5542994ccc918630,0.0,0,3,3,
0,0,8.503929853439331,0,5a83d7d05542992ef85e237a,0.25,1,3,4,
0,0,14.321669816970825,1,5a8a5a1955429930ff3c0da7,0.0,0,6,2,
0,0,8.546458005905151,0,5a8fa2955542992414482b11,0.3333333333333333,1,3,3,
0,0,8.591561079025269,0,5a80aeef5542992097ad301a,0.75,3,3,4,
0,0,24.166540145874023,1,5ae67def5542991bbc9760f3,0.0,0,3,5,
0,0,13.36381220817566,1,5ab1f494554299706120959c,0.6,3,6,5,
0,0,8.60560941696167,0,5ae78f3b554299540e5a5608,0.0,0,3,2,
0,0,8.557600498199463,0,5ade1f0555429975fa854e74,0.0,0,3,3,
0,0,8.544008255004883,0,5ab594545542997d4ad1f183,0.5,1,3,2,
0,0,8.543533325195312,0,5a90d25655429916514e7585,0.6666666666666666,2,3,3,
,,,,5a78a84d554299148911f8fd,,,,,Ollama request exceeded timeout limit for model stable-qwen with error: timed out
0,0,8.59997820854187,0,5abe369055429976d4830a8a,0.5,2,3,4,
0,0,8.53490686416626,0,5a7b69b155429927d897bfbc,0.2,1,3,5,
0,0,8.536129713058472,0,5a8389445542996488c2e450,0.5,1,3,2,
0,0,8.557567596435547,0,5ae74baa5542997b22f6a68f,0.0,0,3,6,
0,0,8.060306072235107,0,5ac2a35055429967731025ce,0.0,0,3,12,
0,0,8.595645427703857,0,5ae1b1445542997283cd223d,0.0,0,3,3,
0,0,8.52041220664978,0,5ae7525f5542991e8301cc60,0.0,0,3,3,
0,0,9.276260137557983,0,5a80752b5542992bc0c4a720,0.25,1,3,4,
0,0,8.483450412750244,0,5ab94e72554299743d22eaed,0.3333333333333333,1,3,3,
0,0,10.446700811386108,0,5ab82dbb5542990e739ec857,0.6666666666666666,2,3,3,
0,0,8.092285394668579,0,5a7e1bae55429965cec5ea6f,0.2,1,3,5,
0,0,8.55637812614441,0,5ab9be4f554299753720f843,0.3333333333333333,1,3,3,
0,0,16.424261569976807,1,5a76364d5542994ccc918719,0.0,0,6,4,
0,0,8.482836961746216,0,5a72a9145542994cef4bc3c1,0.4,2,3,5,
0,0,8.552833080291748,0,5ae76dfd5542997b22f6a755,0.0,0,3,7,
0,0,8.976882696151733,0,5adca5a45542994d58a2f692,0.3333333333333333,1,3,3,
0,0,8.512019157409668,0,5ab797af5542995dae37e96c,0.3333333333333333,1,3,3,
0,0,22.366236925125122,1,5a728f745542991f9a20c4e6,0.25,2,6,8,
0,0,47.74869775772095,5,5a8cb4b2554299585d9e372a,0.0,0,18,2,
0,0,16.423277378082275,1,5a8e41735542995085b37406,0.0625,1,6,16,
0,0,49.35258889198303,5,5abea9a35542990832d3a07e,0.0,0,18,2,
0,0,54.486915588378906,5,5ab7b0775542992aa3b8c83e,0.0,0,15,1,
0,0,56.63001036643982,5,5adc75525542994650320d0e,0.0,0,18,3,
0,0,56.040098667144775,5,5a823b0c55429940e5e1a804,0.0,0,18,1,
0,0,56.12105870246887,5,5abc25b6554299700f9d77f9,0.0,0,18,4,
0,0,53.96414566040039,5,5adc760c5542994650320d11,0.25,1,18,4,
0,0.014084507042253521,48.80986523628235,5,5ae33cf45542990afbd1e0ea,0.0,0,18,2,
0,0,49.0732307434082,5,5abadc355542996606241644,0.5,2,15,4,
0,0,40.23230290412903,3,5ac3ae885542995ef918c1e7,0.0,0,12,8,
0,0,10.132309436798096,0,5abcfa6f5542993a06baf9c7,0.0,0,3,2,
0,0,10.193525075912476,0,5ab29e87554299194fa9346e,0.0,0,3,5,
0,0,10.188924074172974,0,5a8d4cf35542994ba4e3dc5f,0.0,0,3,3,
0,0,10.168684005737305,0,5ac19b2c55429963665198b6,0.5,1,3,2,
0,0,10.152562379837036,0,5adc983c5542990d50227cb6,0.3333333333333333,1,3,3,
0,0,10.104514837265015,0,5abd0ee65542996e802b46d7,0.3333333333333333,1,3,3,
0,0,10.060226917266846,0,5a8d841955429941ae14dfe6,0.0,0,3,4,
0,0,10.121801614761353,0,5ae0bb2c5542993d6555ec27,0.25,1,3,4,
0,0,10.20424485206604,0,5a73b1855542992d56e7e388,0.0,0,3,12,
0,0,10.179661512374878,0,5abb7d8b5542996cc5e4a006,0.0,0,3,3,
0,0,10.262840270996094,0,5a716dc15542994082a3e82b,0.6666666666666666,2,3,3,
0,0,10.278081178665161,0,5a8078d85542995d8a8ddf78,1.0,1,3,1,
0,0,10.259523391723633,0,5abd049d5542992ac4f381a8,0.0,0,3,5,
0,0,10.238799571990967,0,5a8434445542996488c2e517,0.4,2,3,5,
0,0,10.405304908752441,0,5addf3d65542990dbb2f7f0e,0.0,0,3,2,
0,0,10.173570394515991,0,5a7577145542996c70cfaf03,0.25,1,3,4,
0,0,10.14229702949524,0,5a7747e15542994aec3b7266,0.3333333333333333,1,3,3,
0,0,10.163286685943604,0,5adc020a5542994650320c4c,0.25,1,3,4,
0,0,10.127209901809692,0,5ac007cc5542996f0d89cb0b,1.0,1,3,1,
0,0,10.312177658081055,0,5ae7eb43554299540e5a5695,0.0,0,3,4,
0,0,10.125807523727417,0,5a72a4645542991f9a20c54c,0.6666666666666666,2,3,3,
0,0,10.16141390800476,0,5ae74eeb5542991bbc9761e1,0.0,0,3,4,
0,0,10.228639125823975,0,5ae2e73a55429928c4239545,0.3333333333333333,1,3,3,
0,0,10.097413301467896,0,5a75e60e55429976ec32bc88,0.14285714285714285,2,3,14,
0,0,10.117899894714355,0,5a7b2144554299042af8f6f7,0.1111111111111111,1,3,9,
0,0,10.185787677764893,0,5ab8633c55429919ba4e22d6,0.25,1,3,4,
0,0,10.187930583953857,0,5adfa570554299025d62a31c,0.0,0,3,12,
0,0,10.003910779953003,0,5ab2b6fb5542992953946848,0.0,0,3,5,
0,0,10.176010131835938,0,5ab865195542990e739ec8e3,0.5,2,3,4,
0,0,10.216773986816406,0,5abd83775542993062266cb7,0.2857142857142857,2,3,7,
0,0,10.119994401931763,0,5a7d22dc5542995ed0d16600,0.5,1,3,2,
0,0.011363636363636362,10.250779390335083,0,5a7456ec55429979e288290f,0.25,1,3,4,
0,0,10.17527961730957,0,5a77510b5542994aec3b728b,0.5,1,3,2,
0,0,10.202640533447266,0,5a8f12705542997ba9cb31be,0.5,1,3,2,
0,0,10.273869752883911,0,5a7bd25a554299294a54ab13,0.5,2,3,4,
0,0,10.112180948257446,0,5a8482e55542997175ce1edc,0.0,0,3,3,
0,0,10.154402256011963,0,5ae1b01b5542997283cd2237,0.2857142857142857,2,3,7,
0,0,10.115031480789185,0,5a8cc08455429941ae14deea,0.25,1,3,4,
0,0,9.346312522888184,0,5adf74255542992d7e9f937d,0.0,0,3,6,
0,0,10.219814777374268,0,5add74b75542992200553b24,0.0,0,3,4,
0,0,23.473907947540283,1,5ae2e61455429928c423953e,0.2,1,6,5,
0,0,9.44271469116211,0,5a79ced45542994bb94570cb,0.0,0,3,5,
0,0,19.037143230438232,1,5a7a8d2355429941d65f26a1,0.0,0,6,4,
0,0,9.566468477249146,0,5ae400ab5542995dadf242be,1.0,2,3,2,
0,0.012903225806451615,9.454984903335571,0,5a7fb17c5542994857a767bb,0.16666666666666666,1,3,6,
0,0,9.54561161994934,0,5a7735f55542994aec3b7226,0.25,1,3,4,
0,0,9.51987886428833,0,5a735e9155429901807db00d,0.0,0,3,4,
0,0,10.398943901062012,0,5a7f33115542992e7d278c84,1.0,1,3,1,
0,0,9.475627899169922,0,5a7b681b554299042af8f767,0.0,0,3,1,
0,0,19.478858709335327,1,5ae0a2c75542993d6555ebcf,0.2,1,6,5,
0,0,9.955324172973633,0,5ae38b115542990afbd1e183,1.0,1,3,1,
0,0.011834319526627219,10.02634048461914,0,5a81e89d5542995ce29dcc72,0.0,0,3,2,
0,0,10.062610149383545,0,5ae2125e554299495565d9db,0.0,0,3,3,
0,0,10.035845041275024,0,5a8dce155542994ba4e3dd24,0.2,1,3,5,
0,0,10.09584641456604,0,5a75d00a5542992db94736d1,1.0,1,3,1,
0,0,9.821528673171997,0,5a8a203c55429970aeb7026d,0.0,0,3,3,
0,0,9.687225103378296,0,5a85f4ec5542994775f606c6,1.0,1,3,1,
0,0,10.01966404914856,0,5a7e3c6e5542994959419937,0.0,0,3,3,
0,0,9.618122339248657,0,5a85d4395542996432c570f5,0.25,1,3,4,
0,0,10.049639463424683,0,5ab3bd7d55429969a97a819f,0.2,1,3,5,
0,0,9.987783432006836,0,5a8aee3d55429950cd6afc01,0.0,0,3,2,
0,0.012269938650306747,9.553500175476074,0,5ab925c755429919ba4e23d6,0.5,1,3,2,
0,0,10.08362340927124,0,5a79395455429970f5fffe7d,0.0,0,3,5,
0,0,10.048055410385132,0,5ab9c7c355429939ce03dc17,0.0,0,3,5,
0,0,10.093985557556152,0,5ae33cf55542992f92d82268,0.0,0,3,7,
0,0,10.038498640060425,0,5ac439005542995c82c4acf9,0.5,1,3,2,
0,0,10.114103555679321,0,5a8a17685542993b751ca9f3,0.3333333333333333,1,3,3,
0,0,10.061397552490234,0,5abbfb5e554299114383a0d0,0.2,1,3,5,
0,0,10.034188985824585,0,5a7e31c055429934daa2fbee,0.0,0,3,5,
0,0.012121212121212123,10.06653618812561,0,5ab2f45d5542991669774151,0.16666666666666666,1,3,6,
0,0,0.21337223052978516,1,5ab510cb5542996a3a96a00f,0.0,0,3,3,
0,0,10.18832015991211,0,5a758ce05542992db947367c,0.3333333333333333,1,3,3,
0,0,10.002160549163818,0,5a8b2a0355429971feec465b,0.3333333333333333,1,3,3,
0,0,10.046255826950073,0,5ae15d70554299422ee9966f,0.2,1,3,5,
0,0,9.964601516723633,0,5ae830f05542997ec2727758,0.5,2,3,4,
0,0,10.056255578994751,0,5abbdaef554299642a094b5d,0.0,0,3,3,
0,0,9.546267986297607,0,5ae09a6b55429924de1b710d,0.0,0,3,2,
0,0,9.7757408618927,0,5a8408a9554299123d8c21d3,0.0,0,3,8,
0,0,10.039321184158325,0,5a8a575a554299515336136e,0.25,1,3,4,
0,0,9.978814601898193,0,5ade126355429939a52fe7ea,0.4,2,3,5,
0,0,10.039369106292725,0,5ae07ddb55429945ae95937b,0.0,0,3,4,
0,0,9.984611749649048,0,5ae7f56e5542993210983fd1,0.16666666666666666,1,3,6,
0,0,10.076424360275269,0,5ab3f7b05542992ade7c6efd,0.0,0,3,1,
0,0,9.646645069122314,0,5ade09945542997545bbbe2c,0.0,0,3,4,
0,0,23.02305245399475,1,5adfb78f5542995ec70e9081,0.0,0,6,6,
0,0,24.12321949005127,1,5adc6ded55429947ff17395d,2.0,4,6,2,
0,0,9.43943476676941,0,5a79c2955542994f819ef097,0.0,0,3,3,
0,0,9.417963981628418,0,5ab2e3a15542992953946893,0.25,1,3,4,
0,0,0.37618470191955566,1,5ae7f1e65542994a481bbe4a,0.0,0,3,31,
0,0,9.636253833770752,0,5ab504865542991779162d52,0.0,0,3,6,
0,0,9.783374071121216,0,5abd38285542993062266c19,0.2,1,3,5,
0,0,16.1877760887146,0,5a7506f455429916b0164240,0.16666666666666666,1,3,6,
0,0,19.08020830154419,1,5a7b215f55429931da12c9e3,0.0,0,6,2,
0,0,0.36739683151245117,1,5ab7b0575542992aa3b8c83d,1.0,3,3,3,
0,0,9.983496904373169,0,5ac0060f554299012d1db578,0.25,1,3,4,
0,0,9.778865098953247,0,5aba71b155429955dce3ee2a,0.14285714285714285,1,3,7,
0,0,9.729596376419067,0,5ac11139554299294b219083,0.75,3,3,4,
0,0,10.004141092300415,0,5a8763a25542993e715abf1f,0.25,1,3,4,
0,0,9.856162309646606,0,5a77626b5542993569682d77,0.5,2,3,4,
0,0,9.895278453826904,0,5ac35003554299741d48a24b,0.0,0,3,10,
0,0,19.98615837097168,1,5ae532f85542990ba0bbb20a,0.3333333333333333,1,6,3,
0,0,9.824414491653442,0,5ab8372255429919ba4e226b,0.14285714285714285,1,3,7,
0,0,9.653093576431274,0,5ac2509755429951e9e68543,0.3333333333333333,1,3,3,
0,0,9.66179633140564,0,5ae377c45542990afbd1e16b,0.5,1,3,2,
0,0,19.479108810424805,1,5ae5ef105542996de7b71a72,0.2222222222222222,2,6,9,
0,0,10.135535955429077,0,5a821c95554299676cceb219,0.0,0,3,3,
0,0,9.924479484558105,0,5a85e24a5542994775f6067f,0.5,3,3,6,
0,0,9.917779922485352,0,5aba768c55429901930fa7e0,0.0,0,3,4,
0,0,9.864018678665161,0,5ab926bc554299131ca42285,0.5,1,3,2,
0,0,9.88927435874939,0,5a8e2fe95542995085b373d0,0.125,1,3,8,
0,0,9.95451283454895,0,5a8ae00e5542992d82986fc7,0.0,0,3,8,
0,0,10.130951642990112,0,5a761e855542994ccc9186e0,0.2,1,3,5,
0,0,9.897775650024414,0,5add813e5542992200553b46,0.3333333333333333,1,3,3,
0,0.011627906976744186,10.105015516281128,0,5ab841d15542990e739ec89d,0.2,1,3,5,
0,0,9.90670895576477,0,5ac2ada255429967731025f9,0.0,0,3,3,
0,0,9.9212327003479,0,5ac546975542993e66e8229a,0.0,0,3,6,
0,0,19.67314577102661,1,5a9023d355429916514e742f,0.3333333333333333,1,6,3,
0,0,12.959867715835571,0,5ae22ede554299234fd0441b,0.0,0,3,12,
0,0,10.173904180526733,0,5a88d7fc5542993b751ca879,0.5,1,3,2,
0,0,10.188984155654907,0,5a7f22005542993067513657,0.0,0,3,4,
0,0,10.149136304855347,0,5a79102a554299148911f9da,0.4,2,3,5,
0,0,26.623116493225098,1,5abe50b45542991f6610613f,0.2857142857142857,2,6,7,
0,0,15.222352266311646,1,5ae505d355429908b63264e4,0.6666666666666666,2,6,3,
0,0,10.233264923095703,0,5a87e5345542993e715abffb,0.14285714285714285,1,3,7,
0,0,10.21056842803955,0,5abb207d5542992ccd8e7f1d,0.6666666666666666,2,3,3,
0,0,10.147135496139526,0,5abfcdb55542993fe9a41e7b,1.0,1,3,1,
0,0,10.19320797920227,0,5abd36165542993062266bfb,0.0,0,3,3,
0,0,10.075894594192505,0,5ab2d9f1554299545a2cfac9,1.0,2,3,2,
0,0,10.24470067024231,0,5a75da6d5542992db94736fa,0.2,1,3,5,
0,0,14.93218183517456,1,5a7a19765542996a35c170cf,0.0,0,6,6,
0,0,9.661598205566406,0,5ab58ee6554299488d4d99d6,0.0,0,3,4,
0,0,9.72348690032959,0,5ab29346554299545a2cf997,1.0,1,3,1,
0,0,9.689906358718872,0,5a8468c95542990548d0b2b1,0.0,0,3,2,
0,0,9.700482606887817,0,5ae2136d5542997283cd23b6,0.6666666666666666,2,3,3,
0,0,9.749774932861328,0,5abeb91c5542994516f45400,0.0,0,3,5,
0,0,9.772997379302979,0,5a7b542455429927d897bf92,1.0,1,3,1,
0,0,9.734912872314453,0,5a8a07af55429970aeb70222,0.2,1,3,5,
0,0,9.67772388458252,0,5a80d1ce554299260e20a178,0.3333333333333333,1,3,3,
0,0,31.767999410629272,2,5a75e61c5542992d0ec06012,0.4,2,9,5,
0,0,0.5037693977355957,1,5a8ec55f5542995a26add50c,0.25,1,3,4,
0,0,9.634519338607788,0,5ae077805542993d6555eb6e,0.0,0,3,6,
0,0,13.284973859786987,0,5ade17d255429939a52fe80e,0.0,0,3,10,
0,0,9.526167392730713,0,5add3a605542990dbb2f7ddb,0.5,1,3,2,
0,0,9.483288288116455,0,5a7c9cc45542990527d554e1,0.14285714285714285,1,3,7,
0,0,20.50006890296936,1,5aba9d7955429901930fa85f,0.3333333333333333,1,6,3,
0,0,8.9402756690979,0,5a8ce9ed554299585d9e3764,0.0,0,3,5,
0,0,8.99602460861206,0,5abfe1115542997d64295909,0.3333333333333333,1,3,3,
0,0,0.40837788581848145,1,5ae24b165542996483e64962,0.0,0,3,6,
0,0.014184397163120567,9.248554706573486,0,5a832fdd55429954d2e2ec4f,0.0,0,3,4,
0,0,9.53183889389038,0,5ac46c83554299204fd21f45,0.0,0,3,1,
0,0,8.938138961791992,0,5a81329655429926c1cdad0c,0.3333333333333333,1,3,3,
0,0,9.035109996795654,0,5a81a4335542990a1d231e38,0.0,0,3,13,
0,0,9.602693796157837,0,5ab5ac345542992aa134a37f,1.0,2,3,2,
0,0,9.49861192703247,0,5ac009bf5542997d642959a7,0.3333333333333333,1,3,3,
0,0,9.541245460510254,0,5a79c1185542994bb9457065,0.5,1,3,2,
0,0,8.98601222038269,0,5abdb5b455429965af743dfa,0.5,1,3,2,
0,0,8.990235567092896,0,5a8d8e4f5542994ba4e3dca7,0.3333333333333333,1,3,3,
0,0,9.599320650100708,0,5a80a654554299485f598679,0.25,1,3,4,
0,0,8.98606276512146,0,5a7327265542994cef4bc480,0.2,1,3,5,
0,0,8.946985483169556,0,5a7c762d55429935c91b51c7,0.0,0,3,9,
0,0,9.007544994354248,0,5a89e8035542992e4fca846d,0.5,1,3,2,
0,0,9.006799936294556,0,5abc36cc55429959677d6a50,0.0,0,3,3,
0,0,9.514323234558105,0,5ae680cc5542996d980e7ba5,0.0,0,3,10,
0,0.014388489208633096,8.975938081741333,0,5ac18baa5542991316484b33,0.0,0,3,6,
0,0,9.001802206039429,0,5ab45bcd5542991779162c80,0.25,1,3,4,
0,0,21.31187152862549,1,5a7b3a2455429927d897bf5c,0.0,0,6,11,
0,0,9.476635694503784,0,5a75eb125542994ccc918659,0.0,0,3,2,
0,0,9.511547565460205,0,5a7291c35542991f9a20c4f4,0.5,1,3,2,
0,0,9.51469349861145,0,5ae180d855429901ffe4aecc,0.14285714285714285,1,3,7,
0,0,9.4279146194458,0,5a776bc855429966f1a36d3a,0.3333333333333333,2,3,6,
0,0,9.49950361251831,0,5ae70369554299572ea54683,0.0,0,3,3,
0,0,9.041500091552734,0,5a8b4fcc55429949d91db541,1.0,1,3,1,
0,0,9.50273060798645,0,5ae18b555542997b2ef7d1f7,1.0,1,3,1,
0,0,9.530407190322876,0,5adcdc6c5542992c1e3a2437,0.2857142857142857,2,3,7,
0,0,9.494917392730713,0,5a89e92c5542993b751ca9af,0.5,1,3,2,
0,0,15.755133390426636,1,5a7e19e655429965cec5ea58,0.5,1,4,2,
0,0,9.001476526260376,0,5a7a3a2a5542996c55b2dd41,0.0,0,3,4,
0,0,8.93281888961792,0,5a7119095542994082a3e589,0.5,1,3,2,
0,0,9.030020475387573,0,5a770bb855429937353601b5,0.0,0,3,3,
0,0.014388489208633096,8.955209016799927,0,5a738bd0554299623ed4abee,0.0,0,3,13,
0,0,9.001288890838623,0,5ac12275554299012d1db6a3,0.0,0,3,1,
0,0,52.97960615158081,5,5adbe75455429944faac23af,0.25,2,18,8,
0,0,47.264041900634766,4,5a732aaa5542992359bc325a,0.0,0,15,4,
0,0,9.139270305633545,0,5a7905f555429974737f7947,0.3333333333333333,1,3,3,
0,0,0.3157162666320801,1,5a901b985542995651fb50b0,0.0,0,3,3,
0,0,9.220274448394775,0,5a85f98e5542996432c57152,0.2,1,3,5,
0,0.013986013986013986,9.02201771736145,0,5a7e02cf5542997cc2c474f4,0.0,0,3,4,
0,0,9.027812480926514,0,5a8f54215542992414482a54,0.25,1,3,4,
0,0,9.030865669250488,0,5abad3445542996cc5e49ea0,0.125,1,3,8,
0,0,9.057125091552734,0,5a8fd9ac5542990a98493570,0.0,0,3,3,
0,0,9.114472389221191,0,5ae0c9dd5542993d6555ec69,1.0,2,3,2,
0,0,30.0372052192688,2,5ab614e5554299488d4d9a9c,0.0,0,9,2,
0,0,9.763400077819824,0,5a83431d5542993344745ff5,0.0,0,3,9,
0,0,9.662169218063354,0,5abe89dd55429976d4830b5d,0.0,0,3,2,
0,0,9.675015449523926,0,5ae0575755429945ae95931f,0.25,1,3,4,
0,0,9.694822549819946,0,5ab7d12f55429928e1fe391f,0.25,1,3,4,
0,0,9.628300905227661,0,5adfd42555429942ec259b52,0.2,1,3,5,
0,0,9.67680811882019,0,5ae7b6055542993210983f00,1.0,2,3,2,
0,0,9.649791717529297,0,5ae325bd5542991a06ce9936,0.5,2,3,4,
0,0,9.814785242080688,0,5abbdf8055429931dba145bb,0.5,2,3,4,
0,0.023391812865497075,9.755268096923828,0,5ae0a48155429945ae9593df,0.0,0,3,3,
0,0,179.97359824180603,2,5abee69c5542993fe9a41d8b,0.0,0,9,3,
0,0,15.42700982093811,1,5a8dcbc0554299068b959df4,0.0,0,6,4,
0,0,10.010584115982056,0,5a7a9ed55542995eb53be87d,0.5,1,3,2,
,,,,5ab3cc395542992ade7c6e9f,,,,,Ollama request exceeded timeout limit for model stable-qwen with error: timed out
0,0,55.658623456954956,5,5a81a2e25542990a1d231e32,1.0,1,18,1,
0,0,61.78135800361633,5,5a7cc5f9554299452d57ba49,0.4,2,18,5,
0,0,10.237167596817017,0,5ab69f13554299710c8d1ef3,,,,,
0,0,10.121116638183594,0,5a90ab995542990a98493683,0.2,1,3,5,
0,0,20.85474443435669,1,5ade38d8554299728e26c680,0.0,0,6,3,
0,0,0.3913998603820801,0,5ae5cf1b554299546bf82f7a,,,,,
0,0,19.301122188568115,1,5ab56f4b554299637185c599,0.5,1,6,2,
0,0,37.99570822715759,2,5a74bc1555429929fddd84dd,0.6,3,9,5,
0,0,10.666699886322021,0,5a8f08c2554299458435d531,0.0,0,3,11,
0,0,11.213998556137085,0,5ab9d2e255429955dce3ed90,0.16666666666666666,1,3,6,
,,,,5ae3f2895542995ad6573cc9,,,,,Ollama request exceeded timeout limit for model stable-qwen with error: timed out
0,0.01818181818181818,10.96237826347351,0,5a9068075542990a9849361a,0.5,1,3,2,
0,0,10.958590269088745,0,5a7344e95542991f9a20c6ce,0.0,0,3,5,
0,0,10.936209201812744,0,5a7e0ed25542991319bc9424,0.0,0,3,4,
0,0,10.885668754577637,0,5ae17a9b5542990adbacf7a2,0.0,0,3,6,
0,0,10.935979127883911,0,5a8d651955429941ae14dfaf,0.25,2,3,8,
0,0,10.894559383392334,0,5a8f23555542997ba9cb31e3,0.0,0,3,4,
0,0,10.962579488754272,0,5a815c2e5542995ce29dcbe8,0.0,0,3,9,
0,0,10.941928625106812,0,5a8ad8ed5542992d82986fa3,0.6666666666666666,2,3,3,
0,0,10.910614490509033,0,5adf3f1d5542992d7e9f9310,0.125,1,3,8,
0,0,10.931169271469116,0,5adcd2435542992c1e3a241b,0.0,0,3,6,
,,,,5a8796345542994846c1cda3,,,,,Ollama request exceeded timeout limit for model stable-qwen with error: timed out
0,0,26.504563570022583,1,5abbb0655542992ccd8e7f72,0.3333333333333333,1,6,3,
0,0,11.164198875427246,0,5adbfb6855429944faac23e4,0.0,0,3,4,
0,0,17.803800344467163,1,5adfd56655429925eb1afaac,0.0,0,6,2,
0,0,12.790370464324951,0,5a79cd665542994bb94570bf,0.4,2,3,5,
0,0,12.608956336975098,0,5ae731ae5542991bbc9761c1,0.08333333333333333,1,3,12,
0,0,12.530929565429688,0,5a710a915542994082a3e504,0.3333333333333333,1,3,3,
0,0,12.60939335823059,0,5abb2e6855429966062416df,0.0,0,3,3,
0,0,12.5564866065979,0,5ab4341c55429942dd415ede,0.0,0,3,3,
0,0,12.500925540924072,0,5ab9668c55429970cfb8eaba,0.0,0,3,2,
0,0,12.540352821350098,0,5abb08c65542996cc5e49f61,0.0,0,3,10,
0,0,11.990066051483154,0,5ae4818f5542995ad6573d5b,0.0,0,3,9,
0,0,12.582242012023926,0,5ade283a5542997c77aded80,0.0,0,3,7,
0,0,12.564873933792114,0,5a7c25035542997c3ec972e5,0.0,0,3,3,
0,0,0.4092710018157959,1,5ae4075b55429970de88d87a,0.6666666666666666,2,3,3,
0,0,0.2619597911834717,1,5ac508205542994611c8b32e,0.18181818181818182,2,3,11,
0,0,12.691730499267578,0,5ac31129554299741d48a1a2,0.16666666666666666,1,3,6,
0,0,12.582117319107056,0,5ac2eec55542990b17b154c1,0.0,0,3,7,
0,0,12.502694129943848,0,5adf9b1e5542992d7e9f93b5,0.0,0,3,9,
,,,,5ab815865542995dae37ea2d,,,,,Ollama request exceeded timeout limit for model stable-qwen with error: timed out
0,0,17.04612421989441,0,5a72bd0b5542992359bc318f,0.25,1,3,4,
0,0,17.12226104736328,0,5adc7dbf5542994d58a2f618,0.4,2,3,5,
0,0,17.099771738052368,0,5ae0e5655542990adbacf6b8,0.0,0,3,3,
0,0,17.038246154785156,0,5ae09ec055429924de1b7116,0.5,1,3,2,
0,0.01015228426395939,16.99767804145813,0,5adcc21f5542990d50227d05,0.3333333333333333,1,3,3,
0,0,15.172391176223755,0,5a79eef75542996c55b2dca6,0.0,0,3,6,
0,0,17.00432324409485,0,5a89382655429951533612e8,0.0,0,3,6,
0,0,15.102044582366943,0,5a74ab6055429916b01641b9,0.0,0,3,12,
0,0,17.023439168930054,0,5ac540365542994611c8b470,0.5,2,3,4,
0,0,17.025388956069946,0,5a7e0bb65542997cc2c4750a,0.5,2,3,4,
0,0,15.1350679397583,0,5a74670855429929fddd840d,0.5,1,3,2,
0,0,30.250686168670654,1,5a79f27e5542990198eaf014,0.14285714285714285,1,6,7,
0,0,16.460145235061646,0,5a7789195542995d831811a2,0.4,2,3,5,
0,0,15.466650247573853,0,5a7a27b35542996a35c1710b,0.0,0,3,4,
0,0,15.53750491142273,0,5a7c6ed3554299683c1c6306,0.0,0,3,4,
0,0,15.484201669692993,0,5ae7eefd554299540e5a56b6,0.5,1,3,2,
0,0,15.493774652481079,0,5a790e69554299148911f9d7,0.3333333333333333,1,3,3,
0,0,12.087883710861206,0,5ac11037554299294b21907a,0.0,0,3,9,
0,0,16.404096603393555,0,5abd648155429933744ab7ac,0.0,0,3,5,
0,0,15.459069728851318,0,5abacac45542996cc5e49e94,0.0,0,3,5,
0,0,15.513993740081787,0,5a760dcd5542994ccc9186a1,0.6666666666666666,2,3,3,
0,0,15.544506072998047,0,5a90af865542990a9849369c,0.3333333333333333,1,3,3,
0,0,12.434326410293579,0,5adc0e0355429944faac2404,0.0,0,3,5,
0,0,15.532918691635132,0,5a7faed65542994857a767b6,0.0,0,3,5,
0,0.005698005698005697,15.567089796066284,0,5abf12f25542997719eab667,0.0,0,3,3,
0,0,15.502030611038208,0,5a90719b5542995b442420b7,0.0,0,3,4,
0,0,12.51452112197876,0,5a72953b5542994cef4bc357,0.14285714285714285,1,3,7,
0,0,15.549925804138184,0,5abc17c25542993a06baf85b,0.0,0,3,5,
0,0,16.221933126449585,0,5a7b5af7554299042af8f752,0.3333333333333333,2,3,6,
,,,,5ab8919655429934fafe6e13,,,,,Ollama request exceeded timeout limit for model stable-qwen with error: timed out
0,0.005698005698005697,15.567542314529419,0,5ae074aa5542993d6555eb54,0.3333333333333333,1,3,3,
0,0,15.645305871963501,0,5ae4932855429970de88d9b8,0.3333333333333333,1,3,3,
0,0,15.535849332809448,0,5a7760165542993569682d74,0.0,0,3,3,
0,0,15.769064903259277,0,5ab392ec55429969a97a817d,0.0,0,3,6,
0,0,15.526806592941284,0,5adf8dd25542993344016cfe,0.3333333333333333,2,3,6,
0,0,16.063517332077026,0,5a7b1a4a55429927d897bf3b,0.2,1,3,5,
0,0,15.536350965499878,0,5ae57d3a554299546bf82ee6,0.25,1,3,4,
0,0,15.581300973892212,0,5a8bd43c5542997f31a41dd6,0.25,1,3,4,
0,0.005633802816901409,15.441274642944336,0,5a7f451a55429969796c19ec,0.2,1,3,5,
0,0,17.278128623962402,0,5a73cbe4554299623ed4ac5f,0.2,1,3,5,
0,0,27.775362491607666,1,5ade007e5542997545bbbdf4,0.5,1,6,2,
0,0,23.06595492362976,1,5a78d35e55429974737f78c3,0.0,0,6,4,
0,0,17.165015935897827,0,5a7d3f895542995f4f402248,0.0,0,3,2,
0,0,17.191534519195557,0,5ab3e07e55429969a97a81e5,0.0,0,3,5,
0,0,17.71694564819336,0,5adf82945542993344016ca4,0.5,1,3,2,
,,,,5ac4ecea55429919431739fd,,,,,Ollama request exceeded timeout limit for model stable-qwen with error: timed out
0,0,17.23159122467041,0,5a81346055429926c1cdad13,0.25,1,3,4,
0,0.0049382716049382715,17.19109082221985,0,5a8b349a55429971feec466b,1.0,1,3,1,
0,0,15.078850507736206,0,5ae608715542992663a4f244,0.2,1,3,5,
0,0,17.154012203216553,0,5abeebe25542993fe9a41d9c,0.0,0,3,2,
0,0,39.984949350357056,1,5a7e7d4655429934daa2fc2e,0.25,1,6,4,
0,0,18.122631311416626,0,5ac07a17554299294b219000,0.5,1,3,2,
0,0,18.13644552230835,0,5ab9d6ef5542994dbf01985b,0.25,1,3,4,
0,0,18.054813623428345,0,5ae1091055429920d523429b,0.0,0,3,5,
0,0,44.373563051223755,1,5ae268f35542994d89d5b416,0.3333333333333333,1,6,3,
0,0,38.337043046951294,1,5a8809d755429938390d3ed6,0.3333333333333333,1,6,3,
0,0,19.67626118659973,0,5ae6179b5542992663a4f25b,0.14285714285714285,1,3,7,
0,0.1,0.4392111301422119,1,5a72e28f5542992359bc31ba,0.0,0,3,5,
0,0,19.649391174316406,0,5adf315c5542995ec70e8f8b,0.16666666666666666,1,3,6,
0,0,20.587597608566284,0,5a75eca555429976ec32bca8,0.2,1,3,5,
0,0,0.2206132411956787,1,5a7b3b4f5542992d025e67ac,0.0,0,3,11,
0,0,19.64174485206604,0,5ab1e3bb554299340b52541a,0.5,1,3,2,
0,0,19.52123999595642,0,5a716eeb5542994082a3e82e,0.5,1,3,2,
0,0,34.7614324092865,1,5adbd19855429944faac236a,0.25,1,6,4,
0,0,17.18565320968628,0,5ab5035b5542996a3a969ff8,0.25,1,3,4,
0,0,17.19370698928833,0,5a756b175542996c70cfaef7,0.0,0,3,4,
,,,,5a8a49cd55429930ff3c0d71,,,,,Ollama request exceeded timeout limit for model stable-qwen with error: timed out
0,0,17.224398136138916,0,5a79e1275542990198eaefe7,0.0,0,3,2,
0,0.005405405405405406,17.217530250549316,0,5ae33a6e5542992f92d8224d,0.0,0,3,6,
0,0,17.257368087768555,0,5ae172c155429920d52343de,0.25,1,3,4,
0,0,18.30586075782776,0,5adfef32554299603e4183ca,0.5,1,3,2,
0,0,17.1563720703125,0,5ae0a74e554299603e41842f,0.0,0,3,6,
0,0,17.182641983032227,0,5adc6eb65542994650320cf3,0.6666666666666666,2,3,3,
0,0,17.179524183273315,0,5a7ce0ce554299452d57ba92,0.0,0,3,7,
0,0,18.330947637557983,0,5a8a032f5542993b751ca9e5,0.25,1,3,4,
0,0,19.574979305267334,0,5ae6d3345542996d980e7c85,0.3333333333333333,1,3,3,
0,0,15.473553657531738,0,5ab516485542990594ba9cfc,0.5,1,3,2,
0,0.004878048780487805,18.24856948852539,0,5ab6be2f55429954757d335c,0.5,2,3,4,
0,0.006666666666666667,30.560132026672363,1,5a7c784055429907fabeef98,0.2,1,6,5,
0,0,0.22875237464904785,1,5a82a55955429966c78a6a70,0.0,0,3,3,
0,0.005390835579514825,16.341196298599243,0,5a76dc2d55429972597f13eb,0.0,0,3,4,
0,0,16.209478616714478,0,5a8e4d9855429917b4a5bd8d,0.0,0,3,2,
0,0,16.19349718093872,0,5ae0d7bf5542990adbacf67b,0.0,0,3,5,
0,0,15.603573560714722,0,5abd4fe05542993062266c4e,0.0,0,3,5,
0,0,13.335488080978394,0,5ae65e6a5542996d980e7b1d,0.0,0,3,7,
0,0,12.61470365524292,0,5a791ce955429974737f798e,0.16666666666666666,1,3,6,
0,0,16.26306986808777,0,5a7a60f15542990783324f35,0.6666666666666666,2,3,3,
0,0,9.313223123550415,0,5addf6135542990dbb2f7f23,0.0,0,3,7,
0,0,0.8974246978759766,1,5adcc90c5542990d50227d1b,0.16666666666666666,1,3,6,
0,0,16.40549945831299,0,5ab4789e5542990594ba9c29,0.0,0,3,2,
0,0.005390835579514825,16.233033895492554,0,5a839f985542996488c2e47d,0.0,0,3,4,
0,0.005194805194805194,15.797969818115234,0,5abae4995542996606241666,0.5,1,3,2,
0,0,16.143896341323853,0,5ae608c15542992663a4f246,1.0,1,3,1,
0,0,12.694061040878296,0,5ae1e8575542997f29b3c19a,1.0,1,3,1,
0,0,16.19595742225647,0,5ab42d6055429942dd415eb0,0.16666666666666666,1,3,6,
0,0.005376344086021505,16.269946098327637,0,5ab827a555429934fafe6cf5,0.5,1,3,2,
0,0,14.654390096664429,0,5ae0413555429942ec259c61,0.3333333333333333,1,3,3,
0,0,16.192485332489014,0,5abd8c295542992ac4f382ab,0.0,0,3,4,
0,0,0.20496654510498047,0,5abf42f75542993fe9a41dee,,,,,
0,0,15.807827711105347,0,5addeb685542992200553bb1,0.0,0,3,5,
0,0,16.242283821105957,0,5a85c41a5542994c784ddb7a,1.0,1,3,1,
0,0.28571428571428575,0.27491235733032227,0,5a7281075542994cef4bc2e9,,,,,
0,0,15.873304843902588,0,5abffc0d5542990832d3a1e2,0.3333333333333333,1,3,3,
0,0,16.210999965667725,0,5ac54c435542993e66e822d1,0.0,0,3,12,
0,0,16.237799882888794,0,5ab2b863554299295394685a,0.5,1,3,2,
0,0,16.234970569610596,0,5ae72c1e554299572ea54754,1.0,1,3,1,
0,0,10.924546718597412,0,5a83a30a5542992ef85e2339,0.0,0,3,6,
0,0,16.243199586868286,0,5aba637a55429939ce03dcbb,0.0,0,3,4,
0,0.005361930294906166,16.299376487731934,0,5a81f10055429903bc27ba06,0.3333333333333333,2,3,6,
0,0,16.247459411621094,0,5a8315c055429966c78a6b2d,0.3333333333333333,1,3,3,
0,0,16.228509187698364,0,5adda8d45542995b365fab59,0.0,0,3,5,
0,0,16.251730918884277,0,5a7ae38c5542992d025e6721,1.0,1,3,1,
0,0,14.774599552154541,0,5addd6045542997dc7907049,0.6,3,3,5,
0,0,16.241273880004883,0,5a8c9e7c554299653c1aa0d1,0.3333333333333333,1,3,3,
0,0,15.131981611251831,0,5adc57325542996e6852531b,0.0,0,3,3,
0,0,9.438916444778442,0,5a78eb8155429970f5fffdd2,0.3333333333333333,2,3,6,
0,0,16.308537483215332,0,5abbd34d5542993f40c73bc6,0.0,0,3,4,
0,0.0046189376443418004,17.393620014190674,0,5ac311925542995ef918c0de,0.5,1,3,2,
0,0,0.2502145767211914,1,5a7b086a5542992d025e673a,0.0,0,3,2,
0,0,16.452996492385864,0,5ae74351554299572ea5479f,0.3333333333333333,1,3,3,
0,0,16.280454874038696,0,5ab29ec6554299194fa93473,0.0,0,3,8,
0,0,16.22817850112915,0,5ac164da55429964131be1bf,0.16666666666666666,1,3,6,
0,0.0057306590257879654,13.485468864440918,0,5a855ca15542992a431d1b12,0.2,1,3,5,
0,0,16.258186101913452,0,5a7283365542991f9a20c4b2,0.0,0,3,3,
0,0,0.2517874240875244,1,5a8e83545542990e94052b28,0.125,1,3,8,
0,0,16.345741748809814,0,5ab84c6955429916710eb021,0.3333333333333333,1,3,3,
0,0.0054200542005420045,16.160886526107788,0,5a7a3dbb5542996a35c17157,0.0,0,3,4,
0,0,16.239372968673706,0,5adf9ee75542992d7e9f93c0,0.0,0,3,8,
0,0,14.345545053482056,0,5a74c3f455429979e2882a0a,0.4,2,3,5,
0,0,19.036922693252563,0,5ae7fb1155429952e35ea9eb,0.4,2,3,5,
0,0,16.189582586288452,0,5ab7d6ec5542995dae37e9b4,0.6666666666666666,2,3,3,
0,0,14.755871534347534,0,5a77415b55429966f1a36cd2,0.0,0,3,6,
0,0.01078167115902965,16.254032373428345,0,5ab3eb1955429969a97a81f6,0.5,1,3,2,
0,0,13.306602478027344,0,5a7bb7f2554299042af8f7b6,0.0,0,3,2,
0,0,0.5968835353851318,1,5ae8189655429952e35eaa11,0.5,2,3,4,
0,0,16.305062770843506,0,5a7a6ec05542990783324f49,0.25,1,3,4,
0,0,14.986231088638306,0,5ac2758b55429963665199c3,0.0,0,3,2,
0,0,16.210029363632202,0,5a7b8f5e554299294a54a9f6,0.0,0,3,4,
0,0,16.181167364120483,0,5ae5c7fd554299546bf82f5b,0.3333333333333333,1,3,3,
0,0,16.27005171775818,0,5abb6ece5542992ccd8e7f40,1.0,1,3,1,
0,0.005291005291005291,16.200857400894165,0,5a83dd2c554299334474609e,0.2,1,3,5,
0,0.005361930294906166,16.218233823776245,0,5ab721325542992aa3b8c7a2,0.16666666666666666,1,3,6,
0,0,16.227753400802612,0,5a730a6b5542992359bc3210,0.0,0,3,7,
0,0,16.20832347869873,0,5ae4c96355429913cc204506,0.0,0,3,4,
0,0,16.456403493881226,0,5a83d42d5542992ef85e2375,0.2,1,3,5,
0,0,16.23874282836914,0,5ae72b745542991e8301cb7f,0.0,0,3,5,
0,0,24.680691242218018,1,5ac434cb5542997ea680ca2f,0.0,0,6,5,
0,0,9.287344455718994,0,5abcf14f55429959677d6b5b,0.0,0,3,3,
0,0,9.316652774810791,0,5ab85b1755429916710eb041,1.0,2,3,2,
0,0,9.276762247085571,0,5a8314bd55429966c78a6b2a,0.0,0,3,6,
0,0.009523809523809525,9.267874717712402,0,5a7331de5542994cef4bc4a8,0.5,1,3,2,
0,0,9.283175230026245,0,5ae600325542992663a4f237,0.2857142857142857,2,3,7,
0,0,9.27471399307251,0,5ae1fb7a554299234fd04383,0.0,0,3,10,
0,0,9.270622968673706,0,5a8aed1555429970aeb70334,0.25,1,3,4,
0,0,0.37221646308898926,1,5ade982f554299728e26c753,0.0,0,3,2,
0,0,9.511321544647217,0,5ac2ffb755429921a00ab0cb,0.5,2,3,4,
0,0,9.22249960899353,0,5a869e845542991e7718166f,0.0,0,3,3,
0,0.010928961748633882,9.24532699584961,0,5ab5e2645542992aa134a3c5,0.0,0,3,3,
0,0.010869565217391306,9.276525259017944,0,5adf94e05542995534e8c7f7,0.0,0,3,4,
0,0,9.247283220291138,0,5ae780a55542997b22f6a79f,0.25,1,3,4,
0,0,8.708328485488892,0,5a738fb4554299623ed4abf9,0.0,0,3,3,
0,0,9.288827657699585,0,5a7ab1b055429927d897bef4,0.25,1,3,4,
0,0,13.277001857757568,0,5a74547755429979e2882900,0.0,0,3,6,
0,0,9.294068098068237,0,5adf434c5542993a75d26462,0.4,2,3,5,
0,0,9.295907258987427,0,5abfcd7a5542993fe9a41e7a,0.25,1,3,4,
0,0,9.68824028968811,0,5a7f38e255429930675136b6,0.0,0,3,3,
0,0,9.292598724365234,0,5a7f7b3b5542992097ad2f81,0.0,0,3,2,
0,0,18.232736110687256,1,5a70f0a75542994082a3e403,0.3333333333333333,1,6,3,
0,0,10.863669872283936,0,5ae056c755429945ae959319,0.3333333333333333,1,3,3,
0,0,7.259453296661377,0,5abea6a05542993f32c2a18d,0.3333333333333333,1,3,3,
0,0,10.92168140411377,0,5a762a645542992d0ec0603d,0.3333333333333333,1,3,3,
0,0,10.966868877410889,0,5a904f6355429916514e746e,0.6666666666666666,2,3,3,
0,0,9.123331546783447,0,5a88bb4a554299206df2b353,0.2,1,3,5,
0,0,10.99983835220337,0,5adc0d3355429944faac2400,0.3333333333333333,1,3,3,
0,0,9.785332679748535,0,5ab94d9a554299743d22eae3,0.0,0,3,3,
,,,,5a8b057255429971feec4611,,,,,Ollama request exceeded timeout limit for model stable-qwen with error: timed out
0,0,19.61975884437561,1,5a7630105542992d0ec0605a,0.0,0,6,3,
0,0,9.54158067703247,0,5a86f2fb554299211dda2b64,0.3333333333333333,1,3,3,
0,0,0.356001615524292,1,5a754fc35542996c70cfaedc,0.0,0,3,2,
0,0,9.710874080657959,0,5a8c9164554299653c1aa0c1,0.3333333333333333,1,3,3,
0,0,9.468846321105957,0,5a7148685542994082a3e761,0.0,0,3,5,
0,0.010810810810810811,9.166547536849976,0,5ab7bfe955429928e1fe38c2,0.0,0,3,6,
0,0,9.509687662124634,0,5a81a4135542990a1d231e37,0.0,0,3,8,
0,0.009950248756218904,9.470739841461182,0,5a87572d5542994846c1cd6b,0.0,0,3,3,
0,0,9.574536085128784,0,5abe94fd55429965af743f37,0.4,2,3,5,
0,0,9.497543573379517,0,5ac2920555429921a00aafc9,0.4,2,3,5,
0,0,9.339139461517334,0,5a8d4fbf5542994ba4e3dc68,0.0,0,3,5,
0,0,0.22268223762512207,1,5ab7867c5542992aa3b8c822,0.5,1,3,2,
0,0,9.807228326797485,0,5ab8a7f65542991b5579efca,0.5,1,3,2,
0,0,9.496257781982422,0,5ae5b255554299546bf82f2c,0.0,0,3,6,
0,0,9.491393327713013,0,5a8bc0485542995d1e6f143d,0.0,0,3,6,
0,0,52.380276679992676,5,5aba92da55429901930fa840,0.0,0,18,4,
0,0,39.02291250228882,4,5ae5be02554299546bf82f3e,0.0,0,15,11,
0,0,53.2671959400177,5,5a7349125542994cef4bc505,0.3333333333333333,1,18,3,
0,0,15.688793897628784,1,5a8777395542996e4f3087f3,0.0,0,6,2,
0,0,32.72043466567993,3,5add596f5542990dbb2f7e4d,0.5,1,12,2,
0,0,59.88782072067261,5,5abda2b755429933744ab80f,0.0,0,18,5,
0,0,59.00745940208435,5,5ae5c72a554299546bf82f57,0.8,4,18,5,
0,0,64.14443516731262,5,5ab480715542991751b4d798,0.0,0,18,4,
,,,,5ac47763554299204fd21f5b,,,,,Ollama request exceeded timeout limit for model stable-qwen with error: timed out
1,1.0,0.21600675582885742,1,5a8c4ebf554299585d9e365d,0.3333333333333333,1,3,3,
0,0,52.88481950759888,4,5a8bc1b85542997f31a41db8,0.0,0,15,4,
0,0.010050251256281409,10.281548500061035,0,5a84c4b05542991dd0999deb,0.5,1,3,2,
0,0,20.871889114379883,1,5a88a4e65542997e5c09a671,0.0,0,6,2,
0,0,63.685837507247925,5,5a8725a15542996432c57230,0.3333333333333333,1,18,3,
0,0,63.634259939193726,5,5ac3d2a6554299204fd21e8c,0.2,1,18,5,
0,0.009049773755656108,63.687811613082886,5,5a8f186055429918e830d186,0.3333333333333333,1,18,3,
0,0,63.539793968200684,5,5a8c5be0554299653c1aa04b,0.0,0,18,3,
0,0,54.753135204315186,4,5a81624d5542995ce29dcbf1,0.5,1,15,2,
0,0.017391304347826087,63.927756547927856,5,5abe8aad55429976d4830b60,0.25,1,18,4,
0,0,64.22099566459656,5,5a7de63c5542995f4f4022f5,0.5,2,18,4,
0,0,61.07508111000061,5,5ac375495542995ef918c1a3,0.6666666666666666,2,18,3,
0,0,67.68156743049622,5,5a75436155429974ef308cbc,0.125,1,18,8,
0,0,57.90719485282898,5,5adde16a5542997dc7907084,0.3333333333333333,1,15,3,
0,0,56.044782876968384,5,5abcf70b55429959677d6b7e,0.0,0,18,4,
0,0,47.09182286262512,5,5ac4b24b5542996feb3fe933,0.0,0,18,6,
0,0,54.264004945755005,5,5add1e565542990d50227dea,0.16666666666666666,1,18,6,
0,0,56.056801080703735,5,5a756dd65542996c70cfaef9,2.0,4,18,2,
0,0,55.14177894592285,5,5ab1e36d554299449642c7f9,0.25,1,18,4,
0,0,57.342902183532715,5,5ab61cf5554299637185c668,0.5,1,18,2,
0,0,57.3297221660614,5,5ac2a75755429967731025dc,0.0,0,18,5,
0,0,56.87403964996338,5,5a7c66d555429935c91b518f,0.3333333333333333,1,18,3,
0,0,56.42660307884216,5,5ae6443355429908198fa563,0.25,1,18,4,
0,0,30.178964138031006,2,5ae4f2595542990ba0bbb1a8,0.2,1,9,5,
0,0,9.494094848632812,0,5adf37785542992d7e9f92d3,0.0,0,3,3,
0,0,0.387282133102417,1,5adf86b45542993344016cc1,0.14285714285714285,1,3,7,
0,0,9.648906469345093,0,5a7f296f55429934daa2fd10,1.0,1,3,1,
0,0,9.396408557891846,0,5ab1c693554299722f9b4c66,0.14285714285714285,1,3,7,
0,0,9.528160572052002,0,5ab67f0055429953192ad2d8,0.6666666666666666,2,3,3,
0,0,9.526936769485474,0,5ae6808f5542995703ce8b6b,0.2,1,3,5,
0,0.012121212121212121,9.417605876922607,0,5adfc77b554299603e4183ab,0.0,0,3,2,
0,0.011764705882352941,9.54117727279663,0,5ac01e77554299012d1db5ac,0.0,0,3,2,
0,0,9.424217224121094,0,5a7f341655429930675136a0,0.0,0,3,8,
0,0,9.524809122085571,0,5ae27e19554299495565da8b,0.25,1,3,4,
0,0,9.738799810409546,0,5a81d59a55429903bc27b9d6,0.5,2,3,4,
0,0,9.43998646736145,0,5a7414d855429929fddd83db,0.2,1,3,5,
0,0,20.74249291419983,1,5a8066d15542992097ad2fe8,0.0,0,6,5,
0,0,9.586074590682983,0,5ab430fa5542991751b4d6dd,0.0,0,3,3,
0,0.011695906432748539,9.681548833847046,0,5ab700ca5542991d32223736,0.0,0,3,5,
0,0,9.690046787261963,0,5ab3c18b55429969a97a81b0,0.2,1,3,5,
0,0,9.628079414367676,0,5a8318dd55429940e5e1a95e,0.3333333333333333,1,3,3,
0,0,9.613849639892578,0,5ab9dd4c554299232ef4a22f,0.25,1,3,4,
0,0,9.714101552963257,0,5a79abef5542994bb9457035,0.25,1,3,4,
0,0,9.64931035041809,0,5a82678a5542995ce29dccfa,0.1111111111111111,1,3,9,
0,0,9.446695804595947,0,5ae5ff635542996de7b71ace,0.0,0,3,6,
0,0,9.718069314956665,0,5a838fcd5542992ef85e2305,0.5,1,3,2,
0,0,9.751717567443848,0,5adbf69c55429947ff173871,0.0,0,3,2,
0,0,9.666238069534302,0,5a7b89a3554299294a54a9e3,0.0,0,3,12,
0,0,9.608026027679443,0,5a87191155429960ec39b73d,0.0,0,3,4,
0,0,9.293932437896729,0,5a74760b55429974ef308c03,0.5,1,3,2,
0,0,9.656313180923462,0,5a8a502b5542996c9b8d5ea6,0.6666666666666666,2,3,3,
0,0,9.601388216018677,0,5a820f2c55429926c1cdae17,0.5,1,3,2,
0,0,17.99166512489319,1,5a9073405542995b442420bb,1.0,1,6,1,
0,0,9.485557794570923,0,5ac245015542992f1f2b3829,0.5,1,3,2,
0,0,9.474637746810913,0,5ae3a8985542992f92d82329,0.16666666666666666,1,3,6,
0,0,9.525202751159668,0,5a7363465542991f29ee2dd5,0.5,1,3,2,
0,0,9.425709009170532,0,5a7796e05542992a6e59df0f,0.0,0,3,1,
0,0,9.532968759536743,0,5abccda855429965836004a4,0.0,0,3,4,
0,0.012195121951219511,9.593137979507446,0,5a881d2355429938390d3eeb,0.3333333333333333,1,3,3,
0,0,9.698631048202515,0,5ac17b485542994ab5c67d65,0.25,1,3,4,
0,0,9.425099849700928,0,5ae71d87554299572ea546fa,0.0,0,3,5,
,,,,5a7a4ca955429941d65f25a3,,,,,Ollama request exceeded timeout limit for model stable-qwen with error: timed out
0,0,9.459801197052002,0,5a8a09565542992d82986e66,0.5,1,3,2,
0,0,9.485886812210083,0,5a77edf955429967ab1052e8,0.5,2,3,4,
0,0,9.452716588973999,0,5adc8b5a5542994d58a2f648,0.0,0,3,7,
0,0,9.52233624458313,0,5a83587f5542990548d0b1de,0.0,0,3,6,
0,0,9.543132781982422,0,5a81ea115542995ce29dcc78,0.0,0,3,8,
0,0,9.517394065856934,0,5ab61140554299110f2199d7,0.0,0,3,7,
0,0,9.525706768035889,0,5ab3460055429976abd1bc80,0.5,1,3,2,
0,0,9.521679401397705,0,5a758c925542992db947367b,0.0,0,3,2,
0,0,9.503546476364136,0,5ae713af554299572ea546bb,0.0,0,3,7,
0,0,9.548559665679932,0,5a8fb5905542997ba9cb32f6,0.0,0,3,5,
0,0,9.494290113449097,0,5a8ce15d554299653c1aa12f,0.5,1,3,2,
0,0,9.50417447090149,0,5a8e276b5542995a26add468,0.0,0,3,4,
0,0,9.472840309143066,0,5a89e2ba5542992e4fca8441,0.3333333333333333,1,3,3,
0,0.023529411764705885,9.425114154815674,0,5ae4183f5542996836b02c40,0.3333333333333333,1,3,3,
0,0,9.501839399337769,0,5a7248665542990c210a40b1,0.0,0,3,3,
0,0,9.44272255897522,0,5ac3b39e554299204fd21e09,1.0,2,3,2,
0,0,9.475039720535278,0,5a8fae205542997ba9cb32ec,0.3333333333333333,1,3,3,
0,0,9.492712259292603,0,5a77c09555429967ab105262,0.1111111111111111,1,3,9,
0,0,9.45478367805481,0,5ade630e55429975fa854eb7,0.5,1,3,2,
0,0,9.479167938232422,0,5ab506a05542990594ba9cd6,0.5,1,3,2,
0,0,9.441215753555298,0,5a8b429f5542995d1e6f132c,0.2,1,3,5,
0,0,9.474638938903809,0,5ab871725542990e739ec8f8,0.0,0,3,7,
0,0.012269938650306747,9.462491989135742,0,5a7e4af3554299495941998c,0.25,1,3,4,
0,0,9.469520092010498,0,5ab2c7ef554299545a2cfa73,0.0,0,3,5,
0,0,9.47203540802002,0,5a8ba9d255429971feec4759,0.0,0,3,10,
0,0,9.408968210220337,0,5ae136375542997b2ef7d12f,0.2,1,3,5,
0,0,9.526069164276123,0,5ab235ed5542993be8fa98c8,0.16666666666666666,1,3,6,
0,0.01212121212121212,9.548463344573975,0,5a8cddd1554299441c6b9f3a,0.5,2,3,4,
0,0,9.45775556564331,0,5abdd8d95542991f6610606a,0.0,0,3,3,
0,0,9.51182770729065,0,5ae3789b5542992e3233c412,0.0,0,3,2,
0,0,9.58853816986084,0,5ae4cf975542990ba0bbb151,0.3333333333333333,1,3,3,
0,0,9.42148208618164,0,5ab8cd3d5542991b5579f009,0.0,0,3,6,
0,0,9.544316530227661,0,5a81537355429926c1cdad20,0.0,0,3,15,
0,0,9.587260246276855,0,5a7cef6955429909bec768ad,0.3333333333333333,1,3,3,
0,0,9.529873132705688,0,5a85b2d95542997b5ce40028,0.0,0,3,9,
0,0,9.439691543579102,0,5a87ab905542996e4f3088c1,0.0,0,3,3,
0,0,9.53178596496582,0,5a7bbb64554299042af8f7cc,0.0,0,3,5,
0,0,9.418301343917847,0,5a8db19d5542994ba4e3dd00,0.0,0,3,7,
0,0,9.409045457839966,0,5a7166395542994082a3e814,0.16666666666666666,1,3,6,
0,0,9.512543678283691,0,5a877e5d5542993e715abf7d,0.0,0,3,2,
0,0,9.456623077392578,0,5ab3b0bf5542992ade7c6e39,0.4,2,3,5,
0,0.01234567901234568,9.484185934066772,0,5ab56e32554299637185c594,1.0,1,3,1,
0,0,9.45806074142456,0,5ab6d09255429954757d337d,0.5,1,3,2,
0,0,9.553380489349365,0,5a75e05c55429976ec32bc5f,0.2,1,3,5,
0,0,9.466252088546753,0,5ab3e45655429976abd1bcd4,0.5,1,3,2,
0,0,9.569715023040771,0,5ae0d4c9554299603e418468,0.3333333333333333,1,3,3,
0,0,9.419473648071289,0,5a8133725542995ce29dcbdb,0.6666666666666666,2,3,3,
0,0,9.51651120185852,0,5ae7a8175542993210983ed8,0.0,0,3,4,
0,0,9.570984125137329,0,5ae6050f55429929b0807a5e,0.0,0,3,5,
0,0.01212121212121212,9.517996788024902,0,5adddccd5542997dc7907069,0.6666666666666666,2,3,3,
0,0.011976047904191616,9.448330402374268,0,5ae2070a5542994d89d5b313,0.16666666666666666,1,3,6,
0,0.011904761904761906,9.479282140731812,0,5ae22b8d554299234fd0440f,0.0,0,3,4,
0,0,9.394335746765137,0,5a722b8655429971e9dc9329,0.0,0,3,3,
0,0,9.524691343307495,0,5adf37a95542995ec70e8f97,0.16666666666666666,2,3,12,
0,0,9.543035984039307,0,5abd259d55429924427fcf1a,0.16666666666666666,1,3,6,
0,0,9.502867460250854,0,5a828c8355429966c78a6a50,0.3333333333333333,1,3,3,
0,0,9.545489072799683,0,5a8a3e745542996c9b8d5e70,1.0,2,3,2,
0,0,9.498217582702637,0,5ac23ff0554299636651994d,0.3333333333333333,1,3,3,
0,0,9.493022680282593,0,5ae4a3265542995ad6573de5,0.3333333333333333,2,3,6,
0,0,9.452661514282227,0,5ae0361155429925eb1afc2c,0.3333333333333333,1,3,3,
0,0.01234567901234568,9.539092779159546,0,5abc0a5d5542993f40c73c64,0.2,1,3,5,
0,0.012195121951219511,9.522999048233032,0,5a7cc50e554299452d57ba3e,0.0,0,3,1,
0,0,9.483497142791748,0,5abf63f15542997ec76fd3ea,0.2,1,3,5,
0,0,9.514401197433472,0,5a8ef2a75542995a26add583,0.5,1,3,2,
,,,,5a80721b554299485f5985ef,,,,,Ollama request exceeded timeout limit for model stable-qwen with error: timed out
0,0.010695187165775402,10.140653610229492,0,5ab51dae5542991779162d82,0.3333333333333333,1,3,3,
0,0,10.176048994064331,0,5a7571135542992d0ec05f98,0.0,0,3,5,
0,0,10.081911325454712,0,5a7a0e1e5542990783324e1a,0.5,2,3,4,
0,0,10.111374855041504,0,5a74106b55429979e288289e,0.0,0,3,11,
0,0,10.101701021194458,0,5a79311755429970f5fffe67,0.0,0,3,4,
0,0,10.050370216369629,0,5ab2d3df554299194fa9352c,0.0,0,3,10,
0,0,10.145692825317383,0,5a760ab65542994ccc918697,0.2,1,3,5,
0,0,10.337234497070312,0,5a7d54165542995f4f402256,0.3333333333333333,1,3,3,
,,,,5ab859a955429934fafe6d7b,,,,,Ollama request exceeded timeout limit for model stable-qwen with error: timed out
0,0.020512820512820513,10.059037208557129,0,5add61d65542995b365fab21,0.14285714285714285,1,3,7,
0,0,10.08385419845581,0,5a8e068b5542995085b37384,0.08333333333333333,1,3,12,
0,0,5.5010459423065186,0,5abbf698554299114383a0b5,0.0,0,3,5,
0,0,19.887784481048584,1,5a8e1027554299653c1aa15f,0.0,0,6,3,
0,0,9.922776699066162,0,5ab84bf555429916710eb01f,0.0,0,3,7,
0,0,9.391936302185059,0,5a77724455429972597f153e,0.16666666666666666,1,3,6,
0,0,9.950218200683594,0,5a87c13f5542996e4f30890c,0.5,1,3,2,
0,0.01081081081081081,9.993937015533447,0,5ab96ab755429970cfb8eacd,0.16666666666666666,1,3,6,
0,0,9.3919837474823,0,5a8a43eb5542996c9b8d5e82,0.3333333333333333,1,3,3,
0,0,9.941875219345093,0,5ae73acb5542991e8301cc07,0.25,1,3,4,
0,0,9.925724983215332,0,5a7320565542991f9a20c61d,1.0,1,3,1,
0,0,9.986647605895996,0,5ae32e125542991a06ce9946,0.0,0,3,3,
0,0.0111731843575419,9.963935375213623,0,5adc53f75542996e6852530a,1.0,1,3,1,
0,0.021164021164021166,9.87609577178955,0,5a8b20335542996c9b8d5fb3,0.16666666666666666,1,3,6,
0,0,15.336561441421509,1,5a85fb085542994775f606de,1.0,2,6,2,
0,0,10.129394769668579,0,5a7be2595542997c3ec972ac,0.3333333333333333,1,3,3,
0,0,10.187665224075317,0,5a77152355429966f1a36c2e,0.25,1,3,4,
0,0.010989010989010988,9.999047994613647,0,5a8f4c8d554299458435d5a3,0.0,0,3,2,
0,0,10.219029664993286,0,5a80840f554299485f59863b,0.16666666666666666,1,3,6,
0,0,10.242034196853638,0,5a8361b65542992ef85e22a0,0.0,0,3,2,
0,0,10.17709469795227,0,5ae7ba7a5542993210983f12,0.0,0,3,9,
0,0,9.988774538040161,0,5ac2acff55429921a00ab02b,0.0,0,3,6,
0,0,9.998075246810913,0,5aba7cfe554299232ef4a2fd,1.0,1,3,1,
0,0,10.266832113265991,0,5ae5aba0554299546bf82f17,0.16666666666666666,1,3,6,
0,0,10.025942325592041,0,5ae1f4cb554299234fd0436d,0.0,0,3,5,
0,0,9.395519971847534,0,5ae7e1fc55429952e35ea9cc,0.5,1,3,2,
0,0.010362694300518133,10.220982551574707,0,5ae37c765542992f92d822d4,0.0,0,3,5,
0,0,10.21354603767395,0,5ae33c4d5542992f92d82262,0.0,0,3,1,
0,0,10.181930780410767,0,5a77cb335542997042120b3a,1.0,1,3,1,
0,0,9.933051586151123,0,5a8979f4554299669944a52e,0.0,0,3,4,
0,0,10.155352592468262,0,5a713ea95542994082a3e6e4,0.3333333333333333,2,3,6,
0,0,10.223445415496826,0,5a78bd9b554299078472774a,0.5,1,3,2,
0,0,10.176716089248657,0,5a7625e8554299109176e66a,0.0,0,3,3,
0,0,10.263253450393677,0,5ae2dd2055429928c423950d,0.16666666666666666,1,3,6,
,,,,5abdf12255429976d4830a2f,,,,,Ollama request exceeded timeout limit for model stable-qwen with error: timed out
0,0,10.015635967254639,0,5a88658955429938390d3f47,0.0,0,3,3,
0,0,10.253569602966309,0,5a86ebac55429960ec39b6d6,0.5,2,3,4,
0,0,10.068171262741089,0,5aba5d2e55429901930fa799,0.0,0,3,3,
0,0,10.239513635635376,0,5ae5736e5542990ba0bbb2b3,0.0,0,3,3,
0,0,15.718508243560791,1,5ae005b555429942ec259bec,0.0,0,6,1,
0,0,9.251662254333496,0,5a7759fc5542993569682d60,0.3333333333333333,1,3,3,
0,0,10.053387641906738,0,5a835478554299123d8c20ed,1.0,2,3,2,
0,0,10.434236764907837,0,5aba749055429901930fa7d8,0.5,1,3,2,
0,0,5.3840601444244385,0,5abfb3425542990832d3a1c0,0.0,0,3,5,
0,0,10.474765300750732,0,5ac3165c5542995ef918c10a,0.25,1,3,4,
0,0.012658227848101266,9.178044319152832,0,5ae53b545542990ba0bbb23c,0.25,1,3,4,
0,0.01015228426395939,10.513741970062256,0,5ae224da554299234fd043ee,0.25,1,3,4,
0,0.012738853503184714,9.249797821044922,0,5ae2b770554299495565db0f,0.2,1,3,5,
0,0,10.436196327209473,0,5a80b3a9554299485f5986cc,0.25,1,3,4,
0,0.012738853503184716,9.251619100570679,0,5a8e0a005542995085b373a1,0.0,0,3,7,
0,0,10.466479063034058,0,5ac1b8ee5542994d76dccedc,0.25,1,3,4,
0,0,9.222312688827515,0,5adccd795542990d50227d2c,0.0,0,3,3,
0,0.012903225806451613,9.303531885147095,0,5a84c4135542994c784dda31,0.5,1,3,2,
0,0,9.250216484069824,0,5a85eed75542996432c5713b,0.0,0,3,1,
0,0,9.203068256378174,0,5a774e9c55429972597f14f3,0.0,0,3,5,
0,0,10.444802284240723,0,5ae738f75542991bbc9761c4,0.0,0,3,4,
0,0.00966183574879227,15.91320538520813,1,5ac32b565542995ef918c154,0.16666666666666666,1,6,6,
0,0,10.64609956741333,0,5abc8d75554299700f9d7900,0.25,1,3,4,
0,0,10.594400405883789,0,5a8bb29b554299240d9c2089,0.5,1,3,2,
0,0,10.58404803276062,0,5ab659e355429954757d324e,0.0,0,3,13,
0,0,10.613467931747437,0,5a8b8b3155429949d91db5d7,0.25,1,3,4,
0,0,10.645326137542725,0,5ae7eaf65542994a481bbe1d,0.0,0,3,5,
0,0,10.54549527168274,0,5a8c4c625542995e66a475a1,0.5,1,3,2,
0,0,10.675435543060303,0,5a818387554299260e20a291,0.5,1,3,2,
0,0,10.601312637329102,0,5ab978855542996be2020512,0.3333333333333333,1,3,3,
0,0,10.723196268081665,0,5ae63dad55429929b0807afe,0.3333333333333333,1,3,3,
0,0,22.738565921783447,1,5a7a455c5542994f819ef1a7,0.5,1,6,2,
0,0,10.002575635910034,0,5a7dcc775542990b8f503ab5,0.0,0,3,3,
0,0,9.994201183319092,0,5a887bc0554299206df2b2b6,0.25,1,3,4,
0,0,9.414985179901123,0,5a83880e554299123d8c214e,0.0,0,3,4,
0,0,10.059041023254395,0,5a879adb5542996e4f30887f,0.0,0,3,5,
0,0.010752688172043012,9.957695722579956,0,5add11935542994734353827,0.3333333333333333,1,3,3,
0,0,16.179402589797974,1,5a8c5569554299240d9c2126,0.8,4,6,5,
0,0,10.023505449295044,0,5a75f0ea5542994ccc91866c,0.0,0,3,4,
0,0,9.998529434204102,0,5a89f5815542993b751ca9c5,0.2,1,3,5,
0,0,9.373732805252075,0,5a8d5fc6554299585d9e37c6,0.5,1,3,2,
0,0,9.98909592628479,0,5ac120c55542992a796dedfc,0.0,0,3,3,
0,0,10.025027513504028,0,5ab7c1a955429928e1fe38c8,0.5,1,3,2,
0,0,20.074607849121094,1,5abd01205542992ac4f3819b,0.5,1,6,2,
0,0,9.98056435585022,0,5ab69c25554299110f219a39,0.5,2,3,4,
0,0,9.992200136184692,0,5a7b12a355429927d897bf2a,0.08333333333333333,1,3,12,
0,0,10.080300569534302,0,5ae0006755429925eb1afbd3,0.2,1,3,5,
0,0,10.02769422531128,0,5ae305df5542992decbdcdc3,0.0,0,3,2,
0,0,10.112313508987427,0,5a8574945542997b5ce3fffb,0.5,1,3,2,
0,0,10.061320543289185,0,5a7332935542991f9a20c67d,0.3333333333333333,1,3,3,
0,0,10.114193439483643,0,5a80071f5542992bc0c4a684,0.2,1,3,5,
0,0,9.897485494613647,0,5ae73c065542991e8301cc18,0.0,0,3,4,
0,0,10.085924625396729,0,5a87d8215542994775f60800,0.0,0,3,3,
0,0,10.079770803451538,0,5ac2ffbd554299677310267b,0.0,0,3,4,
0,0,10.080159902572632,0,5a7c960655429935c91b5244,0.25,1,3,4,
0,0,19.938369512557983,1,5a7d61775542991319bc93b9,0.2,1,6,5,
0,0.031413612565445025,10.047935247421265,0,5ac1c6805542994ab5c67e11,0.0,0,3,2,
0,0,9.999004364013672,0,5a7a230e5542996a35c170ee,0.4,2,3,5,
0,0,9.967897176742554,0,5ae4627d5542991a06ce9a4d,0.5,1,3,2,
0,0,10.057747840881348,0,5ac2d1d755429921a00ab053,1.0,1,3,1,
0,0,9.908015727996826,0,5ab4e3065542990594ba9cb4,0.3333333333333333,2,3,6,
0,0.010309278350515464,10.097955703735352,0,5ac298f9554299657fa28fc9,0.25,1,3,4,
0,0,10.036083698272705,0,5ab6a2be554299710c8d1f08,0.25,1,3,4,
0,0,10.069413900375366,0,5a738d27554299623ed4abf3,0.16666666666666666,1,3,6,
0,0,9.92357611656189,0,5ab2a186554299295394677b,0.3333333333333333,1,3,3,
0,0,10.312960863113403,0,5a8704f8554299211dda2ba4,0.25,1,3,4,
0,0,15.66018033027649,1,5ab5ed505542997d4ad1f255,0.4,2,6,5,
0,0,10.075960397720337,0,5a77c1505542997042120b1b,0.25,1,3,4,
0,0,10.035574674606323,0,5a88d745554299206df2b378,0.3333333333333333,1,3,3,
0,0,10.104487895965576,0,5ae748d1554299572ea547b0,0.1111111111111111,1,3,9,
0,0,10.016652345657349,0,5a7a8a9c554299042af8f666,0.25,1,3,4,
0,0,10.04704475402832,0,5adffe7155429906c02daa9e,0.0,0,3,3,
0,0,10.024329662322998,0,5ab642845542995eadeeff8e,0.0,0,3,2,
0,0,10.07169222831726,0,5a906a685542990a9849362e,0.0,0,3,1,
0,0,22.670096158981323,1,5a7633ad5542992db9473741,0.0,0,6,2,
0,0,10.024003028869629,0,5a74ce9655429974ef308c6c,0.5,1,3,2,
0,0,9.651392221450806,0,5a713a5a5542994082a3e6a9,0.0,0,3,9,
0,0,9.603482961654663,0,5ab341f755429969a97a8114,0.2,1,3,5,
0,0,10.063071727752686,0,5a8325b35542990548d0b18f,0.25,1,3,4,
0,0,10.013515710830688,0,5ab9374b554299131ca422c6,0.3333333333333333,1,3,3,
0,0,9.611812829971313,0,5ae52c0f5542992663a4f12e,0.0,0,3,5,
0,0,9.645000696182251,0,5adbfbd555429947ff173893,0.0,0,3,4,
0,0,11.136713743209839,0,5ab7f0015542992aa3b8c88b,0.0,0,3,5,
0,0,9.578181028366089,0,5ac547525542993e66e822a3,0.125,1,3,8,
0,0,9.669988632202148,0,5a7cbf8c554299452d57b9f4,0.6666666666666666,2,3,3,
0,0,9.645224571228027,0,5a7ddc5a5542995f4f4022da,0.25,1,3,4,
0,0,9.586381673812866,0,5a7a1cd85542990783324e65,0.3333333333333333,1,3,3,
0,0,9.997864723205566,0,5ae0a59a55429945ae9593e2,0.5,1,3,2,
0,0,10.353715181350708,0,5a8b987f5542997f31a41d7a,0.3333333333333333,1,3,3,
0,0,10.021550416946411,0,5a8739a05542994775f607ab,0.2,1,3,5,
0,0,9.709904909133911,0,5ae67dba55429908198fa5f0,0.0,0,3,5,
0,0,9.708789110183716,0,5a7b3f4d5542992d025e67bb,0.3333333333333333,1,3,3,
0,0,10.110995769500732,0,5ae2dfd155429928c423951b,0.3333333333333333,1,3,3,
0,0,10.086481094360352,0,5ab6ba245542995eadef007f,0.6666666666666666,2,3,3,
0,0,20.512274503707886,1,5ab8854555429934fafe6e0c,0.0,0,6,4,
0,0.021505376344086023,10.189032793045044,0,5a8eea4a5542990e94052bb7,0.6,3,3,5,
0,0,10.101956605911255,0,5a74c85055429916b0164218,0.5,1,3,2,
0,0,10.082266092300415,0,5a88dcf9554299206df2b383,0.14285714285714285,1,3,7,
0,0,10.152750492095947,0,5a7625c7554299109176e668,1.0,2,3,2,
0,0,10.054561614990234,0,5ac0d83a554299294b219038,0.25,1,3,4,
0,0,10.102404356002808,0,5a790d8f554299029c4b5eec,0.0,0,3,7,
0,0,10.083919048309326,0,5ab2c5e255429916697740ba,0.0,0,3,5,
0,0,10.031579732894897,0,5abcfc365542993a06baf9d6,0.09090909090909091,1,3,11,
0,0,10.141125917434692,0,5a8ee6915542990e94052bad,1.0,2,3,2,
0,0.010752688172043012,10.096406936645508,0,5abba4855542993f40c73b68,0.14285714285714285,1,3,7,
0,0.010638297872340425,10.10416316986084,0,5ae0bae555429906c02dab08,0.3333333333333333,1,3,3,
0,0.010869565217391304,10.062282085418701,0,5ab271fe554299449642c8a6,0.0,0,3,3,
0,0,10.11048173904419,0,5a7997a2554299029c4b5f59,0.0,0,3,2,
0,0,10.160545349121094,0,5add673e5542992ae4cec54d,0.0,0,3,6,
0,0,10.128870248794556,0,5ae819ac55429952e35eaa16,0.5,1,3,2,
0,0,9.918981790542603,0,5aba65a055429939ce03dcd2,0.0,0,3,10,
0,0,10.075700998306274,0,5a87bada5542994846c1cddc,0.0,0,3,2,
0,0.010810810810810811,10.093002557754517,0,5ae74fc45542997b22f6a6b4,0.125,1,3,8,
0,0,10.000441551208496,0,5adf65555542992d7e9f9334,0.0,0,3,4,
0,0,10.081578493118286,0,5ade69e455429975fa854ec5,0.4,2,3,5,
0,0,10.068758964538574,0,5ae057fd55429945ae959328,0.0,0,3,4,
0,0,0.20815825462341309,1,5ab28019554299722f9b4d51,0.0,0,3,8,
0,0,10.200326919555664,0,5a75f79555429976ec32bcca,0.16666666666666666,1,3,6,
0,0,9.999816417694092,0,5adef80b5542993a75d263c4,0.2,1,3,5,
0,0,9.983175277709961,0,5ae0aaf455429945ae959401,0.25,1,3,4,
0,0,10.035235166549683,0,5ab47d765542991751b4d78f,1.0,1,3,1,
0,0.01092896174863388,9.982627391815186,0,5a7ed2c655429930675135e5,0.3333333333333333,2,3,6,
0,0,9.985264539718628,0,5ac3e0f7554299194317388b,0.16666666666666666,1,3,6,
0,0,10.114688873291016,0,5a7bae20554299294a54aa96,0.25,1,3,4,
0,0,9.99942135810852,0,5ab8ee035542991b5579f04b,0.125,1,3,8,
0,0,10.067079782485962,0,5a7a276d5542996c55b2dd27,0.14285714285714285,1,3,7,
0,0,10.006600141525269,0,5a717d4c5542994082a3e854,0.25,1,3,4,
0,0,9.992479801177979,0,5ac02e31554299294b218f3f,0.2,1,3,5,
0,0,10.036157369613647,0,5a79ea435542996c55b2dc9e,0.25,1,3,4,
0,0,10.09157419204712,0,5ab7e4dc5542995dae37e9df,0.0,0,3,11,
0,0,10.062679529190063,0,5a834ed95542990548d0b1ca,0.0,0,3,4,
0,0,10.076817989349365,0,5ab41d855542996a3a969f4b,1.0,2,3,2,
0,0,10.038563251495361,0,5a7b7ff75542995eb53be93d,0.2857142857142857,2,3,7,
0,0,10.02636170387268,0,5a7d19d85542995ed0d165e8,0.5,2,3,4,
0,0,10.009655952453613,0,5ae7ed17554299540e5a56a3,0.2,1,3,5,
0,0,20.79996132850647,1,5ab2659e554299340b5254b2,0.0,0,6,3,
0,0,9.951356649398804,0,5abd2eab5542992ac4f38210,0.0,0,3,1,
0,0,10.006574630737305,0,5abaf3195542996cc5e49f2c,1.0,1,3,1,
0,0,9.946388483047485,0,5a791a97554299148911f9f2,0.0,0,3,5,
0,0,9.904287338256836,0,5adf58f15542993a75d264d2,0.25,1,3,4,
0,0.010989010989010988,9.901006698608398,0,5adc65e85542996e68525350,0.25,1,3,4,
0,0,9.954790353775024,0,5a87ab9b5542996e4f3088c2,0.0,0,3,3,
0,0,9.951571941375732,0,5a738fe855429908901be2fb,0.5,1,3,2,
0,0,9.933719158172607,0,5a8c65a1554299585d9e3680,0.14285714285714285,1,3,7,
0,0,9.924230337142944,0,5ac2bbd0554299218029db09,0.3333333333333333,1,3,3,
0,0,10.02511477470398,0,5adf3e355542993a75d26440,0.0,0,3,6,
0,0,9.890573024749756,0,5ae82ae555429952e35eaa71,0.5,2,3,4,
0,0,10.103065729141235,0,5ac289ff5542996366519a02,0.0,0,3,8,
0,0,9.92155146598816,0,5a7a5b3a5542996c55b2dd71,0.0,0,3,5,
0,0,9.952389240264893,0,5ab8688b55429934fafe6daa,0.0,0,3,1,
0,0,9.920943021774292,0,5a7a3a945542996a35c17147,0.0,0,3,7,
0,0,9.922155380249023,0,5ab9b29c554299743d22ebae,0.0,0,3,2,
0,0,9.977885723114014,0,5a8b63fa55429950cd6afcd7,0.0,0,3,4,
0,0,10.0526762008667,0,5ade51b45542997c77adedf4,1.0,1,3,1,
0,0,10.905179262161255,0,5ae4c49a5542995dadf24400,0.0,0,3,4,
,,,,5a7d3470554299452d57bb56,,,,,Ollama request exceeded timeout limit for model stable-qwen with error: timed out
0,0,9.93774938583374,0,5ae4f2c75542993aec5ec0fb,0.0,0,3,5,
0,0,9.918895721435547,0,5ab1d7ac554299449642c7e6,0.3333333333333333,1,3,3,
0,0,9.947639226913452,0,5a85cead5542991dd0999ea9,0.25,2,3,8,
0,0,9.95115327835083,0,5a73a7c755429978a71e9068,0.0,0,3,3,
0,0,9.930225849151611,0,5a7f113d55429934daa2fcbe,0.0,0,3,5,
0,0,9.944978952407837,0,5ae6828f5542996d980e7bb9,0.0,0,3,2,
0,0,0.20741963386535645,1,5ab31864554299233954ff06,0.0,0,3,7,
0,0,10.08020806312561,0,5abe239355429976d4830a7d,0.0,0,3,3,
0,0,9.832629203796387,0,5ac2659b55429963665199a1,0.0,0,3,3,
0,0,9.912659168243408,0,5ae058e855429945ae959331,0.0,0,3,4,
0,0,10.104998350143433,0,5a7b8749554299294a54a9db,0.25,1,3,4,
0,0,10.023098468780518,0,5a864ff7554299211dda2af2,0.5,2,3,4,
0,0,9.93659496307373,0,5ae4d3c95542990ba0bbb165,0.5,1,3,2,
0,0,9.955159664154053,0,5ab7f97a5542991d322237ef,0.25,1,3,4,
0,0,9.957114458084106,0,5a7b46e55542995eb53be8e5,0.0,0,3,5,
0,0,10.087327003479004,0,5a879ba55542993e715abfc3,0.3333333333333333,1,3,3,
0,0.010810810810810811,9.904184341430664,0,5ae4563e5542996836b02c7f,0.0,0,3,16,
0,0,9.949193477630615,0,5ab6ff3a5542991d3222372a,0.0,0,3,5,
0,0,9.919710159301758,0,5a7a46605542994f819ef1ad,1.0,2,3,2,
0,0,9.937566041946411,0,5ade7a435542997c77adee3a,0.0,0,3,1,
0,0,10.125123739242554,0,5ac1795f5542994ab5c67d5f,0.5,1,3,2,
0,0,9.919111251831055,0,5ab1e984554299340b525428,0.0,0,3,7,
0,0,10.099908113479614,0,5a86769c5542994775f60776,0.0,0,3,3,
0,0,9.85298466682434,0,5ab7da6f55429928e1fe3928,0.3333333333333333,1,3,3,
0,0,9.95010495185852,0,5ae497f15542995ad6573db8,0.3333333333333333,1,3,3,
0,0,9.951354742050171,0,5ae6f2a7554299572ea5464a,0.0,0,3,2,
0,0,9.957982301712036,0,5adea9ea55429939a52fe934,1.0,2,3,2,
0,0,9.928759813308716,0,5a7caae75542996dd594b971,0.0,0,3,4,
0,0,9.995414972305298,0,5ac01bb8554299012d1db5a6,0.4,2,3,5,
0,0,9.888818264007568,0,5abc3a65554299700f9d782d,0.0,0,3,3,
0,0,9.894770860671997,0,5ae3ff575542995dadf242aa,0.0,0,3,4,
0,0,9.990118503570557,0,5a89fb525542993b751ca9d6,1.0,3,3,3,
0,0,10.055921077728271,0,5ab3d69255429969a97a81c9,0.6666666666666666,2,3,3,
0,0,10.034573554992676,0,5ac5199a5542994611c8b38a,0.0,0,3,6,
0,0,10.002771139144897,0,5ae048a255429924de1b708e,0.3333333333333333,1,3,3,
0,0,9.947154521942139,0,5a9068a95542990a98493621,0.0,0,3,1,
0,0,9.89609432220459,0,5adf9dc3554299025d62a2e6,0.16666666666666666,1,3,6,
0,0,9.952478885650635,0,5ae406245542995dadf242e2,0.3333333333333333,1,3,3,
0,0,9.906793355941772,0,5ab6369655429953192ad2a1,0.25,1,3,4,
0,0,10.082487106323242,0,5ae628f55542995703ce8b32,0.0,0,3,2,
0,0,9.902794122695923,0,5adccdd55542992c1e3a2408,0.3333333333333333,1,3,3,
0,0,9.953713655471802,0,5abd1529554299114383a1e3,0.5,2,3,4,
0,0,9.901967525482178,0,5a78db8055429970f5fffdb2,0.0,0,3,5,
0,0.010869565217391304,9.977503776550293,0,5ab9debb55429955dce3ed97,0.5,1,3,2,
0,0,10.827167987823486,0,5ae791ef55429952e35ea979,0.0,0,3,4,
0,0,9.948813915252686,0,5ab8f7535542991b5579f0a7,0.3333333333333333,1,3,3,
0,0,9.89960527420044,0,5ac119335542992a796dede4,0.0,0,3,3,
0,0,10.027907371520996,0,5a7d2afd5542995f4f402221,0.0,0,3,2,
0,0,9.95226001739502,0,5a8dd5f955429917b4a5bcc7,0.6666666666666666,2,3,3,
0,0.010810810810810811,10.010297298431396,0,5a83a532554299334474606f,0.0,0,3,6,
0,0,9.854735136032104,0,5a90692f5542990a98493625,0.25,1,3,4,
0,0.010810810810810811,9.90656566619873,0,5a7555215542996c70cfaee1,0.0,0,3,3,
0,0,9.930850744247437,0,5a90580655429933b8a204ef,0.3333333333333333,1,3,3,
0,0.010810810810810811,9.893399953842163,0,5a88e605554299206df2b39c,0.5,2,3,4,
0,0.010752688172043012,9.934336423873901,0,5add67915542992200553af8,0.14285714285714285,1,3,7,
0,0,33.095144271850586,2,5a8463545542990548d0b2a3,0.3333333333333333,1,9,3,
0,0,20.23087453842163,1,5a74684655429929fddd8410,0.0,0,6,6,
0,0,10.033365964889526,0,5a835c9f5542992ef85e228a,0.0,0,3,5,
0,0,9.909999370574951,0,5ae7edee554299540e5a56ad,0.0,0,3,6,
0,0,9.958679437637329,0,5a8ee4315542990e94052ba7,0.16666666666666666,1,3,6,
0,0,9.984249353408813,0,5a8cb288554299585d9e3726,0.0,0,3,8,
0,0,21.90977454185486,1,5adfbca255429942ec259b2c,0.0,0,6,14,
0,0,10.037022829055786,0,5ae24abc5542994d89d5b3c3,0.0,0,3,4,
0,0,10.08598780632019,0,5ab802085542990e739ec7ca,0.25,1,3,4,
0,0,10.039726734161377,0,5adfa3da554299025d62a317,0.5,1,3,2,
0,0,10.06773591041565,0,5a76e88555429972597f13f4,0.3333333333333333,1,3,3,
0,0.010989010989010988,9.975867748260498,0,5ac3ae475542995ef918c1e5,0.3333333333333333,1,3,3,
0,0,10.06506633758545,0,5abffc41554299012d1db551,0.0,0,3,1,
0,0,20.06553339958191,1,5ae4c39f5542995dadf243fb,0.0,0,6,3,
0,0,10.04177212715149,0,5a79c6a55542994bb9457091,0.3333333333333333,1,3,3,
0,0.010752688172043012,10.04606008529663,0,5a7be5bd5542997c3ec972ba,0.0,0,3,6,
0,0,9.99064564704895,0,5a7ec61a55429934daa2fc5f,0.5,1,3,2,
0,0,10.04781699180603,0,5a7cb9b95542990527d55515,0.0,0,3,3,
0,0.01092896174863388,9.986267566680908,0,5a867089554299211dda2b30,0.2,1,3,5,
,,,,5ae1801955429901ffe4aec4,,,,,Ollama request exceeded timeout limit for model stable-qwen with error: timed out
0,0,9.996948480606079,0,5a76387d554299109176e6ba,1.0,1,3,1,
0,0,10.15130352973938,0,5abd0d635542992ac4f381b8,0.16666666666666666,1,3,6,
0,0,9.992549896240234,0,5ae68fcb5542992ae0d1635b,1.0,1,3,1,
0,0,0.3735020160675049,1,5ab28b12554299449642c8ee,0.0,0,3,3,
0,0,10.280497550964355,0,5a7133565542994082a3e65c,0.0,0,3,4,
0,0.010989010989010988,10.071088790893555,0,5abbd3ac55429931dba1458b,0.0,0,3,1,
0,0,10.09633493423462,0,5a85ab905542994c784ddb35,0.125,1,3,8,
0,0,9.938250303268433,0,5a8d93ad554299653c1aa13d,0.4,2,3,5,
0,0,19.36990261077881,1,5a886886554299206df2b258,0.14285714285714285,1,6,7,
0,0,10.272215604782104,0,5a7c6bcc55429935c91b519c,0.0,0,3,8,
0,0,10.253232479095459,0,5a825bb455429940e5e1a874,0.4,2,3,5,
0,0,10.321882486343384,0,5a72a0be5542992359bc3143,0.3333333333333333,1,3,3,
0,0,10.32712984085083,0,5ade15f35542997545bbbe47,0.6666666666666666,2,3,3,
0,0,10.298282623291016,0,5a77cb5e55429967ab1052a7,0.25,1,3,4,
0,0,10.267696619033813,0,5a83aaeb5542996488c2e483,0.4,2,3,5,
0,0,10.342795133590698,0,5ac4392e5542997ea680ca32,0.0,0,3,2,
0,0,10.315195798873901,0,5a7f5c9f55429969796c1a0f,0.3333333333333333,1,3,3,
0,0,10.306136846542358,0,5a8b770f5542995d1e6f13a7,0.0,0,3,4,
0,0,10.344953060150146,0,5ae3dc205542992f92d823a1,0.5,1,3,2,
0,0,10.335420846939087,0,5a7cf29255429909bec768b8,0.3333333333333333,1,3,3,
0,0,10.285595417022705,0,5a79f6ca554299029c4b5f90,0.14285714285714285,1,3,7,
0,0,10.307462453842163,0,5a8e3dc05542995085b37401,0.0,0,3,3,
0,0,10.325654029846191,0,5ade24e35542992fa25da6e6,0.0,0,3,7,
0,0,10.32649827003479,0,5ab5f854554299637185c64e,0.25,1,3,4,
0,0,10.404769659042358,0,5ab5b6c1554299637185c5e5,0.75,3,3,4,
0,0.010309278350515464,10.260060787200928,0,5ae25ed15542992decbdccd2,0.0,0,3,3,
0,0,10.306950807571411,0,5ab808ea5542991d3222380e,0.0,0,3,6,
0,0,10.2866370677948,0,5ae5072e55429960a22e0246,0.0,0,3,3,
0,0,10.339990377426147,0,5ac01bca5542992a796dec8d,0.3333333333333333,1,3,3,
0,0,10.256957530975342,0,5adf34d35542993a75d26425,0.5,1,3,2,
0,0,10.328902959823608,0,5add67555542992ae4cec54e,1.0,1,3,1,
0,0,10.30963397026062,0,5a8085705542992bc0c4a74b,0.6666666666666666,2,3,3,
0,0,10.310790061950684,0,5a756fa15542996c70cfaefb,0.3333333333333333,1,3,3,
0,0,10.343758583068848,0,5a7f6eab5542992097ad2f66,0.16666666666666666,1,3,6,
0,0,22.65364718437195,1,5ae5e1345542996de7b71a50,0.16666666666666666,1,6,6,
0,0,32.061766386032104,2,5a72c6f65542994cef4bc402,1.0,3,9,3,
0,0,10.358018398284912,0,5a80ad7c5542992097ad3018,0.25,1,3,4,
0,0,32.51789379119873,2,5a77a65b5542992a6e59df57,1.0,2,9,2,
0,0,10.316829204559326,0,5a78b209554299148911f93e,0.25,1,3,4,
0,0,10.296802520751953,0,5ab85a1155429934fafe6d7c,0.3333333333333333,1,3,3,
0,0,10.28224802017212,0,5a8da81e554299068b959d7e,0.2,1,3,5,
0,0.008928571428571428,20.63271403312683,1,5ab8f57b5542991b5579f097,0.25,1,6,4,
0,0.008928571428571428,10.971304416656494,0,5ab6bf6d55429953192ad372,0.5,1,3,2,
0,0,11.001737117767334,0,5ae7385d5542992ae0d163da,0.6666666666666666,2,3,3,
0,0,10.779043912887573,0,5a7dd9445542997cc2c474ac,0.0,0,3,5,
0,0,10.977344274520874,0,5ab446d455429942dd415f07,0.0,0,3,6,
0,0.018018018018018018,15.815460681915283,1,5ac497025542997ea680ca8d,0.14285714285714285,1,6,7,
0,0.008658008658008656,10.92333984375,0,5a7b7bed5542997c3ec971bc,0.2,1,3,5,
0,0,10.632314443588257,0,5a89706055429951533612f9,0.14285714285714285,1,3,7,
0,0,10.677097797393799,0,5ac02edb554299294b218f41,0.0,0,3,5,
0,0,10.672495365142822,0,5ab67772554299110f219a12,0.0,0,3,6,
0,0,10.631494760513306,0,5a7b65ab5542997c3ec97144,0.0,0,3,11,
0,0,10.775048971176147,0,5a760faa5542994ccc9186a8,0.5,1,3,2,
0,0,10.667330265045166,0,5adbe1a7554299438c868cc3,0.5,1,3,2,
0,0.009049773755656108,10.690154790878296,0,5a80aeff5542996402f6a5eb,0.16666666666666666,1,3,6,
0,0,10.68713641166687,0,5ae74890554299572ea547af,0.0,0,3,3,
0,0,10.59411072731018,0,5ac3d9c9554299204fd21ea3,1.0,2,3,2,
0,0,10.945766925811768,0,5abc8620554299700f9d78e2,0.0,0,3,4,
0,0,10.662033319473267,0,5a7b4bc35542992d025e67e0,0.25,1,3,4,
0,0,10.677130937576294,0,5a85dfcc5542994775f60673,0.3333333333333333,2,3,6,
0,0,10.685028553009033,0,5a7b76735542997c3ec9719f,0.0,0,3,1,
0,0,10.912922620773315,0,5a8c66db554299585d9e3683,0.0,0,3,13,
0,0,10.767073631286621,0,5a7e05ba5542995f4f402392,0.125,1,3,8,
0,0.00909090909090909,10.679973363876343,0,5a88a4245542997e5c09a668,0.5,1,3,2,
0,0,10.69777798652649,0,5a8799c55542996e4f308877,0.16666666666666666,1,3,6,
0,0,10.626025676727295,0,5ac038db554299294b218f57,0.2,1,3,5,
0,0.009174311926605505,10.643973588943481,0,5a764c0b55429976ec32bd89,0.0,0,3,7,
0,0,10.911564111709595,0,5a77309d55429972597f1487,0.2,1,3,5,
0,0,10.822219610214233,0,5ab7bae95542993667793ff4,0.25,1,3,4,
0,0,10.667360305786133,0,5a7c9f325542990527d554e6,0.25,1,3,4,
0,0,10.826109647750854,0,5a8f69b55542997ba9cb324f,0.0,0,3,5,
0,0,10.762363910675049,0,5adbda2755429944faac2385,0.5,2,3,4,
0,0,10.94168472290039,0,5ab67bd355429954757d32f2,0.0,0,3,7,
0,0,10.870952129364014,0,5a90843c5542995651fb517e,0.0,0,3,3,
0,0,10.605526685714722,0,5a8324815542990548d0b184,0.3333333333333333,1,3,3,
0,0,10.758999586105347,0,5adf4a275542993a75d26498,0.0,0,3,9,
0,0,10.9052414894104,0,5ae4c5595542990ba0bbb123,0.0,0,3,5,
0,0,10.665769577026367,0,5ab5057b5542991779162d56,0.0,0,3,7,
0,0,10.661698341369629,0,5a837d9a554299123d8c213e,0.3333333333333333,1,3,3,
0,0,22.09322690963745,1,5a81ebee554299676cceb16d,0.3333333333333333,1,6,3,
0,0,10.556947469711304,0,5ab48c325542996a3a969f93,1.0,2,3,2,
0,0,10.537075519561768,0,5a8488f45542992a431d1a47,0.2,1,3,5,
0,0,10.476789712905884,0,5abe689a55429976d4830b16,0.16666666666666666,1,3,6,
0,0,10.53092336654663,0,5a7a014a5542996c55b2dccf,0.5,1,3,2,
0,0.008849557522123895,10.721118927001953,0,5a895d305542993b751ca931,0.0,0,3,5,
0,0,10.605228185653687,0,5a85c3a15542992a431d1b97,0.2,1,3,5,
0,0.00925925925925926,10.621265172958374,0,5ae32b6755429928c4239644,0.0,0,3,4,
0,0,10.589914560317993,0,5a8d02cc554299441c6b9fb6,0.25,1,3,4,
0,0,10.500422477722168,0,5a78daf855429970f5fffdae,0.5,1,3,2,
0,0,10.509972095489502,0,5adc094a55429947ff1738c0,0.3333333333333333,1,3,3,
0,0,10.619688272476196,0,5ae77c245542997b22f6a795,0.0,0,3,12,
0,0,10.532049179077148,0,5a88f9555542995153361214,0.25,2,3,8,
0,0,10.535585641860962,0,5a874ce15542996432c57256,0.0,0,3,4,
0,0.009345794392523364,10.52994418144226,0,5a7e7ed05542991319bc94c2,0.0,0,3,4,
0,0,10.54870867729187,0,5abf44025542993fe9a41def,0.6666666666666666,2,3,3,
0,0.009900990099009901,28.985239505767822,1,5ab531cc5542990594ba9d23,0.0,0,6,3,
0,0.008333333333333333,23.334866046905518,1,5a90605d5542995651fb514d,0.0,0,6,2,
0,0,11.206977367401123,0,5ac45b58554299076e296dad,0.0,0,3,14,
0,0,11.687681674957275,0,5a8eb4d65542990e94052b82,0.0,0,3,5,
0,0,11.662192106246948,0,5a8038b55542996402f6a485,1.0,1,3,1,
0,0,11.84069013595581,0,5ab83d595542990e739ec886,1.0,1,3,1,
0,0,11.204909086227417,0,5ae0d52e554299603e418469,0.25,1,3,4,
0,0,11.1569504737854,0,5a8f9b8c5542997ba9cb32e6,0.16666666666666666,1,3,6,
0,0,11.19261622428894,0,5ae75a4c5542997b22f6a6f1,0.3333333333333333,1,3,3,
0,0,11.161947250366211,0,5ab45a0b5542991779162c7e,0.0,0,3,6,
0,0,11.218436002731323,0,5a8b452655429971feec468e,0.0,0,3,6,
0,0,11.181734800338745,0,5a8d7b1755429941ae14dfc6,0.3333333333333333,1,3,3,
0,0.008583690987124462,11.190908432006836,0,5ab6f0c25542995eadef00ea,0.1111111111111111,1,3,9,
0,0,11.224575281143188,0,5ab72a025542992aa3b8c7b8,0.25,1,3,4,
0,0,11.134666442871094,0,5ade42b55542992fa25da717,0.0,0,3,3,
0,0,11.667413234710693,0,5ae4c2b95542995dadf243ef,0.16666666666666666,1,3,6,
0,0,11.677542686462402,0,5abf10b75542997719eab659,0.0,0,3,3,
0,0,11.901524066925049,0,5add564a5542990dbb2f7e38,0.3333333333333333,1,3,3,
0,0.00851063829787234,11.255066156387329,0,5a738225554299623ed4abc3,0.3333333333333333,1,3,3,
0,0,11.179765701293945,0,5a729e7b5542992359bc313d,0.0,0,3,5,
0,0,33.833152294158936,2,5a811152554299260e20a22e,0.2,1,9,5,
0,0,10.953261137008667,0,5adddd075542992200553b71,0.5,2,3,4,
0,0,11.984029531478882,0,5ade9545554299728e26c740,0.3333333333333333,1,3,3,
0,0.007692307692307693,12.084370851516724,0,5ab25004554299722f9b4cd7,0.0,0,3,9,
0,0,12.13456654548645,0,5ac1f4495542991316484bd2,0.3333333333333333,1,3,3,
0,0,13.928177118301392,0,5ac0cf0f554299294b219018,0.25,1,3,4,
0,0,10.971253156661987,0,5ab3306a55429969a97a80fd,0.5,1,3,2,
0,0,11.038645029067993,0,5ade0fb95542997545bbbe39,0.1,1,3,10,
0,0.00892857142857143,10.991230964660645,0,5ab78edc5542995dae37e95c,0.0,0,3,6,
0,0,11.039056301116943,0,5ac056385542997d64295a08,1.0,1,3,1,
0,0,10.995835065841675,0,5aba9e2455429939ce03dd3a,0.0,0,3,5,
0,0,11.041348934173584,0,5a90b43455429916514e7523,0.14285714285714285,1,3,7,
0,0,11.065176963806152,0,5abb30755542996cc5e49fd8,0.3333333333333333,1,3,3,
0,0,11.981756687164307,0,5ae4ec1e5542990ba0bbb19b,0.4,2,3,5,
0,0,10.943658828735352,0,5add405f5542992c1e3a2581,1.0,1,3,1,
0,0,12.066251039505005,0,5a71717d5542994082a3e834,0.125,1,3,8,
0,0.008968609865470852,23.74606204032898,1,5adf8fe55542993344016d0f,0.0,0,6,3,
0,0,12.075732707977295,0,5a78f59755429970f5fffdf7,0.2,1,3,5,
0,0,16.803653955459595,1,5a8099935542996402f6a58b,0.6666666666666666,2,6,3,
0,0,12.10174012184143,0,5ab6aaff55429953192ad35b,0.0,0,3,3,
0,0,11.508617162704468,0,5abcc96c5542996583600492,0.5,1,3,2,
0,0,11.544481039047241,0,5a8b78775542997f31a41d3d,0.25,2,3,8,
0,0,11.517664432525635,0,5a7252db5542990c210a4104,0.0,0,3,4,
0,0,11.421779155731201,0,5ae2ee5e5542991a06ce990a,0.6666666666666666,2,3,3,
0,0,11.565989017486572,0,5abc5951554299114383a116,0.5,1,3,2,
0,0.007751937984496124,12.006673574447632,0,5ac1a3665542994ab5c67daf,0.0,0,3,9,
0,0.008333333333333333,11.550307989120483,0,5adc0c2b55429947ff1738db,0.0,0,3,5,
0,0,11.60338306427002,0,5a7634f155429976ec32bd6b,0.3333333333333333,1,3,3,
0,0,0.2652719020843506,1,5a7574e25542996c70cfaf01,0.125,1,3,8,
0,0.008196721311475409,11.644484996795654,0,5adc8977554299438c868de2,0.3333333333333333,1,3,3,
0,0,11.47545313835144,0,5a7dc2495542997cc2c4749a,0.4,2,3,5,
0,0,12.100072383880615,0,5a8f05b1554299458435d517,0.1111111111111111,1,3,9,
0,0,11.464190244674683,0,5ab7bbbf55429928e1fe38bf,0.5,2,3,4,
0,0,17.199804067611694,1,5a8af28555429951533613b5,0.0,0,6,5,
0,0.23529411764705882,0.42777299880981445,0,5ae1f596554299234fd04372,,,,,
0,0,12.435627460479736,0,5a8b3af455429971feec467b,0.3333333333333333,1,3,3,
0,0,23.293152332305908,1,5add311b5542994ed6169cc5,0.3333333333333333,1,6,3,
0,0,10.886040210723877,0,5ae60426554299546bf83019,0.2,1,3,5,
0,0,10.679412364959717,0,5a8cfee555429941ae14df5c,,,,,
0,0,23.068044185638428,1,5a71166d5542994082a3e576,0.0,0,6,5,
0,0,10.938594341278076,0,5ae789615542997ec2727695,0.0,0,3,4,
0,0,10.968541622161865,0,5a7757215542993569682d58,0.5,1,3,2,
0,0,10.9944589138031,0,5a81ff62554299676cceb1c4,0.2,1,3,5,
0,0,10.923185586929321,0,5ae4890a5542995ad6573d60,0.16666666666666666,1,3,6,
0,0,10.896367311477661,0,5a79c1335542994bb9457066,1.0,2,3,2,
0,0.00900900900900901,10.887893915176392,0,5ac52fc35542994611c8b403,0.0,0,3,8,
0,0,10.963637828826904,0,5adda7585542997dc790700c,0.25,1,3,4,
0,0,10.87679147720337,0,5adf043b5542993a75d263d4,0.0,0,3,4,
0,0,10.919917583465576,0,5abd6bf055429933744ab7c8,0.0,0,3,5,
0,0,10.883123636245728,0,5ae0038655429925eb1afbe0,1.0,1,3,1,
0,0,10.968252897262573,0,5a73977d554299623ed4ac08,0.25,1,3,4,
0,0,10.70492148399353,0,5ac2a399554299218029dada,0.0,0,3,3,
0,0,10.96681022644043,0,5ae0f6f5554299422ee99583,0.6666666666666666,2,3,3,
0,0,10.905958652496338,0,5adc1ae5554299438c868d5c,0.0,0,3,5,
,,,,5ae6860e5542991bbc976112,,,,,Ollama request exceeded timeout limit for model stable-qwen with error: timed out
0,0.0091324200913242,11.012323141098022,0,5ae1316555429901ffe4adda,0.125,2,3,16,
0,0.00900900900900901,10.977437257766724,0,5adfeb0555429942ec259b88,0.3333333333333333,1,3,3,
0,0,10.92736005783081,0,5ab5499e5542992aa134a295,0.0,0,3,2,
0,0.15384615384615385,0.46593689918518066,1,5adeffa85542992d7e9f926f,0.0,0,3,3,
0,0,11.150711059570312,0,5adfd2f255429925eb1afaa5,0.16666666666666666,1,3,6,
0,0,10.921468734741211,0,5ae5b301554299546bf82f2d,0.5,1,3,2,
0,0,10.994439125061035,0,5ab1eac95542993be8fa987f,0.0,0,3,4,
0,0,10.897168159484863,0,5ae15e125542990adbacf773,0.2,1,3,5,
0,0,10.976318597793579,0,5a77beae5542992a6e59dfae,0.3333333333333333,1,3,3,
0,0,35.102110624313354,2,5ae1f5a15542997f29b3c1b5,0.0,0,9,3,
0,0,11.941479444503784,0,5ade908b55429975fa854f13,0.0,0,3,7,
0,0,11.495343923568726,0,5ab47cd75542991751b4d78d,0.3333333333333333,1,3,3,
0,0,11.515068292617798,0,5a79b7f6554299029c4b5f6f,0.0,0,3,4,
0,0.008403361344537815,11.518018007278442,0,5ab626d555429953192ad279,0.25,1,3,4,
0,0,11.052424192428589,0,5a84873e5542997175ce1eec,0.5,2,3,4,
0,0,11.596149444580078,0,5ac537975542996feb3fea3c,0.25,1,3,4,
0,0,11.497327327728271,0,5a8f45ca5542997ba9cb320e,0.0,0,3,6,
0,0,11.550827741622925,0,5a8ac4085542992d82986f74,0.5,1,3,2,
0,0,11.522749900817871,0,5a7b374c5542995eb53be8cc,0.0,0,3,3,
0,0,0.6614222526550293,1,5ab92e02554299753720f775,0.0,0,3,4,
0,0,11.612569570541382,0,5ab58f9a554299488d4d99da,0.5,1,3,2,
0,0,11.441821813583374,0,5adf860e5542993344016cbc,0.0,0,3,6,
0,0,17.17402172088623,1,5a7ad9865542995eb53be8aa,0.6666666666666666,2,6,3,
0,0.0071174377224199285,12.647976636886597,0,5a71443f5542994082a3e727,0.3333333333333333,1,3,3,
0,0,11.924825191497803,0,5a7cbf93554299452d57b9f5,0.0,0,3,3,
0,0,11.872593641281128,0,5adf98215542993344016d19,0.0,0,3,4,
0,0,11.913095712661743,0,5ae1fa2b5542997f29b3c1df,0.0,0,3,12,
0,0.022988505747126436,11.873435258865356,0,5ae650fb55429929b0807b2e,0.0,0,3,3,
0,0,11.934256315231323,0,5a85597c5542997175ce1fba,0.0,0,3,4,
0,0,11.95254135131836,0,5ac19d4c55429963665198bb,0.5,1,3,2,
0,0.0078125,11.920931816101074,0,5ab611cc5542992aa134a411,0.3333333333333333,1,3,3,
0,0,11.905585050582886,0,5ab7c87d55429928e1fe38de,0.125,1,3,8,
0,0,11.928279161453247,0,5ab4bea15542990594ba9cae,0.25,1,3,4,
0,0,11.992998123168945,0,5ade9c9c5542997c77adee8c,0.2,1,3,5,
0,0,11.943148374557495,0,5ae0d7315542990adbacf678,0.16666666666666666,1,3,6,
0,0,11.98862075805664,0,5ae1ba55554299234fd042d9,0.25,1,3,4,
0,0,11.817290544509888,0,5a839c8b5542996488c2e479,0.5,2,3,4,
0,0,12.571654081344604,0,5abdd08d5542991f6610604c,0.0,0,3,3,
0,0,11.955586433410645,0,5ade190f55429975fa854e40,0.0,0,3,4,
0,0,11.916368007659912,0,5a8cd381554299653c1aa12b,0.3333333333333333,1,3,3,
0,0,11.821459770202637,0,5abd12bb55429933744ab703,1.0,1,3,1,
0,0.0078125,11.916828155517578,0,5abb1e1b5542992ccd8e7f19,0.3333333333333333,1,3,3,
0,0,11.935219526290894,0,5adeb95d5542992fa25da827,0.0,0,3,2,
0,0,12.61467432975769,0,5a8ba59a554299240d9c2058,0.25,1,3,4,
0,0,12.583712577819824,0,5a7c53a855429935c91b515d,0.2,1,3,5,
0,0,11.958388328552246,0,5ae54eea5542993aec5ec19d,0.25,1,3,4,
0,0,26.85936713218689,1,5a8026a05542992e7d278df8,0.3333333333333333,1,6,3,
0,0,10.890011072158813,0,5a7a27ce5542996c55b2dd28,0.0,0,3,2,
0,0.00900900900900901,10.863683462142944,0,5ab9812d554299753720f821,0.3333333333333333,1,3,3,
0,0,11.058045625686646,0,5ac3b5d3554299741d48a2f3,0.0,0,3,7,
0,0,10.86807656288147,0,5ab811e95542995dae37ea22,0.16666666666666666,1,3,6,
0,0,10.86187481880188,0,5a80541d5542996402f6a4d2,0.25,1,3,4,
0,0,10.84381914138794,0,5ac2546a554299636651997b,0.4,2,3,5,
0,0,10.77268648147583,0,5ab8f3235542991b5579f084,0.25,1,3,4,
0,0,10.917320251464844,0,5ac31066554299741d48a19d,0.0,0,3,4,
0,0,10.82441258430481,0,5ac279345542990b17b153b0,1.0,1,3,1,
0,0,11.211077213287354,0,5adfc50355429942ec259b43,0.2,1,3,5,
0,0,11.353548526763916,0,5ae5e1985542996de7b71a54,0.4,2,3,5,
0,0,12.755547046661377,0,5a87411d5542994846c1cd37,0.0,0,3,4,
0,0,10.850650310516357,0,5ab4107a554299753aec5a2f,0.0,0,3,4,
0,0.00888888888888889,10.870019674301147,0,5ae3d8415542992f92d8239a,0.0,0,3,3,
0,0,11.262680530548096,0,5a88a19a5542997e5c09a64b,0.0,0,3,2,
0,0.008695652173913045,10.83846378326416,0,5a7e1ad155429965cec5ea66,0.25,1,3,4,
0,0,1.1789336204528809,1,5a745e1455429929fddd83fd,0.3333333333333333,1,3,3,
0,0,11.017852306365967,0,5a8ca7d4554299240d9c21b8,1.0,1,3,1,
0,0,10.855278968811035,0,5a7ec90055429934daa2fc66,0.0,0,3,2,
0,0,12.667831182479858,0,5a82112955429926c1cdae25,0.0,0,3,2,
0,0,43.86605453491211,3,5a85a3005542991dd0999e72,0.6666666666666666,2,9,3,
0,0,11.35560917854309,0,5ab4475c5542996a3a969f6c,0.08333333333333333,1,3,12,
0,0.008474576271186442,11.294846773147583,0,5ac1a04e5542991316484b63,1.0,2,3,2,
0,0,5.39467191696167,0,5ae09ce855429924de1b7113,0.0,0,3,7,
0,0.30769230769230765,0.3020460605621338,1,5a78bc6b554299148911f979,0.0,0,3,5,
0,0,5.65155029296875,0,5ab2a8b655429929539467ab,0.2,1,3,5,
0,0.008474576271186442,11.340094089508057,0,5a8a7d2b55429930ff3c0dfc,0.0,0,3,4,
0,0,11.261406183242798,0,5ae3f2395542995ad6573cc6,0.25,1,3,4,
0,0,5.372027635574341,0,5a90bd7b55429916514e7547,0.3333333333333333,1,3,3,
0,0,23.745691776275635,1,5ae20e265542994d89d5b325,0.0,0,6,1,
0,0,10.891278266906738,0,5abc039a5542993f40c73c49,0.25,1,3,4,
0,0.020477815699658702,12.681870222091675,0,5a77c74155429967ab105291,0.3333333333333333,1,3,3,
0,0,12.698610305786133,0,5ae48e7e55429913cc20449d,0.6666666666666666,2,3,3,
0,0,12.698012113571167,0,5abaf4535542996cc5e49f35,0.25,1,3,4,
0,0,10.957726955413818,0,5a901e5c55429933b8a2047c,0.0,0,3,3,
0,0.008583690987124463,11.13419485092163,0,5ab528a3554299637185c4e5,0.5,2,3,4,
0,0,12.670809984207153,0,5a88fc4255429938390d4019,0.0,0,3,3,
0,0,12.63918924331665,0,5ae0345855429924de1b705f,0.0,0,3,5,
0,0,12.740075588226318,0,5ac1b5de5542994d76dccec6,0.6666666666666666,2,3,3,
0,0,22.803119659423828,1,5a82fe5055429966c78a6ad3,0.5,1,6,2,
0,0,21.11110019683838,1,5a798f8c5542994bb9457023,0.0,0,6,4,
0,0.007905138339920948,11.755121231079102,0,5add63845542992ae4cec541,0.6666666666666666,2,3,3,
0,0,11.764497756958008,0,5ababbe9554299232ef4a38a,0.3333333333333333,1,3,3,
0,0,12.01588487625122,0,5ae3205c55429928c423961e,0.25,1,3,4,
0,0,11.77512788772583,0,5abcf2b4554299700f9d7937,0.2,1,3,5,
0,0,11.777024030685425,0,5a8b4a5f55429949d91db531,0.5,2,3,4,
0,0,11.766452550888062,0,5a79be0e5542994f819ef084,0.16666666666666666,1,3,6,
0,0,11.755383491516113,0,5ae69e3f5542996d980e7c61,0.5,1,3,2,
0,0,11.782216310501099,0,5a8a495055429930ff3c0d6a,0.25,1,3,4,
0,0,11.75308108329773,0,5a8c5c6f554299653c1aa04d,0.3333333333333333,1,3,3,
0,0,11.763094425201416,0,5a80ecea55429938b6142254,0.0,0,3,3,
0,0,22.87382936477661,1,5a8242c155429940e5e1a81d,0.5,1,6,2,
0,0,11.814585208892822,0,5a7cef5d55429909bec768ac,0.16666666666666666,1,3,6,
0,0.008032128514056226,11.777331352233887,0,5a7319e755429901807daf86,0.2,1,3,5,
0,0.008888888888888889,22.03447914123535,1,5ae1d0e8554299234fd0430a,0.125,1,6,8,
0,0,11.000425100326538,0,5ade99295542992fa25da7d8,0.16666666666666666,1,3,6,
0,0,11.010916709899902,0,5a734bb65542994cef4bc50f,0.6666666666666666,2,3,3,
0,0,0.2399599552154541,1,5abe7eb05542993f32c2a12c,0.2,1,3,5,
0,0,11.169739246368408,0,5a84f7255542991dd0999e33,0.5,1,3,2,
0,0,10.989920854568481,0,5a70f1685542994082a3e40f,1.0,1,3,1,
0,0,10.917884588241577,0,5ae0de1455429924de1b71b4,1.0,1,3,1,
0,0,10.958731889724731,0,5ae4a2b25542995ad6573de0,0.5,1,3,2,
0,0,10.988596439361572,0,5abd9c2355429924427fd06c,0.5,1,3,2,
0,0,11.011398077011108,0,5a74701655429979e2882952,0.5,1,3,2,
0,0,10.99550461769104,0,5ab7f7465542993667794071,0.25,1,3,4,
0,0,10.963893413543701,0,5a7a6ee75542996c55b2ddac,0.25,1,3,4,
0,0,10.9927818775177,0,5a85fa815542996432c57155,0.0,0,3,5,
0,0,11.00066089630127,0,5ae27f555542992decbdcd30,0.0,0,3,5,
0,0,10.99697470664978,0,5ade3d75554299728e26c68b,0.3333333333333333,1,3,3,
0,0,11.065594911575317,0,5ae236da5542994d89d5b397,0.5,1,3,2,
0,0,10.996851921081543,0,5adfad2b554299603e41835c,0.5,1,3,2,
0,0,10.966300010681152,0,5abbc58455429931dba14502,0.3333333333333333,1,3,3,
0,0,10.994218826293945,0,5a861fa75542994775f60706,0.2,1,3,5,
0,0,12.17641305923462,0,5a888fe6554299206df2b2f7,0.3333333333333333,2,3,6,
0,0,10.998686075210571,0,5ab865235542992aa3b8c8db,1.0,1,3,1,
0,0.008968609865470852,10.998581171035767,0,5ae064985542993d6555eb47,0.3333333333333333,1,3,3,
0,0,10.986748456954956,0,5ae531a95542990ba0bbb1fc,0.16666666666666666,1,3,6,
0,0,10.96567988395691,0,5ae533535542993aec5ec173,0.0,0,3,7,
0,0,10.990344762802124,0,5adebea1554299728e26c7b6,0.14285714285714285,1,3,7,
0,0,10.960796356201172,0,5adfdc7d55429942ec259b64,1.0,1,3,1,
0,0,10.9674551486969,0,5adbe9fa55429944faac23ba,0.5,1,3,2,
0,0,28.498117446899414,1,5ae31bbd55429928c42395fc,0.5,2,6,4,
0,0,10.958411931991577,0,5ae2120e5542997283cd23ad,0.4,2,3,5,
0,0,10.947649002075195,0,5a9052765542995651fb513d,0.16666666666666666,1,3,6,
0,0,10.969511032104492,0,5ae6795855429908198fa5e4,0.5,1,3,2,
0,0,11.011979818344116,0,5a84e61b5542997b5ce3ff86,0.0,0,3,6,
0,0.008849557522123894,11.078930377960205,0,5ab266b5554299340b5254b4,0.0,0,3,14,
0,0,10.96424651145935,0,5ab5ec0a5542997d4ad1f250,0.0,0,3,4,
0,0,23.204331636428833,1,5a72a9ab5542992359bc315a,0.5,1,6,2,
0,0,10.831670761108398,0,5a848b5c5542997175ce1ef2,0.0,0,3,2,
0,0,10.73540449142456,0,5ab467975542991751b4d75f,0.25,1,3,4,
0,0,10.710134267807007,0,5a75ebfc5542992d0ec06018,0.16666666666666666,1,3,6,
0,0,10.852803707122803,0,5a7cdd6b55429909bec76858,0.14285714285714285,1,3,7,
0,0,10.758696794509888,0,5a8209845542990a1d231f1f,0.2,1,3,5,
0,0,10.760742425918579,0,5a726b0f5542997f827839be,0.0,0,3,2,
0,0,0.41721081733703613,1,5ac2616b5542996366519997,0.0,0,3,3,
0,0,10.909118413925171,0,5ae4f3c455429960a22e0221,0.125,1,3,8,
0,0,10.68913984298706,0,5a8b4ec155429949d91db53f,0.0,0,3,2,
0,0,10.77816367149353,0,5ac52f455542996feb3fea12,0.2,1,3,5,
0,0,26.918509006500244,1,5ab438395542990594ba9bb9,0.0,0,6,7,
0,0,11.366739749908447,0,5a81a7f75542995ce29dcc25,0.0,0,3,10,
0,0.0909090909090909,0.5173654556274414,1,5add98985542990dbb2f7e82,0.2857142857142857,2,3,7,
0,0,11.419728517532349,0,5ae1465855429920d5234373,0.0,0,3,4,
0,0.01020408163265306,10.054424285888672,0,5a721d5a55429971e9dc9283,0.5,1,3,2,
0,0,11.256363868713379,0,5ae7ea695542994a481bbe17,0.0,0,3,5,
0,0,11.233498573303223,0,5ae7eb3c5542994a481bbe20,0.0,0,3,53,
0,0,11.316246509552002,0,5adf69055542995534e8c7a4,0.0,0,3,5,
0,0,11.311500787734985,0,5a806cdf5542996402f6a508,0.0,0,3,8,
0,0,14.26183557510376,0,5a78d01d55429974737f78b3,0.0,0,3,7,
0,0,11.188054323196411,0,5adf62d05542992d7e9f932d,0.0,0,3,2,
0,0,11.293527126312256,0,5a8b3fe85542995d1e6f1323,0.25,1,3,4,
0,0,11.244565725326538,0,5a7dedef5542995f4f40231a,0.0,0,3,2,
0,0,11.225587844848633,0,5a88c68d55429938390d3fba,0.75,3,3,4,
0,0,11.300043106079102,0,5abc0bea554299658360040d,0.3333333333333333,1,3,3,
0,0,11.257856845855713,0,5abb2f245542996cc5e49fd2,0.3333333333333333,1,3,3,
0,0,11.236172914505005,0,5a72f74a55429901807daf59,0.0,0,3,4,
0,0,11.317020893096924,0,5ae0a54e5542993d6555ebdd,0.0,0,3,6,
0,0,11.325997352600098,0,5a866e7e554299211dda2b29,0.0,0,3,5,
0,0,11.311168670654297,0,5abaf6865542996cc5e49f3c,0.0,0,3,4,
0,0,11.23719573020935,0,5ae534bb5542990ba0bbb21d,0.2,1,3,5,
0,0,11.187330961227417,0,5ae327e05542992f92d82220,0.25,1,3,4,
0,0,11.309333086013794,0,5abebbe65542997719eab59d,0.0,0,3,3,
0,0.14285714285714285,0.41129255294799805,1,5ab5e9865542992aa134a3db,0.0,0,3,3,
0,0,11.353238821029663,0,5a7a112a5542990783324e2b,0.25,1,3,4,
0,0,11.581313610076904,0,5adf430e5542993a75d2645e,0.16666666666666666,1,3,6,
0,0,11.171400547027588,0,5a779be75542995d83181215,0.0,0,3,5,
0,0,11.240249156951904,0,5a809b575542996402f6a59c,0.0,0,3,1,
0,0,14.23958420753479,0,5abed9435542994516f45457,0.5,1,3,2,
0,0.008547008547008546,11.276523113250732,0,5adf4ba65542992d7e9f931c,0.2,1,3,5,
0,0,11.33025050163269,0,5ae491155542995ad6573da3,0.3333333333333333,1,3,3,
0,0,11.205232620239258,0,5ac440385542997ea680ca4e,1.0,1,3,1,
0,0,22.60910153388977,1,5a84d80c5542992a431d1ab5,0.0,0,6,4,
0,0,10.909698009490967,0,5ae7945d5542997b22f6a7ba,0.16666666666666666,1,3,6,
0,0,10.851972103118896,0,5ab98608554299131ca42362,0.0,0,3,3,
0,0,10.868809700012207,0,5ab3eeb5554299233954fff4,0.25,1,3,4,
0,0,10.903776168823242,0,5a7ce50f55429909bec76869,0.0,0,3,2,
0,0,10.882788181304932,0,5a8fa4d95542995b4424207b,0.5,1,3,2,
0,0,21.788570642471313,1,5a72ba165542992359bc318a,0.3333333333333333,1,6,3,
0,0,10.925191879272461,0,5a85ae455542997175ce1ff0,0.3333333333333333,1,3,3,
0,0,10.885497093200684,0,5a8bbfb15542995e66a474f6,1.0,1,3,1,
0,0,11.031140327453613,0,5ac240ef55429951e9e684ef,0.3333333333333333,1,3,3,
0,0,10.965876817703247,0,5ab72b5c5542993667793f63,0.3333333333333333,1,3,3,
0,0,5.6748857498168945,0,5ab3af70554299233954ff81,0.0,0,3,3,
0,0,10.874907732009888,0,5ae320a95542991a06ce992e,0.2,1,3,5,
0,0.02586206896551724,10.884626388549805,0,5ae28b76554299495565daa8,0.25,1,3,4,
0,0,10.991840362548828,0,5ab6a8b5554299710c8d1f30,0.0,0,3,6,
0,0,10.915652751922607,0,5a8b8f5b55429949d91db5e1,0.0,0,3,5,
0,0,5.63531231880188,0,5ae829ea5542997ec2727738,0.0,0,3,3,
0,0,5.689597845077515,0,5aba14195542994dbf0198a9,0.0,0,3,53,
0,0,19.191131830215454,1,5ae370295542992e3233c402,0.25,1,6,4,
0,0,19.740722179412842,1,5abdba405542993f32c2a023,0.5,1,6,2,
0,0,5.690634489059448,0,5a855b5c5542997b5ce3ffeb,0.0,0,3,4,
0,0,5.802429437637329,0,5adf734b5542995ec70e9016,0.14285714285714285,1,3,7,
0,0,5.685229063034058,0,5a81ca835542990a1d231ebd,0.0,0,3,6,
0,0,19.93905520439148,1,5abba581554299642a094af9,0.0,0,6,6,
0,0,5.867666482925415,0,5a887f5c554299206df2b2c0,0.5,2,3,4,
0,0,0.2582857608795166,1,5a80956e5542996402f6a579,0.0,0,3,6,
0,0,5.9052958488464355,0,5ac2efd65542990b17b154c7,0.16666666666666666,1,3,6,
0,0,5.714499235153198,0,5a7af32e55429931da12c99c,0.25,1,3,4,
0,0,5.727090358734131,0,5a7c9d2e55429935c91b5261,0.0,0,3,4,
0,0,5.83392858505249,0,5a8752955542994775f607d1,0.16666666666666666,2,3,12,
0,0,6.0982346534729,0,5ae3e2455542994393b9e78c,0.5,1,3,2,
0,0,5.799900531768799,0,5abd552555429933744ab776,0.14285714285714285,1,3,7,
0,0,5.798771619796753,0,5ac048cc554299294b218f73,0.2,1,3,5,
0,0,5.727314472198486,0,5ac048ea554299294b218f74,0.6666666666666666,2,3,3,
0,0,5.752652645111084,0,5ab474135542991751b4d77b,0.0,0,3,9,
0,0,5.763337850570679,0,5a711cb45542994082a3e59f,0.2,1,3,5,
0,0,5.79917573928833,0,5ae60db1554299546bf83041,0.4,2,3,5,
0,0,5.79337215423584,0,5a8b81bc55429949d91db5b8,0.25,2,3,8,
0,0,5.734920978546143,0,5a73bcf055429978a71e909c,0.25,1,3,4,
0,0,5.6923463344573975,0,5ae1436e55429901ffe4ae31,0.0,0,3,3,
0,0,5.65638279914856,0,5ab207f65542993be8fa98b8,0.5,1,3,2,
0,0,5.706922292709351,0,5a7766b15542993569682d7e,0.5,1,3,2,
0,0,5.710289716720581,0,5ac1a3fa5542991316484b7d,0.0,0,3,5,
0,0,5.816089391708374,0,5a790f5e55429970f5fffe40,0.0,0,3,3,
0,0,11.429603099822998,1,5add10ca5542994ed6169c59,0.3333333333333333,1,6,3,
0,0,16.51125168800354,0,5ae1b2b9554299422ee99684,0.25,1,3,4,
0,0,5.71089243888855,0,5a7f81425542992097ad2f8e,0.0,0,3,5,
0,0,5.8039710521698,0,5a817f6655429938b6142349,0.3333333333333333,1,3,3,
0,0,5.770801782608032,0,5ab6ddb655429953192ad39e,0.0,0,3,4,
0,0,5.7385125160217285,0,5a76cb9b55429966f1a36bf2,0.2,1,3,5,
0,0,5.732397079467773,0,5ae4808455429970de88d990,0.2,1,3,5,
0,0,16.53504967689514,0,5ab7f6d35542993667794070,0.0,0,3,2,
0,0,5.719521522521973,0,5abe86365542993f32c2a14d,0.14285714285714285,1,3,7,
0,0,5.829176187515259,0,5a7571095542992d0ec05f97,0.0,0,3,3,
0,0,16.582523584365845,0,5adcfbf45542990d50227d86,0.0,0,3,8,
0,0,16.568312883377075,0,5ab30d1155429976abd1bc3d,0.0,0,3,6,
0,0,5.695988893508911,0,5ae6069c55429929b0807a67,0.5,1,3,2,
0,0,19.11779808998108,2,5a711c535542994082a3e59b,0.8571428571428571,6,9,7,
0,0,19.266133785247803,2,5adf85e05542993344016cba,0.6666666666666666,2,9,3,
0,0,5.797086477279663,0,5a77897f55429949eeb29edc,0.2857142857142857,2,3,7,
0,0,5.771928071975708,0,5ae10a5b55429920d52342a0,0.0,0,3,2,
0,0,5.739974021911621,0,5ab639e65542995eadeeff7f,0.0,0,3,6,
0,0,5.737628221511841,0,5a8bae135542996e8ac889b6,0.18181818181818182,2,3,11,
0,0,5.778726577758789,0,5a75e33855429976ec32bc74,0.2,1,3,5,
0,0,12.476620197296143,1,5ae363ff5542992f92d822bc,0.0,0,6,3,
0,0,5.7569544315338135,0,5ac0e6fa5542996f0d89cc35,0.5,1,3,2,
0,0,5.731232643127441,0,5ade6b67554299728e26c71c,0.3333333333333333,1,3,3,
0,0,41.17095112800598,5,5ae0c7e755429945ae95944c,0.0,0,18,4,
0,0,42.041139125823975,5,5a78f753554299078472776e,0.25,1,18,4,
0,0,44.151689529418945,5,5adcde255542992c1e3a243f,1.0,2,18,2,
0,0,5.683556795120239,0,5ae73d505542991e8301cc2c,0.3333333333333333,1,3,3,
0,0,5.639696836471558,0,5ae18d615542997283cd2229,1.0,1,3,1,
0,0,5.685625314712524,0,5ac3ad7f5542995ef918c1de,0.0,0,3,5,
0,0,5.721056938171387,0,5ab9d44255429939ce03dc36,0.25,1,3,4,
0,0,5.705120086669922,0,5a863b27554299211dda2ab6,1.0,1,3,1,
0,0,19.58390736579895,2,5a79118755429974737f7962,1.0,2,9,2,
0,0,54.39597511291504,5,5abfa9745542997ec76fd426,0.3333333333333333,1,18,3,
0,0,69.96013760566711,5,5abfc8675542993fe9a41e52,0.0,0,18,2,
0,0,57.50955510139465,5,5a866c04554299211dda2b25,0.0,0,18,4,
0,0,75.24754691123962,5,5a80c74f554299260e20a158,0.0,0,18,3,
0,0,91.7934901714325,5,5ae5691055429960a22e02f3,0.14285714285714285,1,18,7,
0,0,78.2927577495575,4,5ab1d983554299340b52540a,0.0,0,15,2,
0,0,15.082546949386597,0,5ab28e2a5542993be8fa9947,0.0,0,3,6,
0,0,46.89488339424133,2,5ab9547755429970cfb8ea6c,0.3333333333333333,1,9,3,
0,0,14.855947971343994,0,5a7ce0bc55429909bec76863,0.0,0,3,3,
0,0,14.91826057434082,0,5ae17daa55429901ffe4aea9,0.3333333333333333,1,3,3,
0,0,14.884068489074707,0,5ae7c5ef5542993210983f44,0.25,1,3,4,
0,0,14.88737964630127,0,5a7313865542994cef4bc442,0.18181818181818182,2,3,11,
0,0,14.837207078933716,0,5adccf645542990d50227d32,0.0,0,3,6,
0,0,25.34899377822876,1,5ac176555542994d76dcce47,0.5,1,4,2,
0,0,14.550265312194824,0,5abbf3845542993f40c73c2e,0.0,0,3,5,
0,0.006493506493506494,14.579962015151978,0,5a8781b65542993e715abf8f,0.3333333333333333,1,3,3,
0,0,14.614351511001587,0,5a807ea1554299485f598624,0.0,0,3,5,
0,0,14.519774913787842,0,5a8ec7cc5542995a26add518,0.0,0,3,2,
0,0,14.555339097976685,0,5a7a978555429941d65f26db,0.125,1,3,8,
0,0,14.515429496765137,0,5a7fc70155429969796c1b59,0.25,1,3,4,
0,0,14.777783393859863,0,5ab84d5a55429916710eb028,0.0,0,3,8,
0,0,14.624864101409912,0,5a7f392b55429934daa2fd26,0.0,0,3,5,
0,0.006493506493506494,14.583452463150024,0,5a877dd65542993e715abf79,0.0,0,3,2,
0,0,29.630154848098755,1,5a8b99c355429950cd6afd28,0.0,0,6,2,
0,0.006734006734006735,14.543110609054565,0,5a8e2ba05542995085b373b8,0.16666666666666666,1,3,6,
0,0,14.527174472808838,0,5a74581555429979e2882912,0.0,0,3,6,
0,0,0.2572650909423828,1,5ac1d40c5542994d76dccef5,0.0,0,3,5,
0,0,14.675848007202148,0,5a7c6b6655429935c91b519a,0.3333333333333333,1,3,3,
0,0,14.418841123580933,0,5a73522d5542994cef4bc541,0.25,1,3,4,
0,0,13.952295303344727,0,5a822a5e55429926c1cdae43,0.3333333333333333,1,3,3,
0,0,25.068249225616455,1,5a7b1023554299042af8f6c2,0.3333333333333333,1,6,3,
0,0,14.338392496109009,0,5a84574455429933447460e6,0.14285714285714285,1,3,7,
0,0,53.77343225479126,5,5a89a02955429946c8d6e975,0.0,0,18,3,
0,0.011560693641618498,55.998130083084106,5,5abdf1fe55429976d4830a31,0.08333333333333333,1,18,12,
0,0,9.152964115142822,0,5ae1e9fd5542997f29b3c1a1,0.3333333333333333,2,3,6,
0,0,38.12723517417908,3,5a77b0395542997042120ae1,0.5,1,12,2,
0,0,57.48371458053589,5,5a79c8fa5542994bb94570a1,0.0,0,18,6,
0,0,55.843594551086426,5,5ae21937554299234fd043d3,0.07692307692307693,1,18,13,
0,0,17.5400869846344,1,5a7cdcbf55429907fabef04f,0.3333333333333333,1,6,3,
0,0,8.14208173751831,0,5ac51a055542994611c8b390,0.0,0,3,4,
0,0,17.470075130462646,1,5a78c7db55429974737f7882,0.3333333333333333,1,6,3,
0,0,8.262556314468384,0,5a82e25555429954d2e2ebbf,0.0,0,3,3,
0,0,8.18513035774231,0,5ab42b8955429942dd415ea6,0.5,1,3,2,
0,0,57.18238925933838,5,5a8db916554299441c6ba057,0.0,0,18,3,
0,0,28.457480430603027,2,5a79ca585542996c55b2dc71,0.0,0,9,4,
0,0,9.792750597000122,0,5abd6cb955429933744ab7cd,0.3333333333333333,1,3,3,
0,0,9.6386137008667,0,5a7642f7554299109176e6e8,0.5,1,3,2,
0,0.012422360248447206,9.601132869720459,0,5a88a42f554299206df2b317,0.3333333333333333,1,3,3,
0,0,9.583900690078735,0,5a8c90db554299653c1aa0bf,0.25,1,3,4,
0,0,9.579322099685669,0,5a763986554299109176e6bd,0.0,0,3,2,
0,0,9.627577543258667,0,5a7cc0d4554299452d57ba07,0.2,1,3,5,
0,0,0.442807674407959,1,5a86113355429960ec39b618,0.3333333333333333,1,3,3,
0,0,9.788938999176025,0,5a722fae55429971e9dc9343,1.0,1,3,1,
0,0,9.609843254089355,0,5a7af4cd55429931da12c9a6,0.3333333333333333,1,3,3,
0,0,57.24030256271362,5,5a7d9bc65542990b8f5039cb,0.0,0,18,4,
0,0,53.07024693489075,5,5adbd70c55429947ff173843,0.0,0,18,3,
0,0,42.17726373672485,3,5a7e04b05542995f4f40238a,0.5,1,12,2,
0,0,10.038864135742188,0,5a90b6985542990a984936c2,0.25,1,3,4,
0,0,15.85294771194458,1,5ae164685542997b2ef7d1cb,0.2,1,3,5,
0,0,9.93464732170105,0,5a86fde6554299211dda2b7f,0.14285714285714285,1,3,7,
0,0,18.10491108894348,1,5a802e135542992bc0c4a6c7,0.0,0,6,2,
0,0,11.234770774841309,0,5ac31456554299741d48a1b4,0.14285714285714285,1,3,7,
0,0,9.940078496932983,0,5ae0a6ea5542993d6555ebe9,0.07692307692307693,1,3,13,
0,0,11.627144813537598,0,5a872e8e5542991e7718170c,0.6666666666666666,2,3,3,
0,0,12.1310133934021,0,5a7265825542997f827839a3,0.0,0,3,1,
0,0,11.827872514724731,0,5abe2b0155429976d4830a83,0.0,0,3,2,
0,0,12.120432615280151,0,5ae135fb55429920d523431f,0.0,0,3,1,
0,0,10.070589065551758,0,5a8f0a01554299458435d539,0.0,0,3,5,
0,0,12.018985509872437,0,5ab40e1c5542996a3a969f00,0.0,0,3,3,
,,,,5ab28c89554299340b525513,,,,,Ollama request exceeded timeout limit for model stable-qwen with error: timed out
0,0,10.11135220527649,0,5a87e3d65542993e715abff8,0.16666666666666666,1,3,6,
0,0,10.131583213806152,0,5addfc425542997dc7907101,0.3333333333333333,1,3,3,
0,0,12.028242826461792,0,5ab576dc5542997d4ad1f13d,0.0,0,3,11,
0,0,12.195693254470825,0,5a8d8eb5554299068b959d3a,0.3333333333333333,1,3,3,
0,0,10.12109923362732,0,5ac5101455429924173fb592,0.25,2,3,8,
0,0,12.174625396728516,0,5ab91f98554299753720f70d,0.25,1,3,4,
0,0,12.010558128356934,0,5ae6371155429929b0807af1,0.25,1,3,4,
0,0,9.932264566421509,0,5ac1bff05542994ab5c67dfc,0.5,1,3,2,
0,0,10.091328859329224,0,5a7c2f145542996dd594b8b4,0.5,1,3,2,
0,0,21.566184282302856,1,5a81e4e8554299676cceb140,0.0,0,6,5,
0,0,10.014940977096558,0,5a83041355429966c78a6ae8,0.3333333333333333,1,3,3,
0,0,9.99455714225769,0,5ab7fa7b5542992aa3b8c897,0.16666666666666666,1,3,6,
0,0,9.966823101043701,0,5a8cee9b554299441c6b9f87,0.0,0,3,3,
0,0,9.874168634414673,0,5ab67bf255429954757d32f5,0.0,0,3,5,
0,0,9.953054666519165,0,5a77d65055429949eeb29f7b,0.0,0,3,3,
0,0,9.970301628112793,0,5a7f3f7c55429934daa2fd45,0.3333333333333333,1,3,3,
0,0,9.926470279693604,0,5ade811e5542992fa25da7a0,0.3333333333333333,1,3,3,
0,0,9.893722534179688,0,5a7633ff5542994ccc918712,0.25,1,3,4,
0,0,9.916101694107056,0,5a88a1475542997e5c09a646,0.0,0,3,3,
0,0,18.919614553451538,1,5a8887a055429938390d3f72,0.2,1,6,5,
0,0,61.6921603679657,5,5a86399e5542994775f60733,0.0,0,18,4,
0,0,23.69056510925293,1,5a84c0765542991dd0999dd9,0.14285714285714285,1,6,7,
0,0,23.496946573257446,1,5adf17f95542995ec70e8f6c,0.0,0,6,14,
0,0.007380073800738007,13.084837436676025,0,5a7f5ab65542995d8a8dde43,0.0,0,3,3,
0,0,13.002569437026978,0,5a8cec13554299441c6b9f7d,0.5,1,3,2,
0,0.007380073800738007,13.007535934448242,0,5abce9ca554299114383a193,0.0,0,3,6,
0,0,65.63355708122253,4,5a7a1b845542990783324e5f,0.2,1,15,5,
0,0,24.034751892089844,1,5a7363ec5542991f29ee2dd7,0.5,1,6,2,
0,0,10.33888554573059,0,5a77321355429972597f1493,0.0,0,3,3,
0,0,10.456938028335571,0,5ab5cd4f554299488d4d9a31,0.0,0,3,5,
0,0,10.546733856201172,0,5a83411655429966c78a6b5d,0.05,1,3,20,
0,0,10.360588312149048,0,5a8d50fb55429941ae14dfa2,0.0,0,3,4,
0,0,33.134145736694336,1,5ae80919554299540e5a56f6,1.0,1,6,1,
0,0,12.289146900177002,0,5ab2b8fe5542991669774070,0.3333333333333333,1,3,3,
0,0,11.954986333847046,0,5a8d0efd5542994ba4e3dbc6,0.3333333333333333,1,3,3,
0,0,12.227315187454224,0,5a7125b95542994082a3e5d5,0.3333333333333333,1,3,3,
0,0,12.269330024719238,0,5a8a6a2155429930ff3c0dd0,0.25,1,3,4,
0,0,12.222854852676392,0,5ae834e95542997ec272776a,0.2,2,3,10,
0,0,12.27840280532837,0,5a7ab51055429927d897bef6,0.0,0,3,5,
0,0,10.993501663208008,0,5ae250b45542996483e64977,0.2,1,3,5,
0,0,12.176724910736084,0,5a733c925542991f9a20c6b7,0.25,2,3,8,
0,0,12.273481130599976,0,5a7e5ec25542991319bc947a,0.6666666666666666,2,3,3,
0,0,12.235564708709717,0,5adbf2805542994650320c15,0.25,1,3,4,
0,0,12.202248573303223,0,5a845e9055429933447460ec,0.25,1,3,4,
0,0,12.268958568572998,0,5a820c0c554299676cceb1fc,0.5,1,3,2,
0,0,12.31910490989685,0,5a88bd1d554299206df2b357,0.0,0,3,1,
0,0,11.833516359329224,0,5a79332555429907847277e7,1.0,1,3,1,
0,0,12.229659795761108,0,5abd516a5542992ac4f3825c,0.5,1,3,2,
0,0,12.227794885635376,0,5add26075542994ed6169c9c,0.3333333333333333,1,3,3,
0,0,0.3457462787628174,1,5a901f735542990a98493591,0.5,1,3,2,
0,0,21.595436096191406,1,5ab840e255429934fafe6d3b,0.5,1,3,2,
0,0,12.067794799804688,0,5ac3d4b6554299204fd21e93,0.16666666666666666,1,3,6,
0,0,11.842461109161377,0,5a73b2cb55429908901be31a,0.6666666666666666,2,3,3,
0,0,11.886188983917236,0,5ac29cf8554299218029dac2,0.3333333333333333,2,3,6,
0,0,11.888163089752197,0,5ae686535542996d980e7bdc,0.14285714285714285,1,3,7,
0,0,11.337267398834229,0,5a8aa1685542992d82986f32,0.3333333333333333,2,3,6,
0,0,11.633963584899902,0,5a7d7deb5542995f4f402282,1.0,2,3,2,
0,0,11.890872240066528,0,5a8c622a554299240d9c2142,0.2,1,3,5,
0,0,11.749225616455078,0,5a7b81715542997c3ec971d4,0.5,2,3,4,
0,0.008888888888888889,11.894222497940063,0,5ae0c29c5542993d6555ec46,0.25,1,3,4,
0,0,11.861084938049316,0,5a7c290c5542990527d55468,0.3333333333333333,1,3,3,
0,0.00904977375565611,11.687285661697388,0,5a876f785542993e715abf42,0.0,0,3,6,
0,0,11.68387222290039,0,5ae1e6d95542997283cd22c3,0.0,0,3,3,
0,0,11.856955528259277,0,5ae10df355429920d52342ac,0.3333333333333333,1,3,3,
0,0,11.887202262878418,0,5ae4d8475542993aec5ec0e0,0.16666666666666666,1,3,6,
0,0,17.883097410202026,1,5ab94cf0554299743d22eade,0.2222222222222222,2,3,9,
0,0,12.76176404953003,0,5ae479745542996836b02cb1,0.25,1,3,4,
0,0,12.762099742889404,0,5a852cd05542997b5ce3ffb0,0.0,0,3,5,
0,0,12.37090802192688,0,5a8babf05542996e8ac8899e,0.0,0,3,8,
0,0,12.31677794456482,0,5a82fcbd55429954d2e2ebe8,0.25,1,3,4,
0,0.008888888888888889,12.280604124069214,0,5a77c60255429967ab105285,0.0,0,3,5,
0,0,12.735694646835327,0,5adf39ce5542995534e8c76d,0.2,1,3,5,
0,0,12.565802097320557,0,5ae694a15542991bbc976141,0.25,1,3,4,
0,0,12.289966583251953,0,5ae13bca55429901ffe4ae17,0.2,1,3,5,
0,0,12.849849939346313,0,5a8a265b5542992d82986ecc,0.0,0,3,2,
0,0.02553191489361702,12.282680034637451,0,5a77121a5542994aec3b71db,0.0,0,3,4,
0,0,12.071553468704224,0,5ae6911955429908198fa626,0.2,1,3,5,
0,0,12.272498369216919,0,5ae53de455429908b6326599,0.0,0,3,4,
0,0,12.24346113204956,0,5a813b6f55429903bc27b951,0.0,0,3,2,
0,0,12.300973892211914,0,5a84b4005542991dd0999d99,0.0,0,3,4,
0,0,11.428070783615112,0,5a8cca64554299653c1aa125,1.0,1,3,1,
0,0,12.32198429107666,0,5ab8ed305542991b5579f046,1.0,1,3,1,
0,0,17.870314598083496,1,5ae0b2f25542993d6555ec1c,0.5,2,6,4,
0,0,11.82183027267456,0,5ae207a65542994d89d5b317,0.0,0,3,11,
0,0,11.575291395187378,0,5a75383a5542996c70cfaeb3,0.0,0,3,2,
0,0,11.576388835906982,0,5ae3fd2c5542995dadf2428f,0.5,1,3,2,
0,0,11.54883074760437,0,5abffd10554299012d1db556,0.0,0,3,4,
0,0,11.543588876724243,0,5a8f812755429918e830d245,0.25,1,3,4,
0,0,11.547327041625977,0,5ae520315542993aec5ec152,0.0,0,3,3,
0,0,11.543493270874023,0,5a7631cd5542994ccc91870c,0.25,1,3,4,
0,0,0.29913973808288574,0,5ac26eed55429951e9e685bf,,,,,
0,0,11.71467661857605,0,5a7e37095542995ed0d166d5,0.3333333333333333,1,3,3,
0,0,11.578694105148315,0,5adf72d35542992d7e9f9369,0.3333333333333333,1,3,3,
0,0.009433962264150941,11.508255004882812,0,5a876b265542993e715abf33,0.3333333333333333,1,3,3,
0,0,13.058184385299683,0,5a77ddb855429967ab1052d8,0.0,0,3,10,
0,0,11.489325761795044,0,5adcc3ed5542994d58a2f6c4,0.0,0,3,9,
0,0,11.525451183319092,0,5a76f5b155429972597f1400,0.5,1,3,2,
0,0,12.389544486999512,0,5ae2c696554299495565db32,0.0,0,3,10,
0,0,11.529861688613892,0,5a875154554299211dda2be7,0.5,3,3,6,
0,0,11.49967336654663,0,5a84cf175542992a431d1aa2,0.2,1,3,5,
0,0,11.49946117401123,0,5adbf0a255429947ff17385a,1.0,1,3,1,
0,0,12.57445216178894,0,5a8e3ea95542995a26add48d,0.0,0,3,4,
0,0,11.169577360153198,0,5abd94525542992ac4f382d2,0.3333333333333333,1,3,3,
0,0,12.116031885147095,0,5a8b57f25542995d1e6f1371,0.2,1,3,5,
0,0,11.535216569900513,0,5a8c7595554299585d9e36b6,0.4,2,3,5,
0,0,12.416417598724365,0,5a85ea095542994775f606a8,0.0,0,3,3,
