exact_match,f1_score,time,step,dataset_id,hit_rate,hits,total_retrieved,expected_count,error
1,1.0,1.882964849472046,0,5abc081e5542993f40c73c54,,,,,
0,0,0.34831809997558594,0,5a7fe7f85542994857a7683e,,,,,
0,0,0.4234318733215332,0,5ae389fc5542992f92d8230f,,,,,
0,0.14285714285714285,0.5328819751739502,0,5ac4f8705542995c82c4ad8d,,,,,
0,0,0.21212077140808105,0,5a74655b55429974ef308bf0,,,,,
0,0.3333333333333333,0.11871075630187988,0,5ab57673554299637185c5a3,,,,,
1,1.0,0.11983776092529297,0,5a8765ad5542996e4f3087cf,,,,,
0,0,0.14374852180480957,0,5ae5cf625542996de7b71a22,,,,,
0,0,0.3935277462005615,0,5ae515bb55429913cc204584,,,,,
0,0,0.41180849075317383,0,5ae2eb7f55429928c423955b,,,,,
0,0.13333333333333336,0.2626993656158447,0,5a8838885542994846c1ce39,,,,,
0,0.28571428571428575,0.17989301681518555,0,5a7b241b554299042af8f705,,,,,
1,1.0,0.1407613754272461,0,5a8cc7af554299653c1aa11e,,,,,
0,0,0.22990155220031738,0,5a86681c5542991e77181644,,,,,
0,0.18181818181818182,0.2610132694244385,0,5abce3015542993a06baf995,,,,,
0,0.1,0.4164590835571289,0,5a7bf84b5542996dd594b875,,,,,
1,1.0,0.11407947540283203,0,5ab70c41554299110f219a9d,,,,,
0,0,0.1326742172241211,0,5adbcd475542996e68525240,,,,,
0,0,0.22942471504211426,0,5a7fd6fc5542995d8a8ddf31,,,,,
0,0,0.497800350189209,0,5a902d5155429933b8a2048d,,,,,
0,0,0.13036847114562988,0,5a7758895542994aec3b729c,,,,,
0,0,0.2994194030761719,0,5ae81032554299540e5a572a,,,,,
0,0,0.39501142501831055,0,5a8e42d15542995a26add4a6,,,,,
0,0,0.3992443084716797,0,5abbc3a955429931dba144f9,,,,,
0,0,0.2277977466583252,0,5ae206c45542994d89d5b311,,,,,
0,0,0.15088224411010742,0,5a80b9e85542992bc0c4a7ed,,,,,
0,0.16666666666666669,0.3385939598083496,0,5a8a1dbc55429970aeb7025a,,,,,
0,0.11764705882352941,0.3263885974884033,0,5ab9c3e1554299753720f852,,,,,
0,0.5,0.122344970703125,0,5a84f5865542991dd0999e30,,,,,
0,0.14285714285714288,0.3201582431793213,0,5abcf299554299700f9d7936,,,,,
0,0.6666666666666666,0.14745235443115234,0,5ae4581e55429970de88d92f,,,,,
0,0.4444444444444445,0.1907644271850586,0,5a7785af55429949eeb29ec2,,,,,
0,0,0.19155192375183105,0,5ae3639b5542991a06ce99b2,,,,,
0,0,0.12475180625915527,0,5ae779a555429952e35ea931,,,,,
0,0,0.12085366249084473,0,5abe822155429976d4830b48,,,,,
0,0.6666666666666666,0.16263437271118164,0,5ae385df5542992f92d82305,,,,,
0,0.125,0.46874451637268066,0,5a77720255429967ab10517f,,,,,
0,0,0.33695435523986816,0,5a80de9b55429938b6142226,,,,,
0,0.1818181818181818,0.25736212730407715,0,5ae15ae25542990adbacf767,,,,,
0,0,0.18233346939086914,0,5a8e8f6f5542995085b37451,,,,,
0,0.2105263157894737,0.363048791885376,0,5ae5caff554299546bf82f69,,,,,
0,0,0.21509146690368652,0,5abde0655542991f6610608b,,,,,
0,0,0.11895322799682617,0,5a7c221f554299683c1c62d2,,,,,
0,0,0.2264385223388672,0,5a8782a25542993e715abf95,,,,,
0,0,0.14077544212341309,0,5ab259b25542993be8fa98de,,,,,
0,0,0.1778273582458496,0,5abc805a554299658360045b,,,,,
0,0.2,0.25370335578918457,0,5a721e0e55429971e9dc928d,,,,,
0,0,0.11455821990966797,0,5ac05310554299012d1db5e7,,,,,
1,1.0,0.14454030990600586,0,5add57e55542992ae4cec516,,,,,
0,0,0.41917991638183594,0,5a778c215542995d831811ba,,,,,
0,0,0.2017979621887207,0,5ade28b15542997c77aded83,,,,,
0,0,0.12890267372131348,0,5a87106555429960ec39b71f,,,,,
1,1.0,0.12191462516784668,0,5a72f3a85542992359bc31e5,,,,,
0,0,0.1446833610534668,0,5a7b88a85542995eb53be954,,,,,
0,0,0.17216014862060547,0,5a7cad635542996dd594b97f,,,,,
0,0.2666666666666667,0.29543495178222656,0,5a832e715542990548d0b1bf,,,,,
0,0.16666666666666669,0.28472900390625,0,5ae81060554299540e5a572c,,,,,
0,0,0.24595260620117188,0,5a825f2155429954d2e2eb1b,,,,,
0,0,0.3104667663574219,0,5ab6e07b55429954757d33a0,,,,,
0,0,0.18692660331726074,0,5aba89d555429901930fa816,,,,,
0,0,0.30304408073425293,0,5a85d4ad5542997175ce2050,,,,,
0,0,0.2946665287017822,0,5ac2660d55429951e9e685a1,,,,,
0,0.04545454545454545,1.002260446548462,0,5a831af855429954d2e2ec1e,,,,,
0,0,0.12092089653015137,0,5abbc4d255429931dba144fe,,,,,
0,0,0.2808568477630615,0,5a778ce55542995d831811c0,,,,,
0,0.1111111111111111,0.4337935447692871,0,5a8a13f45542992d82986e9e,,,,,
0,0,0.40410518646240234,0,5a86296a55429960ec39b631,,,,,
0,0,0.23192691802978516,0,5a7f275d55429934daa2fd01,,,,,
0,0,0.3697621822357178,0,5ae13b085542997b2ef7d146,,,,,
1,1.0,0.14443325996398926,0,5a8081975542992097ad2fef,,,,,
0,0.6666666666666666,0.12850069999694824,0,5ae2e06d55429928c4239521,,,,,
0,0.4,0.17238664627075195,0,5ab2383155429970612095c1,,,,,
0,0.4444444444444445,0.21654415130615234,0,5ac29da5554299218029dac3,,,,,
0,0.14814814814814814,0.4824092388153076,0,5ab48af35542996a3a969f92,,,,,
0,0,0.4027278423309326,0,5a902e755542995651fb50de,,,,,
0,0,0.22092723846435547,0,5ae002ec55429925eb1afbdc,,,,,
0,0.2727272727272727,0.43836188316345215,0,5a74c2bd5542996c70cfadda,,,,,
0,0,0.10518336296081543,0,5ab7a86d5542995dae37e986,,,,,
0,0,0.3333895206451416,0,5ae3c71f5542991a06ce9a22,,,,,
0,0.16666666666666666,0.24635934829711914,0,5adf32ee5542995534e8c767,,,,,
0,0,0.2912609577178955,0,5ae573b25542990ba0bbb2b4,,,,,
0,0,0.28449296951293945,0,5ac3c08a5542995ef918c217,,,,,
0,0.33333333333333337,0.18674564361572266,0,5ab9ddef5542994dbf019875,,,,,
0,0,0.3930633068084717,0,5ab862b35542990e739ec8db,,,,,
0,0.06451612903225806,0.5147511959075928,0,5adfe37c554299025d62a377,,,,,
0,0,0.12983107566833496,0,5ac195455542991316484b40,,,,,
0,0.16666666666666669,0.26217055320739746,0,5adf49935542993a75d26491,,,,,
0,0,0.2883436679840088,0,5a7244955542990c210a408a,,,,,
0,0,0.12214446067810059,0,5a7b8cc7554299294a54a9ea,,,,,
0,0.23529411764705882,0.3637056350708008,0,5ae7316e554299572ea5477e,,,,,
0,1.0,0.1574535369873047,0,5a8e0cb85542995085b373b2,,,,,
0,0.125,0.2494211196899414,0,5ae2bba35542992decbdcd89,,,,,
0,0,0.11808109283447266,0,5a82301155429926c1cdae4a,,,,,
0,0,0.38966917991638184,0,5a877fa45542993e715abf84,,,,,
0,0,0.13801908493041992,0,5a8662da5542991e7718162f,,,,,
0,0,0.29393434524536133,0,5ae1b943554299492dc91b7f,,,,,
0,0,0.2984607219696045,0,5adec62e5542992fa25da841,,,,,
0,0,0.356020450592041,0,5abfc9bf5542993fe9a41e60,,,,,
0,0.16666666666666666,0.24670100212097168,0,5ab26b60554299449642c898,,,,,
0,0.13333333333333333,0.3797323703765869,0,5adcd6705542992c1e3a2426,,,,,
0,0,0.22450685501098633,0,5a79c9395542994bb94570a2,,,,,
0,0,0.14831805229187012,0,5a750d315542996c70cfae84,,,,,
0,0,0.1384410858154297,0,5ab7452b5542992aa3b8c806,,,,,
0,0.5714285714285715,0.20193243026733398,0,5ab6993f554299110f219a2b,,,,,
0,0,0.2806398868560791,0,5ae1367055429901ffe4adf3,,,,,
0,0,0.5014314651489258,0,5ab7ba4155429928e1fe38b2,,,,,
0,0.011695906432748539,3.6858432292938232,0,5aba5ea955429939ce03dca5,,,,,
0,0,0.14349079132080078,0,5ab67cf455429954757d3302,,,,,
0,0,0.12597274780273438,0,5abae3b05542996606241661,,,,,
0,0,0.48052191734313965,0,5a8303c255429954d2e2ec01,,,,,
0,0,0.12567806243896484,0,5a8b7d925542995d1e6f13bd,,,,,
0,0,0.47910237312316895,0,5ab6fcf55542991d32223718,,,,,
0,0,0.39353418350219727,0,5a8313a755429954d2e2ec06,,,,,
0,0.23076923076923075,0.32530903816223145,0,5ade747555429939a52fe8c5,,,,,
0,0,0.23191428184509277,0,5ab6f9335542991d322236fc,,,,,
0,0,0.4036438465118408,0,5a792ad055429907847277d1,,,,,
0,0,0.2468104362487793,0,5a8089535542992bc0c4a762,,,,,
0,0,0.3402700424194336,0,5a903b7255429933b8a204ae,,,,,
1,1.0,0.13138484954833984,0,5ae022ab554299025d62a428,,,,,
0,0,0.09843564033508301,0,5a8c7ced5542995e66a4761c,,,,,
0,0,0.5870559215545654,0,5a75140b5542996c70cfae87,,,,,
0,0.10526315789473685,0.3338289260864258,0,5a905cea55429933b8a204f4,,,,,
0,0,0.16335415840148926,0,5ae363e85542994393b9e6a5,,,,,
0,0,0.5398199558258057,0,5a83de04554299334474609f,,,,,
1,1.0,0.12778759002685547,0,5a8d7f2b554299068b959d0c,,,,,
0,0,0.12376618385314941,0,5ae4f2c45542990ba0bbb1a9,,,,,
0,0,0.25458431243896484,0,5a81e097554299676cceb129,,,,,
0,0,0.37840771675109863,0,5a776a805542993735360269,,,,,
0,0,0.24870634078979492,0,5a8835dc5542994846c1ce2b,,,,,
0,0,0.12097787857055664,0,5ab83f9f5542990e739ec891,,,,,
0,0,0.25113797187805176,0,5abd69ce5542993062266c7f,,,,,
0,0.1111111111111111,0.46030354499816895,0,5ab6087a554299110f2199be,,,,,
0,0.14285714285714285,0.3594217300415039,0,5a78e9a2554299148911f995,,,,,
0,0,0.19477462768554688,0,5ab6988a554299710c8d1edc,,,,,
0,0.33333333333333337,0.21879363059997559,0,5adcb6875542994ed6169bcb,,,,,
0,0,0.13995718955993652,0,5a8bb90f5542996e8ac88a02,,,,,
0,0,0.22011399269104004,0,5ac02b325542992a796decb9,,,,,
0,0,0.2829451560974121,0,5abbd2575542993f40c73bbd,,,,,
0,0.5,0.15964937210083008,0,5a88db445542993b751ca88a,,,,,
0,0,0.4914247989654541,0,5ac51c2855429924173fb5b5,,,,,
0,0,0.19488859176635742,0,5abd420f55429933744ab75c,,,,,
0,0,0.20322823524475098,0,5a84e21d5542997b5ce3ff7c,,,,,
0,0.3333333333333333,0.13625192642211914,0,5a8e8af55542990e94052b3f,,,,,
0,0,0.3817782402038574,0,5a8a647b55429930ff3c0dc1,,,,,
0,0.4,0.12959003448486328,0,5ae51b495542993aec5ec146,,,,,
0,0.33333333333333337,0.3503425121307373,0,5a7f54665542992097ad2f1a,,,,,
0,0.3333333333333333,0.2007157802581787,0,5a75d9b4554299109176e5a7,,,,,
0,0.4,0.1535189151763916,0,5a74551555429974ef308bd9,,,,,
0,0,0.12279438972473145,0,5ae324e85542991a06ce9934,,,,,
0,0,0.30125927925109863,0,5ac3f18d554299204fd21ed3,,,,,
0,0,0.2020421028137207,0,5ae0c1be5542993d6555ec42,,,,,
0,0.09999999999999999,0.44171857833862305,0,5a8013e45542995d8a8ddf41,,,,,
0,0,0.15895724296569824,0,5addda1b5542992200553b55,,,,,
0,0,0.29805850982666016,0,5ae35b6b5542990afbd1e116,,,,,
0,0,0.1457529067993164,0,5ae7739c5542997b22f6a775,,,,,
0,0,0.13857626914978027,0,5a726ba35542997f827839c0,,,,,
0,0,0.1954936981201172,0,5ac2d9f65542996773102631,,,,,
0,0,0.2665698528289795,0,5ae1305b55429901ffe4add6,,,,,
0,0,0.10775160789489746,0,5a907bf05542995651fb5164,,,,,
0,0.14285714285714288,0.31757164001464844,0,5aba7c7155429955dce3ee58,,,,,
1,1.0,0.15880441665649414,0,5abfab8d5542997ec76fd42d,,,,,
0,0,0.5133824348449707,0,5ae05c9f55429945ae959348,,,,,
0,0,0.3744537830352783,0,5abf30185542990832d3a13f,,,,,
0,0.08000000000000002,0.46661853790283203,0,5ae64ba755429929b0807b25,,,,,
0,0.28571428571428575,0.11421823501586914,0,5ade4e415542992fa25da73f,,,,,
0,0,0.3221604824066162,0,5a73073d55429901807daf69,,,,,
0,0,0.1250591278076172,0,5ac1b3a75542994ab5c67dd2,,,,,
0,0,0.16403532028198242,0,5a8fa32255429918e830d299,,,,,
1,1.0,0.09866166114807129,0,5ac562985542993e66e823ca,,,,,
1,1.0,0.12299180030822754,0,5ac2927b5542996366519a17,,,,,
0,0,0.20885515213012695,0,5a729fe55542991f9a20c53b,,,,,
0,0.15384615384615385,0.325192928314209,0,5a72abb95542992359bc3162,,,,,
0,0,0.13040637969970703,0,5a7cd28c554299452d57ba80,,,,,
0,0,0.13323211669921875,0,5a72120e55429971e9dc923f,,,,,
0,0.1904761904761905,0.48046278953552246,0,5ade66e1554299728e26c713,,,,,
0,0.5,0.18534302711486816,0,5ae47ae05542995ad6573d4f,,,,,
0,0.6666666666666666,0.14558696746826172,0,5a8ad6805542992d82986f93,,,,,
0,0,0.2520444393157959,0,5a8f1adc554299458435d577,,,,,
0,0,0.19726896286010742,0,5a8e60ca5542995a26add4d9,,,,,
0,0.08333333333333334,0.3330409526824951,0,5a78b386554299148911f949,,,,,
0,0,0.1288912296295166,0,5a807181554299485f5985ec,,,,,
0,0.0909090909090909,0.45558881759643555,0,5ac10c5e554299294b219074,,,,,
0,0,0.746474027633667,0,5a88cc8f55429938390d3fc5,,,,,
0,0,0.422076940536499,0,5abc3d215542993a06baf8a5,,,,,
0,0,0.7855134010314941,0,5ab8ee805542991b5579f051,,,,,
0,0,0.13683342933654785,0,5adc020e55429947ff1738b4,,,,,
0,0,0.12271666526794434,0,5ab9aab555429970cfb8eb65,,,,,
0,0,0.2630136013031006,0,5abb1fd95542996cc5e49fb6,,,,,
0,0,0.1490004062652588,0,5a8a547d55429970aeb70293,,,,,
0,0,0.12124276161193848,0,5a7217f255429971e9dc9260,,,,,
0,0.09523809523809525,0.38329029083251953,0,5a89dbec554299669944a5d6,,,,,
0,0,0.5233135223388672,0,5a89e6615542992e4fca8462,,,,,
0,0,0.12311196327209473,0,5ae361dc5542992f92d822aa,,,,,
0,0.4,0.17458772659301758,0,5a8e63d65542995085b37421,,,,,
0,0,0.20021653175354004,0,5a88451655429938390d3f12,,,,,
0,0,0.3253822326660156,0,5a7a05485542990198eaf04c,,,,,
0,0,0.17354178428649902,0,5ae25d2b554299495565da46,,,,,
0,0,0.26946282386779785,0,5ab8f53355429916710eb0d1,,,,,
0,0.08333333333333334,0.5030834674835205,0,5a9042825542990a984935d6,,,,,
0,0.13333333333333333,0.21856331825256348,0,5a7c96765542990527d554d8,,,,,
0,0.16666666666666669,0.4967927932739258,0,5ae75c6e5542991bbc9761f8,,,,,
0,0,0.3687136173248291,0,5adf8dea5542995534e8c7e4,,,,,
0,0,0.13497447967529297,0,5ae1681b554299422ee9967c,,,,,
0,0,0.1739335060119629,0,5ade286e5542997c77aded81,,,,,
0,0,0.32292604446411133,0,5ab938db5542996be2020454,,,,,
0,0.3333333333333333,0.12708091735839844,0,5a8cacce554299585d9e3718,,,,,
0,0.18181818181818182,0.2026984691619873,0,5a7353795542991f29ee2d82,,,,,
0,0.125,0.316347599029541,0,5a7730f255429972597f148c,,,,,
0,0.09523809523809525,0.4547994136810303,0,5a7d07a455429907fabef0ae,,,,,
1,1.0,0.12912917137145996,0,5ab5eed65542997d4ad1f25c,,,,,
0,0,0.1571052074432373,0,5a8ceddb554299441c6b9f85,,,,,
0,0.18181818181818182,0.23773932456970215,0,5ac4920d5542996feb3fe8d3,,,,,
0,0.20000000000000004,0.16300630569458008,0,5ae40d405542996836b02c28,,,,,
0,0,0.1733996868133545,0,5ac04a265542997d642959f1,,,,,
0,0.6666666666666666,0.11366844177246094,0,5a9084e75542990a98493667,,,,,
0,0.18181818181818182,0.23898005485534668,0,5adff4a555429925eb1afb91,,,,,
1,1.0,0.11117148399353027,0,5adeb78a554299728e26c77a,,,,,
0,0.12500000000000003,0.3044748306274414,0,5ae20c245542997283cd2367,,,,,
0,0,0.3104829788208008,0,5ab482815542990594ba9c3d,,,,,
1,1.0,0.10036993026733398,0,5ab2b95c5542991669774072,,,,,
0,0,0.42907238006591797,0,5ab41677554299753aec5a38,,,,,
0,0.125,0.35460352897644043,0,5abae1e65542996cc5e49ed2,,,,,
0,0.5,0.201446533203125,0,5ab4482b55429942dd415f09,,,,,
0,0,0.12052416801452637,0,5ae6537c5542991bbc9760c1,,,,,
0,0,0.1288905143737793,0,5adc3a7055429947ff173913,,,,,
0,0,0.5137238502502441,0,5a7a5cc35542996c55b2dd7c,,,,,
0,0,0.16525936126708984,0,5ac47d7355429919431739b3,,,,,
0,0.4,0.19720673561096191,0,5a8b041955429971feec4604,,,,,
0,0,0.44588518142700195,0,5ae56a0d5542990ba0bbb29c,,,,,
0,0,0.13173961639404297,0,5ab6b59f5542995eadef0065,,,,,
0,0,0.16106009483337402,0,5a80ef1555429938b614225e,,,,,
0,0,0.25829005241394043,0,5a8660ba55429960ec39b684,,,,,
0,0,0.3680436611175537,0,5a7a94f155429941d65f26ca,,,,,
0,0,0.4787125587463379,0,5a78a862554299148911f8fe,,,,,
,,,,5a72a51355429901807daf21,,,,,Ollama request exceeded timeout limit for model stable-qwen with error: timed out
0,0,0.14452838897705078,0,5ac417405542995c82c4acbb,,,,,
0,0.15384615384615383,0.5645310878753662,0,5ae7a9765542994a481bbdbc,,,,,
0,0.09523809523809525,0.40920352935791016,0,5ae496735542995dadf2435d,,,,,
0,0,0.4233551025390625,0,5ab56b3a554299637185c585,,,,,
0,0,0.11241960525512695,0,5ab72c7d55429928e1fe3830,,,,,
0,0.4444444444444445,0.362210750579834,0,5a8adbf55542992d82986fab,,,,,
0,0,0.12383222579956055,0,5a8a48ee55429930ff3c0d66,,,,,
0,0.2857142857142857,0.24686098098754883,0,5a74be0b5542996c70cfadc8,,,,,
0,0,0.13489222526550293,0,5abac35055429901930fa8ae,,,,,
0,0,0.29989027976989746,0,5a8b19f45542996c9b8d5f9e,,,,,
0,0,0.14079546928405762,0,5a7f5d165542992097ad2f3c,,,,,
0,0,0.31085753440856934,0,5ac55ea55542993e66e82377,,,,,
0,0,0.2918257713317871,0,5abd0097554299700f9d7956,,,,,
0,0,0.49379801750183105,0,5ae655845542991bbc9760c3,,,,,
0,0.15384615384615385,0.3169245719909668,0,5ade84d7554299728e26c72b,,,,,
0,0,0.34046292304992676,0,5a8c2adc554299240d9c20a9,,,,,
0,0,0.12034368515014648,0,5ae2661d554299495565da60,,,,,
0,0,0.34185218811035156,0,5ac250aa5542992f1f2b384d,,,,,
0,0,0.11172771453857422,0,5a74cfed5542993748c896ea,,,,,
0,0,0.3582186698913574,0,5a89fc665542993b751ca9de,,,,,
0,0,0.14477753639221191,0,5ae2ce505542996483e64a72,,,,,
0,0,0.29531073570251465,0,5ab98d70554299753720f82f,,,,,
0,0,0.10811686515808105,0,5ab56f7a554299637185c59a,,,,,
0,0,0.13857626914978027,0,5a83a4bc554299123d8c217f,,,,,
0,0.16666666666666669,0.5276460647583008,0,5a84f6c55542997175ce1f36,,,,,
0,0,0.3646831512451172,0,5ac26ac15542992f1f2b38bc,,,,,
0,0.19999999999999998,0.13078784942626953,0,5a7615fb5542992db9473727,,,,,
0,0,0.14039158821105957,0,5ade3bf75542997c77adedb8,,,,,
0,0,0.19300603866577148,0,5ae32eca5542994393b9e640,,,,,
0,0,0.2416229248046875,0,5ab514c05542991779162d72,,,,,
0,0.1,0.3600492477416992,0,5a8a3a355542996c9b8d5e5e,,,,,
0,0.21052631578947364,0.3233926296234131,0,5ab5ab5d5542992aa134a37d,,,,,
0,0.3529411764705882,0.29387402534484863,0,5ab2999a554299194fa9342f,,,,,
0,0.5454545454545454,0.22348856925964355,0,5a7c6b86554299683c1c62ff,,,,,
0,0.6666666666666666,0.11780261993408203,0,5ab6e865554299710c8d1fad,,,,,
0,0,0.22236895561218262,0,5adf9f6c5542992d7e9f93c2,,,,,
0,0.3076923076923077,0.2711198329925537,0,5a7dd6cd5542995f4f4022cd,,,,,
0,0,0.37664365768432617,0,5a8f141e55429918e830d181,,,,,
0,0.6666666666666665,0.1960139274597168,0,5a8b4d5e5542995d1e6f135c,,,,,
0,0.6666666666666666,0.11551451683044434,0,5a778a165542995d831811a9,,,,,
0,0,0.5001187324523926,0,5ac458f8554299204fd21f2a,,,,,
0,0.30769230769230765,0.2810494899749756,0,5ae4a2d05542995ad6573de1,,,,,
0,0.09999999999999999,0.35491085052490234,0,5a8c42d7554299240d9c20f5,,,,,
0,0,0.10508394241333008,0,5ac2bcf55542990b17b1546e,,,,,
0,0,0.5065717697143555,0,5a7224ab55429971e9dc92dd,,,,,
0,0,0.1456594467163086,0,5ab26a4b55429970612095fc,,,,,
0,0,0.13429570198059082,0,5a80be9655429938b61421b5,,,,,
0,0,0.16956472396850586,0,5adfc97255429906c02daa41,,,,,
0,0.42857142857142855,0.28535938262939453,0,5ab6b13b554299710c8d1f3f,,,,,
0,0.3846153846153846,0.36464405059814453,0,5abea05f5542991f661061b6,,,,,
0,0,0.1312413215637207,0,5ae679ec5542996d980e7b75,,,,,
0,0,0.2338247299194336,0,5a7de14a5542991319bc93fc,,,,,
0,0,0.2009267807006836,0,5adf4da15542995534e8c780,,,,,
0,0,0.21036529541015625,0,5a71419f5542994082a3e70d,,,,,
0,0.2222222222222222,0.2726891040802002,0,5a8a19c45542992e4fca8501,,,,,
0,0,0.3227057456970215,0,5adde73f5542992200553b94,,,,,
0,0.5,0.11812591552734375,0,5a80f793554299260e20a1e1,,,,,
0,0,0.493227481842041,0,5a8a803b55429930ff3c0e04,,,,,
0,0,0.17924737930297852,0,5a80274e5542992e7d278dfb,,,,,
0,0.18181818181818182,0.2687554359436035,0,5a72c9e85542991f9a20c595,,,,,
0,0.15384615384615385,0.29224491119384766,0,5ab499a55542996a3a969f9f,,,,,
1,1.0,0.12080836296081543,0,5a80838d5542992bc0c4a745,,,,,
0,0,0.3070812225341797,0,5ab8750255429934fafe6dd1,,,,,
0,0,0.09853744506835938,0,5abac89d55429901930fa8b5,,,,,
0,0.125,0.33975791931152344,0,5a73090455429901807daf6e,,,,,
0,0,0.28821825981140137,0,5ab5d27a554299494045f073,,,,,
0,0.15384615384615385,0.32627439498901367,0,5adc396155429944faac2479,,,,,
0,0.4,0.15981340408325195,0,5a89e2785542992e4fca843d,,,,,
0,0,0.2531113624572754,0,5a7f7c285542994857a76746,,,,,
0,0.24,0.49423885345458984,0,5a8f0796554299458435d528,,,,,
0,0,0.09908390045166016,0,5a8ce55f554299441c6b9f62,,,,,
0,0,0.31619787216186523,0,5a8e3e9b5542995085b37402,,,,,
0,0.28571428571428575,0.2336266040802002,0,5a80e5f5554299260e20a1ae,,,,,
0,0,0.3989381790161133,0,5ae064605542993d6555eb44,,,,,
0,0,0.13645029067993164,0,5a81737155429903bc27b96f,,,,,
0,0,0.11647343635559082,0,5ae3d67f5542992f92d8238f,,,,,
0,0,0.3934621810913086,0,5abd8ee05542993062266cc8,,,,,
0,0,0.13347911834716797,0,5a89d3e15542992e4fca83d4,,,,,
0,0,0.2642524242401123,0,5ab2ed62554299166977413a,,,,,
0,0,0.14091706275939941,0,5a85e5345542991dd0999ebb,,,,,
1,1.0,0.11374616622924805,0,5a86f13c554299211dda2b5e,,,,,
0,0,0.172868013381958,0,5ac562115542993e66e823bf,,,,,
0,0.06666666666666667,0.5541141033172607,0,5ab3589455429976abd1bc93,,,,,
0,0,0.12508559226989746,0,5a7eacd855429930675135c3,,,,,
0,0,1.4567265510559082,0,5a74a8fa55429929fddd8497,,,,,
0,0,0.2788100242614746,0,5ac05fb55542997d64295a0b,,,,,
0,0,0.6590595245361328,0,5ae4606c5542996836b02c91,,,,,
0,0,0.1642322540283203,0,5a73f2035542993a88ae2ea8,,,,,
0,0,0.40224766731262207,0,5ae666d35542991bbc9760cc,,,,,
0,0,0.21420049667358398,0,5a7c54eb554299683c1c62e8,,,,,
0,0.08695652173913045,0.4491560459136963,0,5abbd58d554299660624172f,,,,,
0,0,0.1344618797302246,0,5ac160bb5542994d76dccdfb,,,,,
1,1.0,0.10442757606506348,0,5a734dad5542994cef4bc522,,,,,
0,0,0.47130346298217773,0,5ab94fa25542996be2020474,,,,,
1,1.0,0.11089396476745605,0,5a7b2ec755429927d897bf53,,,,,
0,0,0.27077531814575195,0,5ae604ec5542996de7b71af9,,,,,
0,0,0.13235068321228027,0,5adc1af75542994650320c75,,,,,
0,0,0.13622212409973145,0,5ab298fb554299449642c922,,,,,
0,0,0.1680295467376709,0,5a812d0555429938b61422e1,,,,,
0,0,0.12639904022216797,0,5adf35935542993344016c36,,,,,
0,0,0.3943793773651123,0,5a7f669a5542994857a76729,,,,,
0,0,0.4109029769897461,0,5a7ea14655429930675135ab,,,,,
0,0.5,0.19225621223449707,0,5a7db1a15542995ed0d16660,,,,,
0,0,0.36440467834472656,0,5ac41ca75542991943173919,,,,,
0,0,0.19138288497924805,0,5a8cbda955429941ae14dee5,,,,,
0,0,0.2890489101409912,0,5a8463945542992ef85e23d9,,,,,
0,0,0.12724637985229492,0,5a7fa55555429969796c1b0e,,,,,
1,1.0,0.13753604888916016,0,5a8f91c755429918e830d26c,,,,,
1,1.0,0.13527131080627441,0,5ab67d2055429954757d3304,,,,,
0,0.2,0.4065210819244385,0,5a73583455429901807dafcf,,,,,
0,0,0.2796006202697754,0,5ae0ba1155429924de1b7156,,,,,
0,0,0.2693321704864502,0,5a8c87aa554299653c1aa0ac,,,,,
0,0,0.11779069900512695,0,5a74fd6d5542993748c8977d,,,,,
0,0,1.0728468894958496,0,5a7f00b455429930675135f1,,,,,
0,0,0.22563862800598145,0,5ae0800055429924de1b70db,,,,,
0,0.2222222222222222,0.2702629566192627,0,5a7e782655429934daa2fc26,,,,,
0,0.3333333333333333,0.17122817039489746,0,5a721b9055429971e9dc9277,,,,,
0,0.09090909090909091,0.4392855167388916,0,5ac2c7ff554299657fa2904f,,,,,
0,0,0.349276065826416,0,5a72b3335542994cef4bc3dc,,,,,
0,0,0.13561058044433594,0,5a86038455429960ec39b600,,,,,
0,0,0.16846394538879395,0,5ab7fa4f5542993667794080,,,,,
1,1.0,0.16023015975952148,0,5ae0a09a5542993d6555ebc9,,,,,
0,0.18181818181818182,0.35848307609558105,0,5ae509f655429908b63264ef,,,,,
0,0,0.11484527587890625,0,5a7739f25542994aec3b7234,,,,,
0,0,0.37178707122802734,0,5adcdea85542992c1e3a2441,,,,,
0,0.6666666666666666,0.14812898635864258,0,5a83335f5542996488c2e3ec,,,,,
0,0,0.14415478706359863,0,5a7a4f405542994f819ef1c0,,,,,
0,0.1111111111111111,0.35411882400512695,0,5a7182b65542994082a3e85b,,,,,
0,0,0.3072633743286133,0,5ae1a8c05542997f29b3c0ec,,,,,
0,0,0.13309025764465332,0,5ade063d5542997dc7907129,,,,,
0,0,0.3823544979095459,0,5a81d51a55429903bc27b9d2,,,,,
0,0,0.32222962379455566,0,5abed44b5542990832d3a0db,,,,,
0,0,0.38730859756469727,0,5a86294e5542994775f60715,,,,,
0,0.1,0.45003533363342285,0,5a72a2935542991f9a20c546,,,,,
0,0.34782608695652173,0.4082350730895996,0,5ade653f55429975fa854ebb,,,,,
0,0,0.3838474750518799,0,5a7a3cea5542994f819ef182,,,,,
1,1.0,0.11703228950500488,0,5ab56f3e5542992aa134a317,,,,,
0,0.19999999999999998,0.2993052005767822,0,5ab9bc6155429970cfb8eb90,,,,,
0,0,0.2808644771575928,0,5a90ad595542990a9849368b,,,,,
0,0,0.11870527267456055,0,5adcd5005542994d58a2f6f0,,,,,
0,0.5714285714285715,0.15735960006713867,0,5a78d16455429974737f78bb,,,,,
0,0.25,0.19179105758666992,0,5a77f2af5542995d83181333,,,,,
1,1.0,0.1415395736694336,0,5a840e8a5542992ef85e239e,,,,,
0,0.15384615384615385,0.337568998336792,0,5adea62e55429975fa854f3b,,,,,
0,0.28571428571428575,0.23895597457885742,0,5a7759dd5542994aec3b729f,,,,,
0,0,0.16997289657592773,0,5ab81cff5542990e739ec827,,,,,
0,0,0.27385425567626953,0,5a7c5a87554299683c1c62eb,,,,,
0,0,0.457629919052124,0,5abb61c0554299642a094a86,,,,,
0,0.25,0.2715036869049072,0,5ae499d755429970de88d9ca,,,,,
0,0.3333333333333333,0.16616320610046387,0,5a79fac85542996c55b2dcc1,,,,,
0,0.25,0.18781805038452148,0,5ab9c292554299131ca423f5,,,,,
0,0.4,0.16102147102355957,0,5ab5e024554299494045f097,,,,,
1,1.0,0.1448357105255127,0,5ade2bce5542997c77aded96,,,,,
0,0,0.18738174438476562,0,5ae20c465542997283cd236a,,,,,
0,0,0.21407055854797363,0,5a8a12ae5542992d82986e92,,,,,
0,0.16666666666666666,0.22905564308166504,0,5a7350d55542994cef4bc535,,,,,
,,,,5ac4f2235542996feb3fe995,,,,,Ollama request exceeded timeout limit for model stable-qwen with error: timed out
0,0,0.27192044258117676,0,5ae13f3c5542997b2ef7d168,,,,,
0,0.25,0.2300882339477539,0,5ab8f4ee5542991b5579f091,,,,,
0,0.10526315789473684,0.6507716178894043,0,5ac02c6b554299294b218f38,,,,,
0,0,0.14979982376098633,0,5a89e57f5542992e4fca845d,,,,,
0,0,0.1078026294708252,0,5a83c2e25542996488c2e4bc,,,,,
0,0.26666666666666666,0.3111283779144287,0,5ab850b255429916710eb036,,,,,
0,0.2857142857142857,0.33651089668273926,0,5a753ff455429916b01642bc,,,,,
0,0,0.15928125381469727,0,5a75675d5542992d0ec05f87,,,,,
0,0.0909090909090909,0.35708117485046387,0,5a7f48e15542992e7d278ce6,,,,,
0,0.23529411764705882,0.29813575744628906,0,5a7292385542994cef4bc342,,,,,
1,1.0,0.11400580406188965,0,5aba75e655429955dce3ee3c,,,,,
0,0,0.13271021842956543,0,5ac2b8085542990b17b1546b,,,,,
0,0,0.13036108016967773,0,5ae603ba5542996de7b71af4,,,,,
0,0,0.12798261642456055,0,5a8b7cb95542995d1e6f13bb,,,,,
1,1.0,0.1260530948638916,0,5a88e75c5542993b751ca8c7,,,,,
0,0,0.2857499122619629,0,5a83305d55429966c78a6b4a,,,,,
0,0.13333333333333333,0.33232998847961426,0,5a78c235554299078472775d,,,,,
0,0.3636363636363636,0.22040319442749023,0,5a7ba83f5542995eb53be981,,,,,
0,0.3636363636363636,0.47194600105285645,0,5a7b9fac554299294a54aa2f,,,,,
0,0,0.23919129371643066,0,5adfd30c55429906c02daa53,,,,,
0,0,0.3867931365966797,0,5ab729335542993667793f5a,,,,,
0,0,0.10942864418029785,0,5a857cf35542994c784ddb1d,,,,,
0,0.25,0.3921663761138916,0,5abba91e554299642a094b10,,,,,
0,0,0.29930734634399414,0,5a7f90a15542995d8a8ddea5,,,,,
0,0,0.11106395721435547,0,5a83bfc8554299123d8c21a1,,,,,
0,0.125,0.33773183822631836,0,5a80e47d55429938b6142238,,,,,
0,0.6666666666666666,0.14389514923095703,0,5a7dec305542995ed0d16679,,,,,
0,0,0.47138190269470215,0,5ae61dce5542992663a4f262,,,,,
0,0,0.12127161026000977,0,5a8a429955429930ff3c0d34,,,,,
0,0.19999999999999998,0.23566246032714844,0,5addd82c5542990dbb2f7eb9,,,,,
0,0,0.1276531219482422,0,5ae527085542993aec5ec165,,,,,
0,0,0.19023966789245605,0,5adbe1b355429944faac23a0,,,,,
0,0,0.22666072845458984,0,5a750de95542993748c897ac,,,,,
0,0,0.20955872535705566,0,5abff65c5542994516f45551,,,,,
0,0,0.5829200744628906,0,5ae552bb55429908b63265d9,,,,,
0,0,0.29082727432250977,0,5ab3010455429976abd1bc15,,,,,
0,0.08695652173913042,0.4163320064544678,0,5a84fd085542994c784ddaba,,,,,
0,0,0.11162686347961426,0,5a7f660555429969796c1a2e,,,,,
0,0,0.41117000579833984,0,5ab47e0a5542990594ba9c32,,,,,
0,0,0.12769293785095215,0,5ae554ce55429960a22e02b7,,,,,
0,0,0.3290717601776123,0,5abba664554299642a094b02,,,,,
1,1.0,0.11920380592346191,0,5a88ac3d554299206df2b328,,,,,
0,0.4444444444444445,0.19140005111694336,0,5a7323ad5542994cef4bc476,,,,,
0,0,0.15912222862243652,0,5abd2eb255429933744ab750,,,,,
0,0,0.36355113983154297,0,5adddf5d5542997dc7907078,,,,,
0,0,0.3798360824584961,0,5abc553a554299700f9d7871,,,,,
0,0,0.31734228134155273,0,5a77d31c55429967ab1052c0,,,,,
1,1.0,0.1394791603088379,0,5adc398755429947ff173912,,,,,
0,0,0.157393217086792,0,5ab6dbc15542995eadef00cd,,,,,
0,0.15384615384615385,0.23331713676452637,0,5a7b59115542995eb53be923,,,,,
0,0,0.12359809875488281,0,5adc99ba5542994ed6169ba9,,,,,
0,0.1,0.3890657424926758,0,5a863ff0554299211dda2ac6,,,,,
0,0,0.14199280738830566,0,5ade99235542997c77adee7f,,,,,
0,0,0.4900057315826416,0,5a8843a455429938390d3f0c,,,,,
0,0.25,0.23853421211242676,0,5a89dfcc55429946c8d6e9f0,,,,,
0,0,0.37787294387817383,0,5ab5c6e55542997d4ad1f1db,,,,,
0,0,0.43474483489990234,0,5ae7313c5542991e8301cbbc,,,,,
0,0.33333333333333337,0.18036842346191406,0,5ac31ad4554299741d48a1ee,,,,,
0,0.2857142857142857,0.5381388664245605,0,5ae0f2bf5542997b2ef7d09e,,,,,
0,0.18181818181818185,0.42035555839538574,0,5abab36455429955dce3eed1,,,,,
0,0.10526315789473684,0.37076258659362793,0,5adf2d375542993344016c0d,,,,,
0,0,0.11769890785217285,0,5ae4c35c55429913cc2044fb,,,,,
0,0,0.3014366626739502,0,5a7280925542991f9a20c4a1,,,,,
0,0,0.21297144889831543,0,5ab6aa4c55429953192ad359,,,,,
0,0.19047619047619047,0.33562374114990234,0,5a8bc1565542996e8ac88a0c,,,,,
0,0.888888888888889,0.18241572380065918,0,5a815f445542995ce29dcbec,,,,,
0,0,0.3813943862915039,0,5a8842435542994846c1ce6d,,,,,
0,0,0.23028874397277832,0,5a893fc855429951533612f0,,,,,
0,0,0.5130832195281982,0,5ab9df1f554299232ef4a239,,,,,
0,0,0.48387861251831055,0,5a7914e155429974737f7973,,,,,
0,0,0.15593886375427246,0,5add23e45542992ae4cec4a1,,,,,
0,0,0.16660165786743164,0,5a7df6e65542995f4f402353,,,,,
0,0.14634146341463414,0.8242809772491455,0,5a803d695542996402f6a494,,,,,
0,0,0.1190195083618164,0,5a74594a55429974ef308be1,,,,,
1,1.0,0.11528825759887695,0,5a807f6a5542992bc0c4a737,,,,,
0,0.10526315789473684,0.3983042240142822,0,5a820f2f554299676cceb1ff,,,,,
1,1.0,0.1496410369873047,0,5ae5e852554299546bf82fb8,,,,,
0,0,0.3254122734069824,0,5ab9b2c7554299743d22ebaf,,,,,
0,0.5,0.18892264366149902,0,5a862b0b554299211dda2a98,,,,,
0,0,0.3353910446166992,0,5a79db655542994bb94570f4,,,,,
0,0.09999999999999999,0.4096558094024658,0,5a8796f75542996e4f308865,,,,,
0,0,0.17551350593566895,0,5ac264195542992f1f2b38a5,,,,,
0,0,0.12307357788085938,0,5ac27afa5542990b17b153b5,,,,,
0,0,0.3024911880493164,0,5ae129115542990adbacf722,,,,,
0,0.8,0.13380861282348633,0,5a7736bc554299373536021b,,,,,
0,0,0.09488677978515625,0,5ae306115542992decbdcdc4,,,,,
0,0,0.22907161712646484,0,5ab1ea0a554299340b52542a,,,,,
0,0,0.3359251022338867,0,5ab50e0a5542990594ba9cf0,,,,,
0,0,0.12889385223388672,0,5ab2ce27554299545a2cfa98,,,,,
0,0.6666666666666666,0.14295649528503418,0,5ae1443855429920d5234362,,,,,
0,0.15384615384615383,0.2585563659667969,0,5ae201465542997f29b3c1f7,,,,,
0,0,0.1104574203491211,0,5a8ceb7a554299441c6b9f7b,,,,,
0,0,0.4456908702850342,0,5add15d15542994ed6169c70,,,,,
0,0,0.3304932117462158,0,5a8aeadc55429950cd6afbe0,,,,,
0,0,0.118499755859375,0,5a8cd6de55429941ae14df07,,,,,
0,0.3333333333333333,0.3850104808807373,0,5a77bc9955429967ab105256,,,,,
0,0,0.15742254257202148,0,5adfff0755429925eb1afbce,,,,,
0,0,0.4085237979888916,0,5ab2771e554299340b5254d8,,,,,
0,0.4,0.18735432624816895,0,5a727a635542994cef4bc2c9,,,,,
0,0.125,0.37659239768981934,0,5abce87e5542993a06baf9a5,,,,,
0,0,0.20116329193115234,0,5a7da98e5542990b8f503a17,,,,,
0,0.15384615384615385,0.31350183486938477,0,5ae0a5825542993d6555ebdf,,,,,
0,0,0.3520798683166504,0,5a7cff5755429907fabef09d,,,,,
0,0.14285714285714288,0.2940938472747803,0,5abd0803554299700f9d7979,,,,,
0,0,0.2859020233154297,0,5a88e7a55542993b751ca8ca,,,,,
0,0.13333333333333336,0.35097599029541016,0,5a773ae055429972597f14b0,,,,,
0,0,0.42249011993408203,0,5ae625935542995703ce8b2a,,,,,
0,0,0.6714227199554443,0,5ab828f25542992aa3b8c8a3,,,,,
0,0.14814814814814817,0.3923640251159668,0,5abe832a55429965af743f29,,,,,
0,0,0.14385056495666504,0,5a778b1e55429949eeb29ee3,,,,,
0,0,0.10421991348266602,0,5a7c4a6455429907fabeef53,,,,,
0,0.4444444444444445,0.19139647483825684,0,5a7e035d5542997cc2c474f6,,,,,
0,0,0.17300176620483398,0,5ade8ad95542992fa25da7b8,,,,,
0,0.11111111111111112,0.36177730560302734,0,5a793d335542994bb9456fca,,,,,
0,0.18181818181818182,0.17076349258422852,0,5ae1599155429901ffe4ae7b,,,,,
0,0,0.26544857025146484,0,5ab2beba554299166977408f,,,,,
0,0,0.12633419036865234,0,5ac3c0495542995ef918c215,,,,,
0,0,0.3633277416229248,0,5a8e2147554299068b959e67,,,,,
0,0,0.27648305892944336,0,5ab5a7f45542997d4ad1f1a5,,,,,
0,0.16,0.448225736618042,0,5ac2f6b8554299677310265f,,,,,
0,0,0.12692999839782715,0,5a7509175542993748c897a3,,,,,
0,0,0.3809175491333008,0,5abcce3355429965836004a5,,,,,
0,0,0.16221952438354492,0,5add114a5542994734353826,,,,,
0,0,0.29980921745300293,0,5a73595055429901807dafd6,,,,,
0,0,0.35124993324279785,0,5ab5062f55429942dd415fd1,,,,,
0,0.3076923076923077,0.4180417060852051,0,5adcd9fe5542990d50227d46,,,,,
0,0.07142857142857142,0.5169360637664795,0,5a83c9e45542992ef85e2361,,,,,
0,0,0.12246108055114746,0,5a8dbc8b554299441c6ba077,,,,,
0,0.14285714285714288,0.33861398696899414,0,5ab7209a554299110f219aba,,,,,
0,0,0.9626686573028564,0,5ab809bb5542990e739ec7f9,,,,,
0,0,0.4601757526397705,0,5ae765185542995703ce8c0f,,,,,
0,0,0.24929404258728027,0,5adfdef9554299025d62a36b,,,,,
0,0,0.12173581123352051,0,5ab98e2b5542996be202054e,,,,,
0,0,0.35518813133239746,0,5a8b058055429971feec4612,,,,,
0,0.15384615384615385,0.2744863033294678,0,5a8f64605542992414482aaa,,,,,
0,0,0.27346348762512207,0,5a824e0b554299676cceb254,,,,,
0,0,0.4863755702972412,0,5a8b051255429971feec460e,,,,,
0,0,0.32747864723205566,0,5ac235e355429951e9e684a2,,,,,
0,0.1081081081081081,0.8297219276428223,0,5ab32fc355429969a97a80fa,,,,,
0,0,0.354292631149292,0,5a8e8d665542995085b3744e,,,,,
0,0,0.12038779258728027,0,5ac4f7e955429924173fb523,,,,,
0,0,0.12783241271972656,0,5aba5c625542994dbf0198f2,,,,,
0,0.4444444444444445,0.23878240585327148,0,5a7a2dac5542990198eaf0b6,,,,,
0,0.7499999999999999,0.18080997467041016,0,5ae26af3554299492dc91c1c,,,,,
0,0,0.27039361000061035,0,5a7f5e0455429969796c1a12,,,,,
0,0,0.1503593921661377,0,5ab73de755429928e1fe383b,,,,,
0,0,0.14537429809570312,0,5a84afdc5542991dd0999d81,,,,,
0,0,0.20903420448303223,0,5a7dc2185542990b8f503a7b,,,,,
0,0,0.24586820602416992,0,5ab48f245542990594ba9c66,,,,,
0,0.4444444444444445,0.18587851524353027,0,5a8f43795542997ba9cb3204,,,,,
0,0,0.21076750755310059,0,5a875b755542996e4f308796,,,,,
0,0,0.2528066635131836,0,5ab31fea554299194fa9356a,,,,,
0,0,0.12407732009887695,0,5a7503945542996c70cfae76,,,,,
0,0.11111111111111112,0.3142094612121582,0,5ae60484554299546bf8301a,,,,,
0,0,0.4463975429534912,0,5ae80f73554299540e5a5722,,,,,
0,0.21052631578947367,0.37030816078186035,0,5ab5df4c5542997d4ad1f218,,,,,
0,0,0.29496312141418457,0,5ae165aa5542997b2ef7d1d1,,,,,
0,0,0.4479992389678955,0,5a8b027e55429950cd6afc45,,,,,
0,0,0.5836198329925537,0,5a7fd95d5542992e7d278dc5,,,,,
0,0,0.13102126121520996,0,5a7a3bed5542996c55b2dd45,,,,,
0,0,0.17970752716064453,0,5a83938c5542993344746049,,,,,
0,0,0.43450188636779785,0,5a7354e35542994cef4bc55b,,,,,
0,0,0.4730663299560547,0,5a72644b5542997f8278399a,,,,,
0,0,0.13315200805664062,0,5a7c5de155429935c91b5179,,,,,
0,0,0.12053346633911133,0,5a73672b5542991f29ee2de7,,,,,
0,0,0.1273808479309082,0,5ac4e07e5542996feb3fe95c,,,,,
0,0,0.33892035484313965,0,5a8aad0d5542992d82986f55,,,,,
0,0,0.11330103874206543,0,5ac4db1d554299076e296e1a,,,,,
1,1.0,0.14331936836242676,0,5a80b35c5542992bc0c4a7b8,,,,,
0,0,0.26362037658691406,0,5ab2118055429970612095b8,,,,,
0,0,0.13106703758239746,0,5adfba9555429942ec259b1e,,,,,
0,0,0.18860888481140137,0,5a7b895c5542997c3ec97206,,,,,
0,0,0.13875770568847656,0,5a72334755429971e9dc934c,,,,,
0,0,0.7739415168762207,0,5ab720685542993667793f44,,,,,
0,0.4,0.20191001892089844,0,5ab9339f554299131ca422bb,,,,,
0,0,0.3045499324798584,0,5ae2c509554299492dc91c68,,,,,
0,0,0.14872455596923828,0,5a8341c255429954d2e2ec6e,,,,,
0,0,0.2389538288116455,0,5a7f44a65542992e7d278cd7,,,,,
0,0,0.13684296607971191,0,5a887293554299206df2b273,,,,,
0,0,0.16020941734313965,0,5a74bdce55429929fddd84e1,,,,,
0,0,0.21564197540283203,0,5abd81ff5542993062266cb3,,,,,
0,0.6666666666666666,0.12436842918395996,0,5a7b4d765542995eb53be8fe,,,,,
0,0,0.12123513221740723,0,5ade662155429975fa854ebd,,,,,
1,1.0,0.09581708908081055,0,5ae629215542995703ce8b34,,,,,
0,0,0.3197002410888672,0,5a89e0ec5542992e4fca8427,,,,,
0,0.11764705882352941,0.3422219753265381,0,5a90945755429933b8a2056c,,,,,
0,0,0.14309263229370117,0,5a8335d95542993344745ff1,,,,,
0,0,0.486919641494751,0,5ac1a6a85542994ab5c67db6,,,,,
0,0,0.2943258285522461,0,5a8b46925542995d1e6f133c,,,,,
0,0,0.22772598266601562,0,5ae444b55542996836b02c63,,,,,
0,0,0.3745434284210205,0,5a8ba45b554299240d9c2051,,,,,
0,0,0.11665606498718262,0,5ac3adc35542995ef918c1e2,,,,,
0,0.2857142857142857,0.1970226764678955,0,5add74b95542992ae4cec56f,,,,,
0,0,0.19715237617492676,0,5ab6b6fd5542995eadef006b,,,,,
0,0,0.10086822509765625,0,5ae3e1e95542994393b9e78b,,,,,
0,0,0.13129043579101562,0,5abc87a8554299114383a13e,,,,,
0,0,0.13656234741210938,0,5a7ba4765542995eb53be976,,,,,
1,1.0,0.11644434928894043,0,5a7b1a82554299042af8f6cf,,,,,
0,0.8571428571428571,0.18202519416809082,0,5ae37e6e5542992f92d822e0,,,,,
0,0,0.10830926895141602,0,5ae7ae9a5542993210983ef2,,,,,
0,0,0.20269012451171875,0,5ac082535542992a796ded2f,,,,,
0,0,0.1188206672668457,0,5add6f975542992200553b18,,,,,
0,0,0.3118758201599121,0,5a88d6df554299206df2b377,,,,,
0,0,0.15584468841552734,0,5ab2909a5542993be8fa994f,,,,,
0,0,0.37384533882141113,0,5ae083b75542993d6555eb85,,,,,
0,0,0.3234262466430664,0,5ae6dd745542996d980e7ca0,,,,,
0,0,0.12916874885559082,0,5a8dacf2554299068b959d91,,,,,
1,1.0,0.17154598236083984,0,5adcfdc555429947343537f4,,,,,
0,0,0.3079397678375244,0,5a7a616355429941d65f25f7,,,,,
0,0,0.1405932903289795,0,5a7ce7b755429909bec76872,,,,,
0,0.6666666666666666,0.15137410163879395,0,5a8dd9d25542995a26add420,,,,,
0,0.2857142857142857,0.20936155319213867,0,5ac4f12d55429924173fb4f6,,,,,
0,0.1904761904761905,0.5446689128875732,0,5a8ad59355429950cd6afba4,,,,,
0,0,0.4498567581176758,0,5ae1b53b5542997283cd2255,,,,,
0,0.16666666666666666,0.21143364906311035,0,5ae526c455429908b6326529,,,,,
0,0,0.3722805976867676,0,5a7e32905542991319bc943b,,,,,
0,0.11764705882352941,1.0768535137176514,0,5ae8202255429952e35eaa3a,,,,,
0,0.2,0.1542034149169922,0,5a81df7d55429926c1cdadaa,,,,,
0,0,0.18133091926574707,0,5ac372195542995ef918c194,,,,,
0,0,0.4270157814025879,0,5a7133fa5542994082a3e660,,,,,
0,0.19047619047619047,0.40186452865600586,0,5ae61ac355429929b0807ac6,,,,,
0,0.5714285714285715,0.15542817115783691,0,5a78c69e55429974737f787c,,,,,
0,0,0.2795991897583008,0,5a8b86645542997f31a41d62,,,,,
0,0,0.2729160785675049,0,5a807b44554299485f59860a,,,,,
0,0,0.25775718688964844,0,5ae3ffba5542995dadf242b2,,,,,
0,0,0.26853466033935547,0,5ae0111e55429906c02daabc,,,,,
0,0,0.33545422554016113,0,5a777fd655429949eeb29e93,,,,,
1,1.0,0.11679935455322266,0,5ae70f4c5542991bbc9761b2,,,,,
0,0,0.12348198890686035,0,5addc7e35542997545bbbdbe,,,,,
0,0,0.6170194149017334,0,5ae73ddb554299572ea5478d,,,,,
0,0.3636363636363636,0.23497462272644043,0,5a7c22bb554299683c1c62d3,,,,,
0,0,0.1444084644317627,0,5a74e9c255429974ef308c93,,,,,
0,0,0.10377311706542969,0,5a8dde01554299653c1aa159,,,,,
0,0,0.10657763481140137,0,5abce1af554299114383a178,,,,,
0,0.21052631578947367,0.4037768840789795,0,5a8257fa55429940e5e1a866,,,,,
0,0,0.42501020431518555,0,5a72830e5542994cef4bc2f9,,,,,
0,0.10526315789473684,0.45162200927734375,0,5a8de5d55542995085b3734d,,,,,
0,0,0.1270923614501953,0,5ade895955429975fa854ef5,,,,,
0,0.4,0.1704423427581787,0,5a7ecae055429934daa2fc6a,,,,,
0,0,0.3074197769165039,0,5adfa12c554299025d62a301,,,,,
0,0,0.360851526260376,0,5ae5bcbd55429960a22e0324,,,,,
0,0,0.11995506286621094,0,5a899f4955429946c8d6e971,,,,,
0,0,0.2509589195251465,0,5ae14def55429901ffe4ae4a,,,,,
0,0,0.40352582931518555,0,5adf21bc5542993344016bf4,,,,,
0,0,0.22997355461120605,0,5a77e9c055429949eeb29fa6,,,,,
0,0.06666666666666668,0.5756025314331055,0,5ac19eb35542994ab5c67da3,,,,,
1,1.0,0.10851144790649414,0,5a7f89c75542994857a76775,,,,,
0,0,0.38431286811828613,0,5ab6a3a3554299710c8d1f0d,,,,,
0,0,0.46231865882873535,0,5ac3295d5542995ef918c14d,,,,,
0,0,0.2667064666748047,0,5add6b595542992200553b0c,,,,,
0,0.4444444444444445,0.18729138374328613,0,5ae212c9554299495565d9de,,,,,
0,0,0.13348722457885742,0,5adcf20f5542994ed6169c2c,,,,,
0,0,0.1456446647644043,0,5ae2ff2055429928c4239598,,,,,
0,0,0.4103658199310303,0,5ac55e835542993e66e82375,,,,,
0,0.8,0.11399674415588379,0,5a7b9f1f554299294a54aa2a,,,,,
0,0,0.2663910388946533,0,5ab596d95542992aa134a371,,,,,
0,0.25,0.19846725463867188,0,5adf32165542993344016c15,,,,,
0,0,0.3193225860595703,0,5ae20427554299234fd04397,,,,,
0,0.5714285714285715,0.179671049118042,0,5a7fa48c5542994857a7679a,,,,,
0,0,0.30452990531921387,0,5ab677e2554299110f219a13,,,,,
0,0.6666666666666666,0.14748406410217285,0,5a7d2b535542995f4f402224,,,,,
0,0,0.1293938159942627,0,5ae720e9554299572ea54715,,,,,
0,0.1,0.35038256645202637,0,5a8393665542990548d0b1ea,,,,,
0,0,0.1771838665008545,0,5a84c01e5542991dd0999dd6,,,,,
0,0,0.38665223121643066,0,5abca6375542993a06baf946,,,,,
0,0,0.28806424140930176,0,5ae7f41c5542997ec2727701,,,,,
0,0,0.13276934623718262,0,5ac4fbe255429924173fb53b,,,,,
0,0.5714285714285715,0.18173694610595703,0,5a7744e45542993569682d37,,,,,
0,0,0.3223574161529541,0,5ae455d45542996836b02c7b,,,,,
0,0,0.11765766143798828,0,5a8f13d55542997ba9cb31c9,,,,,
0,0,0.1420609951019287,0,5ab809195542991d3222380f,,,,,
0,0,0.2175600528717041,0,5a8ee7c95542990e94052bb1,,,,,
0,0,0.35804128646850586,0,5abea7c25542990832d3a068,,,,,
0,0,0.2026374340057373,0,5a7172105542994082a3e837,,,,,
0,0,0.29198265075683594,0,5ac3c264554299204fd21e37,,,,,
0,0,0.16564655303955078,0,5a7542425542996c70cfaecc,,,,,
0,0.33333333333333337,0.19472432136535645,0,5a8e4e7855429917b4a5bd92,,,,,
0,0.25,0.193558931350708,0,5ade89d855429975fa854ef7,,,,,
0,0,0.5516219139099121,0,5a7636fb55429976ec32bd79,,,,,
1,1.0,0.12440037727355957,0,5adc0d2955429947ff1738e6,,,,,
0,0.08333333333333334,0.5522429943084717,0,5a81d1f0554299676cceb0ee,,,,,
0,0,0.19778680801391602,0,5adfa22655429942ec259ac4,,,,,
0,0,0.2847254276275635,0,5abaa32655429955dce3eeaa,,,,,
0,0.5,0.1315610408782959,0,5ac4f04e5542995c82c4ad81,,,,,
0,0.09090909090909091,0.5134525299072266,0,5ab2d65e554299545a2cfabe,,,,,
0,0.5454545454545454,0.2179241180419922,0,5ab6c1da554299710c8d1f4c,,,,,
0,0,0.2031688690185547,0,5a76c98855429972597f13d0,,,,,
0,0.15384615384615383,0.2439711093902588,0,5ae537895542990ba0bbb234,,,,,
0,0,0.3124997615814209,0,5abc00ff5542993f40c73c41,,,,,
0,0,0.14019775390625,0,5adcf48e5542992c1e3a24d4,,,,,
0,0,0.24150943756103516,0,5ae2d59755429928c42394ec,,,,,
0,0.26666666666666666,0.2714040279388428,0,5a8ac87d55429970aeb7031d,,,,,
0,0,0.63663649559021,0,5adf123f5542995ec70e8f63,,,,,
0,0.2222222222222222,0.32214784622192383,0,5a8d8abf5542994ba4e3dca1,,,,,
0,0,0.11865496635437012,0,5ae4988655429970de88d9c1,,,,,
0,0.16666666666666666,0.37474513053894043,0,5aba9db7554299232ef4a361,,,,,
0,0.25,0.4138498306274414,0,5a83c9445542992ef85e2360,,,,,
0,0,0.1343526840209961,0,5ae56a3f5542992663a4f1f4,,,,,
0,0,0.3395578861236572,0,5adf5e285542992d7e9f9323,,,,,
0,0,0.1494905948638916,0,5a839cb9554299123d8c2169,,,,,
0,0.19999999999999998,0.23140811920166016,0,5ae04a2755429924de1b7091,,,,,
0,0.19999999999999998,0.22930669784545898,0,5a859a0c5542992a431d1b69,,,,,
0,0,0.17386698722839355,0,5ade02d05542997545bbbe0d,,,,,
0,0.25,0.18899154663085938,0,5abd001d5542993a06baf9f2,,,,,
0,0.5,0.17181825637817383,0,5ae5a3bb55429960a22e0314,,,,,
0,0.33333333333333337,0.1858353614807129,0,5a86ec9f55429960ec39b6d7,,,,,
0,0,0.46172595024108887,0,5a8ee3a755429917b4a5be02,,,,,
0,0,0.11176061630249023,0,5a74397055429974ef308bbe,,,,,
0,0,0.1503751277923584,0,5a82360055429903bc27ba46,,,,,
0,0,0.2910182476043701,0,5ab94bc2554299743d22eacf,,,,,
0,0,0.3410975933074951,0,5ac131575542994d76dccdb6,,,,,
0,0.33333333333333337,0.4795513153076172,0,5a75a76b5542992db9473697,,,,,
0,0.11764705882352941,0.362490177154541,0,5adc2ae5554299438c868d64,,,,,
0,0,0.3048379421234131,0,5ab52bd1554299637185c4ee,,,,,
0,0,0.20271968841552734,0,5abd2af955429933744ab74b,,,,,
0,0,0.16568779945373535,0,5a7bcd68554299294a54aaf0,,,,,
0,0,0.12300992012023926,0,5a8cefc155429941ae14df55,,,,,
0,0,0.45157718658447266,0,5a76334c5542994ccc918710,,,,,
0,0.3,0.24643158912658691,0,5a8c5d3f554299585d9e3675,,,,,
0,0,0.17505311965942383,0,5ae02b6c55429924de1b7044,,,,,
0,0,0.1126859188079834,0,5a88982155429938390d3f81,,,,,
0,0,0.13945984840393066,0,5ade3b925542992fa25da70a,,,,,
0,0,0.2566261291503906,0,5ac23f98554299636651994b,,,,,
0,0,0.25388479232788086,0,5a7cfb2755429907fabef084,,,,,
0,0,0.29231929779052734,0,5ae471fa55429970de88d965,,,,,
0,0.18181818181818185,0.34180283546447754,0,5abec66b5542997ec76fd360,,,,,
0,0.28571428571428575,0.179429292678833,0,5a8e5a635542990e94052ae4,,,,,
0,0.2857142857142857,0.2884511947631836,0,5a80db5055429938b6142218,,,,,
0,0,0.14687466621398926,0,5ac308135542990b17b154f4,,,,,
0,0,0.12453126907348633,0,5add3aaa5542992ae4cec500,,,,,
0,0.5,0.22126555442810059,0,5a7622d75542994ccc9186f1,,,,,
0,0,0.11841201782226562,0,5a8f03855542997ba9cb3186,,,,,
0,0,0.13654780387878418,0,5a74be7a55429929fddd84e4,,,,,
0,0,0.1135869026184082,0,5abd580855429924427fcfb8,,,,,
0,0,0.19063663482666016,0,5a88940055429938390d3f7b,,,,,
0,0.4000000000000001,0.1886286735534668,0,5a7bacf35542997c3ec9724b,,,,,
0,0,0.24861812591552734,0,5ab93781554299131ca422c7,,,,,
0,0,0.34502625465393066,0,5a87100655429960ec39b71e,,,,,
0,0,0.301969051361084,0,5a80abd15542996402f6a5e0,,,,,
0,0.26666666666666666,0.39211463928222656,0,5a7ca55b55429907fabeefe0,,,,,
1,1.0,0.1146693229675293,0,5a8cc602554299653c1aa11a,,,,,
0,0.10526315789473684,0.12839102745056152,0,5ab941c2554299743d22ea88,,,,,
0,0,0.2844579219818115,0,5add47bf5542992200553a7f,,,,,
0,0,0.10875105857849121,0,5abd13b655429924427fceea,,,,,
0,0,0.13028860092163086,0,5abffa095542990832d3a1de,,,,,
0,0.3333333333333333,0.22579407691955566,0,5a7c02c45542996dd594b880,,,,,
0,0,0.3042755126953125,0,5a74512b55429974ef308bd5,,,,,
0,0,0.1389141082763672,0,5ae7c2dc5542994a481bbdd3,,,,,
0,0,0.2936577796936035,0,5ae22895554299495565da0c,,,,,
0,0.6666666666666666,0.1231529712677002,0,5aba67c255429955dce3ee10,,,,,
0,0,0.2706615924835205,0,5ae1fd8a5542994d89d5b2ee,,,,,
0,0,0.22919607162475586,0,5a8a6b625542996c9b8d5ed9,,,,,
1,1.0,0.1478288173675537,0,5a90b2175542990a984936ae,,,,,
0,0,0.10464310646057129,0,5ae14cf05542990adbacf742,,,,,
0,0,0.37626075744628906,0,5add23d05542994734353871,,,,,
0,0,0.15476036071777344,0,5a7f1ad155429934daa2fce2,,,,,
0,0,0.1121680736541748,0,5a7fb90655429969796c1b34,,,,,
0,0.5,0.1409471035003662,0,5ab531e55542990594ba9d24,,,,,
0,0,0.32272863388061523,0,5a886b7555429938390d3f4d,,,,,
0,0.6666666666666666,0.14804625511169434,0,5abee4ff5542993fe9a41d7d,,,,,
0,0,0.08643460273742676,0,5adbfffb5542994650320c39,,,,,
0,0,0.2837648391723633,0,5a7b63eb55429931da12ca7e,,,,,
0,0,0.13281846046447754,0,5ab3abe9554299753aec597e,,,,,
0,0.1,0.4235231876373291,0,5a87144155429960ec39b72b,,,,,
0,0,0.5842530727386475,0,5ae497595542995ad6573db7,,,,,
0,0.1818181818181818,0.20441889762878418,0,5a72a47d55429901807daf1f,,,,,
0,0,0.3040335178375244,0,5ac05e035542992a796decf7,,,,,
0,0,0.15145540237426758,0,5ac1725c5542994d76dcce2c,,,,,
0,0,0.3069305419921875,0,5adec4695542992fa25da83a,,,,,
0,0.5,0.16121983528137207,0,5a8a32d65542992d82986ef4,,,,,
0,0,0.13100457191467285,0,5a846c005542990548d0b2b3,,,,,
0,0,0.4338209629058838,0,5a7dbb295542990b8f503a4b,,,,,
0,0,0.21201324462890625,0,5abb8a9b5542996cc5e4a016,,,,,
0,0.3636363636363636,0.20726799964904785,0,5a7df1095542990b8f503afe,,,,,
0,0.15384615384615383,0.15630054473876953,0,5ae5086d55429908b63264eb,,,,,
0,0,0.194627046585083,0,5ae48aff5542996836b02cce,,,,,
0,0.17391304347826084,0.4713408946990967,0,5a7ca95b55429935c91b5287,,,,,
0,0,0.3246653079986572,0,5a8b465855429949d91db522,,,,,
0,0,0.49369144439697266,0,5ae7a2e255429952e35ea99e,,,,,
0,0,0.14947199821472168,0,5ab250b9554299722f9b4cd9,,,,,
0,0,0.13161110877990723,0,5add3fe05542992c1e3a2580,,,,,
0,0,0.22867727279663086,0,5a8bd2965542997f31a41dd1,,,,,
0,0,0.19270062446594238,0,5a87b6215542996e4f3088d6,,,,,
0,0,0.36965394020080566,0,5a81b2505542995ce29dcc32,,,,,
0,0,0.14155817031860352,0,5a7cce4b554299683c1c6388,,,,,
0,0,0.22788023948669434,0,5ac2cb09554299657fa29066,,,,,
0,0.08695652173913042,0.460482120513916,0,5ab3acc5554299233954ff7e,,,,,
0,0,0.4803495407104492,0,5a7c465a5542990527d5547f,,,,,
0,0,0.11553072929382324,0,5ac3a0b25542993915413838,,,,,
0,0,0.11344313621520996,0,5ac3ba0455429939154138f2,,,,,
0,0.5882352941176471,0.22670435905456543,0,5ab1d6545542997061209588,,,,,
0,0,0.13615632057189941,0,5abc23c45542993a06baf896,,,,,
0,0.1,0.39678096771240234,0,5a7b3fc155429931da12ca3a,,,,,
0,0,0.11929631233215332,0,5adc8cb45542994d58a2f651,,,,,
0,0,0.21623539924621582,0,5a82930655429966c78a6a5e,,,,,
0,0,0.1747903823852539,0,5ae09ea05542993d6555ebc1,,,,,
0,0,0.1267533302307129,0,5a85ecf25542991dd0999ec6,,,,,
0,0,0.14443492889404297,0,5ab572ff5542992aa134a31b,,,,,
0,0,0.3899369239807129,0,5a8e16a5554299068b959e58,,,,,
0,0.1111111111111111,0.3915536403656006,0,5a71380c5542994082a3e68b,,,,,
0,0,0.11798453330993652,0,5ae794215542997ec27276a8,,,,,
0,0,0.2342545986175537,0,5adc3d7455429944faac248a,,,,,
0,0,0.42000889778137207,0,5a75e3845542994ccc91864e,,,,,
0,0,0.19624900817871094,0,5a794119554299029c4b5f3c,,,,,
0,0,0.21584224700927734,0,5abe250f5542991f661060ef,,,,,
0,0.04545454545454545,0.8281216621398926,0,5a84cb255542991dd0999dfa,,,,,
0,0,0.36211490631103516,0,5a881cbb55429938390d3ee7,,,,,
0,0,0.11105942726135254,0,5a80b9df5542992bc0c4a7ec,,,,,
0,0.07407407407407407,0.5893809795379639,0,5a8c62f5554299585d9e367b,,,,,
0,0,0.22158527374267578,0,5a74a62b55429916b01641a0,,,,,
0,0.5,0.2058265209197998,0,5ab463da5542990594ba9c0d,,,,,
0,0,0.2503550052642822,0,5ae7b40e5542994a481bbdbd,,,,,
0,0,0.35222601890563965,0,5a8601f855429960ec39b5fd,,,,,
0,0.25,0.269237756729126,0,5ae8167b55429952e35eaa06,,,,,
0,0,0.11135196685791016,0,5adddce05542992200553b70,,,,,
0,0,0.43998146057128906,0,5a8e494e5542995a26add4c8,,,,,
0,0.5,0.16869473457336426,0,5a8d9de2554299068b959d62,,,,,
0,0,0.11895012855529785,0,5a7e6f295542991319bc94b1,,,,,
0,0,0.15053105354309082,0,5ae3992d5542994393b9e722,,,,,
0,0,0.3766045570373535,0,5ac406c155429919431738fc,,,,,
0,0.26666666666666666,0.3449087142944336,0,5ab1e97f554299340b525427,,,,,
0,0,0.11438155174255371,0,5a8b05c855429949d91db46a,,,,,
0,0,0.41680288314819336,0,5ae3263455429928c4239634,,,,,
0,0,0.49409961700439453,0,5ac249f55542992f1f2b3831,,,,,
0,0.11111111111111112,0.32358264923095703,0,5a9058e655429916514e747e,,,,,
0,0,0.4546027183532715,0,5ac371aa5542995ef918c191,,,,,
0,0,0.11125779151916504,0,5ac0f7df554299012d1db667,,,,,
0,0,0.32287144660949707,0,5ade1ddf55429939a52fe827,,,,,
0,0,0.21032977104187012,0,5ab9d7e4554299232ef4a21f,,,,,
1,1.0,0.14430904388427734,0,5ab9180b5542991b5579f0f3,,,,,
0,0,0.12604928016662598,0,5ab85f555542992aa3b8c8ca,,,,,
0,0,0.1191556453704834,0,5a77727555429972597f1540,,,,,
0,0,0.1261446475982666,0,5ab674ee5542995eadeefff2,,,,,
0,0,0.29801464080810547,0,5a838a3d554299123d8c215d,,,,,
0,0.125,0.32384395599365234,0,5a8be7735542997f31a41df2,,,,,
0,0.2222222222222222,0.3293495178222656,0,5a7b55375542995eb53be91f,,,,,
0,0,0.3963634967803955,0,5a8297c055429954d2e2eb71,,,,,
0,0,0.39011192321777344,0,5a8af11a55429950cd6afc21,,,,,
0,0.5,0.1637742519378662,0,5a74879255429974ef308c1d,,,,,
0,0.24,0.4325096607208252,0,5a84d2ea5542992a431d1aa8,,,,,
0,0,0.13424086570739746,0,5ab913205542991b5579f0e0,,,,,
1,1.0,0.12234783172607422,0,5adc85b855429944faac24e9,,,,,
0,0,0.24428701400756836,0,5abe79c755429976d4830b2a,,,,,
0,0,0.12865257263183594,0,5a8f541e5542992414482a53,,,,,
0,0.2,0.2798342704772949,0,5a71148b5542994082a3e567,,,,,
0,0,0.3356790542602539,0,5ae33f9a5542990afbd1e0f1,,,,,
1,1.0,0.1174778938293457,0,5abbe40555429931dba145cd,,,,,
0,0,0.5266222953796387,0,5a8756f25542994775f607dc,,,,,
0,0.12903225806451613,0.6206908226013184,0,5ae1c2d8554299234fd042ee,,,,,
0,0,0.27809929847717285,0,5adc83c65542994d58a2f623,,,,,
0,0,0.40282487869262695,0,5ae72ca35542991e8301cb92,,,,,
0,0,0.15717101097106934,0,5a8af92c55429950cd6afc33,,,,,
0,0.08333333333333333,0.4652073383331299,0,5abfa2255542993fe9a41e18,,,,,
0,0,0.4291188716888428,0,5abafb6d5542992ccd8e7e92,,,,,
0,0.2222222222222222,0.21896648406982422,0,5a8340fd55429954d2e2ec6b,,,,,
0,0,0.43665003776550293,0,5a7b493855429931da12ca58,,,,,
0,0,0.2533431053161621,0,5adfd01f55429925eb1afa9f,,,,,
0,0.125,0.3767838478088379,0,5ae5fd395542996de7b71ab3,,,,,
0,0,0.32957935333251953,0,5ae17f1e5542990adbacf7a6,,,,,
0,0,0.11578154563903809,0,5ae222ec5542996483e648ff,,,,,
0,0.19999999999999998,0.2887914180755615,0,5ab5d2fe554299488d4d9a3e,,,,,
0,0.18181818181818182,0.28585124015808105,0,5a864d9e5542994775f6073d,,,,,
0,0,0.43628501892089844,0,5abd920e55429924427fd05d,,,,,
0,0.09090909090909091,0.5066823959350586,0,5ae07c6255429924de1b70d6,,,,,
0,0,0.2683253288269043,0,5abbe188554299642a094ba0,,,,,
0,0,0.12141895294189453,0,5adf3a0d5542992d7e9f92e8,,,,,
0,0,0.1326894760131836,0,5a7d1bf65542995ed0d165f0,,,,,
0,0.2857142857142857,0.29079580307006836,0,5ab7268b5542992aa3b8c7b1,,,,,
0,0.15384615384615385,0.3503425121307373,0,5ae4ebeb55429908b63264bb,,,,,
0,0.5714285714285715,0.1790318489074707,0,5a714bb35542994082a3e78f,,,,,
0,0,0.38130903244018555,0,5a836a2d554299334474600f,,,,,
1,1.0,0.12198472023010254,0,5ae1d1995542997283cd226c,,,,,
0,0.1818181818181818,0.21416783332824707,0,5ab965f25542996be20204c3,,,,,
0,0,0.25554704666137695,0,5a80f499554299260e20a1d9,,,,,
0,0,0.2886848449707031,0,5adcf3e35542994ed6169c3a,,,,,
0,0.14814814814814814,0.5193319320678711,0,5adf92f15542995534e8c7f3,,,,,
0,0,0.30545735359191895,0,5a74e6e855429974ef308c8e,,,,,
0,0,0.12980246543884277,0,5adbd60855429944faac2377,,,,,
0,0,0.13442349433898926,0,5a7c99705542990527d554de,,,,,
0,0,0.46779823303222656,0,5ae3fcfc5542995dadf2428c,,,,,
0,0,0.39073705673217773,0,5ab9618f554299743d22eb28,,,,,
0,0.2666666666666667,0.300628662109375,0,5adf53dc5542995534e8c791,,,,,
1,1.0,0.13956832885742188,0,5adfecf0554299603e4183c3,,,,,
0,0,0.1398615837097168,0,5a8662b955429960ec39b687,,,,,
0,0,0.37923097610473633,0,5a8f8e4d55429918e830d260,,,,,
0,0.25,0.2136695384979248,0,5a8d08ee55429941ae14df70,,,,,
0,0,0.3240373134613037,0,5ae72e5d5542991e8301cba8,,,,,
0,0.15384615384615385,0.3412330150604248,0,5ae2979a554299495565dade,,,,,
0,0.36363636363636365,0.2207193374633789,0,5ae764a85542997b22f6a720,,,,,
0,0.13333333333333333,0.33290672302246094,0,5a8510a25542994c784ddaf0,,,,,
0,0,0.21608495712280273,0,5a7600275542994ccc91867a,,,,,
0,0,0.4227938652038574,0,5ae0ee2c5542993d6555eca3,,,,,
1,1.0,0.16033077239990234,0,5adccaca5542994d58a2f6d5,,,,,
0,0,0.27030253410339355,0,5a88a35c554299206df2b316,,,,,
0,0,0.3721776008605957,0,5a8367c1554299334474600e,,,,,
0,0.6666666666666666,0.15420246124267578,0,5ae1f17e554299234fd04349,,,,,
0,0,0.4096560478210449,0,5a8889405542997e5c09a5f9,,,,,
0,0,0.4557199478149414,0,5a71224f5542994082a3e5c1,,,,,
0,0,0.16068458557128906,0,5ab7e3c45542995dae37e9db,,,,,
0,0.6666666666666666,0.16515421867370605,0,5a8c8f24554299653c1aa0ba,,,,,
0,0,0.3073129653930664,0,5ae73eca5542991e8301cc37,,,,,
0,0.4444444444444445,0.2164931297302246,0,5ab285d1554299449642c8dd,,,,,
0,0.22222222222222224,0.3209569454193115,0,5ac11a8d5542992a796dedee,,,,,
0,0,0.31957292556762695,0,5a81b4cc5542995ce29dcc3c,,,,,
0,0,0.4028000831604004,0,5ae142c455429920d5234355,,,,,
0,0.16666666666666669,0.2749447822570801,0,5a8651185542994775f60752,,,,,
0,0,0.4317893981933594,0,5ae80d25554299540e5a5709,,,,,
0,0,0.22174406051635742,0,5abbd12b55429931dba14577,,,,,
0,0,0.27323222160339355,0,5ac1218c55429964131be15c,,,,,
0,0.3846153846153846,0.48149538040161133,0,5adf1c3f5542993a75d263ec,,,,,
0,0,0.4501457214355469,0,5ade03da5542997dc7907120,,,,,
0,0,0.4191153049468994,0,5ae55e6855429960a22e02d0,,,,,
0,0,0.12537622451782227,0,5a7b177b55429927d897bf35,,,,,
0,0,0.17061853408813477,0,5ab67f4c55429953192ad2d9,,,,,
0,0.33333333333333337,0.17899656295776367,0,5a8db9b3554299068b959dde,,,,,
0,0,0.19318389892578125,0,5a88f0d455429946c8d6e8dc,,,,,
0,0,0.16256260871887207,0,5ae336495542990afbd1e0e1,,,,,
0,0.11764705882352941,0.40731382369995117,0,5adc2f53554299438c868d6d,,,,,
0,0,0.3607301712036133,0,5ac24cea55429951e9e6853a,,,,,
0,0,0.2586703300476074,0,5ab600fb554299488d4d9a82,,,,,
0,0.6666666666666666,0.16608572006225586,0,5a8c6d4e5542996e8ac88aa6,,,,,
0,0.15384615384615385,0.3291499614715576,0,5ac005a15542997719eab6fc,,,,,
0,0,0.35292863845825195,0,5abdc74755429965af743e36,,,,,
0,0,0.1443648338317871,0,5a8e06785542995085b37383,,,,,
0,0.06451612903225806,0.6134130954742432,0,5a8bf0835542995d1e6f146b,,,,,
0,0.10526315789473684,0.42471981048583984,0,5a8f25ed5542997ba9cb31f0,,,,,
0,0,0.3353278636932373,0,5a8e024f5542995085b37375,,,,,
0,0.10526315789473684,0.3564012050628662,0,5a8b14125542992d82986fd5,,,,,
0,0,0.11618828773498535,0,5aba6d0f55429955dce3ee19,,,,,
0,0,0.2623100280761719,0,5ab71b5c5542991d3222377e,,,,,
0,0,0.21465730667114258,0,5a8e0dbd554299068b959e3e,,,,,
0,0.3404255319148936,0.5704555511474609,0,5ae356045542990afbd1e10d,,,,,
1,1.0,0.10604739189147949,0,5ae075455542993d6555eb59,,,,,
0,0,0.38071632385253906,0,5a90503755429916514e7470,,,,,
0,0,0.2823648452758789,0,5a75377c55429929fddd8514,,,,,
0,0.2,0.4039950370788574,0,5a7eec6f55429934daa2fc7c,,,,,
0,0,0.18176889419555664,0,5a77863555429949eeb29ec6,,,,,
0,0,0.3426096439361572,0,5ab6e8e6554299710c8d1faf,,,,,
0,0,0.2648043632507324,0,5a7d47da5542990b8f503975,,,,,
0,0,0.2859835624694824,0,5abced075542993a06baf9ac,,,,,
0,0,0.13064193725585938,0,5a71646e5542994082a3e80e,,,,,
0,0,0.23839545249938965,0,5abd9b5255429924427fd06a,,,,,
0,0,0.1158440113067627,0,5ac017f4554299012d1db5a2,,,,,
0,0.5,0.11684703826904297,0,5ae791cf55429952e35ea978,,,,,
0,0,0.5139667987823486,0,5ae612f3554299546bf83065,,,,,
0,0.125,0.3489501476287842,0,5a84eecd5542994c784dda8e,,,,,
0,0,0.35998988151550293,0,5a7eb22655429930675135cb,,,,,
0,0,0.11586737632751465,0,5a7f6f4b5542994857a76740,,,,,
0,0,0.22052526473999023,0,5aba5e2555429955dce3edf1,,,,,
0,0,0.1621837615966797,0,5ae4eb9255429908b63264ba,,,,,
0,0,0.12903404235839844,0,5ab8ffc655429934fafe6e30,,,,,
0,0,0.1164400577545166,0,5ac05c245542992a796dece5,,,,,
0,0.18181818181818182,0.45782995223999023,0,5a8c03415542995e66a4752a,,,,,
0,0,0.12571430206298828,0,5adf715b5542992d7e9f9354,,,,,
0,0,0.2505216598510742,0,5a73520c5542994cef4bc53f,,,,,
0,0,0.12555813789367676,0,5addb0335542995b365fab5e,,,,,
0,0.5,0.2178177833557129,0,5a8b6eba55429950cd6afcfc,,,,,
0,0.22222222222222224,0.23720192909240723,0,5a89e3995542992e4fca844d,,,,,
0,0,0.14060115814208984,0,5a7ce444554299683c1c63c1,,,,,
0,0.15384615384615385,0.2820470333099365,0,5a8af56855429950cd6afc2f,,,,,
0,0.5,0.15384268760681152,0,5a882ffb5542994846c1ce0d,,,,,
0,0.33333333333333337,0.16649985313415527,0,5ac3b4e0554299741d48a2ec,,,,,
0,0.15384615384615383,0.1868901252746582,0,5ac0223f5542992a796dec9f,,,,,
0,0.16666666666666669,0.32410740852355957,0,5ab4f8c95542990594ba9cbb,,,,,
0,0,0.3226962089538574,0,5a776cfa5542993735360274,,,,,
0,0,0.20354723930358887,0,5ae824295542997ec272772f,,,,,
0,0,0.16752338409423828,0,5a7561495542992db947364e,,,,,
0,0.13333333333333333,0.2694883346557617,0,5ab8764155429919ba4e22fe,,,,,
0,0,0.11675357818603516,0,5a8b6ee255429950cd6afcfd,,,,,
0,0,0.4150722026824951,0,5a8031d05542996402f6a47c,,,,,
0,0,0.1463305950164795,0,5a7bf3da5542996dd594b869,,,,,
0,0.6666666666666666,0.10617303848266602,0,5ab78e2e55429928e1fe387d,,,,,
0,0,0.26284027099609375,0,5a8f5bb45542992414482a77,,,,,
0,0,0.29523706436157227,0,5ae0f3b955429920d523424e,,,,,
0,0,0.11461925506591797,0,5a716c415542994082a3e827,,,,,
0,0.4,0.31113362312316895,0,5ae0945d55429906c02daadd,,,,,
0,0,0.1359395980834961,0,5ae0335655429925eb1afc28,,,,,
0,0,0.22331881523132324,0,5a819e2755429903bc27b988,,,,,
0,0.375,0.3709545135498047,0,5a74f7405542996c70cfae59,,,,,
0,0.4,0.14765119552612305,0,5ae096d755429906c02daadf,,,,,
0,0.2222222222222222,0.22198247909545898,0,5ade1eda55429975fa854e71,,,,,
0,0,0.12374758720397949,0,5a80c01855429938b61421b8,,,,,
0,0,0.33362722396850586,0,5a87184a5542991e771816c5,,,,,
0,0.5714285714285715,0.17535638809204102,0,5a77d12755429967ab1052b8,,,,,
0,0,0.12749648094177246,0,5a80b9ae5542992bc0c4a7eb,,,,,
0,0,0.10631465911865234,0,5a77d3f555429967ab1052c5,,,,,
0,0,0.337475061416626,0,5ae121315542997b2ef7d0ee,,,,,
0,0,0.4486532211303711,0,5abfde655542997719eab6f2,,,,,
0,0.28571428571428575,0.1267859935760498,0,5adc82fc554299438c868dce,,,,,
1,1.0,0.13304567337036133,0,5ade1f1c55429939a52fe82d,,,,,
0,0.5,0.25190019607543945,0,5a77a7565542995d83181249,,,,,
0,0.10526315789473685,0.32273387908935547,0,5a8c743e5542996e8ac88ab3,,,,,
0,0,0.3901481628417969,0,5ab2af1655429929539467eb,,,,,
0,0,0.35112452507019043,0,5a7e08b55542997cc2c474fe,,,,,
0,0,0.24155259132385254,0,5a80799b5542992bc0c4a72e,,,,,
0,0,0.3677511215209961,0,5a8789115542994846c1cd9a,,,,,
0,0,0.11305046081542969,0,5a7c572655429935c91b5166,,,,,
0,0.15384615384615385,0.30604052543640137,0,5a9051615542995651fb5136,,,,,
0,0.4000000000000001,0.1571948528289795,0,5a7e60a855429949594199ae,,,,,
0,0.1818181818181818,0.2044665813446045,0,5abbf64055429965836003bc,,,,,
0,0,0.13019657135009766,0,5ab8284d5542990e739ec83f,,,,,
0,0,0.35514116287231445,0,5a808cbd5542996402f6a54b,,,,,
0,0.8,0.16091585159301758,0,5a7a01b15542996c55b2dcd1,,,,,
0,0,0.2610898017883301,0,5ae4d7fc5542990ba0bbb16f,,,,,
0,0,0.14338016510009766,0,5a79caad5542994f819ef09f,,,,,
0,0,0.11578607559204102,0,5ae153915542990adbacf752,,,,,
0,0,0.5489072799682617,0,5a87f3cb5542994846c1ce03,,,,,
0,0,0.2419600486755371,0,5abd455c55429924427fcf5a,,,,,
0,0,0.27219390869140625,0,5a739ef955429978a71e904b,,,,,
0,0,0.29657888412475586,0,5abd889f55429924427fd046,,,,,
0,0,0.426192045211792,0,5ac536485542996feb3fea2e,,,,,
0,0,0.3365175724029541,0,5adff45c55429925eb1afb8c,,,,,
0,0,0.18618106842041016,0,5a79e3555542994bb945712f,,,,,
0,0.06451612903225806,0.6056647300720215,0,5ae4bbf05542995ad6573e32,,,,,
0,0,0.9375119209289551,0,5a8682755542996432c571cf,,,,,
0,0,0.2593080997467041,0,5a82f35f5542995ce29dcd14,,,,,
0,0,0.2989346981048584,0,5ae6453e55429908198fa56c,,,,,
0,0.4444444444444445,0.22896862030029297,0,5a78a7025542990784727710,,,,,
0,0,0.40444493293762207,0,5ae37ec25542990afbd1e178,,,,,
0,0.6666666666666666,0.12302279472351074,0,5ae55a4e5542990ba0bbb285,,,,,
0,0.5,0.20662593841552734,0,5ab69e4f554299710c8d1eee,,,,,
0,0,0.2879478931427002,0,5add39ca5542992ae4cec4fb,,,,,
0,0.10526315789473685,0.8426270484924316,0,5adcfe7f5542992c1e3a24f1,,,,,
0,0,0.11593437194824219,0,5a72b2dc5542992359bc3173,,,,,
0,0.11764705882352941,0.2961597442626953,0,5ae122465542997b2ef7d0f4,,,,,
0,0,0.43536806106567383,0,5abfce075542994516f454f7,,,,,
0,0.16666666666666666,0.32095789909362793,0,5a8abb115542992d82986f66,,,,,
0,0,0.38333749771118164,0,5ac49a1c5542996feb3fe905,,,,,
1,1.0,0.13662409782409668,0,5ae1fced5542997283cd230e,,,,,
0,0.2,0.2768409252166748,0,5a7b1c6b55429931da12c9ca,,,,,
0,0.13333333333333336,0.36245083808898926,0,5a807e6f5542995d8a8ddf80,,,,,
0,0.6666666666666666,0.11541748046875,0,5a712fca5542994082a3e641,,,,,
0,0,0.3297121524810791,0,5a771d6155429966f1a36c6d,,,,,
0,0,0.40906834602355957,0,5ae2ad6b5542996483e64a3d,,,,,
0,0.12903225806451615,0.48158979415893555,0,5a8f137355429918e830d180,,,,,
0,0,0.28780293464660645,0,5ae4f6c755429960a22e022a,,,,,
0,0,0.0822291374206543,0,5a8dd47c5542995a26add3fa,,,,,
0,0,0.2542905807495117,0,5ab3d764554299233954ffc7,,,,,
0,0.2857142857142857,0.2645900249481201,0,5ab30f9a554299233954fef2,,,,,
0,0.125,0.3711099624633789,0,5a8af0a355429950cd6afc1c,,,,,
0,0,0.3656468391418457,0,5a85018d5542997b5ce3ff98,,,,,
1,1.0,0.13726568222045898,0,5adc6c4c5542994650320ce0,,,,,
0,0,0.16196560859680176,0,5a73b8d655429908901be31f,,,,,
0,0,0.2936818599700928,0,5ab30ebf554299753aec592c,,,,,
0,0.18181818181818182,0.25337743759155273,0,5ab41b8c5542996a3a969f40,,,,,
0,0,0.26482176780700684,0,5ab52cb2554299637185c4f1,,,,,
0,0,0.11165952682495117,0,5ae52ba755429908b6326538,,,,,
0,0,0.12642931938171387,0,5a88be405542997e5c09a6ab,,,,,
0,0,0.2945857048034668,0,5ae13bf1554299422ee99634,,,,,
0,0,0.09951519966125488,0,5ae785685542994a481bbd47,,,,,
0,0.18181818181818182,0.2893855571746826,0,5abd247e5542996e802b472f,,,,,
0,0,0.14982199668884277,0,5a81ff1a554299676cceb1c2,,,,,
0,0,0.11406826972961426,0,5a890b895542995153361278,,,,,
0,0,0.14278078079223633,0,5ae31d5a5542990afbd1e0b1,,,,,
0,0,0.19012880325317383,0,5add4fd15542992200553a98,,,,,
0,0,0.1401534080505371,0,5a8f6fbf5542992414482acd,,,,,
0,0.14285714285714285,0.32178544998168945,0,5a8841a35542994846c1ce69,,,,,
0,0,0.21387577056884766,0,5a8b3c5b55429971feec4684,,,,,
0,0,0.4574606418609619,0,5a730abe5542994cef4bc42f,,,,,
0,0,0.19685792922973633,0,5a7c76275542990527d554b4,,,,,
0,0,0.21354174613952637,0,5a8df72055429917b4a5bcf2,,,,,
0,0,0.3485426902770996,0,5ac471305542991943173998,,,,,
0,0.26666666666666666,0.27190709114074707,0,5a79dae35542994f819ef0d3,,,,,
0,0,0.3663904666900635,0,5a85e57a5542994c784ddbb1,,,,,
0,0,0.1512908935546875,0,5a84c89a5542992a431d1a9c,,,,,
0,0,0.14717626571655273,0,5adbf3fa554299438c868ce0,,,,,
0,0.3333333333333333,0.12909650802612305,0,5a8cacac554299585d9e3716,,,,,
0,0,0.17168116569519043,0,5ab672165542995eadeeffe0,,,,,
0,0,0.11645388603210449,0,5a7fa0d55542995d8a8dded3,,,,,
0,0,0.3284912109375,0,5a7cb8bc554299452d57b9be,,,,,
0,0.5,0.1693727970123291,0,5ae4957155429970de88d9bc,,,,,
0,0.25,0.6058359146118164,0,5a7d052255429909bec768fd,,,,,
0,0.2857142857142857,0.21137380599975586,0,5ab862f95542992aa3b8c8d4,,,,,
0,0,0.404738187789917,0,5ab692b5554299710c8d1ed6,,,,,
0,0,0.14589524269104004,0,5ab87b2955429934fafe6df4,,,,,
0,0,0.37930798530578613,0,5ae82c3d55429952e35eaa75,,,,,
0,0,0.19962763786315918,0,5ae326d85542991a06ce9938,,,,,
0,0,0.16658258438110352,0,5ade03c65542990dbb2f7f2e,,,,,
0,0,0.3100903034210205,0,5add7c455542990dbb2f7e5f,,,,,
0,0,0.31362271308898926,0,5adc54085542994650320cce,,,,,
0,0,0.12037491798400879,0,5ade04465542990dbb2f7f2f,,,,,
0,0.3529411764705882,0.34594297409057617,0,5a7384755542992d56e7e354,,,,,
0,0,0.12625432014465332,0,5a7dedb55542995f4f402317,,,,,
0,0,0.1453418731689453,0,5a77e70f5542992a6e59dfeb,,,,,
0,0.4,0.2884852886199951,0,5a801e68554299485f59856f,,,,,
0,0,0.23160243034362793,0,5adcd4325542994d58a2f6ed,,,,,
1,1.0,0.10445165634155273,0,5ae368715542991a06ce99bd,,,,,
0,0,0.12188196182250977,0,5ab9753055429970cfb8eb0b,,,,,
0,0,0.27909111976623535,0,5a8031c1554299485f598585,,,,,
0,0,0.11149811744689941,0,5ab6266555429953192ad277,,,,,
0,0,0.28569459915161133,0,5a76b56d554299373536017b,,,,,
0,0,0.18113064765930176,0,5a84be095542992a431d1a97,,,,,
0,0,0.10979938507080078,0,5ab520dd5542996a3a96a02c,,,,,
0,0.15789473684210525,0.5755572319030762,0,5a8ce88c55429941ae14df3b,,,,,
0,0,0.25469136238098145,0,5a7647b85542992d0ec0608a,,,,,
0,0,0.12012481689453125,0,5a74702555429929fddd8428,,,,,
0,0.5,0.13388633728027344,0,5a73626b55429901807db01e,,,,,
0,0,0.3570983409881592,0,5ae1ab715542997f29b3c0f7,,,,,
0,0,0.38675832748413086,0,5ae1d5a3554299234fd04319,,,,,
0,0,0.4572169780731201,0,5ae1f79f5542997283cd2302,,,,,
0,0,0.13263893127441406,0,5ab7c6995542993667794005,,,,,
0,0,0.1196749210357666,0,5a8197905542995ce29dcc10,,,,,
0,0,0.7224211692810059,0,5a83cce95542996488c2e4d6,,,,,
0,0,0.21317267417907715,0,5a8019db5542992097ad2fd5,,,,,
0,0,0.2792019844055176,0,5adec7925542995534e8c70d,,,,,
0,0,0.1363849639892578,0,5ab5487b554299494045ef68,,,,,
0,0,0.32171630859375,0,5adff1a255429925eb1afb5e,,,,,
0,0.1818181818181818,0.24561238288879395,0,5a8cbce1554299653c1aa103,,,,,
0,0.2222222222222222,0.2539658546447754,0,5aba9e235542994dbf019984,,,,,
0,0.2222222222222222,0.4388265609741211,0,5a77cba65542995d831812e2,,,,,
0,0.16666666666666669,0.2393958568572998,0,5ae27df25542992decbdcd2a,,,,,
0,0.1904761904761905,0.48490095138549805,0,5a7309a15542992359bc320c,,,,,
0,0,0.14527058601379395,0,5ae3e0535542992e3233c496,,,,,
0,0,0.39617276191711426,0,5abc6fba554299700f9d78c7,,,,,
0,0.28571428571428575,0.14066386222839355,0,5a75083b5542996c70cfae7e,,,,,
0,0,0.12682151794433594,0,5ade04d75542997dc7907125,,,,,
0,0,0.4420461654663086,0,5a7f567e5542992097ad2f22,,,,,
0,0,0.30928754806518555,0,5ae0ce4e554299603e41845f,,,,,
0,0,0.11166691780090332,0,5abd93115542996e802b47e0,,,,,
0,0,0.15511536598205566,0,5a734db15542994cef4bc523,,,,,
0,0,0.31057310104370117,0,5a876a4a5542993e715abf30,,,,,
0,0.1,0.40288233757019043,0,5a807ca5554299485f598613,,,,,
1,1.0,0.11458778381347656,0,5a8badef554299240d9c2080,,,,,
0,0,0.19817018508911133,0,5a771ead55429966f1a36c7c,,,,,
0,0,0.3515655994415283,0,5ae07db855429945ae95937a,,,,,
0,0,0.3585848808288574,0,5adc94dc5542990d50227cad,,,,,
0,0,0.3940262794494629,0,5a87b2fc5542996e4f3088d0,,,,,
0,0.16666666666666666,0.43851637840270996,0,5a81108855429926c1cdace2,,,,,
1,1.0,0.1397409439086914,0,5ab7c24e5542995dae37e998,,,,,
0,0,0.15677976608276367,0,5ab3b42c5542992ade7c6e4f,,,,,
0,0,0.8523211479187012,0,5ac15c1c5542994ab5c67cf7,,,,,
1,1.0,0.1697847843170166,0,5a843b045542996488c2e518,,,,,
0,0.25,0.24960947036743164,0,5ac2a20055429967731025cb,,,,,
0,0.25,0.3330378532409668,0,5ab29624554299545a2cf9b5,,,,,
1,1.0,0.10118913650512695,0,5a7143625542994082a3e71e,,,,,
0,0,0.327991247177124,0,5a76139b5542994ccc9186be,,,,,
0,0,0.1189887523651123,0,5a8ef1e35542995a26add57a,,,,,
0,0.3636363636363636,0.1959853172302246,0,5a8f7c9a55429918e830d239,,,,,
0,0,0.10338163375854492,0,5adfc8f45542992d7e9f93d0,,,,,
0,0,0.24527311325073242,0,5ab5cdb85542997d4ad1f1e0,,,,,
0,0.06666666666666667,0.6124327182769775,0,5a7d043755429909bec768f7,,,,,
1,1.0,0.12761235237121582,0,5adc597d55429947ff17392f,,,,,
0,0,0.26552510261535645,0,5abc436f5542993a06baf8c3,,,,,
0,0,0.14249062538146973,0,5ae7a6da5542994a481bbdb9,,,,,
0,0,0.36551833152770996,0,5a8ed87955429917b4a5bdd2,,,,,
0,0,0.16091609001159668,0,5a7da4865542990b8f5039ed,,,,,
0,0.5,0.11377477645874023,0,5a7350585542992359bc32f9,,,,,
0,0,0.8475706577301025,0,5ae54b6355429908b63265cc,,,,,
0,0,0.28487086296081543,0,5abd74c95542993062266ca2,,,,,
0,0,0.38364577293395996,0,5a79120755429974737f7966,,,,,
0,0.5,0.11937713623046875,0,5abd6f0855429933744ab7d5,,,,,
0,0,0.13620281219482422,0,5a8c52685542995e66a475bb,,,,,
0,0,0.19326996803283691,0,5ae3e84b5542996836b02bf0,,,,,
0,0.4444444444444445,0.18863964080810547,0,5a7148d25542994082a3e766,,,,,
0,0,0.2805905342102051,0,5a78ad26554299148911f913,,,,,
0,0.09090909090909091,0.44476890563964844,0,5ac0714f554299294b218fe1,,,,,
0,0,0.38423585891723633,0,5ae2a9c6554299492dc91c42,,,,,
0,0.18181818181818182,0.4075953960418701,0,5add18345542994ed6169c7e,,,,,
0,0,0.2586545944213867,0,5a7f40de5542992e7d278cc8,,,,,
1,1.0,0.13035106658935547,0,5abdb10f55429965af743dc9,,,,,
0,0,0.25014591217041016,0,5ab6633b55429954757d3278,,,,,
0,0,0.14037203788757324,0,5abb2a5f5542996cc5e49fca,,,,,
0,0,0.34455275535583496,0,5a81fbc25542990a1d231f09,,,,,
0,0.11764705882352941,0.3709139823913574,0,5abde7ba5542991f6610609e,,,,,
0,0.4,0.19037151336669922,0,5ab2c6d955429916697740c3,,,,,
0,0.25,0.1792452335357666,0,5a81fa59554299676cceb1b0,,,,,
0,0,0.1509687900543213,0,5adcdf455542994ed6169c11,,,,,
0,0,0.11141395568847656,0,5ab5d6155542997d4ad1f1fa,,,,,
0,0.33333333333333337,0.40679192543029785,0,5ab480c45542990594ba9c36,,,,,
0,0.18181818181818182,0.2665138244628906,0,5a7fc6e45542992e7d278d73,,,,,
0,0,0.6997313499450684,0,5ac0784e554299294b218ff6,,,,,
0,0,0.21817803382873535,0,5add56ad5542992200553abf,,,,,
0,0,0.11602663993835449,0,5ac29f58554299657fa28fe4,,,,,
0,0.2857142857142857,0.30733227729797363,0,5ade6acf554299728e26c71a,,,,,
0,0.125,0.359027624130249,0,5ac179bf5542994ab5c67d60,,,,,
0,0.3333333333333333,0.1833784580230713,0,5a78d2b955429974737f78c0,,,,,
0,0.125,0.3226511478424072,0,5a84aca95542992a431d1a89,,,,,
0,0,0.3055691719055176,0,5ae5b81d5542990ba0bbb2c2,,,,,
0,0,0.37939906120300293,0,5ae762835542997b22f6a711,,,,,
0,0,0.12465643882751465,0,5ac4d717554299076e296e0e,,,,,
0,0.1904761904761905,0.3978755474090576,0,5a83b4d35542996488c2e495,,,,,
1,1.0,0.10484433174133301,0,5ab5cb4f554299637185c616,,,,,
0,0,0.12107133865356445,0,5a73266d5542994cef4bc47d,,,,,
0,0,0.11265254020690918,0,5a9094ba55429933b8a2056d,,,,,
0,0,0.2673783302307129,0,5abbb42555429931dba144af,,,,,
0,0,0.1362438201904297,0,5add43335542995b365faae1,,,,,
0,0,0.13946294784545898,0,5ae7535c5542997b22f6a6d8,,,,,
0,0.33333333333333337,0.2277364730834961,0,5ae226755542996483e64906,,,,,
0,0.2,0.18726205825805664,0,5ab21682554299722f9b4ca9,,,,,
0,0.2105263157894737,0.27109646797180176,0,5ab7f22a5542991d322237d4,,,,,
0,0,0.11529970169067383,0,5a8268aa55429940e5e1a8aa,,,,,
0,0,0.12323546409606934,0,5adc8ab05542994d58a2f642,,,,,
0,0,0.09749960899353027,0,5a84bb825542991dd0999dbe,,,,,
0,0,0.13518166542053223,0,5a89a74e554299669944a562,,,,,
0,0,0.38819193840026855,0,5a9051d955429916514e7474,,,,,
0,0,0.5838830471038818,0,5add5ac95542992200553ace,,,,,
0,0,0.13297057151794434,0,5ac34fdb554299741d48a24a,,,,,
0,0.09523809523809523,0.7672708034515381,0,5a7d26fd554299452d57bb2a,,,,,
0,0,0.4277150630950928,0,5ab5052a5542990594ba9ccf,,,,,
0,0,0.3613150119781494,0,5ab5627b5542992aa134a2ff,,,,,
0,0,0.12144017219543457,0,5a83316b5542993344745fe5,,,,,
0,0,0.32355356216430664,0,5a7cd7f055429909bec7683e,,,,,
0,0,0.12363004684448242,0,5ae6f1675542991bbc9761a1,,,,,
0,0,0.13541865348815918,0,5abf1e825542997ec76fd3cb,,,,,
0,0.19999999999999998,0.3016834259033203,0,5ab416a25542996a3a969f28,,,,,
0,0,0.1696949005126953,0,5abb2f2f554299232ef4a3d7,,,,,
0,0,0.4978907108306885,0,5abb8e2d554299642a094aa4,,,,,
0,0,0.13068318367004395,0,5a8dae82554299068b959d99,,,,,
0,0.7692307692307693,0.18594908714294434,0,5ac41f1d5542991943173924,,,,,
0,0.4615384615384615,0.2391507625579834,0,5ae2aa345542996483e64a25,,,,,
0,0,0.4071807861328125,0,5a77aa8655429949eeb29f22,,,,,
0,0,0.6441242694854736,0,5ae4083755429970de88d885,,,,,
0,0,0.2264096736907959,0,5ae0847455429945ae959394,,,,,
,,,,5ab761d955429928e1fe3856,,,,,Ollama request exceeded timeout limit for model stable-qwen with error: timed out
0,0,0.14960670471191406,0,5a7e801b5542997cc2c47557,,,,,
0,0.09999999999999999,0.4820711612701416,0,5ae1e11c554299234fd04335,,,,,
0,0,0.338331937789917,0,5ab9dd1f554299232ef4a22d,,,,,
0,0,0.2833075523376465,0,5a88341c5542994846c1ce20,,,,,
0,0,0.11237263679504395,0,5a8baf635542996e8ac889c6,,,,,
0,0.0625,0.6426539421081543,0,5a7f1e805542993067513640,,,,,
0,0.4444444444444445,0.4107387065887451,0,5adf67e95542993344016c72,,,,,
0,0,0.3829364776611328,0,5ae33bdc5542992f92d8225e,,,,,
0,0,0.34820127487182617,0,5abbfc2b554299642a094bc9,,,,,
0,0,0.11707472801208496,0,5ae69e6d5542996d980e7c62,,,,,
0,0,0.27667927742004395,0,5ae75e335542991e8301cc70,,,,,
0,0.0909090909090909,0.45212316513061523,0,5ac3a2f35542993915413856,,,,,
0,0.14285714285714288,0.25948047637939453,0,5ab4eecb55429942dd415faa,,,,,
0,0,0.14975905418395996,0,5adfeeed55429925eb1afb44,,,,,
0,0.18181818181818182,0.2531130313873291,0,5ac00cde554299012d1db58a,,,,,
0,0,0.4225759506225586,0,5a7bd286554299683c1c62bd,,,,,
0,0,0.629561185836792,0,5a8a38135542996c9b8d5e59,,,,,
0,0,0.18089890480041504,0,5a8b2ccf55429971feec4665,,,,,
0,0,0.34452247619628906,0,5ac509e95542994611c8b333,,,,,
0,0.2,0.2159268856048584,0,5a78c56455429974737f7876,,,,,
0,0,0.17396950721740723,0,5adf5c175542995ec70e8fd0,,,,,
0,0,0.13766837120056152,0,5ae786c8554299540e5a55d7,,,,,
0,0.26666666666666666,0.3806729316711426,0,5a78abbc554299148911f90c,,,,,
0,0.5,0.20685887336730957,0,5ab6d9b25542995eadef00c8,,,,,
0,0,0.11321711540222168,0,5ae7cea355429952e35ea9c1,,,,,
0,0,0.22947955131530762,0,5ae470815542996836b02c9f,,,,,
0,0,0.4055485725402832,0,5ae1fd995542997283cd2313,,,,,
0,0,0.16702651977539062,0,5a793bc95542994bb9456fc3,,,,,
0,0,0.1820087432861328,0,5a8f25ba55429924144829e9,,,,,
0,0.08695652173913045,0.5038974285125732,0,5a7f4cb055429969796c1a02,,,,,
0,0,0.23679661750793457,0,5ac2381355429951e9e684a9,,,,,
0,0,0.4897911548614502,0,5a74ee175542996c70cfae41,,,,,
0,0,0.12877964973449707,0,5a77b6535542995d83181274,,,,,
0,0,0.12012410163879395,0,5a8a39195542992d82986f04,,,,,
0,0,0.3303539752960205,0,5ab431d855429942dd415ed2,,,,,
0,0.4,0.3373575210571289,0,5a8efef05542997ba9cb3178,,,,,
0,0,0.12554407119750977,0,5a8aecff55429950cd6afbef,,,,,
0,0.42857142857142855,0.22685647010803223,0,5a7243915542990c210a4086,,,,,
0,0.5333333333333333,0.22602367401123047,0,5a73235c5542994cef4bc475,,,,,
0,0,0.17168235778808594,0,5ac285335542996773102552,,,,,
0,0,0.11298656463623047,0,5a75d9c05542992db94736f6,,,,,
0,0.15384615384615385,0.23853206634521484,0,5ae51fa25542992663a4f11f,,,,,
0,0,0.4242594242095947,0,5a7fc03d5542992097ad2fbc,,,,,
0,0.19999999999999998,0.1830899715423584,0,5ae1bf46554299234fd042e6,,,,,
0,0.18181818181818182,0.21492314338684082,0,5a80a1b25542992bc0c4a78c,,,,,
0,0,0.24891972541809082,0,5a7f9cbd5542994857a7677c,,,,,
0,0.42105263157894735,0.34475135803222656,0,5abb8ebe5542993f40c73b2d,,,,,
0,0.15384615384615385,0.30514073371887207,0,5ab91dc555429919ba4e23b4,,,,,
0,0,0.2570772171020508,0,5ab5ec2a5542992aa134a3e3,,,,,
0,0,0.12801504135131836,0,5a80e03e55429938b614222c,,,,,
0,0,0.1357283592224121,0,5ab82d095542990e739ec853,,,,,
0,0,0.1108849048614502,0,5a89dc81554299669944a5dc,,,,,
0,0,0.31188297271728516,0,5a8effb55542997ba9cb317f,,,,,
0,0.2,0.21746277809143066,0,5ab3ede755429976abd1bcf4,,,,,
0,0,0.41718244552612305,0,5a7d2afb554299452d57bb41,,,,,
0,0,0.5558593273162842,0,5a8f1cfa554299458435d581,,,,,
0,0,0.3937532901763916,0,5ac2768d5542990b17b153a8,,,,,
0,0.4,0.14900970458984375,0,5ae4ce835542990ba0bbb14d,,,,,
0,0,0.1696462631225586,0,5a8a77fd55429930ff3c0de3,,,,,
0,0,0.10755300521850586,0,5ab1c2bf5542997061209558,,,,,
0,0,0.4370913505554199,0,5a758aff5542992d0ec05fb2,,,,,
0,0,0.14287900924682617,0,5a88d7875542993b751ca876,,,,,
0,0.15384615384615385,0.32395458221435547,0,5ae12bcc5542997b2ef7d11a,,,,,
0,0,0.11230683326721191,0,5ac52f8e5542996feb3fea14,,,,,
0,0,0.1357436180114746,0,5a7d41425542997cc2c4743b,,,,,
0,0.6666666666666666,0.16839909553527832,0,5ab3b7c555429969a97a8190,,,,,
0,0.08,0.4839191436767578,0,5a7d72bb5542990b8f50398e,,,,,
0,0,0.37038493156433105,0,5a89ec7b5542992e4fca8483,,,,,
0,0,0.12959694862365723,0,5abd8ac25542993062266cc2,,,,,
0,0,0.5199687480926514,0,5ac2610f55429951e9e68593,,,,,
0,0.5,0.14014625549316406,0,5a85ee635542994775f606b4,,,,,
0,0.6666666666666666,0.1242671012878418,0,5a7a96555542990198eaf159,,,,,
0,0.21052631578947367,0.32970094680786133,0,5ae53c9655429960a22e0290,,,,,
0,0,0.1474292278289795,0,5adf8c965542993344016cf5,,,,,
0,0,0.3631706237792969,0,5a8e39475542995085b373f1,,,,,
0,0,0.8503477573394775,0,5a74e5aa5542996c70cfae2e,,,,,
0,0.36363636363636365,0.2403123378753662,0,5ab2a32f554299706120967b,,,,,
0,0,0.13826537132263184,0,5add1d575542992c1e3a2540,,,,,
0,0.08695652173913045,0.45442819595336914,0,5ac3b62b554299741d48a2f6,,,,,
0,0,0.3934664726257324,0,5a832f9d5542993344745fe4,,,,,
0,0,0.1625657081604004,0,5a7a919455429941d65f26b5,,,,,
0,0,0.14253449440002441,0,5a7145d55542994082a3e73c,,,,,
0,0.11764705882352941,0.3222696781158447,0,5abd04bd5542992ac4f381a9,,,,,
0,0.4285714285714285,0.2349705696105957,0,5a87bc3f5542996432c57275,,,,,
0,0,0.1257460117340088,0,5ab27287554299722f9b4d2c,,,,,
0,0.1111111111111111,0.30456113815307617,0,5ab9dd9a554299232ef4a231,,,,,
0,0.3333333333333333,0.10975408554077148,0,5a8ed30655429917b4a5bdcd,,,,,
0,0,0.23583769798278809,0,5a8f06075542995b44241f2d,,,,,
0,0,0.10681605339050293,0,5adcea3755429947343537ca,,,,,
0,0.4,0.20549225807189941,0,5a8ac02d5542996c9b8d5f6f,,,,,
0,0.5714285714285715,0.16995453834533691,0,5a7b8d4955429927d897bfeb,,,,,
0,0.0606060606060606,0.6277384757995605,0,5ab3bb7b55429969a97a8198,,,,,
0,0,0.32235121726989746,0,5ae03cd855429924de1b7072,,,,,
0,0,0.23729896545410156,0,5aba549f554299232ef4a290,,,,,
0,0,0.1209406852722168,0,5adea95055429939a52fe931,,,,,
0,0.3333333333333333,0.15278005599975586,0,5a808f3f5542992097ad2ffd,,,,,
0,0,0.289520263671875,0,5a8d0e305542994ba4e3dbbe,,,,,
0,0,0.12808752059936523,0,5a8e17ce554299653c1aa169,,,,,
0,0,0.30683302879333496,0,5ab6c94c554299710c8d1f5e,,,,,
0,0,0.21402859687805176,0,5adbf81a554299438c868cfd,,,,,
0,0,0.258925199508667,0,5a79fe3b5542994f819ef119,,,,,
0,0,0.345562219619751,0,5adf80605542995534e8c7d2,,,,,
0,0.20689655172413793,0.5773088932037354,0,5ab2c418554299545a2cfa67,,,,,
0,0,0.13492703437805176,0,5add2eab5542992ae4cec4da,,,,,
0,0,0.22554922103881836,0,5abd6be55542993062266c89,,,,,
0,0.08,0.34929609298706055,0,5ae849cc5542997ec2727798,,,,,
0,0,0.36116456985473633,0,5a7cb993554299452d57b9c2,,,,,
0,0.5,0.20442438125610352,0,5abfaa445542990832d3a18c,,,,,
0,0,0.15605568885803223,0,5a7f251155429934daa2fcf2,,,,,
0,0,0.38062310218811035,0,5ae13e205542997b2ef7d157,,,,,
0,0,0.2834339141845703,0,5ae08dad55429945ae9593b9,,,,,
0,0.09523809523809523,0.43257808685302734,0,5a86eee85542994775f60787,,,,,
0,0,0.12102556228637695,0,5adc51375542996e68525300,,,,,
0,0,0.13711214065551758,0,5ac5461d5542993e66e82296,,,,,
0,0,0.30547118186950684,0,5a735c3a55429901807daff7,,,,,
0,0,0.4529390335083008,0,5a778e8755429949eeb29ef4,,,,,
0,0.5,0.13814544677734375,0,5ae3f33e5542991a06ce9a3d,,,,,
0,0,0.48369765281677246,0,5ab41f6b5542991751b4d671,,,,,
0,0,0.11978507041931152,0,5ac38d1f55429939154137c3,,,,,
0,0,0.2677478790283203,0,5ab9530a55429970cfb8ea62,,,,,
0,0,0.19472193717956543,0,5ab8680755429934fafe6da8,,,,,
0,0,0.12822890281677246,0,5a74e8a25542996c70cfae37,,,,,
0,0.16666666666666669,0.29956483840942383,0,5a87bd4e5542994846c1cde0,,,,,
0,0,0.11478590965270996,0,5ab4c8735542996a3a969fcb,,,,,
0,0,0.10675406455993652,0,5a89bcc85542992e4fca83a7,,,,,
0,0.10526315789473682,0.29459261894226074,0,5a8f9cdb554299458435d69c,,,,,
0,0,0.22801423072814941,0,5ae45adc55429970de88d93f,,,,,
0,0,0.42063021659851074,0,5a8ec02e5542995a26add501,,,,,
0,0,0.09314179420471191,0,5a8e0c595542995085b373b0,,,,,
0,0,0.4390435218811035,0,5abec90a5542994516f45438,,,,,
0,0,0.44466233253479004,0,5a7b68a75542997c3ec97153,,,,,
0,0.08,0.5550518035888672,0,5a7360235542991f29ee2dc7,,,,,
0,0,0.3250102996826172,0,5a775e095542994aec3b72b4,,,,,
0,0,0.17496156692504883,0,5a90206155429933b8a20481,,,,,
0,0,0.10636591911315918,0,5ae5d19155429929b08079bc,,,,,
0,0.1904761904761905,0.4539310932159424,0,5ab3a83d5542992ade7c6e08,,,,,
0,0,0.39075207710266113,0,5a722a6855429971e9dc9320,,,,,
0,0,0.1744232177734375,0,5a77c58b55429967ab105281,,,,,
0,0,0.30346012115478516,0,5ae7473f5542991bbc9761d2,,,,,
0,0,0.10094380378723145,0,5adf8f675542995534e8c7eb,,,,,
0,0,0.18094182014465332,0,5abf0bf95542997719eab63a,,,,,
0,0,0.7632510662078857,0,5a7b9a8a554299042af8f78d,,,,,
1,1.0,0.14365315437316895,0,5ab439bd55429942dd415eee,,,,,
0,0.09090909090909093,0.33993053436279297,0,5a72df275542992359bc31b3,,,,,
0,0,0.23660016059875488,0,5a8740ee5542994846c1cd35,,,,,
0,0,0.25546765327453613,0,5ae4ad3155429913cc2044cb,,,,,
0,0.14285714285714285,0.5266437530517578,0,5ac2ab9455429967731025f0,,,,,
0,0.2,0.22803711891174316,0,5ae5b25d5542990ba0bbb2bb,,,,,
0,0,0.2774515151977539,0,5adfffe755429925eb1afbd1,,,,,
0,0.33333333333333337,0.16695523262023926,0,5abdcad155429965af743e4d,,,,,
0,0,0.4609391689300537,0,5ae09b7055429906c02daae4,,,,,
0,0,0.2756311893463135,0,5ab960d6554299743d22eb21,,,,,
0,0,0.10868620872497559,0,5ac3090d5542990b17b154fc,,,,,
0,0.5,0.11204028129577637,0,5a7dd8cb5542995f4f4022d0,,,,,
0,0.0909090909090909,0.3779623508453369,0,5a85b2895542994c784ddb49,,,,,
0,0,0.12444138526916504,0,5ae0ab7755429945ae959407,,,,,
0,0.4,0.17748045921325684,0,5a836a765542996488c2e446,,,,,
0,0.4,0.17654943466186523,0,5ab90e9755429934fafe6e51,,,,,
0,0.5,0.12082362174987793,0,5a8d6d4e554299441c6b9fdb,,,,,
0,0.4444444444444445,0.19955658912658691,0,5ae4db9c55429908b6326492,,,,,
0,0,0.1556246280670166,0,5ae234385542992decbdcc59,,,,,
0,0,0.4038560390472412,0,5ae3eabc5542995dadf2424f,,,,,
0,0,0.13782620429992676,0,5ae123875542997b2ef7d0fa,,,,,
0,0,0.12914538383483887,0,5a8494b15542991dd0999d35,,,,,
0,0.4,0.15908527374267578,0,5ae2b83c5542992decbdcd7f,,,,,
0,0,0.23110246658325195,0,5ab9cfe655429970cfb8ebaf,,,,,
0,0,0.3786654472351074,0,5a8ae0ae55429950cd6afbc2,,,,,
0,0,0.3017587661743164,0,5ab2ac3d55429929539467ce,,,,,
0,0.16666666666666669,0.44583916664123535,0,5a8ff83c55429916514e73f3,,,,,
0,0,0.3278510570526123,0,5ade0a275542997545bbbe2d,,,,,
1,1.0,0.11257767677307129,0,5a8834f05542994846c1ce26,,,,,
0,0,0.23836064338684082,0,5a7f35015542992e7d278c8a,,,,,
0,0,0.13611125946044922,0,5a7750a155429966f1a36cef,,,,,
0,0,0.11817073822021484,0,5ab9ba6e554299743d22ebcd,,,,,
1,1.0,0.11277484893798828,0,5a7db0915542990b8f503a30,,,,,
0,0.16666666666666666,0.2986128330230713,0,5a8f0986554299458435d535,,,,,
0,0.5714285714285715,0.16405129432678223,0,5a7a51b95542990783324f0f,,,,,
0,0.3333333333333333,0.19053125381469727,0,5ab6973f554299110f219a25,,,,,
0,0.5714285714285715,0.16132855415344238,0,5a8f21c755429918e830d195,,,,,
0,0,0.5873088836669922,0,5adef5fb5542993a75d263be,,,,,
0,0,0.2499256134033203,0,5a7613c15542994ccc9186bf,,,,,
0,0,0.35187435150146484,0,5adf03b35542993a75d263d3,,,,,
0,0,0.11768627166748047,0,5abc5603554299700f9d7875,,,,,
0,0,0.13828325271606445,0,5abeb6645542993fe9a41d11,,,,,
0,0,0.317990779876709,0,5a89e85c5542992e4fca846f,,,,,
0,0,0.1304149627685547,0,5a7d6a2d5542991319bc93c6,,,,,
0,0,0.11694216728210449,0,5a835a7b554299123d8c20fc,,,,,
0,0,0.27633094787597656,0,5ac273455542992f1f2b38d4,,,,,
0,0,0.17834162712097168,0,5a87ed5b5542994846c1cdfc,,,,,
0,0,0.33770251274108887,0,5adf5fa65542993a75d264db,,,,,
0,0,0.12865066528320312,0,5ae7821b5542997ec2727678,,,,,
0,0,0.3918945789337158,0,5abd2cde5542993062266bb1,,,,,
0,0,0.22263717651367188,0,5a8c4c5f554299585d9e3651,,,,,
0,0.33333333333333337,0.37501096725463867,0,5ab9b4a555429970cfb8eb75,,,,,
0,0.5,0.11457061767578125,0,5ae56c875542990ba0bbb2a2,,,,,
0,0,0.2919611930847168,0,5add1c485542992c1e3a253d,,,,,
0,0,0.13144874572753906,0,5adde2475542997545bbbdc1,,,,,
0,0.16666666666666666,0.1921391487121582,0,5a841b215542990548d0b25b,,,,,
0,0.09523809523809523,0.37443089485168457,0,5ae618535542995703ce8af7,,,,,
0,0.16666666666666666,0.2147359848022461,0,5a7c703055429935c91b51aa,,,,,
0,0,0.1282176971435547,0,5a90485755429933b8a204d2,,,,,
0,0.11764705882352941,0.3019282817840576,0,5adc393f5542996e685252e7,,,,,
1,1.0,0.13716721534729004,0,5a72b9155542992359bc3187,,,,,
0,0.23529411764705882,0.28529977798461914,0,5abc0aba55429959677d6a00,,,,,
0,0,0.37376928329467773,0,5a84b9c95542997b5ce3ff35,,,,,
0,0,0.12933850288391113,0,5addcb215542997dc7907033,,,,,
0,0.1,0.6967778205871582,0,5ade51515542992fa25da745,,,,,
0,0.06666666666666668,0.5508978366851807,0,5a7e513a5542994959419996,,,,,
0,0,0.2724604606628418,0,5adf51595542993344016c52,,,,,
0,0,0.332291841506958,0,5a737e4655429908901be2cc,,,,,
0,0,0.3696415424346924,0,5ab7022f5542995eadef010e,,,,,
0,0,0.14648795127868652,0,5ac194db55429964131be23a,,,,,
0,0,0.1434776782989502,0,5a7526945542993748c897d2,,,,,
0,0.1818181818181818,0.24402427673339844,0,5ab5b0f75542992aa134a38c,,,,,
0,0,0.14138460159301758,0,5ac42f42554299076e296d88,,,,,
0,0,0.18348121643066406,0,5a72944c5542994cef4bc351,,,,,
1,1.0,0.13734817504882812,0,5a8a44c65542996c9b8d5e85,,,,,
0,0,0.16043472290039062,0,5a8220db5542995ce29dccc1,,,,,
0,0.1818181818181818,0.19266629219055176,0,5a7100435542994082a3e4a3,,,,,
0,0,0.2676687240600586,0,5a84b6e15542991dd0999daa,,,,,
0,0,0.11172604560852051,0,5a848a725542990548d0b2c7,,,,,
0,0.4,0.29930877685546875,0,5a8719fa55429960ec39b742,,,,,
1,1.0,0.12273430824279785,0,5a883c175542997e5c09a5ae,,,,,
1,1.0,0.13605666160583496,0,5a79f04d5542996c55b2dca7,,,,,
0,0.03225806451612903,1.0414574146270752,0,5add4d8f5542997545bbbd25,,,,,
0,0,0.11606335639953613,0,5ae138d855429920d523432d,,,,,
0,0,0.1226813793182373,0,5ab3063e554299753aec58fe,,,,,
0,0,0.17368841171264648,0,5a83697e5542996488c2e441,,,,,
0,0,0.366527795791626,0,5a721a7655429971e9dc9271,,,,,
0,0,0.6760382652282715,0,5ab2b5a0554299295394683c,,,,,
0,0,0.25371551513671875,0,5ae4d0ff55429913cc204511,,,,,
0,0,0.24339604377746582,0,5ae141a65542997b2ef7d18a,,,,,
0,0,0.11460661888122559,0,5a90991d5542990a9849366b,,,,,
0,0,0.1497938632965088,0,5ab2b7c1554299166977406a,,,,,
0,0.23529411764705882,0.3298373222351074,0,5ac2570a5542992f1f2b3861,,,,,
1,1.0,0.1398763656616211,0,5ac434ed554299204fd21f09,,,,,
0,0.11764705882352941,0.3617856502532959,0,5ae54e005542993aec5ec19a,,,,,
0,0.5,0.12226271629333496,0,5add97c15542997545bbbd80,,,,,
0,0,0.4263629913330078,0,5a8359c7554299123d8c20fb,,,,,
0,0,0.09997415542602539,0,5abe3c7555429965af743ea5,,,,,
1,1.0,0.11056923866271973,0,5ab7c3ed5542991d322237b2,,,,,
0,0,0.3069803714752197,0,5ac083b0554299294b21900d,,,,,
0,0,0.25119733810424805,0,5a89d2d75542992e4fca83d2,,,,,
0,0.14285714285714288,0.31780123710632324,0,5abdbabe5542993f32c2a028,,,,,
0,0.13333333333333333,0.4000678062438965,0,5a7f1c195542993067513633,,,,,
0,0,0.4373459815979004,0,5a7228f655429971e9dc9312,,,,,
0,0,0.17722320556640625,0,5ab682dc55429954757d3318,,,,,
0,0,0.22275376319885254,0,5ab294a6554299545a2cf9a6,,,,,
0,0.11764705882352941,0.49622368812561035,0,5ae163b3554299422ee99678,,,,,
0,0,0.4742088317871094,0,5a849c1b5542997175ce1ef9,,,,,
0,0,0.12293052673339844,0,5ae414d855429970de88d8ec,,,,,
0,0.13333333333333333,0.30716466903686523,0,5ab5dcb95542992aa134a3b3,,,,,
0,0.15384615384615385,0.23133277893066406,0,5ac2c4fe554299218029db3b,,,,,
0,0,0.4106442928314209,0,5ae644c55542992663a4f27e,,,,,
0,0,0.22745633125305176,0,5a7fc8d05542992e7d278d86,,,,,
0,0,0.125291109085083,0,5ae5621655429908b63265fc,,,,,
0,0,0.19587016105651855,0,5a72339855429971e9dc934d,,,,,
0,0.1111111111111111,0.44016408920288086,0,5a886211554299206df2b24a,,,,,
0,0,0.36895179748535156,0,5ae1dac85542997283cd229a,,,,,
0,0,0.24791812896728516,0,5ab31adc554299233954ff0a,,,,,
0,1.0,0.13214564323425293,0,5a7ca33f5542990527d554ee,,,,,
0,0,0.18643808364868164,0,5a8a39b355429930ff3c0d13,,,,,
0,0,0.1150822639465332,0,5a806e01554299485f5985e5,,,,,
0,0.18181818181818182,0.26130032539367676,0,5ab96c93554299743d22eb63,,,,,
0,0,0.4112231731414795,0,5a79c3785542994bb9457074,,,,,
0,0.19999999999999998,0.2528421878814697,0,5ac047a3554299294b218f70,,,,,
0,0.6666666666666666,0.207991361618042,0,5a7b74485542997c3ec97190,,,,,
0,0,0.1259005069732666,0,5a8b20b85542996c9b8d5fb5,,,,,
0,0.2,0.2535717487335205,0,5abcd44655429959677d6af1,,,,,
0,0,0.12853169441223145,0,5ae2f5b955429928c423957e,,,,,
0,0,0.11324620246887207,0,5ae7eed8554299540e5a56b5,,,,,
0,0,0.19347262382507324,0,5a8e0370554299068b959e2d,,,,,
0,0,0.9238145351409912,0,5ab44a775542991779162c57,,,,,
0,0.07407407407407407,0.5648436546325684,0,5a77dbaf5542997042120b5b,,,,,
0,0.28571428571428575,0.18658232688903809,0,5a8481ba5542997175ce1ed4,,,,,
0,0,0.1057748794555664,0,5abed2b45542990832d3a0d0,,,,,
0,0.4000000000000001,0.18970441818237305,0,5a790d9855429974737f7954,,,,,
0,0,0.5527651309967041,0,5ae22eae554299495565da30,,,,,
0,0,0.1431417465209961,0,5ae70c7b5542991bbc9761aa,,,,,
0,0,0.4627878665924072,0,5abae88c554299660624167e,,,,,
0,0,0.2277085781097412,0,5a8d12ca5542994ba4e3dbe2,,,,,
0,0.16666666666666666,0.43073368072509766,0,5a7271525542997f827839d0,,,,,
0,0,0.2642991542816162,0,5a8ea7f25542995085b37468,,,,,
0,0,0.2096104621887207,0,5a821b4b5542995ce29dccab,,,,,
0,0,0.13161897659301758,0,5ac2da27554299657fa2909f,,,,,
0,0.3333333333333333,0.16649246215820312,0,5a8771595542993e715abf46,,,,,
0,0,0.15337800979614258,0,5a8d0c74554299585d9e37a1,,,,,
0,0,0.5603277683258057,0,5abfd5c45542994516f4550e,,,,,
0,0,0.28207969665527344,0,5a7d115355429909bec76934,,,,,
1,1.0,0.11339831352233887,0,5a82800855429966c78a6a2f,,,,,
0,0,0.29369235038757324,0,5a8671e95542994775f60763,,,,,
0,0,0.2291584014892578,0,5ae347fb5542992e3233c368,,,,,
0,0.06451612903225806,0.6309010982513428,0,5adf744d5542992d7e9f937e,,,,,
0,0,0.3167600631713867,0,5a773c5c55429966f1a36cbb,,,,,
0,0.125,0.4026181697845459,0,5a847edd554299123d8c2272,,,,,
0,0.6666666666666666,0.12755966186523438,0,5a7d68e25542995f4f402270,,,,,
0,0,0.12294697761535645,0,5ab5b701554299637185c5e7,,,,,
0,0,0.10515904426574707,0,5ab61668554299488d4d9aa6,,,,,
0,0.4444444444444445,0.2771430015563965,0,5a8da97c554299068b959d84,,,,,
0,0,0.16085433959960938,0,5a73ae3b55429978a71e907c,,,,,
0,0,0.4715580940246582,0,5ae00895554299025d62a3b2,,,,,
0,0,0.12541460990905762,0,5abd6db755429933744ab7d0,,,,,
1,1.0,0.11821365356445312,0,5a7f3361554299306751369a,,,,,
0,0,0.1694939136505127,0,5ae1cf355542997f29b3c126,,,,,
0,0,0.33490610122680664,0,5a8778d25542994846c1cd89,,,,,
0,0,0.3911581039428711,0,5abce73055429959677d6b34,,,,,
0,0,0.14164209365844727,0,5abae14b5542996606241657,,,,,
0,0,0.13875508308410645,0,5ac0c84a554299012d1db633,,,,,
1,1.0,0.13559842109680176,0,5ae5da8d55429929b08079d1,,,,,
0,0.07999999999999999,0.468975305557251,0,5a72f0e25542991f9a20c5cf,,,,,
0,0,0.4514641761779785,0,5abe9cc95542993f32c2a184,,,,,
1,1.0,0.1188819408416748,0,5a7502345542993748c89795,,,,,
0,0,0.11728358268737793,0,5ade0e115542995b365fabf3,,,,,
0,0.23529411764705882,0.31583404541015625,0,5a88a23f5542997e5c09a652,,,,,
0,0.3636363636363636,0.3202230930328369,0,5a87b93c5542996e4f3088ec,,,,,
0,0,0.1836109161376953,0,5ab23d8a55429970612095c9,,,,,
0,0,0.11977934837341309,0,5abf11d45542997719eab660,,,,,
0,0,0.1249532699584961,0,5a70eee85542994082a3e3f0,,,,,
0,0,0.4994316101074219,0,5a73250a5542991f9a20c643,,,,,
0,0.6666666666666666,0.1326909065246582,0,5adfed5e55429942ec259b92,,,,,
0,0.4,0.1450965404510498,0,5a8832d355429938390d3f03,,,,,
0,0,0.26511597633361816,0,5ae4bb1255429913cc2044e7,,,,,
0,0,0.11223006248474121,0,5abe6f8455429965af743f03,,,,,
0,0,0.5192978382110596,0,5a88401c5542994846c1ce60,,,,,
0,0.23529411764705882,0.38312411308288574,0,5a7ba11d554299294a54aa39,,,,,
0,0,0.22415471076965332,0,5a78bd515542990784727749,,,,,
0,0,0.10555672645568848,0,5abf64265542997ec76fd3eb,,,,,
0,0,0.28090691566467285,0,5a7a5ec855429941d65f25e4,,,,,
0,0.1111111111111111,0.4219982624053955,0,5ae038e955429942ec259c4d,,,,,
0,0,0.3968231678009033,0,5a77d25555429949eeb29f6c,,,,,
0,0,0.3216671943664551,0,5ab92f1f554299753720f77b,,,,,
0,0,0.1139369010925293,0,5ac24a035542992f1f2b3832,,,,,
0,0,0.42112040519714355,0,5ae55ed15542992663a4f1ea,,,,,
0,0,0.11443090438842773,0,5a8b6d885542997f31a41d25,,,,,
1,1.0,0.14981818199157715,0,5a7f68365542994857a7672e,,,,,
0,0,0.3175041675567627,0,5ae1d4e8554299234fd04312,,,,,
0,0,0.4250481128692627,0,5ae504a855429908b63264df,,,,,
0,0.19999999999999998,0.2355802059173584,0,5a8ae61955429970aeb70326,,,,,
0,0,0.3213837146759033,0,5ab8420555429919ba4e2290,,,,,
0,0,0.40969038009643555,0,5ae6316d5542996de7b71b87,,,,,
0,0.08695652173913043,0.45323610305786133,0,5abb254c5542992ccd8e7f29,,,,,
0,0.5,0.12922167778015137,0,5ae0b0af55429945ae959424,,,,,
0,0,0.21995925903320312,0,5ac3bd0c554299204fd21e21,,,,,
0,0,0.32123517990112305,0,5abfad3c5542990832d3a197,,,,,
0,0.15384615384615383,0.1821298599243164,0,5adcecbd5542992c1e3a24b7,,,,,
0,0,0.4502696990966797,0,5ae0120155429925eb1afbfb,,,,,
0,0.18181818181818185,0.3443584442138672,0,5ae5cf0b55429929b08079aa,,,,,
0,0,0.4917423725128174,0,5a7746cf5542994aec3b7263,,,,,
0,0,0.3333740234375,0,5a7109e95542994082a3e4fa,,,,,
0,0.19999999999999998,0.2648890018463135,0,5ae0536755429924de1b70a6,,,,,
0,0,0.11754703521728516,0,5ae5e8dc554299546bf82fbe,,,,,
0,0.09090909090909091,0.5092616081237793,0,5ae4f8b755429960a22e0230,,,,,
0,0.5,0.16822171211242676,0,5abd957a5542996e802b47eb,,,,,
0,0,0.2085728645324707,0,5ab48ec25542991779162cdc,,,,,
0,0,0.13193368911743164,0,5adca0845542994d58a2f684,,,,,
0,0,0.21647286415100098,0,5a8b2d3255429950cd6afc60,,,,,
0,0,0.3337109088897705,0,5a849c135542992a431d1a7a,,,,,
0,0.3333333333333333,0.21566271781921387,0,5ab2f50a55429929539468cd,,,,,
0,0.08695652173913045,0.4561192989349365,0,5a87081755429960ec39b6fe,,,,,
0,0,0.2464125156402588,0,5ac17c865542994ab5c67d6a,,,,,
0,0,0.2953524589538574,0,5a7943ea5542994bb9456fd3,,,,,
1,1.0,0.11933445930480957,0,5abdc18555429965af743e2b,,,,,
0,0.1111111111111111,0.32265496253967285,0,5a8a1aea5542992e4fca8508,,,,,
0,0,0.14752936363220215,0,5a8268215542995ce29dccfb,,,,,
0,0,0.3897428512573242,0,5a714f6f5542994082a3e7b3,,,,,
0,0.5,0.1315011978149414,0,5abfd3ba5542994516f4550a,,,,,
0,0.4444444444444445,0.21316146850585938,0,5abe7e1d55429976d4830b36,,,,,
0,0.6666666666666666,0.15175724029541016,0,5abbd4425542993f40c73bcc,,,,,
0,0,0.21366620063781738,0,5ac288a95542990b17b153e5,,,,,
0,0,0.22238826751708984,0,5a89e28f5542992e4fca843e,,,,,
0,0.14285714285714285,0.30540990829467773,0,5adfb10855429942ec259af9,,,,,
0,0,0.5562376976013184,0,5a7732dc55429972597f149b,,,,,
0,0,0.3791697025299072,0,5aba89365542994dbf019932,,,,,
1,1.0,0.14644503593444824,0,5a90a9a45542990a9849367e,,,,,
0,0,0.14980626106262207,0,5a7baae2554299042af8f794,,,,,
1,1.0,0.10570359230041504,0,5a78b5f7554299148911f95b,,,,,
0,0,0.34821081161499023,0,5ae199305542997b2ef7d20e,,,,,
0,0,0.4160501956939697,0,5ae362105542991a06ce99ae,,,,,
0,0,0.2997934818267822,0,5ab833ad5542990e739ec86f,,,,,
0,0.6666666666666666,0.1590898036956787,0,5a84b8555542991dd0999db2,,,,,
0,0,0.37033987045288086,0,5a78c66e55429974737f787b,,,,,
0,0.15384615384615385,0.3082106113433838,0,5ab5c8c5554299637185c60d,,,,,
0,0.25,0.2991666793823242,0,5ae544035542992663a4f1af,,,,,
0,0.0909090909090909,0.5017287731170654,0,5ac3a364554299391541385d,,,,,
0,0.5714285714285715,0.1930994987487793,0,5a77919d5542995d831811dd,,,,,
0,0,0.3465285301208496,0,5a899bf955429946c8d6e959,,,,,
0,0,0.40003490447998047,0,5adc6e035542994650320cec,,,,,
0,0,0.1289825439453125,0,5a75495a5542996c70cfaed8,,,,,
0,0,0.1202552318572998,0,5aba056255429939ce03dc55,,,,,
0,0.4444444444444445,0.34125852584838867,0,5a7b76225542997c3ec9719c,,,,,
0,0,0.1406707763671875,0,5ac02880554299012d1db5c0,,,,,
0,0.19999999999999998,0.2770071029663086,0,5adfcc625542992d7e9f93d3,,,,,
0,0,0.39357447624206543,0,5ae3f82a5542996836b02c01,,,,,
0,0.4,0.12834739685058594,0,5ae0d85d5542990adbacf67e,,,,,
0,0,0.5034966468811035,0,5ac2eb635542990b17b154a7,,,,,
0,0,0.1940596103668213,0,5a76404b5542994ccc91873d,,,,,
0,0.0425531914893617,0.8945727348327637,0,5abf8cc35542990832d3a14e,,,,,
0,0,0.33209657669067383,0,5a86f94a5542991e7718169e,,,,,
0,0.125,0.27326464653015137,0,5a80ad19554299485f5986a8,,,,,
0,0.2857142857142857,0.23114371299743652,0,5adcc7515542994ed6169bff,,,,,
0,0.3333333333333333,0.18178796768188477,0,5adcfebe5542992c1e3a24f3,,,,,
0,0.2,0.2512400150299072,0,5ae364285542991a06ce99b3,,,,,
0,0,0.13519859313964844,0,5ae5fa38554299546bf82ff1,,,,,
0,0,0.14840149879455566,0,5ae564a155429960a22e02e4,,,,,
0,0,0.38652539253234863,0,5ab446875542990594ba9bea,,,,,
0,0.5,0.13108086585998535,0,5adfa8d0554299025d62a32c,,,,,
0,0,0.36492228507995605,0,5ac30a79554299657fa290e2,,,,,
0,0,0.35033154487609863,0,5ae3fd595542995dadf24292,,,,,
0,0,0.12456965446472168,0,5a89e20a5542992e4fca8438,,,,,
0,0.09523809523809525,0.4904634952545166,0,5a84524a554299123d8c2203,,,,,
0,0,0.46700263023376465,0,5adcbb815542994ed6169bde,,,,,
0,0,0.3454740047454834,0,5ab4428c5542990594ba9bda,,,,,
0,0,0.1442556381225586,0,5ac14d0c5542991316484ae2,,,,,
0,0.2608695652173913,0.4014105796813965,0,5ac3c10a554299204fd21e33,,,,,
0,0.3529411764705882,0.3260352611541748,0,5add5f395542990dbb2f7e50,,,,,
0,0,0.3498826026916504,0,5a736e0155429901807db04f,,,,,
0,0,0.12151002883911133,0,5a734a205542992359bc32e2,,,,,
0,0.15384615384615385,0.22403502464294434,0,5ae484f855429970de88d999,,,,,
0,0,0.1407163143157959,0,5a8d18fb5542994ba4e3dbf2,,,,,
0,0,0.12049341201782227,0,5ac2a10e554299657fa28fec,,,,,
0,0,0.136549711227417,0,5a81e8a0554299676cceb157,,,,,
0,0.3333333333333333,0.13907933235168457,0,5a84ee4c5542997175ce1f2b,,,,,
0,0,0.39573097229003906,0,5a8e68b15542995085b3742d,,,,,
0,0,0.13283586502075195,0,5a8e03375542995a26add458,,,,,
0,0.6666666666666666,0.1660761833190918,0,5ab938fb554299131ca422ce,,,,,
0,0.125,0.3940389156341553,0,5ac4f9db55429924173fb532,,,,,
0,0.23529411764705882,0.3355522155761719,0,5ac4f33355429924173fb507,,,,,
0,0,0.2875499725341797,0,5a8bc3ac5542995e66a47501,,,,,
0,0,0.22437453269958496,0,5ab5d43f5542997d4ad1f1f6,,,,,
0,0,0.1808793544769287,0,5a8d7e1055429941ae14dfd8,,,,,
0,0,0.12635040283203125,0,5a8db348554299068b959dc2,,,,,
0,0.33333333333333337,0.176436185836792,0,5a76bbe85542993735360191,,,,,
0,0,0.2463850975036621,0,5ac39f7b554299218029dbe7,,,,,
0,0,0.43631982803344727,0,5a76f45a5542994aec3b719b,,,,,
0,0.7272727272727273,0.22781157493591309,0,5a738b855542992d56e7e363,,,,,
0,0,0.1852877140045166,0,5ae5b06e554299546bf82f2a,,,,,
0,0,0.21566033363342285,0,5a76648f5542992db9473795,,,,,
0,0,0.36664676666259766,0,5ae0593855429945ae959333,,,,,
0,0,0.2563357353210449,0,5a90492655429933b8a204d8,,,,,
0,0,0.14094901084899902,0,5a7b443c5542992d025e67ce,,,,,
0,0.4,0.1343982219696045,0,5a865d11554299211dda2b0d,,,,,
1,1.0,0.1463007926940918,0,5ae46ebc5542995dadf24331,,,,,
0,0,0.2800137996673584,0,5a7fc21455429969796c1b4b,,,,,
0,0,0.27412962913513184,0,5ae1dac95542997283cd229b,,,,,
1,1.0,0.14400196075439453,0,5ae48a2b55429913cc204494,,,,,
0,0.08695652173913045,0.4672200679779053,0,5a835a265542992ef85e2281,,,,,
0,0,0.3102724552154541,0,5ae4c8f35542990ba0bbb130,,,,,
0,0,0.40621161460876465,0,5abda6b255429965af743d9a,,,,,
0,0,0.10628676414489746,0,5a8a07725542992d82986e5b,,,,,
0,0.09523809523809525,0.45761942863464355,0,5a8911ad554299515336129c,,,,,
0,0,0.10916328430175781,0,5ade48795542992fa25da729,,,,,
0,0,0.2930750846862793,0,5ae35c945542992e3233c3bd,,,,,
0,0,0.2269749641418457,0,5abb9ad4554299642a094abe,,,,,
0,0,0.2817075252532959,0,5ae3a0be5542991a06ce9a05,,,,,
0,0,0.12346196174621582,0,5ac027005542996f0d89cb3d,,,,,
0,0,0.10892224311828613,0,5abc6d14554299700f9d78bf,,,,,
0,0,0.17827224731445312,0,5ab42b905542992339550040,,,,,
0,0.09090909090909091,0.38069677352905273,0,5a83155c55429954d2e2ec0e,,,,,
0,0,0.12668943405151367,0,5a77b6c85542992a6e59df96,,,,,
0,0.05,0.7854065895080566,0,5abdf06355429976d4830a2d,,,,,
0,0,0.2504127025604248,0,5ae291bb5542996483e649f6,,,,,
0,0,0.35292768478393555,0,5ac344d6554299741d48a23f,,,,,
0,0,0.11905455589294434,0,5ac4f42b55429924173fb50d,,,,,
0,0.16666666666666669,0.20890164375305176,0,5a75e29f5542992d0ec0600c,,,,,
0,0,0.39234209060668945,0,5ae397df5542994393b9e71f,,,,,
0,0,0.1348731517791748,0,5a825b0e55429954d2e2eb0c,,,,,
0,0,0.4418504238128662,0,5ab56b9b5542997d4ad1f113,,,,,
0,0.3333333333333333,0.2063431739807129,0,5ae1f48d554299234fd0436b,,,,,
0,0.08333333333333333,0.4707484245300293,0,5a8760e75542996e4f3087af,,,,,
0,0,0.17789292335510254,0,5a8f51185542992414482a3d,,,,,
0,0,0.1406574249267578,0,5ade66dd55429975fa854ebe,,,,,
0,0,0.12325191497802734,0,5ae256435542992decbdccc3,,,,,
0,0,0.11309933662414551,0,5ae1d52f554299234fd04315,,,,,
0,0.06896551724137932,0.5063309669494629,0,5a747a3755429974ef308c09,,,,,
0,0.5,0.12311553955078125,0,5a7ec6f355429934daa2fc61,,,,,
0,0,0.43721938133239746,0,5ab69f9a554299710c8d1ef8,,,,,
0,0,0.1454942226409912,0,5a75e814554299109176e5c7,,,,,
0,0.4,0.1360950469970703,0,5ab3c53955429969a97a81b9,,,,,
0,0,0.33962440490722656,0,5ab46f4e5542991751b4d770,,,,,
0,0,0.3842005729675293,0,5ae3dfb05542992e3233c490,,,,,
0,0.28571428571428575,0.16963434219360352,0,5ac13f425542991316484a96,,,,,
0,0,0.1723194122314453,0,5ab5d2ac5542992aa134a3a6,,,,,
0,0,0.3045322895050049,0,5ac286c055429963665199f8,,,,,
0,0.26666666666666666,0.25814151763916016,0,5abb0b5c5542996cc5e49f79,,,,,
0,0,0.2938516139984131,0,5a90937955429933b8a20568,,,,,
0,0.2758620689655173,0.49410176277160645,0,5a7a5ccf55429941d65f25d7,,,,,
0,0.19047619047619047,0.39569973945617676,0,5a80d6be55429938b6142206,,,,,
0,0,0.19773364067077637,0,5ae7e8b855429952e35ea9dd,,,,,
0,0.28571428571428575,0.21361327171325684,0,5a895f6155429946c8d6e914,,,,,
0,0.04878048780487805,0.8067572116851807,0,5abda8d55542992ac4f382e7,,,,,
0,0.2,0.19853591918945312,0,5abdce1b5542993062266cfe,,,,,
0,0.3333333333333333,0.1315317153930664,0,5ac2c338554299657fa29039,,,,,
0,0,0.10327339172363281,0,5ade64c7554299728e26c710,,,,,
0,0,0.3472018241882324,0,5a8646ec5542991e771815f2,,,,,
0,0,0.4616429805755615,0,5a89d48c554299515336132e,,,,,
0,0,0.2393355369567871,0,5a84c5545542991dd0999dee,,,,,
0,0,0.2723269462585449,0,5a8d40585542994ba4e3dc39,,,,,
0,0,0.5757286548614502,0,5abbee315542993f40c73c1d,,,,,
0,0,0.13857507705688477,0,5abbbaca55429931dba144ca,,,,,
0,0.28571428571428575,0.18361735343933105,0,5ab520645542991779162d85,,,,,
0,0,0.11678886413574219,0,5a7f53445542992097ad2f15,,,,,
0,0.4615384615384615,0.15071845054626465,0,5a77ad2f55429967ab105225,,,,,
0,0,0.1427762508392334,0,5a84a97f5542992a431d1a87,,,,,
0,0,0.13848471641540527,0,5ab6f7415542991d322236f4,,,,,
0,0,0.13335156440734863,0,5a8e0b7f5542995085b373ae,,,,,
0,0,0.26338744163513184,0,5a8d8f77554299068b959d3e,,,,,
0,0.16,0.40654587745666504,0,5ae267a35542992decbdccee,,,,,
0,0.3333333333333333,0.30907607078552246,0,5ae721c15542996d980e7cbc,,,,,
0,0,0.18044829368591309,0,5ac2782d55429963665199cc,,,,,
0,0.5714285714285715,0.19062042236328125,0,5a758ba75542992db9473677,,,,,
0,0,0.4173603057861328,0,5a8d77525542994ba4e3dc90,,,,,
0,0,0.3717305660247803,0,5abbfa8f55429965836003cc,,,,,
0,0,0.6451945304870605,0,5ae0ec48554299422ee9955a,,,,,
0,0.18181818181818182,0.4223499298095703,0,5a8f7a7055429918e830d230,,,,,
0,0.11764705882352941,0.42634057998657227,0,5ade82ba5542992fa25da7a3,,,,,
0,0,0.35288572311401367,0,5a7a48c45542994f819ef1b7,,,,,
0,0,0.6219635009765625,0,5ab2deb75542991669774118,,,,,
0,0,0.144484281539917,0,5a823fbf55429903bc27ba54,,,,,
0,0,0.26836466789245605,0,5a8f5a185542992414482a71,,,,,
0,0,0.3231837749481201,0,5ab2b1e05542997061209685,,,,,
0,0.08695652173913042,0.461442232131958,0,5a828c3355429940e5e1a8f0,,,,,
0,0,0.11750912666320801,0,5ab851e35542990e739ec8c3,,,,,
0,0,0.589632511138916,0,5a8e3ed7554299068b959e82,,,,,
0,0,0.17679190635681152,0,5a7be294554299294a54ab44,,,,,
0,0,0.3173041343688965,0,5ae04ea555429924de1b709e,,,,,
0,0,0.45420360565185547,0,5a728f3c5542992359bc30f4,,,,,
0,0,0.3173556327819824,0,5ac3959855429939154137f0,,,,,
0,0,0.12922286987304688,0,5a8782f25542996e4f308818,,,,,
0,0.16666666666666669,0.29573988914489746,0,5ae791245542997b22f6a7a3,,,,,
0,0,0.4190540313720703,0,5ae5366e5542990ba0bbb22b,,,,,
0,0.14285714285714285,0.3092019557952881,0,5abadcb35542996606241647,,,,,
0,0.10526315789473685,0.380338191986084,0,5ab7f78f5542991d322237e6,,,,,
0,0,0.4537076950073242,0,5a79178d554299029c4b5ef9,,,,,
0,0,0.15269136428833008,0,5a8c5eca554299240d9c213d,,,,,
0,0,0.1403186321258545,0,5ae5c212554299546bf82f4b,,,,,
0,0,0.14388632774353027,0,5ae736cb5542991bbc9761c2,,,,,
0,0,0.12029385566711426,0,5ab9b939554299743d22ebca,,,,,
0,0,0.2808840274810791,0,5a8463d05542990548d0b2a5,,,,,
0,0,0.23887014389038086,0,5a7da6015542995f4f40229d,,,,,
0,0.22222222222222224,0.17099905014038086,0,5ab2f85b55429929539468dc,,,,,
1,1.0,0.1451115608215332,0,5a75f7db5542994ccc918670,,,,,
0,0,0.4022965431213379,0,5abfa5fb5542990832d3a183,,,,,
0,0,0.15151500701904297,0,5ae588cb55429960a22e0300,,,,,
0,0,0.2373661994934082,0,5a7ab1e955429931da12c95d,,,,,
0,0,0.12151265144348145,0,5a79c8945542994bb945709e,,,,,
0,0,0.2686483860015869,0,5ac0805f5542992a796ded29,,,,,
1,1.0,0.1363377571105957,0,5ab310bb554299233954fef9,,,,,
0,0.26666666666666666,0.2783181667327881,0,5ade4801554299728e26c6ab,,,,,
0,0,0.12720465660095215,0,5aba33985542994dbf0198c3,,,,,
0,0,0.2620506286621094,0,5ac3e01d5542997ea680c969,,,,,
0,0,0.14903736114501953,0,5ab3a84b554299233954ff7b,,,,,
0,0.4,0.12684988975524902,0,5ab8723c55429934fafe6dbc,,,,,
0,0,0.2918088436126709,0,5a8ad2f3554299515336138d,,,,,
0,0,0.12653160095214844,0,5a83a7e15542992ef85e2347,,,,,
0,0,0.29778027534484863,0,5ab9625e55429970cfb8eaa9,,,,,
0,0,0.1347057819366455,0,5a77b1a75542992a6e59df8d,,,,,
0,0,0.29203319549560547,0,5a8612d45542996432c5719b,,,,,
1,1.0,0.11458563804626465,0,5a8f2fed55429918e830d1c7,,,,,
0,0,0.11111164093017578,0,5a78ce5d55429974737f78ac,,,,,
0,0,0.2309718132019043,0,5ae7f6be554299540e5a56db,,,,,
0,0,0.1269228458404541,0,5a7bc5f255429927d897c03e,,,,,
0,0,0.13946080207824707,0,5a88b513554299206df2b338,,,,,
0,0,0.30306386947631836,0,5ac0e0c75542997d64295a6e,,,,,
0,0.22222222222222224,0.15648269653320312,0,5a7284c85542991f9a20c4c0,,,,,
0,0,0.2846860885620117,0,5a7263e05542997f82783998,,,,,
0,0,0.29932355880737305,0,5ab96bf15542996be20204d8,,,,,
0,0,0.3330850601196289,0,5addfdf65542992200553bd2,,,,,
0,0,0.16155433654785156,0,5ac06e24554299294b218fd1,,,,,
0,0,0.4766240119934082,0,5adc914d5542994ed6169b90,,,,,
0,0,0.14836406707763672,0,5addc79d5542995b365fab7b,,,,,
0,0,0.16353821754455566,0,5aba7a22554299232ef4a2e7,,,,,
0,0,0.21396183967590332,0,5ab6644655429954757d327d,,,,,
0,0.8,0.15919232368469238,0,5a8edb7f55429917b4a5bdeb,,,,,
0,0.2857142857142857,0.23197269439697266,0,5a8e341c5542995085b373d6,,,,,
0,0,0.363095760345459,0,5ab931475542991b5579f12f,,,,,
0,0,0.4032292366027832,0,5a731c205542994cef4bc45d,,,,,
0,0,0.1413271427154541,0,5a7b971255429927d897bff3,,,,,
0,0,0.165755033493042,0,5a8ced46554299441c6b9f82,,,,,
0,0,0.1192936897277832,0,5a7c988755429935c91b524d,,,,,
0,0,0.14250493049621582,0,5ac175635542994ab5c67d4b,,,,,
0,0,0.26465296745300293,0,5a835b88554299123d8c2101,,,,,
0,0,0.19699335098266602,0,5a7a1f795542996c55b2dd1b,,,,,
0,0,0.33861231803894043,0,5abb7ff15542996cc5e4a015,,,,,
0,0.5,0.17345762252807617,0,5a84b5ac5542991dd0999da4,,,,,
0,0,0.1291191577911377,0,5a88a5645542997e5c09a679,,,,,
0,0,0.2305920124053955,0,5a8bba645542995e66a474e5,,,,,
0,0,0.34493207931518555,0,5a73024f5542991f9a20c5fc,,,,,
1,1.0,0.16387557983398438,0,5ab68a71554299710c8d1ec2,,,,,
0,0,0.3353273868560791,0,5a78f18855429974737f7915,,,,,
0,0,0.33551549911499023,0,5abb729b5542993f40c73af4,,,,,
0,0,0.4063408374786377,0,5ae490a85542995ad6573d9d,,,,,
0,0,0.42768001556396484,0,5a796bfd55429970f5fffeac,,,,,
0,0,0.20315790176391602,0,5a7c6c9d554299683c1c6302,,,,,
0,0,0.11727547645568848,0,5ac0fd56554299012d1db679,,,,,
0,0.16666666666666669,0.28775930404663086,0,5a777ca855429949eeb29e6a,,,,,
1,1.0,0.11672115325927734,0,5a909a1a55429916514e7506,,,,,
0,0.4,0.20743703842163086,0,5a734ca85542994cef4bc51b,,,,,
0,0.07407407407407407,0.47116875648498535,0,5a82028a554299676cceb1d6,,,,,
0,0,0.13964033126831055,0,5ac43ddf5542995c82c4ad08,,,,,
0,0.06896551724137931,0.638286828994751,0,5ae644cc55429908198fa568,,,,,
1,1.0,0.12726664543151855,0,5adfec5f55429942ec259b8d,,,,,
0,0.5,0.1530756950378418,0,5a749e1855429979e28829c3,,,,,
0,0.5714285714285715,0.19931340217590332,0,5ae31ca155429928c4239608,,,,,
0,0,0.12267136573791504,0,5a79cabc5542994f819ef0a1,,,,,
0,0,0.26969313621520996,0,5a77a3a355429967ab105211,,,,,
0,0,0.37964558601379395,0,5ae55ec855429908b63265f5,,,,,
0,0,0.28185391426086426,0,5ae14b0655429920d52343a6,,,,,
0,0,0.16011524200439453,0,5a74f8235542993748c89766,,,,,
0,0,0.6347928047180176,0,5adf8a065542992d7e9f9392,,,,,
0,0,0.12016963958740234,0,5a7a0201554299029c4b5f9e,,,,,
0,0,0.12567543983459473,0,5ac322c95542995ef918c117,,,,,
0,0,0.13451433181762695,0,5abc184a5542993a06baf863,,,,,
0,0.2,0.2066481113433838,0,5ae798ce55429952e35ea995,,,,,
0,0,0.11677360534667969,0,5ae61e7555429929b0807adf,,,,,
0,0,0.5299034118652344,0,5a71278c5542994082a3e5e2,,,,,
0,0.5,0.14428114891052246,0,5ab91ef3554299753720f708,,,,,
1,1.0,0.11632847785949707,0,5ae3376455429928c4239688,,,,,
0,0,0.3287639617919922,0,5a8c7057554299653c1aa066,,,,,
0,0,0.1567080020904541,0,5a8e08ab5542995085b37393,,,,,
0,0,0.38439321517944336,0,5ac19ff65542994d76dcce8f,,,,,
0,0,0.17484712600708008,0,5ab88c075542991b5579efbe,,,,,
0,0,0.29831719398498535,0,5a7438ec55429979e28828b8,,,,,
0,0.5714285714285715,0.16597294807434082,0,5a7663665542992d0ec060d3,,,,,
0,0,0.6854650974273682,0,5a737d3c55429908901be2c8,,,,,
0,0,0.1346416473388672,0,5a75e16055429976ec32bc6a,,,,,
0,0.6666666666666666,0.17376160621643066,0,5ab46d195542991751b4d76a,,,,,
1,1.0,0.12413311004638672,0,5ae1d32a554299492dc91b9c,,,,,
0,0,0.13628077507019043,0,5ac4edf155429924173fb4e3,,,,,
0,0.14285714285714288,0.3238377571105957,0,5a861ea85542994775f60700,,,,,
0,0.21052631578947367,0.39864325523376465,0,5ae0aabc55429945ae9593fe,,,,,
0,0,0.1188974380493164,0,5a7c4e655542990527d55489,,,,,
0,0,0.3572542667388916,0,5a7e058f5542995f4f402390,,,,,
0,0,0.18429017066955566,0,5a7ef6b35542994959419a94,,,,,
0,0,0.11622905731201172,0,5adcf8155542990d50227d6a,,,,,
0,0,0.13219809532165527,0,5a778d7855429967ab1051fa,,,,,
0,0.23529411764705882,0.3641963005065918,0,5ae26b5f5542992decbdccf8,,,,,
0,0,0.31557703018188477,0,5a8ba3ff55429971feec4744,,,,,
0,0.36363636363636365,0.2698936462402344,0,5a85fc995542996432c5715f,,,,,
0,0,0.17829418182373047,0,5a8efb5a55429918e830d172,,,,,
0,0,0.12352871894836426,0,5a7cd66a554299452d57ba90,,,,,
0,0,0.10664510726928711,0,5ac0dcf25542996f0d89cc2c,,,,,
0,0.13333333333333336,0.40498852729797363,0,5ab9d0b755429955dce3ed8f,,,,,
0,0,0.1194915771484375,0,5a90cb205542995651fb51fe,,,,,
1,1.0,0.10360455513000488,0,5ae198bf5542997b2ef7d20d,,,,,
0,0.1,0.3122670650482178,0,5ab36c3f55429969a97a8146,,,,,
0,0,0.11522912979125977,0,5ab278745542997061209617,,,,,
0,0,0.128401517868042,0,5ae3dcc05542991a06ce9a33,,,,,
0,0.05263157894736842,0.6959874629974365,0,5a75639255429916b01642f7,,,,,
0,0,0.11401557922363281,0,5a7619765542992db9473728,,,,,
0,0,0.12877917289733887,0,5ae76e615542997ec2727647,,,,,
0,0.11764705882352941,0.30071568489074707,0,5ac3d9135542995c82c4ac4c,,,,,
0,0,0.09260082244873047,0,5a85441f5542997175ce1faa,,,,,
0,0,0.25450801849365234,0,5a82accd55429966c78a6a78,,,,,
0,0.33333333333333337,0.18436408042907715,0,5ae1847e55429920d52343ee,,,,,
0,0.15384615384615385,0.263460636138916,0,5a7b581a5542992d025e6815,,,,,
0,0.5,0.14274120330810547,0,5a72f45a5542992359bc31e6,,,,,
0,0.25,0.421647310256958,0,5a74d4f355429974ef308c79,,,,,
0,0,0.2679619789123535,0,5ab9d02155429970cfb8ebb0,,,,,
0,0,0.12551164627075195,0,5ab71a6a5542991d3222377c,,,,,
0,0.13793103448275862,0.5271968841552734,0,5a7dab795542990b8f503a22,,,,,
0,0,0.12632322311401367,0,5a779fd95542997042120ab5,,,,,
0,0,0.17289304733276367,0,5a78d9c455429970f5fffda7,,,,,
0,0,0.12035918235778809,0,5a719bf25542994082a3e891,,,,,
0,0,0.12519240379333496,0,5adf37955542993a75d2642e,,,,,
0,0,0.16965222358703613,0,5ab70f79554299110f219aa9,,,,,
0,0,0.22001385688781738,0,5ae236b2554299495565da3e,,,,,
0,0,0.3233373165130615,0,5ae3599b5542992e3233c39d,,,,,
0,0,0.6511752605438232,0,5ae1f8235542997f29b3c1cf,,,,,
0,0.25,0.16686701774597168,0,5ae7bdc05542993210983f29,,,,,
0,0,0.3418459892272949,0,5a7ef49a5542994959419a91,,,,,
0,0.19999999999999998,0.24691510200500488,0,5a8f1672554299458435d558,,,,,
0,0,0.12417387962341309,0,5a835e215542992ef85e2296,,,,,
0,0.04081632653061225,0.9081945419311523,0,5adffc8d55429925eb1afbc6,,,,,
0,0.08695652173913045,0.513714075088501,0,5ae1e1e55542997f29b3c15e,,,,,
0,0,0.31205224990844727,0,5ab27f7b554299722f9b4d4f,,,,,
0,0,0.42400336265563965,0,5ae30aa05542992decbdcdd7,,,,,
0,0,0.690241813659668,0,5ab502ae5542991779162d4c,,,,,
0,0.4,0.18331074714660645,0,5ac1b6845542994d76dccecb,,,,,
0,0.25,0.23905539512634277,0,5a7323ef5542994cef4bc477,,,,,
0,0,0.17264842987060547,0,5adcfba05542990d50227d83,,,,,
0,0,0.3704214096069336,0,5a72239a55429971e9dc92cf,,,,,
0,0,0.25978684425354004,0,5ab521575542996a3a96a02e,,,,,
0,0,0.6744306087493896,0,5ab6c4e055429953192ad386,,,,,
0,0,0.1255338191986084,0,5a7c0dab5542997c3ec972d2,,,,,
0,0,0.30733394622802734,0,5abccb235542996583600497,,,,,
0,0.8571428571428571,0.13585472106933594,0,5a8b9cd65542997f31a41d8b,,,,,
0,0,0.10814619064331055,0,5a8ce584554299585d9e375c,,,,,
0,0,0.12350964546203613,0,5ab6c47e55429954757d3368,,,,,
0,0,0.14313793182373047,0,5a7211e655429971e9dc923c,,,,,
0,0.09523809523809523,0.46621179580688477,0,5ae114f155429901ffe4ad5c,,,,,
0,0.6,0.161484956741333,0,5ab6faec5542991d32223708,,,,,
0,0,0.23926949501037598,0,5a7f3d9b5542992e7d278cb8,,,,,
0,0,0.12637090682983398,0,5ade8f5955429975fa854f10,,,,,
1,1.0,0.12485647201538086,0,5a8e32d35542995a26add480,,,,,
0,0,0.2904841899871826,0,5ae0bc185542993d6555ec29,,,,,
0,0,0.09623408317565918,0,5abd0814554299700f9d797a,,,,,
0,0,0.4874081611633301,0,5ae560155542990ba0bbb293,,,,,
0,0,0.3075826168060303,0,5a8901a2554299515336125a,,,,,
0,0,0.18953943252563477,0,5ade4fcc5542997c77adeded,,,,,
0,0.1818181818181818,0.20705056190490723,0,5a74c6a655429974ef308c5d,,,,,
0,0.18181818181818182,0.23945355415344238,0,5a84a4e35542992a431d1a81,,,,,
0,0,0.11454105377197266,0,5adf9ea05542992d7e9f93bf,,,,,
0,0,0.22620892524719238,0,5ab2e9b4554299340b525565,,,,,
0,0,0.35153889656066895,0,5abdbf3755429933744ab818,,,,,
0,0.6666666666666666,0.13024377822875977,0,5adf04915542995534e8c72f,,,,,
0,0,0.22318601608276367,0,5ae127ba55429920d52342d3,,,,,
0,0,0.6253571510314941,0,5a7353b35542994cef4bc54f,,,,,
0,0,0.3517172336578369,0,5abe436455429976d4830ac6,,,,,
0,0,0.21995878219604492,0,5abd72475542993062266c9a,,,,,
1,1.0,0.11700820922851562,0,5a7326cd5542991f29ee2d11,,,,,
0,0,0.11291694641113281,0,5ac3d7f8554299076e296cb0,,,,,
0,0,0.10869574546813965,0,5adf8ad25542993344016ce7,,,,,
0,0,0.14920449256896973,0,5ab9631a55429970cfb8eaad,,,,,
0,0,0.4090561866760254,0,5ae72ab25542991e8301cb77,,,,,
0,0.1,0.3355889320373535,0,5abe5ee955429976d4830b03,,,,,
0,0,0.10742926597595215,0,5a871a5e5542996432c5721e,,,,,
0,0,0.10354351997375488,0,5a7607b6554299109176e619,,,,,
0,0.25,0.2294902801513672,0,5a865bbf5542991e77181615,,,,,
0,0,0.15551328659057617,0,5ab878ba55429916710eb06c,,,,,
0,0,0.23363780975341797,0,5ac2f34455429921a00ab0b6,,,,,
0,0.4,0.18696022033691406,0,5a82626655429966c78a6a08,,,,,
0,0,0.2453606128692627,0,5a7cb84a554299683c1c6350,,,,,
0,0,0.12164807319641113,0,5a7aa07d55429941d65f2703,,,,,
0,0,0.1201481819152832,0,5ac0e74d554299294b219052,,,,,
0,0.12903225806451613,0.6225440502166748,0,5a7b2c9155429927d897bf51,,,,,
0,0,0.39537882804870605,0,5ae7fa5a554299540e5a56e4,,,,,
0,0,1.8051223754882812,0,5a84b0705542991dd0999d86,,,,,
0,0,0.3246011734008789,0,5ae712fa554299572ea546b9,,,,,
0,0,0.38445234298706055,0,5abc3c545542993a06baf89f,,,,,
0,0,0.1007833480834961,0,5a8135cc55429903bc27b943,,,,,
0,0.18181818181818182,0.2433624267578125,0,5a8dd5b855429917b4a5bcc6,,,,,
0,0.13333333333333336,0.3396599292755127,0,5ab9188c5542991b5579f0f5,,,,,
0,0,0.42249464988708496,0,5ab615cf554299488d4d9aa3,,,,,
0,0,0.16717219352722168,0,5ab299d6554299449642c926,,,,,
0,0,0.13962626457214355,0,5ab801da5542990e739ec7c9,,,,,
0,0,0.15120911598205566,0,5ab83e1a55429919ba4e2280,,,,,
0,0,0.1364588737487793,0,5a70f11a5542994082a3e40b,,,,,
0,0,0.38863635063171387,0,5a7a098d5542996c55b2dce3,,,,,
0,0,0.11514663696289062,0,5ae614215542992663a4f254,,,,,
0,0,0.12352371215820312,0,5a8f6b7c5542992414482abc,,,,,
0,0,0.1339728832244873,0,5ac24ad7554299636651995a,,,,,
0,0.125,0.33948230743408203,0,5adc0e395542996e685252c1,,,,,
0,0,0.17240238189697266,0,5a778f515542995d831811cd,,,,,
0,0,0.22452688217163086,0,5abe67ae5542991f6610616b,,,,,
0,0.33333333333333337,0.2976353168487549,0,5ac35a7e554299741d48a257,,,,,
0,0,0.3365662097930908,0,5abfe2a15542997d6429591c,,,,,
0,0,0.19264793395996094,0,5ae034bd55429925eb1afc2a,,,,,
0,0.09999999999999999,0.42720508575439453,0,5adebbbd554299728e26c793,,,,,
0,0,0.27469396591186523,0,5ac0d5a1554299294b219025,,,,,
0,0,0.2969529628753662,0,5a8a5c0d554299515336137b,,,,,
0,0,0.5304572582244873,0,5abc3f505542993a06baf8b2,,,,,
0,0.4,0.14418888092041016,0,5add78bf5542992ae4cec57b,,,,,
0,0.25,0.28581929206848145,0,5ae326e95542990afbd1e0b6,,,,,
0,0,0.22706007957458496,0,5a8f536c5542992414482a4e,,,,,
0,0.2857142857142857,0.21610069274902344,0,5ac4a5de5542995c82c4ad6e,,,,,
1,1.0,0.12101554870605469,0,5a77452155429972597f14e1,,,,,
0,0,0.260134220123291,0,5a80427c5542996402f6a49f,,,,,
0,0,0.20241546630859375,0,5ab3849a55429969a97a8170,,,,,
0,0,0.13889861106872559,0,5a8b3de95542997f31a41cc3,,,,,
0,0,0.28888463973999023,0,5a843de75542992ef85e23b4,,,,,
0,0,0.14309382438659668,0,5a80ad205542992bc0c4a79d,,,,,
0,0,0.1270129680633545,0,5ae69df255429908198fa664,,,,,
0,0,0.12254834175109863,0,5ac2455e55429951e9e68512,,,,,
0,0,0.12584590911865234,0,5ac3b07055429939154138b8,,,,,
0,0.15384615384615385,0.28290820121765137,0,5a7339c85542991f9a20c6a2,,,,,
0,0.1111111111111111,0.6293613910675049,0,5abcef9e55429959677d6b52,,,,,
0,0.3333333333333333,0.1429131031036377,0,5a8f122955429918e830d17f,,,,,
0,0,0.22054195404052734,0,5a7f22005542993067513656,,,,,
0,0.16666666666666669,0.3016548156738281,0,5ae077735542993d6555eb6d,,,,,
0,0,0.14582204818725586,0,5ac0e0e25542997d64295a6f,,,,,
0,0,0.1936795711517334,0,5a7c80ab55429907fabeefa3,,,,,
0,0,0.1435108184814453,0,5abe03635542991f661060a5,,,,,
0,0.2222222222222222,0.28354907035827637,0,5ac272f95542992f1f2b38d3,,,,,
0,0,0.5950076580047607,0,5ae3cd685542990afbd1e1de,,,,,
0,0.30769230769230765,0.21365714073181152,0,5ae1c90e554299234fd042f7,,,,,
1,1.0,0.1338942050933838,0,5ab67ce2554299710c8d1ead,,,,,
0,0,0.12966322898864746,0,5a7a59d15542996c55b2dd67,,,,,
0,0,0.3796806335449219,0,5a8849ac5542996e4f308932,,,,,
0,0,0.3091156482696533,0,5a72bb045542994cef4bc3e4,,,,,
1,1.0,0.12856531143188477,0,5ae331fb55429928c4239670,,,,,
0,0,0.34810376167297363,0,5ae5390355429960a22e0271,,,,,
0,0,0.1591172218322754,0,5a7da9ae5542995f4f4022b1,,,,,
0,0,0.11057186126708984,0,5a8b77705542995d1e6f13aa,,,,,
0,0,0.287548303604126,0,5a89810655429946c8d6e929,,,,,
0,0,0.14848923683166504,0,5abbd8655542992ccd8e7fba,,,,,
0,0,0.26058340072631836,0,5ac3c1805542995ef918c21f,,,,,
0,0.28571428571428575,0.12633204460144043,0,5ab627d555429953192ad27e,,,,,
0,0,0.7087154388427734,0,5ac2ae4155429921a00ab030,,,,,
0,0,0.128326416015625,0,5a74d9c555429929fddd84fb,,,,,
0,0,0.14643502235412598,0,5ab8829d55429934fafe6e08,,,,,
0,0,0.14663910865783691,0,5ab5b732554299494045f03c,,,,,
0,0,0.5155479907989502,0,5a751bbe5542993748c897ba,,,,,
0,0.3333333333333333,0.18815898895263672,0,5aba11d25542994dbf0198a6,,,,,
0,0,0.21873950958251953,0,5abcfd7e5542993a06baf9df,,,,,
0,0,0.5300710201263428,0,5a8072a5554299485f5985f1,,,,,
0,0,0.11964297294616699,0,5a7507455542993748c8979d,,,,,
0,0,0.2849574089050293,0,5ade0bc55542997545bbbe30,,,,,
0,0,0.7455892562866211,0,5a7af08655429931da12c989,,,,,
0,0.19999999999999998,0.23441195487976074,0,5a8e463a5542995a26add4b7,,,,,
0,0.2727272727272727,0.5101833343505859,0,5ab6ecd85542991d322236cf,,,,,
0,0,0.19599103927612305,0,5ae3f0c85542995ad6573cb1,,,,,
0,0,0.10808467864990234,0,5a8319b255429940e5e1a960,,,,,
0,0.14814814814814817,0.5169064998626709,0,5a8c2bb4554299240d9c20ac,,,,,
0,0.5,0.12691307067871094,0,5ae1ebf95542997283cd22f2,,,,,
0,0,0.5831384658813477,0,5ac471a5554299194317399a,,,,,
0,0,0.3191390037536621,0,5a78f8e555429970f5fffe01,,,,,
0,0,0.2182466983795166,0,5ae47dd95542995ad6573d57,,,,,
1,1.0,0.13565397262573242,0,5abfd83f5542997ec76fd45c,,,,,
0,0,0.12271571159362793,0,5ab8ae585542991b5579efd8,,,,,
0,0,0.11149215698242188,0,5a84bda45542992a431d1a96,,,,,
0,0,0.11262154579162598,0,5a710bb15542994082a3e50d,,,,,
0,0.30769230769230765,0.2664377689361572,0,5a7270395542992359bc30a8,,,,,
0,0,0.1502063274383545,0,5a73d3ea5542992d56e7e3af,,,,,
0,0,0.23891401290893555,0,5a90b1635542990a984936a9,,,,,
0,0,0.11841082572937012,0,5ae1f528554299234fd04370,,,,,
0,0,0.14815664291381836,0,5a8ee02955429917b4a5bdfa,,,,,
0,0.09523809523809525,0.30674171447753906,0,5a7d9d2b5542997cc2c47464,,,,,
1,1.0,0.1411142349243164,0,5ae3f1bb5542995ad6573cbe,,,,,
0,0,0.25309014320373535,0,5ac3908e554299741d48a297,,,,,
0,0,0.4761817455291748,0,5ae0e8c35542997b2ef7d064,,,,,
0,0,0.11214137077331543,0,5a8f45385542997ba9cb320a,,,,,
0,0,0.14326047897338867,0,5ab82fe155429919ba4e225a,,,,,
0,0,0.27045440673828125,0,5a89dca8554299669944a5dd,,,,,
0,0,0.38062500953674316,0,5ac0aa595542992a796ded5a,,,,,
0,0,0.14438295364379883,0,5a7e694a5542997cc2c4753d,,,,,
0,0,0.10757780075073242,0,5a889d18554299206df2b310,,,,,
0,0.07692307692307693,0.49346375465393066,0,5ab72d925542993667793f6e,,,,,
0,0,0.1375718116760254,0,5ae031c455429924de1b7055,,,,,
0,0,0.21455645561218262,0,5a7180205542994082a3e856,,,,,
0,0,0.1471414566040039,0,5a88f2cc55429938390d3ffb,,,,,
0,0.33333333333333337,0.2718937397003174,0,5a8a793555429930ff3c0de7,,,,,
0,0,0.3070809841156006,0,5ac4241e5542997ea680ca10,,,,,
0,0,0.14220976829528809,0,5a8db788554299653c1aa145,,,,,
0,0,0.2832915782928467,0,5ae49f2c5542995ad6573dc1,,,,,
0,0.07407407407407407,0.5343561172485352,0,5a89217455429938390d4039,,,,,
0,0,0.3282742500305176,0,5ae402085542995dadf242ca,,,,,
0,0,0.12435245513916016,0,5ae760415542997b22f6a708,,,,,
0,0,0.29059815406799316,0,5a8f5273554299458435d5b1,,,,,
0,0.18181818181818182,0.20864224433898926,0,5ab4234f5542991751b4d685,,,,,
0,0,0.2208564281463623,0,5a83d7535542993344746093,,,,,
0,0.5,0.12923479080200195,0,5a8933fe55429951533612df,,,,,
0,0,0.22943592071533203,0,5ac3d2ac554299741d48a330,,,,,
0,0,0.3323819637298584,0,5a83d0ed5542996488c2e4e7,,,,,
0,0,0.14918136596679688,0,5a8c758d5542995e66a475ff,,,,,
0,0.19999999999999998,0.21922707557678223,0,5adcb30b5542994d58a2f69f,,,,,
0,0,0.2625315189361572,0,5a8f2cc855429918e830d1be,,,,,
0,0.4,0.12006378173828125,0,5adcd28c5542994d58a2f6ea,,,,,
0,0.5,0.1442427635192871,0,5a862c38554299211dda2a9a,,,,,
0,0,0.20682096481323242,0,5ae12d5355429920d52342eb,,,,,
0,0,0.19350051879882812,0,5ac4e476554299076e296e34,,,,,
0,0,0.2183067798614502,0,5ae13c5155429920d5234336,,,,,
0,0,0.13418221473693848,0,5a81d6cd55429903bc27b9e0,,,,,
0,0,0.15680503845214844,0,5ab624b855429953192ad26d,,,,,
0,0.14285714285714288,0.3151726722717285,0,5ae6940e5542991bbc97613f,,,,,
0,0,0.30209851264953613,0,5a89a128554299669944a552,,,,,
0,0,0.10271549224853516,0,5a8708ba55429960ec39b701,,,,,
0,0,0.41983771324157715,0,5ade595e5542992fa25da761,,,,,
0,0,0.16082167625427246,0,5aba71be5542994dbf01990c,,,,,
0,0,0.12125015258789062,0,5a90b4fe55429916514e7525,,,,,
0,0.18181818181818182,0.36069488525390625,0,5ab281f45542993be8fa9938,,,,,
0,0.12500000000000003,0.26807188987731934,0,5adc9ebc5542994d58a2f681,,,,,
0,0.125,0.5967063903808594,0,5add750c5542990dbb2f7e53,,,,,
0,0,0.14628052711486816,0,5ab80faf55429916710eafd9,,,,,
0,0,0.2173621654510498,0,5aba7cb455429901930fa7eb,,,,,
0,0,0.6768627166748047,0,5a7e71ab55429949594199bc,,,,,
0,0,0.1732473373413086,0,5a7c34905542996dd594b8d5,,,,,
0,0,0.362882137298584,0,5abdcaea55429965af743e4e,,,,,
0,0.5,0.11868739128112793,0,5a7ddfc55542995f4f4022e9,,,,,
0,0,0.41077232360839844,0,5adca8215542994ed6169bbc,,,,,
0,0,0.36742424964904785,0,5a7f9cb55542995d8a8ddec1,,,,,
0,0,0.4928436279296875,0,5ae7ad385542993210983ef0,,,,,
0,0,0.1101083755493164,0,5a8f157e554299458435d54d,,,,,
0,0,0.22821593284606934,0,5ae61bfd5542992663a4f261,,,,,
0,0,0.23470544815063477,0,5ae2c8b05542992decbdcd9d,,,,,
0,0.04347826086956522,0.765052080154419,0,5ab2f6bd554299166977415e,,,,,
0,0,0.283862829208374,0,5a7744555542994aec3b725b,,,,,
0,0.30769230769230765,0.24434304237365723,0,5a8639545542991e771815c7,,,,,
0,0,0.26096606254577637,0,5ae40a2955429970de88d8a3,,,,,
0,0,0.28530406951904297,0,5a7415cf55429979e28828a6,,,,,
0,0,0.14015603065490723,0,5abe3dc65542993f32c2a0c4,,,,,
0,0.08000000000000002,0.49460649490356445,0,5add566b5542995b365fab14,,,,,
0,0.4,0.19732213020324707,0,5ab925fd554299131ca42281,,,,,
0,0,0.18776440620422363,0,5a72fc865542991f9a20c5e9,,,,,
0,0,0.41168642044067383,0,5ae22a08554299234fd0440b,,,,,
0,0,0.4948577880859375,0,5ab225565542993be8fa98bf,,,,,
0,0.09523809523809523,0.48787426948547363,0,5a8b78f055429971feec471a,,,,,
0,0,0.17522883415222168,0,5ac5632e5542993e66e823d9,,,,,
0,0,0.38497138023376465,0,5a79186f55429907847277af,,,,,
0,0,0.36757826805114746,0,5ac39bd8554299657fa290fe,,,,,
0,0,0.14011144638061523,0,5a75fa8c55429976ec32bcda,,,,,
1,1.0,0.13280582427978516,0,5a7b1bb5554299042af8f6d4,,,,,
0,0,0.17231178283691406,0,5ab53ef1554299488d4d9920,,,,,
0,0.25,0.34134459495544434,0,5abe3e545542993f32c2a0c7,,,,,
0,0,0.1124870777130127,0,5a83108d55429966c78a6b1e,,,,,
0,0,0.7311379909515381,0,5ab3e4ee554299233954ffe1,,,,,
0,0,0.2340993881225586,0,5ab844815542992aa3b8c8af,,,,,
0,0,0.1750936508178711,0,5a79f95d5542996c55b2dcbd,,,,,
0,0,0.29315757751464844,0,5add8ec55542997545bbbd7e,,,,,
0,0,0.1141667366027832,0,5a8f6e295542992414482ac6,,,,,
0,0,0.6040656566619873,0,5ade26db5542997c77aded77,,,,,
0,0,0.24109697341918945,0,5a74167455429929fddd83dc,,,,,
0,0,0.15769481658935547,0,5a8da2b05542994ba4e3dcdc,,,,,
0,0.2222222222222222,0.22581005096435547,0,5a8bbb8c5542995d1e6f142e,,,,,
0,0,0.20328831672668457,0,5a7115475542994082a3e56d,,,,,
0,0,0.21994352340698242,0,5a8fbfcd5542997ba9cb3316,,,,,
0,0,0.4495887756347656,0,5abfb4235542990832d3a1ca,,,,,
0,0,0.28080272674560547,0,5abd077055429965836004f4,,,,,
0,0,0.1333458423614502,0,5a7cb5f0554299452d57b9b5,,,,,
0,0.14285714285714285,0.2833518981933594,0,5adf33b35542993a75d26420,,,,,
0,0.13333333333333333,0.3561422824859619,0,5abf877c5542990832d3a147,,,,,
0,0.09999999999999999,0.37421250343322754,0,5a80abec5542996402f6a5e1,,,,,
0,0,0.12856292724609375,0,5ac2a277554299657fa28ff3,,,,,
0,0,0.5210351943969727,0,5abbe20d55429931dba145c6,,,,,
0,0,0.2203235626220703,0,5ae23d945542996483e64939,,,,,
0,0.14814814814814814,0.454761266708374,0,5a8ba761554299240d9c2066,,,,,
0,0.4444444444444445,0.22887659072875977,0,5a8d838955429941ae14dfe5,,,,,
0,0.4,0.16023683547973633,0,5a8732505542991e77181713,,,,,
0,0,0.31435108184814453,0,5ab3f24c5542992ade7c6eef,,,,,
0,0.15384615384615383,0.2658402919769287,0,5a7f46115542994857a766d9,,,,,
0,0,0.27419042587280273,0,5add889b5542997545bbbd68,,,,,
1,1.0,0.14386510848999023,0,5a7bc1bf55429927d897c033,,,,,
0,0,0.20967531204223633,0,5ac42a64554299076e296d7b,,,,,
0,0.5,0.18741726875305176,0,5a7cf59b55429909bec768c7,,,,,
0,0,0.16608285903930664,0,5add433b5542997545bbbd02,,,,,
0,0,0.19217491149902344,0,5a846acc5542993344746117,,,,,
0,0.11764705882352941,0.40587544441223145,0,5a7f75e95542992e7d278d09,,,,,
0,0,0.17823004722595215,0,5ab3244c554299233954ff29,,,,,
0,0,0.5332658290863037,0,5ae45cba5542991a06ce9a4a,,,,,
0,0.15384615384615385,0.7778196334838867,0,5ade90aa554299728e26c733,,,,,
0,0.6666666666666666,0.12663626670837402,0,5a82bb3c55429966c78a6a86,,,,,
0,0,0.3576209545135498,0,5a888a625542997e5c09a602,,,,,
0,0,0.110565185546875,0,5ae0e183554299422ee9953f,,,,,
0,0,0.24292469024658203,0,5ae2c4d75542991a06ce98d0,,,,,
0,0.125,0.33442163467407227,0,5ab8b02d5542991b5579efdb,,,,,
0,0,0.15760087966918945,0,5abe4fd95542991f6610613d,,,,,
0,0.4,0.2211766242980957,0,5a74a26a55429979e28829d6,,,,,
0,0.5,0.1409752368927002,0,5ac31a73554299741d48a1e9,,,,,
0,0,0.24541068077087402,0,5a728f015542991f9a20c4e4,,,,,
0,0,0.26166701316833496,0,5a75f1a755429976ec32bcb1,,,,,
0,0.37499999999999994,0.26082372665405273,0,5a8319a05542990548d0b178,,,,,
0,0,0.38864684104919434,0,5a80fd17554299260e20a1f1,,,,,
0,0,0.2580878734588623,0,5a72634d5542997f82783994,,,,,
0,0,0.3755345344543457,0,5a89b1de5542992e4fca8378,,,,,
0,0,0.20230793952941895,0,5a8841ee5542994846c1ce6b,,,,,
0,0,0.1900944709777832,0,5a8eabf755429917b4a5bdaa,,,,,
0,0,0.2549304962158203,0,5ae0159855429925eb1afc09,,,,,
0,0,0.46493101119995117,0,5adf74075542992d7e9f937c,,,,,
0,0,0.16823673248291016,0,5ae765bf5542995703ce8c12,,,,,
0,0,0.16261029243469238,0,5ac4e03f5542995c82c4ad75,,,,,
0,0,0.2596755027770996,0,5a7129685542994082a3e5fa,,,,,
0,0,0.3400440216064453,0,5ac1682855429964131be1d2,,,,,
0,0.5,0.11114287376403809,0,5ade79335542997c77adee38,,,,,
0,0,0.24973130226135254,0,5a8a1a9c5542992d82986ebb,,,,,
0,0,0.2650318145751953,0,5a7b85ac5542997c3ec971ef,,,,,
0,0.5,0.21046924591064453,0,5a83ab355542990548d0b218,,,,,
0,0,0.1570887565612793,0,5ade15ae5542990dbb2f7f4c,,,,,
0,0,0.3592255115509033,0,5adc985e5542990d50227cb7,,,,,
0,0,0.3239631652832031,0,5adcb0ab5542994d58a2f69a,,,,,
0,0,0.15668845176696777,0,5a8b71915542995d1e6f1393,,,,,
0,0.6666666666666666,0.13356828689575195,0,5a8c9fc2554299653c1aa0d4,,,,,
0,0.3333333333333333,0.14767003059387207,0,5ae7936d5542997ec27276a7,,,,,
0,0.1,0.38944339752197266,0,5ac4e13f554299076e296e2d,,,,,
0,0,0.5079259872436523,0,5abbda84554299642a094b5b,,,,,
0,0,0.4044766426086426,0,5ac238c555429951e9e684ab,,,,,
0,0,0.12164139747619629,0,5aba18ee5542994dbf0198b4,,,,,
0,0,0.19980931282043457,0,5abbd5a75542993f40c73bd3,,,,,
1,1.0,0.1553480625152588,0,5ae7620f5542997ec2727627,,,,,
0,0,0.31377506256103516,0,5a774a9855429972597f14ea,,,,,
0,0,0.11892127990722656,0,5a88a1bb5542997e5c09a64c,,,,,
0,0,0.26883506774902344,0,5ab2bc80554299194fa934d7,,,,,
0,0,0.276904821395874,0,5ae81b2755429952e35eaa1e,,,,,
0,0.19999999999999998,0.26029348373413086,0,5a8b97485542995d1e6f140f,,,,,
0,0.4,0.3646278381347656,0,5a89cde555429946c8d6e9c4,,,,,
0,0,0.12419557571411133,0,5ac13a3d5542996f0d89cc75,,,,,
0,0,0.15537619590759277,0,5ab52a255542996a3a96a048,,,,,
0,0.8571428571428571,0.12763261795043945,0,5ae3294155429928c423963d,,,,,
0,0,0.3023343086242676,0,5a89761d5542995153361310,,,,,
0,0.23529411764705882,0.32762861251831055,0,5ade9c9355429975fa854f1b,,,,,
0,0,0.12059473991394043,0,5abe65e25542993f32c2a101,,,,,
1,1.0,0.1101982593536377,0,5a7130365542994082a3e645,,,,,
0,0.14285714285714285,0.3267526626586914,0,5ae28f43554299492dc91c2f,,,,,
0,0.5,0.14611339569091797,0,5ab3eac5554299753aec59ec,,,,,
0,0,0.3568918704986572,0,5abd7d0c55429924427fd010,,,,,
0,0,0.3121964931488037,0,5a8e4a7355429917b4a5bd80,,,,,
0,0,0.11294746398925781,0,5a70f9335542994082a3e46a,,,,,
0,0,0.13019967079162598,0,5ab2a292554299194fa93496,,,,,
0,0,0.1282501220703125,0,5a7f79155542995d8a8dde86,,,,,
0,0,0.30740785598754883,0,5abf12005542997719eab661,,,,,
0,0,0.6172828674316406,0,5ae5ff845542996de7b71ad0,,,,,
0,0.3333333333333333,0.1173248291015625,0,5a87c6a75542997e5c09a56f,,,,,
1,1.0,0.11902308464050293,0,5adf73a45542992d7e9f9378,,,,,
1,1.0,0.11979031562805176,0,5ae0504055429942ec259c6a,,,,,
0,0,0.17637109756469727,0,5a7bacf2554299294a54aa8d,,,,,
0,0,0.1224985122680664,0,5a8720885542991e771816d8,,,,,
0,0,0.10688376426696777,0,5abbcfaf5542993f40c73ba9,,,,,
0,0,0.3888697624206543,0,5ac02c4a5542992a796decbd,,,,,
0,0,0.16096735000610352,0,5ae6e36155429908198fa6d3,,,,,
1,1.0,0.15187525749206543,0,5ae2c2c05542996483e64a4a,,,,,
0,0,0.37004899978637695,0,5a7326cb5542994cef4bc47f,,,,,
0,0,0.1093604564666748,0,5adc6ca85542994650320ce1,,,,,
0,0,0.16367459297180176,0,5a74629255429929fddd8402,,,,,
0,0.2857142857142857,0.28007078170776367,0,5abbaf6c554299660624171c,,,,,
0,0,0.1613161563873291,0,5ae2fca555429928c423958a,,,,,
0,0,0.14717793464660645,0,5ac116595542992a796dedd1,,,,,
0,0,0.12203693389892578,0,5a89e95c5542992e4fca8474,,,,,
0,0.5,0.21272802352905273,0,5a7631c05542994ccc91870b,,,,,
0,0.14285714285714285,0.26844286918640137,0,5a81b7205542990a1d231e79,,,,,
0,0,0.24273324012756348,0,5adc02905542994650320c50,,,,,
0,0.23529411764705882,0.3006012439727783,0,5a74f63e5542993748c89758,,,,,
0,0,0.13041448593139648,0,5a8f53ad5542992414482a50,,,,,
0,0,0.2106001377105713,0,5ab2b2a7554299295394681d,,,,,
0,0,0.13943743705749512,0,5ae67fad5542991bbc976100,,,,,
0,0,0.25547051429748535,0,5ae807d25542993210984045,,,,,
0,0.15384615384615385,0.5019435882568359,0,5abe45b855429976d4830ad0,,,,,
0,0.5714285714285715,0.21773505210876465,0,5a81d0515542990a1d231ed4,,,,,
0,0,0.14325571060180664,0,5a8a21a455429930ff3c0caf,,,,,
0,0,0.400923490524292,0,5a8051265542992bc0c4a6f8,,,,,
0,0,0.38591504096984863,0,5adc8c545542994734353734,,,,,
0,0.1818181818181818,0.2058558464050293,0,5a7e49e05542991319bc9463,,,,,
0,0,0.16107964515686035,0,5a713f395542994082a3e6ea,,,,,
0,0,0.16352605819702148,0,5a8e5f1f5542995a26add4d6,,,,,
0,0,0.43607401847839355,0,5ab7f2d05542993667794064,,,,,
0,0,0.33194494247436523,0,5a793b5b55429970f5fffe82,,,,,
0,0,0.3152287006378174,0,5a8911dd554299515336129d,,,,,
0,0,0.13735699653625488,0,5ab3f8c25542992ade7c6f02,,,,,
0,0.28571428571428575,0.25617218017578125,0,5a811667554299260e20a23d,,,,,
0,0,0.1493680477142334,0,5ab30336554299166977417c,,,,,
0,0,0.26587367057800293,0,5abbd66a5542993f40c73bd8,,,,,
0,0,0.3301737308502197,0,5ac2610455429951e9e68592,,,,,
0,0,0.28396177291870117,0,5abb01025542992ccd8e7eab,,,,,
0,0.052631578947368425,0.7884476184844971,0,5add647a5542995b365fab26,,,,,
0,0,0.34976792335510254,0,5a8b5c8155429949d91db56d,,,,,
0,0,0.3432579040527344,0,5a90984f55429933b8a20578,,,,,
0,0,0.37367725372314453,0,5adf2ba05542993a75d26411,,,,,
0,0.5714285714285715,0.19598150253295898,0,5a77bdcb5542997042120b0b,,,,,
0,0,0.28894805908203125,0,5a88c4175542997e5c09a6ae,,,,,
0,0,0.15286874771118164,0,5a7666095542992d0ec060db,,,,,
1,1.0,0.11758565902709961,0,5ac312ee5542995ef918c0ec,,,,,
0,0.3333333333333333,0.12732768058776855,0,5a7db0a05542991319bc93f5,,,,,
0,0,0.6733331680297852,0,5a78d38455429970f5fffd94,,,,,
0,0.16666666666666669,0.2954733371734619,0,5ac37dd6554299218029dbdb,,,,,
1,1.0,0.1051034927368164,0,5ab66a3555429954757d3290,,,,,
0,0,0.12070679664611816,0,5ab59ffe5542997d4ad1f193,,,,,
0,0.16,0.4369161128997803,0,5add7b0c5542992200553b39,,,,,
0,0,0.3362562656402588,0,5ab661ac5542995eadeeffb1,,,,,
0,0.8,0.12424039840698242,0,5ae601e45542992663a4f23b,,,,,
0,0,0.10703420639038086,0,5a72d7b35542991f9a20c5be,,,,,
0,0,0.26363682746887207,0,5ac2d85e55429921a00ab06b,,,,,
0,0.16666666666666669,0.24704909324645996,0,5a80a587554299485f598676,,,,,
0,0,0.23646283149719238,0,5ae2fa1b55429928c4239583,,,,,
0,0,0.45632243156433105,0,5ac50bca55429924173fb57f,,,,,
1,1.0,0.10418558120727539,0,5ae143ed55429920d5234360,,,,,
0,0,0.23311710357666016,0,5ac43e0f554299076e296d8e,,,,,
0,0,0.22171592712402344,0,5a7a0e745542990783324e1d,,,,,
1,1.0,0.10313177108764648,0,5ac43530554299204fd21f0a,,,,,
0,0,0.16032624244689941,0,5a78e3b955429974737f78f1,,,,,
0,0,0.5045528411865234,0,5a87279b5542991e771816f7,,,,,
0,0,0.12793850898742676,0,5a8f8c6d5542997ba9cb32b1,,,,,
0,0.3333333333333333,0.16741013526916504,0,5ab327bc554299233954ff33,,,,,
0,0.21052631578947367,0.39855170249938965,0,5a8b56d655429949d91db557,,,,,
0,0.3809523809523809,0.3183009624481201,0,5ac033495542996f0d89cb59,,,,,
0,0.28571428571428575,0.30448150634765625,0,5ab6cd0e554299710c8d1f68,,,,,
0,0,0.2910583019256592,0,5a7a2ec35542990783324eae,,,,,
0,0.4,0.12884807586669922,0,5a7e42df5542994959419954,,,,,
0,0,0.11942815780639648,0,5a7b78c35542997c3ec971a9,,,,,
0,0,0.47245025634765625,0,5a7dafe15542991319bc93f3,,,,,
0,0,0.1320509910583496,0,5adf8c375542995534e8c7dd,,,,,
0,0,0.11802554130554199,0,5a79fbd3554299029c4b5f93,,,,,
0,0.16,0.3276021480560303,0,5ab8627f5542990e739ec8da,,,,,
0,0,0.2134401798248291,0,5ac2ffea55429921a00ab0cc,,,,,
0,0,0.3500864505767822,0,5ab5467e554299494045ef5e,,,,,
0,0.16666666666666669,0.27092528343200684,0,5a7e2e3a55429934daa2fbe6,,,,,
0,0,0.13417339324951172,0,5a78f1b555429970f5fffde9,,,,,
0,0,0.4036881923675537,0,5ae269955542992decbdccf3,,,,,
0,0,0.3313131332397461,0,5ac3ce74554299204fd21e71,,,,,
0,0,0.2171802520751953,0,5abab18d55429901930fa89e,,,,,
0,0.4,0.14458584785461426,0,5abc3d505542993a06baf8a7,,,,,
0,0.11764705882352941,0.4089486598968506,0,5ab67aba55429954757d32e7,,,,,
0,0.1111111111111111,0.32047462463378906,0,5ab2be71554299166977408c,,,,,
0,0,0.12267112731933594,0,5ae531695542990ba0bbb1fb,,,,,
1,1.0,0.18097209930419922,0,5a738093554299623ed4abbb,,,,,
0,0,0.4077622890472412,0,5a8c2d23554299240d9c20b7,,,,,
0,0,0.12365460395812988,0,5a7b413a5542992d025e67c4,,,,,
0,0,0.12313556671142578,0,5adfda9655429925eb1afac0,,,,,
0,0,0.37606191635131836,0,5adbf44355429944faac23ce,,,,,
0,0,0.4553349018096924,0,5abb66c05542992ccd8e7f3e,,,,,
0,0.25,0.2512481212615967,0,5ac39df8554299741d48a2b6,,,,,
0,0,0.3311741352081299,0,5a89fc305542993b751ca9dc,,,,,
0,0,0.14025497436523438,0,5adffb4655429925eb1afbbf,,,,,
0,0,0.6160647869110107,0,5adfa6db55429942ec259ad6,,,,,
0,0.23529411764705882,0.3163614273071289,0,5ae3e5d05542994393b9e79f,,,,,
0,0,0.34476709365844727,0,5a81ed345542995ce29dcc85,,,,,
0,0,0.14653229713439941,0,5a7f650755429969796c1a2c,,,,,
0,0,0.20035886764526367,0,5a84564c5542990548d0b288,,,,,
0,0.4,0.23260021209716797,0,5a7736d85542994aec3b722b,,,,,
0,0.4,0.19864702224731445,0,5ae492955542995ad6573daa,,,,,
0,0,0.10757327079772949,0,5a845d735542996488c2e52e,,,,,
0,0,0.10734915733337402,0,5a8a484f5542996c9b8d5e94,,,,,
0,0,0.16223573684692383,0,5a83161555429940e5e1a958,,,,,
0,0.4,0.1417999267578125,0,5ae60530554299546bf8301e,,,,,
0,0,0.136793851852417,0,5a8b34705542995d1e6f130d,,,,,
0,0,0.3020153045654297,0,5a810d5255429926c1cdacd8,,,,,
0,0,0.47428226470947266,0,5a7e23655542997cc2c47528,,,,,
0,0,0.1176762580871582,0,5a836d8a554299123d8c2113,,,,,
0,0.14285714285714288,0.35142970085144043,0,5abba3255542996cc5e4a031,,,,,
0,0.21052631578947367,0.3046581745147705,0,5ab6f17d5542995eadef00ee,,,,,
0,0,0.28261423110961914,0,5abe34095542993f32c2a088,,,,,
0,0,0.5497727394104004,0,5a790364554299029c4b5ee6,,,,,
0,0,0.5582706928253174,0,5abd27ba5542993062266ba7,,,,,
0,0.4,0.12754082679748535,0,5abff0785542997d64295957,,,,,
0,0.33333333333333337,0.2888801097869873,0,5a7e02e05542995ed0d1667c,,,,,
0,0,0.13839364051818848,0,5ab43b9d5542990594ba9bc3,,,,,
0,0,0.3042902946472168,0,5a8b6a5155429949d91db5a3,,,,,
0,0,0.21037769317626953,0,5abcc818554299658360048b,,,,,
0,0,0.29903101921081543,0,5a84af3e5542991dd0999d7c,,,,,
0,0,0.884361982345581,0,5ae0ead25542990adbacf6c8,,,,,
0,0,0.29573631286621094,0,5a891e1e5542993b751ca913,,,,,
0,0.28571428571428575,0.12514328956604004,0,5add2ba55542994ed6169ca8,,,,,
0,0,0.1659541130065918,0,5a75176a5542993748c897b6,,,,,
0,0.18181818181818182,0.41622138023376465,0,5ae5c74d554299546bf82f58,,,,,
0,0,0.1490952968597412,0,5a77a7695542997042120ac4,,,,,
1,1.0,0.10183858871459961,0,5a851ba95542997175ce1f81,,,,,
0,0,0.23909735679626465,0,5adc02445542994650320c4e,,,,,
0,0,0.5593557357788086,0,5a7cc58f554299452d57ba45,,,,,
1,1.0,0.12248611450195312,0,5a8db42f5542994ba4e3dd11,,,,,
0,0.23529411764705882,0.35042691230773926,0,5ac299b155429967731025ad,,,,,
0,0.16666666666666666,0.5038092136383057,0,5a7312675542994cef4bc43d,,,,,
0,0,0.3254718780517578,0,5adde5155542997dc7907092,,,,,
0,0.3333333333333333,0.15308356285095215,0,5abba8545542993f40c73b72,,,,,
0,0,0.18524599075317383,0,5a771e0b55429966f1a36c75,,,,,
0,0,0.472719669342041,0,5add3e2b5542997545bbbcf5,,,,,
0,0,0.1847076416015625,0,5a7fcd9c5542992e7d278da9,,,,,
0,0.6666666666666666,0.12967205047607422,0,5a7c43c65542990527d5547e,,,,,
0,0,0.2797229290008545,0,5ae6097c55429929b0807a9a,,,,,
0,0,0.4388701915740967,0,5a77322055429972597f1494,,,,,
0,0,0.38785433769226074,0,5ac24d725542996366519966,,,,,
0,0.2,0.2368459701538086,0,5a78ae8b5542990784727730,,,,,
0,0,0.11508297920227051,0,5a86578755429960ec39b668,,,,,
0,0,0.32448625564575195,0,5a7c7c225542996dd594b93f,,,,,
0,0,0.268632173538208,0,5a8e4b7c5542990e94052ab7,,,,,
0,0,0.1420762538909912,0,5a81736255429903bc27b96e,,,,,
0,0,0.1855776309967041,0,5abb14a55542992ccd8e7f06,,,,,
0,0,0.43543195724487305,0,5a7c8e7955429935c91b521a,,,,,
0,0,0.29387474060058594,0,5a7e30b255429934daa2fbeb,,,,,
0,0.1111111111111111,0.32288312911987305,0,5ac3a4ab5542993915413870,,,,,
0,0,0.4687950611114502,0,5a8ad8305542992d82986f9d,,,,,
0,0.16666666666666666,0.23630309104919434,0,5a79caec5542994bb94570ad,,,,,
1,1.0,0.13515210151672363,0,5ae49a1855429970de88d9cc,,,,,
1,1.0,0.13089966773986816,0,5a77b13655429967ab105235,,,,,
0,0,0.158219575881958,0,5ae7f7d85542994a481bbe52,,,,,
0,0,0.6735060214996338,0,5ab3cecd5542992ade7c6eae,,,,,
0,0,0.14170384407043457,0,5a847e0a5542990548d0b2c3,,,,,
0,0,0.3153090476989746,0,5a88364c5542994846c1ce2e,,,,,
0,0,0.12769556045532227,0,5a7eb8f655429934daa2fc50,,,,,
0,0,0.355755090713501,0,5ae528e655429908b632652c,,,,,
0,0,0.1113896369934082,0,5abc9fb055429959677d6ac9,,,,,
0,0,0.12100744247436523,0,5a74d64055429916b0164223,,,,,
0,0.14285714285714288,0.3617269992828369,0,5ab7484c5542992aa3b8c80d,,,,,
0,0.4444444444444445,0.19432353973388672,0,5a7ce100554299683c1c63b5,,,,,
0,0,0.8119781017303467,0,5a909a0355429916514e7505,,,,,
0,0,0.32200026512145996,0,5a7337715542991f9a20c690,,,,,
0,0,0.13127398490905762,0,5ae73c00554299572ea5478a,,,,,
0,0.15384615384615383,0.5016608238220215,0,5a89d8d055429946c8d6e9df,,,,,
0,0,0.4224364757537842,0,5ac507725542994611c8b32a,,,,,
0,0,0.23470258712768555,0,5ab262e2554299722f9b4cfd,,,,,
0,0.4,0.405184268951416,0,5ae205fd554299234fd043a9,,,,,
0,0,0.15348529815673828,0,5a74adb455429916b01641c6,,,,,
0,0.30769230769230765,0.28974151611328125,0,5ae30a4655429928c42395bb,,,,,
0,0,0.4340522289276123,0,5a8a416955429930ff3c0d2b,,,,,
0,0.11764705882352941,0.33047914505004883,0,5a87c0945542996e4f30890b,,,,,
0,0,0.17874622344970703,0,5abcf46255429959677d6b6b,,,,,
0,0,0.12570667266845703,0,5ab7178f5542991d32223774,,,,,
0,0.5,0.12859392166137695,0,5aba454855429901930fa794,,,,,
0,0,0.3592641353607178,0,5adfa73b55429942ec259ad8,,,,,
0,0.14285714285714288,0.33315181732177734,0,5ab3dbd8554299233954ffd6,,,,,
0,0,0.18756723403930664,0,5a7a93115542995eb53be86f,,,,,
1,1.0,0.1254253387451172,0,5a79f6825542996c55b2dcb4,,,,,
0,0,0.3276495933532715,0,5a7c646e55429907fabeef7c,,,,,
0,0.6666666666666666,0.2192857265472412,0,5a7a650355429941d65f2615,,,,,
0,0,0.4481823444366455,0,5ae4903855429913cc2044a0,,,,,
0,0,0.12897515296936035,0,5ab3d1b85542992ade7c6eba,,,,,
0,0,0.3294827938079834,0,5ab8337a55429919ba4e225f,,,,,
0,0,0.23698949813842773,0,5a7bea3d5542996dd594b847,,,,,
0,0,0.13542652130126953,0,5a882d9a5542997e5c09a599,,,,,
0,0,0.3264961242675781,0,5ab602405542992aa134a401,,,,,
0,0,0.13115668296813965,0,5ab6cce1554299710c8d1f67,,,,,
0,0,0.3070995807647705,0,5a72814f5542994cef4bc2eb,,,,,
0,0.3333333333333333,0.2473766803741455,0,5abbdb9a55429931dba145ad,,,,,
0,0,0.28043651580810547,0,5ab488bc5542990594ba9c55,,,,,
0,0,0.10412263870239258,0,5abf1a6b5542997ec76fd3c1,,,,,
0,0,0.2534651756286621,0,5a9070dd5542995b442420b5,,,,,
0,0,0.34255266189575195,0,5ab3d2595542992ade7c6ebf,,,,,
1,1.0,0.11885499954223633,0,5ab6c63755429953192ad38b,,,,,
0,0,0.3076314926147461,0,5a8b1a925542997f31a41c6e,,,,,
0,0.4444444444444445,0.21147465705871582,0,5a77afcd5542997042120adf,,,,,
0,0,0.27208399772644043,0,5a8600665542994775f606ee,,,,,
0,0,0.22756743431091309,0,5ac2583b55429951e9e68565,,,,,
0,0.15384615384615385,0.3152577877044678,0,5a8d9f35554299441c6ba018,,,,,
0,0.28571428571428575,0.20889925956726074,0,5a8284b555429954d2e2eb5f,,,,,
1,1.0,0.11785387992858887,0,5ac1c7605542994ab5c67e14,,,,,
0,0,0.4211583137512207,0,5ae22670554299234fd043fc,,,,,
0,0,0.5864725112915039,0,5a810c44554299260e20a221,,,,,
0,0,0.17477679252624512,0,5a7ec7f355429934daa2fc64,,,,,
0,0.15384615384615385,0.26640772819519043,0,5ae7257a554299572ea54731,,,,,
0,0,0.14808988571166992,0,5a755f0a5542996c70cfaee7,,,,,
0,0,0.41634392738342285,0,5adf6b405542992d7e9f9341,,,,,
0,0,0.30960750579833984,0,5ab74eb85542993667793fb8,,,,,
0,0,0.2550225257873535,0,5a76fe7b5542994aec3b71b2,,,,,
0,0.33333333333333337,0.4054577350616455,0,5ab91b6c55429934fafe6e5f,,,,,
0,0,0.20511531829833984,0,5a83172455429954d2e2ec14,,,,,
0,0,0.2807199954986572,0,5abece075542997ec76fd36d,,,,,
0,0,0.13688039779663086,0,5a8a833855429970aeb702fe,,,,,
0,0,0.14559054374694824,0,5abface75542990832d3a196,,,,,
0,0,0.7282266616821289,0,5abd882f55429924427fd045,,,,,
0,0,0.1985187530517578,0,5ac4d314554299076e296e02,,,,,
1,1.0,0.12211298942565918,0,5a85bc2d5542994c784ddb70,,,,,
1,1.0,0.13388466835021973,0,5a88fa1c5542995153361219,,,,,
0,0.2857142857142857,0.3551521301269531,0,5ae1e4095542997283cd22bf,,,,,
0,0,0.13610172271728516,0,5abd96fe5542992ac4f382d9,,,,,
0,0,0.3359034061431885,0,5a7c67c15542990527d55498,,,,,
0,0,0.16329264640808105,0,5ae256c35542994d89d5b3e9,,,,,
0,0.1,0.3482625484466553,0,5ae1c3cd554299492dc91b87,,,,,
0,0,0.33728480339050293,0,5a8a1a975542992e4fca8505,,,,,
0,0,0.10818696022033691,0,5ac160605542994ab5c67d02,,,,,
0,0,0.23025202751159668,0,5a75ac415542992d0ec05fdb,,,,,
0,0,0.13053107261657715,0,5ae5a63c5542992663a4f203,,,,,
1,1.0,0.12352132797241211,0,5a77d5b855429949eeb29f77,,,,,
0,0.5,0.15270209312438965,0,5a8c5bff554299240d9c2139,,,,,
0,0.8,0.15965628623962402,0,5a8a573355429970aeb7029a,,,,,
0,0,0.33702564239501953,0,5ae4ca6355429913cc204507,,,,,
0,0,0.3746914863586426,0,5a7264ed5542990c210a411a,,,,,
0,0.15384615384615385,0.3310353755950928,0,5add2df85542992ae4cec4d6,,,,,
0,0,0.11111021041870117,0,5a77e62b5542992a6e59dfea,,,,,
0,0,0.3055853843688965,0,5ac19ba355429963665198b7,,,,,
0,0,0.22683310508728027,0,5ab32256554299233954ff22,,,,,
0,0,0.340623140335083,0,5a728b1c5542992359bc30e0,,,,,
0,0,0.33090877532958984,0,5abec8e45542997ec76fd364,,,,,
0,0,0.37360429763793945,0,5a8753c05542994846c1cd62,,,,,
0,0,0.13304710388183594,0,5ae6638555429908198fa5ba,,,,,
0,0,0.5674135684967041,0,5a77857155429949eeb29ebf,,,,,
0,0,0.22948026657104492,0,5ae1f70c5542997f29b3c1c5,,,,,
0,0,0.13027453422546387,0,5ac10832554299012d1db687,,,,,
0,0.16666666666666666,0.2305619716644287,0,5ae0b0ab55429945ae959423,,,,,
0,0,0.13566279411315918,0,5ab7a1f65542991d3222378f,,,,,
0,0.5,0.13127613067626953,0,5a7563a45542996c70cfaeec,,,,,
0,0,0.13674688339233398,0,5ae792f55542994a481bbdae,,,,,
0,0,0.49079322814941406,0,5ac3ac1855429939154138ab,,,,,
1,1.0,0.12492752075195312,0,5a802b595542995d8a8ddf51,,,,,
0,0,0.17330121994018555,0,5a79c1095542996c55b2dc62,,,,,
0,0,0.13139128684997559,0,5adc93a4554299438c868e01,,,,,
0,0,0.34070324897766113,0,5ab91e3255429916710eb117,,,,,
0,0.14285714285714288,0.24562644958496094,0,5a804f01554299485f5985bf,,,,,
0,0,0.10692882537841797,0,5a7fa22b5542992097ad2fa6,,,,,
0,0,0.13285088539123535,0,5abc1ca15542993a06baf88d,,,,,
0,0,0.14482378959655762,0,5ab204795542993be8fa98ad,,,,,
0,0,0.10759592056274414,0,5addf05a5542997dc79070cd,,,,,
0,0.16666666666666666,0.23447108268737793,0,5a79bed05542994bb9457053,,,,,
0,0.4,0.15185260772705078,0,5a8ffd705542995651fb5096,,,,,
0,0,0.30750203132629395,0,5a8cac04554299240d9c21ce,,,,,
1,1.0,0.13611125946044922,0,5ab5fcae554299110f2199ad,,,,,
0,0.2857142857142857,0.21391010284423828,0,5a8f876e5542997ba9cb32a1,,,,,
0,0,0.27432870864868164,0,5adfb992554299603e418391,,,,,
0,0,0.2722334861755371,0,5adcc7395542990d50227d13,,,,,
0,0,0.39589381217956543,0,5ab85d6c55429919ba4e22cb,,,,,
0,0.09523809523809523,0.39477109909057617,0,5a796c805542990784727805,,,,,
1,1.0,0.14172053337097168,0,5ae21154554299495565d9d4,,,,,
0,0,0.3858189582824707,0,5adcc6765542994d58a2f6c9,,,,,
0,0,0.30609941482543945,0,5abd64cb55429933744ab7ad,,,,,
0,0,0.24418973922729492,0,5ab7cc145542995dae37e9a1,,,,,
0,0,0.37210774421691895,0,5a77a14655429949eeb29f13,,,,,
0,0.4,0.13704228401184082,0,5ae00b9f554299025d62a3c3,,,,,
1,1.0,0.11190605163574219,0,5ab3acc9554299753aec5985,,,,,
0,0,0.12825846672058105,0,5a79cd395542994bb94570be,,,,,
0,0.18181818181818182,0.2534048557281494,0,5ab236645542993be8fa98c9,,,,,
0,0,0.09889960289001465,0,5ae8027d5542993210984031,,,,,
0,0,0.19942331314086914,0,5a879dae5542996e4f308885,,,,,
0,0,0.40367984771728516,0,5a7a03225542996c55b2dcd5,,,,,
0,0.25,0.17492175102233887,0,5a7dc3275542997cc2c4749c,,,,,
0,0.25,0.23280096054077148,0,5a89f6235542993b751ca9c7,,,,,
1,1.0,0.09218883514404297,0,5a775cdb5542993735360244,,,,,
0,0,0.18457365036010742,0,5a8efba955429918e830d173,,,,,
0,0,0.30680084228515625,0,5ae2952a5542994d89d5b42b,,,,,
0,0.1111111111111111,0.42514538764953613,0,5adfa97555429942ec259ae1,,,,,
0,0,0.13523650169372559,0,5a8b3d795542997f31a41cc1,,,,,
0,0,0.2678806781768799,0,5a7717635542994aec3b71e3,,,,,
0,0,0.20826959609985352,0,5a83b01c5542996488c2e489,,,,,
0,0.4,0.10550284385681152,0,5ab7d33d5542992aa3b8c859,,,,,
0,0,0.3641335964202881,0,5a8c6bd55542995e66a475ea,,,,,
0,0,0.12268710136413574,0,5a773c7755429972597f14b5,,,,,
0,0.6666666666666666,0.14848685264587402,0,5ab1ec725542993be8fa9883,,,,,
0,0,0.2608642578125,0,5ae49bb755429970de88d9d7,,,,,
0,0,0.504281759262085,0,5ac2e9c45542990b17b154a0,,,,,
0,0.1111111111111111,0.44560837745666504,0,5a77c0c05542995d831812a1,,,,,
0,0,0.2128314971923828,0,5a80870d5542992bc0c4a752,,,,,
0,0,0.1727619171142578,0,5a772c925542993735360208,,,,,
0,0,0.1618959903717041,0,5a8a09765542992d82986e67,,,,,
0,0.07407407407407407,0.5016980171203613,0,5a7b220855429931da12c9e5,,,,,
0,0,0.6900653839111328,0,5ac51c2255429924173fb5b4,,,,,
0,0.375,0.2630131244659424,0,5ab868e755429919ba4e22e3,,,,,
1,1.0,0.15392422676086426,0,5ab3c7df55429969a97a81be,,,,,
0,0,0.267092227935791,0,5a7294b65542991f9a20c509,,,,,
0,0,0.37073397636413574,0,5a8595a85542992a431d1b48,,,,,
1,1.0,0.1275923252105713,0,5a887771554299206df2b294,,,,,
0,0,0.39699745178222656,0,5a88b3b4554299206df2b336,,,,,
0,0,0.11219310760498047,0,5ae6fee3554299572ea54670,,,,,
0,0,0.1287851333618164,0,5ab97a315542996be2020517,,,,,
0,0,0.13244390487670898,0,5a714b645542994082a3e78b,,,,,
0,0,0.2614767551422119,0,5abd0553554299700f9d7963,,,,,
0,0,0.39435791969299316,0,5add1d435542990d50227de8,,,,,
0,0,0.4319460391998291,0,5a8a0ed55542992e4fca84e8,,,,,
0,0.3333333333333333,0.12284374237060547,0,5ab2861b554299449642c8df,,,,,
0,0,0.28028011322021484,0,5a76394c5542994ccc918725,,,,,
0,0,0.11349034309387207,0,5adc995d5542994ed6169ba8,,,,,
0,0,0.22860097885131836,0,5abd0b9a5542996e802b46b7,,,,,
0,0.07142857142857142,0.6641390323638916,0,5ab7948b5542995dae37e969,,,,,
0,0,0.12454652786254883,0,5a7f1d3c5542993067513639,,,,,
0,0.08695652173913042,0.6104800701141357,0,5a8661535542994775f60758,,,,,
0,0.13333333333333333,0.2563514709472656,0,5ab4396555429942dd415eed,,,,,
0,0.16666666666666669,0.3065810203552246,0,5ae3776e5542992e3233c40c,,,,,
0,0,0.2881457805633545,0,5ac259585542992f1f2b3868,,,,,
0,0.125,0.3435051441192627,0,5a77671255429966f1a36d21,,,,,
0,0,0.39348936080932617,0,5ae1b8075542997283cd2262,,,,,
0,0,0.32800912857055664,0,5ae773eb5542997b22f6a777,,,,,
0,0,0.14075803756713867,0,5ab72b5855429928e1fe3828,,,,,
0,0.0909090909090909,0.5131919384002686,0,5ab7b3cc55429928e1fe3893,,,,,
0,0,0.2176806926727295,0,5ab8261655429934fafe6cf1,,,,,
1,1.0,0.1145925521850586,0,5ab8848d55429916710eb07b,,,,,
0,0,0.12520456314086914,0,5ae26c435542994d89d5b420,,,,,
0,0,0.3626830577850342,0,5ab6c181554299110f219a5f,,,,,
0,0.0909090909090909,0.38965868949890137,0,5ab707d65542991d32223761,,,,,
0,0,0.25971221923828125,0,5a7fa2ad5542994857a76792,,,,,
0,0,0.4270915985107422,0,5ae346365542991a06ce9985,,,,,
0,0,0.33000779151916504,0,5a8645825542991e771815eb,,,,,
0,0,0.12609338760375977,0,5a8e0d04554299068b959e3a,,,,,
0,0,0.1299905776977539,0,5a7a96b055429941d65f26d7,,,,,
0,0,0.12688088417053223,0,5abc5955554299114383a118,,,,,
0,0,0.14989161491394043,0,5ae780bf554299540e5a55d0,,,,,
0,0,0.3570702075958252,0,5ae1452c554299422ee99654,,,,,
0,0,0.25242042541503906,0,5ac3ac8255429939154138ad,,,,,
0,0,0.46833372116088867,0,5abdd30c5542991f66106052,,,,,
0,0.2727272727272727,0.36167025566101074,0,5a7fa1b05542994857a7678e,,,,,
0,0.23529411764705882,0.3595263957977295,0,5a88fa145542997e5c09a6e1,,,,,
0,0,0.30533456802368164,0,5ab90db455429916710eb0f2,,,,,
0,0,0.31287598609924316,0,5ab95dd8554299743d22eb13,,,,,
0,0.6666666666666666,0.1298666000366211,0,5a7bbc59554299294a54aaa9,,,,,
0,0,0.21174955368041992,0,5a8595005542992a431d1b40,,,,,
0,0,0.452089786529541,0,5a884adb5542996e4f308938,,,,,
0,0,0.12194561958312988,0,5ae0db8955429924de1b71a1,,,,,
0,0,0.1250591278076172,0,5ae5fc345542993aec5ec1f8,,,,,
0,0,0.1317002773284912,0,5a84800f554299123d8c2276,,,,,
0,0.16666666666666669,0.2774159908294678,0,5ab1d2585542997061209581,,,,,
0,0.23529411764705882,0.3384082317352295,0,5abd0077554299700f9d7954,,,,,
0,0,0.2673759460449219,0,5ae0cf8355429945ae959464,,,,,
0,0.8,0.12863612174987793,0,5ae63cc55542992ae0d16298,,,,,
0,0.28571428571428575,0.30886173248291016,0,5a7d70d45542990b8f50398a,,,,,
0,0.5,0.15126681327819824,0,5abd578a5542993062266c5d,,,,,
0,0,0.24374938011169434,0,5ae361605542994393b9e69b,,,,,
0,0,0.11760997772216797,0,5adc46665542994650320cc8,,,,,
0,0,0.29414939880371094,0,5a87964c5542996e4f30885f,,,,,
0,0,0.1101541519165039,0,5a842f705542996488c2e4fc,,,,,
0,0,0.20497703552246094,0,5ab2929a554299449642c900,,,,,
0,0,0.33721041679382324,0,5a89d36e554299515336132a,,,,,
0,0.5714285714285715,0.21088743209838867,0,5ae46c9d5542996836b02c9d,,,,,
0,0,0.397230863571167,0,5ae1cf785542997f29b3c12a,,,,,
0,0,0.13753294944763184,0,5a8de4595542995085b37348,,,,,
0,0.15384615384615385,0.2808833122253418,0,5ab7f0995542995dae37e9fb,,,,,
0,0.14285714285714285,0.298931360244751,0,5a7345ed5542992359bc32ce,,,,,
0,0.22222222222222224,0.23047780990600586,0,5abf92c45542993fe9a41e07,,,,,
0,0.16666666666666669,0.30329442024230957,0,5a8ba67755429971feec4748,,,,,
0,0.5714285714285715,0.18695998191833496,0,5a874f20554299211dda2bd6,,,,,
0,0,0.12034130096435547,0,5abbdd6955429931dba145b5,,,,,
0,0,0.21312403678894043,0,5ae635505542992ae0d16282,,,,,
0,0,0.11086654663085938,0,5a7a3d435542996a35c17154,,,,,
0,0,0.15933585166931152,0,5a7d598d5542995f4f402262,,,,,
0,0,0.10829925537109375,0,5ae0f8a05542997b2ef7d0bc,,,,,
0,0,0.12224650382995605,0,5a7af4bb55429927d897bf1d,,,,,
0,0.16666666666666669,0.29197072982788086,0,5a81778355429926c1cdad2e,,,,,
0,0.36363636363636365,0.21250224113464355,0,5a77b9a35542995d83181280,,,,,
0,0,0.21357202529907227,0,5ab724b45542991d32223785,,,,,
0,0,0.12507843971252441,0,5a7c25895542997c3ec972e6,,,,,
0,0,0.11472749710083008,0,5ac415445542995c82c4acb7,,,,,
0,0.5,0.13167119026184082,0,5ab95a63554299743d22eb06,,,,,
0,0.2,0.23308539390563965,0,5ab3b50055429969a97a818c,,,,,
0,0,0.163435697555542,0,5ae1568a55429901ffe4ae6b,,,,,
0,0.16666666666666669,0.24183058738708496,0,5a7f10e2554299306751360b,,,,,
0,0,0.18864893913269043,0,5a7af2a455429931da12c998,,,,,
0,0,0.21380972862243652,0,5ae1810555429901ffe4aecf,,,,,
0,0,0.5399515628814697,0,5ae0ae4555429945ae959419,,,,,
0,0.13333333333333333,0.32842469215393066,0,5abb8afe5542993f40c73b1e,,,,,
0,0,0.1264960765838623,0,5ab82e195542992aa3b8c8a8,,,,,
0,0,0.48076605796813965,0,5a8d227a554299585d9e37b1,,,,,
0,0,0.22244739532470703,0,5add60905542995b365fab1d,,,,,
0,0,0.16775870323181152,0,5a77c6e05542995d831812c7,,,,,
0,0,0.3932671546936035,0,5ae1ee6d5542997283cd22fd,,,,,
0,0.6666666666666666,0.148331880569458,0,5add2b865542992c1e3a2550,,,,,
0,0.6666666666666666,0.17079949378967285,0,5ab5ee055542997d4ad1f259,,,,,
0,0,0.1510610580444336,0,5ac514d05542994611c8b372,,,,,
0,0,0.26586198806762695,0,5a8836445542997e5c09a5a5,,,,,
0,0.09523809523809525,0.43532752990722656,0,5a8010685542992bc0c4a69a,,,,,
0,0,0.26003170013427734,0,5a728dc65542992359bc30ef,,,,,
0,0,0.34621119499206543,0,5a7c38c955429935c91b5132,,,,,
0,0.13333333333333333,0.38055896759033203,0,5ab4378f5542991751b4d6f3,,,,,
0,0.2222222222222222,0.23878073692321777,0,5ab4028555429976abd1bd2b,,,,,
0,0,0.10580921173095703,0,5ac2a41e55429967731025d0,,,,,
0,0,0.29709506034851074,0,5adeaec455429939a52fe952,,,,,
0,0,0.38044023513793945,0,5a7f84225542994857a76756,,,,,
0,0,0.5332562923431396,0,5addce005542997dc790703c,,,,,
0,0,0.22494864463806152,0,5a87ef2f55429938390d3eb9,,,,,
0,0,0.24783635139465332,0,5abd1b5e55429933744ab728,,,,,
0,0.6,0.19974923133850098,0,5a7a5ea15542994f819ef1c7,,,,,
0,0,0.2689173221588135,0,5a8d42c95542994ba4e3dc43,,,,,
0,0.5,0.10893440246582031,0,5abb342055429966062416e8,,,,,
0,0.4,0.17679715156555176,0,5ab2b630554299545a2cfa17,,,,,
0,0,0.1183323860168457,0,5a7320ac5542991f9a20c620,,,,,
0,0,0.46852779388427734,0,5a8febb555429916514e73e4,,,,,
0,0,0.3212571144104004,0,5a86481b5542996432c571b5,,,,,
0,0.14285714285714288,0.35451793670654297,0,5a7d93945542990b8f5039b8,,,,,
0,0,0.3184220790863037,0,5ae150ab55429901ffe4ae53,,,,,
0,0,0.14619922637939453,0,5a7528e955429929fddd850e,,,,,
1,1.0,0.1329057216644287,0,5ae5dae2554299546bf82fa4,,,,,
0,0,0.11017632484436035,0,5ae12f105542997b2ef7d11e,,,,,
0,0,0.37639379501342773,0,5a72dcb45542992359bc31af,,,,,
0,0,0.3244292736053467,0,5ae530e355429908b6326561,,,,,
0,0,0.2690448760986328,0,5abe3abb55429965af743ea1,,,,,
0,0,0.22064447402954102,0,5a77a15b5542995d83181226,,,,,
0,0,0.295839786529541,0,5ae409d955429970de88d89d,,,,,
0,0,0.12465047836303711,0,5ae3fe635542996836b02c07,,,,,
0,0.3333333333333333,0.47394704818725586,0,5a7322a25542991f9a20c634,,,,,
0,0,0.22121667861938477,0,5a7324e055429901807daf8f,,,,,
0,0.17647058823529413,0.5730338096618652,0,5addcfd65542997dc790703e,,,,,
0,0.28571428571428575,0.19669842720031738,0,5abe92de5542993f32c2a16b,,,,,
0,0.28571428571428575,0.36208152770996094,0,5a80f42b55429938b614226c,,,,,
0,0,0.34665513038635254,0,5ab94ade554299743d22eac7,,,,,
0,0.4444444444444445,0.13517260551452637,0,5aba89fb5542994dbf019933,,,,,
0,0.6666666666666666,0.2192392349243164,0,5a7651825542992d0ec060a3,,,,,
0,0,0.31077051162719727,0,5ac3c1585542995ef918c21d,,,,,
0,0,0.4592418670654297,0,5a797bd95542994bb9457016,,,,,
1,1.0,0.12819886207580566,0,5ade5a645542997c77adee0d,,,,,
0,0,0.1645669937133789,0,5ae36ee05542992f92d822c4,,,,,
0,0,0.12384819984436035,0,5a8b231055429949d91db4c9,,,,,
0,0.23529411764705882,0.3869919776916504,0,5addd41b5542990dbb2f7e94,,,,,
0,0,0.10797786712646484,0,5a8a5bd355429970aeb702b9,,,,,
0,0,0.12149381637573242,0,5adbfc945542996e68525296,,,,,
0,0,0.16019320487976074,0,5adc294c5542996e685252cf,,,,,
0,0.16666666666666666,0.328505277633667,0,5a7351785542994cef4bc539,,,,,
0,0,0.15338778495788574,0,5adbc8e25542996e68525230,,,,,
0,0,0.33312082290649414,0,5ae0247955429925eb1afc22,,,,,
0,0,0.20605206489562988,0,5a8cdcb0554299441c6b9f33,,,,,
0,0,0.1487751007080078,0,5a888abc5542997e5c09a604,,,,,
0,0.08695652173913045,0.41016197204589844,0,5ab9e2055542994dbf019884,,,,,
0,0.18181818181818182,0.25136685371398926,0,5a851b0d5542997175ce1f7f,,,,,
0,0.15384615384615385,0.27372288703918457,0,5abd0eae5542996e802b46d4,,,,,
0,0,0.3691134452819824,0,5ab930c75542996be202043a,,,,,
0,0,0.12350273132324219,0,5abc0dfe55429959677d6a05,,,,,
0,0,0.7542493343353271,0,5a82ebb855429966c78a6a9c,,,,,
0,0.10526315789473684,0.3624868392944336,0,5a7a1d305542990783324e66,,,,,
0,0,0.37454748153686523,0,5ac290e85542992f1f2b3916,,,,,
0,0,0.14646506309509277,0,5a7b116a554299042af8f6c4,,,,,
0,0,0.3025784492492676,0,5ab553e2554299494045ef81,,,,,
0,0,0.2930946350097656,0,5ab587f85542992aa134a34d,,,,,
0,0.5,0.1430971622467041,0,5a732ab25542991f29ee2d25,,,,,
0,0.5,0.20363664627075195,0,5ac283f7554299677310254a,,,,,
0,0,0.292724609375,0,5a7aa5e75542992d025e66d9,,,,,
0,0.33333333333333337,0.35315632820129395,0,5ae237cf5542992decbdcc78,,,,,
0,0.125,0.30378103256225586,0,5abe4a365542993f32c2a0dc,,,,,
0,0,0.13744020462036133,0,5a84f4c75542997175ce1f31,,,,,
0,0,0.22778844833374023,0,5add64e35542992200553ae8,,,,,
0,0.23529411764705882,0.271028995513916,0,5ac02d59554299294b218f3b,,,,,
0,0,0.2277531623840332,0,5adbe27c55429947ff173854,,,,,
0,0,0.18296504020690918,0,5a84e0a45542991dd0999e11,,,,,
0,0,0.23111724853515625,0,5ac2e97d554299657fa290c0,,,,,
0,0,0.5447821617126465,0,5a8ec3205542995a26add506,,,,,
0,0.18181818181818182,0.2614564895629883,0,5ae39e9c5542990afbd1e195,,,,,
0,0,0.13742780685424805,0,5a8c92dd554299653c1aa0c4,,,,,
0,0,0.30994343757629395,0,5a81dbfc55429903bc27b9f2,,,,,
0,0,0.4237954616546631,0,5ab5e4e15542997d4ad1f229,,,,,
0,0,0.27227067947387695,0,5add00775542992c1e3a2503,,,,,
0,0.18181818181818182,0.186875581741333,0,5ae7a8d35542994a481bbdbb,,,,,
0,0.11764705882352941,0.2714498043060303,0,5ab439f055429942dd415eef,,,,,
0,0,0.10564136505126953,0,5a8b6efd5542997f31a41d2b,,,,,
0,0.15384615384615385,0.3023853302001953,0,5ac02d345542992a796decc0,,,,,
0,0,0.6962909698486328,0,5a892d6f55429951533612d1,,,,,
0,0.14285714285714288,0.25469088554382324,0,5abd68d655429933744ab7c0,,,,,
0,0.21428571428571425,0.4651002883911133,0,5ac3891f554299741d48a284,,,,,
0,0,0.2852954864501953,0,5a8135eb55429938b61422fa,,,,,
0,0,0.14602017402648926,0,5a7e355055429934daa2fbf4,,,,,
0,0.3,0.35702013969421387,0,5ab5d4eb5542992aa134a3aa,,,,,
0,0,0.22650504112243652,0,5a84e4bc5542997b5ce3ff81,,,,,
0,0,0.14893126487731934,0,5adfbd4655429942ec259b31,,,,,
0,0,0.21169233322143555,0,5ab85e195542992aa3b8c8c5,,,,,
0,0,0.5067799091339111,0,5ab6c65e554299710c8d1f58,,,,,
0,0,0.16369271278381348,0,5adf9b415542995ec70e904c,,,,,
0,0,0.4822063446044922,0,5a7a5aea5542996c55b2dd6f,,,,,
0,0,0.25057268142700195,0,5ae446175542995ad6573d1f,,,,,
0,0,0.21319127082824707,0,5abbd3b4554299642a094b4f,,,,,
0,0,0.2512369155883789,0,5a89875655429938390d4047,,,,,
0,0,0.30848121643066406,0,5adeab4555429975fa854f5f,,,,,
0,0.4444444444444445,0.22740650177001953,0,5a72e4375542992359bc31bf,,,,,
0,0.18181818181818182,0.5238399505615234,0,5add64065542995b365fab25,,,,,
0,0,0.5180418491363525,0,5ae0b4c15542993d6555ec21,,,,,
0,0.14285714285714288,0.27999258041381836,0,5a8a42ec55429970aeb7027c,,,,,
0,0,0.3176405429840088,0,5ae113de55429901ffe4ad51,,,,,
0,0.06451612903225806,0.5757248401641846,0,5add5f925542997545bbbd48,,,,,
0,0,0.12336897850036621,0,5a7fd1515542992e7d278db1,,,,,
1,1.0,0.1394507884979248,0,5a7222b155429971e9dc92c4,,,,,
0,0,0.20798563957214355,0,5abb7e4f5542996cc5e4a00b,,,,,
0,0.5714285714285715,0.1569981575012207,0,5abcf84d55429959677d6b86,,,,,
0,0.4444444444444445,0.1667335033416748,0,5a7d119d5542995ed0d165d5,,,,,
0,0,0.2869265079498291,0,5a8a4a4055429930ff3c0d77,,,,,
0,0,0.18571019172668457,0,5a7754d85542993735360234,,,,,
0,0.2222222222222222,0.34431910514831543,0,5ac44813554299194317396b,,,,,
0,0,0.5643088817596436,0,5adbe447554299438c868ccd,,,,,
0,0,0.21474385261535645,0,5ae4b8fc55429913cc2044e5,,,,,
0,0,0.480454683303833,0,5ae26fad554299495565da6f,,,,,
0,0.4,0.1583092212677002,0,5ab53436554299637185c504,,,,,
0,0.125,0.3107492923736572,0,5a7e36815542995ed0d166d4,,,,,
0,0,0.15347051620483398,0,5a906f9f5542995b442420b3,,,,,
0,0,0.39583587646484375,0,5ac0aab35542992a796ded5c,,,,,
0,0,0.671637773513794,0,5abc8507554299700f9d78de,,,,,
0,0,0.3353548049926758,0,5ae5d82f554299546bf82f9a,,,,,
0,0,0.30692505836486816,0,5abcf51c554299700f9d7949,,,,,
0,0.5714285714285715,0.1495833396911621,0,5a7a7dc15542994f819ef1f2,,,,,
0,0,0.23122358322143555,0,5a77984d5542992a6e59df14,,,,,
0,0,0.43673086166381836,0,5a775bab5542994aec3b72a8,,,,,
0,0,0.15105247497558594,0,5ab5574b554299488d4d994e,,,,,
0,0,0.2773144245147705,0,5a8e7c095542990e94052b22,,,,,
0,0.10526315789473685,0.3065757751464844,0,5ac2ad5355429921a00ab02c,,,,,
0,0.6666666666666666,0.14852523803710938,0,5a7f97c05542995d8a8ddeb0,,,,,
0,0,0.29946041107177734,0,5a84f8555542997175ce1f3a,,,,,
0,0,0.39925622940063477,0,5ab9fe1255429939ce03dc40,,,,,
0,0.6666666666666666,0.12148475646972656,0,5a77a8b45542995d83181253,,,,,
0,0,0.13036632537841797,0,5a7296815542991f9a20c515,,,,,
0,0,0.3424193859100342,0,5ae1925a554299492dc91b48,,,,,
0,0.4,0.10079622268676758,0,5a90997b5542995651fb51af,,,,,
0,0,0.255892276763916,0,5ab42e55554299753aec5a53,,,,,
0,0,0.460648775100708,0,5a83972f5542996488c2e46d,,,,,
0,0,0.12055802345275879,0,5a7b47765542992d025e67d8,,,,,
0,0,0.2126932144165039,0,5ac0aa955542997d64295a49,,,,,
0,0.125,0.40293216705322266,0,5a8b3c0055429949d91db4f8,,,,,
0,0.5,0.1454169750213623,0,5a8361f35542996488c2e431,,,,,
0,0.1111111111111111,0.4464538097381592,0,5ab54056554299488d4d9923,,,,,
0,0.19999999999999998,0.2148725986480713,0,5a8a06455542992e4fca84db,,,,,
0,0.1111111111111111,0.38475823402404785,0,5ae0b9b155429924de1b7152,,,,,
0,0,0.2579684257507324,0,5ae1384355429920d5234329,,,,,
0,0,0.2804090976715088,0,5ab946d7554299743d22eaaf,,,,,
0,0,0.3171725273132324,0,5a8d427f5542994ba4e3dc41,,,,,
0,0,0.2759878635406494,0,5a7268235542992359bc3081,,,,,
0,0,0.2820913791656494,0,5ae26905554299492dc91c17,,,,,
0,0,0.1321258544921875,0,5adcd1665542994d58a2f6e6,,,,,
0,0.28571428571428575,0.21807122230529785,0,5adfd0d655429942ec259b4e,,,,,
0,0,0.3591771125793457,0,5a8b24f255429950cd6afc56,,,,,
0,0,0.2890923023223877,0,5a8008b95542992097ad2fcf,,,,,
0,0,0.11329531669616699,0,5ae274dd5542996483e649ad,,,,,
0,0,0.3527064323425293,0,5ac1089f554299012d1db688,,,,,
0,0,0.37307119369506836,0,5a81ad9855429903bc27b9a3,,,,,
0,0.13333333333333333,0.29878997802734375,0,5a8ac5595542992d82986f77,,,,,
0,0,0.14705181121826172,0,5a75447b55429974ef308cbf,,,,,
0,0,0.32413625717163086,0,5a87defa5542993e715abfec,,,,,
0,0,0.19414353370666504,0,5ae12a4b55429920d52342df,,,,,
0,0,0.16127252578735352,0,5a7b68525542997c3ec97151,,,,,
1,1.0,0.12546610832214355,0,5ade18df5542990dbb2f7f53,,,,,
0,0,0.2929980754852295,0,5a8430335542996488c2e500,,,,,
0,0.33333333333333337,0.19622254371643066,0,5a875fee5542996e4f3087ab,,,,,
0,0,0.12956452369689941,0,5ab3d5f355429969a97a81c5,,,,,
0,0,0.2849717140197754,0,5ae56fb85542993aec5ec1a9,,,,,
0,0,0.1485280990600586,0,5adea2435542992fa25da7e4,,,,,
1,1.0,0.1253650188446045,0,5a7b695f5542997c3ec97156,,,,,
0,0,0.15085196495056152,0,5ae164cf5542997b2ef7d1cd,,,,,
0,0.5,0.13944554328918457,0,5ac2070755429964131be2bd,,,,,
0,0,0.3688240051269531,0,5ae1892f5542997b2ef7d1f3,,,,,
0,0.16666666666666669,0.5219366550445557,0,5ade636255429939a52fe896,,,,,
0,0.11764705882352941,0.2747619152069092,0,5a8b128455429971feec463b,,,,,
0,0,0.5005195140838623,0,5a8affca55429971feec45e3,,,,,
0,0,0.11225342750549316,0,5ae5a8435542992663a4f208,,,,,
0,0,0.24837374687194824,0,5a8e82ff5542995a26add4e2,,,,,
0,0,0.28396058082580566,0,5ab874ba5542990e739ec904,,,,,
0,0,0.30220937728881836,0,5ae2d8fb55429928c42394fa,,,,,
0,0,0.15725374221801758,0,5ab7ba7555429928e1fe38b5,,,,,
0,0,0.1307051181793213,0,5ae1894f5542997b2ef7d1f4,,,,,
0,0,0.2251746654510498,0,5a7734ce5542993735360217,,,,,
0,0,0.20331144332885742,0,5ab55e015542992aa134a2d3,,,,,
0,0,0.592864990234375,0,5a8bcad45542995e66a47512,,,,,
0,0,0.5820107460021973,0,5a7df25a5542990b8f503b02,,,,,
0,0.14285714285714285,0.24506330490112305,0,5a8f6a025542992414482ab8,,,,,
0,0,0.24891018867492676,0,5ac113e2554299294b21909a,,,,,
0,0,0.12331724166870117,0,5a72224755429971e9dc92be,,,,,
0,0,0.13307738304138184,0,5a84c66a5542994c784dda45,,,,,
0,0,0.10659384727478027,0,5adc2b6255429947ff173901,,,,,
1,1.0,0.1070401668548584,0,5a73984355429908901be307,,,,,
1,1.0,0.1320667266845703,0,5a7a4f335542990198eaf11e,,,,,
0,0,0.11820459365844727,0,5a7c49dc55429935c91b514f,,,,,
0,0,0.13205647468566895,0,5a8db2105542994ba4e3dd04,,,,,
0,0,0.1262047290802002,0,5ae11bc455429901ffe4ad94,,,,,
0,0,0.17958879470825195,0,5ae48d1755429913cc204499,,,,,
0,0,0.11308813095092773,0,5ab521175542996a3a96a02d,,,,,
0,0.07407407407407407,0.5343191623687744,0,5ae5559c55429960a22e02ba,,,,,
0,0.1,0.31529808044433594,0,5ae75eb15542995703ce8bf8,,,,,
0,0,0.13278627395629883,0,5ae3305c55429928c423965f,,,,,
0,0,0.3696260452270508,0,5a89dd4d554299669944a5e3,,,,,
0,0,0.41240692138671875,0,5a8f51695542992414482a3e,,,,,
0,0,0.14755678176879883,0,5adc0f8d55429947ff1738ef,,,,,
0,0,0.1448826789855957,0,5a8da70a5542994ba4e3dcea,,,,,
0,0,0.14143157005310059,0,5a8a5dd055429970aeb702c7,,,,,
0,0.3333333333333333,0.1914064884185791,0,5a74b4e555429929fddd84c2,,,,,
0,0,0.14151883125305176,0,5ade7feb5542992fa25da799,,,,,
0,0,0.38411927223205566,0,5a7293655542991f9a20c4ff,,,,,
0,0.17391304347826086,0.4306607246398926,0,5a832a625542990548d0b1b4,,,,,
0,0,0.1595897674560547,0,5a7f87755542994857a76769,,,,,
1,1.0,0.1306300163269043,0,5a7bae775542995eb53be995,,,,,
0,0,0.35461878776550293,0,5a7c6e435542996dd594b933,,,,,
0,0.1,0.3057105541229248,0,5ac259125542992f1f2b3867,,,,,
0,0,0.14878439903259277,0,5ab2acbc55429929539467d2,,,,,
0,0.22222222222222224,0.23241686820983887,0,5ab54e145542992aa134a2a1,,,,,
0,0.11764705882352941,0.29315686225891113,0,5ae47fe255429913cc204482,,,,,
0,0,0.12343955039978027,0,5a7b782455429927d897bfd7,,,,,
0,0.3333333333333333,0.2719271183013916,0,5aba05cb55429939ce03dc56,,,,,
0,0,0.24992656707763672,0,5ae4f96755429913cc204551,,,,,
0,0,0.12510013580322266,0,5a7fb5ce5542994857a767ca,,,,,
1,1.0,0.15048551559448242,0,5a7336bd5542991f9a20c68c,,,,,
0,0,0.30947089195251465,0,5a77c1d95542995d831812a6,,,,,
0,0.6666666666666666,0.2399768829345703,0,5a7723fa55429966f1a36ca0,,,,,
0,0,0.13723444938659668,0,5a8b40b055429949d91db50c,,,,,
0,0,0.2117750644683838,0,5a79ad485542994bb9457036,,,,,
0,0.14285714285714285,0.3691670894622803,0,5a84b5f05542991dd0999da5,,,,,
0,0.5,0.2321794033050537,0,5ae8161555429952e35eaa04,,,,,
0,0,0.2532012462615967,0,5ae0fb8855429920d523425b,,,,,
0,0.14285714285714285,0.4062998294830322,0,5abb17e75542996cc5e49fa2,,,,,
0,0,0.30264830589294434,0,5a7b1e22554299042af8f6e4,,,,,
0,0,0.47147393226623535,0,5ab2d28b55429916697740ee,,,,,
0,0,0.12193989753723145,0,5a7a43245542994f819ef19d,,,,,
0,0.5,0.19850707054138184,0,5a7d003b55429907fabef0a1,,,,,
0,0.6666666666666666,0.19833159446716309,0,5aba9813554299232ef4a357,,,,,
0,0,0.1299571990966797,0,5ae731c4554299572ea54781,,,,,
0,0,0.2529137134552002,0,5ae78d155542994a481bbd99,,,,,
0,0,0.2786548137664795,0,5a76a2b55542993569682c6c,,,,,
0,0,0.26161956787109375,0,5ab455dc5542991779162c77,,,,,
0,0,0.1640491485595703,0,5ae63b2255429908198fa526,,,,,
0,0,0.6249661445617676,0,5a7cde68554299683c1c63ac,,,,,
0,0,0.39440202713012695,0,5a76641e5542992d0ec060d8,,,,,
0,0.0606060606060606,0.606874942779541,0,5ade56ed5542997c77adee04,,,,,
1,1.0,0.1369459629058838,0,5ade74285542992fa25da78c,,,,,
0,0,0.38761448860168457,0,5a7bbee85542997c3ec97270,,,,,
0,0,0.10991597175598145,0,5adf68ac5542993344016c79,,,,,
0,0,0.2363114356994629,0,5a81937e5542995ce29dcc08,,,,,
0,0,0.22829055786132812,0,5ae665795542991bbc9760c9,,,,,
0,0,0.3772263526916504,0,5a8cf064554299585d9e3775,,,,,
0,0,0.3517148494720459,0,5abbc7a055429931dba1451b,,,,,
0,0,0.3134763240814209,0,5a7b01645542992d025e6734,,,,,
0,0.5,0.23315048217773438,0,5a81456855429938b614231e,,,,,
0,0,0.1265883445739746,0,5adf72095542992d7e9f935d,,,,,
0,0,0.46344828605651855,0,5a771e3255429966f1a36c78,,,,,
0,0,0.18635916709899902,0,5a73551e5542991f29ee2d84,,,,,
0,0.2,0.33188772201538086,0,5a75abbb5542992d0ec05fd9,,,,,
0,0,0.32531142234802246,0,5abc219655429959677d6a1d,,,,,
0,0,0.5948464870452881,0,5abee70a5542994516f45476,,,,,
0,0.21052631578947367,0.4438972473144531,0,5a776bd155429966f1a36d3b,,,,,
0,0,0.14741921424865723,0,5a809fe75542996402f6a5ba,,,,,
0,0.3333333333333333,0.1517794132232666,0,5a7cefcf55429909bec768af,,,,,
0,0.11764705882352941,0.3894667625427246,0,5adf400a5542993a75d2644e,,,,,
0,0,0.09977936744689941,0,5adfa1f9554299025d62a308,,,,,
0,0.18181818181818182,0.2784278392791748,0,5a7797175542992a6e59df10,,,,,
0,0.10526315789473684,0.40295958518981934,0,5ac4c16b5542997ea680cab4,,,,,
0,0,0.12475109100341797,0,5a863b87554299211dda2ab7,,,,,
0,0,0.165602445602417,0,5a81a63c5542990a1d231e45,,,,,
0,0.2222222222222222,0.2482132911682129,0,5a8ac38855429970aeb70300,,,,,
0,0,0.28717565536499023,0,5a7653d25542992db9473765,,,,,
0,0,0.2108907699584961,0,5ab9988b554299131ca4238e,,,,,
0,0.3636363636363636,0.2455425262451172,0,5a88a8f4554299206df2b320,,,,,
0,0.13333333333333333,0.12022137641906738,0,5adcc5715542990d50227d0a,,,,,
0,0,0.19064068794250488,0,5a7455eb55429979e2882908,,,,,
0,0,0.3385767936706543,0,5a88ca4e55429938390d3fc2,,,,,
0,0,0.39920759201049805,0,5a8a410655429970aeb70279,,,,,
1,1.0,0.12197113037109375,0,5ac2ed41554299218029db96,,,,,
0,0,0.27720165252685547,0,5abdb7ff5542993f32c2a011,,,,,
0,0,0.2630441188812256,0,5ab1e7685542993be8fa9877,,,,,
0,0.25,0.2237987518310547,0,5a773ec45542994aec3b7245,,,,,
0,0,0.3854057788848877,0,5adf6aca5542993344016c8d,,,,,
0,0,0.4233062267303467,0,5a70ff335542994082a3e49c,,,,,
0,0.3333333333333333,0.15110540390014648,0,5ade25ed5542997c77aded70,,,,,
0,0.2,0.3658759593963623,0,5ae46b615542995dadf24327,,,,,
0,0,0.2819356918334961,0,5ae682c45542995703ce8b6f,,,,,
0,0,0.20561766624450684,0,5a7ba8fc5542995eb53be986,,,,,
0,0,0.39717960357666016,0,5a7d1868554299452d57bae2,,,,,
0,0.28571428571428575,0.1730954647064209,0,5a87556d5542994846c1cd65,,,,,
0,0,0.12100958824157715,0,5abffafe5542997d64295988,,,,,
0,0,0.46399545669555664,0,5a8460d5554299123d8c2229,,,,,
0,0,0.2735762596130371,0,5ac2db67554299657fa290a6,,,,,
0,0.1111111111111111,0.3029141426086426,0,5ae25c815542992decbdcccc,,,,,
1,1.0,0.17064833641052246,0,5adfc8cf554299603e4183ad,,,,,
0,0.15384615384615385,0.3578317165374756,0,5ac3a7ce554299391541388f,,,,,
0,0.8,0.14041876792907715,0,5a8f0de35542995b44241f40,,,,,
0,0,0.1432936191558838,0,5ae37d265542994393b9e6e7,,,,,
0,0,0.23301243782043457,0,5ae66d785542996d980e7b67,,,,,
0,0,0.3129868507385254,0,5a7768cb5542993569682d88,,,,,
0,0,0.12793684005737305,0,5a8f503c5542992414482a34,,,,,
0,0,0.26390838623046875,0,5ae4e2ca55429908b63264aa,,,,,
0,0,0.22495460510253906,0,5a733b835542991f9a20c6b2,,,,,
0,0,0.11352086067199707,0,5a8b67b655429950cd6afcde,,,,,
0,0.04545454545454545,0.815056562423706,0,5a806aca5542996402f6a503,,,,,
0,0,0.2154693603515625,0,5a89d26b5542992e4fca83d1,,,,,
0,0,0.1100461483001709,0,5adec5055542995534e8c707,,,,,
0,0.5,0.12323689460754395,0,5ae2120c5542997283cd23ac,,,,,
0,0.1111111111111111,0.1475512981414795,0,5a75c02f5542992db94736b4,,,,,
0,0,0.10112214088439941,0,5a8483b45542992a431d1a40,,,,,
0,0.3333333333333333,0.31152915954589844,0,5ae0ff95554299422ee995b0,,,,,
0,0,0.7222187519073486,0,5ae12f16554299422ee9961f,,,,,
0,0,0.29490017890930176,0,5adc3aff5542996e685252eb,,,,,
0,0,0.35617971420288086,0,5adde99b5542992200553ba1,,,,,
0,0,0.2525596618652344,0,5a8c493e554299653c1aa020,,,,,
0,0,0.12570810317993164,0,5a728fbd5542992359bc30f8,,,,,
0,0.039215686274509796,0.903724193572998,0,5ae395d85542992f92d82313,,,,,
1,1.0,0.11262369155883789,0,5ab7ff1d5542990e739ec7b9,,,,,
0,0.25,0.3990442752838135,0,5a846da0554299334474611e,,,,,
0,0.125,0.4429318904876709,0,5a78f89055429974737f792b,,,,,
0,0,0.12522625923156738,0,5ab9788155429970cfb8eb1a,,,,,
0,0.6,0.2044837474822998,0,5a8534305542997b5ce3ffc4,,,,,
0,0,0.311077356338501,0,5abbc4f955429931dba144ff,,,,,
0,0.2,0.38042378425598145,0,5a7af23a55429931da12c994,,,,,
0,0,0.10575151443481445,0,5a77101d5542994aec3b71d7,,,,,
0,0.13043478260869565,0.6490933895111084,0,5a84b2995542994c784dda11,,,,,
0,0.05714285714285715,0.7491152286529541,0,5abc7bc45542993a06baf8ef,,,,,
0,0,0.1979236602783203,0,5a75441c55429916b01642cf,,,,,
0,0,0.31574225425720215,0,5add22bc5542992ae4cec49f,,,,,
0,0.0909090909090909,0.49549078941345215,0,5abff9905542997d64295980,,,,,
0,0.5,0.12607479095458984,0,5ac31602554299741d48a1bf,,,,,
0,0,0.1563413143157959,0,5ade5b835542997c77adee10,,,,,
0,0.6666666666666666,0.1347346305847168,0,5ab811395542990e739ec80f,,,,,
0,0.1818181818181818,0.26120924949645996,0,5ab51dbd5542996a3a96a023,,,,,
0,0.06666666666666667,0.6426947116851807,0,5a78e86f55429974737f78fb,,,,,
0,0.07142857142857142,0.5461924076080322,0,5a714de95542994082a3e7a8,,,,,
0,0,0.12236499786376953,0,5ae254565542992decbdccbb,,,,,
0,0,0.13074994087219238,0,5a8ad6db55429950cd6afba7,,,,,
0,0.4000000000000001,0.20729756355285645,0,5ac55ba05542993e66e8233d,,,,,
0,0,0.36217379570007324,0,5a89bb0b5542992e4fca83a0,,,,,
0,0,0.31936120986938477,0,5abe7c515542993f32c2a128,,,,,
0,0,0.14884281158447266,0,5abdcea955429965af743e5a,,,,,
0,0,0.1172478199005127,0,5a831fc955429954d2e2ec28,,,,,
0,0.5,0.13754034042358398,0,5a83870f554299123d8c2149,,,,,
0,0,0.3320326805114746,0,5ab431e65542991751b4d6e2,,,,,
0,0,0.34885239601135254,0,5adf1b8a5542995534e8c750,,,,,
0,0,0.09433937072753906,0,5a7ad6045542992d025e6706,,,,,
0,0,0.15170693397521973,0,5a88f7bf5542997e5c09a6dd,,,,,
0,0,0.1962873935699463,0,5a76fda05542994aec3b71b0,,,,,
0,0,0.13283538818359375,0,5ae762985542995703ce8c04,,,,,
0,0,0.26621055603027344,0,5a7184675542994082a3e864,,,,,
0,0.14285714285714285,0.30264997482299805,0,5abfdc185542994516f45513,,,,,
0,0,0.15646672248840332,0,5ac00584554299012d1db575,,,,,
0,0,0.141890287399292,0,5ab5cc4a554299637185c61b,,,,,
0,0.13333333333333336,0.36510443687438965,0,5ae0c7b055429945ae95944b,,,,,
0,0.2666666666666667,0.3990516662597656,0,5a7391b655429978a71e902c,,,,,
0,0,0.1797018051147461,0,5a90213255429933b8a20482,,,,,
0,0,0.1357717514038086,0,5adcba885542994ed6169bd9,,,,,
0,0,0.13008379936218262,0,5a8512035542992a431d1ace,,,,,
0,0.18181818181818182,0.24906444549560547,0,5abff00c5542994516f45537,,,,,
0,0,0.13816380500793457,0,5abd14c455429924427fceec,,,,,
0,0,0.15797019004821777,0,5ac448185542995c82c4ad1b,,,,,
0,0,0.15100526809692383,0,5a810221554299260e20a1f9,,,,,
0,0,0.27365779876708984,0,5ac4e9ab5542996feb3fe974,,,,,
0,0,0.1345200538635254,0,5ac1276c554299294b2190bc,,,,,
0,0,0.49561333656311035,0,5add7c9c5542990dbb2f7e60,,,,,
1,1.0,0.11423397064208984,0,5a8351fd55429954d2e2ec98,,,,,
0,0,0.11072444915771484,0,5a8318955542990548d0b177,,,,,
0,0,0.4543170928955078,0,5ab51ddf5542990594ba9d11,,,,,
0,0.4,0.11805081367492676,0,5abaca935542996606241610,,,,,
1,1.0,0.13099122047424316,0,5a7c634c55429907fabeef79,,,,,
0,0.10526315789473684,0.4544506072998047,0,5abe9b095542991f661061ad,,,,,
0,0,0.4065091609954834,0,5a7369da55429901807db037,,,,,
0,0,0.3567216396331787,0,5a8511185542992a431d1aca,,,,,
0,0,0.1039125919342041,0,5a77ace855429967ab105223,,,,,
0,0,0.14318156242370605,0,5ab97c0255429970cfb8eb1f,,,,,
0,0.05714285714285715,0.648033618927002,0,5a8f08c2554299458435d530,,,,,
0,0,0.31673383712768555,0,5ade64b655429939a52fe89a,,,,,
0,0,0.5636045932769775,0,5abbeb7d554299114383a09b,,,,,
0,0,0.13509130477905273,0,5a7149595542994082a3e76f,,,,,
0,0,0.24044156074523926,0,5aba7d8655429901930fa7ec,,,,,
0,0,0.2142329216003418,0,5add65355542995b365fab27,,,,,
0,0,0.19835352897644043,0,5a75fbe855429976ec32bcde,,,,,
0,0.1142857142857143,0.6787936687469482,0,5ade5e335542992fa25da766,,,,,
0,0,0.1224825382232666,0,5a7cc59c55429909bec767fb,,,,,
0,0,0.239546537399292,0,5a7c8a3b55429935c91b5204,,,,,
0,0.4615384615384615,0.2756619453430176,0,5a7f962655429969796c1ac8,,,,,
0,0,0.14793062210083008,0,5ac0c1cf5542992a796ded7c,,,,,
0,0.4761904761904762,0.28615665435791016,0,5a82c51055429966c78a6a8d,,,,,
0,0,0.37476539611816406,0,5ae3287f5542991a06ce993b,,,,,
0,0,0.6564302444458008,0,5a7329a15542991f9a20c65f,,,,,
0,0,0.14135074615478516,0,5a71231a5542994082a3e5c4,,,,,
0,0,0.2510099411010742,0,5abc41315542993a06baf8bb,,,,,
0,0,0.3170151710510254,0,5a8622ae554299211dda2a7e,,,,,
0,0,0.5954673290252686,0,5abdc8e755429965af743e3f,,,,,
0,0,0.28883790969848633,0,5abba3cd554299642a094aee,,,,,
0,0,0.11280345916748047,0,5ae7cb9b5542994a481bbde2,,,,,
0,0.3333333333333333,0.3690145015716553,0,5adbd1d25542994650320bf6,,,,,
0,0.14285714285714288,0.27823495864868164,0,5ab741005542992aa3b8c800,,,,,
0,0,0.302811861038208,0,5ab3ec51554299753aec59f1,,,,,
0,0,0.12746167182922363,0,5ae7d03b55429952e35ea9c2,,,,,
0,0.1111111111111111,0.38262057304382324,0,5a7a06485542990198eaf04e,,,,,
0,0,0.136976957321167,0,5a865e785542991e7718161b,,,,,
0,0,0.2406010627746582,0,5ab29b07554299194fa93440,,,,,
0,0,0.1403193473815918,0,5a8f533d5542992414482a4c,,,,,
0,0,0.3724844455718994,0,5ade04a65542997545bbbe20,,,,,
0,0.1818181818181818,0.2725799083709717,0,5a772c395542993735360207,,,,,
0,0,0.2444307804107666,0,5ab2958a554299449642c911,,,,,
0,0,0.30315685272216797,0,5ae603a65542996de7b71af3,,,,,
0,0.0588235294117647,0.6921548843383789,0,5add13b15542994ed6169c65,,,,,
0,0,0.46857142448425293,0,5a8f15ec554299458435d552,,,,,
0,0,0.38767480850219727,0,5abbf9b355429931dba145fe,,,,,
0,0,0.2733933925628662,0,5a75a4135542992d0ec05fcd,,,,,
0,0,0.25383448600769043,0,5abc550e554299700f9d7870,,,,,
0,0.08333333333333333,0.46628284454345703,0,5ae152a65542990adbacf74f,,,,,
0,0.6666666666666666,0.12496590614318848,0,5ac561315542993e66e823a9,,,,,
0,0,0.42960143089294434,0,5a82119155429926c1cdae28,,,,,
0,0,0.15845966339111328,0,5a85a37d5542997175ce1fe5,,,,,
0,0,0.11327171325683594,0,5a886c0c55429938390d3f51,,,,,
0,0.14285714285714285,0.27883052825927734,0,5ab7fbbb5542990e739ec7b0,,,,,
0,0,0.14540481567382812,0,5abbe09d55429931dba145c0,,,,,
0,0,0.29886555671691895,0,5a7147fd5542994082a3e758,,,,,
0,0.09523809523809523,0.42572832107543945,0,5ac26d4d55429951e9e685b7,,,,,
0,0,0.45163655281066895,0,5a7f74975542992097ad2f77,,,,,
0,0,0.16524982452392578,0,5abefbc15542990832d3a117,,,,,
0,0,0.31328320503234863,0,5ae3df6e5542992e3233c48e,,,,,
0,0,0.49213433265686035,0,5ae0bf3a55429906c02dab21,,,,,
0,0,0.11497831344604492,0,5a8e8bed5542990e94052b47,,,,,
1,1.0,0.14600300788879395,0,5a859a9c5542997175ce1fd6,,,,,
0,0,0.22443246841430664,0,5a721bbc55429971e9dc9279,,,,,
0,0.18181818181818182,0.46631407737731934,0,5a75d35d5542992d0ec05ffe,,,,,
0,0,0.42508864402770996,0,5ae32c935542990afbd1e0bd,,,,,
0,0,0.6336007118225098,0,5ab43179554299233955004d,,,,,
0,0,0.24124932289123535,0,5a7cd280554299452d57ba7f,,,,,
0,0.5714285714285715,0.1694350242614746,0,5a8f64e0554299458435d60b,,,,,
0,0,0.30970144271850586,0,5a712beb5542994082a3e61c,,,,,
0,0,0.10661888122558594,0,5ae4885e55429970de88d99d,,,,,
0,0.07999999999999999,0.5058574676513672,0,5abbdb335542992ccd8e7fc1,,,,,
0,0,0.14260554313659668,0,5a8b2dc055429950cd6afc62,,,,,
0,0,0.24161577224731445,0,5ab91799554299753720f6ea,,,,,
0,0,0.46561121940612793,0,5ae3c0245542990afbd1e1c3,,,,,
0,0,0.12449455261230469,0,5ab846e155429919ba4e229c,,,,,
0,0,0.35206079483032227,0,5abc546b554299700f9d786c,,,,,
0,0,0.619431734085083,0,5adfde09554299025d62a369,,,,,
0,0.18181818181818182,0.3160865306854248,0,5ab681ea55429953192ad2e0,,,,,
0,0,0.33013272285461426,0,5a77dadd5542997042120b59,,,,,
0,0,0.1762220859527588,0,5a80abb65542996402f6a5df,,,,,
0,0.13333333333333333,0.2937328815460205,0,5abd5b0355429933744ab789,,,,,
0,0,0.2649552822113037,0,5a8642045542991e771815e2,,,,,
0,0,0.10473442077636719,0,5aba926f55429901930fa83e,,,,,
0,0.15384615384615385,0.3081474304199219,0,5a84a5385542990548d0b2d9,,,,,
0,0,0.1240835189819336,0,5a73b0975542992d56e7e387,,,,,
0,0.4,0.16245269775390625,0,5a73b55855429978a71e9086,,,,,
0,0.18181818181818182,0.27154016494750977,0,5abb14d85542996cc5e49f92,,,,,
0,0.15384615384615385,0.27121973037719727,0,5abaa954554299232ef4a362,,,,,
0,0.11764705882352941,0.3434569835662842,0,5a88dc5a5542993b751ca890,,,,,
0,0,0.9647648334503174,0,5ade7fa3554299728e26c727,,,,,
0,0.16666666666666669,0.27773404121398926,0,5ab80e1455429916710eafd7,,,,,
0,0.15384615384615385,0.574688196182251,0,5ae5faf555429929b0807a4c,,,,,
0,0,0.1956038475036621,0,5a745a6055429974ef308be4,,,,,
0,0,0.33985161781311035,0,5a7c78c955429935c91b51d2,,,,,
0,0,0.41608452796936035,0,5ab6a78b554299710c8d1f28,,,,,
0,0.6666666666666666,0.14987683296203613,0,5adf38ae5542993a75d26433,,,,,
0,0,0.11754012107849121,0,5add84a15542997545bbbd5e,,,,,
0,0.10526315789473684,0.3833320140838623,0,5a834cea5542990548d0b1c6,,,,,
0,0,0.23677349090576172,0,5a7787b655429949eeb29ed3,,,,,
0,0,0.31209254264831543,0,5ae234e85542994d89d5b395,,,,,
0,0,0.4119870662689209,0,5a899b6455429946c8d6e955,,,,,
0,0,0.36774230003356934,0,5ae6e0485542996d980e7ca6,,,,,
0,0,0.37497472763061523,0,5add016e5542992c1e3a250b,,,,,
0,0,0.1367182731628418,0,5a7d2b2b5542995ed0d1661b,,,,,
0,0.5,0.23599529266357422,0,5ab28b395542993be8fa9941,,,,,
0,0,0.20089316368103027,0,5ac29aa655429967731025b2,,,,,
0,0,0.4485588073730469,0,5a81018755429938b6142287,,,,,
0,0.8,0.12534403800964355,0,5ac3d21e554299204fd21e8b,,,,,
0,0,0.2664637565612793,0,5a7f8d755542992097ad2f9d,,,,,
0,0,0.14676237106323242,0,5a85b2ac5542991dd0999e90,,,,,
1,1.0,0.1197655200958252,0,5ab3bacc55429969a97a8197,,,,,
0,0.4,0.13211894035339355,0,5ab9dbc2554299232ef4a224,,,,,
0,0,0.13645219802856445,0,5add7a335542992200553b37,,,,,
0,0.33333333333333337,0.1822519302368164,0,5aba74ad55429955dce3ee35,,,,,
0,0,0.672644853591919,0,5ab288a05542993be8fa993b,,,,,
0,0,0.3357720375061035,0,5ab1d49b554299722f9b4c8e,,,,,
0,0,0.3720858097076416,0,5ab2da13554299194fa93542,,,,,
0,0,0.7046267986297607,0,5a800ddd5542992097ad2fd0,,,,,
0,0,0.5007338523864746,0,5a90a14d5542990a98493672,,,,,
0,0,0.14258456230163574,0,5ac3a76e554299741d48a2be,,,,,
0,0,0.15740489959716797,0,5ab959905542996be2020497,,,,,
0,0,0.2147810459136963,0,5a76067e55429976ec32bce9,,,,,
0,0.0625,0.6698381900787354,0,5a8f92fb55429918e830d271,,,,,
0,0,0.10325193405151367,0,5a7ced4355429909bec76895,,,,,
0,0,0.27282261848449707,0,5a8701b3554299211dda2b9a,,,,,
0,0,0.1423640251159668,0,5a87a47c5542994846c1cdbd,,,,,
0,0.25,0.24899888038635254,0,5ae518655542993aec5ec139,,,,,
0,0,0.6215548515319824,0,5a77e96c5542995d8318132d,,,,,
0,0,0.6664705276489258,0,5a7d32af55429907fabef0ca,,,,,
0,0,0.35176730155944824,0,5ae76d185542997ec2727641,,,,,
0,0,0.14175677299499512,0,5ab7f1b65542991d322237d3,,,,,
0,0,0.15470552444458008,0,5adead1855429939a52fe948,,,,,
0,0,0.20901846885681152,0,5a7ccc1e55429909bec7680e,,,,,
0,0,0.113922119140625,0,5abce7d755429959677d6b3a,,,,,
0,0,0.5685465335845947,0,5ae5ead6554299546bf82fd0,,,,,
0,0,0.18937945365905762,0,5a80b4d1554299260e20a134,,,,,
0,0,0.13132429122924805,0,5ae1e4e2554299492dc91bab,,,,,
0,0,0.149552583694458,0,5ac1c4e85542994ab5c67e0c,,,,,
0,0,0.13643860816955566,0,5ae388ea5542994393b9e6f0,,,,,
0,0,0.49324846267700195,0,5a86b13f55429960ec39b6c3,,,,,
0,0,0.3589179515838623,0,5a78f35455429970f5fffded,,,,,
0,0,0.1362619400024414,0,5a7d2b5755429907fabef0c2,,,,,
0,0,0.26108789443969727,0,5a89a92a55429946c8d6e98c,,,,,
1,1.0,0.15584516525268555,0,5a77685e5542993569682d83,,,,,
1,1.0,0.1633288860321045,0,5a79fc8b5542994f819ef114,,,,,
0,0,0.12982177734375,0,5abc817c5542993a06baf8fd,,,,,
0,0,0.48937463760375977,0,5a8549c65542997b5ce3ffe6,,,,,
0,0,0.12120747566223145,0,5ab487f55542990594ba9c4f,,,,,
0,0,0.3915400505065918,0,5ae406f055429970de88d874,,,,,
0,0.15384615384615385,0.28172731399536133,0,5a8f25d755429924144829ea,,,,,
0,0,0.34890127182006836,0,5a78cc7c55429974737f789f,,,,,
0,0,0.1149287223815918,0,5ade66f055429939a52fe8a0,,,,,
0,0.125,0.3002891540527344,0,5ab8effd5542991b5579f062,,,,,
0,0,0.15928912162780762,0,5a737dc455429908901be2c9,,,,,
0,0.2222222222222222,0.21714019775390625,0,5add0f635542994ed6169c56,,,,,
0,0,0.2204301357269287,0,5adfa92d55429942ec259ae0,,,,,
0,0,0.42876172065734863,0,5ab7ece25542995dae37e9f3,,,,,
0,0,0.19173622131347656,0,5a7da8065542995f4f4022a7,,,,,
0,0,0.17192888259887695,0,5a7269fa5542992359bc308d,,,,,
0,0,0.2799971103668213,0,5abc0ba05542996583600409,,,,,
0,0.25,0.1700739860534668,0,5ae2196b554299495565da02,,,,,
0,0,0.47336506843566895,0,5adf3c155542993a75d2643a,,,,,
0,0.6666666666666666,0.11373710632324219,0,5ae12b6755429920d52342e4,,,,,
0,0.0909090909090909,0.4396970272064209,0,5ae0616255429924de1b70ca,,,,,
0,0,0.2468562126159668,0,5abd830455429924427fd033,,,,,
0,0,0.3040595054626465,0,5a7e86245542991319bc94ce,,,,,
0,0.15384615384615385,0.3657360076904297,0,5a8eed625542995085b374b9,,,,,
0,0.5,0.14171981811523438,0,5ac0c3275542992a796ded7d,,,,,
0,0.28571428571428575,0.1575465202331543,0,5a776a7055429966f1a36d32,,,,,
0,0.4,0.1287684440612793,0,5adbd3405542994650320bf8,,,,,
0,0,0.34462881088256836,0,5a8c781c554299653c1aa083,,,,,
0,0,0.13077855110168457,0,5a72f1cf5542994cef4bc414,,,,,
0,0,0.13351058959960938,0,5ac313145542995ef918c0ed,,,,,
0,0,0.46490025520324707,0,5a7b8f66554299294a54a9f7,,,,,
0,0.14814814814814814,0.5770502090454102,0,5adda7275542995b365fab57,,,,,
0,0,1.1589093208312988,0,5a7bf0d75542996dd594b85c,,,,,
0,0.15384615384615385,0.26416444778442383,0,5ae4d9985542990ba0bbb175,,,,,
0,0.16666666666666666,0.2507963180541992,0,5a758f775542992db9473682,,,,,
0,0,0.13576078414916992,0,5a8af3b155429950cd6afc2c,,,,,
0,0,0.13950586318969727,0,5a87aa135542996e4f3088b8,,,,,
0,0,0.3732028007507324,0,5ae31ee75542992decbdcdde,,,,,
1,1.0,0.13869905471801758,0,5ae17cd055429901ffe4aea3,,,,,
0,0,0.4747436046600342,0,5a907d1855429933b8a2052a,,,,,
0,0,0.44367265701293945,0,5ac3a049554299741d48a2ba,,,,,
0,0,0.3398754596710205,0,5ac41b9e5542995c82c4acc4,,,,,
0,0,0.14683318138122559,0,5a89cc99554299669944a5ae,,,,,
0,0,0.12206125259399414,0,5ae1ab2f554299234fd042ba,,,,,
0,0.20000000000000004,0.256777286529541,0,5a70f0e75542994082a3e408,,,,,
0,0.2222222222222222,0.33672499656677246,0,5ae4094655429970de88d896,,,,,
0,0,0.3654210567474365,0,5a83ef745542996488c2e4f8,,,,,
0,0.4,0.16819214820861816,0,5a820897554299676cceb1f4,,,,,
0,0,0.1655738353729248,0,5a7b41b555429931da12ca3f,,,,,
0,0,0.1322777271270752,0,5a7bb52355429927d897c01a,,,,,
0,0.4,0.1693894863128662,0,5ab2b7405542991669774069,,,,,
0,0,0.1301743984222412,0,5a73d33e5542992d56e7e3a9,,,,,
0,0,0.1143031120300293,0,5aba8f1b55429955dce3ee85,,,,,
0,0,0.14420604705810547,0,5a8d0c1b5542994ba4e3dbb3,,,,,
0,0.1,0.3427693843841553,0,5abbd72d55429931dba1459e,,,,,
0,0.33333333333333337,0.19109821319580078,0,5abd848455429924427fd03a,,,,,
0,0.6666666666666666,0.18198442459106445,0,5a7a633a55429941d65f2609,,,,,
0,0,0.343764066696167,0,5a81b99c5542995ce29dcc56,,,,,
0,0,0.09659862518310547,0,5a8aa5835542996c9b8d5f4e,,,,,
0,0,0.12199163436889648,0,5a88cf7e5542993b751ca85b,,,,,
0,0,0.1130516529083252,0,5ab8eabb5542991b5579f03d,,,,,
0,0.4,0.13584685325622559,0,5a7525405542993748c897ce,,,,,
0,0.3157894736842105,0.330672025680542,0,5a862f985542991e771815af,,,,,
0,0.07692307692307693,0.4971580505371094,0,5a8a3dd55542995153361360,,,,,
0,0,0.1591176986694336,0,5ae377415542992e3233c40a,,,,,
0,0,0.3859591484069824,0,5add00805542992c1e3a2504,,,,,
0,0.08695652173913042,0.3499476909637451,0,5aba5dfd55429955dce3edf0,,,,,
0,0,0.21311450004577637,0,5a7f63645542992e7d278cf1,,,,,
0,0,0.13558578491210938,0,5a80ddc555429938b6142224,,,,,
0,0,0.3021976947784424,0,5ade157e55429939a52fe802,,,,,
0,0,0.18788671493530273,0,5a7a06525542990198eaf04f,,,,,
0,0,0.11933183670043945,0,5ae5d008554299546bf82f7d,,,,,
0,0.28571428571428575,0.1607837677001953,0,5ae68fb45542991bbc97612a,,,,,
0,0,0.3096463680267334,0,5ab3952e5542992ade7c6de8,,,,,
0,0.2222222222222222,0.21852707862854004,0,5a843f305542996488c2e51d,,,,,
0,0,0.1406853199005127,0,5a8587dd5542997b5ce40000,,,,,
0,0.6666666666666666,0.11162590980529785,0,5ae73d415542991e8301cc2b,,,,,
0,0.22222222222222224,0.23816323280334473,0,5a7b77d95542997c3ec971a5,,,,,
0,0,0.1539304256439209,0,5a820cb355429903bc27ba2f,,,,,
1,1.0,0.12784552574157715,0,5abaee4f5542996cc5e49f15,,,,,
0,0.2222222222222222,0.23105955123901367,0,5ac2dc4b55429921a00ab083,,,,,
0,0,0.117431640625,0,5ab5a3fb5542997d4ad1f19b,,,,,
0,0.19999999999999998,0.2769942283630371,0,5ab295eb554299194fa93412,,,,,
0,0,0.18198728561401367,0,5ae4bc7955429913cc2044e9,,,,,
0,0.06896551724137932,0.45087361335754395,0,5ae62c385542995703ce8b3e,,,,,
1,1.0,0.12286114692687988,0,5ade8b2655429975fa854eff,,,,,
0,0,0.4118804931640625,0,5a7afdc85542992d025e672e,,,,,
0,0,0.1310560703277588,0,5a7e96f655429934daa2fc39,,,,,
0,0,0.3841667175292969,0,5a8b8b3a5542995d1e6f13e5,,,,,
0,0,0.2769641876220703,0,5a7e3117554299495941991b,,,,,
0,0,0.37944674491882324,0,5adf0d2d5542993a75d263e1,,,,,
0,0.11764705882352941,0.30586671829223633,0,5a860d09554299211dda2a53,,,,,
0,0.18181818181818182,0.30924558639526367,0,5a86ac555542996432c571e4,,,,,
0,0,0.2456190586090088,0,5a86d7825542996432c571ec,,,,,
0,0,0.5270428657531738,0,5a762d53554299109176e6a7,,,,,
0,0.5714285714285715,0.17920303344726562,0,5a75357c5542996c70cfaeab,,,,,
0,0,0.1288905143737793,0,5ac07fff554299294b219006,,,,,
0,0.1212121212121212,0.5397818088531494,0,5ac2b2e2554299218029dafa,,,,,
0,0,0.13697052001953125,0,5a728f505542992359bc30f5,,,,,
0,0.17142857142857143,0.6420068740844727,0,5ae55dda5542992663a4f1e9,,,,,
0,0,0.14655590057373047,0,5a8cfa2e554299585d9e378b,,,,,
0,0,0.11328530311584473,0,5add47085542997545bbbd13,,,,,
0,0,0.12093591690063477,0,5ae2eda355429928c4239570,,,,,
0,0.11764705882352941,0.4080796241760254,0,5ac0e064554299012d1db64e,,,,,
0,0,0.37294983863830566,0,5ab746c8554299110f219aef,,,,,
0,0.3,0.4003472328186035,0,5a72bbfa5542992359bc318d,,,,,
0,0,0.9040489196777344,0,5a7fa5b05542994857a7679b,,,,,
0,0,0.389742374420166,0,5addbf645542997dc7907014,,,,,
0,0,0.28947997093200684,0,5ac50c0355429924173fb581,,,,,
1,1.0,0.18237781524658203,0,5a7929c8554299029c4b5f11,,,,,
0,0,0.41303300857543945,0,5a7195a05542994082a3e881,,,,,
0,0,0.3728189468383789,0,5a8c9641554299585d9e36f5,,,,,
0,0.28571428571428575,0.19269919395446777,0,5a7fc41455429969796c1b51,,,,,
0,0,0.38193368911743164,0,5a7131565542994082a3e64f,,,,,
0,0.19999999999999998,0.26287126541137695,0,5ab7f0b9554299366779405d,,,,,
0,0,0.31257104873657227,0,5ac54cef5542993e66e822da,,,,,
0,0.25,0.2539377212524414,0,5aba725455429901930fa7cc,,,,,
0,0.11764705882352941,0.3040454387664795,0,5a7774e155429967ab10518d,,,,,
0,0,0.12960195541381836,0,5ab680d15542995eadef0011,,,,,
0,0.29411764705882354,0.5800879001617432,0,5a75e67d5542992db9473709,,,,,
0,0,0.11550378799438477,0,5adcf3a45542994ed6169c38,,,,,
0,0,0.11893439292907715,0,5ac1928655429964131be234,,,,,
0,0,0.20124030113220215,0,5ab5d9af554299494045f07e,,,,,
0,0,0.11329960823059082,0,5ab2d15e554299545a2cfaa6,,,,,
0,0,0.3325531482696533,0,5a72df8d5542992359bc31b4,,,,,
0,0,0.1603085994720459,0,5a8843cd5542994846c1ce75,,,,,
0,0.2,0.2510256767272949,0,5adf51e05542995534e8c78a,,,,,
0,0,0.20710110664367676,0,5ac274fc55429963665199c1,,,,,
0,0.4,0.16872215270996094,0,5a7f5f655542994857a7670b,,,,,
0,0.15384615384615385,0.2308511734008789,0,5a7736ef55429972597f14a7,,,,,
0,0,0.27033495903015137,0,5ae52bc75542992663a4f12d,,,,,
0,0.14285714285714285,0.30507397651672363,0,5ab5c984554299488d4d9a21,,,,,
0,0,0.1385641098022461,0,5a7d1e685542995ed0d165f7,,,,,
0,0,0.29889440536499023,0,5a7d97205542990b8f5039c7,,,,,
0,0,0.11157584190368652,0,5ae241005542994d89d5b3a4,,,,,
0,0,0.11295437812805176,0,5a7b537555429927d897bf90,,,,,
0,0,0.3410959243774414,0,5ab989f755429970cfb8eb38,,,,,
0,0,0.1879589557647705,0,5ae33a3b5542992f92d8224a,,,,,
1,1.0,0.12861227989196777,0,5abec12b5542997ec76fd358,,,,,
0,0.6666666666666666,0.17067551612854004,0,5ae2c416554299492dc91c67,,,,,
0,0,0.17117881774902344,0,5a7a43f25542996a35c1716c,,,,,
0,0,0.1556844711303711,0,5a87a7235542996e4f3088a8,,,,,
0,0,0.1441032886505127,0,5a85c3225542992a431d1b95,,,,,
0,0,0.20654892921447754,0,5ab928c255429934fafe6e6e,,,,,
0,0,0.1800975799560547,0,5a7aa2a255429941d65f270e,,,,,
0,0,0.1430649757385254,0,5ab61798554299488d4d9aaa,,,,,
0,0,0.28788328170776367,0,5a7662745542992db9473786,,,,,
0,0,0.29279184341430664,0,5ae53fcb55429960a22e029e,,,,,
0,0,0.21492433547973633,0,5a7adaa35542992d025e670c,,,,,
0,0.33333333333333337,0.19334840774536133,0,5abe407155429976d4830ab4,,,,,
0,0,0.25580763816833496,0,5ae340a85542994393b9e668,,,,,
0,0.6666666666666666,0.1685500144958496,0,5abe36aa5542993f32c2a08f,,,,,
0,0,0.332186222076416,0,5abbf519554299114383a0ad,,,,,
0,0.5,0.12718939781188965,0,5a7b1c0a55429931da12c9c9,,,,,
0,0.6666666666666666,0.14263153076171875,0,5ae29d8a5542996483e64a0f,,,,,
0,0,0.22314763069152832,0,5ae157ed5542990adbacf75d,,,,,
0,0.6666666666666666,0.13162803649902344,0,5ae17e4255429901ffe4aeae,,,,,
0,0,0.20238614082336426,0,5a8a2e465542996c9b8d5e32,,,,,
0,0,0.13728952407836914,0,5a8aff3d55429971feec45df,,,,,
0,0.25000000000000006,0.2639431953430176,0,5ae6152d5542996de7b71b38,,,,,
0,0,0.14583253860473633,0,5a8eaa74554299068b959e88,,,,,
0,0,0.2026655673980713,0,5a8de02b554299068b959e13,,,,,
0,0,0.4601712226867676,0,5a8c7703554299585d9e36b9,,,,,
1,1.0,0.12275075912475586,0,5a72688c5542997f827839b2,,,,,
0,0,0.26867127418518066,0,5a77789d55429949eeb29e4e,,,,,
0,0,0.2021040916442871,0,5ab57fc4554299488d4d99c0,,,,,
0,0,0.137923002243042,0,5a72a5a75542992359bc314e,,,,,
0,0,0.44269227981567383,0,5a8b2f2b5542995d1e6f12fa,,,,,
1,1.0,0.11039423942565918,0,5ab96ecb5542996be20204e6,,,,,
0,0,0.23328733444213867,0,5a710d155542994082a3e520,,,,,
0,0,0.12941670417785645,0,5a77388e55429966f1a36cb1,,,,,
1,1.0,0.1256248950958252,0,5ade0fbb5542995b365fabfb,,,,,
0,0,0.13916230201721191,0,5ab2e8ad554299340b525562,,,,,
0,0.2105263157894737,0.2161707878112793,0,5aba971a55429955dce3ee94,,,,,
0,0.25,0.15659379959106445,0,5ae7f7ec554299540e5a56de,,,,,
0,0,0.1425166130065918,0,5ac557975542993e66e8231c,,,,,
0,0,0.2755556106567383,0,5a85f8665542994775f606ce,,,,,
0,0,0.12288475036621094,0,5aba72d75542994dbf019912,,,,,
0,0,0.24599218368530273,0,5ade78e255429939a52fe8d0,,,,,
0,0.36363636363636365,0.19100189208984375,0,5a746ddc55429929fddd8423,,,,,
0,0,0.42122745513916016,0,5ae21ef35542994d89d5b35d,,,,,
0,0,0.11120200157165527,0,5a8dafbd554299068b959da0,,,,,
0,0,0.19706988334655762,0,5ae3006c55429928c423959f,,,,,
0,0,0.13695454597473145,0,5a7905ca554299148911f9c8,,,,,
0,0,0.2549755573272705,0,5ae678915542996d980e7b70,,,,,
0,0.33333333333333337,0.20077800750732422,0,5ae195bf5542997b2ef7d207,,,,,
0,0,0.16651272773742676,0,5a733caa5542992359bc32a3,,,,,
0,0,0.36068296432495117,0,5a7ccb3655429909bec7680b,,,,,
0,0.28571428571428575,0.18495750427246094,0,5addc2b75542997dc7907017,,,,,
0,0,0.23592162132263184,0,5a89a13c55429946c8d6e97a,,,,,
0,0,0.12710022926330566,0,5adbc9a4554299438c868caf,,,,,
0,0.08695652173913045,0.4163351058959961,0,5a71474b5542994082a3e74f,,,,,
0,0,0.12317633628845215,0,5ae5c27b554299546bf82f4c,,,,,
1,1.0,0.13517379760742188,0,5ae40b2b55429970de88d8b3,,,,,
0,0,0.2937781810760498,0,5abe54585542991f66106148,,,,,
0,0,0.5175092220306396,0,5ae6529a55429929b0807b32,,,,,
0,0.15384615384615385,0.2924380302429199,0,5a8e43455542990e94052aa1,,,,,
0,0,0.29418087005615234,0,5ae68a065542991bbc97611e,,,,,
0,0,0.32799577713012695,0,5a8b64695542997f31a41d04,,,,,
0,0,0.15305447578430176,0,5ac44b47554299194317396c,,,,,
0,0.16666666666666669,0.3011441230773926,0,5adeda67554299728e26c7db,,,,,
0,0,0.1790628433227539,0,5abd0f4b55429933744ab6e3,,,,,
0,0,0.14133644104003906,0,5ade9c2155429939a52fe8fe,,,,,
0,0,0.1003265380859375,0,5ab900045542991b5579f0c0,,,,,
0,0,0.45183777809143066,0,5a7f0c4b5542993067513600,,,,,
0,0,0.15024018287658691,0,5ae524415542992663a4f121,,,,,
0,0,0.3845787048339844,0,5ae28c0a554299495565daaa,,,,,
0,0,0.34603381156921387,0,5ab3fc215542992339550027,,,,,
0,0,0.1483469009399414,0,5a88f180554299206df2b3cc,,,,,
0,0.125,0.30454516410827637,0,5a80afcf554299485f5986b9,,,,,
0,0,0.36304354667663574,0,5abc7d6d5542993a06baf8f3,,,,,
0,0,0.12465858459472656,0,5a7265a95542992359bc307a,,,,,
0,0,0.12728214263916016,0,5ab6f39c554299110f219a79,,,,,
0,0,0.2616410255432129,0,5a77414155429972597f14d7,,,,,
0,0,0.3048059940338135,0,5a8e07b25542995085b3738d,,,,,
0,0.16000000000000003,0.4103264808654785,0,5ae72f75554299572ea5476c,,,,,
0,0,0.12215423583984375,0,5ab90a2055429916710eb0ea,,,,,
0,0.16666666666666669,0.35082340240478516,0,5ab28120554299449642c8cc,,,,,
0,0,0.1499488353729248,0,5a8afb9955429971feec45c2,,,,,
0,0.13333333333333336,0.35478734970092773,0,5a8080365542992097ad2fed,,,,,
0,0,0.5055115222930908,0,5a73d4385542992d56e7e3b1,,,,,
0,0,0.14042067527770996,0,5ab2e84855429929539468a6,,,,,
0,0.25,0.21129441261291504,0,5a81cf64554299676cceb0ed,,,,,
0,0.15384615384615385,0.3030424118041992,0,5abbb64455429931dba144b4,,,,,
0,0.3076923076923077,0.20543670654296875,0,5ae49b705542995ad6573dbc,,,,,
0,0,0.2590672969818115,0,5a7e279d5542995ed0d166b5,,,,,
0,0,0.2129688262939453,0,5a7dbb605542997cc2c47486,,,,,
0,0,0.32950305938720703,0,5ae1afe9554299234fd042c6,,,,,
0,0,0.1300029754638672,0,5a8ceb4955429941ae14df43,,,,,
0,0,0.3229336738586426,0,5a88082055429938390d3ed2,,,,,
0,0,0.13830947875976562,0,5ab2f53d5542991669774157,,,,,
0,0,0.11424970626831055,0,5ae8295955429952e35eaa6d,,,,,
0,0,0.37783002853393555,0,5ab6a261554299710c8d1f07,,,,,
0,0,0.1611173152923584,0,5a78d70b55429974737f78d1,,,,,
0,0.25,0.24496817588806152,0,5ae4bcfc55429913cc2044eb,,,,,
0,0,0.11825776100158691,0,5ae5f9b355429929b0807a4b,,,,,
0,0.1,0.3666355609893799,0,5a7286865542991f9a20c4cb,,,,,
1,1.0,0.1422123908996582,0,5a8ba60b554299240d9c205b,,,,,
0,0,0.11004471778869629,0,5a7a32225542990783324eb4,,,,,
0,0,0.3532447814941406,0,5ae0e0125542993d6555ec79,,,,,
0,0.28571428571428575,0.17070388793945312,0,5a7c75045542990527d554b2,,,,,
0,0,0.16241073608398438,0,5add8f055542990dbb2f7e6d,,,,,
1,1.0,0.14783072471618652,0,5a85f2f55542997b5ce40036,,,,,
0,0,0.5913980007171631,0,5abbd4035542993f40c73bcb,,,,,
0,0,0.13986611366271973,0,5addb7b65542997545bbbdba,,,,,
0,0.02857142857142857,1.278317928314209,0,5a8b69f45542997f31a41d19,,,,,
0,0.4,0.25377845764160156,0,5ac3e68b5542997ea680c98b,,,,,
0,0.25,0.2170555591583252,0,5ac54f8d5542993e66e822f5,,,,,
0,0.30769230769230765,0.1851212978363037,0,5ac3bff15542995ef918c213,,,,,
0,0.28571428571428575,0.13355731964111328,0,5ab283d9554299449642c8d8,,,,,
0,0,0.256023645401001,0,5a9092cc55429916514e74fd,,,,,
0,0,0.16690611839294434,0,5ab9bb8355429970cfb8eb8b,,,,,
0,0.14285714285714288,0.2758147716522217,0,5a8a70ea55429970aeb702e4,,,,,
0,0,0.1404247283935547,0,5ae5a0765542992663a4f1fb,,,,,
0,0,0.3934957981109619,0,5a8fa89c55429918e830d29f,,,,,
0,0.28571428571428575,0.1748356819152832,0,5a711ef85542994082a3e5ac,,,,,
0,0,0.33902454376220703,0,5a7fa97d5542994857a767a9,,,,,
0,0,0.12338614463806152,0,5a7336d05542992359bc3293,,,,,
0,0.5,0.11511516571044922,0,5add559e5542992ae4cec511,,,,,
0,0.5,0.19922089576721191,0,5ade45c75542992fa25da720,,,,,
0,0.5,0.1418898105621338,0,5ae47cab5542996836b02cb9,,,,,
0,0,0.20949101448059082,0,5ac2cb3e5542996773102627,,,,,
0,0.14285714285714288,0.3334033489227295,0,5ab965bb554299743d22eb56,,,,,
0,0,0.1452643871307373,0,5a81549055429938b6142338,,,,,
0,0,0.35837864875793457,0,5ac3b40a554299741d48a2e5,,,,,
0,0.043478260869565216,1.9684219360351562,0,5ab6e848554299710c8d1faa,,,,,
0,0,0.4965522289276123,0,5a7fb6625542994857a767cc,,,,,
0,0,0.4310789108276367,0,5ae537e45542990ba0bbb235,,,,,
0,0,0.1513960361480713,0,5a76244c554299109176e65d,,,,,
0,0,0.11079120635986328,0,5ab568af554299494045efaf,,,,,
0,0.1111111111111111,0.37178635597229004,0,5a89a99f55429946c8d6e98f,,,,,
0,0,0.1623096466064453,0,5adbfa38554299438c868d00,,,,,
0,0,0.18136811256408691,0,5a74e93e55429974ef308c92,,,,,
1,1.0,0.13153648376464844,0,5a75b7475542992d0ec05feb,,,,,
0,0,0.12546157836914062,0,5ab7fd6b5542990e739ec7b5,,,,,
0,0.4,0.15013837814331055,0,5a769b0d5542993569682c50,,,,,
0,0.03278688524590164,1.248366355895996,0,5ae086d35542993d6555eb97,,,,,
0,0,0.1456458568572998,0,5a7183575542994082a3e85e,,,,,
0,0,0.39413022994995117,0,5a769b115542993569682c51,,,,,
0,0.18181818181818182,0.4068565368652344,0,5a8f2ba155429918e830d1b9,,,,,
0,0,0.37447309494018555,0,5a729cc25542991f9a20c532,,,,,
0,0,0.3836677074432373,0,5abbf8be554299114383a0c1,,,,,
0,0.6666666666666666,0.10288143157958984,0,5a7d27f05542995ed0d1660d,,,,,
0,0,0.11305642127990723,0,5a77666555429966f1a36d1f,,,,,
0,0,0.13422107696533203,0,5a8b24f955429949d91db4cd,,,,,
0,0,0.28864097595214844,0,5ae27b535542996483e649b6,,,,,
0,0.37499999999999994,0.2705538272857666,0,5a7f7b365542992097ad2f80,,,,,
0,0,0.14530301094055176,0,5ae4a1ef55429970de88d9e7,,,,,
0,0,0.1101078987121582,0,5a876cd55542993e715abf36,,,,,
0,0,0.21605348587036133,0,5a7e4414554299495941995c,,,,,
0,0.5,0.18939709663391113,0,5ae5064e5542993aec5ec113,,,,,
0,0,0.1307365894317627,0,5a7770f855429966f1a36d4e,,,,,
0,0,0.13318371772766113,0,5ae1e80b5542997f29b3c197,,,,,
0,0,0.23720622062683105,0,5a7fc6645542992e7d278d6e,,,,,
0,0.11764705882352941,0.3493521213531494,0,5a8331f15542993344745fe8,,,,,
0,0.8,0.1199493408203125,0,5ab85c8d55429934fafe6d84,,,,,
0,0,0.3953688144683838,0,5a772e465542994aec3b7209,,,,,
0,0.19999999999999998,0.22014427185058594,0,5a8f7e785542992414482ae6,,,,,
0,0,0.1395096778869629,0,5a7def0d5542990b8f503af9,,,,,
0,0,0.13782572746276855,0,5adcde475542994d58a2f709,,,,,
0,0,0.14607930183410645,0,5ae1b44c554299234fd042cd,,,,,
0,0,0.14805960655212402,0,5a79e7b45542994f819ef0ff,,,,,
0,0,0.11935877799987793,0,5a84ac585542991dd0999d72,,,,,
0,0.16666666666666669,0.29827380180358887,0,5ae1ce895542997f29b3c11e,,,,,
0,0,0.13075780868530273,0,5adc99cf554299438c868e0d,,,,,
0,0,0.12452244758605957,0,5a7c07e15542997c3ec972c7,,,,,
0,0,0.3066842555999756,0,5ac3a8525542993915413895,,,,,
0,0,0.15182256698608398,0,5ac3caa15542995ef918c23a,,,,,
0,0,0.3468327522277832,0,5addf0fd5542997dc79070d2,,,,,
0,0,0.19469571113586426,0,5a8f60175542992414482a90,,,,,
0,0,0.1826930046081543,0,5a87bd4e5542996432c57279,,,,,
0,0,0.3811213970184326,0,5a76f7e855429972597f1404,,,,,
0,0.13333333333333333,0.5758593082427979,0,5ab97b27554299131ca4233c,,,,,
0,0,0.3908238410949707,0,5add7ce55542992ae4cec585,,,,,
0,0,0.12658929824829102,0,5ac3a2fa5542993915413857,,,,,
0,0.1,0.385575532913208,0,5ae1fc24554299492dc91bbd,,,,,
0,0,0.1549854278564453,0,5abce2fc5542993a06baf994,,,,,
0,0,0.36278629302978516,0,5ae328f45542991a06ce993c,,,,,
0,0,0.15788936614990234,0,5a7a83b3554299042af8f652,,,,,
0,0.6666666666666666,0.11806988716125488,0,5ab414295542996a3a969f1d,,,,,
0,0.2857142857142857,0.16889405250549316,0,5ae184185542990adbacf7ac,,,,,
0,0.6666666666666666,0.11277341842651367,0,5ab529b8554299637185c4e7,,,,,
0,0.6666666666666666,0.10661602020263672,0,5ae733dc5542991e8301cbd1,,,,,
0,0,0.1470961570739746,0,5a8900c75542997e5c09a6ed,,,,,
0,0,0.19137907028198242,0,5abbf43d5542993f40c73c2f,,,,,
0,0.4,0.13246846199035645,0,5abb9928554299642a094ab9,,,,,
0,0,0.31658029556274414,0,5a88bedb554299206df2b35a,,,,,
0,0.11764705882352941,0.32656168937683105,0,5a858dc85542997b5ce40002,,,,,
0,0.19999999999999998,0.2593224048614502,0,5a8c5b635542996e8ac88a75,,,,,
0,0,0.10048913955688477,0,5ae707a25542991bbc9761a7,,,,,
0,0.5,0.14073944091796875,0,5a8abcab5542996c9b8d5f67,,,,,
0,0,0.11113214492797852,0,5ae622495542995703ce8b20,,,,,
0,0,0.15628266334533691,0,5ac385f8554299741d48a279,,,,,
0,0.5454545454545454,0.21193790435791016,0,5a7739e255429972597f14ad,,,,,
0,0,0.3877832889556885,0,5ac3def75542997ea680c95f,,,,,
0,0.19354838709677416,0.5143122673034668,0,5a78f05155429970f5fffde3,,,,,
0,0,0.11144852638244629,0,5a778a8e5542992a6e59deca,,,,,
0,0.3333333333333333,0.1710665225982666,0,5add21555542992ae4cec496,,,,,
0,0,0.2629263401031494,0,5adff056554299603e4183cc,,,,,
0,0,0.13900470733642578,0,5ae4d1a355429913cc204513,,,,,
0,0,0.3751370906829834,0,5ab4355555429942dd415ee3,,,,,
0,0,0.20898890495300293,0,5a7bc42e554299294a54aabe,,,,,
0,0.2222222222222222,0.27832889556884766,0,5a8bc29a5542995d1e6f1446,,,,,
0,0,0.10970687866210938,0,5a87560d5542994775f607d9,,,,,
0,0,0.31357789039611816,0,5a77372b554299373536021c,,,,,
0,0,0.1156318187713623,0,5abdf8c45542993f32c2a072,,,,,
0,0.28571428571428575,0.1716928482055664,0,5a7128b05542994082a3e5f2,,,,,
0,0.25,0.18997931480407715,0,5ac3e07b5542997ea680c96c,,,,,
0,0,0.1618666648864746,0,5abd8bf95542996e802b47ba,,,,,
0,0.125,0.31662654876708984,0,5a875cd65542996e4f30879d,,,,,
0,0.1,0.2615542411804199,0,5ac3a928554299391541389f,,,,,
0,0,0.22298502922058105,0,5a84ad3a5542992a431d1a8b,,,,,
0,0.10526315789473684,0.3849949836730957,0,5ab7de455542992aa3b8c864,,,,,
0,0,0.514779806137085,0,5ae4cb2f55429960a22e01e8,,,,,
0,0,0.46799707412719727,0,5ae3d2715542990afbd1e1e9,,,,,
0,0,0.2780485153198242,0,5a8b42be55429949d91db515,,,,,
0,0,0.2001049518585205,0,5a8afa4d55429949d91db44c,,,,,
0,0.4,0.15546798706054688,0,5a7f5da85542992097ad2f3e,,,,,
0,0,0.13674259185791016,0,5a87b30c5542994846c1cdcf,,,,,
0,0.6666666666666666,0.1387956142425537,0,5abd72d155429933744ab7e0,,,,,
0,0.5,0.11965537071228027,0,5a724dc25542990c210a40df,,,,,
0,0.5,0.17633962631225586,0,5ac24cc45542996366519963,,,,,
0,0,0.13220667839050293,0,5ae4a45b55429970de88d9ed,,,,,
0,0.09999999999999999,0.34017229080200195,0,5ae3d5ec5542992f92d8238c,,,,,
1,1.0,0.11735939979553223,0,5a81b92a5542995ce29dcc52,,,,,
0,0,0.16871857643127441,0,5a732ca45542992359bc325d,,,,,
0,0,0.13559508323669434,0,5a85d6d95542996432c570fb,,,,,
0,0,0.13418984413146973,0,5a7a11c85542996a35c170b4,,,,,
0,0,0.14854192733764648,0,5abfa18f5542990832d3a176,,,,,
0,0.09523809523809525,0.4235959053039551,0,5ae0f4645542997b2ef7d0aa,,,,,
0,0,0.11713743209838867,0,5a714dea5542994082a3e7a9,,,,,
0,0,0.12060666084289551,0,5a7cdc54554299683c1c63a5,,,,,
0,0,0.12559962272644043,0,5ab42ae95542991751b4d6c4,,,,,
0,0,0.3043649196624756,0,5ac0b1835542992a796ded65,,,,,
0,0,0.13122344017028809,0,5a73bddb55429978a71e909d,,,,,
0,0,0.3616657257080078,0,5ab3ddbc55429969a97a81dc,,,,,
0,0.08695652173913045,0.4879884719848633,0,5ac4deff554299076e296e26,,,,,
0,0,0.269397497177124,0,5ab73eaf5542992aa3b8c7ef,,,,,
0,0,0.44789743423461914,0,5ab92f52554299131ca422a9,,,,,
0,0,0.11983585357666016,0,5a7943c655429970f5fffe89,,,,,
0,0,0.34058356285095215,0,5a860baa554299211dda2a4c,,,,,
0,0.8,0.18033623695373535,0,5a731a635542994cef4bc458,,,,,
0,0,0.41619181632995605,0,5ab953a45542996be202047f,,,,,
0,0,0.9692080020904541,0,5ae26c795542992decbdccfb,,,,,
0,0,0.4656493663787842,0,5a8fb65d5542997ba9cb32fa,,,,,
0,0,0.47307848930358887,0,5a7ef18c55429934daa2fc84,,,,,
0,0.18181818181818182,0.41380810737609863,0,5a75e67f55429976ec32bc8b,,,,,
0,0,0.6155030727386475,0,5a81967a55429926c1cdad44,,,,,
0,0.4000000000000001,0.25400471687316895,0,5ae0fd9655429920d5234264,,,,,
0,0,0.30768704414367676,0,5a7a103b5542990783324e27,,,,,
0,0.14285714285714288,0.3669013977050781,0,5aba510f5542994dbf0198d6,,,,,
0,0,0.1164860725402832,0,5a7602d8554299109176e5fb,,,,,
0,0,0.1371302604675293,0,5adcca7f5542994ed6169c06,,,,,
0,0,0.12599563598632812,0,5a73471a5542991f9a20c6d7,,,,,
0,0.6666666666666666,0.11350393295288086,0,5ae64b015542992ae0d162bc,,,,,
0,0,0.8247625827789307,0,5a7380e855429905862fe041,,,,,
0,0.33333333333333337,0.18644022941589355,0,5ac21ac05542991316484bee,,,,,
0,0.1904761904761905,0.4024496078491211,0,5ae7247b5542992ae0d163c1,,,,,
0,0.25,0.3841078281402588,0,5ae446825542995ad6573d21,,,,,
0,0,0.40663957595825195,0,5ae6c7b35542992ae0d1639c,,,,,
0,0,0.14973735809326172,0,5a84c0885542994c784dda28,,,,,
0,0.125,0.534318208694458,0,5a84be845542991dd0999dcf,,,,,
0,0,0.4654676914215088,0,5adf03765542995534e8c72b,,,,,
0,0.6666666666666666,0.15040898323059082,0,5ae35b035542992e3233c3ae,,,,,
0,0.5,0.1599869728088379,0,5adebc9b554299728e26c79d,,,,,
0,0,0.11600661277770996,0,5a7b22f8554299042af8f6ff,,,,,
0,0.4,0.16107678413391113,0,5ae0432a55429924de1b7081,,,,,
0,0,0.45002198219299316,0,5ab55455554299488d4d993b,,,,,
0,0,0.15942788124084473,0,5ae676915542995703ce8b66,,,,,
0,0,0.1163792610168457,0,5a7782b95542995d8318117f,,,,,
0,0,0.11586236953735352,0,5a81e8ea5542995ce29dcc73,,,,,
0,0.5,0.1427290439605713,0,5a879fe05542996e4f30888a,,,,,
0,0,0.222151517868042,0,5adffd4755429906c02daa9b,,,,,
0,0,0.3565633296966553,0,5abcf1ce554299700f9d7930,,,,,
0,0,0.11999249458312988,0,5ac13d5c5542996f0d89cc78,,,,,
0,0.1111111111111111,0.39156413078308105,0,5a7aa9425542992d025e66e4,,,,,
0,0,0.4162113666534424,0,5a8241a855429940e5e1a819,,,,,
0,0.2857142857142857,0.2996182441711426,0,5ab29caa554299545a2cf9d3,,,,,
0,0,0.13283610343933105,0,5a7a33a35542994f819ef14c,,,,,
0,0,0.37601590156555176,0,5ae4dd0955429960a22e0201,,,,,
0,0,0.12224459648132324,0,5aba7d7d554299232ef4a303,,,,,
0,0,0.11476540565490723,0,5ab2c0de5542992953946870,,,,,
0,0,0.34422850608825684,0,5a8459aa5542996488c2e51e,,,,,
0,0,0.24253082275390625,0,5a7481d755429974ef308c12,,,,,
0,0,0.13350868225097656,0,5ac31bbd554299741d48a1f9,,,,,
0,0.3076923076923077,0.3217470645904541,0,5a7780e855429949eeb29e9f,,,,,
0,0,0.14294791221618652,0,5a7c9ead5542990527d554e4,,,,,
1,1.0,0.2010486125946045,0,5ab2eff05542991669774140,,,,,
0,0,0.11753320693969727,0,5ab67c0055429954757d32f6,,,,,
0,0.5,0.12831687927246094,0,5ae0198455429942ec259c1e,,,,,
0,0,0.42234277725219727,0,5a75da235542992db94736f9,,,,,
0,0.18181818181818182,0.285520076751709,0,5ae532e955429908b632656f,,,,,
0,0,0.3004763126373291,0,5a73aeb855429908901be311,,,,,
0,0,0.3277554512023926,0,5abaccd1554299660624161b,,,,,
0,0,0.40947651863098145,0,5a7f6fd75542992e7d278cfa,,,,,
1,1.0,0.13276171684265137,0,5a75b7bd5542992d0ec05fec,,,,,
0,0.18181818181818182,0.2688572406768799,0,5abd7aba55429924427fcfed,,,,,
0,0,0.14122533798217773,0,5ae4c7c65542990ba0bbb12b,,,,,
0,0.2222222222222222,0.47701382637023926,0,5ab6d04c554299710c8d1f70,,,,,
0,0.14285714285714288,0.3739790916442871,0,5a8b768655429949d91db5a9,,,,,
0,0,0.2833244800567627,0,5ae1c214554299234fd042ed,,,,,
0,0,0.11070775985717773,0,5abdb4a755429965af743df0,,,,,
0,0.16666666666666669,0.26941704750061035,0,5a81df4b55429903bc27b9f8,,,,,
0,0,0.3956766128540039,0,5ae3f6775542991a06ce9a3f,,,,,
0,0,0.11671090126037598,0,5abc7bf5554299114383a129,,,,,
0,0,0.36635661125183105,0,5ae26197554299495565da51,,,,,
0,0,0.2832047939300537,0,5a8391f55542996488c2e45c,,,,,
0,0,0.22124075889587402,0,5a8a367a55429930ff3c0d03,,,,,
0,0,0.12762689590454102,0,5adf41a45542993a75d26456,,,,,
0,0.5,0.13115668296813965,0,5a8e92b55542995085b37458,,,,,
1,1.0,0.13170838356018066,0,5ac029655542992a796decb3,,,,,
0,0,0.29923582077026367,0,5ade09a15542995b365fabdf,,,,,
0,0,0.3108649253845215,0,5abae1725542996cc5e49ece,,,,,
0,0.5,0.17698979377746582,0,5a7ca74c55429907fabeefe9,,,,,
0,0.2222222222222222,0.24256277084350586,0,5a82ffef55429954d2e2ebf2,,,,,
0,0.14285714285714288,0.3215365409851074,0,5a8da0b85542994ba4e3dcd3,,,,,
0,0,0.6490893363952637,0,5a8193275542995ce29dcc07,,,,,
0,0,0.4856834411621094,0,5a861c0d5542994775f606f7,,,,,
0,0,0.14008736610412598,0,5a863114554299211dda2aa5,,,,,
0,0,0.11614322662353516,0,5ae37ca55542992f92d822d5,,,,,
0,0,0.1297168731689453,0,5ae6196d5542995703ce8afd,,,,,
0,0.8,0.10752224922180176,0,5ae4b5935542995ad6573e27,,,,,
0,0.8,0.1674327850341797,0,5abffdec554299012d1db55d,,,,,
0,0,0.27437663078308105,0,5a86458b5542991e771815ec,,,,,
0,0,0.12250518798828125,0,5a8a59c955429930ff3c0da6,,,,,
0,0,0.4704453945159912,0,5a81d69055429903bc27b9de,,,,,
0,0,0.11858844757080078,0,5a7299465542992359bc3131,,,,,
0,0,0.12463068962097168,0,5a8af1e255429950cd6afc28,,,,,
0,0,0.3189363479614258,0,5a773ec355429966f1a36ccb,,,,,
0,0,0.2762949466705322,0,5a7da6c25542995ed0d16652,,,,,
0,0,0.26245999336242676,0,5ab1e75f554299340b525422,,,,,
0,0,0.18659472465515137,0,5a7a99db55429941d65f26ea,,,,,
0,0,0.2955000400543213,0,5adbd68155429947ff173842,,,,,
0,0,0.18531179428100586,0,5a78f3d255429970f5fffdf1,,,,,
0,0,0.201812744140625,0,5a8c51f0554299240d9c2111,,,,,
0,0.5,0.12876200675964355,0,5a808afb5542992bc0c4a76b,,,,,
0,0,0.12242865562438965,0,5a84a7f95542992a431d1a85,,,,,
0,0,0.1841886043548584,0,5ab5f372554299488d4d9a60,,,,,
1,1.0,0.10731720924377441,0,5aba916c55429901930fa83b,,,,,
0,0.2285714285714286,0.702700138092041,0,5ae5669755429960a22e02ec,,,,,
0,0,0.15017032623291016,0,5ab5cd0d554299488d4d9a30,,,,,
0,0.09523809523809525,0.4762392044067383,0,5ae6c2285542995703ce8b9a,,,,,
0,0.19999999999999998,0.21594524383544922,0,5a843cf35542996488c2e51b,,,,,
0,0,0.38744115829467773,0,5a76db3555429972597f13e7,,,,,
0,0,0.3400704860687256,0,5a74524455429979e28828f6,,,,,
0,0,0.11893606185913086,0,5ac531ea5542994611c8b419,,,,,
0,0,0.34078025817871094,0,5ab2fccb5542991669774176,,,,,
0,0,0.46125125885009766,0,5a7618d85542994ccc9186cf,,,,,
0,0,0.45594239234924316,0,5a8d75f35542994ba4e3dc8b,,,,,
0,0.75,0.1811676025390625,0,5a7790ed5542992a6e59defb,,,,,
1,1.0,0.13039541244506836,0,5a8c7623554299653c1aa07a,,,,,
0,0.09523809523809525,0.39715099334716797,0,5abcd77755429965836004ce,,,,,
0,0,0.19675111770629883,0,5abe0e4e55429976d4830a62,,,,,
0,0.2857142857142857,0.3114471435546875,0,5ab6fc8a5542991d32223714,,,,,
0,0,0.2370297908782959,0,5add9bfa5542990dbb2f7e85,,,,,
0,0,0.1298203468322754,0,5adfc06d55429906c02daa2a,,,,,
0,0.18181818181818182,0.20643329620361328,0,5ac298805542990b17b15429,,,,,
0,0.4,0.20992541313171387,0,5a8089dc5542992bc0c4a765,,,,,
0,0,0.22506284713745117,0,5ae4e29855429908b63264a9,,,,,
0,0.1,0.38382601737976074,0,5a8e942b5542995085b3745c,,,,,
0,0.18181818181818182,0.25948309898376465,0,5abaf0e055429966062416a3,,,,,
0,0,0.14913201332092285,0,5aba3bb855429955dce3ede7,,,,,
0,0,0.27330756187438965,0,5a81e107554299676cceb12a,,,,,
0,0,0.6856145858764648,0,5ae2133e554299495565d9e3,,,,,
0,0.15384615384615383,0.2723357677459717,0,5a738a5955429908901be2f6,,,,,
0,0,0.13709235191345215,0,5a7f354b5542992e7d278c8c,,,,,
0,0,0.2920403480529785,0,5a8656ca554299211dda2afc,,,,,
0,0.12500000000000003,0.2857215404510498,0,5ae6c0f35542991bbc97616f,,,,,
0,0,0.5269126892089844,0,5a776f8555429972597f1534,,,,,
0,0,0.42078685760498047,0,5a81db0b5542990a1d231ee2,,,,,
0,0,0.21819090843200684,0,5ab90d8955429916710eb0f1,,,,,
0,0,0.21082472801208496,0,5aba8d4655429901930fa82b,,,,,
0,0,0.249603271484375,0,5a8f15d2554299458435d551,,,,,
0,0,0.1195676326751709,0,5add352b5542990dbb2f7dc4,,,,,
0,0,0.13184905052185059,0,5a8249b85542990a1d231f8f,,,,,
0,0.06666666666666667,0.6351516246795654,0,5ae4a91d5542995ad6573e09,,,,,
0,0,0.1916520595550537,0,5ab57022554299637185c59e,,,,,
0,0,0.26474452018737793,0,5a7fc5c25542992e7d278d6a,,,,,
0,0.25,0.4535031318664551,0,5a7300b85542994cef4bc41a,,,,,
0,0,0.1110525131225586,0,5abffda6554299012d1db55b,,,,,
0,0,0.1343393325805664,0,5ab9b7d555429970cfb8eb7a,,,,,
0,0.4,0.13232159614562988,0,5a70f4695542994082a3e435,,,,,
0,0,0.17463469505310059,0,5a82ffe755429940e5e1a949,,,,,
0,0.14285714285714285,0.28533172607421875,0,5a7b5aff55429931da12ca6d,,,,,
0,0,0.7264535427093506,0,5a78e49855429974737f78f3,,,,,
0,0,0.10521459579467773,0,5a7bcc0f554299042af8f7e2,,,,,
0,0,0.2762744426727295,0,5ac29a835542990b17b1542f,,,,,
0,0,0.14710235595703125,0,5abd245555429924427fcf0f,,,,,
0,0,0.1266038417816162,0,5adcd7325542994d58a2f6f6,,,,,
0,0,0.9654803276062012,0,5a74994a55429974ef308c2e,,,,,
1,1.0,0.10591578483581543,0,5a90b7f355429916514e752d,,,,,
0,0,0.26043224334716797,0,5adfc11e55429942ec259b3a,,,,,
0,0,0.34271788597106934,0,5ae8242455429952e35eaa54,,,,,
0,0,0.12493753433227539,0,5ac3d1d9554299204fd21e8a,,,,,
0,0,0.6037445068359375,0,5a7724715542994aec3b71fd,,,,,
0,0,0.24063754081726074,0,5a862da855429960ec39b640,,,,,
0,0.15384615384615385,0.2810804843902588,0,5a7f677455429969796c1a37,,,,,
0,0.23529411764705882,0.30188536643981934,0,5a72429355429971e9dc9375,,,,,
0,0,0.09326577186584473,0,5a73cf5e55429978a71e909f,,,,,
0,0,0.5913472175598145,0,5ab916e155429919ba4e23a4,,,,,
1,1.0,0.12588095664978027,0,5abae1055542996cc5e49ec9,,,,,
1,1.0,0.11489057540893555,0,5addd5965542997dc7907047,,,,,
0,0,0.28997254371643066,0,5ae547f85542990ba0bbb254,,,,,
0,0,0.4168539047241211,0,5a75321555429916b0164290,,,,,
0,0,0.5425717830657959,0,5ab2d61155429916697740ff,,,,,
0,0.15384615384615385,0.330761194229126,0,5ab29bdc554299545a2cf9d1,,,,,
0,0.16666666666666669,0.22812938690185547,0,5ab4da5b55429942dd415f96,,,,,
0,0,0.4434933662414551,0,5a76d15e55429966f1a36bfa,,,,,
0,0,0.127455472946167,0,5ab29486554299545a2cf9a4,,,,,
0,0.19999999999999998,0.2483537197113037,0,5ac282875542996773102546,,,,,
0,0,0.42249536514282227,0,5a7ee0d05542994959419a88,,,,,
0,0,0.27163028717041016,0,5a823fc055429940e5e1a810,,,,,
0,0,0.37056422233581543,0,5ae322b75542994393b9e622,,,,,
0,0,0.34305405616760254,0,5ac173d85542994d76dcce37,,,,,
0,0.125,0.346146821975708,0,5a7b57155542992d025e680f,,,,,
0,0.36363636363636365,0.23015928268432617,0,5a7f3c8f55429930675136c9,,,,,
0,0,0.3107433319091797,0,5a8333115542993344745feb,,,,,
0,0,0.24968218803405762,0,5adf8ade5542993344016ce8,,,,,
0,0,0.27257347106933594,0,5ab850795542990e739ec8bd,,,,,
0,0.07407407407407407,0.5972356796264648,0,5adcf37e5542994ed6169c37,,,,,
0,0,0.24667072296142578,0,5a7cdd1c554299683c1c63a8,,,,,
0,0,0.18664050102233887,0,5a8b8a745542995d1e6f13e4,,,,,
0,0.6,0.23782777786254883,0,5ac325495542995ef918c12e,,,,,
0,0,0.2983663082122803,0,5adf29f05542993344016c09,,,,,
0,0,0.37473535537719727,0,5abd605155429924427fcfc9,,,,,
0,0,0.2220323085784912,0,5a8a4b9955429930ff3c0d88,,,,,
0,0.18181818181818182,0.2402055263519287,0,5aded1595542995ec70e8f29,,,,,
0,0.11764705882352941,0.33388519287109375,0,5a7eb9f355429934daa2fc53,,,,,
0,0.05555555555555556,0.5792245864868164,0,5a7f96a95542995d8a8ddead,,,,,
0,0.23529411764705882,0.38921594619750977,0,5ab92e3c554299753720f777,,,,,
0,0,0.46863365173339844,0,5abc2e1c554299700f9d7806,,,,,
0,0,0.3455798625946045,0,5adc7f4a5542994650320d28,,,,,
0,0.5,0.13675260543823242,0,5ae083e855429924de1b70fb,,,,,
0,0.4444444444444445,0.17585349082946777,0,5a7755c65542993569682d54,,,,,
0,0.30769230769230765,0.275327205657959,0,5adf36c55542993344016c3e,,,,,
0,0.5,0.17854857444763184,0,5ae140f95542997b2ef7d182,,,,,
0,0,0.3788278102874756,0,5ab5820e554299488d4d99c3,,,,,
0,0,0.30324721336364746,0,5abaaf9355429955dce3eecb,,,,,
0,0.04444444444444445,0.7948851585388184,0,5ac19bf55542994ab5c67d97,,,,,
0,0,0.4019625186920166,0,5a8dab16554299068b959d89,,,,,
0,0,0.2646007537841797,0,5ab29cef554299449642c936,,,,,
0,0,0.2496778964996338,0,5ae7b001554299540e5a5645,,,,,
0,0,0.2091231346130371,0,5ab5e13c5542992aa134a3bf,,,,,
0,0,0.40184950828552246,0,5a88ba465542993e715ac089,,,,,
0,0,0.48359227180480957,0,5a7efa7a55429930675135ea,,,,,
0,0,0.1332690715789795,0,5ab82d345542990e739ec854,,,,,
0,0,0.30780887603759766,0,5ac3dc9e5542997ea680c950,,,,,
0,0,0.3544487953186035,0,5a81d92f554299676cceb0f9,,,,,
0,0,0.2064063549041748,0,5a710a1e5542994082a3e4fd,,,,,
1,1.0,0.11139154434204102,0,5a8f55f9554299458435d5bd,,,,,
0,0.14285714285714288,0.33260202407836914,0,5abc089b5542993f40c73c57,,,,,
0,0,0.13419508934020996,0,5a74ae6a55429916b01641c9,,,,,
0,0.6666666666666666,0.18611454963684082,0,5a7380b955429908901be2d4,,,,,
0,0,0.4042668342590332,0,5ab2b61d5542991669774065,,,,,
0,0,0.4417757987976074,0,5ac2f79e5542996773102661,,,,,
0,0,0.29617905616760254,0,5adea8cf55429939a52fe92d,,,,,
0,0.4,0.13656163215637207,0,5a84e1095542997175ce1f25,,,,,
0,0,0.14769577980041504,0,5ae29d92554299492dc91c36,,,,,
0,0,0.3198814392089844,0,5a7e1cd955429965cec5ea76,,,,,
0,0,0.4163167476654053,0,5ac4a7615542996feb3fe92a,,,,,
0,0,0.12604045867919922,0,5ade4da055429939a52fe878,,,,,
0,0.17391304347826086,0.4367868900299072,0,5a7cd8da55429909bec76845,,,,,
1,1.0,0.1191568374633789,0,5a89019a5542995153361259,,,,,
0,0.15384615384615385,0.2526524066925049,0,5a7518cb55429916b0164259,,,,,
0,0,0.3909947872161865,0,5ae3b30f5542994393b9e74f,,,,,
0,0.5,0.13746905326843262,0,5ab5cedf554299488d4d9a34,,,,,
0,0.0909090909090909,0.42177772521972656,0,5abc0ac455429959677d6a01,,,,,
0,0.3478260869565218,0.4090108871459961,0,5a8c8828554299653c1aa0ae,,,,,
0,0.4,0.13511109352111816,0,5a84bbb35542991dd0999dc0,,,,,
0,1.0,0.13775205612182617,0,5a7cf3d655429909bec768bf,,,,,
0,0,0.13656306266784668,0,5ac1620855429964131be1bc,,,,,
0,0,0.3000600337982178,0,5a7148005542994082a3e759,,,,,
0,0,0.18069911003112793,0,5a87868c5542996e4f308828,,,,,
0,0,0.3187592029571533,0,5a8a5c9855429970aeb702be,,,,,
0,0.18181818181818182,0.1876978874206543,0,5ae0f73d55429920d5234252,,,,,
0,0,0.2768595218658447,0,5a84ed765542994c784dda8b,,,,,
0,0,0.15652871131896973,0,5ab42a2b5542996a3a969f5a,,,,,
0,0,0.1255037784576416,0,5adfee9c55429906c02daa8a,,,,,
0,0.25,0.21859121322631836,0,5ab29842554299194fa93420,,,,,
0,0,0.32307982444763184,0,5ac0b8395542996f0d89cc21,,,,,
0,0,0.40375614166259766,0,5ac3a10b5542995ef918c1c3,,,,,
0,0,0.6370241641998291,0,5abfea825542994516f45527,,,,,
0,0.125,0.3323976993560791,0,5a77baac5542992a6e59dfa2,,,,,
0,0,0.2995433807373047,0,5abdf7055542993f32c2a06c,,,,,
1,1.0,0.13093280792236328,0,5a900b575542995b44242099,,,,,
0,0,0.25942420959472656,0,5ac38ce255429939154137c2,,,,,
0,0.11764705882352941,0.3070964813232422,0,5ac0c5805542992a796ded80,,,,,
0,0.8,0.1455550193786621,0,5ae3dce45542994393b9e783,,,,,
0,0,0.126511812210083,0,5ae32e1a55429928c423964e,,,,,
0,0,0.1294233798980713,0,5ac45cfd554299076e296db5,,,,,
0,0,0.30584216117858887,0,5ab472a35542991779162c98,,,,,
0,0,0.27769947052001953,0,5ac23f5255429951e9e684d8,,,,,
0,0,0.14351296424865723,0,5ae6dba85542996d980e7c9b,,,,,
0,0,0.24075603485107422,0,5a8f47785542997ba9cb3217,,,,,
0,0,0.38689374923706055,0,5a8ba07d5542996e8ac88985,,,,,
0,0.05405405405405405,0.643094539642334,0,5a746a4455429974ef308bf6,,,,,
0,0,0.3284013271331787,0,5a75642c5542996c70cfaeed,,,,,
0,0,0.11600255966186523,0,5a845b2d5542996488c2e520,,,,,
0,0,0.13192296028137207,0,5a74c1c05542996c70cfadd8,,,,,
0,0,0.2636089324951172,0,5a8c6ebd5542996e8ac88aa9,,,,,
0,0,0.4161663055419922,0,5ab430f655429942dd415eca,,,,,
0,0,0.2597630023956299,0,5a7cfea2554299452d57babe,,,,,
0,0,0.15094804763793945,0,5a7bc0755542995eb53be9a5,,,,,
0,0,0.40541720390319824,0,5abfdfcb5542997d642958fe,,,,,
0,0,0.17178606986999512,0,5ac4a94a5542996feb3fe92b,,,,,
0,0,0.21853065490722656,0,5ab2082f554299722f9b4c9f,,,,,
0,0,0.5218861103057861,0,5ade61fd554299728e26c704,,,,,
0,0,0.1365344524383545,0,5a8e482c5542995a26add4c3,,,,,
0,0,0.13945627212524414,0,5ae537a855429960a22e0266,,,,,
0,0,0.12160563468933105,0,5ab5895f554299637185c5c2,,,,,
0,0.2,0.23738336563110352,0,5adcc975554299473435379f,,,,,
0,0.6666666666666666,0.13272905349731445,0,5a829fab55429954d2e2eb83,,,,,
0,0,0.378584623336792,0,5a90970d5542995651fb51a5,,,,,
0,0,0.24166607856750488,0,5ae1dadf5542997f29b3c14f,,,,,
0,0,0.14023900032043457,0,5ab819065542995dae37ea3c,,,,,
0,0,0.35236239433288574,0,5ab5fddb554299110f2199af,,,,,
0,0,0.12461090087890625,0,5ab3f6b9554299753aec5a03,,,,,
0,0,0.2112414836883545,0,5ae1bc7b554299234fd042df,,,,,
0,0.10526315789473685,0.6902546882629395,0,5ac07327554299012d1db5f2,,,,,
0,0.16666666666666669,0.25273585319519043,0,5a8e612b5542995085b3741b,,,,,
0,0.5,0.13362693786621094,0,5a72ac8a5542992359bc3164,,,,,
0,0,0.12526845932006836,0,5a826d2f5542995ce29dcd05,,,,,
0,0,0.16408610343933105,0,5abea85f5542990832d3a070,,,,,
0,0,0.1244347095489502,0,5ae66d515542992ae0d16346,,,,,
0,0,0.11775612831115723,0,5ac1b95655429963665198fd,,,,,
0,0,0.4142444133758545,0,5ac3e1075542995c82c4ac78,,,,,
0,0,0.13265776634216309,0,5adebc51554299728e26c799,,,,,
0,0,0.15706086158752441,0,5a8ce851554299441c6b9f6c,,,,,
0,0.14285714285714285,0.27422237396240234,0,5a78ce79554299029c4b5ea1,,,,,
0,0,0.4877138137817383,0,5a8a03985542992e4fca84d6,,,,,
0,0,0.35799288749694824,0,5ac5630e5542993e66e823d5,,,,,
0,0,0.12511134147644043,0,5a7dbf4e5542990b8f503a68,,,,,
0,0,0.19190192222595215,0,5ac324ad5542995ef918c127,,,,,
0,0,0.2909562587738037,0,5a8888e35542997e5c09a5f6,,,,,
0,0,0.1280665397644043,0,5ae72fd95542991e8301cbb4,,,,,
0,0,0.37059640884399414,0,5abc3f725542993a06baf8b3,,,,,
0,0,0.13803315162658691,0,5ab3c270554299233954ff9e,,,,,
0,0,0.20092272758483887,0,5a746abf55429929fddd8417,,,,,
0,0.4,0.12006640434265137,0,5ac42c6d5542997ea680ca1a,,,,,
0,0,0.20548033714294434,0,5a7a69365542996c55b2dd9b,,,,,
0,0,0.14185738563537598,0,5a737fff554299623ed4abb9,,,,,
0,0,0.4500415325164795,0,5ab3b2fb554299753aec59af,,,,,
0,0.1818181818181818,0.2935657501220703,0,5ab6654455429954757d3281,,,,,
0,0.5,0.17419695854187012,0,5a7385c45542992d56e7e359,,,,,
0,0.25,0.3454270362854004,0,5ae71d2d554299572ea546f7,,,,,
0,0.25,0.2239377498626709,0,5a836ce55542993344746012,,,,,
0,0.25,0.2085886001586914,0,5ade0cc85542990dbb2f7f37,,,,,
0,0.5,0.16279911994934082,0,5a802fb8554299485f598582,,,,,
0,0,0.3162529468536377,0,5ac3e22d5542997ea680c976,,,,,
0,0,0.13669109344482422,0,5ac2ca84554299218029db55,,,,,
0,0,0.12970376014709473,0,5add695a5542992ae4cec557,,,,,
0,0,0.327958345413208,0,5ae71c4c554299572ea546ee,,,,,
0,0,0.41346120834350586,0,5ae16bce5542997b2ef7d1e8,,,,,
0,0.7272727272727272,0.2322704792022705,0,5adbfb3f55429947ff17388a,,,,,
0,0,0.4057478904724121,0,5a79a26d554299029c4b5f63,,,,,
0,0,0.3175466060638428,0,5ab9405c554299743d22ea7c,,,,,
0,0,0.15172481536865234,0,5ade6fcd55429975fa854ecf,,,,,
0,0,0.09805059432983398,0,5ac275e755429921a00aaf81,,,,,
0,0.3529411764705882,0.2520182132720947,0,5a8cd291554299441c6b9f14,,,,,
1,1.0,0.12947463989257812,0,5a72aec45542994cef4bc3d7,,,,,
0,0.2,0.22868895530700684,0,5a745a2955429929fddd83f8,,,,,
0,0,0.13561153411865234,0,5a737ef85542992d56e7e336,,,,,
0,0,0.36220359802246094,0,5ac43c7b5542997ea680ca34,,,,,
0,0,0.20655608177185059,0,5a7f66f155429969796c1a33,,,,,
0,0,0.1545701026916504,0,5a8b99a45542997f31a41d7f,,,,,
0,0.08695652173913045,0.43906688690185547,0,5a851cc85542997b5ce3ffa3,,,,,
0,0.16666666666666669,0.28963446617126465,0,5ab678f455429954757d32d3,,,,,
0,0,0.1107797622680664,0,5ac0a18a5542992a796ded41,,,,,
0,0,0.2923719882965088,0,5a7b88b45542997c3ec97201,,,,,
0,0.07692307692307691,0.49420619010925293,0,5ab8524f5542990e739ec8c4,,,,,
0,0,0.12192511558532715,0,5a8fa4a5554299458435d6a3,,,,,
0,0.13333333333333333,0.3645305633544922,0,5ac0d9a35542992a796ded90,,,,,
0,0,0.10202407836914062,0,5a72f7df5542991f9a20c5d7,,,,,
0,0,0.22642183303833008,0,5a8f43555542992414482a21,,,,,
0,0,0.13485407829284668,0,5abe48675542991f66106119,,,,,
1,1.0,0.1177968978881836,0,5ae0b8bb55429924de1b7145,,,,,
1,1.0,0.14885568618774414,0,5a793ea55542994bb9456fce,,,,,
1,1.0,0.10027766227722168,0,5ab682f85542995eadef001f,,,,,
0,0.5,0.15773224830627441,0,5abdc0ad55429933744ab81b,,,,,
0,0,0.12540102005004883,0,5adcf2b55542992c1e3a24cd,,,,,
0,0,0.12469816207885742,0,5a7571835542992db9473669,,,,,
0,0,0.365924596786499,0,5abe9c1a5542993f32c2a183,,,,,
0,0,0.5111985206604004,0,5ab90d2755429916710eb0f0,,,,,
0,0,0.11163806915283203,0,5ac16c2b5542994d76dcce19,,,,,
0,0.19999999999999998,0.33534693717956543,0,5a7b48b15542995eb53be8eb,,,,,
0,0,0.10605406761169434,0,5abe84a95542991f6610619b,,,,,
0,0.6666666666666666,0.11891818046569824,0,5a7e43c9554299495941995a,,,,,
0,0,0.11799907684326172,0,5ae151985542990adbacf74d,,,,,
0,0,0.10833597183227539,0,5a81ee385542995ce29dcc88,,,,,
0,0.34782608695652173,0.34112071990966797,0,5a8c301d554299240d9c20cb,,,,,
0,0,0.2662241458892822,0,5aba749855429955dce3ee34,,,,,
0,0,0.2230665683746338,0,5abb291355429939ce03dd9e,,,,,
0,0.8,0.13908004760742188,0,5a80297f5542992e7d278e08,,,,,
0,0,0.5238058567047119,0,5ae5f82a554299546bf82feb,,,,,
0,0.16666666666666669,0.28330039978027344,0,5ae088525542993d6555eba1,,,,,
0,0,0.3828237056732178,0,5adec53655429975fa854f87,,,,,
0,0,0.31242990493774414,0,5ae2c4b8554299495565db31,,,,,
0,0,0.4625253677368164,0,5ae328df55429928c423963c,,,,,
0,0,0.14328289031982422,0,5ae71bee554299572ea546ea,,,,,
0,0,0.36058473587036133,0,5ab57759554299637185c5a5,,,,,
0,0,0.35086941719055176,0,5ae724ec5542995703ce8bd8,,,,,
0,0,0.32204270362854004,0,5abbdaac5542992ccd8e7fc0,,,,,
1,1.0,0.13824200630187988,0,5abf1ad15542997ec76fd3c2,,,,,
0,0,0.11724138259887695,0,5a81141855429938b61422ad,,,,,
0,0.8571428571428571,0.14046835899353027,0,5ab2f4c95542991669774155,,,,,
0,0,0.1296229362487793,0,5ae5429355429908b63265c5,,,,,
0,0,0.3413243293762207,0,5ac3e5de554299204fd21ebc,,,,,
0,0.1111111111111111,0.272289514541626,0,5adf81105542992d7e9f9388,,,,,
0,0,0.12183356285095215,0,5adcfb5f5542990d50227d81,,,,,
0,0,0.1578996181488037,0,5a750ccc5542993748c897a8,,,,,
0,0,0.15518450736999512,0,5a7103b35542994082a3e4c0,,,,,
0,0,0.44976305961608887,0,5ae688065542996d980e7beb,,,,,
0,0,0.23925065994262695,0,5a8ba0855542995d1e6f1427,,,,,
0,0,0.15616488456726074,0,5ae2f97555429928c4239582,,,,,
0,0,0.625709056854248,0,5ac3a7f75542993915413890,,,,,
0,0.3333333333333333,0.16118907928466797,0,5a8f5b6f554299458435d5e7,,,,,
0,0.28571428571428575,0.17007184028625488,0,5add53fe5542992200553ab1,,,,,
0,0,0.31105494499206543,0,5a8b3e985542995d1e6f131c,,,,,
0,0,0.5821642875671387,0,5ae25e835542992decbdccd1,,,,,
0,0,0.2875640392303467,0,5a74d7685542996c70cfae0a,,,,,
0,0,0.37661147117614746,0,5a866fa855429960ec39b6a5,,,,,
0,0,0.11467957496643066,0,5adde8a05542997dc79070a4,,,,,
0,0,0.10282039642333984,0,5a9087ac5542990a98493668,,,,,
0,0,0.2052922248840332,0,5a840a9e5542992ef85e2397,,,,,
0,0,0.13037824630737305,0,5ae791a55542994a481bbdaa,,,,,
0,0,0.12890625,0,5ae357745542992f92d8229b,,,,,
0,0,0.14409589767456055,0,5a823b355542990a1d231f6e,,,,,
0,0,0.19536137580871582,0,5a7effeb5542994959419aa0,,,,,
0,0,0.37206578254699707,0,5a81a2055542990a1d231e2d,,,,,
0,0,0.7640082836151123,0,5ade6eb65542992fa25da782,,,,,
0,0.06896551724137931,0.6427056789398193,0,5adc6a3b55429947ff173953,,,,,
0,0,0.29607605934143066,0,5ac3b8b8554299741d48a301,,,,,
1,1.0,0.12633895874023438,0,5ae320f855429928c4239620,,,,,
0,0,0.10034370422363281,0,5a8bd49d5542997f31a41dd7,,,,,
0,0,0.11695981025695801,0,5ae0ba9055429924de1b715c,,,,,
0,0,0.39307522773742676,0,5a74b4dc55429979e2882a00,,,,,
0,0.2222222222222222,0.2141730785369873,0,5ab5f75e554299637185c64b,,,,,
0,0.13333333333333333,0.3679623603820801,0,5ae0fe8855429945ae959495,,,,,
0,0.5714285714285715,0.14801955223083496,0,5ae3c1515542992f92d8236a,,,,,
0,0,0.1785111427307129,0,5a77b6325542997042120af7,,,,,
0,0,0.3880476951599121,0,5a7750de55429966f1a36cf0,,,,,
0,0.125,0.34944796562194824,0,5a7cc700554299452d57ba4e,,,,,
0,0,0.2634923458099365,0,5ac39d22554299391541381f,,,,,
0,0.14285714285714288,0.24537110328674316,0,5a81c90a5542990a1d231eb4,,,,,
0,0.125,0.25486183166503906,0,5abd332e5542993062266bdd,,,,,
0,0,0.13901448249816895,0,5ae641f65542992ae0d162a3,,,,,
0,0,0.33194422721862793,0,5a7912f655429974737f796c,,,,,
0,0,0.11738920211791992,0,5a765fe85542992d0ec060c5,,,,,
0,0.13793103448275862,0.4540889263153076,0,5abd82dc5542993062266cb6,,,,,
0,0,0.13170576095581055,0,5ae10572554299422ee995cd,,,,,
0,0.3333333333333333,0.16060447692871094,0,5ac4c0fc5542997ea680cab1,,,,,
0,0.15384615384615385,0.39248085021972656,0,5a88644455429938390d3f3f,,,,,
0,0,0.21849346160888672,0,5ac2716f5542992f1f2b38cb,,,,,
0,0,0.3418843746185303,0,5ae0aaf35542993d6555ec02,,,,,
0,0,0.15822291374206543,0,5ab56555554299494045ef97,,,,,
0,0,0.3317694664001465,0,5a83b1e75542990548d0b220,,,,,
0,0,0.22222280502319336,0,5abd02605542992ac4f381a2,,,,,
0,0,0.1283888816833496,0,5ae701b2554299572ea54680,,,,,
0,0,0.14219021797180176,0,5a7b2a2255429927d897bf4c,,,,,
0,0,0.13181114196777344,0,5a8f979255429918e830d288,,,,,
0,0,0.22092700004577637,0,5a810006554299260e20a1f6,,,,,
0,0,0.20138835906982422,0,5a90740a5542990a98493658,,,,,
0,0,0.1089169979095459,0,5ac261265542992f1f2b3896,,,,,
0,0,0.13494014739990234,0,5a809e9f5542996402f6a5b1,,,,,
0,0,0.11638998985290527,0,5a8fb0be5542997ba9cb32ed,,,,,
0,0,0.11237359046936035,0,5ab6f222554299110f219a78,,,,,
0,0,0.32051873207092285,0,5a7a562355429941d65f25ba,,,,,
0,0.13333333333333333,0.3152017593383789,0,5addfe1c5542995b365fabaf,,,,,
0,0.25,0.17462992668151855,0,5ade28cf5542997c77aded85,,,,,
0,0,0.13026928901672363,0,5a7720d05542993569682cde,,,,,
0,0,0.49724674224853516,0,5a7cb2ed5542990527d55505,,,,,
0,0,0.15574288368225098,0,5ae2e8e05542991a06ce98fb,,,,,
0,0,0.37452054023742676,0,5ae358c05542990afbd1e10f,,,,,
0,0.5,0.12753701210021973,0,5ab9e477554299232ef4a25d,,,,,
0,0,0.15332698822021484,0,5abb07e95542992ccd8e7ec4,,,,,
0,0,0.3331153392791748,0,5a75e06155429976ec32bc60,,,,,
0,0,0.12559890747070312,0,5ab8e70b5542991b5579f031,,,,,
0,0,0.3625180721282959,0,5ae3a3835542990afbd1e19c,,,,,
0,0.15384615384615385,0.3204476833343506,0,5a8c620c554299240d9c2141,,,,,
0,0,0.15348362922668457,0,5a871e265542991e771816d1,,,,,
0,0,0.43839573860168457,0,5ab7af9d5542993667793fe9,,,,,
0,0.07407407407407407,0.4997446537017822,0,5a8aed1755429950cd6afbf1,,,,,
0,0,0.36324214935302734,0,5ac46a8b5542991943173980,,,,,
0,0,0.19049406051635742,0,5a77731955429972597f1541,,,,,
0,0,0.29331541061401367,0,5abc17555542993a06baf858,,,,,
0,0,0.30107641220092773,0,5a7f8b8c5542995d8a8ddea1,,,,,
0,0,0.13598918914794922,0,5a8fab8c5542995b4424208a,,,,,
0,0,0.720550537109375,0,5a7e1f5655429965cec5ea81,,,,,
1,1.0,0.12677431106567383,0,5ae7fd085542993210984007,,,,,
0,0,0.4214296340942383,0,5adff34555429942ec259baa,,,,,
0,0.14285714285714285,0.379486083984375,0,5a7a7e9f5542994f819ef1f4,,,,,
0,0,0.4678966999053955,0,5ae1054055429920d5234284,,,,,
0,0.1111111111111111,0.36449360847473145,0,5ae3281a5542991a06ce9939,,,,,
0,0.09090909090909091,0.45549678802490234,0,5a7365b155429901807db02a,,,,,
0,0.16666666666666669,0.2707650661468506,0,5a8835245542994846c1ce27,,,,,
0,0.4444444444444445,0.19293689727783203,0,5a7dc7895542995ed0d16673,,,,,
0,0,0.15097284317016602,0,5abb03325542992ccd8e7eae,,,,,
1,1.0,0.12788605690002441,0,5a82f05255429966c78a6aa2,,,,,
0,0.5,0.18050527572631836,0,5ab524595542996a3a96a034,,,,,
0,0,0.33487892150878906,0,5abdff775542993f32c2a082,,,,,
0,0,0.40189456939697266,0,5ab997ad554299131ca4238c,,,,,
0,0,0.13344907760620117,0,5a73987c55429978a71e9039,,,,,
0,0.5,0.16178488731384277,0,5a901d6c5542995651fb50bd,,,,,
0,0,0.4369163513183594,0,5ae237ac554299492dc91be1,,,,,
0,0,0.6677422523498535,0,5a7f18a35542994959419aa6,,,,,
0,0,0.26065921783447266,0,5a79f37a5542996a35c17045,,,,,
0,0,0.10280370712280273,0,5a792f3e554299029c4b5f20,,,,,
0,0.14285714285714285,0.34523725509643555,0,5ae7cb575542997ec27276ea,,,,,
0,0,0.16380524635314941,0,5ab2a308554299340b52553b,,,,,
0,0,0.20785975456237793,0,5a7e72dd55429949594199bf,,,,,
0,0.14285714285714288,0.2493579387664795,0,5a8f84505542992414482aef,,,,,
0,0,0.5594804286956787,0,5abc030e554299642a094bdc,,,,,
0,0,0.4228529930114746,0,5add6cf45542992ae4cec55f,,,,,
0,0,0.37410521507263184,0,5ae7e9af5542994a481bbe0e,,,,,
0,0.5,0.14739322662353516,0,5a88651b55429938390d3f45,,,,,
0,0,0.5029985904693604,0,5a74f3f55542993748c8974b,,,,,
0,0,0.3197474479675293,0,5a8f608d5542992414482a94,,,,,
0,0.13333333333333333,0.30344390869140625,0,5a831fcc55429940e5e1a96a,,,,,
0,0.13333333333333333,0.3021097183227539,0,5ac1a4ed5542994d76dcce90,,,,,
0,0.3157894736842105,0.2908031940460205,0,5a874ec35542994846c1cd57,,,,,
0,0,0.3146705627441406,0,5ae07e5b55429945ae959381,,,,,
0,0,0.19300365447998047,0,5a7137dc5542994082a3e68a,,,,,
0,0,0.27591824531555176,0,5a89fea655429970aeb701eb,,,,,
0,0,0.10518527030944824,0,5ae234005542994d89d5b392,,,,,
0,0,0.45325541496276855,0,5ab4ec2755429942dd415fa6,,,,,
0,0,0.12338685989379883,0,5a72d3525542991f9a20c5ab,,,,,
0,0.15384615384615383,0.5612835884094238,0,5ae1d1a55542997f29b3c138,,,,,
0,0.4,0.16380977630615234,0,5a8b397955429971feec4674,,,,,
0,0,0.35768985748291016,0,5ab84de95542990e739ec8b4,,,,,
1,1.0,0.12478494644165039,0,5adbdc8a55429944faac238e,,,,,
0,0,0.4426560401916504,0,5a88981c554299206df2b307,,,,,
0,0,0.1362760066986084,0,5ac2943a55429921a00aafce,,,,,
0,0.19999999999999998,0.27306079864501953,0,5a89ddf25542992e4fca83ff,,,,,
0,0,0.2543644905090332,0,5ae18ae6554299234fd04289,,,,,
0,0,0.41018199920654297,0,5adfb4b8554299603e418381,,,,,
0,0.2,0.25681090354919434,0,5a8b7dab5542997f31a41d4c,,,,,
0,0,0.13671493530273438,0,5ae361d15542990afbd1e126,,,,,
0,0,0.12619662284851074,0,5a804032554299485f5985a0,,,,,
0,0,0.2561004161834717,0,5a7d215255429909bec76979,,,,,
0,0,0.15749049186706543,0,5ae203d6554299234fd04394,,,,,
0,0,0.242478609085083,0,5adea61155429939a52fe922,,,,,
0,0,0.20036625862121582,0,5ab6e6c7554299710c8d1fa4,,,,,
0,0,0.6351039409637451,0,5ae16d9655429920d52343ce,,,,,
0,0,0.10950875282287598,0,5ae28058554299495565da90,,,,,
0,0.11764705882352941,0.2913532257080078,0,5a827e8455429940e5e1a8dd,,,,,
0,0,0.22227263450622559,0,5adcb7eb5542994ed6169bd0,,,,,
0,0,0.32270383834838867,0,5a76f22055429972597f13fa,,,,,
0,0,0.3805694580078125,0,5ac281e355429963665199eb,,,,,
0,0,0.15611839294433594,0,5abdd0f15542991f6610604d,,,,,
1,1.0,0.13692212104797363,0,5add1eed5542992ae4cec485,,,,,
0,0,0.36089444160461426,0,5adc126f5542996e685252c5,,,,,
0,0,0.35906505584716797,0,5a7d1765554299452d57bade,,,,,
0,0.4,0.13922476768493652,0,5a7cdf89554299683c1c63b0,,,,,
0,0,0.13704824447631836,0,5a8f5be9554299458435d5ed,,,,,
0,0,0.11974000930786133,0,5ae4b55455429913cc2044db,,,,,
0,0,0.33362913131713867,0,5a89e98955429946c8d6ea0c,,,,,
0,0,0.3757753372192383,0,5a8a03245542992e4fca84d5,,,,,
1,1.0,0.14452433586120605,0,5ae4be5455429960a22e019c,,,,,
0,0.1,0.4216184616088867,0,5add44c25542997545bbbd0a,,,,,
0,0,0.15024709701538086,0,5a72a6d855429901807daf27,,,,,
0,0,0.14580202102661133,0,5ade949b5542997c77adee63,,,,,
0,0,0.1359710693359375,0,5adc0644554299438c868d08,,,,,
0,0,0.5331380367279053,0,5a8d5ec2554299585d9e37c4,,,,,
0,0.14285714285714288,0.28470468521118164,0,5adf5daf5542995534e8c79d,,,,,
0,0,0.1481173038482666,0,5ae64ad25542995703ce8b4f,,,,,
0,0,0.1311643123626709,0,5abba4b4554299642a094af3,,,,,
0,0,0.1131751537322998,0,5a801e845542992097ad2fd9,,,,,
0,0.5,0.14011693000793457,0,5ae39f405542991a06ce9a02,,,,,
1,1.0,0.144195556640625,0,5ae2e0fd55429928c4239524,,,,,
0,0,0.14831089973449707,0,5ac0d732554299294b219030,,,,,
0,0,0.25453948974609375,0,5ae54bbd5542990ba0bbb262,,,,,
1,1.0,0.15194463729858398,0,5a8637415542994775f60724,,,,,
0,0,0.14601969718933105,0,5a7621bb554299109176e650,,,,,
0,0,0.35380983352661133,0,5ac3a47f554299391541386d,,,,,
0,0,0.29605889320373535,0,5a89b8f0554299669944a580,,,,,
0,0,0.21936774253845215,0,5ab870ee5542990e739ec8f6,,,,,
0,0.2222222222222222,0.24513030052185059,0,5ac15f6c5542994d76dccdf3,,,,,
0,0,0.4096813201904297,0,5a8c6342554299240d9c214a,,,,,
0,0,0.1437993049621582,0,5adcbc645542994d58a2f6b6,,,,,
0,0,0.5152783393859863,0,5aba7fd055429955dce3ee5e,,,,,
0,0,0.1031489372253418,0,5ac270e05542992f1f2b38c9,,,,,
0,0.5,0.25114011764526367,0,5ab64cfa55429953192ad2b7,,,,,
0,0.6666666666666666,0.16368341445922852,0,5ac39844554299741d48a2ac,,,,,
1,1.0,0.1354973316192627,0,5a8b84875542995d1e6f13d7,,,,,
0,0,0.14306092262268066,0,5a8bd2f95542997f31a41dd2,,,,,
1,1.0,0.14891386032104492,0,5a7f39d055429934daa2fd2a,,,,,
0,0.4444444444444444,0.19779562950134277,0,5a7a49d85542994f819ef1bc,,,,,
0,0.16666666666666669,0.28721117973327637,0,5abd573c55429924427fcfb7,,,,,
0,0.6666666666666666,0.13433384895324707,0,5addffa75542992200553bdc,,,,,
0,0,0.12726068496704102,0,5ab613985542992aa134a418,,,,,
0,0,0.33850836753845215,0,5ac09d265542992a796ded39,,,,,
0,0,0.10916686058044434,0,5a904b0c5542995651fb510e,,,,,
1,1.0,0.1366567611694336,0,5abda6e955429965af743d9b,,,,,
0,0,0.29299497604370117,0,5abcee275542993a06baf9af,,,,,
0,0,0.13075900077819824,0,5a8484495542997175ce1ee8,,,,,
0,0.2857142857142857,0.3359537124633789,0,5ab852c05542990e739ec8c5,,,,,
0,0,0.2477571964263916,0,5ac3a0db554299391541383a,,,,,
0,0.6666666666666666,0.15090656280517578,0,5a8cea40554299441c6b9f76,,,,,
0,0,0.11109232902526855,0,5ac3d68f554299076e296ca6,,,,,
0,0.09523809523809523,0.39341282844543457,0,5ab969ca55429970cfb8eac9,,,,,
0,0,0.42345666885375977,0,5ac1a6bf5542991316484b8d,,,,,
0,0,0.12502336502075195,0,5a8f4d895542992414482a2d,,,,,
0,0,0.12414288520812988,0,5a84de255542991dd0999e06,,,,,
0,0,0.16696524620056152,0,5adf3feb5542993a75d2644c,,,,,
0,0.5,0.1472165584564209,0,5ab3c48755429969a97a81b8,,,,,
0,0.14285714285714288,0.37010955810546875,0,5a83093c55429966c78a6b01,,,,,
0,0,0.13688302040100098,0,5ae5fb2d554299546bf82ff5,,,,,
0,0.13333333333333333,0.3150901794433594,0,5add24375542992c1e3a2542,,,,,
0,0.11764705882352941,0.3497653007507324,0,5ac3ba1855429939154138f3,,,,,
0,0,0.3058788776397705,0,5ab46a0f5542990594ba9c1b,,,,,
0,0.1,0.42624759674072266,0,5a7f40055542992e7d278cc0,,,,,
0,0,0.2998170852661133,0,5a865e8a55429960ec39b67a,,,,,
0,0,0.2952921390533447,0,5abb326055429966062416e7,,,,,
0,0,0.3616325855255127,0,5ab545d3554299494045ef5c,,,,,
0,0.4705882352941177,0.28130626678466797,0,5a74cfc75542996c70cfadfe,,,,,
0,0,0.4726080894470215,0,5ae0b82855429906c02daaff,,,,,
0,0.07692307692307691,0.4567544460296631,0,5ae1a7c8554299234fd042b0,,,,,
0,0,0.1594836711883545,0,5a7c99d555429935c91b5254,,,,,
0,0.11111111111111112,0.37799572944641113,0,5a8b7ca65542997f31a41d49,,,,,
0,0,0.1814281940460205,0,5a86141f5542996432c571a5,,,,,
0,0,0.13993334770202637,0,5abe87cb5542993f32c2a156,,,,,
0,0,0.30576109886169434,0,5a78eff155429974737f790a,,,,,
0,0,0.1172020435333252,0,5a8b84905542997f31a41d5d,,,,,
0,0,0.4080626964569092,0,5abecdf45542997719eab5d4,,,,,
0,0,0.2720310688018799,0,5abbf8bc5542993f40c73c35,,,,,
0,0,0.34366464614868164,0,5abace6b5542996cc5e49e99,,,,,
0,0.12903225806451613,0.6892235279083252,0,5adfb790554299603e418389,,,,,
0,0.5,0.10887694358825684,0,5ac11ee45542997d64295a7d,,,,,
0,0,0.2388625144958496,0,5a7e1b7155429965cec5ea6c,,,,,
0,0.16666666666666666,0.27416372299194336,0,5a89f58f5542992e4fca84af,,,,,
0,0.7499999999999999,0.20987558364868164,0,5add2dae5542992c1e3a2558,,,,,
0,0,0.133467435836792,0,5abce1fa5542993a06baf993,,,,,
0,0,0.2314910888671875,0,5a89e47f5542992e4fca8457,,,,,
0,0,0.3596820831298828,0,5ae658855542992ae0d162e3,,,,,
0,0,0.28795862197875977,0,5ae69cfe55429908198fa65f,,,,,
0,0,0.4312131404876709,0,5a7e689f55429934daa2fc1c,,,,,
0,0.08333333333333334,0.3729209899902344,0,5a886364554299206df2b24b,,,,,
0,0.4444444444444445,0.21384906768798828,0,5a7a70b355429941d65f2647,,,,,
0,0,0.13493108749389648,0,5a7335b55542992359bc3290,,,,,
0,0,0.12562155723571777,0,5a78b3f7554299148911f94c,,,,,
0,0,0.1365971565246582,0,5a80a25d5542995d8a8ddfb7,,,,,
0,0,0.24050378799438477,0,5a8f25175542997ba9cb31ea,,,,,
0,0,0.33652687072753906,0,5adeacf955429975fa854f66,,,,,
0,0.19047619047619047,0.3306572437286377,0,5ab28156554299449642c8ce,,,,,
0,0,0.8310267925262451,0,5a84d71c5542997b5ce3ff75,,,,,
0,0,0.1437225341796875,0,5a810506554299260e20a202,,,,,
0,0,0.39268064498901367,0,5ab5279d5542996a3a96a03f,,,,,
0,0.08,0.47348952293395996,0,5ae1cb04554299234fd042fd,,,,,
0,0,0.18713736534118652,0,5a90b3c65542990a984936b7,,,,,
0,0,0.1441202163696289,0,5a8dff3f5542995085b37370,,,,,
0,0.4,0.15379023551940918,0,5ab3fa095542992ade7c6f0a,,,,,
0,0,0.1154472827911377,0,5a76a8bb5542993569682c76,,,,,
0,0.25,0.19814395904541016,0,5ae1f2f3554299234fd0435a,,,,,
0,0.25,0.21017193794250488,0,5ab42f3c55429942dd415ebc,,,,,
0,0.15384615384615385,0.46839213371276855,0,5ab726415542993667793f52,,,,,
0,0.2857142857142857,0.3930225372314453,0,5a77767a55429967ab10519b,,,,,
0,0,0.2777080535888672,0,5a89f90a5542992e4fca84be,,,,,
0,0,0.4587843418121338,0,5ab48a7c5542991751b4d7ab,,,,,
0,0,0.14128661155700684,0,5a7e02b75542997cc2c474f3,,,,,
0,0,0.12186431884765625,0,5a773e3955429972597f14c9,,,,,
0,0,0.19734716415405273,0,5ae0036a55429942ec259bdf,,,,,
0,0.08695652173913045,0.5475456714630127,0,5a8bd4d65542997f31a41dd8,,,,,
0,0,0.652740478515625,0,5ab87fa255429934fafe6e00,,,,,
0,0,0.15427398681640625,0,5abeab375542990832d3a091,,,,,
1,1.0,0.1550006866455078,0,5a793f505542994bb9456fd1,,,,,
0,0,0.256366491317749,0,5a7d1d825542995ed0d165f5,,,,,
0,0,0.4868204593658447,0,5ae5be86554299546bf82f40,,,,,
0,0,0.31838130950927734,0,5a8208ee5542990a1d231f1e,,,,,
0,0,0.13660979270935059,0,5ab73b2e5542993667793f9b,,,,,
0,0,0.2654266357421875,0,5adc8d4f554299473435373d,,,,,
0,0,0.14485931396484375,0,5abac27855429966062415ff,,,,,
0,0,0.14063453674316406,0,5ae4869755429970de88d99a,,,,,
0,0,0.2651546001434326,0,5ae202f2554299234fd0438d,,,,,
0,0.11764705882352941,0.38265085220336914,0,5a84c6df5542997b5ce3ff61,,,,,
0,0,0.13627028465270996,0,5ac292175542996366519a14,,,,,
0,0,0.46503329277038574,0,5a77a4fd5542997042120abc,,,,,
0,0,0.10094571113586426,0,5a85fb5e5542994775f606df,,,,,
0,0.19999999999999998,0.24570751190185547,0,5a908aaa55429933b8a20545,,,,,
0,0.5,0.3147585391998291,0,5ae74fb95542991e8301cc57,,,,,
0,0,0.12355422973632812,0,5ae7b271554299540e5a564d,,,,,
0,0,0.12680816650390625,0,5ab514dc5542990594ba9cfa,,,,,
0,0,0.11440300941467285,0,5abb93275542993f40c73b3c,,,,,
0,0,0.33892369270324707,0,5ac02835554299294b218f2e,,,,,
0,0.13333333333333336,0.3913846015930176,0,5ae5df84554299546bf82fa8,,,,,
0,0.3333333333333333,0.17174649238586426,0,5ae7db435542993210983f9a,,,,,
0,0,0.11585354804992676,0,5a7c827e55429907fabeefa7,,,,,
0,0.4444444444444445,0.18249821662902832,0,5a7d2c8d5542995ed0d16624,,,,,
0,0,0.24001026153564453,0,5ac017945542997d642959bc,,,,,
0,1.0,0.14719104766845703,0,5a739d8755429978a71e9048,,,,,
0,0,0.28064560890197754,0,5ac300905542996773102682,,,,,
0,0,0.10648655891418457,0,5a713b325542994082a3e6b5,,,,,
0,0,0.2702937126159668,0,5a808c215542995d8a8ddf90,,,,,
1,1.0,0.12178850173950195,0,5a81028b55429938b614228a,,,,,
0,0,0.3160398006439209,0,5a860642554299211dda2a3e,,,,,
0,0,0.3001081943511963,0,5a90362f55429933b8a2049d,,,,,
0,0,0.6161119937896729,0,5a829a7055429966c78a6a66,,,,,
0,0.3333333333333333,0.16587305068969727,0,5a7fd7a25542992e7d278dc3,,,,,
0,0,0.13828659057617188,0,5a716f575542994082a3e82f,,,,,
0,0,0.3090062141418457,0,5a8ec6fd55429917b4a5bdc1,,,,,
0,0,0.3111560344696045,0,5a7f7ca25542994857a76747,,,,,
0,0,0.1344151496887207,0,5ab5c263554299488d4d9a18,,,,,
0,0,0.18918275833129883,0,5ac19ff35542991316484b61,,,,,
0,0,0.1889941692352295,0,5a7570a65542996c70cfaefd,,,,,
0,0,0.36596250534057617,0,5a8a57fe55429930ff3c0da0,,,,,
0,0,0.11281800270080566,0,5ac3ade05542995ef918c1e3,,,,,
0,0.8,0.12516283988952637,0,5a7f2d3e5542993067513675,,,,,
0,0,0.21357965469360352,0,5a7723ce55429966f1a36c9f,,,,,
0,0,0.29489564895629883,0,5ab21c3b554299722f9b4cb4,,,,,
0,0,0.44876670837402344,0,5ab492155542991779162ce3,,,,,
0,0,0.34046244621276855,0,5a7568805542992db9473658,,,,,
0,0,0.1434180736541748,0,5ae67fba5542996d980e7b9a,,,,,
0,0.16666666666666666,0.41481947898864746,0,5adc905e5542994d58a2f662,,,,,
0,0,0.2830369472503662,0,5abe49765542991f6610611f,,,,,
0,0.5454545454545454,0.1896982192993164,0,5ab8494d55429916710eb016,,,,,
0,0,0.44483280181884766,0,5a74872655429979e2882978,,,,,
0,0,0.1846764087677002,0,5a79b525554299029c4b5f67,,,,,
0,0.2,0.2868075370788574,0,5ae7940c55429952e35ea984,,,,,
0,0,0.3365485668182373,0,5a8712095542991e771816af,,,,,
0,0,0.35043931007385254,0,5ac38c0755429939154137bb,,,,,
0,0,0.25076913833618164,0,5ab529005542996a3a96a045,,,,,
0,0,0.5451183319091797,0,5a8787305542996e4f30882d,,,,,
0,0,0.3779468536376953,0,5a894bea55429946c8d6e910,,,,,
0,0.07407407407407407,0.5124266147613525,0,5a7b1c745542992d025e6777,,,,,
0,0,0.18880105018615723,0,5a79b495554299148911fa3b,,,,,
0,0.3157894736842105,0.3783886432647705,0,5aba3e3355429901930fa78c,,,,,
0,0.1111111111111111,0.32755136489868164,0,5a8307c055429966c78a6af9,,,,,
1,1.0,0.13498926162719727,0,5abbb116554299642a094b1d,,,,,
0,0,0.5076644420623779,0,5aba52e655429939ce03dc94,,,,,
0,0,0.2967641353607178,0,5a7a3edd5542990783324ed9,,,,,
0,0,0.25301146507263184,0,5a870a8e55429960ec39b707,,,,,
0,0,0.12223505973815918,0,5ab736a65542992aa3b8c7db,,,,,
0,0.18181818181818182,0.2821946144104004,0,5ae3ff2d5542995dadf242a9,,,,,
0,0,0.3386955261230469,0,5ae5415055429908b63265b7,,,,,
0,0,0.31714653968811035,0,5ac413ca5542997ea680c9e9,,,,,
0,0,0.4205281734466553,0,5a7322165542994cef4bc470,,,,,
0,0,0.21755623817443848,0,5a828a7b55429954d2e2eb69,,,,,
1,1.0,0.1299276351928711,0,5ab2421555429970612095cc,,,,,
0,0.3333333333333333,0.17498445510864258,0,5ab28a87554299449642c8ec,,,,,
0,0,0.5959546566009521,0,5a85f5115542991dd0999ed9,,,,,
0,0,0.3976726531982422,0,5a73677455429901807db030,,,,,
0,0.2222222222222222,0.22350788116455078,0,5a7380e055429908901be2d6,,,,,
0,0.06060606060606061,0.644322395324707,0,5a7a10755542996a35c170b1,,,,,
0,0,0.4711339473724365,0,5abce85755429959677d6b3e,,,,,
0,0.14285714285714288,0.32387375831604004,0,5a807ceb554299485f598616,,,,,
1,1.0,0.1435837745666504,0,5a77137455429972597f142a,,,,,
0,0,0.11864066123962402,0,5ae3368b5542991a06ce995b,,,,,
0,0.11764705882352941,0.35132789611816406,0,5a84b6ed5542994c784dda18,,,,,
0,0,0.14109444618225098,0,5adccdab5542994d58a2f6db,,,,,
0,0,0.4488835334777832,0,5a8ac4dd5542992d82986f76,,,,,
0,0.22222222222222224,0.1993398666381836,0,5a79d8ec5542996c55b2dc7e,,,,,
0,0,0.6942870616912842,0,5ab2f88755429976abd1bbe0,,,,,
0,0.19999999999999998,0.25656580924987793,0,5ae610e55542995703ce8ae1,,,,,
0,0,0.1518232822418213,0,5abbfbcf55429965836003cf,,,,,
0,0.5,0.11387372016906738,0,5a736f7c5542991f29ee2e18,,,,,
0,0.14285714285714288,0.24320411682128906,0,5a727ca45542994cef4bc2d8,,,,,
0,0,1.5573933124542236,0,5a7587705542992db9473674,,,,,
0,0,0.10741829872131348,0,5ab915ad55429919ba4e239c,,,,,
0,0,0.13329219818115234,0,5a9080275542995651fb5175,,,,,
0,0,0.15923070907592773,0,5a778b345542992a6e59decf,,,,,
0,0,0.12430548667907715,0,5ac3b9c5554299657fa2911b,,,,,
0,0,0.3899505138397217,0,5ab2d3c5554299295394687a,,,,,
0,0,0.2347724437713623,0,5a81a2705542990a1d231e30,,,,,
0,0,0.2144148349761963,0,5a7dbc175542995ed0d1666b,,,,,
0,0,0.35491275787353516,0,5a84a5dc5542992a431d1a82,,,,,
0,0,0.11138558387756348,0,5ab3357d554299166977419d,,,,,
0,0.4444444444444445,0.24150300025939941,0,5abd4c6d5542993062266c47,,,,,
0,0.33333333333333337,0.19110703468322754,0,5ae1af14554299234fd042c4,,,,,
0,0,0.11872148513793945,0,5a88f7855542993b751ca8da,,,,,
0,0,0.3137705326080322,0,5adf0e7c5542992d7e9f9297,,,,,
0,0,0.13830232620239258,0,5a77d2d25542992a6e59dfe2,,,,,
0,0,0.2037346363067627,0,5a7c90125542990527d554d1,,,,,
0,0,0.18276262283325195,0,5adefcf15542995ec70e8f4c,,,,,
0,0,0.3262667655944824,0,5a73f4f75542993a88ae2ebc,,,,,
0,0,0.33782076835632324,0,5ae1e8ab5542997283cd22ca,,,,,
0,0.15384615384615385,0.3573720455169678,0,5ae1408a55429901ffe4ae2a,,,,,
0,0.3076923076923077,0.24839210510253906,0,5a7b23d355429931da12c9f1,,,,,
0,0,0.1959972381591797,0,5a81adfc55429903bc27b9a4,,,,,
0,0.6666666666666665,0.21117901802062988,0,5a7716ee55429937353601cc,,,,,
0,0,0.1336214542388916,0,5a8fa20555429918e830d298,,,,,
0,0.24000000000000002,0.41588711738586426,0,5ae095f055429924de1b7103,,,,,
0,0.0975609756097561,0.7523612976074219,0,5ab72a035542993667793f5c,,,,,
0,0,0.21114373207092285,0,5a8a09ff5542992d82986e6b,,,,,
0,0,0.12278389930725098,0,5ab822ef55429916710eafff,,,,,
0,0.36363636363636365,0.351940393447876,0,5abd724b55429924427fcfd9,,,,,
0,0,0.14804768562316895,0,5a8b7d7d5542997f31a41d4b,,,,,
0,0,0.5951824188232422,0,5ae4be5c5542995ad6573e3a,,,,,
0,0,0.4215512275695801,0,5add3acb5542990dbb2f7ddc,,,,,
0,0,0.13448762893676758,0,5abb23655542992ccd8e7f25,,,,,
1,1.0,0.1336076259613037,0,5ae4a0ca5542995ad6573dcb,,,,,
0,0.25000000000000006,0.30502915382385254,0,5ae535bc55429960a22e0260,,,,,
0,0,0.14777517318725586,0,5a8d9573554299068b959d51,,,,,
0,0,0.22901391983032227,0,5ade279e5542992fa25da6fa,,,,,
0,0,0.12998056411743164,0,5a7f19eb55429934daa2fcdb,,,,,
0,0,0.4809911251068115,0,5ade3af855429939a52fe867,,,,,
0,0,0.22799062728881836,0,5adfecd755429942ec259b90,,,,,
0,0,0.20424342155456543,0,5a7fc5875542992e7d278d67,,,,,
0,0,0.3786129951477051,0,5ab428915542991751b4d6b2,,,,,
1,1.0,0.13950777053833008,0,5ae71f06554299572ea54708,,,,,
0,0,0.34482264518737793,0,5ae12aa6554299422ee99617,,,,,
1,1.0,0.12792372703552246,0,5a89a82c5542993b751ca973,,,,,
0,0,0.47324109077453613,0,5a829c1d55429966c78a6a67,,,,,
0,0.5,0.1456615924835205,0,5a7125165542994082a3e5d0,,,,,
0,0,0.34052515029907227,0,5a79ecd05542996c55b2dca1,,,,,
0,0.2,0.24400830268859863,0,5a8edb5c55429917b4a5bde9,,,,,
0,0,0.36760711669921875,0,5ac0cfb45542997d64295a58,,,,,
0,0,0.10564804077148438,0,5abcffc2554299700f9d7951,,,,,
0,0,0.26143884658813477,0,5ae634355542995703ce8b41,,,,,
0,0,0.271043062210083,0,5a832ad55542990548d0b1b5,,,,,
0,0.25,0.23139476776123047,0,5a903b7f55429933b8a204af,,,,,
0,0,0.15432476997375488,0,5a74b66a55429929fddd84cb,,,,,
0,0.28571428571428575,0.17440319061279297,0,5ac3aa3655429939154138a2,,,,,
0,0,0.11191439628601074,0,5a7471f655429979e2882955,,,,,
0,0.0909090909090909,0.48796844482421875,0,5ae628fd5542995703ce8b33,,,,,
0,0,0.1540675163269043,0,5ab2a1f35542997061209677,,,,,
0,0,0.477949857711792,0,5a84edf65542994c784dda8d,,,,,
1,1.0,0.11067056655883789,0,5a7ae2f2554299042af8f6aa,,,,,
0,0,0.3291206359863281,0,5adbcc085542996e6852523c,,,,,
0,0.22222222222222224,0.2121596336364746,0,5ae127c9554299422ee99612,,,,,
0,0,0.14279389381408691,0,5a7c17c95542990527d5544d,,,,,
0,0,0.1361379623413086,0,5ae4d2a55542990ba0bbb161,,,,,
0,0,0.4897034168243408,0,5ae200655542994d89d5b2f4,,,,,
0,0,0.16685867309570312,0,5a72ba1a5542992359bc318b,,,,,
0,0,0.1321570873260498,0,5ae489ab5542995ad6573d62,,,,,
0,0,0.37843847274780273,0,5a8563c05542997b5ce3fff4,,,,,
0,0.10526315789473684,0.41394853591918945,0,5ae3b1ba5542992f92d82343,,,,,
0,0,0.1252601146697998,0,5ab29426554299545a2cf99f,,,,,
0,0,0.3308603763580322,0,5a8d40715542994ba4e3dc3a,,,,,
0,0.14285714285714285,0.3190114498138428,0,5adfc35755429906c02daa30,,,,,
0,0,0.12970876693725586,0,5a7f7e3a5542992097ad2f89,,,,,
0,0,0.5277612209320068,0,5a86ea445542994775f60780,,,,,
0,0.1,0.4520294666290283,0,5ab56200554299494045ef88,,,,,
0,0,0.3329010009765625,0,5ae0380955429925eb1afc2e,,,,,
0,0,0.5858232975006104,0,5ab875bd55429916710eb062,,,,,
0,0.125,0.4287407398223877,0,5abfa0285542990832d3a171,,,,,
0,0,0.6509778499603271,0,5a7fb23f5542994857a767be,,,,,
0,0.4,0.13166356086730957,0,5a7a34bf5542994f819ef151,,,,,
0,0,0.2973504066467285,0,5a77a3905542992a6e59df40,,,,,
0,0,0.35236167907714844,0,5ae3d6bd5542991a06ce9a2b,,,,,
0,0.5,0.13877367973327637,0,5a8b98665542995d1e6f1413,,,,,
0,0.125,0.32056260108947754,0,5a8bbddf5542997f31a41db2,,,,,
0,0.16666666666666669,0.31273984909057617,0,5a7e6df35542997cc2c47544,,,,,
0,0.125,0.3145136833190918,0,5ae2fffe55429928c423959c,,,,,
0,0.4,0.11505722999572754,0,5ae721885542996d980e7cba,,,,,
0,0,0.17981910705566406,0,5a77ca3955429967ab1052a3,,,,,
1,1.0,0.136918306350708,0,5ac0d1555542997d64295a5d,,,,,
0,0.07142857142857144,0.56062912940979,0,5ae685fd5542996d980e7bda,,,,,
0,0,0.14670538902282715,0,5ae141475542997b2ef7d185,,,,,
0,0.6153846153846153,0.21004748344421387,0,5a862974554299211dda2a95,,,,,
0,0,0.12013983726501465,0,5ab9b1fd5542996be202058e,,,,,
0,0,0.20332980155944824,0,5a8c78a8554299585d9e36bc,,,,,
0,0,0.17832589149475098,0,5a77769e5542997042120a65,,,,,
1,1.0,0.10579037666320801,0,5a78f59755429970f5fffdf8,,,,,
0,0,0.11975431442260742,0,5a7bb983554299042af8f7c1,,,,,
0,0.6666666666666666,0.1383378505706787,0,5abea98d5542990832d3a07d,,,,,
0,0,0.22539401054382324,0,5a86f204554299211dda2b60,,,,,
0,0.6666666666666666,0.10521268844604492,0,5ac1846d55429964131be20b,,,,,
0,0,0.4738767147064209,0,5a8eb63455429917b4a5bdb7,,,,,
0,0.0909090909090909,0.3810582160949707,0,5a8591715542994c784ddb27,,,,,
0,0,0.12194061279296875,0,5a84c6e65542994c784dda48,,,,,
0,0,0.1203911304473877,0,5abdb9775542993f32c2a01b,,,,,
0,0,0.21845555305480957,0,5a877df15542993e715abf7a,,,,,
0,0,0.18018007278442383,0,5a808f96554299485f598655,,,,,
0,0.6,0.22508573532104492,0,5a89df265542992e4fca840d,,,,,
0,0.3333333333333333,0.13345098495483398,0,5a7a73e45542996c55b2ddb6,,,,,
0,0,0.10500407218933105,0,5ae50eff55429908b6326500,,,,,
0,0.26666666666666666,0.32158708572387695,0,5ae16ea85542990adbacf790,,,,,
0,0,0.36485767364501953,0,5ae657d55542995703ce8b5b,,,,,
0,0,0.4496746063232422,0,5a8c42445542996e8ac88a3f,,,,,
0,0,0.10517716407775879,0,5a82a1ae55429954d2e2eb89,,,,,
0,0,0.11385917663574219,0,5add292b5542990d50227e0a,,,,,
0,0.09523809523809523,0.4893186092376709,0,5a7cc9db55429907fabef036,,,,,
0,0.08333333333333333,0.3670647144317627,0,5a7b735c5542997c3ec9718a,,,,,
0,0,0.23589682579040527,0,5ac213805542992f1f2b37e7,,,,,
0,0,0.26522350311279297,0,5ae72c7d5542991e8301cb91,,,,,
0,0.35294117647058826,0.5842704772949219,0,5a711bb55542994082a3e597,,,,,
0,0,0.4882326126098633,0,5ae684925542995703ce8b71,,,,,
0,0.10256410256410257,0.7180502414703369,0,5a7283355542991f9a20c4b1,,,,,
0,0,0.29546141624450684,0,5a7557d75542992d0ec05f68,,,,,
0,0,0.3033409118652344,0,5a75227955429929fddd8508,,,,,
0,0,0.15444326400756836,0,5abc0e095542996583600417,,,,,
0,0,0.3612375259399414,0,5a8e00515542995a26add454,,,,,
0,0,0.1414644718170166,0,5ae75c395542991bbc9761f7,,,,,
0,0,0.14376497268676758,0,5ae43d7f5542996836b02c59,,,,,
0,0.22222222222222224,0.2202291488647461,0,5a8ccceb554299653c1aa128,,,,,
0,0.16666666666666666,0.3294203281402588,0,5adf95745542995534e8c7f8,,,,,
0,0.14285714285714288,0.33174753189086914,0,5ac473e4554299204fd21f54,,,,,
0,0,0.38001585006713867,0,5ae1f3df554299234fd04364,,,,,
0,0,0.35936903953552246,0,5ade86b255429939a52fe8e0,,,,,
0,0,0.321735143661499,0,5ab48bab5542991779162cd3,,,,,
0,0,0.18106365203857422,0,5a7458ff55429979e2882918,,,,,
0,0,0.14173436164855957,0,5a8ea03e5542990e94052b81,,,,,
0,0,0.4115564823150635,0,5ae1e22a5542997f29b3c160,,,,,
0,0.25,0.40524888038635254,0,5abe364e5542993f32c2a08e,,,,,
0,0.2,0.19510149955749512,0,5a8f44135542992414482a24,,,,,
0,0.5714285714285715,0.13862037658691406,0,5a7a1e635542990783324e69,,,,,
0,0,0.31627655029296875,0,5a752fb75542993748c897df,,,,,
0,0,0.37717342376708984,0,5a7793275542992a6e59df04,,,,,
0,0.2222222222222222,0.2156984806060791,0,5ae2b794554299495565db10,,,,,
0,0,0.8471770286560059,0,5a86e6f65542994775f6077c,,,,,
0,0,0.21306157112121582,0,5a77d4eb55429949eeb29f74,,,,,
0,0.1904761904761905,0.4688222408294678,0,5a8126265542995ce29dcbc9,,,,,
0,0.1,0.3970160484313965,0,5a8182e255429938b614234d,,,,,
0,0,0.4520432949066162,0,5ac27d2555429963665199dc,,,,,
0,0.375,0.2669711112976074,0,5adee8ff55429975fa854fb8,,,,,
1,1.0,0.14821839332580566,0,5a7730015542994aec3b7210,,,,,
0,0.10526315789473685,0.34563207626342773,0,5a8b45765542995d1e6f1333,,,,,
0,0,0.13487839698791504,0,5ae72a975542991e8301cb75,,,,,
0,0.6666666666666666,0.14776945114135742,0,5ade3e69554299728e26c68d,,,,,
0,0.2222222222222222,0.24309515953063965,0,5ae3d0bb5542990afbd1e1e5,,,,,
0,0,0.15476393699645996,0,5abfa0be5542990832d3a173,,,,,
0,0,0.13274669647216797,0,5a7ca98f55429935c91b5288,,,,,
0,0,0.3858957290649414,0,5a7776b955429967ab10519e,,,,,
0,0,0.11769437789916992,0,5a7b72e15542997c3ec97187,,,,,
0,0.09090909090909091,0.3748800754547119,0,5a7fb7985542994857a767d2,,,,,
0,0,0.34184741973876953,0,5ab56ed0554299637185c597,,,,,
0,0,0.11863398551940918,0,5ae09d6155429945ae9593d4,,,,,
0,0,0.3251676559448242,0,5ae2c6bf554299492dc91c6c,,,,,
0,0.2222222222222222,0.20288372039794922,0,5abdf68c5542993f32c2a06b,,,,,
0,0.10526315789473684,0.35391831398010254,0,5a7fe0b55542994857a76818,,,,,
0,0,0.2250199317932129,0,5adcad175542994ed6169bc3,,,,,
0,0,0.3420710563659668,0,5a7c220b5542990527d5545c,,,,,
0,0,0.3288307189941406,0,5ab96d405542996be20204de,,,,,
0,0,0.3458285331726074,0,5a7149cf5542994082a3e773,,,,,
0,0,0.42282795906066895,0,5a7616755542992d0ec06028,,,,,
0,0.125,0.33639097213745117,0,5ac1a9cc5542994ab5c67dc0,,,,,
0,0,0.11841559410095215,0,5ac45b23554299204fd21f31,,,,,
0,0,0.5464920997619629,0,5ab9560855429970cfb8ea73,,,,,
0,0,0.35382699966430664,0,5a84f06f5542994c784dda92,,,,,
0,0.6666666666666666,0.13549590110778809,0,5adf6a5c5542995ec70e8ff9,,,,,
0,0.1818181818181818,0.27963781356811523,0,5ac03b395542992a796decce,,,,,
0,0.1818181818181818,0.25196385383605957,0,5ab4071955429976abd1bd38,,,,,
0,0,0.17412567138671875,0,5a85cd295542997175ce202b,,,,,
0,0,0.14569711685180664,0,5a86ed6155429960ec39b6d9,,,,,
0,0,0.2505199909210205,0,5a90bb4e55429916514e7536,,,,,
0,0.08695652173913045,0.4265017509460449,0,5ac257fe55429951e9e68562,,,,,
0,0.3076923076923077,0.29312825202941895,0,5a90ba1b55429933b8a205c6,,,,,
0,0.2222222222222222,0.37938451766967773,0,5aba94e355429901930fa845,,,,,
0,0,0.2798573970794678,0,5ae1f2d4554299234fd04358,,,,,
0,0,0.2075192928314209,0,5a75462d5542996c70cfaed3,,,,,
0,0.30769230769230765,0.25168323516845703,0,5ae0ac1c5542993d6555ec07,,,,,
0,0,0.1196753978729248,0,5adc6f6255429947ff173961,,,,,
0,0.14285714285714288,0.30545496940612793,0,5a8756aa5542994846c1cd69,,,,,
0,0.19999999999999998,0.23483920097351074,0,5ab8736455429916710eb058,,,,,
0,0,0.14233613014221191,0,5ae0fe4e554299422ee995a9,,,,,
0,0,0.12570667266845703,0,5a878d795542993e715abf9d,,,,,
0,0,0.314802885055542,0,5a7781c955429949eeb29ea8,,,,,
0,0,0.10886812210083008,0,5a8d51355542994ba4e3dc6b,,,,,
0,0,0.165541410446167,0,5a70f6425542994082a3e44c,,,,,
0,0.13333333333333333,0.23477625846862793,0,5aba7e2c55429955dce3ee5a,,,,,
0,0,0.5317597389221191,0,5a7c651a55429935c91b5188,,,,,
0,0.3333333333333333,0.16210341453552246,0,5a81ca0d5542990a1d231ebb,,,,,
0,0.10526315789473685,0.29600095748901367,0,5a825da055429954d2e2eb17,,,,,
0,0.5714285714285715,0.20144343376159668,0,5a73630655429901807db020,,,,,
0,0.20689655172413793,0.5405116081237793,0,5a77aa095542995d83181260,,,,,
0,0,0.30059146881103516,0,5ab97cd0554299753720f81a,,,,,
0,0,0.14147090911865234,0,5a84de5f5542991dd0999e07,,,,,
0,0.15384615384615383,0.2405245304107666,0,5ae06ee755429945ae959352,,,,,
0,0,0.12333297729492188,0,5ab84bab55429934fafe6d49,,,,,
0,0,0.331024169921875,0,5ae6793e5542991bbc9760e2,,,,,
0,0,0.3501925468444824,0,5a81418455429903bc27b95f,,,,,
0,0.25,0.31241583824157715,0,5adc872b5542994d58a2f62f,,,,,
0,0,0.14571714401245117,0,5ae81b895542997ec272770c,,,,,
0,0,0.13611483573913574,0,5a7e910a554299306751357f,,,,,
0,0.15384615384615385,0.31204652786254883,0,5a8f75e6554299458435d635,,,,,
0,0.5714285714285715,0.17968225479125977,0,5a7e040f5542990b8f503b13,,,,,
0,0,0.13976073265075684,0,5addb1515542995b365fab60,,,,,
0,0.22222222222222224,0.16718482971191406,0,5ab80bbf5542991d32223818,,,,,
0,0.4,0.40391993522644043,0,5a848a685542997b5ce3feae,,,,,
0,0.14285714285714285,0.5319361686706543,0,5ab6238e554299710c8d1e6d,,,,,
0,0,0.32860708236694336,0,5ab92307554299753720f72d,,,,,
0,0.10526315789473684,0.4172539710998535,0,5abba3b1554299642a094aed,,,,,
0,0,0.13083600997924805,0,5a8173fa554299260e20a28e,,,,,
0,0,0.3466944694519043,0,5a8caf1d554299585d9e3720,,,,,
0,0,0.3849828243255615,0,5ac132a755429964131be17c,,,,,
0,0,0.3419351577758789,0,5ae675245542991bbc9760dc,,,,,
0,0,0.15178871154785156,0,5a80b0565542996402f6a5f0,,,,,
0,0.33333333333333337,0.19403481483459473,0,5adde3a45542997545bbbdc2,,,,,
0,0,0.5517408847808838,0,5ac26b7f55429951e9e685ae,,,,,
0,0.25,0.2158818244934082,0,5adf39295542992d7e9f92df,,,,,
0,0,0.25130796432495117,0,5abc19705542993a06baf86e,,,,,
0,0,0.12544035911560059,0,5ae6914755429908198fa627,,,,,
0,0.6666666666666666,0.14178895950317383,0,5adc9b7a5542994d58a2f679,,,,,
0,0,0.13482952117919922,0,5a721dfd55429971e9dc928b,,,,,
0,0.07692307692307691,0.47072529792785645,0,5a8b50475542997f31a41cd4,,,,,
0,0.4285714285714285,0.2696874141693115,0,5a860aa6554299211dda2a45,,,,,
0,0.16666666666666669,0.25975918769836426,0,5ae4585c5542996836b02c89,,,,,
0,0.11764705882352941,0.32909345626831055,0,5adfcb5455429906c02daa48,,,,,
1,1.0,0.12772464752197266,0,5a77a41a5542997042120ab9,,,,,
0,0,0.26796936988830566,0,5a8759395542994775f607e0,,,,,
0,0,0.14194440841674805,0,5a84992e5542992a431d1a6d,,,,,
0,0.18181818181818182,0.2913644313812256,0,5ac1bce45542994ab5c67def,,,,,
0,0,0.27138733863830566,0,5ac0641f554299294b218fbe,,,,,
0,0.25,0.2257533073425293,0,5a87954f5542996e4f308856,,,,,
0,0,0.11615920066833496,0,5a8bc03d5542996e8ac88a0b,,,,,
0,0.16,0.6903262138366699,0,5ab8869155429916710eb081,,,,,
0,0,0.2426900863647461,0,5adde17f5542992200553b87,,,,,
0,0.27272727272727276,0.4276106357574463,0,5a776ac75542993569682d9b,,,,,
0,0.125,0.2621164321899414,0,5ae70ed7554299572ea546a1,,,,,
0,0,0.43391895294189453,0,5ae1fbf05542997f29b3c1e7,,,,,
0,0,0.15813755989074707,0,5ac1c9a15542994ab5c67e1c,,,,,
0,0,0.3381164073944092,0,5a77c8905542995d831812ce,,,,,
0,0,0.4857022762298584,0,5a89f68f5542992e4fca84b6,,,,,
0,0,0.31984519958496094,0,5a7f62405542992e7d278cf0,,,,,
0,0,0.14668583869934082,0,5a7ca4485542990527d554f1,,,,,
0,0,0.1320812702178955,0,5a8347d65542996488c2e3f6,,,,,
0,0,0.21244382858276367,0,5ab8634e5542990e739ec8de,,,,,
0,0,0.11719274520874023,0,5ab85e9e55429934fafe6d8b,,,,,
0,0,0.44735026359558105,0,5a79c9c05542994bb94570a5,,,,,
0,0,0.15369701385498047,0,5a8c616f5542995e66a475de,,,,,
0,0,0.22071599960327148,0,5ab90fdd55429916710eb0fc,,,,,
0,0.2,0.3674004077911377,0,5abe7f695542993f32c2a12d,,,,,
0,0,0.21117639541625977,0,5abeb0da5542997ec76fd34b,,,,,
0,0.2222222222222222,0.46356940269470215,0,5a7521c55542993748c897c6,,,,,
0,0,0.1447131633758545,0,5adfda5255429942ec259b5e,,,,,
0,0,0.3716468811035156,0,5abaeda95542992ccd8e7e5d,,,,,
0,0,0.4581570625305176,0,5ae68e0055429908198fa607,,,,,
0,0,0.23475098609924316,0,5a7577785542992d0ec05fa0,,,,,
0,0,0.11243176460266113,0,5a7d147955429909bec76942,,,,,
0,0,0.1430363655090332,0,5a83a2a15542993344746063,,,,,
0,0,0.27553343772888184,0,5ac079e9554299294b218fff,,,,,
0,0,0.14116120338439941,0,5adca8375542990d50227cd4,,,,,
0,0,0.3387284278869629,0,5add4f3a5542997545bbbd2c,,,,,
0,0.1111111111111111,0.40369081497192383,0,5ae26cb15542994d89d5b421,,,,,
0,0,0.30324506759643555,0,5a73cad5554299623ed4ac5e,,,,,
0,0.10526315789473685,0.2885599136352539,0,5ae0d5335542990adbacf674,,,,,
0,0.18181818181818182,0.24433135986328125,0,5ab344fc55429969a97a811e,,,,,
0,0,0.3302276134490967,0,5ae1319c55429920d5234301,,,,,
0,0,0.12965631484985352,0,5abee41a5542993fe9a41d79,,,,,
0,0,0.11825704574584961,0,5a7daad55542995f4f4022b7,,,,,
0,0.4,0.12350940704345703,0,5a8ff6635542995651fb5086,,,,,
0,0,0.13880467414855957,0,5ae3c0cc5542992f92d82369,,,,,
0,0,0.3438749313354492,0,5a8485fa5542992a431d1a41,,,,,
0,0.125,0.3256971836090088,0,5ae1389655429901ffe4ae05,,,,,
0,0.0909090909090909,0.43514013290405273,0,5a7b73ad5542997c3ec9718c,,,,,
0,0,0.46927976608276367,0,5a7a68d25542996c55b2dd98,,,,,
0,0,0.3810157775878906,0,5ae2bb545542992decbdcd88,,,,,
0,0.2222222222222222,0.23292040824890137,0,5a8f47a55542997ba9cb3219,,,,,
1,1.0,0.13750147819519043,0,5ab1ebff5542993be8fa9882,,,,,
0,0.06896551724137931,0.4407079219818115,0,5a7fd7305542992e7d278dc2,,,,,
0,0,0.3352046012878418,0,5abb8aaf5542993f40c73b1c,,,,,
0,0,0.11272764205932617,0,5abba584554299642a094afa,,,,,
0,0,0.15032362937927246,0,5a804510554299485f5985af,,,,,
0,0.3333333333333333,0.16104722023010254,0,5abb11c15542992ccd8e7ef8,,,,,
0,0.4,0.16158199310302734,0,5ae376a35542990afbd1e163,,,,,
0,0.05714285714285715,0.7515168190002441,0,5adc5b875542996e68525328,,,,,
0,0,0.12147641181945801,0,5ae6b6065542991bbc976168,,,,,
0,0.5714285714285715,0.1822957992553711,0,5a79d2fe5542994f819ef0c3,,,,,
0,0,0.27808451652526855,0,5ab38cdd5542992ade7c6de2,,,,,
0,0,0.1984233856201172,0,5ae73d235542991e8301cc29,,,,,
0,0,0.33669304847717285,0,5a7a33205542996a35c1712f,,,,,
0,0,0.29400038719177246,0,5a799dfb5542994bb9457029,,,,,
1,1.0,0.10423970222473145,0,5a71095e5542994082a3e4f3,,,,,
0,0,0.1806027889251709,0,5aba77be55429955dce3ee44,,,,,
0,0.13333333333333336,0.34199047088623047,0,5a8af94455429971feec45b6,,,,,
0,0.1111111111111111,0.31000566482543945,0,5abcedb355429959677d6b4f,,,,,
0,0,0.3095571994781494,0,5a713dcb5542994082a3e6d9,,,,,
0,0,0.13866043090820312,0,5ae383e15542992f92d822fb,,,,,
0,0,0.32378530502319336,0,5a85df525542994c784ddb9f,,,,,
0,0,0.1194772720336914,0,5a9030ef5542995651fb50e4,,,,,
0,0,0.12099790573120117,0,5a8a2d2155429930ff3c0cdc,,,,,
0,0,0.14764642715454102,0,5a88fa9e5542993b751ca8de,,,,,
0,0,0.26097655296325684,0,5ae7882b554299540e5a55dd,,,,,
1,1.0,0.12382960319519043,0,5a81dacc55429926c1cdada0,,,,,
0,0.06666666666666667,0.5324258804321289,0,5ab322b1554299194fa93570,,,,,
0,0.07142857142857142,0.5470037460327148,0,5a8a764555429930ff3c0de1,,,,,
0,0.19999999999999998,0.26099586486816406,0,5a8d93bf554299068b959d46,,,,,
0,0,0.5566537380218506,0,5abf04ae5542993fe9a41dbf,,,,,
0,0,0.11677837371826172,0,5ab55b0c554299488d4d995e,,,,,
0,0,0.2788209915161133,0,5ae4a1875542995ad6573dd2,,,,,
0,0.5,0.11888742446899414,0,5abae3205542996cc5e49edc,,,,,
0,0,0.39876222610473633,0,5ab5a4555542997d4ad1f19c,,,,,
0,0,0.2369527816772461,0,5abbd85a5542993f40c73be1,,,,,
0,0.16666666666666669,0.2662482261657715,0,5abe731255429965af743f0e,,,,,
0,0,0.24801969528198242,0,5a77bef05542992a6e59dfaf,,,,,
0,0,0.203294038772583,0,5a9064d05542990a9849360f,,,,,
0,0,0.24208807945251465,0,5a8c30f6554299240d9c20d1,,,,,
0,0,0.11778879165649414,0,5ae5ffbb5542996de7b71ad4,,,,,
0,0.16666666666666669,0.28414368629455566,0,5ae213de5542997283cd23b9,,,,,
0,0.5,0.26573944091796875,0,5a81cb2c5542990a1d231ec4,,,,,
1,1.0,0.1892871856689453,0,5a7605f85542994ccc91868d,,,,,
0,0,0.10678839683532715,0,5ae07b0155429945ae95935d,,,,,
0,0,0.37575793266296387,0,5abcf17655429959677d6b5c,,,,,
0,0.16666666666666666,0.5128436088562012,0,5ae1b1aa5542997283cd223f,,,,,
0,0,0.6012754440307617,0,5ab9587d55429970cfb8ea7e,,,,,
0,0,0.25324559211730957,0,5ab81cd955429916710eaff7,,,,,
0,0,0.12946248054504395,0,5a77a9df55429967ab10521c,,,,,
0,0.18181818181818182,0.27243614196777344,0,5a85a2845542997175ce1fe1,,,,,
1,1.0,0.11057233810424805,0,5a800ca555429969796c1bac,,,,,
0,0.11764705882352941,0.3480651378631592,0,5a73c958554299623ed4ac5c,,,,,
0,0,0.14594602584838867,0,5ae528ed5542993aec5ec16e,,,,,
0,0.19999999999999998,0.25589966773986816,0,5a8aee2c55429970aeb70338,,,,,
0,0,0.37755441665649414,0,5ae7ef625542994a481bbe40,,,,,
0,0,0.38286900520324707,0,5ae2cda55542992decbdcdb7,,,,,
0,1.0,0.13097071647644043,0,5a7af1a955429931da12c98f,,,,,
0,0,0.14244794845581055,0,5a8b017155429949d91db463,,,,,
0,0,0.3437180519104004,0,5abe535055429976d4830aea,,,,,
0,0.09090909090909091,0.4207794666290283,0,5ae3f2d25542995ad6573ccc,,,,,
0,0,0.33646202087402344,0,5a74122f55429929fddd83da,,,,,
0,0.14285714285714288,0.3349587917327881,0,5ae803915542994a481bbe80,,,,,
0,0,0.26550769805908203,0,5a734e6d5542994cef4bc528,,,,,
0,0,0.16252350807189941,0,5ae3bb0d5542992f92d82357,,,,,
0,0,0.35695314407348633,0,5a7624b85542992db947372c,,,,,
0,0,0.3140137195587158,0,5a8091515542996402f6a563,,,,,
0,0.5714285714285715,0.15355205535888672,0,5a7a1b165542996c55b2dd10,,,,,
0,0,0.17873382568359375,0,5ac38bf355429939154137ba,,,,,
0,0,0.48555660247802734,0,5a7502715542996c70cfae74,,,,,
0,0,0.18299317359924316,0,5a724ba25542990c210a40c7,,,,,
0,0,0.21892833709716797,0,5abd0b6b5542996e802b46b4,,,,,
0,0,0.13899898529052734,0,5ac00f795542996f0d89cb16,,,,,
0,0.3333333333333333,0.14718127250671387,0,5ac3af895542995ef918c1f0,,,,,
0,0,0.48972129821777344,0,5ac3bab155429939154138fb,,,,,
0,0.3333333333333333,0.1641995906829834,0,5ab1f13e554299449642c81c,,,,,
0,0,0.15875005722045898,0,5a7652435542992d0ec060a5,,,,,
0,0.4,0.19794249534606934,0,5ade881f5542992fa25da7af,,,,,
0,0,0.1581556797027588,0,5a83e98e5542992ef85e2387,,,,,
0,0.125,0.3569204807281494,0,5a7b60605542995eb53be931,,,,,
0,0,0.16574549674987793,0,5a8df1a65542995085b3735f,,,,,
0,0.4444444444444445,0.16119718551635742,0,5a7e0c045542995f4f4023c5,,,,,
0,0.4,0.1797471046447754,0,5a81711455429938b614233e,,,,,
0,0,0.11639142036437988,0,5ac275f155429921a00aaf82,,,,,
0,0,0.15888690948486328,0,5a7ed5af5542994959419a84,,,,,
0,0.4,0.1573491096496582,0,5a83ed9b55429933447460b8,,,,,
0,0.5,0.13539671897888184,0,5ae648b955429929b0807b1d,,,,,
0,0,0.13029217720031738,0,5a8f24cc55429924144829e7,,,,,
0,0,0.2637312412261963,0,5addda9b5542992200553b5b,,,,,
0,0,0.2604379653930664,0,5a77c4fe55429967ab10527b,,,,,
0,0,0.16584205627441406,0,5adce36e5542990d50227d55,,,,,
0,0.12500000000000003,0.34876036643981934,0,5a8f155e554299458435d54c,,,,,
0,0,0.8971209526062012,0,5ac532335542994611c8b41c,,,,,
0,0,0.5901212692260742,0,5a77ba6c55429967ab10524c,,,,,
0,0,0.14641547203063965,0,5ac3b0885542995ef918c1f8,,,,,
0,0,0.2803936004638672,0,5ab6006a554299110f2199b5,,,,,
0,0,0.469465970993042,0,5ab53ad6554299488d4d9917,,,,,
0,0,0.2391955852508545,0,5a844fd35542990548d0b274,,,,,
0,0,0.2241225242614746,0,5ab2d1c45542992953946877,,,,,
0,0,0.27359557151794434,0,5a71674f5542994082a3e819,,,,,
0,0,0.2483375072479248,0,5a8f38fa55429924144829f5,,,,,
0,0,0.45725584030151367,0,5a7a651b5542990783324f40,,,,,
0,0.8,0.12826275825500488,0,5a76a0005542993569682c64,,,,,
0,0,0.11505746841430664,0,5a8747915542994775f607bb,,,,,
0,0,0.22816753387451172,0,5ae66b055542995703ce8b61,,,,,
0,0,0.1949605941772461,0,5ab5dc44554299494045f089,,,,,
0,0,0.15658807754516602,0,5ae0d9c555429924de1b719a,,,,,
0,0.13333333333333333,0.3101332187652588,0,5a7ec95b55429934daa2fc67,,,,,
0,0,0.1237020492553711,0,5ac4ec9955429924173fb4da,,,,,
0,0.33333333333333337,0.17960739135742188,0,5ac097b05542996f0d89cc18,,,,,
0,0,0.1603546142578125,0,5ac270025542990b17b15390,,,,,
0,0,0.28423404693603516,0,5a863d2d5542991e771815d2,,,,,
0,0.08695652173913045,0.44568538665771484,0,5ab1e76c554299449642c800,,,,,
0,0,0.2633395195007324,0,5a8a9bc15542996c9b8d5f36,,,,,
0,0.06666666666666667,0.6162562370300293,0,5a84f5195542994c784dda9d,,,,,
0,0.33333333333333337,0.32555270195007324,0,5a8b515e55429971feec46bb,,,,,
0,0.08,0.5200464725494385,0,5ab44ab25542991779162c58,,,,,
0,0,0.3546028137207031,0,5ab701395542991d3222373a,,,,,
0,0,0.42212414741516113,0,5ae5305b5542990ba0bbb1f5,,,,,
0,0.4444444444444444,0.19286251068115234,0,5ae0b60655429945ae959437,,,,,
0,0,0.19976544380187988,0,5a8fc0065542997ba9cb3318,,,,,
0,0,0.2832214832305908,0,5ac036b95542992a796deccd,,,,,
0,0,0.23485445976257324,0,5ac1a2f755429964131be258,,,,,
0,0.15384615384615385,0.3489365577697754,0,5ac41379554299204fd21ef1,,,,,
0,0,0.3187386989593506,0,5ac2ba4855429921a00ab048,,,,,
0,0,0.26360440254211426,0,5a7119f75542994082a3e58e,,,,,
0,0,0.2502553462982178,0,5ac55c135542993e66e82345,,,,,
0,0,0.14856457710266113,0,5ae7fde25542994a481bbe66,,,,,
0,0.5,0.12298774719238281,0,5ac54ca45542993e66e822d5,,,,,
0,0,0.13923096656799316,0,5a8da1815542994ba4e3dcd7,,,,,
0,0,0.3808746337890625,0,5ae2075f5542994d89d5b315,,,,,
0,0,0.24860453605651855,0,5abe953b5542993f32c2a170,,,,,
0,0.16666666666666669,0.23955345153808594,0,5abff0645542994516f45539,,,,,
0,0,0.15104436874389648,0,5a7199725542994082a3e88f,,,,,
0,0,0.1498854160308838,0,5abbd7985542992ccd8e7fb8,,,,,
0,0,0.12881064414978027,0,5a80ae105542992bc0c4a7a2,,,,,
0,0.18181818181818182,0.2639734745025635,0,5ab9cfb455429970cfb8ebae,,,,,
0,0.4,0.15535640716552734,0,5ae4c01e55429913cc2044f3,,,,,
0,0,0.29497241973876953,0,5ae7922f5542994a481bbdac,,,,,
0,0,0.37359166145324707,0,5ac2f1d1554299218029dba4,,,,,
0,0,0.27402734756469727,0,5ac09da45542996f0d89cc1d,,,,,
0,0,0.13904547691345215,0,5ab42d5755429942dd415eaf,,,,,
0,0.4,0.25961899757385254,0,5ae5d7b755429929b08079cd,,,,,
0,0.2222222222222222,0.23057222366333008,0,5a8198565542995ce29dcc13,,,,,
0,0,0.36174702644348145,0,5ac3271e554299218029dbd3,,,,,
0,0,0.10910534858703613,0,5a8baf775542996e8ac889c8,,,,,
0,0.42857142857142855,0.2835962772369385,0,5abbdb195542993f40c73bf1,,,,,
0,0,0.12063789367675781,0,5ac46cb85542991943173987,,,,,
0,0,0.2451796531677246,0,5ab69e8755429954757d3334,,,,,
0,0,0.13272404670715332,0,5adfd22255429906c02daa4f,,,,,
0,0,0.33666276931762695,0,5add2b435542990d50227e11,,,,,
0,0.04545454545454545,0.952930212020874,0,5a8d0d7b55429941ae14df79,,,,,
0,0,0.6695737838745117,0,5a874e9b554299211dda2bd3,,,,,
0,0,0.15212798118591309,0,5a7c3178554299683c1c62e1,,,,,
0,0,0.48278307914733887,0,5a8ee6145542990e94052bab,,,,,
0,0.1818181818181818,0.2453460693359375,0,5a8b7e9c5542995d1e6f13c1,,,,,
0,0,0.4338839054107666,0,5ae020f5554299025d62a41b,,,,,
0,0,0.1165018081665039,0,5a7cc28f554299452d57ba1c,,,,,
0,0,0.18473124504089355,0,5a7e08305542995f4f4023ab,,,,,
0,0,0.2086632251739502,0,5adf0ae45542992d7e9f9286,,,,,
0,0,0.15259528160095215,0,5a82efe355429966c78a6aa1,,,,,
0,0,0.26586079597473145,0,5a86204d5542994775f60709,,,,,
0,0.09523809523809523,0.45274782180786133,0,5ab930655542991b5579f12a,,,,,
0,0,0.31740570068359375,0,5abc32cb55429959677d6a40,,,,,
0,0,0.55059814453125,0,5a8dee2455429917b4a5bce1,,,,,
1,1.0,0.13811588287353516,0,5a75e7b255429976ec32bc95,,,,,
1,1.0,0.10539436340332031,0,5a8c8502554299585d9e36d0,,,,,
0,0.058823529411764705,0.5431709289550781,0,5ae3de615542992f92d823a5,,,,,
0,0.1,0.38756632804870605,0,5abee75f5542993fe9a41d8e,,,,,
0,0.15384615384615385,0.47345972061157227,0,5a8f73455542997ba9cb3269,,,,,
0,0,0.4636843204498291,0,5a7a9b9a5542990198eaf160,,,,,
0,0,0.16156959533691406,0,5ab66b63554299110f219a0a,,,,,
0,0,0.37592220306396484,0,5ae457a95542996836b02c85,,,,,
0,0,0.4372382164001465,0,5ac1c73e55429964131be28a,,,,,
0,0,0.3616812229156494,0,5adef1b35542993a75d263af,,,,,
0,0,0.13536477088928223,0,5ab29956554299194fa9342d,,,,,
0,0.1111111111111111,0.340423583984375,0,5a7b1d3b5542992d025e677a,,,,,
0,0,0.24684929847717285,0,5ac373195542995ef918c199,,,,,
0,0,0.5134139060974121,0,5a7e052d5542995f4f40238e,,,,,
0,0,0.18740034103393555,0,5ac41850554299194317390b,,,,,
0,0,0.16489720344543457,0,5a8c06bb5542995e66a47530,,,,,
0,0,0.4516160488128662,0,5a8fc3b155429933b8a20454,,,,,
0,0,0.1719367504119873,0,5ab94acd554299743d22eac6,,,,,
0,0,0.37288546562194824,0,5ac1b1345542994ab5c67dd0,,,,,
0,0,0.37876415252685547,0,5ac3b04f55429939154138b7,,,,,
0,0,0.38553667068481445,0,5adf0cbd5542993a75d263e0,,,,,
0,0,0.17827415466308594,0,5ae3790f5542992e3233c415,,,,,
0,0,0.2955801486968994,0,5a7b820c5542997c3ec971d8,,,,,
0,0,0.12906646728515625,0,5a90b1a15542990a984936ab,,,,,
0,0,0.13010525703430176,0,5a7cdc1b55429907fabef04d,,,,,
0,0,0.10918879508972168,0,5a8e08d35542995085b37395,,,,,
0,0.5,0.14289140701293945,0,5a7a9a2255429941d65f26eb,,,,,
0,0,0.29233217239379883,0,5a87ee7b55429938390d3eb6,,,,,
1,1.0,0.10496187210083008,0,5a8ba92c554299240d9c2071,,,,,
0,0.26666666666666666,0.3270726203918457,0,5a8b036d55429971feec45fe,,,,,
0,0,0.2606773376464844,0,5adfed45554299603e4183c5,,,,,
0,0.14285714285714288,0.307267427444458,0,5adbf84555429947ff17387c,,,,,
0,0,0.12829971313476562,0,5ac2dfac554299657fa290b3,,,,,
0,0.5,0.1366884708404541,0,5ae0cddc55429945ae959459,,,,,
0,0,0.4101579189300537,0,5abb02fe554299232ef4a39f,,,,,
0,0,0.36810779571533203,0,5ac43d575542997ea680ca39,,,,,
0,0.2,0.27285289764404297,0,5a82817555429954d2e2eb5a,,,,,
0,0.08,0.43692922592163086,0,5adce0f455429947343537bd,,,,,
0,0,0.12526845932006836,0,5ac21bac5542991316484bf2,,,,,
1,1.0,0.12790822982788086,0,5a84fea85542994c784ddabf,,,,,
0,0,0.10304117202758789,0,5ae7690c5542995703ce8c22,,,,,
0,0,0.11691403388977051,0,5a7e7c725542991319bc94be,,,,,
0,0,0.1452791690826416,0,5a70f39c5542994082a3e429,,,,,
0,0,0.3411242961883545,0,5a8332815542993344745fe9,,,,,
0,0,0.14730334281921387,0,5adf227a5542992d7e9f92a6,,,,,
0,0,0.402177095413208,0,5ae6143f5542996de7b71b2d,,,,,
0,0.28571428571428575,0.3719193935394287,0,5ae6368a5542992ae0d16284,,,,,
0,0,0.12283492088317871,0,5ae759b25542991e8301cc6b,,,,,
0,0,0.47942066192626953,0,5ac4d2cd5542995c82c4ad73,,,,,
0,0,0.1779463291168213,0,5adf4b335542993a75d264a5,,,,,
0,0,0.37877869606018066,0,5a8b04df55429950cd6afc49,,,,,
0,0,0.11222720146179199,0,5ae7da705542993210983f96,,,,,
0,0,0.17003631591796875,0,5a8ec4875542995a26add508,,,,,
0,0,0.3643474578857422,0,5ae7d0675542994a481bbdf2,,,,,
0,0.1875,0.4809846878051758,0,5ab209ec554299722f9b4ca2,,,,,
0,0,0.37194085121154785,0,5a7a4a1d5542990198eaf108,,,,,
0,0,0.10339593887329102,0,5a7ce6bf55429909bec7686c,,,,,
0,0,0.37712860107421875,0,5a732aa055429901807daf9f,,,,,
0,0.5714285714285715,0.21407079696655273,0,5abec2ca5542997719eab5b9,,,,,
0,0,0.13667678833007812,0,5a7f3bcd55429930675136c3,,,,,
0,0.6666666666666666,0.1381239891052246,0,5ab3e577554299233954ffe3,,,,,
0,0,0.48622989654541016,0,5a90c8165542995651fb51ee,,,,,
0,0,0.16265392303466797,0,5ab27389554299722f9b4d2f,,,,,
0,0,0.12961721420288086,0,5abe19895542991f661060c2,,,,,
0,0.5,0.12178349494934082,0,5ab3c05d55429969a97a81aa,,,,,
0,0,0.4770488739013672,0,5ab9ccef55429955dce3ed86,,,,,
0,0,0.14585399627685547,0,5a72c6565542992359bc31a7,,,,,
0,0.36363636363636365,0.23987483978271484,0,5a72908f5542994cef4bc33b,,,,,
0,0,0.1277318000793457,0,5a73830d55429908901be2da,,,,,
0,0,0.13264679908752441,0,5a7982435542994bb945701f,,,,,
0,0,0.6577932834625244,0,5ae5c8cf554299546bf82f5f,,,,,
0,0,0.41941356658935547,0,5ae0132d55429925eb1afc00,,,,,
0,0.2222222222222222,0.28656768798828125,0,5adf9d135542995534e8c817,,,,,
0,0,0.2790794372558594,0,5abbc2245542992ccd8e7f8a,,,,,
0,0,0.24213314056396484,0,5a83c56d5542996488c2e4c3,,,,,
0,0.1,0.39594507217407227,0,5ab870ed55429934fafe6db9,,,,,
0,0,0.11754059791564941,0,5abb76fa5542992ccd8e7f48,,,,,
0,0.05714285714285715,0.704984188079834,0,5a7b55bc55429927d897bf98,,,,,
0,0.1,0.4900834560394287,0,5ae518ae5542993aec5ec13c,,,,,
0,0.6666666666666666,0.15665149688720703,0,5ac1c18855429964131be279,,,,,
0,0,0.367236852645874,0,5ac199955542994ab5c67d8c,,,,,
1,1.0,0.12017941474914551,0,5ae27f22554299495565da8d,,,,,
0,0,0.35434484481811523,0,5ac2680055429963665199a8,,,,,
0,0,0.2840385437011719,0,5ae351405542994393b9e67f,,,,,
0,0,0.1277005672454834,0,5ae1da385542997283cd2297,,,,,
0,0.18181818181818182,0.29052734375,0,5adc69ef554299438c868daf,,,,,
0,0,0.12676382064819336,0,5a7a954855429941d65f26cd,,,,,
0,0,0.27597784996032715,0,5ab9ddaa5542994dbf019873,,,,,
0,0.4,0.11030387878417969,0,5abbdd565542993f40c73bfb,,,,,
0,0,0.13545656204223633,0,5a8b544855429950cd6afcae,,,,,
0,0,0.26169300079345703,0,5aba480c55429939ce03dc77,,,,,
0,0.19999999999999998,0.264711856842041,0,5a8518a75542994c784ddaf7,,,,,
0,0,0.30100393295288086,0,5a81b43d5542995ce29dcc39,,,,,
0,0,0.8154304027557373,0,5a79e3925542994bb9457130,,,,,
0,0.19999999999999998,0.25434231758117676,0,5adbf34955429947ff173862,,,,,
0,0.5,0.16814351081848145,0,5ac5275755429924173fb617,,,,,
0,0,0.13034987449645996,0,5a77519c55429972597f14fa,,,,,
0,0,0.14838337898254395,0,5a7a05485542990783324def,,,,,
0,0.18181818181818182,0.25621771812438965,0,5ae3fd195542995dadf2428d,,,,,
0,0,0.37598419189453125,0,5ab3b2c4554299233954ff8a,,,,,
0,0,0.35944318771362305,0,5a74f7f15542993748c89765,,,,,
0,0,0.08941507339477539,0,5abaad5855429901930fa88f,,,,,
0,0,0.2008345127105713,0,5a770eb65542994aec3b71d4,,,,,
1,1.0,0.13234806060791016,0,5a7a845755429941d65f2684,,,,,
0,0,0.12272381782531738,0,5ab42b24554299753aec5a43,,,,,
0,0.33333333333333337,0.19228792190551758,0,5a8141cc55429938b6142316,,,,,
0,0,0.3408851623535156,0,5abdb8ba5542993f32c2a015,,,,,
0,0,0.11364889144897461,0,5ab90f5755429934fafe6e57,,,,,
1,1.0,0.17438340187072754,0,5a8492ab5542992a431d1a5b,,,,,
0,0.2,0.20081830024719238,0,5a83c3275542996488c2e4be,,,,,
0,0.5714285714285715,0.24808835983276367,0,5a8bde565542995d1e6f1454,,,,,
0,0.08695652173913045,0.36008667945861816,0,5ac249bd55429951e9e68528,,,,,
0,0,0.13227415084838867,0,5a80f4c2554299260e20a1da,,,,,
0,0,0.0935976505279541,0,5ae12fcf5542990adbacf72c,,,,,
0,0.23529411764705882,0.3421361446380615,0,5a898872554299669944a540,,,,,
1,1.0,0.11131882667541504,0,5ade858a55429975fa854eea,,,,,
0,0,0.27065253257751465,0,5a8f54165542992414482a52,,,,,
0,0,0.23283958435058594,0,5a8b448255429971feec468c,,,,,
0,0.22222222222222224,0.3370194435119629,0,5a8f18d555429918e830d189,,,,,
0,0,0.33495283126831055,0,5ae7308d5542991e8301cbb8,,,,,
0,0,0.27959275245666504,0,5ae305355542992decbdcdc2,,,,,
0,0,0.12718820571899414,0,5a8530cc5542992a431d1aeb,,,,,
0,0,0.4069840908050537,0,5adc459255429944faac24ad,,,,,
0,0,0.1480236053466797,0,5a866fed554299211dda2b2e,,,,,
0,0.5,0.12702727317810059,0,5abeafbb5542997ec76fd347,,,,,
0,0.2222222222222222,0.44166135787963867,0,5ab6391755429953192ad2a7,,,,,
0,0,0.39321303367614746,0,5a7c68575542996dd594b91c,,,,,
0,0,0.14579176902770996,0,5ac524e55542994611c8b3d0,,,,,
0,0,0.3323080539703369,0,5abed6905542990832d3a0ed,,,,,
0,0,0.25052642822265625,0,5a7bd791554299683c1c62c2,,,,,
0,0,0.46788454055786133,0,5ae75a5a5542991bbc9761f3,,,,,
0,0,0.13228297233581543,0,5a7741775542994aec3b724f,,,,,
0,0.18181818181818182,0.27115678787231445,0,5a80d2c6554299260e20a17c,,,,,
0,0.6666666666666666,0.13546991348266602,0,5a8a1b7a5542992d82986ec0,,,,,
0,0.25,0.2361164093017578,0,5a8638945542994775f6072d,,,,,
0,0.3333333333333333,0.1465451717376709,0,5adc2e3d554299438c868d6b,,,,,
0,0,0.10886907577514648,0,5ae5f3bb5542996de7b71a7e,,,,,
0,0,0.5037407875061035,0,5a85d25b5542996432c570ee,,,,,
0,0,0.12548398971557617,0,5ab66fd355429954757d32b7,,,,,
0,0.5,0.17122507095336914,0,5a7153d05542994082a3e7dc,,,,,
0,0,0.14084649085998535,0,5ae249925542994d89d5b3c1,,,,,
0,0,0.14632797241210938,0,5ac170af5542994d76dcce20,,,,,
0,0.2857142857142857,0.3136913776397705,0,5a80cddd554299260e20a169,,,,,
0,0,0.3587024211883545,0,5a89ab1355429946c8d6e996,,,,,
0,0.8,0.15799975395202637,0,5a7319bc5542992359bc3235,,,,,
0,0,0.11032652854919434,0,5ae638865542992ae0d1628c,,,,,
0,0,0.17156171798706055,0,5a72af155542992359bc316c,,,,,
0,0,0.1173698902130127,0,5abd09585542996e802b469b,,,,,
0,0,0.5711140632629395,0,5a71214d5542994082a3e5b9,,,,,
0,0,0.31236815452575684,0,5a8a0cb75542992d82986e7d,,,,,
0,0,0.20128297805786133,0,5a79c7ac5542994bb9457097,,,,,
0,0,0.3471968173980713,0,5abbc96755429931dba1452c,,,,,
0,0,0.16016221046447754,0,5ade664555429939a52fe89c,,,,,
0,0,0.13672709465026855,0,5a8a06c35542992d82986e57,,,,,
0,0.6666666666666666,0.179429292678833,0,5ae2cbc9554299495565db36,,,,,
0,0,0.3607499599456787,0,5abf16965542993fe9a41dd3,,,,,
0,0,0.3757171630859375,0,5ab7ccf455429928e1fe3910,,,,,
0,0,0.12397885322570801,0,5abd0b685542996583600501,,,,,
0,0.4799999999999999,0.360567569732666,0,5a7fa08d55429969796c1af7,,,,,
0,0,1.6333286762237549,0,5a7306a655429901807daf67,,,,,
1,1.0,0.1067342758178711,0,5adce2ee5542992c1e3a2461,,,,,
0,0,0.2353959083557129,0,5ab4f7fc5542991779162d43,,,,,
0,0,0.9543278217315674,0,5ae0d3da5542990adbacf66d,,,,,
0,0,0.15279436111450195,0,5a81d19b55429926c1cdad90,,,,,
0,0,0.13126420974731445,0,5ab4fd0b55429942dd415fbb,,,,,
0,0,0.1693115234375,0,5ae5d0b5554299546bf82f80,,,,,
0,0,0.17436885833740234,0,5a78e9d155429970f5fffdcc,,,,,
1,1.0,0.13642644882202148,0,5a8adc935542992d82986fb0,,,,,
0,0.4,0.16333770751953125,0,5a8763475542996e4f3087c0,,,,,
0,0,0.2474977970123291,0,5a8c7232554299585d9e36a6,,,,,
0,0,0.3705604076385498,0,5ac156d05542994ab5c67ce9,,,,,
0,0.11764705882352941,0.35907840728759766,0,5adcc9f35542990d50227d20,,,,,
0,0.16666666666666669,0.2364351749420166,0,5ae1d656554299234fd04322,,,,,
0,0,0.1320507526397705,0,5ae788fa55429952e35ea964,,,,,
1,1.0,0.09419775009155273,0,5adf39d45542992d7e9f92e5,,,,,
0,0,0.10347485542297363,0,5ab503db5542990594ba9cc8,,,,,
0,0,0.1161966323852539,0,5ae617285542996de7b71b4c,,,,,
0,0,0.20928215980529785,0,5aba9e545542994dbf019986,,,,,
0,0,0.12081670761108398,0,5a8841195542994846c1ce65,,,,,
0,0,0.5703837871551514,0,5a80b8845542992bc0c4a7de,,,,,
0,0.08,0.4349989891052246,0,5add92885542990dbb2f7e72,,,,,
0,0,0.131242036819458,0,5a8b595855429949d91db563,,,,,
0,0.10526315789473685,0.33292174339294434,0,5a88e3cc5542997e5c09a6c2,,,,,
0,0,0.14685940742492676,0,5ac294b955429921a00aafd0,,,,,
0,0.16666666666666666,0.1944291591644287,0,5a75fa14554299109176e5dc,,,,,
0,0,0.25185441970825195,0,5adf88995542993344016cd4,,,,,
0,0.4444444444444445,0.1659860610961914,0,5ae0850055429945ae959396,,,,,
0,0,0.1315770149230957,0,5ae835f25542997ec272776f,,,,,
0,0,0.24671196937561035,0,5a8d7a8d55429941ae14dfc2,,,,,
0,0,0.3298356533050537,0,5a8555ea5542992a431d1b07,,,,,
0,0,0.22447657585144043,0,5a7a8d15554299042af8f669,,,,,
0,0,0.13274073600769043,0,5a7bcbc8554299294a54aae2,,,,,
0,0,0.3120753765106201,0,5a84807d554299123d8c2278,,,,,
0,0,0.40924501419067383,0,5a7a030c5542996a35c17077,,,,,
0,0,0.13064217567443848,0,5ae1388e5542997b2ef7d13a,,,,,
0,0.08333333333333333,0.42424654960632324,0,5ae5a4e5554299546bf82f01,,,,,
0,0,0.22556829452514648,0,5a87c19a5542994846c1cde6,,,,,
0,0.5714285714285715,0.17951107025146484,0,5a74af7e55429916b01641d2,,,,,
0,0,0.17052340507507324,0,5a7c8ae855429935c91b5207,,,,,
0,0,0.1259748935699463,0,5ab808b85542991d3222380d,,,,,
0,0,0.250962495803833,0,5a7d158155429909bec76947,,,,,
0,0,0.42107343673706055,0,5abad70d5542996606241631,,,,,
0,0,0.3220529556274414,0,5a75092b55429916b0164242,,,,,
0,0.33333333333333337,0.10049581527709961,0,5ae7766455429952e35ea920,,,,,
0,0.16666666666666669,0.25566959381103516,0,5a840e395542992ef85e239d,,,,,
0,0,0.20183253288269043,0,5ac023045542996f0d89cb32,,,,,
0,0,0.09779572486877441,0,5ac0b6b15542996f0d89cc1e,,,,,
0,0,0.14870572090148926,0,5a7b24fe55429931da12c9f7,,,,,
0,0.25,0.217909574508667,0,5abf8ae85542990832d3a14b,,,,,
0,0,0.12074041366577148,0,5a77e2095542995d8318131d,,,,,
0,0,0.2079150676727295,0,5a775f615542993735360250,,,,,
0,0,0.6116251945495605,0,5ade15a45542997545bbbe46,,,,,
1,1.0,0.1240684986114502,0,5abf2e605542993fe9a41de4,,,,,
0,0,0.11699366569519043,0,5ab5744e554299494045efdf,,,,,
0,0.4,0.14177417755126953,0,5a7c6d98554299683c1c6304,,,,,
0,0.14285714285714285,0.35378003120422363,0,5ab864945542990e739ec8e1,,,,,
0,0,0.1427931785583496,0,5adcb4ae5542994734353774,,,,,
0,0.14285714285714288,0.27825021743774414,0,5a8675b1554299211dda2b44,,,,,
0,0,0.2448711395263672,0,5ac11201554299294b21908c,,,,,
0,0.6666666666666666,0.10642528533935547,0,5ae663b05542992ae0d16316,,,,,
0,0,0.359325647354126,0,5a9057795542990a984935f7,,,,,
0,0,0.3977048397064209,0,5a8d0e4e5542994ba4e3dbbf,,,,,
0,0,0.2732815742492676,0,5ab4313a554299233955004c,,,,,
0,0,0.47055649757385254,0,5abaee665542992ccd8e7e5f,,,,,
0,0,0.18471503257751465,0,5ae16b925542997b2ef7d1e7,,,,,
0,0.1111111111111111,0.3483140468597412,0,5a7faa215542995d8a8ddee8,,,,,
0,0,0.1307976245880127,0,5a8add4c5542992d82986fb4,,,,,
0,0.3333333333333333,0.12769174575805664,0,5ab9ba6855429970cfb8eb87,,,,,
0,0,0.28821253776550293,0,5abb7ea4554299642a094a96,,,,,
0,0,0.22491860389709473,0,5ab94cca554299753720f7dd,,,,,
0,0,0.11348748207092285,0,5a83438955429966c78a6b61,,,,,
0,0,0.3216369152069092,0,5a7dff595542997cc2c474eb,,,,,
0,0.5714285714285715,0.18638277053833008,0,5ac401bb55429919431738f4,,,,,
0,0,0.3311789035797119,0,5a77846f5542995d83181187,,,,,
0,0,0.11763930320739746,0,5aba6d4b5542994dbf019906,,,,,
0,0,0.3622612953186035,0,5a7da0915542990b8f5039d4,,,,,
0,0.02247191011235955,1.6495411396026611,0,5a7499eb55429929fddd8470,,,,,
0,0,0.14607691764831543,0,5a7331705542991f9a20c67a,,,,,
0,0,0.2440640926361084,0,5a7d7d895542995f4f402281,,,,,
0,0,0.4061572551727295,0,5a873ec75542996432c57244,,,,,
0,0,0.12101602554321289,0,5adf3ab95542992d7e9f92f3,,,,,
0,0,0.3914632797241211,0,5aba85335542994dbf01992d,,,,,
0,0,0.3311314582824707,0,5adbe1c5554299438c868cc4,,,,,
0,0,0.1383504867553711,0,5abd6a7455429933744ab7c5,,,,,
0,0,0.16274356842041016,0,5adec62a55429975fa854f89,,,,,
0,0,0.22391080856323242,0,5abcf5ec55429959677d6b76,,,,,
0,0.6666666666666666,0.12419772148132324,0,5a80a7f6554299485f598680,,,,,
0,0.4,0.36994361877441406,0,5ab281ec554299449642c8d1,,,,,
0,0.4444444444444444,0.19836187362670898,0,5a7643675542994ccc918747,,,,,
0,0.1111111111111111,0.3196685314178467,0,5a88696b554299206df2b25b,,,,,
0,0,0.3203771114349365,0,5a712af15542994082a3e614,,,,,
0,0,0.1360795497894287,0,5a7b43735542992d025e67cb,,,,,
0,0.09090909090909091,0.44019436836242676,0,5ac25fa955429951e9e6858c,,,,,
0,0,0.11648082733154297,0,5a8077ca5542992bc0c4a729,,,,,
0,0,0.19943666458129883,0,5ac397fe554299218029dbe2,,,,,
0,0.15384615384615385,0.2985973358154297,0,5ab9aed855429970cfb8eb6d,,,,,
0,0,0.5796027183532715,0,5ac23f9555429951e9e684db,,,,,
0,0.4,0.13463068008422852,0,5ae76c625542997ec272763e,,,,,
0,0,0.3829333782196045,0,5ac3e0ab554299204fd21eae,,,,,
0,0,0.2078235149383545,0,5a8e69565542990e94052afb,,,,,
0,0,0.331831693649292,0,5ae65c925542992ae0d162f9,,,,,
0,0,0.128570556640625,0,5a9068f85542990a98493623,,,,,
0,0,0.11232948303222656,0,5ae238375542994d89d5b39a,,,,,
0,0,0.3882613182067871,0,5a80e4b255429938b6142239,,,,,
0,0,0.3267490863800049,0,5a8e40f65542995a26add498,,,,,
0,0,0.2549097537994385,0,5a7e1cad55429965cec5ea75,,,,,
0,0,0.5033359527587891,0,5a7560585542992d0ec05f76,,,,,
0,0.029850746268656716,1.1775646209716797,0,5ae35e8c5542990afbd1e120,,,,,
0,0.2222222222222222,0.36745500564575195,0,5a8210f355429926c1cdae24,,,,,
0,0,0.1297900676727295,0,5a868ca055429960ec39b6be,,,,,
0,0.26666666666666666,0.32797789573669434,0,5abdaa0f55429965af743dad,,,,,
0,0,0.3204841613769531,0,5ae0613d5542993d6555eb22,,,,,
0,0,0.11944055557250977,0,5add3b035542997545bbbcce,,,,,
0,0,0.6293890476226807,0,5a85db6e5542994c784ddb96,,,,,
0,0,0.16224956512451172,0,5a7a88e455429941d65f268c,,,,,
0,0.2222222222222222,0.23674511909484863,0,5a8b120755429949d91db4a4,,,,,
0,0,0.27144598960876465,0,5ac4f9dc55429924173fb533,,,,,
0,0,0.14649605751037598,0,5a8eb51655429917b4a5bdb5,,,,,
0,0,0.31113314628601074,0,5ae446fc5542995ad6573d24,,,,,
0,0,0.3650331497192383,0,5a905d085542995651fb5147,,,,,
0,0,0.3526318073272705,0,5a8327fd5542990548d0b1a3,,,,,
0,0,0.6683111190795898,0,5a80522b5542996402f6a4c1,,,,,
0,0.18181818181818182,0.28289127349853516,0,5ab67c3f55429954757d32f9,,,,,
0,0.4444444444444444,0.16749072074890137,0,5a7da0de5542990b8f5039d7,,,,,
0,0,0.42404675483703613,0,5ae2295c554299495565da13,,,,,
0,0,0.5726761817932129,0,5adf24155542992d7e9f92af,,,,,
0,0,0.806302547454834,0,5ab2a54b554299295394678e,,,,,
0,0,0.1547095775604248,0,5a7f85505542995d8a8dde95,,,,,
0,0,0.11759543418884277,0,5ae60ea9554299546bf8304e,,,,,
0,0.4444444444444445,0.19598650932312012,0,5a77253455429972597f1449,,,,,
0,0,0.1032705307006836,0,5abaee845542996606241696,,,,,
0,0,0.13140368461608887,0,5ac13e195542994ab5c67cc5,,,,,
0,0,0.12209796905517578,0,5a7e283655429965cec5eaab,,,,,
0,0.3076923076923077,0.3100244998931885,0,5a8baf4b5542996e8ac889c5,,,,,
0,0,0.13518190383911133,0,5ae5b99a5542993aec5ec1ce,,,,,
0,0,0.12430524826049805,0,5abf08985542997719eab625,,,,,
0,0.03125,1.5081567764282227,0,5a8bb7f95542996e8ac889ff,,,,,
0,0,0.5593011379241943,0,5a7b1a225542992d025e6770,,,,,
0,0,0.10448551177978516,0,5ac0d5cf554299294b219026,,,,,
0,0,0.49256467819213867,0,5a8a756555429970aeb702f2,,,,,
0,0,0.11881399154663086,0,5a77b5c255429967ab10523c,,,,,
0,0,0.13439702987670898,0,5ab6c5be55429954757d336c,,,,,
0,0,0.11597681045532227,0,5a78f26055429970f5fffdeb,,,,,
0,0,0.15179133415222168,0,5ae5e8c85542996de7b71a69,,,,,
0,0,0.1317887306213379,0,5adf27775542993344016c00,,,,,
0,0.20689655172413793,0.37677431106567383,0,5ade450b5542997c77adedc5,,,,,
0,0,0.29883360862731934,0,5abbcba05542992ccd8e7fa3,,,,,
0,0,0.31863999366760254,0,5a75a0725542992d0ec05fc9,,,,,
0,0,0.3172144889831543,0,5ac2a23a55429967731025cc,,,,,
1,1.0,0.13939714431762695,0,5a7b66135542997c3ec97145,,,,,
0,0,0.3082890510559082,0,5a72a9ac5542991f9a20c55f,,,,,
0,0,0.24164652824401855,0,5ae0819155429924de1b70ea,,,,,
0,0,0.24164605140686035,0,5ab7ee895542995dae37e9f6,,,,,
0,0,0.301342248916626,0,5a8f791c5542992414482ad9,,,,,
0,0.3333333333333333,0.28326845169067383,0,5a712e895542994082a3e636,,,,,
0,0,0.12341427803039551,0,5a8398405542993344746050,,,,,
0,0,0.2900362014770508,0,5ab5e8935542997d4ad1f23b,,,,,
0,0,0.24010396003723145,0,5ae74818554299572ea547ad,,,,,
0,0.5,0.15245914459228516,0,5a739323554299623ed4abff,,,,,
0,0.33333333333333337,0.1759655475616455,0,5abc7bf75542993a06baf8f0,,,,,
0,0,0.13621973991394043,0,5a72125055429971e9dc9241,,,,,
0,0.23529411764705882,0.3507530689239502,0,5a7e1a5455429965cec5ea5f,,,,,
0,0,0.35587620735168457,0,5ab576c4554299637185c5a4,,,,,
0,0,0.4245271682739258,0,5a8466a75542993344746108,,,,,
0,0,0.4479987621307373,0,5a75f32055429976ec32bcb7,,,,,
0,0.1111111111111111,0.40361952781677246,0,5a8762205542996e4f3087b8,,,,,
0,0,0.1354539394378662,0,5ac1d4ad5542994d76dccef7,,,,,
0,0,0.17902922630310059,0,5a7150c75542994082a3e7be,,,,,
0,0,0.14927077293395996,0,5a9072dd5542990a98493656,,,,,
0,0,0.7031142711639404,0,5a8d0be85542994ba4e3dbb2,,,,,
0,0,0.39864397048950195,0,5a7f924c55429969796c1aba,,,,,
0,0,0.2192528247833252,0,5adca5eb5542994d58a2f693,,,,,
1,1.0,0.12969207763671875,0,5a77474855429972597f14e4,,,,,
1,1.0,0.1358335018157959,0,5a86edcc55429960ec39b6da,,,,,
0,0,0.34430694580078125,0,5a80762a5542996402f6a536,,,,,
0,0.15384615384615383,0.251387357711792,0,5a8bf6cf5542995e66a47525,,,,,
0,0,0.1754906177520752,0,5ae6545f5542991bbc9760c2,,,,,
0,0,0.12494349479675293,0,5a736aa95542991f29ee2dfa,,,,,
0,0,0.3518209457397461,0,5abeb1925542994516f453f0,,,,,
0,0,0.6433939933776855,0,5a8b5b1c5542995d1e6f1387,,,,,
0,0,0.3334190845489502,0,5adf076f5542992d7e9f9277,,,,,
0,0.15384615384615385,0.2873225212097168,0,5abc091555429965836003f6,,,,,
0,0,0.1592397689819336,0,5a7f95685542995d8a8ddeaa,,,,,
0,0,0.20067262649536133,0,5ab8903555429916710eb08e,,,,,
0,0.5,0.10938072204589844,0,5ae454355542996836b02c77,,,,,
1,1.0,0.12803959846496582,0,5abc095c5542993f40c73c5d,,,,,
0,0,0.46266674995422363,0,5ade9545554299728e26c741,,,,,
0,0,0.3452174663543701,0,5ab8179f5542990e739ec817,,,,,
0,0,0.21482086181640625,0,5ae01fcf554299025d62a411,,,,,
0,0.6666666666666666,0.20795464515686035,0,5ac1b8cd55429963665198fc,,,,,
0,0,0.3468477725982666,0,5a83d0845542996488c2e4e6,,,,,
0,0,0.45323705673217773,0,5ae72b96554299572ea5474e,,,,,
0,0,0.12238526344299316,0,5ae4d15255429908b6326483,,,,,
0,0,0.16318988800048828,0,5a7d2aa05542995f4f40221f,,,,,
0,0,0.18616580963134766,0,5a906c795542990a98493640,,,,,
0,0,0.22991585731506348,0,5ade914b55429939a52fe8f9,,,,,
0,0,0.21650004386901855,0,5aba6f3e55429955dce3ee21,,,,,
0,0,0.2958488464355469,0,5a8dad37554299068b959d94,,,,,
0,0,0.11970257759094238,0,5ae00de055429906c02daab5,,,,,
0,0,0.13608407974243164,0,5aba902455429901930fa834,,,,,
0,0,0.20625901222229004,0,5adea83b55429975fa854f53,,,,,
0,0,0.12127542495727539,0,5abbe4c0554299642a094bc0,,,,,
0,0,0.37311434745788574,0,5a893f305542993b751ca91e,,,,,
0,0,0.5296144485473633,0,5abef8fd5542990832d3a111,,,,,
0,0,0.1136159896850586,0,5adfc9a555429906c02daa42,,,,,
0,0,0.14115571975708008,0,5ae7954b554299540e5a5620,,,,,
0,0,0.37505125999450684,0,5abcf9d155429959677d6b90,,,,,
0,0,0.4401376247406006,0,5adc91865542994ed6169b93,,,,,
0,0.28571428571428575,0.19208121299743652,0,5ab78a445542992aa3b8c826,,,,,
0,0,0.28507447242736816,0,5a727e1b5542991f9a20c497,,,,,
0,0.1818181818181818,0.2534515857696533,0,5a7261635542997f8278398a,,,,,
0,0,0.22794175148010254,0,5ac560235542993e66e82396,,,,,
0,0,0.2749481201171875,0,5a7cb9985542990527d55514,,,,,
0,0,0.4432864189147949,0,5a7f725355429969796c1a55,,,,,
0,0.16666666666666669,0.2981736660003662,0,5a8dfae55542995085b3736b,,,,,
0,0.1111111111111111,0.3923056125640869,0,5adf86355542993344016cbd,,,,,
0,0.28571428571428575,0.20778489112854004,0,5a7dc7735542990b8f503a93,,,,,
1,1.0,0.12387418746948242,0,5a83a31c554299123d8c2179,,,,,
0,0,0.12733769416809082,0,5a8d64305542994ba4e3dc80,,,,,
0,0,0.2093217372894287,0,5a733d5d5542991f29ee2d71,,,,,
0,0,0.10802674293518066,0,5ae3f1fb5542995ad6573cc1,,,,,
0,0,0.3164541721343994,0,5ab2e3a35542991669774124,,,,,
0,0,0.13386893272399902,0,5ac3e80b554299076e296ccd,,,,,
0,0,0.39884448051452637,0,5ac002705542996f0d89cb05,,,,,
0,0,0.13715052604675293,0,5a7df5635542990b8f503b0a,,,,,
0,0,0.424267053604126,0,5adfe0de55429925eb1afae9,,,,,
0,0,0.6347270011901855,0,5ab83bd055429919ba4e2279,,,,,
0,0.4,0.15900182723999023,0,5a8fb3af5542997ba9cb32ee,,,,,
0,0,0.20743846893310547,0,5ae7ff745542994a481bbe6e,,,,,
0,0,0.23866868019104004,0,5ae394e05542990afbd1e18d,,,,,
1,1.0,0.10717487335205078,0,5adf3a4f5542992d7e9f92ec,,,,,
0,0,0.3484368324279785,0,5ae826675542997ec2727733,,,,,
0,0,0.15693187713623047,0,5a8c72545542995e66a475f3,,,,,
0,0,0.11492300033569336,0,5ae5d06a55429929b08079b4,,,,,
0,0.30769230769230765,0.19443798065185547,0,5a7bbcd65542997c3ec97268,,,,,
0,0,0.14766263961791992,0,5ae32ce75542992f92d8223d,,,,,
0,0,0.309863805770874,0,5a8cc8c2554299441c6b9efc,,,,,
0,0.0625,0.664569616317749,0,5a847e805542993344746140,,,,,
0,0,0.178558349609375,0,5a77a7db5542995d8318124d,,,,,
0,0.15384615384615385,0.23454785346984863,0,5a74639a55429929fddd8404,,,,,
0,0.1111111111111111,0.6525411605834961,0,5a713fb15542994082a3e6f0,,,,,
0,0.5,0.13428044319152832,0,5ab9d13455429939ce03dc31,,,,,
0,0,0.5192146301269531,0,5a8986fd55429938390d4046,,,,,
0,0.4,0.22040796279907227,0,5a89e1bf5542992e4fca8433,,,,,
0,0,0.3232080936431885,0,5adce88b5542992c1e3a249a,,,,,
0,0,0.21239662170410156,0,5a724a2b5542990c210a40bc,,,,,
0,0,0.4132688045501709,0,5ae54b4f5542990ba0bbb261,,,,,
0,0,0.11974334716796875,0,5a77c3d55542995d831812af,,,,,
0,0.18181818181818182,0.1933121681213379,0,5abaa8b355429901930fa87f,,,,,
0,0,0.17366266250610352,0,5a716ec85542994082a3e82d,,,,,
0,0,0.1277904510498047,0,5a8456ef5542990548d0b289,,,,,
0,0,0.13567423820495605,0,5ac5382c5542996feb3fea43,,,,,
0,0,0.14472317695617676,0,5add95035542990dbb2f7e77,,,,,
0,0,0.34890079498291016,0,5a7a567255429941d65f25bd,,,,,
0,0.16666666666666669,0.2943730354309082,0,5adea0c5554299728e26c776,,,,,
0,0.6666666666666666,0.13396644592285156,0,5add38355542990dbb2f7dd0,,,,,
0,0.5,0.14545083045959473,0,5ae0af5555429945ae95941e,,,,,
0,0,0.3582179546356201,0,5a802ff25542992bc0c4a6d2,,,,,
0,0.6153846153846153,0.2199399471282959,0,5adf099a5542992d7e9f927f,,,,,
0,0,0.1517491340637207,0,5abbf7d755429931dba145eb,,,,,
0,0.4,0.11819124221801758,0,5a8f7a135542992414482adc,,,,,
0,0.05,0.9080116748809814,0,5ab3bcc55542992ade7c6e66,,,,,
0,0.35294117647058826,0.3622467517852783,0,5ae3c5535542991a06ce9a20,,,,,
0,0,0.13019275665283203,0,5ae2098e5542997f29b3c21b,,,,,
0,0.3333333333333333,0.16922521591186523,0,5ab849d955429916710eb017,,,,,
0,0,0.20868349075317383,0,5a82bc7455429940e5e1a926,,,,,
0,0,0.37122631072998047,0,5ac5484d5542994611c8b48d,,,,,
0,0,0.21123385429382324,0,5a89432b554299669944a519,,,,,
0,0,0.13931846618652344,0,5a8f077b554299458435d526,,,,,
0,0,0.7163617610931396,0,5a80735b554299485f5985f3,,,,,
0,0,0.10892105102539062,0,5adcceda5542990d50227d31,,,,,
0,0,0.13890480995178223,0,5a8bd9c95542997f31a41de2,,,,,
0,0,0.3615603446960449,0,5ae08a0455429924de1b70fc,,,,,
0,0,0.19433045387268066,0,5a8b3f8a5542995d1e6f131f,,,,,
0,0.4444444444444445,0.20000529289245605,0,5a8d5f16554299585d9e37c5,,,,,
0,0.08,0.4493277072906494,0,5ae37e525542992e3233c42d,,,,,
0,0,0.14242219924926758,0,5ab973b35542996be20204fd,,,,,
0,0,0.12062621116638184,0,5ab7c3df5542993667794003,,,,,
0,0,0.11661052703857422,0,5ade8802554299728e26c72d,,,,,
0,0,0.17699956893920898,0,5ae4ea2a5542993aec5ec0ee,,,,,
0,0,0.12604999542236328,0,5abd44d955429933744ab760,,,,,
0,0.07142857142857142,0.514063835144043,0,5a75e62f5542992d0ec06013,,,,,
0,0,0.28512072563171387,0,5ac173295542994ab5c67d45,,,,,
0,0,0.44314098358154297,0,5ac1ff2255429964131be2b3,,,,,
0,0,0.1515963077545166,0,5a8838635542997e5c09a5a9,,,,,
0,0.4444444444444445,0.19008255004882812,0,5a7e3a3f5542995ed0d166dd,,,,,
0,0,0.11723971366882324,0,5a771de05542993569682cc8,,,,,
0,0,0.43668055534362793,0,5ab6bae95542995eadef0086,,,,,
0,0.125,0.3691592216491699,0,5ac46bb05542991943173983,,,,,
0,0.2222222222222222,0.21645545959472656,0,5ae7ed9555429952e35ea9e6,,,,,
0,0,0.12750768661499023,0,5ac18b585542994ab5c67d76,,,,,
1,1.0,0.1621243953704834,0,5a8e296f554299068b959e71,,,,,
0,0.5,0.1742713451385498,0,5a848eff5542990548d0b2cd,,,,,
0,0,0.16640949249267578,0,5ae1d4e75542997f29b3c143,,,,,
1,1.0,0.11629891395568848,0,5ae0f97a5542997b2ef7d0c1,,,,,
0,0.22222222222222224,0.22063469886779785,0,5a7e14505542995ed0d16685,,,,,
0,0.4,0.18365001678466797,0,5a8e36835542995085b373e2,,,,,
0,0.5,0.1191551685333252,0,5ae63e3255429929b0807aff,,,,,
0,0,0.27602434158325195,0,5adcfe5f5542992c1e3a24f0,,,,,
0,0.5,0.15243148803710938,0,5ac4f2e755429924173fb503,,,,,
0,0.19999999999999998,0.24896574020385742,0,5adf50c05542992d7e9f931e,,,,,
0,0,0.20798110961914062,0,5ae5b971554299546bf82f3a,,,,,
0,0.3333333333333333,0.1289510726928711,0,5abbdc3f55429931dba145af,,,,,
0,0.5,0.12323713302612305,0,5ab71f7d554299110f219ab9,,,,,
0,0,0.18326616287231445,0,5ae527945542993aec5ec167,,,,,
0,0,0.18388128280639648,0,5ae3ac665542994393b9e73f,,,,,
0,0.2222222222222222,0.24241185188293457,0,5aba943c554299232ef4a33e,,,,,
0,0,0.28403377532958984,0,5a7fb1b25542992097ad2fb2,,,,,
0,0,0.11880207061767578,0,5ae47df15542996836b02cba,,,,,
0,0.12903225806451613,0.4902329444885254,0,5adbfaa655429947ff173888,,,,,
0,0,1.771362543106079,0,5a7cffb755429907fabef09f,,,,,
0,0.10526315789473684,0.46384644508361816,0,5a73354f5542991f9a20c687,,,,,
0,0.1111111111111111,0.47176146507263184,0,5ae33fa95542990afbd1e0f2,,,,,
0,0,0.15050244331359863,0,5a835c895542993344746009,,,,,
0,0,0.2553565502166748,0,5a776fc15542997042120a3a,,,,,
0,0,0.38031840324401855,0,5adf04c95542993a75d263d5,,,,,
0,0,0.3055434226989746,0,5a84a8ce5542997175ce1f1c,,,,,
0,0,0.7790536880493164,0,5a75eda35542994ccc918661,,,,,
0,0,0.3246138095855713,0,5adf33965542993344016c20,,,,,
0,0.09523809523809525,0.4273107051849365,0,5ae5eb0d554299546bf82fd2,,,,,
0,0,0.2293107509613037,0,5a8603f655429960ec39b601,,,,,
0,0.13793103448275862,0.5430288314819336,0,5add4dd35542992ae4cec507,,,,,
0,0,0.24970030784606934,0,5a7d109855429909bec7692f,,,,,
0,0,0.28237080574035645,0,5a7a37b85542996c55b2dd3f,,,,,
0,0,0.26790809631347656,0,5a824858554299676cceb247,,,,,
0,0,0.4848198890686035,0,5ac538025542996feb3fea41,,,,,
0,0,0.40742921829223633,0,5ac44629554299194317395d,,,,,
0,0,1.0226423740386963,0,5a778a3b5542992a6e59dec7,,,,,
0,0,0.22329235076904297,0,5a7a36e65542990198eaf0ea,,,,,
0,0,0.3253798484802246,0,5a7c084d5542997c3ec972c8,,,,,
0,0,0.10354328155517578,0,5a80c79155429938b61421da,,,,,
0,0,0.5454719066619873,0,5a85fe2f5542996432c57165,,,,,
0,0.125,0.37590599060058594,0,5a77174f55429966f1a36c4c,,,,,
0,0.05555555555555556,0.7689330577850342,0,5a8d7edc55429941ae14dfdc,,,,,
0,0.5,0.11900568008422852,0,5a74f8bd5542993748c8976a,,,,,
0,0,0.20080184936523438,0,5a7aa0a55542990198eaf165,,,,,
0,0,0.4426255226135254,0,5adbf43655429947ff173864,,,,,
0,0.6666666666666666,0.14828991889953613,0,5ab64285554299637185c67c,,,,,
0,0,0.20556092262268066,0,5a713f3c5542994082a3e6eb,,,,,
0,0.10526315789473684,0.4704711437225342,0,5ac50dd05542994611c8b343,,,,,
0,0,0.11524343490600586,0,5ae1500655429920d52343cc,,,,,
0,0.19999999999999998,0.4329545497894287,0,5a80993d5542996402f6a589,,,,,
0,0,0.2984619140625,0,5add3ccc5542997545bbbce5,,,,,
0,0,0.2825961112976074,0,5ac34ed0554299741d48a248,,,,,
0,0,0.20522403717041016,0,5a8634fe554299211dda2aac,,,,,
0,0,0.3679351806640625,0,5adf34955542993a75d26423,,,,,
0,0.18181818181818182,0.255615234375,0,5ae3f4fe5542995ad6573ce8,,,,,
0,0.4,0.2011113166809082,0,5abd1daa55429933744ab72e,,,,,
0,0,0.44438695907592773,0,5a73b2fd55429978a71e907f,,,,,
0,0,0.13733220100402832,0,5a7d3cbb5542995f4f402243,,,,,
0,0,0.10770773887634277,0,5a773d8955429966f1a36cc4,,,,,
0,0,0.1651749610900879,0,5a8d0940554299585d9e379e,,,,,
0,0,0.4558298587799072,0,5ac160af5542994d76dccdfa,,,,,
0,0,0.6167166233062744,0,5ab6cebd55429954757d3378,,,,,
0,0,0.3299555778503418,0,5ab5f9a0554299488d4d9a6d,,,,,
0,0.6,0.27022528648376465,0,5a801f215542992bc0c4a6b2,,,,,
0,0.15384615384615385,0.3323967456817627,0,5ae72fc5554299572ea54770,,,,,
0,0.39999999999999997,0.4676780700683594,0,5a83eaae55429933447460b4,,,,,
0,0,0.16640853881835938,0,5a7b3d565542992d025e67b6,,,,,
0,0.08333333333333334,0.4859492778778076,0,5a7f244255429934daa2fcec,,,,,
0,0,0.3487589359283447,0,5a8ac0595542992d82986f6c,,,,,
0,0.15384615384615385,0.2952549457550049,0,5ac3044f5542990b17b154dc,,,,,
0,0,0.11609721183776855,0,5ac23f5655429951e9e684d9,,,,,
1,1.0,0.13112092018127441,0,5adbe0df554299438c868cc0,,,,,
0,0.6666666666666666,0.20001006126403809,0,5a7dcdea5542990b8f503abc,,,,,
0,0,0.3299226760864258,0,5a72b8de5542994cef4bc3df,,,,,
0,0,0.15163516998291016,0,5a7c2819554299683c1c62db,,,,,
0,0,0.3998129367828369,0,5a7da6cb5542990b8f5039ff,,,,,
0,0,0.2574756145477295,0,5ae7909f5542994a481bbda6,,,,,
0,0,0.34262609481811523,0,5ab465095542991751b4d75a,,,,,
0,0.058823529411764705,0.7114546298980713,0,5abda4dd55429965af743d95,,,,,
0,0.6666666666666666,0.12038183212280273,0,5a75d8a3554299109176e5a6,,,,,
0,0.15384615384615385,0.26149463653564453,0,5abe91895542993f32c2a168,,,,,
0,0,0.3317716121673584,0,5ac5188255429924173fb5a3,,,,,
0,0,0.3784961700439453,0,5ae531ee5542990ba0bbb1ff,,,,,
0,0.0625,0.6779160499572754,0,5ab804305542995dae37ea14,,,,,
0,0,0.6148536205291748,0,5ac4da3b554299076e296e17,,,,,
0,0.125,0.36267828941345215,0,5ae75eb45542991bbc976201,,,,,
0,0.13333333333333336,0.36398935317993164,0,5ae5be475542990ba0bbb2c6,,,,,
0,0.11764705882352941,0.29987454414367676,0,5ab8111c5542991d3222382b,,,,,
0,0,0.4576704502105713,0,5ac3dfb15542995c82c4ac71,,,,,
0,0,0.12290811538696289,0,5ae4a2e25542996836b02cee,,,,,
0,0,0.1267530918121338,0,5a8f799d55429918e830d22d,,,,,
0,0,0.4252810478210449,0,5ac2ea1a5542990b17b154a1,,,,,
0,0,0.49268460273742676,0,5a88e2f35542993b751ca8ad,,,,,
0,0,0.3669431209564209,0,5ae55d1e55429960a22e02cb,,,,,
0,0,0.14354157447814941,0,5a8d263f554299653c1aa139,,,,,
0,0,0.1593773365020752,0,5ae3606b5542991a06ce99a8,,,,,
0,0.36363636363636365,0.19651579856872559,0,5adefdd75542995ec70e8f4e,,,,,
0,0.4,0.19930052757263184,0,5a734acf5542991f9a20c6ec,,,,,
0,0,0.8815178871154785,0,5a8750945542996432c57264,,,,,
0,0.8,0.16071128845214844,0,5ab1cdf8554299722f9b4c84,,,,,
0,0,0.2102203369140625,0,5adf490a5542993a75d26488,,,,,
1,1.0,0.1345534324645996,0,5ab43b8a5542991779162c22,,,,,
0,0,0.11005091667175293,0,5abb73425542996cc5e49ff5,,,,,
0,0,0.13211345672607422,0,5a84a65d5542992a431d1a83,,,,,
0,0,0.3058304786682129,0,5adff2aa554299603e4183d0,,,,,
0,0.15384615384615385,0.3920900821685791,0,5ac046c65542996f0d89cb71,,,,,
0,0,0.14946794509887695,0,5a90386455429916514e7435,,,,,
0,0,0.12116217613220215,0,5aded04755429975fa854fa7,,,,,
0,0.11764705882352941,0.34622693061828613,0,5ae063085542993d6555eb37,,,,,
0,0.125,0.4090578556060791,0,5ae6363b55429929b0807af0,,,,,
0,0,0.28102946281433105,0,5adc6825554299438c868da1,,,,,
0,0.18181818181818182,0.10978436470031738,0,5abec9b25542997ec76fd366,,,,,
0,0,0.1376650333404541,0,5a7a18b05542990783324e53,,,,,
0,0,0.3897576332092285,0,5ac1a4745542991316484b82,,,,,
0,0,0.32139086723327637,0,5a7302b75542991f9a20c5fd,,,,,
0,0,0.4791529178619385,0,5a825a9d55429940e5e1a870,,,,,
0,0.18181818181818182,0.27546167373657227,0,5a8501915542997175ce1f5a,,,,,
0,0,0.12504315376281738,0,5ae7ee41554299540e5a56b0,,,,,
0,0,0.2309129238128662,0,5add2397554299473435386f,,,,,
0,0,0.5568852424621582,0,5ae4cda05542990ba0bbb148,,,,,
0,0.33333333333333337,0.1951131820678711,0,5ae1412a55429920d523434c,,,,,
0,0,0.10777783393859863,0,5a8ed7b455429917b4a5bdd1,,,,,
0,0,0.13538479804992676,0,5abb61735542993f40c73aef,,,,,
0,0.13333333333333336,0.35363078117370605,0,5ae2a0a1554299495565dae9,,,,,
0,0,0.2873973846435547,0,5ae60dcc554299546bf83043,,,,,
0,0,0.2779502868652344,0,5a7cd72055429909bec7683b,,,,,
0,0,0.283170223236084,0,5ab865ad5542992aa3b8c8dd,,,,,
0,0,0.181243896484375,0,5adface25542995ec70e906c,,,,,
0,0.2,0.36624741554260254,0,5aba901055429955dce3ee87,,,,,
0,0,0.21994829177856445,0,5ae544d75542990ba0bbb249,,,,,
0,0,0.31134676933288574,0,5ae14b5c55429920d52343aa,,,,,
0,0,0.1758110523223877,0,5abbaed855429931dba144aa,,,,,
0,0,0.1320960521697998,0,5adfb698554299603e418385,,,,,
0,0.4,0.172532320022583,0,5a8481945542997175ce1ed3,,,,,
0,0,0.16263198852539062,0,5ab1dcab5542993be8fa985e,,,,,
0,0,0.14381957054138184,0,5add44f35542997545bbbd0c,,,,,
0,0,0.2102806568145752,0,5a7f404a55429930675136dd,,,,,
0,0,0.2781038284301758,0,5ab60aec554299110f2199c3,,,,,
0,0,0.12012958526611328,0,5a8f93f5554299458435d67e,,,,,
0,0.07142857142857142,0.5482485294342041,0,5a8a231a55429930ff3c0cb4,,,,,
0,0.2608695652173913,0.4059293270111084,0,5adec96e5542995534e8c712,,,,,
0,0,0.301668643951416,0,5a77691455429966f1a36d2b,,,,,
0,0,0.10574603080749512,0,5a774e415542994aec3b7280,,,,,
0,0.18181818181818182,0.29930901527404785,0,5abb189e5542996cc5e49fa4,,,,,
0,0,0.3632547855377197,0,5ab8756755429934fafe6dd3,,,,,
0,0,0.28856635093688965,0,5adbe2c65542996e68525274,,,,,
0,0,0.11143350601196289,0,5a838eba5542992ef85e22fe,,,,,
0,0,0.13643240928649902,0,5a888c9d5542997e5c09a612,,,,,
0,0,0.23852276802062988,0,5ab2342a5542993be8fa98c3,,,,,
0,0,0.14370226860046387,0,5abd0296554299114383a1d1,,,,,
0,0,0.16957998275756836,0,5abb07ec5542996cc5e49f55,,,,,
0,0.19047619047619047,0.3977532386779785,0,5a81c7d15542990a1d231ea9,,,,,
1,1.0,0.12048816680908203,0,5a7652785542992db9473760,,,,,
0,0,0.3432457447052002,0,5abd0ac45542992ac4f381b5,,,,,
1,1.0,0.13335347175598145,0,5ae0ba15554299603e41844d,,,,,
0,0,0.4552474021911621,0,5ae1338d55429901ffe4ade1,,,,,
0,0,0.45022010803222656,0,5ae65b845542992ae0d162f1,,,,,
0,0.18181818181818182,0.27991724014282227,0,5ae2138c5542997283cd23b7,,,,,
0,0.3333333333333333,0.1446681022644043,0,5a7e3b585542995ed0d166df,,,,,
0,0.2222222222222222,0.2460646629333496,0,5ae54b3d5542990ba0bbb260,,,,,
0,0.2962962962962963,0.4823262691497803,0,5ab4774d5542991751b4d781,,,,,
0,0.1904761904761905,0.7858457565307617,0,5ae7ac495542993210983eee,,,,,
0,0.5,0.19137907028198242,0,5a7d26bd554299452d57bb28,,,,,
0,0,0.10422134399414062,0,5ae690b055429908198fa622,,,,,
1,1.0,0.14501953125,0,5a7299e75542991f9a20c524,,,,,
0,0.3333333333333333,0.1593778133392334,0,5abb4b4a5542993f40c73aea,,,,,
0,0.5,0.14408326148986816,0,5a7fb1e55542995d8a8ddef7,,,,,
0,0,0.12853693962097168,0,5abe36745542991f66106101,,,,,
0,0.125,0.37856483459472656,0,5ab84dea55429934fafe6d4f,,,,,
0,0.8,0.15424180030822754,0,5abe765a55429976d4830b1f,,,,,
0,0,0.15025687217712402,0,5a85a8655542997b5ce40011,,,,,
0,0,0.1300508975982666,0,5ac31b0a554299741d48a1f0,,,,,
0,0,0.19944047927856445,0,5ae6479a55429929b0807b1b,,,,,
1,1.0,0.1398792266845703,0,5ac2cfab554299657fa29079,,,,,
0,0.4,0.19824004173278809,0,5a7c64bc5542996dd594b913,,,,,
0,0,0.3537907600402832,0,5ade27e05542997c77aded7d,,,,,
0,0,0.3356499671936035,0,5adfa6c7554299025d62a326,,,,,
0,0,0.39419078826904297,0,5ae361805542992e3233c3c9,,,,,
0,0,0.1412208080291748,0,5add870b5542995b365fab3c,,,,,
0,0,0.3198990821838379,0,5ab84f2c55429934fafe6d54,,,,,
0,0,0.32193517684936523,0,5a8ee2855542995a26add550,,,,,
0,0.20689655172413793,0.5068378448486328,0,5abeb3525542993fe9a41d03,,,,,
0,0,0.2267916202545166,0,5ab762fb55429928e1fe3857,,,,,
0,0,0.36026692390441895,0,5a739d8c55429905862fe073,,,,,
0,0,0.23279190063476562,0,5abc715f5542993a06baf8ea,,,,,
0,0.15384615384615385,0.3378136157989502,0,5ab804065542990e739ec7e0,,,,,
0,0.22222222222222224,0.20401668548583984,0,5a7e21165542995ed0d166a2,,,,,
0,0.2,0.2450108528137207,0,5ae473545542995dadf2433d,,,,,
0,0,0.36119842529296875,0,5a84973e5542992a431d1a67,,,,,
0,0.1111111111111111,0.4166865348815918,0,5a7a47be5542994f819ef1b2,,,,,
0,0,0.38039326667785645,0,5abc8d00554299700f9d78fd,,,,,
0,0,0.11302542686462402,0,5ab1c6c5554299722f9b4c67,,,,,
0,0.031746031746031744,1.2786996364593506,0,5ab2a01d5542992953946778,,,,,
0,0,0.3101069927215576,0,5ab42ef55542991751b4d6d9,,,,,
0,0,0.25426769256591797,0,5ae0968955429924de1b7105,,,,,
0,0,0.2327885627746582,0,5adefe645542992d7e9f926c,,,,,
0,0,0.1346292495727539,0,5a82edae55429966c78a6a9f,,,,,
0,0.15384615384615383,0.3418765068054199,0,5abd68b45542993062266c77,,,,,
0,0,0.33272790908813477,0,5a7345185542992359bc32cb,,,,,
0,0,0.25890254974365234,0,5adde6535542990dbb2f7ef9,,,,,
0,0,0.13238954544067383,0,5ab7ef0f5542991d322237ca,,,,,
0,0,0.3563673496246338,0,5ae20cd25542997283cd2376,,,,,
0,0,0.39510154724121094,0,5a7da3a95542990b8f5039e6,,,,,
0,0,0.13484406471252441,0,5ac2c22e5542990b17b15485,,,,,
0,0,0.13518023490905762,0,5ae4d3a55542990ba0bbb164,,,,,
0,0.2222222222222222,0.2085425853729248,0,5ac19f405542991316484b5b,,,,,
0,0,0.14296269416809082,0,5ac00278554299012d1db56b,,,,,
0,0,0.15101170539855957,0,5a7d2ecc5542995ed0d16629,,,,,
1,1.0,0.12323689460754395,0,5abd5a135542992ac4f3829f,,,,,
0,0.13333333333333333,0.25026655197143555,0,5ab8f33155429919ba4e237f,,,,,
0,0,0.12520527839660645,0,5a7f57a45542992097ad2f29,,,,,
0,0,0.2755930423736572,0,5a7e14a65542995ed0d16686,,,,,
0,0.4444444444444445,0.17880702018737793,0,5a859a755542992a431d1b6d,,,,,
0,0,0.47919583320617676,0,5ab4304a55429942dd415ec5,,,,,
0,0.11764705882352941,0.31966638565063477,0,5a81d54a55429903bc27b9d4,,,,,
0,0,0.23647141456604004,0,5a79257b55429974737f79a7,,,,,
0,0,0.4291388988494873,0,5ae5feaf5542996de7b71ac6,,,,,
0,0,0.4154670238494873,0,5ac1767a5542994d76dcce48,,,,,
0,0,0.14745831489562988,0,5a74feb75542996c70cfae6d,,,,,
0,0,0.1476585865020752,0,5adf3e835542993a75d26442,,,,,
1,1.0,0.1650533676147461,0,5ae608f2554299546bf83026,,,,,
0,0.6666666666666666,0.1200716495513916,0,5a88a6975542994846c1cea4,,,,,
1,1.0,0.10461068153381348,0,5a83f07455429933447460be,,,,,
0,0.11764705882352941,0.24697136878967285,0,5ab2979c554299449642c919,,,,,
0,0,0.2609543800354004,0,5a79131a554299148911f9e3,,,,,
1,1.0,0.11807847023010254,0,5a87d8355542993e715abfe4,,,,,
0,0.45454545454545453,0.2642996311187744,0,5a80707e5542992bc0c4a70e,,,,,
0,0,0.26423072814941406,0,5ab3f6935542992339550019,,,,,
0,0,0.126007080078125,0,5a81a84e5542990a1d231e4e,,,,,
0,0,0.13820791244506836,0,5ae5f1a8554299546bf82fd9,,,,,
0,0.4,0.12939858436584473,0,5a8a2a5555429930ff3c0ccc,,,,,
0,0.1111111111111111,0.38337087631225586,0,5adfeab455429942ec259b86,,,,,
0,0,0.36685967445373535,0,5abd56355542993062266c58,,,,,
0,0.4,0.22610807418823242,0,5a7e22ed5542995ed0d166a7,,,,,
0,0.14285714285714285,0.2872791290283203,0,5a881ea055429938390d3ef3,,,,,
0,0,0.41165804862976074,0,5ab4e48655429942dd415f9c,,,,,
0,0,0.41687655448913574,0,5a84bc5b5542991dd0999dc3,,,,,
0,0,0.576317548751831,0,5a739b1955429978a71e9044,,,,,
0,0.2222222222222222,0.40497851371765137,0,5adc368155429944faac2468,,,,,
0,0.5714285714285715,0.21984601020812988,0,5ac519a95542994611c8b38b,,,,,
0,0,0.4041481018066406,0,5a88abf75542997e5c09a6a1,,,,,
0,0.14285714285714285,0.2947561740875244,0,5ac3d90b5542995c82c4ac4b,,,,,
1,1.0,0.11902046203613281,0,5ab97d0a5542996be202051e,,,,,
0,0,0.11686921119689941,0,5a7553a95542996c70cfaedf,,,,,
0,0,0.12597203254699707,0,5adc035c554299438c868d04,,,,,
0,0.15384615384615385,0.27053117752075195,0,5ae60d36554299546bf8303e,,,,,
1,1.0,0.14345359802246094,0,5a7543d555429916b01642ce,,,,,
0,0,0.20853328704833984,0,5ae5d63b5542996de7b71a2d,,,,,
0,0.14285714285714285,0.2948613166809082,0,5ab442645542991751b4d70c,,,,,
0,0,0.3731663227081299,0,5a802bf05542992bc0c4a6b7,,,,,
0,0,0.14115428924560547,0,5ac072ef554299294b218fe4,,,,,
1,1.0,0.1190955638885498,0,5ab4b7d15542996a3a969fbc,,,,,
0,0,0.15357685089111328,0,5add1aa65542990d50227de1,,,,,
0,0,0.13169336318969727,0,5a7354d55542994cef4bc55a,,,,,
0,0,0.17693042755126953,0,5ade1c9e55429939a52fe822,,,,,
0,0.125,0.33427977561950684,0,5adce3b95542990d50227d56,,,,,
0,0,0.23375558853149414,0,5ac313a0554299741d48a1b0,,,,,
0,0,0.2602694034576416,0,5abf931f5542990832d3a158,,,,,
0,0,0.38752007484436035,0,5ae324775542994393b9e62f,,,,,
0,0.5,0.18541336059570312,0,5a79093955429974737f794b,,,,,
0,0.4,0.21245026588439941,0,5ade8bd955429975fa854f04,,,,,
0,0,0.44776487350463867,0,5a84a1c85542992a431d1a7c,,,,,
0,0,0.3241696357727051,0,5abed7d75542990832d3a0f7,,,,,
0,0,0.1974959373474121,0,5ae365205542990afbd1e12d,,,,,
0,0,0.3670992851257324,0,5a8f9dca55429918e830d295,,,,,
0,0.1818181818181818,0.30253148078918457,0,5ae61351554299546bf83066,,,,,
0,0,0.1486814022064209,0,5ae50c345542993aec5ec11f,,,,,
0,0,0.14536666870117188,0,5abcefc45542993a06baf9b4,,,,,
0,0.25,0.21885156631469727,0,5a887898554299206df2b2a2,,,,,
0,0,0.2149195671081543,0,5a803ed45542996402f6a496,,,,,
0,0,0.13219904899597168,0,5a8f97305542997ba9cb32e3,,,,,
0,0,0.30145931243896484,0,5ab5ceb65542997d4ad1f1e2,,,,,
0,0.6666666666666666,0.12138891220092773,0,5ae7e8f55542994a481bbe06,,,,,
0,0,0.4850139617919922,0,5a8c7ac2554299653c1aa08e,,,,,
0,0,0.44511938095092773,0,5a8192045542995ce29dcc04,,,,,
0,0,0.4858205318450928,0,5a866b5b554299211dda2b23,,,,,
0,0.25,0.3023719787597656,0,5ae1a525554299234fd042a9,,,,,
0,0,0.14429116249084473,0,5abb23035542992ccd8e7f22,,,,,
0,0,0.2533690929412842,0,5abce43855429959677d6b18,,,,,
0,0,0.22420001029968262,0,5a8e07185542995085b37389,,,,,
0,0,0.13641142845153809,0,5a8ed10b5542995085b374a0,,,,,
0,0.2666666666666667,0.3200347423553467,0,5adf2fa35542993344016c11,,,,,
0,0,0.4049971103668213,0,5a804e845542992bc0c4a6e9,,,,,
0,0.4,0.1633450984954834,0,5a78d06355429974737f78b4,,,,,
0,0,0.17186975479125977,0,5ac3dfee554299204fd21eab,,,,,
0,0,0.3145420551300049,0,5add48465542992200553a80,,,,,
0,0,0.1307668685913086,0,5a7c917e5542990527d554d3,,,,,
0,0,0.1674938201904297,0,5a7e6c725542991319bc94a4,,,,,
0,0.09999999999999999,0.4745292663574219,0,5a7558425542992db9473647,,,,,
0,0,0.37833285331726074,0,5a849cc95542997175ce1efa,,,,,
0,0,0.1279454231262207,0,5a84e9d35542994c784dda84,,,,,
0,0,0.23861169815063477,0,5ab6bdd255429953192ad36e,,,,,
0,0,0.5826683044433594,0,5ac3126f5542995ef918c0e8,,,,,
0,0,0.17845773696899414,0,5a81e04455429903bc27b9f9,,,,,
0,0,0.1093590259552002,0,5ab3d2b7554299233954ffb8,,,,,
0,0.3333333333333333,0.1561291217803955,0,5a8d1f015542994ba4e3dc08,,,,,
0,0,0.13749384880065918,0,5adf8d275542993344016cfb,,,,,
0,0.5,0.1635119915008545,0,5a7949d45542994bb9456fdd,,,,,
0,0,0.33344030380249023,0,5aba0c2655429955dce3edb7,,,,,
0,0,0.29409265518188477,0,5a89bbb05542992e4fca83a3,,,,,
0,0,0.1401231288909912,0,5ab4b2935542996a3a969fb5,,,,,
0,0,0.10384869575500488,0,5a7cf4e355429907fabef062,,,,,
0,0,0.885422945022583,0,5ab2be12554299295394686b,,,,,
0,0,0.10513854026794434,0,5a7cd5b05542990527d5553d,,,,,
0,0.2727272727272727,0.4134964942932129,0,5a70f4c45542994082a3e437,,,,,
0,0,0.16930937767028809,0,5ae0818e55429924de1b70e9,,,,,
0,0.125,0.2423417568206787,0,5adfb60655429942ec259b08,,,,,
0,0,0.3503990173339844,0,5ab5de535542992aa134a3b6,,,,,
0,0,0.1115255355834961,0,5ac2ffe7554299218029dbb3,,,,,
0,0,0.28971028327941895,0,5a8769475542993e715abf2b,,,,,
0,0,0.1624307632446289,0,5a77f4755542992a6e59e01f,,,,,
0,0.14285714285714285,0.3303239345550537,0,5a78caa955429970f5fffd83,,,,,
0,0,0.10635161399841309,0,5a8790785542993e715abfac,,,,,
0,0,0.19566750526428223,0,5ab6bb575542995eadef0088,,,,,
0,0,0.4181070327758789,0,5ac2cdaa554299657fa29070,,,,,
0,0.10526315789473684,0.4927403926849365,0,5a729fa15542994cef4bc397,,,,,
0,0,0.1083993911743164,0,5ae64ffd5542992ae0d162ce,,,,,
0,0.5,0.14344239234924316,0,5a88a1e55542997e5c09a64d,,,,,
0,0,0.32907533645629883,0,5ac34994554299741d48a242,,,,,
0,0.2857142857142857,0.14885258674621582,0,5ae382ee5542992e3233c430,,,,,
0,0,0.20703840255737305,0,5a8a40015542996c9b8d5e72,,,,,
0,0,0.23262643814086914,0,5a8810485542997e5c09a590,,,,,
0,0,0.4763627052307129,0,5a7249b85542990c210a40b9,,,,,
0,0,0.2773113250732422,0,5ae7281c5542991e8301cb69,,,,,
0,0,0.26117491722106934,0,5a888d535542997e5c09a617,,,,,
0,0,0.15726280212402344,0,5ae48c4e55429913cc204498,,,,,
0,0,0.1604008674621582,0,5a7e05635542995f4f40238f,,,,,
0,0,0.3363933563232422,0,5ae3fec55542995dadf242a4,,,,,
0,0,0.2677488327026367,0,5add39c45542995b365faac5,,,,,
0,0,0.14183545112609863,0,5a90629855429916514e749e,,,,,
0,0,0.15105509757995605,0,5a85e2775542994775f60680,,,,,
0,0.09523809523809525,0.40053725242614746,0,5abba17a5542992ccd8e7f60,,,,,
0,0,0.21510958671569824,0,5a8ece2e5542995085b37497,,,,,
0,0,0.9030740261077881,0,5a7a749d5542994f819ef1e0,,,,,
0,0,0.33222174644470215,0,5a7e075c5542995f4f4023a3,,,,,
0,0,0.2825336456298828,0,5abcfcf0554299114383a1b4,,,,,
0,0,0.3694162368774414,0,5a78ed6855429970f5fffdd9,,,,,
0,0,0.10339879989624023,0,5a8be8215542995e66a47518,,,,,
0,0,0.1313328742980957,0,5a8f495c5542997ba9cb3220,,,,,
0,0,0.11321520805358887,0,5a7db62d5542997cc2c4747c,,,,,
0,0,0.36610960960388184,0,5ae5db98554299546bf82fa6,,,,,
1,1.0,0.12526202201843262,0,5a8a423255429930ff3c0d30,,,,,
0,0.21052631578947367,0.38994669914245605,0,5a80fb97554299260e20a1eb,,,,,
0,0,0.16299152374267578,0,5ab27587554299449642c8af,,,,,
0,0.25,0.1950225830078125,0,5a7c74a65542990527d554b0,,,,,
0,0.16,0.5155372619628906,0,5a7ff71a5542992e7d278dd0,,,,,
0,0,0.4985051155090332,0,5a89bf18554299669944a591,,,,,
0,0,0.12260651588439941,0,5ae22f4e5542996483e6492f,,,,,
0,0,0.13212919235229492,0,5ab8c3c65542991b5579effd,,,,,
0,0,0.30315279960632324,0,5a7d61645542997cc2c47455,,,,,
0,0,0.27387571334838867,0,5a82d71555429966c78a6a94,,,,,
0,0,0.23082256317138672,0,5a8ae5d355429970aeb70325,,,,,
0,0,0.13224148750305176,0,5abccf6755429965836004ab,,,,,
0,0.5,0.12820672988891602,0,5adcfc135542990d50227d87,,,,,
0,0,0.12180614471435547,0,5a77c15f5542997042120b1c,,,,,
0,0,0.10164809226989746,0,5a9064c755429916514e74a6,,,,,
0,0,0.12917804718017578,0,5ab43b755542991779162c21,,,,,
0,0.16666666666666669,0.2662200927734375,0,5adf39765542993a75d26435,,,,,
0,0,0.10717654228210449,0,5a8ccea555429941ae14deeb,,,,,
0,0,0.11715149879455566,0,5ab6390f5542995eadeeff7a,,,,,
1,1.0,0.14253020286560059,0,5abd4f2e5542993062266c4b,,,,,
0,0,0.2289423942565918,0,5ac0d981554299012d1db646,,,,,
0,0,0.3269350528717041,0,5a7c716d55429935c91b51b3,,,,,
0,0,0.3497152328491211,0,5a77a44d5542997042120aba,,,,,
0,0.5,0.15196752548217773,0,5a7cd0fd55429909bec76823,,,,,
0,0,0.5961318016052246,0,5ac2a55b55429921a00ab018,,,,,
0,0,0.11477017402648926,0,5ab8ca5d5542991b5579f005,,,,,
0,0,0.20842385292053223,0,5ac3f1c9554299204fd21ed4,,,,,
0,0.125,0.3300800323486328,0,5ac559bd5542993e66e82328,,,,,
0,0,0.09170722961425781,0,5ade00855542997dc7907118,,,,,
0,0,0.3051795959472656,0,5a8e61165542995085b3741a,,,,,
0,0,0.1932075023651123,0,5abd05e655429965836004f1,,,,,
0,0.05714285714285715,0.5158257484436035,0,5a7fb1765542992e7d278d20,,,,,
0,0,0.4933340549468994,0,5a722c2255429971e9dc932c,,,,,
1,1.0,0.1430976390838623,0,5ae1408a5542997b2ef7d17c,,,,,
1,1.0,0.12042927742004395,0,5a7562045542992db947364f,,,,,
0,0.14814814814814817,0.28989386558532715,0,5ae6233c5542992ae0d1623e,,,,,
0,0,0.15261363983154297,0,5a7cb94f554299683c1c6353,,,,,
0,0,0.17299628257751465,0,5ae17d6855429901ffe4aea7,,,,,
0,0,0.1792740821838379,0,5ae69fa755429908198fa66c,,,,,
0,0,0.13901233673095703,0,5ab56e085542992aa134a315,,,,,
0,0.3333333333333333,0.16731023788452148,0,5a79305755429907847277dd,,,,,
0,0,0.11838626861572266,0,5a7b18d25542992d025e6768,,,,,
0,0.4444444444444445,0.20508098602294922,0,5add56a85542992200553abe,,,,,
0,0.09523809523809525,0.3732767105102539,0,5ab44cd555429942dd415f10,,,,,
0,0,0.24913358688354492,0,5a7140585542994082a3e6fa,,,,,
0,0.1111111111111111,0.4037594795227051,0,5ae1f079554299234fd04343,,,,,
0,0,0.3275265693664551,0,5ab4314955429942dd415ecd,,,,,
0,0,0.22246837615966797,0,5ae3249555429928c423962f,,,,,
0,0,0.15041685104370117,0,5a89ba6b554299669944a584,,,,,
0,0.1111111111111111,0.38808465003967285,0,5ae226bd5542994d89d5b379,,,,,
0,0,0.1275193691253662,0,5ae0156455429942ec259c15,,,,,
0,0,0.14410829544067383,0,5a7b85c4554299294a54a9d7,,,,,
0,0.11764705882352941,0.3671581745147705,0,5ab262a4554299340b5254ac,,,,,
0,0,0.1056358814239502,0,5a81d81e554299676cceb0f6,,,,,
0,0,0.12561941146850586,0,5abee2df5542994516f4546a,,,,,
0,0.8,0.15170764923095703,0,5ac42ae45542997ea680ca18,,,,,
0,0,0.15071821212768555,0,5abdf72055429976d4830a37,,,,,
0,0.13333333333333333,0.37289857864379883,0,5ae618325542996de7b71b56,,,,,
0,0,0.1372547149658203,0,5a8fdd9c55429916514e73de,,,,,
0,0,0.357480525970459,0,5a875b2a5542993e715abf0f,,,,,
0,0,0.1874995231628418,0,5a8ac44055429970aeb70304,,,,,
0,0,0.2739434242248535,0,5ab55a9b5542992aa134a2ba,,,,,
0,0.25,0.535581111907959,0,5a88c92d5542993b751ca84e,,,,,
0,0,0.14383244514465332,0,5ab972485542996be20204f6,,,,,
0,0,0.452495813369751,0,5adcaa7f5542990d50227cdb,,,,,
0,0,0.1326913833618164,0,5a7933b255429907847277eb,,,,,
0,0.3636363636363636,0.2533736228942871,0,5ae30d4b55429928c42395cc,,,,,
0,0,0.2376420497894287,0,5a7a6c1a5542994f819ef1d5,,,,,
0,0,0.1549372673034668,0,5adfdd1c55429906c02daa74,,,,,
0,0,0.16773080825805664,0,5a7265815542990c210a411b,,,,,
0,0.33333333333333337,0.17690038681030273,0,5a8c5794554299240d9c2131,,,,,
0,0,0.4003574848175049,0,5a85ac1e5542997b5ce4001f,,,,,
0,0,0.2367267608642578,0,5a7a45425542990783324ee2,,,,,
0,0,0.4010274410247803,0,5abc40835542993a06baf8ba,,,,,
0,0,0.1919398307800293,0,5a883afc5542994846c1ce48,,,,,
0,0,0.14666962623596191,0,5ae0b68e55429906c02daafb,,,,,
0,0,0.34163689613342285,0,5a7dacff5542991319bc93e0,,,,,
0,0.1904761904761905,0.38832545280456543,0,5adf6f075542993344016c91,,,,,
0,0,0.31401658058166504,0,5a7be1ab5542997c3ec972a9,,,,,
0,0,0.32082653045654297,0,5a8753d95542994846c1cd63,,,,,
0,0,0.165069580078125,0,5a794f8155429970f5fffe95,,,,,
0,0,0.12865376472473145,0,5ab53bee554299637185c526,,,,,
0,0,0.21978759765625,0,5ac1a5b45542991316484b8b,,,,,
0,0,0.14065098762512207,0,5a79edfe5542990198eaf006,,,,,
0,0,0.3868138790130615,0,5a72a3c45542994cef4bc3ac,,,,,
0,0.125,0.32033610343933105,0,5abfd3d65542994516f4550b,,,,,
0,0,0.23181366920471191,0,5ae39fb85542990afbd1e197,,,,,
0,0,0.10665321350097656,0,5a7e1a2955429965cec5ea5d,,,,,
0,0,0.27485013008117676,0,5ab7bf3f5542991d322237a8,,,,,
0,0.13333333333333333,0.13140392303466797,0,5a837121554299123d8c2128,,,,,
0,0,0.19951343536376953,0,5ae616ce5542992663a4f259,,,,,
0,0,0.3805248737335205,0,5ae375955542990afbd1e15d,,,,,
0,0,0.12373161315917969,0,5abcff225542993a06baf9ea,,,,,
0,0,0.14140033721923828,0,5a74f5155542993748c89750,,,,,
0,0,0.36749815940856934,0,5ab5c31b554299488d4d9a19,,,,,
0,0.3076923076923077,0.2932932376861572,0,5ab7f3285542992aa3b8c88f,,,,,
0,0,0.1278214454650879,0,5a7f53ff5542992097ad2f17,,,,,
0,0,0.3107895851135254,0,5a7b88165542997c3ec971fe,,,,,
0,0,0.26807475090026855,0,5a7b3ec95542995eb53be8d3,,,,,
0,0,0.12554502487182617,0,5ae4843455429970de88d997,,,,,
0,0,0.31235313415527344,0,5a73d951554299623ed4ac77,,,,,
0,0,0.3304576873779297,0,5adce22c5542990d50227d51,,,,,
0,0,0.3347952365875244,0,5ab412da5542996a3a969f15,,,,,
0,0.4444444444444445,0.22377300262451172,0,5a762cf0554299109176e6a4,,,,,
0,0,0.3793144226074219,0,5a7ddd565542997cc2c474b2,,,,,
0,0,0.4540843963623047,0,5a7b4073554299042af8f733,,,,,
0,0,0.10193467140197754,0,5a873b0d5542994775f607ad,,,,,
0,0.4444444444444445,0.1529405117034912,0,5a778cae55429949eeb29eeb,,,,,
0,0,0.12766027450561523,0,5a7c00a55542996dd594b87e,,,,,
0,0,0.15119385719299316,0,5a8f68795542992414482ab5,,,,,
0,0.15384615384615385,0.35543155670166016,0,5a8b6f9a5542995d1e6f138f,,,,,
0,0.6666666666666666,0.13534164428710938,0,5add98ef5542997545bbbd82,,,,,
0,0,0.4139688014984131,0,5a7a5cc955429941d65f25d6,,,,,
0,0,0.1867666244506836,0,5adc9d145542994d58a2f67d,,,,,
1,1.0,0.10858702659606934,0,5a8af05d55429950cd6afc1a,,,,,
0,0,0.4288523197174072,0,5ae8164d5542994a481bbeb6,,,,,
0,0,0.2128446102142334,0,5a8fdb955542990a98493572,,,,,
0,0,0.5423300266265869,0,5abc6c2655429959677d6aac,,,,,
0,0,0.2285785675048828,0,5a81a4615542995ce29dcc1e,,,,,
1,1.0,0.13202643394470215,0,5a827ce155429940e5e1a8d7,,,,,
0,0,0.12508726119995117,0,5a81f49c5542995ce29dcc9a,,,,,
0,0,0.13271164894104004,0,5a82bdd655429940e5e1a92a,,,,,
0,0,0.15747308731079102,0,5a8457835542990548d0b28a,,,,,
0,0.21052631578947367,0.4713704586029053,0,5ae00a27554299025d62a3bb,,,,,
0,0,0.17636966705322266,0,5ae4aba25542995ad6573e12,,,,,
0,0,0.11583161354064941,0,5ade99ad554299728e26c75d,,,,,
0,0,0.21997499465942383,0,5ab3c470554299233954ffa1,,,,,
0,0,0.296553373336792,0,5abca1a55542993a06baf937,,,,,
0,0.25,0.21457767486572266,0,5ab56db7554299494045efc6,,,,,
0,0.125,0.37937283515930176,0,5a905f2a55429933b8a204fb,,,,,
0,0.8333333333333333,0.19363713264465332,0,5ab9379a554299753720f79d,,,,,
0,0,0.285841703414917,0,5adc861c5542994d58a2f62c,,,,,
0,0,0.11274194717407227,0,5ae5e62455429929b0807a07,,,,,
0,0,0.27312636375427246,0,5ae64b1d55429929b0807b24,,,,,
0,0,0.5031232833862305,0,5a71299e5542994082a3e5fe,,,,,
1,1.0,0.1310112476348877,0,5aba7bb4554299232ef4a2ee,,,,,
0,0.28571428571428575,0.1650848388671875,0,5a71446b5542994082a3e72a,,,,,
0,0,0.17942023277282715,0,5a78fe8155429970f5fffe11,,,,,
0,0.19999999999999998,0.2251889705657959,0,5adddb415542992200553b61,,,,,
0,0.3636363636363636,0.254382848739624,0,5a7545605542993748c89807,,,,,
0,0,1.2342922687530518,0,5a90bdea55429916514e754b,,,,,
0,0,0.14576148986816406,0,5abde4ed5542991f66106097,,,,,
0,0.125,0.5156526565551758,0,5a7b4fee554299042af8f748,,,,,
0,0,0.18274879455566406,0,5ab527205542996a3a96a03d,,,,,
0,0,0.13321876525878906,0,5adf5cd25542992d7e9f9320,,,,,
0,0.14285714285714288,0.2915337085723877,0,5a77d5e655429967ab1052cc,,,,,
0,0.2105263157894737,0.33476924896240234,0,5a7bb16f554299294a54aa9f,,,,,
0,0,0.12961506843566895,0,5abebb8f5542994516f4540a,,,,,
0,0,0.44830918312072754,0,5adfa451554299025d62a319,,,,,
0,0,0.40515899658203125,0,5ab34a76554299233954ff3f,,,,,
0,0,0.22982358932495117,0,5ae178a155429901ffe4ae92,,,,,
0,0,0.27403998374938965,0,5a823f61554299676cceb234,,,,,
0,0,0.12883257865905762,0,5abefa5b5542997ec76fd3a3,,,,,
0,0,0.136521577835083,0,5abe80a855429976d4830b43,,,,,
0,0,0.422879695892334,0,5a7698c2554299373536010d,,,,,
0,0.4,0.14278841018676758,0,5abd85375542993062266cba,,,,,
0,0,0.13827943801879883,0,5a8de7c65542995085b37353,,,,,
0,0,0.18385052680969238,0,5a734f4455429901807dafba,,,,,
0,0.10526315789473684,0.7543840408325195,0,5a7647505542992d0ec06089,,,,,
0,0,0.10453367233276367,0,5a8f9c3f554299458435d69a,,,,,
0,0.5,0.11472010612487793,0,5ae0aefe554299603e418437,,,,,
0,0,0.29773926734924316,0,5ab93841554299131ca422cb,,,,,
0,0.6666666666666666,0.15019750595092773,0,5a749af055429979e28829b7,,,,,
0,0,0.23220133781433105,0,5ab587ad5542992aa134a34b,,,,,
0,0,0.4568495750427246,0,5a8d9e0f554299441c6ba015,,,,,
0,0,0.1223139762878418,0,5ae0039555429942ec259be1,,,,,
0,0.4,0.26444482803344727,0,5ae4758b5542995dadf24342,,,,,
0,0,0.13058710098266602,0,5a7280105542994cef4bc2e4,,,,,
0,0,0.24537301063537598,0,5a8b922e55429949d91db5e6,,,,,
0,0,0.26851725578308105,0,5a89fa2655429970aeb701d2,,,,,
0,0.25,0.22341489791870117,0,5ac2a3c7554299218029dadb,,,,,
0,0.4444444444444445,0.22615909576416016,0,5a75f0bf5542994ccc91866b,,,,,
0,0,0.17412590980529785,0,5a7bb2595542995eb53be99b,,,,,
0,0,1.1046051979064941,0,5ae3a1aa5542994393b9e72d,,,,,
0,0,0.5162367820739746,0,5ab65e1e55429954757d3261,,,,,
0,0.15384615384615385,0.25082993507385254,0,5a8078e95542992bc0c4a72c,,,,,
0,0,0.30724477767944336,0,5a72160e55429971e9dc9253,,,,,
0,0.13333333333333333,0.32917070388793945,0,5ab981555542996be2020532,,,,,
0,0.1111111111111111,0.44533252716064453,0,5ac15de55542991316484afb,,,,,
1,1.0,0.13904213905334473,0,5a76538d5542992db9473764,,,,,
0,0,0.32990074157714844,0,5abeb7eb5542993fe9a41d1f,,,,,
0,0,0.14248371124267578,0,5ab4832e5542991751b4d79d,,,,,
0,0.26666666666666666,0.34909486770629883,0,5adf33a05542993344016c22,,,,,
0,0,0.7581825256347656,0,5a84c4bb5542991dd0999dec,,,,,
0,0,0.2853553295135498,0,5adc7b855542994650320d1e,,,,,
0,0.5,0.15566015243530273,0,5a7a2be25542996a35c17118,,,,,
0,0,0.47832369804382324,0,5a8016215542992bc0c4a6a3,,,,,
0,0,0.2342231273651123,0,5adce3265542992c1e3a2466,,,,,
0,0,0.38630223274230957,0,5ae8096f5542994a481bbe99,,,,,
0,0.5,0.18167924880981445,0,5a776b82554299373536026f,,,,,
0,0.5714285714285715,0.1806643009185791,0,5a78eea555429970f5fffddf,,,,,
0,0.6666666666666666,0.11900687217712402,0,5a816db055429903bc27b961,,,,,
0,0.08000000000000002,0.3917570114135742,0,5abfca465542993fe9a41e65,,,,,
0,0.13333333333333336,0.3340637683868408,0,5a75d8dc5542992db94736f0,,,,,
0,0.5,0.1666278839111328,0,5ac3d667554299076e296ca5,,,,,
0,0.09523809523809523,0.42678284645080566,0,5ae52cb955429908b6326540,,,,,
0,0.10526315789473684,0.41732096672058105,0,5ac17c025542994d76dcce70,,,,,
0,0,0.20706582069396973,0,5abde4595542991f66106095,,,,,
0,0,0.35012292861938477,0,5abe18e055429976d4830a74,,,,,
0,0,0.37506842613220215,0,5a7fac0055429969796c1b1b,,,,,
0,0,0.1256852149963379,0,5ab984a2554299131ca4235a,,,,,
0,0,0.3863792419433594,0,5a84d2775542994c784dda5f,,,,,
0,0.24,0.26931214332580566,0,5a7324205542994cef4bc478,,,,,
0,0,0.3580141067504883,0,5ab28c73554299340b525512,,,,,
0,0.3333333333333333,0.28011393547058105,0,5a8b91d25542995d1e6f13fc,,,,,
0,0.15384615384615385,0.2737312316894531,0,5ac2759655429921a00aaf7f,,,,,
0,0,0.16165971755981445,0,5ac2eaab5542990b17b154a4,,,,,
0,0,0.36574769020080566,0,5ab93262554299131ca422b6,,,,,
0,0,0.19979381561279297,0,5a85ebe75542996432c5712a,,,,,
0,0,0.38046693801879883,0,5ae6a5d15542991bbc97615d,,,,,
0,0.07692307692307691,0.38546156883239746,0,5ae54c085542992663a4f1c4,,,,,
0,0,0.2319653034210205,0,5ac248fd55429951e9e68525,,,,,
0,0,0.20011019706726074,0,5add16b65542990d50227dd2,,,,,
0,0.15384615384615385,0.30194878578186035,0,5a84cd4b5542991dd0999dfe,,,,,
0,0.05263157894736842,0.9418280124664307,0,5a81f85d55429926c1cdadca,,,,,
0,0,0.49326252937316895,0,5a7c35025542996dd594b8d7,,,,,
0,0,0.1208035945892334,0,5a774c0155429966f1a36ce2,,,,,
0,0,0.23641133308410645,0,5ab2c6a955429916697740c2,,,,,
0,0,0.13480639457702637,0,5ae5e0a6554299546bf82fa9,,,,,
1,1.0,0.12089157104492188,0,5abd1b6e55429933744ab729,,,,,
0,0,0.4745790958404541,0,5ae3d4345542992f92d82387,,,,,
0,0,0.4607982635498047,0,5a82a91155429940e5e1a911,,,,,
0,0,0.411283016204834,0,5ab5ecd75542992aa134a3e6,,,,,
0,0,0.17821526527404785,0,5a8e1577554299068b959e54,,,,,
0,0,0.5038516521453857,0,5a7c8cea55429935c91b5214,,,,,
0,0,0.13615107536315918,0,5ae532365542992663a4f150,,,,,
0,0.125,0.30152010917663574,0,5ae1467a554299422ee99659,,,,,
0,0.11764705882352941,0.37695837020874023,0,5a80b322554299485f5986c8,,,,,
0,0,0.20494556427001953,0,5abe044d5542991f661060a7,,,,,
0,0,0.11983609199523926,0,5ab2b666554299194fa934ca,,,,,
0,0,0.5586128234863281,0,5a75404a55429916b01642be,,,,,
0,0.3333333333333333,0.30701541900634766,0,5adc411f5542994650320cbc,,,,,
0,0.15384615384615383,0.2839071750640869,0,5ae01b8855429925eb1afc14,,,,,
0,0,0.22295427322387695,0,5a8c49655542995e66a47598,,,,,
0,0,0.27442312240600586,0,5a79c9cc554299148911fa53,,,,,
0,0,0.14428472518920898,0,5abf8e135542990832d3a14f,,,,,
0,0,0.2893199920654297,0,5adcf83855429947343537e1,,,,,
0,0,0.12024378776550293,0,5abcd19c5542993a06baf971,,,,,
0,0,0.10592865943908691,0,5ab816b05542990e739ec815,,,,,
0,0,0.2565743923187256,0,5ab3bfd3554299233954ff99,,,,,
0,0.25,0.2047879695892334,0,5ae55b8255429908b63265ef,,,,,
0,0.22222222222222224,0.1881728172302246,0,5a7108fa5542994082a3e4ef,,,,,
0,0,0.342745304107666,0,5ae34b275542992e3233c371,,,,,
0,0,0.13116097450256348,0,5a812cd555429926c1cdacfc,,,,,
0,0,0.14659786224365234,0,5ade063d5542995b365fabcd,,,,,
0,0,0.13744425773620605,0,5ac4efa85542991943173a04,,,,,
0,0,0.11437654495239258,0,5ab33ef955429969a97a810e,,,,,
0,0.2,0.4010334014892578,0,5a7df7115542990b8f503b0f,,,,,
0,0.26666666666666666,0.23687028884887695,0,5adfd0d455429942ec259b4d,,,,,
0,0,0.16708588600158691,0,5a7f697c5542992097ad2f59,,,,,
0,0,0.19879770278930664,0,5ab5ec795542997d4ad1f252,,,,,
0,0.4,0.15890169143676758,0,5ab5f249554299488d4d9a5d,,,,,
0,0,0.10909366607666016,0,5a810d7655429903bc27b915,,,,,
0,0,0.28182554244995117,0,5ac00de75542996f0d89cb13,,,,,
0,0,0.3279602527618408,0,5adecc7755429975fa854f9d,,,,,
0,0.5,0.12942004203796387,0,5a7412b655429979e28828a1,,,,,
0,0,0.11164522171020508,0,5ab484415542990594ba9c44,,,,,
0,0,0.42017292976379395,0,5ac1436f5542991316484aad,,,,,
0,0,0.34618043899536133,0,5ab234c65542993be8fa98c6,,,,,
0,0,0.3608427047729492,0,5a775bd65542993569682d6b,,,,,
0,0.8571428571428571,0.14026498794555664,0,5add67705542992ae4cec54f,,,,,
0,0,0.2675316333770752,0,5a74b55455429974ef308c39,,,,,
0,0,0.40648818016052246,0,5a89e4585542992e4fca8454,,,,,
0,0,0.45383286476135254,0,5ae32fc655429928c423965d,,,,,
0,0.0909090909090909,0.3704540729522705,0,5abaf0ec5542996cc5e49f22,,,,,
0,0,0.1530604362487793,0,5a80b52f554299485f5986d6,,,,,
0,0,0.43304920196533203,0,5a7c47c35542990527d55481,,,,,
0,0,0.15939831733703613,0,5ab487765542990594ba9c4e,,,,,
0,0,0.3798408508300781,0,5ae72e79554299572ea54763,,,,,
0,0.1111111111111111,0.35954809188842773,0,5a8672e4554299211dda2b39,,,,,
0,0,0.1356518268585205,0,5a8e27d45542995a26add46a,,,,,
0,0.6666666666666666,0.13943123817443848,0,5ac3d10b5542993915413952,,,,,
0,0,0.2973153591156006,0,5ae37b4d5542991a06ce99ce,,,,,
0,0.25,0.21497035026550293,0,5a7f010955429934daa2fc8b,,,,,
0,0.3333333333333333,0.12496232986450195,0,5ac3b4cc554299741d48a2eb,,,,,
0,0,0.2702903747558594,0,5a8f55aa554299458435d5bc,,,,,
0,0,0.12689566612243652,0,5ab4147a5542996a3a969f1e,,,,,
0,0,0.11442112922668457,0,5a7b40cd5542995eb53be8d4,,,,,
0,0,0.42464661598205566,0,5ae3e59a5542994393b9e79e,,,,,
0,0,0.6862823963165283,0,5ae34a225542992e3233c370,,,,,
0,0,0.36165952682495117,0,5ab950bd55429970cfb8ea4c,,,,,
0,0.5,0.12871861457824707,0,5a8ed8b955429917b4a5bdd3,,,,,
0,0,0.12302947044372559,0,5ae45b6b55429970de88d943,,,,,
0,0,0.13564348220825195,0,5a8ff69655429916514e73f1,,,,,
0,0,0.262326717376709,0,5ab4b9f75542990594ba9ca4,,,,,
0,0,0.1487128734588623,0,5aba97ed55429901930fa84d,,,,,
0,0,0.13618206977844238,0,5a7af8fa55429927d897bf25,,,,,
0,0,0.1533203125,0,5a8d09a955429941ae14df71,,,,,
0,0,0.19438982009887695,0,5a8727dd5542991e771816f8,,,,,
0,0,0.1972343921661377,0,5adbfb6b55429947ff17388d,,,,,
0,0.2857142857142857,0.35327625274658203,0,5ae494575542995dadf2434d,,,,,
0,0,0.1680774688720703,0,5a808b57554299485f598651,,,,,
0,0.15384615384615385,0.33800220489501953,0,5a8b59a65542995d1e6f137c,,,,,
0,0,0.14841246604919434,0,5ac06191554299294b218fab,,,,,
0,0.06896551724137931,0.5300498008728027,0,5a8205b755429926c1cdadee,,,,,
0,0,0.28133130073547363,0,5ae2090a5542997f29b3c214,,,,,
0,0,0.11854147911071777,0,5ae4ad375542995dadf243a4,,,,,
0,0,0.11132311820983887,0,5a716a9b5542994082a3e821,,,,,
0,0,0.11611676216125488,0,5ab674b7554299110f219a0c,,,,,
0,0,0.18687844276428223,0,5ac370ce5542995ef918c18c,,,,,
0,0,0.46502089500427246,0,5ae76c235542991e8301cc97,,,,,
0,0,0.14106178283691406,0,5a7e05f75542995f4f402394,,,,,
1,1.0,0.1016085147857666,0,5ab7f1315542991d322237d1,,,,,
0,0.2222222222222222,0.4365980625152588,0,5a8b6ac055429949d91db5a5,,,,,
0,0,0.12078976631164551,0,5ab9535a5542996be202047e,,,,,
0,0,0.20830678939819336,0,5a7c0aa15542997c3ec972cd,,,,,
0,0.4,0.1786496639251709,0,5ab6ba045542995eadef007e,,,,,
0,0.10526315789473685,0.3825092315673828,0,5ab89cc25542991b5579efc3,,,,,
0,0,0.3484768867492676,0,5ae1e2765542997f29b3c162,,,,,
0,0,0.18013548851013184,0,5ae5e762554299546bf82faf,,,,,
0,0,0.46311163902282715,0,5a75428b55429916b01642c8,,,,,
0,0,0.20432138442993164,0,5a84b5975542991dd0999da3,,,,,
0,0,0.26200366020202637,0,5a7797a555429967ab105208,,,,,
0,0.15384615384615385,0.29134559631347656,0,5abe64bf55429976d4830b13,,,,,
1,1.0,0.1259317398071289,0,5a7af74e55429931da12c9b5,,,,,
0,0,0.12644720077514648,0,5adea19a55429939a52fe919,,,,,
0,0,0.09772777557373047,0,5addffff5542992200553bdd,,,,,
0,0.19047619047619044,0.4107487201690674,0,5adce4f65542992c1e3a2474,,,,,
0,0,0.12593388557434082,0,5a85f4425542994775f606c4,,,,,
0,0.1111111111111111,0.32780885696411133,0,5ab7f27e5542991d322237d6,,,,,
0,0,0.279965877532959,0,5ae236445542992decbdcc69,,,,,
0,0,0.17629551887512207,0,5ab8397155429919ba4e2272,,,,,
0,0,0.40755391120910645,0,5a88016b5542997e5c09a58a,,,,,
0,0,0.3358626365661621,0,5ac2cb125542996773102626,,,,,
0,0.11764705882352941,0.3279116153717041,0,5a7220f055429971e9dc92ac,,,,,
0,0.5,0.18330788612365723,0,5a7a073a5542990783324dfb,,,,,
0,0,0.11576962471008301,0,5ab985eb554299131ca42360,,,,,
0,0,0.12850356101989746,0,5a84abaf5542997b5ce3ff06,,,,,
0,0,0.9152560234069824,0,5ab8883455429916710eb084,,,,,
0,0.13333333333333333,0.2528057098388672,0,5a80caac554299260e20a161,,,,,
0,0,0.13802242279052734,0,5a7b6e1d5542997c3ec9716e,,,,,
0,0,0.12084317207336426,0,5ab935c755429934fafe6e74,,,,,
0,0.09999999999999999,0.37528443336486816,0,5a8e3f2d5542995a26add48f,,,,,
0,0.33333333333333337,0.3388559818267822,0,5a89da93554299669944a5cc,,,,,
0,0,0.16472601890563965,0,5a7efd2f5542994959419a9c,,,,,
0,0,0.5851287841796875,0,5abed4d55542990832d3a0e0,,,,,
0,0,0.13354063034057617,0,5abd583255429924427fcfb9,,,,,
0,0.07407407407407408,0.5016312599182129,0,5ae684fe5542991bbc97610e,,,,,
0,0.1904761904761905,0.5465545654296875,0,5ab2958c554299449642c912,,,,,
0,0,0.1406564712524414,0,5a7c6753554299683c1c62f9,,,,,
0,0,0.5041923522949219,0,5a74bfa55542996c70cfadcf,,,,,
0,0,0.1620328426361084,0,5aba55f25542994dbf0198e0,,,,,
0,0,0.43888187408447266,0,5ac507825542994611c8b32b,,,,,
0,0,0.8729872703552246,0,5a79258a55429974737f79a8,,,,,
0,0.8,0.1353285312652588,0,5a7f732d5542992e7d278d02,,,,,
0,0,0.3207845687866211,0,5a87c7dc5542996e4f30891b,,,,,
0,0,0.18199777603149414,0,5a7769a35542993569682d8f,,,,,
0,0,0.4018290042877197,0,5a712c4b5542994082a3e622,,,,,
0,0,0.18006610870361328,0,5addd5795542990dbb2f7e9d,,,,,
1,1.0,0.14568591117858887,0,5a7a77425542995eb53be83e,,,,,
0,0,0.11529016494750977,0,5a84995d5542997b5ce3fee4,,,,,
0,0,0.1301131248474121,0,5a7e618155429949594199b0,,,,,
0,0,0.4492340087890625,0,5ac258cc554299636651998e,,,,,
0,0,0.7398104667663574,0,5adf75e35542993344016c98,,,,,
0,0,0.11606812477111816,0,5a775f8a5542994aec3b72ba,,,,,
0,0,0.2988564968109131,0,5a84b7db5542991dd0999db0,,,,,
0,0,0.319500207901001,0,5abe024c5542991f661060a2,,,,,
0,0,0.08559226989746094,0,5ac5391e5542994611c8b439,,,,,
0,0,0.17801928520202637,0,5abff0625542997ec76fd476,,,,,
0,0,0.10354876518249512,0,5ae277575542996483e649b2,,,,,
0,0,0.19397974014282227,0,5a7ca0ef55429907fabeefd3,,,,,
0,0,0.3819591999053955,0,5ae3eeb25542995dadf2425e,,,,,
1,1.0,0.13091349601745605,0,5a886098554299206df2b248,,,,,
0,0.25,0.140214204788208,0,5ae1e9635542997f29b3c19e,,,,,
1,1.0,0.13131189346313477,0,5a85b0c85542994c784ddb40,,,,,
0,0,0.3294637203216553,0,5abe9f7d5542997ec76fd331,,,,,
0,0,0.14253830909729004,0,5ae692e35542996d980e7c0e,,,,,
0,0,0.31607556343078613,0,5a762f4755429976ec32bd44,,,,,
0,0,0.4769742488861084,0,5ae763aa5542995703ce8c09,,,,,
0,0,0.17814087867736816,0,5adfe6c455429906c02daa85,,,,,
0,0,0.38478970527648926,0,5a8230af554299676cceb227,,,,,
1,1.0,0.1691150665283203,0,5a79240955429974737f79a4,,,,,
0,0,0.36856913566589355,0,5a888b8e5542997e5c09a60a,,,,,
0,0.36363636363636365,0.18135428428649902,0,5ab529965542990594ba9d1e,,,,,
0,0,0.31012487411499023,0,5abe3f3455429976d4830aa8,,,,,
0,0,0.13527846336364746,0,5ae352285542994393b9e685,,,,,
0,0,0.4373490810394287,0,5a8b82a05542995d1e6f13d0,,,,,
0,0,0.11431407928466797,0,5ab2bc6b554299545a2cfa40,,,,,
0,0,0.10589313507080078,0,5adf07f25542992d7e9f9279,,,,,
0,0,0.18793678283691406,0,5a7dca645542990b8f503aab,,,,,
0,0,0.36734914779663086,0,5a7136e25542994082a3e67e,,,,,
0,0,0.1344139575958252,0,5ae1faf15542997f29b3c1e3,,,,,
0,0.5,0.20485591888427734,0,5a7d5c175542991319bc93b1,,,,,
0,0.13333333333333336,0.1560533046722412,0,5addfdfa5542997dc790710b,,,,,
0,0,0.2882041931152344,0,5a7c6fde55429907fabeef87,,,,,
0,0.8,0.13644194602966309,0,5ade043d5542997dc7907122,,,,,
0,0,0.15333175659179688,0,5ae7376f5542992ae0d163d2,,,,,
0,0,0.12233757972717285,0,5ae2994d554299492dc91c31,,,,,
0,0.09523809523809525,0.44055724143981934,0,5a7a0a2d5542990783324e06,,,,,
0,0,0.14750981330871582,0,5a8ad8b65542992d82986fa2,,,,,
0,0,0.5897269248962402,0,5a89007355429938390d4026,,,,,
0,0,0.31690549850463867,0,5ab934465542996be202043e,,,,,
1,1.0,0.10613536834716797,0,5ae4a75a55429913cc2044bc,,,,,
0,0,0.11768937110900879,0,5a865cac55429960ec39b675,,,,,
0,0,0.5999317169189453,0,5a82e36255429940e5e1a93b,,,,,
0,0,0.16371846199035645,0,5a7348555542994cef4bc503,,,,,
0,0,0.25385403633117676,0,5adf34ff5542992d7e9f92ce,,,,,
0,0,0.49462461471557617,0,5a7568175542992d0ec05f88,,,,,
0,0.09999999999999999,0.3960881233215332,0,5a817d8c55429903bc27b974,,,,,
0,0,0.1203305721282959,0,5a74d92555429929fddd84fa,,,,,
0,0,0.3800373077392578,0,5ae7793c554299540e5a55c2,,,,,
0,0,0.22131919860839844,0,5ab296a6554299194fa93415,,,,,
0,0,0.23160219192504883,0,5a7d1c525542995ed0d165f2,,,,,
0,0,0.2025444507598877,0,5ac403c45542997ea680c9b5,,,,,
0,0,0.21333622932434082,0,5a84d4555542992a431d1aac,,,,,
0,0.14285714285714285,0.3838014602661133,0,5a8b83bc55429949d91db5c0,,,,,
0,0,0.13770008087158203,0,5ab8338155429919ba4e2260,,,,,
0,0,0.18726634979248047,0,5ab66e1355429954757d32b2,,,,,
0,0,0.3621335029602051,0,5a8a521d5542992d82986f15,,,,,
0,0.1111111111111111,0.3936581611633301,0,5ab99a215542996be202056a,,,,,
0,0,0.13441705703735352,0,5ae7a5f05542993210983ece,,,,,
0,0,0.13143539428710938,0,5a7e59c855429934daa2fc0f,,,,,
0,0,0.5601358413696289,0,5a735bae55429901807dafef,,,,,
0,0,0.12187743186950684,0,5a7f0be055429930675135fe,,,,,
0,0.19999999999999998,0.28284263610839844,0,5adce12e5542990d50227d4f,,,,,
0,0,0.3687136173248291,0,5a8ab6be5542992d82986f5f,,,,,
0,0,0.43071746826171875,0,5ae796af554299540e5a5623,,,,,
0,0.3076923076923077,0.29227542877197266,0,5a80e468554299260e20a1a9,,,,,
0,0,0.2371354103088379,0,5ae4accf5542995ad6573e19,,,,,
0,0,0.12373065948486328,0,5ab632aa55429953192ad296,,,,,
0,0.15384615384615383,0.30068492889404297,0,5a7c96e55542990527d554d9,,,,,
0,0,0.29058337211608887,0,5ab6ba9d5542995eadef0083,,,,,
0,0,0.20772862434387207,0,5ac2a288554299657fa28ff5,,,,,
0,0.16666666666666669,0.2557544708251953,0,5ab2123155429970612095b9,,,,,
0,0.2,0.21394705772399902,0,5a7b192855429927d897bf39,,,,,
0,0,0.23471927642822266,0,5ac510255542994611c8b353,,,,,
0,0.19999999999999998,0.6734516620635986,0,5ae5fb55554299546bf82ff6,,,,,
0,0,0.4316725730895996,0,5ac4e593554299076e296e37,,,,,
0,0.06896551724137931,0.5940804481506348,0,5ae5f47c5542996de7b71a82,,,,,
0,0,0.2787039279937744,0,5ab2da99554299194fa93544,,,,,
0,0,0.11247110366821289,0,5a7cba005542990527d55516,,,,,
0,0.4,0.23741888999938965,0,5a80ac53554299485f5986a0,,,,,
0,0.4,0.15665984153747559,0,5ae3f7575542995dadf24277,,,,,
0,0,0.30684638023376465,0,5a76a1a35542993735360122,,,,,
0,0.1111111111111111,0.3693413734436035,0,5a8f72de5542997ba9cb3266,,,,,
0,0.22222222222222224,0.2317051887512207,0,5ade618e554299728e26c700,,,,,
0,0.16,0.46748900413513184,0,5ab474b35542990594ba9c25,,,,,
0,0,0.5102293491363525,0,5addf9e05542997dc79070f9,,,,,
0,0.25,0.33579111099243164,0,5a7a06775542996a35c1708c,,,,,
0,0,0.27828407287597656,0,5a8a58f355429930ff3c0da3,,,,,
0,0,0.36882948875427246,0,5a86265f55429960ec39b625,,,,,
0,0.5,0.1690821647644043,0,5add39e75542997545bbbcc4,,,,,
1,1.0,0.13729214668273926,0,5ab82bbb5542990e739ec84c,,,,,
0,0,0.11506843566894531,0,5a86ab7755429960ec39b6bf,,,,,
0,0.5714285714285715,0.13210415840148926,0,5a872c3f5542994775f607a8,,,,,
0,0,0.11774706840515137,0,5ab201765542993be8fa98a4,,,,,
0,0,0.17142224311828613,0,5ae7f0c75542994a481bbe44,,,,,
0,0.4,0.25179100036621094,0,5a747a9a55429929fddd8444,,,,,
0,0.07692307692307693,0.39177560806274414,0,5a80cf4c55429938b61421f6,,,,,
0,0,0.35689854621887207,0,5adf72335542992d7e9f935f,,,,,
0,0,0.217620849609375,0,5abe76c255429965af743f15,,,,,
0,0,0.5992181301116943,0,5a8545ba5542997b5ce3ffdd,,,,,
0,0.18181818181818182,0.25902867317199707,0,5a87136e5542991e771816b2,,,,,
0,0,0.14577007293701172,0,5a7c04c85542996dd594b881,,,,,
0,0,0.3228766918182373,0,5adf99065542992d7e9f93b0,,,,,
0,0,0.15294599533081055,0,5a7a15d35542996a35c170c4,,,,,
0,0.6666666666666666,0.15271472930908203,0,5a88ba2c554299206df2b34b,,,,,
0,0,0.13539385795593262,0,5a78dc4d55429970f5fffdb6,,,,,
0,0.6666666666666666,0.14684128761291504,0,5ae0b7cf554299603e418446,,,,,
0,0,0.13874578475952148,0,5ae705725542995703ce8bbc,,,,,
0,0,0.2865450382232666,0,5a813e1b55429903bc27b958,,,,,
0,0,0.5003945827484131,0,5adc99d95542994ed6169baa,,,,,
0,0,0.1574869155883789,0,5adf39d55542992d7e9f92e6,,,,,
0,0,0.2554910182952881,0,5a8dd13055429917b4a5bcba,,,,,
0,0,0.27291440963745117,0,5a74325055429979e28828b3,,,,,
0,0,0.1626429557800293,0,5a753c8c55429916b01642ab,,,,,
0,0,0.11540436744689941,0,5ae5e881554299546bf82fbb,,,,,
0,0,0.12787675857543945,0,5a8787915542996e4f30882e,,,,,
0,0,0.1067202091217041,0,5a770d785542993569682cad,,,,,
0,0.33333333333333337,0.18213438987731934,0,5ab2e3c45542991669774126,,,,,
1,1.0,0.16861534118652344,0,5a75d45f5542994ccc918630,,,,,
0,0.25,0.17862987518310547,0,5a83d7d05542992ef85e237a,,,,,
0,0,0.12351274490356445,0,5a8a5a1955429930ff3c0da7,,,,,
0,0,0.13046908378601074,0,5a8fa2955542992414482b11,,,,,
1,1.0,0.1094510555267334,0,5a80aeef5542992097ad301a,,,,,
0,0.3333333333333333,0.17934274673461914,0,5ae67def5542991bbc9760f3,,,,,
0,0.13333333333333336,0.30352783203125,0,5ab1f494554299706120959c,,,,,
1,1.0,0.10472679138183594,0,5ae78f3b554299540e5a5608,,,,,
0,0,0.13737797737121582,0,5ade1f0555429975fa854e74,,,,,
0,0.07407407407407407,0.537956953048706,0,5ab594545542997d4ad1f183,,,,,
0,0.2222222222222222,0.16978979110717773,0,5a90d25655429916514e7585,,,,,
0,0,0.11889958381652832,0,5a78a84d554299148911f8fd,,,,,
0,0,0.20872926712036133,0,5abe369055429976d4830a8a,,,,,
0,0.08,0.45027613639831543,0,5a7b69b155429927d897bfbc,,,,,
0,0,0.1962893009185791,0,5a8389445542996488c2e450,,,,,
0,0,0.13286900520324707,0,5ae74baa5542997b22f6a68f,,,,,
0,0,0.2830386161804199,0,5ac2a35055429967731025ce,,,,,
0,0,0.13447189331054688,0,5ae1b1445542997283cd223d,,,,,
0,0,0.33528804779052734,0,5ae7525f5542991e8301cc60,,,,,
0,0.08,0.4995591640472412,0,5a80752b5542992bc0c4a720,,,,,
0,0,0.10260844230651855,0,5ab94e72554299743d22eaed,,,,,
0,0,0.11466598510742188,0,5ab82dbb5542990e739ec857,,,,,
0,0,0.17382454872131348,0,5a7e1bae55429965cec5ea6f,,,,,
0,0,0.34694981575012207,0,5ab9be4f554299753720f843,,,,,
0,0,0.3416461944580078,0,5a76364d5542994ccc918719,,,,,
0,0,0.17121005058288574,0,5a72a9145542994cef4bc3c1,,,,,
0,0.5,0.1197509765625,0,5ae76dfd5542997b22f6a755,,,,,
0,0,0.2298872470855713,0,5adca5a45542994d58a2f692,,,,,
0,0,0.12402105331420898,0,5ab797af5542995dae37e96c,,,,,
0,0,0.12656235694885254,0,5a728f745542991f9a20c4e6,,,,,
0,0.18181818181818182,0.43811511993408203,0,5a8cb4b2554299585d9e372a,,,,,
0,0,0.2793452739715576,0,5a8e41735542995085b37406,,,,,
0,0,0.487354040145874,0,5abea9a35542990832d3a07e,,,,,
0,0,0.1256542205810547,0,5ab7b0775542992aa3b8c83e,,,,,
1,1.0,0.14270424842834473,0,5adc75525542994650320d0e,,,,,
0,0,0.13147473335266113,0,5a823b0c55429940e5e1a804,,,,,
1,1.0,0.17028045654296875,0,5abc25b6554299700f9d77f9,,,,,
0,0,0.11764240264892578,0,5adc760c5542994650320d11,,,,,
0,0.06896551724137931,0.5211751461029053,0,5ae33cf45542990afbd1e0ea,,,,,
0,0,0.22569060325622559,0,5abadc355542996606241644,,,,,
0,0,0.34398746490478516,0,5ac3ae885542995ef918c1e7,,,,,
0,0.33333333333333337,0.48287057876586914,0,5abcfa6f5542993a06baf9c7,,,,,
0,0.2,0.25560498237609863,0,5ab29e87554299194fa9346e,,,,,
0,0,1.1566073894500732,0,5a8d4cf35542994ba4e3dc5f,,,,,
0,0.6,0.24027299880981445,0,5ac19b2c55429963665198b6,,,,,
1,1.0,0.11535835266113281,0,5adc983c5542990d50227cb6,,,,,
0,0.2857142857142857,0.1991727352142334,0,5abd0ee65542996e802b46d7,,,,,
0,0,0.2787957191467285,0,5a8d841955429941ae14dfe6,,,,,
0,0,0.1186823844909668,0,5ae0bb2c5542993d6555ec27,,,,,
0,0,0.12751293182373047,0,5a73b1855542992d56e7e388,,,,,
0,0.3333333333333333,0.1561880111694336,0,5abb7d8b5542996cc5e4a006,,,,,
0,0.4444444444444445,0.23631072044372559,0,5a716dc15542994082a3e82b,,,,,
0,0,0.11907219886779785,0,5a8078d85542995d8a8ddf78,,,,,
0,0,0.6790859699249268,0,5abd049d5542992ac4f381a8,,,,,
0,0.6666666666666666,0.15226244926452637,0,5a8434445542996488c2e517,,,,,
0,0.1111111111111111,0.4431464672088623,0,5addf3d65542990dbb2f7f0e,,,,,
0,0.4444444444444445,0.1815958023071289,0,5a7577145542996c70cfaf03,,,,,
0,0,0.17181825637817383,0,5a7747e15542994aec3b7266,,,,,
0,0,0.15984845161437988,0,5adc020a5542994650320c4c,,,,,
0,0.4,0.10260653495788574,0,5ac007cc5542996f0d89cb0b,,,,,
0,0.25,0.15881943702697754,0,5ae7eb43554299540e5a5695,,,,,
0,0,0.29309654235839844,0,5a72a4645542991f9a20c54c,,,,,
1,1.0,0.10874700546264648,0,5ae74eeb5542991bbc9761e1,,,,,
0,0,0.1343367099761963,0,5ae2e73a55429928c4239545,,,,,
0,0,0.11777162551879883,0,5a75e60e55429976ec32bc88,,,,,
0,0,0.3882424831390381,0,5a7b2144554299042af8f6f7,,,,,
0,0,0.14693951606750488,0,5ab8633c55429919ba4e22d6,,,,,
0,0,0.1612682342529297,0,5adfa570554299025d62a31c,,,,,
0,0.14285714285714288,0.28318285942077637,0,5ab2b6fb5542992953946848,,,,,
0,0,0.11958575248718262,0,5ab865195542990e739ec8e3,,,,,
0,0,0.33376407623291016,0,5abd83775542993062266cb7,,,,,
0,0,0.25643253326416016,0,5a7d22dc5542995ed0d16600,,,,,
0,0,0.18484091758728027,0,5a7456ec55429979e288290f,,,,,
0,0.8,0.11768937110900879,0,5a77510b5542994aec3b728b,,,,,
0,0,0.4173009395599365,0,5a8f12705542997ba9cb31be,,,,,
0,0,0.12125229835510254,0,5a7bd25a554299294a54ab13,,,,,
0,0,0.29380011558532715,0,5a8482e55542997175ce1edc,,,,,
0,0.3,0.40694212913513184,0,5ae1b01b5542997283cd2237,,,,,
0,0,0.10773181915283203,0,5a8cc08455429941ae14deea,,,,,
0,0,0.18817567825317383,0,5adf74255542992d7e9f937d,,,,,
1,1.0,0.1231222152709961,0,5add74b75542992200553b24,,,,,
0,0,0.7864999771118164,0,5ae2e61455429928c423953e,,,,,
0,0,0.34984445571899414,0,5a79ced45542994bb94570cb,,,,,
0,0,0.30123209953308105,0,5a7a8d2355429941d65f26a1,,,,,
0,0.16666666666666669,0.3094906806945801,0,5ae400ab5542995dadf242be,,,,,
0,0,0.11018514633178711,0,5a7fb17c5542994857a767bb,,,,,
0,0,0.11126112937927246,0,5a7735f55542994aec3b7226,,,,,
1,1.0,0.11794805526733398,0,5a735e9155429901807db00d,,,,,
0,0.28571428571428575,0.2800922393798828,0,5a7f33115542992e7d278c84,,,,,
0,0,0.375429630279541,0,5a7b681b554299042af8f767,,,,,
0,0,0.5945396423339844,0,5ae0a2c75542993d6555ebcf,,,,,
0,0.4615384615384615,0.21577978134155273,0,5ae38b115542990afbd1e183,,,,,
0,0.8,0.22117924690246582,0,5a81e89d5542995ce29dcc72,,,,,
0,0,0.19218850135803223,0,5ae2125e554299495565d9db,,,,,
0,0.25,0.3035740852355957,0,5a8dce155542994ba4e3dd24,,,,,
0,0,0.14157485961914062,0,5a75d00a5542992db94736d1,,,,,
0,0,0.11233305931091309,0,5a8a203c55429970aeb7026d,,,,,
0,0,0.09927725791931152,0,5a85f4ec5542994775f606c6,,,,,
0,0,0.44104957580566406,0,5a7e3c6e5542994959419937,,,,,
0,0.15384615384615385,0.29062843322753906,0,5a85d4395542996432c570f5,,,,,
0,0.4,0.13766741752624512,0,5ab3bd7d55429969a97a819f,,,,,
0,0.33333333333333337,0.17500734329223633,0,5a8aee3d55429950cd6afc01,,,,,
0,0,0.13774371147155762,0,5ab925c755429919ba4e23d6,,,,,
0,0,0.13640308380126953,0,5a79395455429970f5fffe7d,,,,,
0,0,0.3339080810546875,0,5ab9c7c355429939ce03dc17,,,,,
0,0,0.396195650100708,0,5ae33cf55542992f92d82268,,,,,
0,0,0.38245439529418945,0,5ac439005542995c82c4acf9,,,,,
1,1.0,0.12483954429626465,0,5a8a17685542993b751ca9f3,,,,,
0,0,0.14477896690368652,0,5abbfb5e554299114383a0d0,,,,,
1,1.0,0.12293696403503418,0,5a7e31c055429934daa2fbee,,,,,
0,0,0.15102887153625488,0,5ab2f45d5542991669774151,,,,,
0,0.18181818181818182,0.29042887687683105,0,5ab510cb5542996a3a96a00f,,,,,
0,0.4444444444444445,0.19846773147583008,0,5a758ce05542992db947367c,,,,,
0,0.0909090909090909,0.6234405040740967,0,5a8b2a0355429971feec465b,,,,,
0,0,0.6173899173736572,0,5ae15d70554299422ee9966f,,,,,
0,0.1818181818181818,0.2722961902618408,0,5ae830f05542997ec2727758,,,,,
0,0,0.16602396965026855,0,5abbdaef554299642a094b5d,,,,,
0,0.13333333333333336,0.28553318977355957,0,5ae09a6b55429924de1b710d,,,,,
0,0,0.3266441822052002,0,5a8408a9554299123d8c21d3,,,,,
0,0.5,0.15187859535217285,0,5a8a575a554299515336136e,,,,,
0,0,0.3076944351196289,0,5ade126355429939a52fe7ea,,,,,
0,0,0.38518762588500977,0,5ae07ddb55429945ae95937b,,,,,
1,1.0,0.15253353118896484,0,5ae7f56e5542993210983fd1,,,,,
0,0,0.37138867378234863,0,5ab3f7b05542992ade7c6efd,,,,,
0,0,0.13815522193908691,0,5ade09945542997545bbbe2c,,,,,
0,0.5,0.18640828132629395,0,5adfb78f5542995ec70e9081,,,,,
0,0,0.14476752281188965,0,5adc6ded55429947ff17395d,,,,,
1,1.0,0.15312433242797852,0,5a79c2955542994f819ef097,,,,,
0,0,0.12135720252990723,0,5ab2e3a15542992953946893,,,,,
0,0,0.6071319580078125,0,5ae7f1e65542994a481bbe4a,,,,,
0,0,0.24904441833496094,0,5ab504865542991779162d52,,,,,
0,0.2666666666666667,0.38131141662597656,0,5abd38285542993062266c19,,,,,
0,0,0.29483580589294434,0,5a7506f455429916b0164240,,,,,
0,0,0.17144465446472168,0,5a7b215f55429931da12c9e3,,,,,
0,0,0.34002065658569336,0,5ab7b0575542992aa3b8c83d,,,,,
0,0,0.2593958377838135,0,5ac0060f554299012d1db578,,,,,
0,0.16,0.439312219619751,0,5aba71b155429955dce3ee2a,,,,,
0,0,0.3661012649536133,0,5ac11139554299294b219083,,,,,
0,0,0.278717041015625,0,5a8763a25542993e715abf1f,,,,,
0,0,0.14826202392578125,0,5a77626b5542993569682d77,,,,,
0,0,0.35071706771850586,0,5ac35003554299741d48a24b,,,,,
0,0,0.1385173797607422,0,5ae532f85542990ba0bbb20a,,,,,
0,0,0.10756945610046387,0,5ab8372255429919ba4e226b,,,,,
0,0,0.09211993217468262,0,5ac2509755429951e9e68543,,,,,
0,0.3333333333333333,0.17861223220825195,0,5ae377c45542990afbd1e16b,,,,,
0,0.05714285714285714,0.7448318004608154,0,5ae5ef105542996de7b71a72,,,,,
0,0,0.11398077011108398,0,5a821c95554299676cceb219,,,,,
0,0.13333333333333333,0.3378117084503174,0,5a85e24a5542994775f6067f,,,,,
0,0,0.20926308631896973,0,5aba768c55429901930fa7e0,,,,,
0,0.26666666666666666,0.22244548797607422,0,5ab926bc554299131ca42285,,,,,
0,0,0.1265244483947754,0,5a8e2fe95542995085b373d0,,,,,
0,0,0.35579442977905273,0,5a8ae00e5542992d82986fc7,,,,,
0,0.4,0.2763059139251709,0,5a761e855542994ccc9186e0,,,,,
0,0,0.39971113204956055,0,5add813e5542992200553b46,,,,,
0,0,0.17011165618896484,0,5ab841d15542990e739ec89d,,,,,
0,0,0.47838306427001953,0,5ac2ada255429967731025f9,,,,,
0,0,0.14543366432189941,0,5ac546975542993e66e8229a,,,,,
0,0,0.23200392723083496,0,5a9023d355429916514e742f,,,,,
0,0,0.1728074550628662,0,5ae22ede554299234fd0441b,,,,,
0,0,0.38846397399902344,0,5a88d7fc5542993b751ca879,,,,,
0,0,0.12607264518737793,0,5a7f22005542993067513657,,,,,
0,0.6,0.1712489128112793,0,5a79102a554299148911f9da,,,,,
0,0.0909090909090909,0.39406776428222656,0,5abe50b45542991f6610613f,,,,,
0,0,0.3714585304260254,0,5ae505d355429908b63264e4,,,,,
0,0,0.19203877449035645,0,5a87e5345542993e715abffb,,,,,
0,0,0.11445879936218262,0,5abb207d5542992ccd8e7f1d,,,,,
0,0,0.36498236656188965,0,5abfcdb55542993fe9a41e7b,,,,,
0,0.6666666666666666,0.12421107292175293,0,5abd36165542993062266bfb,,,,,
0,0,0.10943126678466797,0,5ab2d9f1554299545a2cfac9,,,,,
0,0.10526315789473684,0.437105655670166,0,5a75da6d5542992db94736fa,,,,,
0,0,0.11542439460754395,0,5a7a19765542996a35c170cf,,,,,
0,0,0.15820622444152832,0,5ab58ee6554299488d4d99d6,,,,,
0,0,0.2869229316711426,0,5ab29346554299545a2cf997,,,,,
0,0,0.2277050018310547,0,5a8468c95542990548d0b2b1,,,,,
1,1.0,0.09600830078125,0,5ae2136d5542997283cd23b6,,,,,
0,0,0.1525404453277588,0,5abeb91c5542994516f45400,,,,,
0,0,0.4291110038757324,0,5a7b542455429927d897bf92,,,,,
0,0.375,0.3303217887878418,0,5a8a07af55429970aeb70222,,,,,
0,0,0.4552431106567383,0,5a80d1ce554299260e20a178,,,,,
0,0,0.1185305118560791,0,5a75e61c5542992d0ec06012,,,,,
0,0,0.39469003677368164,0,5a8ec55f5542995a26add50c,,,,,
0,0.18181818181818182,0.2702040672302246,0,5ae077805542993d6555eb6e,,,,,
0,0,0.28948378562927246,0,5ade17d255429939a52fe80e,,,,,
0,0.125,0.38432979583740234,0,5add3a605542990dbb2f7ddb,,,,,
0,0,0.1374680995941162,0,5a7c9cc45542990527d554e1,,,,,
0,0,0.23551011085510254,0,5aba9d7955429901930fa85f,,,,,
0,0,0.14995837211608887,0,5a8ce9ed554299585d9e3764,,,,,
0,0,0.35210466384887695,0,5abfe1115542997d64295909,,,,,
0,0,0.48316025733947754,0,5ae24b165542996483e64962,,,,,
0,0,0.1788191795349121,0,5a832fdd55429954d2e2ec4f,,,,,
0,0,0.2708699703216553,0,5ac46c83554299204fd21f45,,,,,
0,0,0.5133044719696045,0,5a81329655429926c1cdad0c,,,,,
0,0,0.6249217987060547,0,5a81a4335542990a1d231e38,,,,,
0,0,0.22655844688415527,0,5ab5ac345542992aa134a37f,,,,,
0,0,0.23883795738220215,0,5ac009bf5542997d642959a7,,,,,
0,0,0.18267488479614258,0,5a79c1185542994bb9457065,,,,,
0,0,0.14427399635314941,0,5abdb5b455429965af743dfa,,,,,
0,0.6666666666666666,0.171478271484375,0,5a8d8e4f5542994ba4e3dca7,,,,,
0,0.6666666666666666,0.22559452056884766,0,5a80a654554299485f598679,,,,,
0,0,0.12307906150817871,0,5a7327265542994cef4bc480,,,,,
0,0,0.2149965763092041,0,5a7c762d55429935c91b51c7,,,,,
0,0.33333333333333337,0.20037293434143066,0,5a89e8035542992e4fca846d,,,,,
0,0,0.40390801429748535,0,5abc36cc55429959677d6a50,,,,,
0,0,0.11204290390014648,0,5ae680cc5542996d980e7ba5,,,,,
0,0.10526315789473684,0.37808680534362793,0,5ac18baa5542991316484b33,,,,,
0,0.23529411764705882,0.38310837745666504,0,5ab45bcd5542991779162c80,,,,,
0,0,0.12395977973937988,0,5a7b3a2455429927d897bf5c,,,,,
0,0,0.26345157623291016,0,5a75eb125542994ccc918659,,,,,
0,0,0.12268948554992676,0,5a7291c35542991f9a20c4f4,,,,,
0,0,0.1232764720916748,0,5ae180d855429901ffe4aecc,,,,,
0,0,0.4647209644317627,0,5a776bc855429966f1a36d3a,,,,,
1,1.0,0.13214683532714844,0,5ae70369554299572ea54683,,,,,
0,0,0.4840412139892578,0,5a8b4fcc55429949d91db541,,,,,
0,0.25,0.3269495964050293,0,5ae18b555542997b2ef7d1f7,,,,,
0,0.19047619047619047,0.3842806816101074,0,5adcdc6c5542992c1e3a2437,,,,,
0,0,0.36812305450439453,0,5a89e92c5542993b751ca9af,,,,,
0,0.25,0.2441082000732422,0,5a7e19e655429965cec5ea58,,,,,
0,0,0.331373929977417,0,5a7a3a2a5542996c55b2dd41,,,,,
1,1.0,0.11286115646362305,0,5a7119095542994082a3e589,,,,,
0,0.06896551724137931,0.4829831123352051,0,5a770bb855429937353601b5,,,,,
0,0,1.0838606357574463,0,5a738bd0554299623ed4abee,,,,,
0,0,0.29810023307800293,0,5ac12275554299012d1db6a3,,,,,
0,0,0.12146568298339844,0,5adbe75455429944faac23af,,,,,
0,0,0.5535011291503906,0,5a732aaa5542992359bc325a,,,,,
0,0.2857142857142857,0.3220674991607666,0,5a7905f555429974737f7947,,,,,
0,0,0.4275233745574951,0,5a901b985542995651fb50b0,,,,,
0,0.11764705882352941,0.49970388412475586,0,5a85f98e5542996432c57152,,,,,
0,0.052631578947368425,0.7744185924530029,0,5a7e02cf5542997cc2c474f4,,,,,
0,0.15384615384615385,0.31783342361450195,0,5a8f54215542992414482a54,,,,,
0,0,0.33945226669311523,0,5abad3445542996cc5e49ea0,,,,,
0,0,0.1865701675415039,0,5a8fd9ac5542990a98493570,,,,,
1,1.0,0.11256003379821777,0,5ae0c9dd5542993d6555ec69,,,,,
0,0,0.3295557498931885,0,5ab614e5554299488d4d9a9c,,,,,
0,0,0.12739014625549316,0,5a83431d5542993344745ff5,,,,,
0,0,0.33307838439941406,0,5abe89dd55429976d4830b5d,,,,,
0,0.3333333333333333,0.1425769329071045,0,5ae0575755429945ae95931f,,,,,
0,0.13333333333333336,0.3352346420288086,0,5ab7d12f55429928e1fe391f,,,,,
0,0,0.15768098831176758,0,5adfd42555429942ec259b52,,,,,
0,0,0.5150291919708252,0,5ae7b6055542993210983f00,,,,,
0,0,0.27868056297302246,0,5ae325bd5542991a06ce9936,,,,,
0,0,0.1098477840423584,0,5abbdf8055429931dba145bb,,,,,
0,0,0.18901443481445312,0,5ae0a48155429945ae9593df,,,,,
0,0,0.0948338508605957,0,5abee69c5542993fe9a41d8b,,,,,
0,0,0.21635842323303223,0,5a8dcbc0554299068b959df4,,,,,
0,0,0.29546546936035156,0,5a7a9ed55542995eb53be87d,,,,,
0,0,0.4619863033294678,0,5ab3cc395542992ade7c6e9f,,,,,
0,0,0.13359403610229492,0,5a81a2e25542990a1d231e32,,,,,
0,0,0.11782240867614746,0,5a7cc5f9554299452d57ba49,,,,,
0,0,0.1324613094329834,0,5ab69f13554299710c8d1ef3,,,,,
0,0,0.1327037811279297,0,5a90ab995542990a98493683,,,,,
0,0,0.289654016494751,0,5ade38d8554299728e26c680,,,,,
0,0,0.3051896095275879,0,5ae5cf1b554299546bf82f7a,,,,,
0,0,0.4713742733001709,0,5ab56f4b554299637185c599,,,,,
0,0,0.140852689743042,0,5a74bc1555429929fddd84dd,,,,,
0,0,0.6810128688812256,0,5a8f08c2554299458435d531,,,,,
0,0,0.34859323501586914,0,5ab9d2e255429955dce3ed90,,,,,
0,0,0.36960864067077637,0,5ae3f2895542995ad6573cc9,,,,,
0,0.13636363636363638,0.6760704517364502,0,5a9068075542990a9849361a,,,,,
0,0,0.25257086753845215,0,5a7344e95542991f9a20c6ce,,,,,
0,0,0.3075714111328125,0,5a7e0ed25542991319bc9424,,,,,
0,0.33333333333333337,0.21496939659118652,0,5ae17a9b5542990adbacf7a2,,,,,
1,1.0,0.12295937538146973,0,5a8d651955429941ae14dfaf,,,,,
0,0,0.19260811805725098,0,5a8f23555542997ba9cb31e3,,,,,
0,0.16666666666666666,0.22786593437194824,0,5a815c2e5542995ce29dcbe8,,,,,
0,0,0.2804429531097412,0,5a8ad8ed5542992d82986fa3,,,,,
0,0,0.17750954627990723,0,5adf3f1d5542992d7e9f9310,,,,,
0,0,0.1143198013305664,0,5adcd2435542992c1e3a241b,,,,,
0,0,0.37151074409484863,0,5a8796345542994846c1cda3,,,,,
0,0,0.14896273612976074,0,5abbb0655542992ccd8e7f72,,,,,
0,0,0.26366305351257324,0,5adbfb6855429944faac23e4,,,,,
0,0,0.1307682991027832,0,5adfd56655429925eb1afaac,,,,,
0,0,0.1704697608947754,0,5a79cd665542994bb94570bf,,,,,
0,0,0.4899613857269287,0,5ae731ae5542991bbc9761c1,,,,,
0,0.4,0.23941946029663086,0,5a710a915542994082a3e504,,,,,
0,0,0.4135427474975586,0,5abb2e6855429966062416df,,,,,
0,0,0.2303915023803711,0,5ab4341c55429942dd415ede,,,,,
0,0,0.1892375946044922,0,5ab9668c55429970cfb8eaba,,,,,
0,0.1111111111111111,0.36634135246276855,0,5abb08c65542996cc5e49f61,,,,,
0,0,0.313126802444458,0,5ae4818f5542995ad6573d5b,,,,,
0,0.5,0.114501953125,0,5ade283a5542997c77aded80,,,,,
0,0,0.36991095542907715,0,5a7c25035542997c3ec972e5,,,,,
0,0,0.30178070068359375,0,5ae4075b55429970de88d87a,,,,,
0,0,0.3042585849761963,0,5ac508205542994611c8b32e,,,,,
0,0,0.40865516662597656,0,5ac31129554299741d48a1a2,,,,,
0,0.15384615384615383,0.2801358699798584,0,5ac2eec55542990b17b154c1,,,,,
0,0,0.2501792907714844,0,5adf9b1e5542992d7e9f93b5,,,,,
0,0.2,0.21908974647521973,0,5ab815865542995dae37ea2d,,,,,
0,0.8,0.14441514015197754,0,5a72bd0b5542992359bc318f,,,,,
0,0.16666666666666669,0.23511052131652832,0,5adc7dbf5542994d58a2f618,,,,,
1,1.0,0.12792730331420898,0,5ae0e5655542990adbacf6b8,,,,,
0,0,0.0925607681274414,0,5ae09ec055429924de1b7116,,,,,
0,0,0.49266529083251953,0,5adcc21f5542990d50227d05,,,,,
0,0,0.20307350158691406,0,5a79eef75542996c55b2dca6,,,,,
0,0.3333333333333333,0.14992451667785645,0,5a89382655429951533612e8,,,,,
0,0,0.17561793327331543,0,5a74ab6055429916b01641b9,,,,,
0,0.5,0.15224051475524902,0,5ac540365542994611c8b470,,,,,
0,0.2,0.260573148727417,0,5a7e0bb65542997cc2c4750a,,,,,
0,0,0.35610198974609375,0,5a74670855429929fddd840d,,,,,
0,0,0.2014939785003662,0,5a79f27e5542990198eaf014,,,,,
0,0,0.32039785385131836,0,5a7789195542995d831811a2,,,,,
0,0,0.14912891387939453,0,5a7a27b35542996a35c1710b,,,,,
0,0,0.2855815887451172,0,5a7c6ed3554299683c1c6306,,,,,
0,0,0.32531285285949707,0,5ae7eefd554299540e5a56b6,,,,,
0,0,0.41865968704223633,0,5a790e69554299148911f9d7,,,,,
0,0.11111111111111112,0.31605100631713867,0,5ac11037554299294b21907a,,,,,
0,0,0.11905956268310547,0,5abd648155429933744ab7ac,,,,,
0,0.14285714285714285,0.29273533821105957,0,5abacac45542996cc5e49e94,,,,,
0,0,0.1085200309753418,0,5a760dcd5542994ccc9186a1,,,,,
1,1.0,0.12720036506652832,0,5a90af865542990a9849369c,,,,,
0,0,0.23473191261291504,0,5adc0e0355429944faac2404,,,,,
0,0,0.12666845321655273,0,5a7faed65542994857a767b6,,,,,
0,0.13333333333333333,0.35558152198791504,0,5abf12f25542997719eab667,,,,,
0,0,0.15659070014953613,0,5a90719b5542995b442420b7,,,,,
0,0,0.7029738426208496,0,5a72953b5542994cef4bc357,,,,,
1,1.0,0.17469310760498047,0,5abc17c25542993a06baf85b,,,,,
0,0.10526315789473684,0.37364816665649414,0,5a7b5af7554299042af8f752,,,,,
0,0,0.4674234390258789,0,5ab8919655429934fafe6e13,,,,,
0,0.15384615384615385,0.3097681999206543,0,5ae074aa5542993d6555eb54,,,,,
0,0,0.25571537017822266,0,5ae4932855429970de88d9b8,,,,,
1,1.0,0.1145474910736084,0,5a7760165542993569682d74,,,,,
0,0.08695652173913042,0.5415754318237305,0,5ab392ec55429969a97a817d,,,,,
0,0,0.7028615474700928,0,5adf8dd25542993344016cfe,,,,,
0,0,0.45446348190307617,0,5a7b1a4a55429927d897bf3b,,,,,
0,0,0.12639093399047852,0,5ae57d3a554299546bf82ee6,,,,,
0,0.14285714285714288,0.3158845901489258,0,5a8bd43c5542997f31a41dd6,,,,,
0,0,0.12752103805541992,0,5a7f451a55429969796c19ec,,,,,
0,0,0.33616161346435547,0,5a73cbe4554299623ed4ac5f,,,,,
0,0,0.1386418342590332,0,5ade007e5542997545bbbdf4,,,,,
0,0,0.10179758071899414,0,5a78d35e55429974737f78c3,,,,,
0,0,0.5093910694122314,0,5a7d3f895542995f4f402248,,,,,
0,0,0.32247376441955566,0,5ab3e07e55429969a97a81e5,,,,,
0,0.1818181818181818,0.2465054988861084,0,5adf82945542993344016ca4,,,,,
0,0.07692307692307693,0.4693794250488281,0,5ac4ecea55429919431739fd,,,,,
0,0,0.22849369049072266,0,5a81346055429926c1cdad13,,,,,
0,0.16666666666666669,0.2833251953125,0,5a8b349a55429971feec466b,,,,,
0,0,0.12952375411987305,0,5ae608715542992663a4f244,,,,,
0,0,0.4365348815917969,0,5abeebe25542993fe9a41d9c,,,,,
0,0,0.45437145233154297,0,5a7e7d4655429934daa2fc2e,,,,,
0,0.3333333333333333,0.16245198249816895,0,5ac07a17554299294b219000,,,,,
0,0.6666666666666666,0.14528536796569824,0,5ab9d6ef5542994dbf01985b,,,,,
0,0,0.16927742958068848,0,5ae1091055429920d523429b,,,,,
0,0,0.23566508293151855,0,5ae268f35542994d89d5b416,,,,,
0,0.11764705882352941,0.3067493438720703,0,5a8809d755429938390d3ed6,,,,,
0,0,0.12773442268371582,0,5ae6179b5542992663a4f25b,,,,,
0,0,0.5115625858306885,0,5a72e28f5542992359bc31ba,,,,,
0,0.15384615384615383,0.46425294876098633,0,5adf315c5542995ec70e8f8b,,,,,
0,0.4,0.12540197372436523,0,5a75eca555429976ec32bca8,,,,,
0,0.2222222222222222,0.20324134826660156,0,5a7b3b4f5542992d025e67ac,,,,,
0,0,0.3731205463409424,0,5ab1e3bb554299340b52541a,,,,,
0,0,0.3170046806335449,0,5a716eeb5542994082a3e82e,,,,,
0,0,0.23749923706054688,0,5adbd19855429944faac236a,,,,,
0,0.14285714285714288,0.333343505859375,0,5ab5035b5542996a3a969ff8,,,,,
0,0,0.1938002109527588,0,5a756b175542996c70cfaef7,,,,,
1,1.0,0.1385655403137207,0,5a8a49cd55429930ff3c0d71,,,,,
0,0,0.8756439685821533,0,5a79e1275542990198eaefe7,,,,,
0,0,0.2629408836364746,0,5ae33a6e5542992f92d8224d,,,,,
0,0,0.14316797256469727,0,5ae172c155429920d52343de,,,,,
0,0.5,0.1936178207397461,0,5adfef32554299603e4183ca,,,,,
0,0.36363636363636365,0.22938013076782227,0,5ae0a74e554299603e41842f,,,,,
0,0.4,0.17228984832763672,0,5adc6eb65542994650320cf3,,,,,
0,0,0.38178038597106934,0,5a7ce0ce554299452d57ba92,,,,,
0,0,0.4802582263946533,0,5a8a032f5542993b751ca9e5,,,,,
0,0,0.3435707092285156,0,5ae6d3345542996d980e7c85,,,,,
1,1.0,0.0969841480255127,0,5ab516485542990594ba9cfc,,,,,
0,0,0.1295325756072998,0,5ab6be2f55429954757d335c,,,,,
0,0,0.32605886459350586,0,5a7c784055429907fabeef98,,,,,
0,0.06896551724137931,0.5055744647979736,0,5a82a55955429966c78a6a70,,,,,
0,0.2,0.1660614013671875,0,5a76dc2d55429972597f13eb,,,,,
0,0,0.12042641639709473,0,5a8e4d9855429917b4a5bd8d,,,,,
0,0,0.12823009490966797,0,5ae0d7bf5542990adbacf67b,,,,,
0,0,0.11260700225830078,0,5abd4fe05542993062266c4e,,,,,
0,0.5,0.11047816276550293,0,5ae65e6a5542996d980e7b1d,,,,,
0,0,0.35277485847473145,0,5a791ce955429974737f798e,,,,,
0,0,0.39774322509765625,0,5a7a60f15542990783324f35,,,,,
0,0.0909090909090909,0.5721418857574463,0,5addf6135542990dbb2f7f23,,,,,
0,0,0.4397425651550293,0,5adcc90c5542990d50227d1b,,,,,
0,0,0.1479811668395996,0,5ab4789e5542990594ba9c29,,,,,
0,0.25,0.14647936820983887,0,5a839f985542996488c2e47d,,,,,
0,0,0.27674269676208496,0,5abae4995542996606241666,,,,,
0,0,0.39526963233947754,0,5ae608c15542992663a4f246,,,,,
0,0.33333333333333337,0.18161988258361816,0,5ae1e8575542997f29b3c19a,,,,,
0,0,0.22932744026184082,0,5ab42d6055429942dd415eb0,,,,,
0,0,0.1319429874420166,0,5ab827a555429934fafe6cf5,,,,,
0,0,0.1353614330291748,0,5ae0413555429942ec259c61,,,,,
0,0,0.12810468673706055,0,5abd8c295542992ac4f382ab,,,,,
0,0,0.45145225524902344,0,5abf42f75542993fe9a41dee,,,,,
0,0.6666666666666666,0.13625836372375488,0,5addeb685542992200553bb1,,,,,
0,0,0.42198705673217773,0,5a85c41a5542994c784ddb7a,,,,,
0,0,0.39122557640075684,0,5a7281075542994cef4bc2e9,,,,,
0,0,0.3653225898742676,0,5abffc0d5542990832d3a1e2,,,,,
0,0.10526315789473684,0.3680307865142822,0,5ac54c435542993e66e822d1,,,,,
0,0,0.1108100414276123,0,5ab2b863554299295394685a,,,,,
0,0,0.2618401050567627,0,5ae72c1e554299572ea54754,,,,,
0,0.13333333333333336,0.262131929397583,0,5a83a30a5542992ef85e2339,,,,,
0,0,0.32928943634033203,0,5aba637a55429939ce03dcbb,,,,,
0,0.09090909090909091,0.33667492866516113,0,5a81f10055429903bc27ba06,,,,,
0,0,0.23058676719665527,0,5a8315c055429966c78a6b2d,,,,,
1,1.0,0.1249699592590332,0,5adda8d45542995b365fab59,,,,,
0,0.5,0.19875669479370117,0,5a7ae38c5542992d025e6721,,,,,
0,0,0.13193368911743164,0,5addd6045542997dc7907049,,,,,
0,0.28571428571428575,0.23619484901428223,0,5a8c9e7c554299653c1aa0d1,,,,,
0,0,0.11654400825500488,0,5adc57325542996e6852531b,,,,,
0,0,0.26430225372314453,0,5a78eb8155429970f5fffdd2,,,,,
0,0,0.15256452560424805,0,5abbd34d5542993f40c73bc6,,,,,
0,0.16666666666666669,0.3218967914581299,0,5ac311925542995ef918c0de,,,,,
0,0,0.1566915512084961,0,5a7b086a5542992d025e673a,,,,,
0,0,0.1321554183959961,0,5ae74351554299572ea5479f,,,,,
0,0,0.36249661445617676,0,5ab29ec6554299194fa93473,,,,,
0,0.2222222222222222,0.21267223358154297,0,5ac164da55429964131be1bf,,,,,
0,0.09090909090909091,0.3424084186553955,0,5a855ca15542992a431d1b12,,,,,
0,0.16666666666666669,0.28298473358154297,0,5a7283365542991f9a20c4b2,,,,,
0,0,0.2412114143371582,0,5a8e83545542990e94052b28,,,,,
1,1.0,0.08992171287536621,0,5ab84c6955429916710eb021,,,,,
0,0.4444444444444445,0.22214555740356445,0,5a7a3dbb5542996a35c17157,,,,,
0,0.13793103448275865,0.5067520141601562,0,5adf9ee75542992d7e9f93c0,,,,,
0,0,0.2854924201965332,0,5a74c3f455429979e2882a0a,,,,,
0,0.6666666666666666,0.18025898933410645,0,5ae7fb1155429952e35ea9eb,,,,,
0,0,0.24497437477111816,0,5ab7d6ec5542995dae37e9b4,,,,,
0,0,0.12430763244628906,0,5a77415b55429966f1a36cd2,,,,,
0,0,0.129594087600708,0,5ab3eb1955429969a97a81f6,,,,,
0,0,0.1799299716949463,0,5a7bb7f2554299042af8f7b6,,,,,
0,0,0.5604679584503174,0,5ae8189655429952e35eaa11,,,,,
0,0,0.38687586784362793,0,5a7a6ec05542990783324f49,,,,,
0,0.5,0.13665509223937988,0,5ac2758b55429963665199c3,,,,,
0,0,0.16423535346984863,0,5a7b8f5e554299294a54a9f6,,,,,
0,0,0.5698809623718262,0,5ae5c7fd554299546bf82f5b,,,,,
1,1.0,0.13176226615905762,0,5abb6ece5542992ccd8e7f40,,,,,
0,0,0.3335573673248291,0,5a83dd2c554299334474609e,,,,,
0,0,0.301250696182251,0,5ab721325542992aa3b8c7a2,,,,,
0,0.4444444444444445,0.17959260940551758,0,5a730a6b5542992359bc3210,,,,,
0,0,0.129500150680542,0,5ae4c96355429913cc204506,,,,,
0,0,0.5131518840789795,0,5a83d42d5542992ef85e2375,,,,,
0,0,0.14007782936096191,0,5ae72b745542991e8301cb7f,,,,,
0,0.3333333333333333,0.1977071762084961,0,5ac434cb5542997ea680ca2f,,,,,
0,0.5714285714285715,0.14254403114318848,0,5abcf14f55429959677d6b5b,,,,,
0,0.25,0.4074594974517822,0,5ab85b1755429916710eb041,,,,,
0,0,0.12055444717407227,0,5a8314bd55429966c78a6b2a,,,,,
0,0.05128205128205128,0.3258838653564453,0,5a7331de5542994cef4bc4a8,,,,,
0,0,0.14726758003234863,0,5ae600325542992663a4f237,,,,,
0,0,0.10565304756164551,0,5ae1fb7a554299234fd04383,,,,,
0,0,0.18485569953918457,0,5a8aed1555429970aeb70334,,,,,
0,0,0.23166465759277344,0,5ade982f554299728e26c753,,,,,
0,0,0.4005312919616699,0,5ac2ffb755429921a00ab0cb,,,,,
0,0,0.4083883762359619,0,5a869e845542991e7718166f,,,,,
0,0,0.4401097297668457,0,5ab5e2645542992aa134a3c5,,,,,
0,0.05263157894736842,0.9174578189849854,0,5adf94e05542995534e8c7f7,,,,,
0,0,0.36650538444519043,0,5ae780a55542997b22f6a79f,,,,,
0,0.3636363636363636,0.28019094467163086,0,5a738fb4554299623ed4abf9,,,,,
0,0.4444444444444445,0.2270033359527588,0,5a7ab1b055429927d897bef4,,,,,
0,0,0.15538954734802246,0,5a74547755429979e2882900,,,,,
0,0,0.35127687454223633,0,5adf434c5542993a75d26462,,,,,
0,0.18181818181818182,0.3018839359283447,0,5abfcd7a5542993fe9a41e7a,,,,,
0,0,0.3116941452026367,0,5a7f38e255429930675136b6,,,,,
0,0.5,0.15491986274719238,0,5a7f7b3b5542992097ad2f81,,,,,
0,0,0.36218953132629395,0,5a70f0a75542994082a3e403,,,,,
0,0.25,0.35942649841308594,0,5ae056c755429945ae959319,,,,,
0,0,0.2671828269958496,0,5abea6a05542993f32c2a18d,,,,,
0,0,0.19170784950256348,0,5a762a645542992d0ec0603d,,,,,
0,0,0.33494019508361816,0,5a904f6355429916514e746e,,,,,
0,0,0.17852306365966797,0,5a88bb4a554299206df2b353,,,,,
0,0,0.2846958637237549,0,5adc0d3355429944faac2400,,,,,
0,0,0.41005492210388184,0,5ab94d9a554299743d22eae3,,,,,
0,0,0.20657014846801758,0,5a8b057255429971feec4611,,,,,
0,0,0.19794487953186035,0,5a7630105542992d0ec0605a,,,,,
1,1.0,0.12674355506896973,0,5a86f2fb554299211dda2b64,,,,,
0,0,0.20731878280639648,0,5a754fc35542996c70cfaedc,,,,,
0,0,0.47742724418640137,0,5a8c9164554299653c1aa0c1,,,,,
0,0,0.2811887264251709,0,5a7148685542994082a3e761,,,,,
0,0.07692307692307691,0.41817593574523926,0,5ab7bfe955429928e1fe38c2,,,,,
0,0,0.31595706939697266,0,5a81a4135542990a1d231e37,,,,,
0,0.16666666666666666,0.26047277450561523,0,5a87572d5542994846c1cd6b,,,,,
0,0,0.38423681259155273,0,5abe94fd55429965af743f37,,,,,
0,0.4,0.2227938175201416,0,5ac2920555429921a00aafc9,,,,,
0,0,0.22844982147216797,0,5a8d4fbf5542994ba4e3dc68,,,,,
0,0,0.3040657043457031,0,5ab7867c5542992aa3b8c822,,,,,
0,0,0.138092041015625,0,5ab8a7f65542991b5579efca,,,,,
0,0,0.3065605163574219,0,5ae5b255554299546bf82f2c,,,,,
0,0,0.11146259307861328,0,5a8bc0485542995d1e6f143d,,,,,
0,0,0.3956170082092285,0,5aba92da55429901930fa840,,,,,
0,0,0.2848379611968994,0,5ae5be02554299546bf82f3e,,,,,
0,0,0.3426516056060791,0,5a7349125542994cef4bc505,,,,,
0,0,0.42505788803100586,0,5a8777395542996e4f3087f3,,,,,
0,0,0.1282949447631836,0,5add596f5542990dbb2f7e4d,,,,,
0,0,0.15469765663146973,0,5abda2b755429933744ab80f,,,,,
0,0.15384615384615385,0.3033866882324219,0,5ae5c72a554299546bf82f57,,,,,
0,0,0.12235903739929199,0,5ab480715542991751b4d798,,,,,
0,0,0.09747195243835449,0,5ac47763554299204fd21f5b,,,,,
0,0,0.1197044849395752,0,5a8c4ebf554299585d9e365d,,,,,
0,0,0.2197129726409912,0,5a8bc1b85542997f31a41db8,,,,,
0,0.13333333333333333,0.37725329399108887,0,5a84c4b05542991dd0999deb,,,,,
0,0,0.15350341796875,0,5a88a4e65542997e5c09a671,,,,,
0,0,0.4867281913757324,0,5a8725a15542996432c57230,,,,,
0,0,0.25493955612182617,0,5ac3d2a6554299204fd21e8c,,,,,
0,0,0.12184500694274902,0,5a8f186055429918e830d186,,,,,
0,0,0.38276028633117676,0,5a8c5be0554299653c1aa04b,,,,,
0,0,0.3849658966064453,0,5a81624d5542995ce29dcbf1,,,,,
0,0.23529411764705882,0.1340789794921875,0,5abe8aad55429976d4830b60,,,,,
0,0,0.12877702713012695,0,5a7de63c5542995f4f4022f5,,,,,
0,0,0.500856876373291,0,5ac375495542995ef918c1a3,,,,,
0,0,0.35367798805236816,0,5a75436155429974ef308cbc,,,,,
0,0,0.35514354705810547,0,5adde16a5542997dc7907084,,,,,
0,0,0.4221491813659668,0,5abcf70b55429959677d6b7e,,,,,
0,0,0.10673403739929199,0,5ac4b24b5542996feb3fe933,,,,,
0,0,0.11810135841369629,0,5add1e565542990d50227dea,,,,,
0,0.5,0.16032719612121582,0,5a756dd65542996c70cfaef9,,,,,
0,0.33333333333333337,0.18325495719909668,0,5ab1e36d554299449642c7f9,,,,,
0,0,0.26218509674072266,0,5ab61cf5554299637185c668,,,,,
0,0,0.24517369270324707,0,5ac2a75755429967731025dc,,,,,
0,0,0.19360065460205078,0,5a7c66d555429935c91b518f,,,,,
0,0,0.1623706817626953,0,5ae6443355429908198fa563,,,,,
0,0,0.24706196784973145,0,5ae4f2595542990ba0bbb1a8,,,,,
0,0.5,0.12645459175109863,0,5adf37785542992d7e9f92d3,,,,,
0,0,0.37865781784057617,0,5adf86b45542993344016cc1,,,,,
0,0,0.15426874160766602,0,5a7f296f55429934daa2fd10,,,,,
0,0,0.12689566612243652,0,5ab1c693554299722f9b4c66,,,,,
0,0,0.12272763252258301,0,5ab67f0055429953192ad2d8,,,,,
0,0,0.13216710090637207,0,5ae6808f5542995703ce8b6b,,,,,
0,0.18181818181818182,0.25501465797424316,0,5adfc77b554299603e4183ab,,,,,
0,0.4444444444444444,0.16198945045471191,0,5ac01e77554299012d1db5ac,,,,,
0,0,0.29973483085632324,0,5a7f341655429930675136a0,,,,,
0,0,0.30348920822143555,0,5ae27e19554299495565da8b,,,,,
0,0.16666666666666666,0.23863482475280762,0,5a81d59a55429903bc27b9d6,,,,,
0,0,0.31263303756713867,0,5a7414d855429929fddd83db,,,,,
0,0,0.3526649475097656,0,5a8066d15542992097ad2fe8,,,,,
0,0,0.1360490322113037,0,5ab430fa5542991751b4d6dd,,,,,
0,0,0.14250564575195312,0,5ab700ca5542991d32223736,,,,,
0,0.08695652173913045,0.42233824729919434,0,5ab3c18b55429969a97a81b0,,,,,
0,0,0.12744832038879395,0,5a8318dd55429940e5e1a95e,,,,,
0,0.2222222222222222,0.31696367263793945,0,5ab9dd4c554299232ef4a22f,,,,,
0,0,0.12607407569885254,0,5a79abef5542994bb9457035,,,,,
0,0,0.19006967544555664,0,5a82678a5542995ce29dccfa,,,,,
0,0,0.13547897338867188,0,5ae5ff635542996de7b71ace,,,,,
0,0,0.2772068977355957,0,5a838fcd5542992ef85e2305,,,,,
0,0,0.12140846252441406,0,5adbf69c55429947ff173871,,,,,
0,0.25,0.20418953895568848,0,5a7b89a3554299294a54a9e3,,,,,
0,0,0.15144133567810059,0,5a87191155429960ec39b73d,,,,,
0,0.14285714285714285,0.4913957118988037,0,5a74760b55429974ef308c03,,,,,
0,0,0.30991029739379883,0,5a8a502b5542996c9b8d5ea6,,,,,
0,0,0.2908487319946289,0,5a820f2c55429926c1cdae17,,,,,
0,0,0.24957895278930664,0,5a9073405542995b442420bb,,,,,
0,0,0.09964776039123535,0,5ac245015542992f1f2b3829,,,,,
0,0,0.22455573081970215,0,5ae3a8985542992f92d82329,,,,,
0,0,0.20061707496643066,0,5a7363465542991f29ee2dd5,,,,,
1,1.0,0.12026524543762207,0,5a7796e05542992a6e59df0f,,,,,
0,0.12500000000000003,0.35550451278686523,0,5abccda855429965836004a4,,,,,
0,0,0.2568955421447754,0,5a881d2355429938390d3eeb,,,,,
0,0,0.21192383766174316,0,5ac17b485542994ab5c67d65,,,,,
0,0,0.12668418884277344,0,5ae71d87554299572ea546fa,,,,,
0,0,0.2844407558441162,0,5a7a4ca955429941d65f25a3,,,,,
0,0,0.3603174686431885,0,5a8a09565542992d82986e66,,,,,
0,0,0.3633575439453125,0,5a77edf955429967ab1052e8,,,,,
0,0,0.428508996963501,0,5adc8b5a5542994d58a2f648,,,,,
0,0,0.27931809425354004,0,5a83587f5542990548d0b1de,,,,,
0,0,0.11762070655822754,0,5a81ea115542995ce29dcc78,,,,,
0,0.8,0.09018659591674805,0,5ab61140554299110f2199d7,,,,,
0,0,0.5515124797821045,0,5ab3460055429976abd1bc80,,,,,
0,0,0.35254883766174316,0,5a758c925542992db947367b,,,,,
0,0,0.3807377815246582,0,5ae713af554299572ea546bb,,,,,
0,0,0.5444426536560059,0,5a8fb5905542997ba9cb32f6,,,,,
0,0,0.12130522727966309,0,5a8ce15d554299653c1aa12f,,,,,
1,1.0,0.1347963809967041,0,5a8e276b5542995a26add468,,,,,
0,0,0.28234243392944336,0,5a89e2ba5542992e4fca8441,,,,,
0,0,0.3530545234680176,0,5ae4183f5542996836b02c40,,,,,
0,0,0.1316235065460205,0,5a7248665542990c210a40b1,,,,,
0,0.33333333333333337,0.20261549949645996,0,5ac3b39e554299204fd21e09,,,,,
0,0,0.26709842681884766,0,5a8fae205542997ba9cb32ec,,,,,
0,0,0.1243429183959961,0,5a77c09555429967ab105262,,,,,
0,0,0.5492186546325684,0,5ade630e55429975fa854eb7,,,,,
0,0,0.14047026634216309,0,5ab506a05542990594ba9cd6,,,,,
0,0.5,0.1525437831878662,0,5a8b429f5542995d1e6f132c,,,,,
0,0,0.13473296165466309,0,5ab871725542990e739ec8f8,,,,,
0,0,0.12363600730895996,0,5a7e4af3554299495941998c,,,,,
0,0,0.23456692695617676,0,5ab2c7ef554299545a2cfa73,,,,,
0,0,0.13102006912231445,0,5a8ba9d255429971feec4759,,,,,
0,0,0.1649644374847412,0,5ae136375542997b2ef7d12f,,,,,
0,0,0.1273360252380371,0,5ab235ed5542993be8fa98c8,,,,,
0,0.14285714285714288,0.23459291458129883,0,5a8cddd1554299441c6b9f3a,,,,,
0,0.15384615384615383,0.2110135555267334,0,5abdd8d95542991f6610606a,,,,,
0,0,0.2953629493713379,0,5ae3789b5542992e3233c412,,,,,
0,0,0.11715269088745117,0,5ae4cf975542990ba0bbb151,,,,,
0,0.1818181818181818,0.4613840579986572,0,5ab8cd3d5542991b5579f009,,,,,
0,0,0.18146324157714844,0,5a81537355429926c1cdad20,,,,,
0,0,0.11447429656982422,0,5a7cef6955429909bec768ad,,,,,
0,0,0.4363594055175781,0,5a85b2d95542997b5ce40028,,,,,
0,0,0.16736745834350586,0,5a87ab905542996e4f3088c1,,,,,
0,0.4444444444444445,0.1802363395690918,0,5a7bbb64554299042af8f7cc,,,,,
0,0,0.3072528839111328,0,5a8db19d5542994ba4e3dd00,,,,,
0,0.5,0.19073486328125,0,5a7166395542994082a3e814,,,,,
0,0.09090909090909091,0.43079137802124023,0,5a877e5d5542993e715abf7d,,,,,
0,0,0.13403820991516113,0,5ab3b0bf5542992ade7c6e39,,,,,
0,0.19999999999999998,0.25278282165527344,0,5ab56e32554299637185c594,,,,,
0,0,0.15143918991088867,0,5ab6d09255429954757d337d,,,,,
0,0,0.2231912612915039,0,5a75e05c55429976ec32bc5f,,,,,
0,0,0.1371631622314453,0,5ab3e45655429976abd1bcd4,,,,,
0,0,0.5551280975341797,0,5ae0d4c9554299603e418468,,,,,
0,0,0.12631535530090332,0,5a8133725542995ce29dcbdb,,,,,
0,0,0.14259028434753418,0,5ae7a8175542993210983ed8,,,,,
0,0,0.12169456481933594,0,5ae6050f55429929b0807a5e,,,,,
0,0,0.2756233215332031,0,5adddccd5542997dc7907069,,,,,
0,0.26666666666666666,0.28160786628723145,0,5ae2070a5542994d89d5b313,,,,,
0,0,0.11505389213562012,0,5ae22b8d554299234fd0440f,,,,,
0,0,0.417938232421875,0,5a722b8655429971e9dc9329,,,,,
0,0,0.15552663803100586,0,5adf37a95542995ec70e8f97,,,,,
0,0,0.4969449043273926,0,5abd259d55429924427fcf1a,,,,,
0,0.33333333333333337,0.35626769065856934,0,5a828c8355429966c78a6a50,,,,,
0,0,0.31174707412719727,0,5a8a3e745542996c9b8d5e70,,,,,
0,0,0.2665092945098877,0,5ac23ff0554299636651994d,,,,,
0,0,0.20144104957580566,0,5ae4a3265542995ad6573de5,,,,,
0,0,0.8108105659484863,0,5ae0361155429925eb1afc2c,,,,,
0,0.14285714285714288,0.3499281406402588,0,5abc0a5d5542993f40c73c64,,,,,
0,0,0.14226412773132324,0,5a7cc50e554299452d57ba3e,,,,,
0,0.23529411764705882,0.40767884254455566,0,5abf63f15542997ec76fd3ea,,,,,
0,0,0.13653564453125,0,5a8ef2a75542995a26add583,,,,,
0,0.1111111111111111,0.34363770484924316,0,5a80721b554299485f5985ef,,,,,
0,0.11764705882352941,0.31397438049316406,0,5ab51dae5542991779162d82,,,,,
0,0,0.25972580909729004,0,5a7571135542992d0ec05f98,,,,,
0,0,0.10866117477416992,0,5a7a0e1e5542990783324e1a,,,,,
0,0,0.09269428253173828,0,5a74106b55429979e288289e,,,,,
0,0,0.13086795806884766,0,5a79311755429970f5fffe67,,,,,
0,0,0.17888498306274414,0,5ab2d3df554299194fa9352c,,,,,
0,0,0.4898245334625244,0,5a760ab65542994ccc918697,,,,,
0,0,0.1462535858154297,0,5a7d54165542995f4f402256,,,,,
0,0,0.11501407623291016,0,5ab859a955429934fafe6d7b,,,,,
0,0,0.23349499702453613,0,5add61d65542995b365fab21,,,,,
0,0.25,0.19884753227233887,0,5a8e068b5542995085b37384,,,,,
0,0,0.17599272727966309,0,5abbf698554299114383a0b5,,,,,
0,0.5,0.21437978744506836,0,5a8e1027554299653c1aa15f,,,,,
0,0,0.456829309463501,0,5ab84bf555429916710eb01f,,,,,
0,0.2857142857142857,0.36005735397338867,0,5a77724455429972597f153e,,,,,
0,0,0.5484764575958252,0,5a87c13f5542996e4f30890c,,,,,
0,0,0.11394143104553223,0,5ab96ab755429970cfb8eacd,,,,,
0,0,0.18691229820251465,0,5a8a43eb5542996c9b8d5e82,,,,,
0,0,0.2515449523925781,0,5ae73acb5542991e8301cc07,,,,,
0,0.4444444444444445,0.21492362022399902,0,5a7320565542991f9a20c61d,,,,,
0,0,0.34424901008605957,0,5ae32e125542991a06ce9946,,,,,
0,0,0.19398808479309082,0,5adc53f75542996e6852530a,,,,,
0,0.10526315789473684,0.554389476776123,0,5a8b20335542996c9b8d5fb3,,,,,
0,0,0.12436819076538086,0,5a85fb085542994775f606de,,,,,
0,0.4444444444444444,0.1917128562927246,0,5a7be2595542997c3ec972ac,,,,,
0,0,0.566389799118042,0,5a77152355429966f1a36c2e,,,,,
0,0.1,0.36832118034362793,0,5a8f4c8d554299458435d5a3,,,,,
0,0.15384615384615385,0.3166768550872803,0,5a80840f554299485f59863b,,,,,
0,0,0.27288293838500977,0,5a8361b65542992ef85e22a0,,,,,
0,0,0.12764930725097656,0,5ae7ba7a5542993210983f12,,,,,
0,0,0.3001742362976074,0,5ac2acff55429921a00ab02b,,,,,
0,0,0.13498377799987793,0,5aba7cfe554299232ef4a2fd,,,,,
0,0.28571428571428575,0.23007535934448242,0,5ae5aba0554299546bf82f17,,,,,
0,0.10526315789473684,0.4622988700866699,0,5ae1f4cb554299234fd0436d,,,,,
0,0,0.16702508926391602,0,5ae7e1fc55429952e35ea9cc,,,,,
0,0.4,0.1499776840209961,0,5ae37c765542992f92d822d4,,,,,
0,0,0.1944291591644287,0,5ae33c4d5542992f92d82262,,,,,
0,0,0.18637490272521973,0,5a77cb335542997042120b3a,,,,,
0,0,0.13527464866638184,0,5a8979f4554299669944a52e,,,,,
0,0,0.1343224048614502,0,5a713ea95542994082a3e6e4,,,,,
0,0.18181818181818182,0.2590785026550293,0,5a78bd9b554299078472774a,,,,,
0,0,0.13470053672790527,0,5a7625e8554299109176e66a,,,,,
0,0,0.2816288471221924,0,5ae2dd2055429928c423950d,,,,,
0,0.11764705882352941,0.36264729499816895,0,5abdf12255429976d4830a2f,,,,,
0,0,0.5778100490570068,0,5a88658955429938390d3f47,,,,,
0,0,0.28209495544433594,0,5a86ebac55429960ec39b6d6,,,,,
0,0,0.11065435409545898,0,5aba5d2e55429901930fa799,,,,,
0,0,0.6223948001861572,0,5ae5736e5542990ba0bbb2b3,,,,,
0,0,0.13535356521606445,0,5ae005b555429942ec259bec,,,,,
0,0.09523809523809525,0.4552590847015381,0,5a7759fc5542993569682d60,,,,,
0,0,0.28365039825439453,0,5a835478554299123d8c20ed,,,,,
0,0,0.2170271873474121,0,5aba749055429901930fa7d8,,,,,
0,0,0.2510654926300049,0,5abfb3425542990832d3a1c0,,,,,
0,0,0.13072633743286133,0,5ac3165c5542995ef918c10a,,,,,
0,0.42857142857142855,0.24772334098815918,0,5ae53b545542990ba0bbb23c,,,,,
0,0.2222222222222222,0.274921178817749,0,5ae224da554299234fd043ee,,,,,
0,0,0.12036299705505371,0,5ae2b770554299495565db0f,,,,,
0,0,0.2764468193054199,0,5a80b3a9554299485f5986cc,,,,,
0,0.13333333333333333,0.31075263023376465,0,5a8e0a005542995085b373a1,,,,,
0,0.5,0.14806175231933594,0,5ac1b8ee5542994d76dccedc,,,,,
0,0.18181818181818182,0.3074164390563965,0,5adccd795542990d50227d2c,,,,,
0,0.18181818181818182,0.23030686378479004,0,5a84c4135542994c784dda31,,,,,
0,0,0.23496603965759277,0,5a85eed75542996432c5713b,,,,,
0,0,0.2837066650390625,0,5a774e9c55429972597f14f3,,,,,
0,0,0.12325358390808105,0,5ae738f75542991bbc9761c4,,,,,
0,0,0.1428079605102539,0,5ac32b565542995ef918c154,,,,,
0,0.2857142857142857,0.3609018325805664,0,5abc8d75554299700f9d7900,,,,,
0,0,0.3690757751464844,0,5a8bb29b554299240d9c2089,,,,,
0,0,0.12987613677978516,0,5ab659e355429954757d324e,,,,,
0,0,0.26482558250427246,0,5a8b8b3155429949d91db5d7,,,,,
0,0,0.5325043201446533,0,5ae7eaf65542994a481bbe1d,,,,,
0,0,0.2995927333831787,0,5a8c4c625542995e66a475a1,,,,,
0,0,0.3327796459197998,0,5a818387554299260e20a291,,,,,
0,0.2,0.276796817779541,0,5ab978855542996be2020512,,,,,
0,0,0.48747730255126953,0,5ae63dad55429929b0807afe,,,,,
0,0.5714285714285715,0.17694664001464844,0,5a7a455c5542994f819ef1a7,,,,,
0,0,0.18824052810668945,0,5a7dcc775542990b8f503ab5,,,,,
0,0,0.13024520874023438,0,5a887bc0554299206df2b2b6,,,,,
0,0,0.37835121154785156,0,5a83880e554299123d8c214e,,,,,
0,0,0.2089226245880127,0,5a879adb5542996e4f30887f,,,,,
0,0.09523809523809523,0.3852248191833496,0,5add11935542994734353827,,,,,
0,0.4,0.18029117584228516,0,5a8c5569554299240d9c2126,,,,,
0,0,0.25595712661743164,0,5a75f0ea5542994ccc91866c,,,,,
0,0,0.4039480686187744,0,5a89f5815542993b751ca9c5,,,,,
0,0,0.12854409217834473,0,5a8d5fc6554299585d9e37c6,,,,,
0,0.3333333333333333,0.17183279991149902,0,5ac120c55542992a796dedfc,,,,,
0,0,0.3614814281463623,0,5ab7c1a955429928e1fe38c8,,,,,
0,0,0.39694714546203613,0,5abd01205542992ac4f3819b,,,,,
0,0,0.1301734447479248,0,5ab69c25554299110f219a39,,,,,
0,0,0.286029577255249,0,5a7b12a355429927d897bf2a,,,,,
0,0.36363636363636365,0.19471430778503418,0,5ae0006755429925eb1afbd3,,,,,
0,0,0.3074657917022705,0,5ae305df5542992decbdcdc3,,,,,
0,0,0.14690518379211426,0,5a8574945542997b5ce3fffb,,,,,
0,0.28571428571428575,0.2018420696258545,0,5a7332935542991f9a20c67d,,,,,
0,0,0.12794828414916992,0,5a80071f5542992bc0c4a684,,,,,
0,0,0.31098413467407227,0,5ae73c065542991e8301cc18,,,,,
0,0,0.15250205993652344,0,5a87d8215542994775f60800,,,,,
0,0,0.3749992847442627,0,5ac2ffbd554299677310267b,,,,,
0,0.2222222222222222,0.3720870018005371,0,5a7c960655429935c91b5244,,,,,
0,0,0.6725151538848877,0,5a7d61775542991319bc93b9,,,,,
0,0.16,0.3429436683654785,0,5ac1c6805542994ab5c67e11,,,,,
0,0,0.133894681930542,0,5a7a230e5542996a35c170ee,,,,,
0,0.6666666666666666,0.12375831604003906,0,5ae4627d5542991a06ce9a4d,,,,,
0,0.5,0.18200302124023438,0,5ac2d1d755429921a00ab053,,,,,
0,0.06666666666666667,0.6922662258148193,0,5ab4e3065542990594ba9cb4,,,,,
0,0.05714285714285715,0.47176027297973633,0,5ac298f9554299657fa28fc9,,,,,
0,0,0.5657789707183838,0,5ab6a2be554299710c8d1f08,,,,,
0,0.5714285714285715,0.18575215339660645,0,5a738d27554299623ed4abf3,,,,,
0,0,0.25690793991088867,0,5ab2a186554299295394677b,,,,,
0,0.5,0.16559195518493652,0,5a8704f8554299211dda2ba4,,,,,
0,0,1.0060193538665771,0,5ab5ed505542997d4ad1f255,,,,,
0,0,0.16989374160766602,0,5a77c1505542997042120b1b,,,,,
0,0,0.3066215515136719,0,5a88d745554299206df2b378,,,,,
0,0,0.1309661865234375,0,5ae748d1554299572ea547b0,,,,,
0,0.8,0.15299320220947266,0,5a7a8a9c554299042af8f666,,,,,
0,0,0.12539196014404297,0,5adffe7155429906c02daa9e,,,,,
0,0.33333333333333337,0.17365288734436035,0,5ab642845542995eadeeff8e,,,,,
0,0,0.21083903312683105,0,5a906a685542990a9849362e,,,,,
0,0.4,0.1620938777923584,0,5a7633ad5542992db9473741,,,,,
0,0,0.5128965377807617,0,5a74ce9655429974ef308c6c,,,,,
1,1.0,0.11942553520202637,0,5a713a5a5542994082a3e6a9,,,,,
0,0,0.13125133514404297,0,5ab341f755429969a97a8114,,,,,
0,0,0.1310415267944336,0,5a8325b35542990548d0b18f,,,,,
0,0,0.7948822975158691,0,5ab9374b554299131ca422c6,,,,,
0,0,0.18973731994628906,0,5ae52c0f5542992663a4f12e,,,,,
0,0,0.13989996910095215,0,5adbfbd555429947ff173893,,,,,
0,0,0.3054037094116211,0,5ab7f0015542992aa3b8c88b,,,,,
0,0,0.23588919639587402,0,5ac547525542993e66e822a3,,,,,
0,0,0.12257695198059082,0,5a7cbf8c554299452d57b9f4,,,,,
0,0,0.08714866638183594,0,5a7ddc5a5542995f4f4022da,,,,,
0,0.3076923076923077,0.2953016757965088,0,5a7a1cd85542990783324e65,,,,,
0,0,0.12844491004943848,0,5ae0a59a55429945ae9593e2,,,,,
0,0,0.3250730037689209,0,5a8b987f5542997f31a41d7a,,,,,
0,0,0.12414789199829102,0,5a8739a05542994775f607ab,,,,,
0,0,0.1310267448425293,0,5ae67dba55429908198fa5f0,,,,,
0,0,0.42792558670043945,0,5a7b3f4d5542992d025e67bb,,,,,
0,0.08695652173913042,0.46570444107055664,0,5ae2dfd155429928c423951b,,,,,
0,0.4,0.1747133731842041,0,5ab6ba245542995eadef007f,,,,,
0,0,0.4700603485107422,0,5ab8854555429934fafe6e0c,,,,,
0,0.0909090909090909,0.40480518341064453,0,5a8eea4a5542990e94052bb7,,,,,
0,0,0.1222846508026123,0,5a74c85055429916b0164218,,,,,
1,1.0,0.10448884963989258,0,5a88dcf9554299206df2b383,,,,,
0,0,0.15811896324157715,0,5a7625c7554299109176e668,,,,,
0,0,0.12364768981933594,0,5ac0d83a554299294b219038,,,,,
0,0,0.10582375526428223,0,5a790d8f554299029c4b5eec,,,,,
0,0.2857142857142857,0.316089391708374,0,5ab2c5e255429916697740ba,,,,,
0,0,0.11765885353088379,0,5abcfc365542993a06baf9d6,,,,,
0,0,0.14077425003051758,0,5a8ee6915542990e94052bad,,,,,
0,0,0.128157377243042,0,5abba4855542993f40c73b68,,,,,
0,0.22222222222222224,0.2276301383972168,0,5ae0bae555429906c02dab08,,,,,
0,0.09523809523809523,0.47867918014526367,0,5ab271fe554299449642c8a6,,,,,
0,0,0.339740514755249,0,5a7997a2554299029c4b5f59,,,,,
0,0,0.37831974029541016,0,5add673e5542992ae4cec54d,,,,,
0,0,0.14212274551391602,0,5ae819ac55429952e35eaa16,,,,,
0,0,0.13563990592956543,0,5aba65a055429939ce03dcd2,,,,,
0,0,0.4190986156463623,0,5a87bada5542994846c1cddc,,,,,
0,0.15384615384615383,0.37557363510131836,0,5ae74fc45542997b22f6a6b4,,,,,
0,0,0.3430471420288086,0,5adf65555542992d7e9f9334,,,,,
0,0,0.40764617919921875,0,5ade69e455429975fa854ec5,,,,,
0,0,0.09438157081604004,0,5ae057fd55429945ae959328,,,,,
0,0,0.09759187698364258,0,5ab28019554299722f9b4d51,,,,,
0,0,0.8783740997314453,0,5a75f79555429976ec32bcca,,,,,
0,0,0.11397552490234375,0,5adef80b5542993a75d263c4,,,,,
0,0,0.2989192008972168,0,5ae0aaf455429945ae959401,,,,,
0,0,0.22615909576416016,0,5ab47d765542991751b4d78f,,,,,
0,0.09090909090909091,0.42472267150878906,0,5a7ed2c655429930675135e5,,,,,
0,0.19999999999999998,0.34704089164733887,0,5ac3e0f7554299194317388b,,,,,
0,0,0.08439397811889648,0,5a7bae20554299294a54aa96,,,,,
0,0,0.17885398864746094,0,5ab8ee035542991b5579f04b,,,,,
0,0.09523809523809523,0.4057891368865967,0,5a7a276d5542996c55b2dd27,,,,,
0,0.8,0.13137245178222656,0,5a717d4c5542994082a3e854,,,,,
0,0,0.3813815116882324,0,5ac02e31554299294b218f3f,,,,,
0,0,0.42135071754455566,0,5a79ea435542996c55b2dc9e,,,,,
0,0,0.17751526832580566,0,5ab7e4dc5542995dae37e9df,,,,,
0,0,0.21465039253234863,0,5a834ed95542990548d0b1ca,,,,,
0,0,0.13774609565734863,0,5ab41d855542996a3a969f4b,,,,,
0,0.6,0.17633891105651855,0,5a7b7ff75542995eb53be93d,,,,,
0,0,0.2893245220184326,0,5a7d19d85542995ed0d165e8,,,,,
0,0,0.17925500869750977,0,5ae7ed17554299540e5a56a3,,,,,
0,0,0.13247966766357422,0,5ab2659e554299340b5254b2,,,,,
0,0,0.3035140037536621,0,5abd2eab5542992ac4f38210,,,,,
0,0,0.2119450569152832,0,5abaf3195542996cc5e49f2c,,,,,
0,0.23529411764705882,0.3043019771575928,0,5a791a97554299148911f9f2,,,,,
0,0,0.127577543258667,0,5adf58f15542993a75d264d2,,,,,
0,0.18181818181818182,0.2901754379272461,0,5adc65e85542996e68525350,,,,,
0,0,0.1649630069732666,0,5a87ab9b5542996e4f3088c2,,,,,
0,0,0.18853497505187988,0,5a738fe855429908901be2fb,,,,,
0,0.22222222222222224,0.2567567825317383,0,5a8c65a1554299585d9e3680,,,,,
0,0.6666666666666666,0.14691734313964844,0,5ac2bbd0554299218029db09,,,,,
0,0.15384615384615385,0.3477625846862793,0,5adf3e355542993a75d26440,,,,,
0,0,0.36453795433044434,0,5ae82ae555429952e35eaa71,,,,,
0,0.33333333333333337,0.18601131439208984,0,5ac289ff5542996366519a02,,,,,
0,0,0.1317768096923828,0,5a7a5b3a5542996c55b2dd71,,,,,
0,0,0.4081106185913086,0,5ab8688b55429934fafe6daa,,,,,
0,0,0.49498486518859863,0,5a7a3a945542996a35c17147,,,,,
0,0.6,0.1796131134033203,0,5ab9b29c554299743d22ebae,,,,,
0,0.28571428571428575,0.18582940101623535,0,5a8b63fa55429950cd6afcd7,,,,,
0,0,0.2624077796936035,0,5ade51b45542997c77adedf4,,,,,
0,0,0.43289947509765625,0,5ae4c49a5542995dadf24400,,,,,
0,0,0.13166165351867676,0,5a7d3470554299452d57bb56,,,,,
0,0.28571428571428575,0.1668241024017334,0,5ae4f2c75542993aec5ec0fb,,,,,
0,0.25,0.24295401573181152,0,5ab1d7ac554299449642c7e6,,,,,
0,0,0.1527411937713623,0,5a85cead5542991dd0999ea9,,,,,
0,0,0.3864877223968506,0,5a73a7c755429978a71e9068,,,,,
0,0,0.14734363555908203,0,5a7f113d55429934daa2fcbe,,,,,
0,0,0.323075532913208,0,5ae6828f5542996d980e7bb9,,,,,
0,0,0.11117672920227051,0,5ab31864554299233954ff06,,,,,
0,0,0.1913907527923584,0,5abe239355429976d4830a7d,,,,,
0,0.125,0.38429713249206543,0,5ac2659b55429963665199a1,,,,,
0,0,0.2360231876373291,0,5ae058e855429945ae959331,,,,,
0,0.8,0.12320923805236816,0,5a7b8749554299294a54a9db,,,,,
0,0,0.35566067695617676,0,5a864ff7554299211dda2af2,,,,,
0,0.6666666666666666,0.11205863952636719,0,5ae4d3c95542990ba0bbb165,,,,,
0,0,0.45049452781677246,0,5ab7f97a5542991d322237ef,,,,,
0,0,0.4140186309814453,0,5a7b46e55542995eb53be8e5,,,,,
0,0,0.20301580429077148,0,5a879ba55542993e715abfc3,,,,,
0,0.3333333333333333,0.1443467140197754,0,5ae4563e5542996836b02c7f,,,,,
0,0,0.34879636764526367,0,5ab6ff3a5542991d3222372a,,,,,
0,0,0.1359105110168457,0,5a7a46605542994f819ef1ad,,,,,
0,0.5,0.17122173309326172,0,5ade7a435542997c77adee3a,,,,,
1,1.0,0.11243891716003418,0,5ac1795f5542994ab5c67d5f,,,,,
0,0.25,0.23804712295532227,0,5ab1e984554299340b525428,,,,,
0,0,0.3354969024658203,0,5a86769c5542994775f60776,,,,,
0,0,0.1123502254486084,0,5ab7da6f55429928e1fe3928,,,,,
0,0,0.22992515563964844,0,5ae497f15542995ad6573db8,,,,,
1,1.0,0.13832378387451172,0,5ae6f2a7554299572ea5464a,,,,,
0,0,0.2318429946899414,0,5adea9ea55429939a52fe934,,,,,
0,0,0.28333282470703125,0,5a7caae75542996dd594b971,,,,,
0,0,0.1621997356414795,0,5ac01bb8554299012d1db5a6,,,,,
0,0,0.4312920570373535,0,5abc3a65554299700f9d782d,,,,,
0,0,0.11525607109069824,0,5ae3ff575542995dadf242aa,,,,,
0,0,0.11027884483337402,0,5a89fb525542993b751ca9d6,,,,,
0,0.28571428571428575,0.19342851638793945,0,5ab3d69255429969a97a81c9,,,,,
0,0,0.39560914039611816,0,5ac5199a5542994611c8b38a,,,,,
0,0,0.7835807800292969,0,5ae048a255429924de1b708e,,,,,
0,0.3333333333333333,0.1621403694152832,0,5a9068a95542990a98493621,,,,,
0,0,0.13434672355651855,0,5adf9dc3554299025d62a2e6,,,,,
0,0,0.24348711967468262,0,5ae406245542995dadf242e2,,,,,
0,0.33333333333333337,0.18233036994934082,0,5ab6369655429953192ad2a1,,,,,
0,0,0.11100983619689941,0,5ae628f55542995703ce8b32,,,,,
0,0,0.1185908317565918,0,5adccdd55542992c1e3a2408,,,,,
0,0,0.21471405029296875,0,5abd1529554299114383a1e3,,,,,
1,1.0,0.10076713562011719,0,5a78db8055429970f5fffdb2,,,,,
0,0.15384615384615383,0.26473116874694824,0,5ab9debb55429955dce3ed97,,,,,
0,0,0.12883496284484863,0,5ae791ef55429952e35ea979,,,,,
0,0,0.23730015754699707,0,5ab8f7535542991b5579f0a7,,,,,
0,0,0.12551259994506836,0,5ac119335542992a796dede4,,,,,
0,0.4444444444444445,0.23633360862731934,0,5a7d2afd5542995f4f402221,,,,,
0,0,0.1433854103088379,0,5a8dd5f955429917b4a5bcc7,,,,,
0,0.23529411764705882,0.317366361618042,0,5a83a532554299334474606f,,,,,
0,0,0.11631131172180176,0,5a90692f5542990a98493625,,,,,
0,0,0.1378037929534912,0,5a7555215542996c70cfaee1,,,,,
0,0,0.3879225254058838,0,5a90580655429933b8a204ef,,,,,
0,0.1,0.39893221855163574,0,5a88e605554299206df2b39c,,,,,
0,0,0.12027382850646973,0,5add67915542992200553af8,,,,,
0,0,0.7966887950897217,0,5a8463545542990548d0b2a3,,,,,
0,0,0.10450267791748047,0,5a74684655429929fddd8410,,,,,
0,0.06896551724137931,0.6251213550567627,0,5a835c9f5542992ef85e228a,,,,,
0,0,0.4615941047668457,0,5ae7edee554299540e5a56ad,,,,,
0,0.5,0.16722393035888672,0,5a8ee4315542990e94052ba7,,,,,
0,0,0.4995417594909668,0,5a8cb288554299585d9e3726,,,,,
0,0,0.3758225440979004,0,5adfbca255429942ec259b2c,,,,,
0,0,0.2870945930480957,0,5ae24abc5542994d89d5b3c3,,,,,
0,0,0.34607839584350586,0,5ab802085542990e739ec7ca,,,,,
0,0,0.380932092666626,0,5adfa3da554299025d62a317,,,,,
0,0.33333333333333337,0.23635625839233398,0,5a76e88555429972597f13f4,,,,,
0,0.18181818181818182,0.30660533905029297,0,5ac3ae475542995ef918c1e5,,,,,
0,0,0.11365675926208496,0,5abffc41554299012d1db551,,,,,
0,0,0.12333059310913086,0,5ae4c39f5542995dadf243fb,,,,,
0,0,0.13680601119995117,0,5a79c6a55542994bb9457091,,,,,
0,0.33333333333333337,0.11307787895202637,0,5a7be5bd5542997c3ec972ba,,,,,
0,0,0.18648529052734375,0,5a7ec61a55429934daa2fc5f,,,,,
0,0,0.3972616195678711,0,5a7cb9b95542990527d55515,,,,,
0,0,0.1904895305633545,0,5a867089554299211dda2b30,,,,,
0,0,0.2963266372680664,0,5ae1801955429901ffe4aec4,,,,,
0,0,0.18961548805236816,0,5a76387d554299109176e6ba,,,,,
0,0,0.2983543872833252,0,5abd0d635542992ac4f381b8,,,,,
0,0,0.29832005500793457,0,5ae68fcb5542992ae0d1635b,,,,,
0,0,0.29299306869506836,0,5ab28b12554299449642c8ee,,,,,
0,0,0.11859774589538574,0,5a7133565542994082a3e65c,,,,,
0,0.13333333333333333,0.2859365940093994,0,5abbd3ac55429931dba1458b,,,,,
0,0,0.36725306510925293,0,5a85ab905542994c784ddb35,,,,,
0,0,0.1298832893371582,0,5a8d93ad554299653c1aa13d,,,,,
0,0.2608695652173913,0.49040770530700684,0,5a886886554299206df2b258,,,,,
0,0,0.30994367599487305,0,5a7c6bcc55429935c91b519c,,,,,
0,0,0.28579068183898926,0,5a825bb455429940e5e1a874,,,,,
0,0.4444444444444445,0.25615906715393066,0,5a72a0be5542992359bc3143,,,,,
0,0,0.24907422065734863,0,5ade15f35542997545bbbe47,,,,,
0,0,0.39613962173461914,0,5a77cb5e55429967ab1052a7,,,,,
0,0,0.1363663673400879,0,5a83aaeb5542996488c2e483,,,,,
0,0,0.28679394721984863,0,5ac4392e5542997ea680ca32,,,,,
0,0,0.47608470916748047,0,5a7f5c9f55429969796c1a0f,,,,,
0,0,0.2391524314880371,0,5a8b770f5542995d1e6f13a7,,,,,
0,0,0.2780907154083252,0,5ae3dc205542992f92d823a1,,,,,
0,0.1904761904761905,0.46079111099243164,0,5a7cf29255429909bec768b8,,,,,
0,0.0625,0.7008092403411865,0,5a79f6ca554299029c4b5f90,,,,,
0,0,0.15222692489624023,0,5a8e3dc05542995085b37401,,,,,
0,0,0.10461306571960449,0,5ade24e35542992fa25da6e6,,,,,
1,1.0,0.10811853408813477,0,5ab5f854554299637185c64e,,,,,
0,0.5,0.20994305610656738,0,5ab5b6c1554299637185c5e5,,,,,
0,0.08695652173913045,0.5328860282897949,0,5ae25ed15542992decbdccd2,,,,,
0,0,0.1561570167541504,0,5ab808ea5542991d3222380e,,,,,
0,0,0.35590028762817383,0,5ae5072e55429960a22e0246,,,,,
0,0,0.16855239868164062,0,5ac01bca5542992a796dec8d,,,,,
0,0,0.1119842529296875,0,5adf34d35542993a75d26425,,,,,
0,0.6,0.24683475494384766,0,5add67555542992ae4cec54e,,,,,
0,0.11764705882352941,0.31282973289489746,0,5a8085705542992bc0c4a74b,,,,,
0,0,0.1247873306274414,0,5a756fa15542996c70cfaefb,,,,,
0,0,0.11870121955871582,0,5a7f6eab5542992097ad2f66,,,,,
1,1.0,0.12093615531921387,0,5ae5e1345542996de7b71a50,,,,,
1,1.0,0.10900545120239258,0,5a72c6f65542994cef4bc402,,,,,
0,0,0.13900160789489746,0,5a80ad7c5542992097ad3018,,,,,
0,0,0.3536999225616455,0,5a77a65b5542992a6e59df57,,,,,
0,0.6666666666666666,0.1476762294769287,0,5a78b209554299148911f93e,,,,,
0,0.25,0.21665692329406738,0,5ab85a1155429934fafe6d7c,,,,,
0,0,0.33382081985473633,0,5a8da81e554299068b959d7e,,,,,
0,0.15384615384615385,0.304119348526001,0,5ab8f57b5542991b5579f097,,,,,
0,0.1111111111111111,0.4378204345703125,0,5ab6bf6d55429953192ad372,,,,,
0,0.125,0.32283973693847656,0,5ae7385d5542992ae0d163da,,,,,
0,0.5,0.1345536708831787,0,5a7dd9445542997cc2c474ac,,,,,
0,0,0.3483455181121826,0,5ab446d455429942dd415f07,,,,,
0,0,0.35144829750061035,0,5ac497025542997ea680ca8d,,,,,
0,0,0.31256794929504395,0,5a7b7bed5542997c3ec971bc,,,,,
0,0,0.1021413803100586,0,5a89706055429951533612f9,,,,,
0,0,0.17967987060546875,0,5ac02edb554299294b218f41,,,,,
0,0.05405405405405405,0.6195893287658691,0,5ab67772554299110f219a12,,,,,
0,0.14285714285714285,0.3252596855163574,0,5a7b65ab5542997c3ec97144,,,,,
0,0,0.2442007064819336,0,5a760faa5542994ccc9186a8,,,,,
0,0,0.11667108535766602,0,5adbe1a7554299438c868cc3,,,,,
0,0.12903225806451613,0.470811128616333,0,5a80aeff5542996402f6a5eb,,,,,
1,1.0,0.13273143768310547,0,5ae74890554299572ea547af,,,,,
0,0.33333333333333337,0.23081541061401367,0,5ac3d9c9554299204fd21ea3,,,,,
0,0,0.5509147644042969,0,5abc8620554299700f9d78e2,,,,,
0,0,0.5552725791931152,0,5a7b4bc35542992d025e67e0,,,,,
0,0.5,0.13971400260925293,0,5a85dfcc5542994775f60673,,,,,
0,0.5,0.12245893478393555,0,5a7b76735542997c3ec9719f,,,,,
1,1.0,0.13945579528808594,0,5a8c66db554299585d9e3683,,,,,
0,0,0.11651301383972168,0,5a7e05ba5542995f4f402392,,,,,
0,0.08333333333333333,0.40210413932800293,0,5a88a4245542997e5c09a668,,,,,
0,0,0.489978551864624,0,5a8799c55542996e4f308877,,,,,
0,0,0.1729907989501953,0,5ac038db554299294b218f57,,,,,
0,0.15384615384615385,0.5903077125549316,0,5a764c0b55429976ec32bd89,,,,,
0,0.7272727272727273,0.25252318382263184,0,5a77309d55429972597f1487,,,,,
0,0,0.1256265640258789,0,5ab7bae95542993667793ff4,,,,,
0,0,0.6280536651611328,0,5a7c9f325542990527d554e6,,,,,
0,0,0.41875505447387695,0,5a8f69b55542997ba9cb324f,,,,,
1,1.0,0.12489199638366699,0,5adbda2755429944faac2385,,,,,
1,1.0,0.13869571685791016,0,5ab67bd355429954757d32f2,,,,,
0,0,0.13250255584716797,0,5a90843c5542995651fb517e,,,,,
0,0,0.12397241592407227,0,5a8324815542990548d0b184,,,,,
0,0.08333333333333334,0.4525308609008789,0,5adf4a275542993a75d26498,,,,,
0,0.08695652173913045,0.43059539794921875,0,5ae4c5595542990ba0bbb123,,,,,
0,0.28571428571428575,0.1587679386138916,0,5ab5057b5542991779162d56,,,,,
0,0,0.3679502010345459,0,5a837d9a554299123d8c213e,,,,,
0,0.06060606060606061,0.5931663513183594,0,5a81ebee554299676cceb16d,,,,,
0,0,0.14390778541564941,0,5ab48c325542996a3a969f93,,,,,
0,0,0.13047027587890625,0,5a8488f45542992a431d1a47,,,,,
0,0,0.10697054862976074,0,5abe689a55429976d4830b16,,,,,
0,0.08333333333333333,0.5129702091217041,0,5a7a014a5542996c55b2dccf,,,,,
0,0,0.1214132308959961,0,5a895d305542993b751ca931,,,,,
0,0,0.2511310577392578,0,5a85c3a15542992a431d1b97,,,,,
0,0,0.373260498046875,0,5ae32b6755429928c4239644,,,,,
0,0,0.3571348190307617,0,5a8d02cc554299441c6b9fb6,,,,,
0,0.4,0.15324068069458008,0,5a78daf855429970f5fffdae,,,,,
0,0,0.25381970405578613,0,5adc094a55429947ff1738c0,,,,,
0,0,0.13110995292663574,0,5ae77c245542997b22f6a795,,,,,
0,0,0.1250596046447754,0,5a88f9555542995153361214,,,,,
0,0,0.24350261688232422,0,5a874ce15542996432c57256,,,,,
0,0,0.20015764236450195,0,5a7e7ed05542991319bc94c2,,,,,
0,0.25,0.35350584983825684,0,5abf44025542993fe9a41def,,,,,
0,0.22222222222222224,0.2714066505432129,0,5ab531cc5542990594ba9d23,,,,,
0,0.06451612903225806,0.6295289993286133,0,5a90605d5542995651fb514d,,,,,
1,1.0,0.1350386142730713,0,5ac45b58554299076e296dad,,,,,
0,0,0.5252604484558105,0,5a8eb4d65542990e94052b82,,,,,
0,0,0.11322140693664551,0,5a8038b55542996402f6a485,,,,,
0,0,0.3584461212158203,0,5ab83d595542990e739ec886,,,,,
0,0,0.13188982009887695,0,5ae0d52e554299603e418469,,,,,
0,0,0.11130118370056152,0,5a8f9b8c5542997ba9cb32e6,,,,,
0,0,0.5300347805023193,0,5ae75a4c5542997b22f6a6f1,,,,,
0,0,0.16532325744628906,0,5ab45a0b5542991779162c7e,,,,,
0,0,0.4042239189147949,0,5a8b452655429971feec468e,,,,,
0,0,0.46849608421325684,0,5a8d7b1755429941ae14dfc6,,,,,
0,0.19999999999999998,0.23009395599365234,0,5ab6f0c25542995eadef00ea,,,,,
0,0.4,0.15630102157592773,0,5ab72a025542992aa3b8c7b8,,,,,
0,0,0.13789820671081543,0,5ade42b55542992fa25da717,,,,,
0,0,0.3148782253265381,0,5ae4c2b95542995dadf243ef,,,,,
0,0,0.13566303253173828,0,5abf10b75542997719eab659,,,,,
0,0.30769230769230765,0.25395846366882324,0,5add564a5542990dbb2f7e38,,,,,
0,0.7499999999999999,0.18440508842468262,0,5a738225554299623ed4abc3,,,,,
0,0.125,0.3568460941314697,0,5a729e7b5542992359bc313d,,,,,
0,0.13333333333333333,0.2824099063873291,0,5a811152554299260e20a22e,,,,,
0,0,0.1153254508972168,0,5adddd075542992200553b71,,,,,
0,0,0.20002961158752441,0,5ade9545554299728e26c740,,,,,
0,0.15384615384615385,0.360201358795166,0,5ab25004554299722f9b4cd7,,,,,
0,0.4444444444444444,0.19513392448425293,0,5ac1f4495542991316484bd2,,,,,
0,1.0,0.14328765869140625,0,5ac0cf0f554299294b219018,,,,,
0,0,0.1313784122467041,0,5ab3306a55429969a97a80fd,,,,,
0,0.16666666666666669,0.26361918449401855,0,5ade0fb95542997545bbbe39,,,,,
0,0,0.3251802921295166,0,5ab78edc5542995dae37e95c,,,,,
0,0,0.6980805397033691,0,5ac056385542997d64295a08,,,,,
0,0,0.1452171802520752,0,5aba9e2455429939ce03dd3a,,,,,
0,0,0.1988813877105713,0,5a90b43455429916514e7523,,,,,
1,1.0,0.15559077262878418,0,5abb30755542996cc5e49fd8,,,,,
0,0,0.3000304698944092,0,5ae4ec1e5542990ba0bbb19b,,,,,
0,0,0.22057414054870605,0,5add405f5542992c1e3a2581,,,,,
0,0,0.2398388385772705,0,5a71717d5542994082a3e834,,,,,
0,0,0.3581233024597168,0,5adf8fe55542993344016d0f,,,,,
0,0,0.38127636909484863,0,5a78f59755429970f5fffdf7,,,,,
0,0,0.14455819129943848,0,5a8099935542996402f6a58b,,,,,
0,0.09090909090909091,0.4864842891693115,0,5ab6aaff55429953192ad35b,,,,,
0,0,0.13071632385253906,0,5abcc96c5542996583600492,,,,,
0,0,0.38396787643432617,0,5a8b78775542997f31a41d3d,,,,,
0,0.4,0.29511570930480957,0,5a7252db5542990c210a4104,,,,,
0,0,0.16146087646484375,0,5ae2ee5e5542991a06ce990a,,,,,
0,0,0.15938878059387207,0,5abc5951554299114383a116,,,,,
0,0.03125,1.301591157913208,0,5ac1a3665542994ab5c67daf,,,,,
0,0,0.2303180694580078,0,5adc0c2b55429947ff1738db,,,,,
0,0.11764705882352941,0.34630751609802246,0,5a7634f155429976ec32bd6b,,,,,
0,0,0.1941981315612793,0,5a7574e25542996c70cfaf01,,,,,
0,0.07692307692307693,0.5051009654998779,0,5adc8977554299438c868de2,,,,,
0,0.09523809523809523,0.40590381622314453,0,5a7dc2495542997cc2c4749a,,,,,
0,0,0.35877561569213867,0,5a8f05b1554299458435d517,,,,,
0,0.16666666666666666,0.21891474723815918,0,5ab7bbbf55429928e1fe38bf,,,,,
0,0,0.4537181854248047,0,5a8af28555429951533613b5,,,,,
0,0.23529411764705882,0.3473377227783203,0,5ae1f596554299234fd04372,,,,,
0,0,0.2860074043273926,0,5a8b3af455429971feec467b,,,,,
0,0,0.3041963577270508,0,5add311b5542994ed6169cc5,,,,,
0,0,0.22261714935302734,0,5ae60426554299546bf83019,,,,,
0,0,0.4199950695037842,0,5a8cfee555429941ae14df5c,,,,,
1,1.0,0.1413719654083252,0,5a71166d5542994082a3e576,,,,,
0,0,0.17865586280822754,0,5ae789615542997ec2727695,,,,,
0,0,0.1593785285949707,0,5a7757215542993569682d58,,,,,
0,0,0.28709864616394043,0,5a81ff62554299676cceb1c4,,,,,
0,0,0.21317529678344727,0,5ae4890a5542995ad6573d60,,,,,
1,1.0,0.1266615390777588,0,5a79c1335542994bb9457066,,,,,
0,0.2,0.5047404766082764,0,5ac52fc35542994611c8b403,,,,,
0,0,0.44594430923461914,0,5adda7585542997dc790700c,,,,,
0,0,0.39588117599487305,0,5adf043b5542993a75d263d4,,,,,
0,0.2727272727272727,0.3945622444152832,0,5abd6bf055429933744ab7c8,,,,,
0,0,0.14173340797424316,0,5ae0038655429925eb1afbe0,,,,,
0,0,0.14880585670471191,0,5a73977d554299623ed4ac08,,,,,
0,0,0.13499712944030762,0,5ac2a399554299218029dada,,,,,
0,0,0.36735057830810547,0,5ae0f6f5554299422ee99583,,,,,
0,0,0.36703920364379883,0,5adc1ae5554299438c868d5c,,,,,
0,0.13793103448275862,0.5976722240447998,0,5ae6860e5542991bbc976112,,,,,
0,0.11764705882352941,0.3826932907104492,0,5ae1316555429901ffe4adda,,,,,
0,0,0.47411680221557617,0,5adfeb0555429942ec259b88,,,,,
0,0,0.11974787712097168,0,5ab5499e5542992aa134a295,,,,,
0,0.125,0.36545538902282715,0,5adeffa85542992d7e9f926f,,,,,
0,0,0.3629002571105957,0,5adfd2f255429925eb1afaa5,,,,,
0,0,0.137009859085083,0,5ae5b301554299546bf82f2d,,,,,
0,0,0.15628552436828613,0,5ab1eac95542993be8fa987f,,,,,
0,0,0.17605161666870117,0,5ae15e125542990adbacf773,,,,,
0,0,0.146315336227417,0,5a77beae5542992a6e59dfae,,,,,
0,0,0.11912393569946289,0,5ae1f5a15542997f29b3c1b5,,,,,
0,0,0.14226531982421875,0,5ade908b55429975fa854f13,,,,,
1,1.0,0.12786436080932617,0,5ab47cd75542991751b4d78d,,,,,
0,0,0.14253902435302734,0,5a79b7f6554299029c4b5f6f,,,,,
0,0,0.3754279613494873,0,5ab626d555429953192ad279,,,,,
0,0,0.3900928497314453,0,5a84873e5542997175ce1eec,,,,,
0,0.23529411764705882,0.4207279682159424,0,5ac537975542996feb3fea3c,,,,,
0,0.1,0.5059874057769775,0,5a8f45ca5542997ba9cb320e,,,,,
0,0.2,0.22628259658813477,0,5a8ac4085542992d82986f74,,,,,
0,0,0.44095778465270996,0,5a7b374c5542995eb53be8cc,,,,,
0,0,0.4198112487792969,0,5ab92e02554299753720f775,,,,,
0,0,0.11504650115966797,0,5ab58f9a554299488d4d99da,,,,,
0,0,0.28804898262023926,0,5adf860e5542993344016cbc,,,,,
0,0.10526315789473684,0.3786623477935791,0,5a7ad9865542995eb53be8aa,,,,,
0,0,0.14183831214904785,0,5a71443f5542994082a3e727,,,,,
0,0,0.4939119815826416,0,5a7cbf93554299452d57b9f5,,,,,
0,0.4,0.17087197303771973,0,5adf98215542993344016d19,,,,,
0,0,0.24376559257507324,0,5ae1fa2b5542997f29b3c1df,,,,,
0,0.16666666666666666,0.17276668548583984,0,5ae650fb55429929b0807b2e,,,,,
0,0,0.13112616539001465,0,5a85597c5542997175ce1fba,,,,,
0,0,0.2671375274658203,0,5ac19d4c55429963665198bb,,,,,
0,0.35294117647058826,0.31503820419311523,0,5ab611cc5542992aa134a411,,,,,
0,0,0.37746620178222656,0,5ab7c87d55429928e1fe38de,,,,,
0,0,0.1435854434967041,0,5ab4bea15542990594ba9cae,,,,,
0,0,0.36664795875549316,0,5ade9c9c5542997c77adee8c,,,,,
0,0,0.17275667190551758,0,5ae0d7315542990adbacf678,,,,,
0,0,0.38385963439941406,0,5ae1ba55554299234fd042d9,,,,,
0,0,0.20798182487487793,0,5a839c8b5542996488c2e479,,,,,
0,0.3333333333333333,0.23893451690673828,0,5abdd08d5542991f6610604c,,,,,
0,0.3333333333333333,0.15424799919128418,0,5ade190f55429975fa854e40,,,,,
1,1.0,0.13925576210021973,0,5a8cd381554299653c1aa12b,,,,,
0,0.6666666666666666,0.08612370491027832,0,5abd12bb55429933744ab703,,,,,
0,0.5,0.15869641304016113,0,5abb1e1b5542992ccd8e7f19,,,,,
0,0,0.2497866153717041,0,5adeb95d5542992fa25da827,,,,,
0,0,0.12767386436462402,0,5a8ba59a554299240d9c2058,,,,,
0,0,0.15216636657714844,0,5a7c53a855429935c91b515d,,,,,
0,0,0.128159761428833,0,5ae54eea5542993aec5ec19d,,,,,
0,0,0.32465529441833496,0,5a8026a05542992e7d278df8,,,,,
0,0,0.1869370937347412,0,5a7a27ce5542996c55b2dd28,,,,,
0,0.15384615384615385,0.30060529708862305,0,5ab9812d554299753720f821,,,,,
0,0,0.8617153167724609,0,5ac3b5d3554299741d48a2f3,,,,,
0,0,0.1294386386871338,0,5ab811e95542995dae37ea22,,,,,
0,0,0.14654064178466797,0,5a80541d5542996402f6a4d2,,,,,
0,0,0.21138310432434082,0,5ac2546a554299636651997b,,,,,
0,0,0.23147821426391602,0,5ab8f3235542991b5579f084,,,,,
1,1.0,0.11470651626586914,0,5ac31066554299741d48a19d,,,,,
0,0,0.4879119396209717,0,5ac279345542990b17b153b0,,,,,
0,0,0.16980791091918945,0,5adfc50355429942ec259b43,,,,,
0,0,0.1546154022216797,0,5ae5e1985542996de7b71a54,,,,,
0,0,0.4273083209991455,0,5a87411d5542994846c1cd37,,,,,
0,0,0.13035964965820312,0,5ab4107a554299753aec5a2f,,,,,
0,0,0.15964102745056152,0,5ae3d8415542992f92d8239a,,,,,
0,0,0.2024388313293457,0,5a88a19a5542997e5c09a64b,,,,,
0,0.3448275862068966,0.5332093238830566,0,5a7e1ad155429965cec5ea66,,,,,
0,0,1.016589641571045,0,5a745e1455429929fddd83fd,,,,,
0,0,0.1629030704498291,0,5a8ca7d4554299240d9c21b8,,,,,
0,0,0.16922235488891602,0,5a7ec90055429934daa2fc66,,,,,
0,0.25,0.19046449661254883,0,5a82112955429926c1cdae25,,,,,
1,1.0,0.1509850025177002,0,5a85a3005542991dd0999e72,,,,,
0,0,0.11893773078918457,0,5ab4475c5542996a3a969f6c,,,,,
0,0.2222222222222222,0.19241571426391602,0,5ac1a04e5542991316484b63,,,,,
0,0,0.3795783519744873,0,5ae09ce855429924de1b7113,,,,,
0,0.1739130434782609,0.39522504806518555,0,5a78bc6b554299148911f979,,,,,
0,0,0.18128633499145508,0,5ab2a8b655429929539467ab,,,,,
0,0.16666666666666669,0.2902412414550781,0,5a8a7d2b55429930ff3c0dfc,,,,,
0,0.19999999999999998,0.25671935081481934,0,5ae3f2395542995ad6573cc6,,,,,
1,1.0,0.1209867000579834,0,5a90bd7b55429916514e7547,,,,,
0,0,0.13856196403503418,0,5ae20e265542994d89d5b325,,,,,
0,0,0.22572612762451172,0,5abc039a5542993f40c73c49,,,,,
0,0,0.12310624122619629,0,5a77c74155429967ab105291,,,,,
0,0,0.13176655769348145,0,5ae48e7e55429913cc20449d,,,,,
0,0,0.10589146614074707,0,5abaf4535542996cc5e49f35,,,,,
0,0,0.335479736328125,0,5a901e5c55429933b8a2047c,,,,,
0,0.12903225806451613,0.5461053848266602,0,5ab528a3554299637185c4e5,,,,,
0,0,0.17527318000793457,0,5a88fc4255429938390d4019,,,,,
0,0.14285714285714288,0.26283788681030273,0,5ae0345855429924de1b705f,,,,,
0,0,0.14751482009887695,0,5ac1b5de5542994d76dccec6,,,,,
0,0,0.13771533966064453,0,5a82fe5055429966c78a6ad3,,,,,
0,0,0.4284956455230713,0,5a798f8c5542994bb9457023,,,,,
0,0.046511627906976744,0.7138183116912842,0,5add63845542992ae4cec541,,,,,
0,0,0.3163285255432129,0,5ababbe9554299232ef4a38a,,,,,
0,0,0.13452911376953125,0,5ae3205c55429928c423961e,,,,,
0,0.2222222222222222,0.294464111328125,0,5abcf2b4554299700f9d7937,,,,,
0,0,0.14789462089538574,0,5a8b4a5f55429949d91db531,,,,,
0,0,0.22971057891845703,0,5a79be0e5542994f819ef084,,,,,
0,0,0.11626362800598145,0,5ae69e3f5542996d980e7c61,,,,,
0,0.125,0.3522329330444336,0,5a8a495055429930ff3c0d6a,,,,,
0,0,0.4522993564605713,0,5a8c5c6f554299653c1aa04d,,,,,
0,0,0.1101832389831543,0,5a80ecea55429938b6142254,,,,,
0,0,0.13362812995910645,0,5a8242c155429940e5e1a81d,,,,,
0,0,0.30325913429260254,0,5a7cef5d55429909bec768ac,,,,,
0,0.1111111111111111,0.2906639575958252,0,5a7319e755429901807daf86,,,,,
0,0,0.24688458442687988,0,5ae1d0e8554299234fd0430a,,,,,
0,0,0.8084709644317627,0,5ade99295542992fa25da7d8,,,,,
0,0,0.1419053077697754,0,5a734bb65542994cef4bc50f,,,,,
0,0,0.26587939262390137,0,5abe7eb05542993f32c2a12c,,,,,
0,0,0.11505532264709473,0,5a84f7255542991dd0999e33,,,,,
0,0.14285714285714288,0.30406665802001953,0,5a70f1685542994082a3e40f,,,,,
0,0,0.1254725456237793,0,5ae0de1455429924de1b71b4,,,,,
0,0,0.3982996940612793,0,5ae4a2b25542995ad6573de0,,,,,
0,0,0.13385462760925293,0,5abd9c2355429924427fd06c,,,,,
0,0.5,0.11789345741271973,0,5a74701655429979e2882952,,,,,
0,0,0.14724397659301758,0,5ab7f7465542993667794071,,,,,
0,0.5714285714285715,0.22171735763549805,0,5a7a6ee75542996c55b2ddac,,,,,
0,0,0.2291712760925293,0,5a85fa815542996432c57155,,,,,
0,0,0.42401599884033203,0,5ae27f555542992decbdcd30,,,,,
0,0.23529411764705882,0.4020497798919678,0,5ade3d75554299728e26c68b,,,,,
0,0,0.2606639862060547,0,5ae236da5542994d89d5b397,,,,,
0,0,0.21144938468933105,0,5adfad2b554299603e41835c,,,,,
0,0,0.26059865951538086,0,5abbc58455429931dba14502,,,,,
0,0.13333333333333333,0.353015661239624,0,5a861fa75542994775f60706,,,,,
0,0,0.23807120323181152,0,5a888fe6554299206df2b2f7,,,,,
0,0,0.13790631294250488,0,5ab865235542992aa3b8c8db,,,,,
0,0.13333333333333333,0.34915947914123535,0,5ae064985542993d6555eb47,,,,,
0,0,0.1274428367614746,0,5ae531a95542990ba0bbb1fc,,,,,
0,0,0.1157224178314209,0,5ae533535542993aec5ec173,,,,,
0,0,0.34130334854125977,0,5adebea1554299728e26c7b6,,,,,
0,0.4444444444444445,0.21531271934509277,0,5adfdc7d55429942ec259b64,,,,,
0,0,0.8645846843719482,0,5adbe9fa55429944faac23ba,,,,,
0,0.25,0.24266552925109863,0,5ae31bbd55429928c42395fc,,,,,
0,0,0.23980975151062012,0,5ae2120e5542997283cd23ad,,,,,
0,0.8,0.14887642860412598,0,5a9052765542995651fb513d,,,,,
0,0,0.14577078819274902,0,5ae6795855429908198fa5e4,,,,,
0,0.1,0.3278508186340332,0,5a84e61b5542997b5ce3ff86,,,,,
0,0.07692307692307693,0.4025125503540039,0,5ab266b5554299340b5254b4,,,,,
0,0.4,0.19377493858337402,0,5ab5ec0a5542997d4ad1f250,,,,,
0,0,0.11224889755249023,0,5a72a9ab5542992359bc315a,,,,,
0,0.15384615384615385,0.31134939193725586,0,5a848b5c5542997175ce1ef2,,,,,
0,0,0.27262425422668457,0,5ab467975542991751b4d75f,,,,,
0,0,0.1292412281036377,0,5a75ebfc5542992d0ec06018,,,,,
0,0,0.14587998390197754,0,5a7cdd6b55429909bec76858,,,,,
0,0,0.42279696464538574,0,5a8209845542990a1d231f1f,,,,,
0,0,0.20184540748596191,0,5a726b0f5542997f827839be,,,,,
0,0,0.19082403182983398,0,5ac2616b5542996366519997,,,,,
0,0,0.31025171279907227,0,5ae4f3c455429960a22e0221,,,,,
0,0,0.32407498359680176,0,5a8b4ec155429949d91db53f,,,,,
0,0,0.1360301971435547,0,5ac52f455542996feb3fea12,,,,,
0,0,0.10737991333007812,0,5ab438395542990594ba9bb9,,,,,
0,0,0.407421350479126,0,5a81a7f75542995ce29dcc25,,,,,
0,0,0.24750518798828125,0,5add98985542990dbb2f7e82,,,,,
0,0.2857142857142857,0.34987974166870117,0,5ae1465855429920d5234373,,,,,
0,0.18181818181818182,0.34421777725219727,0,5a721d5a55429971e9dc9283,,,,,
0,0,0.5474679470062256,0,5ae7ea695542994a481bbe17,,,,,
0,0,0.1736292839050293,0,5ae7eb3c5542994a481bbe20,,,,,
0,0.375,0.2803678512573242,0,5adf69055542995534e8c7a4,,,,,
0,0,0.1422863006591797,0,5a806cdf5542996402f6a508,,,,,
0,0,0.12221932411193848,0,5a78d01d55429974737f78b3,,,,,
0,0,0.35076141357421875,0,5adf62d05542992d7e9f932d,,,,,
0,0,0.40931034088134766,0,5a8b3fe85542995d1e6f1323,,,,,
0,0,0.12466859817504883,0,5a7dedef5542995f4f40231a,,,,,
0,0,0.30673813819885254,0,5a88c68d55429938390d3fba,,,,,
0,0,0.10700154304504395,0,5abc0bea554299658360040d,,,,,
0,0.11764705882352941,0.3106117248535156,0,5abb2f245542996cc5e49fd2,,,,,
0,0,0.46146225929260254,0,5a72f74a55429901807daf59,,,,,
0,0,0.35500621795654297,0,5ae0a54e5542993d6555ebdd,,,,,
0,0,0.13884663581848145,0,5a866e7e554299211dda2b29,,,,,
0,0,0.3211097717285156,0,5abaf6865542996cc5e49f3c,,,,,
0,0,0.11742067337036133,0,5ae534bb5542990ba0bbb21d,,,,,
0,0,0.15606403350830078,0,5ae327e05542992f92d82220,,,,,
0,0,0.15167737007141113,0,5abebbe65542997719eab59d,,,,,
0,0.3076923076923077,0.28795886039733887,0,5ab5e9865542992aa134a3db,,,,,
0,0,0.7545249462127686,0,5a7a112a5542990783324e2b,,,,,
0,0.5,0.12903714179992676,0,5adf430e5542993a75d2645e,,,,,
0,0,0.09570693969726562,0,5a779be75542995d83181215,,,,,
0,0,0.12691521644592285,0,5a809b575542996402f6a59c,,,,,
0,0.125,0.3273606300354004,0,5abed9435542994516f45457,,,,,
0,0,0.3658430576324463,0,5adf4ba65542992d7e9f931c,,,,,
0,0,0.2515592575073242,0,5ae491155542995ad6573da3,,,,,
0,0,0.47625160217285156,0,5ac440385542997ea680ca4e,,,,,
1,1.0,0.13297414779663086,0,5a84d80c5542992a431d1ab5,,,,,
0,0.4,0.15804362297058105,0,5ae7945d5542997b22f6a7ba,,,,,
0,0,0.241102933883667,0,5ab98608554299131ca42362,,,,,
0,0,0.12985992431640625,0,5ab3eeb5554299233954fff4,,,,,
0,0,0.12998294830322266,0,5a7ce50f55429909bec76869,,,,,
0,0.1818181818181818,0.2854034900665283,0,5a8fa4d95542995b4424207b,,,,,
0,0,0.12367892265319824,0,5a72ba165542992359bc318a,,,,,
0,0,0.30821728706359863,0,5a85ae455542997175ce1ff0,,,,,
0,0.26666666666666666,0.25600647926330566,0,5a8bbfb15542995e66a474f6,,,,,
0,0,0.10900688171386719,0,5ac240ef55429951e9e684ef,,,,,
0,0.6666666666666666,0.15584611892700195,0,5ab72b5c5542993667793f63,,,,,
0,0,0.5066790580749512,0,5ab3af70554299233954ff81,,,,,
0,0,0.16985797882080078,0,5ae320a95542991a06ce992e,,,,,
0,0.19999999999999998,0.2882881164550781,0,5ae28b76554299495565daa8,,,,,
0,0,0.2755160331726074,0,5ab6a8b5554299710c8d1f30,,,,,
0,0,0.2575037479400635,0,5a8b8f5b55429949d91db5e1,,,,,
0,0.125,0.3658332824707031,0,5ae829ea5542997ec2727738,,,,,
0,0,0.2885749340057373,0,5aba14195542994dbf0198a9,,,,,
0,0.15384615384615385,0.27658629417419434,0,5ae370295542992e3233c402,,,,,
0,0,0.4779946804046631,0,5abdba405542993f32c2a023,,,,,
0,0.2222222222222222,0.1916804313659668,0,5a855b5c5542997b5ce3ffeb,,,,,
0,0.10526315789473684,0.40461039543151855,0,5adf734b5542995ec70e9016,,,,,
0,0,0.18169736862182617,0,5a81ca835542990a1d231ebd,,,,,
0,0,1.1374537944793701,0,5abba581554299642a094af9,,,,,
0,0,0.13484430313110352,0,5a887f5c554299206df2b2c0,,,,,
0,0,0.18453383445739746,0,5a80956e5542996402f6a579,,,,,
0,0.3333333333333333,0.18468046188354492,0,5ac2efd65542990b17b154c7,,,,,
0,0,0.10781550407409668,0,5a7af32e55429931da12c99c,,,,,
0,0,0.16880154609680176,0,5a7c9d2e55429935c91b5261,,,,,
0,0.3333333333333333,0.11190247535705566,0,5a8752955542994775f607d1,,,,,
0,0,0.33316659927368164,0,5ae3e2455542994393b9e78c,,,,,
0,0,0.3124806880950928,0,5abd552555429933744ab776,,,,,
0,0.13333333333333333,0.2655785083770752,0,5ac048cc554299294b218f73,,,,,
0,0,0.7856285572052002,0,5ac048ea554299294b218f74,,,,,
0,0.28571428571428575,0.11555838584899902,0,5ab474135542991751b4d77b,,,,,
0,0,0.12685823440551758,0,5a711cb45542994082a3e59f,,,,,
0,0,0.36501407623291016,0,5ae60db1554299546bf83041,,,,,
0,0,0.32512569427490234,0,5a8b81bc55429949d91db5b8,,,,,
0,0,0.20247220993041992,0,5a73bcf055429978a71e909c,,,,,
0,0.6666666666666666,0.20330500602722168,0,5ae1436e55429901ffe4ae31,,,,,
0,0,0.17780852317810059,0,5ab207f65542993be8fa98b8,,,,,
0,0,0.3169126510620117,0,5a7766b15542993569682d7e,,,,,
0,0,0.5592114925384521,0,5ac1a3fa5542991316484b7d,,,,,
0,0,0.18151283264160156,0,5a790f5e55429970f5fffe40,,,,,
0,0,0.28539562225341797,0,5add10ca5542994ed6169c59,,,,,
0,0,0.1654071807861328,0,5ae1b2b9554299422ee99684,,,,,
0,0,0.2019786834716797,0,5a7f81425542992097ad2f8e,,,,,
1,1.0,0.12692737579345703,0,5a817f6655429938b6142349,,,,,
0,0,0.32834887504577637,0,5ab6ddb655429953192ad39e,,,,,
1,1.0,0.13117027282714844,0,5a76cb9b55429966f1a36bf2,,,,,
0,0,0.6140651702880859,0,5ae4808455429970de88d990,,,,,
0,0,0.1487276554107666,0,5ab7f6d35542993667794070,,,,,
0,0,0.11394238471984863,0,5abe86365542993f32c2a14d,,,,,
0,0,0.1278538703918457,0,5a7571095542992d0ec05f97,,,,,
0,0,0.25628018379211426,0,5adcfbf45542990d50227d86,,,,,
0,0,0.12473654747009277,0,5ab30d1155429976abd1bc3d,,,,,
0,0.13333333333333333,0.32030248641967773,0,5ae6069c55429929b0807a67,,,,,
0,0.15384615384615385,0.2785625457763672,0,5a711c535542994082a3e59b,,,,,
0,0,0.36977481842041016,0,5adf85e05542993344016cba,,,,,
0,0.1111111111111111,0.37512850761413574,0,5a77897f55429949eeb29edc,,,,,
0,0,0.12067151069641113,0,5ae10a5b55429920d52342a0,,,,,
0,0.8,0.1316545009613037,0,5ab639e65542995eadeeff7f,,,,,
0,0,0.3393073081970215,0,5a8bae135542996e8ac889b6,,,,,
0,0,0.37043070793151855,0,5a75e33855429976ec32bc74,,,,,
0,0,0.15707612037658691,0,5ae363ff5542992f92d822bc,,,,,
1,1.0,0.1256418228149414,0,5ac0e6fa5542996f0d89cc35,,,,,
0,0,0.10785913467407227,0,5ade6b67554299728e26c71c,,,,,
0,0,0.32834744453430176,0,5ae0c7e755429945ae95944c,,,,,
0,0.4,0.2065746784210205,0,5a78f753554299078472776e,,,,,
0,0,0.13064217567443848,0,5adcde255542992c1e3a243f,,,,,
0,0,0.3101644515991211,0,5ae73d505542991e8301cc2c,,,,,
0,0,0.220200777053833,0,5ae18d615542997283cd2229,,,,,
0,0,0.110443115234375,0,5ac3ad7f5542995ef918c1de,,,,,
0,0,0.20258283615112305,0,5ab9d44255429939ce03dc36,,,,,
0,0.2222222222222222,0.2465963363647461,0,5a863b27554299211dda2ab6,,,,,
0,0,0.1915292739868164,0,5a79118755429974737f7962,,,,,
1,1.0,0.14516210556030273,0,5abfa9745542997ec76fd426,,,,,
0,0,0.43641090393066406,0,5abfc8675542993fe9a41e52,,,,,
0,0.33333333333333337,0.19170403480529785,0,5a866c04554299211dda2b25,,,,,
0,0,0.34409117698669434,0,5a80c74f554299260e20a158,,,,,
0,0,0.11876201629638672,0,5ae5691055429960a22e02f3,,,,,
0,0,0.3415036201477051,0,5ab1d983554299340b52540a,,,,,
0,0,0.14341473579406738,0,5ab28e2a5542993be8fa9947,,,,,
0,0,0.3440284729003906,0,5ab9547755429970cfb8ea6c,,,,,
0,0,0.12305760383605957,0,5a7ce0bc55429909bec76863,,,,,
0,0,0.13354897499084473,0,5ae17daa55429901ffe4aea9,,,,,
0,0.14285714285714285,0.24451541900634766,0,5ae7c5ef5542993210983f44,,,,,
0,0.13333333333333333,0.2924685478210449,0,5a7313865542994cef4bc442,,,,,
0,0,0.1341230869293213,0,5adccf645542990d50227d32,,,,,
0,0,0.11423087120056152,0,5ac176555542994d76dcce47,,,,,
0,0,0.33664727210998535,0,5abbf3845542993f40c73c2e,,,,,
0,0.13333333333333333,0.35759997367858887,0,5a8781b65542993e715abf8f,,,,,
0,0.15384615384615385,0.31538891792297363,0,5a807ea1554299485f598624,,,,,
0,0,0.18522429466247559,0,5a8ec7cc5542995a26add518,,,,,
0,0.09523809523809525,0.4826779365539551,0,5a7a978555429941d65f26db,,,,,
0,0,0.36428093910217285,0,5a7fc70155429969796c1b59,,,,,
0,0,0.544743537902832,0,5ab84d5a55429916710eb028,,,,,
0,0,0.32576608657836914,0,5a7f392b55429934daa2fd26,,,,,
0,0.15384615384615385,0.3351473808288574,0,5a877dd65542993e715abf79,,,,,
0,0.14285714285714288,0.30821919441223145,0,5a8b99c355429950cd6afd28,,,,,
0,0.13333333333333333,0.41045451164245605,0,5a8e2ba05542995085b373b8,,,,,
0,0,0.10677766799926758,0,5a74581555429979e2882912,,,,,
0,0,0.3679020404815674,0,5ac1d40c5542994d76dccef5,,,,,
0,0.25,0.15949440002441406,0,5a7c6b6655429935c91b519a,,,,,
0,0,0.21940946578979492,0,5a73522d5542994cef4bc541,,,,,
0,0.5714285714285715,0.141021728515625,0,5a822a5e55429926c1cdae43,,,,,
1,1.0,0.1334388256072998,0,5a7b1023554299042af8f6c2,,,,,
0,0,0.1266956329345703,0,5a84574455429933447460e6,,,,,
0,0,0.19235563278198242,0,5a89a02955429946c8d6e975,,,,,
0,0,0.23960041999816895,0,5abdf1fe55429976d4830a31,,,,,
0,0.4,0.10947847366333008,0,5ae1e9fd5542997f29b3c1a1,,,,,
0,0,0.344592809677124,0,5a77b0395542997042120ae1,,,,,
0,0,0.845576286315918,0,5a79c8fa5542994bb94570a1,,,,,
0,0.1111111111111111,0.33966755867004395,0,5ae21937554299234fd043d3,,,,,
0,0.5714285714285715,0.3111560344696045,0,5a7cdcbf55429907fabef04f,,,,,
0,0,0.0988607406616211,0,5ac51a055542994611c8b390,,,,,
0,0,0.5596718788146973,0,5a78c7db55429974737f7882,,,,,
0,0,0.18149805068969727,0,5a82e25555429954d2e2ebbf,,,,,
0,0,0.2158968448638916,0,5ab42b8955429942dd415ea6,,,,,
0,0,0.16566944122314453,0,5a8db916554299441c6ba057,,,,,
0,0,0.12438726425170898,0,5a79ca585542996c55b2dc71,,,,,
0,0.6666666666666666,0.13185429573059082,0,5abd6cb955429933744ab7cd,,,,,
0,0.25,0.28804588317871094,0,5a7642f7554299109176e6e8,,,,,
0,0,0.14864420890808105,0,5a88a42f554299206df2b317,,,,,
0,0,0.3491175174713135,0,5a8c90db554299653c1aa0bf,,,,,
0,0,0.16821885108947754,0,5a763986554299109176e6bd,,,,,
0,0,0.4670383930206299,0,5a7cc0d4554299452d57ba07,,,,,
0,0,0.26643991470336914,0,5a86113355429960ec39b618,,,,,
0,0,0.12329530715942383,0,5a722fae55429971e9dc9343,,,,,
0,0,0.3938918113708496,0,5a7af4cd55429931da12c9a6,,,,,
0,0.8,0.1314234733581543,0,5a7d9bc65542990b8f5039cb,,,,,
0,0,0.15252923965454102,0,5adbd70c55429947ff173843,,,,,
0,0,0.35460638999938965,0,5a7e04b05542995f4f40238a,,,,,
0,0,0.37580037117004395,0,5a90b6985542990a984936c2,,,,,
0,0,0.44704389572143555,0,5ae164685542997b2ef7d1cb,,,,,
0,0,0.42003774642944336,0,5a86fde6554299211dda2b7f,,,,,
0,0.3333333333333333,0.2440650463104248,0,5a802e135542992bc0c4a6c7,,,,,
0,0,0.13721609115600586,0,5ac31456554299741d48a1b4,,,,,
0,0.2222222222222222,0.25213146209716797,0,5ae0a6ea5542993d6555ebe9,,,,,
0,0,0.26061582565307617,0,5a872e8e5542991e7718170c,,,,,
0,0,0.13838553428649902,0,5a7265825542997f827839a3,,,,,
0,0.3333333333333333,0.20609664916992188,0,5abe2b0155429976d4830a83,,,,,
0,0.10526315789473684,0.3630514144897461,0,5ae135fb55429920d523431f,,,,,
0,0,0.26792287826538086,0,5a8f0a01554299458435d539,,,,,
0,0,0.1400439739227295,0,5ab40e1c5542996a3a969f00,,,,,
0,0,0.36585474014282227,0,5ab28c89554299340b525513,,,,,
1,1.0,0.11951422691345215,0,5a87e3d65542993e715abff8,,,,,
0,0,0.14122819900512695,0,5addfc425542997dc7907101,,,,,
0,0,0.12327790260314941,0,5ab576dc5542997d4ad1f13d,,,,,
0,0.33333333333333337,0.18964338302612305,0,5a8d8eb5554299068b959d3a,,,,,
0,0,0.12352967262268066,0,5ac5101455429924173fb592,,,,,
0,0,0.344193696975708,0,5ab91f98554299753720f70d,,,,,
0,0,0.4644186496734619,0,5ae6371155429929b0807af1,,,,,
0,0,0.2583756446838379,0,5ac1bff05542994ab5c67dfc,,,,,
0,0,0.13780832290649414,0,5a7c2f145542996dd594b8b4,,,,,
0,0.4,0.14203906059265137,0,5a81e4e8554299676cceb140,,,,,
0,0.13333333333333336,0.3095858097076416,0,5a83041355429966c78a6ae8,,,,,
1,1.0,0.13332867622375488,0,5ab7fa7b5542992aa3b8c897,,,,,
0,0.11764705882352941,0.3222367763519287,0,5a8cee9b554299441c6b9f87,,,,,
0,0,0.11396574974060059,0,5ab67bf255429954757d32f5,,,,,
0,0,0.08924651145935059,0,5a77d65055429949eeb29f7b,,,,,
1,1.0,0.10502314567565918,0,5a7f3f7c55429934daa2fd45,,,,,
0,0,0.12845110893249512,0,5ade811e5542992fa25da7a0,,,,,
0,0,0.535757303237915,0,5a7633ff5542994ccc918712,,,,,
0,0.25,0.22432208061218262,0,5a88a1475542997e5c09a646,,,,,
0,0.22222222222222224,0.2569692134857178,0,5a8887a055429938390d3f72,,,,,
0,0,0.15334224700927734,0,5a86399e5542994775f60733,,,,,
0,0,0.2885873317718506,0,5a84c0765542991dd0999dd9,,,,,
1,1.0,0.10848689079284668,0,5adf17f95542995ec70e8f6c,,,,,
0,0.28571428571428575,0.24856972694396973,0,5a7f5ab65542995d8a8dde43,,,,,
0,0,0.3570218086242676,0,5a8cec13554299441c6b9f7d,,,,,
0,0,0.2598268985748291,0,5abce9ca554299114383a193,,,,,
0,0,0.21575450897216797,0,5a7a1b845542990783324e5f,,,,,
0,0.33333333333333337,0.28896355628967285,0,5a7363ec5542991f29ee2dd7,,,,,
1,1.0,0.14698386192321777,0,5a77321355429972597f1493,,,,,
0,0,0.11479473114013672,0,5ab5cd4f554299488d4d9a31,,,,,
0,0,0.15135669708251953,0,5a83411655429966c78a6b5d,,,,,
0,0,0.3041684627532959,0,5a8d50fb55429941ae14dfa2,,,,,
0,0,0.4278280735015869,0,5ae80919554299540e5a56f6,,,,,
0,0,0.12875843048095703,0,5ab2b8fe5542991669774070,,,,,
0,0,0.11280083656311035,0,5a8d0efd5542994ba4e3dbc6,,,,,
0,0.6666666666666666,0.16473889350891113,0,5a7125b95542994082a3e5d5,,,,,
0,0.4,0.1307816505432129,0,5a8a6a2155429930ff3c0dd0,,,,,
0,0,0.1268010139465332,0,5ae834e95542997ec272776a,,,,,
0,0,0.24002552032470703,0,5a7ab51055429927d897bef6,,,,,
0,0.08,0.44060349464416504,0,5ae250b45542996483e64977,,,,,
0,0,0.12390542030334473,0,5a733c925542991f9a20c6b7,,,,,
0,0.22222222222222224,0.24164390563964844,0,5a7e5ec25542991319bc947a,,,,,
0,0.14285714285714285,0.26973700523376465,0,5adbf2805542994650320c15,,,,,
0,0,0.19208312034606934,0,5a845e9055429933447460ec,,,,,
0,0,0.13834857940673828,0,5a820c0c554299676cceb1fc,,,,,
0,0.05405405405405406,0.5549824237823486,0,5a88bd1d554299206df2b357,,,,,
0,0,0.26094555854797363,0,5a79332555429907847277e7,,,,,
0,0,0.14145946502685547,0,5abd516a5542992ac4f3825c,,,,,
0,0,0.12752699851989746,0,5add26075542994ed6169c9c,,,,,
0,0,0.1403968334197998,0,5a901f735542990a98493591,,,,,
0,0.07692307692307691,0.6374449729919434,0,5ab840e255429934fafe6d3b,,,,,
0,0,0.12164878845214844,0,5ac3d4b6554299204fd21e93,,,,,
0,0.24000000000000002,0.4292905330657959,0,5a73b2cb55429908901be31a,,,,,
0,0,0.1333937644958496,0,5ac29cf8554299218029dac2,,,,,
0,0,0.1140284538269043,0,5ae686535542996d980e7bdc,,,,,
0,0.3333333333333333,0.1640453338623047,0,5a8aa1685542992d82986f32,,,,,
0,0,0.11398553848266602,0,5a7d7deb5542995f4f402282,,,,,
0,0,0.4570140838623047,0,5a8c622a554299240d9c2142,,,,,
0,0.3333333333333333,0.17992186546325684,0,5a7b81715542997c3ec971d4,,,,,
0,0,0.1275618076324463,0,5ae0c29c5542993d6555ec46,,,,,
0,0.16666666666666669,0.26966333389282227,0,5a7c290c5542990527d55468,,,,,
0,0,0.23444008827209473,0,5a876f785542993e715abf42,,,,,
0,0,0.19529294967651367,0,5ae1e6d95542997283cd22c3,,,,,
0,0,0.26869916915893555,0,5ae10df355429920d52342ac,,,,,
0,0,0.1211702823638916,0,5ae4d8475542993aec5ec0e0,,,,,
0,0,0.3647592067718506,0,5ab94cf0554299743d22eade,,,,,
0,0,0.13734889030456543,0,5ae479745542996836b02cb1,,,,,
0,0,0.11138343811035156,0,5a852cd05542997b5ce3ffb0,,,,,
1,1.0,0.13056540489196777,0,5a8babf05542996e8ac8899e,,,,,
0,0,0.4266653060913086,0,5a82fcbd55429954d2e2ebe8,,,,,
0,0.2222222222222222,0.1638491153717041,0,5a77c60255429967ab105285,,,,,
0,0,0.2633965015411377,0,5adf39ce5542995534e8c76d,,,,,
0,0,0.47797727584838867,0,5ae694a15542991bbc976141,,,,,
0,0,0.13207316398620605,0,5ae13bca55429901ffe4ae17,,,,,
0,0,0.21395587921142578,0,5a8a265b5542992d82986ecc,,,,,
0,0.10526315789473684,0.14350461959838867,0,5a77121a5542994aec3b71db,,,,,
0,0,0.40065431594848633,0,5ae6911955429908198fa626,,,,,
0,0,0.22926902770996094,0,5ae53de455429908b6326599,,,,,
0,0,0.16396832466125488,0,5a813b6f55429903bc27b951,,,,,
0,0,0.21559882164001465,0,5a84b4005542991dd0999d99,,,,,
0,0.09523809523809525,0.4106016159057617,0,5a8cca64554299653c1aa125,,,,,
1,1.0,0.15932941436767578,0,5ab8ed305542991b5579f046,,,,,
0,0,0.13693571090698242,0,5ae0b2f25542993d6555ec1c,,,,,
0,0,0.18675756454467773,0,5ae207a65542994d89d5b317,,,,,
0,0.5,0.17702984809875488,0,5a75383a5542996c70cfaeb3,,,,,
0,0.16666666666666669,0.2733590602874756,0,5ae3fd2c5542995dadf2428f,,,,,
0,0,0.250194787979126,0,5abffd10554299012d1db556,,,,,
0,0,0.40044283866882324,0,5a8f812755429918e830d245,,,,,
0,0.1904761904761905,0.36157846450805664,0,5ae520315542993aec5ec152,,,,,
0,0,0.14799928665161133,0,5a7631cd5542994ccc91870c,,,,,
0,0,0.2229924201965332,0,5ac26eed55429951e9e685bf,,,,,
0,0.4,0.2081289291381836,0,5a7e37095542995ed0d166d5,,,,,
0,0.2222222222222222,0.22815465927124023,0,5adf72d35542992d7e9f9369,,,,,
0,0,0.1164407730102539,0,5a876b265542993e715abf33,,,,,
0,0,0.21449851989746094,0,5a77ddb855429967ab1052d8,,,,,
0,0,0.39048027992248535,0,5adcc3ed5542994d58a2f6c4,,,,,
0,0,0.12067055702209473,0,5a76f5b155429972597f1400,,,,,
0,0,0.22649908065795898,0,5ae2c696554299495565db32,,,,,
0,0,0.31441211700439453,0,5a875154554299211dda2be7,,,,,
1,1.0,0.12233567237854004,0,5a84cf175542992a431d1aa2,,,,,
0,0.15384615384615385,0.27077531814575195,0,5adbf0a255429947ff17385a,,,,,
0,0.2222222222222222,0.2850148677825928,0,5a8e3ea95542995a26add48d,,,,,
0,0.13333333333333336,0.2993929386138916,0,5abd94525542992ac4f382d2,,,,,
0,0,0.475827693939209,0,5a8b57f25542995d1e6f1371,,,,,
0,0.25,0.22918391227722168,0,5a8c7595554299585d9e36b6,,,,,
0,0,0.17699670791625977,0,5a85ea095542994775f606a8,,,,,
